run_id,t_s,wall_time,load_target_Nm,payload_kg,q_deg,q_err_deg,tau_grav_Nm,pos1,load1_pct,volt1,temp1_C,pos2,load2_pct,volt2,temp2_C,q2_deg,dq12_deg,comm_fail,abort_reason,note
PRE-1,0.0009,1789818689.308,5.0,1.32,-14.114,0.192,5.235,1631,4.0,15.0,35,2443,-5.6000000000000005,14.9,36,-13.845,-0.268,0,,
PRE-1,0.021,1789818689.328,5.0,1.32,-14.114,0.192,5.235,1631,4.0,15.0,35,2443,-5.6000000000000005,14.9,36,-13.845,-0.268,0,,
PRE-1,0.041,1789818689.348,5.0,1.32,-14.114,0.192,5.235,1631,4.0,15.0,35,2443,-5.6000000000000005,14.9,36,-13.845,-0.268,0,,
PRE-1,0.0609,1789818689.368,5.0,1.32,-14.114,0.192,5.235,1631,4.0,15.0,35,2443,-5.6000000000000005,14.9,36,-13.845,-0.268,0,,
PRE-1,0.0809,1789818689.388,5.0,1.32,-14.114,0.192,5.235,1631,4.0,15.0,35,2443,-5.6000000000000005,14.9,36,-13.845,-0.268,0,,
PRE-1,0.101,1789818689.408,5.0,1.32,-14.114,0.192,5.235,1631,4.0,15.0,35,2443,-5.6000000000000005,14.9,36,-13.845,-0.268,0,,
PRE-1,0.121,1789818689.428,5.0,1.32,-14.114,0.192,5.235,1631,4.0,15.0,35,2443,-5.6000000000000005,14.9,36,-13.845,-0.268,0,,
PRE-1,0.1412,1789818689.448,5.0,1.32,-14.114,0.192,5.235,1631,4.0,14.9,35,2443,-5.6000000000000005,14.9,36,-13.845,-0.268,0,,
PRE-1,0.1611,1789818689.468,5.0,1.32,-14.114,0.192,5.235,1631,4.0,14.9,35,2443,-5.6000000000000005,14.9,36,-13.845,-0.268,0,,
PRE-1,0.1811,1789818689.488,5.0,1.32,-14.114,0.192,5.235,1631,4.0,14.9,35,2443,-5.6000000000000005,14.9,36,-13.845,-0.268,0,,
PRE-1,0.2009,1789818689.508,5.0,1.32,-14.114,0.192,5.235,1631,4.0,14.9,35,2443,-5.6000000000000005,14.9,36,-13.845,-0.268,0,,
PRE-1,0.2209,1789818689.528,5.0,1.32,-14.114,0.192,5.235,1631,4.0,14.9,35,2443,-5.6000000000000005,14.9,36,-13.845,-0.268,0,,
PRE-1,0.2411,1789818689.548,5.0,1.32,-14.114,0.192,5.235,1631,4.0,14.9,35,2443,-5.6000000000000005,14.9,36,-13.845,-0.268,0,,
PRE-1,0.2612,1789818689.568,5.0,1.32,-14.114,0.192,5.235,1631,4.0,15.0,35,2443,-5.6000000000000005,14.9,36,-13.845,-0.268,0,,
PRE-1,0.281,1789818689.588,5.0,1.32,-14.114,0.192,5.235,1631,4.0,15.0,35,2443,-5.6000000000000005,14.9,36,-13.845,-0.268,0,,
PRE-1,0.3009,1789818689.608,5.0,1.32,-14.114,0.192,5.235,1631,4.0,15.0,35,2443,-5.6000000000000005,14.9,36,-13.845,-0.268,0,,
PRE-1,0.3211,1789818689.628,5.0,1.32,-14.114,0.192,5.235,1631,4.0,15.0,35,2443,-5.6000000000000005,14.9,36,-13.845,-0.268,0,,
PRE-1,0.3411,1789818689.648,5.0,1.32,-14.114,0.192,5.235,1631,4.0,15.0,35,2443,-5.6000000000000005,14.9,36,-13.845,-0.268,0,,
PRE-1,0.3611,1789818689.668,5.0,1.32,-14.114,0.192,5.235,1631,4.0,15.0,35,2443,-5.6000000000000005,14.9,36,-13.845,-0.268,0,,
PRE-1,0.381,1789818689.688,5.0,1.32,-14.114,0.192,5.235,1631,4.0,15.0,35,2443,-5.6000000000000005,14.9,36,-13.845,-0.268,0,,
PRE-1,0.401,1789818689.708,5.0,1.32,-14.114,0.192,5.235,1631,4.0,15.0,35,2443,-5.6000000000000005,14.9,36,-13.845,-0.268,0,,
PRE-1,0.4211,1789818689.728,5.0,1.32,-14.114,0.192,5.235,1631,4.0,15.0,35,2443,-5.6000000000000005,14.9,36,-13.845,-0.268,0,,
PRE-1,0.441,1789818689.748,5.0,1.32,-14.114,0.192,5.235,1631,4.0,15.0,35,2443,-5.6000000000000005,14.9,36,-13.845,-0.268,0,,
PRE-1,0.4609,1789818689.768,5.0,1.32,-14.114,0.192,5.235,1631,4.0,15.0,35,2443,-5.6000000000000005,14.9,36,-13.845,-0.268,0,,
PRE-1,0.4809,1789818689.788,5.0,1.32,-14.114,0.192,5.235,1631,4.0,15.0,35,2443,-5.6000000000000005,14.9,36,-13.845,-0.268,0,,
PRE-1,0.5009,1789818689.808,5.0,1.32,-14.114,0.192,5.235,1631,4.0,15.0,35,2443,-5.6000000000000005,14.9,36,-13.845,-0.268,0,,
PRE-1,0.5209,1789818689.828,5.0,1.32,-14.114,0.192,5.235,1631,4.0,15.0,35,2443,-5.6000000000000005,14.9,36,-13.845,-0.268,0,,
PRE-1,0.5409,1789818689.848,5.0,1.32,-14.114,0.192,5.235,1631,4.0,15.0,35,2443,-5.6000000000000005,14.9,36,-13.845,-0.268,0,,
PRE-1,0.5609,1789818689.868,5.0,1.32,-14.114,0.192,5.235,1631,4.0,15.0,35,2443,-5.6000000000000005,14.9,36,-13.845,-0.268,0,,
PRE-1,0.5809,1789818689.888,5.0,1.32,-14.114,0.192,5.235,1631,4.0,15.0,35,2443,-5.6000000000000005,14.9,36,-13.845,-0.268,0,,
PRE-1,0.6011,1789818689.908,5.0,1.32,-14.114,0.192,5.235,1631,4.0,15.0,35,2443,-5.6000000000000005,14.9,36,-13.845,-0.268,0,,
PRE-1,0.6209,1789818689.928,5.0,1.32,-14.114,0.192,5.235,1631,4.0,15.0,35,2443,-5.6000000000000005,14.9,36,-13.845,-0.268,0,,
PRE-1,0.6409,1789818689.948,5.0,1.32,-14.114,0.192,5.235,1631,4.0,15.0,35,2443,-5.6000000000000005,14.9,36,-13.845,-0.268,0,,
PRE-1,0.6611,1789818689.968,5.0,1.32,-14.114,0.192,5.235,1631,4.0,15.0,35,2443,-5.6000000000000005,14.9,36,-13.845,-0.268,0,,
PRE-1,0.6811,1789818689.988,5.0,1.32,-14.114,0.192,5.235,1631,4.0,15.0,35,2443,-5.6000000000000005,14.9,36,-13.845,-0.268,0,,
PRE-1,0.701,1789818690.008,5.0,1.32,-14.114,0.192,5.235,1631,4.0,15.0,35,2443,-5.6000000000000005,14.9,36,-13.845,-0.268,0,,
PRE-1,0.721,1789818690.028,5.0,1.32,-14.114,0.192,5.235,1631,4.0,15.0,35,2443,-5.6000000000000005,14.9,36,-13.845,-0.268,0,,
PRE-1,0.741,1789818690.048,5.0,1.32,-14.114,0.192,5.235,1631,4.0,15.0,35,2443,-5.6000000000000005,14.9,36,-13.845,-0.268,0,,
PRE-1,0.7611,1789818690.068,5.0,1.32,-14.114,0.192,5.235,1631,4.0,15.0,35,2443,-5.6000000000000005,14.9,36,-13.845,-0.268,0,,
PRE-1,0.781,1789818690.088,5.0,1.32,-14.114,0.192,5.235,1631,4.0,15.0,35,2443,-5.6000000000000005,14.9,36,-13.845,-0.268,0,,
PRE-1,0.8009,1789818690.108,5.0,1.32,-14.114,0.192,5.235,1631,4.0,15.0,35,2443,-5.6000000000000005,14.9,36,-13.845,-0.268,0,,
PRE-1,0.8209,1789818690.128,5.0,1.32,-14.114,0.192,5.235,1631,4.0,15.0,35,2443,-5.6000000000000005,14.9,36,-13.845,-0.268,0,,
PRE-1,0.8409,1789818690.148,5.0,1.32,-14.114,0.192,5.235,1631,4.0,15.0,35,2443,-5.6000000000000005,14.9,36,-13.845,-0.268,0,,
PRE-1,0.8609,1789818690.168,5.0,1.32,-14.114,0.192,5.235,1631,4.0,15.0,35,2443,-5.6000000000000005,14.9,36,-13.845,-0.268,0,,
PRE-1,0.8809,1789818690.188,5.0,1.32,-14.114,0.192,5.235,1631,4.0,15.0,35,2443,-5.6000000000000005,14.9,36,-13.845,-0.268,0,,
PRE-1,0.9009,1789818690.208,5.0,1.32,-14.114,0.192,5.235,1631,4.0,15.0,35,2443,-5.6000000000000005,14.9,36,-13.845,-0.268,0,,
PRE-1,0.9209,1789818690.228,5.0,1.32,-14.114,0.192,5.235,1631,4.0,15.0,35,2443,-5.6000000000000005,14.9,36,-13.845,-0.268,0,,
PRE-1,0.9409,1789818690.248,5.0,1.32,-14.114,0.192,5.235,1631,4.0,15.0,35,2443,-5.6000000000000005,14.9,36,-13.845,-0.268,0,,
PRE-1,0.9609,1789818690.268,5.0,1.32,-14.114,0.192,5.235,1631,4.0,15.0,35,2443,-5.6000000000000005,14.9,36,-13.845,-0.268,0,,
PRE-1,0.9809,1789818690.288,5.0,1.32,-14.114,0.192,5.235,1631,4.0,15.0,35,2443,-5.6000000000000005,14.9,36,-13.845,-0.268,0,,
PRE-1,1.0009,1789818690.308,5.0,1.32,-14.114,0.192,5.235,1631,4.0,15.0,35,2443,-5.6000000000000005,14.9,36,-13.845,-0.268,0,,
PRE-1,1.0209,1789818690.328,5.0,1.32,-14.114,0.192,5.235,1631,4.0,15.0,35,2443,-5.6000000000000005,14.9,36,-13.845,-0.268,0,,
PRE-1,1.0409,1789818690.348,5.0,1.32,-14.114,0.192,5.235,1631,4.0,15.0,35,2443,-5.6000000000000005,14.9,36,-13.845,-0.268,0,,
PRE-1,1.0609,1789818690.368,5.0,1.32,-14.114,0.192,5.235,1631,4.0,15.0,35,2443,-5.6000000000000005,14.9,36,-13.845,-0.268,0,,
PRE-1,1.0809,1789818690.388,5.0,1.32,-14.075,0.23,5.235,1632,4.800000000000001,15.0,35,2443,-5.6000000000000005,14.9,36,-13.845,-0.23,0,,
PRE-1,1.1009,1789818690.408,5.0,1.32,-14.075,0.23,5.235,1632,4.800000000000001,15.0,35,2443,-5.6000000000000005,14.9,36,-13.845,-0.23,0,,
PRE-1,1.1208,1789818690.428,5.0,1.32,-14.114,0.192,5.235,1631,4.0,15.0,35,2443,-5.6000000000000005,14.9,36,-13.845,-0.268,0,,
PRE-1,1.1409,1789818690.448,5.0,1.32,-14.114,0.192,5.235,1631,4.0,15.0,35,2443,-5.6000000000000005,14.9,36,-13.845,-0.268,0,,
PRE-1,1.1608,1789818690.468,5.0,1.32,-14.114,0.192,5.235,1631,4.0,15.0,35,2443,-5.6000000000000005,14.9,36,-13.845,-0.268,0,,
PRE-1,1.1809,1789818690.488,5.0,1.32,-14.114,0.192,5.235,1631,4.0,15.0,35,2443,-5.6000000000000005,14.9,36,-13.845,-0.268,0,,
PRE-1,1.2008,1789818690.508,5.0,1.32,-14.114,0.192,5.235,1631,4.0,15.0,35,2443,-5.6000000000000005,14.9,36,-13.845,-0.268,0,,
PRE-1,1.2208,1789818690.528,5.0,1.32,-14.114,0.192,5.235,1631,4.0,15.0,35,2443,-5.6000000000000005,14.9,36,-13.845,-0.268,0,,
PRE-1,1.2409,1789818690.548,5.0,1.32,-14.114,0.192,5.235,1631,4.0,15.0,35,2443,-5.6000000000000005,14.9,36,-13.845,-0.268,0,,
PRE-1,1.2608,1789818690.568,5.0,1.32,-14.114,0.192,5.235,1631,4.0,15.0,35,2443,-5.6000000000000005,14.9,36,-13.845,-0.268,0,,
PRE-1,1.2808,1789818690.588,5.0,1.32,-14.114,0.192,5.235,1631,4.0,15.0,35,2443,-5.6000000000000005,14.9,36,-13.845,-0.268,0,,
PRE-1,1.3008,1789818690.608,5.0,1.32,-14.114,0.192,5.235,1631,4.0,15.0,35,2443,-5.6000000000000005,14.9,36,-13.845,-0.268,0,,
PRE-1,1.3208,1789818690.628,5.0,1.32,-14.114,0.192,5.235,1631,4.0,15.0,35,2443,-5.6000000000000005,14.8,36,-13.845,-0.268,0,,
PRE-1,1.3408,1789818690.648,5.0,1.32,-14.114,0.192,5.235,1631,4.0,15.0,35,2443,-5.6000000000000005,14.8,36,-13.845,-0.268,0,,
PRE-1,1.3609,1789818690.668,5.0,1.32,-14.114,0.192,5.235,1631,4.0,15.0,35,2443,-5.6000000000000005,14.8,36,-13.845,-0.268,0,,
PRE-1,1.3808,1789818690.688,5.0,1.32,-14.114,0.192,5.235,1631,4.0,15.0,35,2443,-5.6000000000000005,14.8,36,-13.845,-0.268,0,,
PRE-1,1.4008,1789818690.708,5.0,1.32,-14.114,0.192,5.235,1631,4.0,15.0,35,2443,-5.6000000000000005,14.8,36,-13.845,-0.268,0,,
PRE-1,1.4208,1789818690.728,5.0,1.32,-14.114,0.192,5.235,1631,4.0,15.0,35,2443,-5.6000000000000005,14.9,36,-13.845,-0.268,0,,
PRE-1,1.4411,1789818690.748,5.0,1.32,-14.114,0.192,5.235,1631,4.0,15.0,35,2443,-5.6000000000000005,14.9,36,-13.845,-0.268,0,,
PRE-1,1.461,1789818690.768,5.0,1.32,-14.114,0.192,5.235,1631,4.0,15.0,35,2443,-5.6000000000000005,14.9,36,-13.845,-0.268,0,,
PRE-1,1.481,1789818690.788,5.0,1.32,-14.114,0.192,5.235,1631,4.0,15.0,35,2443,-5.6000000000000005,14.9,36,-13.845,-0.268,0,,
PRE-1,1.501,1789818690.808,5.0,1.32,-14.075,0.23,5.235,1632,4.800000000000001,15.0,35,2443,-5.6000000000000005,14.9,36,-13.845,-0.23,0,,
PRE-1,1.521,1789818690.828,5.0,1.32,-14.075,0.23,5.235,1632,4.800000000000001,15.0,35,2443,-5.6000000000000005,14.9,36,-13.845,-0.23,0,,
PRE-1,1.541,1789818690.848,5.0,1.32,-14.114,0.192,5.235,1631,4.0,15.0,35,2443,-5.6000000000000005,14.9,36,-13.845,-0.268,0,,
PRE-1,1.5609,1789818690.868,5.0,1.32,-14.114,0.192,5.235,1631,4.0,15.0,35,2443,-5.6000000000000005,14.9,36,-13.845,-0.268,0,,
PRE-1,1.581,1789818690.888,5.0,1.32,-14.114,0.192,5.235,1631,4.0,15.0,35,2443,-5.6000000000000005,14.9,36,-13.845,-0.268,0,,
PRE-1,1.601,1789818690.908,5.0,1.32,-14.114,0.192,5.235,1631,4.0,15.0,35,2443,-5.6000000000000005,14.9,36,-13.845,-0.268,0,,
PRE-1,1.622,1789818690.929,5.0,1.32,-14.114,0.192,5.235,1631,4.0,15.0,35,2443,-5.6000000000000005,14.9,36,-13.845,-0.268,0,,
PRE-1,1.641,1789818690.948,5.0,1.32,-14.114,0.192,5.235,1631,4.0,15.0,35,2443,-5.6000000000000005,14.9,36,-13.845,-0.268,0,,
PRE-1,1.661,1789818690.968,5.0,1.32,-14.075,0.23,5.235,1632,4.800000000000001,15.0,35,2443,-5.6000000000000005,14.9,36,-13.845,-0.23,0,,
PRE-1,1.6809,1789818690.988,5.0,1.32,-14.114,0.192,5.235,1631,4.0,15.0,35,2443,-5.6000000000000005,14.9,36,-13.845,-0.268,0,,
PRE-1,1.701,1789818691.008,5.0,1.32,-14.114,0.192,5.235,1631,4.0,15.0,35,2443,-5.6000000000000005,14.9,36,-13.845,-0.268,0,,
PRE-1,1.7209,1789818691.028,5.0,1.32,-14.075,0.23,5.235,1632,4.800000000000001,15.0,35,2443,-5.6000000000000005,14.9,36,-13.845,-0.23,0,,
PRE-1,1.7409,1789818691.048,5.0,1.32,-14.114,0.192,5.235,1631,4.0,15.0,35,2443,-5.6000000000000005,14.9,36,-13.845,-0.268,0,,
PRE-1,1.7609,1789818691.068,5.0,1.32,-14.114,0.192,5.235,1631,4.0,15.0,35,2443,-5.6000000000000005,14.9,36,-13.845,-0.268,0,,
PRE-1,1.7809,1789818691.088,5.0,1.32,-14.114,0.192,5.235,1631,4.0,15.0,35,2443,-5.6000000000000005,14.9,36,-13.845,-0.268,0,,
PRE-1,1.8009,1789818691.108,5.0,1.32,-14.114,0.192,5.235,1631,4.0,15.0,35,2443,-5.6000000000000005,14.9,36,-13.845,-0.268,0,,
PRE-1,1.8208,1789818691.128,5.0,1.32,-14.114,0.192,5.235,1631,4.0,15.0,35,2443,-5.6000000000000005,14.9,36,-13.845,-0.268,0,,
PRE-1,1.8408,1789818691.148,5.0,1.32,-14.114,0.192,5.235,1631,4.0,15.0,35,2443,-5.6000000000000005,14.9,36,-13.845,-0.268,0,,
PRE-1,1.8608,1789818691.168,5.0,1.32,-14.114,0.192,5.235,1631,4.0,15.0,35,2443,-5.6000000000000005,14.9,36,-13.845,-0.268,0,,
PRE-1,1.8808,1789818691.188,5.0,1.32,-14.114,0.192,5.235,1631,4.0,15.0,35,2443,-5.6000000000000005,14.9,36,-13.845,-0.268,0,,
PRE-1,1.9008,1789818691.208,5.0,1.32,-14.114,0.192,5.235,1631,4.0,14.9,35,2443,-5.6000000000000005,14.9,36,-13.845,-0.268,0,,
PRE-1,1.9209,1789818691.228,5.0,1.32,-14.114,0.192,5.235,1631,4.0,14.9,35,2443,-5.6000000000000005,14.9,36,-13.845,-0.268,0,,
PRE-1,1.9409,1789818691.248,5.0,1.32,-14.114,0.192,5.235,1631,4.0,14.9,35,2443,-5.6000000000000005,14.9,36,-13.845,-0.268,0,,
PRE-1,1.9609,1789818691.268,5.0,1.32,-14.114,0.192,5.235,1631,4.0,14.9,35,2443,-5.6000000000000005,14.9,36,-13.845,-0.268,0,,
PRE-1,1.9809,1789818691.288,5.0,1.32,-14.114,0.192,5.235,1631,4.0,14.9,35,2443,-5.6000000000000005,14.9,36,-13.845,-0.268,0,,
PRE-1,2.0008,1789818691.308,5.0,1.32,-14.114,0.192,5.235,1631,4.0,15.0,35,2443,-5.6000000000000005,14.9,36,-13.845,-0.268,0,,
PRE-1,2.0209,1789818691.328,5.0,1.32,-14.114,0.192,5.235,1631,4.0,15.0,35,2443,-5.6000000000000005,14.9,36,-13.845,-0.268,0,,
PRE-1,2.0409,1789818691.348,5.0,1.32,-14.114,0.192,5.235,1631,4.0,15.0,35,2443,-5.6000000000000005,14.9,36,-13.845,-0.268,0,,
PRE-1,2.0608,1789818691.368,5.0,1.32,-14.114,0.192,5.235,1631,4.0,15.0,35,2443,-5.6000000000000005,14.9,36,-13.845,-0.268,0,,
PRE-1,2.0808,1789818691.388,5.0,1.32,-14.114,0.192,5.235,1631,4.0,15.0,35,2443,-5.6000000000000005,14.9,36,-13.845,-0.268,0,,
PRE-1,2.1009,1789818691.408,5.0,1.32,-14.114,0.192,5.235,1631,4.0,15.0,35,2443,-5.6000000000000005,14.9,36,-13.845,-0.268,0,,
PRE-1,2.121,1789818691.428,5.0,1.32,-14.114,0.192,5.235,1631,4.0,15.0,35,2443,-5.6000000000000005,14.9,36,-13.845,-0.268,0,,
PRE-1,2.141,1789818691.448,5.0,1.32,-14.114,0.192,5.235,1631,4.0,15.0,35,2443,-5.6000000000000005,14.9,36,-13.845,-0.268,0,,
PRE-1,2.161,1789818691.468,5.0,1.32,-14.075,0.23,5.235,1632,4.800000000000001,15.0,35,2443,-5.6000000000000005,14.9,36,-13.845,-0.23,0,,
PRE-1,2.181,1789818691.488,5.0,1.32,-14.114,0.192,5.235,1631,4.0,15.0,35,2443,-5.6000000000000005,14.9,36,-13.845,-0.268,0,,
PRE-1,2.2018,1789818691.509,5.0,1.32,-14.114,0.192,5.235,1631,4.0,15.0,35,2443,-5.6000000000000005,14.9,36,-13.845,-0.268,0,,
PRE-1,2.221,1789818691.528,5.0,1.32,-14.114,0.192,5.235,1631,4.0,15.0,35,2443,-5.6000000000000005,14.9,36,-13.845,-0.268,0,,
PRE-1,2.2418,1789818691.549,5.0,1.32,-14.114,0.192,5.235,1631,4.0,15.0,35,2443,-5.6000000000000005,14.9,36,-13.845,-0.268,0,,
PRE-1,2.2608,1789818691.568,5.0,1.32,-14.114,0.192,5.235,1631,4.0,15.0,35,2443,-5.6000000000000005,14.9,36,-13.845,-0.268,0,,
PRE-1,2.2807,1789818691.588,5.0,1.32,-14.114,0.192,5.235,1631,4.0,15.0,35,2443,-5.6000000000000005,14.9,36,-13.845,-0.268,0,,
PRE-1,2.3007,1789818691.608,5.0,1.32,-14.114,0.192,5.235,1631,4.0,15.0,35,2443,-5.6000000000000005,14.9,36,-13.845,-0.268,0,,
PRE-1,2.3207,1789818691.628,5.0,1.32,-14.114,0.192,5.235,1631,4.0,15.0,35,2443,-5.6000000000000005,14.9,36,-13.845,-0.268,0,,
PRE-1,2.3419,1789818691.649,5.0,1.32,-14.114,0.192,5.235,1631,4.0,15.0,35,2443,-5.6000000000000005,14.9,36,-13.845,-0.268,0,,
PRE-1,2.361,1789818691.668,5.0,1.32,-14.114,0.192,5.235,1631,4.0,15.0,35,2443,-5.6000000000000005,14.9,36,-13.845,-0.268,0,,
PRE-1,2.3817,1789818691.689,5.0,1.32,-14.114,0.192,5.235,1631,4.0,15.0,35,2443,-5.6000000000000005,14.9,36,-13.845,-0.268,0,,
PRE-1,2.4008,1789818691.708,5.0,1.32,-14.114,0.192,5.235,1631,4.0,15.0,35,2443,-5.6000000000000005,14.9,36,-13.845,-0.268,0,,
PRE-1,2.4217,1789818691.729,5.0,1.32,-14.114,0.192,5.235,1631,4.0,15.0,35,2443,-5.6000000000000005,14.9,36,-13.845,-0.268,0,,
PRE-1,2.4407,1789818691.748,5.0,1.32,-14.114,0.192,5.235,1631,4.0,15.0,35,2443,-5.6000000000000005,14.9,36,-13.845,-0.268,0,,
PRE-1,2.4618,1789818691.769,5.0,1.32,-14.114,0.192,5.235,1631,4.0,15.0,35,2443,-5.6000000000000005,14.9,36,-13.845,-0.268,0,,
PRE-1,2.481,1789818691.788,5.0,1.32,-14.114,0.192,5.235,1631,4.0,14.9,35,2443,-5.6000000000000005,14.9,36,-13.845,-0.268,0,,
PRE-1,2.5008,1789818691.808,5.0,1.32,-14.114,0.192,5.235,1631,4.0,14.9,35,2443,-5.6000000000000005,14.9,36,-13.845,-0.268,0,,
PRE-1,2.522,1789818691.829,5.0,1.32,-14.075,0.23,5.235,1632,4.800000000000001,14.9,35,2443,-5.6000000000000005,14.9,36,-13.845,-0.23,0,,
PRE-1,2.5408,1789818691.848,5.0,1.32,-14.114,0.192,5.235,1631,4.0,14.9,35,2443,-5.6000000000000005,14.9,36,-13.845,-0.268,0,,
PRE-1,2.5618,1789818691.869,5.0,1.32,-14.114,0.192,5.235,1631,4.0,14.9,35,2443,-5.6000000000000005,14.9,36,-13.845,-0.268,0,,
PRE-1,2.5808,1789818691.888,5.0,1.32,-14.114,0.192,5.235,1631,4.0,14.9,35,2443,-5.6000000000000005,14.9,36,-13.845,-0.268,0,,
PRE-1,2.6007,1789818691.908,5.0,1.32,-14.114,0.192,5.235,1631,4.0,15.0,35,2443,-5.6000000000000005,14.9,36,-13.845,-0.268,0,,
PRE-1,2.6207,1789818691.928,5.0,1.32,-14.114,0.192,5.235,1631,4.0,15.0,35,2443,-5.6000000000000005,14.9,36,-13.845,-0.268,0,,
PRE-1,2.6419,1789818691.949,5.0,1.32,-14.114,0.192,5.235,1631,4.0,15.0,35,2443,-5.6000000000000005,14.9,36,-13.845,-0.268,0,,
PRE-1,2.6608,1789818691.968,5.0,1.32,-14.114,0.192,5.235,1631,4.0,15.0,35,2443,-5.6000000000000005,14.9,36,-13.845,-0.268,0,,
PRE-1,2.6818,1789818691.989,5.0,1.32,-14.114,0.192,5.235,1631,4.0,15.0,35,2443,-5.6000000000000005,14.9,36,-13.845,-0.268,0,,
PRE-1,2.7009,1789818692.008,5.0,1.32,-14.114,0.192,5.235,1631,4.0,15.0,35,2443,-5.6000000000000005,14.9,36,-13.845,-0.268,0,,
PRE-1,2.7209,1789818692.028,5.0,1.32,-14.114,0.192,5.235,1631,4.0,15.0,35,2444,-4.800000000000001,14.9,36,-13.884,-0.23,0,,
PRE-1,2.7409,1789818692.048,5.0,1.32,-14.114,0.192,5.235,1631,4.0,15.0,35,2443,-5.6000000000000005,14.9,36,-13.845,-0.268,0,,
PRE-1,2.7609,1789818692.068,5.0,1.32,-14.114,0.192,5.235,1631,4.0,15.0,35,2443,-5.6000000000000005,14.9,36,-13.845,-0.268,0,,
PRE-1,2.7809,1789818692.088,5.0,1.32,-14.114,0.192,5.235,1631,4.0,15.0,35,2443,-5.6000000000000005,14.9,36,-13.845,-0.268,0,,
PRE-1,2.8008,1789818692.108,5.0,1.32,-14.114,0.192,5.235,1631,4.0,15.0,35,2443,-5.6000000000000005,14.9,36,-13.845,-0.268,0,,
PRE-1,2.8219,1789818692.129,5.0,1.32,-14.114,0.192,5.235,1631,4.0,15.0,35,2443,-5.6000000000000005,14.9,36,-13.845,-0.268,0,,
PRE-1,2.8418,1789818692.149,5.0,1.32,-14.114,0.192,5.235,1631,4.0,15.0,35,2443,-5.6000000000000005,14.9,36,-13.845,-0.268,0,,
PRE-1,2.8618,1789818692.169,5.0,1.32,-14.114,0.192,5.235,1631,4.0,15.0,35,2443,-5.6000000000000005,14.9,36,-13.845,-0.268,0,,
PRE-1,2.8818,1789818692.189,5.0,1.32,-14.075,0.23,5.235,1632,4.800000000000001,15.0,35,2443,-5.6000000000000005,14.9,36,-13.845,-0.23,0,,
PRE-1,2.9009,1789818692.208,5.0,1.32,-14.114,0.192,5.235,1631,4.0,15.0,35,2443,-5.6000000000000005,14.9,36,-13.845,-0.268,0,,
PRE-1,2.9219,1789818692.229,5.0,1.32,-14.114,0.192,5.235,1631,4.0,15.0,35,2443,-5.6000000000000005,14.9,36,-13.845,-0.268,0,,
PRE-1,2.9409,1789818692.248,5.0,1.32,-14.114,0.192,5.235,1631,4.0,15.0,35,2443,-5.6000000000000005,14.9,36,-13.845,-0.268,0,,
PRE-1,2.9618,1789818692.269,5.0,1.32,-14.114,0.192,5.235,1631,4.0,15.0,35,2443,-5.6000000000000005,14.9,36,-13.845,-0.268,0,,
PRE-1,2.9808,1789818692.288,5.0,1.32,-14.114,0.192,5.235,1631,4.0,15.0,35,2443,-5.6000000000000005,14.9,36,-13.845,-0.268,0,,
PRE-1,3.0019,1789818692.309,5.0,1.32,-14.114,0.192,5.235,1631,4.0,15.0,35,2443,-5.6000000000000005,14.9,36,-13.845,-0.268,0,,
PRE-1,3.0209,1789818692.328,5.0,1.32,-14.114,0.192,5.235,1631,4.0,15.0,35,2443,-5.6000000000000005,14.9,36,-13.845,-0.268,0,,
PRE-1,3.0417,1789818692.349,5.0,1.32,-14.114,0.192,5.235,1631,4.0,15.0,35,2443,-5.6000000000000005,14.9,36,-13.845,-0.268,0,,
PRE-1,3.0617,1789818692.369,5.0,1.32,-14.114,0.192,5.235,1631,4.0,15.0,35,2443,-5.6000000000000005,14.8,36,-13.845,-0.268,0,,
PRE-1,3.0818,1789818692.389,5.0,1.32,-14.114,0.192,5.235,1631,4.0,15.0,35,2443,-5.6000000000000005,14.8,36,-13.845,-0.268,0,,
PRE-1,3.1018,1789818692.409,5.0,1.32,-14.114,0.192,5.235,1631,4.0,15.0,35,2443,-5.6000000000000005,14.8,36,-13.845,-0.268,0,,
PRE-1,3.1218,1789818692.429,5.0,1.32,-14.114,0.192,5.235,1631,4.0,15.0,35,2443,-5.6000000000000005,14.8,36,-13.845,-0.268,0,,
PRE-1,3.1417,1789818692.449,5.0,1.32,-14.075,0.23,5.235,1632,4.800000000000001,15.0,35,2443,-5.6000000000000005,14.8,36,-13.845,-0.23,0,,
PRE-1,3.1607,1789818692.468,5.0,1.32,-14.114,0.192,5.235,1631,4.0,15.0,35,2443,-5.6000000000000005,14.8,36,-13.845,-0.268,0,,
PRE-1,3.1818,1789818692.489,5.0,1.32,-14.114,0.192,5.235,1631,4.0,15.0,35,2443,-5.6000000000000005,14.9,36,-13.845,-0.268,0,,
PRE-1,3.2017,1789818692.509,5.0,1.32,-14.114,0.192,5.235,1631,4.0,15.0,35,2443,-5.6000000000000005,14.9,36,-13.845,-0.268,0,,
PRE-1,3.2217,1789818692.529,5.0,1.32,-14.114,0.192,5.235,1631,4.0,15.0,35,2443,-5.6000000000000005,14.9,36,-13.845,-0.268,0,,
PRE-1,3.2417,1789818692.549,5.0,1.32,-14.114,0.192,5.235,1631,4.0,15.0,35,2443,-5.6000000000000005,14.9,36,-13.845,-0.268,0,,
PRE-1,3.2608,1789818692.568,5.0,1.32,-14.114,0.192,5.235,1631,4.0,15.0,35,2443,-5.6000000000000005,14.9,36,-13.845,-0.268,0,,
PRE-1,3.2819,1789818692.589,5.0,1.32,-14.114,0.192,5.235,1631,4.0,15.0,35,2443,-5.6000000000000005,14.9,36,-13.845,-0.268,0,,
PRE-1,3.3018,1789818692.609,5.0,1.32,-14.114,0.192,5.235,1631,4.0,15.0,35,2443,-5.6000000000000005,14.9,36,-13.845,-0.268,0,,
PRE-1,3.3218,1789818692.629,5.0,1.32,-14.114,0.192,5.235,1631,4.0,15.0,35,2443,-5.6000000000000005,14.9,36,-13.845,-0.268,0,,
PRE-1,3.3419,1789818692.649,5.0,1.32,-14.114,0.192,5.235,1631,4.0,15.0,35,2443,-5.6000000000000005,14.9,36,-13.845,-0.268,0,,
PRE-1,3.3618,1789818692.669,5.0,1.32,-14.114,0.192,5.235,1631,4.0,15.0,35,2443,-5.6000000000000005,14.9,36,-13.845,-0.268,0,,
PRE-1,3.3818,1789818692.689,5.0,1.32,-14.114,0.192,5.235,1631,4.0,15.0,35,2443,-5.6000000000000005,14.9,36,-13.845,-0.268,0,,
PRE-1,3.4018,1789818692.709,5.0,1.32,-14.114,0.192,5.235,1631,4.0,15.0,35,2443,-5.6000000000000005,14.9,36,-13.845,-0.268,0,,
PRE-1,3.4217,1789818692.729,5.0,1.32,-14.114,0.192,5.235,1631,4.0,15.0,35,2443,-5.6000000000000005,14.9,36,-13.845,-0.268,0,,
PRE-1,3.4418,1789818692.749,5.0,1.32,-14.114,0.192,5.235,1631,4.0,15.0,35,2443,-5.6000000000000005,14.9,36,-13.845,-0.268,0,,
PRE-1,3.4618,1789818692.769,5.0,1.32,-14.114,0.192,5.235,1631,4.0,15.0,35,2443,-5.6000000000000005,14.9,36,-13.845,-0.268,0,,
PRE-1,3.4818,1789818692.789,5.0,1.32,-14.114,0.192,5.235,1631,4.0,15.0,35,2443,-5.6000000000000005,14.9,36,-13.845,-0.268,0,,
PRE-1,3.5017,1789818692.809,5.0,1.32,-14.114,0.192,5.235,1631,4.0,15.0,35,2443,-5.6000000000000005,14.9,36,-13.845,-0.268,0,,
PRE-1,3.5217,1789818692.829,5.0,1.32,-14.114,0.192,5.235,1631,4.0,15.0,35,2443,-5.6000000000000005,14.9,36,-13.845,-0.268,0,,
PRE-1,3.5417,1789818692.849,5.0,1.32,-14.114,0.192,5.235,1631,4.0,15.0,35,2443,-5.6000000000000005,14.9,36,-13.845,-0.268,0,,
PRE-1,3.5618,1789818692.869,5.0,1.32,-14.114,0.192,5.235,1631,4.0,15.0,35,2443,-5.6000000000000005,14.9,36,-13.845,-0.268,0,,
PRE-1,3.5818,1789818692.889,5.0,1.32,-14.114,0.192,5.235,1631,4.0,15.0,35,2443,-5.6000000000000005,14.9,36,-13.845,-0.268,0,,
PRE-1,3.6018,1789818692.909,5.0,1.32,-14.114,0.192,5.235,1631,4.0,15.0,35,2443,-5.6000000000000005,14.9,36,-13.845,-0.268,0,,
PRE-1,3.6217,1789818692.929,5.0,1.32,-14.114,0.192,5.235,1631,4.0,15.0,35,2443,-5.6000000000000005,14.9,36,-13.845,-0.268,0,,
PRE-1,3.6416,1789818692.949,5.0,1.32,-14.114,0.192,5.235,1631,4.0,15.0,35,2443,-5.6000000000000005,14.9,36,-13.845,-0.268,0,,
PRE-1,3.6618,1789818692.969,5.0,1.32,-14.114,0.192,5.235,1631,4.0,15.0,35,2443,-5.6000000000000005,14.9,36,-13.845,-0.268,0,,
PRE-1,3.6818,1789818692.989,5.0,1.32,-14.114,0.192,5.235,1631,4.0,15.0,35,2443,-5.6000000000000005,14.9,36,-13.845,-0.268,0,,
PRE-1,3.7017,1789818693.009,5.0,1.32,-14.114,0.192,5.235,1631,4.0,15.0,35,2443,-5.6000000000000005,14.9,36,-13.845,-0.268,0,,
PRE-1,3.7218,1789818693.029,5.0,1.32,-14.114,0.192,5.235,1631,4.0,15.0,35,2443,-5.6000000000000005,14.9,36,-13.845,-0.268,0,,
PRE-1,3.7417,1789818693.049,5.0,1.32,-14.114,0.192,5.235,1631,4.0,15.0,35,2443,-5.6000000000000005,14.9,36,-13.845,-0.268,0,,
PRE-1,3.7618,1789818693.069,5.0,1.32,-14.114,0.192,5.235,1631,4.0,15.0,35,2443,-5.6000000000000005,14.9,36,-13.845,-0.268,0,,
PRE-1,3.7817,1789818693.089,5.0,1.32,-14.114,0.192,5.235,1631,4.0,15.0,35,2443,-5.6000000000000005,14.9,36,-13.845,-0.268,0,,
PRE-1,3.8018,1789818693.109,5.0,1.32,-14.114,0.192,5.235,1631,4.0,15.0,35,2443,-5.6000000000000005,14.9,36,-13.845,-0.268,0,,
PRE-1,3.8218,1789818693.129,5.0,1.32,-14.114,0.192,5.235,1631,4.0,15.0,35,2443,-5.6000000000000005,14.9,36,-13.845,-0.268,0,,
PRE-1,3.8418,1789818693.149,5.0,1.32,-14.114,0.192,5.235,1631,4.0,15.0,35,2443,-5.6000000000000005,14.9,36,-13.845,-0.268,0,,
PRE-1,3.8618,1789818693.169,5.0,1.32,-14.114,0.192,5.235,1631,4.0,15.0,35,2443,-5.6000000000000005,14.9,36,-13.845,-0.268,0,,
PRE-1,3.8817,1789818693.189,5.0,1.32,-14.114,0.192,5.235,1631,4.0,15.0,35,2443,-5.6000000000000005,14.9,36,-13.845,-0.268,0,,
PRE-1,3.9018,1789818693.209,5.0,1.32,-14.114,0.192,5.235,1631,4.0,15.0,35,2443,-5.6000000000000005,14.9,36,-13.845,-0.268,0,,
PRE-1,3.9218,1789818693.229,5.0,1.32,-14.114,0.192,5.235,1631,4.0,15.0,35,2443,-5.6000000000000005,14.9,36,-13.845,-0.268,0,,
PRE-1,3.9418,1789818693.249,5.0,1.32,-14.114,0.192,5.235,1631,4.0,15.0,35,2443,-5.6000000000000005,14.9,36,-13.845,-0.268,0,,
PRE-1,3.9618,1789818693.269,5.0,1.32,-14.114,0.192,5.235,1631,4.0,15.0,35,2443,-5.6000000000000005,14.9,36,-13.845,-0.268,0,,
PRE-1,3.9818,1789818693.289,5.0,1.32,-14.114,0.192,5.235,1631,4.0,15.0,35,2443,-5.6000000000000005,14.9,36,-13.845,-0.268,0,,
PRE-1,4.0018,1789818693.309,5.0,1.32,-14.114,0.192,5.235,1631,4.0,15.0,35,2443,-5.6000000000000005,14.9,36,-13.845,-0.268,0,,
PRE-1,4.0218,1789818693.329,5.0,1.32,-14.114,0.192,5.235,1631,4.0,15.0,35,2443,-5.6000000000000005,14.9,36,-13.845,-0.268,0,,
PRE-1,4.0417,1789818693.349,5.0,1.32,-14.114,0.192,5.235,1631,4.0,15.0,35,2443,-5.6000000000000005,14.9,36,-13.845,-0.268,0,,
PRE-1,4.0616,1789818693.369,5.0,1.32,-14.114,0.192,5.235,1631,4.0,15.0,35,2443,-5.6000000000000005,14.9,36,-13.845,-0.268,0,,
PRE-1,4.0818,1789818693.389,5.0,1.32,-14.114,0.192,5.235,1631,4.0,15.0,35,2443,-5.6000000000000005,14.9,36,-13.845,-0.268,0,,
PRE-1,4.1018,1789818693.409,5.0,1.32,-14.114,0.192,5.235,1631,4.0,15.0,35,2443,-5.6000000000000005,14.9,36,-13.845,-0.268,0,,
PRE-1,4.1218,1789818693.429,5.0,1.32,-14.114,0.192,5.235,1631,4.0,15.0,35,2443,-5.6000000000000005,14.9,36,-13.845,-0.268,0,,
PRE-1,4.1417,1789818693.449,5.0,1.32,-14.114,0.192,5.235,1631,4.0,15.0,35,2443,-5.6000000000000005,14.9,36,-13.845,-0.268,0,,
PRE-1,4.1617,1789818693.469,5.0,1.32,-14.075,0.23,5.235,1632,4.800000000000001,15.0,35,2443,-5.6000000000000005,14.9,36,-13.845,-0.23,0,,
PRE-1,4.1817,1789818693.489,5.0,1.32,-14.114,0.192,5.235,1631,4.0,15.0,35,2443,-5.6000000000000005,14.9,36,-13.845,-0.268,0,,
PRE-1,4.2016,1789818693.509,5.0,1.32,-14.114,0.192,5.235,1631,4.0,15.0,35,2443,-5.6000000000000005,14.9,36,-13.845,-0.268,0,,
PRE-1,4.2217,1789818693.529,5.0,1.32,-14.114,0.192,5.235,1631,4.0,14.9,35,2443,-5.6000000000000005,14.9,36,-13.845,-0.268,0,,
PRE-1,4.2416,1789818693.549,5.0,1.32,-14.114,0.192,5.235,1631,4.0,14.9,35,2443,-5.6000000000000005,14.9,36,-13.845,-0.268,0,,
PRE-1,4.2616,1789818693.569,5.0,1.32,-14.114,0.192,5.235,1631,4.0,14.9,35,2443,-5.6000000000000005,14.9,36,-13.845,-0.268,0,,
PRE-1,4.2816,1789818693.589,5.0,1.32,-14.114,0.192,5.235,1631,4.0,14.9,35,2443,-5.6000000000000005,14.9,36,-13.845,-0.268,0,,
PRE-1,4.3016,1789818693.609,5.0,1.32,-14.114,0.192,5.235,1631,4.0,14.9,35,2443,-5.6000000000000005,14.9,36,-13.845,-0.268,0,,
PRE-1,4.3217,1789818693.629,5.0,1.32,-14.114,0.192,5.235,1631,4.0,14.9,35,2443,-5.6000000000000005,14.9,36,-13.845,-0.268,0,,
PRE-1,4.3416,1789818693.649,5.0,1.32,-14.114,0.192,5.235,1631,4.0,15.0,35,2443,-5.6000000000000005,14.9,36,-13.845,-0.268,0,,
PRE-1,4.3616,1789818693.669,5.0,1.32,-14.114,0.192,5.235,1631,4.0,15.0,35,2443,-5.6000000000000005,14.9,36,-13.845,-0.268,0,,
PRE-1,4.3816,1789818693.689,5.0,1.32,-14.114,0.192,5.235,1631,4.0,15.0,35,2443,-5.6000000000000005,14.9,36,-13.845,-0.268,0,,
PRE-1,4.4017,1789818693.709,5.0,1.32,-14.114,0.192,5.235,1631,4.0,15.0,35,2443,-5.6000000000000005,14.9,36,-13.845,-0.268,0,,
PRE-1,4.4216,1789818693.729,5.0,1.32,-14.114,0.192,5.235,1631,4.0,15.0,35,2443,-5.6000000000000005,14.9,36,-13.845,-0.268,0,,
PRE-1,4.4416,1789818693.749,5.0,1.32,-14.114,0.192,5.235,1631,4.0,15.0,35,2443,-5.6000000000000005,14.9,36,-13.845,-0.268,0,,
PRE-1,4.4616,1789818693.769,5.0,1.32,-14.114,0.192,5.235,1631,4.0,15.0,35,2443,-5.6000000000000005,14.9,36,-13.845,-0.268,0,,
PRE-1,4.4816,1789818693.789,5.0,1.32,-14.114,0.192,5.235,1631,4.0,15.0,35,2443,-5.6000000000000005,14.9,36,-13.845,-0.268,0,,
PRE-1,4.5016,1789818693.809,5.0,1.32,-14.114,0.192,5.235,1631,4.0,15.0,35,2443,-5.6000000000000005,14.9,36,-13.845,-0.268,0,,
PRE-1,4.5216,1789818693.829,5.0,1.32,-14.114,0.192,5.235,1631,4.0,15.0,35,2443,-5.6000000000000005,14.9,36,-13.845,-0.268,0,,
PRE-1,4.5417,1789818693.849,5.0,1.32,-14.114,0.192,5.235,1631,4.0,15.0,35,2443,-5.6000000000000005,14.9,36,-13.845,-0.268,0,,
PRE-1,4.5616,1789818693.869,5.0,1.32,-14.114,0.192,5.235,1631,4.0,15.0,35,2443,-5.6000000000000005,14.9,36,-13.845,-0.268,0,,
PRE-1,4.5816,1789818693.889,5.0,1.32,-14.114,0.192,5.235,1631,4.0,15.0,35,2443,-5.6000000000000005,14.9,36,-13.845,-0.268,0,,
PRE-1,4.6016,1789818693.909,5.0,1.32,-14.075,0.23,5.235,1632,4.800000000000001,15.0,35,2443,-5.6000000000000005,14.9,36,-13.845,-0.23,0,,
PRE-1,4.6216,1789818693.929,5.0,1.32,-14.114,0.192,5.235,1631,4.0,15.0,35,2443,-5.6000000000000005,14.9,36,-13.845,-0.268,0,,
PRE-1,4.6416,1789818693.949,5.0,1.32,-14.114,0.192,5.235,1631,4.0,15.0,35,2443,-5.6000000000000005,14.9,36,-13.845,-0.268,0,,
PRE-1,4.6616,1789818693.969,5.0,1.32,-14.114,0.192,5.235,1631,4.0,15.0,35,2443,-5.6000000000000005,14.9,36,-13.845,-0.268,0,,
PRE-1,4.6816,1789818693.989,5.0,1.32,-14.114,0.192,5.235,1631,4.0,15.0,35,2443,-5.6000000000000005,14.9,36,-13.845,-0.268,0,,
PRE-1,4.7016,1789818694.009,5.0,1.32,-14.114,0.192,5.235,1631,4.0,15.0,35,2443,-5.6000000000000005,14.9,36,-13.845,-0.268,0,,
PRE-1,4.7216,1789818694.029,5.0,1.32,-14.114,0.192,5.235,1631,4.0,15.0,35,2443,-5.6000000000000005,14.9,36,-13.845,-0.268,0,,
PRE-1,4.7416,1789818694.049,5.0,1.32,-14.114,0.192,5.235,1631,4.0,15.0,35,2443,-5.6000000000000005,14.9,36,-13.845,-0.268,0,,
PRE-1,4.7616,1789818694.069,5.0,1.32,-14.114,0.192,5.235,1631,4.0,15.0,35,2443,-5.6000000000000005,14.9,36,-13.845,-0.268,0,,
PRE-1,4.7816,1789818694.089,5.0,1.32,-14.114,0.192,5.235,1631,4.0,15.0,35,2443,-5.6000000000000005,14.9,36,-13.845,-0.268,0,,
PRE-1,4.8016,1789818694.109,5.0,1.32,-14.114,0.192,5.235,1631,4.0,15.0,35,2443,-5.6000000000000005,14.9,36,-13.845,-0.268,0,,
PRE-1,4.8216,1789818694.129,5.0,1.32,-14.114,0.192,5.235,1631,4.0,15.0,35,2443,-5.6000000000000005,14.9,36,-13.845,-0.268,0,,
PRE-1,4.8415,1789818694.149,5.0,1.32,-14.114,0.192,5.235,1631,4.0,15.0,35,2443,-5.6000000000000005,14.9,36,-13.845,-0.268,0,,
PRE-1,4.8616,1789818694.169,5.0,1.32,-14.114,0.192,5.235,1631,4.0,15.0,35,2443,-5.6000000000000005,14.9,36,-13.845,-0.268,0,,
PRE-1,4.8816,1789818694.189,5.0,1.32,-14.114,0.192,5.235,1631,4.0,15.0,35,2443,-5.6000000000000005,14.9,36,-13.845,-0.268,0,,
PRE-1,4.9016,1789818694.209,5.0,1.32,-14.114,0.192,5.235,1631,4.0,15.0,35,2443,-5.6000000000000005,14.9,36,-13.845,-0.268,0,,
PRE-1,4.9216,1789818694.229,5.0,1.32,-14.114,0.192,5.235,1631,4.0,15.0,35,2443,-5.6000000000000005,14.9,36,-13.845,-0.268,0,,
PRE-1,4.9416,1789818694.249,5.0,1.32,-14.114,0.192,5.235,1631,4.0,15.0,35,2443,-5.6000000000000005,14.9,36,-13.845,-0.268,0,,
PRE-1,4.9616,1789818694.269,5.0,1.32,-14.114,0.192,5.235,1631,4.0,15.0,35,2443,-5.6000000000000005,14.9,36,-13.845,-0.268,0,,
PRE-1,4.9817,1789818694.289,5.0,1.32,-14.114,0.192,5.235,1631,4.0,15.0,35,2443,-5.6000000000000005,14.9,36,-13.845,-0.268,0,,
PRE-1,5.0016,1789818694.309,5.0,1.32,-14.114,0.192,5.235,1631,4.0,15.0,35,2443,-5.6000000000000005,14.9,36,-13.845,-0.268,0,,
PRE-1,5.0217,1789818694.329,5.0,1.32,-14.114,0.192,5.235,1631,4.0,15.0,35,2443,-5.6000000000000005,14.9,36,-13.845,-0.268,0,,
PRE-1,5.0416,1789818694.349,5.0,1.32,-14.114,0.192,5.235,1631,4.0,15.0,35,2443,-5.6000000000000005,14.9,36,-13.845,-0.268,0,,
PRE-1,5.0616,1789818694.369,5.0,1.32,-14.114,0.192,5.235,1631,4.0,15.0,35,2443,-5.6000000000000005,14.9,36,-13.845,-0.268,0,,
PRE-1,5.0815,1789818694.389,5.0,1.32,-14.114,0.192,5.235,1631,4.0,15.0,35,2443,-5.6000000000000005,14.9,36,-13.845,-0.268,0,,
PRE-1,5.1017,1789818694.409,5.0,1.32,-14.075,0.23,5.235,1632,4.800000000000001,15.0,35,2443,-5.6000000000000005,14.9,36,-13.845,-0.23,0,,
PRE-1,5.1217,1789818694.429,5.0,1.32,-14.114,0.192,5.235,1631,4.0,15.0,35,2443,-5.6000000000000005,14.9,36,-13.845,-0.268,0,,
PRE-1,5.1417,1789818694.449,5.0,1.32,-14.114,0.192,5.235,1631,4.0,15.0,35,2443,-5.6000000000000005,14.9,36,-13.845,-0.268,0,,
PRE-1,5.1616,1789818694.469,5.0,1.32,-14.114,0.192,5.235,1631,4.0,15.0,35,2443,-5.6000000000000005,14.9,36,-13.845,-0.268,0,,
PRE-1,5.1817,1789818694.489,5.0,1.32,-14.114,0.192,5.235,1631,4.0,15.0,35,2443,-5.6000000000000005,14.9,36,-13.845,-0.268,0,,
PRE-1,5.2016,1789818694.509,5.0,1.32,-14.114,0.192,5.235,1631,4.0,15.0,35,2443,-5.6000000000000005,14.9,36,-13.845,-0.268,0,,
PRE-1,5.2215,1789818694.529,5.0,1.32,-14.114,0.192,5.235,1631,4.0,15.0,35,2443,-5.6000000000000005,14.9,36,-13.845,-0.268,0,,
PRE-1,5.2417,1789818694.549,5.0,1.32,-14.114,0.192,5.235,1631,4.0,15.0,35,2443,-5.6000000000000005,14.9,36,-13.845,-0.268,0,,
PRE-1,5.2615,1789818694.569,5.0,1.32,-14.114,0.192,5.235,1631,4.0,15.0,35,2443,-5.6000000000000005,14.9,36,-13.845,-0.268,0,,
PRE-1,5.2815,1789818694.589,5.0,1.32,-14.114,0.192,5.235,1631,4.0,15.0,35,2443,-5.6000000000000005,14.9,36,-13.845,-0.268,0,,
PRE-1,5.3015,1789818694.609,5.0,1.32,-14.114,0.192,5.235,1631,4.0,15.0,35,2443,-5.6000000000000005,14.9,36,-13.845,-0.268,0,,
PRE-1,5.3215,1789818694.629,5.0,1.32,-14.114,0.192,5.235,1631,4.0,15.0,35,2443,-5.6000000000000005,14.9,36,-13.845,-0.268,0,,
PRE-1,5.3415,1789818694.649,5.0,1.32,-14.114,0.192,5.235,1631,4.0,15.0,35,2443,-5.6000000000000005,14.9,36,-13.845,-0.268,0,,
PRE-1,5.3615,1789818694.669,5.0,1.32,-14.114,0.192,5.235,1631,4.0,15.0,35,2443,-5.6000000000000005,14.9,36,-13.845,-0.268,0,,
PRE-1,5.3815,1789818694.689,5.0,1.32,-14.114,0.192,5.235,1631,4.0,15.0,35,2443,-5.6000000000000005,14.9,36,-13.845,-0.268,0,,
PRE-1,5.4016,1789818694.709,5.0,1.32,-14.114,0.192,5.235,1631,4.0,15.0,35,2443,-5.6000000000000005,14.9,36,-13.845,-0.268,0,,
PRE-1,5.4215,1789818694.729,5.0,1.32,-14.114,0.192,5.235,1631,4.0,15.0,35,2443,-5.6000000000000005,14.9,36,-13.845,-0.268,0,,
PRE-1,5.4415,1789818694.749,5.0,1.32,-14.114,0.192,5.235,1631,4.0,15.0,35,2443,-5.6000000000000005,14.9,36,-13.845,-0.268,0,,
PRE-1,5.4615,1789818694.769,5.0,1.32,-14.114,0.192,5.235,1631,4.0,15.0,35,2443,-5.6000000000000005,14.9,36,-13.845,-0.268,0,,
PRE-1,5.4815,1789818694.789,5.0,1.32,-14.114,0.192,5.235,1631,4.0,15.0,35,2443,-5.6000000000000005,14.9,36,-13.845,-0.268,0,,
PRE-1,5.5015,1789818694.809,5.0,1.32,-14.075,0.23,5.235,1632,4.800000000000001,15.0,35,2443,-5.6000000000000005,14.9,36,-13.845,-0.23,0,,
PRE-1,5.5216,1789818694.829,5.0,1.32,-14.114,0.192,5.235,1631,4.0,15.0,35,2443,-5.6000000000000005,14.9,36,-13.845,-0.268,0,,
PRE-1,5.5415,1789818694.849,5.0,1.32,-14.114,0.192,5.235,1631,4.0,15.0,35,2443,-5.6000000000000005,14.9,36,-13.845,-0.268,0,,
PRE-1,5.5615,1789818694.869,5.0,1.32,-14.114,0.192,5.235,1631,4.0,15.0,35,2443,-5.6000000000000005,14.9,36,-13.845,-0.268,0,,
PRE-1,5.5815,1789818694.889,5.0,1.32,-14.114,0.192,5.235,1631,4.0,15.0,35,2443,-5.6000000000000005,14.9,36,-13.845,-0.268,0,,
PRE-1,5.6015,1789818694.909,5.0,1.32,-14.075,0.23,5.235,1632,4.800000000000001,15.0,35,2443,-5.6000000000000005,14.9,36,-13.845,-0.23,0,,
PRE-1,5.6215,1789818694.929,5.0,1.32,-14.114,0.192,5.235,1631,4.0,15.0,35,2443,-5.6000000000000005,14.9,36,-13.845,-0.268,0,,
PRE-1,5.6415,1789818694.949,5.0,1.32,-14.114,0.192,5.235,1631,4.0,15.0,35,2443,-5.6000000000000005,14.9,36,-13.845,-0.268,0,,
PRE-1,5.6615,1789818694.969,5.0,1.32,-14.114,0.192,5.235,1631,4.0,15.0,35,2443,-5.6000000000000005,14.9,36,-13.845,-0.268,0,,
PRE-1,5.6815,1789818694.989,5.0,1.32,-14.075,0.23,5.235,1632,4.800000000000001,15.0,35,2443,-5.6000000000000005,14.9,36,-13.845,-0.23,0,,
PRE-1,5.7015,1789818695.009,5.0,1.32,-14.114,0.192,5.235,1631,4.0,15.0,35,2443,-5.6000000000000005,14.9,36,-13.845,-0.268,0,,
PRE-1,5.7214,1789818695.029,5.0,1.32,-14.114,0.192,5.235,1631,4.0,15.0,35,2443,-5.6000000000000005,14.9,36,-13.845,-0.268,0,,
PRE-1,5.7415,1789818695.049,5.0,1.32,-14.114,0.192,5.235,1631,4.0,15.0,35,2443,-5.6000000000000005,14.9,36,-13.845,-0.268,0,,
PRE-1,5.7615,1789818695.069,5.0,1.32,-14.114,0.192,5.235,1631,4.0,15.0,35,2443,-5.6000000000000005,14.9,36,-13.845,-0.268,0,,
PRE-1,5.7814,1789818695.089,5.0,1.32,-14.114,0.192,5.235,1631,4.0,15.0,35,2443,-5.6000000000000005,14.9,36,-13.845,-0.268,0,,
PRE-1,5.8015,1789818695.109,5.0,1.32,-14.114,0.192,5.235,1631,4.0,15.0,35,2443,-5.6000000000000005,14.9,36,-13.845,-0.268,0,,
PRE-1,5.8215,1789818695.129,5.0,1.32,-14.114,0.192,5.235,1631,4.0,15.0,35,2443,-5.6000000000000005,14.9,36,-13.845,-0.268,0,,
PRE-1,5.8415,1789818695.149,5.0,1.32,-14.114,0.192,5.235,1631,4.0,15.0,35,2443,-5.6000000000000005,14.9,36,-13.845,-0.268,0,,
PRE-1,5.8614,1789818695.169,5.0,1.32,-14.114,0.192,5.235,1631,4.0,15.0,35,2443,-5.6000000000000005,14.9,36,-13.845,-0.268,0,,
PRE-1,5.8815,1789818695.189,5.0,1.32,-14.114,0.192,5.235,1631,4.0,15.0,35,2443,-5.6000000000000005,14.9,36,-13.845,-0.268,0,,
PRE-1,5.9015,1789818695.209,5.0,1.32,-14.114,0.192,5.235,1631,4.0,15.0,35,2443,-5.6000000000000005,14.9,36,-13.845,-0.268,0,,
PRE-1,5.9215,1789818695.229,5.0,1.32,-14.114,0.192,5.235,1631,4.0,15.0,35,2443,-5.6000000000000005,14.9,36,-13.845,-0.268,0,,
PRE-1,5.9414,1789818695.249,5.0,1.32,-14.114,0.192,5.235,1631,4.0,15.0,35,2443,-5.6000000000000005,14.9,36,-13.845,-0.268,0,,
PRE-1,5.9614,1789818695.269,5.0,1.32,-14.114,0.192,5.235,1631,4.0,15.0,35,2443,-5.6000000000000005,14.9,36,-13.845,-0.268,0,,
PRE-1,5.9815,1789818695.289,5.0,1.32,-14.114,0.192,5.235,1631,4.0,14.9,35,2443,-5.6000000000000005,14.9,36,-13.845,-0.268,0,,
PRE-1,6.0015,1789818695.309,5.0,1.32,-14.114,0.192,5.235,1631,4.0,14.9,35,2443,-5.6000000000000005,14.9,36,-13.845,-0.268,0,,
PRE-1,6.0214,1789818695.329,5.0,1.32,-14.114,0.192,5.235,1631,4.0,14.9,35,2443,-5.6000000000000005,14.9,36,-13.845,-0.268,0,,
PRE-1,6.0414,1789818695.349,5.0,1.32,-14.114,0.192,5.235,1631,4.0,14.9,35,2443,-5.6000000000000005,14.9,36,-13.845,-0.268,0,,
PRE-1,6.0614,1789818695.369,5.0,1.32,-14.114,0.192,5.235,1631,4.0,14.9,35,2443,-5.6000000000000005,14.9,36,-13.845,-0.268,0,,
PRE-1,6.0814,1789818695.389,5.0,1.32,-14.114,0.192,5.235,1631,4.0,15.0,35,2443,-5.6000000000000005,14.9,36,-13.845,-0.268,0,,
PRE-1,6.1014,1789818695.409,5.0,1.32,-14.114,0.192,5.235,1631,4.0,15.0,35,2443,-5.6000000000000005,14.9,36,-13.845,-0.268,0,,
PRE-1,6.1214,1789818695.429,5.0,1.32,-14.114,0.192,5.235,1631,4.0,15.0,35,2443,-5.6000000000000005,14.9,36,-13.845,-0.268,0,,
PRE-1,6.1414,1789818695.449,5.0,1.32,-14.114,0.192,5.235,1631,4.0,15.0,35,2443,-5.6000000000000005,14.9,36,-13.845,-0.268,0,,
PRE-1,6.1614,1789818695.469,5.0,1.32,-14.114,0.192,5.235,1631,4.0,15.0,35,2443,-5.6000000000000005,14.9,36,-13.845,-0.268,0,,
PRE-1,6.1814,1789818695.489,5.0,1.32,-14.114,0.192,5.235,1631,4.0,15.0,35,2443,-5.6000000000000005,14.9,36,-13.845,-0.268,0,,
PRE-1,6.2014,1789818695.509,5.0,1.32,-14.114,0.192,5.235,1631,4.0,15.0,35,2443,-5.6000000000000005,14.9,36,-13.845,-0.268,0,,
PRE-1,6.2214,1789818695.529,5.0,1.32,-14.114,0.192,5.235,1631,4.0,15.0,35,2443,-5.6000000000000005,14.9,36,-13.845,-0.268,0,,
PRE-1,6.2414,1789818695.549,5.0,1.32,-14.114,0.192,5.235,1631,4.0,15.0,35,2443,-5.6000000000000005,14.9,36,-13.845,-0.268,0,,
PRE-1,6.2614,1789818695.569,5.0,1.32,-14.114,0.192,5.235,1631,4.0,15.0,35,2443,-5.6000000000000005,14.9,36,-13.845,-0.268,0,,
PRE-1,6.2814,1789818695.589,5.0,1.32,-14.114,0.192,5.235,1631,4.0,15.0,35,2443,-5.6000000000000005,14.9,36,-13.845,-0.268,0,,
PRE-1,6.3014,1789818695.609,5.0,1.32,-14.114,0.192,5.235,1631,4.0,15.0,35,2443,-5.6000000000000005,14.9,36,-13.845,-0.268,0,,
PRE-1,6.3214,1789818695.629,5.0,1.32,-14.114,0.192,5.235,1631,4.0,15.0,35,2443,-5.6000000000000005,14.9,36,-13.845,-0.268,0,,
PRE-1,6.3416,1789818695.649,5.0,1.32,-14.114,0.192,5.235,1631,4.0,15.0,35,2443,-5.6000000000000005,14.9,36,-13.845,-0.268,0,,
PRE-1,6.3614,1789818695.669,5.0,1.32,-14.114,0.192,5.235,1631,4.0,15.0,35,2443,-5.6000000000000005,14.9,36,-13.845,-0.268,0,,
PRE-1,6.3814,1789818695.689,5.0,1.32,-14.114,0.192,5.235,1631,4.0,15.0,35,2443,-5.6000000000000005,14.9,36,-13.845,-0.268,0,,
PRE-1,6.4014,1789818695.709,5.0,1.32,-14.114,0.192,5.235,1631,4.0,15.0,35,2443,-5.6000000000000005,14.9,36,-13.845,-0.268,0,,
PRE-1,6.4214,1789818695.729,5.0,1.32,-14.114,0.192,5.235,1631,4.0,15.0,35,2443,-5.6000000000000005,14.9,36,-13.845,-0.268,0,,
PRE-1,6.4414,1789818695.749,5.0,1.32,-14.114,0.192,5.235,1631,4.0,15.0,35,2443,-5.6000000000000005,14.9,36,-13.845,-0.268,0,,
PRE-1,6.4614,1789818695.769,5.0,1.32,-14.114,0.192,5.235,1631,4.0,15.0,35,2443,-5.6000000000000005,14.9,36,-13.845,-0.268,0,,
PRE-1,6.4814,1789818695.789,5.0,1.32,-14.114,0.192,5.235,1631,4.0,15.0,35,2443,-5.6000000000000005,14.9,36,-13.845,-0.268,0,,
PRE-1,6.5014,1789818695.809,5.0,1.32,-14.114,0.192,5.235,1631,4.0,15.0,35,2443,-5.6000000000000005,14.9,36,-13.845,-0.268,0,,
PRE-1,6.5214,1789818695.829,5.0,1.32,-14.114,0.192,5.235,1631,4.0,15.0,35,2443,-5.6000000000000005,14.9,36,-13.845,-0.268,0,,
PRE-1,6.5416,1789818695.849,5.0,1.32,-14.114,0.192,5.235,1631,4.0,15.0,35,2443,-5.6000000000000005,14.9,36,-13.845,-0.268,0,,
PRE-1,6.5614,1789818695.869,5.0,1.32,-14.114,0.192,5.235,1631,4.0,15.0,35,2443,-5.6000000000000005,14.9,36,-13.845,-0.268,0,,
PRE-1,6.5814,1789818695.889,5.0,1.32,-14.114,0.192,5.235,1631,4.0,15.0,35,2443,-5.6000000000000005,14.9,36,-13.845,-0.268,0,,
PRE-1,6.6014,1789818695.909,5.0,1.32,-14.114,0.192,5.235,1631,4.0,15.0,35,2443,-5.6000000000000005,14.9,36,-13.845,-0.268,0,,
PRE-1,6.6214,1789818695.929,5.0,1.32,-14.114,0.192,5.235,1631,4.0,15.0,35,2443,-5.6000000000000005,14.9,36,-13.845,-0.268,0,,
PRE-1,6.6414,1789818695.949,5.0,1.32,-14.114,0.192,5.235,1631,4.0,15.0,35,2443,-5.6000000000000005,14.9,36,-13.845,-0.268,0,,
PRE-1,6.6614,1789818695.969,5.0,1.32,-14.114,0.192,5.235,1631,4.0,15.0,35,2443,-5.6000000000000005,14.9,36,-13.845,-0.268,0,,
PRE-1,6.6814,1789818695.989,5.0,1.32,-14.075,0.23,5.235,1632,4.800000000000001,15.0,35,2443,-5.6000000000000005,14.9,36,-13.845,-0.23,0,,
PRE-1,6.7014,1789818696.009,5.0,1.32,-14.114,0.192,5.235,1631,4.0,15.0,35,2443,-5.6000000000000005,14.9,36,-13.845,-0.268,0,,
PRE-1,6.7214,1789818696.029,5.0,1.32,-14.075,0.23,5.235,1632,4.800000000000001,15.0,35,2443,-5.6000000000000005,14.9,36,-13.845,-0.23,0,,
PRE-1,6.7414,1789818696.049,5.0,1.32,-14.114,0.192,5.235,1631,4.0,15.0,35,2443,-5.6000000000000005,14.9,36,-13.845,-0.268,0,,
PRE-1,6.7614,1789818696.069,5.0,1.32,-14.114,0.192,5.235,1631,4.0,15.0,35,2443,-5.6000000000000005,14.9,36,-13.845,-0.268,0,,
PRE-1,6.7814,1789818696.089,5.0,1.32,-14.114,0.192,5.235,1631,4.0,14.9,35,2443,-5.6000000000000005,14.9,36,-13.845,-0.268,0,,
PRE-1,6.8014,1789818696.109,5.0,1.32,-14.114,0.192,5.235,1631,4.0,14.9,35,2443,-5.6000000000000005,14.9,36,-13.845,-0.268,0,,
PRE-1,6.8214,1789818696.129,5.0,1.32,-14.114,0.192,5.235,1631,4.0,14.9,35,2443,-5.6000000000000005,14.9,36,-13.845,-0.268,0,,
PRE-1,6.8414,1789818696.149,5.0,1.32,-14.114,0.192,5.235,1631,4.0,14.9,35,2443,-5.6000000000000005,14.9,36,-13.845,-0.268,0,,
PRE-1,6.8615,1789818696.169,5.0,1.32,-14.114,0.192,5.235,1631,4.0,14.9,35,2443,-5.6000000000000005,14.9,36,-13.845,-0.268,0,,
PRE-1,6.8814,1789818696.189,5.0,1.32,-14.114,0.192,5.235,1631,4.0,14.9,35,2443,-5.6000000000000005,14.9,36,-13.845,-0.268,0,,
PRE-1,6.9014,1789818696.209,5.0,1.32,-14.114,0.192,5.235,1631,4.0,15.0,35,2443,-5.6000000000000005,14.9,36,-13.845,-0.268,0,,
PRE-1,6.9214,1789818696.229,5.0,1.32,-14.114,0.192,5.235,1631,4.0,15.0,35,2443,-5.6000000000000005,14.9,36,-13.845,-0.268,0,,
PRE-1,6.9414,1789818696.249,5.0,1.32,-14.114,0.192,5.235,1631,4.0,15.0,35,2443,-5.6000000000000005,14.9,36,-13.845,-0.268,0,,
PRE-1,6.9614,1789818696.269,5.0,1.32,-14.114,0.192,5.235,1631,4.0,15.0,35,2443,-5.6000000000000005,14.9,36,-13.845,-0.268,0,,
PRE-1,6.9814,1789818696.289,5.0,1.32,-14.114,0.192,5.235,1631,4.0,15.0,35,2443,-5.6000000000000005,14.9,36,-13.845,-0.268,0,,
PRE-1,7.0014,1789818696.309,5.0,1.32,-14.114,0.192,5.235,1631,4.0,15.0,35,2443,-5.6000000000000005,14.9,36,-13.845,-0.268,0,,
PRE-1,7.0214,1789818696.329,5.0,1.32,-14.114,0.192,5.235,1631,4.0,15.0,35,2443,-5.6000000000000005,14.9,36,-13.845,-0.268,0,,
PRE-1,7.0414,1789818696.349,5.0,1.32,-14.114,0.192,5.235,1631,4.0,15.0,35,2443,-5.6000000000000005,14.9,36,-13.845,-0.268,0,,
PRE-1,7.0614,1789818696.369,5.0,1.32,-14.114,0.192,5.235,1631,4.0,15.0,35,2443,-5.6000000000000005,14.9,36,-13.845,-0.268,0,,
PRE-1,7.0814,1789818696.389,5.0,1.32,-14.114,0.192,5.235,1631,4.0,15.0,35,2443,-5.6000000000000005,14.9,36,-13.845,-0.268,0,,
PRE-1,7.1014,1789818696.409,5.0,1.32,-14.114,0.192,5.235,1631,4.0,15.0,35,2443,-5.6000000000000005,14.9,36,-13.845,-0.268,0,,
PRE-1,7.1214,1789818696.429,5.0,1.32,-14.114,0.192,5.235,1631,4.0,15.0,35,2443,-5.6000000000000005,14.9,36,-13.845,-0.268,0,,
PRE-1,7.1414,1789818696.449,5.0,1.32,-14.114,0.192,5.235,1631,4.0,15.0,35,2443,-5.6000000000000005,14.9,36,-13.845,-0.268,0,,
PRE-1,7.1613,1789818696.469,5.0,1.32,-14.075,0.23,5.235,1632,4.800000000000001,15.0,35,2443,-5.6000000000000005,14.9,36,-13.845,-0.23,0,,
PRE-1,7.1814,1789818696.489,5.0,1.32,-14.114,0.192,5.235,1631,4.0,15.0,35,2443,-5.6000000000000005,14.9,36,-13.845,-0.268,0,,
PRE-1,7.2013,1789818696.509,5.0,1.32,-14.114,0.192,5.235,1631,4.0,15.0,35,2443,-5.6000000000000005,14.9,36,-13.845,-0.268,0,,
PRE-1,7.2213,1789818696.529,5.0,1.32,-14.114,0.192,5.235,1631,4.0,15.0,35,2443,-5.6000000000000005,14.9,36,-13.845,-0.268,0,,
PRE-1,7.2413,1789818696.549,5.0,1.32,-14.114,0.192,5.235,1631,4.0,15.0,35,2443,-5.6000000000000005,14.9,36,-13.845,-0.268,0,,
PRE-1,7.2614,1789818696.569,5.0,1.32,-14.114,0.192,5.235,1631,4.0,15.0,35,2443,-5.6000000000000005,14.9,36,-13.845,-0.268,0,,
PRE-1,7.2813,1789818696.589,5.0,1.32,-14.114,0.192,5.235,1631,4.0,15.0,35,2443,-5.6000000000000005,14.9,36,-13.845,-0.268,0,,
PRE-1,7.3014,1789818696.609,5.0,1.32,-14.114,0.192,5.235,1631,4.0,15.0,35,2443,-5.6000000000000005,14.9,36,-13.845,-0.268,0,,
PRE-1,7.3214,1789818696.629,5.0,1.32,-14.114,0.192,5.235,1631,4.0,15.0,35,2443,-5.6000000000000005,14.9,36,-13.845,-0.268,0,,
PRE-1,7.3414,1789818696.649,5.0,1.32,-14.114,0.192,5.235,1631,4.0,15.0,35,2443,-5.6000000000000005,14.9,36,-13.845,-0.268,0,,
PRE-1,7.3615,1789818696.669,5.0,1.32,-14.114,0.192,5.235,1631,4.0,15.0,35,2443,-5.6000000000000005,14.9,36,-13.845,-0.268,0,,
PRE-1,7.3814,1789818696.689,5.0,1.32,-14.114,0.192,5.235,1631,4.0,15.0,35,2443,-5.6000000000000005,14.9,36,-13.845,-0.268,0,,
PRE-1,7.4014,1789818696.709,5.0,1.32,-14.114,0.192,5.235,1631,4.0,15.0,35,2443,-5.6000000000000005,14.9,36,-13.845,-0.268,0,,
PRE-1,7.4213,1789818696.729,5.0,1.32,-14.114,0.192,5.235,1631,4.0,15.0,35,2443,-5.6000000000000005,14.9,36,-13.845,-0.268,0,,
PRE-1,7.4414,1789818696.749,5.0,1.32,-14.114,0.192,5.235,1631,4.0,15.0,35,2443,-5.6000000000000005,14.9,36,-13.845,-0.268,0,,
PRE-1,7.4613,1789818696.769,5.0,1.32,-14.114,0.192,5.235,1631,4.0,15.0,35,2443,-5.6000000000000005,14.9,36,-13.845,-0.268,0,,
PRE-1,7.4813,1789818696.789,5.0,1.32,-14.114,0.192,5.235,1631,4.0,15.0,35,2443,-5.6000000000000005,14.9,36,-13.845,-0.268,0,,
PRE-1,7.5013,1789818696.809,5.0,1.32,-14.114,0.192,5.235,1631,4.0,15.0,35,2443,-5.6000000000000005,14.9,36,-13.845,-0.268,0,,
PRE-1,7.5213,1789818696.829,5.0,1.32,-14.114,0.192,5.235,1631,4.0,15.0,35,2443,-5.6000000000000005,14.9,36,-13.845,-0.268,0,,
PRE-1,7.5413,1789818696.849,5.0,1.32,-14.114,0.192,5.235,1631,4.0,15.0,35,2443,-5.6000000000000005,14.9,36,-13.845,-0.268,0,,
PRE-1,7.5613,1789818696.869,5.0,1.32,-14.114,0.192,5.235,1631,4.0,15.0,35,2443,-5.6000000000000005,14.9,36,-13.845,-0.268,0,,
PRE-1,7.5813,1789818696.889,5.0,1.32,-14.114,0.192,5.235,1631,4.0,15.0,35,2443,-5.6000000000000005,14.9,36,-13.845,-0.268,0,,
PRE-1,7.6013,1789818696.909,5.0,1.32,-14.114,0.192,5.235,1631,4.0,15.0,35,2443,-5.6000000000000005,14.9,36,-13.845,-0.268,0,,
PRE-1,7.6213,1789818696.929,5.0,1.32,-14.114,0.192,5.235,1631,4.0,15.0,35,2443,-5.6000000000000005,14.9,36,-13.845,-0.268,0,,
PRE-1,7.6413,1789818696.949,5.0,1.32,-14.114,0.192,5.235,1631,4.0,15.0,35,2443,-5.6000000000000005,14.9,36,-13.845,-0.268,0,,
PRE-1,7.6613,1789818696.969,5.0,1.32,-14.114,0.192,5.235,1631,4.0,15.0,35,2443,-5.6000000000000005,14.9,36,-13.845,-0.268,0,,
PRE-1,7.6813,1789818696.989,5.0,1.32,-14.114,0.192,5.235,1631,4.0,15.0,35,2443,-5.6000000000000005,14.9,36,-13.845,-0.268,0,,
PRE-1,7.7013,1789818697.009,5.0,1.32,-14.114,0.192,5.235,1631,4.0,15.0,35,2443,-5.6000000000000005,14.9,36,-13.845,-0.268,0,,
PRE-1,7.7213,1789818697.029,5.0,1.32,-14.114,0.192,5.235,1631,4.0,14.9,35,2443,-5.6000000000000005,14.9,36,-13.845,-0.268,0,,
PRE-1,7.7413,1789818697.049,5.0,1.32,-14.114,0.192,5.235,1631,4.0,14.9,35,2443,-5.6000000000000005,14.9,36,-13.845,-0.268,0,,
PRE-1,7.7613,1789818697.069,5.0,1.32,-14.075,0.23,5.235,1632,4.800000000000001,14.9,35,2444,-4.800000000000001,14.9,36,-13.884,-0.192,0,,
PRE-1,7.7815,1789818697.089,5.0,1.32,-14.114,0.192,5.235,1631,4.0,14.9,35,2443,-5.6000000000000005,14.9,35,-13.845,-0.268,0,,
PRE-1,7.8015,1789818697.109,5.0,1.32,-14.114,0.192,5.235,1631,4.0,14.9,35,2443,-5.6000000000000005,14.9,35,-13.845,-0.268,0,,
PRE-1,7.8214,1789818697.129,5.0,1.32,-14.114,0.192,5.235,1631,4.0,14.9,35,2443,-5.6000000000000005,14.9,35,-13.845,-0.268,0,,
PRE-1,7.8413,1789818697.149,5.0,1.32,-14.114,0.192,5.235,1631,4.0,15.0,35,2443,-5.6000000000000005,14.9,35,-13.845,-0.268,0,,
PRE-1,7.8614,1789818697.169,5.0,1.32,-14.114,0.192,5.235,1631,4.0,15.0,35,2443,-5.6000000000000005,14.9,35,-13.845,-0.268,0,,
PRE-1,7.8815,1789818697.189,5.0,1.32,-14.114,0.192,5.235,1631,4.0,15.0,35,2443,-5.6000000000000005,14.9,35,-13.845,-0.268,0,,
PRE-1,7.9014,1789818697.209,5.0,1.32,-14.114,0.192,5.235,1631,4.0,15.0,35,2443,-5.6000000000000005,14.9,36,-13.845,-0.268,0,,
PRE-1,7.9215,1789818697.229,5.0,1.32,-14.114,0.192,5.235,1631,4.0,15.0,35,2443,-5.6000000000000005,14.9,36,-13.845,-0.268,0,,
PRE-1,7.9415,1789818697.249,5.0,1.32,-14.114,0.192,5.235,1631,4.0,15.0,35,2443,-5.6000000000000005,14.9,36,-13.845,-0.268,0,,
PRE-1,7.9615,1789818697.269,5.0,1.32,-14.114,0.192,5.235,1631,4.0,15.0,35,2443,-5.6000000000000005,14.9,36,-13.845,-0.268,0,,
PRE-1,7.9814,1789818697.289,5.0,1.32,-14.114,0.192,5.235,1631,4.0,15.0,35,2443,-5.6000000000000005,14.9,36,-13.845,-0.268,0,,
PRE-1,8.0013,1789818697.309,5.0,1.32,-14.114,0.192,5.235,1631,4.0,15.0,35,2443,-5.6000000000000005,14.9,36,-13.845,-0.268,0,,
PRE-1,8.0213,1789818697.329,5.0,1.32,-14.114,0.192,5.235,1631,4.0,15.0,35,2443,-5.6000000000000005,14.9,36,-13.845,-0.268,0,,
PRE-1,8.0413,1789818697.349,5.0,1.32,-14.114,0.192,5.235,1631,4.0,15.0,35,2443,-5.6000000000000005,14.9,36,-13.845,-0.268,0,,
PRE-1,8.0614,1789818697.369,5.0,1.32,-14.114,0.192,5.235,1631,4.0,15.0,35,2443,-5.6000000000000005,14.9,36,-13.845,-0.268,0,,
PRE-1,8.0814,1789818697.389,5.0,1.32,-14.114,0.192,5.235,1631,4.0,15.0,35,2443,-5.6000000000000005,14.9,36,-13.845,-0.268,0,,
PRE-1,8.1013,1789818697.409,5.0,1.32,-14.114,0.192,5.235,1631,4.0,15.0,35,2443,-5.6000000000000005,14.9,36,-13.845,-0.268,0,,
PRE-1,8.1214,1789818697.429,5.0,1.32,-14.114,0.192,5.235,1631,4.0,15.0,35,2443,-5.6000000000000005,14.9,36,-13.845,-0.268,0,,
PRE-1,8.1413,1789818697.448,5.0,1.32,-14.114,0.192,5.235,1631,4.0,15.0,35,2443,-5.6000000000000005,14.9,36,-13.845,-0.268,0,,
PRE-1,8.1614,1789818697.469,5.0,1.32,-14.114,0.192,5.235,1631,4.0,15.0,35,2443,-5.6000000000000005,14.9,36,-13.845,-0.268,0,,
PRE-1,8.1814,1789818697.489,5.0,1.32,-14.114,0.192,5.235,1631,4.0,15.0,35,2443,-5.6000000000000005,14.9,36,-13.845,-0.268,0,,
PRE-1,8.2014,1789818697.509,5.0,1.32,-14.075,0.23,5.235,1632,4.800000000000001,15.0,35,2443,-5.6000000000000005,14.9,36,-13.845,-0.23,0,,
PRE-1,8.2215,1789818697.529,5.0,1.32,-14.114,0.192,5.235,1631,4.0,15.0,35,2443,-5.6000000000000005,14.9,36,-13.845,-0.268,0,,
PRE-1,8.2414,1789818697.549,5.0,1.32,-14.114,0.192,5.235,1631,4.0,15.0,35,2443,-5.6000000000000005,14.9,36,-13.845,-0.268,0,,
PRE-1,8.2614,1789818697.569,5.0,1.32,-14.114,0.192,5.235,1631,4.0,15.0,35,2443,-5.6000000000000005,14.9,36,-13.845,-0.268,0,,
PRE-1,8.2813,1789818697.589,5.0,1.32,-14.075,0.23,5.235,1632,4.800000000000001,15.0,35,2443,-5.6000000000000005,14.9,36,-13.845,-0.23,0,,
PRE-1,8.3014,1789818697.609,5.0,1.32,-14.114,0.192,5.235,1631,4.0,15.0,35,2443,-5.6000000000000005,14.9,36,-13.845,-0.268,0,,
PRE-1,8.3214,1789818697.629,5.0,1.32,-14.114,0.192,5.235,1631,4.0,15.0,35,2443,-5.6000000000000005,14.9,36,-13.845,-0.268,0,,
PRE-1,8.3414,1789818697.649,5.0,1.32,-14.114,0.192,5.235,1631,4.0,15.0,35,2443,-5.6000000000000005,14.9,36,-13.845,-0.268,0,,
PRE-1,8.3613,1789818697.669,5.0,1.32,-14.075,0.23,5.235,1632,4.800000000000001,15.0,35,2443,-5.6000000000000005,14.9,36,-13.845,-0.23,0,,
PRE-1,8.3814,1789818697.689,5.0,1.32,-14.114,0.192,5.235,1631,4.0,15.0,35,2443,-5.6000000000000005,14.9,36,-13.845,-0.268,0,,
PRE-1,8.4015,1789818697.709,5.0,1.32,-14.114,0.192,5.235,1631,4.0,15.0,35,2443,-5.6000000000000005,14.9,36,-13.845,-0.268,0,,
PRE-1,8.4214,1789818697.729,5.0,1.32,-14.114,0.192,5.235,1631,4.0,14.9,35,2443,-5.6000000000000005,14.9,36,-13.845,-0.268,0,,
PRE-1,8.4413,1789818697.748,5.0,1.32,-14.114,0.192,5.235,1631,4.0,14.9,35,2443,-5.6000000000000005,14.9,36,-13.845,-0.268,0,,
PRE-1,8.4613,1789818697.768,5.0,1.32,-14.075,0.23,5.235,1632,4.0,14.9,35,2443,-5.6000000000000005,14.9,36,-13.845,-0.23,0,,
PRE-1,8.4815,1789818697.789,5.0,1.32,-14.114,0.192,5.235,1631,4.0,14.9,35,2443,-5.6000000000000005,14.9,36,-13.845,-0.268,0,,
PRE-1,8.5014,1789818697.809,5.0,1.32,-14.114,0.192,5.235,1631,4.0,14.9,35,2443,-5.6000000000000005,14.9,36,-13.845,-0.268,0,,
PRE-1,8.5214,1789818697.829,5.0,1.32,-14.114,0.192,5.235,1631,4.0,14.9,35,2443,-5.6000000000000005,14.9,36,-13.845,-0.268,0,,
PRE-1,8.5413,1789818697.849,5.0,1.32,-14.114,0.192,5.235,1631,4.0,14.9,35,2443,-5.6000000000000005,14.9,36,-13.845,-0.268,0,,
PRE-1,8.5613,1789818697.869,5.0,1.32,-14.114,0.192,5.235,1631,4.0,14.9,35,2443,-5.6000000000000005,14.9,36,-13.845,-0.268,0,,
PRE-1,8.5813,1789818697.889,5.0,1.32,-14.114,0.192,5.235,1631,4.0,14.9,35,2443,-5.6000000000000005,14.9,36,-13.845,-0.268,0,,
PRE-1,8.6014,1789818697.909,5.0,1.32,-14.114,0.192,5.235,1631,4.0,14.9,35,2443,-5.6000000000000005,14.9,36,-13.845,-0.268,0,,
PRE-1,8.6213,1789818697.928,5.0,1.32,-14.114,0.192,5.235,1631,4.0,14.9,35,2443,-5.6000000000000005,14.9,36,-13.845,-0.268,0,,
PRE-1,8.6414,1789818697.949,5.0,1.32,-14.114,0.192,5.235,1631,4.0,15.0,35,2443,-5.6000000000000005,14.9,36,-13.845,-0.268,0,,
PRE-1,8.6614,1789818697.969,5.0,1.32,-14.114,0.192,5.235,1631,4.0,15.0,35,2443,-5.6000000000000005,14.8,36,-13.845,-0.268,0,,
PRE-1,8.6814,1789818697.989,5.0,1.32,-14.114,0.192,5.235,1631,4.0,15.0,35,2443,-5.6000000000000005,14.8,36,-13.845,-0.268,0,,
PRE-1,8.7014,1789818698.009,5.0,1.32,-14.075,0.23,5.235,1632,4.800000000000001,15.0,35,2443,-5.6000000000000005,14.8,36,-13.845,-0.23,0,,
PRE-1,8.7215,1789818698.029,5.0,1.32,-14.114,0.192,5.235,1631,4.0,15.0,35,2443,-5.6000000000000005,14.8,36,-13.845,-0.268,0,,
PRE-1,8.7414,1789818698.049,5.0,1.32,-14.075,0.23,5.235,1632,4.800000000000001,15.0,35,2443,-5.6000000000000005,14.8,36,-13.845,-0.23,0,,
PRE-1,8.7613,1789818698.069,5.0,1.32,-14.114,0.192,5.235,1631,4.0,15.0,35,2443,-5.6000000000000005,14.9,36,-13.845,-0.268,0,,
PRE-1,8.7814,1789818698.089,5.0,1.32,-14.114,0.192,5.235,1631,4.0,15.0,35,2443,-5.6000000000000005,14.9,36,-13.845,-0.268,0,,
PRE-1,8.8014,1789818698.109,5.0,1.32,-14.114,0.192,5.235,1631,4.0,15.0,35,2443,-5.6000000000000005,14.9,36,-13.845,-0.268,0,,
PRE-1,8.8214,1789818698.129,5.0,1.32,-14.114,0.192,5.235,1631,4.0,15.0,35,2443,-5.6000000000000005,14.9,36,-13.845,-0.268,0,,
PRE-1,8.8414,1789818698.149,5.0,1.32,-14.114,0.192,5.235,1631,4.0,15.0,35,2444,-4.800000000000001,14.9,36,-13.884,-0.23,0,,
PRE-1,8.8614,1789818698.169,5.0,1.32,-14.114,0.192,5.235,1631,4.0,15.0,35,2443,-5.6000000000000005,14.9,36,-13.845,-0.268,0,,
PRE-1,8.8814,1789818698.189,5.0,1.32,-14.114,0.192,5.235,1631,4.0,15.0,35,2443,-5.6000000000000005,14.9,36,-13.845,-0.268,0,,
PRE-1,8.9014,1789818698.209,5.0,1.32,-14.114,0.192,5.235,1631,4.0,15.0,35,2443,-5.6000000000000005,14.9,36,-13.845,-0.268,0,,
PRE-1,8.9214,1789818698.229,5.0,1.32,-14.114,0.192,5.235,1631,4.0,15.0,35,2443,-5.6000000000000005,14.9,36,-13.845,-0.268,0,,
PRE-1,8.9413,1789818698.248,5.0,1.32,-14.114,0.192,5.235,1631,4.0,15.0,35,2443,-5.6000000000000005,14.9,36,-13.845,-0.268,0,,
PRE-1,8.9614,1789818698.269,5.0,1.32,-14.114,0.192,5.235,1631,4.0,15.0,35,2443,-5.6000000000000005,14.9,36,-13.845,-0.268,0,,
PRE-1,8.9814,1789818698.289,5.0,1.32,-14.114,0.192,5.235,1631,4.0,15.0,35,2443,-5.6000000000000005,14.9,36,-13.845,-0.268,0,,
PRE-1,9.0014,1789818698.309,5.0,1.32,-14.114,0.192,5.235,1631,4.0,15.0,35,2443,-5.6000000000000005,14.9,36,-13.845,-0.268,0,,
PRE-1,9.0212,1789818698.328,5.0,1.32,-14.114,0.192,5.235,1631,4.0,15.0,35,2443,-5.6000000000000005,14.9,36,-13.845,-0.268,0,,
PRE-1,9.0414,1789818698.349,5.0,1.32,-14.114,0.192,5.235,1631,4.0,15.0,35,2443,-5.6000000000000005,14.9,36,-13.845,-0.268,0,,
PRE-1,9.0613,1789818698.369,5.0,1.32,-14.114,0.192,5.235,1631,4.0,15.0,35,2443,-5.6000000000000005,14.9,36,-13.845,-0.268,0,,
PRE-1,9.0814,1789818698.389,5.0,1.32,-14.114,0.192,5.235,1631,4.0,15.0,35,2443,-5.6000000000000005,14.9,36,-13.845,-0.268,0,,
PRE-1,9.1014,1789818698.409,5.0,1.32,-14.114,0.192,5.235,1631,4.0,15.0,35,2443,-5.6000000000000005,14.9,36,-13.845,-0.268,0,,
PRE-1,9.1214,1789818698.429,5.0,1.32,-14.114,0.192,5.235,1631,4.0,15.0,35,2443,-5.6000000000000005,14.9,36,-13.845,-0.268,0,,
PRE-1,9.1413,1789818698.448,5.0,1.32,-14.114,0.192,5.235,1631,4.0,15.0,35,2443,-5.6000000000000005,14.9,36,-13.845,-0.268,0,,
PRE-1,9.1613,1789818698.468,5.0,1.32,-14.114,0.192,5.235,1631,4.0,15.0,35,2443,-5.6000000000000005,14.9,36,-13.845,-0.268,0,,
PRE-1,9.1813,1789818698.488,5.0,1.32,-14.114,0.192,5.235,1631,4.0,15.0,35,2443,-5.6000000000000005,14.9,36,-13.845,-0.268,0,,
PRE-1,9.2013,1789818698.508,5.0,1.32,-14.114,0.192,5.235,1631,4.0,15.0,35,2443,-5.6000000000000005,14.9,36,-13.845,-0.268,0,,
PRE-1,9.2213,1789818698.528,5.0,1.32,-14.114,0.192,5.235,1631,4.0,15.0,35,2443,-5.6000000000000005,14.9,36,-13.845,-0.268,0,,
PRE-1,9.2413,1789818698.548,5.0,1.32,-14.114,0.192,5.235,1631,4.0,15.0,35,2443,-5.6000000000000005,14.9,36,-13.845,-0.268,0,,
PRE-1,9.2613,1789818698.568,5.0,1.32,-14.114,0.192,5.235,1631,4.0,15.0,35,2443,-5.6000000000000005,14.9,36,-13.845,-0.268,0,,
PRE-1,9.2813,1789818698.588,5.0,1.32,-14.114,0.192,5.235,1631,4.0,15.0,35,2443,-5.6000000000000005,14.9,36,-13.845,-0.268,0,,
PRE-1,9.3013,1789818698.608,5.0,1.32,-14.114,0.192,5.235,1631,4.0,15.0,35,2443,-5.6000000000000005,14.9,36,-13.845,-0.268,0,,
PRE-1,9.3212,1789818698.628,5.0,1.32,-14.114,0.192,5.235,1631,4.0,15.0,35,2443,-5.6000000000000005,14.9,36,-13.845,-0.268,0,,
PRE-1,9.3412,1789818698.648,5.0,1.32,-14.114,0.192,5.235,1631,4.0,15.0,35,2443,-5.6000000000000005,14.9,36,-13.845,-0.268,0,,
PRE-1,9.3612,1789818698.668,5.0,1.32,-14.075,0.23,5.235,1632,4.800000000000001,15.0,35,2443,-5.6000000000000005,14.9,36,-13.845,-0.23,0,,
PRE-1,9.3812,1789818698.688,5.0,1.32,-14.114,0.192,5.235,1631,4.0,15.0,35,2443,-5.6000000000000005,14.9,36,-13.845,-0.268,0,,
PRE-1,9.4012,1789818698.708,5.0,1.32,-14.114,0.192,5.235,1631,4.0,15.0,35,2443,-5.6000000000000005,14.9,36,-13.845,-0.268,0,,
PRE-1,9.4212,1789818698.728,5.0,1.32,-14.114,0.192,5.235,1631,4.0,15.0,35,2443,-5.6000000000000005,14.9,36,-13.845,-0.268,0,,
PRE-1,9.4412,1789818698.748,5.0,1.32,-14.114,0.192,5.235,1631,4.0,15.0,35,2443,-5.6000000000000005,14.9,36,-13.845,-0.268,0,,
PRE-1,9.4612,1789818698.768,5.0,1.32,-14.114,0.192,5.235,1631,4.0,14.9,35,2443,-5.6000000000000005,14.9,36,-13.845,-0.268,0,,
PRE-1,9.4812,1789818698.788,5.0,1.32,-14.114,0.192,5.235,1631,4.0,14.9,35,2443,-5.6000000000000005,14.9,36,-13.845,-0.268,0,,
PRE-1,9.5012,1789818698.808,5.0,1.32,-14.114,0.192,5.235,1631,4.0,14.9,35,2443,-5.6000000000000005,14.9,36,-13.845,-0.268,0,,
PRE-1,9.5212,1789818698.828,5.0,1.32,-14.075,0.23,5.235,1632,4.800000000000001,14.9,35,2443,-5.6000000000000005,14.9,36,-13.845,-0.23,0,,
PRE-1,9.5412,1789818698.848,5.0,1.32,-14.114,0.192,5.235,1631,4.0,14.9,35,2443,-5.6000000000000005,14.9,36,-13.845,-0.268,0,,
PRE-1,9.5612,1789818698.868,5.0,1.32,-14.114,0.192,5.235,1631,4.0,14.9,35,2443,-5.6000000000000005,14.9,36,-13.845,-0.268,0,,
PRE-1,9.5812,1789818698.888,5.0,1.32,-14.114,0.192,5.235,1631,4.0,15.0,35,2443,-5.6000000000000005,14.9,36,-13.845,-0.268,0,,
PRE-1,9.6012,1789818698.908,5.0,1.32,-14.114,0.192,5.235,1631,4.0,15.0,35,2443,-5.6000000000000005,14.9,36,-13.845,-0.268,0,,
PRE-1,9.6212,1789818698.928,5.0,1.32,-14.114,0.192,5.235,1631,4.0,15.0,35,2443,-5.6000000000000005,14.9,36,-13.845,-0.268,0,,
PRE-1,9.6412,1789818698.948,5.0,1.32,-14.114,0.192,5.235,1631,4.0,15.0,35,2443,-5.6000000000000005,14.9,36,-13.845,-0.268,0,,
PRE-1,9.6612,1789818698.968,5.0,1.32,-14.114,0.192,5.235,1631,4.0,15.0,35,2443,-5.6000000000000005,14.9,36,-13.845,-0.268,0,,
PRE-1,9.6812,1789818698.988,5.0,1.32,-14.114,0.192,5.235,1631,4.0,15.0,35,2443,-5.6000000000000005,14.9,36,-13.845,-0.268,0,,
PRE-1,9.7012,1789818699.008,5.0,1.32,-14.114,0.192,5.235,1631,4.0,15.0,35,2443,-5.6000000000000005,14.9,36,-13.845,-0.268,0,,
PRE-1,9.7212,1789818699.028,5.0,1.32,-14.114,0.192,5.235,1631,4.0,15.0,35,2443,-5.6000000000000005,14.9,36,-13.845,-0.268,0,,
PRE-1,9.7411,1789818699.048,5.0,1.32,-14.114,0.192,5.235,1631,4.0,15.0,35,2443,-5.6000000000000005,14.9,36,-13.845,-0.268,0,,
PRE-1,9.7612,1789818699.068,5.0,1.32,-14.114,0.192,5.235,1631,4.0,15.0,35,2443,-5.6000000000000005,14.9,36,-13.845,-0.268,0,,
PRE-1,9.7811,1789818699.088,5.0,1.32,-14.114,0.192,5.235,1631,4.0,15.0,35,2443,-5.6000000000000005,14.9,36,-13.845,-0.268,0,,
PRE-1,9.8011,1789818699.108,5.0,1.32,-14.114,0.192,5.235,1631,4.0,15.0,35,2443,-5.6000000000000005,14.9,36,-13.845,-0.268,0,,
PRE-1,9.8213,1789818699.129,5.0,1.32,-14.114,0.192,5.235,1631,4.0,15.0,35,2443,-5.6000000000000005,14.9,36,-13.845,-0.268,0,,
PRE-1,9.8413,1789818699.149,5.0,1.32,-14.075,0.23,5.235,1632,4.800000000000001,15.0,35,2443,-5.6000000000000005,14.9,36,-13.845,-0.23,0,,
PRE-1,9.8613,1789818699.168,5.0,1.32,-14.114,0.192,5.235,1631,4.0,15.0,35,2443,-5.6000000000000005,14.9,36,-13.845,-0.268,0,,
PRE-1,9.8814,1789818699.189,5.0,1.32,-14.114,0.192,5.235,1631,4.0,15.0,35,2443,-5.6000000000000005,14.9,36,-13.845,-0.268,0,,
PRE-1,9.9013,1789818699.208,5.0,1.32,-14.114,0.192,5.235,1631,4.0,15.0,35,2443,-5.6000000000000005,14.9,36,-13.845,-0.268,0,,
PRE-1,9.9211,1789818699.228,5.0,1.32,-14.114,0.192,5.235,1631,4.0,15.0,35,2443,-5.6000000000000005,14.9,36,-13.845,-0.268,0,,
PRE-1,9.9414,1789818699.249,5.0,1.32,-14.114,0.192,5.235,1631,4.0,15.0,35,2443,-5.6000000000000005,14.9,36,-13.845,-0.268,0,,
PRE-1,9.9613,1789818699.269,5.0,1.32,-14.114,0.192,5.235,1631,4.0,15.0,35,2443,-5.6000000000000005,14.9,36,-13.845,-0.268,0,,
PRE-1,9.9812,1789818699.288,5.0,1.32,-14.114,0.192,5.235,1631,4.0,15.0,35,2443,-5.6000000000000005,14.9,36,-13.845,-0.268,0,,
PRE-1,10.0012,1789818699.308,5.0,1.32,-14.114,0.192,5.235,1631,4.0,15.0,35,2443,-5.6000000000000005,14.9,36,-13.845,-0.268,0,,
PRE-1,10.0212,1789818699.328,5.0,1.32,-14.114,0.192,5.235,1631,4.0,15.0,35,2443,-5.6000000000000005,14.9,36,-13.845,-0.268,0,,
PRE-1,10.0411,1789818699.348,5.0,1.32,-14.114,0.192,5.235,1631,4.0,15.0,35,2443,-5.6000000000000005,14.9,36,-13.845,-0.268,0,,
PRE-1,10.0611,1789818699.368,5.0,1.32,-14.114,0.192,5.235,1631,4.0,15.0,35,2443,-5.6000000000000005,14.9,36,-13.845,-0.268,0,,
PRE-1,10.0811,1789818699.388,5.0,1.32,-14.114,0.192,5.235,1631,4.0,15.0,35,2443,-5.6000000000000005,14.9,36,-13.845,-0.268,0,,
PRE-1,10.1011,1789818699.408,5.0,1.32,-14.114,0.192,5.235,1631,4.0,15.0,35,2443,-5.6000000000000005,14.9,36,-13.845,-0.268,0,,
PRE-1,10.1211,1789818699.428,5.0,1.32,-14.114,0.192,5.235,1631,4.0,15.0,35,2443,-5.6000000000000005,14.9,36,-13.845,-0.268,0,,
PRE-1,10.1411,1789818699.448,5.0,1.32,-14.114,0.192,5.235,1631,4.0,15.0,35,2443,-5.6000000000000005,14.9,36,-13.845,-0.268,0,,
PRE-1,10.1611,1789818699.468,5.0,1.32,-14.114,0.192,5.235,1631,4.0,14.9,35,2443,-5.6000000000000005,14.9,36,-13.845,-0.268,0,,
PRE-1,10.1811,1789818699.488,5.0,1.32,-14.114,0.192,5.235,1631,4.0,14.9,35,2443,-5.6000000000000005,14.9,36,-13.845,-0.268,0,,
PRE-1,10.2011,1789818699.508,5.0,1.32,-14.114,0.192,5.235,1631,4.0,14.9,35,2443,-5.6000000000000005,14.9,36,-13.845,-0.268,0,,
PRE-1,10.2211,1789818699.528,5.0,1.32,-14.114,0.192,5.235,1631,4.0,14.9,35,2443,-5.6000000000000005,14.9,36,-13.845,-0.268,0,,
PRE-1,10.2411,1789818699.548,5.0,1.32,-14.114,0.192,5.235,1631,4.0,14.9,35,2443,-5.6000000000000005,14.9,36,-13.845,-0.268,0,,
PRE-1,10.2611,1789818699.568,5.0,1.32,-14.114,0.192,5.235,1631,4.0,14.9,35,2443,-5.6000000000000005,14.9,36,-13.845,-0.268,0,,
PRE-1,10.2811,1789818699.588,5.0,1.32,-14.114,0.192,5.235,1631,4.0,15.0,35,2443,-5.6000000000000005,14.9,36,-13.845,-0.268,0,,
PRE-1,10.3011,1789818699.608,5.0,1.32,-14.114,0.192,5.235,1631,4.0,15.0,35,2443,-5.6000000000000005,14.9,36,-13.845,-0.268,0,,
PRE-1,10.3211,1789818699.628,5.0,1.32,-14.114,0.192,5.235,1631,4.0,15.0,35,2443,-5.6000000000000005,14.9,36,-13.845,-0.268,0,,
PRE-1,10.3411,1789818699.648,5.0,1.32,-14.075,0.23,5.235,1632,4.800000000000001,15.0,35,2443,-5.6000000000000005,14.9,36,-13.845,-0.23,0,,
PRE-1,10.3611,1789818699.668,5.0,1.32,-14.114,0.192,5.235,1631,4.0,15.0,35,2443,-5.6000000000000005,14.9,36,-13.845,-0.268,0,,
PRE-1,10.3811,1789818699.688,5.0,1.32,-14.114,0.192,5.235,1631,4.0,15.0,35,2443,-5.6000000000000005,14.9,36,-13.845,-0.268,0,,
PRE-1,10.4011,1789818699.708,5.0,1.32,-14.114,0.192,5.235,1631,4.0,15.0,35,2443,-5.6000000000000005,14.9,36,-13.845,-0.268,0,,
PRE-1,10.4211,1789818699.728,5.0,1.32,-14.075,0.23,5.235,1632,4.800000000000001,15.0,35,2443,-5.6000000000000005,14.9,36,-13.845,-0.23,0,,
PRE-1,10.4411,1789818699.748,5.0,1.32,-14.114,0.192,5.235,1631,4.0,15.0,35,2443,-5.6000000000000005,14.9,36,-13.845,-0.268,0,,
PRE-1,10.4611,1789818699.768,5.0,1.32,-14.114,0.192,5.235,1631,4.0,15.0,35,2443,-5.6000000000000005,14.9,36,-13.845,-0.268,0,,
PRE-1,10.4811,1789818699.788,5.0,1.32,-14.114,0.192,5.235,1631,4.0,15.0,35,2443,-5.6000000000000005,14.9,36,-13.845,-0.268,0,,
PRE-1,10.5011,1789818699.808,5.0,1.32,-14.114,0.192,5.235,1631,4.0,15.0,35,2443,-5.6000000000000005,14.9,36,-13.845,-0.268,0,,
PRE-1,10.5211,1789818699.828,5.0,1.32,-14.114,0.192,5.235,1631,4.0,15.0,35,2443,-5.6000000000000005,14.8,36,-13.845,-0.268,0,,
PRE-1,10.5411,1789818699.848,5.0,1.32,-14.114,0.192,5.235,1631,4.0,15.0,35,2443,-5.6000000000000005,14.8,36,-13.845,-0.268,0,,
PRE-1,10.5611,1789818699.868,5.0,1.32,-14.114,0.192,5.235,1631,4.0,15.0,35,2443,-5.6000000000000005,14.8,36,-13.845,-0.268,0,,
PRE-1,10.5811,1789818699.888,5.0,1.32,-14.114,0.192,5.235,1631,4.0,15.0,35,2443,-5.6000000000000005,14.8,36,-13.845,-0.268,0,,
PRE-1,10.601,1789818699.908,5.0,1.32,-14.114,0.192,5.235,1631,4.0,15.0,35,2443,-5.6000000000000005,14.8,36,-13.845,-0.268,0,,
PRE-1,10.621,1789818699.928,5.0,1.32,-14.114,0.192,5.235,1631,4.0,15.0,35,2443,-5.6000000000000005,14.8,36,-13.845,-0.268,0,,
PRE-1,10.641,1789818699.948,5.0,1.32,-14.114,0.192,5.235,1631,4.0,15.0,35,2443,-5.6000000000000005,14.9,36,-13.845,-0.268,0,,
PRE-1,10.661,1789818699.968,5.0,1.32,-14.114,0.192,5.235,1631,4.0,15.0,35,2443,-5.6000000000000005,14.9,36,-13.845,-0.268,0,,
PRE-1,10.681,1789818699.988,5.0,1.32,-14.114,0.192,5.235,1631,4.0,15.0,35,2443,-5.6000000000000005,14.9,36,-13.845,-0.268,0,,
PRE-1,10.701,1789818700.008,5.0,1.32,-14.114,0.192,5.235,1631,4.0,15.0,35,2443,-5.6000000000000005,14.9,36,-13.845,-0.268,0,,
PRE-1,10.721,1789818700.028,5.0,1.32,-14.114,0.192,5.235,1631,4.0,15.0,35,2443,-5.6000000000000005,14.9,36,-13.845,-0.268,0,,
PRE-1,10.741,1789818700.048,5.0,1.32,-14.114,0.192,5.235,1631,4.800000000000001,15.0,35,2443,-5.6000000000000005,14.9,36,-13.845,-0.268,0,,
PRE-1,10.761,1789818700.068,5.0,1.32,-14.114,0.192,5.235,1631,4.0,15.0,35,2443,-5.6000000000000005,14.9,36,-13.845,-0.268,0,,
PRE-1,10.781,1789818700.088,5.0,1.32,-14.075,0.23,5.235,1632,4.800000000000001,15.0,35,2443,-5.6000000000000005,14.9,36,-13.845,-0.23,0,,
PRE-1,10.801,1789818700.108,5.0,1.32,-14.114,0.192,5.235,1631,4.0,15.0,35,2443,-5.6000000000000005,14.9,36,-13.845,-0.268,0,,
PRE-1,10.821,1789818700.128,5.0,1.32,-14.114,0.192,5.235,1631,4.0,15.0,35,2443,-5.6000000000000005,14.9,36,-13.845,-0.268,0,,
PRE-1,10.841,1789818700.148,5.0,1.32,-14.114,0.192,5.235,1631,4.0,15.0,35,2443,-5.6000000000000005,14.9,36,-13.845,-0.268,0,,
PRE-1,10.861,1789818700.168,5.0,1.32,-14.114,0.192,5.235,1631,4.0,15.0,35,2443,-5.6000000000000005,14.9,36,-13.845,-0.268,0,,
PRE-1,10.881,1789818700.188,5.0,1.32,-14.114,0.192,5.235,1631,4.0,15.0,35,2443,-5.6000000000000005,14.9,36,-13.845,-0.268,0,,
PRE-1,10.901,1789818700.208,5.0,1.32,-14.114,0.192,5.235,1631,4.0,15.0,35,2443,-5.6000000000000005,14.9,36,-13.845,-0.268,0,,
PRE-1,10.921,1789818700.228,5.0,1.32,-14.114,0.192,5.235,1631,4.0,15.0,35,2443,-5.6000000000000005,14.9,36,-13.845,-0.268,0,,
PRE-1,10.941,1789818700.248,5.0,1.32,-14.075,0.23,5.235,1632,4.800000000000001,15.0,35,2443,-5.6000000000000005,14.9,36,-13.845,-0.23,0,,
PRE-1,10.961,1789818700.268,5.0,1.32,-14.114,0.192,5.235,1631,4.0,15.0,35,2443,-5.6000000000000005,14.9,36,-13.845,-0.268,0,,
PRE-1,10.981,1789818700.288,5.0,1.32,-14.114,0.192,5.235,1631,4.0,15.0,35,2443,-5.6000000000000005,14.9,36,-13.845,-0.268,0,,
PRE-1,11.001,1789818700.308,5.0,1.32,-14.114,0.192,5.235,1631,4.0,15.0,35,2443,-5.6000000000000005,14.9,36,-13.845,-0.268,0,,
PRE-1,11.021,1789818700.328,5.0,1.32,-14.114,0.192,5.235,1631,4.0,15.0,35,2443,-5.6000000000000005,14.9,36,-13.845,-0.268,0,,
PRE-1,11.041,1789818700.348,5.0,1.32,-14.114,0.192,5.235,1631,4.0,15.0,35,2443,-5.6000000000000005,14.9,36,-13.845,-0.268,0,,
PRE-1,11.061,1789818700.368,5.0,1.32,-14.114,0.192,5.235,1631,4.0,15.0,35,2443,-5.6000000000000005,14.9,36,-13.845,-0.268,0,,
PRE-1,11.081,1789818700.388,5.0,1.32,-14.075,0.23,5.235,1632,4.800000000000001,15.0,35,2443,-5.6000000000000005,14.9,36,-13.845,-0.23,0,,
PRE-1,11.101,1789818700.408,5.0,1.32,-14.114,0.192,5.235,1631,4.0,15.0,35,2443,-5.6000000000000005,14.9,36,-13.845,-0.268,0,,
PRE-1,11.121,1789818700.428,5.0,1.32,-14.114,0.192,5.235,1631,4.0,15.0,35,2443,-5.6000000000000005,14.9,36,-13.845,-0.268,0,,
PRE-1,11.141,1789818700.448,5.0,1.32,-14.114,0.192,5.235,1631,4.0,15.0,35,2443,-5.6000000000000005,14.9,36,-13.845,-0.268,0,,
PRE-1,11.161,1789818700.468,5.0,1.32,-14.114,0.192,5.235,1631,4.0,15.0,35,2443,-5.6000000000000005,14.9,36,-13.845,-0.268,0,,
PRE-1,11.181,1789818700.488,5.0,1.32,-14.114,0.192,5.235,1631,4.0,15.0,35,2443,-5.6000000000000005,14.9,36,-13.845,-0.268,0,,
PRE-1,11.201,1789818700.508,5.0,1.32,-14.114,0.192,5.235,1631,4.0,15.0,35,2443,-5.6000000000000005,14.9,36,-13.845,-0.268,0,,
PRE-1,11.221,1789818700.528,5.0,1.32,-14.114,0.192,5.235,1631,4.0,14.9,35,2443,-5.6000000000000005,14.9,36,-13.845,-0.268,0,,
PRE-1,11.241,1789818700.548,5.0,1.32,-14.114,0.192,5.235,1631,4.0,14.9,35,2443,-5.6000000000000005,14.9,36,-13.845,-0.268,0,,
PRE-1,11.261,1789818700.568,5.0,1.32,-14.075,0.23,5.235,1632,4.800000000000001,14.9,35,2443,-5.6000000000000005,14.9,36,-13.845,-0.23,0,,
PRE-1,11.2812,1789818700.588,5.0,1.32,-14.114,0.192,5.235,1631,4.0,14.9,35,2443,-5.6000000000000005,14.9,36,-13.845,-0.268,0,,
PRE-1,11.3013,1789818700.608,5.0,1.32,-14.114,0.192,5.235,1631,4.0,14.9,35,2443,-5.6000000000000005,14.9,36,-13.845,-0.268,0,,
PRE-1,11.321,1789818700.628,5.0,1.32,-14.114,0.192,5.235,1631,4.0,15.0,35,2443,-5.6000000000000005,14.9,36,-13.845,-0.268,0,,
PRE-1,11.3411,1789818700.648,5.0,1.32,-14.114,0.192,5.235,1631,4.0,15.0,35,2443,-5.6000000000000005,14.9,36,-13.845,-0.268,0,,
PRE-1,11.361,1789818700.668,5.0,1.32,-14.114,0.192,5.235,1631,4.0,15.0,35,2443,-5.6000000000000005,14.9,36,-13.845,-0.268,0,,
PRE-1,11.381,1789818700.688,5.0,1.32,-14.114,0.192,5.235,1631,4.0,15.0,35,2443,-5.6000000000000005,14.9,36,-13.845,-0.268,0,,
PRE-1,11.401,1789818700.708,5.0,1.32,-14.114,0.192,5.235,1631,4.0,15.0,35,2443,-5.6000000000000005,14.9,36,-13.845,-0.268,0,,
PRE-1,11.4211,1789818700.728,5.0,1.32,-14.114,0.192,5.235,1631,4.0,15.0,35,2443,-5.6000000000000005,14.9,36,-13.845,-0.268,0,,
PRE-1,11.4411,1789818700.748,5.0,1.32,-14.114,0.192,5.235,1631,4.0,15.0,35,2443,-5.6000000000000005,14.9,36,-13.845,-0.268,0,,
PRE-1,11.461,1789818700.768,5.0,1.32,-14.114,0.192,5.235,1631,4.0,15.0,35,2443,-5.6000000000000005,14.9,36,-13.845,-0.268,0,,
PRE-1,11.481,1789818700.788,5.0,1.32,-14.114,0.192,5.235,1631,4.0,15.0,35,2443,-5.6000000000000005,14.9,36,-13.845,-0.268,0,,
PRE-1,11.5012,1789818700.808,5.0,1.32,-14.114,0.192,5.235,1631,4.0,15.0,35,2443,-5.6000000000000005,14.9,36,-13.845,-0.268,0,,
PRE-1,11.521,1789818700.828,5.0,1.32,-14.114,0.192,5.235,1631,4.0,15.0,35,2443,-5.6000000000000005,14.9,36,-13.845,-0.268,0,,
PRE-1,11.541,1789818700.848,5.0,1.32,-14.114,0.192,5.235,1631,4.0,15.0,35,2443,-5.6000000000000005,14.9,36,-13.845,-0.268,0,,
PRE-1,11.5612,1789818700.868,5.0,1.32,-14.114,0.192,5.235,1631,4.0,15.0,35,2443,-5.6000000000000005,14.9,36,-13.845,-0.268,0,,
PRE-1,11.5811,1789818700.888,5.0,1.32,-14.114,0.192,5.235,1631,4.0,15.0,35,2443,-5.6000000000000005,14.9,36,-13.845,-0.268,0,,
PRE-1,11.601,1789818700.908,5.0,1.32,-14.114,0.192,5.235,1631,4.0,15.0,35,2443,-5.6000000000000005,14.9,36,-13.845,-0.268,0,,
PRE-1,11.621,1789818700.928,5.0,1.32,-14.114,0.192,5.235,1631,4.0,15.0,35,2443,-5.6000000000000005,14.9,36,-13.845,-0.268,0,,
PRE-1,11.641,1789818700.948,5.0,1.32,-14.114,0.192,5.235,1631,4.0,15.0,35,2443,-5.6000000000000005,14.9,36,-13.845,-0.268,0,,
PRE-1,11.661,1789818700.968,5.0,1.32,-14.114,0.192,5.235,1631,4.0,15.0,35,2443,-5.6000000000000005,14.9,36,-13.845,-0.268,0,,
PRE-1,11.681,1789818700.988,5.0,1.32,-14.114,0.192,5.235,1631,4.0,15.0,35,2443,-5.6000000000000005,14.9,36,-13.845,-0.268,0,,
PRE-1,11.701,1789818701.008,5.0,1.32,-14.114,0.192,5.235,1631,4.0,15.0,35,2443,-5.6000000000000005,14.9,36,-13.845,-0.268,0,,
PRE-1,11.721,1789818701.028,5.0,1.32,-14.114,0.192,5.235,1631,4.0,15.0,35,2443,-5.6000000000000005,14.9,36,-13.845,-0.268,0,,
PRE-1,11.741,1789818701.048,5.0,1.32,-14.114,0.192,5.235,1631,4.0,15.0,35,2443,-5.6000000000000005,14.9,36,-13.845,-0.268,0,,
PRE-1,11.761,1789818701.068,5.0,1.32,-14.114,0.192,5.235,1631,4.0,15.0,35,2443,-5.6000000000000005,14.9,36,-13.845,-0.268,0,,
PRE-1,11.781,1789818701.088,5.0,1.32,-14.114,0.192,5.235,1631,4.0,15.0,35,2443,-5.6000000000000005,14.9,36,-13.845,-0.268,0,,
PRE-1,11.801,1789818701.108,5.0,1.32,-14.114,0.192,5.235,1631,4.0,15.0,35,2443,-5.6000000000000005,14.9,36,-13.845,-0.268,0,,
PRE-1,11.821,1789818701.128,5.0,1.32,-14.114,0.192,5.235,1631,4.0,15.0,35,2443,-5.6000000000000005,14.9,36,-13.845,-0.268,0,,
PRE-1,11.841,1789818701.148,5.0,1.32,-14.114,0.192,5.235,1631,4.0,15.0,35,2443,-5.6000000000000005,14.9,36,-13.845,-0.268,0,,
PRE-1,11.861,1789818701.168,5.0,1.32,-14.114,0.192,5.235,1631,4.0,15.0,35,2443,-5.6000000000000005,14.9,36,-13.845,-0.268,0,,
PRE-1,11.881,1789818701.188,5.0,1.32,-14.114,0.192,5.235,1631,4.0,15.0,35,2443,-5.6000000000000005,14.9,36,-13.845,-0.268,0,,
PRE-1,11.901,1789818701.208,5.0,1.32,-14.114,0.192,5.235,1631,4.0,15.0,35,2443,-5.6000000000000005,14.9,36,-13.845,-0.268,0,,
PRE-1,11.921,1789818701.228,5.0,1.32,-14.114,0.192,5.235,1631,4.0,15.0,35,2443,-5.6000000000000005,14.9,36,-13.845,-0.268,0,,
PRE-1,11.941,1789818701.248,5.0,1.32,-14.114,0.192,5.235,1631,4.0,15.0,35,2443,-5.6000000000000005,14.9,36,-13.845,-0.268,0,,
PRE-1,11.961,1789818701.268,5.0,1.32,-14.114,0.192,5.235,1631,4.0,15.0,35,2443,-5.6000000000000005,14.9,36,-13.845,-0.268,0,,
PRE-1,11.981,1789818701.288,5.0,1.32,-14.114,0.192,5.235,1631,4.0,15.0,35,2443,-5.6000000000000005,14.9,36,-13.845,-0.268,0,,
PRE-1,12.0009,1789818701.308,5.0,1.32,-14.114,0.192,5.235,1631,4.0,15.0,35,2443,-5.6000000000000005,14.9,36,-13.845,-0.268,0,,
PRE-1,12.0209,1789818701.328,5.0,1.32,-14.114,0.192,5.235,1631,4.0,15.0,35,2443,-5.6000000000000005,14.9,36,-13.845,-0.268,0,,
PRE-1,12.0409,1789818701.348,5.0,1.32,-14.114,0.192,5.235,1631,4.0,15.0,35,2443,-5.6000000000000005,14.9,36,-13.845,-0.268,0,,
PRE-1,12.061,1789818701.368,5.0,1.32,-14.114,0.192,5.235,1631,4.0,15.0,35,2443,-5.6000000000000005,14.9,36,-13.845,-0.268,0,,
PRE-1,12.081,1789818701.388,5.0,1.32,-14.114,0.192,5.235,1631,4.0,15.0,35,2443,-5.6000000000000005,14.9,36,-13.845,-0.268,0,,
PRE-1,12.1009,1789818701.408,5.0,1.32,-14.114,0.192,5.235,1631,4.0,15.0,35,2443,-5.6000000000000005,14.9,36,-13.845,-0.268,0,,
PRE-1,12.1209,1789818701.428,5.0,1.32,-14.114,0.192,5.235,1631,4.0,15.0,35,2443,-5.6000000000000005,14.9,36,-13.845,-0.268,0,,
PRE-1,12.141,1789818701.448,5.0,1.32,-14.114,0.192,5.235,1631,4.0,15.0,35,2443,-5.6000000000000005,14.9,36,-13.845,-0.268,0,,
PRE-1,12.1609,1789818701.468,5.0,1.32,-14.114,0.192,5.235,1631,4.0,15.0,35,2443,-5.6000000000000005,14.9,36,-13.845,-0.268,0,,
PRE-1,12.1809,1789818701.488,5.0,1.32,-14.114,0.192,5.235,1631,4.0,15.0,35,2443,-5.6000000000000005,14.9,36,-13.845,-0.268,0,,
PRE-1,12.2009,1789818701.508,5.0,1.32,-14.114,0.192,5.235,1631,4.0,15.0,35,2443,-5.6000000000000005,14.9,36,-13.845,-0.268,0,,
PRE-1,12.2209,1789818701.528,5.0,1.32,-14.114,0.192,5.235,1631,4.0,15.0,35,2443,-5.6000000000000005,14.9,36,-13.845,-0.268,0,,
PRE-1,12.241,1789818701.548,5.0,1.32,-14.114,0.192,5.235,1631,4.0,15.0,35,2443,-5.6000000000000005,14.9,36,-13.845,-0.268,0,,
PRE-1,12.261,1789818701.568,5.0,1.32,-14.114,0.192,5.235,1631,4.0,15.0,35,2443,-5.6000000000000005,14.9,36,-13.845,-0.268,0,,
PRE-1,12.2809,1789818701.588,5.0,1.32,-14.114,0.192,5.235,1631,4.0,15.0,35,2443,-5.6000000000000005,14.9,36,-13.845,-0.268,0,,
PRE-1,12.3009,1789818701.608,5.0,1.32,-14.114,0.192,5.235,1631,4.0,15.0,35,2443,-5.6000000000000005,14.9,36,-13.845,-0.268,0,,
PRE-1,12.3209,1789818701.628,5.0,1.32,-14.114,0.192,5.235,1631,4.0,15.0,35,2443,-5.6000000000000005,14.9,36,-13.845,-0.268,0,,
PRE-1,12.3409,1789818701.648,5.0,1.32,-14.114,0.192,5.235,1631,4.0,15.0,35,2443,-5.6000000000000005,14.9,36,-13.845,-0.268,0,,
PRE-1,12.3609,1789818701.668,5.0,1.32,-14.114,0.192,5.235,1631,4.0,15.0,35,2443,-5.6000000000000005,14.9,36,-13.845,-0.268,0,,
PRE-1,12.3809,1789818701.688,5.0,1.32,-14.114,0.192,5.235,1631,4.0,15.0,35,2443,-5.6000000000000005,14.9,36,-13.845,-0.268,0,,
PRE-1,12.401,1789818701.708,5.0,1.32,-14.114,0.192,5.235,1631,4.0,15.0,35,2443,-5.6000000000000005,14.9,36,-13.845,-0.268,0,,
PRE-1,12.4209,1789818701.728,5.0,1.32,-14.114,0.192,5.235,1631,4.0,15.0,35,2443,-5.6000000000000005,14.9,36,-13.845,-0.268,0,,
PRE-1,12.4409,1789818701.748,5.0,1.32,-14.114,0.192,5.235,1631,4.0,15.0,35,2443,-5.6000000000000005,14.9,36,-13.845,-0.268,0,,
PRE-1,12.4609,1789818701.768,5.0,1.32,-14.075,0.23,5.235,1632,4.800000000000001,15.0,35,2443,-5.6000000000000005,14.9,36,-13.845,-0.23,0,,
PRE-1,12.4809,1789818701.788,5.0,1.32,-14.114,0.192,5.235,1631,4.0,15.0,35,2443,-5.6000000000000005,14.9,36,-13.845,-0.268,0,,
PRE-1,12.5009,1789818701.808,5.0,1.32,-14.114,0.192,5.235,1631,4.0,15.0,35,2443,-5.6000000000000005,14.9,36,-13.845,-0.268,0,,
PRE-1,12.5209,1789818701.828,5.0,1.32,-14.114,0.192,5.235,1631,4.0,15.0,35,2443,-5.6000000000000005,14.9,36,-13.845,-0.268,0,,
PRE-1,12.5409,1789818701.848,5.0,1.32,-14.114,0.192,5.235,1631,4.0,15.0,35,2443,-5.6000000000000005,14.9,36,-13.845,-0.268,0,,
PRE-1,12.5609,1789818701.868,5.0,1.32,-14.114,0.192,5.235,1631,4.0,15.0,35,2443,-5.6000000000000005,14.9,36,-13.845,-0.268,0,,
PRE-1,12.581,1789818701.888,5.0,1.32,-14.114,0.192,5.235,1631,4.0,15.0,35,2443,-5.6000000000000005,14.9,36,-13.845,-0.268,0,,
PRE-1,12.6009,1789818701.908,5.0,1.32,-14.114,0.192,5.235,1631,4.0,15.0,35,2443,-5.6000000000000005,14.9,36,-13.845,-0.268,0,,
PRE-1,12.6209,1789818701.928,5.0,1.32,-14.114,0.192,5.235,1631,4.0,15.0,35,2443,-5.6000000000000005,14.9,36,-13.845,-0.268,0,,
PRE-1,12.6409,1789818701.948,5.0,1.32,-14.114,0.192,5.235,1631,4.0,15.0,35,2443,-5.6000000000000005,14.9,36,-13.845,-0.268,0,,
PRE-1,12.6609,1789818701.968,5.0,1.32,-14.075,0.23,5.235,1632,4.800000000000001,15.0,35,2443,-5.6000000000000005,14.9,36,-13.845,-0.23,0,,
PRE-1,12.6809,1789818701.988,5.0,1.32,-14.075,0.23,5.235,1632,4.800000000000001,15.0,35,2443,-5.6000000000000005,14.9,36,-13.845,-0.23,0,,
PRE-1,12.7009,1789818702.008,5.0,1.32,-14.114,0.192,5.235,1631,4.0,15.0,35,2443,-5.6000000000000005,14.9,36,-13.845,-0.268,0,,
PRE-1,12.7209,1789818702.028,5.0,1.32,-14.114,0.192,5.235,1631,4.0,15.0,35,2443,-5.6000000000000005,14.9,36,-13.845,-0.268,0,,
PRE-1,12.7409,1789818702.048,5.0,1.32,-14.114,0.192,5.235,1631,4.0,15.0,35,2443,-5.6000000000000005,14.9,36,-13.845,-0.268,0,,
PRE-1,12.7609,1789818702.068,5.0,1.32,-14.114,0.192,5.235,1631,4.0,15.0,35,2443,-5.6000000000000005,14.9,36,-13.845,-0.268,0,,
PRE-1,12.7809,1789818702.088,5.0,1.32,-14.075,0.23,5.235,1632,4.800000000000001,15.0,35,2443,-5.6000000000000005,14.9,36,-13.845,-0.23,0,,
PRE-1,12.801,1789818702.108,5.0,1.32,-14.114,0.192,5.235,1631,4.0,15.0,35,2443,-5.6000000000000005,14.9,36,-13.845,-0.268,0,,
PRE-1,12.8209,1789818702.128,5.0,1.32,-14.114,0.192,5.235,1631,4.0,15.0,35,2443,-5.6000000000000005,14.9,36,-13.845,-0.268,0,,
PRE-1,12.8409,1789818702.148,5.0,1.32,-14.114,0.192,5.235,1631,4.0,15.0,35,2443,-5.6000000000000005,14.9,36,-13.845,-0.268,0,,
PRE-1,12.8609,1789818702.168,5.0,1.32,-14.114,0.192,5.235,1631,4.0,15.0,35,2443,-5.6000000000000005,14.9,36,-13.845,-0.268,0,,
PRE-1,12.8809,1789818702.188,5.0,1.32,-14.114,0.192,5.235,1631,4.0,15.0,35,2443,-5.6000000000000005,14.9,36,-13.845,-0.268,0,,
PRE-1,12.9009,1789818702.208,5.0,1.32,-14.114,0.192,5.235,1631,4.0,15.0,35,2443,-5.6000000000000005,14.9,36,-13.845,-0.268,0,,
PRE-1,12.9209,1789818702.228,5.0,1.32,-14.114,0.192,5.235,1631,4.0,15.0,35,2443,-5.6000000000000005,14.9,36,-13.845,-0.268,0,,
PRE-1,12.9409,1789818702.248,5.0,1.32,-14.114,0.192,5.235,1631,4.0,15.0,35,2443,-5.6000000000000005,14.9,36,-13.845,-0.268,0,,
PRE-1,12.9609,1789818702.268,5.0,1.32,-14.114,0.192,5.235,1631,4.0,14.9,35,2443,-5.6000000000000005,14.9,36,-13.845,-0.268,0,,
PRE-1,12.9809,1789818702.288,5.0,1.32,-14.114,0.192,5.235,1631,4.0,14.9,35,2443,-5.6000000000000005,14.9,36,-13.845,-0.268,0,,
PRE-1,13.0009,1789818702.308,5.0,1.32,-14.114,0.192,5.235,1631,4.0,14.9,35,2443,-5.6000000000000005,14.9,36,-13.845,-0.268,0,,
PRE-1,13.0209,1789818702.328,5.0,1.32,-14.114,0.192,5.235,1631,4.0,14.9,35,2443,-5.6000000000000005,14.9,36,-13.845,-0.268,0,,
PRE-1,13.0409,1789818702.348,5.0,1.32,-14.114,0.192,5.235,1631,4.0,14.9,35,2443,-5.6000000000000005,14.9,36,-13.845,-0.268,0,,
PRE-1,13.061,1789818702.368,5.0,1.32,-14.114,0.192,5.235,1631,4.0,14.9,35,2443,-5.6000000000000005,14.9,36,-13.845,-0.268,0,,
PRE-1,13.081,1789818702.388,5.0,1.32,-14.114,0.192,5.235,1631,4.0,15.0,35,2443,-5.6000000000000005,14.9,36,-13.845,-0.268,0,,
PRE-1,13.101,1789818702.408,5.0,1.32,-14.114,0.192,5.235,1631,4.0,15.0,35,2443,-5.6000000000000005,14.9,36,-13.845,-0.268,0,,
PRE-1,13.121,1789818702.428,5.0,1.32,-14.114,0.192,5.235,1631,4.0,15.0,35,2443,-5.6000000000000005,14.9,36,-13.845,-0.268,0,,
PRE-1,13.1411,1789818702.448,5.0,1.32,-14.114,0.192,5.235,1631,4.0,15.0,35,2443,-5.6000000000000005,14.9,36,-13.845,-0.268,0,,
PRE-1,13.161,1789818702.468,5.0,1.32,-14.114,0.192,5.235,1631,4.0,15.0,35,2443,-5.6000000000000005,14.9,36,-13.845,-0.268,0,,
PRE-1,13.181,1789818702.488,5.0,1.32,-14.114,0.192,5.235,1631,4.0,15.0,35,2443,-5.6000000000000005,14.9,36,-13.845,-0.268,0,,
PRE-1,13.201,1789818702.508,5.0,1.32,-14.114,0.192,5.235,1631,4.0,15.0,35,2443,-5.6000000000000005,14.9,36,-13.845,-0.268,0,,
PRE-1,13.2209,1789818702.528,5.0,1.32,-14.114,0.192,5.235,1631,4.0,15.0,35,2443,-5.6000000000000005,14.9,36,-13.845,-0.268,0,,
PRE-1,13.2411,1789818702.548,5.0,1.32,-14.114,0.192,5.235,1631,4.0,15.0,35,2443,-5.6000000000000005,14.9,36,-13.845,-0.268,0,,
PRE-1,13.261,1789818702.568,5.0,1.32,-14.114,0.192,5.235,1631,4.0,15.0,35,2443,-5.6000000000000005,14.9,36,-13.845,-0.268,0,,
PRE-1,13.2811,1789818702.588,5.0,1.32,-14.114,0.192,5.235,1631,4.0,15.0,35,2443,-5.6000000000000005,14.9,36,-13.845,-0.268,0,,
PRE-1,13.301,1789818702.608,5.0,1.32,-14.114,0.192,5.235,1631,4.0,15.0,35,2443,-5.6000000000000005,14.9,36,-13.845,-0.268,0,,
PRE-1,13.3209,1789818702.628,5.0,1.32,-14.114,0.192,5.235,1631,4.0,15.0,35,2443,-5.6000000000000005,14.9,36,-13.845,-0.268,0,,
PRE-1,13.341,1789818702.648,5.0,1.32,-14.114,0.192,5.235,1631,4.0,15.0,35,2443,-5.6000000000000005,14.9,36,-13.845,-0.268,0,,
PRE-1,13.361,1789818702.668,5.0,1.32,-14.114,0.192,5.235,1631,4.0,15.0,35,2443,-5.6000000000000005,14.9,36,-13.845,-0.268,0,,
PRE-1,13.3811,1789818702.688,5.0,1.32,-14.114,0.192,5.235,1631,4.0,15.0,35,2443,-5.6000000000000005,14.9,36,-13.845,-0.268,0,,
PRE-1,13.4009,1789818702.708,5.0,1.32,-14.114,0.192,5.235,1631,4.0,15.0,35,2443,-5.6000000000000005,14.9,36,-13.845,-0.268,0,,
PRE-1,13.4209,1789818702.728,5.0,1.32,-14.114,0.192,5.235,1631,4.0,14.9,35,2443,-5.6000000000000005,14.9,36,-13.845,-0.268,0,,
PRE-1,13.4408,1789818702.748,5.0,1.32,-14.114,0.192,5.235,1631,4.0,14.9,35,2443,-5.6000000000000005,14.9,36,-13.845,-0.268,0,,
PRE-1,13.4608,1789818702.768,5.0,1.32,-14.114,0.192,5.235,1631,4.0,14.9,35,2443,-5.6000000000000005,14.9,36,-13.845,-0.268,0,,
PRE-1,13.4808,1789818702.788,5.0,1.32,-14.114,0.192,5.235,1631,4.0,14.9,35,2443,-5.6000000000000005,14.9,36,-13.845,-0.268,0,,
PRE-1,13.5009,1789818702.808,5.0,1.32,-14.114,0.192,5.235,1631,4.0,14.9,35,2443,-5.6000000000000005,14.9,36,-13.845,-0.268,0,,
PRE-1,13.5208,1789818702.828,5.0,1.32,-14.114,0.192,5.235,1631,4.0,14.9,35,2443,-5.6000000000000005,14.9,36,-13.845,-0.268,0,,
PRE-1,13.5408,1789818702.848,5.0,1.32,-14.114,0.192,5.235,1631,4.0,15.0,35,2443,-5.6000000000000005,14.9,36,-13.845,-0.268,0,,
PRE-1,13.5608,1789818702.868,5.0,1.32,-14.114,0.192,5.235,1631,4.0,15.0,35,2443,-5.6000000000000005,14.9,36,-13.845,-0.268,0,,
PRE-1,13.5809,1789818702.888,5.0,1.32,-14.114,0.192,5.235,1631,4.0,15.0,35,2443,-5.6000000000000005,14.9,36,-13.845,-0.268,0,,
PRE-1,13.6008,1789818702.908,5.0,1.32,-14.114,0.192,5.235,1631,4.0,15.0,35,2443,-5.6000000000000005,14.9,36,-13.845,-0.268,0,,
PRE-1,13.6208,1789818702.928,5.0,1.32,-14.114,0.192,5.235,1631,4.0,15.0,35,2443,-5.6000000000000005,14.9,36,-13.845,-0.268,0,,
PRE-1,13.6408,1789818702.948,5.0,1.32,-14.114,0.192,5.235,1631,4.0,15.0,35,2443,-5.6000000000000005,14.9,36,-13.845,-0.268,0,,
PRE-1,13.6608,1789818702.968,5.0,1.32,-14.114,0.192,5.235,1631,4.0,15.0,35,2443,-5.6000000000000005,14.9,36,-13.845,-0.268,0,,
PRE-1,13.6808,1789818702.988,5.0,1.32,-14.114,0.192,5.235,1631,4.0,15.0,35,2443,-5.6000000000000005,14.9,36,-13.845,-0.268,0,,
PRE-1,13.7008,1789818703.008,5.0,1.32,-14.114,0.192,5.235,1631,4.0,15.0,35,2443,-5.6000000000000005,14.9,36,-13.845,-0.268,0,,
PRE-1,13.7208,1789818703.028,5.0,1.32,-14.114,0.192,5.235,1631,4.0,15.0,35,2443,-5.6000000000000005,14.9,36,-13.845,-0.268,0,,
PRE-1,13.7408,1789818703.048,5.0,1.32,-14.114,0.192,5.235,1631,4.0,15.0,35,2443,-5.6000000000000005,14.9,36,-13.845,-0.268,0,,
PRE-1,13.7608,1789818703.068,5.0,1.32,-14.114,0.192,5.235,1631,4.0,15.0,35,2443,-5.6000000000000005,14.9,36,-13.845,-0.268,0,,
PRE-1,13.7818,1789818703.089,5.0,1.32,-14.114,0.192,5.235,1631,4.0,15.0,35,2443,-5.6000000000000005,14.9,36,-13.845,-0.268,0,,
PRE-1,13.8018,1789818703.109,5.0,1.32,-14.114,0.192,5.235,1631,4.0,15.0,35,2443,-5.6000000000000005,14.9,36,-13.845,-0.268,0,,
PRE-1,13.8208,1789818703.128,5.0,1.32,-14.114,0.192,5.235,1631,4.0,15.0,35,2443,-5.6000000000000005,14.9,36,-13.845,-0.268,0,,
PRE-1,13.8408,1789818703.148,5.0,1.32,-14.114,0.192,5.235,1631,4.0,15.0,35,2443,-5.6000000000000005,14.9,36,-13.845,-0.268,0,,
PRE-1,13.8608,1789818703.168,5.0,1.32,-14.114,0.192,5.235,1631,4.0,15.0,35,2443,-5.6000000000000005,14.9,36,-13.845,-0.268,0,,
PRE-1,13.8808,1789818703.188,5.0,1.32,-14.114,0.192,5.235,1631,4.0,15.0,35,2443,-5.6000000000000005,14.9,36,-13.845,-0.268,0,,
PRE-1,13.9008,1789818703.208,5.0,1.32,-14.114,0.192,5.235,1631,4.0,15.0,35,2443,-5.6000000000000005,14.9,36,-13.845,-0.268,0,,
PRE-1,13.9219,1789818703.229,5.0,1.32,-14.114,0.192,5.235,1631,4.0,15.0,35,2443,-5.6000000000000005,14.9,36,-13.845,-0.268,0,,
PRE-1,13.9409,1789818703.248,5.0,1.32,-14.114,0.192,5.235,1631,4.0,15.0,35,2443,-5.6000000000000005,14.9,36,-13.845,-0.268,0,,
PRE-1,13.9609,1789818703.268,5.0,1.32,-14.114,0.192,5.235,1631,4.0,15.0,35,2443,-5.6000000000000005,14.9,36,-13.845,-0.268,0,,
PRE-1,13.981,1789818703.288,5.0,1.32,-14.114,0.192,5.235,1631,4.0,15.0,35,2443,-5.6000000000000005,14.9,36,-13.845,-0.268,0,,
PRE-1,14.001,1789818703.308,5.0,1.32,-14.114,0.192,5.235,1631,4.0,15.0,35,2443,-5.6000000000000005,14.9,36,-13.845,-0.268,0,,
PRE-1,14.0209,1789818703.328,5.0,1.32,-14.114,0.192,5.235,1631,4.0,15.0,35,2443,-5.6000000000000005,14.9,36,-13.845,-0.268,0,,
PRE-1,14.041,1789818703.348,5.0,1.32,-14.114,0.192,5.235,1631,4.0,15.0,35,2443,-5.6000000000000005,14.9,36,-13.845,-0.268,0,,
PRE-1,14.061,1789818703.368,5.0,1.32,-14.114,0.192,5.235,1631,4.0,15.0,35,2443,-5.6000000000000005,14.9,36,-13.845,-0.268,0,,
PRE-1,14.081,1789818703.388,5.0,1.32,-14.114,0.192,5.235,1631,4.0,15.0,35,2443,-5.6000000000000005,14.9,36,-13.845,-0.268,0,,
PRE-1,14.1009,1789818703.408,5.0,1.32,-14.114,0.192,5.235,1631,4.0,15.0,35,2443,-5.6000000000000005,14.9,36,-13.845,-0.268,0,,
PRE-1,14.1209,1789818703.428,5.0,1.32,-14.114,0.192,5.235,1631,4.0,15.0,35,2443,-5.6000000000000005,14.9,36,-13.845,-0.268,0,,
PRE-1,14.1409,1789818703.448,5.0,1.32,-14.114,0.192,5.235,1631,4.0,15.0,35,2443,-5.6000000000000005,14.9,36,-13.845,-0.268,0,,
PRE-1,14.1608,1789818703.468,5.0,1.32,-14.075,0.23,5.235,1632,4.800000000000001,15.0,35,2443,-5.6000000000000005,14.9,36,-13.845,-0.23,0,,
PRE-1,14.181,1789818703.488,5.0,1.32,-14.114,0.192,5.235,1631,4.0,15.0,35,2443,-5.6000000000000005,14.9,36,-13.845,-0.268,0,,
PRE-1,14.2008,1789818703.508,5.0,1.32,-14.075,0.23,5.235,1632,4.800000000000001,15.0,35,2443,-5.6000000000000005,14.9,36,-13.845,-0.23,0,,
PRE-1,14.2208,1789818703.528,5.0,1.32,-14.114,0.192,5.235,1631,4.0,15.0,35,2443,-5.6000000000000005,14.9,36,-13.845,-0.268,0,,
PRE-1,14.2409,1789818703.548,5.0,1.32,-14.114,0.192,5.235,1631,4.0,15.0,35,2443,-5.6000000000000005,14.9,36,-13.845,-0.268,0,,
PRE-1,14.261,1789818703.568,5.0,1.32,-14.114,0.192,5.235,1631,4.0,15.0,35,2443,-5.6000000000000005,14.9,36,-13.845,-0.268,0,,
PRE-1,14.281,1789818703.588,5.0,1.32,-14.114,0.192,5.235,1631,4.0,15.0,35,2443,-5.6000000000000005,14.9,36,-13.845,-0.268,0,,
PRE-1,14.3008,1789818703.608,5.0,1.32,-14.114,0.192,5.235,1631,4.0,15.0,35,2443,-5.6000000000000005,14.9,36,-13.845,-0.268,0,,
PRE-1,14.3208,1789818703.628,5.0,1.32,-14.114,0.192,5.235,1631,4.0,15.0,35,2443,-5.6000000000000005,14.9,36,-13.845,-0.268,0,,
PRE-1,14.3409,1789818703.648,5.0,1.32,-14.114,0.192,5.235,1631,4.0,15.0,35,2443,-5.6000000000000005,14.9,36,-13.845,-0.268,0,,
PRE-1,14.3619,1789818703.669,5.0,1.32,-14.114,0.192,5.235,1631,4.0,15.0,35,2443,-5.6000000000000005,14.9,36,-13.845,-0.268,0,,
PRE-1,14.3808,1789818703.688,5.0,1.32,-14.114,0.192,5.235,1631,4.0,15.0,35,2443,-5.6000000000000005,14.9,36,-13.845,-0.268,0,,
PRE-1,14.401,1789818703.708,5.0,1.32,-14.114,0.192,5.235,1631,4.0,15.0,35,2443,-5.6000000000000005,14.9,36,-13.845,-0.268,0,,
PRE-1,14.4209,1789818703.728,5.0,1.32,-14.114,0.192,5.235,1631,4.0,15.0,35,2443,-5.6000000000000005,14.9,36,-13.845,-0.268,0,,
PRE-1,14.4409,1789818703.748,5.0,1.32,-14.114,0.192,5.235,1631,4.0,15.0,35,2443,-5.6000000000000005,14.9,36,-13.845,-0.268,0,,
PRE-1,14.4619,1789818703.769,5.0,1.32,-14.075,0.23,5.235,1632,4.800000000000001,15.0,35,2443,-5.6000000000000005,14.9,36,-13.845,-0.23,0,,
PRE-1,14.4808,1789818703.788,5.0,1.32,-14.114,0.192,5.235,1631,4.0,15.0,35,2443,-5.6000000000000005,14.9,36,-13.845,-0.268,0,,
PRE-1,14.5019,1789818703.809,5.0,1.32,-14.114,0.192,5.235,1631,4.0,15.0,35,2443,-5.6000000000000005,14.9,36,-13.845,-0.268,0,,
PRE-1,14.521,1789818703.828,5.0,1.32,-14.114,0.192,5.235,1631,4.0,15.0,35,2443,-5.6000000000000005,14.9,36,-13.845,-0.268,0,,
PRE-1,14.5418,1789818703.849,5.0,1.32,-14.114,0.192,5.235,1631,4.0,15.0,35,2443,-5.6000000000000005,14.9,36,-13.845,-0.268,0,,
PRE-1,14.5607,1789818703.868,5.0,1.32,-14.114,0.192,5.235,1631,4.0,15.0,35,2443,-5.6000000000000005,14.9,36,-13.845,-0.268,0,,
PRE-1,14.5817,1789818703.889,5.0,1.32,-14.114,0.192,5.235,1631,4.0,15.0,35,2443,-5.6000000000000005,14.9,36,-13.845,-0.268,0,,
PRE-1,14.6017,1789818703.909,5.0,1.32,-14.114,0.192,5.235,1631,4.0,15.0,35,2443,-5.6000000000000005,14.9,36,-13.845,-0.268,0,,
PRE-1,14.6207,1789818703.928,5.0,1.32,-14.114,0.192,5.235,1631,4.0,15.0,35,2443,-5.6000000000000005,14.9,36,-13.845,-0.268,0,,
PRE-1,14.6417,1789818703.949,5.0,1.32,-14.114,0.192,5.235,1631,4.0,15.0,35,2443,-5.6000000000000005,14.9,36,-13.845,-0.268,0,,
PRE-1,14.6607,1789818703.968,5.0,1.32,-14.114,0.192,5.235,1631,4.0,15.0,35,2443,-5.6000000000000005,14.9,36,-13.845,-0.268,0,,
PRE-1,14.6818,1789818703.989,5.0,1.32,-14.114,0.192,5.235,1631,4.0,15.0,35,2443,-5.6000000000000005,14.9,36,-13.845,-0.268,0,,
PRE-1,14.7008,1789818704.008,5.0,1.32,-14.114,0.192,5.235,1631,4.0,14.9,35,2443,-5.6000000000000005,14.9,36,-13.845,-0.268,0,,
PRE-1,14.7217,1789818704.029,5.0,1.32,-14.114,0.192,5.235,1631,4.0,14.9,35,2443,-5.6000000000000005,14.9,36,-13.845,-0.268,0,,
PRE-1,14.7407,1789818704.048,5.0,1.32,-14.114,0.192,5.235,1631,4.0,14.9,35,2443,-5.6000000000000005,14.9,36,-13.845,-0.268,0,,
PRE-1,14.7607,1789818704.068,5.0,1.32,-14.114,0.192,5.235,1631,4.0,14.9,35,2443,-5.6000000000000005,14.9,36,-13.845,-0.268,0,,
PRE-1,14.7807,1789818704.088,5.0,1.32,-14.114,0.192,5.235,1631,4.0,14.9,35,2443,-5.6000000000000005,14.9,36,-13.845,-0.268,0,,
PRE-1,14.8007,1789818704.108,5.0,1.32,-14.114,0.192,5.235,1631,4.0,14.9,35,2443,-5.6000000000000005,14.9,36,-13.845,-0.268,0,,
PRE-1,14.8217,1789818704.129,5.0,1.32,-14.114,0.192,5.235,1631,4.0,15.0,35,2443,-5.6000000000000005,14.9,36,-13.845,-0.268,0,,
PRE-1,14.8408,1789818704.148,5.0,1.32,-14.114,0.192,5.235,1631,4.0,15.0,35,2443,-5.6000000000000005,14.9,36,-13.845,-0.268,0,,
PRE-1,14.8607,1789818704.168,5.0,1.32,-14.114,0.192,5.235,1631,4.0,15.0,35,2443,-5.6000000000000005,14.9,36,-13.845,-0.268,0,,
PRE-1,14.8807,1789818704.188,5.0,1.32,-14.114,0.192,5.235,1631,4.0,15.0,35,2443,-5.6000000000000005,14.9,36,-13.845,-0.268,0,,
PRE-1,14.9007,1789818704.208,5.0,1.32,-14.114,0.192,5.235,1631,4.0,15.0,35,2443,-5.6000000000000005,14.9,36,-13.845,-0.268,0,,
PRE-1,14.9207,1789818704.228,5.0,1.32,-14.114,0.192,5.235,1631,4.0,15.0,35,2443,-5.6000000000000005,14.9,36,-13.845,-0.268,0,,
PRE-1,14.9409,1789818704.248,5.0,1.32,-14.114,0.192,5.235,1631,4.0,15.0,35,2443,-5.6000000000000005,14.9,36,-13.845,-0.268,0,,
PRE-1,14.9609,1789818704.268,5.0,1.32,-14.114,0.192,5.235,1631,4.0,15.0,35,2443,-5.6000000000000005,14.9,36,-13.845,-0.268,0,,
PRE-1,14.9809,1789818704.288,5.0,1.32,-14.114,0.192,5.235,1631,4.0,15.0,35,2443,-5.6000000000000005,14.9,36,-13.845,-0.268,0,,
PRE-1,15.0008,1789818704.308,5.0,1.32,-14.114,0.192,5.235,1631,4.0,15.0,35,2443,-5.6000000000000005,14.9,36,-13.845,-0.268,0,,
PRE-1,15.0209,1789818704.328,5.0,1.32,-14.114,0.192,5.235,1631,4.0,15.0,35,2443,-5.6000000000000005,14.9,36,-13.845,-0.268,0,,
PRE-1,15.0407,1789818704.348,5.0,1.32,-14.114,0.192,5.235,1631,4.0,15.0,35,2443,-5.6000000000000005,14.9,36,-13.845,-0.268,0,,
PRE-1,15.0617,1789818704.369,5.0,1.32,-14.114,0.192,5.235,1631,4.0,14.8,35,2443,-5.6000000000000005,14.9,36,-13.845,-0.268,0,,
PRE-1,15.0817,1789818704.389,5.0,1.32,-14.114,0.192,5.235,1631,4.0,14.8,35,2443,-5.6000000000000005,14.9,36,-13.845,-0.268,0,,
PRE-1,15.1017,1789818704.409,5.0,1.32,-14.114,0.192,5.235,1631,4.0,14.8,35,2443,-5.6000000000000005,14.9,36,-13.845,-0.268,0,,
PRE-1,15.1217,1789818704.429,5.0,1.32,-14.114,0.192,5.235,1631,4.0,14.8,35,2443,-5.6000000000000005,14.9,36,-13.845,-0.268,0,,
PRE-1,15.1407,1789818704.448,5.0,1.32,-14.114,0.192,5.235,1631,4.0,14.8,35,2443,-5.6000000000000005,14.9,36,-13.845,-0.268,0,,
PRE-1,15.1617,1789818704.469,5.0,1.32,-14.114,0.192,5.235,1631,4.0,14.8,35,2443,-5.6000000000000005,14.9,36,-13.845,-0.268,0,,
PRE-1,15.1817,1789818704.489,5.0,1.32,-14.114,0.192,5.235,1631,4.0,14.9,35,2443,-5.6000000000000005,14.9,36,-13.845,-0.268,0,,
PRE-1,15.2017,1789818704.509,5.0,1.32,-14.114,0.192,5.235,1631,4.0,14.9,35,2443,-5.6000000000000005,14.9,36,-13.845,-0.268,0,,
PRE-1,15.2217,1789818704.529,5.0,1.32,-14.114,0.192,5.235,1631,4.0,14.9,35,2443,-5.6000000000000005,14.9,36,-13.845,-0.268,0,,
PRE-1,15.2418,1789818704.549,5.0,1.32,-14.114,0.192,5.235,1631,4.0,14.9,35,2443,-5.6000000000000005,14.9,36,-13.845,-0.268,0,,
PRE-1,15.2618,1789818704.569,5.0,1.32,-14.114,0.192,5.235,1631,4.0,14.9,35,2443,-5.6000000000000005,14.9,36,-13.845,-0.268,0,,
PRE-1,15.2818,1789818704.589,5.0,1.32,-14.114,0.192,5.235,1631,4.0,14.9,35,2443,-5.6000000000000005,14.9,36,-13.845,-0.268,0,,
PRE-1,15.3018,1789818704.609,5.0,1.32,-14.114,0.192,5.235,1631,4.0,15.0,35,2443,-5.6000000000000005,14.9,36,-13.845,-0.268,0,,
PRE-1,15.3208,1789818704.628,5.0,1.32,-14.114,0.192,5.235,1631,4.0,15.0,35,2443,-5.6000000000000005,14.9,36,-13.845,-0.268,0,,
PRE-1,15.3419,1789818704.649,5.0,1.32,-14.075,0.23,5.235,1632,4.800000000000001,15.0,35,2443,-5.6000000000000005,14.9,36,-13.845,-0.23,0,,
PRE-1,15.3617,1789818704.669,5.0,1.32,-14.114,0.192,5.235,1631,4.0,15.0,35,2443,-5.6000000000000005,14.9,36,-13.845,-0.268,0,,
PRE-1,15.3818,1789818704.689,5.0,1.32,-14.114,0.192,5.235,1631,4.0,15.0,35,2443,-5.6000000000000005,14.9,36,-13.845,-0.268,0,,
PRE-1,15.4017,1789818704.709,5.0,1.32,-14.114,0.192,5.235,1631,4.0,15.0,35,2443,-5.6000000000000005,14.9,36,-13.845,-0.268,0,,
PRE-1,15.4217,1789818704.729,5.0,1.32,-14.114,0.192,5.235,1631,4.0,15.0,35,2443,-5.6000000000000005,14.9,36,-13.845,-0.268,0,,
PRE-1,15.4417,1789818704.749,5.0,1.32,-14.114,0.192,5.235,1631,4.0,15.0,35,2443,-5.6000000000000005,14.9,36,-13.845,-0.268,0,,
PRE-1,15.4617,1789818704.769,5.0,1.32,-14.114,0.192,5.235,1631,4.0,15.0,35,2443,-5.6000000000000005,14.9,36,-13.845,-0.268,0,,
PRE-1,15.4817,1789818704.789,5.0,1.32,-14.114,0.192,5.235,1631,4.0,15.0,35,2443,-5.6000000000000005,14.9,36,-13.845,-0.268,0,,
PRE-1,15.5016,1789818704.809,5.0,1.32,-14.114,0.192,5.235,1631,4.0,15.0,35,2443,-5.6000000000000005,14.9,36,-13.845,-0.268,0,,
PRE-1,15.5217,1789818704.829,5.0,1.32,-14.114,0.192,5.235,1631,4.0,15.0,35,2443,-5.6000000000000005,14.9,36,-13.845,-0.268,0,,
PRE-1,15.5418,1789818704.849,5.0,1.32,-14.114,0.192,5.235,1631,4.0,15.0,35,2443,-5.6000000000000005,14.9,36,-13.845,-0.268,0,,
PRE-1,15.5617,1789818704.869,5.0,1.32,-14.114,0.192,5.235,1631,4.0,15.0,35,2443,-5.6000000000000005,14.9,36,-13.845,-0.268,0,,
PRE-1,15.5817,1789818704.889,5.0,1.32,-14.114,0.192,5.235,1631,4.0,15.0,35,2443,-5.6000000000000005,14.9,36,-13.845,-0.268,0,,
PRE-1,15.6017,1789818704.909,5.0,1.32,-14.114,0.192,5.235,1631,4.0,15.0,35,2443,-5.6000000000000005,14.9,36,-13.845,-0.268,0,,
PRE-1,15.6218,1789818704.929,5.0,1.32,-14.075,0.23,5.235,1632,4.800000000000001,15.0,35,2443,-5.6000000000000005,14.9,36,-13.845,-0.23,0,,
PRE-1,15.6418,1789818704.949,5.0,1.32,-14.114,0.192,5.235,1631,4.0,15.0,35,2443,-5.6000000000000005,14.9,36,-13.845,-0.268,0,,
PRE-1,15.6618,1789818704.969,5.0,1.32,-14.114,0.192,5.235,1631,4.0,15.0,35,2443,-5.6000000000000005,14.9,36,-13.845,-0.268,0,,
PRE-1,15.6818,1789818704.989,5.0,1.32,-14.114,0.192,5.235,1631,4.0,15.0,35,2443,-5.6000000000000005,14.9,36,-13.845,-0.268,0,,
PRE-1,15.7018,1789818705.009,5.0,1.32,-14.114,0.192,5.235,1631,4.0,15.0,35,2443,-5.6000000000000005,14.9,36,-13.845,-0.268,0,,
PRE-1,15.7218,1789818705.029,5.0,1.32,-14.114,0.192,5.235,1631,4.0,15.0,35,2443,-5.6000000000000005,14.9,36,-13.845,-0.268,0,,
PRE-1,15.7417,1789818705.049,5.0,1.32,-14.114,0.192,5.235,1631,4.0,15.0,35,2443,-5.6000000000000005,14.9,36,-13.845,-0.268,0,,
PRE-1,15.7618,1789818705.069,5.0,1.32,-14.114,0.192,5.235,1631,4.0,15.0,35,2443,-5.6000000000000005,14.9,36,-13.845,-0.268,0,,
PRE-1,15.7818,1789818705.089,5.0,1.32,-14.114,0.192,5.235,1631,4.0,15.0,35,2443,-5.6000000000000005,14.9,36,-13.845,-0.268,0,,
PRE-1,15.8018,1789818705.109,5.0,1.32,-14.114,0.192,5.235,1631,4.0,15.0,35,2443,-5.6000000000000005,14.9,36,-13.845,-0.268,0,,
PRE-1,15.8218,1789818705.129,5.0,1.32,-14.114,0.192,5.235,1631,4.0,15.0,35,2443,-5.6000000000000005,14.9,36,-13.845,-0.268,0,,
PRE-1,15.8418,1789818705.149,5.0,1.32,-14.114,0.192,5.235,1631,4.0,15.0,35,2443,-5.6000000000000005,14.9,36,-13.845,-0.268,0,,
PRE-1,15.8617,1789818705.169,5.0,1.32,-14.114,0.192,5.235,1631,4.0,15.0,35,2443,-5.6000000000000005,14.9,36,-13.845,-0.268,0,,
PRE-1,15.8818,1789818705.189,5.0,1.32,-14.114,0.192,5.235,1631,4.0,15.0,35,2443,-5.6000000000000005,14.9,36,-13.845,-0.268,0,,
PRE-1,15.9018,1789818705.209,5.0,1.32,-14.114,0.192,5.235,1631,4.0,15.0,35,2443,-5.6000000000000005,14.9,36,-13.845,-0.268,0,,
PRE-1,15.9218,1789818705.229,5.0,1.32,-14.114,0.192,5.235,1631,4.0,15.0,35,2443,-5.6000000000000005,14.9,36,-13.845,-0.268,0,,
PRE-1,15.9418,1789818705.249,5.0,1.32,-14.114,0.192,5.235,1631,4.0,15.0,35,2443,-5.6000000000000005,14.9,36,-13.845,-0.268,0,,
PRE-1,15.9616,1789818705.269,5.0,1.32,-14.114,0.192,5.235,1631,4.0,15.0,35,2443,-5.6000000000000005,14.9,36,-13.845,-0.268,0,,
PRE-1,15.9816,1789818705.289,5.0,1.32,-14.114,0.192,5.235,1631,4.0,15.0,35,2443,-5.6000000000000005,14.9,36,-13.845,-0.268,0,,
PRE-1,16.0018,1789818705.309,5.0,1.32,-14.114,0.192,5.235,1631,4.0,15.0,35,2443,-5.6000000000000005,14.9,36,-13.845,-0.268,0,,
PRE-1,16.0217,1789818705.329,5.0,1.32,-14.075,0.23,5.235,1632,4.800000000000001,15.0,35,2443,-5.6000000000000005,14.9,36,-13.845,-0.23,0,,
PRE-1,16.0417,1789818705.349,5.0,1.32,-14.114,0.192,5.235,1631,4.0,15.0,35,2443,-5.6000000000000005,14.9,36,-13.845,-0.268,0,,
PRE-1,16.0618,1789818705.369,5.0,1.32,-14.114,0.192,5.235,1631,4.0,15.0,35,2443,-5.6000000000000005,14.9,36,-13.845,-0.268,0,,
PRE-1,16.0818,1789818705.389,5.0,1.32,-14.114,0.192,5.235,1631,4.0,15.0,35,2443,-5.6000000000000005,14.9,36,-13.845,-0.268,0,,
PRE-1,16.1018,1789818705.409,5.0,1.32,-14.114,0.192,5.235,1631,4.0,15.0,35,2443,-5.6000000000000005,14.9,36,-13.845,-0.268,0,,
PRE-1,16.1217,1789818705.429,5.0,1.32,-14.114,0.192,5.235,1631,4.0,15.0,35,2443,-5.6000000000000005,14.9,36,-13.845,-0.268,0,,
PRE-1,16.1417,1789818705.449,5.0,1.32,-14.114,0.192,5.235,1631,4.0,15.0,35,2443,-5.6000000000000005,14.9,36,-13.845,-0.268,0,,
PRE-1,16.1618,1789818705.469,5.0,1.32,-14.075,0.23,5.235,1632,4.800000000000001,15.0,35,2443,-5.6000000000000005,14.9,36,-13.845,-0.23,0,,
PRE-1,16.1817,1789818705.489,5.0,1.32,-14.114,0.192,5.235,1631,4.0,15.0,35,2443,-5.6000000000000005,14.9,36,-13.845,-0.268,0,,
PRE-1,16.2017,1789818705.509,5.0,1.32,-14.114,0.192,5.235,1631,4.0,15.0,35,2443,-5.6000000000000005,14.9,36,-13.845,-0.268,0,,
PRE-1,16.2217,1789818705.529,5.0,1.32,-14.114,0.192,5.235,1631,4.0,15.0,35,2443,-5.6000000000000005,14.9,36,-13.845,-0.268,0,,
PRE-1,16.2416,1789818705.549,5.0,1.32,-14.114,0.192,5.235,1631,4.0,15.0,35,2443,-5.6000000000000005,14.9,36,-13.845,-0.268,0,,
PRE-1,16.2618,1789818705.569,5.0,1.32,-14.114,0.192,5.235,1631,4.0,15.0,35,2444,-4.800000000000001,14.9,36,-13.884,-0.23,0,,
PRE-1,16.2818,1789818705.589,5.0,1.32,-14.075,0.23,5.235,1632,4.800000000000001,15.0,35,2443,-5.6000000000000005,14.9,36,-13.845,-0.23,0,,
PRE-1,16.3018,1789818705.609,5.0,1.32,-14.114,0.192,5.235,1631,4.0,15.0,35,2443,-5.6000000000000005,14.9,36,-13.845,-0.268,0,,
PRE-1,16.3218,1789818705.629,5.0,1.32,-14.114,0.192,5.235,1631,4.0,15.0,35,2443,-5.6000000000000005,14.9,36,-13.845,-0.268,0,,
PRE-1,16.3418,1789818705.649,5.0,1.32,-14.114,0.192,5.235,1631,4.0,15.0,35,2443,-5.6000000000000005,14.9,36,-13.845,-0.268,0,,
PRE-1,16.3617,1789818705.669,5.0,1.32,-14.114,0.192,5.235,1631,4.0,15.0,35,2443,-5.6000000000000005,14.9,36,-13.845,-0.268,0,,
PRE-1,16.3817,1789818705.689,5.0,1.32,-14.114,0.192,5.235,1631,4.0,15.0,35,2443,-5.6000000000000005,14.9,36,-13.845,-0.268,0,,
PRE-1,16.4017,1789818705.709,5.0,1.32,-14.114,0.192,5.235,1631,4.0,15.0,35,2443,-5.6000000000000005,14.9,36,-13.845,-0.268,0,,
PRE-1,16.4216,1789818705.729,5.0,1.32,-14.114,0.192,5.235,1631,4.0,15.0,35,2443,-5.6000000000000005,14.9,36,-13.845,-0.268,0,,
PRE-1,16.4418,1789818705.749,5.0,1.32,-14.075,0.23,5.235,1632,4.800000000000001,15.0,35,2443,-5.6000000000000005,14.9,36,-13.845,-0.23,0,,
PRE-1,16.4616,1789818705.769,5.0,1.32,-14.114,0.192,5.235,1631,4.0,14.9,35,2443,-5.6000000000000005,14.9,36,-13.845,-0.268,0,,
PRE-1,16.4816,1789818705.789,5.0,1.32,-14.114,0.192,5.235,1631,4.0,14.9,35,2443,-5.6000000000000005,14.9,36,-13.845,-0.268,0,,
PRE-1,16.5017,1789818705.809,5.0,1.32,-14.114,0.192,5.235,1631,4.0,14.9,35,2443,-5.6000000000000005,14.9,36,-13.845,-0.268,0,,
PRE-1,16.5217,1789818705.829,5.0,1.32,-14.114,0.192,5.235,1631,4.0,14.9,35,2443,-5.6000000000000005,14.9,36,-13.845,-0.268,0,,
PRE-1,16.5416,1789818705.849,5.0,1.32,-14.114,0.192,5.235,1631,4.0,14.9,35,2443,-5.6000000000000005,14.9,36,-13.845,-0.268,0,,
PRE-1,16.5616,1789818705.869,5.0,1.32,-14.114,0.192,5.235,1631,4.0,14.9,35,2443,-5.6000000000000005,14.9,36,-13.845,-0.268,0,,
PRE-1,16.5816,1789818705.889,5.0,1.32,-14.114,0.192,5.235,1631,4.0,15.0,35,2443,-5.6000000000000005,14.9,36,-13.845,-0.268,0,,
PRE-1,16.6016,1789818705.909,5.0,1.32,-14.114,0.192,5.235,1631,4.0,15.0,35,2443,-5.6000000000000005,14.9,36,-13.845,-0.268,0,,
PRE-1,16.6216,1789818705.929,5.0,1.32,-14.114,0.192,5.235,1631,4.0,15.0,35,2443,-5.6000000000000005,14.9,36,-13.845,-0.268,0,,
PRE-1,16.6417,1789818705.949,5.0,1.32,-14.114,0.192,5.235,1631,4.0,15.0,35,2443,-5.6000000000000005,14.9,36,-13.845,-0.268,0,,
PRE-1,16.6616,1789818705.969,5.0,1.32,-14.114,0.192,5.235,1631,4.0,15.0,35,2443,-5.6000000000000005,14.9,36,-13.845,-0.268,0,,
PRE-1,16.6816,1789818705.989,5.0,1.32,-14.114,0.192,5.235,1631,4.0,15.0,35,2443,-5.6000000000000005,14.9,36,-13.845,-0.268,0,,
PRE-1,16.7015,1789818706.009,5.0,1.32,-14.114,0.192,5.235,1631,4.0,15.0,35,2443,-5.6000000000000005,14.9,36,-13.845,-0.268,0,,
PRE-1,16.7215,1789818706.029,5.0,1.32,-14.114,0.192,5.235,1631,4.0,15.0,35,2443,-5.6000000000000005,14.9,36,-13.845,-0.268,0,,
PRE-1,16.7415,1789818706.049,5.0,1.32,-14.114,0.192,5.235,1631,4.0,15.0,35,2443,-5.6000000000000005,14.9,36,-13.845,-0.268,0,,
PRE-1,16.7615,1789818706.069,5.0,1.32,-14.114,0.192,5.235,1631,4.0,15.0,35,2443,-5.6000000000000005,14.9,36,-13.845,-0.268,0,,
PRE-1,16.7815,1789818706.089,5.0,1.32,-14.114,0.192,5.235,1631,4.0,15.0,35,2443,-5.6000000000000005,14.9,36,-13.845,-0.268,0,,
PRE-1,16.8015,1789818706.109,5.0,1.32,-14.114,0.192,5.235,1631,4.0,14.9,35,2443,-5.6000000000000005,14.9,36,-13.845,-0.268,0,,
PRE-1,16.8215,1789818706.129,5.0,1.32,-14.114,0.192,5.235,1631,4.0,14.9,35,2443,-5.6000000000000005,14.9,36,-13.845,-0.268,0,,
PRE-1,16.8415,1789818706.149,5.0,1.32,-14.114,0.192,5.235,1631,4.0,14.9,35,2443,-5.6000000000000005,14.9,36,-13.845,-0.268,0,,
PRE-1,16.8615,1789818706.169,5.0,1.32,-14.114,0.192,5.235,1631,4.0,14.9,35,2443,-5.6000000000000005,14.9,36,-13.845,-0.268,0,,
PRE-1,16.8815,1789818706.189,5.0,1.32,-14.114,0.192,5.235,1631,4.0,14.9,35,2443,-5.6000000000000005,14.9,36,-13.845,-0.268,0,,
PRE-1,16.9015,1789818706.209,5.0,1.32,-14.114,0.192,5.235,1631,4.0,14.9,35,2443,-5.6000000000000005,14.9,36,-13.845,-0.268,0,,
PRE-1,16.9215,1789818706.229,5.0,1.32,-14.114,0.192,5.235,1631,4.0,15.0,35,2443,-5.6000000000000005,14.9,36,-13.845,-0.268,0,,
PRE-1,16.9415,1789818706.249,5.0,1.32,-14.114,0.192,5.235,1631,4.0,15.0,35,2443,-5.6000000000000005,14.9,36,-13.845,-0.268,0,,
PRE-1,16.9615,1789818706.269,5.0,1.32,-14.114,0.192,5.235,1631,4.0,15.0,35,2443,-5.6000000000000005,14.9,36,-13.845,-0.268,0,,
PRE-1,16.9815,1789818706.289,5.0,1.32,-14.114,0.192,5.235,1631,4.0,15.0,35,2443,-5.6000000000000005,14.9,36,-13.845,-0.268,0,,
PRE-1,17.0015,1789818706.309,5.0,1.32,-14.114,0.192,5.235,1631,4.0,15.0,35,2443,-5.6000000000000005,14.9,36,-13.845,-0.268,0,,
PRE-1,17.0215,1789818706.329,5.0,1.32,-14.114,0.192,5.235,1631,4.0,15.0,35,2443,-5.6000000000000005,14.9,36,-13.845,-0.268,0,,
PRE-1,17.0415,1789818706.349,5.0,1.32,-14.114,0.192,5.235,1631,4.0,15.0,35,2443,-5.6000000000000005,14.9,36,-13.845,-0.268,0,,
PRE-1,17.0615,1789818706.369,5.0,1.32,-14.114,0.192,5.235,1631,4.0,15.0,35,2443,-5.6000000000000005,14.9,36,-13.845,-0.268,0,,
PRE-1,17.0815,1789818706.389,5.0,1.32,-14.114,0.192,5.235,1631,4.0,15.0,35,2443,-5.6000000000000005,14.9,36,-13.845,-0.268,0,,
PRE-1,17.1015,1789818706.409,5.0,1.32,-14.114,0.192,5.235,1631,4.0,15.0,35,2443,-5.6000000000000005,14.9,36,-13.845,-0.268,0,,
PRE-1,17.1215,1789818706.429,5.0,1.32,-14.114,0.192,5.235,1631,4.0,15.0,35,2443,-5.6000000000000005,14.9,36,-13.845,-0.268,0,,
PRE-1,17.1415,1789818706.449,5.0,1.32,-14.114,0.192,5.235,1631,4.0,15.0,35,2443,-5.6000000000000005,14.9,36,-13.845,-0.268,0,,
PRE-1,17.1615,1789818706.469,5.0,1.32,-14.114,0.192,5.235,1631,4.0,15.0,35,2443,-5.6000000000000005,14.9,36,-13.845,-0.268,0,,
PRE-1,17.1815,1789818706.489,5.0,1.32,-14.114,0.192,5.235,1631,4.0,15.0,35,2443,-5.6000000000000005,14.9,36,-13.845,-0.268,0,,
PRE-1,17.2015,1789818706.509,5.0,1.32,-14.114,0.192,5.235,1631,4.0,15.0,35,2443,-5.6000000000000005,14.9,36,-13.845,-0.268,0,,
PRE-1,17.2215,1789818706.529,5.0,1.32,-14.114,0.192,5.235,1631,4.0,15.0,35,2443,-5.6000000000000005,14.9,36,-13.845,-0.268,0,,
PRE-1,17.2415,1789818706.549,5.0,1.32,-14.114,0.192,5.235,1631,4.0,15.0,35,2443,-5.6000000000000005,14.9,36,-13.845,-0.268,0,,
PRE-1,17.2615,1789818706.569,5.0,1.32,-14.114,0.192,5.235,1631,4.0,15.0,35,2443,-5.6000000000000005,14.9,36,-13.845,-0.268,0,,
PRE-1,17.2815,1789818706.589,5.0,1.32,-14.114,0.192,5.235,1631,4.0,15.0,35,2443,-5.6000000000000005,14.9,36,-13.845,-0.268,0,,
PRE-1,17.3015,1789818706.609,5.0,1.32,-14.114,0.192,5.235,1631,4.0,15.0,35,2443,-5.6000000000000005,14.9,36,-13.845,-0.268,0,,
PRE-1,17.3215,1789818706.629,5.0,1.32,-14.114,0.192,5.235,1631,4.0,15.0,35,2443,-5.6000000000000005,14.9,36,-13.845,-0.268,0,,
PRE-1,17.3415,1789818706.649,5.0,1.32,-14.114,0.192,5.235,1631,4.0,15.0,35,2443,-5.6000000000000005,14.9,36,-13.845,-0.268,0,,
PRE-1,17.3615,1789818706.669,5.0,1.32,-14.114,0.192,5.235,1631,4.0,15.0,35,2443,-5.6000000000000005,14.9,36,-13.845,-0.268,0,,
PRE-1,17.3815,1789818706.689,5.0,1.32,-14.114,0.192,5.235,1631,4.0,15.0,35,2443,-5.6000000000000005,14.9,36,-13.845,-0.268,0,,
PRE-1,17.4015,1789818706.709,5.0,1.32,-14.114,0.192,5.235,1631,4.0,15.0,35,2443,-5.6000000000000005,14.9,36,-13.845,-0.268,0,,
PRE-1,17.4215,1789818706.729,5.0,1.32,-14.114,0.192,5.235,1631,4.0,15.0,35,2443,-5.6000000000000005,14.9,36,-13.845,-0.268,0,,
PRE-1,17.4415,1789818706.749,5.0,1.32,-14.114,0.192,5.235,1631,4.0,15.0,35,2443,-5.6000000000000005,14.9,36,-13.845,-0.268,0,,
PRE-1,17.4615,1789818706.769,5.0,1.32,-14.114,0.192,5.235,1631,4.0,15.0,35,2443,-5.6000000000000005,14.9,36,-13.845,-0.268,0,,
PRE-1,17.4815,1789818706.789,5.0,1.32,-14.114,0.192,5.235,1631,4.0,15.0,35,2443,-5.6000000000000005,14.9,36,-13.845,-0.268,0,,
PRE-1,17.5015,1789818706.809,5.0,1.32,-14.114,0.192,5.235,1631,4.0,15.0,35,2443,-5.6000000000000005,14.9,36,-13.845,-0.268,0,,
PRE-1,17.5215,1789818706.829,5.0,1.32,-14.114,0.192,5.235,1631,4.0,15.0,35,2443,-5.6000000000000005,14.9,36,-13.845,-0.268,0,,
PRE-1,17.5415,1789818706.849,5.0,1.32,-14.114,0.192,5.235,1631,4.0,15.0,35,2443,-5.6000000000000005,14.9,36,-13.845,-0.268,0,,
PRE-1,17.5615,1789818706.869,5.0,1.32,-14.114,0.192,5.235,1631,4.0,15.0,35,2443,-5.6000000000000005,14.9,36,-13.845,-0.268,0,,
PRE-1,17.5815,1789818706.889,5.0,1.32,-14.114,0.192,5.235,1631,4.0,15.0,35,2443,-5.6000000000000005,14.9,36,-13.845,-0.268,0,,
PRE-1,17.6015,1789818706.909,5.0,1.32,-14.114,0.192,5.235,1631,4.0,15.0,35,2443,-5.6000000000000005,14.9,36,-13.845,-0.268,0,,
PRE-1,17.6215,1789818706.929,5.0,1.32,-14.114,0.192,5.235,1631,4.0,15.0,35,2443,-5.6000000000000005,14.9,36,-13.845,-0.268,0,,
PRE-1,17.6415,1789818706.949,5.0,1.32,-14.114,0.192,5.235,1631,4.0,15.0,35,2443,-5.6000000000000005,14.9,36,-13.845,-0.268,0,,
PRE-1,17.6615,1789818706.969,5.0,1.32,-14.114,0.192,5.235,1631,4.0,15.0,35,2443,-5.6000000000000005,14.9,36,-13.845,-0.268,0,,
PRE-1,17.6817,1789818706.989,5.0,1.32,-14.114,0.192,5.235,1631,4.0,15.0,35,2443,-5.6000000000000005,14.9,36,-13.845,-0.268,0,,
PRE-1,17.7016,1789818707.009,5.0,1.32,-14.114,0.192,5.235,1631,4.0,15.0,35,2443,-5.6000000000000005,14.9,36,-13.845,-0.268,0,,
PRE-1,17.7217,1789818707.029,5.0,1.32,-14.114,0.192,5.235,1631,4.0,15.0,35,2443,-5.6000000000000005,14.9,36,-13.845,-0.268,0,,
PRE-1,17.7416,1789818707.049,5.0,1.32,-14.114,0.192,5.235,1631,4.0,15.0,35,2443,-5.6000000000000005,14.8,36,-13.845,-0.268,0,,
PRE-1,17.7615,1789818707.069,5.0,1.32,-14.114,0.192,5.235,1631,4.800000000000001,15.0,35,2443,-5.6000000000000005,14.8,36,-13.845,-0.268,0,,
PRE-1,17.7815,1789818707.089,5.0,1.32,-14.114,0.192,5.235,1631,4.0,15.0,35,2443,-5.6000000000000005,14.8,36,-13.845,-0.268,0,,
PRE-1,17.8015,1789818707.109,5.0,1.32,-14.114,0.192,5.235,1631,4.0,15.0,35,2443,-5.6000000000000005,14.8,36,-13.845,-0.268,0,,
PRE-1,17.8217,1789818707.129,5.0,1.32,-14.114,0.192,5.235,1631,4.0,15.0,35,2443,-5.6000000000000005,14.8,36,-13.845,-0.268,0,,
PRE-1,17.8416,1789818707.149,5.0,1.32,-14.114,0.192,5.235,1631,4.0,15.0,35,2443,-5.6000000000000005,14.8,36,-13.845,-0.268,0,,
PRE-1,17.8615,1789818707.169,5.0,1.32,-14.114,0.192,5.235,1631,4.0,15.0,35,2443,-5.6000000000000005,14.9,36,-13.845,-0.268,0,,
PRE-1,17.8815,1789818707.189,5.0,1.32,-14.075,0.23,5.235,1632,4.800000000000001,15.0,35,2443,-5.6000000000000005,14.9,36,-13.845,-0.23,0,,
PRE-1,17.9015,1789818707.209,5.0,1.32,-14.114,0.192,5.235,1631,4.0,15.0,35,2443,-5.6000000000000005,14.9,36,-13.845,-0.268,0,,
PRE-1,17.9215,1789818707.229,5.0,1.32,-14.075,0.23,5.235,1632,4.800000000000001,15.0,35,2443,-5.6000000000000005,14.9,36,-13.845,-0.23,0,,
PRE-1,17.9415,1789818707.249,5.0,1.32,-14.114,0.192,5.235,1631,4.0,15.0,35,2443,-5.6000000000000005,14.9,36,-13.845,-0.268,0,,
PRE-1,17.9615,1789818707.269,5.0,1.32,-14.114,0.192,5.235,1631,4.0,15.0,35,2443,-5.6000000000000005,14.9,36,-13.845,-0.268,0,,
PRE-1,17.9815,1789818707.289,5.0,1.32,-14.114,0.192,5.235,1631,4.0,15.0,35,2443,-5.6000000000000005,14.9,36,-13.845,-0.268,0,,
PRE-1,18.0015,1789818707.309,5.0,1.32,-14.075,0.23,5.235,1632,4.800000000000001,15.0,35,2443,-5.6000000000000005,14.9,36,-13.845,-0.23,0,,
PRE-1,18.0216,1789818707.329,5.0,1.32,-14.114,0.192,5.235,1631,4.0,15.0,35,2443,-5.6000000000000005,14.9,36,-13.845,-0.268,0,,
PRE-1,18.0415,1789818707.349,5.0,1.32,-14.114,0.192,5.235,1631,4.0,15.0,35,2443,-5.6000000000000005,14.9,36,-13.845,-0.268,0,,
PRE-1,18.0614,1789818707.369,5.0,1.32,-14.114,0.192,5.235,1631,4.0,15.0,35,2443,-5.6000000000000005,14.9,36,-13.845,-0.268,0,,
PRE-1,18.0814,1789818707.389,5.0,1.32,-14.114,0.192,5.235,1631,4.0,15.0,35,2443,-5.6000000000000005,14.9,36,-13.845,-0.268,0,,
PRE-1,18.1014,1789818707.409,5.0,1.32,-14.114,0.192,5.235,1631,4.0,15.0,35,2443,-5.6000000000000005,14.9,36,-13.845,-0.268,0,,
PRE-1,18.1214,1789818707.429,5.0,1.32,-14.114,0.192,5.235,1631,4.0,15.0,35,2443,-5.6000000000000005,14.9,36,-13.845,-0.268,0,,
PRE-1,18.1414,1789818707.449,5.0,1.32,-14.114,0.192,5.235,1631,4.0,15.0,35,2443,-5.6000000000000005,14.9,36,-13.845,-0.268,0,,
PRE-1,18.1614,1789818707.469,5.0,1.32,-14.114,0.192,5.235,1631,4.0,15.0,35,2443,-5.6000000000000005,14.9,36,-13.845,-0.268,0,,
PRE-1,18.1814,1789818707.489,5.0,1.32,-14.114,0.192,5.235,1631,4.0,15.0,35,2443,-5.6000000000000005,14.9,36,-13.845,-0.268,0,,
PRE-1,18.2014,1789818707.509,5.0,1.32,-14.114,0.192,5.235,1631,4.0,14.9,35,2443,-5.6000000000000005,14.9,36,-13.845,-0.268,0,,
PRE-1,18.2214,1789818707.529,5.0,1.32,-14.114,0.192,5.235,1631,4.0,14.9,35,2443,-5.6000000000000005,14.9,36,-13.845,-0.268,0,,
PRE-1,18.2414,1789818707.549,5.0,1.32,-14.114,0.192,5.235,1631,4.0,14.9,35,2443,-5.6000000000000005,14.9,36,-13.845,-0.268,0,,
PRE-1,18.2614,1789818707.569,5.0,1.32,-14.114,0.192,5.235,1631,4.0,14.9,35,2443,-5.6000000000000005,14.9,36,-13.845,-0.268,0,,
PRE-1,18.2814,1789818707.589,5.0,1.32,-14.114,0.192,5.235,1631,4.0,14.9,35,2443,-5.6000000000000005,14.9,36,-13.845,-0.268,0,,
PRE-1,18.3014,1789818707.609,5.0,1.32,-14.114,0.192,5.235,1631,4.0,14.9,35,2443,-5.6000000000000005,14.9,36,-13.845,-0.268,0,,
PRE-1,18.3214,1789818707.629,5.0,1.32,-14.114,0.192,5.235,1631,4.0,15.0,35,2444,-4.800000000000001,14.9,36,-13.884,-0.23,0,,
PRE-1,18.3414,1789818707.649,5.0,1.32,-14.075,0.23,5.235,1632,4.800000000000001,15.0,35,2443,-5.6000000000000005,14.9,36,-13.845,-0.23,0,,
PRE-1,18.3614,1789818707.669,5.0,1.32,-14.114,0.192,5.235,1631,4.0,15.0,35,2443,-5.6000000000000005,14.9,36,-13.845,-0.268,0,,
PRE-1,18.3814,1789818707.689,5.0,1.32,-14.114,0.192,5.235,1631,4.0,15.0,35,2443,-5.6000000000000005,14.9,36,-13.845,-0.268,0,,
PRE-1,18.4014,1789818707.709,5.0,1.32,-14.114,0.192,5.235,1631,4.0,15.0,35,2443,-5.6000000000000005,14.9,36,-13.845,-0.268,0,,
PRE-1,18.4214,1789818707.729,5.0,1.32,-14.114,0.192,5.235,1631,4.0,15.0,35,2443,-5.6000000000000005,14.9,36,-13.845,-0.268,0,,
PRE-1,18.4414,1789818707.749,5.0,1.32,-14.114,0.192,5.235,1631,4.0,15.0,35,2443,-5.6000000000000005,14.9,36,-13.845,-0.268,0,,
PRE-1,18.4614,1789818707.769,5.0,1.32,-14.114,0.192,5.235,1631,4.0,15.0,35,2443,-5.6000000000000005,14.9,36,-13.845,-0.268,0,,
PRE-1,18.4816,1789818707.789,5.0,1.32,-14.114,0.192,5.235,1631,4.0,15.0,35,2443,-5.6000000000000005,14.9,36,-13.845,-0.268,0,,
PRE-1,18.5014,1789818707.809,5.0,1.32,-14.114,0.192,5.235,1631,4.0,15.0,35,2443,-5.6000000000000005,14.9,36,-13.845,-0.268,0,,
PRE-1,18.5217,1789818707.829,5.0,1.32,-14.114,0.192,5.235,1631,4.0,15.0,35,2443,-5.6000000000000005,14.9,36,-13.845,-0.268,0,,
PRE-1,18.5414,1789818707.849,5.0,1.32,-14.114,0.192,5.235,1631,4.0,15.0,35,2443,-5.6000000000000005,14.9,36,-13.845,-0.268,0,,
PRE-1,18.5614,1789818707.869,5.0,1.32,-14.114,0.192,5.235,1631,4.0,15.0,35,2443,-5.6000000000000005,14.9,36,-13.845,-0.268,0,,
PRE-1,18.5815,1789818707.889,5.0,1.32,-14.114,0.192,5.235,1631,4.0,15.0,35,2443,-5.6000000000000005,14.9,36,-13.845,-0.268,0,,
PRE-1,18.6014,1789818707.909,5.0,1.32,-14.114,0.192,5.235,1631,4.0,15.0,35,2443,-5.6000000000000005,14.9,36,-13.845,-0.268,0,,
PRE-1,18.6216,1789818707.929,5.0,1.32,-14.114,0.192,5.235,1631,4.0,15.0,35,2443,-5.6000000000000005,14.9,36,-13.845,-0.268,0,,
PRE-1,18.6414,1789818707.949,5.0,1.32,-14.114,0.192,5.235,1631,4.0,15.0,35,2443,-5.6000000000000005,14.9,36,-13.845,-0.268,0,,
PRE-1,18.6614,1789818707.969,5.0,1.32,-14.075,0.23,5.235,1632,4.800000000000001,15.0,35,2443,-5.6000000000000005,14.9,36,-13.845,-0.23,0,,
PRE-1,18.6814,1789818707.989,5.0,1.32,-14.075,0.23,5.235,1632,4.800000000000001,15.0,35,2443,-5.6000000000000005,14.9,36,-13.845,-0.23,0,,
PRE-1,18.7014,1789818708.009,5.0,1.32,-14.114,0.192,5.235,1631,4.0,15.0,35,2443,-5.6000000000000005,14.9,36,-13.845,-0.268,0,,
PRE-1,18.7216,1789818708.029,5.0,1.32,-14.114,0.192,5.235,1631,4.0,15.0,35,2443,-5.6000000000000005,14.9,36,-13.845,-0.268,0,,
PRE-1,18.7414,1789818708.049,5.0,1.32,-14.114,0.192,5.235,1631,4.0,15.0,35,2443,-5.6000000000000005,14.9,36,-13.845,-0.268,0,,
PRE-1,18.7614,1789818708.069,5.0,1.32,-14.114,0.192,5.235,1631,4.0,15.0,35,2443,-5.6000000000000005,14.9,36,-13.845,-0.268,0,,
PRE-1,18.7814,1789818708.089,5.0,1.32,-14.114,0.192,5.235,1631,4.0,15.0,35,2443,-5.6000000000000005,14.9,36,-13.845,-0.268,0,,
PRE-1,18.8014,1789818708.109,5.0,1.32,-14.114,0.192,5.235,1631,4.0,15.0,35,2443,-5.6000000000000005,14.9,36,-13.845,-0.268,0,,
PRE-1,18.8214,1789818708.129,5.0,1.32,-14.114,0.192,5.235,1631,4.0,15.0,35,2443,-5.6000000000000005,14.9,36,-13.845,-0.268,0,,
PRE-1,18.8414,1789818708.149,5.0,1.32,-14.114,0.192,5.235,1631,4.0,15.0,35,2443,-5.6000000000000005,14.9,36,-13.845,-0.268,0,,
PRE-1,18.8614,1789818708.169,5.0,1.32,-14.114,0.192,5.235,1631,4.0,15.0,35,2443,-5.6000000000000005,14.9,36,-13.845,-0.268,0,,
PRE-1,18.8814,1789818708.189,5.0,1.32,-14.114,0.192,5.235,1631,4.0,15.0,35,2443,-5.6000000000000005,14.9,36,-13.845,-0.268,0,,
PRE-1,18.9014,1789818708.209,5.0,1.32,-14.114,0.192,5.235,1631,4.0,15.0,35,2443,-5.6000000000000005,14.9,36,-13.845,-0.268,0,,
PRE-1,18.9214,1789818708.229,5.0,1.32,-14.114,0.192,5.235,1631,4.0,15.0,35,2443,-5.6000000000000005,14.9,36,-13.845,-0.268,0,,
PRE-1,18.9414,1789818708.249,5.0,1.32,-14.114,0.192,5.235,1631,4.0,15.0,35,2443,-5.6000000000000005,14.9,36,-13.845,-0.268,0,,
PRE-1,18.9614,1789818708.269,5.0,1.32,-14.075,0.23,5.235,1632,4.800000000000001,15.0,35,2443,-5.6000000000000005,14.9,36,-13.845,-0.23,0,,
PRE-1,18.9814,1789818708.289,5.0,1.32,-14.114,0.192,5.235,1631,4.0,15.0,35,2443,-5.6000000000000005,14.9,36,-13.845,-0.268,0,,
PRE-1,19.0014,1789818708.309,5.0,1.32,-14.114,0.192,5.235,1631,4.0,15.0,35,2443,-5.6000000000000005,14.9,36,-13.845,-0.268,0,,
PRE-1,19.0214,1789818708.329,5.0,1.32,-14.114,0.192,5.235,1631,4.0,15.0,35,2443,-5.6000000000000005,14.9,36,-13.845,-0.268,0,,
PRE-1,19.0415,1789818708.349,5.0,1.32,-14.075,0.23,5.235,1632,4.800000000000001,15.0,35,2443,-5.6000000000000005,14.9,36,-13.845,-0.23,0,,
PRE-1,19.0614,1789818708.369,5.0,1.32,-14.114,0.192,5.235,1631,4.0,15.0,35,2443,-5.6000000000000005,14.9,36,-13.845,-0.268,0,,
PRE-1,19.0814,1789818708.389,5.0,1.32,-14.114,0.192,5.235,1631,4.0,15.0,35,2443,-5.6000000000000005,14.9,36,-13.845,-0.268,0,,
PRE-1,19.1014,1789818708.409,5.0,1.32,-14.075,0.23,5.235,1632,4.800000000000001,15.0,35,2443,-5.6000000000000005,14.9,36,-13.845,-0.23,0,,
PRE-1,19.1214,1789818708.429,5.0,1.32,-14.114,0.192,5.235,1631,4.0,15.0,35,2443,-5.6000000000000005,14.9,36,-13.845,-0.268,0,,
PRE-1,19.1414,1789818708.449,5.0,1.32,-14.114,0.192,5.235,1631,4.0,15.0,35,2443,-5.6000000000000005,14.9,36,-13.845,-0.268,0,,
PRE-1,19.1614,1789818708.469,5.0,1.32,-14.114,0.192,5.235,1631,4.0,15.0,35,2443,-5.6000000000000005,14.9,36,-13.845,-0.268,0,,
PRE-1,19.1814,1789818708.489,5.0,1.32,-14.114,0.192,5.235,1631,4.0,15.0,35,2443,-5.6000000000000005,14.9,36,-13.845,-0.268,0,,
PRE-1,19.2014,1789818708.509,5.0,1.32,-14.114,0.192,5.235,1631,4.0,15.0,35,2443,-5.6000000000000005,14.9,36,-13.845,-0.268,0,,
PRE-1,19.2213,1789818708.529,5.0,1.32,-14.114,0.192,5.235,1631,4.0,15.0,35,2443,-5.6000000000000005,14.9,36,-13.845,-0.268,0,,
PRE-1,19.2414,1789818708.549,5.0,1.32,-14.114,0.192,5.235,1631,4.0,15.0,35,2443,-5.6000000000000005,14.9,36,-13.845,-0.268,0,,
PRE-1,19.2614,1789818708.569,5.0,1.32,-14.114,0.192,5.235,1631,4.0,15.0,35,2443,-5.6000000000000005,14.9,36,-13.845,-0.268,0,,
PRE-1,19.2814,1789818708.589,5.0,1.32,-14.114,0.192,5.235,1631,4.0,15.0,35,2443,-5.6000000000000005,14.9,36,-13.845,-0.268,0,,
PRE-1,19.3014,1789818708.609,5.0,1.32,-14.114,0.192,5.235,1631,4.0,15.0,35,2443,-5.6000000000000005,14.9,36,-13.845,-0.268,0,,
PRE-1,19.3214,1789818708.629,5.0,1.32,-14.114,0.192,5.235,1631,4.0,15.0,35,2443,-5.6000000000000005,14.9,36,-13.845,-0.268,0,,
PRE-1,19.3414,1789818708.649,5.0,1.32,-14.114,0.192,5.235,1631,4.0,15.0,35,2444,-4.800000000000001,14.9,36,-13.884,-0.23,0,,
PRE-1,19.3614,1789818708.669,5.0,1.32,-14.114,0.192,5.235,1631,4.0,15.0,35,2443,-5.6000000000000005,14.9,36,-13.845,-0.268,0,,
PRE-1,19.3813,1789818708.689,5.0,1.32,-14.114,0.192,5.235,1631,4.0,15.0,35,2443,-5.6000000000000005,14.9,36,-13.845,-0.268,0,,
PRE-1,19.4014,1789818708.709,5.0,1.32,-14.114,0.192,5.235,1631,4.0,15.0,35,2443,-5.6000000000000005,14.9,36,-13.845,-0.268,0,,
PRE-1,19.4214,1789818708.729,5.0,1.32,-14.114,0.192,5.235,1631,4.0,15.0,35,2443,-5.6000000000000005,14.9,36,-13.845,-0.268,0,,
PRE-1,19.4414,1789818708.749,5.0,1.32,-14.114,0.192,5.235,1631,4.0,15.0,35,2443,-5.6000000000000005,14.9,36,-13.845,-0.268,0,,
PRE-1,19.4613,1789818708.769,5.0,1.32,-14.114,0.192,5.235,1631,4.0,15.0,35,2443,-5.6000000000000005,14.9,36,-13.845,-0.268,0,,
PRE-1,19.4814,1789818708.789,5.0,1.32,-14.114,0.192,5.235,1631,4.0,15.0,35,2443,-5.6000000000000005,14.9,36,-13.845,-0.268,0,,
PRE-1,19.5014,1789818708.809,5.0,1.32,-14.114,0.192,5.235,1631,4.0,15.0,35,2443,-5.6000000000000005,14.9,36,-13.845,-0.268,0,,
PRE-1,19.5213,1789818708.829,5.0,1.32,-14.114,0.192,5.235,1631,4.0,15.0,35,2443,-5.6000000000000005,14.9,36,-13.845,-0.268,0,,
PRE-1,19.5413,1789818708.849,5.0,1.32,-14.114,0.192,5.235,1631,4.0,15.0,35,2443,-5.6000000000000005,14.9,36,-13.845,-0.268,0,,
PRE-1,19.5613,1789818708.869,5.0,1.32,-14.114,0.192,5.235,1631,4.0,15.0,35,2443,-5.6000000000000005,14.9,36,-13.845,-0.268,0,,
PRE-1,19.5813,1789818708.889,5.0,1.32,-14.114,0.192,5.235,1631,4.0,15.0,35,2443,-5.6000000000000005,14.9,36,-13.845,-0.268,0,,
PRE-1,19.6013,1789818708.909,5.0,1.32,-14.114,0.192,5.235,1631,4.0,15.0,35,2443,-5.6000000000000005,14.8,36,-13.845,-0.268,0,,
PRE-1,19.6213,1789818708.929,5.0,1.32,-14.114,0.192,5.235,1631,4.0,15.0,35,2443,-5.6000000000000005,14.8,36,-13.845,-0.268,0,,
PRE-1,19.6413,1789818708.949,5.0,1.32,-14.114,0.192,5.235,1631,4.0,15.0,35,2443,-5.6000000000000005,14.8,36,-13.845,-0.268,0,,
PRE-1,19.6613,1789818708.969,5.0,1.32,-14.114,0.192,5.235,1631,4.0,15.0,35,2443,-5.6000000000000005,14.8,36,-13.845,-0.268,0,,
PRE-1,19.6814,1789818708.989,5.0,1.32,-14.114,0.192,5.235,1631,4.0,15.0,35,2443,-5.6000000000000005,14.8,36,-13.845,-0.268,0,,
PRE-1,19.7013,1789818709.009,5.0,1.32,-14.114,0.192,5.235,1631,4.0,15.0,35,2443,-5.6000000000000005,14.8,36,-13.845,-0.268,0,,
PRE-1,19.7213,1789818709.029,5.0,1.32,-14.114,0.192,5.235,1631,4.0,15.0,35,2443,-5.6000000000000005,14.9,36,-13.845,-0.268,0,,
PRE-1,19.7415,1789818709.049,5.0,1.32,-14.114,0.192,5.235,1631,4.0,15.0,35,2443,-5.6000000000000005,14.9,36,-13.845,-0.268,0,,
PRE-1,19.7614,1789818709.069,5.0,1.32,-14.114,0.192,5.235,1631,4.0,15.0,35,2443,-5.6000000000000005,14.9,36,-13.845,-0.268,0,,
PRE-1,19.7814,1789818709.089,5.0,1.32,-14.114,0.192,5.235,1631,4.0,15.0,35,2443,-5.6000000000000005,14.9,36,-13.845,-0.268,0,,
PRE-1,19.8013,1789818709.109,5.0,1.32,-14.114,0.192,5.235,1631,4.0,15.0,35,2443,-5.6000000000000005,14.9,36,-13.845,-0.268,0,,
PRE-1,19.8215,1789818709.129,5.0,1.32,-14.114,0.192,5.235,1631,4.0,15.0,35,2443,-5.6000000000000005,14.9,36,-13.845,-0.268,0,,
PRE-1,19.8415,1789818709.149,5.0,1.32,-14.114,0.192,5.235,1631,4.0,15.0,35,2443,-5.6000000000000005,14.9,36,-13.845,-0.268,0,,
PRE-1,19.8615,1789818709.169,5.0,1.32,-14.114,0.192,5.235,1631,4.0,15.0,35,2443,-5.6000000000000005,14.9,36,-13.845,-0.268,0,,
PRE-1,19.8813,1789818709.189,5.0,1.32,-14.114,0.192,5.235,1631,4.0,15.0,35,2443,-5.6000000000000005,14.9,36,-13.845,-0.268,0,,
PRE-1,19.9015,1789818709.209,5.0,1.32,-14.114,0.192,5.235,1631,4.0,15.0,35,2443,-5.6000000000000005,14.9,36,-13.845,-0.268,0,,
PRE-1,19.9215,1789818709.229,5.0,1.32,-14.114,0.192,5.235,1631,4.0,15.0,35,2443,-5.6000000000000005,14.9,36,-13.845,-0.268,0,,
PRE-1,19.9414,1789818709.249,5.0,1.32,-14.114,0.192,5.235,1631,4.0,15.0,35,2443,-5.6000000000000005,14.9,36,-13.845,-0.268,0,,
PRE-1,19.9614,1789818709.269,5.0,1.32,-14.114,0.192,5.235,1631,4.0,14.9,35,2443,-5.6000000000000005,14.9,36,-13.845,-0.268,0,,
PRE-1,19.9814,1789818709.289,5.0,1.32,-14.114,0.192,5.235,1631,4.0,14.9,35,2443,-5.6000000000000005,14.9,36,-13.845,-0.268,0,,
PRE-1,20.0,,,,,,,,,,,,,,,,,0,completed,
