run_id,t_s,wall_time,load_target_Nm,payload_kg,q_deg,q_err_deg,tau_grav_Nm,pos1,load1_pct,volt1,temp1_C,cur1_A,pos2,load2_pct,volt2,temp2_C,cur2_A,q2_deg,dq12_deg,comm_fail,abort_reason,note
V-DROP,0.0009,1789992313.291,11.7275,3.6226,0.268,0.268,11.727,2006,6.4,14.9,34,-0.0315,2069,-10.4,14.8,34,0.108,0.499,-0.23,0,,
V-DROP,0.0208,1789992313.311,11.7275,3.6226,0.268,0.268,11.727,2006,6.4,14.9,34,-0.027,2069,-10.4,14.8,34,0.1125,0.499,-0.23,0,,
V-DROP,0.0418,1789992313.332,11.7275,3.6226,0.268,0.268,11.727,2006,6.4,14.9,34,-0.108,2069,-10.4,14.8,34,0.108,0.499,-0.23,0,,
V-DROP,0.0608,1789992313.351,11.7275,3.6226,0.268,0.268,11.727,2006,6.4,14.9,34,-0.027,2069,-10.4,14.8,34,0.108,0.499,-0.23,0,,
V-DROP,0.0819,1789992313.372,11.7275,3.6226,0.268,0.268,11.727,2006,6.4,14.9,34,-0.027,2069,-10.4,14.8,34,0.108,0.499,-0.23,0,,
V-DROP,0.1018,1789992313.392,11.7275,3.6226,0.268,0.268,11.727,2006,6.4,14.9,34,-0.027,2069,-10.4,14.8,34,0.108,0.499,-0.23,0,,
V-DROP,0.121,1789992313.411,11.7275,3.6226,0.268,0.268,11.727,2006,6.4,14.9,34,-0.027,2069,-10.4,14.8,34,0.09,0.499,-0.23,0,,
V-DROP,0.1409,1789992313.431,11.7275,3.6226,0.268,0.268,11.727,2006,6.4,14.9,34,-0.0405,2069,-10.4,14.8,34,0.108,0.499,-0.23,0,,
V-DROP,0.1618,1789992313.452,11.7275,3.6226,0.268,0.268,11.727,2006,6.4,14.9,34,-0.027,2069,-10.4,14.8,34,0.1125,0.499,-0.23,0,,
V-DROP,0.1817,1789992313.472,11.7275,3.6226,0.268,0.268,11.727,2006,6.4,14.9,34,-0.0315,2069,-10.4,14.8,34,0.108,0.499,-0.23,0,,
V-DROP,0.2008,1789992313.491,11.7275,3.6226,0.268,0.268,11.727,2006,6.4,14.9,34,-0.027,2069,-10.4,14.8,34,0.108,0.499,-0.23,0,,
V-DROP,0.2218,1789992313.512,11.7275,3.6226,0.268,0.268,11.727,2006,6.4,14.9,34,-0.027,2069,-10.4,14.8,34,0.108,0.499,-0.23,0,,
V-DROP,0.2408,1789992313.531,11.7275,3.6226,0.268,0.268,11.727,2006,6.4,14.9,34,-0.027,2069,-10.4,14.8,34,0.108,0.499,-0.23,0,,
V-DROP,0.2618,1789992313.552,11.7275,3.6226,0.268,0.268,11.727,2006,6.4,14.9,34,-0.027,2069,-10.4,14.8,34,0.108,0.499,-0.23,0,,
V-DROP,0.2817,1789992313.572,11.7275,3.6226,0.268,0.268,11.727,2006,6.4,14.9,34,-0.027,2069,-10.4,14.8,34,0.108,0.499,-0.23,0,,
V-DROP,0.3008,1789992313.591,11.7275,3.6226,0.268,0.268,11.727,2006,6.4,14.9,34,-0.027,2069,-10.4,14.8,34,0.108,0.499,-0.23,0,,
V-DROP,0.3218,1789992313.612,11.7275,3.6226,0.268,0.268,11.727,2006,6.4,14.9,34,-0.0405,2069,-10.4,14.8,34,0.1305,0.499,-0.23,0,,
V-DROP,0.3408,1789992313.631,11.7275,3.6226,0.268,0.268,11.727,2006,6.4,14.9,34,-0.027,2069,-10.4,14.8,34,0.1125,0.499,-0.23,0,,
V-DROP,0.3617,1789992313.652,11.7275,3.6226,0.268,0.268,11.727,2006,6.4,14.9,34,-0.027,2069,-10.4,14.8,34,0.108,0.499,-0.23,0,,
V-DROP,0.3807,1789992313.671,11.7275,3.6226,0.268,0.268,11.727,2006,6.4,14.9,34,-0.0315,2069,-10.4,14.8,34,0.108,0.499,-0.23,0,,
V-DROP,0.4008,1789992313.691,11.7275,3.6226,0.268,0.268,11.727,2006,6.4,14.9,34,-0.027,2069,-10.4,14.8,34,0.108,0.499,-0.23,0,,
V-DROP,0.4207,1789992313.711,11.7275,3.6226,0.268,0.268,11.727,2006,6.4,14.9,34,-0.0315,2069,-10.4,14.8,34,0.108,0.499,-0.23,0,,
V-DROP,0.4407,1789992313.731,11.7275,3.6226,0.268,0.268,11.727,2006,6.4,14.9,34,-0.027,2069,-10.4,14.8,34,0.108,0.499,-0.23,0,,
V-DROP,0.4607,1789992313.751,11.7275,3.6226,0.268,0.268,11.727,2006,6.4,14.9,34,-0.027,2069,-10.4,14.8,34,0.108,0.499,-0.23,0,,
V-DROP,0.4807,1789992313.771,11.7275,3.6226,0.268,0.268,11.727,2006,6.4,14.9,34,-0.108,2069,-10.4,14.8,34,0.108,0.499,-0.23,0,,
V-DROP,0.5007,1789992313.791,11.7275,3.6226,0.268,0.268,11.727,2006,6.4,14.9,34,-0.027,2069,-10.4,14.8,34,0.108,0.499,-0.23,0,,
V-DROP,0.5207,1789992313.811,11.7275,3.6226,0.268,0.268,11.727,2006,6.4,14.9,34,-0.027,2069,-10.4,14.8,34,0.108,0.499,-0.23,0,,
V-DROP,0.5418,1789992313.832,11.7275,3.6226,0.268,0.268,11.727,2006,6.4,14.9,34,-0.027,2069,-10.4,14.8,34,0.1485,0.499,-0.23,0,,
V-DROP,0.5617,1789992313.852,11.7275,3.6226,0.268,0.268,11.727,2006,6.4,14.9,34,-0.027,2069,-10.4,14.8,34,0.1125,0.499,-0.23,0,,
V-DROP,0.5807,1789992313.871,11.7275,3.6226,0.268,0.268,11.727,2006,6.4,14.9,34,-0.027,2068,-11.200000000000001,14.8,34,0.1305,0.537,-0.268,0,,
V-DROP,0.6017,1789992313.892,11.7275,3.6226,0.307,0.307,11.727,2007,7.2,14.9,34,-0.027,2068,-11.200000000000001,14.8,34,0.1305,0.537,-0.23,0,,
V-DROP,0.6217,1789992313.912,11.7275,3.6226,0.268,0.268,11.727,2006,6.4,15.0,34,-0.0405,2069,-10.4,14.8,34,0.1305,0.499,-0.23,0,,
V-DROP,0.6407,1789992313.931,11.7275,3.6226,0.268,0.268,11.727,2006,6.4,15.0,34,-0.027,2068,-11.200000000000001,14.8,34,0.1395,0.537,-0.268,0,,
V-DROP,0.6618,1789992313.952,11.7275,3.6226,0.307,0.307,11.727,2007,7.2,15.0,34,-0.027,2068,-11.200000000000001,14.8,34,0.1305,0.537,-0.23,0,,
V-DROP,0.6808,1789992313.971,11.7275,3.6226,0.307,0.307,11.727,2007,7.2,15.0,34,-0.0405,2068,-11.200000000000001,14.8,34,0.1305,0.537,-0.23,0,,
V-DROP,0.7017,1789992313.992,11.7275,3.6226,0.307,0.307,11.727,2007,7.2,15.0,34,-0.0405,2068,-11.200000000000001,14.8,34,0.1305,0.537,-0.23,0,,
V-DROP,0.7218,1789992314.012,11.7275,3.6226,0.307,0.307,11.727,2007,7.2,15.0,34,-0.0405,2068,-11.200000000000001,14.8,34,0.1305,0.537,-0.23,0,,
V-DROP,0.7417,1789992314.032,11.7275,3.6226,0.307,0.307,11.727,2007,7.2,15.0,34,-0.0405,2068,-11.200000000000001,14.1,34,0.1305,0.537,-0.23,0,,
V-DROP,0.7618,1789992314.052,11.7275,3.6226,0.307,0.307,11.727,2007,7.2,15.0,34,-0.0405,2067,-12.0,14.1,34,0.1305,0.575,-0.268,0,,
V-DROP,0.7818,1789992314.072,11.7275,3.6226,0.307,0.307,11.727,2007,7.2,15.0,34,-0.0405,2067,-12.0,14.1,34,0.162,0.575,-0.268,0,,
V-DROP,0.8018,1789992314.092,11.7275,3.6226,0.307,0.307,11.727,2007,7.2,15.0,34,-0.0405,2067,-12.0,14.1,34,0.1485,0.575,-0.268,0,,
V-DROP,0.8218,1789992314.112,11.7275,3.6226,0.307,0.307,11.727,2007,7.2,15.0,34,-0.0405,2067,-12.0,14.1,34,0.1485,0.575,-0.268,0,,
V-DROP,0.8418,1789992314.132,11.7275,3.6226,0.307,0.307,11.727,2007,7.2,15.0,34,-0.0405,2067,-12.0,14.1,34,0.153,0.575,-0.268,0,,
V-DROP,0.8618,1789992314.152,11.7275,3.6226,0.307,0.307,11.727,2007,7.2,15.0,34,-0.0405,2067,-12.0,14.2,34,0.153,0.575,-0.268,0,,
V-DROP,0.8817,1789992314.172,11.7275,3.6226,0.307,0.307,11.727,2007,7.2,15.0,34,-0.0405,2067,-12.0,14.2,34,0.1485,0.575,-0.268,0,,
V-DROP,0.9018,1789992314.192,11.7275,3.6226,0.307,0.307,11.727,2007,7.2,15.0,34,-0.0855,2067,-12.0,14.2,34,0.153,0.575,-0.268,0,,
V-DROP,0.9218,1789992314.212,11.7275,3.6226,0.307,0.307,11.727,2007,7.2,15.0,34,-0.0405,2067,-12.0,14.2,34,0.1485,0.575,-0.268,0,,
V-DROP,0.9418,1789992314.232,11.7275,3.6226,0.307,0.307,11.727,2007,7.2,15.0,34,-0.0405,2067,-12.0,14.2,34,0.1485,0.575,-0.268,0,,
V-DROP,0.9618,1789992314.252,11.7275,3.6226,0.307,0.307,11.727,2007,7.2,15.0,34,-0.0405,2067,-12.0,14.2,34,0.1485,0.575,-0.268,0,,
V-DROP,0.9818,1789992314.272,11.7275,3.6226,0.307,0.307,11.727,2007,7.2,14.8,34,-0.0405,2067,-12.0,14.4,34,0.171,0.575,-0.268,0,,
V-DROP,1.0016,1789992314.292,11.7275,3.6226,0.345,0.345,11.727,2008,8.0,14.8,34,-0.0585,2066,-12.8,14.4,34,0.153,0.614,-0.268,0,,
V-DROP,1.0216,1789992314.312,11.7275,3.6226,0.345,0.345,11.727,2008,8.0,14.8,34,-0.1305,2066,-12.8,14.4,34,0.171,0.614,-0.268,0,,
V-DROP,1.0417,1789992314.332,11.7275,3.6226,0.345,0.345,11.727,2008,8.0,14.8,34,-0.054,2066,-12.8,14.4,34,0.171,0.614,-0.268,0,,
V-DROP,1.0618,1789992314.352,11.7275,3.6226,0.345,0.345,11.727,2008,8.0,14.8,34,-0.054,2066,-12.8,14.4,34,0.1755,0.614,-0.268,0,,
V-DROP,1.0818,1789992314.372,11.7275,3.6226,0.345,0.345,11.727,2008,8.0,14.8,34,-0.054,2066,-12.8,14.4,34,0.171,0.614,-0.268,0,,
V-DROP,1.1017,1789992314.392,11.7275,3.6226,0.345,0.345,11.727,2008,8.0,14.3,34,-0.054,2066,-12.8,14.4,34,0.171,0.614,-0.268,0,,
V-DROP,1.1217,1789992314.412,11.7275,3.6226,0.345,0.345,11.727,2008,8.0,14.3,34,-0.054,2066,-12.8,14.4,34,0.171,0.614,-0.268,0,,
V-DROP,1.1418,1789992314.432,11.7275,3.6226,0.345,0.345,11.727,2008,8.0,14.3,34,-0.054,2066,-12.8,14.4,34,0.171,0.614,-0.268,0,,
V-DROP,1.1617,1789992314.452,11.7275,3.6226,0.345,0.345,11.727,2008,8.0,14.3,34,-0.0585,2065,-13.600000000000001,14.4,34,0.1755,0.652,-0.307,0,,
V-DROP,1.1816,1789992314.472,11.7275,3.6226,0.345,0.345,11.727,2008,8.0,14.3,34,-0.054,2065,-13.600000000000001,14.4,34,0.198,0.652,-0.307,0,,
V-DROP,1.202,1789992314.492,11.7275,3.6226,0.345,0.345,11.727,2008,8.0,14.9,34,-0.0585,2065,-13.600000000000001,14.8,34,0.1935,0.652,-0.307,0,,
V-DROP,1.2218,1789992314.512,11.7275,3.6226,0.345,0.345,11.727,2008,8.0,14.9,34,-0.0585,2065,-13.600000000000001,14.8,34,0.198,0.652,-0.307,0,,
V-DROP,1.2417,1789992314.532,11.7275,3.6226,0.345,0.345,11.727,2008,8.0,14.9,34,-0.054,2065,-13.600000000000001,14.8,34,0.1935,0.652,-0.307,0,,
V-DROP,1.2618,1789992314.552,11.7275,3.6226,0.345,0.345,11.727,2008,8.0,14.9,34,-0.054,2065,-13.600000000000001,14.8,34,0.216,0.652,-0.307,0,,
V-DROP,1.2817,1789992314.572,11.7275,3.6226,0.345,0.345,11.727,2008,8.0,14.9,34,-0.054,2065,-13.600000000000001,14.8,34,0.198,0.652,-0.307,0,,
V-DROP,1.3017,1789992314.592,11.7275,3.6226,0.345,0.345,11.727,2008,8.0,14.9,34,-0.0675,2065,-13.600000000000001,14.8,34,0.1935,0.652,-0.307,0,,
V-DROP,1.3217,1789992314.612,11.7275,3.6226,0.345,0.345,11.727,2008,8.0,14.8,34,-0.054,2065,-13.600000000000001,14.8,34,0.1935,0.652,-0.307,0,,
V-DROP,1.3417,1789992314.632,11.7275,3.6226,0.345,0.345,11.727,2008,8.0,14.8,34,-0.054,2064,-14.4,14.8,34,0.198,0.69,-0.345,0,,
V-DROP,1.3617,1789992314.652,11.7275,3.6226,0.345,0.345,11.727,2008,8.0,14.8,34,-0.054,2065,-13.600000000000001,14.8,34,0.216,0.652,-0.307,0,,
V-DROP,1.3817,1789992314.672,11.7275,3.6226,0.345,0.345,11.727,2008,8.0,14.8,34,-0.0585,2065,-13.600000000000001,14.8,34,0.1935,0.652,-0.307,0,,
V-DROP,1.4017,1789992314.692,11.7275,3.6226,0.345,0.345,11.727,2008,8.0,14.8,34,-0.072,2065,-13.600000000000001,14.8,34,0.2205,0.652,-0.307,0,,
V-DROP,1.4217,1789992314.712,11.7275,3.6226,0.345,0.345,11.727,2008,8.0,14.8,34,-0.054,2065,-13.600000000000001,14.8,34,0.2205,0.652,-0.307,0,,
V-DROP,1.4416,1789992314.732,11.7275,3.6226,0.345,0.345,11.727,2008,8.0,14.9,34,-0.054,2065,-13.600000000000001,14.8,34,0.1935,0.652,-0.307,0,,
V-DROP,1.4617,1789992314.752,11.7275,3.6226,0.345,0.345,11.727,2008,8.0,14.9,34,-0.054,2064,-14.4,14.8,34,0.1935,0.69,-0.345,0,,
V-DROP,1.4817,1789992314.772,11.7275,3.6226,0.345,0.345,11.727,2008,8.0,14.9,34,-0.072,2065,-13.600000000000001,14.8,34,0.1935,0.652,-0.307,0,,
V-DROP,1.5017,1789992314.792,11.7275,3.6226,0.384,0.384,11.727,2009,8.8,14.9,34,-0.054,2065,-13.600000000000001,14.8,34,0.1935,0.652,-0.268,0,,
V-DROP,1.5216,1789992314.812,11.7275,3.6226,0.345,0.345,11.727,2008,8.0,14.9,34,-0.054,2065,-13.600000000000001,14.8,34,0.2205,0.652,-0.307,0,,
V-DROP,1.5416,1789992314.832,11.7275,3.6226,0.345,0.345,11.727,2008,8.0,14.9,34,-0.0585,2065,-13.600000000000001,14.8,34,0.198,0.652,-0.307,0,,
V-DROP,1.5616,1789992314.852,11.7275,3.6226,0.345,0.345,11.727,2008,8.0,14.9,34,-0.054,2065,-13.600000000000001,14.8,34,0.2205,0.652,-0.307,0,,
V-DROP,1.5816,1789992314.872,11.7275,3.6226,0.345,0.345,11.727,2008,8.0,14.9,34,-0.0585,2065,-13.600000000000001,14.8,34,0.2025,0.652,-0.307,0,,
V-DROP,1.6017,1789992314.892,11.7275,3.6226,0.345,0.345,11.727,2008,8.0,14.9,34,-0.054,2065,-13.600000000000001,14.8,34,0.198,0.652,-0.307,0,,
V-DROP,1.6216,1789992314.912,11.7275,3.6226,0.345,0.345,11.727,2008,8.0,14.9,34,-0.0585,2064,-14.4,14.8,34,0.198,0.69,-0.345,0,,
V-DROP,1.6417,1789992314.932,11.7275,3.6226,0.384,0.384,11.727,2009,8.8,14.9,34,-0.054,2064,-14.4,14.8,34,0.2205,0.69,-0.307,0,,
V-DROP,1.6617,1789992314.952,11.7275,3.6226,0.345,0.345,11.727,2008,8.8,14.9,34,-0.054,2065,-13.600000000000001,14.8,34,0.198,0.652,-0.307,0,,
V-DROP,1.6816,1789992314.972,11.7275,3.6226,0.345,0.345,11.727,2008,8.0,14.9,34,-0.054,2065,-13.600000000000001,14.8,34,0.198,0.652,-0.307,0,,
V-DROP,1.7017,1789992314.992,11.7275,3.6226,0.345,0.345,11.727,2008,8.0,14.9,34,-0.0585,2065,-13.600000000000001,14.8,34,0.1935,0.652,-0.307,0,,
V-DROP,1.7217,1789992315.012,11.7275,3.6226,0.345,0.345,11.727,2008,8.0,14.9,34,-0.054,2065,-13.600000000000001,14.8,34,0.198,0.652,-0.307,0,,
V-DROP,1.7416,1789992315.032,11.7275,3.6226,0.384,0.384,11.727,2009,8.8,14.9,34,-0.072,2065,-13.600000000000001,14.8,34,0.198,0.652,-0.268,0,,
V-DROP,1.7616,1789992315.052,11.7275,3.6226,0.384,0.384,11.727,2009,8.8,14.9,34,-0.054,2064,-14.4,14.8,34,0.198,0.69,-0.307,0,,
V-DROP,1.7817,1789992315.072,11.7275,3.6226,0.384,0.384,11.727,2009,8.8,14.9,34,-0.054,2064,-14.4,14.8,34,0.198,0.69,-0.307,0,,
V-DROP,1.8017,1789992315.092,11.7275,3.6226,0.384,0.384,11.727,2009,8.8,14.9,34,-0.072,2064,-14.4,14.8,34,0.1935,0.69,-0.307,0,,
V-DROP,1.8216,1789992315.112,11.7275,3.6226,0.345,0.345,11.727,2008,8.0,14.9,34,-0.054,2064,-14.4,14.8,34,0.198,0.69,-0.345,0,,
V-DROP,1.8415,1789992315.132,11.7275,3.6226,0.345,0.345,11.727,2008,8.0,14.9,34,-0.054,2064,-14.4,14.8,34,0.216,0.69,-0.345,0,,
V-DROP,1.8615,1789992315.152,11.7275,3.6226,0.345,0.345,11.727,2008,8.0,14.9,34,-0.054,2065,-13.600000000000001,14.8,34,0.2205,0.652,-0.307,0,,
V-DROP,1.8815,1789992315.172,11.7275,3.6226,0.345,0.345,11.727,2008,8.0,14.9,34,-0.072,2065,-13.600000000000001,14.8,34,0.198,0.652,-0.307,0,,
V-DROP,1.9015,1789992315.192,11.7275,3.6226,0.345,0.345,11.727,2008,8.0,15.0,34,-0.054,2064,-14.4,14.8,34,0.2205,0.69,-0.345,0,,
V-DROP,1.9215,1789992315.212,11.7275,3.6226,0.345,0.345,11.727,2008,8.0,15.0,34,-0.054,2065,-13.600000000000001,14.8,34,0.1935,0.652,-0.307,0,,
V-DROP,1.9415,1789992315.232,11.7275,3.6226,0.384,0.384,11.727,2009,8.8,15.0,34,-0.054,2065,-13.600000000000001,14.8,34,0.198,0.652,-0.268,0,,
V-DROP,1.9615,1789992315.252,11.7275,3.6226,0.345,0.345,11.727,2008,8.0,15.0,34,-0.054,2065,-13.600000000000001,14.8,34,0.198,0.652,-0.307,0,,
V-DROP,1.9816,1789992315.272,11.7275,3.6226,0.345,0.345,11.727,2008,8.0,15.0,34,-0.054,2064,-14.4,14.8,34,0.198,0.69,-0.345,0,,
V-DROP,2.0016,1789992315.292,11.7275,3.6226,0.345,0.345,11.727,2008,8.0,15.0,34,-0.054,2065,-13.600000000000001,14.8,34,0.198,0.652,-0.307,0,,
V-DROP,2.0215,1789992315.312,11.7275,3.6226,0.384,0.384,11.727,2009,8.8,15.0,34,-0.054,2065,-13.600000000000001,14.8,34,0.198,0.652,-0.268,0,,
V-DROP,2.0415,1789992315.332,11.7275,3.6226,0.384,0.384,11.727,2009,8.8,15.0,34,-0.0585,2064,-14.4,14.8,34,0.1935,0.69,-0.307,0,,
V-DROP,2.0617,1789992315.352,11.7275,3.6226,0.345,0.345,11.727,2008,8.0,15.0,34,-0.054,2065,-13.600000000000001,14.8,34,0.198,0.652,-0.307,0,,
V-DROP,2.0817,1789992315.372,11.7275,3.6226,0.345,0.345,11.727,2008,8.0,15.0,34,-0.072,2064,-14.4,14.8,34,0.2205,0.69,-0.345,0,,
V-DROP,2.1016,1789992315.392,11.7275,3.6226,0.345,0.345,11.727,2008,8.0,15.0,34,-0.054,2065,-13.600000000000001,14.8,34,0.198,0.652,-0.307,0,,
V-DROP,2.1216,1789992315.412,11.7275,3.6226,0.345,0.345,11.727,2008,8.0,15.0,34,-0.054,2064,-14.4,14.8,34,0.216,0.69,-0.345,0,,
V-DROP,2.1417,1789992315.432,11.7275,3.6226,0.345,0.345,11.727,2008,8.0,14.9,34,-0.054,2064,-14.4,14.9,34,0.2205,0.69,-0.345,0,,
V-DROP,2.1616,1789992315.452,11.7275,3.6226,0.345,0.345,11.727,2008,8.0,14.9,34,-0.072,2064,-14.4,14.9,34,0.225,0.69,-0.345,0,,
V-DROP,2.1816,1789992315.472,11.7275,3.6226,0.345,0.345,11.727,2008,8.0,14.9,34,-0.072,2065,-13.600000000000001,14.9,34,0.1935,0.652,-0.307,0,,
V-DROP,2.2016,1789992315.492,11.7275,3.6226,0.384,0.384,11.727,2009,8.8,14.9,34,-0.054,2065,-13.600000000000001,14.9,34,0.198,0.652,-0.268,0,,
V-DROP,2.2217,1789992315.512,11.7275,3.6226,0.345,0.345,11.727,2008,8.0,14.9,34,-0.072,2065,-13.600000000000001,14.9,34,0.2205,0.652,-0.307,0,,
V-DROP,2.2417,1789992315.532,11.7275,3.6226,0.345,0.345,11.727,2008,8.0,14.9,34,-0.054,2064,-14.4,14.9,34,0.2205,0.69,-0.345,0,,
V-DROP,2.2615,1789992315.552,11.7275,3.6226,0.345,0.345,11.727,2008,8.0,14.9,34,-0.054,2064,-14.4,14.9,34,0.198,0.69,-0.345,0,,
V-DROP,2.2815,1789992315.572,11.7275,3.6226,0.384,0.384,11.727,2009,8.8,14.9,34,-0.054,2065,-13.600000000000001,14.9,34,0.198,0.652,-0.268,0,,
V-DROP,2.3017,1789992315.592,11.7275,3.6226,0.384,0.384,11.727,2009,8.8,14.9,34,-0.054,2064,-14.4,14.9,34,0.198,0.69,-0.307,0,,
V-DROP,2.3216,1789992315.612,11.7275,3.6226,0.384,0.384,11.727,2009,8.8,14.9,34,-0.0585,2065,-13.600000000000001,14.9,34,0.2205,0.652,-0.268,0,,
V-DROP,2.3418,1789992315.632,11.7275,3.6226,0.345,0.345,11.727,2008,8.0,14.9,34,-0.0585,2065,-13.600000000000001,14.9,34,0.216,0.652,-0.307,0,,
V-DROP,2.3617,1789992315.652,11.7275,3.6226,0.384,0.384,11.727,2009,8.8,14.9,34,-0.054,2064,-14.4,14.9,34,0.1935,0.69,-0.307,0,,
V-DROP,2.3816,1789992315.672,11.7275,3.6226,0.345,0.345,11.727,2008,8.0,15.0,34,-0.054,2065,-13.600000000000001,14.8,34,0.2205,0.652,-0.307,0,,
V-DROP,2.4017,1789992315.692,11.7275,3.6226,0.384,0.384,11.727,2009,8.8,15.0,34,-0.0675,2064,-14.4,14.8,34,0.2205,0.69,-0.307,0,,
V-DROP,2.4215,1789992315.712,11.7275,3.6226,0.345,0.345,11.727,2008,8.0,15.0,34,-0.054,2065,-13.600000000000001,14.8,34,0.198,0.652,-0.307,0,,
V-DROP,2.4416,1789992315.732,11.7275,3.6226,0.345,0.345,11.727,2008,8.0,15.0,34,-0.054,2064,-14.4,14.8,34,0.1935,0.69,-0.345,0,,
V-DROP,2.4616,1789992315.752,11.7275,3.6226,0.345,0.345,11.727,2008,8.0,15.0,34,-0.054,2064,-14.4,14.8,34,0.198,0.69,-0.345,0,,
V-DROP,2.4815,1789992315.772,11.7275,3.6226,0.345,0.345,11.727,2008,8.0,15.0,34,-0.054,2065,-13.600000000000001,14.8,34,0.2115,0.652,-0.307,0,,
V-DROP,2.5016,1789992315.792,11.7275,3.6226,0.384,0.384,11.727,2009,8.8,15.0,34,-0.072,2065,-13.600000000000001,14.1,34,0.198,0.652,-0.268,0,,
V-DROP,2.5216,1789992315.812,11.7275,3.6226,0.345,0.345,11.727,2008,8.0,15.0,34,-0.054,2064,-14.4,14.1,34,0.2205,0.69,-0.345,0,,
V-DROP,2.5416,1789992315.832,11.7275,3.6226,0.384,0.384,11.727,2009,8.8,15.0,34,-0.054,2064,-14.4,14.1,34,0.2205,0.69,-0.307,0,,
V-DROP,2.5616,1789992315.852,11.7275,3.6226,0.345,0.345,11.727,2008,8.0,15.0,34,-0.054,2065,-13.600000000000001,14.1,34,0.216,0.652,-0.307,0,,
V-DROP,2.5816,1789992315.872,11.7275,3.6226,0.345,0.345,11.727,2008,8.0,15.0,34,-0.153,2065,-13.600000000000001,14.1,34,0.2205,0.652,-0.307,0,,
V-DROP,2.6016,1789992315.892,11.7275,3.6226,0.345,0.345,11.727,2008,8.0,14.4,34,-0.054,2065,-13.600000000000001,14.2,34,0.198,0.652,-0.307,0,,
V-DROP,2.6215,1789992315.912,11.7275,3.6226,0.345,0.345,11.727,2008,8.0,14.4,34,-0.063,2065,-13.600000000000001,14.2,34,0.2205,0.652,-0.307,0,,
V-DROP,2.6414,1789992315.932,11.7275,3.6226,0.345,0.345,11.727,2008,8.0,14.4,34,-0.0585,2065,-13.600000000000001,14.2,34,0.2205,0.652,-0.307,0,,
V-DROP,2.6617,1789992315.952,11.7275,3.6226,0.345,0.345,11.727,2008,8.0,14.4,34,-0.054,2064,-14.4,14.2,34,0.1935,0.69,-0.345,0,,
V-DROP,2.6817,1789992315.972,11.7275,3.6226,0.345,0.345,11.727,2008,8.0,14.4,34,-0.054,2064,-14.4,14.2,34,0.198,0.69,-0.345,0,,
V-DROP,2.7015,1789992315.992,11.7275,3.6226,0.345,0.345,11.727,2008,8.0,14.4,34,-0.054,2065,-13.600000000000001,14.2,34,0.2205,0.652,-0.307,0,,
V-DROP,2.7216,1789992316.012,11.7275,3.6226,0.345,0.345,11.727,2008,8.0,14.3,34,-0.0855,2064,-14.4,14.3,34,0.198,0.69,-0.345,0,,
V-DROP,2.7416,1789992316.032,11.7275,3.6226,0.345,0.345,11.727,2008,8.0,14.3,34,-0.054,2064,-14.4,14.3,34,0.198,0.69,-0.345,0,,
V-DROP,2.7615,1789992316.052,11.7275,3.6226,0.345,0.345,11.727,2008,8.0,14.3,34,-0.054,2065,-13.600000000000001,14.3,34,0.2205,0.652,-0.307,0,,
V-DROP,2.7816,1789992316.072,11.7275,3.6226,0.345,0.345,11.727,2008,8.0,14.3,34,-0.072,2065,-13.600000000000001,14.3,34,0.1935,0.652,-0.307,0,,
V-DROP,2.8015,1789992316.092,11.7275,3.6226,0.345,0.345,11.727,2008,8.0,14.3,34,-0.072,2064,-14.4,14.3,34,0.2205,0.69,-0.345,0,,
V-DROP,2.8216,1789992316.112,11.7275,3.6226,0.345,0.345,11.727,2008,8.0,14.3,34,-0.0675,2065,-13.600000000000001,14.3,34,0.2205,0.652,-0.307,0,,
V-DROP,2.8416,1789992316.132,11.7275,3.6226,0.345,0.345,11.727,2008,8.0,14.3,34,-0.054,2065,-13.600000000000001,14.3,34,0.198,0.652,-0.307,0,,
V-DROP,2.8615,1789992316.152,11.7275,3.6226,0.345,0.345,11.727,2008,8.0,14.3,34,-0.072,2065,-13.600000000000001,14.3,34,0.216,0.652,-0.307,0,,
V-DROP,2.8816,1789992316.172,11.7275,3.6226,0.345,0.345,11.727,2008,8.0,14.3,34,-0.054,2065,-13.600000000000001,14.3,34,0.198,0.652,-0.307,0,,
V-DROP,2.9015,1789992316.192,11.7275,3.6226,0.345,0.345,11.727,2008,8.0,14.3,34,-0.054,2065,-13.600000000000001,14.3,34,0.2385,0.652,-0.307,0,,
V-DROP,2.9216,1789992316.212,11.7275,3.6226,0.384,0.384,11.727,2009,8.8,14.3,34,-0.054,2065,-13.600000000000001,14.3,34,0.2205,0.652,-0.268,0,,
V-DROP,2.9415,1789992316.232,11.7275,3.6226,0.345,0.345,11.727,2008,8.0,14.3,34,-0.054,2064,-14.4,14.3,34,0.198,0.69,-0.345,0,,
V-DROP,2.9614,1789992316.252,11.7275,3.6226,0.384,0.384,11.727,2009,8.8,14.9,34,-0.0585,2065,-13.600000000000001,14.8,34,0.2205,0.652,-0.268,0,,
V-DROP,2.9814,1789992316.272,11.7275,3.6226,0.345,0.345,11.727,2008,8.0,14.9,34,-0.0585,2065,-13.600000000000001,14.8,34,0.2205,0.652,-0.307,0,,
V-DROP,3.0015,1789992316.292,11.7275,3.6226,0.345,0.345,11.727,2008,8.0,14.9,34,-0.072,2064,-14.4,14.8,34,0.216,0.69,-0.345,0,,
V-DROP,3.0215,1789992316.312,11.7275,3.6226,0.345,0.345,11.727,2008,8.0,14.9,34,-0.054,2064,-14.4,14.8,34,0.2205,0.69,-0.345,0,,
V-DROP,3.0416,1789992316.332,11.7275,3.6226,0.345,0.345,11.727,2008,8.0,14.9,34,-0.054,2064,-14.4,14.8,34,0.198,0.69,-0.345,0,,
V-DROP,3.0615,1789992316.352,11.7275,3.6226,0.345,0.345,11.727,2008,8.0,14.9,34,-0.054,2065,-13.600000000000001,14.8,34,0.198,0.652,-0.307,0,,
V-DROP,3.0816,1789992316.372,11.7275,3.6226,0.345,0.345,11.727,2008,8.0,14.9,34,-0.054,2065,-13.600000000000001,14.8,34,0.1935,0.652,-0.307,0,,
V-DROP,3.1015,1789992316.392,11.7275,3.6226,0.345,0.345,11.727,2008,8.0,14.9,34,-0.054,2065,-13.600000000000001,14.8,34,0.198,0.652,-0.307,0,,
V-DROP,3.1216,1789992316.412,11.7275,3.6226,0.345,0.345,11.727,2008,8.0,14.9,34,-0.054,2065,-13.600000000000001,14.8,34,0.198,0.652,-0.307,0,,
V-DROP,3.1415,1789992316.432,11.7275,3.6226,0.345,0.345,11.727,2008,8.8,14.9,34,-0.054,2064,-14.4,14.8,34,0.198,0.69,-0.345,0,,
V-DROP,3.1616,1789992316.452,11.7275,3.6226,0.384,0.384,11.727,2009,8.8,14.9,34,-0.054,2064,-14.4,14.8,34,0.207,0.69,-0.307,0,,
V-DROP,3.1816,1789992316.472,11.7275,3.6226,0.345,0.345,11.727,2008,8.0,14.9,34,-0.0585,2065,-13.600000000000001,14.8,34,0.2205,0.652,-0.307,0,,
V-DROP,3.2015,1789992316.492,11.7275,3.6226,0.345,0.345,11.727,2008,8.0,14.9,34,-0.054,2064,-14.4,14.8,34,0.1935,0.69,-0.345,0,,
V-DROP,3.2214,1789992316.512,11.7275,3.6226,0.345,0.345,11.727,2008,8.0,14.9,34,-0.054,2064,-14.4,14.8,34,0.2205,0.69,-0.345,0,,
V-DROP,3.2416,1789992316.532,11.7275,3.6226,0.345,0.345,11.727,2008,8.0,14.9,33,-0.054,2064,-14.4,14.8,34,0.198,0.69,-0.345,0,,
V-DROP,3.2614,1789992316.552,11.7275,3.6226,0.345,0.345,11.727,2008,8.0,14.9,33,-0.054,2065,-13.600000000000001,14.8,34,0.198,0.652,-0.307,0,,
V-DROP,3.2816,1789992316.572,11.7275,3.6226,0.345,0.345,11.727,2008,8.0,14.9,33,-0.054,2065,-13.600000000000001,14.8,34,0.2205,0.652,-0.307,0,,
V-DROP,3.3014,1789992316.592,11.7275,3.6226,0.345,0.345,11.727,2008,8.0,14.9,33,-0.0585,2065,-13.600000000000001,14.8,34,0.198,0.652,-0.307,0,,
V-DROP,3.3215,1789992316.612,11.7275,3.6226,0.345,0.345,11.727,2008,8.0,14.9,33,-0.054,2065,-13.600000000000001,14.8,34,0.2205,0.652,-0.307,0,,
V-DROP,3.3415,1789992316.632,11.7275,3.6226,0.384,0.384,11.727,2009,8.8,14.9,33,-0.072,2065,-13.600000000000001,14.8,34,0.198,0.652,-0.268,0,,
V-DROP,3.3615,1789992316.652,11.7275,3.6226,0.345,0.345,11.727,2008,8.8,14.9,34,-0.054,2064,-14.4,14.8,34,0.2205,0.69,-0.345,0,,
V-DROP,3.3816,1789992316.672,11.7275,3.6226,0.384,0.384,11.727,2009,8.8,14.9,34,-0.054,2064,-14.4,14.8,34,0.2385,0.69,-0.307,0,,
V-DROP,3.4014,1789992316.692,11.7275,3.6226,0.345,0.345,11.727,2008,8.0,14.9,34,-0.072,2064,-14.4,14.8,34,0.2205,0.69,-0.345,0,,
V-DROP,3.4214,1789992316.712,11.7275,3.6226,0.384,0.384,11.727,2009,8.8,15.0,34,-0.054,2064,-14.4,14.8,34,0.2205,0.69,-0.307,0,,
V-DROP,3.4415,1789992316.732,11.7275,3.6226,0.384,0.384,11.727,2009,8.8,15.0,34,-0.054,2064,-14.4,14.8,34,0.198,0.69,-0.307,0,,
V-DROP,3.4614,1789992316.752,11.7275,3.6226,0.345,0.345,11.727,2008,8.0,15.0,34,-0.054,2064,-14.4,14.8,34,0.2205,0.69,-0.345,0,,
V-DROP,3.4814,1789992316.772,11.7275,3.6226,0.384,0.384,11.727,2009,8.8,15.0,34,-0.072,2065,-13.600000000000001,14.8,34,0.198,0.652,-0.268,0,,
V-DROP,3.5016,1789992316.792,11.7275,3.6226,0.384,0.384,11.727,2009,8.8,15.0,34,-0.0585,2064,-14.4,14.8,34,0.198,0.69,-0.307,0,,
V-DROP,3.5213,1789992316.812,11.7275,3.6226,0.384,0.384,11.727,2009,8.8,15.0,34,-0.1305,2065,-13.600000000000001,14.8,34,0.2205,0.652,-0.268,0,,
V-DROP,3.5414,1789992316.832,11.7275,3.6226,0.345,0.345,11.727,2008,8.0,14.9,34,-0.072,2065,-13.600000000000001,14.8,34,0.1935,0.652,-0.307,0,,
V-DROP,3.5613,1789992316.852,11.7275,3.6226,0.345,0.345,11.727,2008,8.0,14.9,34,-0.0585,2064,-14.4,14.8,34,0.2205,0.69,-0.345,0,,
V-DROP,3.5815,1789992316.872,11.7275,3.6226,0.345,0.345,11.727,2008,8.0,14.9,34,-0.0585,2065,-13.600000000000001,14.8,34,0.2205,0.652,-0.307,0,,
V-DROP,3.6014,1789992316.892,11.7275,3.6226,0.384,0.384,11.727,2009,8.8,14.9,34,-0.072,2064,-14.4,14.8,34,0.2205,0.69,-0.307,0,,
V-DROP,3.6215,1789992316.912,11.7275,3.6226,0.345,0.345,11.727,2008,8.0,14.9,34,-0.054,2065,-13.600000000000001,14.8,34,0.198,0.652,-0.307,0,,
V-DROP,3.6415,1789992316.932,11.7275,3.6226,0.345,0.345,11.727,2008,8.0,14.9,34,-0.054,2064,-14.4,14.8,34,0.198,0.69,-0.345,0,,
V-DROP,3.6615,1789992316.952,11.7275,3.6226,0.384,0.384,11.727,2009,8.8,15.0,34,-0.0585,2064,-14.4,14.8,34,0.198,0.69,-0.307,0,,
V-DROP,3.6815,1789992316.972,11.7275,3.6226,0.345,0.345,11.727,2008,8.0,15.0,34,-0.072,2064,-14.4,14.8,34,0.2205,0.69,-0.345,0,,
V-DROP,3.7014,1789992316.992,11.7275,3.6226,0.384,0.384,11.727,2009,8.8,15.0,34,-0.054,2064,-14.4,14.8,34,0.2205,0.69,-0.307,0,,
V-DROP,3.7214,1789992317.012,11.7275,3.6226,0.345,0.345,11.727,2008,8.0,15.0,34,-0.072,2065,-13.600000000000001,14.8,34,0.198,0.652,-0.307,0,,
V-DROP,3.7415,1789992317.032,11.7275,3.6226,0.345,0.345,11.727,2008,8.0,15.0,34,-0.072,2065,-13.600000000000001,14.8,34,0.198,0.652,-0.307,0,,
V-DROP,3.7614,1789992317.052,11.7275,3.6226,0.345,0.345,11.727,2008,8.0,15.0,34,-0.0585,2064,-14.4,14.8,34,0.1935,0.69,-0.345,0,,
V-DROP,3.7814,1789992317.072,11.7275,3.6226,0.384,0.384,11.727,2009,8.8,15.0,34,-0.054,2065,-13.600000000000001,14.8,34,0.198,0.652,-0.268,0,,
V-DROP,3.8014,1789992317.092,11.7275,3.6226,0.384,0.384,11.727,2009,8.8,15.0,34,-0.072,2065,-13.600000000000001,14.8,34,0.2205,0.652,-0.268,0,,
V-DROP,3.8215,1789992317.112,11.7275,3.6226,0.345,0.345,11.727,2008,8.0,15.0,34,-0.054,2064,-14.4,14.8,34,0.2205,0.69,-0.345,0,,
V-DROP,3.8415,1789992317.132,11.7275,3.6226,0.384,0.384,11.727,2009,8.8,15.0,34,-0.072,2065,-13.600000000000001,14.8,34,0.2205,0.652,-0.268,0,,
V-DROP,3.8615,1789992317.152,11.7275,3.6226,0.345,0.345,11.727,2008,8.0,15.0,34,-0.0585,2065,-13.600000000000001,14.8,34,0.198,0.652,-0.307,0,,
V-DROP,3.8814,1789992317.172,11.7275,3.6226,0.384,0.384,11.727,2009,8.8,14.9,34,-0.054,2065,-13.600000000000001,14.8,34,0.198,0.652,-0.268,0,,
V-DROP,3.9015,1789992317.192,11.7275,3.6226,0.345,0.345,11.727,2008,8.0,14.9,34,-0.18,2064,-14.4,14.8,34,0.198,0.69,-0.345,0,,
V-DROP,3.9215,1789992317.212,11.7275,3.6226,0.384,0.384,11.727,2009,8.8,14.9,34,-0.054,2064,-14.4,14.8,34,0.2205,0.69,-0.307,0,,
V-DROP,3.9415,1789992317.232,11.7275,3.6226,0.384,0.384,11.727,2009,8.8,14.9,34,-0.072,2064,-14.4,14.8,34,0.1935,0.69,-0.307,0,,
V-DROP,3.9613,1789992317.252,11.7275,3.6226,0.345,0.345,11.727,2008,8.0,14.9,34,-0.054,2065,-13.600000000000001,14.8,34,0.2205,0.652,-0.307,0,,
V-DROP,3.9814,1789992317.272,11.7275,3.6226,0.345,0.345,11.727,2008,8.0,14.9,34,-0.072,2064,-14.4,14.8,34,0.2205,0.69,-0.345,0,,
V-DROP,4.0014,1789992317.292,11.7275,3.6226,0.384,0.384,11.727,2009,8.8,14.9,34,-0.072,2064,-14.4,15.0,34,0.198,0.69,-0.307,0,,
V-DROP,4.0215,1789992317.312,11.7275,3.6226,0.345,0.345,11.727,2008,8.0,14.9,34,-0.081,2064,-14.4,15.0,34,0.2205,0.69,-0.345,0,,
V-DROP,4.0414,1789992317.332,11.7275,3.6226,0.345,0.345,11.727,2008,8.0,14.9,34,-0.0585,2064,-14.4,15.0,34,0.2205,0.69,-0.345,0,,
V-DROP,4.0614,1789992317.352,11.7275,3.6226,0.384,0.384,11.727,2009,8.8,14.9,34,-0.072,2064,-14.4,15.0,34,0.2205,0.69,-0.307,0,,
V-DROP,4.0815,1789992317.372,11.7275,3.6226,0.345,0.345,11.727,2008,8.0,14.9,34,-0.054,2065,-13.600000000000001,15.0,34,0.198,0.652,-0.307,0,,
V-DROP,4.1013,1789992317.392,11.7275,3.6226,0.345,0.345,11.727,2008,8.0,14.9,34,-0.1575,2064,-14.4,15.0,34,0.2205,0.69,-0.345,0,,
V-DROP,4.1215,1789992317.412,11.7275,3.6226,0.345,0.345,11.727,2008,8.0,14.2,34,-0.1575,2064,-14.4,14.8,34,0.2205,0.69,-0.345,0,,
V-DROP,4.1415,1789992317.432,11.7275,3.6226,0.345,0.345,11.727,2008,8.0,14.2,34,-0.0585,2064,-14.4,14.8,34,0.198,0.69,-0.345,0,,
V-DROP,4.1614,1789992317.452,11.7275,3.6226,0.384,0.384,11.727,2009,8.8,14.2,34,-0.072,2064,-14.4,14.8,34,0.198,0.69,-0.307,0,,
V-DROP,4.1815,1789992317.472,11.7275,3.6226,0.384,0.384,11.727,2009,8.8,14.2,34,-0.0585,2065,-13.600000000000001,14.8,34,0.1935,0.652,-0.268,0,,
V-DROP,4.2014,1789992317.492,11.7275,3.6226,0.345,0.345,11.727,2008,8.0,14.2,34,-0.072,2064,-14.4,14.8,34,0.198,0.69,-0.345,0,,
V-DROP,4.2213,1789992317.512,11.7275,3.6226,0.345,0.345,11.727,2008,8.0,14.2,34,-0.072,2064,-14.4,14.8,34,0.2205,0.69,-0.345,0,,
V-DROP,4.2415,1789992317.532,11.7275,3.6226,0.345,0.345,11.727,2008,8.0,15.0,34,-0.072,2064,-14.4,14.1,34,0.216,0.69,-0.345,0,,
V-DROP,4.2613,1789992317.552,11.7275,3.6226,0.345,0.345,11.727,2008,8.0,15.0,34,-0.072,2065,-13.600000000000001,14.1,34,0.2205,0.652,-0.307,0,,
V-DROP,4.2814,1789992317.572,11.7275,3.6226,0.345,0.345,11.727,2008,8.0,15.0,34,-0.054,2064,-14.4,14.1,34,0.1935,0.69,-0.345,0,,
V-DROP,4.3014,1789992317.592,11.7275,3.6226,0.345,0.345,11.727,2008,8.0,15.0,34,-0.054,2064,-14.4,14.1,34,0.198,0.69,-0.345,0,,
V-DROP,4.3214,1789992317.612,11.7275,3.6226,0.384,0.384,11.727,2009,8.8,15.0,34,-0.054,2065,-13.600000000000001,14.1,34,0.2205,0.652,-0.268,0,,
V-DROP,4.3414,1789992317.632,11.7275,3.6226,0.345,0.345,11.727,2008,8.0,15.0,34,-0.054,2064,-14.4,14.1,34,0.2205,0.69,-0.345,0,,
V-DROP,4.3614,1789992317.652,11.7275,3.6226,0.384,0.384,11.727,2009,8.8,14.4,34,-0.0585,2064,-14.4,14.2,34,0.2205,0.69,-0.307,0,,
V-DROP,4.3813,1789992317.672,11.7275,3.6226,0.345,0.345,11.727,2008,8.0,14.4,34,-0.054,2064,-14.4,14.2,34,0.1935,0.69,-0.345,0,,
V-DROP,4.4013,1789992317.692,11.7275,3.6226,0.345,0.345,11.727,2008,8.0,14.4,34,-0.072,2065,-13.600000000000001,14.2,34,0.2205,0.652,-0.307,0,,
V-DROP,4.4213,1789992317.712,11.7275,3.6226,0.345,0.345,11.727,2008,8.0,14.4,34,-0.0585,2064,-14.4,14.2,34,0.198,0.69,-0.345,0,,
V-DROP,4.4414,1789992317.732,11.7275,3.6226,0.384,0.384,11.727,2009,8.8,14.4,34,-0.054,2064,-14.4,14.2,34,0.2205,0.69,-0.307,0,,
V-DROP,4.4614,1789992317.752,11.7275,3.6226,0.345,0.345,11.727,2008,8.0,14.4,34,-0.0585,2065,-13.600000000000001,14.2,34,0.2205,0.652,-0.307,0,,
V-DROP,4.4814,1789992317.772,11.7275,3.6226,0.345,0.345,11.727,2008,8.0,15.1,34,-0.072,2064,-14.4,14.8,34,0.1935,0.69,-0.345,0,,
V-DROP,4.5013,1789992317.792,11.7275,3.6226,0.345,0.345,11.727,2008,8.0,15.1,34,-0.072,2065,-13.600000000000001,14.8,34,0.2205,0.652,-0.307,0,,
V-DROP,4.5214,1789992317.812,11.7275,3.6226,0.345,0.345,11.727,2008,8.0,15.1,34,-0.054,2064,-14.4,14.8,34,0.216,0.69,-0.345,0,,
V-DROP,4.5414,1789992317.832,11.7275,3.6226,0.345,0.345,11.727,2008,8.0,15.1,34,-0.054,2064,-14.4,14.8,34,0.198,0.69,-0.345,0,,
V-DROP,4.5614,1789992317.852,11.7275,3.6226,0.384,0.384,11.727,2009,8.8,15.1,34,-0.072,2064,-14.4,14.8,34,0.2205,0.69,-0.307,0,,
V-DROP,4.5814,1789992317.872,11.7275,3.6226,0.345,0.345,11.727,2008,8.0,14.4,34,-0.0585,2065,-13.600000000000001,14.6,34,0.2205,0.652,-0.307,0,,
V-DROP,4.6013,1789992317.892,11.7275,3.6226,0.384,0.384,11.727,2009,8.8,14.4,34,-0.072,2064,-14.4,14.6,34,0.198,0.69,-0.307,0,,
V-DROP,4.6214,1789992317.912,11.7275,3.6226,0.345,0.345,11.727,2008,8.0,14.4,34,-0.054,2065,-13.600000000000001,14.6,34,0.2205,0.652,-0.307,0,,
V-DROP,4.6412,1789992317.932,11.7275,3.6226,0.345,0.345,11.727,2008,8.0,14.4,34,-0.0675,2064,-14.4,14.6,34,0.2205,0.69,-0.345,0,,
V-DROP,4.6612,1789992317.952,11.7275,3.6226,0.345,0.345,11.727,2008,8.0,14.4,34,-0.072,2064,-14.4,14.6,34,0.1935,0.69,-0.345,0,,
V-DROP,4.6812,1789992317.972,11.7275,3.6226,0.345,0.345,11.727,2008,8.0,14.4,34,-0.054,2065,-13.600000000000001,14.6,34,0.2205,0.652,-0.307,0,,
V-DROP,4.7012,1789992317.992,11.7275,3.6226,0.345,0.345,11.727,2008,8.0,14.9,34,-0.072,2065,-13.600000000000001,14.8,34,0.1935,0.652,-0.307,0,,
V-DROP,4.7212,1789992318.012,11.7275,3.6226,0.345,0.345,11.727,2008,8.0,14.9,34,-0.054,2064,-14.4,14.8,34,0.1935,0.69,-0.345,0,,
V-DROP,4.7412,1789992318.032,11.7275,3.6226,0.345,0.345,11.727,2008,8.0,14.9,34,-0.0765,2064,-14.4,14.8,34,0.1935,0.69,-0.345,0,,
V-DROP,4.7612,1789992318.052,11.7275,3.6226,0.345,0.345,11.727,2008,8.0,14.9,34,-0.054,2065,-13.600000000000001,14.8,34,0.198,0.652,-0.307,0,,
V-DROP,4.7812,1789992318.072,11.7275,3.6226,0.384,0.384,11.727,2009,8.8,14.9,34,-0.0585,2065,-13.600000000000001,14.8,34,0.2205,0.652,-0.268,0,,
V-DROP,4.8012,1789992318.092,11.7275,3.6226,0.345,0.345,11.727,2008,8.0,14.9,34,-0.0585,2064,-14.4,14.8,34,0.2205,0.69,-0.345,0,,
V-DROP,4.8212,1789992318.112,11.7275,3.6226,0.384,0.384,11.727,2009,8.8,14.9,34,-0.072,2064,-14.4,14.8,34,0.2205,0.69,-0.307,0,,
V-DROP,4.8412,1789992318.132,11.7275,3.6226,0.384,0.384,11.727,2009,8.8,14.9,34,-0.0585,2064,-14.4,14.8,34,0.2205,0.69,-0.307,0,,
V-DROP,4.8612,1789992318.152,11.7275,3.6226,0.345,0.345,11.727,2008,8.0,14.9,34,-0.0585,2065,-13.600000000000001,14.8,34,0.2205,0.652,-0.307,0,,
V-DROP,4.8812,1789992318.172,11.7275,3.6226,0.345,0.345,11.727,2008,8.0,14.9,34,-0.072,2065,-13.600000000000001,14.8,34,0.1935,0.652,-0.307,0,,
V-DROP,4.9012,1789992318.191,11.7275,3.6226,0.345,0.345,11.727,2008,8.0,14.9,34,-0.072,2064,-14.4,14.8,34,0.198,0.69,-0.345,0,,
V-DROP,4.9212,1789992318.212,11.7275,3.6226,0.345,0.345,11.727,2008,8.0,14.9,34,-0.072,2065,-13.600000000000001,14.8,34,0.2205,0.652,-0.307,0,,
V-DROP,4.9413,1789992318.232,11.7275,3.6226,0.345,0.345,11.727,2008,8.0,14.9,34,-0.054,2064,-14.4,14.8,34,0.2205,0.69,-0.345,0,,
V-DROP,4.9612,1789992318.252,11.7275,3.6226,0.384,0.384,11.727,2009,8.8,14.9,34,-0.0585,2064,-14.4,14.8,34,0.2205,0.69,-0.307,0,,
V-DROP,4.9812,1789992318.272,11.7275,3.6226,0.345,0.345,11.727,2008,8.8,14.9,34,-0.072,2065,-13.600000000000001,14.8,34,0.2205,0.652,-0.307,0,,
V-DROP,5.0012,1789992318.291,11.7275,3.6226,0.345,0.345,11.727,2008,8.0,14.9,34,-0.0585,2064,-14.4,14.8,34,0.1935,0.69,-0.345,0,,
V-DROP,5.0211,1789992318.311,11.7275,3.6226,0.345,0.345,11.727,2008,8.0,14.9,34,-0.0585,2064,-14.4,14.8,34,0.198,0.69,-0.345,0,,
V-DROP,5.0411,1789992318.331,11.7275,3.6226,0.384,0.384,11.727,2009,8.8,14.9,34,-0.072,2064,-14.4,14.8,34,0.1935,0.69,-0.307,0,,
V-DROP,5.0612,1789992318.351,11.7275,3.6226,0.384,0.384,11.727,2009,8.8,15.0,34,-0.0585,2065,-13.600000000000001,14.8,34,0.2205,0.652,-0.268,0,,
V-DROP,5.0811,1789992318.371,11.7275,3.6226,0.384,0.384,11.727,2009,8.8,15.0,34,-0.054,2064,-14.4,14.8,34,0.2205,0.69,-0.307,0,,
V-DROP,5.1011,1789992318.391,11.7275,3.6226,0.345,0.345,11.727,2008,8.0,15.0,34,-0.072,2064,-14.4,14.8,34,0.198,0.69,-0.345,0,,
V-DROP,5.1211,1789992318.411,11.7275,3.6226,0.345,0.345,11.727,2008,8.0,15.0,34,-0.072,2065,-13.600000000000001,14.8,34,0.2205,0.652,-0.307,0,,
V-DROP,5.1411,1789992318.431,11.7275,3.6226,0.345,0.345,11.727,2008,8.0,15.0,34,-0.072,2064,-14.4,14.8,34,0.2205,0.69,-0.345,0,,
V-DROP,5.1611,1789992318.451,11.7275,3.6226,0.345,0.345,11.727,2008,8.0,15.0,34,-0.0585,2065,-13.600000000000001,14.8,34,0.2205,0.652,-0.307,0,,
V-DROP,5.1811,1789992318.471,11.7275,3.6226,0.384,0.384,11.727,2009,8.8,15.0,34,-0.0585,2064,-14.4,14.8,34,0.216,0.69,-0.307,0,,
V-DROP,5.2011,1789992318.491,11.7275,3.6226,0.384,0.384,11.727,2009,8.8,15.0,34,-0.072,2064,-14.4,14.8,34,0.2205,0.69,-0.307,0,,
V-DROP,5.2211,1789992318.511,11.7275,3.6226,0.345,0.345,11.727,2008,8.0,15.0,34,-0.054,2064,-14.4,14.8,34,0.2205,0.69,-0.345,0,,
V-DROP,5.2411,1789992318.531,11.7275,3.6226,0.345,0.345,11.727,2008,8.0,15.0,34,-0.054,2064,-14.4,14.8,34,0.198,0.69,-0.345,0,,
V-DROP,5.2614,1789992318.552,11.7275,3.6226,0.384,0.384,11.727,2009,8.8,15.0,34,-0.0585,2064,-14.4,14.8,34,0.2205,0.69,-0.307,0,,
V-DROP,5.2813,1789992318.572,11.7275,3.6226,0.345,0.345,11.727,2008,8.0,14.9,34,-0.072,2064,-14.4,14.8,34,0.198,0.69,-0.345,0,,
V-DROP,5.3013,1789992318.592,11.7275,3.6226,0.345,0.345,11.727,2008,8.0,14.9,34,-0.072,2064,-14.4,14.8,34,0.2205,0.69,-0.345,0,,
V-DROP,5.3214,1789992318.612,11.7275,3.6226,0.345,0.345,11.727,2008,8.0,14.9,34,-0.0585,2064,-14.4,14.8,34,0.2205,0.69,-0.345,0,,
V-DROP,5.3413,1789992318.632,11.7275,3.6226,0.345,0.345,11.727,2008,8.0,14.9,34,-0.072,2064,-14.4,14.8,34,0.2205,0.69,-0.345,0,,
V-DROP,5.3613,1789992318.652,11.7275,3.6226,0.345,0.345,11.727,2008,8.0,14.9,34,-0.0585,2065,-13.600000000000001,14.8,34,0.198,0.652,-0.307,0,,
V-DROP,5.3813,1789992318.672,11.7275,3.6226,0.345,0.345,11.727,2008,8.0,14.9,34,-0.0765,2064,-14.4,14.8,34,0.2205,0.69,-0.345,0,,
V-DROP,5.4014,1789992318.692,11.7275,3.6226,0.345,0.345,11.727,2008,8.0,15.0,34,-0.072,2064,-14.4,14.8,34,0.2205,0.69,-0.345,0,,
V-DROP,5.4212,1789992318.712,11.7275,3.6226,0.345,0.345,11.727,2008,8.0,15.0,34,-0.054,2065,-13.600000000000001,14.8,34,0.2205,0.652,-0.307,0,,
V-DROP,5.4413,1789992318.732,11.7275,3.6226,0.384,0.384,11.727,2009,8.8,15.0,34,-0.0585,2064,-14.4,14.8,34,0.216,0.69,-0.307,0,,
V-DROP,5.4613,1789992318.752,11.7275,3.6226,0.384,0.384,11.727,2009,8.8,15.0,34,-0.072,2064,-14.4,14.8,34,0.2205,0.69,-0.307,0,,
V-DROP,5.4814,1789992318.772,11.7275,3.6226,0.384,0.384,11.727,2009,8.8,15.0,34,-0.0585,2064,-14.4,14.8,34,0.2385,0.69,-0.307,0,,
V-DROP,5.5014,1789992318.792,11.7275,3.6226,0.345,0.345,11.727,2008,8.0,15.0,34,-0.0585,2064,-14.4,14.8,34,0.2205,0.69,-0.345,0,,
V-DROP,5.5214,1789992318.812,11.7275,3.6226,0.345,0.345,11.727,2008,8.0,15.1,34,-0.072,2065,-13.600000000000001,14.8,34,0.216,0.652,-0.307,0,,
V-DROP,5.5412,1789992318.832,11.7275,3.6226,0.384,0.384,11.727,2009,8.8,15.1,34,-0.072,2065,-13.600000000000001,14.8,34,0.2205,0.652,-0.268,0,,
V-DROP,5.5611,1789992318.851,11.7275,3.6226,0.345,0.345,11.727,2008,8.0,15.1,34,-0.063,2064,-14.4,14.8,34,0.216,0.69,-0.345,0,,
V-DROP,5.5811,1789992318.871,11.7275,3.6226,0.384,0.384,11.727,2009,8.8,15.1,34,-0.0585,2064,-14.4,14.8,34,0.207,0.69,-0.307,0,,
V-DROP,5.6011,1789992318.891,11.7275,3.6226,0.345,0.345,11.727,2008,8.0,15.1,34,-0.072,2064,-14.4,14.8,34,0.2205,0.69,-0.345,0,,
V-DROP,5.6211,1789992318.911,11.7275,3.6226,0.384,0.384,11.727,2009,8.8,15.1,34,-0.072,2064,-14.4,14.8,34,0.1935,0.69,-0.307,0,,
V-DROP,5.6411,1789992318.931,11.7275,3.6226,0.384,0.384,11.727,2009,8.8,14.9,34,-0.0585,2064,-14.4,14.9,34,0.2205,0.69,-0.307,0,,
V-DROP,5.6611,1789992318.951,11.7275,3.6226,0.384,0.384,11.727,2009,8.8,14.9,34,-0.0765,2064,-14.4,14.9,34,0.2205,0.69,-0.307,0,,
V-DROP,5.6811,1789992318.971,11.7275,3.6226,0.345,0.345,11.727,2008,8.0,14.9,34,-0.072,2064,-14.4,14.9,34,0.2205,0.69,-0.345,0,,
V-DROP,5.7011,1789992318.991,11.7275,3.6226,0.384,0.384,11.727,2009,8.8,14.9,34,-0.072,2065,-13.600000000000001,14.9,34,0.198,0.652,-0.268,0,,
V-DROP,5.7211,1789992319.011,11.7275,3.6226,0.384,0.384,11.727,2009,8.8,14.9,34,-0.072,2064,-14.4,14.9,34,0.1935,0.69,-0.307,0,,
V-DROP,5.7411,1789992319.031,11.7275,3.6226,0.345,0.345,11.727,2008,8.0,14.9,34,-0.0585,2064,-14.4,14.9,34,0.2205,0.69,-0.345,0,,
V-DROP,5.7611,1789992319.051,11.7275,3.6226,0.345,0.345,11.727,2008,8.0,14.9,34,-0.072,2064,-14.4,15.0,34,0.2205,0.69,-0.345,0,,
V-DROP,5.7811,1789992319.071,11.7275,3.6226,0.345,0.345,11.727,2008,8.0,14.9,34,-0.0585,2064,-14.4,15.0,34,0.1935,0.69,-0.345,0,,
V-DROP,5.8013,1789992319.092,11.7275,3.6226,0.384,0.384,11.727,2009,8.8,14.9,34,-0.0585,2064,-14.4,15.0,34,0.1935,0.69,-0.307,0,,
V-DROP,5.8212,1789992319.112,11.7275,3.6226,0.384,0.384,11.727,2009,8.8,14.9,34,-0.072,2064,-14.4,15.0,34,0.2205,0.69,-0.307,0,,
V-DROP,5.8411,1789992319.131,11.7275,3.6226,0.384,0.384,11.727,2009,8.8,14.9,34,-0.0765,2064,-14.4,15.0,34,0.2205,0.69,-0.307,0,,
V-DROP,5.8611,1789992319.151,11.7275,3.6226,0.345,0.345,11.727,2008,8.0,14.3,34,-0.0585,2065,-13.600000000000001,14.8,34,0.2205,0.652,-0.307,0,,
V-DROP,5.8811,1789992319.171,11.7275,3.6226,0.384,0.384,11.727,2009,8.8,14.3,34,-0.072,2065,-13.600000000000001,14.8,34,0.2205,0.652,-0.268,0,,
V-DROP,5.9011,1789992319.191,11.7275,3.6226,0.345,0.345,11.727,2008,8.0,14.3,34,-0.0585,2065,-13.600000000000001,14.8,34,0.2205,0.652,-0.307,0,,
V-DROP,5.9211,1789992319.211,11.7275,3.6226,0.384,0.384,11.727,2009,8.8,14.3,34,-0.0765,2064,-14.4,14.8,34,0.1935,0.69,-0.307,0,,
V-DROP,5.9413,1789992319.232,11.7275,3.6226,0.345,0.345,11.727,2008,8.0,14.3,34,-0.072,2064,-14.4,14.8,34,0.2205,0.69,-0.345,0,,
V-DROP,5.9613,1789992319.252,11.7275,3.6226,0.384,0.384,11.727,2009,8.8,14.3,34,-0.0585,2064,-14.4,14.8,34,0.198,0.69,-0.307,0,,
V-DROP,5.9811,1789992319.271,11.7275,3.6226,0.384,0.384,11.727,2009,8.8,15.0,34,-0.054,2064,-14.4,14.1,34,0.1935,0.69,-0.307,0,,
V-DROP,6.0013,1789992319.292,11.7275,3.6226,0.384,0.384,11.727,2009,8.8,15.0,34,-0.072,2064,-14.4,14.1,34,0.2205,0.69,-0.307,0,,
V-DROP,6.0211,1789992319.311,11.7275,3.6226,0.384,0.384,11.727,2009,8.8,15.0,34,-0.054,2065,-13.600000000000001,14.1,34,0.1935,0.652,-0.268,0,,
V-DROP,6.041,1789992319.331,11.7275,3.6226,0.384,0.384,11.727,2009,8.8,15.0,34,-0.072,2064,-14.4,14.1,34,0.2205,0.69,-0.307,0,,
V-DROP,6.061,1789992319.351,11.7275,3.6226,0.345,0.345,11.727,2008,8.0,15.0,34,-0.072,2064,-14.4,14.1,34,0.198,0.69,-0.345,0,,
V-DROP,6.0811,1789992319.371,11.7275,3.6226,0.384,0.384,11.727,2009,8.8,15.0,34,-0.0585,2065,-13.600000000000001,14.1,34,0.198,0.652,-0.268,0,,
V-DROP,6.101,1789992319.391,11.7275,3.6226,0.345,0.345,11.727,2008,8.0,14.4,34,-0.072,2064,-14.4,14.2,34,0.2205,0.69,-0.345,0,,
V-DROP,6.121,1789992319.411,11.7275,3.6226,0.384,0.384,11.727,2009,8.8,14.4,34,-0.072,2064,-14.4,14.2,34,0.2205,0.69,-0.307,0,,
V-DROP,6.141,1789992319.431,11.7275,3.6226,0.384,0.384,11.727,2009,8.8,14.4,34,-0.072,2065,-13.600000000000001,14.2,34,0.2205,0.652,-0.268,0,,
V-DROP,6.161,1789992319.451,11.7275,3.6226,0.345,0.345,11.727,2008,8.0,14.4,34,-0.072,2065,-13.600000000000001,14.2,34,0.2205,0.652,-0.307,0,,
V-DROP,6.181,1789992319.471,11.7275,3.6226,0.345,0.345,11.727,2008,8.0,14.4,34,-0.072,2064,-14.4,14.2,34,0.2205,0.69,-0.345,0,,
V-DROP,6.201,1789992319.491,11.7275,3.6226,0.345,0.345,11.727,2008,8.0,14.4,34,-0.072,2064,-14.4,14.2,34,0.2205,0.69,-0.345,0,,
V-DROP,6.221,1789992319.511,11.7275,3.6226,0.345,0.345,11.727,2008,8.0,14.4,34,-0.0585,2065,-13.600000000000001,14.9,34,0.2205,0.652,-0.307,0,,
V-DROP,6.2411,1789992319.531,11.7275,3.6226,0.384,0.384,11.727,2009,8.8,14.4,34,-0.0585,2065,-13.600000000000001,14.9,34,0.2205,0.652,-0.268,0,,
V-DROP,6.261,1789992319.551,11.7275,3.6226,0.384,0.384,11.727,2009,8.8,14.4,34,-0.072,2065,-13.600000000000001,14.9,34,0.2205,0.652,-0.268,0,,
V-DROP,6.281,1789992319.571,11.7275,3.6226,0.345,0.345,11.727,2008,8.0,14.4,34,-0.072,2064,-14.4,14.9,34,0.2025,0.69,-0.345,0,,
V-DROP,6.301,1789992319.591,11.7275,3.6226,0.345,0.345,11.727,2008,8.0,14.4,34,-0.0585,2065,-13.600000000000001,14.9,34,0.2205,0.652,-0.307,0,,
V-DROP,6.321,1789992319.611,11.7275,3.6226,0.345,0.345,11.727,2008,8.0,14.4,34,-0.0585,2064,-14.4,14.9,34,0.2205,0.69,-0.345,0,,
V-DROP,6.341,1789992319.631,11.7275,3.6226,0.384,0.384,11.727,2009,8.8,14.5,34,-0.0765,2064,-14.4,14.9,34,0.1935,0.69,-0.307,0,,
V-DROP,6.361,1789992319.651,11.7275,3.6226,0.345,0.345,11.727,2008,8.0,14.5,34,-0.072,2064,-14.4,14.9,34,0.2205,0.69,-0.345,0,,
V-DROP,6.381,1789992319.671,11.7275,3.6226,0.345,0.345,11.727,2008,8.0,14.5,34,-0.072,2065,-13.600000000000001,14.9,34,0.2205,0.652,-0.307,0,,
V-DROP,6.401,1789992319.691,11.7275,3.6226,0.345,0.345,11.727,2008,8.0,14.5,34,-0.0765,2064,-14.4,14.9,34,0.198,0.69,-0.345,0,,
V-DROP,6.421,1789992319.711,11.7275,3.6226,0.384,0.384,11.727,2009,8.8,14.5,34,-0.0675,2065,-13.600000000000001,14.9,34,0.2205,0.652,-0.268,0,,
V-DROP,6.441,1789992319.731,11.7275,3.6226,0.345,0.345,11.727,2008,8.0,14.5,34,-0.0585,2064,-14.4,14.9,34,0.1935,0.69,-0.345,0,,
V-DROP,6.461,1789992319.751,11.7275,3.6226,0.345,0.345,11.727,2008,8.0,14.9,34,-0.0585,2064,-14.4,14.8,34,0.198,0.69,-0.345,0,,
V-DROP,6.481,1789992319.771,11.7275,3.6226,0.384,0.384,11.727,2009,8.8,14.9,34,-0.0585,2064,-14.4,14.8,34,0.2205,0.69,-0.307,0,,
V-DROP,6.501,1789992319.791,11.7275,3.6226,0.345,0.345,11.727,2008,8.0,14.9,34,-0.0585,2064,-14.4,14.8,34,0.198,0.69,-0.345,0,,
V-DROP,6.521,1789992319.811,11.7275,3.6226,0.384,0.384,11.727,2009,8.8,14.9,34,-0.0585,2064,-14.4,14.8,34,0.2205,0.69,-0.307,0,,
V-DROP,6.541,1789992319.831,11.7275,3.6226,0.345,0.345,11.727,2008,8.0,14.9,34,-0.0585,2064,-14.4,14.8,34,0.1935,0.69,-0.345,0,,
V-DROP,6.561,1789992319.851,11.7275,3.6226,0.384,0.384,11.727,2009,8.8,14.9,34,-0.072,2064,-14.4,14.5,34,0.1935,0.69,-0.307,0,,
V-DROP,6.581,1789992319.871,11.7275,3.6226,0.384,0.384,11.727,2009,8.8,14.9,34,-0.0585,2064,-14.4,14.5,34,0.198,0.69,-0.307,0,,
V-DROP,6.601,1789992319.891,11.7275,3.6226,0.345,0.345,11.727,2008,8.0,14.9,34,-0.072,2064,-14.4,14.5,34,0.2205,0.69,-0.345,0,,
V-DROP,6.621,1789992319.911,11.7275,3.6226,0.384,0.384,11.727,2009,8.8,14.9,34,-0.0765,2064,-14.4,14.5,34,0.2205,0.69,-0.307,0,,
V-DROP,6.641,1789992319.931,11.7275,3.6226,0.345,0.345,11.727,2008,8.0,14.9,34,-0.0585,2064,-14.4,14.5,34,0.2205,0.69,-0.345,0,,
V-DROP,6.661,1789992319.951,11.7275,3.6226,0.345,0.345,11.727,2008,8.0,14.9,34,-0.0585,2064,-14.4,14.5,34,0.2205,0.69,-0.345,0,,
V-DROP,6.6809,1789992319.971,11.7275,3.6226,0.345,0.345,11.727,2008,8.0,14.9,34,-0.0765,2064,-14.4,14.8,34,0.2205,0.69,-0.345,0,,
V-DROP,6.7009,1789992319.991,11.7275,3.6226,0.384,0.384,11.727,2009,8.8,14.9,34,-0.0585,2064,-14.4,14.8,34,0.2205,0.69,-0.307,0,,
V-DROP,6.7209,1789992320.011,11.7275,3.6226,0.345,0.345,11.727,2008,8.0,14.9,34,-0.0585,2065,-13.600000000000001,14.8,34,0.2205,0.652,-0.307,0,,
V-DROP,6.7409,1789992320.031,11.7275,3.6226,0.384,0.384,11.727,2009,8.8,14.9,34,-0.054,2065,-13.600000000000001,14.8,34,0.2205,0.652,-0.268,0,,
V-DROP,6.7609,1789992320.051,11.7275,3.6226,0.345,0.345,11.727,2008,8.0,14.9,34,-0.0585,2064,-14.4,14.8,34,0.2205,0.69,-0.345,0,,
V-DROP,6.7809,1789992320.071,11.7275,3.6226,0.384,0.384,11.727,2009,8.8,14.9,34,-0.054,2064,-14.4,14.8,34,0.1935,0.69,-0.307,0,,
V-DROP,6.801,1789992320.091,11.7275,3.6226,0.345,0.345,11.727,2008,8.0,15.0,34,-0.0585,2064,-14.4,14.8,34,0.1935,0.69,-0.345,0,,
V-DROP,6.8209,1789992320.111,11.7275,3.6226,0.345,0.345,11.727,2008,8.0,15.0,34,-0.072,2064,-14.4,14.8,34,0.2205,0.69,-0.345,0,,
V-DROP,6.8409,1789992320.131,11.7275,3.6226,0.345,0.345,11.727,2008,8.0,15.0,34,-0.072,2064,-14.4,14.8,34,0.2205,0.69,-0.345,0,,
V-DROP,6.8609,1789992320.151,11.7275,3.6226,0.384,0.384,11.727,2009,8.8,15.0,34,-0.072,2064,-14.4,14.8,34,0.2205,0.69,-0.307,0,,
V-DROP,6.8809,1789992320.171,11.7275,3.6226,0.345,0.345,11.727,2008,8.0,15.0,34,-0.0585,2065,-13.600000000000001,14.8,34,0.2205,0.652,-0.307,0,,
V-DROP,6.9009,1789992320.191,11.7275,3.6226,0.384,0.384,11.727,2009,8.8,15.0,34,-0.0585,2064,-14.4,14.8,34,0.2205,0.69,-0.307,0,,
V-DROP,6.921,1789992320.211,11.7275,3.6226,0.384,0.384,11.727,2009,8.8,15.0,34,-0.0585,2065,-13.600000000000001,14.8,34,0.2205,0.652,-0.268,0,,
V-DROP,6.9409,1789992320.231,11.7275,3.6226,0.384,0.384,11.727,2009,8.8,15.0,34,-0.0585,2064,-14.4,14.8,34,0.216,0.69,-0.307,0,,
V-DROP,6.9609,1789992320.251,11.7275,3.6226,0.384,0.384,11.727,2009,8.8,15.0,34,-0.0585,2064,-14.4,14.8,34,0.2205,0.69,-0.307,0,,
V-DROP,6.9809,1789992320.271,11.7275,3.6226,0.384,0.384,11.727,2009,8.8,15.0,34,-0.072,2064,-14.4,14.8,34,0.216,0.69,-0.307,0,,
V-DROP,7.001,1789992320.291,11.7275,3.6226,0.384,0.384,11.727,2009,8.8,15.0,34,-0.0585,2065,-13.600000000000001,14.8,34,0.1935,0.652,-0.268,0,,
V-DROP,7.0209,1789992320.311,11.7275,3.6226,0.384,0.384,11.727,2009,8.8,15.0,34,-0.0585,2064,-14.4,14.8,34,0.216,0.69,-0.307,0,,
V-DROP,7.0409,1789992320.331,11.7275,3.6226,0.345,0.345,11.727,2008,8.0,14.9,34,-0.0585,2064,-14.4,14.8,34,0.2205,0.69,-0.345,0,,
V-DROP,7.0609,1789992320.351,11.7275,3.6226,0.345,0.345,11.727,2008,8.0,14.9,34,-0.0585,2064,-14.4,14.8,34,0.1935,0.69,-0.345,0,,
V-DROP,7.0809,1789992320.371,11.7275,3.6226,0.384,0.384,11.727,2009,8.8,14.9,34,-0.072,2064,-14.4,14.8,34,0.2205,0.69,-0.307,0,,
V-DROP,7.1009,1789992320.391,11.7275,3.6226,0.384,0.384,11.727,2009,8.8,14.9,34,-0.0585,2065,-13.600000000000001,14.8,34,0.1935,0.652,-0.268,0,,
V-DROP,7.1209,1789992320.411,11.7275,3.6226,0.384,0.384,11.727,2009,8.8,14.9,34,-0.072,2064,-14.4,14.8,34,0.2205,0.69,-0.307,0,,
V-DROP,7.1409,1789992320.431,11.7275,3.6226,0.384,0.384,11.727,2009,8.8,15.1,34,-0.0585,2064,-14.4,14.8,34,0.2205,0.69,-0.307,0,,
V-DROP,7.1609,1789992320.451,11.7275,3.6226,0.384,0.384,11.727,2009,8.8,15.1,34,-0.0765,2065,-13.600000000000001,14.8,34,0.2205,0.652,-0.268,0,,
V-DROP,7.181,1789992320.471,11.7275,3.6226,0.345,0.345,11.727,2008,8.0,15.1,34,-0.072,2064,-14.4,14.8,34,0.2205,0.69,-0.345,0,,
V-DROP,7.2009,1789992320.491,11.7275,3.6226,0.345,0.345,11.727,2008,8.0,15.1,34,-0.0585,2064,-14.4,14.8,34,0.2205,0.69,-0.345,0,,
V-DROP,7.2209,1789992320.511,11.7275,3.6226,0.345,0.345,11.727,2008,8.0,15.1,34,-0.0585,2064,-14.4,14.8,34,0.2205,0.69,-0.345,0,,
V-DROP,7.2409,1789992320.531,11.7275,3.6226,0.384,0.384,11.727,2009,8.8,15.1,34,-0.063,2064,-14.4,14.8,34,0.2205,0.69,-0.307,0,,
V-DROP,7.2609,1789992320.551,11.7275,3.6226,0.384,0.384,11.727,2009,8.8,15.1,34,-0.072,2064,-14.4,14.8,34,0.2205,0.69,-0.307,0,,
V-DROP,7.2809,1789992320.571,11.7275,3.6226,0.345,0.345,11.727,2008,8.0,15.1,34,-0.0585,2064,-14.4,14.8,34,0.2205,0.69,-0.345,0,,
V-DROP,7.3009,1789992320.591,11.7275,3.6226,0.345,0.345,11.727,2008,8.0,15.1,34,-0.0585,2064,-14.4,14.8,34,0.2205,0.69,-0.345,0,,
V-DROP,7.3209,1789992320.611,11.7275,3.6226,0.384,0.384,11.727,2009,8.8,15.1,34,-0.0765,2064,-14.4,14.8,34,0.2205,0.69,-0.307,0,,
V-DROP,7.3409,1789992320.631,11.7275,3.6226,0.384,0.384,11.727,2009,8.8,15.1,34,-0.072,2064,-14.4,14.8,34,0.1935,0.69,-0.307,0,,
V-DROP,7.3609,1789992320.651,11.7275,3.6226,0.345,0.345,11.727,2008,8.0,15.1,34,-0.1575,2064,-14.4,14.8,34,0.2205,0.69,-0.345,0,,
V-DROP,7.3809,1789992320.671,11.7275,3.6226,0.345,0.345,11.727,2008,8.0,14.9,34,-0.0585,2064,-14.4,14.9,34,0.198,0.69,-0.345,0,,
V-DROP,7.4009,1789992320.691,11.7275,3.6226,0.384,0.384,11.727,2009,8.8,14.9,34,-0.072,2064,-14.4,14.9,34,0.2205,0.69,-0.307,0,,
V-DROP,7.4219,1789992320.712,11.7275,3.6226,0.384,0.384,11.727,2009,8.8,14.9,34,-0.072,2064,-14.4,14.9,34,0.2205,0.69,-0.307,0,,
V-DROP,7.4409,1789992320.731,11.7275,3.6226,0.345,0.345,11.727,2008,8.0,14.9,34,-0.072,2064,-14.4,14.9,34,0.2205,0.69,-0.345,0,,
V-DROP,7.4609,1789992320.751,11.7275,3.6226,0.384,0.384,11.727,2009,8.8,14.9,34,-0.0585,2064,-14.4,14.9,34,0.216,0.69,-0.307,0,,
V-DROP,7.4809,1789992320.771,11.7275,3.6226,0.384,0.384,11.727,2009,8.8,14.9,34,-0.072,2064,-14.4,14.9,34,0.2205,0.69,-0.307,0,,
V-DROP,7.5009,1789992320.791,11.7275,3.6226,0.345,0.345,11.727,2008,8.0,14.9,34,-0.072,2064,-14.4,15.0,34,0.198,0.69,-0.345,0,,
V-DROP,7.5209,1789992320.811,11.7275,3.6226,0.345,0.345,11.727,2008,8.0,14.9,34,-0.0765,2064,-14.4,15.0,34,0.2205,0.69,-0.345,0,,
V-DROP,7.5409,1789992320.831,11.7275,3.6226,0.345,0.345,11.727,2008,8.0,14.9,34,-0.0585,2064,-14.4,15.0,34,0.198,0.69,-0.345,0,,
V-DROP,7.561,1789992320.851,11.7275,3.6226,0.384,0.384,11.727,2009,8.8,14.9,34,-0.0585,2064,-14.4,15.0,34,0.198,0.69,-0.307,0,,
V-DROP,7.5808,1789992320.871,11.7275,3.6226,0.384,0.384,11.727,2009,8.8,14.9,34,-0.0585,2064,-14.4,15.0,34,0.2205,0.69,-0.307,0,,
V-DROP,7.6008,1789992320.891,11.7275,3.6226,0.384,0.384,11.727,2009,8.8,14.9,34,-0.072,2065,-13.600000000000001,15.0,34,0.2205,0.652,-0.268,0,,
V-DROP,7.6208,1789992320.911,11.7275,3.6226,0.345,0.345,11.727,2008,8.0,14.3,34,-0.0765,2065,-13.600000000000001,14.8,34,0.2205,0.652,-0.307,0,,
V-DROP,7.6409,1789992320.931,11.7275,3.6226,0.345,0.345,11.727,2008,8.0,14.3,34,-0.072,2064,-14.4,14.8,34,0.198,0.69,-0.345,0,,
V-DROP,7.6608,1789992320.951,11.7275,3.6226,0.345,0.345,11.727,2008,8.0,14.3,34,-0.0585,2064,-14.4,14.8,34,0.2205,0.69,-0.345,0,,
V-DROP,7.6808,1789992320.971,11.7275,3.6226,0.384,0.384,11.727,2009,8.8,14.3,34,-0.072,2065,-13.600000000000001,14.8,34,0.2205,0.652,-0.268,0,,
V-DROP,7.7009,1789992320.991,11.7275,3.6226,0.345,0.345,11.727,2008,8.0,14.3,34,-0.0585,2064,-14.4,14.8,34,0.1935,0.69,-0.345,0,,
V-DROP,7.7208,1789992321.011,11.7275,3.6226,0.384,0.384,11.727,2009,8.8,14.3,34,-0.0585,2064,-14.4,14.8,34,0.2205,0.69,-0.307,0,,
V-DROP,7.7408,1789992321.031,11.7275,3.6226,0.384,0.384,11.727,2009,8.8,15.0,34,-0.072,2064,-14.4,14.1,34,0.2205,0.69,-0.307,0,,
V-DROP,7.7608,1789992321.051,11.7275,3.6226,0.345,0.345,11.727,2008,8.0,15.0,34,-0.072,2064,-14.4,14.1,34,0.198,0.69,-0.345,0,,
V-DROP,7.7809,1789992321.071,11.7275,3.6226,0.345,0.345,11.727,2008,8.0,15.0,34,-0.0585,2064,-14.4,14.1,34,0.2205,0.69,-0.345,0,,
V-DROP,7.8008,1789992321.091,11.7275,3.6226,0.384,0.384,11.727,2009,8.8,15.0,34,-0.0585,2064,-14.4,14.1,34,0.2205,0.69,-0.307,0,,
V-DROP,7.8208,1789992321.111,11.7275,3.6226,0.384,0.384,11.727,2009,8.8,15.0,34,-0.072,2064,-14.4,14.1,34,0.198,0.69,-0.307,0,,
V-DROP,7.8408,1789992321.131,11.7275,3.6226,0.384,0.384,11.727,2009,8.8,14.9,34,-0.0765,2064,-14.4,14.2,34,0.2205,0.69,-0.307,0,,
V-DROP,7.8608,1789992321.151,11.7275,3.6226,0.345,0.345,11.727,2008,8.0,14.9,34,-0.0585,2065,-13.600000000000001,14.2,34,0.2205,0.652,-0.307,0,,
V-DROP,7.8808,1789992321.171,11.7275,3.6226,0.345,0.345,11.727,2008,8.0,14.9,34,-0.0585,2064,-14.4,14.2,34,0.2205,0.69,-0.345,0,,
V-DROP,7.9018,1789992321.192,11.7275,3.6226,0.345,0.345,11.727,2008,8.0,14.9,34,-0.072,2064,-14.4,14.2,34,0.2205,0.69,-0.345,0,,
V-DROP,7.9208,1789992321.211,11.7275,3.6226,0.345,0.345,11.727,2008,8.0,14.9,34,-0.0585,2065,-13.600000000000001,14.2,34,0.2205,0.652,-0.307,0,,
V-DROP,7.9418,1789992321.232,11.7275,3.6226,0.345,0.345,11.727,2008,8.0,14.9,34,-0.0585,2064,-14.4,14.2,34,0.2205,0.69,-0.345,0,,
V-DROP,7.9608,1789992321.251,11.7275,3.6226,0.345,0.345,11.727,2008,8.0,14.5,34,-0.0585,2064,-14.4,14.9,34,0.216,0.69,-0.345,0,,
V-DROP,7.9818,1789992321.272,11.7275,3.6226,0.384,0.384,11.727,2009,8.8,14.5,34,-0.0765,2065,-13.600000000000001,14.9,34,0.2205,0.652,-0.268,0,,
V-DROP,8.0008,1789992321.291,11.7275,3.6226,0.345,0.345,11.727,2008,8.0,14.5,34,-0.072,2065,-13.600000000000001,14.9,34,0.1935,0.652,-0.307,0,,
V-DROP,8.0208,1789992321.311,11.7275,3.6226,0.384,0.384,11.727,2009,8.8,14.5,34,-0.0765,2064,-14.4,14.9,34,0.2205,0.69,-0.307,0,,
V-DROP,8.0408,1789992321.331,11.7275,3.6226,0.345,0.345,11.727,2008,8.0,14.5,34,-0.054,2064,-14.4,14.9,34,0.2205,0.69,-0.345,0,,
V-DROP,8.0608,1789992321.351,11.7275,3.6226,0.345,0.345,11.727,2008,8.0,14.5,34,-0.054,2064,-14.4,14.9,34,0.2205,0.69,-0.345,0,,
V-DROP,8.0818,1789992321.372,11.7275,3.6226,0.384,0.384,11.727,2009,8.8,14.9,34,-0.0585,2065,-13.600000000000001,14.9,34,0.2205,0.652,-0.268,0,,
V-DROP,8.1008,1789992321.391,11.7275,3.6226,0.384,0.384,11.727,2009,8.8,14.9,34,-0.072,2064,-14.4,14.9,34,0.2205,0.69,-0.307,0,,
V-DROP,8.1218,1789992321.412,11.7275,3.6226,0.345,0.345,11.727,2008,8.0,14.9,34,-0.0585,2065,-13.600000000000001,14.9,34,0.2205,0.652,-0.307,0,,
V-DROP,8.1408,1789992321.431,11.7275,3.6226,0.384,0.384,11.727,2009,8.8,14.9,34,-0.072,2064,-14.4,14.9,34,0.2205,0.69,-0.307,0,,
V-DROP,8.1617,1789992321.452,11.7275,3.6226,0.345,0.345,11.727,2008,8.0,14.9,34,-0.0585,2064,-14.4,14.9,34,0.198,0.69,-0.345,0,,
V-DROP,8.1808,1789992321.471,11.7275,3.6226,0.384,0.384,11.727,2009,8.8,14.9,34,-0.0585,2064,-14.4,14.9,34,0.2205,0.69,-0.307,0,,
V-DROP,8.2008,1789992321.491,11.7275,3.6226,0.384,0.384,11.727,2009,8.8,14.9,34,-0.072,2065,-13.600000000000001,14.8,34,0.2205,0.652,-0.268,0,,
V-DROP,8.2208,1789992321.511,11.7275,3.6226,0.345,0.345,11.727,2008,8.0,14.9,34,-0.072,2064,-14.4,14.8,34,0.198,0.69,-0.345,0,,
V-DROP,8.2408,1789992321.531,11.7275,3.6226,0.345,0.345,11.727,2008,8.0,14.9,34,-0.072,2064,-14.4,14.8,34,0.2205,0.69,-0.345,0,,
V-DROP,8.2608,1789992321.551,11.7275,3.6226,0.345,0.345,11.727,2008,8.0,14.9,34,-0.1305,2065,-13.600000000000001,14.8,34,0.2205,0.652,-0.307,0,,
V-DROP,8.2808,1789992321.571,11.7275,3.6226,0.384,0.384,11.727,2009,8.8,14.9,34,-0.0585,2064,-14.4,14.8,34,0.2205,0.69,-0.307,0,,
V-DROP,8.3008,1789992321.591,11.7275,3.6226,0.384,0.384,11.727,2009,8.8,14.9,34,-0.072,2064,-14.4,14.8,34,0.2205,0.69,-0.307,0,,
V-DROP,8.3208,1789992321.611,11.7275,3.6226,0.345,0.345,11.727,2008,8.0,14.9,34,-0.072,2064,-14.4,14.4,34,0.216,0.69,-0.345,0,,
V-DROP,8.3408,1789992321.631,11.7275,3.6226,0.345,0.345,11.727,2008,8.0,14.9,34,-0.0585,2064,-14.4,14.4,34,0.2205,0.69,-0.345,0,,
V-DROP,8.361,1789992321.651,11.7275,3.6226,0.384,0.384,11.727,2009,8.8,14.9,34,-0.0585,2064,-14.4,14.4,34,0.2205,0.69,-0.307,0,,
V-DROP,8.3809,1789992321.671,11.7275,3.6226,0.345,0.345,11.727,2008,8.0,14.9,34,-0.0585,2064,-14.4,14.4,34,0.2205,0.69,-0.345,0,,
V-DROP,8.4009,1789992321.691,11.7275,3.6226,0.384,0.384,11.727,2009,8.8,14.9,34,-0.0585,2064,-14.4,14.4,34,0.2025,0.69,-0.307,0,,
V-DROP,8.4209,1789992321.711,11.7275,3.6226,0.345,0.345,11.727,2008,8.0,14.9,34,-0.0585,2065,-13.600000000000001,14.4,34,0.2205,0.652,-0.307,0,,
V-DROP,8.4409,1789992321.731,11.7275,3.6226,0.384,0.384,11.727,2009,8.8,14.9,34,-0.1305,2064,-14.4,14.5,34,0.1935,0.69,-0.307,0,,
V-DROP,8.4609,1789992321.751,11.7275,3.6226,0.384,0.384,11.727,2009,8.8,14.9,34,-0.0675,2065,-13.600000000000001,14.5,34,0.2205,0.652,-0.268,0,,
V-DROP,8.481,1789992321.771,11.7275,3.6226,0.384,0.384,11.727,2009,8.8,14.9,34,-0.0585,2064,-14.4,14.5,34,0.198,0.69,-0.307,0,,
V-DROP,8.5009,1789992321.791,11.7275,3.6226,0.345,0.345,11.727,2008,8.0,14.9,34,-0.0585,2065,-13.600000000000001,14.5,34,0.2205,0.652,-0.307,0,,
V-DROP,8.5209,1789992321.811,11.7275,3.6226,0.345,0.345,11.727,2008,8.0,14.9,34,-0.0585,2064,-14.4,14.5,34,0.2205,0.69,-0.345,0,,
V-DROP,8.5408,1789992321.831,11.7275,3.6226,0.345,0.345,11.727,2008,8.0,15.0,34,-0.0585,2064,-14.4,14.3,34,0.2205,0.69,-0.345,0,,
V-DROP,8.5618,1789992321.852,11.7275,3.6226,0.384,0.384,11.727,2009,8.8,15.0,34,-0.0585,2064,-14.4,14.3,34,0.198,0.69,-0.307,0,,
V-DROP,8.5808,1789992321.871,11.7275,3.6226,0.384,0.384,11.727,2009,8.8,15.0,34,-0.0585,2064,-14.4,14.3,34,0.2205,0.69,-0.307,0,,
V-DROP,8.6018,1789992321.892,11.7275,3.6226,0.345,0.345,11.727,2008,8.0,15.0,34,-0.0585,2064,-14.4,14.3,34,0.2205,0.69,-0.345,0,,
V-DROP,8.6208,1789992321.911,11.7275,3.6226,0.345,0.345,11.727,2008,8.0,15.0,34,-0.072,2064,-14.4,14.3,34,0.2205,0.69,-0.345,0,,
V-DROP,8.6419,1789992321.932,11.7275,3.6226,0.345,0.345,11.727,2008,8.0,15.0,34,-0.072,2064,-14.4,14.3,34,0.216,0.69,-0.345,0,,
V-DROP,8.6619,1789992321.952,11.7275,3.6226,0.345,0.345,11.727,2008,8.0,15.0,34,-0.0585,2065,-13.600000000000001,14.8,34,0.2205,0.652,-0.307,0,,
V-DROP,8.6808,1789992321.971,11.7275,3.6226,0.384,0.384,11.727,2009,8.8,15.0,34,-0.072,2064,-14.4,14.8,34,0.2205,0.69,-0.307,0,,
V-DROP,8.7019,1789992321.992,11.7275,3.6226,0.345,0.345,11.727,2008,8.0,15.0,34,-0.072,2064,-14.4,14.8,34,0.2205,0.69,-0.345,0,,
V-DROP,8.7209,1789992322.011,11.7275,3.6226,0.384,0.384,11.727,2009,8.8,15.0,34,-0.072,2064,-14.4,14.8,34,0.2205,0.69,-0.307,0,,
V-DROP,8.7417,1789992322.032,11.7275,3.6226,0.384,0.384,11.727,2009,8.8,15.0,34,-0.0765,2064,-14.4,14.8,34,0.2205,0.69,-0.307,0,,
V-DROP,8.7619,1789992322.052,11.7275,3.6226,0.384,0.384,11.727,2009,8.8,15.0,34,-0.0585,2064,-14.4,14.8,34,0.1935,0.69,-0.307,0,,
V-DROP,8.7818,1789992322.072,11.7275,3.6226,0.345,0.345,11.727,2008,8.0,14.9,34,-0.0585,2064,-14.4,14.8,34,0.2205,0.69,-0.345,0,,
V-DROP,8.8018,1789992322.092,11.7275,3.6226,0.345,0.345,11.727,2008,8.0,14.9,34,-0.0585,2064,-14.4,14.8,34,0.2205,0.69,-0.345,0,,
V-DROP,8.8218,1789992322.112,11.7275,3.6226,0.345,0.345,11.727,2008,8.0,14.9,34,-0.072,2064,-14.4,14.8,34,0.2205,0.69,-0.345,0,,
V-DROP,8.8418,1789992322.132,11.7275,3.6226,0.345,0.345,11.727,2008,8.8,14.9,34,-0.0585,2064,-14.4,14.8,34,0.2205,0.69,-0.345,0,,
V-DROP,8.8617,1789992322.152,11.7275,3.6226,0.384,0.384,11.727,2009,8.8,14.9,34,-0.072,2064,-14.4,14.8,34,0.2205,0.69,-0.307,0,,
V-DROP,8.8818,1789992322.172,11.7275,3.6226,0.384,0.384,11.727,2009,8.8,14.9,34,-0.0585,2065,-13.600000000000001,14.8,34,0.2205,0.652,-0.268,0,,
V-DROP,8.9018,1789992322.192,11.7275,3.6226,0.345,0.345,11.727,2008,8.0,15.1,34,-0.0585,2065,-13.600000000000001,14.8,34,0.198,0.652,-0.307,0,,
V-DROP,8.9219,1789992322.212,11.7275,3.6226,0.345,0.345,11.727,2008,8.0,15.1,34,-0.072,2065,-13.600000000000001,14.8,34,0.2205,0.652,-0.307,0,,
V-DROP,8.9417,1789992322.232,11.7275,3.6226,0.345,0.345,11.727,2008,8.0,15.1,34,-0.1575,2064,-14.4,14.8,34,0.2205,0.69,-0.345,0,,
V-DROP,8.9618,1789992322.252,11.7275,3.6226,0.345,0.345,11.727,2008,8.0,15.1,34,-0.072,2064,-14.4,14.8,34,0.2205,0.69,-0.345,0,,
V-DROP,8.9817,1789992322.272,11.7275,3.6226,0.345,0.345,11.727,2008,8.0,15.1,34,-0.0585,2064,-14.4,14.8,34,0.2205,0.69,-0.345,0,,
V-DROP,9.0018,1789992322.292,11.7275,3.6226,0.345,0.345,11.727,2008,8.0,15.1,34,-0.0585,2065,-13.600000000000001,14.8,34,0.2205,0.652,-0.307,0,,
V-DROP,9.0217,1789992322.312,11.7275,3.6226,0.345,0.345,11.727,2008,8.0,15.0,34,-0.0585,2065,-13.600000000000001,14.8,34,0.198,0.652,-0.307,0,,
V-DROP,9.0417,1789992322.332,11.7275,3.6226,0.384,0.384,11.727,2009,8.8,15.0,34,-0.0585,2064,-14.4,14.8,34,0.2205,0.69,-0.307,0,,
V-DROP,9.0617,1789992322.352,11.7275,3.6226,0.345,0.345,11.727,2008,8.0,15.0,34,-0.0585,2064,-14.4,14.8,34,0.2205,0.69,-0.345,0,,
V-DROP,9.0818,1789992322.372,11.7275,3.6226,0.345,0.345,11.727,2008,8.0,15.0,34,-0.0765,2064,-14.4,14.8,34,0.198,0.69,-0.345,0,,
V-DROP,9.1017,1789992322.392,11.7275,3.6226,0.345,0.345,11.727,2008,8.0,15.0,34,-0.1035,2064,-14.4,14.8,34,0.2205,0.69,-0.345,0,,
V-DROP,9.1218,1789992322.412,11.7275,3.6226,0.384,0.384,11.727,2009,8.8,15.0,34,-0.072,2064,-14.4,14.8,34,0.2385,0.69,-0.307,0,,
V-DROP,9.1417,1789992322.432,11.7275,3.6226,0.345,0.345,11.727,2008,8.0,14.9,34,-0.072,2064,-14.4,14.9,34,0.1935,0.69,-0.345,0,,
V-DROP,9.1617,1789992322.452,11.7275,3.6226,0.345,0.345,11.727,2008,8.0,14.9,34,-0.0585,2065,-13.600000000000001,14.9,34,0.234,0.652,-0.307,0,,
V-DROP,9.1818,1789992322.472,11.7275,3.6226,0.384,0.384,11.727,2009,8.8,14.9,34,-0.0585,2064,-14.4,14.9,34,0.2205,0.69,-0.307,0,,
V-DROP,9.2017,1789992322.492,11.7275,3.6226,0.384,0.384,11.727,2009,8.8,14.9,34,-0.072,2064,-14.4,14.9,34,0.2205,0.69,-0.307,0,,
V-DROP,9.2217,1789992322.512,11.7275,3.6226,0.384,0.384,11.727,2009,8.8,14.9,34,-0.072,2064,-14.4,14.9,34,0.2205,0.69,-0.307,0,,
V-DROP,9.2417,1789992322.532,11.7275,3.6226,0.345,0.345,11.727,2008,8.0,14.9,34,-0.063,2064,-14.4,15.0,34,0.2205,0.69,-0.345,0,,
V-DROP,9.2618,1789992322.552,11.7275,3.6226,0.384,0.384,11.727,2009,8.8,14.9,34,-0.072,2064,-14.4,15.0,34,0.2205,0.69,-0.307,0,,
V-DROP,9.2818,1789992322.572,11.7275,3.6226,0.345,0.345,11.727,2008,8.0,14.9,34,-0.0585,2064,-14.4,15.0,34,0.2205,0.69,-0.345,0,,
V-DROP,9.3018,1789992322.592,11.7275,3.6226,0.345,0.345,11.727,2008,8.0,14.9,34,-0.0585,2064,-14.4,15.0,34,0.2205,0.69,-0.345,0,,
V-DROP,9.3217,1789992322.612,11.7275,3.6226,0.384,0.384,11.727,2009,8.8,14.9,34,-0.0585,2065,-14.4,15.0,34,0.2205,0.652,-0.268,0,,
V-DROP,9.3417,1789992322.632,11.7275,3.6226,0.384,0.384,11.727,2009,8.8,14.9,34,-0.0765,2064,-14.4,15.0,34,0.1935,0.69,-0.307,0,,
V-DROP,9.3617,1789992322.652,11.7275,3.6226,0.345,0.345,11.727,2008,8.0,14.4,34,-0.072,2064,-14.4,14.8,34,0.1935,0.69,-0.345,0,,
V-DROP,9.3817,1789992322.672,11.7275,3.6226,0.345,0.345,11.727,2008,8.0,14.4,34,-0.072,2064,-14.4,14.8,34,0.216,0.69,-0.345,0,,
V-DROP,9.4017,1789992322.692,11.7275,3.6226,0.384,0.384,11.727,2009,8.8,14.4,34,-0.072,2064,-14.4,14.8,34,0.2205,0.69,-0.307,0,,
V-DROP,9.4217,1789992322.712,11.7275,3.6226,0.384,0.384,11.727,2009,8.8,14.4,34,-0.0585,2064,-14.4,14.8,34,0.1935,0.69,-0.307,0,,
V-DROP,9.4417,1789992322.732,11.7275,3.6226,0.384,0.384,11.727,2009,8.8,14.4,34,-0.0765,2064,-14.4,14.8,34,0.2205,0.69,-0.307,0,,
V-DROP,9.4618,1789992322.752,11.7275,3.6226,0.345,0.345,11.727,2008,8.0,14.4,34,-0.1215,2064,-14.4,14.8,34,0.2385,0.69,-0.345,0,,
V-DROP,9.4818,1789992322.772,11.7275,3.6226,0.345,0.345,11.727,2008,8.0,15.0,34,-0.072,2064,-14.4,14.1,34,0.2205,0.69,-0.345,0,,
V-DROP,9.5018,1789992322.792,11.7275,3.6226,0.345,0.345,11.727,2008,8.0,15.0,34,-0.0585,2064,-14.4,14.1,34,0.2205,0.69,-0.345,0,,
V-DROP,9.5217,1789992322.812,11.7275,3.6226,0.384,0.384,11.727,2009,8.8,15.0,34,-0.0585,2064,-14.4,14.1,34,0.2205,0.69,-0.307,0,,
V-DROP,9.5417,1789992322.832,11.7275,3.6226,0.345,0.345,11.727,2008,8.0,15.0,34,-0.072,2064,-14.4,14.1,34,0.1935,0.69,-0.345,0,,
V-DROP,9.5617,1789992322.852,11.7275,3.6226,0.384,0.384,11.727,2009,8.8,15.0,34,-0.0765,2064,-14.4,14.1,34,0.1935,0.69,-0.307,0,,
V-DROP,9.5816,1789992322.872,11.7275,3.6226,0.345,0.345,11.727,2008,8.0,15.0,34,-0.072,2064,-14.4,14.1,34,0.2205,0.69,-0.345,0,,
V-DROP,9.6016,1789992322.892,11.7275,3.6226,0.384,0.384,11.727,2009,8.8,14.4,34,-0.072,2064,-14.4,14.2,34,0.1935,0.69,-0.307,0,,
V-DROP,9.6216,1789992322.912,11.7275,3.6226,0.345,0.345,11.727,2008,8.0,14.4,34,-0.072,2064,-14.4,14.2,34,0.2205,0.69,-0.345,0,,
V-DROP,9.6417,1789992322.932,11.7275,3.6226,0.345,0.345,11.727,2008,8.0,14.4,34,-0.0585,2064,-14.4,14.2,34,0.2205,0.69,-0.345,0,,
V-DROP,9.6616,1789992322.952,11.7275,3.6226,0.345,0.345,11.727,2008,8.0,14.4,34,-0.0765,2064,-14.4,14.2,34,0.2205,0.69,-0.345,0,,
V-DROP,9.6817,1789992322.972,11.7275,3.6226,0.384,0.384,11.727,2009,8.8,14.4,34,-0.072,2064,-14.4,14.2,34,0.2205,0.69,-0.307,0,,
V-DROP,9.7016,1789992322.992,11.7275,3.6226,0.345,0.345,11.727,2008,8.0,14.4,34,-0.072,2064,-14.4,14.2,34,0.2205,0.69,-0.345,0,,
V-DROP,9.7216,1789992323.012,11.7275,3.6226,0.384,0.384,11.727,2009,8.8,14.9,34,-0.0585,2065,-13.600000000000001,14.9,34,0.2205,0.652,-0.268,0,,
V-DROP,9.7418,1789992323.032,11.7275,3.6226,0.384,0.384,11.727,2009,8.8,14.9,34,-0.054,2064,-14.4,14.9,34,0.2205,0.69,-0.307,0,,
V-DROP,9.7616,1789992323.052,11.7275,3.6226,0.384,0.384,11.727,2009,8.8,14.9,34,-0.0585,2064,-14.4,14.9,34,0.2205,0.69,-0.307,0,,
V-DROP,9.7817,1789992323.072,11.7275,3.6226,0.384,0.384,11.727,2009,8.8,14.9,34,-0.072,2064,-14.4,14.9,34,0.2205,0.69,-0.307,0,,
V-DROP,9.8016,1789992323.092,11.7275,3.6226,0.345,0.345,11.727,2008,8.0,14.9,34,-0.072,2064,-14.4,14.9,34,0.2205,0.69,-0.345,0,,
V-DROP,9.8217,1789992323.112,11.7275,3.6226,0.384,0.384,11.727,2009,8.8,14.9,34,-0.054,2064,-14.4,14.8,34,0.1935,0.69,-0.307,0,,
V-DROP,9.8417,1789992323.132,11.7275,3.6226,0.384,0.384,11.727,2009,8.8,14.9,34,-0.0585,2064,-14.4,14.8,34,0.216,0.69,-0.307,0,,
V-DROP,9.8616,1789992323.152,11.7275,3.6226,0.384,0.384,11.727,2009,8.8,14.9,34,-0.0585,2064,-14.4,14.8,34,0.2205,0.69,-0.307,0,,
V-DROP,9.8816,1789992323.172,11.7275,3.6226,0.345,0.345,11.727,2008,8.0,14.9,33,-0.0585,2064,-14.4,14.8,34,0.2205,0.69,-0.345,0,,
V-DROP,9.9017,1789992323.192,11.7275,3.6226,0.345,0.345,11.727,2008,8.0,14.9,33,-0.072,2064,-14.4,14.8,34,0.2205,0.69,-0.345,0,,
V-DROP,9.9216,1789992323.212,11.7275,3.6226,0.345,0.345,11.727,2008,8.0,14.9,33,-0.072,2065,-13.600000000000001,14.8,34,0.2205,0.652,-0.307,0,,
V-DROP,9.9417,1789992323.232,11.7275,3.6226,0.345,0.345,11.727,2008,8.0,15.0,33,-0.0585,2064,-14.4,14.8,34,0.2205,0.69,-0.345,0,,
V-DROP,9.9616,1789992323.252,11.7275,3.6226,0.345,0.345,11.727,2008,8.0,15.0,33,-0.0585,2064,-14.4,14.8,34,0.2205,0.69,-0.345,0,,
V-DROP,9.9816,1789992323.272,11.7275,3.6226,0.384,0.384,11.727,2009,8.8,15.0,33,-0.072,2064,-14.4,14.8,34,0.2205,0.69,-0.307,0,,
V-DROP,10.0017,1789992323.292,11.7275,3.6226,0.345,0.345,11.727,2008,8.0,15.0,34,-0.072,2064,-14.4,14.8,34,0.2205,0.69,-0.345,0,,
V-DROP,10.0216,1789992323.312,11.7275,3.6226,0.384,0.384,11.727,2009,8.8,15.0,34,-0.0675,2064,-14.4,14.8,34,0.2205,0.69,-0.307,0,,
V-DROP,10.0416,1789992323.332,11.7275,3.6226,0.384,0.384,11.727,2009,8.8,15.0,34,-0.0585,2064,-14.4,14.8,34,0.2205,0.69,-0.307,0,,
V-DROP,10.0617,1789992323.352,11.7275,3.6226,0.384,0.384,11.727,2009,8.8,14.9,34,-0.0585,2064,-14.4,14.3,34,0.2205,0.69,-0.307,0,,
V-DROP,10.0816,1789992323.372,11.7275,3.6226,0.345,0.345,11.727,2008,8.0,14.9,34,-0.0585,2064,-14.4,14.3,34,0.2205,0.69,-0.345,0,,
V-DROP,10.1016,1789992323.392,11.7275,3.6226,0.384,0.384,11.727,2009,8.8,14.9,34,-0.0585,2064,-14.4,14.3,34,0.1935,0.69,-0.307,0,,
V-DROP,10.1216,1789992323.412,11.7275,3.6226,0.384,0.384,11.727,2009,8.8,14.9,34,-0.0585,2064,-14.4,14.3,34,0.2205,0.69,-0.307,0,,
V-DROP,10.1416,1789992323.432,11.7275,3.6226,0.345,0.345,11.727,2008,8.0,14.9,34,-0.0585,2064,-14.4,14.3,34,0.234,0.69,-0.345,0,,
V-DROP,10.1617,1789992323.452,11.7275,3.6226,0.384,0.384,11.727,2009,8.8,14.9,34,-0.0765,2065,-13.600000000000001,14.3,34,0.2205,0.652,-0.268,0,,
V-DROP,10.1816,1789992323.472,11.7275,3.6226,0.384,0.384,11.727,2009,8.8,14.9,34,-0.072,2064,-14.4,14.4,34,0.2205,0.69,-0.307,0,,
V-DROP,10.2016,1789992323.492,11.7275,3.6226,0.345,0.345,11.727,2008,8.0,14.9,34,-0.072,2064,-14.4,14.4,34,0.2205,0.69,-0.345,0,,
V-DROP,10.2215,1789992323.512,11.7275,3.6226,0.384,0.384,11.727,2009,8.8,14.9,34,-0.0585,2064,-14.4,14.4,34,0.2205,0.69,-0.307,0,,
V-DROP,10.2416,1789992323.532,11.7275,3.6226,0.345,0.345,11.727,2008,8.0,14.9,34,-0.072,2064,-14.4,14.4,34,0.2205,0.69,-0.345,0,,
V-DROP,10.2617,1789992323.552,11.7275,3.6226,0.384,0.384,11.727,2009,8.8,14.9,34,-0.0585,2064,-13.600000000000001,14.4,34,0.198,0.69,-0.307,0,,
V-DROP,10.2817,1789992323.572,11.7275,3.6226,0.384,0.384,11.727,2009,8.8,14.9,34,-0.072,2065,-13.600000000000001,14.4,34,0.2205,0.652,-0.268,0,,
V-DROP,10.3016,1789992323.592,11.7275,3.6226,0.384,0.384,11.727,2009,8.8,15.0,34,-0.072,2064,-14.4,14.8,34,0.216,0.69,-0.307,0,,
V-DROP,10.3216,1789992323.612,11.7275,3.6226,0.345,0.345,11.727,2008,8.0,15.0,34,-0.0585,2064,-14.4,14.8,34,0.2205,0.69,-0.345,0,,
V-DROP,10.3417,1789992323.632,11.7275,3.6226,0.345,0.345,11.727,2008,8.0,15.0,34,-0.0585,2064,-14.4,14.8,34,0.2205,0.69,-0.345,0,,
V-DROP,10.3617,1789992323.652,11.7275,3.6226,0.384,0.384,11.727,2009,8.8,15.0,34,-0.0585,2064,-14.4,14.8,34,0.1935,0.69,-0.307,0,,
V-DROP,10.3817,1789992323.672,11.7275,3.6226,0.345,0.345,11.727,2008,8.0,15.0,34,-0.072,2064,-14.4,14.8,34,0.2205,0.69,-0.345,0,,
V-DROP,10.4017,1789992323.692,11.7275,3.6226,0.384,0.384,11.727,2009,8.8,15.0,34,-0.072,2064,-14.4,14.8,34,0.2205,0.69,-0.307,0,,
V-DROP,10.4216,1789992323.712,11.7275,3.6226,0.345,0.345,11.727,2008,8.0,15.0,34,-0.072,2064,-14.4,14.8,34,0.1935,0.69,-0.345,0,,
V-DROP,10.4416,1789992323.732,11.7275,3.6226,0.345,0.345,11.727,2008,8.0,15.0,34,-0.072,2064,-14.4,14.8,34,0.2115,0.69,-0.345,0,,
V-DROP,10.4616,1789992323.752,11.7275,3.6226,0.345,0.345,11.727,2008,8.0,15.0,34,-0.072,2064,-14.4,14.8,34,0.2205,0.69,-0.345,0,,
V-DROP,10.4816,1789992323.772,11.7275,3.6226,0.345,0.345,11.727,2008,8.0,15.0,34,-0.1575,2064,-14.4,14.8,34,0.198,0.69,-0.345,0,,
V-DROP,10.5016,1789992323.792,11.7275,3.6226,0.345,0.345,11.727,2008,8.8,15.0,34,-0.0585,2064,-14.4,14.8,34,0.2205,0.69,-0.345,0,,
V-DROP,10.5215,1789992323.812,11.7275,3.6226,0.345,0.345,11.727,2008,8.0,14.9,34,-0.072,2064,-14.4,14.8,34,0.2205,0.69,-0.345,0,,
V-DROP,10.5417,1789992323.832,11.7275,3.6226,0.384,0.384,11.727,2009,8.8,14.9,34,-0.0855,2064,-14.4,14.8,34,0.2205,0.69,-0.307,0,,
V-DROP,10.5615,1789992323.852,11.7275,3.6226,0.345,0.345,11.727,2008,8.0,14.9,34,-0.0585,2064,-14.4,14.8,34,0.2205,0.69,-0.345,0,,
V-DROP,10.5816,1789992323.872,11.7275,3.6226,0.345,0.345,11.727,2008,8.0,14.9,34,-0.072,2064,-14.4,14.8,34,0.2205,0.69,-0.345,0,,
V-DROP,10.6015,1789992323.892,11.7275,3.6226,0.345,0.345,11.727,2008,8.0,14.9,34,-0.0585,2064,-14.4,14.8,34,0.2205,0.69,-0.345,0,,
V-DROP,10.6217,1789992323.912,11.7275,3.6226,0.345,0.345,11.727,2008,8.0,14.9,34,-0.0585,2064,-14.4,14.8,34,0.216,0.69,-0.345,0,,
V-DROP,10.6415,1789992323.932,11.7275,3.6226,0.384,0.384,11.727,2009,8.8,15.1,34,-0.0585,2065,-13.600000000000001,14.8,34,0.2205,0.652,-0.268,0,,
V-DROP,10.6615,1789992323.952,11.7275,3.6226,0.384,0.384,11.727,2009,8.8,15.1,34,-0.063,2065,-13.600000000000001,14.8,34,0.216,0.652,-0.268,0,,
V-DROP,10.6817,1789992323.972,11.7275,3.6226,0.384,0.384,11.727,2009,8.8,15.1,34,-0.072,2064,-14.4,14.8,34,0.2205,0.69,-0.307,0,,
V-DROP,10.7015,1789992323.992,11.7275,3.6226,0.345,0.345,11.727,2008,8.0,15.1,34,-0.072,2064,-14.4,14.8,34,0.1935,0.69,-0.345,0,,
V-DROP,10.7216,1789992324.012,11.7275,3.6226,0.384,0.384,11.727,2009,8.8,15.1,34,-0.072,2065,-13.600000000000001,14.8,34,0.216,0.652,-0.268,0,,
V-DROP,10.7415,1789992324.032,11.7275,3.6226,0.345,0.345,11.727,2008,8.0,15.1,34,-0.072,2064,-14.4,14.8,34,0.2205,0.69,-0.345,0,,
V-DROP,10.7616,1789992324.052,11.7275,3.6226,0.345,0.345,11.727,2008,8.0,14.5,34,-0.072,2064,-14.4,14.8,34,0.225,0.69,-0.345,0,,
V-DROP,10.7815,1789992324.072,11.7275,3.6226,0.345,0.345,11.727,2008,8.0,14.5,34,-0.0585,2064,-14.4,14.8,34,0.216,0.69,-0.345,0,,
V-DROP,10.8016,1789992324.092,11.7275,3.6226,0.345,0.345,11.727,2008,8.0,14.5,34,-0.0585,2064,-14.4,14.8,34,0.1935,0.69,-0.345,0,,
V-DROP,10.8216,1789992324.112,11.7275,3.6226,0.384,0.384,11.727,2009,8.8,14.5,34,-0.0585,2064,-14.4,14.8,34,0.2205,0.69,-0.307,0,,
V-DROP,10.8415,1789992324.132,11.7275,3.6226,0.345,0.345,11.727,2008,8.0,14.5,34,-0.0585,2064,-14.4,14.8,34,0.2205,0.69,-0.345,0,,
V-DROP,10.8615,1789992324.152,11.7275,3.6226,0.384,0.384,11.727,2009,8.8,14.5,34,-0.072,2064,-14.4,14.8,34,0.2205,0.69,-0.307,0,,
V-DROP,10.8816,1789992324.172,11.7275,3.6226,0.345,0.345,11.727,2008,8.0,14.9,34,-0.0585,2064,-14.4,14.9,34,0.2205,0.69,-0.345,0,,
V-DROP,10.9015,1789992324.192,11.7275,3.6226,0.345,0.345,11.727,2008,8.0,14.9,34,-0.072,2064,-14.4,14.9,34,0.2205,0.69,-0.345,0,,
V-DROP,10.9216,1789992324.212,11.7275,3.6226,0.345,0.345,11.727,2008,8.0,14.9,34,-0.072,2064,-14.4,14.9,34,0.2205,0.69,-0.345,0,,
V-DROP,10.9416,1789992324.232,11.7275,3.6226,0.384,0.384,11.727,2009,8.8,14.9,34,-0.054,2064,-14.4,14.9,34,0.2205,0.69,-0.307,0,,
V-DROP,10.9616,1789992324.252,11.7275,3.6226,0.384,0.384,11.727,2009,8.8,14.9,34,-0.054,2064,-14.4,14.9,34,0.2205,0.69,-0.307,0,,
V-DROP,10.9816,1789992324.272,11.7275,3.6226,0.384,0.384,11.727,2009,8.8,14.9,34,-0.072,2064,-14.4,14.9,34,0.2205,0.69,-0.307,0,,
V-DROP,11.0016,1789992324.292,11.7275,3.6226,0.345,0.345,11.727,2008,8.0,14.9,34,-0.0585,2064,-14.4,15.0,34,0.2385,0.69,-0.345,0,,
V-DROP,11.0214,1789992324.312,11.7275,3.6226,0.345,0.345,11.727,2008,8.0,14.9,34,-0.0585,2064,-14.4,15.0,34,0.2205,0.69,-0.345,0,,
V-DROP,11.0416,1789992324.332,11.7275,3.6226,0.345,0.345,11.727,2008,8.8,14.9,34,-0.072,2064,-14.4,15.0,34,0.1935,0.69,-0.345,0,,
V-DROP,11.0615,1789992324.352,11.7275,3.6226,0.345,0.345,11.727,2008,8.0,14.9,34,-0.0765,2064,-14.4,15.0,34,0.216,0.69,-0.345,0,,
V-DROP,11.0816,1789992324.372,11.7275,3.6226,0.345,0.345,11.727,2008,8.0,14.9,34,-0.0585,2065,-13.600000000000001,15.0,34,0.2205,0.652,-0.307,0,,
V-DROP,11.1014,1789992324.392,11.7275,3.6226,0.345,0.345,11.727,2008,8.0,14.9,34,-0.072,2065,-13.600000000000001,15.0,34,0.2205,0.652,-0.307,0,,
V-DROP,11.1215,1789992324.412,11.7275,3.6226,0.384,0.384,11.727,2009,8.8,15.1,34,-0.0765,2065,-13.600000000000001,14.8,34,0.198,0.652,-0.268,0,,
V-DROP,11.1415,1789992324.432,11.7275,3.6226,0.384,0.384,11.727,2009,8.8,15.1,34,-0.072,2064,-14.4,14.8,34,0.2205,0.69,-0.307,0,,
V-DROP,11.1615,1789992324.452,11.7275,3.6226,0.384,0.384,11.727,2009,8.8,15.1,34,-0.0855,2064,-14.4,14.8,34,0.2295,0.69,-0.307,0,,
V-DROP,11.1816,1789992324.472,11.7275,3.6226,0.384,0.384,11.727,2009,8.8,15.1,34,-0.072,2064,-14.4,14.8,34,0.2205,0.69,-0.307,0,,
V-DROP,11.2015,1789992324.492,11.7275,3.6226,0.384,0.384,11.727,2009,8.8,15.1,34,-0.1035,2064,-14.4,14.8,34,0.2205,0.69,-0.307,0,,
V-DROP,11.2214,1789992324.512,11.7275,3.6226,0.345,0.345,11.727,2008,8.8,15.0,34,-0.0585,2064,-14.4,14.1,34,0.1935,0.69,-0.345,0,,
V-DROP,11.2416,1789992324.532,11.7275,3.6226,0.345,0.345,11.727,2008,8.0,15.0,34,-0.0585,2064,-14.4,14.1,34,0.2205,0.69,-0.345,0,,
V-DROP,11.2616,1789992324.552,11.7275,3.6226,0.384,0.384,11.727,2009,8.8,15.0,34,-0.072,2064,-14.4,14.1,34,0.2205,0.69,-0.307,0,,
V-DROP,11.2815,1789992324.572,11.7275,3.6226,0.384,0.384,11.727,2009,8.8,15.0,34,-0.0585,2065,-13.600000000000001,14.1,34,0.2205,0.652,-0.268,0,,
V-DROP,11.3016,1789992324.592,11.7275,3.6226,0.345,0.345,11.727,2008,8.0,15.0,34,-0.09,2064,-14.4,14.1,34,0.2205,0.69,-0.345,0,,
V-DROP,11.3216,1789992324.612,11.7275,3.6226,0.384,0.384,11.727,2009,8.8,15.0,34,-0.072,2064,-14.4,14.1,34,0.1935,0.69,-0.307,0,,
V-DROP,11.3414,1789992324.632,11.7275,3.6226,0.345,0.345,11.727,2008,8.0,14.4,34,-0.0585,2065,-13.600000000000001,14.2,34,0.2205,0.652,-0.307,0,,
V-DROP,11.3614,1789992324.652,11.7275,3.6226,0.345,0.345,11.727,2008,8.0,14.4,34,-0.0585,2064,-14.4,14.2,34,0.216,0.69,-0.345,0,,
V-DROP,11.3814,1789992324.672,11.7275,3.6226,0.345,0.345,11.727,2008,8.0,14.4,34,-0.0765,2064,-14.4,14.2,34,0.2205,0.69,-0.345,0,,
V-DROP,11.4014,1789992324.692,11.7275,3.6226,0.345,0.345,11.727,2008,8.0,14.4,34,-0.1035,2064,-14.4,14.2,34,0.198,0.69,-0.345,0,,
V-DROP,11.4216,1789992324.712,11.7275,3.6226,0.345,0.345,11.727,2008,8.0,14.4,34,-0.072,2064,-14.4,14.2,34,0.2205,0.69,-0.345,0,,
V-DROP,11.4414,1789992324.732,11.7275,3.6226,0.345,0.345,11.727,2008,8.0,14.4,34,-0.0585,2064,-14.4,14.2,34,0.2205,0.69,-0.345,0,,
V-DROP,11.4615,1789992324.752,11.7275,3.6226,0.345,0.345,11.727,2008,8.0,14.9,34,-0.054,2064,-14.4,14.8,34,0.2205,0.69,-0.345,0,,
V-DROP,11.4815,1789992324.772,11.7275,3.6226,0.345,0.345,11.727,2008,8.0,14.9,34,-0.072,2065,-13.600000000000001,14.8,34,0.198,0.652,-0.307,0,,
V-DROP,11.5014,1789992324.792,11.7275,3.6226,0.345,0.345,11.727,2008,8.0,14.9,34,-0.072,2064,-14.4,14.8,34,0.234,0.69,-0.345,0,,
V-DROP,11.5214,1789992324.812,11.7275,3.6226,0.345,0.345,11.727,2008,8.0,14.9,33,-0.072,2064,-14.4,14.8,34,0.2205,0.69,-0.345,0,,
V-DROP,11.5414,1789992324.832,11.7275,3.6226,0.384,0.384,11.727,2009,8.8,14.9,33,-0.072,2064,-14.4,14.8,34,0.2205,0.69,-0.307,0,,
V-DROP,11.5614,1789992324.852,11.7275,3.6226,0.345,0.345,11.727,2008,8.0,14.9,33,-0.072,2065,-13.600000000000001,14.8,34,0.1935,0.652,-0.307,0,,
V-DROP,11.5814,1789992324.872,11.7275,3.6226,0.384,0.384,11.727,2009,8.8,14.9,33,-0.0585,2064,-14.4,14.9,34,0.2205,0.69,-0.307,0,,
V-DROP,11.6013,1789992324.892,11.7275,3.6226,0.345,0.345,11.727,2008,8.0,14.9,33,-0.0585,2064,-14.4,14.9,34,0.2205,0.69,-0.345,0,,
V-DROP,11.6214,1789992324.912,11.7275,3.6226,0.345,0.345,11.727,2008,8.0,14.9,33,-0.0585,2064,-14.4,14.9,34,0.2205,0.69,-0.345,0,,
V-DROP,11.6414,1789992324.932,11.7275,3.6226,0.345,0.345,11.727,2008,8.0,14.9,34,-0.072,2064,-14.4,14.9,34,0.2205,0.69,-0.345,0,,
V-DROP,11.6614,1789992324.952,11.7275,3.6226,0.384,0.384,11.727,2009,8.8,14.9,34,-0.0585,2064,-14.4,14.9,34,0.216,0.69,-0.307,0,,
V-DROP,11.6814,1789992324.972,11.7275,3.6226,0.345,0.345,11.727,2008,8.0,14.9,34,-0.072,2064,-14.4,14.9,34,0.2205,0.69,-0.345,0,,
V-DROP,11.7014,1789992324.992,11.7275,3.6226,0.345,0.345,11.727,2008,8.0,15.0,34,-0.0585,2064,-14.4,14.8,34,0.198,0.69,-0.345,0,,
V-DROP,11.7214,1789992325.012,11.7275,3.6226,0.345,0.345,11.727,2008,8.0,15.0,34,-0.072,2064,-14.4,14.8,34,0.2205,0.69,-0.345,0,,
V-DROP,11.7413,1789992325.032,11.7275,3.6226,0.384,0.384,11.727,2009,8.8,15.0,34,-0.0585,2065,-13.600000000000001,14.8,34,0.2205,0.652,-0.268,0,,
V-DROP,11.7614,1789992325.052,11.7275,3.6226,0.384,0.384,11.727,2009,8.8,15.0,34,-0.0585,2064,-14.4,14.8,34,0.2205,0.69,-0.307,0,,
V-DROP,11.7815,1789992325.072,11.7275,3.6226,0.345,0.345,11.727,2008,8.0,15.0,34,-0.0585,2064,-14.4,14.8,34,0.2205,0.69,-0.345,0,,
V-DROP,11.8015,1789992325.092,11.7275,3.6226,0.384,0.384,11.727,2009,8.8,14.9,34,-0.072,2064,-14.4,14.9,34,0.2205,0.69,-0.307,0,,
V-DROP,11.8215,1789992325.112,11.7275,3.6226,0.384,0.384,11.727,2009,8.8,14.9,34,-0.0585,2065,-13.600000000000001,14.9,34,0.2205,0.652,-0.268,0,,
V-DROP,11.8415,1789992325.132,11.7275,3.6226,0.384,0.384,11.727,2009,8.8,14.9,34,-0.126,2064,-14.4,14.9,34,0.2205,0.69,-0.307,0,,
V-DROP,11.8615,1789992325.152,11.7275,3.6226,0.384,0.384,11.727,2009,8.8,14.9,34,-0.072,2064,-14.4,14.9,34,0.2205,0.69,-0.307,0,,
V-DROP,11.8815,1789992325.172,11.7275,3.6226,0.345,0.345,11.727,2008,8.0,14.9,34,-0.072,2064,-14.4,14.9,34,0.2205,0.69,-0.345,0,,
V-DROP,11.9013,1789992325.192,11.7275,3.6226,0.384,0.384,11.727,2009,8.8,14.9,34,-0.054,2064,-14.4,14.9,34,0.2205,0.69,-0.307,0,,
V-DROP,11.9215,1789992325.212,11.7275,3.6226,0.345,0.345,11.727,2008,8.0,14.9,34,-0.0765,2064,-14.4,14.3,34,0.2205,0.69,-0.345,0,,
V-DROP,11.9415,1789992325.232,11.7275,3.6226,0.345,0.345,11.727,2008,8.8,14.9,34,-0.0585,2064,-14.4,14.3,34,0.2205,0.69,-0.345,0,,
V-DROP,11.9615,1789992325.252,11.7275,3.6226,0.384,0.384,11.727,2009,8.8,14.9,34,-0.0585,2064,-14.4,14.3,34,0.2205,0.69,-0.307,0,,
V-DROP,11.9815,1789992325.272,11.7275,3.6226,0.384,0.384,11.727,2009,8.8,14.9,34,-0.0585,2064,-14.4,14.3,34,0.2205,0.69,-0.307,0,,
V-DROP,12.0015,1789992325.292,11.7275,3.6226,0.384,0.384,11.727,2009,8.8,14.9,34,-0.0765,2064,-14.4,14.3,34,0.2205,0.69,-0.307,0,,
V-DROP,12.0215,1789992325.312,11.7275,3.6226,0.384,0.384,11.727,2009,8.8,14.9,34,-0.0585,2064,-14.4,14.3,34,0.2205,0.69,-0.307,0,,
V-DROP,12.0414,1789992325.332,11.7275,3.6226,0.384,0.384,11.727,2009,8.8,15.0,34,-0.072,2064,-14.4,14.8,34,0.1935,0.69,-0.307,0,,
V-DROP,12.0615,1789992325.352,11.7275,3.6226,0.384,0.384,11.727,2009,8.8,15.0,34,-0.072,2064,-14.4,14.8,34,0.198,0.69,-0.307,0,,
V-DROP,12.0815,1789992325.372,11.7275,3.6226,0.384,0.384,11.727,2009,8.8,15.0,34,-0.0585,2064,-14.4,14.8,34,0.2205,0.69,-0.307,0,,
V-DROP,12.1014,1789992325.392,11.7275,3.6226,0.345,0.345,11.727,2008,8.0,15.0,34,-0.0585,2064,-14.4,14.8,34,0.2205,0.69,-0.345,0,,
V-DROP,12.1215,1789992325.412,11.7275,3.6226,0.345,0.345,11.727,2008,8.0,15.0,34,-0.0585,2064,-14.4,14.8,34,0.225,0.69,-0.345,0,,
V-DROP,12.1414,1789992325.432,11.7275,3.6226,0.384,0.384,11.727,2009,8.8,15.0,34,-0.0765,2064,-14.4,14.8,34,0.2205,0.69,-0.307,0,,
V-DROP,12.1613,1789992325.452,11.7275,3.6226,0.384,0.384,11.727,2009,8.8,15.1,34,-0.0585,2064,-14.4,14.8,34,0.2205,0.69,-0.307,0,,
V-DROP,12.1813,1789992325.472,11.7275,3.6226,0.345,0.345,11.727,2008,8.0,15.1,34,-0.0585,2064,-14.4,14.8,34,0.2205,0.69,-0.345,0,,
V-DROP,12.2015,1789992325.492,11.7275,3.6226,0.345,0.345,11.727,2008,8.0,15.1,34,-0.072,2064,-14.4,14.8,34,0.2205,0.69,-0.345,0,,
V-DROP,12.2215,1789992325.512,11.7275,3.6226,0.345,0.345,11.727,2008,8.0,15.1,34,-0.1305,2064,-14.4,14.8,34,0.2205,0.69,-0.345,0,,
V-DROP,12.2415,1789992325.532,11.7275,3.6226,0.384,0.384,11.727,2009,8.8,15.1,34,-0.072,2064,-14.4,14.8,34,0.2205,0.69,-0.307,0,,
V-DROP,12.2614,1789992325.552,11.7275,3.6226,0.384,0.384,11.727,2009,8.8,15.1,34,-0.0585,2064,-14.4,14.8,34,0.2205,0.69,-0.307,0,,
V-DROP,12.2815,1789992325.572,11.7275,3.6226,0.345,0.345,11.727,2008,8.0,14.9,34,-0.0585,2065,-13.600000000000001,14.8,34,0.2205,0.652,-0.307,0,,
V-DROP,12.3014,1789992325.592,11.7275,3.6226,0.345,0.345,11.727,2008,8.0,14.9,34,-0.072,2065,-13.600000000000001,14.8,34,0.2205,0.652,-0.307,0,,
V-DROP,12.3214,1789992325.612,11.7275,3.6226,0.345,0.345,11.727,2008,8.0,14.9,34,-0.072,2064,-14.4,14.8,34,0.2205,0.69,-0.345,0,,
V-DROP,12.3412,1789992325.632,11.7275,3.6226,0.345,0.345,11.727,2008,8.0,14.9,34,-0.0585,2064,-14.4,14.8,34,0.2205,0.69,-0.345,0,,
V-DROP,12.3614,1789992325.652,11.7275,3.6226,0.384,0.384,11.727,2009,8.8,14.9,34,-0.0585,2064,-14.4,14.8,34,0.2205,0.69,-0.307,0,,
V-DROP,12.3814,1789992325.672,11.7275,3.6226,0.345,0.345,11.727,2008,8.0,14.9,34,-0.0585,2064,-14.4,14.8,34,0.2205,0.69,-0.345,0,,
V-DROP,12.4014,1789992325.692,11.7275,3.6226,0.345,0.345,11.727,2008,8.0,14.5,34,-0.207,2064,-14.4,14.8,34,0.2205,0.69,-0.345,0,,
V-DROP,12.4214,1789992325.712,11.7275,3.6226,0.384,0.384,11.727,2009,8.8,14.5,34,-0.0585,2064,-14.4,14.8,34,0.2205,0.69,-0.307,0,,
V-DROP,12.4414,1789992325.732,11.7275,3.6226,0.345,0.345,11.727,2008,8.0,14.5,34,-0.099,2065,-13.600000000000001,14.8,34,0.2205,0.652,-0.307,0,,
V-DROP,12.4614,1789992325.752,11.7275,3.6226,0.345,0.345,11.727,2008,8.0,14.5,34,-0.0585,2064,-14.4,14.8,34,0.2205,0.69,-0.345,0,,
V-DROP,12.4814,1789992325.772,11.7275,3.6226,0.345,0.345,11.727,2008,8.0,14.5,34,-0.072,2064,-14.4,14.8,34,0.2205,0.69,-0.345,0,,
V-DROP,12.5015,1789992325.792,11.7275,3.6226,0.384,0.384,11.727,2009,8.8,14.3,34,-0.072,2064,-14.4,14.8,34,0.2205,0.69,-0.307,0,,
V-DROP,12.5215,1789992325.812,11.7275,3.6226,0.384,0.384,11.727,2009,8.8,14.3,34,-0.072,2064,-14.4,14.8,34,0.2205,0.69,-0.307,0,,
V-DROP,12.5413,1789992325.832,11.7275,3.6226,0.384,0.384,11.727,2009,8.8,14.3,34,-0.0855,2064,-14.4,14.8,34,0.2205,0.69,-0.307,0,,
V-DROP,12.5614,1789992325.852,11.7275,3.6226,0.345,0.345,11.727,2008,8.0,14.3,34,-0.0585,2064,-14.4,14.8,34,0.216,0.69,-0.345,0,,
V-DROP,12.5815,1789992325.872,11.7275,3.6226,0.384,0.384,11.727,2009,8.8,14.3,34,-0.072,2064,-14.4,14.8,34,0.2205,0.69,-0.307,0,,
V-DROP,12.6013,1789992325.892,11.7275,3.6226,0.345,0.345,11.727,2008,8.0,14.3,34,-0.0585,2065,-13.600000000000001,14.8,34,0.2205,0.652,-0.307,0,,
V-DROP,12.6213,1789992325.912,11.7275,3.6226,0.345,0.345,11.727,2008,8.0,14.9,34,-0.0585,2064,-14.4,14.9,34,0.2205,0.69,-0.345,0,,
V-DROP,12.6414,1789992325.932,11.7275,3.6226,0.345,0.345,11.727,2008,8.0,14.9,34,-0.072,2064,-14.4,14.9,34,0.2205,0.69,-0.345,0,,
V-DROP,12.6614,1789992325.952,11.7275,3.6226,0.384,0.384,11.727,2009,8.8,14.9,34,-0.1305,2064,-14.4,14.9,34,0.2205,0.69,-0.307,0,,
V-DROP,12.6814,1789992325.972,11.7275,3.6226,0.345,0.345,11.727,2008,8.0,14.9,34,-0.0765,2064,-14.4,14.9,34,0.216,0.69,-0.345,0,,
V-DROP,12.7013,1789992325.992,11.7275,3.6226,0.345,0.345,11.727,2008,8.0,14.9,34,-0.072,2064,-14.4,14.9,34,0.198,0.69,-0.345,0,,
V-DROP,12.7213,1789992326.012,11.7275,3.6226,0.345,0.345,11.727,2008,8.0,14.9,34,-0.1575,2064,-14.4,14.9,34,0.2205,0.69,-0.345,0,,
V-DROP,12.7413,1789992326.032,11.7275,3.6226,0.345,0.345,11.727,2008,8.0,14.9,34,-0.072,2064,-14.4,15.0,34,0.216,0.69,-0.345,0,,
V-DROP,12.7613,1789992326.052,11.7275,3.6226,0.384,0.384,11.727,2009,8.8,14.9,34,-0.0585,2064,-14.4,15.0,34,0.2205,0.69,-0.307,0,,
V-DROP,12.7812,1789992326.072,11.7275,3.6226,0.345,0.345,11.727,2008,8.0,14.9,34,-0.0585,2064,-14.4,15.0,34,0.2205,0.69,-0.345,0,,
V-DROP,12.8013,1789992326.092,11.7275,3.6226,0.384,0.384,11.727,2009,8.8,14.9,34,-0.072,2064,-14.4,15.0,34,0.2205,0.69,-0.307,0,,
V-DROP,12.8213,1789992326.112,11.7275,3.6226,0.384,0.384,11.727,2009,8.8,14.9,34,-0.0765,2064,-14.4,15.0,34,0.2205,0.69,-0.307,0,,
V-DROP,12.8414,1789992326.132,11.7275,3.6226,0.384,0.384,11.727,2009,8.8,14.9,34,-0.0585,2064,-14.4,15.0,34,0.2205,0.69,-0.307,0,,
V-DROP,12.8613,1789992326.152,11.7275,3.6226,0.384,0.384,11.727,2009,8.8,14.8,34,-0.0765,2064,-14.4,14.8,34,0.2205,0.69,-0.307,0,,
V-DROP,12.8814,1789992326.172,11.7275,3.6226,0.345,0.345,11.727,2008,8.8,14.8,34,-0.0585,2065,-13.600000000000001,14.8,34,0.1935,0.652,-0.307,0,,
V-DROP,12.9012,1789992326.192,11.7275,3.6226,0.384,0.384,11.727,2009,8.8,14.8,34,-0.054,2064,-14.4,14.8,34,0.2205,0.69,-0.307,0,,
V-DROP,12.9214,1789992326.212,11.7275,3.6226,0.384,0.384,11.727,2009,8.8,14.8,34,-0.0585,2064,-14.4,14.8,34,0.2205,0.69,-0.307,0,,
V-DROP,12.9412,1789992326.232,11.7275,3.6226,0.345,0.345,11.727,2008,8.0,14.8,34,-0.0765,2064,-14.4,14.8,34,0.2205,0.69,-0.345,0,,
V-DROP,12.9612,1789992326.251,11.7275,3.6226,0.345,0.345,11.727,2008,8.0,14.8,34,-0.072,2064,-14.4,14.8,34,0.1935,0.69,-0.345,0,,
V-DROP,12.9813,1789992326.272,11.7275,3.6226,0.384,0.384,11.727,2009,8.8,15.0,34,-0.0765,2064,-14.4,14.1,34,0.2205,0.69,-0.307,0,,
V-DROP,13.0014,1789992326.292,11.7275,3.6226,0.384,0.384,11.727,2009,8.8,15.0,34,-0.0585,2064,-14.4,14.1,34,0.2205,0.69,-0.307,0,,
V-DROP,13.0212,1789992326.312,11.7275,3.6226,0.384,0.384,11.727,2009,8.8,15.0,34,-0.063,2064,-14.4,14.1,34,0.2205,0.69,-0.307,0,,
V-DROP,13.0412,1789992326.332,11.7275,3.6226,0.345,0.345,11.727,2008,8.0,15.0,34,-0.072,2064,-14.4,14.1,34,0.2205,0.69,-0.345,0,,
V-DROP,13.0612,1789992326.352,11.7275,3.6226,0.345,0.345,11.727,2008,8.0,15.0,34,-0.0585,2064,-14.4,14.1,34,0.1935,0.69,-0.345,0,,
V-DROP,13.0812,1789992326.372,11.7275,3.6226,0.384,0.384,11.727,2009,8.8,15.0,34,-0.072,2064,-14.4,14.1,34,0.1935,0.69,-0.307,0,,
V-DROP,13.1012,1789992326.392,11.7275,3.6226,0.384,0.384,11.727,2009,8.8,14.4,34,-0.0765,2064,-14.4,14.2,34,0.2205,0.69,-0.307,0,,
V-DROP,13.1212,1789992326.412,11.7275,3.6226,0.345,0.345,11.727,2008,8.0,14.4,34,-0.0585,2064,-14.4,14.2,34,0.2205,0.69,-0.345,0,,
V-DROP,13.1412,1789992326.432,11.7275,3.6226,0.384,0.384,11.727,2009,8.8,14.4,34,-0.0585,2064,-14.4,14.2,34,0.2205,0.69,-0.307,0,,
V-DROP,13.1612,1789992326.452,11.7275,3.6226,0.345,0.345,11.727,2008,8.0,14.4,34,-0.0855,2064,-14.4,14.2,34,0.2205,0.69,-0.345,0,,
V-DROP,13.1811,1789992326.471,11.7275,3.6226,0.384,0.384,11.727,2009,8.8,14.4,34,-0.081,2064,-14.4,14.2,34,0.2205,0.69,-0.307,0,,
V-DROP,13.2012,1789992326.492,11.7275,3.6226,0.384,0.384,11.727,2009,8.8,14.9,34,-0.072,2064,-14.4,14.8,34,0.2205,0.69,-0.307,0,,
V-DROP,13.2212,1789992326.512,11.7275,3.6226,0.384,0.384,11.727,2009,8.8,14.9,34,-0.0585,2064,-14.4,14.8,34,0.243,0.69,-0.307,0,,
V-DROP,13.2412,1789992326.532,11.7275,3.6226,0.384,0.384,11.727,2009,8.8,14.9,34,-0.072,2064,-14.4,14.8,34,0.2205,0.69,-0.307,0,,
V-DROP,13.2612,1789992326.552,11.7275,3.6226,0.384,0.384,11.727,2009,8.8,14.9,34,-0.0585,2064,-14.4,14.8,34,0.2205,0.69,-0.307,0,,
V-DROP,13.2812,1789992326.572,11.7275,3.6226,0.345,0.345,11.727,2008,8.0,14.9,34,-0.072,2065,-13.600000000000001,14.8,34,0.2205,0.652,-0.307,0,,
V-DROP,13.3012,1789992326.592,11.7275,3.6226,0.345,0.345,11.727,2008,8.0,14.9,34,-0.0585,2064,-14.4,14.8,34,0.2205,0.69,-0.345,0,,
V-DROP,13.3212,1789992326.612,11.7275,3.6226,0.345,0.345,11.727,2008,8.0,14.9,34,-0.072,2064,-14.4,14.8,34,0.2205,0.69,-0.345,0,,
V-DROP,13.3412,1789992326.632,11.7275,3.6226,0.345,0.345,11.727,2008,8.0,14.9,34,-0.0585,2064,-14.4,14.8,34,0.216,0.69,-0.345,0,,
V-DROP,13.3612,1789992326.652,11.7275,3.6226,0.345,0.345,11.727,2008,8.0,14.9,34,-0.072,2064,-14.4,14.8,34,0.2385,0.69,-0.345,0,,
V-DROP,13.3812,1789992326.672,11.7275,3.6226,0.384,0.384,11.727,2009,8.8,14.9,34,-0.072,2064,-14.4,14.8,34,0.216,0.69,-0.307,0,,
V-DROP,13.4012,1789992326.692,11.7275,3.6226,0.345,0.345,11.727,2008,8.0,14.9,34,-0.072,2064,-14.4,14.8,34,0.2205,0.69,-0.345,0,,
V-DROP,13.4212,1789992326.712,11.7275,3.6226,0.345,0.345,11.727,2008,8.8,14.9,34,-0.072,2064,-14.4,14.8,34,0.2205,0.69,-0.345,0,,
V-DROP,13.4411,1789992326.731,11.7275,3.6226,0.345,0.345,11.727,2008,8.0,15.0,34,-0.0585,2064,-14.4,14.8,34,0.243,0.69,-0.345,0,,
V-DROP,13.4611,1789992326.751,11.7275,3.6226,0.384,0.384,11.727,2009,8.8,15.0,34,-0.0585,2064,-14.4,14.8,34,0.216,0.69,-0.307,0,,
V-DROP,13.4813,1789992326.772,11.7275,3.6226,0.384,0.384,11.727,2009,8.8,15.0,34,-0.072,2064,-14.4,14.8,34,0.2205,0.69,-0.307,0,,
V-DROP,13.5012,1789992326.792,11.7275,3.6226,0.345,0.345,11.727,2008,8.0,15.0,34,-0.0585,2064,-14.4,14.8,34,0.2205,0.69,-0.345,0,,
V-DROP,13.5213,1789992326.812,11.7275,3.6226,0.384,0.384,11.727,2009,8.8,15.0,34,-0.0765,2064,-14.4,14.8,34,0.2205,0.69,-0.307,0,,
V-DROP,13.5411,1789992326.831,11.7275,3.6226,0.345,0.345,11.727,2008,8.0,15.0,34,-0.0585,2065,-13.600000000000001,14.8,34,0.2205,0.652,-0.307,0,,
V-DROP,13.5611,1789992326.851,11.7275,3.6226,0.384,0.384,11.727,2009,8.8,14.9,34,-0.0585,2064,-14.4,14.9,34,0.2205,0.69,-0.307,0,,
V-DROP,13.5812,1789992326.871,11.7275,3.6226,0.345,0.345,11.727,2008,8.0,14.9,34,-0.081,2064,-14.4,14.9,34,0.2205,0.69,-0.345,0,,
V-DROP,13.6012,1789992326.891,11.7275,3.6226,0.345,0.345,11.727,2008,8.0,14.9,34,-0.0585,2064,-14.4,14.9,34,0.2385,0.69,-0.345,0,,
V-DROP,13.6213,1789992326.912,11.7275,3.6226,0.345,0.345,11.727,2008,8.0,14.9,34,-0.072,2064,-14.4,14.9,34,0.2205,0.69,-0.345,0,,
V-DROP,13.6412,1789992326.932,11.7275,3.6226,0.384,0.384,11.727,2009,8.8,14.9,34,-0.072,2065,-13.600000000000001,14.9,34,0.2205,0.652,-0.268,0,,
V-DROP,13.6612,1789992326.951,11.7275,3.6226,0.345,0.345,11.727,2008,8.0,14.9,34,-0.0585,2064,-14.4,14.9,34,0.2205,0.69,-0.345,0,,
V-DROP,13.6812,1789992326.971,11.7275,3.6226,0.345,0.345,11.727,2008,8.0,14.9,34,-0.072,2064,-14.4,14.9,34,0.216,0.69,-0.345,0,,
V-DROP,13.7012,1789992326.992,11.7275,3.6226,0.345,0.345,11.727,2008,8.0,14.9,34,-0.0585,2064,-14.4,14.9,34,0.2205,0.69,-0.345,0,,
V-DROP,13.7211,1789992327.011,11.7275,3.6226,0.345,0.345,11.727,2008,8.0,14.9,34,-0.072,2064,-14.4,14.9,34,0.2205,0.69,-0.345,0,,
V-DROP,13.7411,1789992327.031,11.7275,3.6226,0.345,0.345,11.727,2008,8.0,14.9,34,-0.0585,2064,-14.4,14.9,34,0.2205,0.69,-0.345,0,,
V-DROP,13.7611,1789992327.051,11.7275,3.6226,0.345,0.345,11.727,2008,8.0,14.9,34,-0.0585,2064,-14.4,14.9,34,0.2205,0.69,-0.345,0,,
V-DROP,13.7811,1789992327.071,11.7275,3.6226,0.345,0.345,11.727,2008,8.0,15.0,34,-0.0585,2064,-14.4,14.9,34,0.1935,0.69,-0.345,0,,
V-DROP,13.8012,1789992327.091,11.7275,3.6226,0.345,0.345,11.727,2008,8.0,15.0,34,-0.072,2064,-14.4,14.8,34,0.2205,0.69,-0.345,0,,
V-DROP,13.8212,1789992327.112,11.7275,3.6226,0.384,0.384,11.727,2009,8.8,15.0,34,-0.0765,2064,-14.4,14.8,34,0.2205,0.69,-0.307,0,,
V-DROP,13.8412,1789992327.132,11.7275,3.6226,0.384,0.384,11.727,2009,8.8,15.0,34,-0.072,2064,-14.4,14.8,34,0.2205,0.69,-0.307,0,,
V-DROP,13.8612,1789992327.152,11.7275,3.6226,0.345,0.345,11.727,2008,8.0,15.0,34,-0.0585,2064,-14.4,14.8,34,0.2205,0.69,-0.345,0,,
V-DROP,13.8811,1789992327.171,11.7275,3.6226,0.384,0.384,11.727,2009,8.8,15.0,34,-0.0585,2064,-14.4,14.8,34,0.2205,0.69,-0.307,0,,
V-DROP,13.9011,1789992327.191,11.7275,3.6226,0.384,0.384,11.727,2009,8.8,15.1,34,-0.072,2064,-14.4,14.8,34,0.2205,0.69,-0.307,0,,
V-DROP,13.9211,1789992327.211,11.7275,3.6226,0.384,0.384,11.727,2009,8.8,15.1,34,-0.0585,2064,-14.4,14.8,34,0.2205,0.69,-0.307,0,,
V-DROP,13.9413,1789992327.232,11.7275,3.6226,0.384,0.384,11.727,2009,8.8,15.1,34,-0.081,2064,-14.4,14.8,34,0.2205,0.69,-0.307,0,,
V-DROP,13.9612,1789992327.252,11.7275,3.6226,0.384,0.384,11.727,2009,8.8,15.1,34,-0.072,2065,-13.600000000000001,14.8,34,0.2205,0.652,-0.268,0,,
V-DROP,13.9811,1789992327.271,11.7275,3.6226,0.345,0.345,11.727,2008,8.0,15.1,34,-0.072,2064,-14.4,14.8,34,0.225,0.69,-0.345,0,,
V-DROP,14.001,1789992327.291,11.7275,3.6226,0.345,0.345,11.727,2008,8.0,15.1,34,-0.072,2064,-14.4,14.8,34,0.2205,0.69,-0.345,0,,
V-DROP,14.021,1789992327.311,11.7275,3.6226,0.345,0.345,11.727,2008,8.0,14.9,34,-0.0585,2064,-14.4,14.8,34,0.2205,0.69,-0.345,0,,
V-DROP,14.0411,1789992327.331,11.7275,3.6226,0.345,0.345,11.727,2008,8.0,14.9,34,-0.0585,2064,-14.4,14.8,34,0.2205,0.69,-0.345,0,,
V-DROP,14.0611,1789992327.351,11.7275,3.6226,0.384,0.384,11.727,2009,8.8,14.9,34,-0.0585,2065,-13.600000000000001,14.8,34,0.2205,0.652,-0.268,0,,
V-DROP,14.0811,1789992327.371,11.7275,3.6226,0.345,0.345,11.727,2008,8.0,14.9,34,-0.072,2064,-14.4,14.8,34,0.2205,0.69,-0.345,0,,
V-DROP,14.1011,1789992327.391,11.7275,3.6226,0.345,0.345,11.727,2008,8.0,14.9,34,-0.072,2064,-14.4,14.8,34,0.2205,0.69,-0.345,0,,
V-DROP,14.121,1789992327.411,11.7275,3.6226,0.384,0.384,11.727,2009,8.8,14.9,34,-0.081,2064,-14.4,14.8,34,0.2205,0.69,-0.307,0,,
V-DROP,14.141,1789992327.431,11.7275,3.6226,0.345,0.345,11.727,2008,8.0,14.3,34,-0.072,2064,-14.4,14.8,34,0.216,0.69,-0.345,0,,
V-DROP,14.161,1789992327.451,11.7275,3.6226,0.345,0.345,11.727,2008,8.0,14.3,34,-0.09,2064,-14.4,14.8,34,0.216,0.69,-0.345,0,,
V-DROP,14.181,1789992327.471,11.7275,3.6226,0.384,0.384,11.727,2009,8.8,14.3,34,-0.072,2064,-14.4,14.8,34,0.2205,0.69,-0.307,0,,
V-DROP,14.201,1789992327.491,11.7275,3.6226,0.384,0.384,11.727,2009,8.8,14.3,34,-0.0585,2064,-14.4,14.8,34,0.2205,0.69,-0.307,0,,
V-DROP,14.221,1789992327.511,11.7275,3.6226,0.345,0.345,11.727,2008,8.0,14.3,34,-0.0585,2064,-14.4,14.8,34,0.198,0.69,-0.345,0,,
V-DROP,14.241,1789992327.531,11.7275,3.6226,0.345,0.345,11.727,2008,8.0,14.3,34,-0.072,2065,-13.600000000000001,14.8,34,0.2205,0.652,-0.307,0,,
V-DROP,14.261,1789992327.551,11.7275,3.6226,0.345,0.345,11.727,2008,8.0,14.3,34,-0.072,2064,-14.4,14.8,34,0.2205,0.69,-0.345,0,,
V-DROP,14.2811,1789992327.571,11.7275,3.6226,0.345,0.345,11.727,2008,8.0,14.3,34,-0.072,2064,-14.4,14.8,34,0.2205,0.69,-0.345,0,,
V-DROP,14.301,1789992327.591,11.7275,3.6226,0.384,0.384,11.727,2009,8.8,14.3,34,-0.0585,2064,-14.4,14.8,34,0.2205,0.69,-0.307,0,,
V-DROP,14.321,1789992327.611,11.7275,3.6226,0.345,0.345,11.727,2008,8.0,14.3,34,-0.072,2064,-14.4,14.8,34,0.2205,0.69,-0.345,0,,
V-DROP,14.341,1789992327.631,11.7275,3.6226,0.384,0.384,11.727,2009,8.8,14.3,34,-0.072,2064,-14.4,14.8,34,0.2205,0.69,-0.307,0,,
V-DROP,14.361,1789992327.651,11.7275,3.6226,0.345,0.345,11.727,2008,8.0,14.3,34,-0.0585,2064,-14.4,14.8,34,0.2205,0.69,-0.345,0,,
V-DROP,14.381,1789992327.671,11.7275,3.6226,0.384,0.384,11.727,2009,8.8,15.0,34,-0.0585,2064,-14.4,14.9,34,0.2205,0.69,-0.307,0,,
V-DROP,14.401,1789992327.691,11.7275,3.6226,0.384,0.384,11.727,2009,8.8,15.0,34,-0.072,2064,-14.4,14.9,34,0.2205,0.69,-0.307,0,,
V-DROP,14.421,1789992327.711,11.7275,3.6226,0.384,0.384,11.727,2009,8.8,15.0,34,-0.072,2065,-13.600000000000001,14.9,34,0.243,0.652,-0.268,0,,
V-DROP,14.441,1789992327.731,11.7275,3.6226,0.384,0.384,11.727,2009,8.8,15.0,34,-0.072,2064,-14.4,14.9,34,0.216,0.69,-0.307,0,,
V-DROP,14.461,1789992327.751,11.7275,3.6226,0.345,0.345,11.727,2008,8.0,15.0,34,-0.0765,2064,-14.4,14.9,34,0.2205,0.69,-0.345,0,,
V-DROP,14.4812,1789992327.772,11.7275,3.6226,0.384,0.384,11.727,2009,8.8,15.0,34,-0.0585,2064,-14.4,15.0,34,0.2205,0.69,-0.307,0,,
V-DROP,14.5011,1789992327.791,11.7275,3.6226,0.345,0.345,11.727,2008,8.0,15.0,34,-0.0765,2064,-14.4,15.0,34,0.2205,0.69,-0.345,0,,
V-DROP,14.5211,1789992327.811,11.7275,3.6226,0.345,0.345,11.727,2008,8.0,15.0,34,-0.0585,2064,-14.4,15.0,34,0.2205,0.69,-0.345,0,,
V-DROP,14.541,1789992327.831,11.7275,3.6226,0.345,0.345,11.727,2008,8.0,15.0,34,-0.18,2064,-14.4,15.0,34,0.216,0.69,-0.345,0,,
V-DROP,14.561,1789992327.851,11.7275,3.6226,0.384,0.384,11.727,2009,8.8,15.0,34,-0.0585,2064,-14.4,15.0,34,0.1935,0.69,-0.307,0,,
V-DROP,14.581,1789992327.871,11.7275,3.6226,0.384,0.384,11.727,2009,8.8,15.0,34,-0.072,2064,-14.4,15.0,34,0.2205,0.69,-0.307,0,,
V-DROP,14.6011,1789992327.891,11.7275,3.6226,0.384,0.384,11.727,2009,8.8,14.9,34,-0.0585,2064,-14.4,14.8,34,0.2205,0.69,-0.307,0,,
V-DROP,14.6212,1789992327.912,11.7275,3.6226,0.345,0.345,11.727,2008,8.0,14.9,34,-0.072,2064,-14.4,14.8,34,0.1935,0.69,-0.345,0,,
V-DROP,14.6412,1789992327.932,11.7275,3.6226,0.345,0.345,11.727,2008,8.0,14.9,34,-0.0585,2064,-14.4,14.8,34,0.2205,0.69,-0.345,0,,
V-DROP,14.661,1789992327.951,11.7275,3.6226,0.384,0.384,11.727,2009,8.8,14.9,34,-0.072,2064,-14.4,14.8,34,0.2205,0.69,-0.307,0,,
V-DROP,14.681,1789992327.971,11.7275,3.6226,0.345,0.345,11.727,2008,8.0,14.9,34,-0.072,2064,-14.4,14.8,34,0.2205,0.69,-0.345,0,,
V-DROP,14.7011,1789992327.991,11.7275,3.6226,0.345,0.345,11.727,2008,8.0,14.9,34,-0.072,2064,-14.4,14.8,34,0.2205,0.69,-0.345,0,,
V-DROP,14.7212,1789992328.012,11.7275,3.6226,0.345,0.345,11.727,2008,8.0,15.0,34,-0.072,2064,-14.4,14.1,34,0.198,0.69,-0.345,0,,
V-DROP,14.741,1789992328.031,11.7275,3.6226,0.345,0.345,11.727,2008,8.0,15.0,34,-0.0585,2064,-14.4,14.1,34,0.2205,0.69,-0.345,0,,
V-DROP,14.761,1789992328.051,11.7275,3.6226,0.384,0.384,11.727,2009,8.8,15.0,34,-0.0765,2064,-14.4,14.1,34,0.2205,0.69,-0.307,0,,
V-DROP,14.781,1789992328.071,11.7275,3.6226,0.345,0.345,11.727,2008,8.0,15.0,34,-0.0585,2064,-14.4,14.1,34,0.1935,0.69,-0.345,0,,
V-DROP,14.801,1789992328.091,11.7275,3.6226,0.384,0.384,11.727,2009,8.8,15.0,34,-0.072,2064,-14.4,14.1,34,0.2205,0.69,-0.307,0,,
V-DROP,14.8211,1789992328.111,11.7275,3.6226,0.384,0.384,11.727,2009,8.8,15.0,34,-0.0765,2064,-14.4,14.1,34,0.2205,0.69,-0.307,0,,
V-DROP,14.8411,1789992328.131,11.7275,3.6226,0.384,0.384,11.727,2009,8.8,14.4,34,-0.0585,2064,-14.4,14.2,34,0.2205,0.69,-0.307,0,,
V-DROP,14.861,1789992328.151,11.7275,3.6226,0.345,0.345,11.727,2008,8.0,14.4,34,-0.072,2064,-14.4,14.2,34,0.2205,0.69,-0.345,0,,
V-DROP,14.881,1789992328.171,11.7275,3.6226,0.345,0.345,11.727,2008,8.0,14.4,34,-0.054,2064,-14.4,14.2,34,0.2295,0.69,-0.345,0,,
V-DROP,14.901,1789992328.191,11.7275,3.6226,0.384,0.384,11.727,2009,8.8,14.4,34,-0.054,2064,-14.4,14.2,34,0.2205,0.69,-0.307,0,,
V-DROP,14.9212,1789992328.211,11.7275,3.6226,0.384,0.384,11.727,2009,8.8,14.4,34,-0.072,2064,-14.4,14.2,34,0.2205,0.69,-0.307,0,,
V-DROP,14.9411,1789992328.231,11.7275,3.6226,0.384,0.384,11.727,2009,8.8,14.4,34,-0.0585,2064,-14.4,14.2,34,0.2205,0.69,-0.307,0,,
V-DROP,14.9611,1789992328.251,11.7275,3.6226,0.345,0.345,11.727,2008,8.0,14.9,34,-0.0585,2064,-14.4,14.8,34,0.2205,0.69,-0.345,0,,
V-DROP,14.981,1789992328.271,11.7275,3.6226,0.384,0.384,11.727,2009,8.8,14.9,34,-0.0585,2064,-14.4,14.8,34,0.2205,0.69,-0.307,0,,
V-DROP,15.001,1789992328.291,11.7275,3.6226,0.345,0.345,11.727,2008,8.0,14.9,34,-0.0585,2064,-14.4,14.8,34,0.2205,0.69,-0.345,0,,
V-DROP,15.021,1789992328.311,11.7275,3.6226,0.384,0.384,11.727,2009,8.8,14.9,34,-0.0585,2064,-14.4,14.8,34,0.216,0.69,-0.307,0,,
V-DROP,15.0411,1789992328.331,11.7275,3.6226,0.384,0.384,11.727,2009,8.8,14.9,34,-0.0585,2064,-14.4,14.8,34,0.2205,0.69,-0.307,0,,
V-DROP,15.0611,1789992328.351,11.7275,3.6226,0.384,0.384,11.727,2009,8.8,14.9,34,-0.072,2065,-13.600000000000001,14.8,34,0.2205,0.652,-0.268,0,,
V-DROP,15.0811,1789992328.371,11.7275,3.6226,0.345,0.345,11.727,2008,8.8,14.9,34,-0.0585,2064,-14.4,14.8,34,0.216,0.69,-0.345,0,,
V-DROP,15.101,1789992328.391,11.7275,3.6226,0.384,0.384,11.727,2009,8.8,14.9,34,-0.0585,2064,-14.4,14.8,34,0.216,0.69,-0.307,0,,
V-DROP,15.121,1789992328.411,11.7275,3.6226,0.384,0.384,11.727,2009,8.8,14.9,34,-0.072,2064,-14.4,14.8,34,0.2205,0.69,-0.307,0,,
V-DROP,15.1411,1789992328.431,11.7275,3.6226,0.384,0.384,11.727,2009,8.8,14.9,34,-0.0585,2064,-14.4,14.8,34,0.1935,0.69,-0.307,0,,
V-DROP,15.161,1789992328.451,11.7275,3.6226,0.384,0.384,11.727,2009,8.8,14.9,34,-0.072,2064,-14.4,14.8,34,0.2205,0.69,-0.307,0,,
V-DROP,15.1811,1789992328.471,11.7275,3.6226,0.345,0.345,11.727,2008,8.0,14.4,34,-0.0585,2064,-14.4,14.8,34,0.2205,0.69,-0.345,0,,
V-DROP,15.201,1789992328.491,11.7275,3.6226,0.345,0.345,11.727,2008,8.0,14.4,34,-0.072,2064,-14.4,14.8,34,0.2205,0.69,-0.345,0,,
V-DROP,15.221,1789992328.511,11.7275,3.6226,0.384,0.384,11.727,2009,8.8,14.4,34,-0.072,2064,-14.4,14.8,34,0.2205,0.69,-0.307,0,,
V-DROP,15.2409,1789992328.531,11.7275,3.6226,0.384,0.384,11.727,2009,8.8,14.4,34,-0.0585,2064,-14.4,14.8,34,0.2205,0.69,-0.307,0,,
V-DROP,15.2611,1789992328.551,11.7275,3.6226,0.384,0.384,11.727,2009,8.8,14.4,34,-0.0585,2064,-14.4,14.8,34,0.225,0.69,-0.307,0,,
V-DROP,15.281,1789992328.571,11.7275,3.6226,0.384,0.384,11.727,2009,8.8,14.4,34,-0.072,2065,-13.600000000000001,14.8,34,0.2205,0.652,-0.268,0,,
V-DROP,15.301,1789992328.591,11.7275,3.6226,0.384,0.384,11.727,2009,8.8,14.9,34,-0.072,2064,-14.4,14.9,34,0.2205,0.69,-0.307,0,,
V-DROP,15.3209,1789992328.611,11.7275,3.6226,0.345,0.345,11.727,2008,8.0,14.9,34,-0.0585,2065,-13.600000000000001,14.9,34,0.2205,0.652,-0.307,0,,
V-DROP,15.3409,1789992328.631,11.7275,3.6226,0.384,0.384,11.727,2009,8.8,14.9,34,-0.0585,2064,-14.4,14.9,34,0.2205,0.69,-0.307,0,,
V-DROP,15.3609,1789992328.651,11.7275,3.6226,0.384,0.384,11.727,2009,8.8,14.9,34,-0.072,2064,-14.4,14.9,34,0.225,0.69,-0.307,0,,
V-DROP,15.3809,1789992328.671,11.7275,3.6226,0.345,0.345,11.727,2008,8.0,14.9,34,-0.072,2064,-14.4,14.9,34,0.2205,0.69,-0.345,0,,
V-DROP,15.4011,1789992328.691,11.7275,3.6226,0.345,0.345,11.727,2008,8.0,14.9,34,-0.072,2064,-14.4,14.9,34,0.216,0.69,-0.345,0,,
V-DROP,15.421,1789992328.711,11.7275,3.6226,0.345,0.345,11.727,2008,8.0,14.9,34,-0.072,2064,-14.4,14.9,34,0.2205,0.69,-0.345,0,,
V-DROP,15.441,1789992328.731,11.7275,3.6226,0.384,0.384,11.727,2009,8.8,14.9,34,-0.072,2064,-14.4,14.9,34,0.2205,0.69,-0.307,0,,
V-DROP,15.4611,1789992328.751,11.7275,3.6226,0.384,0.384,11.727,2009,8.8,14.9,34,-0.072,2064,-14.4,14.9,34,0.2205,0.69,-0.307,0,,
V-DROP,15.4811,1789992328.771,11.7275,3.6226,0.384,0.384,11.727,2009,8.8,14.9,34,-0.072,2064,-14.4,14.9,34,0.2205,0.69,-0.307,0,,
V-DROP,15.501,1789992328.791,11.7275,3.6226,0.384,0.384,11.727,2009,8.8,14.9,34,-0.0765,2064,-14.4,14.9,34,0.2205,0.69,-0.307,0,,
V-DROP,15.5208,1789992328.811,11.7275,3.6226,0.384,0.384,11.727,2009,8.8,14.9,34,-0.072,2064,-14.4,14.9,34,0.2205,0.69,-0.307,0,,
V-DROP,15.5408,1789992328.831,11.7275,3.6226,0.345,0.345,11.727,2008,8.0,15.1,34,-0.072,2064,-14.4,14.8,34,0.2205,0.69,-0.345,0,,
V-DROP,15.5609,1789992328.851,11.7275,3.6226,0.345,0.345,11.727,2008,8.0,15.1,34,-0.072,2064,-14.4,14.8,34,0.216,0.69,-0.345,0,,
V-DROP,15.5808,1789992328.871,11.7275,3.6226,0.384,0.384,11.727,2009,8.8,15.1,34,-0.072,2064,-14.4,14.8,34,0.2205,0.69,-0.307,0,,
V-DROP,15.6008,1789992328.891,11.7275,3.6226,0.384,0.384,11.727,2009,8.8,15.1,34,-0.0585,2064,-14.4,14.8,34,0.2205,0.69,-0.307,0,,
V-DROP,15.6208,1789992328.911,11.7275,3.6226,0.345,0.345,11.727,2008,8.0,15.1,34,-0.072,2064,-14.4,14.8,34,0.2205,0.69,-0.345,0,,
V-DROP,15.6409,1789992328.931,11.7275,3.6226,0.384,0.384,11.727,2009,8.8,15.1,34,-0.072,2064,-14.4,14.8,34,0.2205,0.69,-0.307,0,,
V-DROP,15.6609,1789992328.951,11.7275,3.6226,0.345,0.345,11.727,2008,8.0,15.1,34,-0.072,2064,-14.4,14.8,34,0.2205,0.69,-0.345,0,,
V-DROP,15.6809,1789992328.971,11.7275,3.6226,0.345,0.345,11.727,2008,8.0,15.1,34,-0.072,2064,-14.4,14.8,34,0.216,0.69,-0.345,0,,
V-DROP,15.701,1789992328.991,11.7275,3.6226,0.345,0.345,11.727,2008,8.0,15.1,34,-0.072,2064,-14.4,14.8,34,0.2205,0.69,-0.345,0,,
V-DROP,15.721,1789992329.011,11.7275,3.6226,0.384,0.384,11.727,2009,8.8,15.1,34,-0.072,2064,-14.4,14.8,34,0.2205,0.69,-0.307,0,,
V-DROP,15.7408,1789992329.031,11.7275,3.6226,0.384,0.384,11.727,2009,8.8,15.1,34,-0.072,2064,-14.4,14.8,34,0.216,0.69,-0.307,0,,
V-DROP,15.7609,1789992329.051,11.7275,3.6226,0.345,0.345,11.727,2008,8.0,15.1,34,-0.0765,2065,-13.600000000000001,14.8,34,0.2205,0.652,-0.307,0,,
V-DROP,15.7808,1789992329.071,11.7275,3.6226,0.384,0.384,11.727,2009,8.8,14.9,34,-0.072,2064,-14.4,14.5,34,0.2205,0.69,-0.307,0,,
V-DROP,15.8018,1789992329.092,11.7275,3.6226,0.384,0.384,11.727,2009,8.8,14.9,34,-0.072,2064,-14.4,14.5,34,0.2205,0.69,-0.307,0,,
V-DROP,15.8209,1789992329.111,11.7275,3.6226,0.384,0.384,11.727,2009,8.8,14.9,34,-0.072,2064,-14.4,14.5,34,0.216,0.69,-0.307,0,,
V-DROP,15.841,1789992329.131,11.7275,3.6226,0.345,0.345,11.727,2008,8.0,14.9,34,-0.0585,2064,-14.4,14.5,34,0.2205,0.69,-0.345,0,,
V-DROP,15.8609,1789992329.151,11.7275,3.6226,0.384,0.384,11.727,2009,8.8,14.9,34,-0.0765,2064,-14.4,14.5,34,0.2295,0.69,-0.307,0,,
V-DROP,15.8809,1789992329.171,11.7275,3.6226,0.384,0.384,11.727,2009,8.8,14.3,34,-0.072,2064,-14.4,14.8,34,0.2385,0.69,-0.307,0,,
V-DROP,15.9009,1789992329.191,11.7275,3.6226,0.345,0.345,11.727,2008,8.0,14.3,34,-0.072,2064,-14.4,14.8,34,0.2205,0.69,-0.345,0,,
V-DROP,15.921,1789992329.211,11.7275,3.6226,0.345,0.345,11.727,2008,8.0,14.3,34,-0.0585,2064,-14.4,14.8,34,0.2205,0.69,-0.345,0,,
V-DROP,15.942,1789992329.232,11.7275,3.6226,0.345,0.345,11.727,2008,8.0,14.3,34,-0.0585,2064,-14.4,14.8,34,0.2205,0.69,-0.345,0,,
V-DROP,15.9608,1789992329.251,11.7275,3.6226,0.345,0.345,11.727,2008,8.0,14.3,34,-0.0585,2064,-14.4,14.8,34,0.216,0.69,-0.345,0,,
V-DROP,15.9818,1789992329.272,11.7275,3.6226,0.345,0.345,11.727,2008,8.0,14.3,34,-0.072,2064,-14.4,14.8,34,0.2205,0.69,-0.345,0,,
V-DROP,16.0008,1789992329.291,11.7275,3.6226,0.345,0.345,11.727,2008,8.0,14.4,34,-0.0585,2064,-14.4,14.8,34,0.2205,0.69,-0.345,0,,
V-DROP,16.0219,1789992329.312,11.7275,3.6226,0.345,0.345,11.727,2008,8.0,14.4,34,-0.072,2064,-14.4,14.8,34,0.2205,0.69,-0.345,0,,
V-DROP,16.0408,1789992329.331,11.7275,3.6226,0.345,0.345,11.727,2008,8.0,14.4,34,-0.072,2064,-14.4,14.8,34,0.2205,0.69,-0.345,0,,
V-DROP,16.0619,1789992329.352,11.7275,3.6226,0.384,0.384,11.727,2009,8.8,14.4,34,-0.0585,2064,-14.4,14.8,34,0.2205,0.69,-0.307,0,,
V-DROP,16.0808,1789992329.371,11.7275,3.6226,0.345,0.345,11.727,2008,8.0,14.4,34,-0.0585,2064,-14.4,14.8,34,0.2205,0.69,-0.345,0,,
V-DROP,16.1009,1789992329.391,11.7275,3.6226,0.384,0.384,11.727,2009,8.8,14.4,34,-0.072,2064,-14.4,14.8,34,0.2205,0.69,-0.307,0,,
V-DROP,16.1208,1789992329.411,11.7275,3.6226,0.345,0.345,11.727,2008,8.0,14.9,34,-0.0585,2064,-14.4,14.9,34,0.2205,0.69,-0.345,0,,
V-DROP,16.1409,1789992329.431,11.7275,3.6226,0.384,0.384,11.727,2009,8.8,14.9,34,-0.072,2064,-14.4,14.9,34,0.2205,0.69,-0.307,0,,
V-DROP,16.161,1789992329.451,11.7275,3.6226,0.384,0.384,11.727,2009,8.8,14.9,34,-0.0585,2064,-14.4,14.9,34,0.2205,0.69,-0.307,0,,
V-DROP,16.181,1789992329.471,11.7275,3.6226,0.345,0.345,11.727,2008,8.0,14.9,34,-0.072,2064,-14.4,14.9,34,0.2205,0.69,-0.345,0,,
V-DROP,16.2009,1789992329.491,11.7275,3.6226,0.384,0.384,11.727,2009,8.8,14.9,34,-0.0585,2064,-14.4,14.9,34,0.2205,0.69,-0.307,0,,
V-DROP,16.2218,1789992329.512,11.7275,3.6226,0.345,0.345,11.727,2008,8.0,14.9,34,-0.072,2064,-14.4,14.9,34,0.2205,0.69,-0.345,0,,
V-DROP,16.2408,1789992329.531,11.7275,3.6226,0.345,0.345,11.727,2008,8.0,14.9,34,-0.0765,2064,-14.4,15.0,34,0.2205,0.69,-0.345,0,,
V-DROP,16.2607,1789992329.551,11.7275,3.6226,0.345,0.345,11.727,2008,8.0,14.9,34,-0.0585,2064,-14.4,15.0,34,0.2205,0.69,-0.345,0,,
V-DROP,16.2809,1789992329.571,11.7275,3.6226,0.384,0.384,11.727,2009,8.8,14.9,34,-0.072,2064,-14.4,15.0,34,0.216,0.69,-0.307,0,,
V-DROP,16.3009,1789992329.591,11.7275,3.6226,0.384,0.384,11.727,2009,8.8,14.9,34,-0.063,2064,-14.4,15.0,34,0.2205,0.69,-0.307,0,,
V-DROP,16.3208,1789992329.611,11.7275,3.6226,0.345,0.345,11.727,2008,8.0,14.9,34,-0.072,2064,-14.4,15.0,34,0.2205,0.69,-0.345,0,,
V-DROP,16.3408,1789992329.631,11.7275,3.6226,0.345,0.345,11.727,2008,8.0,14.9,34,-0.072,2064,-14.4,15.0,34,0.2205,0.69,-0.345,0,,
V-DROP,16.361,1789992329.651,11.7275,3.6226,0.345,0.345,11.727,2008,8.0,14.9,34,-0.072,2064,-14.4,14.8,34,0.2205,0.69,-0.345,0,,
V-DROP,16.3809,1789992329.671,11.7275,3.6226,0.345,0.345,11.727,2008,8.0,14.9,34,-0.0765,2064,-14.4,14.8,34,0.2205,0.69,-0.345,0,,
V-DROP,16.4008,1789992329.691,11.7275,3.6226,0.345,0.345,11.727,2008,8.0,14.9,34,-0.0585,2064,-14.4,14.8,34,0.2205,0.69,-0.345,0,,
V-DROP,16.4208,1789992329.711,11.7275,3.6226,0.384,0.384,11.727,2009,8.8,14.9,34,-0.0585,2064,-14.4,14.8,34,0.2205,0.69,-0.307,0,,
V-DROP,16.4409,1789992329.731,11.7275,3.6226,0.384,0.384,11.727,2009,8.8,14.9,34,-0.072,2064,-14.4,14.8,34,0.2205,0.69,-0.307,0,,
V-DROP,16.4619,1789992329.752,11.7275,3.6226,0.384,0.384,11.727,2009,8.8,15.0,34,-0.0585,2064,-14.4,14.9,34,0.216,0.69,-0.307,0,,
V-DROP,16.4809,1789992329.771,11.7275,3.6226,0.345,0.345,11.727,2008,8.0,15.0,34,-0.072,2064,-14.4,14.9,34,0.2205,0.69,-0.345,0,,
V-DROP,16.5019,1789992329.792,11.7275,3.6226,0.384,0.384,11.727,2009,8.8,15.0,34,-0.0585,2064,-14.4,14.9,34,0.2205,0.69,-0.307,0,,
V-DROP,16.5209,1789992329.811,11.7275,3.6226,0.345,0.345,11.727,2008,8.0,15.0,34,-0.0585,2064,-14.4,14.9,34,0.2205,0.69,-0.345,0,,
V-DROP,16.5408,1789992329.831,11.7275,3.6226,0.345,0.345,11.727,2008,8.0,15.0,34,-0.0585,2064,-14.4,14.9,34,0.2385,0.69,-0.345,0,,
V-DROP,16.5617,1789992329.852,11.7275,3.6226,0.384,0.384,11.727,2009,8.8,15.0,34,-0.072,2064,-14.4,14.9,34,0.2205,0.69,-0.307,0,,
V-DROP,16.5807,1789992329.871,11.7275,3.6226,0.384,0.384,11.727,2009,8.8,14.4,34,-0.0765,2064,-14.4,14.2,34,0.2205,0.69,-0.307,0,,
V-DROP,16.6017,1789992329.892,11.7275,3.6226,0.384,0.384,11.727,2009,8.8,14.4,34,-0.072,2064,-14.4,14.2,34,0.216,0.69,-0.307,0,,
V-DROP,16.6207,1789992329.911,11.7275,3.6226,0.345,0.345,11.727,2008,8.0,14.4,34,-0.0585,2064,-14.4,14.2,34,0.2205,0.69,-0.345,0,,
V-DROP,16.6418,1789992329.932,11.7275,3.6226,0.345,0.345,11.727,2008,8.0,14.4,34,-0.072,2064,-14.4,14.2,34,0.2205,0.69,-0.345,0,,
V-DROP,16.6618,1789992329.952,11.7275,3.6226,0.345,0.345,11.727,2008,8.0,14.4,34,-0.0585,2064,-14.4,14.2,34,0.2385,0.69,-0.345,0,,
V-DROP,16.6818,1789992329.972,11.7275,3.6226,0.345,0.345,11.727,2008,8.0,14.4,34,-0.0585,2064,-14.4,14.2,34,0.2205,0.69,-0.345,0,,
V-DROP,16.7018,1789992329.992,11.7275,3.6226,0.345,0.345,11.727,2008,8.0,14.9,34,-0.0585,2064,-14.4,14.8,34,0.2205,0.69,-0.345,0,,
V-DROP,16.7218,1789992330.012,11.7275,3.6226,0.345,0.345,11.727,2008,8.0,14.9,34,-0.0585,2064,-14.4,14.8,34,0.2205,0.69,-0.345,0,,
V-DROP,16.7418,1789992330.032,11.7275,3.6226,0.345,0.345,11.727,2008,8.0,14.9,34,-0.0585,2064,-14.4,14.8,34,0.2205,0.69,-0.345,0,,
V-DROP,16.7609,1789992330.051,11.7275,3.6226,0.345,0.345,11.727,2008,8.0,14.9,34,-0.0585,2064,-14.4,14.8,34,0.2385,0.69,-0.345,0,,
V-DROP,16.7818,1789992330.072,11.7275,3.6226,0.384,0.384,11.727,2009,8.8,14.9,34,-0.0855,2064,-14.4,14.8,34,0.216,0.69,-0.307,0,,
V-DROP,16.8019,1789992330.092,11.7275,3.6226,0.384,0.384,11.727,2009,8.8,14.9,34,-0.0765,2064,-14.4,14.8,34,0.2205,0.69,-0.307,0,,
V-DROP,16.8217,1789992330.112,11.7275,3.6226,0.384,0.384,11.727,2009,8.8,14.9,34,-0.0585,2064,-14.4,14.8,34,0.2205,0.69,-0.307,0,,
V-DROP,16.8417,1789992330.132,11.7275,3.6226,0.384,0.384,11.727,2009,8.8,14.9,34,-0.0585,2064,-14.4,14.8,34,0.198,0.69,-0.307,0,,
V-DROP,16.8608,1789992330.151,11.7275,3.6226,0.345,0.345,11.727,2008,8.0,14.9,34,-0.0855,2064,-14.4,14.8,34,0.2205,0.69,-0.345,0,,
V-DROP,16.8818,1789992330.172,11.7275,3.6226,0.345,0.345,11.727,2008,8.0,14.9,34,-0.072,2064,-14.4,14.8,34,0.2205,0.69,-0.345,0,,
V-DROP,16.9017,1789992330.192,11.7275,3.6226,0.345,0.345,11.727,2008,8.0,14.9,34,-0.072,2064,-14.4,14.8,34,0.2205,0.69,-0.345,0,,
V-DROP,16.9218,1789992330.212,11.7275,3.6226,0.384,0.384,11.727,2009,8.8,14.9,34,-0.072,2064,-14.4,14.8,34,0.2205,0.69,-0.307,0,,
V-DROP,16.9418,1789992330.232,11.7275,3.6226,0.345,0.345,11.727,2008,8.0,15.0,34,-0.0585,2064,-14.4,14.8,34,0.2205,0.69,-0.345,0,,
V-DROP,16.9617,1789992330.252,11.7275,3.6226,0.384,0.384,11.727,2009,8.8,15.0,34,-0.0585,2064,-14.4,14.8,34,0.2205,0.69,-0.307,0,,
V-DROP,16.9818,1789992330.272,11.7275,3.6226,0.384,0.384,11.727,2009,8.8,15.0,34,-0.0585,2064,-14.4,14.8,34,0.2205,0.69,-0.307,0,,
V-DROP,17.0018,1789992330.292,11.7275,3.6226,0.345,0.345,11.727,2008,8.0,15.0,34,-0.072,2064,-14.4,14.8,34,0.2205,0.69,-0.345,0,,
V-DROP,17.0216,1789992330.312,11.7275,3.6226,0.384,0.384,11.727,2009,8.8,15.0,34,-0.072,2064,-14.4,14.8,34,0.2205,0.69,-0.307,0,,
V-DROP,17.0418,1789992330.332,11.7275,3.6226,0.384,0.384,11.727,2009,8.8,15.0,34,-0.0585,2064,-14.4,14.8,34,0.2205,0.69,-0.307,0,,
V-DROP,17.0618,1789992330.352,11.7275,3.6226,0.384,0.384,11.727,2009,8.8,14.9,34,-0.072,2064,-14.4,14.9,34,0.2205,0.69,-0.307,0,,
V-DROP,17.0817,1789992330.372,11.7275,3.6226,0.345,0.345,11.727,2008,8.0,14.9,34,-0.072,2064,-14.4,14.9,34,0.2205,0.69,-0.345,0,,
V-DROP,17.1018,1789992330.392,11.7275,3.6226,0.384,0.384,11.727,2009,8.8,14.9,34,-0.072,2064,-14.4,14.9,34,0.2205,0.69,-0.307,0,,
V-DROP,17.1217,1789992330.412,11.7275,3.6226,0.384,0.384,11.727,2009,8.8,14.9,34,-0.0585,2064,-14.4,14.9,34,0.2205,0.69,-0.307,0,,
V-DROP,17.1417,1789992330.432,11.7275,3.6226,0.384,0.384,11.727,2009,8.8,14.9,34,-0.0585,2064,-14.4,14.9,34,0.2205,0.69,-0.307,0,,
V-DROP,17.1618,1789992330.452,11.7275,3.6226,0.384,0.384,11.727,2009,8.8,14.9,34,-0.0585,2064,-14.4,14.9,34,0.2205,0.69,-0.307,0,,
V-DROP,17.1817,1789992330.472,11.7275,3.6226,0.345,0.345,11.727,2008,8.0,14.9,34,-0.072,2064,-14.4,14.9,34,0.2205,0.69,-0.345,0,,
V-DROP,17.2018,1789992330.492,11.7275,3.6226,0.384,0.384,11.727,2009,8.8,14.9,34,-0.072,2064,-14.4,14.9,34,0.2205,0.69,-0.307,0,,
V-DROP,17.2218,1789992330.512,11.7275,3.6226,0.345,0.345,11.727,2008,8.0,14.9,34,-0.072,2064,-14.4,14.9,34,0.2205,0.69,-0.345,0,,
V-DROP,17.2417,1789992330.532,11.7275,3.6226,0.384,0.384,11.727,2009,8.8,14.9,34,-0.0585,2064,-14.4,14.9,34,0.2205,0.69,-0.307,0,,
V-DROP,17.2618,1789992330.552,11.7275,3.6226,0.345,0.345,11.727,2008,8.0,14.9,34,-0.0585,2064,-14.4,14.9,34,0.2205,0.69,-0.345,0,,
V-DROP,17.2817,1789992330.572,11.7275,3.6226,0.345,0.345,11.727,2008,8.0,15.1,34,-0.072,2064,-14.4,14.8,34,0.216,0.69,-0.345,0,,
V-DROP,17.3018,1789992330.592,11.7275,3.6226,0.345,0.345,11.727,2008,8.0,15.1,34,-0.0765,2064,-14.4,14.8,34,0.216,0.69,-0.345,0,,
V-DROP,17.3218,1789992330.612,11.7275,3.6226,0.345,0.345,11.727,2008,8.0,15.1,34,-0.072,2064,-14.4,14.8,34,0.2205,0.69,-0.345,0,,
V-DROP,17.3418,1789992330.632,11.7275,3.6226,0.345,0.345,11.727,2008,8.0,15.1,34,-0.072,2064,-14.4,14.8,34,0.2295,0.69,-0.345,0,,
V-DROP,17.3617,1789992330.652,11.7275,3.6226,0.345,0.345,11.727,2008,8.0,15.1,34,-0.0585,2064,-14.4,14.8,34,0.2205,0.69,-0.345,0,,
V-DROP,17.3818,1789992330.672,11.7275,3.6226,0.384,0.384,11.727,2009,8.8,15.1,34,-0.072,2064,-14.4,14.8,34,0.2205,0.69,-0.307,0,,
V-DROP,17.4017,1789992330.692,11.7275,3.6226,0.345,0.345,11.727,2008,8.0,14.9,34,-0.0585,2064,-14.4,14.8,34,0.2205,0.69,-0.345,0,,
V-DROP,17.4217,1789992330.712,11.7275,3.6226,0.345,0.345,11.727,2008,8.0,14.9,34,-0.0585,2064,-14.4,14.8,34,0.2205,0.69,-0.345,0,,
V-DROP,17.4416,1789992330.732,11.7275,3.6226,0.345,0.345,11.727,2008,8.0,14.9,34,-0.0765,2064,-14.4,14.8,34,0.2205,0.69,-0.345,0,,
V-DROP,17.4618,1789992330.752,11.7275,3.6226,0.345,0.345,11.727,2008,8.0,14.9,34,-0.153,2064,-14.4,14.8,34,0.2205,0.69,-0.345,0,,
V-DROP,17.4818,1789992330.772,11.7275,3.6226,0.345,0.345,11.727,2008,8.0,14.9,34,-0.072,2064,-14.4,14.8,34,0.216,0.69,-0.345,0,,
V-DROP,17.5017,1789992330.792,11.7275,3.6226,0.384,0.384,11.727,2009,8.8,14.9,34,-0.0585,2064,-14.4,14.8,34,0.2205,0.69,-0.307,0,,
V-DROP,17.5217,1789992330.812,11.7275,3.6226,0.384,0.384,11.727,2009,8.8,14.9,34,-0.0585,2064,-14.4,14.4,34,0.2205,0.69,-0.307,0,,
V-DROP,17.5416,1789992330.832,11.7275,3.6226,0.384,0.384,11.727,2009,8.8,14.9,34,-0.072,2064,-14.4,14.4,34,0.2205,0.69,-0.307,0,,
V-DROP,17.5617,1789992330.852,11.7275,3.6226,0.345,0.345,11.727,2008,8.0,14.9,34,-0.072,2064,-14.4,14.4,34,0.2205,0.69,-0.345,0,,
V-DROP,17.5817,1789992330.872,11.7275,3.6226,0.345,0.345,11.727,2008,8.0,14.9,34,-0.0765,2064,-14.4,14.4,34,0.216,0.69,-0.345,0,,
V-DROP,17.6017,1789992330.892,11.7275,3.6226,0.384,0.384,11.727,2009,8.8,14.9,34,-0.072,2064,-14.4,14.4,34,0.2385,0.69,-0.307,0,,
V-DROP,17.6216,1789992330.912,11.7275,3.6226,0.345,0.345,11.727,2008,8.0,14.9,34,-0.0765,2064,-14.4,14.4,34,0.2205,0.69,-0.345,0,,
V-DROP,17.6416,1789992330.932,11.7275,3.6226,0.345,0.345,11.727,2008,8.0,14.4,34,-0.054,2064,-14.4,14.8,34,0.2205,0.69,-0.345,0,,
V-DROP,17.6617,1789992330.952,11.7275,3.6226,0.384,0.384,11.727,2009,8.8,14.4,34,-0.0765,2064,-14.4,14.8,34,0.216,0.69,-0.307,0,,
V-DROP,17.6817,1789992330.972,11.7275,3.6226,0.384,0.384,11.727,2009,8.8,14.4,34,-0.072,2064,-14.4,14.8,34,0.2205,0.69,-0.307,0,,
V-DROP,17.7017,1789992330.992,11.7275,3.6226,0.384,0.384,11.727,2009,8.8,14.4,34,-0.0585,2064,-14.4,14.8,34,0.2205,0.69,-0.307,0,,
V-DROP,17.7217,1789992331.012,11.7275,3.6226,0.384,0.384,11.727,2009,8.8,14.4,34,-0.072,2064,-14.4,14.8,34,0.2205,0.69,-0.307,0,,
V-DROP,17.7416,1789992331.032,11.7275,3.6226,0.345,0.345,11.727,2008,8.0,14.4,34,-0.0585,2064,-14.4,14.8,34,0.2205,0.69,-0.345,0,,
V-DROP,17.7618,1789992331.052,11.7275,3.6226,0.384,0.384,11.727,2009,8.8,14.5,34,-0.0585,2064,-14.4,14.8,34,0.2205,0.69,-0.307,0,,
V-DROP,17.7817,1789992331.072,11.7275,3.6226,0.345,0.345,11.727,2008,8.0,14.5,34,-0.072,2064,-14.4,14.8,34,0.2205,0.69,-0.345,0,,
V-DROP,17.8016,1789992331.092,11.7275,3.6226,0.384,0.384,11.727,2009,8.8,14.5,34,-0.0585,2064,-14.4,14.8,34,0.2205,0.69,-0.307,0,,
V-DROP,17.8217,1789992331.112,11.7275,3.6226,0.384,0.384,11.727,2009,8.8,14.5,34,-0.072,2064,-14.4,14.8,34,0.2205,0.69,-0.307,0,,
V-DROP,17.8416,1789992331.132,11.7275,3.6226,0.345,0.345,11.727,2008,8.0,14.5,34,-0.072,2064,-14.4,14.8,34,0.2205,0.69,-0.345,0,,
V-DROP,17.8616,1789992331.152,11.7275,3.6226,0.345,0.345,11.727,2008,8.0,15.0,34,-0.0675,2064,-14.4,14.9,34,0.2205,0.69,-0.345,0,,
V-DROP,17.8817,1789992331.172,11.7275,3.6226,0.384,0.384,11.727,2009,8.8,15.0,34,-0.072,2064,-14.4,14.9,34,0.2205,0.69,-0.307,0,,
V-DROP,17.9016,1789992331.192,11.7275,3.6226,0.384,0.384,11.727,2009,8.8,15.0,34,-0.063,2064,-14.4,14.9,34,0.2205,0.69,-0.307,0,,
V-DROP,17.9216,1789992331.212,11.7275,3.6226,0.384,0.384,11.727,2009,8.8,15.0,34,-0.072,2064,-14.4,14.9,34,0.2205,0.69,-0.307,0,,
V-DROP,17.9417,1789992331.232,11.7275,3.6226,0.384,0.384,11.727,2009,8.8,15.0,34,-0.0585,2064,-14.4,14.9,34,0.2205,0.69,-0.307,0,,
V-DROP,17.9617,1789992331.252,11.7275,3.6226,0.384,0.384,11.727,2009,8.8,15.0,34,-0.0585,2064,-14.4,14.9,34,0.2205,0.69,-0.307,0,,
V-DROP,17.9817,1789992331.272,11.7275,3.6226,0.345,0.345,11.727,2008,8.0,14.9,34,-0.0765,2064,-14.4,15.0,34,0.2205,0.69,-0.345,0,,
V-DROP,18.0017,1789992331.292,11.7275,3.6226,0.345,0.345,11.727,2008,8.0,14.9,34,-0.072,2064,-14.4,15.0,34,0.216,0.69,-0.345,0,,
V-DROP,18.0217,1789992331.312,11.7275,3.6226,0.384,0.384,11.727,2009,8.8,14.9,34,-0.0585,2064,-14.4,15.0,34,0.2205,0.69,-0.307,0,,
V-DROP,18.0416,1789992331.332,11.7275,3.6226,0.345,0.345,11.727,2008,8.0,14.9,34,-0.072,2064,-14.4,15.0,34,0.2205,0.69,-0.345,0,,
V-DROP,18.0616,1789992331.352,11.7275,3.6226,0.384,0.384,11.727,2009,8.8,14.9,34,-0.0585,2064,-14.4,15.0,34,0.243,0.69,-0.307,0,,
V-DROP,18.0816,1789992331.372,11.7275,3.6226,0.345,0.345,11.727,2008,8.0,14.9,34,-0.072,2064,-14.4,15.0,34,0.2205,0.69,-0.345,0,,
V-DROP,18.1016,1789992331.392,11.7275,3.6226,0.384,0.384,11.727,2009,8.8,14.9,34,-0.18,2064,-14.4,14.8,34,0.2205,0.69,-0.307,0,,
V-DROP,18.1216,1789992331.412,11.7275,3.6226,0.384,0.384,11.727,2009,8.8,14.9,34,-0.0585,2064,-14.4,14.8,34,0.2205,0.69,-0.307,0,,
V-DROP,18.1416,1789992331.432,11.7275,3.6226,0.384,0.384,11.727,2009,8.8,14.9,34,-0.0585,2064,-14.4,14.8,34,0.2205,0.69,-0.307,0,,
V-DROP,18.1617,1789992331.452,11.7275,3.6226,0.345,0.345,11.727,2008,8.0,14.9,34,-0.0675,2064,-14.4,14.8,34,0.234,0.69,-0.345,0,,
V-DROP,18.1817,1789992331.472,11.7275,3.6226,0.384,0.384,11.727,2009,8.8,14.9,34,-0.0585,2064,-14.4,14.8,34,0.2205,0.69,-0.307,0,,
V-DROP,18.2016,1789992331.492,11.7275,3.6226,0.384,0.384,11.727,2009,8.8,14.9,34,-0.072,2064,-14.4,14.8,34,0.2205,0.69,-0.307,0,,
V-DROP,18.2216,1789992331.512,11.7275,3.6226,0.345,0.345,11.727,2008,8.0,15.0,34,-0.0585,2064,-14.4,14.1,34,0.2205,0.69,-0.345,0,,
V-DROP,18.2417,1789992331.532,11.7275,3.6226,0.345,0.345,11.727,2008,8.0,15.0,34,-0.0765,2064,-14.4,14.1,34,0.216,0.69,-0.345,0,,
V-DROP,18.2616,1789992331.552,11.7275,3.6226,0.384,0.384,11.727,2009,8.8,15.0,34,-0.0765,2064,-14.4,14.1,34,0.2205,0.69,-0.307,0,,
V-DROP,18.2816,1789992331.572,11.7275,3.6226,0.345,0.345,11.727,2008,8.0,15.0,34,-0.072,2064,-14.4,14.1,34,0.2205,0.69,-0.345,0,,
V-DROP,18.3016,1789992331.592,11.7275,3.6226,0.384,0.384,11.727,2009,8.8,15.0,34,-0.0585,2064,-14.4,14.1,34,0.2205,0.69,-0.307,0,,
V-DROP,18.3217,1789992331.612,11.7275,3.6226,0.345,0.345,11.727,2008,8.0,15.0,34,-0.072,2064,-14.4,14.1,34,0.2205,0.69,-0.345,0,,
V-DROP,18.3415,1789992331.632,11.7275,3.6226,0.345,0.345,11.727,2008,8.0,14.4,34,-0.0585,2064,-14.4,14.2,34,0.216,0.69,-0.345,0,,
V-DROP,18.3616,1789992331.652,11.7275,3.6226,0.384,0.384,11.727,2009,8.8,14.4,34,-0.054,2064,-14.4,14.2,34,0.2205,0.69,-0.307,0,,
V-DROP,18.3816,1789992331.672,11.7275,3.6226,0.384,0.384,11.727,2009,8.8,14.4,34,-0.0585,2064,-14.4,14.2,34,0.2205,0.69,-0.307,0,,
V-DROP,18.4016,1789992331.692,11.7275,3.6226,0.384,0.384,11.727,2009,8.8,14.4,34,-0.0585,2065,-13.600000000000001,14.2,34,0.2205,0.652,-0.268,0,,
V-DROP,18.4215,1789992331.712,11.7275,3.6226,0.384,0.384,11.727,2009,8.8,14.4,34,-0.072,2064,-14.4,14.2,34,0.2205,0.69,-0.307,0,,
V-DROP,18.4416,1789992331.732,11.7275,3.6226,0.345,0.345,11.727,2008,8.0,14.9,34,-0.072,2064,-14.4,14.8,34,0.2205,0.69,-0.345,0,,
V-DROP,18.4617,1789992331.752,11.7275,3.6226,0.384,0.384,11.727,2009,8.8,14.9,34,-0.0585,2064,-14.4,14.8,34,0.2205,0.69,-0.307,0,,
V-DROP,18.4815,1789992331.772,11.7275,3.6226,0.384,0.384,11.727,2009,8.8,14.9,34,-0.072,2064,-14.4,14.8,34,0.216,0.69,-0.307,0,,
V-DROP,18.5016,1789992331.792,11.7275,3.6226,0.384,0.384,11.727,2009,8.8,14.9,34,-0.072,2064,-14.4,14.8,34,0.2205,0.69,-0.307,0,,
V-DROP,18.5215,1789992331.812,11.7275,3.6226,0.384,0.384,11.727,2009,8.8,14.9,34,-0.0585,2064,-14.4,14.8,34,0.243,0.69,-0.307,0,,
V-DROP,18.5416,1789992331.832,11.7275,3.6226,0.345,0.345,11.727,2008,8.0,14.9,34,-0.072,2064,-14.4,14.8,34,0.216,0.69,-0.345,0,,
V-DROP,18.5615,1789992331.852,11.7275,3.6226,0.384,0.384,11.727,2009,8.8,14.9,34,-0.0585,2064,-14.4,14.8,34,0.2205,0.69,-0.307,0,,
V-DROP,18.5816,1789992331.872,11.7275,3.6226,0.384,0.384,11.727,2009,8.8,14.9,34,-0.0585,2064,-14.4,14.8,34,0.216,0.69,-0.307,0,,
V-DROP,18.6015,1789992331.892,11.7275,3.6226,0.384,0.384,11.727,2009,8.8,14.9,34,-0.072,2064,-14.4,14.8,34,0.216,0.69,-0.307,0,,
V-DROP,18.6217,1789992331.912,11.7275,3.6226,0.384,0.384,11.727,2009,8.8,14.9,34,-0.0765,2064,-14.4,14.8,34,0.2205,0.69,-0.307,0,,
V-DROP,18.6416,1789992331.932,11.7275,3.6226,0.384,0.384,11.727,2009,8.8,14.9,34,-0.072,2064,-14.4,14.8,34,0.2205,0.69,-0.307,0,,
V-DROP,18.6616,1789992331.952,11.7275,3.6226,0.345,0.345,11.727,2008,8.0,14.9,34,-0.072,2064,-14.4,14.8,34,0.2385,0.69,-0.345,0,,
V-DROP,18.6815,1789992331.972,11.7275,3.6226,0.345,0.345,11.727,2008,8.0,15.0,34,-0.0585,2064,-14.4,14.8,34,0.2205,0.69,-0.345,0,,
V-DROP,18.7014,1789992331.992,11.7275,3.6226,0.345,0.345,11.727,2008,8.0,15.0,34,-0.072,2064,-14.4,14.8,34,0.2205,0.69,-0.345,0,,
V-DROP,18.7214,1789992332.012,11.7275,3.6226,0.384,0.384,11.727,2009,8.8,15.0,34,-0.0585,2064,-14.4,14.8,34,0.216,0.69,-0.307,0,,
V-DROP,18.7414,1789992332.032,11.7275,3.6226,0.345,0.345,11.727,2008,8.0,15.0,34,-0.0585,2064,-14.4,14.8,34,0.2205,0.69,-0.345,0,,
V-DROP,18.7614,1789992332.052,11.7275,3.6226,0.345,0.345,11.727,2008,8.0,15.0,34,-0.0585,2064,-14.4,14.8,34,0.2205,0.69,-0.345,0,,
V-DROP,18.7814,1789992332.072,11.7275,3.6226,0.384,0.384,11.727,2009,8.8,15.0,34,-0.0585,2064,-14.4,14.8,34,0.216,0.69,-0.307,0,,
V-DROP,18.8014,1789992332.092,11.7275,3.6226,0.384,0.384,11.727,2009,8.8,14.9,34,-0.0765,2063,-15.200000000000001,14.9,34,0.2205,0.729,-0.345,0,,
V-DROP,18.8214,1789992332.112,11.7275,3.6226,0.384,0.384,11.727,2009,8.8,14.9,34,-0.0585,2064,-14.4,14.9,34,0.2205,0.69,-0.307,0,,
V-DROP,18.8414,1789992332.132,11.7275,3.6226,0.384,0.384,11.727,2009,8.8,14.9,34,-0.072,2064,-14.4,14.9,34,0.216,0.69,-0.307,0,,
V-DROP,18.8614,1789992332.152,11.7275,3.6226,0.384,0.384,11.727,2009,8.8,14.9,34,-0.0585,2064,-14.4,14.9,34,0.2205,0.69,-0.307,0,,
V-DROP,18.8815,1789992332.172,11.7275,3.6226,0.384,0.384,11.727,2009,8.8,14.9,34,-0.072,2064,-14.4,14.9,34,0.2295,0.69,-0.307,0,,
V-DROP,18.9014,1789992332.192,11.7275,3.6226,0.384,0.384,11.727,2009,8.8,14.9,34,-0.072,2064,-14.4,14.9,34,0.216,0.69,-0.307,0,,
V-DROP,18.9214,1789992332.212,11.7275,3.6226,0.384,0.384,11.727,2009,8.8,14.9,34,-0.0855,2064,-14.4,14.9,34,0.2205,0.69,-0.307,0,,
V-DROP,18.9414,1789992332.232,11.7275,3.6226,0.345,0.345,11.727,2008,8.0,14.9,34,-0.072,2064,-14.4,14.9,34,0.2205,0.69,-0.345,0,,
V-DROP,18.9617,1789992332.252,11.7275,3.6226,0.345,0.345,11.727,2008,8.0,14.9,34,-0.0855,2064,-14.4,14.9,34,0.2295,0.69,-0.345,0,,
V-DROP,18.9814,1789992332.272,11.7275,3.6226,0.345,0.345,11.727,2008,8.0,14.9,34,-0.0585,2064,-14.4,14.9,34,0.2205,0.69,-0.345,0,,
V-DROP,19.0016,1789992332.292,11.7275,3.6226,0.345,0.345,11.727,2008,8.0,14.9,34,-0.0585,2064,-14.4,14.9,34,0.216,0.69,-0.345,0,,
V-DROP,19.0214,1789992332.312,11.7275,3.6226,0.384,0.384,11.727,2009,8.8,14.9,34,-0.0585,2064,-14.4,14.9,34,0.2205,0.69,-0.307,0,,
V-DROP,19.0414,1789992332.332,11.7275,3.6226,0.345,0.345,11.727,2008,8.0,14.3,34,-0.072,2064,-14.4,14.8,34,0.2205,0.69,-0.345,0,,
V-DROP,19.0614,1789992332.352,11.7275,3.6226,0.345,0.345,11.727,2008,8.0,14.3,34,-0.072,2064,-14.4,14.8,34,0.2205,0.69,-0.345,0,,
V-DROP,19.0814,1789992332.372,11.7275,3.6226,0.384,0.384,11.727,2009,8.8,14.3,34,-0.0585,2064,-14.4,14.8,34,0.2205,0.69,-0.307,0,,
V-DROP,19.1015,1789992332.392,11.7275,3.6226,0.345,0.345,11.727,2008,8.0,14.3,34,-0.0585,2064,-14.4,14.8,34,0.216,0.69,-0.345,0,,
V-DROP,19.1216,1789992332.412,11.7275,3.6226,0.384,0.384,11.727,2009,8.8,14.3,34,-0.0585,2064,-14.4,14.8,34,0.2205,0.69,-0.307,0,,
V-DROP,19.1414,1789992332.432,11.7275,3.6226,0.345,0.345,11.727,2008,8.0,14.3,34,-0.0585,2064,-14.4,14.8,34,0.216,0.69,-0.345,0,,
V-DROP,19.1615,1789992332.452,11.7275,3.6226,0.345,0.345,11.727,2008,8.0,14.3,34,-0.0585,2064,-14.4,14.8,34,0.2205,0.69,-0.345,0,,
V-DROP,19.1815,1789992332.472,11.7275,3.6226,0.384,0.384,11.727,2009,8.8,14.3,34,-0.0765,2064,-14.4,14.8,34,0.2205,0.69,-0.307,0,,
V-DROP,19.2016,1789992332.492,11.7275,3.6226,0.384,0.384,11.727,2009,8.8,14.3,34,-0.0585,2064,-14.4,14.8,34,0.2205,0.69,-0.307,0,,
V-DROP,19.2214,1789992332.512,11.7275,3.6226,0.384,0.384,11.727,2009,8.8,14.3,34,-0.072,2064,-14.4,14.8,34,0.2205,0.69,-0.307,0,,
V-DROP,19.2416,1789992332.532,11.7275,3.6226,0.384,0.384,11.727,2009,8.8,14.3,34,-0.072,2064,-14.4,14.8,34,0.216,0.69,-0.307,0,,
V-DROP,19.2614,1789992332.552,11.7275,3.6226,0.384,0.384,11.727,2009,8.0,14.9,34,-0.072,2064,-14.4,14.7,34,0.2205,0.69,-0.307,0,,
V-DROP,19.2815,1789992332.572,11.7275,3.6226,0.384,0.384,11.727,2009,8.8,14.9,34,-0.0585,2064,-14.4,14.7,34,0.2205,0.69,-0.307,0,,
V-DROP,19.3014,1789992332.592,11.7275,3.6226,0.384,0.384,11.727,2009,8.8,14.9,34,-0.0585,2064,-14.4,14.7,34,0.216,0.69,-0.307,0,,
V-DROP,19.3214,1789992332.612,11.7275,3.6226,0.384,0.384,11.727,2009,8.8,14.9,34,-0.072,2064,-14.4,14.7,34,0.2205,0.69,-0.307,0,,
V-DROP,19.3416,1789992332.632,11.7275,3.6226,0.384,0.384,11.727,2009,8.8,14.9,34,-0.072,2064,-14.4,14.7,34,0.2205,0.69,-0.307,0,,
V-DROP,19.3615,1789992332.652,11.7275,3.6226,0.345,0.345,11.727,2008,8.0,14.9,34,-0.072,2064,-14.4,14.7,34,0.2205,0.69,-0.345,0,,
V-DROP,19.3816,1789992332.672,11.7275,3.6226,0.384,0.384,11.727,2009,8.8,14.5,34,-0.108,2064,-14.4,14.8,34,0.2205,0.69,-0.307,0,,
V-DROP,19.4014,1789992332.692,11.7275,3.6226,0.345,0.345,11.727,2008,8.0,14.5,34,-0.0585,2064,-14.4,14.8,34,0.216,0.69,-0.345,0,,
V-DROP,19.4214,1789992332.712,11.7275,3.6226,0.384,0.384,11.727,2009,8.8,14.5,34,-0.072,2064,-14.4,14.8,34,0.2385,0.69,-0.307,0,,
V-DROP,19.4414,1789992332.732,11.7275,3.6226,0.345,0.345,11.727,2008,8.0,14.5,34,-0.0765,2064,-14.4,14.8,34,0.2385,0.69,-0.345,0,,
V-DROP,19.4615,1789992332.752,11.7275,3.6226,0.345,0.345,11.727,2008,8.0,14.5,34,-0.0585,2064,-14.4,14.8,34,0.2205,0.69,-0.345,0,,
V-DROP,19.4815,1789992332.772,11.7275,3.6226,0.384,0.384,11.727,2009,8.8,14.5,34,-0.072,2064,-14.4,14.8,34,0.2205,0.69,-0.307,0,,
V-DROP,19.5016,1789992332.792,11.7275,3.6226,0.384,0.384,11.727,2009,8.8,14.9,34,-0.0585,2064,-14.4,14.8,34,0.2205,0.69,-0.307,0,,
V-DROP,19.5214,1789992332.812,11.7275,3.6226,0.384,0.384,11.727,2009,8.8,14.9,34,-0.0585,2064,-14.4,14.8,34,0.2205,0.69,-0.307,0,,
V-DROP,19.5414,1789992332.832,11.7275,3.6226,0.345,0.345,11.727,2008,8.0,14.9,34,-0.0585,2064,-14.4,14.8,34,0.2205,0.69,-0.345,0,,
V-DROP,19.5615,1789992332.852,11.7275,3.6226,0.345,0.345,11.727,2008,8.0,14.9,34,-0.0765,2064,-14.4,14.8,34,0.2205,0.69,-0.345,0,,
V-DROP,19.5814,1789992332.872,11.7275,3.6226,0.384,0.384,11.727,2009,8.8,14.9,34,-0.0585,2064,-14.4,14.8,34,0.216,0.69,-0.307,0,,
V-DROP,19.6014,1789992332.892,11.7275,3.6226,0.384,0.384,11.727,2009,8.8,14.9,34,-0.072,2064,-14.4,14.8,34,0.2205,0.69,-0.307,0,,
V-DROP,19.6215,1789992332.912,11.7275,3.6226,0.345,0.345,11.727,2008,8.0,14.9,34,-0.0585,2064,-14.4,14.9,34,0.216,0.69,-0.345,0,,
V-DROP,19.6415,1789992332.932,11.7275,3.6226,0.384,0.384,11.727,2009,8.8,14.9,34,-0.18,2064,-14.4,14.9,34,0.2205,0.69,-0.307,0,,
V-DROP,19.6615,1789992332.952,11.7275,3.6226,0.345,0.345,11.727,2008,8.0,14.9,34,-0.0585,2064,-14.4,14.9,34,0.2205,0.69,-0.345,0,,
V-DROP,19.6815,1789992332.972,11.7275,3.6226,0.384,0.384,11.727,2009,8.8,14.9,34,-0.0585,2064,-14.4,14.9,34,0.2205,0.69,-0.307,0,,
V-DROP,19.7015,1789992332.992,11.7275,3.6226,0.384,0.384,11.727,2009,8.8,14.9,34,-0.0585,2064,-14.4,14.9,34,0.2385,0.69,-0.307,0,,
V-DROP,19.7215,1789992333.012,11.7275,3.6226,0.345,0.345,11.727,2008,8.0,14.9,34,-0.072,2064,-14.4,14.9,34,0.2205,0.69,-0.345,0,,
V-DROP,19.7414,1789992333.032,11.7275,3.6226,0.384,0.384,11.727,2009,8.8,15.0,34,-0.072,2064,-14.4,15.0,34,0.2205,0.69,-0.307,0,,
V-DROP,19.7615,1789992333.052,11.7275,3.6226,0.345,0.345,11.727,2008,8.0,15.0,34,-0.072,2064,-14.4,15.0,34,0.216,0.69,-0.345,0,,
V-DROP,19.7815,1789992333.072,11.7275,3.6226,0.384,0.384,11.727,2009,8.8,15.0,34,-0.0585,2064,-14.4,15.0,34,0.2205,0.69,-0.307,0,,
V-DROP,19.8015,1789992333.092,11.7275,3.6226,0.345,0.345,11.727,2008,8.0,15.0,34,-0.0585,2064,-14.4,15.0,34,0.2205,0.69,-0.345,0,,
V-DROP,19.8215,1789992333.112,11.7275,3.6226,0.384,0.384,11.727,2009,8.8,15.0,34,-0.072,2064,-14.4,15.0,34,0.2205,0.69,-0.307,0,,
V-DROP,19.8414,1789992333.132,11.7275,3.6226,0.384,0.384,11.727,2009,8.8,14.4,34,-0.072,2064,-14.4,14.8,34,0.2205,0.69,-0.307,0,,
V-DROP,19.8615,1789992333.152,11.7275,3.6226,0.384,0.384,11.727,2009,8.8,14.4,34,-0.0585,2064,-14.4,14.8,34,0.2205,0.69,-0.307,0,,
V-DROP,19.8815,1789992333.172,11.7275,3.6226,0.384,0.384,11.727,2009,8.8,14.4,34,-0.0585,2064,-14.4,14.8,34,0.2205,0.69,-0.307,0,,
V-DROP,19.9015,1789992333.192,11.7275,3.6226,0.345,0.345,11.727,2008,8.0,14.4,34,-0.0585,2064,-14.4,14.8,34,0.216,0.69,-0.345,0,,
V-DROP,19.9215,1789992333.212,11.7275,3.6226,0.345,0.345,11.727,2008,8.0,14.4,34,-0.0585,2064,-14.4,14.8,34,0.2205,0.69,-0.345,0,,
V-DROP,19.9415,1789992333.232,11.7275,3.6226,0.345,0.345,11.727,2008,8.0,14.4,34,-0.18,2064,-14.4,14.8,34,0.243,0.69,-0.345,0,,
V-DROP,19.9614,1789992333.252,11.7275,3.6226,0.384,0.384,11.727,2009,8.8,15.0,34,-0.072,2064,-14.4,14.1,34,0.2205,0.69,-0.307,0,,
V-DROP,19.9815,1789992333.272,11.7275,3.6226,0.345,0.345,11.727,2008,8.0,15.0,34,-0.072,2064,-14.4,14.1,34,0.2205,0.69,-0.345,0,,
V-DROP,20.0015,1789992333.292,11.7275,3.6226,0.384,0.384,11.727,2009,8.8,15.0,34,-0.0585,2064,-14.4,14.1,34,0.2205,0.69,-0.307,0,,
V-DROP,20.0215,1789992333.312,11.7275,3.6226,0.345,0.345,11.727,2008,8.0,15.0,34,-0.0765,2064,-14.4,14.1,34,0.2205,0.69,-0.345,0,,
V-DROP,20.0414,1789992333.332,11.7275,3.6226,0.384,0.384,11.727,2009,8.8,15.0,34,-0.072,2064,-14.4,14.1,34,0.2205,0.69,-0.307,0,,
V-DROP,20.0614,1789992333.352,11.7275,3.6226,0.384,0.384,11.727,2009,8.8,15.0,34,-0.072,2064,-14.4,14.1,34,0.2205,0.69,-0.307,0,,
V-DROP,20.0814,1789992333.372,11.7275,3.6226,0.345,0.345,11.727,2008,8.0,14.4,34,-0.0585,2064,-14.4,14.2,34,0.2205,0.69,-0.345,0,,
V-DROP,20.1015,1789992333.392,11.7275,3.6226,0.384,0.384,11.727,2009,8.8,14.4,34,-0.072,2064,-14.4,14.2,34,0.2205,0.69,-0.307,0,,
V-DROP,20.1214,1789992333.412,11.7275,3.6226,0.345,0.345,11.727,2008,8.0,14.4,34,-0.0585,2063,-15.200000000000001,14.2,34,0.2205,0.729,-0.384,0,,
V-DROP,20.1414,1789992333.432,11.7275,3.6226,0.384,0.384,11.727,2009,8.8,14.4,34,-0.072,2064,-14.4,14.2,34,0.2205,0.69,-0.307,0,,
V-DROP,20.1614,1789992333.452,11.7275,3.6226,0.384,0.384,11.727,2009,8.8,14.4,34,-0.072,2064,-14.4,14.2,34,0.216,0.69,-0.307,0,,
V-DROP,20.1814,1789992333.472,11.7275,3.6226,0.384,0.384,11.727,2009,8.8,14.4,34,-0.072,2064,-14.4,14.2,34,0.2205,0.69,-0.307,0,,
V-DROP,20.2014,1789992333.492,11.7275,3.6226,0.384,0.384,11.727,2009,8.8,14.9,34,-0.072,2064,-14.4,14.8,34,0.2205,0.69,-0.307,0,,
V-DROP,20.2214,1789992333.512,11.7275,3.6226,0.345,0.345,11.727,2008,8.0,14.9,34,-0.0585,2064,-14.4,14.8,34,0.216,0.69,-0.345,0,,
V-DROP,20.2414,1789992333.532,11.7275,3.6226,0.384,0.384,11.727,2009,8.8,14.9,34,-0.072,2064,-14.4,14.8,34,0.216,0.69,-0.307,0,,
V-DROP,20.2614,1789992333.552,11.7275,3.6226,0.345,0.345,11.727,2008,8.0,14.9,34,-0.0585,2064,-14.4,14.8,34,0.2205,0.69,-0.345,0,,
V-DROP,20.2814,1789992333.572,11.7275,3.6226,0.345,0.345,11.727,2008,8.0,14.9,34,-0.0585,2064,-14.4,14.8,34,0.2205,0.69,-0.345,0,,
V-DROP,20.3015,1789992333.592,11.7275,3.6226,0.384,0.384,11.727,2009,8.8,14.9,34,-0.0585,2064,-14.4,14.8,34,0.2205,0.69,-0.307,0,,
V-DROP,20.3215,1789992333.612,11.7275,3.6226,0.384,0.384,11.727,2009,8.8,14.9,34,-0.0585,2064,-14.4,14.8,34,0.2205,0.69,-0.307,0,,
V-DROP,20.3414,1789992333.632,11.7275,3.6226,0.384,0.384,11.727,2009,8.8,14.9,34,-0.0765,2064,-14.4,14.8,34,0.2205,0.69,-0.307,0,,
V-DROP,20.3615,1789992333.652,11.7275,3.6226,0.384,0.384,11.727,2009,8.8,14.9,34,-0.0585,2064,-14.4,14.8,34,0.2205,0.69,-0.307,0,,
V-DROP,20.3814,1789992333.672,11.7275,3.6226,0.345,0.345,11.727,2008,8.0,14.9,34,-0.072,2064,-14.4,14.8,34,0.2205,0.69,-0.345,0,,
V-DROP,20.4015,1789992333.692,11.7275,3.6226,0.384,0.384,11.727,2009,8.8,14.9,34,-0.0585,2064,-14.4,14.8,34,0.2205,0.69,-0.307,0,,
V-DROP,20.4214,1789992333.712,11.7275,3.6226,0.345,0.345,11.727,2008,8.0,14.9,34,-0.072,2063,-15.200000000000001,14.8,34,0.2205,0.729,-0.384,0,,
V-DROP,20.4415,1789992333.732,11.7275,3.6226,0.345,0.345,11.727,2008,8.0,14.6,34,-0.1575,2064,-14.4,14.8,34,0.225,0.69,-0.345,0,,
V-DROP,20.4615,1789992333.752,11.7275,3.6226,0.384,0.384,11.727,2009,8.8,14.6,34,-0.0765,2064,-14.4,14.8,34,0.216,0.69,-0.307,0,,
V-DROP,20.4814,1789992333.772,11.7275,3.6226,0.384,0.384,11.727,2009,8.8,14.6,34,-0.0585,2064,-14.4,14.8,34,0.2205,0.69,-0.307,0,,
V-DROP,20.5014,1789992333.792,11.7275,3.6226,0.384,0.384,11.727,2009,8.8,14.6,34,-0.072,2064,-14.4,14.8,34,0.216,0.69,-0.307,0,,
V-DROP,20.5214,1789992333.812,11.7275,3.6226,0.345,0.345,11.727,2008,8.0,14.6,34,-0.0585,2064,-14.4,14.8,34,0.2205,0.69,-0.345,0,,
V-DROP,20.5414,1789992333.832,11.7275,3.6226,0.345,0.345,11.727,2008,8.0,14.9,34,-0.072,2064,-14.4,14.9,34,0.2205,0.69,-0.345,0,,
V-DROP,20.5614,1789992333.852,11.7275,3.6226,0.345,0.345,11.727,2008,8.0,14.9,34,-0.0585,2064,-14.4,14.9,34,0.2295,0.69,-0.345,0,,
V-DROP,20.5814,1789992333.872,11.7275,3.6226,0.384,0.384,11.727,2009,8.8,14.9,34,-0.0765,2064,-14.4,14.9,34,0.243,0.69,-0.307,0,,
V-DROP,20.6012,1789992333.892,11.7275,3.6226,0.345,0.345,11.727,2008,8.0,14.9,34,-0.0585,2064,-14.4,14.9,34,0.216,0.69,-0.345,0,,
V-DROP,20.6212,1789992333.912,11.7275,3.6226,0.384,0.384,11.727,2009,8.8,14.9,34,-0.072,2064,-14.4,14.9,34,0.2205,0.69,-0.307,0,,
V-DROP,20.6412,1789992333.932,11.7275,3.6226,0.384,0.384,11.727,2009,8.8,14.9,34,-0.0585,2064,-14.4,14.9,34,0.216,0.69,-0.307,0,,
V-DROP,20.6612,1789992333.952,11.7275,3.6226,0.345,0.345,11.727,2008,8.0,14.9,34,-0.072,2064,-14.4,14.9,34,0.216,0.69,-0.345,0,,
V-DROP,20.6814,1789992333.972,11.7275,3.6226,0.345,0.345,11.727,2008,8.0,14.9,34,-0.0585,2064,-14.4,14.9,34,0.2205,0.69,-0.345,0,,
V-DROP,20.7012,1789992333.992,11.7275,3.6226,0.384,0.384,11.727,2009,8.8,14.9,34,-0.072,2064,-14.4,14.9,34,0.216,0.69,-0.307,0,,
V-DROP,20.7213,1789992334.012,11.7275,3.6226,0.384,0.384,11.727,2009,8.8,14.9,34,-0.072,2064,-14.4,14.9,34,0.2205,0.69,-0.307,0,,
V-DROP,20.7412,1789992334.032,11.7275,3.6226,0.345,0.345,11.727,2008,8.0,14.9,34,-0.0585,2064,-14.4,14.9,34,0.2205,0.69,-0.345,0,,
V-DROP,20.7612,1789992334.052,11.7275,3.6226,0.345,0.345,11.727,2008,8.0,14.9,34,-0.072,2064,-14.4,14.9,34,0.2205,0.69,-0.345,0,,
V-DROP,20.7812,1789992334.072,11.7275,3.6226,0.384,0.384,11.727,2009,8.8,14.3,34,-0.072,2064,-14.4,14.8,34,0.2205,0.69,-0.307,0,,
V-DROP,20.8012,1789992334.092,11.7275,3.6226,0.384,0.384,11.727,2009,8.8,14.3,34,-0.072,2064,-14.4,14.8,34,0.234,0.69,-0.307,0,,
V-DROP,20.8212,1789992334.112,11.7275,3.6226,0.384,0.384,11.727,2009,8.8,14.3,34,-0.072,2064,-14.4,14.8,34,0.216,0.69,-0.307,0,,
V-DROP,20.8412,1789992334.132,11.7275,3.6226,0.384,0.384,11.727,2009,8.8,14.3,34,-0.072,2064,-14.4,14.8,35,0.2205,0.69,-0.307,0,,
V-DROP,20.8612,1789992334.152,11.7275,3.6226,0.345,0.345,11.727,2008,8.0,14.3,34,-0.072,2064,-14.4,14.8,35,0.2205,0.69,-0.345,0,,
V-DROP,20.8812,1789992334.172,11.7275,3.6226,0.384,0.384,11.727,2009,8.8,14.3,34,-0.0585,2064,-14.4,14.8,35,0.2205,0.69,-0.307,0,,
V-DROP,20.9012,1789992334.192,11.7275,3.6226,0.384,0.384,11.727,2009,8.8,14.3,34,-0.072,2064,-14.4,14.8,35,0.2205,0.69,-0.307,0,,
V-DROP,20.9212,1789992334.212,11.7275,3.6226,0.345,0.345,11.727,2008,8.0,14.3,34,-0.0585,2064,-14.4,14.8,35,0.2205,0.69,-0.345,0,,
V-DROP,20.9412,1789992334.232,11.7275,3.6226,0.345,0.345,11.727,2008,8.0,14.3,34,-0.072,2064,-14.4,14.8,35,0.2205,0.69,-0.345,0,,
V-DROP,20.9612,1789992334.251,11.7275,3.6226,0.345,0.345,11.727,2008,8.0,14.3,34,-0.0585,2064,-14.4,14.8,34,0.2205,0.69,-0.345,0,,
V-DROP,20.9811,1789992334.271,11.7275,3.6226,0.345,0.345,11.727,2008,8.0,14.3,34,-0.072,2064,-14.4,14.8,34,0.216,0.69,-0.345,0,,
V-DROP,21.0011,1789992334.291,11.7275,3.6226,0.384,0.384,11.727,2009,8.8,14.3,34,-0.072,2064,-14.4,14.8,34,0.2205,0.69,-0.307,0,,
V-DROP,21.0211,1789992334.311,11.7275,3.6226,0.384,0.384,11.727,2009,8.8,14.9,34,-0.0585,2064,-14.4,14.9,34,0.2205,0.69,-0.307,0,,
V-DROP,21.0412,1789992334.331,11.7275,3.6226,0.384,0.384,11.727,2009,8.8,14.9,34,-0.1575,2064,-14.4,14.9,34,0.2205,0.69,-0.307,0,,
V-DROP,21.0612,1789992334.351,11.7275,3.6226,0.384,0.384,11.727,2009,8.8,14.9,34,-0.0585,2064,-14.4,14.9,34,0.2205,0.69,-0.307,0,,
V-DROP,21.0812,1789992334.372,11.7275,3.6226,0.384,0.384,11.727,2009,8.8,14.9,34,-0.0765,2064,-14.4,14.9,34,0.216,0.69,-0.307,0,,
V-DROP,21.1011,1789992334.391,11.7275,3.6226,0.384,0.384,11.727,2009,8.8,14.9,34,-0.072,2064,-14.4,14.9,34,0.2205,0.69,-0.307,0,,
V-DROP,21.1211,1789992334.411,11.7275,3.6226,0.345,0.345,11.727,2008,8.0,14.9,34,-0.0585,2064,-14.4,14.8,34,0.2205,0.69,-0.345,0,,
V-DROP,21.1413,1789992334.432,11.7275,3.6226,0.384,0.384,11.727,2009,8.8,14.9,34,-0.072,2064,-14.4,14.8,34,0.2205,0.69,-0.307,0,,
V-DROP,21.1611,1789992334.451,11.7275,3.6226,0.345,0.345,11.727,2008,8.0,14.9,34,-0.0585,2064,-14.4,14.8,34,0.2205,0.69,-0.345,0,,
V-DROP,21.1811,1789992334.471,11.7275,3.6226,0.345,0.345,11.727,2008,8.0,14.9,34,-0.0585,2064,-14.4,14.8,34,0.2205,0.69,-0.345,0,,
V-DROP,21.2013,1789992334.492,11.7275,3.6226,0.384,0.384,11.727,2009,8.8,14.9,34,-0.072,2064,-14.4,14.8,34,0.2205,0.69,-0.307,0,,
V-DROP,21.2212,1789992334.512,11.7275,3.6226,0.384,0.384,11.727,2009,8.8,14.9,34,-0.0585,2064,-14.4,14.8,34,0.216,0.69,-0.307,0,,
V-DROP,21.2411,1789992334.531,11.7275,3.6226,0.384,0.384,11.727,2009,8.8,14.9,34,-0.0765,2064,-14.4,14.8,34,0.2205,0.69,-0.307,0,,
V-DROP,21.2612,1789992334.552,11.7275,3.6226,0.384,0.384,11.727,2009,8.8,14.9,34,-0.072,2064,-14.4,14.8,34,0.2385,0.69,-0.307,0,,
V-DROP,21.2812,1789992334.572,11.7275,3.6226,0.345,0.345,11.727,2008,8.0,14.9,34,-0.072,2064,-14.4,14.8,34,0.216,0.69,-0.345,0,,
V-DROP,21.3012,1789992334.592,11.7275,3.6226,0.345,0.345,11.727,2008,8.0,14.9,34,-0.072,2064,-14.4,14.8,34,0.2205,0.69,-0.345,0,,
V-DROP,21.3211,1789992334.611,11.7275,3.6226,0.345,0.345,11.727,2008,8.0,14.9,34,-0.0585,2064,-14.4,14.8,34,0.2205,0.69,-0.345,0,,
V-DROP,21.3411,1789992334.631,11.7275,3.6226,0.384,0.384,11.727,2009,8.8,14.9,34,-0.0585,2064,-14.4,14.8,34,0.216,0.69,-0.307,0,,
V-DROP,21.3611,1789992334.651,11.7275,3.6226,0.345,0.345,11.727,2008,8.0,15.0,34,-0.0585,2064,-14.4,14.9,34,0.2205,0.69,-0.345,0,,
V-DROP,21.3811,1789992334.671,11.7275,3.6226,0.384,0.384,11.727,2009,8.8,15.0,34,-0.072,2064,-14.4,14.9,34,0.2205,0.69,-0.307,0,,
V-DROP,21.4011,1789992334.691,11.7275,3.6226,0.384,0.384,11.727,2009,8.8,15.0,34,-0.0585,2064,-14.4,14.9,34,0.2385,0.69,-0.307,0,,
V-DROP,21.4213,1789992334.712,11.7275,3.6226,0.384,0.384,11.727,2009,8.8,15.0,34,-0.0585,2064,-14.4,14.9,34,0.2205,0.69,-0.307,0,,
V-DROP,21.4411,1789992334.731,11.7275,3.6226,0.345,0.345,11.727,2008,8.0,15.0,34,-0.0585,2064,-14.4,14.9,34,0.2205,0.69,-0.345,0,,
V-DROP,21.4613,1789992334.752,11.7275,3.6226,0.384,0.384,11.727,2009,8.8,15.0,34,-0.0585,2064,-14.4,14.9,34,0.216,0.69,-0.307,0,,
V-DROP,21.4813,1789992334.772,11.7275,3.6226,0.384,0.384,11.727,2009,8.8,15.0,34,-0.0585,2064,-14.4,15.0,34,0.2205,0.69,-0.307,0,,
V-DROP,21.5013,1789992334.792,11.7275,3.6226,0.345,0.345,11.727,2008,8.8,15.0,34,-0.1305,2064,-14.4,15.0,34,0.2385,0.69,-0.345,0,,
V-DROP,21.5213,1789992334.812,11.7275,3.6226,0.345,0.345,11.727,2008,8.0,15.0,34,-0.072,2064,-14.4,15.0,34,0.2205,0.69,-0.345,0,,
V-DROP,21.5412,1789992334.832,11.7275,3.6226,0.345,0.345,11.727,2008,8.0,15.0,34,-0.072,2064,-14.4,15.0,34,0.2205,0.69,-0.345,0,,
V-DROP,21.5612,1789992334.852,11.7275,3.6226,0.384,0.384,11.727,2009,8.8,15.0,34,-0.072,2063,-15.200000000000001,15.0,34,0.2205,0.729,-0.345,0,,
V-DROP,21.5811,1789992334.871,11.7275,3.6226,0.345,0.345,11.727,2008,8.0,15.0,34,-0.0585,2064,-14.4,15.0,34,0.216,0.69,-0.345,0,,
V-DROP,21.6011,1789992334.891,11.7275,3.6226,0.384,0.384,11.727,2009,8.8,14.9,34,-0.0585,2064,-14.4,14.8,34,0.2205,0.69,-0.307,0,,
V-DROP,21.6211,1789992334.911,11.7275,3.6226,0.345,0.345,11.727,2008,8.0,14.9,34,-0.072,2064,-14.4,14.8,34,0.2205,0.69,-0.345,0,,
V-DROP,21.6411,1789992334.931,11.7275,3.6226,0.345,0.345,11.727,2008,8.0,14.9,34,-0.0585,2064,-14.4,14.8,34,0.216,0.69,-0.345,0,,
V-DROP,21.6612,1789992334.951,11.7275,3.6226,0.345,0.345,11.727,2008,8.0,14.9,34,-0.0585,2064,-14.4,14.8,34,0.2205,0.69,-0.345,0,,
V-DROP,21.6813,1789992334.972,11.7275,3.6226,0.384,0.384,11.727,2009,8.8,14.9,34,-0.072,2064,-14.4,14.8,34,0.2205,0.69,-0.307,0,,
V-DROP,21.7013,1789992334.992,11.7275,3.6226,0.345,0.345,11.727,2008,8.0,14.9,34,-0.072,2064,-14.4,14.8,34,0.2205,0.69,-0.345,0,,
V-DROP,21.7211,1789992335.011,11.7275,3.6226,0.345,0.345,11.727,2008,8.0,15.0,34,-0.0585,2064,-14.4,14.1,34,0.216,0.69,-0.345,0,,
V-DROP,21.7412,1789992335.032,11.7275,3.6226,0.384,0.384,11.727,2009,8.8,15.0,34,-0.072,2064,-14.4,14.1,34,0.2205,0.69,-0.307,0,,
V-DROP,21.7612,1789992335.052,11.7275,3.6226,0.384,0.384,11.727,2009,8.8,15.0,34,-0.0585,2064,-14.4,14.1,34,0.2205,0.69,-0.307,0,,
V-DROP,21.7811,1789992335.071,11.7275,3.6226,0.384,0.384,11.727,2009,8.8,15.0,34,-0.072,2064,-14.4,14.1,34,0.2205,0.69,-0.307,0,,
V-DROP,21.8011,1789992335.091,11.7275,3.6226,0.384,0.384,11.727,2009,8.8,15.0,34,-0.0585,2064,-14.4,14.1,34,0.2205,0.69,-0.307,0,,
V-DROP,21.821,1789992335.111,11.7275,3.6226,0.345,0.345,11.727,2008,8.0,14.5,34,-0.0585,2064,-14.4,14.2,34,0.216,0.69,-0.345,0,,
V-DROP,21.841,1789992335.131,11.7275,3.6226,0.345,0.345,11.727,2008,8.0,14.5,34,-0.072,2064,-14.4,14.2,34,0.2205,0.69,-0.345,0,,
V-DROP,21.861,1789992335.151,11.7275,3.6226,0.345,0.345,11.727,2008,8.0,14.5,34,-0.0765,2064,-14.4,14.2,34,0.216,0.69,-0.345,0,,
V-DROP,21.881,1789992335.171,11.7275,3.6226,0.384,0.384,11.727,2009,8.8,14.5,34,-0.072,2064,-14.4,14.2,34,0.2205,0.69,-0.307,0,,
V-DROP,21.9011,1789992335.191,11.7275,3.6226,0.384,0.384,11.727,2009,8.8,14.5,34,-0.0585,2064,-14.4,14.2,34,0.2205,0.69,-0.307,0,,
V-DROP,21.9211,1789992335.211,11.7275,3.6226,0.345,0.345,11.727,2008,8.0,14.5,34,-0.072,2064,-14.4,14.2,34,0.2205,0.69,-0.345,0,,
V-DROP,21.941,1789992335.231,11.7275,3.6226,0.384,0.384,11.727,2009,8.8,14.9,34,-0.0855,2064,-14.4,14.8,34,0.2205,0.69,-0.307,0,,
V-DROP,21.9611,1789992335.251,11.7275,3.6226,0.384,0.384,11.727,2009,8.8,14.9,34,-0.072,2064,-14.4,14.8,34,0.2205,0.69,-0.307,0,,
V-DROP,21.9811,1789992335.271,11.7275,3.6226,0.345,0.345,11.727,2008,8.0,14.9,34,-0.072,2064,-14.4,14.8,34,0.2205,0.69,-0.345,0,,
V-DROP,22.0011,1789992335.291,11.7275,3.6226,0.345,0.345,11.727,2008,8.0,14.9,34,-0.072,2064,-14.4,14.8,34,0.2205,0.69,-0.345,0,,
V-DROP,22.021,1789992335.311,11.7275,3.6226,0.384,0.384,11.727,2009,8.8,14.9,34,-0.0585,2064,-14.4,14.8,34,0.216,0.69,-0.307,0,,
V-DROP,22.041,1789992335.331,11.7275,3.6226,0.384,0.384,11.727,2009,8.8,14.9,34,-0.072,2064,-14.4,14.8,34,0.2205,0.69,-0.307,0,,
V-DROP,22.061,1789992335.351,11.7275,3.6226,0.345,0.345,11.727,2008,8.0,14.9,34,-0.072,2064,-14.4,14.8,34,0.2205,0.69,-0.345,0,,
V-DROP,22.0811,1789992335.371,11.7275,3.6226,0.384,0.384,11.727,2009,8.8,14.9,34,-0.0585,2064,-14.4,14.8,34,0.2205,0.69,-0.307,0,,
V-DROP,22.101,1789992335.391,11.7275,3.6226,0.345,0.345,11.727,2008,8.0,14.9,34,-0.072,2064,-14.4,14.8,34,0.2385,0.69,-0.345,0,,
V-DROP,22.121,1789992335.411,11.7275,3.6226,0.384,0.384,11.727,2009,8.8,14.9,34,-0.0675,2064,-14.4,14.8,34,0.2205,0.69,-0.307,0,,
V-DROP,22.1411,1789992335.431,11.7275,3.6226,0.345,0.345,11.727,2008,8.0,14.9,34,-0.0585,2064,-14.4,14.8,34,0.2205,0.69,-0.345,0,,
V-DROP,22.1611,1789992335.451,11.7275,3.6226,0.384,0.384,11.727,2009,8.8,14.9,34,-0.0585,2064,-14.4,14.8,34,0.2205,0.69,-0.307,0,,
V-DROP,22.1811,1789992335.471,11.7275,3.6226,0.384,0.384,11.727,2009,8.8,15.1,34,-0.072,2064,-14.4,14.8,34,0.216,0.69,-0.307,0,,
V-DROP,22.2012,1789992335.492,11.7275,3.6226,0.345,0.345,11.727,2008,8.0,15.1,34,-0.0585,2064,-14.4,14.8,34,0.2205,0.69,-0.345,0,,
V-DROP,22.2212,1789992335.512,11.7275,3.6226,0.384,0.384,11.727,2009,8.8,15.1,34,-0.0765,2064,-14.4,14.8,34,0.216,0.69,-0.307,0,,
V-DROP,22.2412,1789992335.532,11.7275,3.6226,0.345,0.345,11.727,2008,8.0,15.1,34,-0.0585,2064,-14.4,14.8,35,0.2295,0.69,-0.345,0,,
V-DROP,22.2611,1789992335.551,11.7275,3.6226,0.384,0.384,11.727,2009,8.8,15.1,34,-0.072,2064,-14.4,14.8,35,0.216,0.69,-0.307,0,,
V-DROP,22.2812,1789992335.571,11.7275,3.6226,0.384,0.384,11.727,2009,8.8,15.1,34,-0.0585,2064,-14.4,14.8,35,0.2205,0.69,-0.307,0,,
V-DROP,22.3012,1789992335.591,11.7275,3.6226,0.384,0.384,11.727,2009,8.8,14.9,34,-0.072,2064,-14.4,14.8,35,0.2205,0.69,-0.307,0,,
V-DROP,22.3212,1789992335.611,11.7275,3.6226,0.345,0.345,11.727,2008,8.0,14.9,34,-0.0585,2064,-14.4,14.8,35,0.2205,0.69,-0.345,0,,
V-DROP,22.3411,1789992335.631,11.7275,3.6226,0.384,0.384,11.727,2009,8.8,14.9,34,-0.072,2064,-14.4,14.8,35,0.2205,0.69,-0.307,0,,
V-DROP,22.3611,1789992335.651,11.7275,3.6226,0.345,0.345,11.727,2008,8.0,14.9,34,-0.0585,2064,-14.4,14.8,34,0.2205,0.69,-0.345,0,,
V-DROP,22.3811,1789992335.671,11.7275,3.6226,0.384,0.384,11.727,2009,8.8,14.9,34,-0.072,2064,-14.4,14.8,34,0.2205,0.69,-0.307,0,,
V-DROP,22.4012,1789992335.692,11.7275,3.6226,0.345,0.345,11.727,2008,8.0,14.9,34,-0.0585,2064,-14.4,14.8,34,0.2205,0.69,-0.345,0,,
V-DROP,22.4211,1789992335.711,11.7275,3.6226,0.384,0.384,11.727,2009,8.8,14.9,34,-0.072,2064,-14.4,14.8,34,0.2205,0.69,-0.307,0,,
V-DROP,22.4411,1789992335.731,11.7275,3.6226,0.345,0.345,11.727,2008,8.0,14.9,34,-0.0585,2064,-14.4,14.8,34,0.2205,0.69,-0.345,0,,
V-DROP,22.4611,1789992335.751,11.7275,3.6226,0.384,0.384,11.727,2009,8.8,14.9,34,-0.072,2063,-15.200000000000001,14.8,34,0.2205,0.729,-0.345,0,,
V-DROP,22.4811,1789992335.771,11.7275,3.6226,0.384,0.384,11.727,2009,8.8,14.9,34,-0.072,2064,-14.4,14.8,34,0.2205,0.69,-0.307,0,,
V-DROP,22.501,1789992335.791,11.7275,3.6226,0.345,0.345,11.727,2008,8.0,14.9,34,-0.0585,2064,-14.4,14.8,34,0.216,0.69,-0.345,0,,
V-DROP,22.5211,1789992335.811,11.7275,3.6226,0.384,0.384,11.727,2009,8.8,14.3,34,-0.0855,2064,-14.4,14.8,34,0.2205,0.69,-0.307,0,,
V-DROP,22.5412,1789992335.831,11.7275,3.6226,0.345,0.345,11.727,2008,8.0,14.3,34,-0.0765,2064,-14.4,14.8,34,0.2205,0.69,-0.345,0,,
V-DROP,22.5612,1789992335.851,11.7275,3.6226,0.384,0.384,11.727,2009,8.8,14.3,34,-0.0585,2064,-14.4,14.8,34,0.2205,0.69,-0.307,0,,
V-DROP,22.5812,1789992335.871,11.7275,3.6226,0.345,0.345,11.727,2008,8.0,14.3,34,-0.0585,2064,-14.4,14.8,35,0.2205,0.69,-0.345,0,,
V-DROP,22.601,1789992335.891,11.7275,3.6226,0.384,0.384,11.727,2009,8.8,14.3,34,-0.072,2064,-14.4,14.8,35,0.2205,0.69,-0.307,0,,
V-DROP,22.621,1789992335.911,11.7275,3.6226,0.384,0.384,11.727,2009,8.8,14.3,34,-0.0585,2064,-14.4,14.8,35,0.2205,0.69,-0.307,0,,
V-DROP,22.641,1789992335.931,11.7275,3.6226,0.384,0.384,11.727,2009,8.8,14.3,34,-0.0585,2064,-14.4,14.8,35,0.216,0.69,-0.307,0,,
V-DROP,22.661,1789992335.951,11.7275,3.6226,0.384,0.384,11.727,2009,8.8,14.3,34,-0.0765,2064,-14.4,14.8,35,0.2205,0.69,-0.307,0,,
V-DROP,22.681,1789992335.971,11.7275,3.6226,0.384,0.384,11.727,2009,8.8,14.3,34,-0.0585,2064,-14.4,14.8,35,0.225,0.69,-0.307,0,,
V-DROP,22.7009,1789992335.991,11.7275,3.6226,0.384,0.384,11.727,2009,8.8,14.3,34,-0.0765,2064,-14.4,14.8,34,0.2205,0.69,-0.307,0,,
V-DROP,22.7209,1789992336.011,11.7275,3.6226,0.384,0.384,11.727,2009,8.8,14.3,34,-0.0585,2064,-14.4,14.8,34,0.2205,0.69,-0.307,0,,
V-DROP,22.7409,1789992336.031,11.7275,3.6226,0.345,0.345,11.727,2008,8.0,14.3,34,-0.072,2064,-14.4,14.8,34,0.2205,0.69,-0.345,0,,
V-DROP,22.7609,1789992336.051,11.7275,3.6226,0.384,0.384,11.727,2009,8.8,14.9,34,-0.072,2064,-14.4,14.9,34,0.2205,0.69,-0.307,0,,
V-DROP,22.781,1789992336.071,11.7275,3.6226,0.384,0.384,11.727,2009,8.8,14.9,34,-0.072,2064,-14.4,14.9,34,0.2205,0.69,-0.307,0,,
V-DROP,22.8009,1789992336.091,11.7275,3.6226,0.384,0.384,11.727,2009,8.8,14.9,34,-0.0585,2064,-14.4,14.9,34,0.216,0.69,-0.307,0,,
V-DROP,22.8209,1789992336.111,11.7275,3.6226,0.384,0.384,11.727,2009,8.8,14.9,34,-0.072,2064,-14.4,14.9,34,0.2205,0.69,-0.307,0,,
V-DROP,22.8409,1789992336.131,11.7275,3.6226,0.345,0.345,11.727,2008,8.0,14.9,34,-0.0585,2064,-14.4,14.9,34,0.2205,0.69,-0.345,0,,
V-DROP,22.8611,1789992336.151,11.7275,3.6226,0.384,0.384,11.727,2009,8.8,14.9,34,-0.0585,2064,-14.4,14.9,34,0.2205,0.69,-0.307,0,,
V-DROP,22.881,1789992336.171,11.7275,3.6226,0.345,0.345,11.727,2008,8.0,14.9,34,-0.072,2064,-14.4,14.8,34,0.216,0.69,-0.345,0,,
V-DROP,22.9011,1789992336.191,11.7275,3.6226,0.345,0.345,11.727,2008,8.0,14.9,34,-0.0765,2064,-14.4,14.8,34,0.216,0.69,-0.345,0,,
V-DROP,22.9211,1789992336.211,11.7275,3.6226,0.384,0.384,11.727,2009,8.8,14.9,34,-0.0585,2064,-14.4,14.8,34,0.2205,0.69,-0.307,0,,
V-DROP,22.9411,1789992336.231,11.7275,3.6226,0.345,0.345,11.727,2008,8.0,14.9,34,-0.0585,2064,-14.4,14.8,34,0.2205,0.69,-0.345,0,,
V-DROP,22.9611,1789992336.251,11.7275,3.6226,0.345,0.345,11.727,2008,8.0,14.9,34,-0.0765,2064,-14.4,14.8,34,0.216,0.69,-0.345,0,,
V-DROP,22.981,1789992336.271,11.7275,3.6226,0.384,0.384,11.727,2009,8.8,14.9,34,-0.072,2064,-14.4,14.8,34,0.2205,0.69,-0.307,0,,
V-DROP,23.0011,1789992336.291,11.7275,3.6226,0.384,0.384,11.727,2009,8.8,14.9,34,-0.0585,2064,-14.4,14.8,34,0.216,0.69,-0.307,0,,
V-DROP,23.0211,1789992336.311,11.7275,3.6226,0.384,0.384,11.727,2009,8.8,14.9,34,-0.072,2064,-14.4,14.8,34,0.2205,0.69,-0.307,0,,
V-DROP,23.0411,1789992336.331,11.7275,3.6226,0.345,0.345,11.727,2008,8.0,14.9,34,-0.0585,2064,-14.4,14.8,34,0.216,0.69,-0.345,0,,
V-DROP,23.0611,1789992336.351,11.7275,3.6226,0.345,0.345,11.727,2008,8.0,14.9,34,-0.0585,2064,-14.4,14.8,34,0.2205,0.69,-0.345,0,,
V-DROP,23.081,1789992336.371,11.7275,3.6226,0.384,0.384,11.727,2009,8.8,14.9,34,-0.072,2064,-14.4,14.8,34,0.216,0.69,-0.307,0,,
V-DROP,23.1011,1789992336.391,11.7275,3.6226,0.345,0.345,11.727,2008,8.0,15.0,34,-0.0585,2064,-14.4,14.9,34,0.2205,0.69,-0.345,0,,
V-DROP,23.1211,1789992336.411,11.7275,3.6226,0.384,0.384,11.727,2009,8.8,15.0,34,-0.126,2064,-14.4,14.9,34,0.2205,0.69,-0.307,0,,
V-DROP,23.1411,1789992336.431,11.7275,3.6226,0.384,0.384,11.727,2009,8.8,15.0,34,-0.072,2064,-14.4,14.9,34,0.2205,0.69,-0.307,0,,
V-DROP,23.1609,1789992336.451,11.7275,3.6226,0.345,0.345,11.727,2008,8.0,15.0,34,-0.0585,2064,-14.4,14.9,34,0.2205,0.69,-0.345,0,,
V-DROP,23.1809,1789992336.471,11.7275,3.6226,0.345,0.345,11.727,2008,8.0,15.0,34,-0.18,2064,-14.4,14.9,34,0.2385,0.69,-0.345,0,,
V-DROP,23.2009,1789992336.491,11.7275,3.6226,0.345,0.345,11.727,2008,8.0,15.0,34,-0.0585,2064,-14.4,14.9,34,0.2205,0.69,-0.345,0,,
V-DROP,23.2209,1789992336.511,11.7275,3.6226,0.345,0.345,11.727,2008,8.0,15.0,34,-0.072,2064,-14.4,15.0,34,0.2205,0.69,-0.345,0,,
V-DROP,23.2409,1789992336.531,11.7275,3.6226,0.384,0.384,11.727,2009,8.8,15.0,34,-0.072,2064,-14.4,15.0,34,0.2205,0.69,-0.307,0,,
V-DROP,23.2609,1789992336.551,11.7275,3.6226,0.384,0.384,11.727,2009,8.8,15.0,34,-0.0585,2064,-14.4,15.0,34,0.2205,0.69,-0.307,0,,
V-DROP,23.2809,1789992336.571,11.7275,3.6226,0.384,0.384,11.727,2009,8.8,15.0,34,-0.072,2064,-14.4,15.0,34,0.2295,0.69,-0.307,0,,
V-DROP,23.3009,1789992336.591,11.7275,3.6226,0.345,0.345,11.727,2008,8.0,15.0,34,-0.072,2063,-15.200000000000001,15.0,34,0.2205,0.729,-0.384,0,,
V-DROP,23.3209,1789992336.611,11.7275,3.6226,0.345,0.345,11.727,2008,8.0,15.0,34,-0.072,2064,-14.4,15.0,34,0.2205,0.69,-0.345,0,,
V-DROP,23.3409,1789992336.631,11.7275,3.6226,0.384,0.384,11.727,2009,8.8,14.9,34,-0.0585,2064,-14.4,14.8,34,0.2205,0.69,-0.307,0,,
V-DROP,23.3609,1789992336.651,11.7275,3.6226,0.384,0.384,11.727,2009,8.8,14.9,34,-0.0585,2064,-14.4,14.8,34,0.2205,0.69,-0.307,0,,
V-DROP,23.3809,1789992336.671,11.7275,3.6226,0.384,0.384,11.727,2009,8.8,14.9,34,-0.072,2064,-14.4,14.8,34,0.216,0.69,-0.307,0,,
V-DROP,23.4009,1789992336.691,11.7275,3.6226,0.345,0.345,11.727,2008,8.0,14.9,34,-0.0585,2064,-14.4,14.8,35,0.2205,0.69,-0.345,0,,
V-DROP,23.4209,1789992336.711,11.7275,3.6226,0.345,0.345,11.727,2008,8.0,14.9,34,-0.0585,2064,-14.4,14.8,35,0.216,0.69,-0.345,0,,
V-DROP,23.4409,1789992336.731,11.7275,3.6226,0.345,0.345,11.727,2008,8.0,14.9,34,-0.0585,2064,-14.4,14.8,35,0.216,0.69,-0.345,0,,
V-DROP,23.4609,1789992336.751,11.7275,3.6226,0.345,0.345,11.727,2008,8.0,15.0,34,-0.0585,2064,-14.4,14.1,35,0.216,0.69,-0.345,0,,
V-DROP,23.4809,1789992336.771,11.7275,3.6226,0.345,0.345,11.727,2008,8.0,15.0,34,-0.072,2064,-14.4,14.1,35,0.2205,0.69,-0.345,0,,
V-DROP,23.5009,1789992336.791,11.7275,3.6226,0.384,0.384,11.727,2009,8.8,15.0,34,-0.0765,2064,-14.4,14.1,35,0.2205,0.69,-0.307,0,,
V-DROP,23.5208,1789992336.811,11.7275,3.6226,0.384,0.384,11.727,2009,8.8,15.0,34,-0.0585,2064,-14.4,14.1,35,0.2385,0.69,-0.307,0,,
V-DROP,23.5408,1789992336.831,11.7275,3.6226,0.345,0.345,11.727,2008,8.0,15.0,34,-0.0585,2064,-14.4,14.1,35,0.216,0.69,-0.345,0,,
V-DROP,23.5608,1789992336.851,11.7275,3.6226,0.345,0.345,11.727,2008,8.0,15.0,34,-0.0855,2064,-14.4,14.1,35,0.216,0.69,-0.345,0,,
V-DROP,23.5808,1789992336.871,11.7275,3.6226,0.384,0.384,11.727,2009,8.8,14.5,34,-0.0585,2064,-14.4,14.2,35,0.2205,0.69,-0.307,0,,
V-DROP,23.6008,1789992336.891,11.7275,3.6226,0.384,0.384,11.727,2009,8.8,14.5,34,-0.0765,2064,-14.4,14.2,35,0.2205,0.69,-0.307,0,,
V-DROP,23.6209,1789992336.911,11.7275,3.6226,0.345,0.345,11.727,2008,8.0,14.5,34,-0.0765,2064,-14.4,14.2,35,0.2205,0.69,-0.345,0,,
V-DROP,23.6408,1789992336.931,11.7275,3.6226,0.345,0.345,11.727,2008,8.0,14.5,34,-0.0585,2063,-15.200000000000001,14.2,35,0.2205,0.729,-0.384,0,,
V-DROP,23.6608,1789992336.951,11.7275,3.6226,0.345,0.345,11.727,2008,8.0,14.5,34,-0.072,2064,-14.4,14.2,35,0.216,0.69,-0.345,0,,
V-DROP,23.6808,1789992336.971,11.7275,3.6226,0.345,0.345,11.727,2008,8.0,14.5,34,-0.0585,2064,-14.4,14.2,35,0.2205,0.69,-0.345,0,,
V-DROP,23.7008,1789992336.991,11.7275,3.6226,0.384,0.384,11.727,2009,8.8,14.9,34,-0.072,2064,-14.4,14.8,35,0.2205,0.69,-0.307,0,,
V-DROP,23.7209,1789992337.011,11.7275,3.6226,0.345,0.345,11.727,2008,8.0,14.9,34,-0.0585,2064,-14.4,14.8,35,0.2205,0.69,-0.345,0,,
V-DROP,23.7408,1789992337.031,11.7275,3.6226,0.384,0.384,11.727,2009,8.8,14.9,34,-0.072,2064,-14.4,14.8,35,0.2205,0.69,-0.307,0,,
V-DROP,23.7609,1789992337.051,11.7275,3.6226,0.345,0.345,11.727,2008,8.0,14.9,34,-0.0585,2064,-14.4,14.8,34,0.2205,0.69,-0.345,0,,
V-DROP,23.7808,1789992337.071,11.7275,3.6226,0.384,0.384,11.727,2009,8.8,14.9,34,-0.072,2064,-14.4,14.8,34,0.2205,0.69,-0.307,0,,
V-DROP,23.8008,1789992337.091,11.7275,3.6226,0.384,0.384,11.727,2009,8.8,14.9,34,-0.072,2064,-14.4,14.8,34,0.216,0.69,-0.307,0,,
V-DROP,23.8209,1789992337.111,11.7275,3.6226,0.384,0.384,11.727,2009,8.8,14.9,34,-0.0765,2064,-14.4,14.8,34,0.2205,0.69,-0.307,0,,
V-DROP,23.8408,1789992337.131,11.7275,3.6226,0.345,0.345,11.727,2008,8.0,14.9,34,-0.0585,2064,-14.4,14.8,34,0.2205,0.69,-0.345,0,,
V-DROP,23.8608,1789992337.151,11.7275,3.6226,0.384,0.384,11.727,2009,8.8,14.9,34,-0.072,2064,-14.4,14.8,34,0.2205,0.69,-0.307,0,,
V-DROP,23.8818,1789992337.172,11.7275,3.6226,0.384,0.384,11.727,2009,8.8,14.9,34,-0.0585,2064,-14.4,14.8,34,0.2205,0.69,-0.307,0,,
V-DROP,23.9008,1789992337.191,11.7275,3.6226,0.345,0.345,11.727,2008,8.0,14.9,34,-0.072,2064,-14.4,14.8,34,0.2205,0.69,-0.345,0,,
V-DROP,23.9208,1789992337.211,11.7275,3.6226,0.384,0.384,11.727,2009,8.8,15.1,34,-0.0765,2064,-14.4,14.8,34,0.2205,0.69,-0.307,0,,
V-DROP,23.9408,1789992337.231,11.7275,3.6226,0.384,0.384,11.727,2009,8.8,15.1,34,-0.0765,2064,-14.4,14.8,34,0.243,0.69,-0.307,0,,
V-DROP,23.9608,1789992337.251,11.7275,3.6226,0.384,0.384,11.727,2009,8.8,15.1,34,-0.072,2064,-14.4,14.8,34,0.2205,0.69,-0.307,0,,
V-DROP,23.9808,1789992337.271,11.7275,3.6226,0.345,0.345,11.727,2008,8.0,15.1,34,-0.0585,2064,-14.4,14.8,35,0.2205,0.69,-0.345,0,,
V-DROP,24.0008,1789992337.291,11.7275,3.6226,0.384,0.384,11.727,2009,8.8,15.1,34,-0.0585,2064,-14.4,14.8,35,0.2385,0.69,-0.307,0,,
V-DROP,24.0208,1789992337.311,11.7275,3.6226,0.384,0.384,11.727,2009,8.8,15.1,34,-0.0765,2064,-14.4,14.8,35,0.2205,0.69,-0.307,0,,
V-DROP,24.0409,1789992337.331,11.7275,3.6226,0.384,0.384,11.727,2009,8.8,14.9,34,-0.072,2064,-14.4,14.8,35,0.2205,0.69,-0.307,0,,
V-DROP,24.0618,1789992337.352,11.7275,3.6226,0.384,0.384,11.727,2009,8.8,14.9,34,-0.072,2064,-14.4,14.8,35,0.2205,0.69,-0.307,0,,
V-DROP,24.0808,1789992337.371,11.7275,3.6226,0.345,0.345,11.727,2008,8.0,14.9,34,-0.072,2064,-14.4,14.8,35,0.2205,0.69,-0.345,0,,
V-DROP,24.1008,1789992337.391,11.7275,3.6226,0.384,0.384,11.727,2009,8.8,14.9,34,-0.0765,2064,-14.4,14.8,34,0.2205,0.69,-0.307,0,,
V-DROP,24.1208,1789992337.411,11.7275,3.6226,0.384,0.384,11.727,2009,8.8,14.9,34,-0.072,2064,-14.4,14.8,34,0.216,0.69,-0.307,0,,
V-DROP,24.1408,1789992337.431,11.7275,3.6226,0.345,0.345,11.727,2008,8.0,14.9,34,-0.0585,2064,-14.4,14.8,34,0.2205,0.69,-0.345,0,,
V-DROP,24.1608,1789992337.451,11.7275,3.6226,0.345,0.345,11.727,2008,8.0,14.9,34,-0.0585,2064,-14.4,14.8,34,0.2205,0.69,-0.345,0,,
V-DROP,24.1808,1789992337.471,11.7275,3.6226,0.345,0.345,11.727,2008,8.0,14.9,34,-0.0585,2064,-14.4,14.8,34,0.2205,0.69,-0.345,0,,
V-DROP,24.2008,1789992337.491,11.7275,3.6226,0.384,0.384,11.727,2009,8.8,14.9,34,-0.0765,2064,-14.4,14.8,34,0.216,0.69,-0.307,0,,
V-DROP,24.2208,1789992337.511,11.7275,3.6226,0.345,0.345,11.727,2008,8.0,14.9,34,-0.072,2064,-14.4,14.8,35,0.2205,0.69,-0.345,0,,
V-DROP,24.2408,1789992337.531,11.7275,3.6226,0.384,0.384,11.727,2009,8.8,14.9,34,-0.072,2064,-14.4,14.8,35,0.216,0.69,-0.307,0,,
V-DROP,24.2608,1789992337.551,11.7275,3.6226,0.384,0.384,11.727,2009,8.8,14.9,34,-0.072,2064,-14.4,14.8,35,0.2205,0.69,-0.307,0,,
V-DROP,24.2808,1789992337.571,11.7275,3.6226,0.384,0.384,11.727,2009,8.8,14.4,34,-0.0585,2064,-14.4,14.8,35,0.2205,0.69,-0.307,0,,
V-DROP,24.3008,1789992337.591,11.7275,3.6226,0.384,0.384,11.727,2009,8.8,14.4,34,-0.072,2064,-14.4,14.8,35,0.2205,0.69,-0.307,0,,
V-DROP,24.3208,1789992337.611,11.7275,3.6226,0.345,0.345,11.727,2008,8.0,14.4,34,-0.0945,2064,-14.4,14.8,35,0.2385,0.69,-0.345,0,,
V-DROP,24.3407,1789992337.631,11.7275,3.6226,0.384,0.384,11.727,2009,8.8,14.4,34,-0.0585,2064,-14.4,14.8,35,0.2205,0.69,-0.307,0,,
V-DROP,24.3617,1789992337.652,11.7275,3.6226,0.384,0.384,11.727,2009,8.8,14.4,34,-0.0585,2064,-14.4,14.8,35,0.2205,0.69,-0.307,0,,
V-DROP,24.3807,1789992337.671,11.7275,3.6226,0.345,0.345,11.727,2008,8.0,14.4,34,-0.0585,2064,-14.4,14.8,35,0.2205,0.69,-0.345,0,,
V-DROP,24.4008,1789992337.691,11.7275,3.6226,0.345,0.345,11.727,2008,8.0,14.5,34,-0.0585,2064,-14.4,14.8,35,0.2205,0.69,-0.345,0,,
V-DROP,24.4208,1789992337.711,11.7275,3.6226,0.384,0.384,11.727,2009,8.8,14.5,34,-0.072,2064,-14.4,14.8,35,0.216,0.69,-0.307,0,,
V-DROP,24.4408,1789992337.731,11.7275,3.6226,0.345,0.345,11.727,2008,8.0,14.5,34,-0.0585,2064,-14.4,14.8,35,0.216,0.69,-0.345,0,,
V-DROP,24.4617,1789992337.752,11.7275,3.6226,0.384,0.384,11.727,2009,8.8,14.5,34,-0.0585,2064,-14.4,14.8,35,0.2205,0.69,-0.307,0,,
V-DROP,24.4807,1789992337.771,11.7275,3.6226,0.345,0.345,11.727,2008,8.0,14.5,34,-0.0585,2063,-15.200000000000001,14.8,35,0.216,0.729,-0.384,0,,
V-DROP,24.5017,1789992337.792,11.7275,3.6226,0.345,0.345,11.727,2008,8.0,14.9,34,-0.0675,2064,-14.4,14.8,35,0.216,0.69,-0.345,0,,
V-DROP,24.5207,1789992337.811,11.7275,3.6226,0.384,0.384,11.727,2009,8.8,14.9,34,-0.072,2064,-14.4,14.8,35,0.2205,0.69,-0.307,0,,
V-DROP,24.5417,1789992337.832,11.7275,3.6226,0.345,0.345,11.727,2008,8.0,14.9,34,-0.0585,2064,-14.4,14.8,35,0.216,0.69,-0.345,0,,
V-DROP,24.5617,1789992337.852,11.7275,3.6226,0.345,0.345,11.727,2008,8.0,14.9,34,-0.0585,2064,-14.4,14.8,34,0.2205,0.69,-0.345,0,,
V-DROP,24.5817,1789992337.872,11.7275,3.6226,0.345,0.345,11.727,2008,8.0,14.9,34,-0.072,2064,-14.4,14.8,34,0.2205,0.69,-0.345,0,,
V-DROP,24.6019,1789992337.892,11.7275,3.6226,0.384,0.384,11.727,2009,8.8,14.9,34,-0.0585,2064,-14.4,14.8,34,0.2205,0.69,-0.307,0,,
V-DROP,24.6208,1789992337.911,11.7275,3.6226,0.345,0.345,11.727,2008,8.0,14.9,34,-0.0765,2064,-14.4,14.8,34,0.2205,0.69,-0.345,0,,
V-DROP,24.6419,1789992337.932,11.7275,3.6226,0.345,0.345,11.727,2008,8.0,14.9,34,-0.072,2064,-14.4,14.8,34,0.216,0.69,-0.345,0,,
V-DROP,24.6609,1789992337.951,11.7275,3.6226,0.345,0.345,11.727,2008,8.0,14.9,34,-0.0585,2064,-14.4,14.8,34,0.2205,0.69,-0.345,0,,
V-DROP,24.6818,1789992337.972,11.7275,3.6226,0.384,0.384,11.727,2009,8.8,14.9,34,-0.0855,2064,-14.4,14.8,35,0.2205,0.69,-0.307,0,,
V-DROP,24.7018,1789992337.992,11.7275,3.6226,0.384,0.384,11.727,2009,8.8,14.9,34,-0.0675,2064,-14.4,14.8,35,0.2205,0.69,-0.307,0,,
V-DROP,24.7217,1789992338.012,11.7275,3.6226,0.384,0.384,11.727,2009,8.8,14.9,34,-0.0765,2064,-14.4,14.8,35,0.2205,0.69,-0.307,0,,
V-DROP,24.7419,1789992338.032,11.7275,3.6226,0.345,0.345,11.727,2008,8.0,14.9,34,-0.0585,2064,-14.4,14.8,35,0.2205,0.69,-0.345,0,,
V-DROP,24.7608,1789992338.051,11.7275,3.6226,0.384,0.384,11.727,2009,8.8,14.9,34,-0.0585,2064,-14.4,14.8,35,0.243,0.69,-0.307,0,,
V-DROP,24.7819,1789992338.072,11.7275,3.6226,0.345,0.345,11.727,2008,8.0,14.9,34,-0.0585,2064,-14.4,14.8,35,0.2205,0.69,-0.345,0,,
V-DROP,24.8009,1789992338.091,11.7275,3.6226,0.345,0.345,11.727,2008,8.0,14.9,34,-0.0585,2064,-14.4,14.8,35,0.2205,0.69,-0.345,0,,
V-DROP,24.8217,1789992338.112,11.7275,3.6226,0.345,0.345,11.727,2008,8.0,14.9,34,-0.0585,2064,-14.4,14.8,35,0.2385,0.69,-0.345,0,,
V-DROP,24.8407,1789992338.131,11.7275,3.6226,0.384,0.384,11.727,2009,8.8,14.9,34,-0.0585,2064,-14.4,14.8,35,0.2205,0.69,-0.307,0,,
V-DROP,24.8618,1789992338.152,11.7275,3.6226,0.384,0.384,11.727,2009,8.8,15.0,34,-0.18,2064,-14.4,14.5,35,0.216,0.69,-0.307,0,,
V-DROP,24.8818,1789992338.172,11.7275,3.6226,0.345,0.345,11.727,2008,8.0,15.0,34,-0.072,2064,-14.4,14.5,35,0.2205,0.69,-0.345,0,,
V-DROP,24.9018,1789992338.192,11.7275,3.6226,0.345,0.345,11.727,2008,8.0,15.0,34,-0.0585,2064,-14.4,14.5,35,0.2205,0.69,-0.345,0,,
V-DROP,24.9218,1789992338.212,11.7275,3.6226,0.345,0.345,11.727,2008,8.0,15.0,34,-0.072,2064,-14.4,14.5,35,0.243,0.69,-0.345,0,,
V-DROP,24.9417,1789992338.232,11.7275,3.6226,0.384,0.384,11.727,2009,8.8,15.0,34,-0.072,2064,-14.4,14.5,35,0.2205,0.69,-0.307,0,,
V-DROP,24.9618,1789992338.252,11.7275,3.6226,0.384,0.384,11.727,2009,8.8,15.0,34,-0.0585,2064,-14.4,14.5,35,0.2205,0.69,-0.307,0,,
V-DROP,24.9817,1789992338.272,11.7275,3.6226,0.345,0.345,11.727,2008,8.0,15.0,34,-0.18,2064,-14.4,15.0,35,0.2205,0.69,-0.345,0,,
V-DROP,25.0018,1789992338.292,11.7275,3.6226,0.345,0.345,11.727,2008,8.0,15.0,34,-0.0765,2064,-14.4,15.0,35,0.2205,0.69,-0.345,0,,
V-DROP,25.0218,1789992338.312,11.7275,3.6226,0.384,0.384,11.727,2009,8.8,15.0,34,-0.0585,2063,-15.200000000000001,15.0,35,0.2205,0.729,-0.345,0,,
V-DROP,25.0418,1789992338.332,11.7275,3.6226,0.345,0.345,11.727,2008,8.0,15.0,34,-0.0585,2064,-14.4,15.0,35,0.2205,0.69,-0.345,0,,
V-DROP,25.0616,1789992338.352,11.7275,3.6226,0.384,0.384,11.727,2009,8.8,15.0,34,-0.072,2064,-14.4,15.0,35,0.234,0.69,-0.307,0,,
V-DROP,25.0816,1789992338.372,11.7275,3.6226,0.384,0.384,11.727,2009,8.8,15.0,34,-0.072,2064,-14.4,15.0,35,0.2205,0.69,-0.307,0,,
V-DROP,25.1018,1789992338.392,11.7275,3.6226,0.384,0.384,11.727,2009,8.8,14.9,34,-0.0585,2064,-14.4,14.8,35,0.2205,0.69,-0.307,0,,
V-DROP,25.1218,1789992338.412,11.7275,3.6226,0.345,0.345,11.727,2008,8.0,14.9,34,-0.072,2064,-14.4,14.8,35,0.2205,0.69,-0.345,0,,
V-DROP,25.1418,1789992338.432,11.7275,3.6226,0.345,0.345,11.727,2008,8.0,14.9,34,-0.0585,2064,-14.4,14.8,35,0.2295,0.69,-0.345,0,,
V-DROP,25.1618,1789992338.452,11.7275,3.6226,0.384,0.384,11.727,2009,8.8,14.9,34,-0.0585,2064,-14.4,14.8,35,0.2205,0.69,-0.307,0,,
V-DROP,25.1818,1789992338.472,11.7275,3.6226,0.384,0.384,11.727,2009,8.8,14.9,34,-0.0585,2064,-14.4,14.8,35,0.216,0.69,-0.307,0,,
V-DROP,25.2018,1789992338.492,11.7275,3.6226,0.345,0.345,11.727,2008,8.0,15.1,34,-0.072,2064,-14.4,14.1,35,0.2205,0.69,-0.345,0,,
V-DROP,25.2218,1789992338.512,11.7275,3.6226,0.384,0.384,11.727,2009,8.8,15.1,34,-0.0675,2064,-14.4,14.1,35,0.2205,0.69,-0.307,0,,
V-DROP,25.2418,1789992338.532,11.7275,3.6226,0.345,0.345,11.727,2008,8.0,15.1,34,-0.0585,2064,-14.4,14.1,35,0.2205,0.69,-0.345,0,,
V-DROP,25.2617,1789992338.552,11.7275,3.6226,0.384,0.384,11.727,2009,8.8,15.1,34,-0.072,2064,-14.4,14.1,35,0.2205,0.69,-0.307,0,,
V-DROP,25.2817,1789992338.572,11.7275,3.6226,0.345,0.345,11.727,2008,8.0,15.1,34,-0.0585,2064,-14.4,14.1,35,0.2205,0.69,-0.345,0,,
V-DROP,25.3018,1789992338.592,11.7275,3.6226,0.384,0.384,11.727,2009,8.8,15.1,34,-0.072,2064,-14.4,14.1,35,0.2385,0.69,-0.307,0,,
V-DROP,25.3218,1789992338.612,11.7275,3.6226,0.345,0.345,11.727,2008,8.0,14.5,34,-0.09,2064,-14.4,14.2,35,0.2205,0.69,-0.345,0,,
V-DROP,25.3417,1789992338.632,11.7275,3.6226,0.345,0.345,11.727,2008,8.0,14.5,34,-0.0585,2064,-14.4,14.2,35,0.2205,0.69,-0.345,0,,
V-DROP,25.3618,1789992338.652,11.7275,3.6226,0.384,0.384,11.727,2009,8.8,14.5,34,-0.072,2064,-14.4,14.2,35,0.2205,0.69,-0.307,0,,
V-DROP,25.3817,1789992338.672,11.7275,3.6226,0.384,0.384,11.727,2009,8.8,14.5,34,-0.0585,2064,-14.4,14.2,35,0.216,0.69,-0.307,0,,
V-DROP,25.4017,1789992338.692,11.7275,3.6226,0.345,0.345,11.727,2008,8.0,14.5,34,-0.18,2064,-14.4,14.2,35,0.216,0.69,-0.345,0,,
V-DROP,25.4217,1789992338.712,11.7275,3.6226,0.384,0.384,11.727,2009,8.8,14.5,34,-0.072,2064,-14.4,14.2,35,0.216,0.69,-0.307,0,,
V-DROP,25.4416,1789992338.732,11.7275,3.6226,0.345,0.345,11.727,2008,8.0,14.9,34,-0.0585,2064,-14.4,14.8,35,0.2205,0.69,-0.345,0,,
V-DROP,25.4616,1789992338.752,11.7275,3.6226,0.345,0.345,11.727,2008,8.0,14.9,34,-0.0585,2064,-14.4,14.8,35,0.2205,0.69,-0.345,0,,
V-DROP,25.4818,1789992338.772,11.7275,3.6226,0.345,0.345,11.727,2008,8.0,14.9,34,-0.072,2064,-14.4,14.8,35,0.2205,0.69,-0.345,0,,
V-DROP,25.5018,1789992338.792,11.7275,3.6226,0.345,0.345,11.727,2008,8.0,14.9,34,-0.0585,2064,-14.4,14.8,35,0.216,0.69,-0.345,0,,
V-DROP,25.5218,1789992338.812,11.7275,3.6226,0.384,0.384,11.727,2009,8.8,14.9,34,-0.0585,2064,-14.4,14.8,35,0.2205,0.69,-0.307,0,,
V-DROP,25.5416,1789992338.832,11.7275,3.6226,0.345,0.345,11.727,2008,8.0,14.9,34,-0.072,2064,-14.4,14.8,35,0.216,0.69,-0.345,0,,
V-DROP,25.5617,1789992338.852,11.7275,3.6226,0.345,0.345,11.727,2008,8.0,14.9,34,-0.0585,2064,-14.4,14.8,35,0.2205,0.69,-0.345,0,,
V-DROP,25.5817,1789992338.872,11.7275,3.6226,0.384,0.384,11.727,2009,8.8,14.9,34,-0.0585,2064,-14.4,14.8,35,0.216,0.69,-0.307,0,,
V-DROP,25.6017,1789992338.892,11.7275,3.6226,0.345,0.345,11.727,2008,8.0,14.9,34,-0.072,2064,-14.4,14.8,35,0.2205,0.69,-0.345,0,,
V-DROP,25.6217,1789992338.912,11.7275,3.6226,0.384,0.384,11.727,2009,8.8,14.9,34,-0.1845,2064,-14.4,14.8,35,0.2205,0.69,-0.307,0,,
V-DROP,25.6417,1789992338.932,11.7275,3.6226,0.345,0.345,11.727,2008,8.0,14.9,34,-0.0765,2064,-14.4,14.8,35,0.2205,0.69,-0.345,0,,
V-DROP,25.6617,1789992338.952,11.7275,3.6226,0.345,0.345,11.727,2008,8.0,14.9,34,-0.0765,2064,-14.4,14.8,35,0.2205,0.69,-0.345,0,,
V-DROP,25.6817,1789992338.972,11.7275,3.6226,0.384,0.384,11.727,2009,8.8,14.8,34,-0.0585,2064,-14.4,14.8,35,0.2205,0.69,-0.307,0,,
V-DROP,25.7016,1789992338.992,11.7275,3.6226,0.345,0.345,11.727,2008,8.0,14.8,34,-0.0585,2064,-14.4,14.8,35,0.243,0.69,-0.345,0,,
V-DROP,25.7217,1789992339.012,11.7275,3.6226,0.384,0.384,11.727,2009,8.8,14.8,34,-0.072,2064,-14.4,14.8,35,0.216,0.69,-0.307,0,,
V-DROP,25.7416,1789992339.032,11.7275,3.6226,0.345,0.345,11.727,2008,8.0,14.8,34,-0.072,2064,-14.4,14.8,35,0.2205,0.69,-0.345,0,,
V-DROP,25.7617,1789992339.052,11.7275,3.6226,0.384,0.384,11.727,2009,8.8,14.8,34,-0.0585,2064,-14.4,14.8,35,0.216,0.69,-0.307,0,,
V-DROP,25.7816,1789992339.072,11.7275,3.6226,0.345,0.345,11.727,2008,8.0,14.9,34,-0.0585,2064,-14.4,14.8,35,0.2205,0.69,-0.345,0,,
V-DROP,25.8017,1789992339.092,11.7275,3.6226,0.384,0.384,11.727,2009,8.8,14.9,34,-0.0585,2064,-14.4,14.8,35,0.2205,0.69,-0.307,0,,
V-DROP,25.8217,1789992339.112,11.7275,3.6226,0.384,0.384,11.727,2009,8.8,14.9,34,-0.0585,2064,-14.4,14.8,35,0.2205,0.69,-0.307,0,,
V-DROP,25.8417,1789992339.132,11.7275,3.6226,0.345,0.345,11.727,2008,8.0,14.9,34,-0.0585,2064,-14.4,14.8,35,0.216,0.69,-0.345,0,,
V-DROP,25.8616,1789992339.152,11.7275,3.6226,0.384,0.384,11.727,2009,8.8,14.9,34,-0.0765,2064,-14.4,14.8,35,0.2205,0.69,-0.307,0,,
V-DROP,25.8817,1789992339.172,11.7275,3.6226,0.384,0.384,11.727,2009,8.8,14.9,34,-0.0765,2064,-14.4,14.8,35,0.216,0.69,-0.307,0,,
V-DROP,25.9017,1789992339.192,11.7275,3.6226,0.345,0.345,11.727,2008,8.0,14.9,34,-0.072,2064,-14.4,14.8,35,0.2205,0.69,-0.345,0,,
V-DROP,25.9217,1789992339.212,11.7275,3.6226,0.384,0.384,11.727,2009,8.8,14.9,34,-0.0585,2064,-14.4,14.8,35,0.216,0.69,-0.307,0,,
V-DROP,25.9417,1789992339.232,11.7275,3.6226,0.384,0.384,11.727,2009,8.8,14.9,34,-0.0765,2064,-14.4,14.8,35,0.2205,0.69,-0.307,0,,
V-DROP,25.9616,1789992339.252,11.7275,3.6226,0.345,0.345,11.727,2008,8.0,14.9,34,-0.0585,2064,-14.4,14.8,35,0.216,0.69,-0.345,0,,
V-DROP,25.9817,1789992339.272,11.7275,3.6226,0.384,0.384,11.727,2009,8.8,14.9,34,-0.0585,2064,-14.4,14.8,35,0.2205,0.69,-0.307,0,,
V-DROP,26.0017,1789992339.292,11.7275,3.6226,0.345,0.345,11.727,2008,8.0,14.9,34,-0.072,2064,-14.4,14.8,35,0.2205,0.69,-0.345,0,,
V-DROP,26.0217,1789992339.312,11.7275,3.6226,0.384,0.384,11.727,2009,8.8,14.4,34,-0.072,2064,-14.4,14.8,35,0.234,0.69,-0.307,0,,
V-DROP,26.0415,1789992339.332,11.7275,3.6226,0.345,0.345,11.727,2008,8.0,14.4,34,-0.072,2064,-14.4,14.8,35,0.2205,0.69,-0.345,0,,
V-DROP,26.0615,1789992339.352,11.7275,3.6226,0.384,0.384,11.727,2009,8.8,14.4,34,-0.0765,2064,-14.4,14.8,35,0.2385,0.69,-0.307,0,,
V-DROP,26.0815,1789992339.372,11.7275,3.6226,0.345,0.345,11.727,2008,8.0,14.4,34,-0.2115,2064,-14.4,14.8,35,0.216,0.69,-0.345,0,,
V-DROP,26.1015,1789992339.392,11.7275,3.6226,0.384,0.384,11.727,2009,8.8,14.4,34,-0.0585,2064,-14.4,14.8,35,0.216,0.69,-0.307,0,,
V-DROP,26.1215,1789992339.412,11.7275,3.6226,0.384,0.384,11.727,2009,8.8,14.4,34,-0.072,2064,-14.4,14.8,35,0.2205,0.69,-0.307,0,,
V-DROP,26.1415,1789992339.432,11.7275,3.6226,0.384,0.384,11.727,2009,8.8,14.6,34,-0.0585,2064,-14.4,14.8,35,0.2205,0.69,-0.307,0,,
V-DROP,26.1615,1789992339.452,11.7275,3.6226,0.345,0.345,11.727,2008,8.0,14.6,34,-0.0585,2064,-14.4,14.8,35,0.216,0.69,-0.345,0,,
V-DROP,26.1815,1789992339.472,11.7275,3.6226,0.345,0.345,11.727,2008,8.0,14.6,34,-0.0585,2064,-14.4,14.8,35,0.2205,0.69,-0.345,0,,
V-DROP,26.2015,1789992339.492,11.7275,3.6226,0.384,0.384,11.727,2009,8.8,14.6,34,-0.0765,2063,-15.200000000000001,14.8,35,0.216,0.729,-0.345,0,,
V-DROP,26.2215,1789992339.512,11.7275,3.6226,0.384,0.384,11.727,2009,8.8,14.6,34,-0.0585,2064,-14.4,14.8,35,0.2205,0.69,-0.307,0,,
V-DROP,26.2415,1789992339.532,11.7275,3.6226,0.345,0.345,11.727,2008,8.0,14.6,34,-0.072,2064,-14.4,14.8,35,0.216,0.69,-0.345,0,,
V-DROP,26.2615,1789992339.552,11.7275,3.6226,0.384,0.384,11.727,2009,8.8,14.9,34,-0.0765,2064,-14.4,14.9,35,0.2205,0.69,-0.307,0,,
V-DROP,26.2815,1789992339.572,11.7275,3.6226,0.384,0.384,11.727,2009,8.8,14.9,34,-0.0585,2064,-14.4,14.9,35,0.2205,0.69,-0.307,0,,
V-DROP,26.3015,1789992339.592,11.7275,3.6226,0.345,0.345,11.727,2008,8.0,14.9,34,-0.0585,2064,-14.4,14.9,35,0.2205,0.69,-0.345,0,,
V-DROP,26.3215,1789992339.612,11.7275,3.6226,0.345,0.345,11.727,2008,8.0,14.9,34,-0.0765,2064,-14.4,14.9,35,0.2205,0.69,-0.345,0,,
V-DROP,26.3415,1789992339.632,11.7275,3.6226,0.345,0.345,11.727,2008,8.0,14.9,34,-0.0585,2064,-14.4,14.9,35,0.2205,0.69,-0.345,0,,
V-DROP,26.3615,1789992339.652,11.7275,3.6226,0.384,0.384,11.727,2009,8.8,14.9,34,-0.072,2064,-14.4,14.9,35,0.2205,0.69,-0.307,0,,
V-DROP,26.3816,1789992339.672,11.7275,3.6226,0.384,0.384,11.727,2009,8.8,14.9,34,-0.0765,2064,-14.4,14.8,35,0.2205,0.69,-0.307,0,,
V-DROP,26.4016,1789992339.692,11.7275,3.6226,0.345,0.345,11.727,2008,8.0,14.9,34,-0.0585,2064,-14.4,14.8,35,0.216,0.69,-0.345,0,,
V-DROP,26.4217,1789992339.712,11.7275,3.6226,0.345,0.345,11.727,2008,8.0,14.9,34,-0.0585,2063,-15.200000000000001,14.8,35,0.2205,0.729,-0.384,0,,
V-DROP,26.4415,1789992339.732,11.7275,3.6226,0.384,0.384,11.727,2009,8.8,14.9,34,-0.072,2064,-14.4,14.8,35,0.2205,0.69,-0.307,0,,
V-DROP,26.4616,1789992339.752,11.7275,3.6226,0.384,0.384,11.727,2009,8.8,14.9,34,-0.0585,2064,-14.4,14.8,35,0.2205,0.69,-0.307,0,,
V-DROP,26.4816,1789992339.772,11.7275,3.6226,0.345,0.345,11.727,2008,8.0,14.3,34,-0.0585,2064,-14.4,14.8,35,0.2205,0.69,-0.345,0,,
V-DROP,26.5015,1789992339.792,11.7275,3.6226,0.345,0.345,11.727,2008,8.0,14.3,34,-0.09,2064,-14.4,14.8,35,0.2205,0.69,-0.345,0,,
V-DROP,26.5216,1789992339.812,11.7275,3.6226,0.345,0.345,11.727,2008,8.0,14.3,34,-0.108,2064,-14.4,14.8,35,0.216,0.69,-0.345,0,,
V-DROP,26.5416,1789992339.832,11.7275,3.6226,0.345,0.345,11.727,2008,8.0,14.3,34,-0.1845,2064,-14.4,14.8,35,0.216,0.69,-0.345,0,,
V-DROP,26.5616,1789992339.852,11.7275,3.6226,0.345,0.345,11.727,2008,8.0,14.3,34,-0.0765,2063,-15.200000000000001,14.8,35,0.2205,0.729,-0.384,0,,
V-DROP,26.5816,1789992339.872,11.7275,3.6226,0.384,0.384,11.727,2009,8.8,14.3,34,-0.0765,2064,-14.4,14.8,35,0.2205,0.69,-0.307,0,,
V-DROP,26.6015,1789992339.892,11.7275,3.6226,0.345,0.345,11.727,2008,8.0,15.0,34,-0.072,2064,-14.4,14.8,35,0.2205,0.69,-0.345,0,,
V-DROP,26.6214,1789992339.912,11.7275,3.6226,0.345,0.345,11.727,2008,8.0,15.0,34,-0.0765,2064,-14.4,14.8,35,0.2205,0.69,-0.345,0,,
V-DROP,26.6416,1789992339.932,11.7275,3.6226,0.384,0.384,11.727,2009,8.8,15.0,34,-0.0585,2064,-14.4,14.8,35,0.2205,0.69,-0.307,0,,
V-DROP,26.6616,1789992339.952,11.7275,3.6226,0.384,0.384,11.727,2009,8.8,15.0,34,-0.0585,2064,-14.4,14.8,35,0.2205,0.69,-0.307,0,,
V-DROP,26.6816,1789992339.972,11.7275,3.6226,0.384,0.384,11.727,2009,8.8,15.0,34,-0.072,2064,-14.4,14.8,35,0.2205,0.69,-0.307,0,,
V-DROP,26.7016,1789992339.992,11.7275,3.6226,0.384,0.384,11.727,2009,8.8,15.0,34,-0.072,2064,-14.4,14.8,35,0.2205,0.69,-0.307,0,,
V-DROP,26.7216,1789992340.012,11.7275,3.6226,0.384,0.384,11.727,2009,8.8,15.0,34,-0.0585,2064,-14.4,14.7,35,0.243,0.69,-0.307,0,,
V-DROP,26.7415,1789992340.032,11.7275,3.6226,0.345,0.345,11.727,2008,8.0,15.0,34,-0.0585,2064,-14.4,14.7,35,0.216,0.69,-0.345,0,,
V-DROP,26.7616,1789992340.052,11.7275,3.6226,0.384,0.384,11.727,2009,8.8,15.0,34,-0.0585,2064,-14.4,14.7,35,0.2205,0.69,-0.307,0,,
V-DROP,26.7816,1789992340.072,11.7275,3.6226,0.345,0.345,11.727,2008,8.0,15.0,34,-0.072,2064,-14.4,14.7,35,0.2385,0.69,-0.345,0,,
V-DROP,26.8016,1789992340.092,11.7275,3.6226,0.345,0.345,11.727,2008,8.0,15.0,34,-0.0585,2064,-14.4,14.7,35,0.216,0.69,-0.345,0,,
V-DROP,26.8216,1789992340.112,11.7275,3.6226,0.384,0.384,11.727,2009,8.8,15.0,34,-0.072,2064,-14.4,14.7,35,0.2205,0.69,-0.307,0,,
V-DROP,26.8416,1789992340.132,11.7275,3.6226,0.345,0.345,11.727,2008,8.0,14.9,34,-0.0765,2064,-14.4,14.8,35,0.216,0.69,-0.345,0,,
V-DROP,26.8616,1789992340.152,11.7275,3.6226,0.384,0.384,11.727,2009,8.8,14.9,34,-0.072,2064,-14.4,14.8,35,0.2205,0.69,-0.307,0,,
V-DROP,26.8816,1789992340.172,11.7275,3.6226,0.384,0.384,11.727,2009,8.8,14.9,34,-0.0585,2064,-14.4,14.8,35,0.2205,0.69,-0.307,0,,
V-DROP,26.9016,1789992340.192,11.7275,3.6226,0.384,0.384,11.727,2009,8.8,14.9,34,-0.0765,2064,-14.4,14.8,35,0.2205,0.69,-0.307,0,,
V-DROP,26.9215,1789992340.212,11.7275,3.6226,0.384,0.384,11.727,2009,8.8,14.9,34,-0.1575,2064,-14.4,14.8,35,0.216,0.69,-0.307,0,,
V-DROP,26.9415,1789992340.232,11.7275,3.6226,0.345,0.345,11.727,2008,8.0,14.9,34,-0.0585,2064,-14.4,14.8,35,0.2205,0.69,-0.345,0,,
V-DROP,26.9615,1789992340.252,11.7275,3.6226,0.384,0.384,11.727,2009,8.8,15.1,34,-0.0585,2064,-14.4,14.1,35,0.216,0.69,-0.307,0,,
V-DROP,26.9816,1789992340.272,11.7275,3.6226,0.384,0.384,11.727,2009,8.8,15.1,34,-0.126,2064,-14.4,14.1,35,0.216,0.69,-0.307,0,,
V-DROP,27.0016,1789992340.292,11.7275,3.6226,0.384,0.384,11.727,2009,8.8,15.1,34,-0.0585,2064,-14.4,14.1,35,0.2205,0.69,-0.307,0,,
V-DROP,27.0214,1789992340.312,11.7275,3.6226,0.384,0.384,11.727,2009,8.8,15.1,34,-0.0585,2064,-14.4,14.1,35,0.2385,0.69,-0.307,0,,
V-DROP,27.0415,1789992340.332,11.7275,3.6226,0.384,0.384,11.727,2009,8.8,15.1,34,-0.1575,2064,-14.4,14.1,35,0.2205,0.69,-0.307,0,,
V-DROP,27.0615,1789992340.352,11.7275,3.6226,0.384,0.384,11.727,2009,8.8,15.1,34,-0.0765,2064,-14.4,14.1,35,0.216,0.69,-0.307,0,,
V-DROP,27.0815,1789992340.372,11.7275,3.6226,0.384,0.384,11.727,2009,8.8,14.5,34,-0.0585,2064,-14.4,14.2,35,0.216,0.69,-0.307,0,,
V-DROP,27.1016,1789992340.392,11.7275,3.6226,0.345,0.345,11.727,2008,8.0,14.5,34,-0.0765,2064,-14.4,14.2,35,0.216,0.69,-0.345,0,,
V-DROP,27.1216,1789992340.412,11.7275,3.6226,0.384,0.384,11.727,2009,8.8,14.5,34,-0.0765,2064,-14.4,14.2,35,0.216,0.69,-0.307,0,,
V-DROP,27.1416,1789992340.432,11.7275,3.6226,0.384,0.384,11.727,2009,8.8,14.5,34,-0.0585,2064,-14.4,14.2,35,0.216,0.69,-0.307,0,,
V-DROP,27.1615,1789992340.452,11.7275,3.6226,0.345,0.345,11.727,2008,8.0,14.5,34,-0.0765,2064,-14.4,14.2,35,0.2205,0.69,-0.345,0,,
V-DROP,27.1814,1789992340.472,11.7275,3.6226,0.384,0.384,11.727,2009,8.8,14.9,34,-0.072,2064,-14.4,14.8,35,0.2205,0.69,-0.307,0,,
V-DROP,27.2015,1789992340.492,11.7275,3.6226,0.345,0.345,11.727,2008,8.0,14.9,34,-0.0585,2064,-14.4,14.8,35,0.216,0.69,-0.345,0,,
V-DROP,27.2215,1789992340.512,11.7275,3.6226,0.384,0.384,11.727,2009,8.8,14.9,34,-0.072,2064,-14.4,14.8,35,0.216,0.69,-0.307,0,,
V-DROP,27.2414,1789992340.532,11.7275,3.6226,0.345,0.345,11.727,2008,8.0,14.9,34,-0.1845,2064,-14.4,14.8,35,0.2205,0.69,-0.345,0,,
V-DROP,27.2614,1789992340.552,11.7275,3.6226,0.345,0.345,11.727,2008,8.0,14.9,34,-0.0765,2064,-14.4,14.8,35,0.2205,0.69,-0.345,0,,
V-DROP,27.2814,1789992340.572,11.7275,3.6226,0.384,0.384,11.727,2009,8.8,14.9,34,-0.0585,2064,-14.4,14.8,35,0.2205,0.69,-0.307,0,,
V-DROP,27.3014,1789992340.592,11.7275,3.6226,0.345,0.345,11.727,2008,8.0,14.9,34,-0.072,2064,-14.4,14.8,35,0.216,0.69,-0.345,0,,
V-DROP,27.3214,1789992340.612,11.7275,3.6226,0.384,0.384,11.727,2009,8.8,14.9,34,-0.0585,2064,-14.4,14.8,35,0.2205,0.69,-0.307,0,,
V-DROP,27.3414,1789992340.632,11.7275,3.6226,0.345,0.345,11.727,2008,8.0,14.9,34,-0.0585,2064,-14.4,14.8,35,0.2385,0.69,-0.345,0,,
V-DROP,27.3614,1789992340.652,11.7275,3.6226,0.345,0.345,11.727,2008,8.0,14.9,34,-0.0585,2064,-14.4,14.8,35,0.2205,0.69,-0.345,0,,
V-DROP,27.3814,1789992340.672,11.7275,3.6226,0.384,0.384,11.727,2009,8.8,14.9,34,-0.0765,2064,-14.4,14.8,35,0.2205,0.69,-0.307,0,,
V-DROP,27.4014,1789992340.692,11.7275,3.6226,0.345,0.345,11.727,2008,8.0,14.9,34,-0.0585,2064,-14.4,14.8,35,0.225,0.69,-0.345,0,,
V-DROP,27.4214,1789992340.712,11.7275,3.6226,0.384,0.384,11.727,2009,8.8,14.3,34,-0.0855,2064,-14.4,14.8,35,0.2205,0.69,-0.307,0,,
V-DROP,27.4413,1789992340.732,11.7275,3.6226,0.384,0.384,11.727,2009,8.8,14.3,34,-0.072,2064,-14.4,14.8,35,0.216,0.69,-0.307,0,,
V-DROP,27.4613,1789992340.752,11.7275,3.6226,0.345,0.345,11.727,2008,8.0,14.3,34,-0.0585,2064,-14.4,14.8,35,0.2205,0.69,-0.345,0,,
V-DROP,27.4813,1789992340.772,11.7275,3.6226,0.345,0.345,11.727,2008,8.0,14.3,34,-0.0585,2064,-14.4,14.8,34,0.2205,0.69,-0.345,0,,
V-DROP,27.5013,1789992340.792,11.7275,3.6226,0.384,0.384,11.727,2009,8.8,14.3,34,-0.0585,2064,-14.4,14.8,34,0.2205,0.69,-0.307,0,,
V-DROP,27.5213,1789992340.812,11.7275,3.6226,0.384,0.384,11.727,2009,8.8,14.3,34,-0.0765,2064,-14.4,14.8,34,0.216,0.69,-0.307,0,,
V-DROP,27.5413,1789992340.832,11.7275,3.6226,0.384,0.384,11.727,2009,8.8,14.9,34,-0.0765,2064,-14.4,14.8,34,0.216,0.69,-0.307,0,,
V-DROP,27.5613,1789992340.852,11.7275,3.6226,0.384,0.384,11.727,2009,8.8,14.9,34,-0.0585,2064,-14.4,14.8,34,0.2205,0.69,-0.307,0,,
V-DROP,27.5813,1789992340.872,11.7275,3.6226,0.345,0.345,11.727,2008,8.0,14.9,34,-0.0585,2064,-14.4,14.8,34,0.216,0.69,-0.345,0,,
V-DROP,27.6013,1789992340.892,11.7275,3.6226,0.384,0.384,11.727,2009,8.8,14.9,34,-0.0765,2064,-14.4,14.8,35,0.2205,0.69,-0.307,0,,
V-DROP,27.6213,1789992340.912,11.7275,3.6226,0.345,0.345,11.727,2008,8.0,14.9,34,-0.0765,2064,-14.4,14.8,35,0.2205,0.69,-0.345,0,,
V-DROP,27.6413,1789992340.932,11.7275,3.6226,0.345,0.345,11.727,2008,8.0,14.9,34,-0.0585,2064,-14.4,14.8,35,0.216,0.69,-0.345,0,,
V-DROP,27.6613,1789992340.952,11.7275,3.6226,0.384,0.384,11.727,2009,8.8,14.9,34,-0.0765,2064,-14.4,14.8,35,0.2205,0.69,-0.307,0,,
V-DROP,27.6813,1789992340.972,11.7275,3.6226,0.384,0.384,11.727,2009,8.8,14.9,34,-0.0585,2064,-14.4,14.8,35,0.216,0.69,-0.307,0,,
V-DROP,27.7013,1789992340.992,11.7275,3.6226,0.384,0.384,11.727,2009,8.8,14.9,34,-0.0765,2064,-14.4,14.8,35,0.2205,0.69,-0.307,0,,
V-DROP,27.7213,1789992341.012,11.7275,3.6226,0.384,0.384,11.727,2009,8.8,14.9,34,-0.063,2064,-14.4,14.8,35,0.2205,0.69,-0.307,0,,
V-DROP,27.7413,1789992341.032,11.7275,3.6226,0.384,0.384,11.727,2009,8.8,14.9,34,-0.063,2064,-14.4,14.8,35,0.2205,0.69,-0.307,0,,
V-DROP,27.7613,1789992341.052,11.7275,3.6226,0.384,0.384,11.727,2009,8.8,14.8,34,-0.1845,2064,-14.4,14.8,35,0.2205,0.69,-0.307,0,,
V-DROP,27.7813,1789992341.072,11.7275,3.6226,0.345,0.345,11.727,2008,8.0,14.8,34,-0.063,2064,-14.4,14.8,35,0.216,0.69,-0.345,0,,
V-DROP,27.8013,1789992341.092,11.7275,3.6226,0.345,0.345,11.727,2008,8.0,14.8,34,-0.1845,2064,-14.4,14.8,35,0.2205,0.69,-0.345,0,,
V-DROP,27.8213,1789992341.112,11.7275,3.6226,0.384,0.384,11.727,2009,8.8,14.8,34,-0.0765,2064,-14.4,14.8,35,0.2205,0.69,-0.307,0,,
V-DROP,27.8413,1789992341.132,11.7275,3.6226,0.384,0.384,11.727,2009,8.8,14.8,34,-0.072,2064,-14.4,14.8,35,0.2205,0.69,-0.307,0,,
V-DROP,27.8613,1789992341.152,11.7275,3.6226,0.345,0.345,11.727,2008,8.0,14.8,34,-0.0585,2064,-14.4,14.8,35,0.216,0.69,-0.345,0,,
V-DROP,27.8813,1789992341.172,11.7275,3.6226,0.384,0.384,11.727,2009,8.8,14.9,34,-0.0585,2064,-14.4,14.8,35,0.2205,0.69,-0.307,0,,
V-DROP,27.9013,1789992341.192,11.7275,3.6226,0.384,0.384,11.727,2009,8.8,14.9,34,-0.0765,2064,-14.4,14.8,35,0.216,0.69,-0.307,0,,
V-DROP,27.9213,1789992341.212,11.7275,3.6226,0.384,0.384,11.727,2009,8.0,14.9,34,-0.0765,2064,-14.4,14.8,35,0.2205,0.69,-0.307,0,,
V-DROP,27.9413,1789992341.232,11.7275,3.6226,0.384,0.384,11.727,2009,8.8,14.9,34,-0.0765,2064,-14.4,14.8,35,0.2205,0.69,-0.307,0,,
V-DROP,27.9613,1789992341.252,11.7275,3.6226,0.345,0.345,11.727,2008,8.0,14.9,34,-0.0585,2064,-14.4,14.8,35,0.2205,0.69,-0.345,0,,
V-DROP,27.9813,1789992341.272,11.7275,3.6226,0.384,0.384,11.727,2009,8.8,14.9,34,-0.0585,2064,-14.4,14.8,35,0.2205,0.69,-0.307,0,,
V-DROP,28.0013,1789992341.292,11.7275,3.6226,0.345,0.345,11.727,2008,8.0,14.9,34,-0.0675,2064,-14.4,14.9,35,0.2205,0.69,-0.345,0,,
V-DROP,28.0213,1789992341.312,11.7275,3.6226,0.384,0.384,11.727,2009,8.8,14.9,34,-0.0585,2064,-14.4,14.9,35,0.216,0.69,-0.307,0,,
V-DROP,28.0413,1789992341.332,11.7275,3.6226,0.384,0.384,11.727,2009,8.8,14.9,34,-0.0765,2064,-14.4,14.9,35,0.2205,0.69,-0.307,0,,
V-DROP,28.0613,1789992341.352,11.7275,3.6226,0.384,0.384,11.727,2009,8.8,14.9,34,-0.0585,2064,-14.4,14.9,35,0.243,0.69,-0.307,0,,
V-DROP,28.0813,1789992341.372,11.7275,3.6226,0.345,0.345,11.727,2008,8.0,14.9,34,-0.072,2064,-14.4,14.9,35,0.216,0.69,-0.345,0,,
V-DROP,28.1013,1789992341.392,11.7275,3.6226,0.345,0.345,11.727,2008,8.0,14.9,34,-0.0585,2064,-14.4,14.9,35,0.2205,0.69,-0.345,0,,
V-DROP,28.1213,1789992341.412,11.7275,3.6226,0.345,0.345,11.727,2008,8.0,14.9,34,-0.0765,2064,-14.4,14.8,35,0.2205,0.69,-0.345,0,,
V-DROP,28.1413,1789992341.432,11.7275,3.6226,0.345,0.345,11.727,2008,8.0,14.9,34,-0.0585,2064,-14.4,14.8,35,0.216,0.69,-0.345,0,,
V-DROP,28.1613,1789992341.452,11.7275,3.6226,0.384,0.384,11.727,2009,8.8,14.9,34,-0.0765,2064,-14.4,14.8,35,0.234,0.69,-0.307,0,,
V-DROP,28.1812,1789992341.472,11.7275,3.6226,0.345,0.345,11.727,2008,8.0,14.9,34,-0.2115,2064,-14.4,14.8,35,0.216,0.69,-0.345,0,,
V-DROP,28.2012,1789992341.492,11.7275,3.6226,0.384,0.384,11.727,2009,8.8,14.9,34,-0.0765,2063,-15.200000000000001,14.8,35,0.2205,0.729,-0.345,0,,
V-DROP,28.2212,1789992341.512,11.7275,3.6226,0.345,0.345,11.727,2008,8.0,14.9,34,-0.0765,2064,-14.4,14.8,35,0.2205,0.69,-0.345,0,,
V-DROP,28.2413,1789992341.532,11.7275,3.6226,0.384,0.384,11.727,2009,8.8,14.9,34,-0.0765,2064,-14.4,14.8,35,0.261,0.69,-0.307,0,,
V-DROP,28.2612,1789992341.552,11.7275,3.6226,0.345,0.345,11.727,2008,8.0,14.9,34,-0.0585,2064,-14.4,14.8,35,0.2205,0.69,-0.345,0,,
V-DROP,28.2812,1789992341.572,11.7275,3.6226,0.384,0.384,11.727,2009,8.8,14.9,34,-0.0765,2064,-14.4,14.8,35,0.2205,0.69,-0.307,0,,
V-DROP,28.3012,1789992341.592,11.7275,3.6226,0.384,0.384,11.727,2009,8.8,14.9,34,-0.0585,2064,-14.4,14.8,35,0.2205,0.69,-0.307,0,,
V-DROP,28.3212,1789992341.612,11.7275,3.6226,0.384,0.384,11.727,2009,8.8,14.9,34,-0.0585,2064,-14.4,14.8,35,0.2205,0.69,-0.307,0,,
V-DROP,28.3412,1789992341.632,11.7275,3.6226,0.345,0.345,11.727,2008,8.0,14.9,34,-0.0765,2064,-14.4,14.8,35,0.2205,0.69,-0.345,0,,
V-DROP,28.3612,1789992341.652,11.7275,3.6226,0.384,0.384,11.727,2009,8.8,15.0,34,-0.0585,2064,-14.4,15.0,35,0.2205,0.69,-0.307,0,,
V-DROP,28.3812,1789992341.672,11.7275,3.6226,0.384,0.384,11.727,2009,8.8,15.0,34,-0.0585,2064,-14.4,15.0,35,0.2205,0.69,-0.307,0,,
V-DROP,28.4012,1789992341.692,11.7275,3.6226,0.384,0.384,11.727,2009,8.8,15.0,34,-0.081,2064,-14.4,15.0,35,0.2205,0.69,-0.307,0,,
V-DROP,28.4212,1789992341.712,11.7275,3.6226,0.345,0.345,11.727,2008,8.0,15.0,34,-0.0585,2064,-14.4,15.0,35,0.216,0.69,-0.345,0,,
V-DROP,28.4412,1789992341.732,11.7275,3.6226,0.345,0.345,11.727,2008,8.0,15.0,34,-0.0765,2064,-14.4,15.0,35,0.216,0.69,-0.345,0,,
V-DROP,28.4612,1789992341.752,11.7275,3.6226,0.384,0.384,11.727,2009,8.0,15.0,34,-0.0585,2064,-14.4,15.0,35,0.2205,0.69,-0.307,0,,
V-DROP,28.4812,1789992341.772,11.7275,3.6226,0.384,0.384,11.727,2009,8.8,15.0,34,-0.0765,2064,-14.4,15.0,35,0.2205,0.69,-0.307,0,,
V-DROP,28.5012,1789992341.792,11.7275,3.6226,0.384,0.384,11.727,2009,8.8,15.0,34,-0.0675,2064,-14.4,15.0,35,0.2205,0.69,-0.307,0,,
V-DROP,28.5212,1789992341.812,11.7275,3.6226,0.384,0.384,11.727,2009,8.8,15.0,34,-0.0585,2064,-14.4,15.0,35,0.216,0.69,-0.307,0,,
V-DROP,28.5412,1789992341.832,11.7275,3.6226,0.384,0.384,11.727,2009,8.8,15.0,34,-0.0585,2064,-14.4,15.0,35,0.216,0.69,-0.307,0,,
V-DROP,28.5612,1789992341.852,11.7275,3.6226,0.345,0.345,11.727,2008,8.0,15.0,34,-0.0765,2064,-14.4,15.0,35,0.2205,0.69,-0.345,0,,
V-DROP,28.5812,1789992341.872,11.7275,3.6226,0.384,0.384,11.727,2009,8.8,14.9,34,-0.072,2064,-14.4,14.8,35,0.2205,0.69,-0.307,0,,
V-DROP,28.6012,1789992341.892,11.7275,3.6226,0.384,0.384,11.727,2009,8.8,14.9,34,-0.072,2063,-15.200000000000001,14.8,35,0.2205,0.729,-0.345,0,,
V-DROP,28.6212,1789992341.912,11.7275,3.6226,0.384,0.384,11.727,2009,8.8,14.9,34,-0.0855,2064,-14.4,14.8,35,0.2205,0.69,-0.307,0,,
V-DROP,28.6414,1789992341.932,11.7275,3.6226,0.345,0.345,11.727,2008,8.0,14.9,34,-0.0585,2064,-14.4,14.8,35,0.216,0.69,-0.345,0,,
V-DROP,28.6614,1789992341.952,11.7275,3.6226,0.384,0.384,11.727,2009,8.8,14.9,34,-0.0585,2064,-14.4,14.8,35,0.2205,0.69,-0.307,0,,
V-DROP,28.6814,1789992341.972,11.7275,3.6226,0.345,0.345,11.727,2008,8.0,14.9,34,-0.0765,2064,-14.4,14.8,35,0.2205,0.69,-0.345,0,,
V-DROP,28.7014,1789992341.992,11.7275,3.6226,0.345,0.345,11.727,2008,8.0,15.1,34,-0.0585,2064,-14.4,14.1,35,0.2205,0.69,-0.345,0,,
V-DROP,28.7214,1789992342.012,11.7275,3.6226,0.384,0.384,11.727,2009,8.8,15.1,34,-0.072,2064,-14.4,14.1,35,0.2205,0.69,-0.307,0,,
V-DROP,28.7414,1789992342.032,11.7275,3.6226,0.345,0.345,11.727,2008,8.0,15.1,34,-0.072,2063,-15.200000000000001,14.1,35,0.2205,0.729,-0.384,0,,
V-DROP,28.7613,1789992342.052,11.7275,3.6226,0.384,0.384,11.727,2009,8.8,15.1,34,-0.072,2064,-14.4,14.1,35,0.216,0.69,-0.307,0,,
V-DROP,28.7813,1789992342.072,11.7275,3.6226,0.384,0.384,11.727,2009,8.8,15.1,34,-0.0585,2064,-14.4,14.1,35,0.2205,0.69,-0.307,0,,
V-DROP,28.8013,1789992342.092,11.7275,3.6226,0.345,0.345,11.727,2008,8.0,15.1,34,-0.0855,2064,-14.4,14.1,35,0.2295,0.69,-0.345,0,,
V-DROP,28.8214,1789992342.112,11.7275,3.6226,0.345,0.345,11.727,2008,8.0,14.6,34,-0.1575,2064,-14.4,14.2,35,0.2205,0.69,-0.345,0,,
V-DROP,28.8413,1789992342.132,11.7275,3.6226,0.384,0.384,11.727,2009,8.8,14.6,34,-0.0585,2064,-14.4,14.2,35,0.2205,0.69,-0.307,0,,
V-DROP,28.8613,1789992342.152,11.7275,3.6226,0.384,0.384,11.727,2009,8.8,14.6,34,-0.0585,2064,-14.4,14.2,35,0.2205,0.69,-0.307,0,,
V-DROP,28.8812,1789992342.172,11.7275,3.6226,0.384,0.384,11.727,2009,8.8,14.6,34,-0.072,2064,-14.4,14.2,35,0.2385,0.69,-0.307,0,,
V-DROP,28.9013,1789992342.192,11.7275,3.6226,0.345,0.345,11.727,2008,8.0,14.6,34,-0.072,2064,-14.4,14.2,35,0.216,0.69,-0.345,0,,
V-DROP,28.9212,1789992342.212,11.7275,3.6226,0.384,0.384,11.727,2009,8.8,14.6,34,-0.0585,2064,-14.4,14.2,35,0.2205,0.69,-0.307,0,,
V-DROP,28.9412,1789992342.231,11.7275,3.6226,0.384,0.384,11.727,2009,8.8,14.9,34,-0.072,2063,-15.200000000000001,14.8,35,0.2205,0.729,-0.345,0,,
V-DROP,28.9612,1789992342.251,11.7275,3.6226,0.345,0.345,11.727,2008,8.0,14.9,34,-0.0585,2064,-14.4,14.8,35,0.2205,0.69,-0.345,0,,
V-DROP,28.9811,1789992342.271,11.7275,3.6226,0.384,0.384,11.727,2009,8.8,14.9,34,-0.0585,2064,-14.4,14.8,35,0.216,0.69,-0.307,0,,
V-DROP,29.0012,1789992342.291,11.7275,3.6226,0.384,0.384,11.727,2009,8.8,14.9,34,-0.0585,2063,-15.200000000000001,14.8,35,0.216,0.729,-0.345,0,,
V-DROP,29.0212,1789992342.312,11.7275,3.6226,0.384,0.384,11.727,2009,8.8,14.9,34,-0.072,2064,-14.4,14.8,35,0.234,0.69,-0.307,0,,
V-DROP,29.0412,1789992342.332,11.7275,3.6226,0.345,0.345,11.727,2008,8.0,14.9,34,-0.0765,2063,-15.200000000000001,14.8,35,0.2205,0.729,-0.384,0,,
V-DROP,29.0613,1789992342.352,11.7275,3.6226,0.384,0.384,11.727,2009,8.8,14.9,34,-0.0765,2064,-14.4,14.8,35,0.2205,0.69,-0.307,0,,
V-DROP,29.0813,1789992342.372,11.7275,3.6226,0.345,0.345,11.727,2008,8.0,14.9,34,-0.0585,2064,-14.4,14.8,35,0.216,0.69,-0.345,0,,
V-DROP,29.1013,1789992342.392,11.7275,3.6226,0.384,0.384,11.727,2009,8.8,14.9,34,-0.0585,2064,-14.4,14.8,35,0.216,0.69,-0.307,0,,
V-DROP,29.1212,1789992342.412,11.7275,3.6226,0.345,0.345,11.727,2008,8.0,14.9,34,-0.081,2064,-14.4,14.8,35,0.2205,0.69,-0.345,0,,
V-DROP,29.1412,1789992342.432,11.7275,3.6226,0.345,0.345,11.727,2008,8.0,14.9,34,-0.0585,2064,-14.4,14.8,35,0.2205,0.69,-0.345,0,,
V-DROP,29.1612,1789992342.452,11.7275,3.6226,0.345,0.345,11.727,2008,8.0,14.3,34,-0.072,2064,-14.4,14.1,35,0.243,0.69,-0.345,0,,
V-DROP,29.1812,1789992342.472,11.7275,3.6226,0.345,0.345,11.727,2008,8.0,14.3,34,-0.0585,2064,-14.4,14.1,35,0.216,0.69,-0.345,0,,
V-DROP,29.2013,1789992342.492,11.7275,3.6226,0.384,0.384,11.727,2009,8.8,14.3,34,-0.0585,2064,-14.4,14.1,35,0.2205,0.69,-0.307,0,,
V-DROP,29.2212,1789992342.512,11.7275,3.6226,0.345,0.345,11.727,2008,8.0,14.3,34,-0.072,2064,-14.4,14.1,35,0.216,0.69,-0.345,0,,
V-DROP,29.2412,1789992342.532,11.7275,3.6226,0.345,0.345,11.727,2008,8.0,14.3,34,-0.0585,2064,-14.4,14.1,35,0.216,0.69,-0.345,0,,
V-DROP,29.2612,1789992342.552,11.7275,3.6226,0.384,0.384,11.727,2009,8.8,14.3,34,-0.072,2064,-14.4,14.1,35,0.216,0.69,-0.307,0,,
V-DROP,29.2813,1789992342.572,11.7275,3.6226,0.345,0.345,11.727,2008,8.0,14.9,34,-0.072,2063,-15.200000000000001,14.8,35,0.2205,0.729,-0.384,0,,
V-DROP,29.3012,1789992342.592,11.7275,3.6226,0.345,0.345,11.727,2008,8.0,14.9,34,-0.072,2064,-14.4,14.8,35,0.2205,0.69,-0.345,0,,
V-DROP,29.3212,1789992342.612,11.7275,3.6226,0.345,0.345,11.727,2008,8.0,14.9,34,-0.072,2064,-14.4,14.8,35,0.2205,0.69,-0.345,0,,
V-DROP,29.3411,1789992342.631,11.7275,3.6226,0.384,0.384,11.727,2009,8.8,14.9,34,-0.072,2064,-14.4,14.8,35,0.216,0.69,-0.307,0,,
V-DROP,29.3612,1789992342.652,11.7275,3.6226,0.345,0.345,11.727,2008,8.0,14.9,34,-0.072,2064,-14.4,14.8,35,0.216,0.69,-0.345,0,,
V-DROP,29.3812,1789992342.672,11.7275,3.6226,0.384,0.384,11.727,2009,8.8,14.9,34,-0.0585,2064,-14.4,14.8,35,0.216,0.69,-0.307,0,,
V-DROP,29.4012,1789992342.692,11.7275,3.6226,0.345,0.345,11.727,2008,8.0,14.9,34,-0.0585,2064,-14.4,14.8,35,0.2295,0.69,-0.345,0,,
V-DROP,29.4212,1789992342.712,11.7275,3.6226,0.345,0.345,11.727,2008,8.0,14.9,34,-0.0585,2064,-14.4,14.8,35,0.216,0.69,-0.345,0,,
V-DROP,29.4411,1789992342.731,11.7275,3.6226,0.384,0.384,11.727,2009,8.8,14.9,34,-0.072,2064,-14.4,14.8,35,0.216,0.69,-0.307,0,,
V-DROP,29.4611,1789992342.751,11.7275,3.6226,0.345,0.345,11.727,2008,8.0,14.9,34,-0.0585,2064,-14.4,14.8,35,0.216,0.69,-0.345,0,,
V-DROP,29.4811,1789992342.771,11.7275,3.6226,0.345,0.345,11.727,2008,8.0,14.9,34,-0.0585,2064,-14.4,14.8,35,0.2205,0.69,-0.345,0,,
V-DROP,29.5012,1789992342.792,11.7275,3.6226,0.345,0.345,11.727,2008,8.0,14.9,34,-0.072,2064,-14.4,14.8,35,0.216,0.69,-0.345,0,,
V-DROP,29.5212,1789992342.812,11.7275,3.6226,0.384,0.384,11.727,2009,8.8,14.9,34,-0.0585,2064,-14.4,14.8,35,0.2205,0.69,-0.307,0,,
V-DROP,29.5411,1789992342.831,11.7275,3.6226,0.345,0.345,11.727,2008,8.0,14.9,34,-0.0585,2064,-14.4,14.8,35,0.216,0.69,-0.345,0,,
V-DROP,29.5611,1789992342.851,11.7275,3.6226,0.384,0.384,11.727,2009,8.8,14.9,34,-0.072,2064,-14.4,14.8,35,0.216,0.69,-0.307,0,,
V-DROP,29.5811,1789992342.871,11.7275,3.6226,0.345,0.345,11.727,2008,8.0,14.9,34,-0.072,2064,-14.4,14.8,35,0.216,0.69,-0.345,0,,
V-DROP,29.6011,1789992342.891,11.7275,3.6226,0.384,0.384,11.727,2009,8.8,14.9,34,-0.072,2064,-14.4,14.8,35,0.243,0.69,-0.307,0,,
V-DROP,29.6212,1789992342.911,11.7275,3.6226,0.384,0.384,11.727,2009,8.8,14.9,34,-0.0585,2064,-14.4,14.8,35,0.216,0.69,-0.307,0,,
V-DROP,29.6413,1789992342.932,11.7275,3.6226,0.345,0.345,11.727,2008,8.0,14.9,34,-0.0765,2064,-14.4,14.8,35,0.2205,0.69,-0.345,0,,
V-DROP,29.6612,1789992342.951,11.7275,3.6226,0.345,0.345,11.727,2008,8.0,14.9,34,-0.0585,2064,-14.4,14.8,35,0.216,0.69,-0.345,0,,
V-DROP,29.6812,1789992342.971,11.7275,3.6226,0.345,0.345,11.727,2008,8.0,14.9,34,-0.072,2064,-14.4,14.8,35,0.216,0.69,-0.345,0,,
V-DROP,29.7012,1789992342.991,11.7275,3.6226,0.384,0.384,11.727,2009,8.8,14.9,34,-0.0585,2064,-14.4,14.8,35,0.243,0.69,-0.307,0,,
V-DROP,29.7213,1789992343.012,11.7275,3.6226,0.384,0.384,11.727,2009,8.8,14.9,34,-0.0585,2064,-14.4,14.8,35,0.216,0.69,-0.307,0,,
V-DROP,29.7411,1789992343.031,11.7275,3.6226,0.384,0.384,11.727,2009,8.8,14.9,34,-0.0585,2064,-14.4,14.8,35,0.216,0.69,-0.307,0,,
V-DROP,29.7612,1789992343.052,11.7275,3.6226,0.345,0.345,11.727,2008,8.0,14.9,34,-0.081,2064,-14.4,14.9,35,0.2205,0.69,-0.345,0,,
V-DROP,29.7812,1789992343.072,11.7275,3.6226,0.345,0.345,11.727,2008,8.0,14.9,34,-0.09,2064,-14.4,14.9,35,0.2205,0.69,-0.345,0,,
V-DROP,29.8012,1789992343.092,11.7275,3.6226,0.384,0.384,11.727,2009,8.8,14.9,34,-0.072,2064,-14.4,14.9,35,0.2205,0.69,-0.307,0,,
V-DROP,29.8212,1789992343.112,11.7275,3.6226,0.384,0.384,11.727,2009,8.8,14.9,34,-0.072,2064,-14.4,14.9,35,0.2205,0.69,-0.307,0,,
V-DROP,29.841,1789992343.131,11.7275,3.6226,0.384,0.384,11.727,2009,8.8,14.9,34,-0.072,2064,-14.4,14.9,35,0.216,0.69,-0.307,0,,
V-DROP,29.861,1789992343.151,11.7275,3.6226,0.384,0.384,11.727,2009,8.8,14.9,34,-0.072,2064,-14.4,14.8,35,0.2205,0.69,-0.307,0,,
V-DROP,29.8811,1789992343.171,11.7275,3.6226,0.345,0.345,11.727,2008,8.0,14.9,34,-0.072,2064,-14.4,14.8,35,0.2205,0.69,-0.345,0,,
V-DROP,29.9011,1789992343.191,11.7275,3.6226,0.384,0.384,11.727,2009,8.8,14.9,34,-0.072,2064,-14.4,14.8,35,0.2205,0.69,-0.307,0,,
V-DROP,29.9211,1789992343.211,11.7275,3.6226,0.384,0.384,11.727,2009,8.8,14.9,34,-0.0585,2064,-14.4,14.8,35,0.2385,0.69,-0.307,0,,
V-DROP,29.9412,1789992343.232,11.7275,3.6226,0.384,0.384,11.727,2009,8.8,14.9,34,-0.072,2064,-14.4,14.8,35,0.216,0.69,-0.307,0,,
V-DROP,29.9612,1789992343.252,11.7275,3.6226,0.384,0.384,11.727,2009,8.8,14.9,34,-0.072,2064,-14.4,14.8,35,0.2205,0.69,-0.307,0,,
V-DROP,29.9812,1789992343.272,11.7275,3.6226,0.384,0.384,11.727,2009,8.8,14.9,34,-0.072,2064,-14.4,14.8,35,0.2205,0.69,-0.307,0,,
V-DROP,30.0,,,,,,,,,,,,,,,,,,,0,completed,
