run_id,rep,t_s,q_deg,tau_grav_Nm,pos1,spd1_rpm,load1_pct,volt1,temp1_C,pos2,spd2_rpm,load2_pct,volt2,temp2_C,dq12_deg,comm_fail,note
C-B-1,1,0.00193,30.2983,15.1877,2789,0.0,7.2,14.9,26,1284,0.0,-12.8,14.8,26,-0.307,0,
C-B-1,1,0.00297,30.2983,15.1877,2789,0.0,7.2,15.1,26,1284,0.0,-12.8,14.8,26,-0.307,0,
C-B-1,1,0.00387,30.2983,15.1877,2789,0.0,8.0,15.1,26,1284,0.0,-13.600000000000001,14.8,26,-0.307,0,
C-B-1,1,0.00485,30.2983,15.1877,2789,0.0,8.0,15.1,26,1284,0.0,-13.600000000000001,14.8,26,-0.307,0,
C-B-1,1,0.00579,30.2983,15.1877,2789,0.0,8.0,15.1,26,1284,0.0,-13.600000000000001,14.8,26,-0.307,0,
C-B-1,1,0.00677,30.2983,15.1877,2789,0.0,8.8,15.1,26,1284,0.0,-14.4,14.8,26,-0.307,0,
C-B-1,1,0.00776,30.2983,15.1877,2789,0.0,8.8,15.1,26,1284,0.0,-14.4,14.8,26,-0.307,0,
C-B-1,1,0.00878,30.2983,15.1877,2789,0.0,9.600000000000001,15.1,26,1284,0.0,-15.200000000000001,14.8,26,-0.307,0,
C-B-1,1,0.00976,30.2983,15.1877,2789,0.0,9.600000000000001,15.1,26,1284,0.0,-15.200000000000001,14.8,26,-0.307,0,
C-B-1,1,0.01076,30.2983,15.1877,2789,0.0,10.4,15.1,26,1284,0.0,-16.0,14.8,26,-0.307,0,
C-B-1,1,0.01178,30.2983,15.1877,2789,0.0,11.200000000000001,15.1,26,1284,0.0,-17.6,14.8,26,-0.307,0,
C-B-1,1,0.01277,30.2983,15.1877,2789,0.0,12.0,15.1,26,1284,0.0,-17.6,14.8,26,-0.307,0,
C-B-1,1,0.01377,30.2983,15.1877,2789,0.0,12.8,15.1,26,1284,0.0,-18.400000000000002,14.8,26,-0.307,0,
C-B-1,1,0.01478,30.2983,15.1877,2789,0.0,12.8,15.1,26,1284,0.0,-19.200000000000003,14.8,26,-0.307,0,
C-B-1,1,0.01577,30.2983,15.1877,2789,0.0,13.600000000000001,15.1,26,1284,0.0,-20.0,14.8,26,-0.307,0,
C-B-1,1,0.01676,30.2983,15.1877,2789,0.0,16.0,15.1,26,1284,0.0,-21.6,14.8,26,-0.307,0,
C-B-1,1,0.01776,30.2983,15.1877,2789,0.0,16.8,15.1,26,1284,0.0,-22.400000000000002,14.8,26,-0.307,0,
C-B-1,1,0.01877,30.2983,15.1877,2789,0.0,17.6,15.1,26,1284,0.0,-23.200000000000003,14.8,26,-0.307,0,
C-B-1,1,0.01976,30.2983,15.1877,2789,0.0,18.400000000000002,15.1,26,1284,0.0,-24.0,14.8,26,-0.307,0,
C-B-1,1,0.02078,30.2983,15.1877,2789,0.0,20.0,15.1,26,1284,0.0,-26.400000000000002,14.8,26,-0.307,0,
C-B-1,1,0.02177,30.2983,15.1877,2789,0.0,20.8,15.1,26,1284,0.0,-28.0,14.8,26,-0.307,0,
C-B-1,1,0.02276,30.2983,15.1877,2789,0.0,22.400000000000002,15.1,26,1284,0.0,-28.8,14.8,26,-0.307,0,
C-B-1,1,0.02379,30.2983,15.1877,2789,0.0,23.200000000000003,15.1,26,1284,0.0,-30.400000000000002,14.8,26,-0.307,0,
C-B-1,1,0.02476,30.2983,15.1877,2789,0.0,24.8,15.1,26,1284,0.0,-31.200000000000003,14.8,26,-0.307,0,
C-B-1,1,0.02577,30.2983,15.1877,2789,0.0,27.200000000000003,15.1,26,1284,0.0,-32.800000000000004,14.8,26,-0.307,0,
C-B-1,1,0.02676,30.2983,15.1877,2789,0.0,28.8,15.1,26,1284,0.0,-34.4,14.8,26,-0.307,0,
C-B-1,1,0.02778,30.2983,15.1877,2789,0.0,30.400000000000002,15.1,26,1284,0.0,-36.0,14.8,26,-0.307,0,
C-B-1,1,0.02877,30.2983,15.1877,2789,0.0,32.0,15.1,26,1284,0.0,-37.6,14.8,26,-0.307,0,
C-B-1,1,0.02977,30.2983,15.1877,2789,0.0,33.6,15.1,26,1285,0.0,-40.0,14.8,26,-0.268,0,
C-B-1,1,0.03078,30.2983,15.1877,2789,0.0,35.2,15.1,26,1284,0.0,-42.400000000000006,14.8,26,-0.307,0,
C-B-1,1,0.03177,30.2983,15.1877,2789,0.0,36.800000000000004,15.1,26,1284,0.0,-44.0,14.8,26,-0.307,0,
C-B-1,1,0.03276,30.2983,15.1877,2789,0.0,38.400000000000006,15.1,26,1284,0.0,-45.6,14.8,26,-0.307,0,
C-B-1,1,0.03379,30.2599,15.1936,2788,0.0,39.2,15.1,26,1284,0.0,-47.2,14.8,26,-0.345,0,
C-B-1,1,0.03477,30.2599,15.1936,2788,0.0,43.2,15.1,26,1284,0.0,-49.6,14.8,26,-0.345,0,
C-B-1,1,0.03577,30.2983,15.1877,2789,0.0,45.6,15.1,26,1285,0.0,-50.400000000000006,14.8,26,-0.268,0,
C-B-1,1,0.03679,30.2599,15.1936,2788,0.0,47.2,15.1,26,1285,0.0,-52.800000000000004,14.8,26,-0.307,0,
C-B-1,1,0.03777,30.2599,15.1936,2788,0.0,49.6,15.1,26,1285,0.0,-54.400000000000006,14.8,26,-0.307,0,
C-B-1,1,0.03877,30.2216,15.1995,2787,-1.01,48.7,15.1,26,1285,0.0,-56.800000000000004,14.8,26,-0.345,0,
C-B-1,1,0.03977,30.2599,15.1936,2788,0.0,53.6,15.1,26,1285,0.0,-58.400000000000006,14.8,26,-0.307,0,
C-B-1,1,0.04079,30.2216,15.1995,2787,-1.01,53.5,15.1,26,1285,0.0,-60.800000000000004,14.8,26,-0.345,0,
C-B-1,1,0.04177,30.2216,15.1995,2787,-1.01,55.1,15.1,26,1286,1.01,-60.7,14.8,26,-0.307,0,
C-B-1,1,0.04277,30.1832,15.2055,2786,-1.51,55.800000000000004,15.1,26,1287,1.51,-61.400000000000006,14.8,26,-0.307,0,
C-B-1,1,0.04379,30.1832,15.2055,2786,-1.51,60.6,15.1,26,1287,1.51,-66.2,14.8,26,-0.307,0,
C-B-1,1,0.04477,30.1449,15.2114,2785,-2.01,61.300000000000004,15.1,26,1288,2.01,-66.9,14.8,26,-0.307,0,
C-B-1,1,0.04577,30.1065,15.2173,2784,-2.52,62.1,15.1,26,1288,2.01,-69.3,14.8,26,-0.345,0,
C-B-1,1,0.04679,30.1065,15.2173,2784,-2.52,64.5,15.1,26,1289,2.52,-70.10000000000001,14.8,26,-0.307,0,
C-B-1,1,0.04777,30.0682,15.2232,2783,-3.02,66.0,15.1,26,1289,2.52,-72.5,14.8,26,-0.345,0,
C-B-1,1,0.04877,30.0682,15.2232,2783,-3.02,68.4,15.1,26,1290,3.02,-74.0,14.8,26,-0.307,0,
C-B-1,1,0.04979,30.0298,15.2291,2782,-3.52,69.10000000000001,15.1,26,1291,3.52,-74.7,14.8,26,-0.307,0,
C-B-1,1,0.05077,29.9915,15.235,2781,-4.03,70.60000000000001,15.1,26,1292,4.03,-75.4,14.8,26,-0.307,0,
C-B-1,1,0.05177,29.9531,15.2408,2780,-4.53,71.4,15.1,26,1293,4.53,-77.0,14.8,26,-0.307,0,
C-B-1,1,0.05279,29.9148,15.2467,2779,-5.03,72.9,15.1,26,1294,5.03,-80.9,14.8,26,-0.307,0,
C-B-1,1,0.05377,29.9148,15.2467,2779,-5.54,76.80000000000001,15.1,26,1295,5.54,-82.4,14.8,26,-0.268,0,
C-B-1,1,0.05477,29.8764,15.2526,2778,-6.04,78.30000000000001,15.1,26,1296,6.04,-83.10000000000001,14.8,26,-0.268,0,
C-B-1,1,0.05579,29.8381,15.2585,2777,-6.04,78.30000000000001,15.1,26,1297,6.54,-84.7,14.8,26,-0.268,0,
C-B-1,1,0.05677,29.7614,15.2702,2775,-7.55,78.9,15.1,26,1298,7.04,-86.2,14.8,26,-0.307,0,
C-B-1,1,0.05777,29.6847,15.2818,2773,-8.05,80.4,15.1,26,1299,7.55,-85.60000000000001,14.8,26,-0.345,0,
C-B-1,1,0.05877,29.6463,15.2877,2772,-8.55,82.0,15.1,26,1300,8.05,-84.7,14.8,26,-0.345,0,
C-B-1,1,0.05979,29.5696,15.2993,2770,-9.56,81.80000000000001,15.1,26,1301,8.05,-84.7,14.8,26,-0.384,0,
C-B-1,1,0.06077,29.5313,15.3051,2769,-10.06,81.2,15.1,26,1302,9.06,-83.0,14.8,26,-0.384,0,
C-B-1,1,0.06177,29.4929,15.3109,2768,-10.57,80.4,15.1,26,1305,10.57,-80.4,14.8,26,-0.307,0,
C-B-1,1,0.06277,29.4545,15.3167,2767,-10.57,80.4,15.1,26,1306,11.07,-79.5,14.8,26,-0.307,0,
C-B-1,1,0.06377,29.3778,15.3283,2765,-11.57,78.60000000000001,15.1,26,1307,11.57,-78.60000000000001,14.8,26,-0.345,0,
C-B-1,1,0.06477,29.3011,15.3398,2763,-12.58,76.9,15.1,26,1309,12.08,-77.7,14.8,26,-0.345,0,
C-B-1,1,0.06579,29.2628,15.3456,2762,-13.59,75.10000000000001,15.1,26,1310,12.58,-76.9,14.8,26,-0.345,0,
C-B-1,1,0.06677,29.1477,15.3628,2759,-14.59,73.4,15.1,26,1311,13.08,-76.0,14.8,26,-0.422,0,
C-B-1,1,0.06777,29.071,15.3742,2757,-15.1,72.5,15.1,26,1313,14.09,-74.2,14.8,26,-0.422,0,
C-B-1,1,0.06879,28.9943,15.3857,2755,-16.61,69.8,15.1,26,1314,14.59,-73.4,14.8,26,-0.46,0,
C-B-1,1,0.06977,28.9176,15.3971,2753,-17.11,69.0,15.1,26,1315,15.1,-72.5,14.8,26,-0.499,0,
C-B-1,1,0.07077,28.8793,15.4028,2752,-17.61,68.10000000000001,15.1,26,1318,15.6,-71.60000000000001,14.8,26,-0.422,0,
C-B-1,1,0.07179,28.8409,15.4085,2751,-17.61,68.10000000000001,15.1,26,1319,16.1,-70.7,14.8,26,-0.422,0,
C-B-1,1,0.07277,28.7259,15.4255,2748,-19.12,65.5,15.1,26,1321,17.11,-69.0,14.8,26,-0.46,0,
C-B-1,1,0.07377,28.6875,15.4311,2747,-19.62,64.60000000000001,15.1,26,1322,17.11,-69.0,14.8,26,-0.46,0,
C-B-1,1,0.07479,28.6108,15.4424,2745,-20.13,63.7,15.1,26,1324,18.12,-67.2,14.8,26,-0.46,0,
C-B-1,1,0.07578,28.4957,15.4593,2742,-21.13,62.0,15.1,26,1325,18.12,-67.2,14.8,26,-0.537,0,
C-B-1,1,0.07677,28.419,15.4705,2740,-21.64,61.1,15.1,26,1327,19.12,-65.5,14.8,26,-0.537,0,
C-B-1,1,0.07779,28.3423,15.4817,2738,-22.64,59.300000000000004,15.1,26,1328,19.12,-65.5,14.8,26,-0.575,0,
C-B-1,1,0.07878,28.304,15.4873,2737,-22.64,59.300000000000004,15.1,26,1330,19.62,-64.60000000000001,14.8,26,-0.537,0,
C-B-1,1,0.07977,28.1889,15.504,2734,-23.65,57.6,15.1,26,1332,20.13,-63.7,14.8,26,-0.575,0,
C-B-1,1,0.08079,28.1889,15.504,2734,-23.15,58.5,15.1,26,1333,20.13,-63.7,14.8,26,-0.537,0,
C-B-1,1,0.08177,28.1122,15.5151,2732,-23.65,57.6,15.1,26,1335,21.13,-62.0,14.8,26,-0.537,0,
C-B-1,1,0.08278,28.0355,15.5262,2730,-24.66,55.800000000000004,15.1,26,1336,21.13,-62.0,14.8,26,-0.575,0,
C-B-1,1,0.08378,27.9588,15.5373,2728,-25.16,55.0,15.1,26,1339,21.64,-61.1,14.8,26,-0.537,0,
C-B-1,1,0.08477,27.8821,15.5483,2726,-24.66,55.800000000000004,15.1,26,1341,22.14,-60.2,14.8,26,-0.537,0,
C-B-1,1,0.08578,27.8054,15.5593,2724,-25.16,55.0,15.1,26,1342,22.14,-60.2,14.8,26,-0.575,0,
C-B-1,1,0.08678,27.7287,15.5703,2722,-25.66,54.1,15.1,26,1343,22.14,-60.2,14.8,26,-0.614,0,
C-B-1,1,0.0878,27.652,15.5812,2720,-26.17,53.2,15.1,26,1345,22.64,-59.300000000000004,14.8,26,-0.614,0,
C-B-1,1,0.08877,27.6136,15.5867,2719,-25.66,54.1,15.1,26,1347,23.15,-58.5,14.8,26,-0.575,0,
C-B-1,1,0.0898,27.5753,15.5921,2718,-25.66,54.1,15.1,26,1348,23.15,-58.5,14.8,26,-0.575,0,
C-B-1,1,0.09078,27.4986,15.603,2716,-26.17,53.2,15.1,26,1349,22.64,-59.300000000000004,14.8,26,-0.614,0,
C-B-1,1,0.09178,27.4219,15.6139,2714,-26.67,52.300000000000004,15.1,26,1351,23.15,-58.5,14.8,26,-0.614,0,
C-B-1,1,0.0928,27.3835,15.6193,2713,-26.17,53.2,15.1,26,1352,23.15,-58.5,14.8,26,-0.614,0,
C-B-1,1,0.09378,27.2685,15.6355,2710,-26.17,53.2,15.1,26,1354,22.64,-59.300000000000004,14.8,26,-0.652,0,
C-B-1,1,0.09478,27.2301,15.6409,2709,-25.66,54.1,15.1,26,1356,23.15,-58.5,14.8,26,-0.614,0,
C-B-1,1,0.0958,27.1534,15.6516,2707,-26.17,53.2,15.1,26,1357,23.15,-58.5,14.8,26,-0.652,0,
C-B-1,1,0.09678,27.1151,15.657,2706,-25.66,54.1,15.1,26,1358,22.64,-59.300000000000004,14.8,26,-0.652,0,
C-B-1,1,0.09778,27.0767,15.6624,2705,-25.16,55.0,15.1,26,1360,23.15,-58.5,14.8,26,-0.614,0,
C-B-1,1,0.09878,27.0384,15.6677,2704,-24.66,55.800000000000004,15.1,26,1360,22.64,-59.300000000000004,14.8,26,-0.652,0,
C-B-1,1,0.0998,26.9616,15.6784,2702,-25.16,55.0,15.1,26,1362,22.64,-59.300000000000004,14.8,26,-0.652,0,
C-B-1,1,0.10078,26.9233,15.6838,2701,-25.16,55.0,15.1,26,1363,22.64,-59.300000000000004,14.8,26,-0.652,0,
C-B-1,1,0.10178,26.8466,15.6944,2699,-24.66,55.800000000000004,15.1,26,1364,22.64,-59.300000000000004,14.8,26,-0.69,0,
C-B-1,1,0.1028,26.8082,15.6997,2698,-24.66,55.800000000000004,15.1,26,1366,22.14,-60.2,14.8,26,-0.652,0,
C-B-1,1,0.10378,26.7699,15.705,2697,-24.15,56.7,15.1,26,1367,21.64,-61.1,14.8,26,-0.652,0,
C-B-1,1,0.10478,26.7315,15.7103,2696,-23.65,57.6,15.1,26,1369,22.14,-60.2,14.8,26,-0.614,0,
C-B-1,1,0.1058,26.6548,15.7209,2694,-24.15,56.7,15.1,26,1370,21.64,-61.1,14.8,26,-0.652,0,
C-B-1,1,0.10678,26.6165,15.7262,2693,-23.65,57.6,15.1,26,1371,21.64,-61.1,14.8,26,-0.652,0,
C-B-1,1,0.10778,26.5398,15.7367,2691,-23.15,58.5,15.1,26,1372,21.13,-62.0,14.8,26,-0.69,0,
C-B-1,1,0.10878,26.4631,15.7472,2689,-22.64,59.300000000000004,15.1,26,1374,21.13,-62.0,14.8,26,-0.69,0,
C-B-1,1,0.10978,26.4247,15.7525,2688,-23.15,58.5,15.1,26,1375,21.13,-62.0,14.8,26,-0.69,0,
C-B-1,1,0.11078,26.3097,15.7682,2685,-23.15,58.5,15.1,26,1376,20.63,-62.800000000000004,14.8,26,-0.767,0,
C-B-1,1,0.11179,26.233,15.7786,2683,-23.15,58.5,15.1,26,1378,20.13,-63.7,14.8,26,-0.767,0,
C-B-1,1,0.11278,26.233,15.7786,2683,-22.14,60.2,15.1,26,1379,20.13,-63.7,14.8,26,-0.729,0,
C-B-1,1,0.11381,26.1562,15.789,2681,-22.14,60.2,15.1,26,1381,20.13,-63.7,14.8,26,-0.729,0,
C-B-1,1,0.11479,26.1179,15.7942,2680,-22.64,59.300000000000004,15.1,26,1383,20.63,-62.800000000000004,14.8,26,-0.69,0,
C-B-1,1,0.11578,26.0412,15.8045,2678,-22.64,59.300000000000004,15.1,26,1384,20.63,-62.800000000000004,14.8,26,-0.729,0,
C-B-1,1,0.1168,25.9645,15.8148,2676,-21.64,61.1,15.1,26,1385,20.13,-63.7,14.8,26,-0.767,0,
C-B-1,1,0.11779,25.9261,15.82,2675,-21.64,61.1,15.1,26,1387,20.13,-63.7,14.8,26,-0.729,0,
C-B-1,1,0.11879,25.8111,15.8354,2672,-22.64,59.300000000000004,13.9,26,1389,20.63,-62.800000000000004,13.7,26,-0.767,0,
C-B-1,1,0.11981,25.7727,15.8405,2671,-22.14,60.2,13.9,26,1390,20.63,-62.800000000000004,13.7,26,-0.767,0,
C-B-1,1,0.12079,25.696,15.8508,2669,-22.14,60.2,13.9,26,1393,20.63,-62.800000000000004,13.7,26,-0.729,0,
C-B-1,1,0.12178,25.6577,15.8559,2668,-22.14,60.2,13.9,26,1395,20.63,-62.800000000000004,13.7,26,-0.69,0,
C-B-1,1,0.12277,25.6193,15.861,2667,-21.64,61.1,13.9,26,1397,21.64,-61.1,13.7,26,-0.652,0,
C-B-1,1,0.12378,25.5426,15.8711,2665,-22.14,60.2,13.9,26,1399,21.64,-61.1,13.7,26,-0.652,0,
C-B-1,1,0.12477,25.4659,15.8813,2663,-22.64,59.300000000000004,13.9,26,1400,21.64,-61.1,13.7,26,-0.69,0,
C-B-1,1,0.12578,25.3892,15.8914,2661,-22.14,60.2,13.9,26,1401,21.64,-61.1,13.7,26,-0.729,0,
C-B-1,1,0.12677,25.3125,15.9015,2659,-22.64,59.300000000000004,13.9,26,1403,21.64,-61.1,13.7,26,-0.729,0,
C-B-1,1,0.12779,25.2358,15.9115,2657,-23.15,58.5,13.9,26,1405,22.64,-59.300000000000004,13.7,26,-0.729,0,
C-B-1,1,0.12877,25.1591,15.9215,2655,-23.15,58.5,13.9,26,1406,22.14,-60.2,13.7,26,-0.767,0,
C-B-1,1,0.12979,25.1207,15.9265,2654,-23.15,58.5,13.9,26,1408,22.64,-59.300000000000004,13.7,26,-0.729,0,
C-B-1,1,0.13078,25.0824,15.9315,2653,-22.64,59.300000000000004,13.9,26,1409,22.64,-59.300000000000004,13.7,26,-0.729,0,
C-B-1,1,0.13179,24.9673,15.9465,2650,-23.65,57.6,13.9,26,1411,23.15,-58.5,13.7,26,-0.767,0,
C-B-1,1,0.13278,24.8906,15.9564,2648,-24.15,56.7,13.9,26,1413,23.65,-57.6,13.7,26,-0.767,0,
C-B-1,1,0.13379,24.8523,15.9614,2647,-24.15,56.7,13.9,26,1415,24.15,-56.7,13.7,26,-0.729,0,
C-B-1,1,0.13477,24.7372,15.9762,2644,-24.15,56.7,13.9,26,1418,24.15,-56.7,13.7,26,-0.729,0,
C-B-1,1,0.13579,24.6605,15.986,2642,-24.66,55.800000000000004,13.9,26,1420,24.66,-55.800000000000004,13.7,26,-0.729,0,
C-B-1,1,0.13677,24.5838,15.9958,2640,-25.16,55.0,13.9,26,1421,24.66,-55.800000000000004,13.7,26,-0.767,0,
C-B-1,1,0.13779,24.5071,16.0056,2638,-25.16,55.0,13.9,26,1423,24.66,-55.800000000000004,13.7,26,-0.767,0,
C-B-1,1,0.13879,24.4304,16.0154,2636,-25.66,54.1,13.9,26,1425,25.16,-55.0,13.7,26,-0.767,0,
C-B-1,1,0.13977,24.3537,16.0251,2634,-25.66,54.1,13.9,26,1427,25.66,-54.1,13.7,26,-0.767,0,
C-B-1,1,0.14079,24.3153,16.0299,2633,-25.16,55.0,13.9,26,1428,25.66,-54.1,13.7,26,-0.767,0,
C-B-1,1,0.14177,24.2003,16.0444,2630,-26.67,52.300000000000004,13.9,26,1431,26.67,-52.300000000000004,13.7,26,-0.767,0,
C-B-1,1,0.14279,24.1236,16.0541,2628,-26.67,52.300000000000004,13.9,26,1433,27.17,-51.5,13.7,26,-0.767,0,
C-B-1,1,0.14377,24.0469,16.0637,2626,-27.17,51.5,13.9,26,1437,27.17,-51.5,13.7,26,-0.69,0,
C-B-1,1,0.14479,24.0085,16.0685,2625,-26.67,52.300000000000004,13.9,26,1439,27.68,-50.6,13.7,26,-0.652,0,
C-B-1,1,0.14577,23.8935,16.0828,2622,-26.67,52.300000000000004,13.9,26,1441,28.18,-49.7,13.7,26,-0.69,0,
C-B-1,1,0.14679,23.8168,16.0923,2620,-27.68,50.6,13.9,26,1443,28.18,-49.7,13.7,26,-0.69,0,
C-B-1,1,0.14777,23.7401,16.1018,2618,-28.18,49.7,13.9,26,1446,28.68,-48.800000000000004,13.7,26,-0.652,0,
C-B-1,1,0.14879,23.625,16.116,2615,-27.68,50.6,13.9,26,1447,28.68,-48.800000000000004,13.7,26,-0.729,0,
C-B-1,1,0.14977,23.5099,16.1302,2612,-28.18,49.7,13.9,26,1449,28.68,-48.800000000000004,13.7,26,-0.767,0,
C-B-1,1,0.15079,23.4332,16.1395,2610,-28.68,48.800000000000004,13.9,26,1452,29.69,-47.1,13.7,26,-0.729,0,
C-B-1,1,0.15179,23.3565,16.1489,2608,-29.19,48.0,13.9,26,1455,30.19,-46.2,13.7,26,-0.69,0,
C-B-1,1,0.15277,23.2415,16.1629,2605,-29.69,47.1,13.9,26,1458,29.69,-47.1,13.7,26,-0.69,0,
C-B-1,1,0.15379,23.2031,16.1675,2604,-29.19,48.0,13.9,26,1461,30.7,-45.300000000000004,13.7,26,-0.614,0,
C-B-1,1,0.15477,23.1264,16.1768,2602,-29.69,47.1,13.9,26,1463,31.2,-44.400000000000006,13.7,26,-0.614,0,
C-B-1,1,0.15579,23.0497,16.186,2600,-30.19,46.2,13.9,26,1465,31.2,-44.400000000000006,13.7,26,-0.614,0,
C-B-1,1,0.15677,22.973,16.1952,2598,-30.19,46.2,13.9,26,1467,31.2,-44.400000000000006,13.7,26,-0.614,0,
C-B-1,1,0.15779,22.8196,16.2135,2594,-30.19,46.2,13.9,26,1468,31.2,-44.400000000000006,13.7,26,-0.729,0,
C-B-1,1,0.15877,22.7429,16.2226,2592,-30.7,45.300000000000004,13.9,26,1471,31.7,-43.6,13.7,26,-0.69,0,
C-B-1,1,0.15979,22.6278,16.2363,2589,-31.7,43.6,13.9,26,1473,32.2,-42.7,13.7,26,-0.729,0,
C-B-1,1,0.16079,22.5511,16.2453,2587,-31.2,44.400000000000006,13.9,26,1476,32.71,-41.800000000000004,13.7,26,-0.69,0,
C-B-1,1,0.16178,22.4744,16.2543,2585,-31.2,44.400000000000006,13.9,26,1480,32.71,-41.800000000000004,13.7,26,-0.614,0,
C-B-1,1,0.16279,22.3977,16.2633,2583,-31.7,43.6,13.9,26,1482,32.71,-41.800000000000004,13.7,26,-0.614,0,
C-B-1,1,0.16378,22.3594,16.2678,2582,-31.2,44.400000000000006,13.9,26,1484,33.21,-40.900000000000006,13.7,26,-0.575,0,
C-B-1,1,0.16479,22.2443,16.2812,2579,-32.2,42.7,13.9,26,1487,33.71,-40.1,13.7,26,-0.575,0,
C-B-1,1,0.16577,22.1676,16.2901,2577,-32.2,42.7,13.9,26,1489,34.22,-39.2,13.7,26,-0.575,0,
C-B-1,1,0.16679,22.0142,16.3078,2573,-32.2,42.7,13.9,26,1490,33.71,-40.1,13.7,26,-0.69,0,
C-B-1,1,0.16778,21.9375,16.3166,2571,-32.2,42.7,13.9,26,1493,34.22,-39.2,13.7,26,-0.652,0,
C-B-1,1,0.1688,21.8224,16.3298,2568,-32.71,41.800000000000004,13.9,26,1496,34.72,-38.300000000000004,13.7,26,-0.652,0,
C-B-1,1,0.16977,21.7457,16.3385,2566,-33.21,40.900000000000006,13.9,26,1499,35.73,-36.6,13.7,26,-0.614,0,
C-B-1,1,0.17079,21.669,16.3472,2564,-32.71,41.800000000000004,13.9,26,1501,35.22,-37.4,13.7,26,-0.614,0,
C-B-1,1,0.17178,21.5923,16.3559,2562,-32.71,41.800000000000004,13.9,26,1503,35.22,-37.4,13.7,26,-0.614,0,
C-B-1,1,0.17279,21.5156,16.3646,2560,-32.71,41.800000000000004,13.9,26,1505,35.22,-37.4,13.7,26,-0.614,0,
C-B-1,1,0.17378,21.4006,16.3775,2557,-33.71,40.1,13.9,26,1508,35.73,-36.6,13.7,26,-0.614,0,
C-B-1,1,0.17479,21.3239,16.3861,2555,-33.71,40.1,13.9,26,1510,35.73,-36.6,13.7,26,-0.614,0,
C-B-1,1,0.17577,21.1321,16.4074,2550,-34.22,39.2,13.9,26,1514,35.73,-36.6,13.7,26,-0.652,0,
C-B-1,1,0.17677,21.0554,16.4159,2548,-34.22,39.2,13.9,26,1517,35.73,-36.6,13.7,26,-0.614,0,
C-B-1,1,0.1778,20.9403,16.4285,2545,-35.22,37.4,13.9,26,1520,36.73,-34.800000000000004,13.7,26,-0.614,0,
C-B-1,1,0.17878,20.8253,16.4411,2542,-35.22,37.4,13.9,26,1522,36.73,-34.800000000000004,13.7,26,-0.652,0,
C-B-1,1,0.17977,20.7486,16.4495,2540,-35.22,37.4,13.9,26,1525,36.73,-34.800000000000004,13.7,26,-0.614,0,
C-B-1,1,0.18078,20.7102,16.4536,2539,-34.72,38.300000000000004,13.9,26,1526,35.73,-36.6,13.7,26,-0.614,0,
C-B-1,1,0.18178,20.5952,16.4661,2536,-34.72,38.300000000000004,13.9,26,1528,35.73,-36.6,13.7,26,-0.652,0,
C-B-1,1,0.18278,20.4801,16.4785,2533,-35.73,36.6,13.9,26,1532,37.24,-33.9,13.7,26,-0.614,0,
C-B-1,1,0.18377,20.4034,16.4867,2531,-35.73,36.6,13.9,26,1534,36.73,-34.800000000000004,13.7,26,-0.614,0,
C-B-1,1,0.18478,20.2884,16.499,2528,-35.73,36.6,13.9,26,1539,36.73,-34.800000000000004,13.7,26,-0.537,0,
C-B-1,1,0.18578,20.25,16.5031,2527,-35.73,36.6,13.9,26,1542,37.24,-33.9,13.7,26,-0.46,0,
C-B-1,1,0.18678,20.1733,16.5112,2525,-36.23,35.7,13.9,26,1545,38.24,-32.2,13.7,26,-0.422,0,
C-B-1,1,0.18778,20.0582,16.5234,2522,-36.73,34.800000000000004,13.9,26,1547,37.74,-33.1,13.7,26,-0.46,0,
C-B-1,1,0.18896,19.9432,16.5354,2519,-36.23,35.7,13.9,26,1550,38.24,-32.2,13.7,26,-0.46,0,
C-B-1,1,0.18977,19.7898,16.5514,2515,-36.23,35.7,13.9,26,1552,37.74,-33.1,13.7,26,-0.537,0,
C-B-1,1,0.19078,19.6747,16.5634,2512,-36.73,34.800000000000004,13.9,26,1554,37.74,-33.1,13.7,26,-0.575,0,
C-B-1,1,0.19178,19.598,16.5713,2510,-36.73,34.800000000000004,13.9,26,1557,38.24,-32.2,13.7,26,-0.537,0,
C-B-1,1,0.19278,19.4446,16.587,2506,-38.24,32.2,13.9,26,1560,38.75,-31.3,13.7,26,-0.575,0,
C-B-1,1,0.19377,19.3679,16.5949,2504,-37.74,33.1,13.9,26,1564,38.24,-32.2,13.7,26,-0.499,0,
C-B-1,1,0.19478,19.2912,16.6026,2502,-37.74,33.1,13.9,26,1567,38.75,-31.3,13.7,26,-0.46,0,
C-B-1,1,0.19578,19.2145,16.6104,2500,-37.24,33.9,13.9,26,1570,39.75,-29.6,13.7,26,-0.422,0,
C-B-1,1,0.19678,19.1378,16.6181,2498,-37.74,33.1,13.9,26,1573,39.75,-29.6,13.7,26,-0.384,0,
C-B-1,1,0.19778,18.946,16.6374,2493,-38.75,31.3,13.9,26,1576,39.75,-29.6,13.7,26,-0.46,0,
C-B-1,1,0.19878,18.7926,16.6526,2489,-38.24,32.2,13.9,26,1577,38.75,-31.3,13.7,26,-0.575,0,
C-B-1,1,0.19978,18.6776,16.6639,2486,-38.75,31.3,13.9,26,1580,39.25,-30.400000000000002,13.7,26,-0.575,0,
C-B-1,1,0.20078,18.6009,16.6715,2484,-38.75,31.3,13.9,26,1583,39.75,-29.6,13.7,26,-0.537,0,
C-B-1,1,0.20178,18.4858,16.6827,2481,-39.25,30.400000000000002,13.9,26,1585,39.75,-29.6,13.7,26,-0.575,0,
C-B-1,1,0.20279,18.3707,16.6939,2478,-39.25,30.400000000000002,13.9,26,1590,39.75,-29.6,13.7,26,-0.499,0,
C-B-1,1,0.20378,18.3324,16.6976,2477,-38.75,31.3,13.9,26,1592,39.25,-30.400000000000002,13.7,26,-0.46,0,
C-B-1,1,0.20478,18.2173,16.7086,2474,-38.75,31.3,13.9,26,1595,40.26,-28.700000000000003,13.7,26,-0.46,0,
C-B-1,1,0.20579,18.1406,16.716,2472,-38.75,31.3,13.9,26,1598,40.26,-28.700000000000003,13.7,26,-0.422,0,
C-B-1,1,0.20679,18.0256,16.727,2469,-39.25,30.400000000000002,13.9,26,1601,40.26,-28.700000000000003,13.7,26,-0.422,0,
C-B-1,1,0.20778,17.8722,16.7415,2465,-38.24,32.2,13.9,26,1603,40.26,-28.700000000000003,13.7,26,-0.499,0,
C-B-1,1,0.20878,17.7571,16.7523,2462,-38.75,31.3,13.9,26,1605,39.75,-29.6,13.7,26,-0.537,0,
C-B-1,1,0.20978,17.6804,16.7594,2460,-39.25,30.400000000000002,13.9,26,1608,40.76,-27.8,13.7,26,-0.499,0,
C-B-1,1,0.21079,17.5653,16.7701,2457,-39.25,30.400000000000002,13.9,26,1611,41.26,-26.900000000000002,13.7,26,-0.499,0,
C-B-1,1,0.21179,17.4503,16.7808,2454,-39.25,30.400000000000002,13.9,26,1614,39.75,-29.6,13.7,26,-0.499,0,
C-B-1,1,0.21279,17.4119,16.7843,2453,-38.75,31.3,13.9,26,1614,40.26,-28.700000000000003,13.7,26,-0.537,0,
C-B-1,1,0.21379,17.2969,16.7948,2450,-38.75,31.3,13.9,26,1620,40.76,-27.8,13.7,26,-0.422,0,
C-B-1,1,0.21479,17.2202,16.8018,2448,-39.25,30.400000000000002,13.9,26,1620,40.76,-27.8,13.7,26,-0.499,0,
C-B-1,1,0.21579,17.1051,16.8122,2445,-39.75,29.6,13.9,26,1626,40.76,-27.8,13.7,26,-0.384,0,
C-B-1,1,0.21679,16.9517,16.826,2441,-38.75,31.3,13.9,26,1627,40.26,-28.700000000000003,13.7,26,-0.499,0,
C-B-1,1,0.21779,16.8366,16.8363,2438,-39.25,30.400000000000002,13.9,26,1630,40.26,-28.700000000000003,13.7,26,-0.499,0,
C-B-1,1,0.21879,16.7599,16.8431,2436,-39.25,30.400000000000002,13.9,26,1632,40.26,-28.700000000000003,13.7,26,-0.499,0,
C-B-1,1,0.21979,16.6449,16.8533,2433,-39.25,30.400000000000002,13.9,26,1635,40.76,-27.8,13.7,26,-0.499,0,
C-B-1,1,0.22079,16.4915,16.8667,2429,-39.75,29.6,13.9,26,1638,40.76,-27.8,13.7,26,-0.537,0,
C-B-1,1,0.22179,16.4531,16.87,2428,-38.24,32.2,13.9,26,1639,39.75,-29.6,13.7,26,-0.537,0,
C-B-1,1,0.22279,16.3381,16.88,2425,-38.75,31.3,13.9,26,1642,39.75,-29.6,13.7,26,-0.537,0,
C-B-1,1,0.22379,16.223,16.8899,2422,-39.25,30.400000000000002,13.9,26,1645,40.76,-27.8,13.7,26,-0.537,0,
C-B-1,1,0.22479,16.108,16.8997,2419,-39.75,29.6,13.9,26,1647,40.26,-28.700000000000003,13.7,26,-0.575,0,
C-B-1,1,0.22579,15.9545,16.9127,2415,-38.75,31.3,13.9,26,1651,39.25,-30.400000000000002,13.7,26,-0.575,0,
C-B-1,1,0.22679,15.8395,16.9224,2412,-39.25,30.400000000000002,13.9,26,1655,39.75,-29.6,13.7,26,-0.537,0,
C-B-1,1,0.22779,15.7628,16.9288,2410,-39.25,30.400000000000002,13.9,26,1657,40.26,-28.700000000000003,13.7,26,-0.537,0,
C-B-1,1,0.22879,15.6477,16.9384,2407,-39.25,30.400000000000002,13.9,26,1660,40.26,-28.700000000000003,13.7,26,-0.537,0,
C-B-1,1,0.22979,15.5327,16.9479,2404,-39.75,29.6,13.9,26,1663,40.26,-28.700000000000003,13.7,26,-0.537,0,
C-B-1,1,0.23079,15.456,16.9542,2402,-39.25,30.400000000000002,13.9,26,1665,40.26,-28.700000000000003,13.7,26,-0.537,0,
C-B-1,1,0.23179,15.3793,16.9604,2400,-38.75,31.3,13.9,26,1668,39.75,-29.6,13.7,26,-0.499,0,
C-B-1,1,0.2328,15.2642,16.9698,2397,-39.75,29.6,13.9,26,1670,40.26,-28.700000000000003,13.7,26,-0.537,0,
C-B-1,1,0.23379,15.1491,16.979,2394,-39.75,29.6,13.9,26,1673,40.76,-27.8,13.7,26,-0.537,0,
C-B-1,1,0.23479,15.0341,16.9882,2391,-40.26,28.700000000000003,14.3,26,1677,39.75,-29.6,14.1,26,-0.499,0,
C-B-1,1,0.23585,14.9574,16.9943,2389,-39.75,29.6,14.3,26,1680,39.75,-29.6,14.1,26,-0.46,0,
C-B-1,1,0.23681,14.7656,17.0094,2384,-40.26,28.700000000000003,14.3,26,1683,40.26,-28.700000000000003,14.1,26,-0.537,0,
C-B-1,1,0.2378,14.7656,17.0094,2384,-40.26,28.700000000000003,14.3,26,1686,40.76,-27.8,14.1,26,-0.422,0,
C-B-1,1,0.23881,14.6889,17.0154,2382,-39.75,29.6,14.3,26,1688,40.26,-28.700000000000003,14.1,26,-0.422,0,
C-B-1,1,0.2398,14.4972,17.0302,2377,-39.75,29.6,14.3,26,1689,39.25,-30.400000000000002,14.1,26,-0.575,0,
C-B-1,1,0.2408,14.4205,17.0361,2375,-39.25,30.400000000000002,14.3,26,1692,39.75,-29.6,14.1,26,-0.537,0,
C-B-1,1,0.2418,14.3054,17.0449,2372,-40.26,28.700000000000003,14.3,26,1695,40.76,-27.8,14.1,26,-0.537,0,
C-B-1,1,0.2428,14.1903,17.0536,2369,-40.26,28.700000000000003,14.3,26,1697,39.75,-29.6,14.1,26,-0.575,0,
C-B-1,1,0.2438,14.1136,17.0593,2367,-40.26,28.700000000000003,14.3,26,1702,39.75,-29.6,14.1,26,-0.46,0,
C-B-1,1,0.2448,14.0369,17.0651,2365,-39.75,29.6,14.3,26,1704,39.25,-30.400000000000002,14.1,26,-0.46,0,
C-B-1,1,0.24579,13.9219,17.0736,2362,-39.75,29.6,14.3,26,1707,40.26,-28.700000000000003,14.1,26,-0.46,0,
C-B-1,1,0.2468,13.8452,17.0792,2360,-40.26,28.700000000000003,14.3,26,1710,40.26,-28.700000000000003,14.1,26,-0.422,0,
C-B-1,1,0.24779,13.7301,17.0877,2357,-40.26,28.700000000000003,14.3,26,1712,40.26,-28.700000000000003,14.1,26,-0.46,0,
C-B-1,1,0.2488,13.5767,17.0988,2353,-39.75,29.6,14.3,26,1714,39.75,-29.6,14.1,26,-0.537,0,
C-B-1,1,0.24979,13.4616,17.107,2350,-39.75,29.6,14.3,26,1716,39.25,-30.400000000000002,14.1,26,-0.575,0,
C-B-1,1,0.2508,13.3466,17.1152,2347,-40.76,27.8,14.3,26,1719,40.26,-28.700000000000003,14.1,26,-0.575,0,
C-B-1,1,0.25179,13.2699,17.1206,2345,-40.26,28.700000000000003,14.3,26,1722,40.26,-28.700000000000003,14.1,26,-0.537,0,
C-B-1,1,0.2528,13.1548,17.1287,2342,-40.26,28.700000000000003,14.3,26,1726,39.75,-29.6,14.1,26,-0.499,0,
C-B-1,1,0.25379,13.1165,17.1314,2341,-39.25,30.400000000000002,14.3,26,1730,39.75,-29.6,14.1,26,-0.384,0,
C-B-1,1,0.2548,13.0014,17.1394,2338,-39.25,30.400000000000002,14.3,26,1732,40.26,-28.700000000000003,14.1,26,-0.422,0,
C-B-1,1,0.25579,12.8864,17.1473,2335,-40.26,28.700000000000003,14.3,26,1735,39.75,-29.6,14.1,26,-0.422,0,
C-B-1,1,0.25679,12.8097,17.1525,2333,-39.75,29.6,14.3,26,1738,40.26,-28.700000000000003,14.1,26,-0.384,0,
C-B-1,1,0.2578,12.6179,17.1655,2328,-39.75,29.6,14.3,26,1739,39.25,-30.400000000000002,14.1,26,-0.537,0,
C-B-1,1,0.2588,12.5412,17.1706,2326,-39.25,30.400000000000002,14.3,26,1742,39.25,-30.400000000000002,14.1,26,-0.499,0,
C-B-1,1,0.2598,12.4261,17.1782,2323,-39.75,29.6,14.3,26,1744,39.25,-30.400000000000002,14.1,26,-0.537,0,
C-B-1,1,0.26079,12.3111,17.1858,2320,-40.26,28.700000000000003,14.3,26,1747,39.25,-30.400000000000002,14.1,26,-0.537,0,
C-B-1,1,0.2618,12.196,17.1933,2317,-40.26,28.700000000000003,14.3,26,1749,39.25,-30.400000000000002,14.1,26,-0.575,0,
C-B-1,1,0.26279,12.1577,17.1958,2316,-39.25,30.400000000000002,14.3,26,1751,38.75,-31.3,14.1,26,-0.537,0,
C-B-1,1,0.26379,12.0426,17.2032,2313,-39.25,30.400000000000002,14.3,26,1753,38.24,-32.2,14.1,26,-0.575,0,
C-B-1,1,0.2648,11.9659,17.2081,2311,-39.25,30.400000000000002,14.3,26,1756,39.25,-30.400000000000002,14.1,26,-0.537,0,
C-B-1,1,0.2658,11.8509,17.2154,2308,-39.75,29.6,14.3,26,1759,39.25,-30.400000000000002,14.1,26,-0.537,0,
C-B-1,1,0.2668,11.6974,17.225,2304,-39.25,30.400000000000002,14.3,26,1764,38.75,-31.3,14.1,26,-0.499,0,
C-B-1,1,0.2678,11.5824,17.2321,2301,-39.25,30.400000000000002,14.3,26,1766,38.75,-31.3,14.1,26,-0.537,0,
C-B-1,1,0.2688,11.4673,17.2392,2298,-39.75,29.6,14.3,26,1768,39.25,-30.400000000000002,14.1,26,-0.575,0,
C-B-1,1,0.2698,11.3906,17.2438,2296,-39.75,29.6,14.3,26,1771,39.25,-30.400000000000002,14.1,26,-0.537,0,
C-B-1,1,0.2708,11.2756,17.2508,2293,-39.75,29.6,14.3,26,1774,39.25,-30.400000000000002,14.1,26,-0.537,0,
C-B-1,1,0.2718,11.2372,17.2531,2292,-38.75,31.3,14.3,26,1775,38.75,-31.3,14.1,26,-0.537,0,
C-B-1,1,0.2728,11.1222,17.2599,2289,-39.25,30.400000000000002,14.3,26,1778,38.75,-31.3,14.1,26,-0.537,0,
C-B-1,1,0.2738,11.0455,17.2645,2287,-39.25,30.400000000000002,14.3,26,1780,38.75,-31.3,14.1,26,-0.537,0,
C-B-1,1,0.2748,10.9304,17.2712,2284,-39.25,30.400000000000002,14.3,26,1783,39.25,-30.400000000000002,14.1,26,-0.537,0,
C-B-1,1,0.27579,10.8537,17.2756,2282,-39.25,30.400000000000002,14.3,26,1787,38.24,-32.2,14.1,26,-0.46,0,
C-B-1,1,0.2768,10.777,17.2801,2280,-38.75,31.3,14.3,26,1789,38.24,-32.2,14.1,26,-0.46,0,
C-B-1,1,0.2778,10.6619,17.2866,2277,-38.75,31.3,14.3,26,1793,38.75,-31.3,14.1,26,-0.422,0,
C-B-1,1,0.27879,10.5852,17.291,2275,-39.25,30.400000000000002,14.3,26,1796,39.25,-30.400000000000002,14.1,26,-0.384,0,
C-B-1,1,0.2798,10.4702,17.2974,2272,-39.25,30.400000000000002,14.3,26,1798,38.75,-31.3,14.1,26,-0.422,0,
C-B-1,1,0.2808,10.3168,17.3059,2268,-38.75,31.3,14.3,26,1799,37.74,-33.1,14.1,26,-0.537,0,
C-B-1,1,0.2818,10.2017,17.3122,2265,-38.75,31.3,14.3,26,1803,38.75,-31.3,14.1,26,-0.499,0,
C-B-1,1,0.2828,10.125,17.3164,2263,-39.25,30.400000000000002,14.3,26,1805,38.75,-31.3,14.1,26,-0.499,0,
C-B-1,1,0.2838,10.0099,17.3225,2260,-39.25,30.400000000000002,14.3,26,1807,38.24,-32.2,14.1,26,-0.537,0,
C-B-1,1,0.2848,9.9332,17.3266,2258,-38.75,31.3,14.3,26,1811,37.74,-33.1,14.1,26,-0.46,0,
C-B-1,1,0.2858,9.8565,17.3307,2256,-38.75,31.3,14.3,26,1813,37.24,-33.9,14.1,26,-0.46,0,
C-B-1,1,0.2868,9.7798,17.3347,2254,-38.24,32.2,14.3,26,1816,38.24,-32.2,14.1,26,-0.422,0,
C-B-1,1,0.2878,9.7031,17.3387,2252,-38.24,32.2,14.3,26,1818,37.74,-33.1,14.1,26,-0.422,0,
C-B-1,1,0.2888,9.5881,17.3446,2249,-38.75,31.3,14.3,26,1821,38.24,-32.2,14.1,26,-0.422,0,
C-B-1,1,0.28981,9.473,17.3504,2246,-37.24,33.9,14.3,26,1823,37.74,-33.1,14.1,26,-0.46,0,
C-B-1,1,0.2908,9.3196,17.3581,2242,-37.74,33.1,14.3,26,1825,37.74,-33.1,14.1,26,-0.537,0,
C-B-1,1,0.2918,9.2429,17.3619,2240,-38.24,32.2,14.3,26,1828,38.24,-32.2,14.1,26,-0.499,0,
C-B-1,1,0.2928,9.1278,17.3676,2237,-37.74,33.1,14.3,26,1830,38.24,-32.2,14.1,26,-0.537,0,
C-B-1,1,0.2938,9.0128,17.3731,2234,-38.24,32.2,14.3,26,1834,37.24,-33.9,14.1,26,-0.499,0,
C-B-1,1,0.2948,8.9744,17.375,2233,-37.24,33.9,14.3,26,1836,37.24,-33.9,14.1,26,-0.46,0,
C-B-1,1,0.2958,8.8594,17.3804,2230,-37.24,33.9,14.3,26,1839,37.24,-33.9,14.1,26,-0.46,0,
C-B-1,1,0.2968,8.7443,17.3859,2227,-38.24,32.2,14.3,26,1842,37.74,-33.1,14.1,26,-0.46,0,
C-B-1,1,0.2978,8.6676,17.3894,2225,-37.74,33.1,14.3,26,1844,37.74,-33.1,14.1,26,-0.46,0,
C-B-1,1,0.2988,8.5142,17.3965,2221,-37.24,33.9,14.3,26,1846,37.24,-33.9,14.1,26,-0.537,0,
C-B-1,1,0.29994,8.3991,17.4016,2218,-37.24,33.9,14.3,26,1848,36.73,-34.800000000000004,14.1,26,-0.575,0,
C-B-1,1,0.30081,8.3224,17.4051,2216,-37.74,33.1,14.3,26,1850,37.24,-33.9,14.1,26,-0.575,0,
C-B-1,1,0.30181,8.2074,17.4101,2213,-37.74,33.1,14.3,26,1853,37.24,-33.9,14.1,26,-0.575,0,
C-B-1,1,0.30281,8.1307,17.4135,2211,-37.74,33.1,14.3,26,1856,36.23,-35.7,14.1,26,-0.537,0,
C-B-1,1,0.30381,8.054,17.4168,2209,-37.24,33.9,14.3,26,1856,36.23,-35.7,14.1,26,-0.614,0,
C-B-1,1,0.30481,7.9773,17.4201,2207,-37.24,33.9,14.3,26,1859,37.24,-33.9,14.1,26,-0.575,0,
C-B-1,1,0.3058,7.8622,17.425,2204,-37.74,33.1,14.3,26,1862,37.24,-33.9,14.1,26,-0.575,0,
C-B-1,1,0.3068,7.7855,17.4282,2202,-37.24,33.9,14.3,26,1864,37.24,-33.9,14.1,26,-0.575,0,
C-B-1,1,0.30781,7.6321,17.4345,2198,-36.73,34.800000000000004,14.3,26,1868,36.23,-35.7,14.1,26,-0.575,0,
C-B-1,1,0.3088,7.517,17.4391,2195,-37.24,33.9,14.3,26,1871,36.73,-34.800000000000004,14.1,26,-0.575,0,
C-B-1,1,0.3098,7.402,17.4437,2192,-37.74,33.1,14.3,26,1873,37.24,-33.9,14.1,26,-0.614,0,
C-B-1,1,0.3108,7.3253,17.4467,2190,-37.24,33.9,14.3,26,1875,36.23,-35.7,14.1,26,-0.614,0,
C-B-1,1,0.31181,7.2102,17.4512,2187,-37.74,33.1,14.3,26,1878,36.73,-34.800000000000004,14.1,26,-0.614,0,
C-B-1,1,0.3128,7.1719,17.4527,2186,-36.73,34.800000000000004,14.3,26,1880,36.73,-34.800000000000004,14.1,26,-0.575,0,
C-B-1,1,0.31381,7.0952,17.4556,2184,-36.73,34.800000000000004,14.3,26,1882,36.23,-35.7,14.1,26,-0.575,0,
C-B-1,1,0.3148,6.9801,17.4599,2181,-37.24,33.9,14.3,26,1885,37.24,-33.9,14.1,26,-0.575,0,
C-B-1,1,0.3158,6.8651,17.4642,2178,-37.74,33.1,14.3,26,1888,37.74,-33.1,14.1,26,-0.575,0,
C-B-1,1,0.31681,6.7116,17.4698,2174,-37.24,33.9,14.3,26,1891,36.73,-34.800000000000004,14.1,26,-0.614,0,
C-B-1,1,0.3178,6.6349,17.4725,2172,-37.24,33.9,14.3,26,1894,36.73,-34.800000000000004,14.1,26,-0.575,0,
C-B-1,1,0.31881,6.5199,17.4765,2169,-38.24,32.2,14.3,26,1897,37.24,-33.9,14.1,26,-0.575,0,
C-B-1,1,0.3198,6.4432,17.4792,2167,-37.24,33.9,14.3,26,1899,37.24,-33.9,14.1,26,-0.575,0,
C-B-1,1,0.32081,6.3665,17.4818,2165,-37.24,33.9,14.3,26,1902,37.24,-33.9,14.1,26,-0.537,0,
C-B-1,1,0.32181,6.2898,17.4844,2163,-37.24,33.9,14.3,26,1903,36.73,-34.800000000000004,14.1,26,-0.575,0,
C-B-1,1,0.32281,6.2131,17.487,2161,-36.73,34.800000000000004,14.3,26,1906,37.24,-33.9,14.1,26,-0.537,0,
C-B-1,1,0.32382,6.098,17.4908,2158,-37.74,33.1,14.3,26,1908,37.24,-33.9,14.1,26,-0.575,0,
C-B-1,1,0.32481,6.0213,17.4933,2156,-37.24,33.9,14.3,26,1910,37.24,-33.9,14.1,26,-0.575,0,
C-B-1,1,0.32581,5.9062,17.4969,2153,-37.24,33.9,14.3,26,1914,36.23,-35.7,14.1,26,-0.537,0,
C-B-1,1,0.32681,5.8679,17.4981,2152,-36.73,34.800000000000004,14.3,26,1916,36.23,-35.7,14.1,26,-0.499,0,
C-B-1,1,0.32781,5.7912,17.5005,2150,-36.23,35.7,14.3,26,1918,36.23,-35.7,14.1,26,-0.499,0,
C-B-1,1,0.32881,5.6761,17.5041,2147,-37.24,33.9,14.3,26,1922,37.24,-33.9,14.1,26,-0.46,0,
C-B-1,1,0.32981,5.5994,17.5064,2145,-36.73,34.800000000000004,14.3,26,1924,37.24,-33.9,14.1,26,-0.46,0,
C-B-1,1,0.33081,5.446,17.5109,2141,-36.23,35.7,14.3,26,1925,36.23,-35.7,14.1,26,-0.575,0,
C-B-1,1,0.33182,5.3693,17.5131,2139,-36.23,35.7,14.3,26,1927,35.73,-36.6,14.1,26,-0.575,0,
C-B-1,1,0.33281,5.2543,17.5164,2136,-36.73,34.800000000000004,14.3,26,1930,37.24,-33.9,14.1,26,-0.575,0,
C-B-1,1,0.33381,5.1776,17.5185,2134,-36.73,34.800000000000004,14.3,26,1932,36.73,-34.800000000000004,14.1,26,-0.575,0,
C-B-1,1,0.33481,5.0625,17.5217,2131,-36.73,34.800000000000004,14.3,26,1936,36.23,-35.7,14.1,26,-0.537,0,
C-B-1,1,0.33581,5.0241,17.5227,2130,-36.23,35.7,14.3,26,1938,35.73,-36.6,14.1,26,-0.499,0,
C-B-1,1,0.33681,4.9091,17.5258,2127,-36.23,35.7,14.3,26,1941,36.73,-34.800000000000004,14.1,26,-0.499,0,
C-B-1,1,0.33781,4.8324,17.5278,2125,-36.73,34.800000000000004,14.3,26,1943,36.23,-35.7,14.1,26,-0.499,0,
C-B-1,1,0.33881,4.7173,17.5307,2122,-36.73,34.800000000000004,14.3,26,1946,36.73,-34.800000000000004,14.1,26,-0.499,0,
C-B-1,1,0.33981,4.5639,17.5345,2118,-36.23,35.7,14.3,26,1947,36.23,-35.7,14.1,26,-0.614,0,
C-B-1,1,0.34081,4.4489,17.5373,2115,-36.23,35.7,14.3,26,1950,36.23,-35.7,14.1,26,-0.614,0,
C-B-1,1,0.34181,4.3722,17.5391,2113,-36.73,34.800000000000004,14.3,26,1952,36.23,-35.7,14.1,26,-0.614,0,
C-B-1,1,0.34281,4.3338,17.54,2112,-36.73,34.800000000000004,14.3,26,1954,36.23,-35.7,14.1,26,-0.575,0,
C-B-1,1,0.34381,4.2188,17.5426,2109,-36.73,34.800000000000004,14.3,26,1959,35.73,-36.6,14.1,26,-0.499,0,
C-B-1,1,0.34481,4.1804,17.5435,2108,-35.73,36.6,14.3,26,1961,35.73,-36.6,14.1,26,-0.46,0,
C-B-1,1,0.34581,4.0653,17.5461,2105,-36.23,35.7,14.3,26,1964,36.73,-34.800000000000004,14.1,26,-0.46,0,
C-B-1,1,0.34681,3.9503,17.5485,2102,-36.73,34.800000000000004,14.3,26,1966,36.23,-35.7,14.1,26,-0.499,0,
C-B-1,1,0.34781,3.8736,17.5501,2100,-36.73,34.800000000000004,14.3,26,1969,36.23,-35.7,14.1,26,-0.46,0,
C-B-1,1,0.34881,3.7202,17.5532,2096,-36.23,35.7,14.3,26,1970,35.73,-36.6,14.1,26,-0.575,0,
C-B-1,1,0.34981,3.6051,17.5555,2093,-36.73,34.800000000000004,14.3,26,1972,35.22,-37.4,14.1,26,-0.614,0,
C-B-1,1,0.35081,3.5284,17.557,2091,-36.73,34.800000000000004,14.3,26,1975,36.23,-35.7,14.1,26,-0.575,0,
C-B-1,1,0.35181,3.4134,17.5591,2088,-37.24,33.9,14.4,26,1977,35.73,-36.6,14.1,26,-0.614,0,
C-B-1,1,0.35281,3.3366,17.5605,2086,-36.73,34.800000000000004,14.4,26,1980,36.23,-35.7,14.1,26,-0.575,0,
C-B-1,1,0.35381,3.2599,17.5618,2084,-36.73,34.800000000000004,14.4,26,1981,35.73,-36.6,14.1,26,-0.614,0,
C-B-1,1,0.35481,3.1832,17.5632,2082,-36.23,35.7,14.4,26,1985,36.23,-35.7,14.1,26,-0.537,0,
C-B-1,1,0.35581,3.1065,17.5645,2080,-36.73,34.800000000000004,14.4,26,1987,36.23,-35.7,14.1,26,-0.537,0,
C-B-1,1,0.35681,2.9915,17.5663,2077,-37.24,33.9,14.4,26,1990,36.73,-34.800000000000004,14.1,26,-0.537,0,
C-B-1,1,0.35782,2.8381,17.5687,2073,-36.73,34.800000000000004,14.4,26,1994,35.73,-36.6,14.1,26,-0.537,0,
C-B-1,1,0.35881,2.723,17.5704,2070,-36.73,34.800000000000004,14.4,26,1997,36.23,-35.7,14.1,26,-0.537,0,
C-B-1,1,0.35982,2.6463,17.5716,2068,-37.24,33.9,14.4,26,1999,36.73,-34.800000000000004,14.1,26,-0.537,0,
C-B-1,1,0.36081,2.5312,17.5731,2065,-37.74,33.1,14.4,26,2002,37.24,-33.9,14.1,26,-0.537,0,
C-B-1,1,0.36182,2.4545,17.5742,2063,-37.24,33.9,14.4,26,2004,36.73,-34.800000000000004,14.1,26,-0.537,0,
C-B-1,1,0.36281,2.3778,17.5752,2061,-37.24,33.9,14.4,26,2005,36.23,-35.7,14.1,26,-0.575,0,
C-B-1,1,0.36381,2.2628,17.5766,2058,-37.24,33.9,14.4,26,2008,36.73,-34.800000000000004,14.1,26,-0.575,0,
C-B-1,1,0.36482,2.1861,17.5775,2056,-37.74,33.1,14.4,26,2010,36.73,-34.800000000000004,14.1,26,-0.575,0,
C-B-1,1,0.36582,2.1094,17.5784,2054,-37.24,33.9,14.4,26,2013,37.24,-33.9,14.1,26,-0.537,0,
C-B-1,1,0.36682,1.9943,17.5797,2051,-37.74,33.1,14.4,26,2017,36.73,-34.800000000000004,14.1,26,-0.499,0,
C-B-1,1,0.36782,1.956,17.5801,2050,-36.73,34.800000000000004,14.4,26,2019,36.23,-35.7,14.1,26,-0.46,0,
C-B-1,1,0.36882,1.8793,17.5809,2048,-36.73,34.800000000000004,14.4,26,2022,37.24,-33.9,14.1,26,-0.422,0,
C-B-1,1,0.36982,1.7642,17.582,2045,-37.24,33.9,14.4,26,2024,36.73,-34.800000000000004,14.1,26,-0.46,0,
C-B-1,1,0.37082,1.6875,17.5827,2043,-36.73,34.800000000000004,14.4,26,2027,37.24,-33.9,14.1,26,-0.422,0,
C-B-1,1,0.37182,1.5341,17.584,2039,-36.73,34.800000000000004,14.4,26,2028,36.73,-34.800000000000004,14.1,26,-0.537,0,
C-B-1,1,0.37281,1.4574,17.5846,2037,-36.23,35.7,14.4,26,2031,36.73,-34.800000000000004,14.1,26,-0.499,0,
C-B-1,1,0.37381,1.3423,17.5855,2034,-37.24,33.9,14.4,26,2033,36.73,-34.800000000000004,14.1,26,-0.537,0,
C-B-1,1,0.37482,1.2273,17.5863,2031,-37.24,33.9,14.4,26,2036,37.24,-33.9,14.1,26,-0.537,0,
C-B-1,1,0.37582,1.1506,17.5868,2029,-36.73,34.800000000000004,14.4,26,2039,36.23,-35.7,14.1,26,-0.499,0,
C-B-1,1,0.37681,1.1122,17.587,2028,-36.23,35.7,14.4,26,2041,35.73,-36.6,14.1,26,-0.46,0,
C-B-1,1,0.37782,0.9972,17.5876,2025,-36.73,34.800000000000004,14.4,26,2044,36.73,-34.800000000000004,14.1,26,-0.46,0,
C-B-1,1,0.37882,0.8821,17.5882,2022,-37.24,33.9,14.4,26,2047,37.24,-33.9,14.1,26,-0.46,0,
C-B-1,1,0.37982,0.8054,17.5886,2020,-36.73,34.800000000000004,14.4,26,2050,37.24,-33.9,14.1,26,-0.422,0,
C-B-1,1,0.38081,0.652,17.5892,2016,-36.23,35.7,14.4,26,2051,36.73,-34.800000000000004,14.1,26,-0.537,0,
C-B-1,1,0.38181,0.5369,17.5895,2013,-36.73,34.800000000000004,14.4,26,2053,36.23,-35.7,14.1,26,-0.575,0,
C-B-1,1,0.38282,0.4219,17.5898,2010,-37.24,33.9,14.4,26,2056,37.24,-33.9,14.1,26,-0.575,0,
C-B-1,1,0.38382,0.3452,17.59,2008,-37.24,33.9,14.4,26,2058,36.73,-34.800000000000004,14.1,26,-0.575,0,
C-B-1,1,0.38482,0.2301,17.5902,2005,-37.74,33.1,14.4,26,2062,36.23,-35.7,14.1,26,-0.537,0,
C-B-1,1,0.38582,0.1918,17.5902,2004,-36.73,34.800000000000004,14.4,26,2065,36.73,-34.800000000000004,14.1,26,-0.46,0,
C-B-1,1,0.38682,0.0767,17.5903,2001,-36.73,34.800000000000004,14.4,26,2068,37.24,-33.9,14.1,26,-0.46,0,
C-B-1,1,0.38782,0.0,17.5903,1999,-37.24,33.9,14.4,26,2070,36.73,-34.800000000000004,14.1,26,-0.46,0,
C-B-1,1,0.38882,-0.1151,17.5903,1996,-37.24,33.9,14.4,26,2073,37.24,-33.9,14.1,26,-0.46,0,
C-B-1,1,0.38982,-0.2685,17.5901,1992,-36.73,34.800000000000004,14.4,26,2074,36.23,-35.7,14.1,26,-0.575,0,
C-B-1,1,0.39082,-0.3452,17.59,1990,-36.73,34.800000000000004,14.4,26,2076,36.23,-35.7,14.1,26,-0.575,0,
C-B-1,1,0.39182,-0.4602,17.5897,1987,-37.24,33.9,14.4,26,2079,37.24,-33.9,14.1,26,-0.575,0,
C-B-1,1,0.39282,-0.5369,17.5895,1985,-36.73,34.800000000000004,14.4,26,2082,37.24,-33.9,14.1,26,-0.537,0,
C-B-1,1,0.39382,-0.652,17.5892,1982,-37.74,33.1,14.4,26,2084,37.24,-33.9,14.1,26,-0.575,0,
C-B-1,1,0.39482,-0.6903,17.589,1981,-37.24,33.9,14.4,26,2085,36.23,-35.7,14.1,26,-0.575,0,
C-B-1,1,0.39582,-0.767,17.5887,1979,-36.73,34.800000000000004,14.4,26,2088,36.23,-35.7,14.1,26,-0.537,0,
C-B-1,1,0.39682,-0.8438,17.5884,1977,-37.24,33.9,14.4,26,2090,36.73,-34.800000000000004,14.1,26,-0.537,0,
C-B-1,1,0.39783,-0.9588,17.5878,1974,-37.74,33.1,14.4,26,2093,37.24,-33.9,14.1,26,-0.537,0,
C-B-1,1,0.39882,-1.1122,17.587,1970,-37.24,33.9,14.4,26,2097,36.73,-34.800000000000004,14.1,26,-0.537,0,
C-B-1,1,0.39982,-1.2273,17.5863,1967,-37.24,33.9,14.4,26,2099,36.23,-35.7,14.1,26,-0.575,0,
C-B-1,1,0.40083,-1.304,17.5858,1965,-37.74,33.1,14.4,26,2102,37.24,-33.9,14.1,26,-0.537,0,
C-B-1,1,0.40182,-1.419,17.5849,1962,-38.24,32.2,14.4,26,2104,36.73,-34.800000000000004,14.1,26,-0.575,0,
C-B-1,1,0.40283,-1.4957,17.5843,1960,-37.74,33.1,14.4,26,2107,37.24,-33.9,14.1,26,-0.537,0,
C-B-1,1,0.40382,-1.5724,17.5837,1958,-37.24,33.9,14.4,26,2109,36.73,-34.800000000000004,14.1,26,-0.537,0,
C-B-1,1,0.40482,-1.6491,17.583,1956,-37.24,33.9,14.4,26,2111,36.73,-34.800000000000004,14.1,26,-0.537,0,
C-B-1,1,0.40583,-1.7642,17.582,1953,-38.24,32.2,14.4,26,2114,37.74,-33.1,14.1,26,-0.537,0,
C-B-1,1,0.40682,-1.8409,17.5812,1951,-37.74,33.1,14.4,26,2116,37.74,-33.1,14.1,26,-0.537,0,
C-B-1,1,0.40782,-1.956,17.5801,1948,-37.24,33.9,14.4,26,2120,36.73,-34.800000000000004,14.1,26,-0.499,0,
C-B-1,1,0.40883,-1.9943,17.5797,1947,-36.73,34.800000000000004,14.4,26,2122,36.23,-35.7,14.1,26,-0.46,0,
C-B-1,1,0.40982,-2.071,17.5788,1945,-37.74,33.1,14.4,26,2124,36.73,-34.800000000000004,14.1,26,-0.46,0,
C-B-1,1,0.41081,-2.1861,17.5775,1942,-37.74,33.1,14.4,26,2128,37.74,-33.1,14.1,26,-0.422,0,
C-B-1,1,0.41182,-2.3011,17.5761,1939,-37.74,33.1,14.4,26,2130,37.24,-33.9,14.1,26,-0.46,0,
C-B-1,1,0.41281,-2.4162,17.5747,1936,-36.73,34.800000000000004,14.4,26,2131,36.73,-34.800000000000004,14.1,26,-0.537,0,
C-B-1,1,0.41382,-2.5312,17.5731,1933,-36.73,34.800000000000004,14.4,26,2133,36.23,-35.7,14.1,26,-0.575,0,
C-B-1,1,0.41482,-2.608,17.5721,1931,-37.24,33.9,14.4,26,2136,37.24,-33.9,14.1,26,-0.537,0,
C-B-1,1,0.41583,-2.6847,17.571,1929,-36.73,34.800000000000004,14.4,26,2138,36.73,-34.800000000000004,14.1,26,-0.537,0,
C-B-1,1,0.41683,-2.7997,17.5693,1926,-37.24,33.9,14.4,26,2142,36.23,-35.7,14.1,26,-0.499,0,
C-B-1,1,0.41783,-2.8381,17.5687,1925,-36.23,35.7,14.4,26,2145,36.23,-35.7,14.1,26,-0.422,0,
C-B-1,1,0.41881,-2.9531,17.567,1922,-36.23,35.7,14.4,26,2147,36.73,-34.800000000000004,14.1,26,-0.46,0,
C-B-1,1,0.41984,-3.0298,17.5657,1920,-36.73,34.800000000000004,14.4,26,2149,36.73,-34.800000000000004,14.1,26,-0.46,0,
C-B-1,1,0.42081,-3.1449,17.5638,1917,-37.24,33.9,14.4,26,2152,36.73,-34.800000000000004,14.1,26,-0.46,0,
C-B-1,1,0.42183,-3.2983,17.5612,1913,-36.73,34.800000000000004,14.4,26,2153,35.73,-36.6,14.1,26,-0.575,0,
C-B-1,1,0.42281,-3.4134,17.5591,1910,-36.23,35.7,14.4,26,2156,36.23,-35.7,14.1,26,-0.575,0,
C-B-1,1,0.42383,-3.4901,17.5577,1908,-36.73,34.800000000000004,14.4,26,2158,36.73,-34.800000000000004,14.1,26,-0.575,0,
C-B-1,1,0.42481,-3.6051,17.5555,1905,-37.24,33.9,14.4,26,2161,36.73,-34.800000000000004,14.1,26,-0.575,0,
C-B-1,1,0.42583,-3.7202,17.5532,1902,-37.74,33.1,14.4,26,2165,36.23,-35.7,14.1,26,-0.537,0,
C-B-1,1,0.42681,-3.7585,17.5525,1901,-36.73,34.800000000000004,14.4,26,2167,36.23,-35.7,14.1,26,-0.499,0,
C-B-1,1,0.42783,-3.8736,17.5501,1898,-37.24,33.9,14.4,26,2170,36.73,-34.800000000000004,14.1,26,-0.499,0,
C-B-1,1,0.42881,-3.9886,17.5477,1895,-37.74,33.1,14.4,26,2172,36.73,-34.800000000000004,14.1,26,-0.537,0,
C-B-1,1,0.42983,-4.0653,17.5461,1893,-37.24,33.9,14.4,26,2174,36.23,-35.7,14.1,26,-0.537,0,
C-B-1,1,0.43081,-4.2188,17.5426,1889,-36.73,34.800000000000004,14.4,26,2176,36.23,-35.7,14.1,26,-0.614,0,
C-B-1,1,0.43183,-4.3338,17.54,1886,-37.24,33.9,14.4,26,2179,36.23,-35.7,14.1,26,-0.614,0,
C-B-1,1,0.43281,-4.4105,17.5382,1884,-37.24,33.9,14.4,26,2181,36.23,-35.7,14.1,26,-0.614,0,
C-B-1,1,0.43383,-4.5256,17.5355,1881,-37.74,33.1,14.4,26,2184,36.73,-34.800000000000004,14.1,26,-0.614,0,
C-B-1,1,0.43481,-4.6406,17.5326,1878,-37.74,33.1,14.4,26,2187,36.23,-35.7,14.1,26,-0.614,0,
C-B-1,1,0.43583,-4.679,17.5317,1877,-37.24,33.9,14.4,26,2188,35.73,-36.6,14.1,26,-0.614,0,
C-B-1,1,0.43683,-4.7557,17.5298,1875,-36.73,34.800000000000004,14.4,26,2190,36.73,-34.800000000000004,14.1,26,-0.614,0,
C-B-1,1,0.43783,-4.8707,17.5268,1872,-37.74,33.1,14.4,26,2193,36.73,-34.800000000000004,14.1,26,-0.614,0,
C-B-1,1,0.43883,-4.9858,17.5238,1869,-38.24,32.2,14.4,26,2195,37.24,-33.9,14.1,26,-0.652,0,
C-B-1,1,0.43981,-5.1009,17.5206,1866,-36.73,34.800000000000004,14.4,26,2199,35.73,-36.6,14.1,26,-0.614,0,
C-B-1,1,0.44083,-5.2159,17.5175,1863,-37.24,33.9,14.4,26,2202,36.23,-35.7,14.1,26,-0.614,0,
C-B-1,1,0.44183,-5.2926,17.5153,1861,-37.74,33.1,14.4,26,2204,36.73,-34.800000000000004,14.1,26,-0.614,0,
C-B-1,1,0.44281,-5.446,17.5109,1857,-38.24,32.2,14.4,26,2207,37.24,-33.9,14.1,26,-0.652,0,
C-B-1,1,0.44383,-5.5227,17.5087,1855,-38.24,32.2,14.4,26,2210,37.24,-33.9,14.1,26,-0.614,0,
C-B-1,1,0.44481,-5.5611,17.5075,1854,-37.74,33.1,14.4,26,2211,36.73,-34.800000000000004,14.1,26,-0.614,0,
C-B-1,1,0.44583,-5.6761,17.5041,1851,-37.74,33.1,14.4,26,2214,36.73,-34.800000000000004,14.1,26,-0.614,0,
C-B-1,1,0.44681,-5.7912,17.5005,1848,-38.75,31.3,14.4,26,2216,37.24,-33.9,14.1,26,-0.652,0,
C-B-1,1,0.44783,-5.8679,17.4981,1846,-38.24,32.2,14.4,26,2219,37.24,-33.9,14.1,26,-0.614,0,
C-B-1,1,0.44883,-6.0213,17.4933,1842,-37.74,33.1,14.4,26,2223,37.24,-33.9,14.1,26,-0.614,0,
C-B-1,1,0.44982,-6.098,17.4908,1840,-37.24,33.9,14.4,26,2225,36.73,-34.800000000000004,14.1,26,-0.614,0,
C-B-1,1,0.45083,-6.2131,17.487,1837,-38.24,32.2,14.4,26,2227,37.24,-33.9,14.1,26,-0.652,0,
C-B-1,1,0.45181,-6.2898,17.4844,1835,-37.74,33.1,14.4,26,2230,37.24,-33.9,14.1,26,-0.614,0,
C-B-1,1,0.45283,-6.4048,17.4805,1832,-38.24,32.2,14.4,26,2232,37.24,-33.9,14.1,26,-0.652,0,
C-B-1,1,0.45382,-6.4432,17.4792,1831,-37.24,33.9,14.4,26,2234,36.73,-34.800000000000004,14.1,26,-0.614,0,
C-B-1,1,0.45483,-6.5199,17.4765,1829,-36.73,34.800000000000004,14.4,26,2236,36.73,-34.800000000000004,14.1,26,-0.614,0,
C-B-1,1,0.45582,-6.6349,17.4725,1826,-37.74,33.1,14.4,26,2238,36.73,-34.800000000000004,14.1,26,-0.652,0,
C-B-1,1,0.45683,-6.7116,17.4698,1824,-37.24,33.9,14.4,26,2240,36.73,-34.800000000000004,14.1,26,-0.652,0,
C-B-1,1,0.45782,-6.8267,17.4656,1821,-37.24,33.9,14.4,26,2244,36.23,-35.7,14.1,26,-0.614,0,
C-B-1,1,0.45883,-6.8651,17.4642,1820,-36.73,34.800000000000004,14.4,26,2247,36.73,-34.800000000000004,14.1,26,-0.537,0,
C-B-1,1,0.45982,-6.9801,17.4599,1817,-36.73,34.800000000000004,14.4,26,2249,36.73,-34.800000000000004,14.1,26,-0.575,0,
C-B-1,1,0.46083,-7.0568,17.4571,1815,-37.24,33.9,14.4,26,2251,36.23,-35.7,14.1,26,-0.575,0,
C-B-1,1,0.46183,-7.1719,17.4527,1812,-37.24,33.9,14.4,26,2254,36.73,-34.800000000000004,14.1,26,-0.575,0,
C-B-1,1,0.46282,-7.3253,17.4467,1808,-36.73,34.800000000000004,14.4,26,2255,35.73,-36.6,14.1,26,-0.69,0,
C-B-1,1,0.46384,-7.4403,17.4422,1805,-36.73,34.800000000000004,14.4,26,2257,35.22,-37.4,14.1,26,-0.729,0,
C-B-1,1,0.46482,-7.517,17.4391,1803,-37.24,33.9,14.4,26,2259,35.73,-36.6,14.1,26,-0.729,0,
C-B-1,1,0.46581,-7.5938,17.436,1801,-37.24,33.9,14.4,26,2262,36.23,-35.7,14.1,26,-0.69,0,
C-B-1,1,0.46682,-7.7088,17.4313,1798,-37.24,33.9,14.4,26,2266,35.73,-36.6,14.1,26,-0.652,0,
C-B-1,1,0.46783,-7.7855,17.4282,1796,-36.73,34.800000000000004,14.4,26,2269,35.73,-36.6,14.1,26,-0.614,0,
C-B-1,1,0.46882,-7.8622,17.425,1794,-36.73,34.800000000000004,14.1,26,2272,36.73,-34.800000000000004,14.1,26,-0.575,0,
C-B-1,1,0.46982,-7.9389,17.4217,1792,-37.74,33.1,14.1,26,2274,36.23,-35.7,14.1,26,-0.575,0,
C-B-1,1,0.47082,-8.054,17.4168,1789,-37.74,33.1,14.1,26,2277,36.73,-34.800000000000004,14.1,26,-0.575,0,
C-B-1,1,0.47181,-8.169,17.4118,1786,-36.23,35.7,14.1,26,2278,35.73,-36.6,14.1,26,-0.652,0,
C-B-1,1,0.47283,-8.2841,17.4068,1783,-36.73,34.800000000000004,14.1,26,2280,35.22,-37.4,14.1,26,-0.69,0,
C-B-1,1,0.47382,-8.3991,17.4016,1780,-37.74,33.1,14.1,26,2283,36.23,-35.7,14.1,26,-0.69,0,
C-B-1,1,0.47482,-8.4759,17.3982,1778,-37.24,33.9,14.1,26,2286,36.23,-35.7,14.1,26,-0.652,0,
C-B-1,1,0.47582,-8.5909,17.3929,1775,-37.24,33.9,14.1,26,2290,35.73,-36.6,14.1,26,-0.614,0,
C-B-1,1,0.47682,-8.6293,17.3912,1774,-36.73,34.800000000000004,14.1,26,2292,35.73,-36.6,14.1,26,-0.575,0,
C-B-1,1,0.47782,-8.7443,17.3859,1771,-37.24,33.9,14.1,26,2294,35.73,-36.6,14.1,26,-0.614,0,
C-B-1,1,0.47882,-8.821,17.3823,1769,-37.24,33.9,14.1,26,2296,35.73,-36.6,14.1,26,-0.614,0,
C-B-1,1,0.47981,-8.9361,17.3768,1766,-37.74,33.1,14.1,26,2299,36.23,-35.7,14.1,26,-0.614,0,
C-B-1,1,0.48082,-9.0895,17.3694,1762,-37.24,33.9,14.1,26,2300,35.22,-37.4,14.1,26,-0.729,0,
C-B-1,1,0.48182,-9.1662,17.3657,1760,-36.73,34.800000000000004,14.1,26,2303,35.73,-36.6,14.1,26,-0.69,0,
C-B-1,1,0.48282,-9.2429,17.3619,1758,-37.24,33.9,14.1,26,2305,35.73,-36.6,14.1,26,-0.69,0,
C-B-1,1,0.48382,-9.358,17.3562,1755,-37.74,33.1,14.1,26,2308,36.23,-35.7,14.1,26,-0.69,0,
C-B-1,1,0.48482,-9.473,17.3504,1752,-37.74,33.1,14.1,26,2310,36.23,-35.7,14.1,26,-0.729,0,
C-B-1,1,0.48582,-9.5114,17.3485,1751,-37.24,33.9,14.1,26,2312,36.23,-35.7,14.1,26,-0.69,0,
C-B-1,1,0.48682,-9.6264,17.3426,1748,-37.24,33.9,14.1,26,2314,35.73,-36.6,14.1,26,-0.729,0,
C-B-1,1,0.48782,-9.7031,17.3387,1746,-37.74,33.1,14.1,26,2316,36.23,-35.7,14.1,26,-0.729,0,
C-B-1,1,0.48882,-9.8182,17.3327,1743,-37.74,33.1,14.1,26,2319,36.23,-35.7,14.1,26,-0.729,0,
C-B-1,1,0.48982,-9.9332,17.3266,1740,-36.73,34.800000000000004,14.1,26,2323,36.23,-35.7,14.1,26,-0.69,0,
C-B-1,1,0.49082,-10.0483,17.3205,1737,-37.24,33.9,14.1,26,2326,36.23,-35.7,14.1,26,-0.69,0,
C-B-1,1,0.49182,-10.125,17.3164,1735,-37.24,33.9,14.1,26,2328,36.73,-34.800000000000004,14.1,26,-0.69,0,
C-B-1,1,0.49282,-10.2401,17.3101,1732,-37.24,33.9,14.1,26,2331,37.24,-33.9,14.1,26,-0.69,0,
C-B-1,1,0.49382,-10.3168,17.3059,1730,-37.24,33.9,14.1,26,2333,37.24,-33.9,14.1,26,-0.69,0,
C-B-1,1,0.49482,-10.3935,17.3017,1728,-37.24,33.9,14.1,26,2335,36.73,-34.800000000000004,14.1,26,-0.69,0,
C-B-1,1,0.49582,-10.4318,17.2996,1727,-36.73,34.800000000000004,14.1,26,2337,36.23,-35.7,14.1,26,-0.652,0,
C-B-1,1,0.49682,-10.5469,17.2931,1724,-37.24,33.9,14.1,26,2339,36.73,-34.800000000000004,14.1,26,-0.69,0,
C-B-1,1,0.49782,-10.6619,17.2866,1721,-37.74,33.1,14.1,26,2342,36.73,-34.800000000000004,14.1,26,-0.69,0,
C-B-1,1,0.49882,-10.7386,17.2823,1719,-37.24,33.9,14.1,26,2345,35.73,-36.6,14.1,26,-0.652,0,
C-B-1,1,0.49982,-10.777,17.2801,1718,-36.23,35.7,14.1,26,2348,35.73,-36.6,14.1,26,-0.575,0,
C-B-1,1,0.50082,-10.892,17.2734,1715,-36.73,34.800000000000004,14.1,26,2350,36.23,-35.7,14.1,26,-0.614,0,
C-B-1,1,0.50182,-10.9688,17.269,1713,-37.24,33.9,14.1,26,2353,36.73,-34.800000000000004,14.1,26,-0.575,0,
C-B-1,1,0.50282,-11.0838,17.2622,1710,-37.24,33.9,14.1,26,2354,35.73,-36.6,14.1,26,-0.652,0,
C-B-1,1,0.50382,-11.2372,17.2531,1706,-36.73,34.800000000000004,14.1,26,2356,35.22,-37.4,14.1,26,-0.729,0,
C-B-1,1,0.50483,-11.3139,17.2485,1704,-36.23,35.7,14.1,26,2358,35.22,-37.4,14.1,26,-0.729,0,
C-B-1,1,0.50582,-11.3906,17.2438,1702,-36.73,34.800000000000004,14.1,26,2361,35.73,-36.6,14.1,26,-0.69,0,
C-B-1,1,0.50682,-11.5057,17.2368,1699,-36.73,34.800000000000004,14.1,26,2363,35.73,-36.6,14.1,26,-0.729,0,
C-B-1,1,0.50782,-11.6207,17.2298,1696,-37.24,33.9,14.1,26,2367,35.73,-36.6,14.1,26,-0.69,0,
C-B-1,1,0.50883,-11.6591,17.2274,1695,-36.23,35.7,14.1,26,2370,35.73,-36.6,14.1,26,-0.614,0,
C-B-1,1,0.50982,-11.7741,17.2202,1692,-36.73,34.800000000000004,14.1,26,2372,36.23,-35.7,14.1,26,-0.652,0,
C-B-1,1,0.51083,-11.8892,17.213,1689,-37.24,33.9,14.1,26,2375,36.23,-35.7,14.1,26,-0.652,0,
C-B-1,1,0.51182,-11.9659,17.2081,1687,-37.24,33.9,14.1,26,2378,36.73,-34.800000000000004,14.1,26,-0.614,0,
C-B-1,1,0.51283,-12.1193,17.1983,1683,-36.73,34.800000000000004,14.1,26,2379,35.73,-36.6,14.1,26,-0.729,0,
C-B-1,1,0.51382,-12.2344,17.1908,1680,-36.73,34.800000000000004,14.1,26,2382,36.23,-35.7,14.1,26,-0.729,0,
C-B-1,1,0.51483,-12.3111,17.1858,1678,-37.24,33.9,14.1,26,2385,36.73,-34.800000000000004,14.1,26,-0.69,0,
C-B-1,1,0.51582,-12.4261,17.1782,1675,-37.24,33.9,14.1,26,2387,36.73,-34.800000000000004,14.1,26,-0.729,0,
C-B-1,1,0.51683,-12.5412,17.1706,1672,-37.74,33.1,14.1,26,2391,36.23,-35.7,14.1,26,-0.69,0,
C-B-1,1,0.51782,-12.5795,17.168,1671,-36.73,34.800000000000004,14.1,26,2393,35.73,-36.6,14.1,26,-0.652,0,
C-B-1,1,0.51883,-12.6562,17.1629,1669,-36.73,34.800000000000004,14.1,26,2396,36.73,-34.800000000000004,14.1,26,-0.614,0,
C-B-1,1,0.51982,-12.7713,17.1551,1666,-37.74,33.1,14.1,26,2398,36.23,-35.7,14.1,26,-0.652,0,
C-B-1,1,0.52083,-12.848,17.1499,1664,-37.24,33.9,14.1,26,2401,36.73,-34.800000000000004,14.1,26,-0.614,0,
C-B-1,1,0.52182,-13.0014,17.1394,1660,-36.73,34.800000000000004,14.1,26,2402,35.73,-36.6,14.1,26,-0.729,0,
C-B-1,1,0.52283,-13.1165,17.1314,1657,-37.24,33.9,14.1,26,2405,36.23,-35.7,14.1,26,-0.729,0,
C-B-1,1,0.52382,-13.1932,17.126,1655,-37.24,33.9,14.1,26,2407,36.23,-35.7,14.1,26,-0.729,0,
C-B-1,1,0.52482,-13.3082,17.1179,1652,-37.74,33.1,14.1,26,2410,36.73,-34.800000000000004,14.1,26,-0.729,0,
C-B-1,1,0.52583,-13.3849,17.1125,1650,-37.24,33.9,14.1,26,2412,36.73,-34.800000000000004,14.1,26,-0.729,0,
C-B-1,1,0.52683,-13.4233,17.1098,1649,-36.23,35.7,14.1,26,2413,35.73,-36.6,14.1,26,-0.729,0,
C-B-1,1,0.52783,-13.5384,17.1015,1646,-36.73,34.800000000000004,14.1,26,2416,36.23,-35.7,14.1,26,-0.729,0,
C-B-1,1,0.52883,-13.6534,17.0932,1643,-37.74,33.1,14.1,26,2418,36.73,-34.800000000000004,14.1,26,-0.767,0,
C-B-1,1,0.52983,-13.6918,17.0905,1642,-36.73,34.800000000000004,14.1,26,2421,36.73,-34.800000000000004,14.1,26,-0.69,0,
C-B-1,1,0.53083,-13.8835,17.0764,1637,-36.73,34.800000000000004,14.1,26,2425,36.23,-35.7,14.1,26,-0.729,0,
C-B-1,1,0.53183,-13.9602,17.0708,1635,-36.73,34.800000000000004,14.1,26,2428,37.24,-33.9,14.1,26,-0.69,0,
C-B-1,1,0.53283,-14.0753,17.0622,1632,-37.24,33.9,14.1,26,2430,37.24,-33.9,14.1,26,-0.729,0,
C-B-1,1,0.53383,-14.152,17.0565,1630,-37.24,33.9,14.1,26,2433,37.74,-33.1,14.1,26,-0.69,0,
C-B-1,1,0.53483,-14.267,17.0478,1627,-37.74,33.1,14.1,26,2435,37.24,-33.9,14.1,26,-0.729,0,
C-B-1,1,0.53583,-14.3054,17.0449,1626,-36.73,34.800000000000004,14.1,26,2437,37.24,-33.9,14.1,26,-0.69,0,
C-B-1,1,0.53683,-14.3821,17.039,1624,-36.23,35.7,14.1,26,2439,36.73,-34.800000000000004,14.1,26,-0.69,0,
C-B-1,1,0.53783,-14.4972,17.0302,1621,-37.24,33.9,14.1,26,2442,37.74,-33.1,14.1,26,-0.69,0,
C-B-1,1,0.53883,-14.6122,17.0214,1618,-37.24,33.9,14.1,26,2443,36.73,-34.800000000000004,14.1,26,-0.767,0,
C-B-1,1,0.53983,-14.6889,17.0154,1616,-36.73,34.800000000000004,14.1,26,2448,36.73,-34.800000000000004,14.1,26,-0.652,0,
C-B-1,1,0.54083,-14.8423,17.0034,1612,-36.73,34.800000000000004,14.1,26,2450,36.23,-35.7,14.1,26,-0.729,0,
C-B-1,1,0.54183,-14.919,16.9974,1610,-36.73,34.800000000000004,14.1,26,2452,36.73,-34.800000000000004,14.1,26,-0.729,0,
C-B-1,1,0.54283,-15.0341,16.9882,1607,-36.73,34.800000000000004,14.1,26,2454,36.23,-35.7,14.1,26,-0.767,0,
C-B-1,1,0.54383,-15.0724,16.9852,1606,-36.23,35.7,14.1,26,2457,36.23,-35.7,14.1,26,-0.69,0,
C-B-1,1,0.54483,-15.1491,16.979,1604,-35.73,36.6,14.1,26,2458,35.73,-36.6,14.1,26,-0.729,0,
C-B-1,1,0.54583,-15.2642,16.9698,1601,-35.73,36.6,14.1,26,2460,35.22,-37.4,14.1,26,-0.767,0,
C-B-1,1,0.54683,-15.3026,16.9667,1600,-36.23,35.7,14.1,26,2463,36.23,-35.7,14.1,26,-0.69,0,
C-B-1,1,0.54783,-15.4176,16.9573,1597,-36.73,34.800000000000004,14.1,26,2465,36.23,-35.7,14.1,26,-0.729,0,
C-B-1,1,0.54883,-15.5327,16.9479,1594,-36.73,34.800000000000004,14.1,26,2469,35.73,-36.6,14.1,26,-0.69,0,
C-B-1,1,0.54983,-15.5327,16.9479,1594,-35.73,36.6,14.1,26,2471,35.22,-37.4,14.1,26,-0.614,0,
C-B-1,1,0.55083,-15.6861,16.9352,1590,-36.23,35.7,14.1,26,2474,36.23,-35.7,14.1,26,-0.652,0,
C-B-1,1,0.55184,-15.7628,16.9288,1588,-36.73,34.800000000000004,14.1,26,2477,36.23,-35.7,14.1,26,-0.614,0,
C-B-1,1,0.55283,-15.8778,16.9192,1585,-36.73,34.800000000000004,14.1,26,2479,36.23,-35.7,14.1,26,-0.652,0,
C-B-1,1,0.55384,-16.0312,16.9062,1581,-36.23,35.7,14.1,26,2480,35.22,-37.4,14.1,26,-0.767,0,
C-B-1,1,0.55483,-16.108,16.8997,1579,-36.23,35.7,14.1,26,2483,35.73,-36.6,14.1,26,-0.729,0,
C-B-1,1,0.55583,-16.223,16.8899,1576,-37.24,33.9,14.1,26,2486,36.73,-34.800000000000004,14.1,26,-0.729,0,
C-B-1,1,0.55683,-16.3381,16.88,1573,-37.24,33.9,14.1,26,2489,36.73,-34.800000000000004,14.1,26,-0.729,0,
C-B-1,1,0.55783,-16.4148,16.8734,1571,-36.73,34.800000000000004,14.1,26,2493,36.23,-35.7,14.1,26,-0.652,0,
C-B-1,1,0.55883,-16.4915,16.8667,1569,-37.24,33.9,14.1,26,2495,36.23,-35.7,14.1,26,-0.652,0,
C-B-1,1,0.55983,-16.5682,16.86,1567,-36.73,34.800000000000004,14.1,26,2498,36.73,-34.800000000000004,14.1,26,-0.614,0,
C-B-1,1,0.56083,-16.6449,16.8533,1565,-36.73,34.800000000000004,14.1,26,2500,36.23,-35.7,14.1,26,-0.614,0,
C-B-1,1,0.56184,-16.7599,16.8431,1562,-37.24,33.9,14.1,26,2503,36.73,-34.800000000000004,14.1,26,-0.614,0,
C-B-1,1,0.56283,-16.9134,16.8295,1558,-36.73,34.800000000000004,14.1,26,2504,35.73,-36.6,14.1,26,-0.729,0,
C-B-1,1,0.56384,-17.0284,16.8191,1555,-36.73,34.800000000000004,14.1,26,2506,35.73,-36.6,14.1,26,-0.767,0,
C-B-1,1,0.56483,-17.1051,16.8122,1553,-37.24,33.9,14.1,26,2509,36.23,-35.7,14.1,26,-0.729,0,
C-B-1,1,0.56584,-17.2202,16.8018,1550,-37.74,33.1,14.1,26,2512,36.73,-34.800000000000004,14.1,26,-0.729,0,
C-B-1,1,0.56683,-17.2969,16.7948,1548,-37.24,33.9,14.1,26,2515,36.23,-35.7,14.1,26,-0.69,0,
C-B-1,1,0.56784,-17.3736,16.7878,1546,-36.73,34.800000000000004,14.1,26,2515,36.23,-35.7,14.1,26,-0.767,0,
C-B-1,1,0.56884,-17.4503,16.7808,1544,-36.73,34.800000000000004,14.1,26,2520,36.23,-35.7,14.1,26,-0.652,0,
C-B-1,1,0.56984,-17.5653,16.7701,1541,-37.24,33.9,14.1,26,2520,36.73,-34.800000000000004,14.1,26,-0.767,0,
C-B-1,1,0.57083,-17.642,16.763,1539,-37.24,33.9,14.1,26,2526,37.24,-33.9,14.1,26,-0.614,0,
C-B-1,1,0.57184,-17.7955,16.7487,1535,-36.73,34.800000000000004,14.1,26,2527,36.73,-34.800000000000004,14.1,26,-0.729,0,
C-B-1,1,0.57283,-17.9105,16.7378,1532,-37.74,33.1,14.1,26,2529,36.23,-35.7,14.1,26,-0.767,0,
C-B-1,1,0.57383,-18.0256,16.727,1529,-38.24,32.2,14.1,26,2532,37.24,-33.9,14.1,26,-0.767,0,
C-B-1,1,0.57484,-18.1023,16.7197,1527,-37.74,33.1,14.1,26,2534,37.24,-33.9,14.1,26,-0.767,0,
C-B-1,1,0.57593,-18.2173,16.7086,1524,-38.24,32.2,14.1,26,2537,37.24,-33.9,14.1,26,-0.767,0,
C-B-1,1,0.57693,-18.2173,16.7086,1524,-36.73,34.800000000000004,14.1,26,2541,36.73,-34.800000000000004,14.1,26,-0.614,0,
C-B-1,1,0.57793,-18.3324,16.6976,1521,-36.73,34.800000000000004,14.1,26,2544,37.74,-33.1,14.1,26,-0.614,0,
C-B-1,1,0.57893,-18.4091,16.6901,1519,-37.74,33.1,14.1,26,2547,38.24,-32.2,14.1,26,-0.575,0,
C-B-1,1,0.57983,-18.5241,16.679,1516,-37.24,33.9,14.1,26,2547,37.74,-33.1,14.1,26,-0.69,0,
C-B-1,1,0.58092,-18.6776,16.6639,1512,-36.73,34.800000000000004,14.1,26,2550,36.73,-34.800000000000004,14.1,26,-0.729,0,
C-B-1,1,0.58192,-18.7926,16.6526,1509,-37.24,33.9,14.1,26,2553,37.24,-33.9,14.1,26,-0.729,0,
C-B-1,1,0.58296,-18.8693,16.645,1507,-37.24,33.9,14.1,26,2555,37.74,-33.1,14.1,26,-0.729,0,
C-B-1,1,0.58385,-18.946,16.6374,1505,-37.24,33.9,14.1,26,2557,37.24,-33.9,14.1,26,-0.729,0,
C-B-1,1,0.58483,-19.0611,16.6259,1502,-37.24,33.9,15.7,26,2560,37.24,-33.9,14.0,26,-0.729,0,
C-B-1,1,0.58584,-19.0994,16.622,1501,-36.23,35.7,15.7,26,2561,36.23,-35.7,14.0,26,-0.729,0,
C-B-1,1,0.58684,-19.2145,16.6104,1498,-36.73,34.800000000000004,15.7,26,2563,36.23,-35.7,14.0,26,-0.767,0,
C-B-1,1,0.58784,-19.2912,16.6026,1496,-36.73,34.800000000000004,15.7,26,2566,36.73,-34.800000000000004,14.0,26,-0.729,0,
C-B-1,1,0.58884,-19.4062,16.5909,1493,-37.24,33.9,15.7,26,2569,37.24,-33.9,14.0,26,-0.729,0,
C-B-1,1,0.58984,-19.5213,16.5792,1490,-37.74,33.1,15.7,26,2572,36.23,-35.7,14.0,26,-0.729,0,
C-B-1,1,0.59083,-19.5597,16.5752,1489,-36.73,34.800000000000004,15.7,26,2574,35.73,-36.6,14.0,26,-0.69,0,
C-B-1,1,0.59184,-19.6747,16.5634,1486,-36.73,34.800000000000004,15.7,26,2577,36.73,-34.800000000000004,14.0,26,-0.69,0,
C-B-1,1,0.59284,-19.7514,16.5554,1484,-37.24,33.9,15.7,26,2579,36.73,-34.800000000000004,14.0,26,-0.69,0,
C-B-1,1,0.59384,-19.8281,16.5475,1482,-36.73,34.800000000000004,15.7,26,2582,36.73,-34.800000000000004,14.0,26,-0.652,0,
C-B-1,1,0.59484,-20.0199,16.5274,1477,-36.73,34.800000000000004,15.7,26,2583,35.73,-36.6,14.0,26,-0.805,0,
C-B-1,1,0.59583,-20.1349,16.5153,1474,-37.24,33.9,15.7,26,2586,36.23,-35.7,14.0,26,-0.805,0,
C-B-1,1,0.59684,-20.2116,16.5071,1472,-37.24,33.9,15.7,26,2588,36.73,-34.800000000000004,14.0,26,-0.805,0,
C-B-1,1,0.59783,-20.2884,16.499,1470,-37.74,33.1,15.7,26,2591,36.73,-34.800000000000004,14.0,26,-0.767,0,
C-B-1,1,0.59883,-20.3651,16.4908,1468,-37.24,33.9,15.7,26,2595,36.23,-35.7,14.0,26,-0.69,0,
C-B-1,1,0.59984,-20.4418,16.4826,1466,-37.24,33.9,15.7,26,2598,36.23,-35.7,14.0,26,-0.652,0,
C-B-1,1,0.60084,-20.5568,16.4702,1463,-37.24,33.9,15.7,26,2600,36.73,-34.800000000000004,14.0,26,-0.69,0,
C-B-1,1,0.60184,-20.6335,16.462,1461,-37.74,33.1,15.7,26,2603,37.24,-33.9,14.0,26,-0.652,0,
C-B-1,1,0.60284,-20.7102,16.4536,1459,-37.24,33.9,15.7,26,2606,37.24,-33.9,14.0,26,-0.614,0,
C-B-1,1,0.60384,-20.902,16.4327,1454,-37.24,33.9,15.7,26,2607,36.73,-34.800000000000004,14.0,26,-0.767,0,
C-B-1,1,0.60484,-20.9787,16.4243,1452,-36.73,34.800000000000004,15.7,26,2610,36.73,-34.800000000000004,14.0,26,-0.729,0,
C-B-1,1,0.60584,-21.0938,16.4116,1449,-38.24,32.2,15.7,26,2612,37.24,-33.9,14.0,26,-0.767,0,
C-B-1,1,0.60684,-21.1705,16.4031,1447,-37.74,33.1,15.7,26,2615,37.24,-33.9,14.0,26,-0.729,0,
C-B-1,1,0.60784,-21.2855,16.3904,1444,-38.24,32.2,15.7,26,2619,36.23,-35.7,14.0,26,-0.69,0,
C-B-1,1,0.60885,-21.3239,16.3861,1443,-37.24,33.9,15.7,26,2621,36.23,-35.7,14.0,26,-0.652,0,
C-B-1,1,0.60984,-21.4006,16.3775,1441,-36.73,34.800000000000004,15.7,26,2624,36.73,-34.800000000000004,14.0,26,-0.614,0,
C-B-1,1,0.61084,-21.5156,16.3646,1438,-37.74,33.1,15.7,26,2626,36.73,-34.800000000000004,14.0,26,-0.652,0,
C-B-1,1,0.61184,-21.6307,16.3516,1435,-37.74,33.1,15.7,26,2628,36.73,-34.800000000000004,14.0,26,-0.69,0,
C-B-1,1,0.61284,-21.7841,16.3342,1431,-37.74,33.1,15.7,26,2630,36.73,-34.800000000000004,14.0,26,-0.767,0,
C-B-1,1,0.61384,-21.8608,16.3254,1429,-37.24,33.9,15.7,26,2632,36.23,-35.7,14.0,26,-0.767,0,
C-B-1,1,0.61485,-21.9759,16.3122,1426,-38.24,32.2,15.7,26,2634,36.73,-34.800000000000004,14.0,26,-0.805,0,
C-B-1,1,0.61584,-22.0526,16.3034,1424,-37.74,33.1,15.7,26,2637,37.24,-33.9,14.0,26,-0.767,0,
C-B-1,1,0.61684,-22.1676,16.2901,1421,-38.24,32.2,15.7,26,2639,36.73,-34.800000000000004,14.0,26,-0.805,0,
C-B-1,1,0.61784,-22.206,16.2857,1420,-37.24,33.9,15.7,26,2641,36.23,-35.7,14.0,26,-0.767,0,
C-B-1,1,0.61883,-22.2827,16.2767,1418,-36.73,34.800000000000004,15.7,26,2643,36.73,-34.800000000000004,14.0,26,-0.767,0,
C-B-1,1,0.61984,-22.3977,16.2633,1415,-37.74,33.1,15.7,26,2646,37.24,-33.9,14.0,26,-0.767,0,
C-B-1,1,0.62084,-22.5128,16.2498,1412,-37.74,33.1,15.7,26,2649,37.74,-33.1,14.0,26,-0.767,0,
C-B-1,1,0.62184,-22.6662,16.2317,1408,-37.74,33.1,15.7,26,2653,37.24,-33.9,14.0,26,-0.767,0,
C-B-1,1,0.62284,-22.7045,16.2272,1407,-37.24,33.9,15.7,26,2655,36.73,-34.800000000000004,14.0,26,-0.729,0,
C-B-1,1,0.62384,-22.8196,16.2135,1404,-37.74,33.1,15.7,26,2658,37.74,-33.1,14.0,26,-0.729,0,
C-B-1,1,0.62484,-22.9347,16.1998,1401,-37.74,33.1,15.7,26,2660,37.24,-33.9,14.0,26,-0.767,0,
C-B-1,1,0.62584,-23.0114,16.1906,1399,-37.74,33.1,15.7,26,2663,37.74,-33.1,14.0,26,-0.729,0,
C-B-1,1,0.62684,-23.0881,16.1814,1397,-37.24,33.9,15.7,26,2663,36.23,-35.7,14.0,26,-0.805,0,
C-B-1,1,0.62784,-23.1648,16.1721,1395,-37.24,33.9,15.7,26,2666,36.23,-35.7,14.0,26,-0.767,0,
C-B-1,1,0.62884,-23.2798,16.1582,1392,-37.74,33.1,15.7,26,2669,37.24,-33.9,14.0,26,-0.767,0,
C-B-1,1,0.62984,-23.3565,16.1489,1390,-37.24,33.9,15.7,26,2671,36.73,-34.800000000000004,14.0,26,-0.767,0,
C-B-1,1,0.63084,-23.4716,16.1348,1387,-37.74,33.1,15.7,26,2675,36.23,-35.7,14.0,26,-0.729,0,
C-B-1,1,0.63184,-23.5099,16.1302,1386,-37.24,33.9,15.7,26,2677,35.73,-36.6,14.0,26,-0.69,0,
C-B-1,1,0.63284,-23.625,16.116,1383,-37.24,33.9,15.7,26,2680,36.73,-34.800000000000004,14.0,26,-0.69,0,
C-B-1,1,0.63384,-23.7017,16.1066,1381,-37.24,33.9,15.7,26,2682,36.23,-35.7,14.0,26,-0.69,0,
C-B-1,1,0.63484,-23.8168,16.0923,1378,-37.74,33.1,15.7,26,2685,36.73,-34.800000000000004,14.0,26,-0.69,0,
C-B-1,1,0.63585,-23.9702,16.0733,1374,-37.24,33.9,15.7,26,2686,35.73,-36.6,14.0,26,-0.805,0,
C-B-1,1,0.63684,-24.0852,16.0589,1371,-37.24,33.9,15.7,26,2689,36.23,-35.7,14.0,26,-0.805,0,
C-B-1,1,0.63785,-24.2003,16.0444,1368,-38.24,32.2,15.7,26,2691,36.23,-35.7,14.0,26,-0.844,0,
C-B-1,1,0.63884,-24.277,16.0348,1366,-38.24,32.2,15.7,26,2694,36.73,-34.800000000000004,14.0,26,-0.805,0,
C-B-1,1,0.63984,-24.392,16.0202,1363,-38.24,31.900000000000002,15.7,26,2698,36.23,-35.7,14.0,26,-0.767,0,
C-B-1,1,0.64084,-24.4304,16.0154,1362,-37.24,33.9,15.7,26,2701,36.73,-34.800000000000004,14.0,26,-0.69,0,
C-B-1,1,0.64184,-24.5455,16.0007,1359,-37.74,32.0,15.7,26,2704,37.24,-33.9,14.0,26,-0.69,0,
C-B-1,1,0.64285,-24.6605,15.986,1356,-38.24,30.3,15.7,26,2706,37.24,-33.9,14.0,26,-0.729,0,
C-B-1,1,0.64384,-24.7372,15.9762,1354,-38.24,29.5,15.7,26,2709,37.74,-33.1,14.0,26,-0.69,0,
C-B-1,1,0.64484,-24.8906,15.9564,1350,-37.74,29.6,15.7,26,2711,37.24,-33.9,14.0,26,-0.767,0,
C-B-1,1,0.64585,-25.0057,15.9415,1347,-37.74,28.0,15.7,26,2713,37.24,-33.9,14.0,26,-0.805,0,
C-B-1,1,0.64684,-25.0824,15.9315,1345,-38.24,27.1,15.7,26,2716,37.74,-33.1,14.0,26,-0.767,0,
C-B-1,1,0.64785,-25.1591,15.9215,1343,-38.75,24.6,15.7,26,2718,37.74,-33.1,14.0,26,-0.767,0,
C-B-1,1,0.64884,-25.2358,15.9115,1341,-38.24,24.700000000000003,15.7,26,2722,36.73,-34.800000000000004,14.0,26,-0.69,0,
C-B-1,1,0.64984,-25.3125,15.9015,1339,-37.74,24.8,15.7,26,2724,36.73,-34.5,14.0,26,-0.69,0,
C-B-1,1,0.65085,-25.3892,15.8914,1337,-37.24,24.8,15.7,26,2727,37.24,-32.800000000000004,14.0,26,-0.652,0,
C-B-1,1,0.65185,-25.4659,15.8813,1335,-37.74,23.200000000000003,15.7,26,2730,37.74,-30.400000000000002,14.0,26,-0.614,0,
C-B-1,1,0.65285,-25.581,15.866,1332,-38.24,20.700000000000003,15.7,26,2732,37.24,-31.200000000000003,14.0,26,-0.652,0,
C-B-1,1,0.65384,-25.696,15.8508,1329,-36.73,22.5,15.7,26,2733,36.73,-32.1,14.0,26,-0.729,0,
C-B-1,1,0.65485,-25.8111,15.8354,1326,-37.24,20.0,15.7,26,2736,36.73,-30.5,14.0,26,-0.729,0,
C-B-1,1,0.65584,-25.8878,15.8251,1324,-37.24,18.400000000000002,15.7,26,2739,38.24,-26.3,14.0,26,-0.69,0,
C-B-1,1,0.65684,-25.9645,15.8148,1322,-37.24,17.6,15.7,26,2741,37.74,-27.200000000000003,14.0,26,-0.69,0,
C-B-1,1,0.65784,-26.0795,15.7993,1319,-37.24,16.0,15.7,26,2743,37.24,-27.200000000000003,14.0,26,-0.729,0,
C-B-1,1,0.65885,-26.1179,15.7942,1318,-36.73,16.1,15.7,26,2744,36.73,-28.1,14.0,26,-0.729,0,
C-B-1,1,0.65985,-26.1946,15.7838,1316,-36.23,16.2,15.7,26,2747,36.73,-26.5,14.0,26,-0.69,0,
C-B-1,1,0.66085,-26.2713,15.7734,1314,-36.73,13.700000000000001,15.7,26,2750,37.74,-23.200000000000003,14.0,26,-0.652,0,
C-B-1,1,0.66186,-26.348,15.7629,1312,-36.23,13.0,15.7,26,2752,37.24,-21.6,14.0,26,-0.652,0,
C-B-1,1,0.66285,-26.5014,15.742,1308,-35.73,10.700000000000001,15.7,26,2756,37.24,-20.8,14.0,26,-0.652,0,
C-B-1,1,0.66385,-26.5398,15.7367,1307,-34.72,11.600000000000001,15.7,26,2758,36.73,-20.900000000000002,14.0,26,-0.614,0,
C-B-1,1,0.66485,-26.6548,15.7209,1304,-35.73,7.5,15.7,26,2761,37.74,-16.8,14.0,26,-0.614,0,
C-B-1,1,0.66585,-26.7315,15.7103,1302,-35.22,6.7,15.7,26,2762,36.73,-17.7,14.0,26,-0.652,0,
C-B-1,1,0.66685,-26.7699,15.705,1301,-34.22,7.7,15.7,26,2765,37.24,-14.4,14.0,26,-0.575,0,
C-B-1,1,0.66785,-26.8466,15.6944,1299,-34.22,6.1000000000000005,15.7,26,2766,36.23,-15.4,14.0,26,-0.614,0,
C-B-1,1,0.66885,-26.8849,15.6891,1298,-33.21,7.0,15.7,26,2768,35.73,-14.700000000000001,14.0,26,-0.575,0,
C-B-1,1,0.66985,-27.0,15.6731,1295,-34.22,2.9000000000000004,15.7,26,2770,36.23,-12.200000000000001,14.0,26,-0.614,0,
C-B-1,1,0.67085,-27.0384,15.6677,1294,-33.21,3.8000000000000003,15.7,26,2772,35.73,-11.5,14.0,26,-0.575,0,
C-B-1,1,0.67185,-27.1534,15.6516,1291,-32.2,3.2,15.7,26,2775,34.72,-10.8,14.0,26,-0.575,0,
C-B-1,1,0.67285,-27.2301,15.6409,1289,-31.7,2.5,15.7,26,2777,34.22,-10.100000000000001,14.0,26,-0.575,0,
C-B-1,1,0.67385,-27.3068,15.6301,1287,-32.2,0.0,15.7,26,2779,34.22,-8.5,14.0,26,-0.575,0,
C-B-1,1,0.67486,-27.3452,15.6247,1286,-31.2,0.9,15.7,26,2781,34.22,-6.9,14.0,26,-0.537,0,
C-B-1,1,0.67585,-27.4219,15.6139,1284,-31.2,-0.7000000000000001,15.7,26,2782,33.21,-7.800000000000001,14.0,26,-0.575,0,
C-B-1,1,0.67685,-27.4219,15.6139,1284,-29.69,2.0,15.7,26,2783,32.71,-7.9,14.0,26,-0.537,0,
C-B-1,1,0.67785,-27.4986,15.603,1282,-29.69,0.4,15.7,26,2785,32.71,-6.300000000000001,14.0,26,-0.537,0,
C-B-1,1,0.67885,-27.5753,15.5921,1280,-29.69,-1.2000000000000002,15.7,26,2787,32.71,-4.7,14.0,26,-0.537,0,
C-B-1,1,0.67985,-27.6136,15.5867,1279,-29.19,-1.1,15.7,26,2789,32.71,-3.1,14.0,26,-0.499,0,
C-B-1,1,0.68085,-27.6903,15.5757,1277,-29.19,-2.7,15.7,26,2792,31.2,-3.3000000000000003,14.0,26,-0.46,0,
C-B-1,1,0.68185,-27.7287,15.5703,1276,-28.18,-1.8,15.7,26,2793,30.7,-3.4000000000000004,14.0,26,-0.46,0,
C-B-1,1,0.68285,-27.767,15.5648,1275,-27.68,-1.7000000000000002,15.7,26,2795,31.2,-0.9,14.0,26,-0.422,0,
C-B-1,1,0.68385,-27.8438,15.5538,1273,-28.18,-4.2,15.7,26,2796,30.19,-1.9000000000000001,14.0,26,-0.46,0,
C-B-1,1,0.68486,-27.8821,15.5483,1272,-27.17,-3.2,15.7,26,2798,29.69,-1.2000000000000002,14.0,26,-0.422,0,
C-B-1,1,0.68585,-27.9588,15.5373,1270,-26.17,-3.1,15.7,26,2799,29.19,-1.3,14.0,26,-0.46,0,
C-B-1,1,0.68686,-27.9972,15.5317,1269,-25.16,-2.1,15.7,26,2801,29.19,0.30000000000000004,14.0,26,-0.422,0,
C-B-1,1,0.68785,-28.0739,15.5207,1267,-25.66,-4.6000000000000005,15.7,26,2802,29.19,1.1,14.0,26,-0.46,0,
C-B-1,1,0.68893,-28.1122,15.5151,1266,-25.16,-4.5,15.7,26,2803,28.18,0.2,14.0,26,-0.46,0,
C-B-1,1,0.68987,-28.1506,15.5096,1265,-24.66,-4.5,15.7,26,2806,27.17,0.8,14.0,26,-0.384,0,
C-B-1,1,0.69087,-28.1889,15.504,1264,-24.15,-4.4,15.7,26,2807,26.67,0.8,14.0,26,-0.384,0,
C-B-1,1,0.69187,-28.2273,15.4984,1263,-23.15,-3.4000000000000004,15.7,26,2809,26.67,2.4000000000000004,14.0,26,-0.345,0,
C-B-1,1,0.69287,-28.2656,15.4929,1262,-23.15,-4.2,15.7,26,2810,26.17,2.3000000000000003,14.0,26,-0.345,0,
C-B-1,1,0.69387,-28.3423,15.4817,1260,-23.65,-6.7,15.7,26,2811,25.16,1.3,14.0,26,-0.384,0,
C-B-1,1,0.69487,-28.3807,15.4761,1259,-21.64,-4.0,15.7,26,2812,25.16,2.1,14.0,26,-0.384,0,
C-B-1,1,0.69586,-28.419,15.4705,1258,-21.64,-4.800000000000001,15.7,26,2814,24.66,2.9000000000000004,14.0,26,-0.345,0,
C-B-1,1,0.69686,-28.4574,15.4649,1257,-21.13,-4.7,15.7,26,2815,24.66,3.7,14.0,26,-0.345,0,
C-B-1,1,0.69786,-28.4957,15.4593,1256,-21.13,-5.5,15.7,26,2816,24.15,3.6,14.0,26,-0.345,0,
C-B-1,1,0.69886,-28.5724,15.448,1254,-20.63,-6.300000000000001,15.7,26,2818,23.15,3.4000000000000004,14.0,26,-0.345,0,
C-B-1,1,0.69986,-28.5724,15.448,1254,-20.13,-5.4,15.7,26,2819,22.64,3.4000000000000004,14.0,26,-0.307,0,
C-B-1,1,0.70086,-28.6108,15.4424,1253,-19.62,-5.300000000000001,15.7,26,2821,23.15,5.800000000000001,14.1,26,-0.268,0,
C-B-1,1,0.70184,-28.6491,15.4368,1252,-19.62,-6.1000000000000005,14.4,26,2822,22.64,5.800000000000001,14.1,26,-0.268,0,
C-B-1,1,0.70286,-28.6875,15.4311,1251,-19.12,-6.0,14.4,26,2823,22.14,5.7,14.1,26,-0.268,0,
C-B-1,1,0.70384,-28.7642,15.4198,1249,-18.62,-6.800000000000001,14.4,26,2824,21.64,5.6000000000000005,14.1,26,-0.307,0,
C-B-1,1,0.70486,-28.8026,15.4141,1248,-18.12,-6.7,14.4,26,2825,21.64,6.4,14.1,26,-0.307,0,
C-B-1,1,0.70584,-28.8026,15.4141,1248,-18.12,-6.7,14.4,26,2826,21.64,7.2,14.1,26,-0.268,0,
C-B-1,1,0.70686,-28.8409,15.4085,1247,-17.61,-6.6000000000000005,14.4,26,2827,21.13,7.1000000000000005,14.1,26,-0.268,0,
C-B-1,1,0.70784,-28.9176,15.3971,1245,-17.61,-8.200000000000001,14.4,26,2828,20.63,7.1000000000000005,14.1,26,-0.307,0,
C-B-1,1,0.70886,-28.9176,15.3971,1245,-17.11,-7.300000000000001,14.4,26,2828,19.62,5.300000000000001,14.1,26,-0.307,0,
C-B-1,1,0.70986,-28.956,15.3914,1244,-16.61,-7.300000000000001,14.4,26,2829,19.62,6.1000000000000005,14.1,26,-0.307,0,
C-B-1,1,0.71084,-28.956,15.3914,1244,-16.1,-6.4,14.4,26,2830,19.12,6.0,14.1,26,-0.268,0,
C-B-1,1,0.71186,-28.9943,15.3857,1243,-16.1,-7.2,14.4,26,2831,19.12,6.800000000000001,14.1,26,-0.268,0,
C-B-1,1,0.71284,-29.071,15.3742,1241,-15.6,-7.9,14.4,26,2832,18.12,5.9,14.1,26,-0.307,0,
C-B-1,1,0.71386,-29.1094,15.3685,1240,-15.1,-7.800000000000001,14.4,26,2833,17.61,5.800000000000001,14.1,26,-0.307,0,
C-B-1,1,0.71486,-29.1477,15.3628,1239,-15.6,-9.5,14.4,26,2834,17.61,6.6000000000000005,14.1,26,-0.307,0,
C-B-1,1,0.71584,-29.1861,15.3571,1238,-15.6,-10.3,14.4,26,2835,17.11,6.5,14.1,26,-0.307,0,
C-B-1,1,0.71686,-29.1861,15.3571,1238,-14.59,-8.5,14.4,26,2836,17.11,7.300000000000001,14.1,26,-0.268,0,
C-B-1,1,0.71785,-29.2244,15.3513,1237,-14.59,-9.3,14.4,26,2836,16.61,6.5,14.1,26,-0.307,0,
C-B-1,1,0.71886,-29.2244,15.3513,1237,-14.09,-8.5,14.4,26,2837,16.1,6.4,14.1,26,-0.268,0,
C-B-1,1,0.71985,-29.2628,15.3456,1236,-14.09,-9.3,14.4,26,2838,16.1,7.2,14.1,26,-0.268,0,
C-B-1,1,0.72086,-29.3011,15.3398,1235,-14.09,-10.100000000000001,14.4,26,2838,15.6,6.300000000000001,14.1,26,-0.307,0,
C-B-1,1,0.72186,-29.3395,15.334,1234,-14.09,-10.9,14.4,26,2839,14.59,5.300000000000001,14.1,26,-0.307,0,
C-B-1,1,0.72285,-29.3395,15.334,1234,-13.08,-9.1,14.4,26,2840,14.59,6.1000000000000005,14.1,26,-0.268,0,
C-B-1,1,0.72386,-29.3778,15.3283,1233,-13.59,-10.8,14.4,26,2841,14.59,6.9,14.1,26,-0.268,0,
C-B-1,1,0.72486,-29.4162,15.3225,1232,-13.59,-11.600000000000001,14.4,26,2841,13.59,5.2,14.1,26,-0.307,0,
C-B-1,1,0.72586,-29.4545,15.3167,1231,-13.59,-12.4,14.4,26,2842,13.59,6.0,14.1,26,-0.307,0,
C-B-1,1,0.72687,-29.4929,15.3109,1230,-13.08,-12.3,14.4,26,2842,13.08,5.1000000000000005,14.1,26,-0.345,0,
C-B-1,1,0.72785,-29.5313,15.3051,1229,-12.58,-12.200000000000001,14.4,26,2843,13.08,5.9,14.1,26,-0.345,0,
C-B-1,1,0.72887,-29.5696,15.2993,1228,-13.08,-13.9,14.4,26,2843,12.58,5.0,14.1,26,-0.384,0,
C-B-1,1,0.72985,-29.5696,15.2993,1228,-12.58,-13.0,14.4,26,2844,12.58,5.800000000000001,14.1,26,-0.345,0,
C-B-1,1,0.73086,-29.608,15.2935,1227,-12.58,-13.8,14.4,26,2845,11.57,4.9,14.1,26,-0.345,0,
C-B-1,1,0.73186,-29.6463,15.2877,1226,-12.58,-14.600000000000001,14.4,26,2845,11.07,4.0,14.1,26,-0.384,0,
C-B-1,1,0.73286,-29.6463,15.2877,1226,-12.08,-13.8,14.4,26,2846,11.07,4.800000000000001,14.1,26,-0.345,0,
C-B-1,1,0.73387,-29.6847,15.2818,1225,-12.08,-14.600000000000001,14.4,26,2847,11.07,5.6000000000000005,14.1,26,-0.345,0,
C-B-1,1,0.73485,-29.6847,15.2818,1225,-11.57,-13.700000000000001,14.4,26,2847,10.57,4.7,14.1,26,-0.345,0,
C-B-1,1,0.73587,-29.723,15.276,1224,-11.57,-14.5,14.4,26,2847,10.06,3.9000000000000004,14.1,26,-0.384,0,
C-B-1,1,0.73687,-29.7614,15.2702,1223,-11.07,-14.4,14.4,26,2848,10.06,4.7,14.1,26,-0.384,0,
C-B-1,1,0.73787,-29.7614,15.2702,1223,-11.07,-14.4,14.4,26,2848,10.06,4.7,14.1,26,-0.384,0,
C-B-1,1,0.73885,-29.7614,15.2702,1223,-10.57,-13.5,14.4,26,2849,10.06,5.5,14.1,26,-0.345,0,
C-B-1,1,0.73987,-29.7997,15.2643,1222,-11.07,-15.200000000000001,14.4,26,2849,9.06,3.7,14.1,26,-0.384,0,
C-B-1,1,0.74085,-29.7997,15.2643,1222,-10.57,-14.3,14.4,26,2849,8.55,2.8000000000000003,14.1,26,-0.384,0,
C-B-1,1,0.74187,-29.7997,15.2643,1222,-10.06,-13.5,14.4,26,2850,9.06,4.5,14.1,26,-0.345,0,
C-B-1,1,0.74287,-29.7997,15.2643,1222,-9.56,-12.600000000000001,14.4,26,2850,8.55,3.6,14.1,26,-0.345,0,
C-B-1,1,0.74385,-29.8381,15.2585,1221,-9.56,-13.4,14.4,26,2850,8.05,2.8000000000000003,14.1,26,-0.384,0,
C-B-1,1,0.74487,-29.8764,15.2526,1220,-9.06,-13.3,14.4,26,2851,8.05,3.6,14.1,26,-0.384,0,
C-B-1,1,0.74585,-29.8764,15.2526,1220,-9.06,-13.3,14.4,26,2851,7.55,2.7,14.1,26,-0.384,0,
C-B-1,1,0.74687,-29.8764,15.2526,1220,-8.55,-12.4,14.4,26,2851,7.55,2.7,14.1,26,-0.384,0,
C-B-1,1,0.74787,-29.9148,15.2467,1219,-9.06,-14.100000000000001,14.4,26,2851,7.04,1.8,14.1,26,-0.422,0,
C-B-1,1,0.74885,-29.8764,15.2526,1220,-8.05,-11.600000000000001,14.4,26,2852,7.04,2.6,14.1,26,-0.345,0,
C-B-1,1,0.74987,-29.9148,15.2467,1219,-8.05,-12.4,14.4,26,2852,7.04,2.6,14.1,26,-0.384,0,
C-B-1,1,0.75085,-29.9148,15.2467,1219,-7.55,-11.5,14.4,26,2852,6.54,1.7000000000000002,14.1,26,-0.384,0,
C-B-1,1,0.75187,-29.9148,15.2467,1219,-7.55,-11.5,14.4,26,2852,6.54,1.7000000000000002,14.1,26,-0.384,0,
C-B-1,1,0.75287,-29.9148,15.2467,1219,-7.04,-10.600000000000001,14.4,26,2852,6.04,0.9,14.1,26,-0.384,0,
C-B-1,1,0.75385,-29.9531,15.2408,1218,-6.54,-10.5,14.4,26,2853,6.04,1.7000000000000002,14.1,26,-0.384,0,
C-B-1,1,0.75487,-29.9531,15.2408,1218,-6.04,-9.700000000000001,14.4,26,2852,5.03,-0.9,14.1,26,-0.422,0,
C-B-1,1,0.75585,-29.9531,15.2408,1218,-6.04,-9.700000000000001,14.4,26,2852,5.03,-0.9,14.1,26,-0.422,0,
C-B-1,1,0.75685,-29.9531,15.2408,1218,-5.54,-8.8,14.4,26,2852,4.53,-1.8,14.1,26,-0.422,0,
C-B-1,1,0.75785,-29.9531,15.2408,1218,-5.03,-7.9,14.4,26,2853,5.03,-0.1,14.1,26,-0.384,0,
C-B-1,1,0.75885,-29.9531,15.2408,1218,-5.03,-7.9,14.4,26,2853,4.53,-1.0,14.1,25,-0.384,0,
C-B-1,1,0.75987,-29.9531,15.2408,1218,-4.53,-7.0,14.4,26,2853,4.03,-1.8,14.1,25,-0.384,0,
C-B-1,1,0.76085,-29.9531,15.2408,1218,-4.03,-6.2,14.4,26,2853,4.03,-1.8,14.1,25,-0.384,0,
C-B-1,1,0.76185,-29.9531,15.2408,1218,-4.03,-6.2,14.4,26,2853,4.03,-1.8,14.1,25,-0.384,0,
C-B-1,1,0.76285,-29.9531,15.2408,1218,-3.52,-5.300000000000001,14.4,26,2853,3.02,-3.6,14.1,25,-0.384,0,
C-B-1,1,0.76385,-29.9531,15.2408,1218,-3.02,-4.4,14.4,26,2853,3.02,-3.6,14.1,25,-0.384,0,
C-B-1,1,0.76486,-29.9531,15.2408,1218,-3.02,-4.4,14.4,26,2853,3.02,-3.6,14.1,25,-0.384,0,
C-B-1,1,0.76585,-29.9531,15.2408,1218,-2.52,-3.5,14.4,26,2853,2.52,-4.5,14.1,25,-0.384,0,
C-B-1,1,0.76687,-29.9531,15.2408,1218,-2.52,-3.5,14.4,26,2853,2.52,-4.5,14.1,25,-0.384,0,
C-B-1,1,0.76788,-29.9531,15.2408,1218,-2.52,-3.5,14.4,26,2853,2.01,-5.300000000000001,14.1,25,-0.384,0,
C-B-1,1,0.76885,-29.9531,15.2408,1218,-2.01,-2.7,14.4,26,2853,2.01,-5.300000000000001,14.1,25,-0.384,0,
C-B-1,1,0.76986,-29.9531,15.2408,1218,-2.01,-2.7,14.4,26,2853,2.01,-5.300000000000001,14.1,25,-0.384,0,
C-B-1,1,0.77085,-29.9148,15.2467,1219,-1.51,-1.0,14.4,26,2853,2.01,-5.300000000000001,14.1,25,-0.345,0,
C-B-1,1,0.77185,-29.9531,15.2408,1218,-2.01,-2.7,14.4,26,2853,1.51,-6.2,14.1,25,-0.384,0,
C-B-1,1,0.77286,-29.9148,15.2467,1219,-1.01,-0.1,14.4,26,2853,1.51,-6.2,14.1,25,-0.345,0,
C-B-1,1,0.77385,-29.9148,15.2467,1219,0.0,1.6,14.4,26,2853,1.01,-7.1000000000000005,14.1,25,-0.345,0,
C-B-1,1,0.77485,-29.9148,15.2467,1219,0.0,1.6,14.4,26,2853,1.01,-7.1000000000000005,14.1,25,-0.345,0,
C-B-1,1,0.77585,-29.8764,15.2526,1220,0.0,2.4000000000000004,14.4,26,2852,0.0,-9.600000000000001,14.1,25,-0.345,0,
C-B-1,1,0.77686,-29.8764,15.2526,1220,0.0,2.4000000000000004,14.4,26,2852,0.0,-9.600000000000001,14.1,25,-0.345,0,
C-B-1,1,0.77785,-29.8381,15.2585,1221,0.0,3.2,14.4,26,2852,0.0,-9.600000000000001,14.1,25,-0.307,0,
C-B-1,1,0.77886,-29.8381,15.2585,1221,1.01,4.9,14.4,26,2852,0.0,-9.600000000000001,14.1,25,-0.307,0,
C-B-1,1,0.77985,-29.7997,15.2643,1222,1.51,6.6000000000000005,14.4,26,2852,0.0,-9.600000000000001,14.1,25,-0.268,0,
C-B-1,1,0.78086,-29.7997,15.2643,1222,1.51,6.6000000000000005,14.4,26,2852,0.0,-9.600000000000001,14.1,25,-0.268,0,
C-B-1,1,0.78185,-29.7997,15.2643,1222,1.51,6.6000000000000005,14.4,26,2852,0.0,-9.600000000000001,14.1,25,-0.268,0,
C-B-1,1,0.78285,-29.7997,15.2643,1222,1.51,6.6000000000000005,14.4,26,2852,0.0,-9.600000000000001,14.1,25,-0.268,0,
C-B-1,1,0.78386,-29.7997,15.2643,1222,2.01,7.5,14.4,26,2852,0.0,-9.600000000000001,14.1,25,-0.268,0,
C-B-1,1,0.78485,-29.7614,15.2702,1223,2.52,9.1,14.4,26,2851,0.0,-10.4,14.1,25,-0.268,0,
C-B-1,1,0.78586,-29.7614,15.2702,1223,2.52,9.1,14.4,26,2851,0.0,-10.4,14.1,25,-0.268,0,
C-B-1,1,0.78685,-29.7614,15.2702,1223,2.52,9.1,14.4,26,2851,-1.01,-12.100000000000001,14.1,25,-0.268,0,
C-B-1,1,0.78786,-29.7614,15.2702,1223,2.52,9.1,14.4,26,2851,-1.01,-12.100000000000001,14.1,25,-0.268,0,
C-B-1,1,0.78886,-29.7614,15.2702,1223,2.52,9.1,14.4,26,2851,-1.01,-12.100000000000001,14.1,25,-0.268,0,
C-B-1,1,0.78986,-29.7614,15.2702,1223,2.52,9.1,14.4,26,2850,-1.51,-13.8,14.1,25,-0.307,0,
C-B-1,1,0.79086,-29.7614,15.2702,1223,2.52,9.1,14.4,26,2850,-1.51,-13.8,14.1,25,-0.307,0,
C-B-1,1,0.79186,-29.7614,15.2702,1223,2.52,9.1,14.4,26,2850,-1.51,-13.8,14.1,25,-0.307,0,
C-B-1,1,0.79285,-29.723,15.276,1224,3.02,10.8,14.4,26,2850,-1.51,-13.8,14.1,25,-0.268,0,
C-B-1,1,0.79385,-29.723,15.276,1224,3.02,10.8,14.4,26,2850,-1.51,-13.8,14.1,25,-0.268,0,
C-B-1,1,0.79485,-29.723,15.276,1224,3.02,10.8,14.4,26,2849,-2.01,-15.5,14.1,25,-0.307,0,
C-B-1,1,0.79586,-29.6847,15.2818,1225,3.52,12.5,14.4,26,2850,-1.51,-13.8,14.1,25,-0.23,0,
C-B-1,1,0.79686,-29.723,15.276,1224,3.02,10.8,14.4,26,2850,-1.51,-13.8,14.1,25,-0.268,0,
C-B-1,1,0.79785,-29.6847,15.2818,1225,3.52,12.5,14.4,26,2849,-2.01,-15.5,14.1,25,-0.268,0,
C-B-1,1,0.79886,-29.6847,15.2818,1225,3.52,12.5,14.4,26,2849,-2.01,-15.5,14.1,25,-0.268,0,
C-B-1,1,0.79985,-29.6847,15.2818,1225,3.02,11.600000000000001,14.4,26,2849,-2.01,-15.5,14.1,25,-0.268,0,
C-B-1,1,0.80086,-29.6847,15.2818,1225,3.52,12.5,14.4,26,2848,-2.52,-17.1,14.1,25,-0.307,0,
C-B-1,1,0.80186,-29.6463,15.2877,1226,3.52,13.3,14.4,26,2848,-2.52,-17.1,14.1,25,-0.268,0,
C-B-1,1,0.80286,-29.6847,15.2818,1225,3.02,11.600000000000001,14.4,26,2848,-2.52,-17.1,14.1,25,-0.307,0,
C-B-1,1,0.80386,-29.6463,15.2877,1226,3.02,12.4,14.4,26,2847,-3.02,-18.8,14.1,25,-0.307,0,
C-B-1,1,0.80486,-29.6463,15.2877,1226,2.52,11.5,14.4,26,2847,-2.52,-17.900000000000002,14.1,25,-0.307,0,
C-B-1,1,0.80586,-29.6463,15.2877,1226,3.02,12.4,14.4,26,2847,-2.52,-17.900000000000002,14.1,25,-0.307,0,
C-B-1,1,0.80686,-29.6463,15.2877,1226,2.52,11.5,14.4,26,2847,-2.52,-17.900000000000002,14.1,25,-0.307,0,
C-B-1,1,0.80786,-29.6463,15.2877,1226,2.52,11.5,14.4,26,2847,-2.52,-17.900000000000002,14.1,25,-0.307,0,
C-B-1,1,0.80886,-29.6463,15.2877,1226,2.01,10.700000000000001,14.4,26,2846,-3.02,-19.6,14.1,25,-0.345,0,
C-B-1,1,0.80986,-29.6463,15.2877,1226,2.01,10.700000000000001,14.4,26,2846,-3.02,-19.6,14.1,25,-0.345,0,
C-B-1,1,0.81086,-29.6463,15.2877,1226,2.01,10.700000000000001,14.4,26,2846,-3.02,-19.6,14.1,25,-0.345,0,
C-B-1,1,0.81186,-29.608,15.2935,1227,2.52,12.3,14.4,26,2846,-3.02,-19.6,14.1,25,-0.307,0,
C-B-1,1,0.81287,-29.608,15.2935,1227,2.52,12.3,14.4,26,2846,-3.02,-19.6,14.1,25,-0.307,0,
C-B-1,1,0.81386,-29.608,15.2935,1227,2.01,11.5,14.4,26,2845,-3.02,-20.400000000000002,14.1,25,-0.345,0,
C-B-1,1,0.81486,-29.608,15.2935,1227,2.01,11.5,14.4,26,2845,-3.02,-20.400000000000002,14.1,25,-0.345,0,
C-B-1,1,0.81586,-29.5696,15.2993,1228,2.52,13.100000000000001,14.4,26,2845,-3.02,-20.400000000000002,14.1,25,-0.307,0,
C-B-1,1,0.81687,-29.5696,15.2993,1228,2.52,13.100000000000001,14.4,26,2845,-3.02,-20.400000000000002,14.1,25,-0.307,0,
C-B-1,1,0.81786,-29.5696,15.2993,1228,2.52,13.100000000000001,14.9,26,2845,-3.02,-20.400000000000002,14.8,25,-0.307,0,
C-B-1,1,0.81887,-29.5696,15.2993,1228,2.52,13.100000000000001,14.9,26,2845,-2.52,-19.5,14.8,25,-0.307,0,
C-B-1,1,0.81986,-29.5696,15.2993,1228,2.52,13.100000000000001,14.9,26,2844,-3.02,-21.200000000000003,14.8,25,-0.345,0,
C-B-1,1,0.82086,-29.5696,15.2993,1228,2.52,13.100000000000001,14.9,26,2844,-3.02,-21.200000000000003,14.8,25,-0.345,0,
C-B-1,1,0.82186,-29.5696,15.2993,1228,2.01,12.3,14.9,26,2843,-3.52,-22.900000000000002,14.8,25,-0.384,0,
C-B-1,1,0.82286,-29.5313,15.3051,1229,2.52,13.9,14.9,26,2843,-3.52,-22.900000000000002,14.8,25,-0.345,0,
C-B-1,1,0.82387,-29.5313,15.3051,1229,2.52,13.9,14.9,26,2843,-3.02,-22.0,14.8,25,-0.345,0,
C-B-1,1,0.82486,-29.5313,15.3051,1229,2.52,13.9,14.9,26,2843,-3.52,-22.900000000000002,14.8,25,-0.345,0,
C-B-1,1,0.82586,-29.5313,15.3051,1229,2.01,13.100000000000001,14.9,26,2843,-3.52,-22.900000000000002,14.8,25,-0.345,0,
C-B-1,1,0.82686,-29.5313,15.3051,1229,2.01,13.100000000000001,14.9,26,2842,-3.52,-23.700000000000003,14.8,25,-0.384,0,
C-B-1,1,0.82787,-29.5313,15.3051,1229,2.01,13.100000000000001,14.9,26,2842,-3.52,-23.700000000000003,14.8,25,-0.384,0,
C-B-1,1,0.82886,-29.5313,15.3051,1229,2.01,13.100000000000001,14.9,26,2842,-3.52,-23.700000000000003,14.8,25,-0.384,0,
C-B-1,1,0.82987,-29.5313,15.3051,1229,2.01,13.100000000000001,14.9,26,2842,-3.02,-22.8,14.8,25,-0.384,0,
C-B-1,1,0.83087,-29.4929,15.3109,1230,2.01,13.9,14.9,26,2841,-3.52,-24.5,14.8,25,-0.384,0,
C-B-1,1,0.83187,-29.5313,15.3051,1229,2.01,13.100000000000001,14.9,26,2841,-3.52,-24.5,14.8,25,-0.422,0,
C-B-1,1,0.83286,-29.5313,15.3051,1229,1.51,12.200000000000001,14.9,26,2841,-3.02,-23.6,14.8,25,-0.422,0,
C-B-1,1,0.83387,-29.4929,15.3109,1230,2.01,13.9,14.9,26,2840,-3.52,-25.3,14.8,25,-0.422,0,
C-B-1,1,0.83486,-29.4929,15.3109,1230,2.01,13.9,14.9,26,2840,-3.52,-25.3,14.8,25,-0.422,0,
C-B-1,1,0.83587,-29.4929,15.3109,1230,2.01,13.9,14.9,26,2840,-3.52,-25.3,14.8,25,-0.422,0,
C-B-1,1,0.83686,-29.4929,15.3109,1230,2.01,13.9,14.9,26,2840,-3.52,-25.3,14.8,25,-0.422,0,
C-B-1,1,0.83786,-29.4929,15.3109,1230,2.01,13.9,14.9,26,2840,-3.02,-24.400000000000002,14.8,25,-0.422,0,
C-B-1,1,0.83887,-29.4545,15.3167,1231,2.52,15.5,14.9,26,2840,-3.02,-24.400000000000002,14.8,25,-0.384,0,
C-B-1,1,0.83987,-29.4545,15.3167,1231,2.52,15.5,14.9,26,2839,-3.52,-26.1,14.8,25,-0.422,0,
C-B-1,1,0.84087,-29.4545,15.3167,1231,2.01,14.700000000000001,14.9,26,2839,-3.52,-26.1,14.8,25,-0.422,0,
C-B-1,1,0.84187,-29.4929,15.3109,1230,1.51,13.0,14.9,26,2839,-3.02,-25.200000000000003,14.8,25,-0.46,0,
C-B-1,1,0.84287,-29.4545,15.3167,1231,2.01,14.700000000000001,14.9,26,2839,-3.52,-26.1,14.8,25,-0.422,0,
C-B-1,1,0.84387,-29.4545,15.3167,1231,2.01,14.700000000000001,14.9,26,2839,-3.02,-25.200000000000003,14.8,25,-0.422,0,
C-B-1,1,0.84487,-29.4545,15.3167,1231,1.51,13.8,14.9,26,2838,-3.52,-26.900000000000002,14.8,25,-0.46,0,
C-B-1,1,0.84587,-29.4545,15.3167,1231,1.51,13.8,14.9,26,2838,-3.52,-26.900000000000002,14.8,25,-0.46,0,
C-B-1,1,0.84687,-29.4162,15.3225,1232,2.01,15.5,14.9,26,2838,-3.52,-26.900000000000002,14.8,25,-0.422,0,
C-B-1,1,0.84787,-29.4162,15.3225,1232,2.01,15.5,14.9,26,2838,-3.52,-26.900000000000002,14.8,25,-0.422,0,
C-B-1,1,0.84887,-29.4162,15.3225,1232,2.01,15.5,14.9,26,2838,-3.02,-26.0,14.8,25,-0.422,0,
C-B-1,1,0.84987,-29.4162,15.3225,1232,2.01,15.5,14.9,26,2838,-3.02,-26.0,14.8,25,-0.422,0,
C-B-1,1,0.85087,-29.4162,15.3225,1232,2.01,15.5,14.9,26,2837,-3.52,-27.700000000000003,14.8,25,-0.46,0,
C-B-1,1,0.85187,-29.4162,15.3225,1232,1.51,14.600000000000001,14.9,26,2837,-3.02,-26.8,14.8,25,-0.46,0,
C-B-1,1,0.85287,-29.3778,15.3283,1233,2.01,16.3,14.9,26,2837,-3.02,-26.8,14.8,25,-0.422,0,
C-B-1,1,0.85387,-29.3778,15.3283,1233,2.01,16.3,14.9,26,2837,-3.02,-26.8,14.8,25,-0.422,0,
C-B-1,1,0.85487,-29.3778,15.3283,1233,2.01,16.3,14.9,26,2836,-3.52,-28.5,14.8,25,-0.46,0,
C-B-1,1,0.85587,-29.3778,15.3283,1233,2.01,16.3,14.9,26,2836,-3.02,-27.6,14.8,25,-0.46,0,
C-B-1,1,0.85687,-29.4162,15.3225,1232,1.51,14.600000000000001,14.9,26,2836,-3.02,-27.6,14.8,25,-0.499,0,
C-B-1,1,0.85787,-29.3778,15.3283,1233,2.01,16.3,14.9,26,2836,-3.02,-27.6,14.8,25,-0.46,0,
C-B-1,1,0.85887,-29.3778,15.3283,1233,2.01,16.3,14.9,26,2836,-3.02,-27.6,14.8,25,-0.46,0,
C-B-1,1,0.85987,-29.3778,15.3283,1233,1.51,15.4,14.9,26,2836,-2.52,-26.700000000000003,14.8,25,-0.46,0,
C-B-1,1,0.86087,-29.3778,15.3283,1233,2.01,16.3,14.9,26,2836,-2.52,-26.700000000000003,14.8,25,-0.46,0,
C-B-1,1,0.86187,-29.3778,15.3283,1233,2.01,16.3,14.9,26,2835,-3.02,-28.400000000000002,14.8,25,-0.499,0,
C-B-1,1,0.86287,-29.3778,15.3283,1233,1.51,15.4,14.9,26,2835,-2.52,-27.5,14.8,25,-0.499,0,
C-B-1,1,0.86387,-29.3778,15.3283,1233,1.51,15.4,14.9,26,2835,-2.52,-27.5,14.8,25,-0.499,0,
C-B-1,1,0.86488,-29.3778,15.3283,1233,1.51,15.4,14.9,26,2835,-2.52,-27.5,14.8,25,-0.499,0,
C-B-1,1,0.86587,-29.3778,15.3283,1233,1.51,15.4,14.9,26,2835,-2.52,-27.5,14.8,25,-0.499,0,
C-B-1,1,0.86687,-29.3778,15.3283,1233,1.51,15.4,14.9,26,2835,-2.52,-27.5,14.8,25,-0.499,0,
C-B-1,1,0.86787,-29.3778,15.3283,1233,1.01,14.5,14.9,26,2835,-2.52,-27.5,14.8,25,-0.499,0,
C-B-1,1,0.86888,-29.3778,15.3283,1233,1.01,14.5,14.9,26,2835,-2.01,-26.700000000000003,14.8,25,-0.499,0,
C-B-1,1,0.86987,-29.3778,15.3283,1233,1.01,14.5,14.9,26,2835,-2.01,-26.700000000000003,14.8,25,-0.499,0,
C-B-1,1,0.87088,-29.3778,15.3283,1233,1.51,15.4,14.9,26,2835,-2.01,-26.700000000000003,14.8,25,-0.499,0,
C-B-1,1,0.87187,-29.3395,15.334,1234,1.51,16.2,14.9,26,2835,-2.01,-26.700000000000003,14.8,25,-0.46,0,
C-B-1,1,0.87288,-29.3778,15.3283,1233,1.01,14.5,14.9,26,2834,-2.01,-27.5,14.8,25,-0.537,0,
C-B-1,1,0.87387,-29.3778,15.3283,1233,1.01,14.5,14.9,26,2835,-1.51,-25.8,14.8,25,-0.499,0,
C-B-1,1,0.87487,-29.3778,15.3283,1233,1.01,14.5,14.9,26,2834,-2.01,-27.5,14.8,25,-0.537,0,
C-B-1,1,0.87588,-29.3778,15.3283,1233,1.01,14.5,14.9,26,2834,-2.01,-27.5,14.8,26,-0.537,0,
C-B-1,1,0.87687,-29.3778,15.3283,1233,0.0,12.8,14.9,26,2835,-1.51,-25.8,14.8,26,-0.499,0,
C-B-1,1,0.87787,-29.3395,15.334,1234,1.01,15.3,14.9,26,2834,-2.01,-27.5,14.8,26,-0.499,0,
C-B-1,1,0.87887,-29.3395,15.334,1234,1.01,15.3,14.9,26,2834,-2.01,-27.5,14.8,26,-0.499,0,
C-B-1,1,0.87987,-29.3778,15.3283,1233,0.0,12.8,14.9,26,2835,-1.01,-24.900000000000002,14.8,26,-0.499,0,
C-B-1,1,0.88087,-29.3395,15.334,1234,1.01,15.3,14.9,26,2835,-1.01,-24.900000000000002,14.8,26,-0.46,0,
C-B-1,1,0.88188,-29.3778,15.3283,1233,0.0,12.8,14.9,26,2834,-1.51,-26.6,14.8,26,-0.537,0,
C-B-1,1,0.88287,-29.3778,15.3283,1233,0.0,12.8,14.9,26,2834,-1.01,-24.900000000000002,14.8,26,-0.537,0,
C-B-1,1,0.88388,-29.3778,15.3283,1233,0.0,12.8,14.9,26,2835,-1.01,-24.900000000000002,14.8,26,-0.499,0,
C-B-1,1,0.88487,-29.3778,15.3283,1233,0.0,12.8,14.9,26,2834,-1.01,-25.700000000000003,14.8,26,-0.537,0,
C-B-1,1,0.88588,-29.3395,15.334,1234,0.0,13.600000000000001,14.9,26,2835,0.0,-23.200000000000003,14.8,26,-0.46,0,
C-B-1,1,0.88687,-29.3395,15.334,1234,0.0,13.600000000000001,14.9,26,2834,-1.01,-25.700000000000003,14.8,26,-0.499,0,
C-B-1,1,0.88787,-29.3395,15.334,1234,0.0,13.600000000000001,14.9,26,2834,-1.01,-25.700000000000003,14.8,26,-0.499,0,
C-B-1,1,0.88888,-29.3778,15.3283,1233,0.0,12.8,14.9,26,2834,-1.01,-25.700000000000003,14.8,26,-0.537,0,
C-B-1,1,0.88988,-29.3778,15.3283,1233,0.0,12.8,14.9,26,2834,-1.01,-25.700000000000003,14.8,26,-0.537,0,
C-B-1,1,0.89088,-29.3778,15.3283,1233,0.0,12.8,14.9,26,2834,0.0,-24.0,14.8,26,-0.537,0,
C-B-1,1,0.89187,-29.3395,15.334,1234,0.0,13.600000000000001,14.9,26,2835,0.0,-23.200000000000003,14.8,26,-0.46,0,
C-B-1,1,0.89288,-29.3778,15.3283,1233,0.0,12.8,14.9,26,2834,0.0,-24.0,14.8,26,-0.537,0,
C-B-1,1,0.89388,-29.3395,15.334,1234,0.0,13.600000000000001,14.9,26,2834,0.0,-24.0,14.8,26,-0.499,0,
C-B-1,1,0.89488,-29.3778,15.3283,1233,0.0,12.8,14.9,26,2835,0.0,-23.200000000000003,14.8,26,-0.499,0,
C-B-1,1,0.89588,-29.3395,15.334,1234,0.0,13.600000000000001,14.9,26,2835,0.0,-23.200000000000003,14.8,26,-0.46,0,
C-B-1,1,0.89688,-29.3778,15.3283,1233,0.0,12.8,14.9,26,2835,0.0,-23.200000000000003,14.8,26,-0.499,0,
C-B-1,1,0.89788,-29.3395,15.334,1234,0.0,13.600000000000001,14.9,26,2834,0.0,-24.0,14.8,26,-0.499,0,
C-B-1,1,0.89888,-29.3778,15.3283,1233,0.0,12.8,14.9,26,2835,0.0,-23.200000000000003,14.8,26,-0.499,0,
C-B-1,1,0.89988,-29.3395,15.334,1234,0.0,13.600000000000001,14.9,26,2835,0.0,-23.200000000000003,14.8,26,-0.46,0,
C-B-1,1,0.90088,-29.3395,15.334,1234,0.0,13.600000000000001,14.9,26,2835,0.0,-23.200000000000003,14.8,26,-0.46,0,
C-B-1,1,0.90188,-29.3778,15.3283,1233,0.0,12.8,14.9,26,2835,0.0,-23.200000000000003,14.8,26,-0.499,0,
C-B-1,1,0.90288,-29.3778,15.3283,1233,0.0,12.8,14.9,26,2834,0.0,-24.0,14.8,26,-0.537,0,
C-B-1,1,0.90388,-29.3778,15.3283,1233,0.0,12.8,14.9,26,2835,0.0,-23.200000000000003,14.8,26,-0.499,0,
C-B-1,1,0.90488,-29.3778,15.3283,1233,0.0,12.8,14.9,26,2835,0.0,-23.200000000000003,14.8,26,-0.499,0,
C-B-1,1,0.90588,-29.3778,15.3283,1233,0.0,12.8,14.9,26,2835,0.0,-23.200000000000003,14.8,26,-0.499,0,
C-B-1,1,0.90688,-29.3778,15.3283,1233,0.0,12.8,14.9,26,2835,0.0,-23.200000000000003,14.8,26,-0.499,0,
C-B-1,1,0.90788,-29.3778,15.3283,1233,0.0,12.8,14.9,26,2835,0.0,-23.200000000000003,14.8,26,-0.499,0,
C-B-1,1,0.90888,-29.3778,15.3283,1233,0.0,12.8,14.9,26,2835,0.0,-23.200000000000003,14.8,26,-0.499,0,
C-B-1,1,0.90988,-29.3778,15.3283,1233,0.0,12.8,14.9,26,2835,0.0,-23.200000000000003,14.8,26,-0.499,0,
C-B-1,1,0.91088,-29.3778,15.3283,1233,0.0,12.8,14.9,26,2835,0.0,-23.200000000000003,14.8,26,-0.499,0,
C-B-1,1,0.91188,-29.3778,15.3283,1233,0.0,12.8,14.9,26,2835,0.0,-23.200000000000003,14.8,26,-0.499,0,
C-B-1,1,0.91288,-29.3778,15.3283,1233,0.0,12.8,14.9,26,2835,0.0,-23.200000000000003,14.8,26,-0.499,0,
C-B-1,1,0.91388,-29.3778,15.3283,1233,0.0,12.8,14.9,26,2835,0.0,-23.200000000000003,14.8,26,-0.499,0,
C-B-1,1,0.91488,-29.3778,15.3283,1233,0.0,12.8,14.9,26,2835,0.0,-23.200000000000003,14.8,26,-0.499,0,
C-B-1,1,0.91588,-29.3778,15.3283,1233,0.0,12.8,14.9,26,2835,0.0,-23.200000000000003,14.8,26,-0.499,0,
C-B-1,1,0.91688,-29.3778,15.3283,1233,0.0,12.8,14.9,26,2836,1.01,-20.700000000000003,14.8,26,-0.46,0,
C-B-1,1,0.91788,-29.3778,15.3283,1233,0.0,12.8,14.9,26,2836,1.01,-20.700000000000003,14.8,26,-0.46,0,
C-B-1,1,0.91888,-29.3778,15.3283,1233,0.0,12.8,14.9,26,2835,0.0,-23.200000000000003,14.8,26,-0.499,0,
C-B-1,1,0.91989,-29.3778,15.3283,1233,0.0,12.8,14.9,26,2836,1.01,-20.700000000000003,14.8,26,-0.46,0,
C-B-1,1,0.92088,-29.4162,15.3225,1232,-1.01,10.3,14.9,26,2836,0.0,-22.400000000000002,14.8,26,-0.499,0,
C-B-1,1,0.92188,-29.3778,15.3283,1233,0.0,12.8,14.9,26,2836,1.01,-20.700000000000003,14.8,26,-0.46,0,
C-B-1,1,0.92288,-29.3778,15.3283,1233,0.0,12.8,14.9,26,2836,0.0,-22.400000000000002,14.8,26,-0.46,0,
C-B-1,1,0.9239,-29.4162,15.3225,1232,0.0,12.0,14.9,26,2836,0.0,-22.400000000000002,14.8,26,-0.499,0,
C-B-1,1,0.92488,-29.4162,15.3225,1232,0.0,12.0,14.9,26,2836,0.0,-22.400000000000002,14.8,26,-0.499,0,
C-B-1,1,0.92588,-29.4162,15.3225,1232,-1.01,10.3,14.9,26,2836,0.0,-22.400000000000002,14.8,26,-0.499,0,
C-B-1,1,0.92689,-29.4162,15.3225,1232,-1.01,10.3,14.9,26,2836,1.01,-20.700000000000003,14.8,26,-0.499,0,
C-B-1,1,0.92788,-29.4162,15.3225,1232,0.0,12.0,14.9,26,2836,0.0,-22.400000000000002,14.8,26,-0.499,0,
C-B-1,1,0.92889,-29.4162,15.3225,1232,-1.01,10.3,14.9,26,2837,1.01,-19.900000000000002,14.8,26,-0.46,0,
C-B-1,1,0.92989,-29.4162,15.3225,1232,-1.01,10.3,14.9,26,2836,0.0,-22.400000000000002,14.8,26,-0.499,0,
C-B-1,1,0.93088,-29.4162,15.3225,1232,0.0,12.0,14.9,26,2837,1.01,-19.900000000000002,14.8,26,-0.46,0,
C-B-1,1,0.93189,-29.4162,15.3225,1232,0.0,12.0,14.9,26,2837,1.51,-19.0,14.8,26,-0.46,0,
C-B-1,1,0.93288,-29.4162,15.3225,1232,0.0,12.0,14.9,26,2837,1.51,-19.0,14.8,26,-0.46,0,
C-B-1,1,0.93389,-29.4545,15.3167,1231,-1.01,9.5,14.9,26,2837,1.01,-19.900000000000002,15.0,26,-0.499,0,
C-B-1,1,0.93488,-29.4545,15.3167,1231,-1.01,9.5,14.9,26,2837,1.01,-19.900000000000002,15.0,26,-0.499,0,
C-B-1,1,0.93589,-29.4545,15.3167,1231,-1.01,9.5,14.9,26,2837,1.01,-19.900000000000002,15.0,26,-0.499,0,
C-B-1,1,0.93688,-29.4545,15.3167,1231,-1.01,9.5,14.9,26,2837,1.01,-19.900000000000002,15.0,26,-0.499,0,
C-B-1,1,0.93789,-29.4545,15.3167,1231,-1.01,9.5,14.9,26,2837,1.01,-19.900000000000002,15.0,26,-0.499,0,
C-B-1,1,0.93888,-29.4545,15.3167,1231,-1.01,9.5,14.9,26,2838,1.51,-18.2,15.0,26,-0.46,0,
C-B-1,1,0.93989,-29.4545,15.3167,1231,-1.01,9.5,14.9,26,2838,1.51,-18.2,15.0,26,-0.46,0,
C-B-1,1,0.94088,-29.4545,15.3167,1231,-1.01,9.5,14.9,26,2838,1.51,-18.2,15.0,26,-0.46,0,
C-B-1,1,0.94188,-29.4929,15.3109,1230,-1.51,7.800000000000001,14.9,26,2838,1.51,-18.2,15.0,26,-0.499,0,
C-B-1,1,0.94289,-29.4545,15.3167,1231,-1.01,9.5,14.9,26,2838,1.51,-18.2,15.0,26,-0.46,0,
C-B-1,1,0.94388,-29.4545,15.3167,1231,-1.01,9.5,14.9,26,2838,1.51,-18.2,15.0,26,-0.46,0,
C-B-1,1,0.94488,-29.4545,15.3167,1231,-1.01,9.5,14.9,26,2838,1.51,-18.2,15.0,26,-0.46,0,
C-B-1,1,0.94589,-29.4929,15.3109,1230,-1.51,7.800000000000001,14.9,26,2839,1.51,-17.400000000000002,15.0,26,-0.46,0,
C-B-1,1,0.94689,-29.4545,15.3167,1231,-1.01,9.5,14.9,26,2839,1.51,-17.400000000000002,15.0,26,-0.422,0,
C-B-1,1,0.94789,-29.4929,15.3109,1230,-1.51,7.800000000000001,14.9,26,2839,2.01,-16.5,15.0,26,-0.46,0,
C-B-1,1,0.94889,-29.4929,15.3109,1230,-1.51,7.800000000000001,14.9,26,2839,1.51,-17.400000000000002,15.0,26,-0.46,0,
C-B-1,1,0.94989,-29.4929,15.3109,1230,-1.01,8.700000000000001,14.9,26,2840,2.01,-15.700000000000001,15.0,26,-0.422,0,
C-B-1,1,0.95089,-29.4929,15.3109,1230,-1.51,7.800000000000001,14.9,26,2840,2.01,-15.700000000000001,15.0,26,-0.422,0,
C-B-1,1,0.95189,-29.4929,15.3109,1230,-1.51,7.800000000000001,14.9,26,2840,2.01,-15.700000000000001,15.0,26,-0.422,0,
C-B-1,1,0.95289,-29.4929,15.3109,1230,-1.01,8.700000000000001,14.9,26,2840,2.01,-15.700000000000001,15.0,26,-0.422,0,
C-B-1,1,0.95389,-29.4929,15.3109,1230,-1.01,8.700000000000001,14.9,26,2840,2.01,-15.700000000000001,15.0,26,-0.422,0,
C-B-1,1,0.95489,-29.4929,15.3109,1230,-1.01,8.700000000000001,14.9,26,2840,2.01,-15.700000000000001,15.0,26,-0.422,0,
C-B-1,1,0.95589,-29.4929,15.3109,1230,-1.01,8.700000000000001,14.9,26,2840,2.01,-15.700000000000001,15.0,26,-0.422,0,
C-B-1,1,0.95689,-29.4929,15.3109,1230,-1.01,8.700000000000001,14.9,26,2841,2.52,-14.100000000000001,15.0,26,-0.384,0,
C-B-1,1,0.95789,-29.5313,15.3051,1229,-1.51,7.0,14.9,26,2841,2.01,-14.9,15.0,26,-0.422,0,
C-B-1,1,0.95889,-29.5313,15.3051,1229,-1.51,7.0,14.9,26,2841,2.52,-14.100000000000001,15.0,26,-0.422,0,
C-B-1,1,0.95989,-29.5313,15.3051,1229,-1.51,7.0,14.9,26,2841,2.01,-14.9,15.0,26,-0.422,0,
C-B-1,1,0.96089,-29.5313,15.3051,1229,-1.51,7.0,14.9,26,2841,2.01,-14.9,15.0,26,-0.422,0,
C-B-1,1,0.96189,-29.5313,15.3051,1229,-1.51,7.0,14.9,26,2841,2.01,-14.9,15.0,26,-0.422,0,
C-B-1,1,0.96289,-29.5313,15.3051,1229,-1.01,7.9,14.9,26,2842,2.52,-13.3,15.0,26,-0.384,0,
C-B-1,1,0.96389,-29.5313,15.3051,1229,-1.01,7.9,14.9,26,2842,2.52,-13.3,15.0,26,-0.384,0,
C-B-1,1,0.96489,-29.5313,15.3051,1229,-1.01,7.9,14.9,26,2842,2.52,-13.3,15.0,26,-0.384,0,
C-B-1,1,0.96589,-29.5313,15.3051,1229,-1.01,7.9,14.9,26,2842,2.52,-13.3,15.0,26,-0.384,0,
C-B-1,1,0.96689,-29.5313,15.3051,1229,-1.01,7.9,14.9,26,2842,2.52,-13.3,15.0,26,-0.384,0,
C-B-1,1,0.96789,-29.5313,15.3051,1229,-1.01,7.9,14.9,26,2842,2.01,-14.100000000000001,15.0,26,-0.384,0,
C-B-1,1,0.96889,-29.5313,15.3051,1229,-1.01,7.9,14.9,26,2843,2.52,-12.5,15.0,26,-0.345,0,
C-B-1,1,0.96989,-29.5313,15.3051,1229,-1.01,7.9,14.9,26,2842,2.01,-14.100000000000001,15.0,26,-0.384,0,
C-B-1,1,0.97089,-29.5313,15.3051,1229,0.0,9.600000000000001,14.9,26,2843,2.52,-12.5,15.0,26,-0.345,0,
C-B-1,1,0.97189,-29.5313,15.3051,1229,-1.01,7.9,14.9,26,2843,2.52,-12.5,15.0,26,-0.345,0,
C-B-1,1,0.97289,-29.5313,15.3051,1229,-1.01,7.9,14.9,26,2843,2.52,-12.5,15.0,26,-0.345,0,
C-B-1,1,0.97389,-29.5696,15.2993,1228,-1.51,6.2,14.9,26,2843,2.01,-13.3,15.0,26,-0.384,0,
C-B-1,1,0.97489,-29.5696,15.2993,1228,-1.01,7.1000000000000005,14.9,26,2843,2.52,-12.5,15.0,26,-0.384,0,
C-B-1,1,0.97589,-29.5696,15.2993,1228,-1.51,6.2,14.9,26,2843,2.01,-13.3,15.0,26,-0.384,0,
C-B-1,1,0.9769,-29.5696,15.2993,1228,-1.01,7.1000000000000005,14.9,26,2843,2.01,-13.3,15.0,26,-0.384,0,
C-B-1,1,0.97789,-29.5696,15.2993,1228,-1.01,7.1000000000000005,14.9,26,2843,2.01,-13.3,15.0,26,-0.384,0,
C-B-1,1,0.97889,-29.5696,15.2993,1228,-1.01,7.1000000000000005,14.9,26,2844,2.01,-12.5,15.0,26,-0.345,0,
C-B-1,1,0.9799,-29.5696,15.2993,1228,-1.01,7.1000000000000005,14.9,26,2844,2.01,-12.5,15.0,26,-0.345,0,
C-B-1,1,0.98089,-29.5696,15.2993,1228,-1.01,7.1000000000000005,14.9,26,2844,2.01,-12.5,15.0,26,-0.345,0,
C-B-1,1,0.9819,-29.5696,15.2993,1228,-1.01,7.1000000000000005,14.9,26,2844,2.01,-12.5,15.0,26,-0.345,0,
C-B-1,1,0.98289,-29.5696,15.2993,1228,-1.01,7.1000000000000005,14.9,26,2844,2.01,-12.5,15.0,26,-0.345,0,
C-B-1,1,0.9839,-29.608,15.2935,1227,-1.51,5.4,14.9,26,2844,2.01,-12.5,15.0,26,-0.384,0,
C-B-1,1,0.98489,-29.5696,15.2993,1228,-1.01,7.1000000000000005,14.9,26,2844,2.01,-12.5,15.0,26,-0.345,0,
C-B-1,1,0.98589,-29.608,15.2935,1227,0.0,8.8,14.9,26,2844,1.51,-13.4,15.0,26,-0.384,0,
C-B-1,1,0.9869,-29.5696,15.2993,1228,-1.01,7.1000000000000005,14.9,26,2845,2.01,-11.700000000000001,15.0,26,-0.307,0,
C-B-1,1,0.98789,-29.5696,15.2993,1228,0.0,8.8,14.9,26,2845,2.01,-11.700000000000001,15.0,26,-0.307,0,
C-B-1,1,0.9889,-29.5696,15.2993,1228,-1.01,6.300000000000001,14.9,26,2845,2.01,-11.700000000000001,15.0,26,-0.307,0,
C-B-1,1,0.9899,-29.608,15.2935,1227,-1.01,6.300000000000001,14.9,26,2845,2.01,-11.700000000000001,15.0,26,-0.345,0,
C-B-1,1,0.9909,-29.608,15.2935,1227,-1.01,6.300000000000001,14.9,26,2845,2.01,-11.700000000000001,15.0,26,-0.345,0,
C-B-1,1,0.9919,-29.608,15.2935,1227,-1.01,6.300000000000001,14.9,26,2845,1.51,-12.600000000000001,15.0,26,-0.345,0,
C-B-1,1,0.99288,-29.608,15.2935,1227,-1.01,6.300000000000001,14.9,26,2845,1.51,-12.600000000000001,15.0,26,-0.345,0,
C-B-1,1,0.99389,-29.608,15.2935,1227,-1.01,6.300000000000001,14.9,26,2844,1.01,-14.3,15.0,26,-0.384,0,
C-B-1,1,0.99489,-29.608,15.2935,1227,-1.01,6.300000000000001,14.9,26,2845,1.51,-12.600000000000001,15.0,26,-0.345,0,
C-B-1,1,0.9959,-29.608,15.2935,1227,-1.01,6.300000000000001,14.9,26,2845,1.51,-12.600000000000001,15.0,26,-0.345,0,
C-B-1,1,0.9969,-29.608,15.2935,1227,-1.01,6.300000000000001,14.9,26,2845,1.51,-12.600000000000001,15.0,26,-0.345,0,
C-B-1,1,0.99788,-29.608,15.2935,1227,-1.01,6.300000000000001,14.9,26,2845,1.01,-13.5,15.0,26,-0.345,0,
C-B-1,1,0.9989,-29.608,15.2935,1227,-1.01,6.300000000000001,14.9,26,2845,1.51,-12.600000000000001,15.0,26,-0.345,0,
C-B-1,1,0.9999,-29.608,15.2935,1227,-1.01,6.300000000000001,14.9,26,2845,1.01,-13.5,15.0,26,-0.345,0,
C-B-1,1,1.0009,-29.608,15.2935,1227,-1.01,6.300000000000001,14.9,26,2845,1.01,-13.5,15.0,26,-0.345,0,
C-B-1,1,1.0019,-29.608,15.2935,1227,-1.01,6.300000000000001,14.9,26,2845,1.01,-13.5,15.0,26,-0.345,0,
C-B-1,1,1.00288,-29.608,15.2935,1227,0.0,8.0,14.9,26,2845,1.01,-13.5,15.0,26,-0.345,0,
C-B-1,1,1.0039,-29.608,15.2935,1227,0.0,8.0,14.9,26,2845,1.01,-13.5,15.0,26,-0.345,0,
C-B-1,1,1.00488,-29.608,15.2935,1227,0.0,8.0,14.9,26,2845,0.0,-15.200000000000001,15.0,26,-0.345,0,
C-B-1,1,1.0059,-29.5696,15.2993,1228,0.0,8.8,14.9,26,2845,1.01,-13.5,15.0,26,-0.307,0,
C-B-1,1,1.0069,-29.608,15.2935,1227,0.0,8.0,14.9,26,2845,1.01,-13.5,15.0,26,-0.345,0,
C-B-1,1,1.00788,-29.608,15.2935,1227,0.0,8.0,14.9,26,2844,0.0,-16.0,15.0,26,-0.384,0,
C-B-1,1,1.0089,-29.608,15.2935,1227,0.0,8.0,14.9,26,2845,0.0,-15.200000000000001,15.0,26,-0.345,0,
C-B-1,1,1.00988,-29.608,15.2935,1227,0.0,8.0,14.9,26,2845,0.0,-15.200000000000001,15.0,26,-0.345,0,
C-B-1,1,1.0109,-29.5696,15.2993,1228,0.0,8.8,14.9,26,2845,0.0,-15.200000000000001,15.0,26,-0.307,0,
C-B-1,1,1.01188,-29.608,15.2935,1227,0.0,8.0,14.9,26,2845,0.0,-15.200000000000001,15.0,26,-0.345,0,
C-B-1,1,1.0129,-29.608,15.2935,1227,0.0,8.0,14.9,26,2845,0.0,-15.200000000000001,15.0,26,-0.345,0,
C-B-1,1,1.01388,-29.608,15.2935,1227,0.0,8.0,14.9,26,2845,0.0,-16.0,15.0,26,-0.345,0,
C-B-1,1,1.0149,-29.5696,15.2993,1228,0.0,8.8,14.9,26,2844,0.0,-15.200000000000001,15.0,26,-0.345,0,
C-B-1,1,1.01588,-29.5696,15.2993,1228,0.0,8.8,14.9,26,2845,0.0,-16.0,15.0,26,-0.307,0,
C-B-1,1,1.0169,-29.5696,15.2993,1228,0.0,8.8,14.9,26,2844,0.0,-15.200000000000001,15.0,26,-0.345,0,
C-B-1,1,1.01788,-29.5696,15.2993,1228,0.0,8.8,14.9,26,2844,0.0,-16.0,15.0,26,-0.345,0,
C-B-1,1,1.0189,-29.608,15.2935,1227,0.0,8.0,14.9,26,2845,0.0,-15.200000000000001,15.0,26,-0.345,0,
C-B-1,1,1.0199,-29.608,15.2935,1227,0.0,8.0,14.9,26,2844,0.0,-16.0,15.0,26,-0.384,0,
C-B-1,1,1.0209,-29.608,15.2935,1227,0.0,8.0,14.9,26,2844,0.0,-16.0,15.0,26,-0.384,0,
C-B-1,1,1.02188,-29.5696,15.2993,1228,0.0,8.8,14.9,26,2844,0.0,-16.0,15.0,26,-0.345,0,
C-B-1,1,1.0229,-29.5696,15.2993,1228,0.0,8.8,14.9,26,2844,0.0,-16.0,15.0,26,-0.345,0,
C-B-1,1,1.02388,-29.5696,15.2993,1228,0.0,8.8,14.9,26,2844,0.0,-16.0,15.0,26,-0.345,0,
C-B-1,1,1.0249,-29.5696,15.2993,1228,0.0,8.8,14.9,26,2844,0.0,-16.0,15.0,26,-0.345,0,
C-B-1,1,1.02588,-29.5696,15.2993,1228,0.0,8.8,14.9,26,2844,0.0,-16.0,15.0,26,-0.345,0,
C-B-1,1,1.0269,-29.5696,15.2993,1228,0.0,8.8,14.9,26,2844,0.0,-16.0,15.0,26,-0.345,0,
C-B-1,1,1.02788,-29.5696,15.2993,1228,0.0,8.8,14.9,26,2844,0.0,-16.0,15.0,26,-0.345,0,
C-B-1,1,1.0289,-29.5696,15.2993,1228,0.0,8.8,14.9,26,2844,0.0,-16.0,15.0,26,-0.345,0,
C-B-1,1,1.02989,-29.5696,15.2993,1228,0.0,8.8,14.9,26,2844,0.0,-16.0,15.0,26,-0.345,0,
C-B-1,1,1.0309,-29.5313,15.3051,1229,1.01,11.3,14.9,26,2844,0.0,-16.0,15.0,26,-0.307,0,
C-B-1,1,1.03189,-29.5313,15.3051,1229,1.01,11.3,14.9,26,2844,0.0,-16.0,15.0,26,-0.307,0,
C-B-1,1,1.0329,-29.5313,15.3051,1229,1.01,11.3,14.9,26,2843,0.0,-16.8,15.0,26,-0.345,0,
C-B-1,1,1.03389,-29.5313,15.3051,1229,1.01,11.3,14.9,26,2843,-1.01,-18.5,15.0,26,-0.345,0,
C-B-1,1,1.0349,-29.5313,15.3051,1229,0.0,9.600000000000001,14.9,26,2843,-1.01,-18.5,15.0,26,-0.345,0,
C-B-1,1,1.03589,-29.5313,15.3051,1229,1.01,11.3,14.9,26,2843,-1.01,-18.5,15.0,26,-0.345,0,
C-B-1,1,1.03691,-29.5313,15.3051,1229,1.01,11.3,14.9,26,2843,0.0,-16.8,15.0,26,-0.345,0,
C-B-1,1,1.03789,-29.5313,15.3051,1229,1.01,11.3,14.9,26,2843,-1.01,-18.5,15.0,26,-0.345,0,
C-B-1,1,1.0389,-29.5313,15.3051,1229,1.01,11.3,14.9,26,2843,-1.01,-18.5,15.0,26,-0.345,0,
C-B-1,1,1.0399,-29.5313,15.3051,1229,1.01,11.3,14.9,26,2843,-1.01,-18.5,15.0,26,-0.345,0,
C-B-1,1,1.04089,-29.5313,15.3051,1229,1.01,11.3,14.9,26,2843,-1.01,-18.5,15.0,26,-0.345,0,
C-B-1,1,1.0419,-29.5313,15.3051,1229,1.01,11.3,14.9,26,2842,-1.51,-20.200000000000003,15.0,26,-0.384,0,
C-B-1,1,1.0429,-29.5313,15.3051,1229,1.01,11.3,14.9,26,2842,-1.51,-20.200000000000003,15.0,26,-0.384,0,
C-B-1,1,1.04389,-29.4929,15.3109,1230,1.01,12.100000000000001,14.9,26,2842,-1.01,-19.3,15.0,26,-0.345,0,
C-B-1,1,1.0449,-29.4929,15.3109,1230,1.01,12.100000000000001,14.9,26,2842,-1.01,-19.3,15.0,26,-0.345,0,
C-B-1,1,1.04589,-29.5313,15.3051,1229,0.0,9.600000000000001,14.9,26,2842,-1.51,-20.200000000000003,15.0,26,-0.384,0,
C-B-1,1,1.04689,-29.5313,15.3051,1229,1.01,11.3,14.9,26,2842,-1.01,-19.3,15.0,26,-0.384,0,
C-B-1,1,1.04789,-29.4929,15.3109,1230,1.01,12.100000000000001,14.9,26,2842,-1.51,-20.200000000000003,15.0,26,-0.345,0,
C-B-1,1,1.04888,-29.4929,15.3109,1230,1.51,13.0,14.9,26,2842,-1.01,-19.3,15.0,26,-0.345,0,
C-B-1,1,1.04989,-29.4929,15.3109,1230,1.51,13.0,14.9,26,2841,-1.51,-21.0,15.0,26,-0.384,0,
C-B-1,1,1.05089,-29.4929,15.3109,1230,1.01,12.100000000000001,15.1,26,2842,-1.01,-19.3,14.4,26,-0.345,0,
C-B-1,1,1.05189,-29.4929,15.3109,1230,1.01,12.100000000000001,15.1,26,2841,-1.51,-21.0,14.4,26,-0.384,0,
C-B-1,1,1.05289,-29.4929,15.3109,1230,1.01,12.100000000000001,15.1,26,2841,-1.51,-21.0,14.4,26,-0.384,0,
C-B-1,1,1.05389,-29.4929,15.3109,1230,1.01,12.100000000000001,15.1,26,2841,-1.51,-21.0,14.4,26,-0.384,0,
C-B-1,1,1.05489,-29.4929,15.3109,1230,1.01,12.100000000000001,15.1,26,2841,-1.51,-21.0,14.4,26,-0.384,0,
C-B-1,1,1.05589,-29.4929,15.3109,1230,1.01,12.100000000000001,15.1,26,2841,-1.51,-21.0,14.4,26,-0.384,0,
C-B-1,1,1.05689,-29.4929,15.3109,1230,1.01,12.100000000000001,15.1,26,2841,-1.51,-21.0,14.4,26,-0.384,0,
C-B-1,1,1.05789,-29.4929,15.3109,1230,1.01,12.100000000000001,15.1,26,2840,-2.01,-22.700000000000003,14.4,26,-0.422,0,
C-B-1,1,1.05889,-29.4929,15.3109,1230,1.01,12.100000000000001,15.1,26,2840,-2.01,-22.700000000000003,14.4,26,-0.422,0,
C-B-1,1,1.05989,-29.4929,15.3109,1230,0.0,10.4,15.1,26,2841,-1.51,-21.0,14.4,26,-0.384,0,
C-B-1,1,1.06089,-29.4929,15.3109,1230,0.0,10.4,15.1,26,2841,-1.51,-21.0,14.4,26,-0.384,0,
C-B-1,1,1.06189,-29.4929,15.3109,1230,0.0,10.4,15.1,26,2840,-1.51,-21.8,14.4,26,-0.422,0,
C-B-1,1,1.06289,-29.4545,15.3167,1231,1.01,12.9,15.1,26,2840,-1.51,-21.8,14.4,26,-0.384,0,
C-B-1,1,1.06389,-29.4545,15.3167,1231,1.01,12.9,15.1,26,2840,-1.51,-21.8,14.4,26,-0.384,0,
C-B-1,1,1.06489,-29.4545,15.3167,1231,1.01,12.9,15.1,26,2840,-1.51,-21.8,14.4,26,-0.384,0,
C-B-1,1,1.06589,-29.4929,15.3109,1230,0.0,10.4,15.1,26,2840,-1.51,-21.8,14.4,26,-0.422,0,
C-B-1,1,1.06689,-29.4545,15.3167,1231,1.01,12.9,15.1,26,2840,-1.51,-21.8,14.4,26,-0.384,0,
C-B-1,1,1.06789,-29.4545,15.3167,1231,1.01,12.9,15.1,26,2840,-1.51,-21.8,14.4,26,-0.384,0,
C-B-1,1,1.06889,-29.4545,15.3167,1231,1.01,12.9,15.1,26,2840,-1.51,-21.8,14.4,26,-0.384,0,
C-B-1,1,1.06989,-29.4545,15.3167,1231,1.01,12.9,15.1,26,2839,-2.01,-23.5,14.4,26,-0.422,0,
C-B-1,1,1.07089,-29.4545,15.3167,1231,1.01,12.9,15.1,26,2840,-1.01,-20.900000000000002,14.4,26,-0.384,0,
C-B-1,1,1.07189,-29.4545,15.3167,1231,1.01,12.9,15.1,26,2839,-1.51,-22.6,14.4,26,-0.422,0,
C-B-1,1,1.07289,-29.4545,15.3167,1231,0.0,11.200000000000001,15.1,26,2839,-1.51,-22.6,14.4,26,-0.422,0,
C-B-1,1,1.07389,-29.4545,15.3167,1231,0.0,11.200000000000001,15.1,26,2839,-1.51,-22.6,14.4,26,-0.422,0,
C-B-1,1,1.07489,-29.4545,15.3167,1231,1.01,12.9,15.1,26,2839,-1.51,-22.6,14.4,26,-0.422,0,
C-B-1,1,1.07589,-29.4545,15.3167,1231,1.01,12.9,15.1,26,2839,-1.51,-22.6,14.4,26,-0.422,0,
C-B-1,1,1.07689,-29.4545,15.3167,1231,0.0,11.200000000000001,15.1,26,2839,-1.51,-22.6,14.4,26,-0.422,0,
C-B-1,1,1.07789,-29.4545,15.3167,1231,0.0,11.200000000000001,15.1,26,2839,-1.51,-22.6,14.4,26,-0.422,0,
C-B-1,1,1.07889,-29.4162,15.3225,1232,1.01,13.700000000000001,15.1,26,2839,-1.01,-21.700000000000003,14.4,26,-0.384,0,
C-B-1,1,1.07989,-29.4162,15.3225,1232,1.01,13.700000000000001,15.1,26,2838,-2.01,-24.3,14.4,26,-0.422,0,
C-B-1,1,1.0809,-29.4545,15.3167,1231,0.0,11.200000000000001,15.1,26,2838,-1.51,-23.400000000000002,14.4,26,-0.46,0,
C-B-1,1,1.08189,-29.4162,15.3225,1232,1.01,13.700000000000001,15.1,26,2838,-1.51,-23.400000000000002,14.4,26,-0.422,0,
C-B-1,1,1.0829,-29.4162,15.3225,1232,1.01,13.700000000000001,15.1,26,2838,-1.51,-23.400000000000002,14.4,26,-0.422,0,
C-B-1,1,1.08389,-29.4162,15.3225,1232,1.01,13.700000000000001,15.1,26,2838,-1.51,-23.400000000000002,14.4,26,-0.422,0,
C-B-1,1,1.08489,-29.4162,15.3225,1232,1.01,13.700000000000001,15.1,26,2838,-1.51,-23.400000000000002,14.4,26,-0.422,0,
C-B-1,1,1.08589,-29.4162,15.3225,1232,1.01,13.700000000000001,15.1,26,2838,-1.51,-23.400000000000002,14.4,26,-0.422,0,
C-B-1,1,1.0869,-29.4162,15.3225,1232,1.01,13.700000000000001,15.1,26,2838,-1.01,-22.5,14.4,26,-0.422,0,
C-B-1,1,1.08789,-29.4162,15.3225,1232,1.01,13.700000000000001,15.1,26,2838,-1.01,-22.5,14.4,26,-0.422,0,
C-B-1,1,1.0889,-29.4162,15.3225,1232,1.01,13.700000000000001,15.1,26,2838,-1.51,-23.400000000000002,14.4,26,-0.422,0,
C-B-1,1,1.08989,-29.4162,15.3225,1232,1.01,13.700000000000001,15.1,26,2838,-1.51,-23.400000000000002,14.4,26,-0.422,0,
C-B-1,1,1.0909,-29.4162,15.3225,1232,1.01,13.700000000000001,15.1,26,2838,-1.01,-22.5,14.4,26,-0.422,0,
C-B-1,1,1.09189,-29.4162,15.3225,1232,0.0,12.0,15.1,26,2838,-1.01,-22.5,14.4,26,-0.422,0,
C-B-1,1,1.0929,-29.4162,15.3225,1232,0.0,12.0,15.1,26,2838,-1.01,-22.5,14.4,26,-0.422,0,
C-B-1,1,1.09389,-29.4162,15.3225,1232,0.0,12.0,15.1,26,2838,-1.01,-22.5,14.4,26,-0.422,0,
C-B-1,1,1.0949,-29.4162,15.3225,1232,1.01,13.700000000000001,15.1,26,2838,-1.01,-22.5,14.4,26,-0.422,0,
C-B-1,1,1.09589,-29.4162,15.3225,1232,0.0,12.0,15.1,26,2837,-1.51,-24.200000000000003,14.4,26,-0.46,0,
C-B-1,1,1.0969,-29.4162,15.3225,1232,0.0,12.0,15.1,26,2837,-1.51,-24.200000000000003,14.4,26,-0.46,0,
C-B-1,1,1.0979,-29.4162,15.3225,1232,0.0,12.0,15.1,26,2837,-1.51,-24.200000000000003,14.4,26,-0.46,0,
C-B-1,1,1.0989,-29.4162,15.3225,1232,0.0,12.0,15.1,26,2837,-1.01,-23.3,14.4,26,-0.46,0,
C-B-1,1,1.0999,-29.4162,15.3225,1232,0.0,12.0,15.1,26,2837,-1.51,-24.200000000000003,14.4,26,-0.46,0,
C-B-1,1,1.1009,-29.4162,15.3225,1232,0.0,12.0,15.1,26,2837,-1.01,-23.3,14.4,26,-0.46,0,
C-B-1,1,1.1019,-29.3778,15.3283,1233,1.01,14.5,15.1,26,2837,-1.01,-23.3,14.4,26,-0.422,0,
C-B-1,1,1.1029,-29.4162,15.3225,1232,0.0,12.0,15.1,26,2837,-1.01,-23.3,14.4,26,-0.46,0,
C-B-1,1,1.1039,-29.3778,15.3283,1233,1.01,14.5,15.1,26,2837,-1.01,-23.3,14.4,26,-0.422,0,
C-B-1,1,1.1049,-29.4162,15.3225,1232,0.0,12.0,15.1,26,2837,-1.01,-23.3,14.4,26,-0.46,0,
C-B-1,1,1.1059,-29.3778,15.3283,1233,1.01,14.5,15.1,26,2837,-1.01,-23.3,14.4,26,-0.422,0,
C-B-1,1,1.1069,-29.4162,15.3225,1232,0.0,12.0,15.1,26,2837,-1.01,-23.3,14.4,26,-0.46,0,
C-B-1,1,1.1079,-29.4162,15.3225,1232,0.0,12.0,15.1,26,2837,-1.01,-23.3,14.4,26,-0.46,0,
C-B-1,1,1.1089,-29.4162,15.3225,1232,0.0,12.0,15.1,26,2837,0.0,-21.6,14.4,26,-0.46,0,
C-B-1,1,1.1099,-29.3778,15.3283,1233,0.0,12.8,15.1,26,2837,0.0,-21.6,14.4,26,-0.422,0,
C-B-1,1,1.1109,-29.3778,15.3283,1233,0.0,12.8,15.1,26,2837,0.0,-21.6,14.4,26,-0.422,0,
C-B-1,1,1.1119,-29.4162,15.3225,1232,0.0,12.0,15.1,26,2837,0.0,-21.6,14.4,26,-0.46,0,
C-B-1,1,1.1129,-29.4162,15.3225,1232,0.0,12.0,15.1,26,2837,0.0,-21.6,14.4,26,-0.46,0,
C-B-1,1,1.1139,-29.4162,15.3225,1232,0.0,12.0,15.1,26,2837,0.0,-21.6,14.4,26,-0.46,0,
C-B-1,1,1.1149,-29.4162,15.3225,1232,0.0,12.0,15.1,26,2837,0.0,-21.6,14.4,26,-0.46,0,
C-B-1,1,1.1159,-29.4162,15.3225,1232,0.0,12.0,15.1,26,2837,0.0,-21.6,14.4,26,-0.46,0,
C-B-1,1,1.1169,-29.3778,15.3283,1233,0.0,12.8,15.1,26,2837,0.0,-21.6,14.4,26,-0.422,0,
C-B-1,1,1.1179,-29.4162,15.3225,1232,0.0,12.0,15.1,26,2837,0.0,-21.6,14.4,26,-0.46,0,
C-B-1,1,1.1189,-29.3778,15.3283,1233,0.0,12.8,15.1,26,2837,0.0,-21.6,14.4,26,-0.422,0,
C-B-1,1,1.1199,-29.3778,15.3283,1233,0.0,12.0,15.1,26,2837,0.0,-21.6,14.4,26,-0.422,0,
C-B-1,1,1.1209,-29.4162,15.3225,1232,0.0,12.0,15.1,26,2836,-1.01,-24.1,14.4,26,-0.499,0,
C-B-1,1,1.1219,-29.4162,15.3225,1232,0.0,12.0,15.1,26,2837,0.0,-21.6,14.4,26,-0.46,0,
C-B-1,1,1.1229,-29.3778,15.3283,1233,0.0,12.8,15.1,26,2837,0.0,-21.6,14.4,26,-0.422,0,
C-B-1,1,1.1239,-29.4162,15.3225,1232,0.0,12.0,15.1,26,2837,0.0,-21.6,14.4,26,-0.46,0,
C-B-1,1,1.1249,-29.3778,15.3283,1233,0.0,12.8,15.1,26,2837,0.0,-21.6,14.4,26,-0.422,0,
C-B-1,1,1.1259,-29.4162,15.3225,1232,0.0,12.0,15.1,26,2837,0.0,-21.6,14.4,26,-0.46,0,
C-B-1,1,1.1269,-29.3778,15.3283,1233,0.0,12.8,15.1,26,2837,0.0,-21.6,14.4,26,-0.422,0,
C-B-1,1,1.1279,-29.4162,15.3225,1232,0.0,12.0,15.1,26,2837,0.0,-21.6,14.4,26,-0.46,0,
C-B-1,1,1.12891,-29.3778,15.3283,1233,0.0,12.8,15.1,26,2837,0.0,-21.6,14.4,26,-0.422,0,
C-B-1,1,1.1299,-29.3778,15.3283,1233,0.0,12.8,15.1,26,2837,0.0,-21.6,14.4,26,-0.422,0,
C-B-1,1,1.1309,-29.3778,15.3283,1233,0.0,12.8,15.1,26,2837,0.0,-21.6,14.4,26,-0.422,0,
C-B-1,1,1.1319,-29.3778,15.3283,1233,0.0,12.8,15.1,26,2837,0.0,-21.6,14.4,26,-0.422,0,
C-B-1,1,1.13291,-29.4162,15.3225,1232,0.0,12.0,15.1,26,2837,0.0,-21.6,14.4,26,-0.46,0,
C-B-1,1,1.1339,-29.4162,15.3225,1232,0.0,12.0,15.1,26,2837,0.0,-21.6,14.4,26,-0.46,0,
C-B-1,1,1.13491,-29.3778,15.3283,1233,0.0,12.8,15.1,26,2837,0.0,-21.6,14.4,26,-0.422,0,
C-B-1,1,1.1359,-29.4162,15.3225,1232,0.0,12.0,15.1,26,2837,0.0,-21.6,14.4,26,-0.46,0,
C-B-1,1,1.13691,-29.4162,15.3225,1232,0.0,12.0,15.1,26,2837,0.0,-21.6,14.4,26,-0.46,0,
C-B-1,1,1.1379,-29.4162,15.3225,1232,0.0,12.0,15.1,26,2837,0.0,-21.6,14.4,26,-0.46,0,
C-B-1,1,1.13891,-29.4162,15.3225,1232,0.0,12.0,15.1,26,2837,0.0,-21.6,14.4,26,-0.46,0,
C-B-1,1,1.1399,-29.4162,15.3225,1232,0.0,12.0,15.1,26,2837,0.0,-21.6,14.4,26,-0.46,0,
C-B-1,1,1.14091,-29.4162,15.3225,1232,0.0,12.0,15.1,26,2837,0.0,-21.6,14.4,26,-0.46,0,
C-B-1,1,1.1419,-29.4162,15.3225,1232,0.0,12.0,15.1,26,2837,0.0,-21.6,14.4,26,-0.46,0,
C-B-1,1,1.1429,-29.4162,15.3225,1232,0.0,12.0,15.1,26,2837,0.0,-21.6,14.4,26,-0.46,0,
C-B-1,1,1.14391,-29.4162,15.3225,1232,0.0,12.0,15.1,26,2837,0.0,-21.6,14.4,26,-0.46,0,
C-B-1,1,1.1449,-29.4162,15.3225,1232,0.0,12.0,15.1,26,2837,0.0,-21.6,14.4,26,-0.46,0,
C-B-1,1,1.14591,-29.4162,15.3225,1232,0.0,12.0,15.1,26,2837,0.0,-20.8,14.4,26,-0.46,0,
C-B-1,1,1.1469,-29.4162,15.3225,1232,0.0,12.0,15.1,26,2837,0.0,-21.6,14.4,26,-0.46,0,
C-B-1,1,1.14791,-29.4162,15.3225,1232,0.0,12.0,15.1,26,2837,0.0,-21.6,14.4,26,-0.46,0,
C-B-1,1,1.1489,-29.4162,15.3225,1232,0.0,12.0,15.1,26,2837,0.0,-20.8,14.4,26,-0.46,0,
C-B-1,1,1.14991,-29.4162,15.3225,1232,0.0,12.0,15.1,26,2837,0.0,-21.6,14.4,26,-0.46,0,
C-B-1,1,1.15091,-29.4162,15.3225,1232,0.0,12.0,15.1,26,2837,0.0,-21.6,14.4,26,-0.46,0,
C-B-1,1,1.15191,-29.4162,15.3225,1232,0.0,12.0,15.1,26,2838,0.0,-20.8,14.4,26,-0.422,0,
C-B-1,1,1.15291,-29.4162,15.3225,1232,0.0,12.0,15.1,26,2838,0.0,-20.8,14.4,26,-0.422,0,
C-B-1,1,1.15391,-29.4162,15.3225,1232,0.0,12.0,15.1,26,2838,0.0,-20.8,14.4,26,-0.422,0,
C-B-1,1,1.15491,-29.4162,15.3225,1232,0.0,12.0,15.1,26,2837,0.0,-21.6,14.4,26,-0.46,0,
C-B-1,1,1.15591,-29.4162,15.3225,1232,0.0,12.0,15.1,26,2838,0.0,-20.8,14.4,26,-0.422,0,
C-B-1,1,1.15691,-29.4162,15.3225,1232,0.0,12.0,15.1,26,2838,0.0,-20.8,14.4,26,-0.422,0,
C-B-1,1,1.15791,-29.4162,15.3225,1232,0.0,12.0,15.1,26,2838,0.0,-20.8,14.4,26,-0.422,0,
C-B-1,1,1.15891,-29.4162,15.3225,1232,0.0,12.0,15.1,26,2838,0.0,-20.8,14.4,26,-0.422,0,
C-B-1,1,1.15991,-29.4162,15.3225,1232,0.0,12.0,15.1,26,2838,0.0,-20.8,14.4,26,-0.422,0,
C-B-1,1,1.16091,-29.4545,15.3167,1231,-1.01,9.5,15.1,26,2838,0.0,-20.8,14.4,26,-0.46,0,
C-B-1,1,1.16191,-29.4162,15.3225,1232,0.0,12.0,15.1,26,2838,0.0,-20.8,14.4,26,-0.422,0,
C-B-1,1,1.16291,-29.4162,15.3225,1232,0.0,12.0,15.1,26,2838,0.0,-20.8,14.4,26,-0.422,0,
C-B-1,1,1.16391,-29.4545,15.3167,1231,-1.01,9.5,15.1,26,2838,0.0,-20.8,14.4,26,-0.46,0,
C-B-1,1,1.16491,-29.4545,15.3167,1231,0.0,11.200000000000001,15.1,26,2838,0.0,-20.8,14.4,26,-0.46,0,
C-B-1,1,1.16591,-29.4545,15.3167,1231,0.0,11.200000000000001,15.1,26,2838,0.0,-20.8,14.4,26,-0.46,0,
C-B-1,1,1.16691,-29.4545,15.3167,1231,0.0,11.200000000000001,15.1,26,2838,0.0,-20.8,14.4,26,-0.46,0,
C-B-1,1,1.16791,-29.4545,15.3167,1231,0.0,11.200000000000001,14.9,26,2838,0.0,-20.8,13.8,26,-0.46,0,
C-B-1,1,1.16891,-29.4545,15.3167,1231,0.0,11.200000000000001,14.9,26,2838,0.0,-20.8,13.8,26,-0.46,0,
C-B-1,1,1.16991,-29.4545,15.3167,1231,0.0,11.200000000000001,14.9,26,2838,0.0,-20.8,13.8,26,-0.46,0,
C-B-1,1,1.17091,-29.4545,15.3167,1231,0.0,11.200000000000001,14.9,26,2839,1.01,-18.3,13.8,26,-0.422,0,
C-B-1,1,1.17191,-29.4545,15.3167,1231,0.0,11.200000000000001,14.9,26,2839,1.01,-18.3,13.8,26,-0.422,0,
C-B-1,1,1.17291,-29.4545,15.3167,1231,0.0,11.200000000000001,14.9,26,2839,1.01,-18.3,13.8,26,-0.422,0,
C-B-1,1,1.17391,-29.4545,15.3167,1231,0.0,11.200000000000001,14.9,26,2839,1.01,-18.3,13.8,26,-0.422,0,
C-B-1,1,1.17491,-29.4545,15.3167,1231,0.0,11.200000000000001,14.9,26,2839,1.01,-18.3,13.8,26,-0.422,0,
C-B-1,1,1.17591,-29.4929,15.3109,1230,-1.01,8.700000000000001,14.9,26,2839,0.0,-20.0,13.8,26,-0.46,0,
C-B-1,1,1.17691,-29.4929,15.3109,1230,-1.01,8.700000000000001,14.9,26,2839,1.01,-18.3,13.8,26,-0.46,0,
C-B-1,1,1.17791,-29.4929,15.3109,1230,-1.01,8.700000000000001,14.9,26,2839,0.0,-20.0,13.8,26,-0.46,0,
C-B-1,1,1.17892,-29.4545,15.3167,1231,0.0,11.200000000000001,14.9,26,2839,1.01,-18.3,13.8,26,-0.422,0,
C-B-1,1,1.17991,-29.4929,15.3109,1230,-1.01,8.700000000000001,14.9,26,2840,1.51,-16.6,13.8,26,-0.422,0,
C-B-1,1,1.18092,-29.4929,15.3109,1230,-1.01,8.700000000000001,14.9,26,2839,0.0,-20.0,13.8,26,-0.46,0,
C-B-1,1,1.18191,-29.4929,15.3109,1230,-1.01,8.700000000000001,14.9,26,2839,0.0,-20.0,13.8,26,-0.46,0,
C-B-1,1,1.18291,-29.4929,15.3109,1230,-1.01,8.700000000000001,14.9,26,2839,0.0,-20.0,13.8,26,-0.46,0,
C-B-1,1,1.18391,-29.4929,15.3109,1230,-1.01,8.700000000000001,14.9,26,2839,1.01,-18.3,13.8,26,-0.46,0,
C-B-1,1,1.18492,-29.4545,15.3167,1231,0.0,11.200000000000001,14.9,26,2839,0.0,-20.0,13.8,26,-0.422,0,
C-B-1,1,1.18591,-29.4929,15.3109,1230,-1.01,8.700000000000001,14.9,26,2840,1.01,-17.5,13.8,26,-0.422,0,
C-B-1,1,1.18692,-29.4929,15.3109,1230,-1.01,8.700000000000001,14.9,26,2839,0.0,-20.0,13.8,26,-0.46,0,
C-B-1,1,1.18791,-29.4929,15.3109,1230,-1.01,8.700000000000001,14.9,26,2840,1.01,-17.5,13.8,26,-0.422,0,
C-B-1,1,1.18892,-29.4929,15.3109,1230,-1.01,8.700000000000001,14.9,26,2840,1.01,-17.5,13.8,26,-0.422,0,
C-B-1,1,1.18991,-29.4929,15.3109,1230,-1.01,8.700000000000001,14.9,26,2840,1.01,-17.5,13.8,26,-0.422,0,
C-B-1,1,1.19092,-29.4929,15.3109,1230,-1.01,8.700000000000001,14.9,26,2840,1.01,-17.5,13.8,26,-0.422,0,
C-B-1,1,1.19191,-29.4929,15.3109,1230,-1.01,8.700000000000001,14.9,26,2840,1.01,-17.5,13.8,26,-0.422,0,
C-B-1,1,1.19292,-29.4929,15.3109,1230,0.0,10.4,14.9,26,2840,1.01,-17.5,13.8,26,-0.422,0,
C-B-1,1,1.19391,-29.4929,15.3109,1230,0.0,10.4,14.9,26,2840,1.01,-17.5,13.8,26,-0.422,0,
C-B-1,1,1.19492,-29.4929,15.3109,1230,0.0,10.4,14.9,26,2841,1.51,-15.8,13.8,26,-0.384,0,
C-B-1,1,1.19591,-29.4929,15.3109,1230,0.0,10.4,14.9,26,2840,1.01,-17.5,13.8,26,-0.422,0,
C-B-1,1,1.19692,-29.4929,15.3109,1230,0.0,10.4,14.9,26,2840,1.01,-17.5,13.8,26,-0.422,0,
C-B-1,1,1.19791,-29.4929,15.3109,1230,0.0,10.4,14.9,26,2841,1.51,-15.8,13.8,26,-0.384,0,
C-B-1,1,1.19892,-29.4929,15.3109,1230,0.0,10.4,14.9,26,2841,1.51,-15.8,13.8,26,-0.384,0,
C-B-1,1,1.19991,-29.4929,15.3109,1230,0.0,10.4,14.9,26,2841,1.01,-16.7,13.8,26,-0.384,0,
C-B-1,1,1.20091,-29.4929,15.3109,1230,0.0,10.4,14.9,26,2841,1.01,-16.7,13.8,26,-0.384,0,
C-B-1,1,1.20192,-29.5313,15.3051,1229,-1.01,7.9,14.9,26,2841,1.01,-16.7,13.8,26,-0.422,0,
C-B-1,1,1.20291,-29.4929,15.3109,1230,0.0,10.4,14.9,26,2841,1.01,-16.7,13.8,26,-0.384,0,
C-B-1,1,1.20391,-29.4929,15.3109,1230,0.0,10.4,14.9,26,2841,1.01,-16.7,13.8,26,-0.384,0,
C-B-1,1,1.20492,-29.5313,15.3051,1229,0.0,9.600000000000001,14.9,26,2841,1.01,-16.7,13.8,26,-0.422,0,
C-B-1,1,1.20592,-29.5313,15.3051,1229,0.0,9.600000000000001,14.9,26,2841,1.01,-16.7,13.8,26,-0.422,0,
C-B-1,1,1.20692,-29.5313,15.3051,1229,0.0,9.600000000000001,14.9,26,2841,1.01,-16.7,13.8,26,-0.422,0,
C-B-1,1,1.20792,-29.5313,15.3051,1229,-1.01,7.9,14.9,26,2841,1.01,-16.7,13.8,26,-0.422,0,
C-B-1,1,1.20892,-29.5313,15.3051,1229,0.0,9.600000000000001,14.9,26,2841,0.0,-18.400000000000002,13.8,26,-0.422,0,
C-B-1,1,1.20992,-29.5313,15.3051,1229,0.0,9.600000000000001,14.9,26,2841,1.01,-16.7,13.8,26,-0.422,0,
C-B-1,1,1.21092,-29.5313,15.3051,1229,0.0,9.600000000000001,14.9,26,2841,1.01,-16.7,13.8,26,-0.422,0,
C-B-1,1,1.21193,-29.5313,15.3051,1229,0.0,9.600000000000001,14.9,26,2841,1.01,-16.7,13.8,26,-0.422,0,
C-B-1,1,1.21292,-29.5313,15.3051,1229,0.0,9.600000000000001,14.9,26,2841,1.01,-16.7,13.8,26,-0.422,0,
C-B-1,1,1.21392,-29.5313,15.3051,1229,-1.01,7.9,14.9,26,2841,1.01,-16.7,13.8,26,-0.422,0,
C-B-1,1,1.21492,-29.5313,15.3051,1229,0.0,9.600000000000001,14.9,26,2841,0.0,-18.400000000000002,13.8,26,-0.422,0,
C-B-1,1,1.21592,-29.5313,15.3051,1229,0.0,9.600000000000001,14.9,26,2842,1.01,-15.9,13.8,26,-0.384,0,
C-B-1,1,1.21692,-29.5313,15.3051,1229,0.0,9.600000000000001,14.9,26,2841,1.01,-16.7,13.8,26,-0.422,0,
C-B-1,1,1.21792,-29.5313,15.3051,1229,0.0,9.600000000000001,14.9,26,2842,1.01,-15.9,13.8,26,-0.384,0,
C-B-1,1,1.21892,-29.5313,15.3051,1229,0.0,9.600000000000001,14.9,26,2842,1.01,-15.9,13.8,26,-0.384,0,
C-B-1,1,1.21992,-29.5313,15.3051,1229,0.0,9.600000000000001,14.9,26,2841,0.0,-18.400000000000002,13.8,26,-0.422,0,
C-B-1,1,1.22092,-29.5313,15.3051,1229,0.0,9.600000000000001,14.9,26,2842,1.01,-15.9,13.8,26,-0.384,0,
C-B-1,1,1.22192,-29.5313,15.3051,1229,0.0,9.600000000000001,14.9,26,2842,1.01,-15.9,13.8,26,-0.384,0,
C-B-1,1,1.22292,-29.5313,15.3051,1229,0.0,9.600000000000001,14.9,26,2842,1.01,-15.9,13.8,26,-0.384,0,
C-B-1,1,1.22392,-29.5313,15.3051,1229,0.0,9.600000000000001,14.9,26,2842,0.0,-17.6,13.8,26,-0.384,0,
C-B-1,1,1.22492,-29.5313,15.3051,1229,0.0,9.600000000000001,14.9,26,2842,1.01,-15.9,13.8,26,-0.384,0,
C-B-1,1,1.22592,-29.5313,15.3051,1229,0.0,9.600000000000001,14.9,26,2842,1.01,-15.9,13.8,26,-0.384,0,
C-B-1,1,1.22692,-29.5313,15.3051,1229,0.0,9.600000000000001,14.9,26,2842,0.0,-17.6,13.8,26,-0.384,0,
C-B-1,1,1.22792,-29.5313,15.3051,1229,0.0,9.600000000000001,14.9,26,2842,1.01,-15.9,13.8,26,-0.384,0,
C-B-1,1,1.22892,-29.5313,15.3051,1229,0.0,9.600000000000001,14.9,26,2841,0.0,-18.400000000000002,13.8,26,-0.422,0,
C-B-1,1,1.22992,-29.5313,15.3051,1229,0.0,9.600000000000001,14.9,26,2842,0.0,-17.6,13.8,26,-0.384,0,
C-B-1,1,1.23092,-29.5313,15.3051,1229,0.0,9.600000000000001,14.9,26,2841,0.0,-18.400000000000002,13.8,26,-0.422,0,
C-B-1,1,1.23192,-29.5313,15.3051,1229,0.0,9.600000000000001,14.9,26,2842,0.0,-17.6,13.8,26,-0.384,0,
C-B-1,1,1.23292,-29.5313,15.3051,1229,0.0,9.600000000000001,14.9,26,2842,0.0,-17.6,13.8,26,-0.384,0,
C-B-1,1,1.23392,-29.5313,15.3051,1229,0.0,9.600000000000001,14.9,26,2841,0.0,-18.400000000000002,13.8,26,-0.422,0,
C-B-1,1,1.23493,-29.5313,15.3051,1229,0.0,9.600000000000001,14.9,26,2842,0.0,-17.6,13.8,26,-0.384,0,
C-B-1,1,1.23592,-29.5313,15.3051,1229,0.0,9.600000000000001,14.9,26,2842,0.0,-17.6,13.8,26,-0.384,0,
C-B-1,1,1.23693,-29.5313,15.3051,1229,0.0,9.600000000000001,14.9,26,2842,0.0,-17.6,13.8,26,-0.384,0,
C-B-1,1,1.23792,-29.5313,15.3051,1229,0.0,9.600000000000001,14.9,26,2842,0.0,-17.6,13.8,26,-0.384,0,
C-B-1,1,1.23893,-29.5313,15.3051,1229,0.0,9.600000000000001,14.9,26,2842,0.0,-17.6,13.8,26,-0.384,0,
C-B-1,1,1.23992,-29.5313,15.3051,1229,0.0,9.600000000000001,14.9,26,2842,0.0,-17.6,13.8,26,-0.384,0,
C-B-1,1,1.24092,-29.5313,15.3051,1229,0.0,9.600000000000001,14.9,26,2842,0.0,-17.6,13.8,26,-0.384,0,
C-B-1,1,1.24193,-29.5313,15.3051,1229,0.0,9.600000000000001,14.9,26,2842,0.0,-17.6,13.8,26,-0.384,0,
C-B-1,1,1.24292,-29.5313,15.3051,1229,0.0,9.600000000000001,14.9,26,2841,0.0,-18.400000000000002,13.8,26,-0.422,0,
C-B-1,1,1.24392,-29.5313,15.3051,1229,0.0,9.600000000000001,14.9,26,2841,0.0,-18.400000000000002,13.8,26,-0.422,0,
C-B-1,1,1.24493,-29.5313,15.3051,1229,0.0,9.600000000000001,14.9,26,2842,0.0,-17.6,13.8,26,-0.384,0,
C-B-1,1,1.24592,-29.5313,15.3051,1229,0.0,9.600000000000001,14.9,26,2841,0.0,-18.400000000000002,13.8,26,-0.422,0,
C-B-1,1,1.24693,-29.5313,15.3051,1229,0.0,9.600000000000001,14.9,26,2842,0.0,-17.6,13.8,26,-0.384,0,
C-B-1,1,1.24792,-29.5313,15.3051,1229,0.0,9.600000000000001,14.9,26,2842,0.0,-17.6,13.8,26,-0.384,0,
C-B-1,1,1.24893,-29.5313,15.3051,1229,0.0,9.600000000000001,14.9,26,2841,0.0,-18.400000000000002,13.8,26,-0.422,0,
C-B-1,1,1.24992,-29.5313,15.3051,1229,0.0,9.600000000000001,14.9,26,2841,0.0,-18.400000000000002,13.8,26,-0.422,0,
C-B-1,1,1.25093,-29.5313,15.3051,1229,0.0,9.600000000000001,14.9,26,2841,0.0,-18.400000000000002,13.8,26,-0.422,0,
C-B-1,1,1.25192,-29.5313,15.3051,1229,0.0,9.600000000000001,14.9,26,2841,0.0,-18.400000000000002,13.8,26,-0.422,0,
C-B-1,1,1.25293,-29.5313,15.3051,1229,0.0,9.600000000000001,14.9,26,2841,0.0,-18.400000000000002,13.8,26,-0.422,0,
C-B-1,1,1.25392,-29.5313,15.3051,1229,0.0,9.600000000000001,14.9,26,2842,0.0,-17.6,13.8,26,-0.384,0,
C-B-1,1,1.25493,-29.5313,15.3051,1229,0.0,9.600000000000001,14.9,26,2842,0.0,-17.6,13.8,26,-0.384,0,
C-B-1,1,1.25593,-29.5313,15.3051,1229,0.0,9.600000000000001,14.9,26,2841,0.0,-18.400000000000002,13.8,26,-0.422,0,
C-B-1,1,1.25693,-29.5313,15.3051,1229,0.0,9.600000000000001,14.9,26,2841,0.0,-18.400000000000002,13.8,26,-0.422,0,
C-B-1,1,1.25793,-29.5313,15.3051,1229,0.0,9.600000000000001,14.9,26,2841,0.0,-18.400000000000002,13.8,26,-0.422,0,
C-B-1,1,1.25893,-29.5313,15.3051,1229,0.0,9.600000000000001,14.9,26,2841,0.0,-18.400000000000002,13.8,26,-0.422,0,
C-B-1,1,1.25993,-29.5313,15.3051,1229,0.0,9.600000000000001,14.9,26,2841,0.0,-18.400000000000002,13.8,26,-0.422,0,
C-B-1,1,1.26093,-29.5313,15.3051,1229,0.0,9.600000000000001,14.9,26,2841,0.0,-18.400000000000002,13.8,26,-0.422,0,
C-B-1,1,1.26193,-29.5313,15.3051,1229,0.0,9.600000000000001,14.9,26,2841,0.0,-18.400000000000002,13.8,26,-0.422,0,
C-B-1,1,1.26293,-29.5313,15.3051,1229,0.0,9.600000000000001,14.9,26,2841,0.0,-18.400000000000002,13.8,26,-0.422,0,
C-B-1,1,1.26393,-29.4929,15.3109,1230,0.0,10.4,14.9,26,2841,0.0,-18.400000000000002,13.8,26,-0.384,0,
C-B-1,1,1.26493,-29.4929,15.3109,1230,0.0,10.4,14.9,26,2841,0.0,-18.400000000000002,13.8,26,-0.384,0,
C-B-1,1,1.26593,-29.4929,15.3109,1230,0.0,10.4,14.9,26,2841,0.0,-18.400000000000002,13.8,26,-0.384,0,
C-B-1,1,1.26693,-29.4929,15.3109,1230,0.0,10.4,14.9,26,2841,0.0,-18.400000000000002,13.8,26,-0.384,0,
C-B-1,1,1.26793,-29.4929,15.3109,1230,0.0,10.4,14.9,26,2841,0.0,-18.400000000000002,13.8,26,-0.384,0,
C-B-1,1,1.26893,-29.5313,15.3051,1229,0.0,9.600000000000001,14.9,26,2840,-1.01,-20.900000000000002,13.8,26,-0.46,0,
C-B-1,1,1.26993,-29.4929,15.3109,1230,0.0,10.4,14.9,26,2841,0.0,-18.400000000000002,13.8,26,-0.384,0,
C-B-1,1,1.27093,-29.4929,15.3109,1230,0.0,10.4,14.9,26,2840,-1.01,-20.900000000000002,13.8,26,-0.422,0,
C-B-1,1,1.27193,-29.4929,15.3109,1230,0.0,10.4,14.9,26,2841,0.0,-18.400000000000002,13.8,26,-0.384,0,
C-B-1,1,1.27293,-29.4929,15.3109,1230,0.0,10.4,14.9,26,2840,0.0,-19.200000000000003,13.8,26,-0.422,0,
C-B-1,1,1.27393,-29.4929,15.3109,1230,0.0,10.4,14.9,26,2840,-1.01,-20.900000000000002,13.8,26,-0.422,0,
C-B-1,1,1.27493,-29.4929,15.3109,1230,0.0,10.4,14.9,26,2840,0.0,-19.200000000000003,13.8,26,-0.422,0,
C-B-1,1,1.27593,-29.4929,15.3109,1230,0.0,10.4,14.9,26,2840,-1.01,-20.900000000000002,13.8,26,-0.422,0,
C-B-1,1,1.27693,-29.4929,15.3109,1230,0.0,10.4,14.9,26,2840,0.0,-19.200000000000003,13.8,26,-0.422,0,
C-B-1,1,1.27794,-29.4929,15.3109,1230,0.0,10.4,14.9,26,2840,0.0,-19.200000000000003,13.8,26,-0.422,0,
C-B-1,1,1.27893,-29.4929,15.3109,1230,0.0,10.4,14.9,26,2840,0.0,-19.200000000000003,13.8,26,-0.422,0,
C-B-1,1,1.27993,-29.4929,15.3109,1230,0.0,10.4,14.9,26,2840,0.0,-19.200000000000003,13.8,26,-0.422,0,
C-B-1,1,1.28093,-29.4929,15.3109,1230,0.0,10.4,14.9,26,2840,0.0,-19.200000000000003,13.8,26,-0.422,0,
C-B-1,1,1.28191,-29.4929,15.3109,1230,0.0,10.4,14.9,26,2840,0.0,-19.200000000000003,13.8,26,-0.422,0,
C-B-1,1,1.28293,-29.4929,15.3109,1230,0.0,10.4,14.9,26,2840,-1.01,-20.900000000000002,13.8,26,-0.422,0,
C-B-1,1,1.28391,-29.4929,15.3109,1230,0.0,10.4,14.2,26,2840,-1.01,-20.900000000000002,13.9,26,-0.422,0,
C-B-1,1,1.28493,-29.4929,15.3109,1230,0.0,10.4,14.2,26,2840,0.0,-19.200000000000003,13.9,26,-0.422,0,
C-B-1,1,1.28591,-29.4545,15.3167,1231,1.01,12.9,14.2,26,2840,0.0,-19.200000000000003,13.9,26,-0.384,0,
C-B-1,1,1.28693,-29.4929,15.3109,1230,0.0,10.4,14.2,26,2839,-1.01,-21.700000000000003,13.9,26,-0.46,0,
C-B-1,1,1.28792,-29.4929,15.3109,1230,0.0,10.4,14.2,26,2840,0.0,-19.200000000000003,13.9,26,-0.422,0,
C-B-1,1,1.28893,-29.4929,15.3109,1230,0.0,10.4,14.2,26,2840,0.0,-19.200000000000003,13.9,26,-0.422,0,
C-B-1,1,1.28991,-29.4545,15.3167,1231,1.01,12.9,14.2,26,2839,-1.01,-21.700000000000003,13.9,26,-0.422,0,
C-B-1,1,1.29093,-29.4929,15.3109,1230,0.0,10.4,14.2,26,2839,-1.01,-21.700000000000003,13.9,26,-0.46,0,
C-B-1,1,1.29192,-29.4545,15.3167,1231,0.0,11.200000000000001,14.2,26,2840,0.0,-19.200000000000003,13.9,26,-0.384,0,
C-B-1,1,1.29293,-29.4545,15.3167,1231,0.0,11.200000000000001,14.2,26,2839,-1.01,-21.700000000000003,13.9,26,-0.422,0,
C-B-1,1,1.29392,-29.4545,15.3167,1231,0.0,11.200000000000001,14.2,26,2839,-1.01,-21.700000000000003,13.9,26,-0.422,0,
C-B-1,1,1.29493,-29.4545,15.3167,1231,0.0,11.200000000000001,14.2,26,2839,-1.01,-21.700000000000003,13.9,26,-0.422,0,
C-B-1,1,1.29592,-29.4545,15.3167,1231,0.0,11.200000000000001,14.2,26,2839,-1.01,-21.700000000000003,13.9,26,-0.422,0,
C-B-1,1,1.29693,-29.4545,15.3167,1231,0.0,11.200000000000001,14.2,26,2839,-1.01,-21.700000000000003,13.9,26,-0.422,0,
C-B-1,1,1.29792,-29.4545,15.3167,1231,1.01,12.9,14.2,26,2839,-1.01,-21.700000000000003,13.9,26,-0.422,0,
C-B-1,1,1.29893,-29.4545,15.3167,1231,0.0,11.200000000000001,14.2,26,2839,0.0,-20.0,13.9,26,-0.422,0,
C-B-1,1,1.29992,-29.4545,15.3167,1231,0.0,11.200000000000001,14.2,26,2839,0.0,-20.0,13.9,26,-0.422,0,
C-B-1,1,1.30094,-29.4545,15.3167,1231,0.0,11.200000000000001,14.2,26,2839,-1.01,-21.700000000000003,13.9,26,-0.422,0,
C-B-1,1,1.30192,-29.4545,15.3167,1231,0.0,11.200000000000001,14.2,26,2839,0.0,-20.0,13.9,26,-0.422,0,
C-B-1,1,1.30294,-29.4545,15.3167,1231,0.0,11.200000000000001,14.2,26,2839,0.0,-20.0,13.9,26,-0.422,0,
C-B-1,1,1.30392,-29.4545,15.3167,1231,0.0,11.200000000000001,14.2,26,2839,0.0,-20.0,13.9,26,-0.422,0,
C-B-1,1,1.30495,-29.4545,15.3167,1231,0.0,11.200000000000001,14.2,26,2838,-1.01,-22.5,13.9,26,-0.46,0,
C-B-1,1,1.30592,-29.4545,15.3167,1231,0.0,11.200000000000001,14.2,26,2839,-1.01,-21.700000000000003,13.9,26,-0.422,0,
C-B-1,1,1.30693,-29.4545,15.3167,1231,0.0,11.200000000000001,14.2,26,2838,-1.01,-22.5,13.9,26,-0.46,0,
C-B-1,1,1.30793,-29.4162,15.3225,1232,1.01,13.700000000000001,14.2,26,2839,0.0,-20.0,13.9,26,-0.384,0,
C-B-1,1,1.30893,-29.4162,15.3225,1232,1.01,13.700000000000001,14.2,26,2838,-1.01,-22.5,13.9,26,-0.422,0,
C-B-1,1,1.30992,-29.4162,15.3225,1232,1.01,13.700000000000001,14.2,26,2838,-1.01,-22.5,13.9,26,-0.422,0,
C-B-1,1,1.31094,-29.4545,15.3167,1231,0.0,11.200000000000001,14.2,26,2838,-1.01,-22.5,13.9,26,-0.46,0,
C-B-1,1,1.31192,-29.4545,15.3167,1231,0.0,11.200000000000001,14.2,26,2838,-1.01,-22.5,13.9,26,-0.46,0,
C-B-1,1,1.31293,-29.4545,15.3167,1231,0.0,11.200000000000001,14.2,26,2838,-1.01,-22.5,13.9,26,-0.46,0,
C-B-1,1,1.31392,-29.4545,15.3167,1231,0.0,11.200000000000001,14.2,26,2839,0.0,-20.0,13.9,26,-0.422,0,
C-B-1,1,1.31493,-29.4545,15.3167,1231,0.0,11.200000000000001,14.2,26,2838,-1.01,-22.5,13.9,26,-0.46,0,
C-B-1,1,1.31592,-29.4162,15.3225,1232,1.01,13.700000000000001,14.2,26,2838,0.0,-20.8,13.9,26,-0.422,0,
C-B-1,1,1.31694,-29.4545,15.3167,1231,0.0,11.200000000000001,14.2,26,2838,-1.01,-22.5,13.9,26,-0.46,0,
C-B-1,1,1.31793,-29.4162,15.3225,1232,1.01,13.700000000000001,14.2,26,2838,0.0,-20.8,13.9,26,-0.422,0,
C-B-1,1,1.31892,-29.4162,15.3225,1232,0.0,12.0,14.2,26,2838,0.0,-20.8,13.9,26,-0.422,0,
C-B-1,1,1.31993,-29.4545,15.3167,1231,0.0,11.200000000000001,14.2,26,2838,0.0,-20.8,13.9,26,-0.46,0,
C-B-1,1,1.32092,-29.4162,15.3225,1232,1.01,13.700000000000001,14.2,26,2838,-1.01,-22.5,13.9,26,-0.422,0,
C-B-1,1,1.32194,-29.4545,15.3167,1231,0.0,11.200000000000001,14.2,26,2838,0.0,-20.8,13.9,26,-0.46,0,
C-B-1,1,1.32292,-29.4545,15.3167,1231,0.0,11.200000000000001,14.2,26,2838,0.0,-20.8,13.9,26,-0.46,0,
C-B-1,1,1.32394,-29.4162,15.3225,1232,0.0,12.0,14.2,26,2838,0.0,-20.8,13.9,26,-0.422,0,
C-B-1,1,1.32492,-29.4162,15.3225,1232,0.0,12.0,14.2,26,2838,0.0,-20.8,13.9,26,-0.422,0,
C-B-1,1,1.32594,-29.4162,15.3225,1232,0.0,12.0,14.2,26,2838,0.0,-20.8,13.9,26,-0.422,0,
C-B-1,1,1.32692,-29.4545,15.3167,1231,0.0,11.200000000000001,14.2,26,2838,0.0,-20.8,13.9,26,-0.46,0,
C-B-1,1,1.32795,-29.4162,15.3225,1232,0.0,12.0,14.2,26,2838,0.0,-20.8,13.9,26,-0.422,0,
C-B-1,1,1.32893,-29.4162,15.3225,1232,0.0,12.0,14.2,26,2838,0.0,-20.8,13.9,26,-0.422,0,
C-B-1,1,1.32994,-29.4162,15.3225,1232,0.0,12.0,14.2,26,2838,0.0,-20.8,13.9,26,-0.422,0,
C-B-1,1,1.33094,-29.4162,15.3225,1232,0.0,12.0,14.2,26,2838,0.0,-20.8,13.9,26,-0.422,0,
C-B-1,1,1.33194,-29.4162,15.3225,1232,0.0,12.0,14.2,26,2838,0.0,-20.8,13.9,26,-0.422,0,
C-B-1,1,1.33292,-29.4162,15.3225,1232,0.0,12.0,14.2,26,2838,0.0,-20.8,13.9,26,-0.422,0,
C-B-1,1,1.33394,-29.4162,15.3225,1232,0.0,12.0,14.2,26,2838,0.0,-20.8,13.9,26,-0.422,0,
C-B-1,1,1.33492,-29.4162,15.3225,1232,0.0,12.0,14.2,26,2838,0.0,-20.8,13.9,26,-0.422,0,
C-B-1,1,1.33594,-29.4162,15.3225,1232,0.0,12.0,14.2,26,2838,0.0,-20.8,13.9,26,-0.422,0,
C-B-1,1,1.33694,-29.4162,15.3225,1232,0.0,12.0,14.2,26,2838,0.0,-20.8,13.9,26,-0.422,0,
C-B-1,1,1.33793,-29.4162,15.3225,1232,0.0,12.0,14.2,26,2838,0.0,-20.8,13.9,26,-0.422,0,
C-B-1,1,1.33892,-29.4162,15.3225,1232,0.0,12.0,14.2,26,2838,0.0,-20.8,13.9,26,-0.422,0,
C-B-1,1,1.33992,-29.4162,15.3225,1232,0.0,12.0,14.2,26,2838,0.0,-20.8,13.9,26,-0.422,0,
C-B-1,1,1.34092,-29.4162,15.3225,1232,0.0,12.0,14.2,26,2838,0.0,-20.8,13.9,26,-0.422,0,
C-B-1,1,1.34192,-29.4162,15.3225,1232,0.0,12.0,14.2,27,2838,0.0,-20.8,13.9,26,-0.422,0,
C-B-1,1,1.34292,-29.4162,15.3225,1232,0.0,12.0,14.2,27,2838,0.0,-20.8,13.9,26,-0.422,0,
C-B-1,1,1.34392,-29.4162,15.3225,1232,0.0,12.0,14.2,27,2838,0.0,-20.8,13.9,26,-0.422,0,
C-B-1,1,1.34492,-29.4162,15.3225,1232,0.0,12.0,14.2,27,2838,0.0,-20.8,13.9,26,-0.422,0,
C-B-1,1,1.34592,-29.4162,15.3225,1232,0.0,12.0,14.2,27,2838,0.0,-20.8,13.9,26,-0.422,0,
C-B-1,1,1.34692,-29.4162,15.3225,1232,0.0,12.0,14.2,27,2838,0.0,-20.8,13.9,26,-0.422,0,
C-B-1,1,1.34792,-29.4162,15.3225,1232,0.0,12.0,14.2,27,2838,0.0,-20.8,13.9,26,-0.422,0,
C-B-1,1,1.34892,-29.4162,15.3225,1232,0.0,12.0,14.2,27,2838,0.0,-20.8,13.9,26,-0.422,0,
C-B-1,1,1.34992,-29.4162,15.3225,1232,0.0,12.0,14.2,27,2838,0.0,-20.8,13.9,26,-0.422,0,
C-B-1,1,1.35092,-29.4162,15.3225,1232,0.0,12.0,14.2,27,2838,0.0,-20.8,13.9,26,-0.422,0,
C-B-1,1,1.35192,-29.4162,15.3225,1232,0.0,12.0,14.2,27,2838,0.0,-20.8,13.9,26,-0.422,0,
C-B-1,1,1.35292,-29.4162,15.3225,1232,0.0,12.0,14.2,27,2838,0.0,-20.8,13.9,26,-0.422,0,
C-B-1,1,1.35393,-29.4162,15.3225,1232,0.0,12.0,14.2,27,2838,0.0,-20.8,13.9,26,-0.422,0,
C-B-1,1,1.35493,-29.4162,15.3225,1232,0.0,12.0,14.2,27,2838,0.0,-20.8,13.9,26,-0.422,0,
C-B-1,1,1.35593,-29.4162,15.3225,1232,0.0,12.0,14.2,27,2838,0.0,-20.8,13.9,26,-0.422,0,
C-B-1,1,1.35692,-29.4162,15.3225,1232,0.0,12.0,14.2,27,2838,0.0,-20.8,13.9,26,-0.422,0,
C-B-1,1,1.35792,-29.4162,15.3225,1232,0.0,12.0,14.2,27,2838,0.0,-20.8,13.9,26,-0.422,0,
C-B-1,1,1.35892,-29.4162,15.3225,1232,0.0,12.0,14.2,27,2838,0.0,-20.8,13.9,26,-0.422,0,
C-B-1,1,1.35992,-29.4162,15.3225,1232,0.0,12.0,14.2,27,2838,0.0,-20.8,13.9,26,-0.422,0,
C-B-1,1,1.36092,-29.4162,15.3225,1232,0.0,12.0,14.2,27,2838,0.0,-20.8,13.9,26,-0.422,0,
C-B-1,1,1.36192,-29.4162,15.3225,1232,0.0,12.0,14.2,27,2838,0.0,-20.8,13.9,26,-0.422,0,
C-B-1,1,1.36293,-29.4162,15.3225,1232,0.0,12.0,14.2,27,2838,0.0,-20.8,13.9,26,-0.422,0,
C-B-1,1,1.36393,-29.4162,15.3225,1232,0.0,12.0,14.2,27,2838,0.0,-20.8,13.9,26,-0.422,0,
C-B-1,1,1.36493,-29.4162,15.3225,1232,0.0,12.0,14.2,27,2838,0.0,-20.8,13.9,26,-0.422,0,
C-B-1,1,1.36593,-29.4162,15.3225,1232,0.0,12.0,14.2,27,2838,0.0,-20.8,13.9,26,-0.422,0,
C-B-1,1,1.36693,-29.4162,15.3225,1232,0.0,12.0,14.2,27,2838,0.0,-20.8,13.9,26,-0.422,0,
C-B-1,1,1.36793,-29.4545,15.3167,1231,0.0,11.200000000000001,14.2,27,2838,0.0,-20.8,13.9,26,-0.46,0,
C-B-1,1,1.36893,-29.4545,15.3167,1231,0.0,11.200000000000001,14.2,27,2838,0.0,-20.8,13.9,26,-0.46,0,
C-B-1,1,1.36993,-29.4162,15.3225,1232,0.0,12.0,14.2,27,2838,0.0,-20.8,13.9,26,-0.422,0,
C-B-1,1,1.37093,-29.4162,15.3225,1232,0.0,12.0,14.2,27,2838,0.0,-20.8,13.9,26,-0.422,0,
C-B-1,1,1.37193,-29.4545,15.3167,1231,0.0,11.200000000000001,14.2,27,2838,0.0,-20.8,13.9,26,-0.46,0,
C-B-1,1,1.37293,-29.4545,15.3167,1231,0.0,11.200000000000001,14.2,27,2838,0.0,-20.8,13.9,26,-0.46,0,
C-B-1,1,1.37393,-29.4545,15.3167,1231,0.0,11.200000000000001,14.2,27,2838,0.0,-20.8,13.9,26,-0.46,0,
C-B-1,1,1.37493,-29.4545,15.3167,1231,0.0,11.200000000000001,14.2,27,2838,0.0,-20.8,13.9,26,-0.46,0,
C-B-1,1,1.37593,-29.4545,15.3167,1231,0.0,11.200000000000001,14.2,27,2838,0.0,-20.8,13.9,26,-0.46,0,
C-B-1,1,1.37693,-29.4545,15.3167,1231,0.0,11.200000000000001,14.2,27,2838,0.0,-20.8,13.9,26,-0.46,0,
C-B-1,1,1.37793,-29.4545,15.3167,1231,0.0,11.200000000000001,14.2,27,2838,0.0,-20.8,13.9,26,-0.46,0,
C-B-1,1,1.37893,-29.4545,15.3167,1231,0.0,11.200000000000001,14.2,27,2838,0.0,-20.8,13.9,26,-0.46,0,
C-B-1,1,1.37993,-29.4545,15.3167,1231,0.0,11.200000000000001,14.2,27,2838,0.0,-20.8,13.9,26,-0.46,0,
C-B-1,1,1.38093,-29.4545,15.3167,1231,0.0,11.200000000000001,14.2,27,2838,0.0,-20.8,13.9,26,-0.46,0,
C-B-1,1,1.38193,-29.4545,15.3167,1231,0.0,11.200000000000001,14.2,27,2838,0.0,-20.8,13.9,26,-0.46,0,
C-B-1,1,1.38293,-29.4545,15.3167,1231,0.0,11.200000000000001,14.2,27,2838,0.0,-20.8,13.9,26,-0.46,0,
C-B-1,1,1.38393,-29.4545,15.3167,1231,0.0,11.200000000000001,14.2,27,2838,0.0,-20.8,13.9,26,-0.46,0,
C-B-1,1,1.38493,-29.4545,15.3167,1231,0.0,11.200000000000001,14.2,27,2838,0.0,-20.8,13.9,26,-0.46,0,
C-B-1,1,1.38593,-29.4545,15.3167,1231,0.0,11.200000000000001,14.2,27,2838,0.0,-20.8,13.9,26,-0.46,0,
C-B-1,1,1.38693,-29.4545,15.3167,1231,0.0,11.200000000000001,14.2,27,2838,0.0,-20.8,13.9,26,-0.46,0,
C-B-1,1,1.38794,-29.4545,15.3167,1231,0.0,11.200000000000001,14.2,27,2838,0.0,-20.8,13.9,26,-0.46,0,
C-B-1,1,1.38893,-29.4545,15.3167,1231,0.0,11.200000000000001,14.2,27,2838,0.0,-20.8,13.9,26,-0.46,0,
C-B-1,1,1.38994,-29.4545,15.3167,1231,0.0,11.200000000000001,14.2,27,2838,0.0,-20.8,13.9,26,-0.46,0,
C-B-1,1,1.39098,-29.4545,15.3167,1231,0.0,11.200000000000001,14.2,27,2838,0.0,-20.8,13.9,26,-0.46,0,
C-B-1,1,1.392,-29.4545,15.3167,1231,0.0,11.200000000000001,14.2,27,2839,0.0,-20.0,13.9,26,-0.422,0,
C-B-1,1,1.393,-29.4545,15.3167,1231,0.0,11.200000000000001,14.2,27,2839,0.0,-20.0,13.9,26,-0.422,0,
C-B-1,1,1.394,-29.4545,15.3167,1231,0.0,11.200000000000001,14.2,27,2839,0.0,-20.0,13.9,26,-0.422,0,
C-B-1,1,1.39499,-29.4545,15.3167,1231,0.0,11.200000000000001,14.2,27,2839,0.0,-20.0,13.9,26,-0.422,0,
C-B-1,1,1.396,-29.4545,15.3167,1231,0.0,11.200000000000001,14.2,27,2839,0.0,-20.0,13.9,26,-0.422,0,
C-B-1,1,1.39699,-29.4545,15.3167,1231,0.0,11.200000000000001,14.2,27,2839,0.0,-20.0,13.9,26,-0.422,0,
C-B-1,1,1.398,-29.4545,15.3167,1231,0.0,11.200000000000001,14.2,27,2839,0.0,-20.0,13.9,26,-0.422,0,
C-B-1,1,1.39901,-29.4545,15.3167,1231,0.0,11.200000000000001,14.2,27,2839,0.0,-20.0,13.9,26,-0.422,0,
C-B-1,1,1.4,-29.4545,15.3167,1231,0.0,11.200000000000001,15.6,27,2839,0.0,-20.0,15.0,26,-0.422,0,
C-B-1,1,1.40093,-29.4545,15.3167,1231,0.0,11.200000000000001,15.6,27,2839,0.0,-20.0,15.0,26,-0.422,0,
C-B-1,1,1.402,-29.4545,15.3167,1231,0.0,11.200000000000001,15.6,27,2839,0.0,-20.0,15.0,26,-0.422,0,
C-B-1,1,1.40299,-29.4545,15.3167,1231,0.0,11.200000000000001,15.6,27,2839,0.0,-20.0,15.0,26,-0.422,0,
C-B-1,1,1.40393,-29.4545,15.3167,1231,0.0,11.200000000000001,15.6,27,2840,1.01,-17.5,15.0,26,-0.384,0,
C-B-1,1,1.40493,-29.4929,15.3109,1230,0.0,10.4,15.6,27,2839,0.0,-20.0,15.0,26,-0.46,0,
C-B-1,1,1.40594,-29.4929,15.3109,1230,0.0,10.4,15.6,27,2839,0.0,-20.0,15.0,26,-0.46,0,
C-B-1,1,1.40693,-29.4545,15.3167,1231,0.0,11.200000000000001,15.6,27,2839,0.0,-20.0,15.0,26,-0.422,0,
C-B-1,1,1.40793,-29.4545,15.3167,1231,0.0,11.200000000000001,15.6,27,2839,0.0,-20.0,15.0,26,-0.422,0,
C-B-1,1,1.40894,-29.4545,15.3167,1231,0.0,11.200000000000001,15.6,27,2839,0.0,-20.0,15.0,26,-0.422,0,
C-B-1,1,1.40993,-29.4929,15.3109,1230,0.0,10.4,15.6,27,2839,0.0,-20.0,15.0,26,-0.46,0,
C-B-1,1,1.41094,-29.4929,15.3109,1230,0.0,10.4,15.6,27,2840,1.01,-17.5,15.0,26,-0.422,0,
C-B-1,1,1.41193,-29.4545,15.3167,1231,0.0,11.200000000000001,15.6,27,2839,0.0,-20.0,15.0,26,-0.422,0,
C-B-1,1,1.41293,-29.4545,15.3167,1231,0.0,11.200000000000001,15.6,27,2839,0.0,-20.0,15.0,26,-0.422,0,
C-B-1,1,1.41394,-29.4929,15.3109,1230,0.0,10.4,15.6,27,2840,1.01,-17.5,15.0,26,-0.422,0,
C-B-1,1,1.41493,-29.4929,15.3109,1230,0.0,10.4,15.6,27,2839,0.0,-20.0,15.0,26,-0.46,0,
C-B-1,1,1.41594,-29.4929,15.3109,1230,0.0,10.4,15.6,27,2840,1.01,-17.5,15.0,26,-0.422,0,
C-B-1,1,1.41693,-29.4929,15.3109,1230,0.0,10.4,15.6,27,2839,0.0,-20.0,15.0,26,-0.46,0,
C-B-1,1,1.41794,-29.4929,15.3109,1230,0.0,10.4,15.6,27,2839,0.0,-20.0,15.0,26,-0.46,0,
C-B-1,1,1.41893,-29.4929,15.3109,1230,0.0,10.4,15.6,27,2840,1.01,-17.5,15.0,26,-0.422,0,
C-B-1,1,1.41994,-29.4929,15.3109,1230,0.0,10.4,15.6,27,2840,0.0,-19.200000000000003,15.0,26,-0.422,0,
C-B-1,1,1.42093,-29.4929,15.3109,1230,0.0,10.4,15.6,27,2839,0.0,-20.0,15.0,26,-0.46,0,
C-B-1,1,1.42194,-29.4929,15.3109,1230,0.0,10.4,15.6,27,2840,0.0,-19.200000000000003,15.0,26,-0.422,0,
C-B-1,1,1.42293,-29.4929,15.3109,1230,0.0,10.4,15.6,27,2840,0.0,-19.200000000000003,15.0,26,-0.422,0,
C-B-1,1,1.42394,-29.4929,15.3109,1230,0.0,10.4,15.6,27,2840,0.0,-19.200000000000003,15.0,26,-0.422,0,
C-B-1,1,1.42493,-29.4929,15.3109,1230,0.0,10.4,15.6,27,2840,0.0,-19.200000000000003,15.0,26,-0.422,0,
C-B-1,1,1.42594,-29.4929,15.3109,1230,0.0,10.4,15.6,27,2840,0.0,-19.200000000000003,15.0,26,-0.422,0,
C-B-1,1,1.42693,-29.4929,15.3109,1230,0.0,10.4,15.6,27,2840,0.0,-19.200000000000003,15.0,26,-0.422,0,
C-B-1,1,1.42794,-29.4929,15.3109,1230,0.0,10.4,15.6,27,2840,0.0,-19.200000000000003,15.0,26,-0.422,0,
C-B-1,1,1.42893,-29.4929,15.3109,1230,0.0,10.4,15.6,27,2840,0.0,-19.200000000000003,15.0,26,-0.422,0,
C-B-1,1,1.42994,-29.4929,15.3109,1230,0.0,10.4,15.6,27,2840,0.0,-19.200000000000003,15.0,26,-0.422,0,
C-B-1,1,1.43094,-29.4929,15.3109,1230,0.0,10.4,15.6,27,2840,0.0,-19.200000000000003,15.0,26,-0.422,0,
C-B-1,1,1.43194,-29.4929,15.3109,1230,0.0,10.4,15.6,27,2840,0.0,-19.200000000000003,15.0,26,-0.422,0,
C-B-1,1,1.43294,-29.4929,15.3109,1230,0.0,10.4,15.6,27,2840,0.0,-19.200000000000003,15.0,26,-0.422,0,
C-B-1,1,1.43394,-29.4929,15.3109,1230,0.0,10.4,15.6,27,2840,0.0,-19.200000000000003,15.0,26,-0.422,0,
C-B-1,1,1.43494,-29.4929,15.3109,1230,0.0,10.4,15.6,27,2840,0.0,-19.200000000000003,15.0,26,-0.422,0,
C-B-1,1,1.43594,-29.4929,15.3109,1230,0.0,10.4,15.6,27,2841,1.01,-16.7,15.0,26,-0.384,0,
C-B-1,1,1.43694,-29.4929,15.3109,1230,0.0,10.4,15.6,27,2840,0.0,-19.200000000000003,15.0,26,-0.422,0,
C-B-1,1,1.43794,-29.4929,15.3109,1230,0.0,10.4,15.6,27,2841,1.01,-16.7,15.0,26,-0.384,0,
C-B-1,1,1.43894,-29.4929,15.3109,1230,0.0,10.4,15.6,27,2840,0.0,-19.200000000000003,15.0,26,-0.422,0,
C-B-1,1,1.43994,-29.4929,15.3109,1230,0.0,10.4,15.6,27,2840,0.0,-19.200000000000003,15.0,26,-0.422,0,
C-B-1,1,1.44094,-29.4929,15.3109,1230,0.0,10.4,15.6,27,2841,1.01,-16.7,15.0,26,-0.384,0,
C-B-1,1,1.44194,-29.4929,15.3109,1230,0.0,10.4,15.6,27,2841,1.01,-16.7,15.0,26,-0.384,0,
C-B-1,1,1.44294,-29.4929,15.3109,1230,0.0,10.4,15.6,27,2841,0.0,-18.400000000000002,15.0,26,-0.384,0,
C-B-1,1,1.44394,-29.4929,15.3109,1230,0.0,10.4,15.6,27,2841,1.01,-16.7,15.0,26,-0.384,0,
C-B-1,1,1.44494,-29.4929,15.3109,1230,0.0,10.4,15.6,27,2840,0.0,-19.200000000000003,15.0,26,-0.422,0,
C-B-1,1,1.44594,-29.4929,15.3109,1230,0.0,10.4,15.6,27,2840,0.0,-19.200000000000003,15.0,26,-0.422,0,
C-B-1,1,1.44694,-29.4929,15.3109,1230,0.0,10.4,15.6,27,2841,1.01,-16.7,15.0,26,-0.384,0,
C-B-1,1,1.44794,-29.4929,15.3109,1230,0.0,10.4,15.6,27,2841,0.0,-18.400000000000002,15.0,26,-0.384,0,
C-B-1,1,1.44894,-29.4929,15.3109,1230,0.0,10.4,15.6,27,2841,0.0,-18.400000000000002,15.0,26,-0.384,0,
C-B-1,1,1.44995,-29.4929,15.3109,1230,0.0,10.4,15.6,27,2840,0.0,-19.200000000000003,15.0,26,-0.422,0,
C-B-1,1,1.45094,-29.5313,15.3051,1229,0.0,9.600000000000001,15.6,27,2840,0.0,-19.200000000000003,15.0,26,-0.46,0,
C-B-1,1,1.45195,-29.4929,15.3109,1230,0.0,10.4,15.6,27,2840,0.0,-19.200000000000003,15.0,26,-0.422,0,
C-B-1,1,1.45294,-29.4929,15.3109,1230,0.0,10.4,15.6,27,2841,0.0,-18.400000000000002,15.0,26,-0.384,0,
C-B-1,1,1.45395,-29.5313,15.3051,1229,0.0,9.600000000000001,15.6,27,2841,0.0,-18.400000000000002,15.0,26,-0.422,0,
C-B-1,1,1.45494,-29.4929,15.3109,1230,0.0,10.4,15.6,27,2841,0.0,-18.400000000000002,15.0,26,-0.384,0,
C-B-1,1,1.45594,-29.4929,15.3109,1230,0.0,10.4,15.6,27,2840,0.0,-19.200000000000003,15.0,26,-0.422,0,
C-B-1,1,1.45694,-29.4929,15.3109,1230,0.0,10.4,15.6,27,2841,0.0,-18.400000000000002,15.0,26,-0.384,0,
C-B-1,1,1.45794,-29.4929,15.3109,1230,0.0,10.4,15.6,27,2840,0.0,-19.200000000000003,15.0,26,-0.422,0,
C-B-1,1,1.45895,-29.4929,15.3109,1230,0.0,10.4,15.6,26,2841,0.0,-18.400000000000002,15.0,26,-0.384,0,
C-B-1,1,1.45994,-29.5313,15.3051,1229,0.0,9.600000000000001,15.6,26,2840,0.0,-19.200000000000003,15.0,26,-0.46,0,
C-B-1,1,1.46094,-29.4929,15.3109,1230,0.0,10.4,15.6,26,2841,0.0,-18.400000000000002,15.0,26,-0.384,0,
C-B-1,1,1.46195,-29.4929,15.3109,1230,0.0,10.4,15.6,26,2841,0.0,-18.400000000000002,15.0,26,-0.384,0,
C-B-1,1,1.46294,-29.4929,15.3109,1230,0.0,10.4,15.6,26,2841,0.0,-18.400000000000002,15.0,26,-0.384,0,
C-B-1,1,1.46395,-29.4929,15.3109,1230,0.0,10.4,15.6,26,2841,0.0,-18.400000000000002,15.0,26,-0.384,0,
C-B-1,1,1.46494,-29.4929,15.3109,1230,0.0,10.4,15.6,26,2840,0.0,-19.200000000000003,15.0,26,-0.422,0,
C-B-1,1,1.46595,-29.4929,15.3109,1230,0.0,10.4,15.6,26,2841,0.0,-18.400000000000002,15.0,26,-0.384,0,
C-B-1,1,1.46694,-29.5313,15.3051,1229,0.0,9.600000000000001,15.6,26,2841,0.0,-18.400000000000002,15.0,26,-0.422,0,
C-B-1,1,1.46795,-29.4929,15.3109,1230,0.0,10.4,15.6,26,2840,0.0,-19.200000000000003,15.0,26,-0.422,0,
C-B-1,1,1.46894,-29.4929,15.3109,1230,0.0,10.4,15.6,26,2840,0.0,-19.200000000000003,15.0,26,-0.422,0,
C-B-1,1,1.46994,-29.4929,15.3109,1230,0.0,10.4,15.6,26,2840,0.0,-19.200000000000003,15.0,26,-0.422,0,
C-B-1,1,1.47094,-29.4929,15.3109,1230,0.0,10.4,15.6,26,2840,0.0,-19.200000000000003,15.0,26,-0.422,0,
C-B-1,1,1.47194,-29.4929,15.3109,1230,0.0,10.4,15.6,26,2841,0.0,-18.400000000000002,15.0,26,-0.384,0,
C-B-1,1,1.47294,-29.4929,15.3109,1230,0.0,10.4,15.6,26,2840,0.0,-19.200000000000003,15.0,26,-0.422,0,
C-B-1,1,1.47395,-29.4929,15.3109,1230,0.0,10.4,15.6,26,2841,0.0,-18.400000000000002,15.0,26,-0.384,0,
C-B-1,1,1.47494,-29.4929,15.3109,1230,0.0,10.4,15.6,26,2840,0.0,-19.200000000000003,15.0,26,-0.422,0,
C-B-1,1,1.47595,-29.4929,15.3109,1230,0.0,10.4,15.6,26,2840,0.0,-19.200000000000003,15.0,26,-0.422,0,
C-B-1,1,1.47695,-29.5313,15.3051,1229,0.0,9.600000000000001,15.6,26,2840,0.0,-19.200000000000003,15.0,26,-0.46,0,
C-B-1,1,1.47795,-29.4929,15.3109,1230,0.0,10.4,15.6,26,2840,0.0,-19.200000000000003,15.0,26,-0.422,0,
C-B-1,1,1.47894,-29.4929,15.3109,1230,0.0,10.4,15.6,26,2840,0.0,-19.200000000000003,15.0,26,-0.422,0,
C-B-1,1,1.47995,-29.4929,15.3109,1230,0.0,10.4,15.6,26,2841,0.0,-18.400000000000002,15.0,26,-0.384,0,
C-B-1,1,1.48094,-29.4929,15.3109,1230,0.0,10.4,15.6,26,2840,0.0,-19.200000000000003,15.0,26,-0.422,0,
C-B-1,1,1.48195,-29.4929,15.3109,1230,0.0,10.4,15.6,26,2840,0.0,-19.200000000000003,15.0,26,-0.422,0,
C-B-1,1,1.48294,-29.4929,15.3109,1230,0.0,10.4,15.6,26,2840,0.0,-19.200000000000003,15.0,26,-0.422,0,
C-B-1,1,1.48395,-29.4929,15.3109,1230,0.0,10.4,15.6,26,2840,0.0,-19.200000000000003,15.0,26,-0.422,0,
C-B-1,1,1.48494,-29.4929,15.3109,1230,0.0,10.4,15.6,26,2840,0.0,-19.200000000000003,15.0,26,-0.422,0,
C-B-1,1,1.48595,-29.4929,15.3109,1230,0.0,10.4,15.6,26,2840,0.0,-19.200000000000003,15.0,26,-0.422,0,
C-B-1,1,1.48695,-29.4929,15.3109,1230,0.0,10.4,15.6,26,2840,0.0,-19.200000000000003,15.0,26,-0.422,0,
C-B-1,1,1.48795,-29.4929,15.3109,1230,0.0,10.4,15.6,26,2840,0.0,-19.200000000000003,15.0,26,-0.422,0,
C-B-1,1,1.48895,-29.4929,15.3109,1230,0.0,10.4,15.6,26,2840,0.0,-19.200000000000003,15.0,26,-0.422,0,
C-B-1,1,1.48995,-29.4929,15.3109,1230,0.0,10.4,15.6,26,2840,0.0,-19.200000000000003,15.0,26,-0.422,0,
C-B-1,1,1.49094,-29.4929,15.3109,1230,0.0,10.4,15.6,26,2840,0.0,-19.200000000000003,15.0,26,-0.422,0,
C-B-1,1,1.49195,-29.4929,15.3109,1230,0.0,10.4,15.6,26,2840,0.0,-19.200000000000003,15.0,26,-0.422,0,
C-B-1,1,1.49295,-29.4929,15.3109,1230,0.0,10.4,15.6,26,2840,0.0,-19.200000000000003,15.0,26,-0.422,0,
C-B-1,1,1.49395,-29.4929,15.3109,1230,0.0,10.4,15.6,26,2840,0.0,-19.200000000000003,15.0,26,-0.422,0,
C-B-1,1,1.49495,-29.4929,15.3109,1230,0.0,10.4,15.6,26,2840,0.0,-19.200000000000003,15.0,26,-0.422,0,
C-B-1,1,1.49595,-29.4929,15.3109,1230,0.0,10.4,15.6,26,2840,0.0,-19.200000000000003,15.0,26,-0.422,0,
C-B-1,1,1.49695,-29.4929,15.3109,1230,0.0,10.4,15.6,26,2840,0.0,-19.200000000000003,15.0,26,-0.422,0,
C-B-1,1,1.49795,-29.4929,15.3109,1230,0.0,10.4,15.6,26,2840,0.0,-19.200000000000003,15.0,26,-0.422,0,
C-B-1,1,1.49895,-29.4929,15.3109,1230,0.0,10.4,15.6,26,2840,0.0,-19.200000000000003,15.0,26,-0.422,0,
C-B-1,1,1.49995,-29.4929,15.3109,1230,0.0,10.4,15.6,26,2840,0.0,-19.200000000000003,15.0,26,-0.422,0,
C-B-1,1,1.50095,-29.4929,15.3109,1230,0.0,10.4,15.6,26,2840,0.0,-20.0,15.0,26,-0.422,0,
C-B-1,1,1.50195,-29.4929,15.3109,1230,0.0,10.4,15.6,26,2839,0.0,-19.200000000000003,15.0,26,-0.46,0,
C-B-1,1,1.50295,-29.4929,15.3109,1230,0.0,10.4,15.6,26,2840,0.0,-19.200000000000003,15.0,26,-0.422,0,
C-B-1,1,1.50395,-29.4929,15.3109,1230,0.0,10.4,15.6,26,2839,0.0,-20.0,15.0,26,-0.46,0,
C-B-1,1,1.50495,-29.4929,15.3109,1230,0.0,10.4,15.6,26,2839,0.0,-20.0,15.0,26,-0.46,0,
C-B-1,1,1.50595,-29.4545,15.3167,1231,1.01,12.9,15.6,26,2840,0.0,-19.200000000000003,15.0,26,-0.384,0,
C-B-1,1,1.50695,-29.4929,15.3109,1230,0.0,10.4,15.6,26,2839,0.0,-20.0,15.0,26,-0.46,0,
C-B-1,1,1.50795,-29.4929,15.3109,1230,0.0,10.4,15.6,26,2839,0.0,-20.0,15.0,26,-0.46,0,
C-B-1,1,1.50895,-29.4545,15.3167,1231,0.0,11.200000000000001,15.6,26,2840,0.0,-19.200000000000003,15.0,26,-0.384,0,
C-B-1,1,1.50996,-29.4545,15.3167,1231,0.0,11.200000000000001,15.6,26,2839,0.0,-20.0,15.0,26,-0.422,0,
C-B-1,1,1.51095,-29.4545,15.3167,1231,0.0,11.200000000000001,15.6,26,2839,0.0,-20.0,15.0,26,-0.422,0,
C-B-1,1,1.51195,-29.4545,15.3167,1231,0.0,11.200000000000001,15.6,26,2840,0.0,-19.200000000000003,15.0,26,-0.384,0,
C-B-1,1,1.51296,-29.4929,15.3109,1230,0.0,10.4,15.6,26,2839,0.0,-20.0,15.0,26,-0.46,0,
C-B-1,1,1.51395,-29.4545,15.3167,1231,0.0,11.200000000000001,15.6,26,2839,0.0,-20.0,15.0,26,-0.422,0,
C-B-1,1,1.51495,-29.4545,15.3167,1231,0.0,11.200000000000001,15.6,26,2839,0.0,-20.0,15.0,26,-0.422,0,
C-B-1,1,1.51596,-29.4545,15.3167,1231,0.0,11.200000000000001,15.6,26,2839,0.0,-20.0,15.0,26,-0.422,0,
C-B-1,1,1.51695,-29.4929,15.3109,1230,0.0,10.4,15.5,26,2839,0.0,-20.0,14.8,26,-0.46,0,
C-B-1,1,1.51796,-29.4545,15.3167,1231,0.0,11.200000000000001,15.5,26,2839,0.0,-20.0,14.8,26,-0.422,0,
C-B-1,1,1.51895,-29.4545,15.3167,1231,0.0,11.200000000000001,15.5,26,2839,0.0,-20.0,14.8,26,-0.422,0,
C-B-1,1,1.51995,-29.4545,15.3167,1231,0.0,11.200000000000001,15.5,26,2839,0.0,-20.0,14.8,26,-0.422,0,
C-B-1,1,1.52096,-29.4545,15.3167,1231,0.0,11.200000000000001,15.5,26,2839,0.0,-20.0,14.8,26,-0.422,0,
C-B-1,1,1.52195,-29.4545,15.3167,1231,0.0,11.200000000000001,15.5,26,2839,0.0,-20.0,14.8,26,-0.422,0,
C-B-1,1,1.52295,-29.4545,15.3167,1231,0.0,11.200000000000001,15.5,26,2839,0.0,-20.0,14.8,26,-0.422,0,
C-B-1,1,1.52395,-29.4545,15.3167,1231,0.0,11.200000000000001,15.5,26,2839,0.0,-20.0,14.8,26,-0.422,0,
C-B-1,1,1.52496,-29.4545,15.3167,1231,0.0,11.200000000000001,15.5,26,2839,0.0,-20.0,14.8,26,-0.422,0,
C-B-1,1,1.52595,-29.4545,15.3167,1231,0.0,11.200000000000001,15.5,26,2839,0.0,-20.0,14.8,26,-0.422,0,
C-B-1,1,1.52696,-29.4545,15.3167,1231,0.0,11.200000000000001,15.5,26,2839,0.0,-20.0,14.8,26,-0.422,0,
C-B-1,1,1.52796,-29.4545,15.3167,1231,0.0,11.200000000000001,15.5,26,2839,0.0,-20.0,14.8,26,-0.422,0,
C-B-1,1,1.52896,-29.4545,15.3167,1231,0.0,11.200000000000001,15.5,26,2839,0.0,-20.0,14.8,26,-0.422,0,
C-B-1,1,1.52996,-29.4545,15.3167,1231,0.0,11.200000000000001,15.5,26,2839,0.0,-20.0,14.8,26,-0.422,0,
C-B-1,1,1.53096,-29.4545,15.3167,1231,0.0,11.200000000000001,15.5,26,2839,0.0,-20.0,14.8,26,-0.422,0,
C-B-1,1,1.53196,-29.4545,15.3167,1231,0.0,11.200000000000001,15.5,26,2839,0.0,-20.0,14.8,26,-0.422,0,
C-B-1,1,1.53296,-29.4545,15.3167,1231,0.0,11.200000000000001,15.5,26,2839,0.0,-20.0,14.8,26,-0.422,0,
C-B-1,1,1.53396,-29.4545,15.3167,1231,0.0,11.200000000000001,15.5,26,2839,0.0,-20.0,14.8,26,-0.422,0,
C-B-1,1,1.53496,-29.4545,15.3167,1231,0.0,11.200000000000001,15.5,26,2839,0.0,-20.0,14.8,26,-0.422,0,
C-B-1,1,1.53596,-29.4545,15.3167,1231,0.0,11.200000000000001,15.5,26,2839,0.0,-20.0,14.8,26,-0.422,0,
C-B-1,1,1.53696,-29.4545,15.3167,1231,0.0,11.200000000000001,15.5,26,2838,0.0,-20.8,14.8,26,-0.46,0,
C-B-1,1,1.53796,-29.4545,15.3167,1231,0.0,11.200000000000001,15.5,26,2838,-1.01,-22.5,14.8,26,-0.46,0,
C-B-1,1,1.53896,-29.4545,15.3167,1231,0.0,11.200000000000001,15.5,26,2838,0.0,-20.8,14.8,26,-0.46,0,
C-B-1,1,1.53996,-29.4545,15.3167,1231,0.0,11.200000000000001,15.5,26,2838,0.0,-20.8,14.8,26,-0.46,0,
C-B-1,1,1.54096,-29.4545,15.3167,1231,0.0,11.200000000000001,15.5,26,2839,0.0,-20.0,14.8,26,-0.422,0,
C-B-1,1,1.54196,-29.4545,15.3167,1231,0.0,11.200000000000001,15.5,26,2838,0.0,-20.8,14.8,26,-0.46,0,
C-B-1,1,1.54296,-29.4545,15.3167,1231,0.0,11.200000000000001,15.5,26,2838,0.0,-20.8,14.8,26,-0.46,0,
C-B-1,1,1.54396,-29.4545,15.3167,1231,0.0,11.200000000000001,15.5,26,2838,0.0,-20.8,14.8,26,-0.46,0,
C-B-1,1,1.54496,-29.4545,15.3167,1231,0.0,11.200000000000001,15.5,26,2838,0.0,-20.8,14.8,26,-0.46,0,
C-B-1,1,1.54596,-29.4162,15.3225,1232,1.01,13.700000000000001,15.5,26,2838,0.0,-20.8,14.8,26,-0.422,0,
C-B-1,1,1.54696,-29.4545,15.3167,1231,0.0,11.200000000000001,15.5,26,2838,0.0,-20.8,14.8,26,-0.46,0,
C-B-1,1,1.54796,-29.4545,15.3167,1231,0.0,11.200000000000001,15.5,26,2838,0.0,-20.8,14.8,26,-0.46,0,
C-B-1,1,1.54896,-29.4162,15.3225,1232,0.0,12.0,15.5,26,2838,0.0,-20.8,14.8,26,-0.422,0,
C-B-1,1,1.54996,-29.4545,15.3167,1231,0.0,11.200000000000001,15.5,26,2838,0.0,-20.8,14.8,26,-0.46,0,
C-B-1,1,1.55096,-29.4545,15.3167,1231,0.0,11.200000000000001,15.5,26,2839,0.0,-20.0,14.8,26,-0.422,0,
C-B-1,1,1.55196,-29.4545,15.3167,1231,0.0,11.200000000000001,15.5,26,2838,0.0,-20.8,14.8,26,-0.46,0,
C-B-1,1,1.55296,-29.4545,15.3167,1231,0.0,11.200000000000001,15.5,26,2839,0.0,-20.0,14.8,26,-0.422,0,
C-B-1,1,1.55396,-29.4162,15.3225,1232,0.0,12.0,15.5,26,2838,0.0,-20.8,14.8,26,-0.422,0,
C-B-1,1,1.55496,-29.4545,15.3167,1231,0.0,11.200000000000001,15.5,26,2838,0.0,-20.8,14.8,26,-0.46,0,
C-B-1,1,1.55596,-29.4162,15.3225,1232,0.0,12.0,15.5,26,2838,0.0,-20.8,14.8,26,-0.422,0,
C-B-1,1,1.55696,-29.4545,15.3167,1231,0.0,11.200000000000001,15.5,26,2838,0.0,-20.8,14.8,26,-0.46,0,
C-B-1,1,1.55796,-29.4545,15.3167,1231,0.0,11.200000000000001,15.5,26,2839,0.0,-20.0,14.8,26,-0.422,0,
C-B-1,1,1.55896,-29.4162,15.3225,1232,0.0,12.0,15.5,26,2838,0.0,-20.8,14.8,26,-0.422,0,
C-B-1,1,1.55996,-29.4162,15.3225,1232,0.0,12.0,15.5,26,2838,0.0,-20.8,14.8,26,-0.422,0,
C-B-1,1,1.56097,-29.4545,15.3167,1231,0.0,11.200000000000001,15.5,26,2838,0.0,-20.8,14.8,26,-0.46,0,
C-B-1,1,1.56196,-29.4545,15.3167,1231,0.0,11.200000000000001,15.5,26,2838,0.0,-20.8,14.8,26,-0.46,0,
C-B-1,1,1.56296,-29.4545,15.3167,1231,0.0,11.200000000000001,15.5,26,2838,0.0,-20.8,14.8,26,-0.46,0,
C-B-1,1,1.56396,-29.4162,15.3225,1232,0.0,12.0,15.5,26,2839,0.0,-20.0,14.8,26,-0.384,0,
C-B-1,1,1.56497,-29.4545,15.3167,1231,0.0,11.200000000000001,15.5,26,2838,0.0,-20.8,14.8,26,-0.46,0,
C-B-1,1,1.56596,-29.4545,15.3167,1231,0.0,11.200000000000001,15.5,26,2838,0.0,-20.8,14.8,26,-0.46,0,
C-B-1,1,1.56696,-29.4545,15.3167,1231,0.0,11.200000000000001,15.5,26,2838,0.0,-20.8,14.8,26,-0.46,0,
C-B-1,1,1.56797,-29.4162,15.3225,1232,0.0,12.0,15.5,26,2838,0.0,-20.8,14.8,26,-0.422,0,
C-B-1,1,1.56896,-29.4545,15.3167,1231,0.0,11.200000000000001,15.5,26,2839,0.0,-20.0,14.8,26,-0.422,0,
C-B-1,1,1.56996,-29.4162,15.3225,1232,0.0,12.0,15.5,26,2838,0.0,-20.8,14.8,26,-0.422,0,
C-B-1,1,1.57097,-29.4545,15.3167,1231,0.0,11.200000000000001,15.5,26,2838,0.0,-20.8,14.8,26,-0.46,0,
C-B-1,1,1.57196,-29.4545,15.3167,1231,0.0,11.200000000000001,15.5,26,2838,0.0,-20.8,14.8,26,-0.46,0,
C-B-1,1,1.57295,-29.4545,15.3167,1231,0.0,11.200000000000001,15.5,26,2838,0.0,-20.8,14.8,26,-0.46,0,
C-B-1,1,1.57396,-29.4545,15.3167,1231,0.0,11.200000000000001,15.5,26,2838,0.0,-20.8,14.8,26,-0.46,0,
C-B-1,1,1.57496,-29.4545,15.3167,1231,0.0,11.200000000000001,15.5,26,2838,0.0,-20.8,14.8,26,-0.46,0,
C-B-1,1,1.57596,-29.4545,15.3167,1231,0.0,11.200000000000001,15.5,26,2838,0.0,-20.8,14.8,26,-0.46,0,
C-B-1,1,1.57695,-29.4162,15.3225,1232,0.0,12.0,15.5,26,2838,0.0,-20.8,14.8,26,-0.422,0,
C-B-1,1,1.57797,-29.4545,15.3167,1231,0.0,11.200000000000001,15.5,26,2839,0.0,-20.0,14.8,26,-0.422,0,
C-B-1,1,1.57896,-29.4545,15.3167,1231,0.0,11.200000000000001,15.5,26,2839,0.0,-20.0,14.8,26,-0.422,0,
C-B-1,1,1.57995,-29.4545,15.3167,1231,0.0,11.200000000000001,15.5,26,2838,0.0,-20.8,14.8,26,-0.46,0,
C-B-1,1,1.58097,-29.4545,15.3167,1231,0.0,11.200000000000001,15.5,26,2838,0.0,-20.8,14.8,26,-0.46,0,
C-B-1,1,1.58197,-29.4545,15.3167,1231,0.0,11.200000000000001,15.5,26,2838,0.0,-20.8,14.8,26,-0.46,0,
C-B-1,1,1.58296,-29.4545,15.3167,1231,0.0,11.200000000000001,15.5,26,2838,0.0,-20.8,14.8,26,-0.46,0,
C-B-1,1,1.58396,-29.4545,15.3167,1231,0.0,11.200000000000001,15.5,26,2838,0.0,-20.8,14.8,26,-0.46,0,
C-B-1,1,1.58495,-29.4545,15.3167,1231,0.0,11.200000000000001,15.5,26,2839,0.0,-20.0,14.8,26,-0.422,0,
C-B-1,1,1.58597,-29.4545,15.3167,1231,0.0,11.200000000000001,15.5,26,2838,0.0,-20.8,14.8,26,-0.46,0,
C-B-1,1,1.58697,-29.4545,15.3167,1231,0.0,11.200000000000001,15.5,26,2838,0.0,-20.8,14.8,26,-0.46,0,
C-B-1,1,1.58795,-29.4545,15.3167,1231,0.0,11.200000000000001,15.5,26,2838,0.0,-20.8,14.8,26,-0.46,0,
C-B-1,1,1.58897,-29.4545,15.3167,1231,0.0,11.200000000000001,15.5,26,2838,0.0,-20.8,14.8,26,-0.46,0,
C-B-1,1,1.58997,-29.4162,15.3225,1232,0.0,12.0,15.5,26,2838,0.0,-20.8,14.8,26,-0.422,0,
C-B-1,1,1.59095,-29.4545,15.3167,1231,0.0,11.200000000000001,15.5,26,2838,0.0,-20.0,14.8,26,-0.46,0,
C-B-1,1,1.59197,-29.4545,15.3167,1231,0.0,11.200000000000001,15.5,26,2839,0.0,-20.0,14.8,26,-0.422,0,
C-B-1,1,1.59297,-29.4545,15.3167,1231,0.0,11.200000000000001,15.5,26,2838,0.0,-20.0,14.8,26,-0.46,0,
C-B-1,1,1.59397,-29.4545,15.3167,1231,0.0,11.200000000000001,15.5,26,2839,0.0,-20.8,14.8,26,-0.422,0,
C-B-1,1,1.59495,-29.4545,15.3167,1231,0.0,11.200000000000001,15.5,26,2838,0.0,-20.0,14.8,26,-0.46,0,
C-B-1,1,1.59597,-29.4545,15.3167,1231,0.0,11.200000000000001,15.5,26,2839,0.0,-20.0,14.8,26,-0.422,0,
C-B-1,1,1.59697,-29.4545,15.3167,1231,0.0,11.200000000000001,15.5,26,2839,0.0,-20.0,14.8,26,-0.422,0,
C-B-1,1,1.59797,-29.4545,15.3167,1231,0.0,11.200000000000001,15.5,26,2838,0.0,-20.8,14.8,26,-0.46,0,
C-B-1,1,1.59895,-29.4545,15.3167,1231,0.0,11.200000000000001,15.5,26,2839,0.0,-20.0,14.8,26,-0.422,0,
C-B-1,1,1.59997,-29.4545,15.3167,1231,0.0,11.200000000000001,15.5,26,2839,0.0,-20.0,14.8,26,-0.422,0,
C-B-1,1,1.60097,-29.4545,15.3167,1231,0.0,11.200000000000001,15.5,26,2839,0.0,-20.0,14.8,26,-0.422,0,
C-B-1,1,1.60197,-29.4545,15.3167,1231,0.0,11.200000000000001,15.5,26,2838,0.0,-20.8,14.8,26,-0.46,0,
C-B-1,1,1.60297,-29.4545,15.3167,1231,0.0,11.200000000000001,15.5,26,2839,0.0,-20.0,14.8,26,-0.422,0,
C-B-1,1,1.60397,-29.4545,15.3167,1231,0.0,11.200000000000001,15.5,26,2839,0.0,-20.0,14.8,26,-0.422,0,
C-B-1,1,1.60495,-29.4545,15.3167,1231,0.0,11.200000000000001,15.5,26,2839,0.0,-20.0,14.8,26,-0.422,0,
C-B-1,1,1.60597,-29.4545,15.3167,1231,0.0,11.200000000000001,15.5,26,2839,0.0,-20.0,14.8,26,-0.422,0,
C-B-1,1,1.60697,-29.4545,15.3167,1231,0.0,11.200000000000001,15.5,26,2839,0.0,-20.0,14.8,26,-0.422,0,
C-B-1,1,1.60797,-29.4545,15.3167,1231,0.0,11.200000000000001,15.5,26,2839,0.0,-20.0,14.8,26,-0.422,0,
C-B-1,1,1.60897,-29.4545,15.3167,1231,0.0,11.200000000000001,15.5,26,2839,0.0,-20.0,14.8,26,-0.422,0,
C-B-1,1,1.60997,-29.4545,15.3167,1231,0.0,11.200000000000001,15.5,26,2839,0.0,-20.0,14.8,26,-0.422,0,
C-B-1,1,1.61097,-29.4545,15.3167,1231,0.0,11.200000000000001,15.5,26,2839,0.0,-20.0,14.8,26,-0.422,0,
C-B-1,1,1.61197,-29.4545,15.3167,1231,0.0,11.200000000000001,15.5,26,2839,0.0,-20.0,14.8,26,-0.422,0,
C-B-1,1,1.61295,-29.4929,15.3109,1230,0.0,10.4,15.5,26,2839,0.0,-20.0,14.8,26,-0.46,0,
C-B-1,1,1.61395,-29.4545,15.3167,1231,0.0,11.200000000000001,15.5,26,2839,0.0,-20.0,14.8,26,-0.422,0,
C-B-1,1,1.61497,-29.4545,15.3167,1231,0.0,11.200000000000001,15.5,26,2839,0.0,-20.0,14.8,26,-0.422,0,
C-B-1,1,1.61597,-29.4545,15.3167,1231,0.0,11.200000000000001,15.5,26,2839,0.0,-20.0,14.8,26,-0.422,0,
C-B-1,1,1.61695,-29.4545,15.3167,1231,0.0,11.200000000000001,15.5,26,2839,0.0,-20.0,14.8,26,-0.422,0,
C-B-1,1,1.61795,-29.4545,15.3167,1231,0.0,11.200000000000001,15.5,26,2839,0.0,-20.0,14.8,26,-0.422,0,
C-B-1,1,1.61897,-29.4929,15.3109,1230,-1.01,8.700000000000001,15.5,26,2839,0.0,-20.0,14.8,26,-0.46,0,
C-B-1,1,1.61996,-29.4545,15.3167,1231,0.0,11.200000000000001,15.5,26,2839,0.0,-20.0,14.8,26,-0.422,0,
C-B-1,1,1.62095,-29.4545,15.3167,1231,0.0,11.200000000000001,15.5,26,2839,0.0,-20.0,14.8,26,-0.422,0,
C-B-1,1,1.62197,-29.4545,15.3167,1231,0.0,11.200000000000001,15.5,26,2839,0.0,-20.0,14.8,26,-0.422,0,
C-B-1,1,1.62296,-29.4545,15.3167,1231,0.0,11.200000000000001,15.5,26,2839,0.0,-20.0,14.8,26,-0.422,0,
C-B-1,1,1.62395,-29.4545,15.3167,1231,0.0,11.200000000000001,15.5,26,2839,0.0,-20.0,14.8,26,-0.422,0,
C-B-1,1,1.62497,-29.4545,15.3167,1231,0.0,11.200000000000001,15.5,26,2839,0.0,-20.0,14.8,26,-0.422,0,
C-B-1,1,1.62596,-29.4545,15.3167,1231,0.0,11.200000000000001,15.5,26,2839,0.0,-20.0,14.8,26,-0.422,0,
C-B-1,1,1.62695,-29.4545,15.3167,1231,0.0,11.200000000000001,15.5,26,2839,0.0,-20.0,14.8,26,-0.422,0,
C-B-1,1,1.62797,-29.4545,15.3167,1231,0.0,11.200000000000001,15.5,26,2840,0.0,-19.200000000000003,14.8,26,-0.384,0,
C-B-1,1,1.62896,-29.4929,15.3109,1230,0.0,10.4,15.5,26,2839,0.0,-20.0,14.8,26,-0.46,0,
C-B-1,1,1.62996,-29.4929,15.3109,1230,0.0,10.4,15.5,26,2839,0.0,-20.0,14.8,26,-0.46,0,
C-B-1,1,1.63097,-29.4929,15.3109,1230,0.0,10.4,15.5,26,2839,0.0,-20.0,14.8,26,-0.46,0,
C-B-1,1,1.63196,-29.4929,15.3109,1230,0.0,10.4,15.5,26,2839,0.0,-20.0,14.8,26,-0.46,0,
C-B-1,1,1.63295,-29.4929,15.3109,1230,0.0,10.4,15.5,26,2840,0.0,-19.200000000000003,13.9,26,-0.422,0,
C-B-1,1,1.63397,-29.4929,15.3109,1230,0.0,10.4,14.9,26,2840,0.0,-19.200000000000003,13.9,26,-0.422,0,
C-B-1,1,1.63496,-29.4929,15.3109,1230,0.0,10.4,14.9,26,2839,0.0,-20.0,13.9,26,-0.46,0,
C-B-1,1,1.63596,-29.4929,15.3109,1230,0.0,10.4,14.9,26,2840,0.0,-19.200000000000003,13.9,26,-0.422,0,
C-B-1,1,1.63696,-29.4929,15.3109,1230,0.0,10.4,14.9,26,2840,0.0,-19.200000000000003,13.9,26,-0.422,0,
C-B-1,1,1.63795,-29.4545,15.3167,1231,0.0,11.200000000000001,14.9,26,2840,0.0,-19.200000000000003,13.9,26,-0.384,0,
C-B-1,1,1.63896,-29.4929,15.3109,1230,0.0,10.4,14.9,26,2839,0.0,-20.0,13.9,26,-0.46,0,
C-B-1,1,1.63996,-29.4929,15.3109,1230,0.0,10.4,14.9,26,2839,0.0,-20.0,13.9,26,-0.46,0,
C-B-1,1,1.64098,-29.4929,15.3109,1230,0.0,10.4,14.9,26,2840,0.0,-19.200000000000003,13.9,26,-0.422,0,
C-B-1,1,1.64196,-29.4929,15.3109,1230,0.0,10.4,14.9,26,2839,0.0,-20.0,13.9,26,-0.46,0,
C-B-1,1,1.64296,-29.4929,15.3109,1230,0.0,10.4,14.9,26,2840,0.0,-19.200000000000003,13.9,26,-0.422,0,
C-B-1,1,1.64404,-29.4545,15.3167,1231,0.0,11.200000000000001,14.9,26,2840,0.0,-19.200000000000003,13.9,26,-0.384,0,
C-B-1,1,1.64504,-29.4545,15.3167,1231,0.0,11.200000000000001,14.9,26,2840,0.0,-20.0,13.9,26,-0.384,0,
C-B-1,1,1.64604,-29.4929,15.3109,1230,0.0,10.4,14.9,26,2840,0.0,-19.200000000000003,13.9,26,-0.422,0,
C-B-1,1,1.64698,-29.4929,15.3109,1230,0.0,10.4,14.9,26,2840,0.0,-19.200000000000003,13.9,26,-0.422,0,
C-B-1,1,1.64796,-29.4929,15.3109,1230,0.0,10.4,14.9,26,2840,0.0,-19.200000000000003,13.9,26,-0.422,0,
C-B-1,1,1.64896,-29.4929,15.3109,1230,0.0,10.4,14.9,26,2840,0.0,-19.200000000000003,13.9,26,-0.422,0,
C-B-1,1,1.64998,-29.4929,15.3109,1230,0.0,10.4,14.9,26,2840,0.0,-19.200000000000003,13.9,26,-0.422,0,
C-B-1,1,1.65096,-29.4929,15.3109,1230,0.0,10.4,14.9,26,2840,0.0,-19.200000000000003,13.9,26,-0.422,0,
C-B-1,1,1.65196,-29.4929,15.3109,1230,0.0,10.4,14.9,26,2840,0.0,-19.200000000000003,13.9,26,-0.422,0,
C-B-1,1,1.65296,-29.4929,15.3109,1230,0.0,10.4,14.9,26,2840,0.0,-19.200000000000003,13.9,26,-0.422,0,
C-B-1,1,1.65396,-29.4929,15.3109,1230,0.0,10.4,14.9,26,2840,0.0,-19.200000000000003,13.9,26,-0.422,0,
C-B-1,1,1.65496,-29.4929,15.3109,1230,0.0,10.4,14.9,26,2840,0.0,-19.200000000000003,13.9,26,-0.422,0,
C-B-1,1,1.65596,-29.4929,15.3109,1230,0.0,10.4,14.9,26,2840,0.0,-19.200000000000003,13.9,26,-0.422,0,
C-B-1,1,1.65696,-29.4929,15.3109,1230,0.0,10.4,14.9,26,2840,0.0,-19.200000000000003,13.9,26,-0.422,0,
C-B-1,1,1.65796,-29.4929,15.3109,1230,0.0,10.4,14.9,26,2840,0.0,-19.200000000000003,13.9,26,-0.422,0,
C-B-1,1,1.65898,-29.4929,15.3109,1230,0.0,10.4,14.9,26,2840,0.0,-19.200000000000003,13.9,26,-0.422,0,
C-B-1,1,1.65998,-29.4929,15.3109,1230,0.0,10.4,14.9,26,2840,0.0,-19.200000000000003,13.9,26,-0.422,0,
C-B-1,1,1.66096,-29.4929,15.3109,1230,0.0,10.4,14.9,26,2839,0.0,-20.0,13.9,26,-0.46,0,
C-B-1,1,1.66197,-29.4929,15.3109,1230,0.0,10.4,14.9,26,2840,0.0,-19.200000000000003,13.9,26,-0.422,0,
C-B-1,1,1.66296,-29.4929,15.3109,1230,0.0,10.4,14.9,26,2840,0.0,-19.200000000000003,13.9,26,-0.422,0,
C-B-1,1,1.66398,-29.4929,15.3109,1230,0.0,10.4,14.9,26,2840,0.0,-19.200000000000003,13.9,26,-0.422,0,
C-B-1,1,1.66497,-29.4929,15.3109,1230,0.0,10.4,14.9,26,2840,0.0,-19.200000000000003,13.9,26,-0.422,0,
C-B-1,1,1.66596,-29.4929,15.3109,1230,0.0,10.4,14.9,26,2840,0.0,-19.200000000000003,13.9,26,-0.422,0,
C-B-1,1,1.66696,-29.4929,15.3109,1230,0.0,10.4,14.9,26,2840,0.0,-19.200000000000003,13.9,26,-0.422,0,
C-B-1,1,1.66797,-29.4929,15.3109,1230,0.0,10.4,14.9,26,2840,0.0,-19.200000000000003,13.9,26,-0.422,0,
C-B-1,1,1.66896,-29.4929,15.3109,1230,0.0,10.4,14.9,26,2840,0.0,-19.200000000000003,13.9,26,-0.422,0,
C-B-1,1,1.66998,-29.4929,15.3109,1230,0.0,10.4,14.9,26,2840,0.0,-19.200000000000003,13.9,26,-0.422,0,
C-B-1,1,1.67096,-29.4929,15.3109,1230,0.0,10.4,14.9,26,2840,0.0,-19.200000000000003,13.9,26,-0.422,0,
C-B-1,1,1.67197,-29.4929,15.3109,1230,0.0,10.4,14.9,26,2840,0.0,-19.200000000000003,13.9,26,-0.422,0,
C-B-1,1,1.67296,-29.4929,15.3109,1230,0.0,10.4,14.9,26,2840,0.0,-19.200000000000003,13.9,26,-0.422,0,
C-B-1,1,1.67399,-29.4929,15.3109,1230,0.0,10.4,14.9,26,2839,0.0,-20.0,13.9,26,-0.46,0,
C-B-1,1,1.67497,-29.4929,15.3109,1230,0.0,10.4,14.9,26,2840,0.0,-19.200000000000003,13.9,26,-0.422,0,
C-B-1,1,1.67597,-29.4929,15.3109,1230,0.0,10.4,14.9,26,2840,0.0,-19.200000000000003,13.9,26,-0.422,0,
C-B-1,1,1.67699,-29.4929,15.3109,1230,0.0,10.4,14.9,26,2840,0.0,-19.200000000000003,13.9,26,-0.422,0,
C-B-1,1,1.67797,-29.4929,15.3109,1230,0.0,10.4,14.9,26,2840,0.0,-19.200000000000003,13.9,26,-0.422,0,
C-B-1,1,1.67897,-29.4929,15.3109,1230,0.0,10.4,14.9,26,2840,0.0,-19.200000000000003,13.9,26,-0.422,0,
C-B-1,1,1.67997,-29.4929,15.3109,1230,0.0,10.4,14.9,26,2840,0.0,-19.200000000000003,13.9,26,-0.422,0,
C-B-1,1,1.68097,-29.4929,15.3109,1230,0.0,10.4,14.9,26,2840,0.0,-19.200000000000003,13.9,26,-0.422,0,
C-B-1,1,1.68197,-29.4929,15.3109,1230,0.0,10.4,14.9,26,2840,0.0,-19.200000000000003,13.9,26,-0.422,0,
C-B-1,1,1.68299,-29.4929,15.3109,1230,0.0,10.4,14.9,26,2840,0.0,-19.200000000000003,13.9,26,-0.422,0,
C-B-1,1,1.68397,-29.4929,15.3109,1230,0.0,10.4,14.9,26,2840,0.0,-19.200000000000003,13.9,26,-0.422,0,
C-B-1,1,1.68499,-29.4929,15.3109,1230,0.0,10.4,14.9,26,2840,0.0,-19.200000000000003,13.9,26,-0.422,0,
C-B-1,1,1.68597,-29.4929,15.3109,1230,0.0,10.4,14.9,26,2840,0.0,-19.200000000000003,13.9,26,-0.422,0,
C-B-1,1,1.68697,-29.4929,15.3109,1230,0.0,10.4,14.9,26,2840,0.0,-19.200000000000003,13.9,26,-0.422,0,
C-B-1,1,1.68799,-29.4929,15.3109,1230,0.0,10.4,14.9,26,2840,0.0,-19.200000000000003,13.9,26,-0.422,0,
C-B-1,1,1.68897,-29.4929,15.3109,1230,0.0,10.4,14.9,26,2840,0.0,-19.200000000000003,13.9,26,-0.422,0,
C-B-1,1,1.68997,-29.4929,15.3109,1230,0.0,10.4,14.9,26,2840,0.0,-19.200000000000003,13.9,26,-0.422,0,
C-B-1,1,1.69097,-29.4929,15.3109,1230,0.0,10.4,14.9,26,2840,0.0,-19.200000000000003,13.9,26,-0.422,0,
C-B-1,1,1.69197,-29.4929,15.3109,1230,0.0,10.4,14.9,26,2840,0.0,-19.200000000000003,13.9,26,-0.422,0,
C-B-1,1,1.69299,-29.4929,15.3109,1230,0.0,10.4,14.9,26,2840,0.0,-19.200000000000003,13.9,26,-0.422,0,
C-B-1,1,1.69397,-29.4929,15.3109,1230,0.0,10.4,14.9,26,2840,0.0,-19.200000000000003,13.9,26,-0.422,0,
C-B-1,1,1.69497,-29.4929,15.3109,1230,0.0,10.4,14.9,26,2840,0.0,-19.200000000000003,13.9,26,-0.422,0,
C-B-1,1,1.69597,-29.4929,15.3109,1230,0.0,10.4,14.9,26,2840,0.0,-19.200000000000003,13.9,26,-0.422,0,
C-B-1,1,1.69697,-29.4929,15.3109,1230,0.0,10.4,14.9,26,2840,0.0,-19.200000000000003,13.9,26,-0.422,0,
C-B-1,1,1.69797,-29.4929,15.3109,1230,0.0,10.4,14.9,26,2840,0.0,-19.200000000000003,13.9,26,-0.422,0,
C-B-1,1,1.69897,-29.4929,15.3109,1230,0.0,10.4,14.9,26,2840,0.0,-19.200000000000003,13.9,26,-0.422,0,
C-B-1,1,1.69997,-29.4929,15.3109,1230,0.0,10.4,14.9,26,2840,0.0,-19.200000000000003,13.9,26,-0.422,0,
C-B-1,1,1.70097,-29.4929,15.3109,1230,0.0,10.4,14.9,26,2840,0.0,-19.200000000000003,13.9,26,-0.422,0,
C-B-1,1,1.70197,-29.4929,15.3109,1230,0.0,10.4,14.9,26,2840,0.0,-19.200000000000003,13.9,26,-0.422,0,
C-B-1,1,1.70297,-29.4929,15.3109,1230,0.0,10.4,14.9,26,2840,0.0,-19.200000000000003,13.9,26,-0.422,0,
C-B-1,1,1.70397,-29.4929,15.3109,1230,0.0,10.4,14.9,26,2840,0.0,-19.200000000000003,13.9,26,-0.422,0,
C-B-1,1,1.70497,-29.4929,15.3109,1230,0.0,10.4,14.9,26,2840,0.0,-19.200000000000003,13.9,26,-0.422,0,
C-B-1,1,1.70599,-29.4929,15.3109,1230,0.0,10.4,14.9,26,2840,0.0,-19.200000000000003,13.9,26,-0.422,0,
C-B-1,1,1.70697,-29.4545,15.3167,1231,0.0,11.200000000000001,14.9,26,2840,0.0,-19.200000000000003,13.9,26,-0.384,0,
C-B-1,1,1.70798,-29.4545,15.3167,1231,0.0,11.200000000000001,14.9,26,2840,0.0,-19.200000000000003,13.9,26,-0.384,0,
C-B-1,1,1.70897,-29.4929,15.3109,1230,0.0,10.4,14.9,26,2839,0.0,-20.0,13.9,26,-0.46,0,
C-B-1,1,1.70999,-29.4929,15.3109,1230,0.0,10.4,14.9,26,2840,0.0,-19.200000000000003,13.9,26,-0.422,0,
C-B-1,1,1.71097,-29.4929,15.3109,1230,0.0,10.4,14.9,26,2839,0.0,-20.0,13.9,26,-0.46,0,
C-B-1,1,1.71198,-29.4545,15.3167,1231,0.0,11.200000000000001,14.9,26,2839,0.0,-20.0,13.9,26,-0.422,0,
C-B-1,1,1.71298,-29.4929,15.3109,1230,0.0,10.4,14.9,26,2840,0.0,-19.200000000000003,13.9,26,-0.422,0,
C-B-1,1,1.71399,-29.4929,15.3109,1230,0.0,10.4,14.9,26,2839,0.0,-20.0,13.9,26,-0.46,0,
C-B-1,1,1.71498,-29.4929,15.3109,1230,0.0,10.4,14.9,26,2839,0.0,-20.0,13.9,26,-0.46,0,
C-B-1,1,1.71597,-29.4929,15.3109,1230,0.0,10.4,14.9,26,2840,0.0,-19.200000000000003,13.9,26,-0.422,0,
C-B-1,1,1.71699,-29.4929,15.3109,1230,0.0,10.4,14.9,26,2839,0.0,-20.0,13.9,26,-0.46,0,
C-B-1,1,1.71798,-29.4929,15.3109,1230,0.0,10.4,14.9,26,2839,0.0,-20.0,13.9,26,-0.46,0,
C-B-1,1,1.71899,-29.4929,15.3109,1230,0.0,10.4,14.9,26,2839,0.0,-20.0,13.9,26,-0.46,0,
C-B-1,1,1.72,-29.4545,15.3167,1231,0.0,11.200000000000001,14.9,26,2839,0.0,-20.0,13.9,26,-0.422,0,
C-B-1,1,1.72098,-29.4545,15.3167,1231,0.0,11.200000000000001,14.9,26,2840,0.0,-19.200000000000003,13.9,26,-0.384,0,
C-B-1,1,1.72197,-29.4545,15.3167,1231,0.0,11.200000000000001,14.9,26,2839,0.0,-20.0,13.9,26,-0.422,0,
C-B-1,1,1.72299,-29.4545,15.3167,1231,0.0,11.200000000000001,14.9,26,2839,0.0,-20.0,13.9,26,-0.422,0,
C-B-1,1,1.72397,-29.4929,15.3109,1230,0.0,10.4,14.9,26,2839,0.0,-20.0,13.9,26,-0.46,0,
C-B-1,1,1.72498,-29.4545,15.3167,1231,0.0,11.200000000000001,14.9,26,2839,0.0,-20.0,13.9,26,-0.422,0,
C-B-1,1,1.72597,-29.4545,15.3167,1231,0.0,11.200000000000001,14.9,26,2839,0.0,-20.0,13.9,26,-0.422,0,
C-B-1,1,1.727,-29.4545,15.3167,1231,0.0,11.200000000000001,14.9,26,2839,0.0,-20.0,13.9,26,-0.422,0,
C-B-1,1,1.72798,-29.4545,15.3167,1231,0.0,11.200000000000001,14.9,26,2839,0.0,-20.0,13.9,26,-0.422,0,
C-B-1,1,1.72898,-29.4545,15.3167,1231,0.0,11.200000000000001,14.9,26,2839,0.0,-20.0,13.9,26,-0.422,0,
C-B-1,1,1.73,-29.4545,15.3167,1231,0.0,11.200000000000001,14.9,26,2839,0.0,-20.0,13.9,26,-0.422,0,
C-B-1,1,1.73098,-29.4545,15.3167,1231,0.0,11.200000000000001,14.9,26,2839,0.0,-20.0,13.9,26,-0.422,0,
C-B-1,1,1.73198,-29.4545,15.3167,1231,0.0,11.200000000000001,14.9,26,2839,0.0,-20.0,13.9,26,-0.422,0,
C-B-1,1,1.73298,-29.4545,15.3167,1231,0.0,11.200000000000001,14.9,26,2839,0.0,-20.0,13.9,26,-0.422,0,
C-B-1,1,1.73398,-29.4929,15.3109,1230,0.0,10.4,14.9,26,2839,0.0,-20.0,13.9,26,-0.46,0,
C-B-1,1,1.735,-29.4545,15.3167,1231,0.0,11.200000000000001,14.9,26,2839,0.0,-20.0,13.9,26,-0.422,0,
C-B-1,1,1.73598,-29.4545,15.3167,1231,0.0,11.200000000000001,14.9,26,2839,0.0,-20.0,13.9,26,-0.422,0,
C-B-1,1,1.73698,-29.4545,15.3167,1231,0.0,11.200000000000001,14.9,26,2839,0.0,-20.0,13.9,26,-0.422,0,
C-B-1,1,1.738,-29.4545,15.3167,1231,0.0,11.200000000000001,14.9,26,2839,0.0,-20.0,13.9,26,-0.422,0,
C-B-1,1,1.73898,-29.4545,15.3167,1231,0.0,11.200000000000001,14.9,26,2839,0.0,-20.0,13.9,26,-0.422,0,
C-B-1,1,1.73998,-29.4545,15.3167,1231,0.0,11.200000000000001,14.9,26,2839,0.0,-20.0,13.9,26,-0.422,0,
C-B-1,1,1.741,-29.4545,15.3167,1231,0.0,11.200000000000001,14.9,26,2839,0.0,-20.0,13.9,26,-0.422,0,
C-B-1,1,1.74198,-29.4545,15.3167,1231,0.0,11.200000000000001,14.9,26,2839,0.0,-20.0,13.9,26,-0.422,0,
C-B-1,1,1.74298,-29.4545,15.3167,1231,0.0,11.200000000000001,14.9,26,2839,0.0,-20.0,13.9,26,-0.422,0,
C-B-1,1,1.744,-29.4545,15.3167,1231,0.0,11.200000000000001,14.9,26,2839,0.0,-20.0,13.9,26,-0.422,0,
C-B-1,1,1.74498,-29.4545,15.3167,1231,0.0,11.200000000000001,14.9,26,2839,0.0,-20.0,13.9,26,-0.422,0,
C-B-1,1,1.74598,-29.4929,15.3109,1230,0.0,10.4,14.9,26,2839,0.0,-20.0,13.9,26,-0.46,0,
C-B-1,1,1.747,-29.4545,15.3167,1231,0.0,11.200000000000001,14.9,26,2839,0.0,-20.0,13.9,26,-0.422,0,
C-B-1,1,1.74798,-29.4545,15.3167,1231,0.0,11.200000000000001,14.9,26,2839,0.0,-20.0,13.9,26,-0.422,0,
C-B-1,1,1.74898,-29.4545,15.3167,1231,0.0,11.200000000000001,14.9,26,2839,0.0,-20.0,13.9,26,-0.422,0,
C-B-1,1,1.75,-29.4545,15.3167,1231,0.0,11.200000000000001,14.1,26,2839,0.0,-20.0,14.8,26,-0.422,0,
C-B-1,1,1.75098,-29.4545,15.3167,1231,0.0,11.200000000000001,14.1,26,2838,0.0,-20.8,14.8,26,-0.46,0,
C-B-1,1,1.75198,-29.4545,15.3167,1231,0.0,11.200000000000001,14.1,26,2839,0.0,-20.0,14.8,26,-0.422,0,
C-B-1,1,1.75298,-29.4545,15.3167,1231,0.0,11.200000000000001,14.1,26,2839,0.0,-20.0,14.8,26,-0.422,0,
C-B-1,1,1.754,-29.4545,15.3167,1231,0.0,11.200000000000001,14.1,26,2839,0.0,-20.0,14.8,26,-0.422,0,
C-B-1,1,1.755,-29.4545,15.3167,1231,0.0,11.200000000000001,14.1,26,2839,0.0,-20.0,14.8,26,-0.422,0,
C-B-1,1,1.75598,-29.4545,15.3167,1231,0.0,11.200000000000001,14.1,26,2839,0.0,-20.0,14.8,26,-0.422,0,
C-B-1,1,1.75698,-29.4545,15.3167,1231,0.0,11.200000000000001,14.1,26,2839,0.0,-20.0,14.8,26,-0.422,0,
C-B-1,1,1.75798,-29.4545,15.3167,1231,0.0,11.200000000000001,14.1,26,2839,0.0,-20.0,14.8,26,-0.422,0,
C-B-1,1,1.759,-29.4545,15.3167,1231,0.0,11.200000000000001,14.1,26,2839,0.0,-20.0,14.8,26,-0.422,0,
C-B-1,1,1.75998,-29.4545,15.3167,1231,0.0,11.200000000000001,14.1,26,2839,0.0,-20.0,14.8,26,-0.422,0,
C-B-1,1,1.76098,-29.4545,15.3167,1231,0.0,11.200000000000001,14.1,26,2839,0.0,-20.0,14.8,26,-0.422,0,
C-B-1,1,1.762,-29.4545,15.3167,1231,0.0,11.200000000000001,14.1,26,2839,0.0,-20.0,14.8,26,-0.422,0,
C-B-1,1,1.76299,-29.4545,15.3167,1231,0.0,11.200000000000001,14.1,26,2839,0.0,-20.0,14.8,26,-0.422,0,
C-B-1,1,1.76398,-29.4545,15.3167,1231,0.0,11.200000000000001,14.1,26,2838,0.0,-20.8,14.8,26,-0.46,0,
C-B-1,1,1.765,-29.4545,15.3167,1231,0.0,11.200000000000001,14.1,26,2839,0.0,-20.0,14.8,26,-0.422,0,
C-B-1,1,1.76599,-29.4545,15.3167,1231,0.0,11.200000000000001,14.1,26,2839,0.0,-20.0,14.8,26,-0.422,0,
C-B-1,1,1.76698,-29.4545,15.3167,1231,0.0,11.200000000000001,14.1,26,2839,0.0,-20.0,14.8,26,-0.422,0,
C-B-1,1,1.768,-29.4545,15.3167,1231,0.0,11.200000000000001,14.1,26,2839,0.0,-20.0,14.8,26,-0.422,0,
C-B-1,1,1.76899,-29.4545,15.3167,1231,0.0,11.200000000000001,14.1,26,2839,0.0,-20.0,14.8,26,-0.422,0,
C-B-1,1,1.76998,-29.4545,15.3167,1231,0.0,11.200000000000001,14.1,26,2839,0.0,-20.0,14.8,26,-0.422,0,
C-B-1,1,1.771,-29.4545,15.3167,1231,0.0,11.200000000000001,14.1,26,2839,0.0,-20.0,14.8,26,-0.422,0,
C-B-1,1,1.77199,-29.4545,15.3167,1231,0.0,11.200000000000001,14.1,26,2839,0.0,-20.0,14.8,26,-0.422,0,
C-B-1,1,1.77299,-29.4545,15.3167,1231,0.0,11.200000000000001,14.1,26,2839,0.0,-20.0,14.8,26,-0.422,0,
C-B-1,1,1.774,-29.4545,15.3167,1231,0.0,11.200000000000001,14.1,26,2839,0.0,-20.0,14.8,26,-0.422,0,
C-B-1,1,1.77499,-29.4545,15.3167,1231,0.0,11.200000000000001,14.1,26,2839,0.0,-20.0,14.8,26,-0.422,0,
C-B-1,1,1.77598,-29.4545,15.3167,1231,0.0,11.200000000000001,14.1,26,2838,0.0,-20.8,14.8,26,-0.46,0,
C-B-1,1,1.777,-29.4545,15.3167,1231,0.0,11.200000000000001,14.1,26,2838,0.0,-20.8,14.8,26,-0.46,0,
C-B-1,1,1.77799,-29.4545,15.3167,1231,0.0,11.200000000000001,14.1,26,2838,0.0,-20.8,14.8,26,-0.46,0,
C-B-1,1,1.77899,-29.4545,15.3167,1231,0.0,11.200000000000001,14.1,26,2839,0.0,-20.0,14.8,26,-0.422,0,
C-B-1,1,1.78001,-29.4545,15.3167,1231,0.0,11.200000000000001,14.1,26,2839,0.0,-20.0,14.8,26,-0.422,0,
C-B-1,1,1.78101,-29.4545,15.3167,1231,0.0,11.200000000000001,14.1,26,2839,0.0,-20.0,14.8,26,-0.422,0,
C-B-1,1,1.78198,-29.4545,15.3167,1231,0.0,11.200000000000001,14.1,26,2839,0.0,-20.0,14.8,26,-0.422,0,
C-B-1,1,1.78298,-29.4545,15.3167,1231,0.0,11.200000000000001,14.1,26,2839,0.0,-20.0,14.8,26,-0.422,0,
C-B-1,1,1.78399,-29.4545,15.3167,1231,0.0,11.200000000000001,14.1,26,2839,0.0,-20.0,14.8,26,-0.422,0,
C-B-1,1,1.78499,-29.4545,15.3167,1231,0.0,11.200000000000001,14.1,26,2839,0.0,-20.0,14.8,26,-0.422,0,
C-B-1,1,1.78601,-29.4545,15.3167,1231,0.0,11.200000000000001,14.1,26,2839,0.0,-20.0,14.8,26,-0.422,0,
C-B-1,1,1.78699,-29.4545,15.3167,1231,0.0,11.200000000000001,14.1,26,2839,0.0,-20.0,14.8,26,-0.422,0,
C-B-1,1,1.78799,-29.4545,15.3167,1231,0.0,11.200000000000001,14.1,26,2839,0.0,-20.0,14.8,26,-0.422,0,
C-B-1,1,1.78899,-29.4545,15.3167,1231,0.0,11.200000000000001,14.1,26,2839,0.0,-20.0,14.8,26,-0.422,0,
C-B-1,1,1.78999,-29.4545,15.3167,1231,0.0,11.200000000000001,14.1,26,2839,0.0,-20.0,14.8,26,-0.422,0,
C-B-1,1,1.79101,-29.4545,15.3167,1231,0.0,11.200000000000001,14.1,26,2839,0.0,-20.0,14.8,26,-0.422,0,
C-B-1,1,1.79199,-29.4545,15.3167,1231,0.0,11.200000000000001,14.1,26,2839,0.0,-20.0,14.8,26,-0.422,0,
C-B-1,1,1.79299,-29.4545,15.3167,1231,0.0,11.200000000000001,14.1,26,2838,0.0,-20.8,14.8,26,-0.46,0,
C-B-1,1,1.79401,-29.4545,15.3167,1231,0.0,11.200000000000001,14.1,26,2839,0.0,-20.0,14.8,26,-0.422,0,
C-B-1,1,1.79499,-29.4545,15.3167,1231,0.0,11.200000000000001,14.1,26,2839,0.0,-20.0,14.8,26,-0.422,0,
C-B-1,1,1.79599,-29.4545,15.3167,1231,0.0,11.200000000000001,14.1,26,2839,0.0,-20.0,14.8,26,-0.422,0,
C-B-1,1,1.79701,-29.4545,15.3167,1231,0.0,11.200000000000001,14.1,26,2839,0.0,-20.0,14.8,26,-0.422,0,
C-B-1,1,1.79799,-29.4545,15.3167,1231,0.0,11.200000000000001,14.1,26,2839,0.0,-20.0,14.8,26,-0.422,0,
C-B-1,1,1.79899,-29.4545,15.3167,1231,0.0,11.200000000000001,14.1,26,2839,0.0,-20.0,14.8,26,-0.422,0,
C-B-1,1,1.80001,-29.4545,15.3167,1231,0.0,11.200000000000001,14.1,26,2839,0.0,-20.0,14.8,26,-0.422,0,
C-B-1,1,1.80101,-29.4545,15.3167,1231,0.0,11.200000000000001,14.1,26,2839,0.0,-20.0,14.8,26,-0.422,0,
C-B-1,1,1.80203,-29.4545,15.3167,1231,0.0,11.200000000000001,14.1,26,2839,0.0,-20.0,14.8,26,-0.422,0,
C-B-1,1,1.803,-29.4545,15.3167,1231,0.0,11.200000000000001,14.1,26,2839,0.0,-20.0,14.8,26,-0.422,0,
C-B-1,1,1.80399,-29.4545,15.3167,1231,0.0,11.200000000000001,14.1,26,2839,0.0,-20.0,14.8,26,-0.422,0,
C-B-1,1,1.80499,-29.4545,15.3167,1231,0.0,11.200000000000001,14.1,26,2839,0.0,-20.0,14.8,26,-0.422,0,
C-B-1,1,1.806,-29.4545,15.3167,1231,0.0,11.200000000000001,14.1,26,2839,0.0,-20.0,14.8,26,-0.422,0,
C-B-1,1,1.80699,-29.4545,15.3167,1231,0.0,11.200000000000001,14.1,26,2839,0.0,-20.0,14.8,26,-0.422,0,
C-B-1,1,1.80799,-29.4545,15.3167,1231,0.0,11.200000000000001,14.1,26,2839,0.0,-20.0,14.8,26,-0.422,0,
C-B-1,1,1.80899,-29.4545,15.3167,1231,0.0,11.200000000000001,14.1,26,2839,0.0,-20.0,14.8,26,-0.422,0,
C-B-1,1,1.80999,-29.4545,15.3167,1231,0.0,11.200000000000001,14.1,26,2839,0.0,-20.0,14.8,26,-0.422,0,
C-B-1,1,1.81101,-29.4545,15.3167,1231,0.0,11.200000000000001,14.1,26,2839,0.0,-20.0,14.8,26,-0.422,0,
C-B-1,1,1.81199,-29.4545,15.3167,1231,0.0,11.200000000000001,14.1,26,2839,0.0,-20.0,14.8,26,-0.422,0,
C-B-1,1,1.81299,-29.4545,15.3167,1231,0.0,11.200000000000001,14.1,26,2839,0.0,-20.0,14.8,26,-0.422,0,
C-B-1,1,1.81399,-29.4545,15.3167,1231,0.0,11.200000000000001,14.1,26,2839,0.0,-20.0,14.8,26,-0.422,0,
C-B-1,1,1.81499,-29.4545,15.3167,1231,0.0,11.200000000000001,14.1,26,2839,0.0,-20.0,14.8,26,-0.422,0,
C-B-1,1,1.81601,-29.4545,15.3167,1231,0.0,11.200000000000001,14.1,26,2839,0.0,-20.0,14.8,26,-0.422,0,
C-B-1,1,1.81699,-29.4545,15.3167,1231,0.0,11.200000000000001,14.1,26,2839,0.0,-20.0,14.8,26,-0.422,0,
C-B-1,1,1.818,-29.4545,15.3167,1231,0.0,11.200000000000001,14.1,26,2839,0.0,-20.0,14.8,26,-0.422,0,
C-B-1,1,1.81899,-29.4545,15.3167,1231,0.0,11.200000000000001,14.1,26,2839,0.0,-20.0,14.8,26,-0.422,0,
C-B-1,1,1.82001,-29.4545,15.3167,1231,0.0,11.200000000000001,14.1,26,2839,0.0,-20.0,14.8,26,-0.422,0,
C-B-1,1,1.82099,-29.4545,15.3167,1231,0.0,11.200000000000001,14.1,26,2839,0.0,-20.0,14.8,26,-0.422,0,
C-B-1,1,1.822,-29.4929,15.3109,1230,0.0,10.4,14.1,26,2839,0.0,-20.0,14.8,26,-0.46,0,
C-B-1,1,1.82302,-29.4545,15.3167,1231,0.0,11.200000000000001,14.1,26,2839,0.0,-20.0,14.8,26,-0.422,0,
C-B-1,1,1.82402,-29.4545,15.3167,1231,0.0,11.200000000000001,14.1,26,2839,0.0,-20.0,14.8,26,-0.422,0,
C-B-1,1,1.825,-29.4545,15.3167,1231,0.0,11.200000000000001,14.1,26,2839,0.0,-20.0,14.8,26,-0.422,0,
C-B-1,1,1.82599,-29.4545,15.3167,1231,0.0,11.200000000000001,14.1,26,2839,0.0,-20.0,14.8,26,-0.422,0,
C-B-1,1,1.82699,-29.4545,15.3167,1231,0.0,11.200000000000001,14.1,26,2839,0.0,-20.0,14.8,26,-0.422,0,
C-B-1,1,1.82801,-29.4545,15.3167,1231,0.0,11.200000000000001,14.1,26,2839,0.0,-20.0,14.8,26,-0.422,0,
C-B-1,1,1.829,-29.4545,15.3167,1231,0.0,11.200000000000001,14.1,26,2839,0.0,-20.0,14.8,26,-0.422,0,
C-B-1,1,1.83,-29.4545,15.3167,1231,0.0,11.200000000000001,14.1,26,2839,0.0,-20.0,14.8,26,-0.422,0,
C-B-1,1,1.83102,-29.4545,15.3167,1231,0.0,11.200000000000001,14.1,26,2839,0.0,-20.0,14.8,26,-0.422,0,
C-B-1,1,1.832,-29.4545,15.3167,1231,0.0,11.200000000000001,14.1,26,2839,0.0,-20.0,14.8,26,-0.422,0,
C-B-1,1,1.833,-29.4545,15.3167,1231,0.0,11.200000000000001,14.1,26,2839,0.0,-20.0,14.8,26,-0.422,0,
C-B-1,1,1.83401,-29.4545,15.3167,1231,0.0,11.200000000000001,14.1,26,2839,0.0,-20.0,14.8,26,-0.422,0,
C-B-1,1,1.835,-29.4545,15.3167,1231,0.0,11.200000000000001,14.1,26,2839,0.0,-20.0,14.8,26,-0.422,0,
C-B-1,1,1.836,-29.4545,15.3167,1231,0.0,11.200000000000001,14.1,26,2839,0.0,-20.0,14.8,26,-0.422,0,
C-B-1,1,1.83702,-29.4545,15.3167,1231,0.0,11.200000000000001,14.1,26,2839,0.0,-20.0,14.8,26,-0.422,0,
C-B-1,1,1.838,-29.4545,15.3167,1231,0.0,11.200000000000001,14.1,26,2839,0.0,-20.0,14.8,26,-0.422,0,
C-B-1,1,1.839,-29.4929,15.3109,1230,0.0,10.4,14.1,26,2840,0.0,-19.200000000000003,14.8,26,-0.422,0,
C-B-1,1,1.84002,-29.4545,15.3167,1231,0.0,11.200000000000001,14.1,26,2839,0.0,-20.0,14.8,26,-0.422,0,
C-B-1,1,1.841,-29.4929,15.3109,1230,0.0,10.4,14.1,26,2839,0.0,-20.0,14.8,26,-0.46,0,
C-B-1,1,1.842,-29.4545,15.3167,1231,0.0,11.200000000000001,14.1,26,2839,0.0,-20.0,14.8,26,-0.422,0,
C-B-1,1,1.84302,-29.4545,15.3167,1231,0.0,11.200000000000001,14.1,26,2839,0.0,-20.0,14.8,26,-0.422,0,
C-B-1,1,1.844,-29.4545,15.3167,1231,0.0,11.200000000000001,14.1,26,2839,0.0,-20.0,14.8,26,-0.422,0,
C-B-1,1,1.845,-29.4545,15.3167,1231,0.0,11.200000000000001,14.1,26,2839,0.0,-20.0,14.8,26,-0.422,0,
C-B-1,1,1.846,-29.4545,15.3167,1231,0.0,11.200000000000001,14.1,26,2839,0.0,-20.0,14.8,26,-0.422,0,
C-B-1,1,1.84702,-29.4545,15.3167,1231,0.0,11.200000000000001,14.1,26,2839,0.0,-20.0,14.8,26,-0.422,0,
C-B-1,1,1.84802,-29.4545,15.3167,1231,0.0,11.200000000000001,14.1,26,2839,0.0,-20.0,14.8,26,-0.422,0,
C-B-1,1,1.849,-29.4929,15.3109,1230,0.0,10.4,14.1,26,2839,0.0,-20.0,14.8,26,-0.46,0,
C-B-1,1,1.85,-29.4929,15.3109,1230,0.0,10.4,14.1,26,2840,0.0,-19.200000000000003,14.8,26,-0.422,0,
C-B-1,1,1.851,-29.4545,15.3167,1231,0.0,11.200000000000001,14.1,26,2840,0.0,-19.200000000000003,14.8,26,-0.384,0,
C-B-1,1,1.85198,-29.4545,15.3167,1231,0.0,11.200000000000001,14.1,26,2839,0.0,-20.0,14.8,26,-0.422,0,
C-B-1,1,1.853,-29.4929,15.3109,1230,0.0,10.4,14.1,26,2839,0.0,-20.0,14.8,26,-0.46,0,
C-B-1,1,1.85398,-29.4545,15.3167,1231,0.0,11.200000000000001,14.1,26,2840,0.0,-19.200000000000003,14.8,26,-0.384,0,
C-B-1,1,1.855,-29.4929,15.3109,1230,0.0,10.4,14.1,26,2839,0.0,-19.200000000000003,14.8,26,-0.46,0,
C-B-1,1,1.85598,-29.4929,15.3109,1230,0.0,10.4,14.1,26,2840,0.0,-19.200000000000003,14.8,26,-0.422,0,
C-B-1,1,1.857,-29.4545,15.3167,1231,0.0,11.200000000000001,14.1,26,2840,0.0,-20.0,14.8,26,-0.384,0,
C-B-1,1,1.85798,-29.4929,15.3109,1230,0.0,10.4,14.1,26,2839,0.0,-20.0,14.8,26,-0.46,0,
C-B-1,1,1.859,-29.4545,15.3167,1231,0.0,11.200000000000001,14.1,26,2839,0.0,-20.0,14.8,26,-0.422,0,
C-B-1,1,1.85998,-29.4929,15.3109,1230,0.0,10.4,14.1,26,2839,0.0,-20.0,14.8,26,-0.46,0,
C-B-1,1,1.861,-29.4929,15.3109,1230,0.0,10.4,14.1,26,2840,0.0,-19.200000000000003,14.8,26,-0.422,0,
C-B-1,1,1.86198,-29.4545,15.3167,1231,0.0,11.200000000000001,14.1,26,2839,0.0,-20.0,14.8,26,-0.422,0,
C-B-1,1,1.863,-29.4545,15.3167,1231,0.0,11.200000000000001,14.1,26,2839,0.0,-20.0,14.8,26,-0.422,0,
C-B-1,1,1.86398,-29.4545,15.3167,1231,0.0,11.200000000000001,14.1,26,2840,0.0,-19.200000000000003,14.8,26,-0.384,0,
C-B-1,1,1.865,-29.4545,15.3167,1231,0.0,11.200000000000001,14.1,26,2839,0.0,-20.0,14.8,26,-0.422,0,
C-B-1,1,1.86599,-29.4929,15.3109,1230,0.0,10.4,14.1,26,2840,0.0,-19.200000000000003,14.8,26,-0.422,0,
C-B-1,1,1.867,-29.4929,15.3109,1230,0.0,10.4,15.6,26,2839,0.0,-20.0,14.8,26,-0.46,0,
C-B-1,1,1.86799,-29.4929,15.3109,1230,0.0,10.4,15.6,26,2840,0.0,-19.200000000000003,14.8,26,-0.422,0,
C-B-1,1,1.869,-29.4929,15.3109,1230,0.0,10.4,15.6,26,2840,0.0,-19.200000000000003,14.8,26,-0.422,0,
C-B-1,1,1.87,-29.4929,15.3109,1230,0.0,10.4,15.6,26,2840,0.0,-19.200000000000003,14.8,26,-0.422,0,
C-B-1,1,1.87098,-29.4929,15.3109,1230,0.0,10.4,15.6,26,2839,0.0,-20.0,14.8,26,-0.46,0,
C-B-1,1,1.872,-29.4929,15.3109,1230,0.0,10.4,15.6,26,2840,0.0,-19.200000000000003,14.8,26,-0.422,0,
C-B-1,1,1.87299,-29.4929,15.3109,1230,0.0,10.4,15.6,26,2840,0.0,-19.200000000000003,14.8,26,-0.422,0,
C-B-1,1,1.874,-29.4929,15.3109,1230,0.0,10.4,15.6,26,2840,0.0,-19.200000000000003,14.8,26,-0.422,0,
C-B-1,1,1.875,-29.4929,15.3109,1230,0.0,10.4,15.6,26,2839,0.0,-20.0,14.8,26,-0.46,0,
C-B-1,1,1.876,-29.4929,15.3109,1230,0.0,10.4,15.6,26,2839,0.0,-20.0,14.8,26,-0.46,0,
C-B-1,1,1.87699,-29.4929,15.3109,1230,0.0,10.4,15.6,26,2840,0.0,-19.200000000000003,14.8,26,-0.422,0,
C-B-1,1,1.878,-29.4545,15.3167,1231,0.0,11.200000000000001,15.6,26,2840,0.0,-19.200000000000003,14.8,26,-0.384,0,
C-B-1,1,1.879,-29.4929,15.3109,1230,0.0,10.4,15.6,26,2840,0.0,-19.200000000000003,14.8,26,-0.422,0,
C-B-1,1,1.88,-29.4929,15.3109,1230,0.0,10.4,15.6,26,2840,0.0,-19.200000000000003,14.8,26,-0.422,0,
C-B-1,1,1.88099,-29.4929,15.3109,1230,0.0,10.4,15.6,26,2840,0.0,-19.200000000000003,14.8,26,-0.422,0,
C-B-1,1,1.882,-29.4929,15.3109,1230,0.0,10.4,15.6,26,2840,0.0,-19.200000000000003,14.8,26,-0.422,0,
C-B-1,1,1.88299,-29.4929,15.3109,1230,0.0,10.4,15.6,26,2840,0.0,-19.200000000000003,14.8,26,-0.422,0,
C-B-1,1,1.88401,-29.4929,15.3109,1230,0.0,10.4,15.6,26,2840,0.0,-19.200000000000003,14.8,26,-0.422,0,
C-B-1,1,1.88499,-29.4929,15.3109,1230,0.0,10.4,15.6,26,2839,0.0,-20.0,14.8,26,-0.46,0,
C-B-1,1,1.88601,-29.4929,15.3109,1230,0.0,10.4,15.6,26,2840,0.0,-19.200000000000003,14.8,26,-0.422,0,
C-B-1,1,1.88699,-29.4929,15.3109,1230,0.0,10.4,15.6,26,2839,0.0,-20.0,14.8,26,-0.46,0,
C-B-1,1,1.88801,-29.4929,15.3109,1230,0.0,10.4,15.6,26,2840,0.0,-19.200000000000003,14.8,26,-0.422,0,
C-B-1,1,1.88899,-29.4929,15.3109,1230,0.0,10.4,15.6,26,2839,0.0,-20.0,14.8,26,-0.46,0,
C-B-1,1,1.89001,-29.4929,15.3109,1230,0.0,10.4,15.6,26,2840,0.0,-19.200000000000003,14.8,26,-0.422,0,
C-B-1,1,1.89101,-29.4929,15.3109,1230,0.0,10.4,15.6,26,2840,0.0,-19.200000000000003,14.8,26,-0.422,0,
C-B-1,1,1.89201,-29.4929,15.3109,1230,0.0,10.4,15.6,26,2839,0.0,-20.0,14.8,26,-0.46,0,
C-B-1,1,1.89301,-29.4929,15.3109,1230,0.0,10.4,15.6,26,2840,0.0,-19.200000000000003,14.8,26,-0.422,0,
C-B-1,1,1.89399,-29.4929,15.3109,1230,0.0,10.4,15.6,26,2840,0.0,-19.200000000000003,14.8,26,-0.422,0,
C-B-1,1,1.89501,-29.4545,15.3167,1231,0.0,11.200000000000001,15.6,26,2840,0.0,-19.200000000000003,14.8,26,-0.384,0,
C-B-1,1,1.89599,-29.4545,15.3167,1231,0.0,11.200000000000001,15.6,26,2840,0.0,-19.200000000000003,14.8,26,-0.384,0,
C-B-1,1,1.89701,-29.4929,15.3109,1230,0.0,10.4,15.6,26,2839,0.0,-20.0,14.8,26,-0.46,0,
C-B-1,1,1.89801,-29.4929,15.3109,1230,0.0,10.4,15.6,26,2840,0.0,-19.200000000000003,14.8,26,-0.422,0,
C-B-1,1,1.89899,-29.4545,15.3167,1231,0.0,11.200000000000001,15.6,26,2839,0.0,-20.0,14.8,26,-0.422,0,
C-B-1,1,1.90001,-29.4929,15.3109,1230,0.0,10.4,15.6,26,2839,0.0,-20.0,14.8,26,-0.46,0,
C-B-1,1,1.90099,-29.4929,15.3109,1230,0.0,10.4,15.6,26,2840,0.0,-19.200000000000003,14.8,26,-0.422,0,
C-B-1,1,1.90201,-29.4929,15.3109,1230,0.0,10.4,15.6,26,2840,0.0,-19.200000000000003,14.8,26,-0.422,0,
C-B-1,1,1.90301,-29.4929,15.3109,1230,0.0,10.4,15.6,26,2840,0.0,-19.200000000000003,14.8,26,-0.422,0,
C-B-1,1,1.90399,-29.4545,15.3167,1231,0.0,11.200000000000001,15.6,26,2840,0.0,-19.200000000000003,14.8,26,-0.384,0,
C-B-1,1,1.90499,-29.4545,15.3167,1231,0.0,11.200000000000001,15.6,26,2840,0.0,-19.200000000000003,14.8,26,-0.384,0,
C-B-1,1,1.90599,-29.4929,15.3109,1230,0.0,10.4,15.6,26,2839,0.0,-20.0,14.8,26,-0.46,0,
C-B-1,1,1.90699,-29.4929,15.3109,1230,0.0,10.4,15.6,26,2839,0.0,-20.0,14.8,26,-0.46,0,
C-B-1,1,1.90799,-29.4545,15.3167,1231,0.0,11.200000000000001,15.6,26,2840,0.0,-19.200000000000003,14.8,26,-0.384,0,
C-B-1,1,1.90899,-29.4545,15.3167,1231,0.0,11.200000000000001,15.6,26,2840,0.0,-19.200000000000003,14.8,26,-0.384,0,
C-B-1,1,1.90999,-29.4929,15.3109,1230,0.0,10.4,15.6,26,2840,0.0,-19.200000000000003,14.8,26,-0.422,0,
C-B-1,1,1.91099,-29.4929,15.3109,1230,0.0,10.4,15.6,26,2839,0.0,-20.0,14.8,26,-0.46,0,
C-B-1,1,1.91199,-29.4929,15.3109,1230,0.0,10.4,15.6,26,2839,0.0,-20.0,14.8,26,-0.46,0,
C-B-1,1,1.91299,-29.4929,15.3109,1230,0.0,10.4,15.6,26,2840,0.0,-19.200000000000003,14.8,26,-0.422,0,
C-B-1,1,1.91399,-29.4545,15.3167,1231,0.0,11.200000000000001,15.6,26,2839,0.0,-20.0,14.8,26,-0.422,0,
C-B-1,1,1.91499,-29.4545,15.3167,1231,0.0,11.200000000000001,15.6,26,2839,0.0,-20.0,14.8,26,-0.422,0,
C-B-1,1,1.916,-29.4545,15.3167,1231,0.0,11.200000000000001,15.6,26,2839,0.0,-20.0,14.8,26,-0.422,0,
C-B-1,1,1.91699,-29.4929,15.3109,1230,0.0,10.4,15.6,26,2840,0.0,-19.200000000000003,14.8,26,-0.422,0,
C-B-1,1,1.91799,-29.4929,15.3109,1230,0.0,10.4,15.6,26,2839,0.0,-20.0,14.8,26,-0.46,0,
C-B-1,1,1.91899,-29.4545,15.3167,1231,0.0,11.200000000000001,15.6,26,2839,0.0,-20.0,14.8,26,-0.422,0,
C-B-1,1,1.91999,-29.4929,15.3109,1230,0.0,10.4,15.6,26,2839,0.0,-20.0,14.8,26,-0.46,0,
C-B-1,1,1.92099,-29.4929,15.3109,1230,0.0,10.4,15.6,26,2840,0.0,-19.200000000000003,14.8,26,-0.422,0,
C-B-1,1,1.922,-29.4929,15.3109,1230,0.0,10.4,15.6,26,2839,0.0,-20.0,14.8,26,-0.46,0,
C-B-1,1,1.92299,-29.4545,15.3167,1231,0.0,11.200000000000001,15.6,26,2839,0.0,-20.0,14.8,26,-0.422,0,
C-B-1,1,1.924,-29.4545,15.3167,1231,0.0,11.200000000000001,15.6,26,2839,0.0,-20.0,14.8,26,-0.422,0,
C-B-1,1,1.92499,-29.4929,15.3109,1230,0.0,10.4,15.6,26,2839,0.0,-20.0,14.8,26,-0.46,0,
C-B-1,1,1.926,-29.4545,15.3167,1231,0.0,11.200000000000001,15.6,26,2839,0.0,-20.0,14.8,26,-0.422,0,
C-B-1,1,1.92699,-29.4545,15.3167,1231,0.0,11.200000000000001,15.6,26,2839,0.0,-20.0,14.8,26,-0.422,0,
C-B-1,1,1.928,-29.4929,15.3109,1230,0.0,10.4,15.6,26,2839,0.0,-20.0,14.8,26,-0.46,0,
C-B-1,1,1.92899,-29.4929,15.3109,1230,0.0,10.4,15.6,26,2839,0.0,-20.0,14.8,26,-0.46,0,
C-B-1,1,1.93,-29.4545,15.3167,1231,0.0,11.200000000000001,15.6,26,2839,0.0,-20.0,14.8,26,-0.422,0,
C-B-1,1,1.93099,-29.4545,15.3167,1231,0.0,11.200000000000001,15.6,26,2839,0.0,-20.0,14.8,26,-0.422,0,
C-B-1,1,1.93202,-29.4545,15.3167,1231,0.0,11.200000000000001,15.6,26,2839,0.0,-20.0,14.8,26,-0.422,0,
C-B-1,1,1.93299,-29.4929,15.3109,1230,0.0,10.4,15.6,26,2839,0.0,-20.0,14.8,26,-0.46,0,
C-B-1,1,1.934,-29.4545,15.3167,1231,0.0,11.200000000000001,15.6,26,2839,0.0,-20.0,14.8,26,-0.422,0,
C-B-1,1,1.935,-29.4545,15.3167,1231,0.0,11.200000000000001,15.6,26,2839,0.0,-20.0,14.8,26,-0.422,0,
C-B-1,1,1.936,-29.4545,15.3167,1231,0.0,11.200000000000001,15.6,26,2839,0.0,-20.0,14.8,26,-0.422,0,
C-B-1,1,1.937,-29.4545,15.3167,1231,0.0,11.200000000000001,15.6,26,2839,0.0,-20.0,14.8,26,-0.422,0,
C-B-1,1,1.938,-29.4545,15.3167,1231,0.0,11.200000000000001,15.6,26,2839,0.0,-20.0,14.8,26,-0.422,0,
C-B-1,1,1.93899,-29.4929,15.3109,1230,0.0,10.4,15.6,26,2839,0.0,-20.0,14.8,26,-0.46,0,
C-B-1,1,1.93999,-29.4545,15.3167,1231,0.0,11.200000000000001,15.6,26,2839,0.0,-20.0,14.8,26,-0.422,0,
C-B-1,1,1.941,-29.4545,15.3167,1231,0.0,11.200000000000001,15.6,26,2839,0.0,-20.0,14.8,26,-0.422,0,
C-B-1,1,1.942,-29.4545,15.3167,1231,0.0,11.200000000000001,15.6,26,2839,0.0,-20.0,14.8,26,-0.422,0,
C-B-1,1,1.943,-29.4545,15.3167,1231,0.0,11.200000000000001,15.6,26,2839,0.0,-20.0,14.8,26,-0.422,0,
C-B-1,1,1.944,-29.4545,15.3167,1231,0.0,11.200000000000001,15.6,26,2839,0.0,-20.0,14.8,26,-0.422,0,
C-B-1,1,1.945,-29.4545,15.3167,1231,0.0,11.200000000000001,15.6,26,2839,0.0,-20.0,14.8,26,-0.422,0,
C-B-1,1,1.946,-29.4545,15.3167,1231,0.0,11.200000000000001,15.6,26,2839,0.0,-20.0,14.8,26,-0.422,0,
C-B-1,1,1.947,-29.4545,15.3167,1231,0.0,11.200000000000001,15.6,26,2839,0.0,-20.0,14.8,26,-0.422,0,
C-B-1,1,1.948,-29.4545,15.3167,1231,0.0,11.200000000000001,15.6,26,2839,0.0,-20.0,14.8,26,-0.422,0,
C-B-1,1,1.949,-29.4545,15.3167,1231,0.0,11.200000000000001,15.6,26,2839,0.0,-20.0,14.8,26,-0.422,0,
C-B-1,1,1.95,-29.4545,15.3167,1231,0.0,11.200000000000001,15.6,26,2839,0.0,-20.0,14.8,26,-0.422,0,
C-B-1,1,1.951,-29.4545,15.3167,1231,0.0,11.200000000000001,15.6,26,2839,0.0,-20.0,14.8,26,-0.422,0,
C-B-1,1,1.952,-29.4545,15.3167,1231,0.0,11.200000000000001,15.6,26,2839,0.0,-20.0,14.8,26,-0.422,0,
C-B-1,1,1.953,-29.4545,15.3167,1231,0.0,11.200000000000001,15.6,26,2839,0.0,-20.0,14.8,26,-0.422,0,
C-B-1,1,1.954,-29.4545,15.3167,1231,0.0,11.200000000000001,15.6,26,2839,0.0,-20.0,14.8,26,-0.422,0,
C-B-1,1,1.955,-29.4545,15.3167,1231,0.0,11.200000000000001,15.6,26,2839,0.0,-20.0,14.8,26,-0.422,0,
C-B-1,1,1.956,-29.4545,15.3167,1231,0.0,11.200000000000001,15.6,26,2839,0.0,-20.0,14.8,26,-0.422,0,
C-B-1,1,1.957,-29.4545,15.3167,1231,0.0,11.200000000000001,15.6,26,2839,0.0,-20.0,14.8,26,-0.422,0,
C-B-1,1,1.958,-29.4545,15.3167,1231,0.0,11.200000000000001,15.6,26,2839,0.0,-20.0,14.8,26,-0.422,0,
C-B-1,1,1.959,-29.4545,15.3167,1231,0.0,11.200000000000001,15.6,26,2839,0.0,-20.0,14.8,26,-0.422,0,
C-B-1,1,1.96,-29.4545,15.3167,1231,0.0,11.200000000000001,15.6,26,2839,0.0,-20.0,14.8,26,-0.422,0,
C-B-1,1,1.961,-29.4545,15.3167,1231,0.0,11.200000000000001,15.6,26,2839,0.0,-20.0,14.8,26,-0.422,0,
C-B-1,1,1.962,-29.4545,15.3167,1231,0.0,11.200000000000001,15.6,26,2839,0.0,-20.0,14.8,26,-0.422,0,
C-B-1,1,1.96301,-29.4545,15.3167,1231,0.0,11.200000000000001,15.6,26,2839,0.0,-20.0,14.8,26,-0.422,0,
C-B-1,1,1.964,-29.4545,15.3167,1231,0.0,11.200000000000001,15.6,26,2839,0.0,-20.0,14.8,26,-0.422,0,
C-B-1,1,1.965,-29.4545,15.3167,1231,0.0,11.200000000000001,15.6,26,2839,0.0,-20.0,14.8,26,-0.422,0,
C-B-1,1,1.966,-29.4545,15.3167,1231,0.0,11.200000000000001,15.6,26,2839,0.0,-20.0,14.8,26,-0.422,0,
C-B-1,1,1.967,-29.4545,15.3167,1231,0.0,11.200000000000001,15.6,26,2839,0.0,-20.0,14.8,26,-0.422,0,
C-B-1,1,1.968,-29.4545,15.3167,1231,0.0,11.200000000000001,15.6,26,2839,0.0,-20.0,14.8,26,-0.422,0,
C-B-1,1,1.969,-29.4545,15.3167,1231,0.0,11.200000000000001,15.6,26,2839,0.0,-20.0,14.8,26,-0.422,0,
C-B-1,1,1.97,-29.4545,15.3167,1231,0.0,11.200000000000001,15.6,26,2839,0.0,-20.0,14.8,26,-0.422,0,
C-B-1,1,1.971,-29.4545,15.3167,1231,0.0,11.200000000000001,15.6,26,2839,0.0,-20.0,14.8,26,-0.422,0,
C-B-1,1,1.972,-29.4545,15.3167,1231,0.0,11.200000000000001,15.6,26,2839,0.0,-20.0,14.8,26,-0.422,0,
C-B-1,1,1.973,-29.4545,15.3167,1231,0.0,11.200000000000001,15.6,26,2839,0.0,-20.0,14.8,26,-0.422,0,
C-B-1,1,1.97401,-29.4545,15.3167,1231,0.0,11.200000000000001,15.6,26,2839,0.0,-20.0,14.8,26,-0.422,0,
C-B-1,1,1.975,-29.4545,15.3167,1231,0.0,11.200000000000001,15.6,26,2839,0.0,-20.0,14.8,26,-0.422,0,
C-B-1,1,1.97601,-29.4545,15.3167,1231,0.0,11.200000000000001,15.6,26,2839,0.0,-20.0,14.8,26,-0.422,0,
C-B-1,1,1.977,-29.4545,15.3167,1231,0.0,11.200000000000001,15.6,26,2839,0.0,-20.0,14.8,26,-0.422,0,
C-B-1,1,1.97801,-29.4545,15.3167,1231,0.0,11.200000000000001,15.6,26,2839,0.0,-20.0,14.8,26,-0.422,0,
C-B-1,1,1.979,-29.4929,15.3109,1230,0.0,10.4,15.6,26,2839,0.0,-20.0,14.8,26,-0.46,0,
C-B-1,1,1.98,-29.4545,15.3167,1231,0.0,11.200000000000001,15.6,26,2839,0.0,-20.0,14.8,26,-0.422,0,
C-B-1,1,1.98101,-29.4545,15.3167,1231,0.0,11.200000000000001,15.6,26,2839,0.0,-20.0,14.8,26,-0.422,0,
C-B-1,1,1.982,-29.4545,15.3167,1231,0.0,11.200000000000001,15.6,26,2839,0.0,-20.0,14.8,26,-0.422,0,
C-B-1,1,1.98301,-29.4545,15.3167,1231,0.0,11.200000000000001,14.9,26,2839,0.0,-20.0,14.9,26,-0.422,0,
C-B-1,1,1.984,-29.4545,15.3167,1231,0.0,11.200000000000001,14.9,26,2839,0.0,-20.0,14.9,26,-0.422,0,
C-B-1,1,1.985,-29.4545,15.3167,1231,0.0,11.200000000000001,14.9,26,2839,0.0,-20.0,14.9,26,-0.422,0,
C-B-1,1,1.98601,-29.4545,15.3167,1231,0.0,11.200000000000001,14.9,26,2839,0.0,-20.0,14.9,26,-0.422,0,
C-B-1,1,1.987,-29.4545,15.3167,1231,0.0,11.200000000000001,14.9,26,2839,0.0,-20.0,14.9,26,-0.422,0,
C-B-1,1,1.98801,-29.4545,15.3167,1231,0.0,11.200000000000001,14.9,26,2839,0.0,-20.0,14.9,26,-0.422,0,
C-B-1,1,1.989,-29.4545,15.3167,1231,0.0,11.200000000000001,14.9,26,2839,0.0,-20.0,14.9,26,-0.422,0,
C-B-1,1,1.99001,-29.4545,15.3167,1231,0.0,11.200000000000001,14.9,26,2839,0.0,-20.0,14.9,26,-0.422,0,
C-B-1,1,1.991,-29.4545,15.3167,1231,0.0,11.200000000000001,14.9,26,2839,0.0,-20.0,14.9,26,-0.422,0,
C-B-1,1,1.992,-29.4545,15.3167,1231,0.0,11.200000000000001,14.9,26,2839,0.0,-20.0,14.9,26,-0.422,0,
C-B-1,1,1.99301,-29.4545,15.3167,1231,0.0,11.200000000000001,14.9,26,2839,0.0,-20.0,14.9,26,-0.422,0,
C-B-1,1,1.99401,-29.4545,15.3167,1231,0.0,11.200000000000001,14.9,26,2838,0.0,-20.8,14.9,26,-0.46,0,
C-B-1,1,1.99501,-29.4545,15.3167,1231,0.0,11.200000000000001,14.9,26,2839,0.0,-20.0,14.9,26,-0.422,0,
C-B-1,1,1.99601,-29.4545,15.3167,1231,0.0,11.200000000000001,14.9,26,2839,0.0,-20.0,14.9,26,-0.422,0,
C-B-1,1,1.99701,-29.4545,15.3167,1231,0.0,11.200000000000001,14.9,26,2839,0.0,-20.0,14.9,26,-0.422,0,
C-B-1,1,1.99801,-29.4545,15.3167,1231,0.0,11.200000000000001,14.9,26,2839,0.0,-20.0,14.9,26,-0.422,0,
C-B-1,1,1.999,-29.4545,15.3167,1231,0.0,11.200000000000001,14.9,26,2839,0.0,-20.0,14.9,26,-0.422,0,
C-B-1,1,2.00001,-29.4545,15.3167,1231,0.0,11.200000000000001,14.9,26,2839,0.0,-20.0,14.9,26,-0.422,0,
C-B-1,2,0.00199,30.2599,15.1936,2788,0.0,6.4,14.9,26,1286,0.0,-11.200000000000001,14.8,26,-0.268,0,
C-B-1,2,0.00291,30.2599,15.1936,2788,0.0,6.4,14.9,26,1286,0.0,-11.200000000000001,14.8,26,-0.268,0,
C-B-1,2,0.00389,30.2599,15.1936,2788,0.0,6.4,14.9,26,1286,0.0,-12.0,14.8,26,-0.268,0,
C-B-1,2,0.0049,30.2599,15.1936,2788,0.0,7.2,14.9,26,1286,0.0,-12.0,14.8,26,-0.268,0,
C-B-1,2,0.00589,30.2599,15.1936,2788,0.0,7.2,14.9,26,1286,0.0,-12.0,14.8,26,-0.268,0,
C-B-1,2,0.0069,30.2599,15.1936,2788,0.0,8.0,14.9,26,1286,0.0,-12.8,14.8,26,-0.268,0,
C-B-1,2,0.00792,30.2599,15.1936,2788,0.0,8.0,14.9,26,1286,0.0,-12.8,14.8,26,-0.268,0,
C-B-1,2,0.00889,30.2599,15.1936,2788,0.0,8.8,14.9,26,1286,0.0,-13.600000000000001,14.8,26,-0.268,0,
C-B-1,2,0.00988,30.2599,15.1936,2788,0.0,8.8,14.9,26,1286,0.0,-13.600000000000001,14.8,26,-0.268,0,
C-B-1,2,0.01089,30.2599,15.1936,2788,0.0,9.600000000000001,14.9,26,1286,0.0,-14.4,14.8,26,-0.268,0,
C-B-1,2,0.01187,30.2599,15.1936,2788,0.0,10.4,14.9,26,1286,0.0,-15.200000000000001,14.8,26,-0.268,0,
C-B-1,2,0.01283,30.2599,15.1936,2788,0.0,11.200000000000001,14.9,26,1286,0.0,-16.0,14.8,26,-0.268,0,
C-B-1,2,0.01383,30.2599,15.1936,2788,0.0,12.0,14.9,26,1286,0.0,-16.8,14.8,26,-0.268,0,
C-B-1,2,0.01482,30.2599,15.1936,2788,0.0,12.8,14.9,26,1286,0.0,-17.6,14.8,26,-0.268,0,
C-B-1,2,0.01585,30.2599,15.1936,2788,0.0,14.4,14.9,26,1286,0.0,-18.400000000000002,14.8,26,-0.268,0,
C-B-1,2,0.01684,30.2599,15.1936,2788,0.0,15.200000000000001,14.9,26,1286,0.0,-20.0,14.8,26,-0.268,0,
C-B-1,2,0.01783,30.2599,15.1936,2788,0.0,16.0,14.9,26,1287,0.0,-20.0,14.8,26,-0.23,0,
C-B-1,2,0.01883,30.2599,15.1936,2788,0.0,16.8,14.9,26,1286,0.0,-21.6,14.8,26,-0.268,0,
C-B-1,2,0.01982,30.2599,15.1936,2788,0.0,17.6,14.9,26,1286,0.0,-22.400000000000002,14.8,26,-0.268,0,
C-B-1,2,0.02082,30.2599,15.1936,2788,0.0,19.200000000000003,14.9,26,1286,0.0,-24.0,14.8,26,-0.268,0,
C-B-1,2,0.02182,30.2599,15.1936,2788,0.0,20.0,14.9,26,1286,0.0,-24.8,14.8,26,-0.268,0,
C-B-1,2,0.02282,30.2599,15.1936,2788,0.0,21.6,14.9,26,1286,0.0,-27.200000000000003,14.8,26,-0.268,0,
C-B-1,2,0.02383,30.2599,15.1936,2788,0.0,22.400000000000002,14.9,26,1286,0.0,-28.8,14.8,26,-0.268,0,
C-B-1,2,0.02483,30.2599,15.1936,2788,0.0,24.0,14.9,26,1286,0.0,-29.6,14.8,26,-0.268,0,
C-B-1,2,0.02583,30.2599,15.1936,2788,0.0,25.6,14.9,26,1286,0.0,-31.200000000000003,14.8,26,-0.268,0,
C-B-1,2,0.02681,30.2599,15.1936,2788,0.0,26.400000000000002,14.9,26,1286,0.0,-32.800000000000004,14.8,26,-0.268,0,
C-B-1,2,0.02782,30.2599,15.1936,2788,0.0,29.6,14.9,26,1286,0.0,-34.4,14.8,26,-0.268,0,
C-B-1,2,0.0288,30.2599,15.1936,2788,0.0,31.200000000000003,14.9,26,1286,0.0,-36.0,14.8,26,-0.268,0,
C-B-1,2,0.02983,30.2599,15.1936,2788,0.0,32.800000000000004,14.9,26,1286,0.0,-37.6,14.8,26,-0.268,0,
C-B-1,2,0.03081,30.2599,15.1936,2788,0.0,34.4,14.9,26,1286,0.0,-39.2,14.8,26,-0.268,0,
C-B-1,2,0.03183,30.2599,15.1936,2788,0.0,36.0,14.9,26,1286,0.0,-42.400000000000006,14.8,26,-0.268,0,
C-B-1,2,0.03281,30.2599,15.1936,2788,0.0,37.6,14.9,26,1286,0.0,-44.0,14.8,26,-0.268,0,
C-B-1,2,0.03383,30.2216,15.1995,2787,0.0,38.400000000000006,14.9,26,1286,0.0,-45.6,14.8,26,-0.307,0,
C-B-1,2,0.03483,30.2599,15.1936,2788,0.0,41.6,14.9,26,1287,0.0,-47.2,14.8,26,-0.23,0,
C-B-1,2,0.03583,30.2216,15.1995,2787,0.0,42.400000000000006,14.9,26,1287,0.0,-48.800000000000004,14.8,26,-0.268,0,
C-B-1,2,0.03683,30.2216,15.1995,2787,0.0,46.400000000000006,14.9,26,1287,0.0,-51.2,14.8,26,-0.268,0,
C-B-1,2,0.03783,30.1832,15.2055,2786,-1.01,46.300000000000004,14.9,26,1287,0.0,-52.800000000000004,14.8,26,-0.307,0,
C-B-1,2,0.03881,30.1832,15.2055,2786,-1.01,47.900000000000006,14.9,26,1288,1.01,-52.7,14.8,26,-0.268,0,
C-B-1,2,0.03983,30.1832,15.2055,2786,-1.01,50.300000000000004,14.9,26,1288,1.01,-54.300000000000004,14.8,26,-0.268,0,
C-B-1,2,0.04083,30.1832,15.2055,2786,-1.01,52.7,14.9,26,1289,1.51,-57.400000000000006,14.8,26,-0.23,0,
C-B-1,2,0.04181,30.1449,15.2114,2785,-1.51,52.6,14.9,26,1289,1.51,-59.800000000000004,14.8,26,-0.268,0,
C-B-1,2,0.04283,30.1449,15.2114,2785,-1.51,55.0,14.9,26,1289,1.51,-59.800000000000004,14.8,26,-0.268,0,
C-B-1,2,0.04381,30.1065,15.2173,2784,-2.01,55.7,14.9,26,1290,2.01,-62.900000000000006,14.8,26,-0.268,0,
C-B-1,2,0.04483,30.1065,15.2173,2784,-2.01,58.1,14.9,26,1290,2.01,-62.900000000000006,14.8,26,-0.268,0,
C-B-1,2,0.04583,30.0682,15.2232,2783,-2.52,61.300000000000004,14.9,26,1292,3.02,-64.4,14.8,26,-0.23,0,
C-B-1,2,0.04683,30.0298,15.2291,2782,-3.02,62.0,14.9,26,1292,2.52,-67.7,14.8,26,-0.268,0,
C-B-1,2,0.04781,30.0298,15.2291,2782,-3.02,65.2,14.9,26,1293,3.52,-67.5,14.8,26,-0.23,0,
C-B-1,2,0.04883,29.9915,15.235,2781,-3.52,65.9,14.9,26,1294,4.03,-69.0,14.8,26,-0.23,0,
C-B-1,2,0.04981,29.9531,15.2408,2780,-4.03,66.60000000000001,14.9,26,1295,4.53,-69.8,14.8,26,-0.23,0,
C-B-1,2,0.05083,29.9531,15.2408,2780,-4.03,69.8,14.9,26,1295,4.53,-72.2,14.8,26,-0.23,0,
C-B-1,2,0.05181,29.9148,15.2467,2779,-4.53,70.60000000000001,14.9,26,1296,5.03,-73.7,14.8,26,-0.23,0,
C-B-1,2,0.05283,29.8764,15.2526,2778,-5.03,72.10000000000001,14.9,26,1296,5.03,-76.10000000000001,14.8,26,-0.268,0,
C-B-1,2,0.05382,29.7997,15.2643,2776,-6.04,71.10000000000001,14.9,26,1297,5.54,-77.60000000000001,14.8,26,-0.307,0,
C-B-1,2,0.05483,29.7614,15.2702,2775,-6.54,75.9,14.9,26,1299,6.54,-79.9,14.8,26,-0.268,0,
C-B-1,2,0.05581,29.723,15.276,2774,-7.04,76.60000000000001,14.9,26,1299,6.54,-83.10000000000001,14.8,26,-0.307,0,
C-B-1,2,0.05683,29.723,15.276,2774,-7.55,78.10000000000001,14.9,26,1301,7.55,-82.9,14.8,26,-0.23,0,
C-B-1,2,0.05783,29.608,15.2935,2771,-8.55,78.0,14.9,26,1301,7.55,-85.60000000000001,14.8,26,-0.345,0,
C-B-1,2,0.05882,29.5696,15.2993,2770,-9.06,79.5,14.9,26,1302,8.05,-84.7,14.8,26,-0.345,0,
C-B-1,2,0.05983,29.5313,15.3051,2769,-9.56,81.0,14.9,26,1303,8.55,-83.9,14.8,26,-0.345,0,
C-B-1,2,0.06081,29.4929,15.3109,2768,-10.06,81.2,14.9,26,1304,9.06,-83.0,14.8,26,-0.345,0,
C-B-1,2,0.06183,29.4545,15.3167,2767,-10.57,80.4,14.9,26,1305,9.56,-82.10000000000001,14.8,26,-0.345,0,
C-B-1,2,0.06283,29.3778,15.3283,2765,-11.07,79.5,14.9,26,1306,10.06,-81.2,14.8,26,-0.384,0,
C-B-1,2,0.06382,29.3011,15.3398,2763,-12.58,76.9,14.9,26,1309,11.07,-79.5,14.8,26,-0.345,0,
C-B-1,2,0.06483,29.2628,15.3456,2762,-12.58,76.9,14.9,26,1310,11.57,-78.60000000000001,14.8,26,-0.345,0,
C-B-1,2,0.06582,29.2244,15.3513,2761,-13.08,76.0,14.9,26,1312,12.58,-76.9,14.8,26,-0.307,0,
C-B-1,2,0.06683,29.1477,15.3628,2759,-14.09,74.2,14.9,26,1313,13.08,-76.0,14.8,26,-0.345,0,
C-B-1,2,0.06782,29.071,15.3742,2757,-14.59,73.4,14.9,26,1314,13.08,-76.0,14.8,26,-0.384,0,
C-B-1,2,0.06883,28.9943,15.3857,2755,-15.6,71.60000000000001,14.9,26,1315,13.59,-75.10000000000001,14.8,26,-0.422,0,
C-B-1,2,0.06983,28.9176,15.3971,2753,-16.61,69.8,14.9,26,1316,13.59,-75.10000000000001,14.8,26,-0.46,0,
C-B-1,2,0.07082,28.8409,15.4085,2751,-17.11,69.0,14.9,26,1318,14.59,-73.4,14.8,26,-0.46,0,
C-B-1,2,0.07184,28.7642,15.4198,2749,-18.12,67.2,14.9,26,1319,15.1,-72.5,14.8,26,-0.499,0,
C-B-1,2,0.07282,28.6875,15.4311,2747,-18.62,66.3,14.9,26,1321,15.6,-71.60000000000001,14.8,26,-0.499,0,
C-B-1,2,0.07384,28.6875,15.4311,2747,-18.62,66.3,14.9,26,1322,15.6,-71.60000000000001,14.8,26,-0.46,0,
C-B-1,2,0.07482,28.5724,15.448,2744,-19.62,64.60000000000001,14.9,26,1325,16.61,-69.8,14.8,26,-0.46,0,
C-B-1,2,0.07584,28.5341,15.4537,2743,-20.13,63.7,14.9,26,1327,17.61,-68.10000000000001,14.8,26,-0.422,0,
C-B-1,2,0.07681,28.4574,15.4649,2741,-20.63,62.800000000000004,14.9,26,1328,17.61,-68.10000000000001,14.8,26,-0.46,0,
C-B-1,2,0.07783,28.3423,15.4817,2738,-21.64,61.1,14.9,26,1328,17.11,-69.0,14.8,26,-0.575,0,
C-B-1,2,0.07882,28.2656,15.4929,2736,-22.14,60.2,14.9,26,1331,18.12,-67.2,14.8,26,-0.537,0,
C-B-1,2,0.07984,28.1889,15.504,2734,-23.15,58.5,14.9,26,1332,18.62,-66.3,14.8,26,-0.575,0,
C-B-1,2,0.08082,28.1506,15.5096,2733,-23.15,58.5,14.9,26,1334,19.12,-65.5,14.8,26,-0.537,0,
C-B-1,2,0.08182,28.0739,15.5207,2731,-23.65,57.6,14.9,26,1336,19.62,-64.60000000000001,14.8,26,-0.537,0,
C-B-1,2,0.08282,28.0355,15.5262,2730,-23.15,58.5,14.9,26,1338,20.13,-63.7,14.8,26,-0.499,0,
C-B-1,2,0.08381,27.9588,15.5373,2728,-24.15,56.7,14.9,26,1340,20.63,-62.800000000000004,15.2,26,-0.499,0,
C-B-1,2,0.08481,27.8821,15.5483,2726,-24.66,55.800000000000004,15.3,26,1340,21.13,-62.0,15.2,26,-0.575,0,
C-B-1,2,0.08582,27.8438,15.5538,2725,-24.66,55.800000000000004,15.3,26,1342,20.63,-62.800000000000004,15.2,26,-0.537,0,
C-B-1,2,0.08682,27.767,15.5648,2723,-24.15,56.7,15.3,26,1343,21.13,-62.0,15.2,26,-0.575,0,
C-B-1,2,0.08782,27.6903,15.5757,2721,-24.66,55.800000000000004,15.3,26,1345,21.64,-61.1,15.2,26,-0.575,0,
C-B-1,2,0.08881,27.6136,15.5867,2719,-25.16,55.0,15.3,26,1347,22.14,-60.2,15.2,26,-0.575,0,
C-B-1,2,0.08984,27.5753,15.5921,2718,-25.16,55.0,15.3,26,1348,22.14,-60.2,15.2,26,-0.575,0,
C-B-1,2,0.09082,27.4986,15.603,2716,-25.66,54.1,15.3,26,1349,22.14,-60.2,15.2,26,-0.614,0,
C-B-1,2,0.09181,27.4602,15.6084,2715,-25.16,55.0,15.3,26,1350,22.14,-60.2,15.2,26,-0.614,0,
C-B-1,2,0.09282,27.4219,15.6139,2714,-24.66,55.800000000000004,15.3,26,1352,22.14,-60.2,15.2,26,-0.575,0,
C-B-1,2,0.09382,27.3452,15.6247,2712,-25.16,55.0,15.3,26,1353,22.14,-60.2,15.2,26,-0.614,0,
C-B-1,2,0.09482,27.3068,15.6301,2711,-25.16,55.0,15.3,26,1355,22.64,-59.300000000000004,15.2,26,-0.575,0,
C-B-1,2,0.09582,27.1918,15.6463,2708,-24.66,55.800000000000004,15.3,26,1357,22.14,-60.2,15.2,26,-0.614,0,
C-B-1,2,0.09682,27.1534,15.6516,2707,-24.15,56.7,15.3,26,1358,22.14,-60.2,15.2,26,-0.614,0,
C-B-1,2,0.09782,27.0767,15.6624,2705,-25.16,55.0,15.3,26,1359,22.14,-60.2,15.2,26,-0.652,0,
C-B-1,2,0.09882,27.0384,15.6677,2704,-24.66,55.800000000000004,15.3,26,1360,22.14,-60.2,15.2,26,-0.652,0,
C-B-1,2,0.09982,27.0,15.6731,2703,-24.15,56.7,15.3,26,1362,22.14,-60.2,15.2,26,-0.614,0,
C-B-1,2,0.10082,26.9616,15.6784,2702,-23.65,57.6,15.3,26,1362,21.64,-61.1,15.2,26,-0.652,0,
C-B-1,2,0.10182,26.9233,15.6838,2701,-23.15,58.5,15.3,26,1363,21.13,-62.0,15.2,26,-0.652,0,
C-B-1,2,0.10283,26.8466,15.6944,2699,-24.15,56.7,15.3,26,1365,22.14,-60.2,15.2,26,-0.652,0,
C-B-1,2,0.10382,26.8082,15.6997,2698,-23.15,58.5,15.3,26,1365,21.64,-61.1,15.2,26,-0.69,0,
C-B-1,2,0.10482,26.7699,15.705,2697,-23.15,58.5,15.3,26,1368,20.63,-62.800000000000004,15.2,26,-0.614,0,
C-B-1,2,0.10582,26.7315,15.7103,2696,-22.64,59.300000000000004,15.3,26,1369,20.63,-62.800000000000004,15.2,26,-0.614,0,
C-B-1,2,0.10682,26.6932,15.7156,2695,-22.14,60.2,15.3,26,1370,21.13,-62.0,15.2,26,-0.614,0,
C-B-1,2,0.10782,26.6165,15.7262,2693,-22.64,59.300000000000004,15.3,26,1372,20.63,-62.800000000000004,15.2,26,-0.614,0,
C-B-1,2,0.10881,26.5781,15.7315,2692,-22.14,60.2,15.3,26,1373,20.63,-62.800000000000004,15.2,26,-0.614,0,
C-B-1,2,0.10983,26.5014,15.742,2690,-21.64,61.1,15.3,26,1374,20.13,-63.7,15.2,26,-0.652,0,
C-B-1,2,0.11082,26.4247,15.7525,2688,-21.64,61.1,15.3,26,1375,20.13,-63.7,15.2,26,-0.69,0,
C-B-1,2,0.11183,26.3097,15.7682,2685,-22.14,60.2,15.3,26,1376,20.13,-63.7,15.2,26,-0.767,0,
C-B-1,2,0.11282,26.2713,15.7734,2684,-21.64,61.1,15.3,26,1377,19.62,-64.60000000000001,15.2,26,-0.767,0,
C-B-1,2,0.11382,26.233,15.7786,2683,-21.13,62.0,15.3,26,1380,19.62,-64.60000000000001,15.2,26,-0.69,0,
C-B-1,2,0.11483,26.1946,15.7838,2682,-21.13,62.0,15.3,26,1381,19.62,-64.60000000000001,15.2,26,-0.69,0,
C-B-1,2,0.11582,26.1562,15.789,2681,-20.63,62.800000000000004,15.3,26,1383,20.13,-63.7,15.2,26,-0.652,0,
C-B-1,2,0.11682,26.0412,15.8045,2678,-22.14,60.2,15.3,26,1384,19.62,-64.60000000000001,15.2,26,-0.729,0,
C-B-1,2,0.11782,26.0028,15.8097,2677,-21.64,61.1,15.3,26,1385,19.12,-65.5,15.2,26,-0.729,0,
C-B-1,2,0.11883,25.9261,15.82,2675,-21.13,62.0,15.3,26,1386,19.12,-65.5,15.2,26,-0.767,0,
C-B-1,2,0.11982,25.8494,15.8303,2673,-21.13,62.0,15.3,26,1388,19.62,-64.60000000000001,15.2,26,-0.767,0,
C-B-1,2,0.12082,25.8111,15.8354,2672,-21.13,62.0,15.3,26,1390,20.13,-63.7,15.2,26,-0.729,0,
C-B-1,2,0.12182,25.7344,15.8456,2670,-21.64,61.1,15.3,26,1392,20.13,-63.7,15.2,26,-0.729,0,
C-B-1,2,0.12282,25.6577,15.8559,2668,-21.64,61.1,15.3,26,1394,19.62,-64.60000000000001,15.2,26,-0.729,0,
C-B-1,2,0.12382,25.6577,15.8559,2668,-21.13,62.0,15.3,26,1397,20.63,-62.800000000000004,15.2,26,-0.614,0,
C-B-1,2,0.12482,25.5426,15.8711,2665,-21.64,61.1,15.3,26,1398,20.63,-62.800000000000004,15.2,26,-0.69,0,
C-B-1,2,0.12583,25.5043,15.8762,2664,-21.64,61.1,15.3,26,1400,21.13,-62.0,15.2,26,-0.652,0,
C-B-1,2,0.12683,25.4276,15.8863,2662,-22.14,60.2,15.3,26,1402,21.64,-61.1,15.2,26,-0.652,0,
C-B-1,2,0.12783,25.3509,15.8964,2660,-21.64,61.1,15.3,26,1403,21.64,-61.1,15.2,26,-0.69,0,
C-B-1,2,0.12883,25.2741,15.9065,2658,-22.14,60.2,15.3,26,1405,21.64,-61.1,15.2,26,-0.69,0,
C-B-1,2,0.12983,25.1974,15.9165,2656,-22.64,59.300000000000004,15.3,26,1406,22.14,-60.2,15.2,26,-0.729,0,
C-B-1,2,0.13083,25.1207,15.9265,2654,-23.15,58.5,15.3,26,1409,23.15,-58.5,15.2,26,-0.69,0,
C-B-1,2,0.13183,25.044,15.9365,2652,-23.15,58.5,15.3,26,1410,22.64,-59.300000000000004,15.2,26,-0.729,0,
C-B-1,2,0.13283,25.0057,15.9415,2651,-23.15,58.5,15.3,26,1412,23.65,-57.6,15.2,26,-0.69,0,
C-B-1,2,0.13383,24.929,15.9514,2649,-23.65,57.6,15.3,26,1413,23.15,-58.5,15.2,26,-0.729,0,
C-B-1,2,0.13481,24.8523,15.9614,2647,-24.15,56.7,15.3,26,1415,23.65,-57.6,15.2,26,-0.729,0,
C-B-1,2,0.13583,24.7756,15.9712,2645,-24.66,55.800000000000004,15.3,26,1417,24.15,-56.7,15.2,26,-0.729,0,
C-B-1,2,0.13683,24.6605,15.986,2642,-24.66,55.800000000000004,15.3,26,1420,24.15,-56.7,15.2,26,-0.729,0,
C-B-1,2,0.13783,24.5838,15.9958,2640,-24.66,55.800000000000004,15.3,26,1422,24.66,-55.800000000000004,15.2,26,-0.729,0,
C-B-1,2,0.13883,24.5071,16.0056,2638,-25.66,54.1,15.3,26,1424,25.16,-55.0,15.2,26,-0.729,0,
C-B-1,2,0.13983,24.4304,16.0154,2636,-25.66,54.1,15.3,26,1426,25.66,-54.1,15.2,26,-0.729,0,
C-B-1,2,0.14082,24.3537,16.0251,2634,-25.66,54.1,15.3,26,1428,26.17,-53.2,15.2,26,-0.729,0,
C-B-1,2,0.14183,24.3153,16.0299,2633,-25.66,54.1,15.3,26,1429,26.17,-53.2,15.2,26,-0.729,0,
C-B-1,2,0.14283,24.2386,16.0396,2631,-26.17,53.2,15.3,26,1432,26.67,-52.300000000000004,15.2,26,-0.69,0,
C-B-1,2,0.14383,24.1236,16.0541,2628,-27.17,51.5,15.3,26,1434,27.17,-51.5,15.2,26,-0.729,0,
C-B-1,2,0.14482,24.0469,16.0637,2626,-27.68,50.6,15.3,26,1436,27.68,-50.6,15.2,26,-0.729,0,
C-B-1,2,0.14583,23.9702,16.0733,2624,-27.17,51.5,15.3,26,1440,28.18,-49.7,15.2,26,-0.652,0,
C-B-1,2,0.14683,23.8935,16.0828,2622,-27.17,51.5,15.3,26,1442,28.68,-48.800000000000004,15.2,26,-0.652,0,
C-B-1,2,0.14783,23.8168,16.0923,2620,-28.18,49.7,15.3,26,1444,29.19,-48.0,15.2,26,-0.652,0,
C-B-1,2,0.14882,23.7401,16.1018,2618,-28.18,49.7,15.3,26,1446,29.19,-48.0,15.2,26,-0.652,0,
C-B-1,2,0.14983,23.6634,16.1113,2616,-28.18,49.7,15.3,26,1449,29.69,-47.1,15.2,26,-0.614,0,
C-B-1,2,0.15083,23.5099,16.1302,2612,-28.68,48.800000000000004,15.3,26,1450,29.19,-48.0,15.2,26,-0.729,0,
C-B-1,2,0.15183,23.4332,16.1395,2610,-28.68,48.800000000000004,15.3,26,1453,30.19,-46.2,15.2,26,-0.69,0,
C-B-1,2,0.15284,23.3565,16.1489,2608,-29.69,47.1,15.3,26,1456,31.2,-44.400000000000006,15.2,26,-0.652,0,
C-B-1,2,0.15383,23.2415,16.1629,2605,-29.69,47.1,15.3,26,1458,30.7,-45.300000000000004,15.2,26,-0.69,0,
C-B-1,2,0.15483,23.1648,16.1721,2603,-30.19,46.2,15.3,26,1462,31.2,-44.400000000000006,15.2,26,-0.614,0,
C-B-1,2,0.15583,23.1264,16.1768,2602,-29.69,47.1,15.3,26,1464,31.2,-44.400000000000006,15.2,26,-0.575,0,
C-B-1,2,0.15683,23.0497,16.186,2600,-30.19,46.2,15.3,26,1466,31.7,-43.6,15.2,26,-0.575,0,
C-B-1,2,0.15783,22.973,16.1952,2598,-30.7,45.300000000000004,15.3,26,1468,31.7,-43.6,15.2,26,-0.575,0,
C-B-1,2,0.15883,22.858,16.209,2595,-31.2,44.400000000000006,15.3,26,1471,32.71,-41.800000000000004,15.2,26,-0.575,0,
C-B-1,2,0.15983,22.7045,16.2272,2591,-31.2,44.400000000000006,15.3,26,1472,31.7,-43.6,15.2,26,-0.69,0,
C-B-1,2,0.16084,22.6278,16.2363,2589,-31.2,44.400000000000006,15.3,26,1475,32.71,-41.800000000000004,15.2,26,-0.652,0,
C-B-1,2,0.16183,22.5511,16.2453,2587,-31.7,43.6,15.3,26,1477,32.71,-41.800000000000004,15.2,26,-0.652,0,
C-B-1,2,0.16284,22.4361,16.2588,2584,-32.2,42.7,15.3,26,1480,33.71,-40.1,15.2,26,-0.652,0,
C-B-1,2,0.16383,22.3977,16.2633,2583,-31.7,43.6,15.3,26,1483,33.21,-40.900000000000006,15.2,26,-0.575,0,
C-B-1,2,0.16483,22.321,16.2723,2581,-31.7,43.6,15.3,26,1486,33.71,-40.1,15.2,26,-0.537,0,
C-B-1,2,0.16581,22.2443,16.2812,2579,-31.7,43.6,15.3,26,1488,34.22,-39.2,15.2,26,-0.537,0,
C-B-1,2,0.16683,22.1293,16.2945,2576,-32.71,41.800000000000004,15.3,26,1490,34.22,-39.2,15.2,26,-0.575,0,
C-B-1,2,0.16784,22.0526,16.3034,2574,-32.71,41.800000000000004,15.3,26,1493,34.72,-38.300000000000004,15.2,26,-0.537,0,
C-B-1,2,0.16883,21.8991,16.321,2570,-32.71,41.800000000000004,15.3,26,1495,34.72,-38.300000000000004,15.2,26,-0.614,0,
C-B-1,2,0.16984,21.8224,16.3298,2568,-32.71,41.800000000000004,15.3,26,1498,35.22,-37.4,15.2,26,-0.575,0,
C-B-1,2,0.17083,21.7074,16.3429,2565,-33.71,40.1,15.3,26,1500,35.73,-36.6,15.2,26,-0.614,0,
C-B-1,2,0.17183,21.6307,16.3516,2563,-33.71,40.1,15.3,26,1502,35.22,-37.4,15.2,26,-0.614,0,
C-B-1,2,0.17283,21.554,16.3603,2561,-33.21,40.900000000000006,15.3,26,1505,35.22,-37.4,15.2,26,-0.575,0,
C-B-1,2,0.17384,21.4773,16.3689,2559,-33.21,40.900000000000006,15.3,26,1506,35.73,-36.6,15.2,26,-0.614,0,
C-B-1,2,0.17483,21.3622,16.3818,2556,-33.71,40.1,15.3,26,1509,36.23,-35.7,15.2,26,-0.614,0,
C-B-1,2,0.17583,21.2855,16.3904,2554,-34.22,39.2,15.3,26,1512,36.73,-34.800000000000004,15.2,26,-0.575,0,
C-B-1,2,0.17683,21.1705,16.4031,2551,-34.72,38.300000000000004,15.3,26,1515,36.73,-34.800000000000004,15.2,26,-0.575,0,
C-B-1,2,0.17784,21.017,16.4201,2547,-34.72,38.300000000000004,15.3,26,1518,36.23,-35.7,15.2,26,-0.614,0,
C-B-1,2,0.17884,20.9403,16.4285,2545,-34.22,39.2,15.3,26,1521,36.23,-35.7,15.2,26,-0.575,0,
C-B-1,2,0.17983,20.8253,16.4411,2542,-35.22,37.4,15.3,26,1523,36.73,-34.800000000000004,15.2,26,-0.614,0,
C-B-1,2,0.18083,20.7486,16.4495,2540,-35.22,37.4,15.3,26,1526,36.73,-34.800000000000004,15.2,26,-0.575,0,
C-B-1,2,0.18184,20.6719,16.4578,2538,-35.22,37.4,15.3,26,1528,36.23,-35.7,15.2,26,-0.575,0,
C-B-1,2,0.18284,20.5952,16.4661,2536,-34.72,38.300000000000004,15.3,26,1530,36.23,-35.7,15.2,26,-0.575,0,
C-B-1,2,0.18383,20.4801,16.4785,2533,-35.22,37.4,15.3,26,1532,36.23,-35.7,15.2,26,-0.614,0,
C-B-1,2,0.18484,20.4034,16.4867,2531,-35.73,36.6,15.3,26,1536,36.73,-34.800000000000004,15.2,26,-0.537,0,
C-B-1,2,0.18584,20.2884,16.499,2528,-36.23,35.7,15.3,26,1539,37.24,-33.9,15.2,26,-0.537,0,
C-B-1,2,0.18684,20.1349,16.5153,2524,-35.73,36.6,15.3,26,1543,37.24,-33.9,15.2,26,-0.537,0,
C-B-1,2,0.18784,20.0199,16.5274,2521,-36.23,35.7,15.3,26,1546,37.24,-33.9,15.2,26,-0.537,0,
C-B-1,2,0.18883,19.9432,16.5354,2519,-36.23,35.7,15.3,26,1548,37.74,-33.1,15.2,26,-0.537,0,
C-B-1,2,0.18984,19.8281,16.5475,2516,-36.73,34.800000000000004,15.3,26,1551,37.74,-33.1,15.2,26,-0.537,0,
C-B-1,2,0.19084,19.7131,16.5594,2513,-37.24,33.9,15.3,26,1554,38.24,-32.2,15.2,26,-0.537,0,
C-B-1,2,0.19184,19.6747,16.5634,2512,-36.23,35.7,15.3,26,1555,37.24,-33.9,15.2,26,-0.537,0,
C-B-1,2,0.19284,19.5597,16.5752,2509,-37.24,33.9,15.3,26,1559,38.24,-32.2,15.2,26,-0.499,0,
C-B-1,2,0.19384,19.4446,16.587,2506,-37.74,33.1,15.3,26,1562,39.25,-30.400000000000002,15.2,26,-0.499,0,
C-B-1,2,0.19484,19.3679,16.5949,2504,-37.74,33.1,15.3,26,1564,38.75,-31.3,15.2,26,-0.499,0,
C-B-1,2,0.19584,19.2528,16.6065,2501,-37.74,33.1,15.3,26,1568,38.75,-31.3,15.2,26,-0.46,0,
C-B-1,2,0.19683,19.1761,16.6143,2499,-37.74,33.1,15.3,26,1571,38.75,-31.3,15.2,26,-0.422,0,
C-B-1,2,0.19784,19.0994,16.622,2497,-37.74,33.1,15.3,26,1574,39.25,-30.400000000000002,15.2,26,-0.384,0,
C-B-1,2,0.19883,18.946,16.6374,2493,-38.24,32.2,15.3,26,1576,38.75,-31.3,15.2,26,-0.46,0,
C-B-1,2,0.19984,18.831,16.6488,2490,-38.75,31.3,15.3,26,1579,39.25,-30.400000000000002,15.2,26,-0.46,0,
C-B-1,2,0.20084,18.7159,16.6602,2487,-37.74,33.1,14.2,26,1581,39.25,-30.400000000000002,13.9,26,-0.499,0,
C-B-1,2,0.20184,18.6009,16.6715,2484,-38.24,32.2,14.2,26,1583,38.75,-31.3,13.9,26,-0.537,0,
C-B-1,2,0.20283,18.4858,16.6827,2481,-38.75,31.3,14.2,26,1586,39.75,-29.6,13.9,26,-0.537,0,
C-B-1,2,0.20384,18.4091,16.6901,2479,-38.24,32.2,14.2,26,1589,39.75,-29.6,13.9,26,-0.499,0,
C-B-1,2,0.20483,18.294,16.7013,2476,-38.75,31.3,14.2,26,1593,38.75,-31.3,13.9,26,-0.46,0,
C-B-1,2,0.20584,18.2557,16.705,2475,-37.74,33.1,14.2,26,1596,39.25,-30.400000000000002,13.9,26,-0.384,0,
C-B-1,2,0.20684,18.1406,16.716,2472,-38.24,32.2,14.2,26,1598,39.75,-29.6,13.9,26,-0.422,0,
C-B-1,2,0.20784,18.0639,16.7233,2470,-38.24,32.2,14.2,26,1602,40.26,-28.700000000000003,13.9,26,-0.345,0,
C-B-1,2,0.20884,17.9489,16.7342,2467,-38.75,31.3,14.2,26,1604,40.26,-28.700000000000003,13.9,26,-0.384,0,
C-B-1,2,0.20984,17.7955,16.7487,2463,-38.24,32.2,14.2,26,1605,39.25,-30.400000000000002,13.9,26,-0.499,0,
C-B-1,2,0.21084,17.7188,16.7559,2461,-38.24,32.2,14.2,26,1608,39.75,-29.6,13.9,26,-0.46,0,
C-B-1,2,0.21184,17.6037,16.7666,2458,-38.75,31.3,14.2,26,1611,40.26,-28.700000000000003,13.9,26,-0.46,0,
C-B-1,2,0.21284,17.4886,16.7772,2455,-38.75,31.3,14.2,26,1613,40.26,-28.700000000000003,13.9,26,-0.499,0,
C-B-1,2,0.21384,17.4119,16.7843,2453,-38.75,31.3,14.2,26,1618,39.75,-29.6,13.9,26,-0.384,0,
C-B-1,2,0.21484,17.3352,16.7913,2451,-38.24,32.2,14.2,26,1620,39.25,-30.400000000000002,13.9,26,-0.384,0,
C-B-1,2,0.21585,17.2202,16.8018,2448,-38.75,31.3,14.2,26,1624,40.76,-27.8,13.9,26,-0.345,0,
C-B-1,2,0.21684,17.1435,16.8088,2446,-38.75,31.3,14.2,26,1626,40.26,-28.700000000000003,13.9,26,-0.345,0,
C-B-1,2,0.21784,17.0284,16.8191,2443,-38.75,31.3,14.2,26,1628,40.26,-28.700000000000003,13.9,26,-0.384,0,
C-B-1,2,0.21884,16.875,16.8329,2439,-38.24,32.2,14.2,26,1629,39.25,-30.400000000000002,13.9,26,-0.499,0,
C-B-1,2,0.21984,16.7599,16.8431,2436,-38.24,32.2,14.2,26,1632,39.25,-30.400000000000002,13.9,26,-0.499,0,
C-B-1,2,0.22084,16.6449,16.8533,2433,-39.25,30.400000000000002,14.2,26,1635,40.26,-28.700000000000003,13.9,26,-0.499,0,
C-B-1,2,0.22184,16.5298,16.8633,2430,-38.75,31.3,14.2,26,1637,39.25,-30.400000000000002,13.9,26,-0.537,0,
C-B-1,2,0.22284,16.4148,16.8734,2427,-38.75,31.3,14.2,26,1640,39.25,-30.400000000000002,13.9,26,-0.537,0,
C-B-1,2,0.22384,16.3381,16.88,2425,-38.75,31.3,14.2,26,1642,39.25,-30.400000000000002,13.9,26,-0.537,0,
C-B-1,2,0.22485,16.2614,16.8866,2423,-38.24,32.2,14.2,26,1645,39.25,-30.400000000000002,13.9,26,-0.499,0,
C-B-1,2,0.22585,16.1463,16.8965,2420,-38.75,31.3,14.2,26,1647,39.75,-29.6,13.9,26,-0.537,0,
C-B-1,2,0.22685,16.0696,16.903,2418,-38.75,31.3,14.2,26,1650,39.75,-29.6,13.9,26,-0.499,0,
C-B-1,2,0.22784,15.8778,16.9192,2413,-38.24,32.2,14.2,26,1654,39.25,-30.400000000000002,13.9,26,-0.537,0,
C-B-1,2,0.22885,15.8011,16.9256,2411,-38.24,32.2,14.2,26,1657,39.25,-30.400000000000002,13.9,26,-0.499,0,
C-B-1,2,0.22985,15.6861,16.9352,2408,-39.25,30.400000000000002,14.2,26,1660,39.75,-29.6,13.9,26,-0.499,0,
C-B-1,2,0.23085,15.571,16.9447,2405,-39.25,30.400000000000002,14.2,26,1663,40.26,-28.700000000000003,13.9,26,-0.499,0,
C-B-1,2,0.23184,15.456,16.9542,2402,-39.25,30.400000000000002,14.2,26,1665,39.75,-29.6,13.9,26,-0.537,0,
C-B-1,2,0.23284,15.4176,16.9573,2401,-38.75,31.3,14.2,26,1667,39.25,-30.400000000000002,13.9,26,-0.499,0,
C-B-1,2,0.23385,15.3026,16.9667,2398,-38.75,31.3,14.2,26,1669,39.25,-30.400000000000002,13.9,26,-0.537,0,
C-B-1,2,0.23484,15.1875,16.9759,2395,-39.75,29.6,14.2,26,1672,39.75,-29.6,13.9,26,-0.537,0,
C-B-1,2,0.23585,15.1108,16.9821,2393,-39.25,30.400000000000002,14.2,26,1675,39.75,-29.6,13.9,26,-0.499,0,
C-B-1,2,0.23685,14.9957,16.9913,2390,-39.75,29.6,14.2,26,1679,38.75,-31.3,13.9,26,-0.46,0,
C-B-1,2,0.23785,14.9574,16.9943,2389,-38.75,31.3,14.2,26,1682,39.25,-30.400000000000002,13.9,26,-0.384,0,
C-B-1,2,0.23885,14.8423,17.0034,2386,-38.75,31.3,14.2,26,1684,39.75,-29.6,13.9,26,-0.422,0,
C-B-1,2,0.23985,14.7273,17.0124,2383,-39.75,29.6,14.2,26,1687,39.75,-29.6,13.9,26,-0.422,0,
C-B-1,2,0.24085,14.6506,17.0184,2381,-39.75,29.6,14.2,26,1690,39.75,-29.6,13.9,26,-0.384,0,
C-B-1,2,0.24185,14.4588,17.0332,2376,-39.25,30.400000000000002,14.2,26,1691,39.25,-30.400000000000002,13.9,26,-0.537,0,
C-B-1,2,0.24284,14.3821,17.039,2374,-39.25,30.400000000000002,14.2,26,1694,38.75,-31.3,13.9,26,-0.499,0,
C-B-1,2,0.24385,14.267,17.0478,2371,-39.75,29.6,14.2,26,1696,39.25,-30.400000000000002,13.9,26,-0.537,0,
C-B-1,2,0.24485,14.152,17.0565,2368,-39.75,29.6,14.2,26,1699,39.75,-29.6,13.9,26,-0.537,0,
C-B-1,2,0.24585,14.0753,17.0622,2366,-39.75,29.6,14.2,26,1703,38.75,-31.3,13.9,26,-0.46,0,
C-B-1,2,0.24685,14.0369,17.0651,2365,-38.75,31.3,14.2,26,1706,39.25,-30.400000000000002,13.9,26,-0.384,0,
C-B-1,2,0.24785,13.9219,17.0736,2362,-38.75,31.3,14.2,26,1708,39.75,-29.6,13.9,26,-0.422,0,
C-B-1,2,0.24885,13.8068,17.0821,2359,-39.75,29.6,14.2,26,1711,39.75,-29.6,13.9,26,-0.422,0,
C-B-1,2,0.24985,13.6918,17.0905,2356,-39.75,29.6,14.2,26,1714,39.75,-29.6,13.9,26,-0.422,0,
C-B-1,2,0.25084,13.5767,17.0988,2353,-38.75,31.3,14.2,26,1715,39.25,-30.400000000000002,13.9,26,-0.499,0,
C-B-1,2,0.25185,13.5,17.1043,2351,-38.24,32.2,14.2,26,1718,39.25,-30.400000000000002,13.9,26,-0.46,0,
C-B-1,2,0.25285,13.3466,17.1152,2347,-39.25,30.400000000000002,14.2,26,1720,39.25,-30.400000000000002,13.9,26,-0.537,0,
C-B-1,2,0.25385,13.2699,17.1206,2345,-39.25,30.400000000000002,14.2,26,1723,39.25,-30.400000000000002,13.9,26,-0.499,0,
C-B-1,2,0.25485,13.1548,17.1287,2342,-39.25,30.400000000000002,14.2,26,1728,38.75,-31.3,13.9,26,-0.422,0,
C-B-1,2,0.25585,13.1165,17.1314,2341,-38.75,31.3,14.2,26,1730,38.24,-32.2,13.9,26,-0.384,0,
C-B-1,2,0.25685,13.0014,17.1394,2338,-38.24,32.2,14.2,26,1733,39.25,-30.400000000000002,13.9,26,-0.384,0,
C-B-1,2,0.25785,12.9247,17.1447,2336,-38.75,31.3,14.2,26,1735,38.75,-31.3,13.9,26,-0.384,0,
C-B-1,2,0.25885,12.8097,17.1525,2333,-39.25,30.400000000000002,14.2,26,1738,38.75,-31.3,13.9,26,-0.384,0,
C-B-1,2,0.25985,12.6179,17.1655,2328,-38.75,31.3,14.2,26,1739,37.74,-33.1,13.9,26,-0.537,0,
C-B-1,2,0.26086,12.5412,17.1706,2326,-38.24,32.2,14.2,26,1742,38.24,-32.2,13.9,26,-0.499,0,
C-B-1,2,0.26185,12.4261,17.1782,2323,-39.25,30.400000000000002,14.2,26,1745,38.75,-31.3,13.9,26,-0.499,0,
C-B-1,2,0.26285,12.3494,17.1833,2321,-38.75,31.3,14.2,26,1747,38.75,-31.3,13.9,26,-0.499,0,
C-B-1,2,0.26385,12.2727,17.1883,2319,-38.24,32.2,14.2,26,1750,38.75,-31.3,13.9,26,-0.46,0,
C-B-1,2,0.26485,12.1577,17.1958,2316,-38.75,31.3,14.2,26,1751,37.74,-33.1,13.9,26,-0.537,0,
C-B-1,2,0.26585,12.081,17.2007,2314,-38.24,32.2,14.2,26,1754,37.74,-33.1,13.9,26,-0.499,0,
C-B-1,2,0.26685,12.0043,17.2056,2312,-38.75,31.3,14.2,26,1756,38.24,-32.2,13.9,26,-0.499,0,
C-B-1,2,0.26785,11.8892,17.213,2309,-38.75,31.3,14.2,26,1759,38.24,-32.2,13.9,26,-0.499,0,
C-B-1,2,0.26885,11.7358,17.2226,2305,-38.24,32.2,14.2,26,1763,37.74,-33.1,13.9,26,-0.499,0,
C-B-1,2,0.26985,11.6207,17.2298,2302,-38.24,32.2,14.2,26,1766,37.74,-33.1,13.9,26,-0.499,0,
C-B-1,2,0.27086,11.5057,17.2368,2299,-38.75,31.3,14.2,26,1768,38.24,-32.2,13.9,26,-0.537,0,
C-B-1,2,0.27185,11.429,17.2415,2297,-38.75,31.3,14.2,26,1771,38.24,-32.2,13.9,26,-0.499,0,
C-B-1,2,0.27286,11.3523,17.2462,2295,-38.24,32.2,14.2,26,1774,38.75,-31.3,13.9,26,-0.46,0,
C-B-1,2,0.27385,11.2756,17.2508,2293,-37.74,33.1,14.2,26,1775,37.74,-33.1,13.9,26,-0.499,0,
C-B-1,2,0.27485,11.1605,17.2577,2290,-38.24,32.2,14.2,26,1778,37.74,-33.1,13.9,26,-0.499,0,
C-B-1,2,0.27585,11.0838,17.2622,2288,-38.75,31.3,14.2,26,1780,38.24,-32.2,13.9,26,-0.499,0,
C-B-1,2,0.27685,10.9688,17.269,2285,-38.75,31.3,14.2,26,1783,38.24,-32.2,13.9,26,-0.499,0,
C-B-1,2,0.27785,10.8153,17.2779,2281,-37.74,33.1,14.2,26,1787,37.74,-33.1,13.9,26,-0.499,0,
C-B-1,2,0.27885,10.7003,17.2844,2278,-38.24,32.2,14.2,26,1789,37.24,-33.9,13.9,26,-0.537,0,
C-B-1,2,0.27986,10.6236,17.2888,2276,-38.75,31.3,14.2,26,1792,37.74,-33.1,13.9,26,-0.499,0,
C-B-1,2,0.28085,10.5469,17.2931,2274,-38.75,31.3,14.2,26,1795,37.74,-33.1,13.9,26,-0.46,0,
C-B-1,2,0.28186,10.4318,17.2996,2271,-38.24,32.2,14.2,26,1797,37.74,-33.1,13.9,26,-0.499,0,
C-B-1,2,0.28285,10.3935,17.3017,2270,-37.74,33.1,14.2,26,1799,37.24,-33.9,13.9,26,-0.46,0,
C-B-1,2,0.28385,10.2784,17.308,2267,-37.74,33.1,14.2,26,1802,37.24,-33.9,13.9,26,-0.46,0,
C-B-1,2,0.28486,10.2017,17.3122,2265,-38.24,32.2,14.2,26,1804,37.74,-33.1,13.9,26,-0.46,0,
C-B-1,2,0.28586,10.0866,17.3184,2262,-38.24,32.2,14.2,26,1806,37.74,-33.1,13.9,26,-0.499,0,
C-B-1,2,0.28685,9.9716,17.3246,2259,-38.75,31.3,14.2,26,1810,37.24,-33.9,13.9,26,-0.46,0,
C-B-1,2,0.28786,9.9716,17.3246,2259,-37.24,33.9,14.2,26,1812,36.73,-34.800000000000004,13.9,26,-0.384,0,
C-B-1,2,0.28886,9.8565,17.3307,2256,-37.24,33.9,14.2,26,1815,37.74,-33.1,13.9,26,-0.384,0,
C-B-1,2,0.28986,9.7415,17.3367,2253,-37.74,33.1,14.2,26,1817,37.24,-33.9,13.9,26,-0.422,0,
C-B-1,2,0.29085,9.6648,17.3406,2251,-37.74,33.1,14.2,26,1820,37.24,-33.9,13.9,26,-0.384,0,
C-B-1,2,0.29185,9.5497,17.3465,2248,-36.73,34.800000000000004,14.2,26,1821,36.73,-34.800000000000004,13.9,26,-0.46,0,
C-B-1,2,0.29286,9.4347,17.3524,2245,-37.24,33.9,14.2,26,1824,36.73,-34.800000000000004,13.9,26,-0.46,0,
C-B-1,2,0.29386,9.3196,17.3581,2242,-37.24,33.9,14.2,26,1826,37.24,-33.9,13.9,26,-0.499,0,
C-B-1,2,0.29486,9.2429,17.3619,2240,-37.24,33.9,14.2,26,1829,37.24,-33.9,13.9,26,-0.46,0,
C-B-1,2,0.29586,9.0895,17.3694,2236,-37.74,33.1,14.2,26,1833,36.73,-34.800000000000004,13.9,26,-0.46,0,
C-B-1,2,0.29686,9.0128,17.3731,2234,-37.24,33.9,14.2,26,1835,36.73,-34.800000000000004,13.9,26,-0.46,0,
C-B-1,2,0.29785,8.9361,17.3768,2232,-36.73,34.800000000000004,14.2,26,1838,37.24,-33.9,13.9,26,-0.422,0,
C-B-1,2,0.29886,8.821,17.3823,2229,-37.74,33.1,14.2,26,1840,36.73,-34.800000000000004,13.9,26,-0.46,0,
C-B-1,2,0.29985,8.7443,17.3859,2227,-37.24,33.9,14.2,26,1843,37.24,-33.9,13.9,26,-0.422,0,
C-B-1,2,0.30086,8.5909,17.3929,2223,-36.73,34.800000000000004,14.2,26,1844,36.23,-35.7,13.9,26,-0.537,0,
C-B-1,2,0.30186,8.5142,17.3965,2221,-36.73,34.800000000000004,14.2,26,1846,35.73,-36.6,13.9,26,-0.537,0,
C-B-1,2,0.30286,8.3991,17.4016,2218,-37.24,33.9,14.2,26,1849,36.73,-34.800000000000004,13.9,26,-0.537,0,
C-B-1,2,0.30386,8.2841,17.4068,2215,-37.24,33.9,14.2,26,1851,36.23,-35.7,13.9,26,-0.575,0,
C-B-1,2,0.30486,8.2074,17.4101,2213,-37.24,33.9,14.2,26,1855,35.73,-36.6,13.9,26,-0.499,0,
C-B-1,2,0.30586,8.169,17.4118,2212,-36.23,35.7,14.2,26,1858,35.73,-36.6,13.9,26,-0.422,0,
C-B-1,2,0.30686,8.054,17.4168,2209,-36.73,34.800000000000004,14.2,26,1861,36.73,-34.800000000000004,13.9,26,-0.422,0,
C-B-1,2,0.30786,7.9389,17.4217,2206,-37.24,33.9,14.2,26,1863,36.73,-34.800000000000004,13.9,26,-0.46,0,
C-B-1,2,0.30885,7.8622,17.425,2204,-36.73,34.800000000000004,14.2,26,1866,37.24,-33.9,13.9,26,-0.422,0,
C-B-1,2,0.30986,7.7088,17.4313,2200,-36.73,34.800000000000004,14.2,26,1867,36.23,-35.7,13.9,26,-0.537,0,
C-B-1,2,0.31086,7.6321,17.4345,2198,-36.23,35.7,14.2,26,1869,36.23,-35.7,13.9,26,-0.537,0,
C-B-1,2,0.31186,7.517,17.4391,2195,-37.24,33.9,14.2,26,1872,36.73,-34.800000000000004,13.9,26,-0.537,0,
C-B-1,2,0.31286,7.4403,17.4422,2193,-36.73,34.800000000000004,14.2,26,1874,36.23,-35.7,13.9,26,-0.537,0,
C-B-1,2,0.31386,7.3253,17.4467,2190,-37.24,33.9,14.2,26,1877,36.73,-34.800000000000004,13.9,26,-0.537,0,
C-B-1,2,0.31486,7.2869,17.4482,2189,-36.23,35.7,14.2,26,1878,36.23,-35.7,13.9,26,-0.537,0,
C-B-1,2,0.31585,7.1719,17.4527,2186,-36.23,35.7,14.2,26,1881,36.23,-35.7,13.9,26,-0.537,0,
C-B-1,2,0.31686,7.0952,17.4556,2184,-37.24,33.9,14.2,26,1883,36.73,-34.800000000000004,14.2,26,-0.537,0,
C-B-1,2,0.31786,6.9801,17.4599,2181,-37.24,33.9,14.4,26,1886,37.24,-33.9,14.2,26,-0.537,0,
C-B-1,2,0.31886,6.8267,17.4656,2177,-36.73,34.800000000000004,14.4,26,1890,36.73,-34.800000000000004,14.2,26,-0.537,0,
C-B-1,2,0.31986,6.75,17.4684,2175,-36.23,35.7,14.4,26,1892,36.23,-35.7,14.2,26,-0.537,0,
C-B-1,2,0.32086,6.6349,17.4725,2172,-37.74,33.1,14.4,26,1895,37.24,-33.9,14.2,26,-0.537,0,
C-B-1,2,0.32185,6.5582,17.4752,2170,-37.24,33.9,14.4,26,1897,36.73,-34.800000000000004,14.2,26,-0.537,0,
C-B-1,2,0.32286,6.4432,17.4792,2167,-37.24,33.9,14.4,26,1900,37.24,-33.9,14.2,26,-0.537,0,
C-B-1,2,0.32384,6.4048,17.4805,2166,-36.73,34.800000000000004,14.4,26,1901,36.23,-35.7,14.2,26,-0.537,0,
C-B-1,2,0.32486,6.2898,17.4844,2163,-36.73,34.800000000000004,14.4,26,1903,36.23,-35.7,14.2,26,-0.575,0,
C-B-1,2,0.32585,6.2131,17.487,2161,-36.73,34.800000000000004,14.4,26,1906,36.73,-34.800000000000004,14.2,26,-0.537,0,
C-B-1,2,0.32686,6.098,17.4908,2158,-37.24,33.9,14.4,26,1908,36.73,-34.800000000000004,14.2,26,-0.575,0,
C-B-1,2,0.32785,6.0213,17.4933,2156,-36.73,34.800000000000004,14.4,26,1912,36.23,-35.7,14.2,26,-0.499,0,
C-B-1,2,0.32886,5.983,17.4945,2155,-36.23,35.7,14.4,26,1915,36.23,-35.7,14.2,26,-0.422,0,
C-B-1,2,0.32986,5.8679,17.4981,2152,-36.23,35.7,14.4,26,1917,36.73,-34.800000000000004,14.2,26,-0.46,0,
C-B-1,2,0.33084,5.7912,17.5005,2150,-36.73,34.800000000000004,14.4,26,1919,36.73,-34.800000000000004,14.2,26,-0.46,0,
C-B-1,2,0.33186,5.7145,17.5029,2148,-36.73,34.800000000000004,14.4,26,1922,36.73,-34.800000000000004,14.2,26,-0.422,0,
C-B-1,2,0.33285,5.5611,17.5075,2144,-35.73,36.6,14.4,26,1923,36.23,-35.7,14.2,26,-0.537,0,
C-B-1,2,0.33386,5.4844,17.5098,2142,-35.73,36.6,14.4,26,1925,35.73,-36.6,14.2,26,-0.537,0,
C-B-1,2,0.33486,5.4077,17.512,2140,-36.23,35.7,14.4,26,1928,36.73,-34.800000000000004,14.2,26,-0.499,0,
C-B-1,2,0.33586,5.2926,17.5153,2137,-36.23,35.7,14.4,26,1930,36.23,-35.7,14.2,26,-0.537,0,
C-B-1,2,0.33685,5.1776,17.5185,2134,-36.23,35.7,14.4,26,1934,35.73,-36.6,14.2,26,-0.499,0,
C-B-1,2,0.33787,5.1392,17.5196,2133,-35.73,36.6,14.4,26,1936,35.22,-37.4,14.2,26,-0.46,0,
C-B-1,2,0.33885,5.0625,17.5217,2131,-35.73,36.6,14.4,26,1938,35.73,-36.6,14.2,26,-0.46,0,
C-B-1,2,0.33986,4.9474,17.5248,2128,-36.23,35.7,14.4,26,1941,36.23,-35.7,14.2,26,-0.46,0,
C-B-1,2,0.34084,4.8707,17.5268,2126,-36.23,35.7,14.4,26,1944,36.23,-35.7,14.2,26,-0.422,0,
C-B-1,2,0.34187,4.679,17.5317,2121,-36.23,35.7,14.4,26,1945,35.73,-36.6,14.2,26,-0.575,0,
C-B-1,2,0.34284,4.6023,17.5336,2119,-35.73,36.6,14.4,26,1948,35.73,-36.6,14.2,26,-0.537,0,
C-B-1,2,0.34386,4.4872,17.5364,2116,-36.73,34.800000000000004,14.4,26,1950,36.23,-35.7,14.2,26,-0.575,0,
C-B-1,2,0.34485,4.4105,17.5382,2114,-36.23,35.7,14.4,26,1953,36.23,-35.7,14.2,26,-0.537,0,
C-B-1,2,0.34586,4.3338,17.54,2112,-36.73,34.800000000000004,14.4,26,1956,35.22,-37.4,14.2,26,-0.499,0,
C-B-1,2,0.34685,4.2955,17.5409,2111,-35.73,36.6,14.4,26,1959,35.22,-37.4,14.2,26,-0.422,0,
C-B-1,2,0.34786,4.2188,17.5426,2109,-35.22,37.4,14.4,26,1961,35.73,-36.6,14.2,26,-0.422,0,
C-B-1,2,0.34884,4.1037,17.5452,2106,-36.23,35.7,14.4,26,1964,36.23,-35.7,14.2,26,-0.422,0,
C-B-1,2,0.34987,3.9886,17.5477,2103,-36.73,34.800000000000004,14.4,26,1967,36.23,-35.7,14.2,26,-0.422,0,
C-B-1,2,0.35085,3.8736,17.5501,2100,-35.73,36.6,14.4,26,1968,35.73,-36.6,14.2,26,-0.499,0,
C-B-1,2,0.35187,3.7585,17.5525,2097,-35.73,36.6,14.4,26,1970,35.22,-37.4,14.2,26,-0.537,0,
C-B-1,2,0.35286,3.6435,17.5548,2094,-36.73,34.800000000000004,14.4,26,1973,36.23,-35.7,14.2,26,-0.537,0,
C-B-1,2,0.35385,3.5668,17.5562,2092,-36.23,35.7,14.4,26,1975,36.23,-35.7,14.2,26,-0.537,0,
C-B-1,2,0.35486,3.4517,17.5584,2089,-36.73,34.800000000000004,14.4,26,1977,35.73,-36.6,14.2,26,-0.575,0,
C-B-1,2,0.35585,3.4134,17.5591,2088,-35.73,36.6,14.4,26,1979,35.73,-36.6,14.2,26,-0.537,0,
C-B-1,2,0.35687,3.2983,17.5612,2085,-36.23,35.7,14.4,26,1981,35.73,-36.6,14.2,26,-0.575,0,
C-B-1,2,0.35785,3.2216,17.5625,2083,-36.73,34.800000000000004,14.4,26,1985,36.23,-35.7,14.2,26,-0.499,0,
C-B-1,2,0.35887,3.1449,17.5638,2081,-36.23,35.7,14.4,26,1987,35.73,-36.6,14.2,26,-0.499,0,
C-B-1,2,0.35987,2.9915,17.5663,2077,-36.23,35.7,14.4,26,1991,35.73,-36.6,14.2,26,-0.499,0,
C-B-1,2,0.36085,2.8764,17.5681,2074,-36.23,35.7,14.4,26,1994,35.73,-36.6,14.2,26,-0.499,0,
C-B-1,2,0.36187,2.7614,17.5699,2071,-37.24,33.9,14.4,26,1996,36.23,-35.7,14.2,26,-0.537,0,
C-B-1,2,0.36287,2.6847,17.571,2069,-37.24,33.9,14.4,26,1999,36.73,-34.800000000000004,14.2,26,-0.499,0,
C-B-1,2,0.36385,2.5696,17.5726,2066,-37.74,33.1,14.4,26,2002,36.73,-34.800000000000004,14.2,26,-0.499,0,
C-B-1,2,0.36487,2.5312,17.5731,2065,-36.73,34.800000000000004,14.4,26,2003,36.23,-35.7,14.2,26,-0.499,0,
C-B-1,2,0.36587,2.4545,17.5742,2063,-36.23,35.7,14.4,26,2005,36.23,-35.7,14.2,26,-0.499,0,
C-B-1,2,0.36685,2.3395,17.5756,2060,-37.24,33.9,14.4,26,2008,36.73,-34.800000000000004,14.2,26,-0.499,0,
C-B-1,2,0.36787,2.2244,17.5771,2057,-37.74,33.1,14.4,26,2010,36.73,-34.800000000000004,14.2,26,-0.537,0,
C-B-1,2,0.36885,2.1477,17.578,2055,-36.73,34.800000000000004,14.4,26,2014,36.23,-35.7,14.2,26,-0.46,0,
C-B-1,2,0.36987,2.1094,17.5784,2054,-36.73,34.800000000000004,14.4,26,2016,35.73,-36.6,14.2,26,-0.422,0,
C-B-1,2,0.37085,1.9943,17.5797,2051,-36.73,34.800000000000004,14.4,26,2019,36.73,-34.800000000000004,14.2,26,-0.422,0,
C-B-1,2,0.37185,1.9176,17.5805,2049,-36.73,34.800000000000004,14.4,26,2021,36.23,-35.7,14.2,26,-0.422,0,
C-B-1,2,0.37286,1.8026,17.5816,2046,-37.24,33.9,14.4,26,2024,36.73,-34.800000000000004,14.2,26,-0.422,0,
C-B-1,2,0.37385,1.6875,17.5827,2043,-36.23,35.7,14.4,26,2025,35.73,-36.6,14.2,26,-0.499,0,
C-B-1,2,0.37486,1.5724,17.5837,2040,-36.23,35.7,14.4,26,2027,35.73,-36.6,14.2,26,-0.537,0,
C-B-1,2,0.37585,1.4957,17.5843,2038,-36.73,34.800000000000004,14.4,26,2030,36.73,-34.800000000000004,14.2,26,-0.499,0,
C-B-1,2,0.37687,1.419,17.5849,2036,-36.73,34.800000000000004,14.4,26,2033,36.73,-34.800000000000004,14.2,26,-0.46,0,
C-B-1,2,0.37786,1.304,17.5858,2033,-36.73,34.800000000000004,14.4,26,2036,35.73,-36.6,14.2,26,-0.46,0,
C-B-1,2,0.37885,1.2273,17.5863,2031,-36.23,35.7,14.4,26,2039,35.73,-36.6,14.2,26,-0.422,0,
C-B-1,2,0.37986,1.1506,17.5868,2029,-36.23,35.7,14.4,26,2042,36.73,-34.800000000000004,14.2,26,-0.384,0,
C-B-1,2,0.38085,1.0355,17.5874,2026,-37.24,33.9,14.4,26,2044,36.73,-34.800000000000004,14.2,26,-0.422,0,
C-B-1,2,0.38187,0.9588,17.5878,2024,-36.73,34.800000000000004,14.4,26,2046,36.23,-35.7,14.2,26,-0.422,0,
C-B-1,2,0.38284,0.8054,17.5886,2020,-36.23,35.7,14.4,26,2048,36.23,-35.7,14.2,26,-0.499,0,
C-B-1,2,0.38386,0.6903,17.589,2017,-36.23,35.7,14.4,26,2050,36.23,-35.7,14.2,26,-0.537,0,
C-B-1,2,0.38486,0.6136,17.5893,2015,-36.73,34.800000000000004,14.4,26,2053,36.73,-34.800000000000004,14.2,26,-0.499,0,
C-B-1,2,0.38585,0.4986,17.5896,2012,-36.73,34.800000000000004,14.4,26,2055,36.73,-34.800000000000004,14.2,26,-0.537,0,
C-B-1,2,0.38685,0.4219,17.5898,2010,-36.73,34.800000000000004,14.4,26,2059,36.23,-35.7,14.2,26,-0.46,0,
C-B-1,2,0.38785,0.3452,17.59,2008,-36.73,34.800000000000004,14.4,26,2062,36.23,-35.7,14.2,26,-0.422,0,
C-B-1,2,0.38886,0.2685,17.5901,2006,-36.23,35.7,14.4,26,2065,37.24,-33.9,14.2,26,-0.384,0,
C-B-1,2,0.38985,0.1534,17.5902,2003,-37.24,33.9,14.4,26,2067,36.73,-34.800000000000004,14.2,26,-0.422,0,
C-B-1,2,0.39085,0.0767,17.5903,2001,-36.73,34.800000000000004,14.4,26,2069,36.73,-34.800000000000004,14.2,26,-0.422,0,
C-B-1,2,0.39185,-0.1151,17.5903,1996,-36.73,34.800000000000004,14.4,26,2071,36.23,-35.7,14.2,26,-0.537,0,
C-B-1,2,0.39286,-0.1918,17.5902,1994,-36.23,35.7,14.4,26,2073,35.73,-36.6,14.2,26,-0.537,0,
C-B-1,2,0.39385,-0.3068,17.5901,1991,-37.24,33.9,14.4,26,2075,36.23,-35.7,14.2,26,-0.575,0,
C-B-1,2,0.39485,-0.3835,17.5899,1989,-37.24,33.9,14.4,26,2078,36.73,-34.800000000000004,14.2,26,-0.537,0,
C-B-1,2,0.39585,-0.4986,17.5896,1986,-37.24,33.9,14.4,26,2081,36.73,-34.800000000000004,14.2,26,-0.537,0,
C-B-1,2,0.39685,-0.5369,17.5895,1985,-36.23,35.7,14.4,26,2082,36.23,-35.7,14.2,26,-0.537,0,
C-B-1,2,0.39785,-0.5753,17.5894,1984,-36.23,35.7,14.4,26,2084,36.23,-35.7,14.2,26,-0.499,0,
C-B-1,2,0.39885,-0.6903,17.589,1981,-37.24,33.9,14.4,26,2087,36.73,-34.800000000000004,14.2,26,-0.499,0,
C-B-1,2,0.39986,-0.8054,17.5886,1978,-37.24,33.9,14.4,26,2089,36.73,-34.800000000000004,14.2,26,-0.537,0,
C-B-1,2,0.40086,-0.9205,17.588,1975,-36.23,35.7,14.4,26,2093,36.23,-35.7,14.2,26,-0.499,0,
C-B-1,2,0.40186,-1.0355,17.5874,1972,-36.73,34.800000000000004,14.4,26,2096,36.23,-35.7,14.2,26,-0.499,0,
C-B-1,2,0.40286,-1.1122,17.587,1970,-37.24,33.9,14.4,26,2098,36.73,-34.800000000000004,14.2,26,-0.499,0,
C-B-1,2,0.40386,-1.2273,17.5863,1967,-37.24,33.9,14.4,26,2101,37.24,-33.9,14.2,26,-0.499,0,
C-B-1,2,0.40486,-1.304,17.5858,1965,-37.24,33.9,14.4,26,2103,36.73,-34.800000000000004,14.2,26,-0.499,0,
C-B-1,2,0.40586,-1.3807,17.5852,1963,-37.24,33.9,14.4,26,2105,36.23,-35.7,14.2,26,-0.499,0,
C-B-1,2,0.40686,-1.4957,17.5843,1960,-37.24,33.9,14.4,26,2107,36.23,-35.7,14.2,26,-0.537,0,
C-B-1,2,0.40786,-1.5724,17.5837,1958,-37.24,33.9,14.4,26,2110,37.24,-33.9,14.2,26,-0.499,0,
C-B-1,2,0.40886,-1.6491,17.583,1956,-37.24,33.9,14.4,26,2113,37.24,-33.9,14.2,26,-0.46,0,
C-B-1,2,0.40986,-1.8026,17.5816,1952,-36.73,34.800000000000004,14.4,26,2116,36.23,-35.7,14.2,26,-0.499,0,
C-B-1,2,0.41085,-1.9176,17.5805,1949,-37.24,33.9,14.4,26,2119,36.73,-34.800000000000004,14.2,26,-0.499,0,
C-B-1,2,0.41186,-1.9943,17.5797,1947,-37.24,33.9,14.4,26,2121,36.73,-34.800000000000004,14.2,26,-0.499,0,
C-B-1,2,0.41285,-2.071,17.5788,1945,-36.73,34.800000000000004,14.4,26,2123,36.73,-34.800000000000004,14.2,26,-0.499,0,
C-B-1,2,0.41386,-2.071,17.5788,1945,-37.24,33.9,14.4,26,2126,36.73,-34.800000000000004,14.2,26,-0.384,0,
C-B-1,2,0.41486,-2.2244,17.5771,1941,-36.23,35.7,14.4,26,2128,36.73,-34.800000000000004,14.2,26,-0.46,0,
C-B-1,2,0.41586,-2.3395,17.5756,1938,-36.73,34.800000000000004,14.4,26,2130,36.73,-34.800000000000004,14.2,26,-0.499,0,
C-B-1,2,0.41686,-2.4162,17.5747,1936,-36.73,34.800000000000004,14.4,26,2132,36.73,-34.800000000000004,14.2,26,-0.499,0,
C-B-1,2,0.41786,-2.4929,17.5737,1934,-36.73,34.800000000000004,14.4,26,2134,36.23,-35.7,14.2,26,-0.499,0,
C-B-1,2,0.41886,-2.608,17.5721,1931,-36.73,34.800000000000004,14.4,26,2138,35.73,-36.6,14.2,26,-0.46,0,
C-B-1,2,0.41986,-2.6463,17.5716,1930,-36.23,35.7,14.4,26,2140,35.73,-36.6,14.2,26,-0.422,0,
C-B-1,2,0.42086,-2.7614,17.5699,1927,-36.23,35.7,14.4,26,2143,36.23,-35.7,14.2,26,-0.422,0,
C-B-1,2,0.42186,-2.8381,17.5687,1925,-36.23,35.7,14.4,26,2145,36.23,-35.7,14.2,26,-0.422,0,
C-B-1,2,0.42286,-2.9531,17.567,1922,-36.73,34.800000000000004,14.4,26,2147,36.23,-35.7,14.2,26,-0.46,0,
C-B-1,2,0.42386,-3.1065,17.5645,1918,-36.23,35.7,14.4,26,2149,35.73,-36.6,14.2,26,-0.537,0,
C-B-1,2,0.42486,-3.1832,17.5632,1916,-35.73,36.6,14.4,26,2152,35.73,-36.6,14.2,26,-0.499,0,
C-B-1,2,0.42586,-3.2983,17.5612,1913,-36.73,34.800000000000004,14.4,26,2153,35.73,-36.6,14.2,26,-0.575,0,
C-B-1,2,0.42686,-3.4134,17.5591,1910,-37.24,33.9,14.4,26,2156,36.23,-35.7,14.2,26,-0.575,0,
C-B-1,2,0.42786,-3.4901,17.5577,1908,-36.73,34.800000000000004,14.4,26,2160,35.73,-36.6,14.2,26,-0.499,0,
C-B-1,2,0.42886,-3.5668,17.5562,1906,-36.23,35.7,14.4,26,2163,35.73,-36.6,14.2,26,-0.46,0,
C-B-1,2,0.42986,-3.6435,17.5548,1904,-36.23,35.7,14.4,26,2165,36.23,-35.7,14.2,26,-0.46,0,
C-B-1,2,0.43087,-3.7585,17.5525,1901,-37.24,33.9,14.4,26,2168,36.23,-35.7,14.2,26,-0.46,0,
C-B-1,2,0.43186,-3.8352,17.5509,1899,-36.73,34.800000000000004,14.4,26,2171,36.73,-34.800000000000004,14.2,26,-0.422,0,
C-B-1,2,0.43287,-4.027,17.5469,1894,-36.73,34.800000000000004,14.4,26,2172,35.73,-36.6,14.2,26,-0.575,0,
C-B-1,2,0.43386,-4.1037,17.5452,1892,-36.73,34.800000000000004,14.3,26,2174,35.73,-36.6,13.9,26,-0.575,0,
C-B-1,2,0.43486,-4.2188,17.5426,1889,-37.24,33.9,14.3,26,2176,35.73,-36.6,13.9,26,-0.614,0,
C-B-1,2,0.43586,-4.2955,17.5409,1887,-36.73,34.800000000000004,14.3,26,2179,36.23,-35.7,13.9,26,-0.575,0,
C-B-1,2,0.43686,-4.4105,17.5382,1884,-37.24,33.9,14.3,26,2183,35.22,-37.4,13.9,26,-0.537,0,
C-B-1,2,0.43786,-4.4872,17.5364,1882,-37.24,33.9,14.3,26,2186,35.73,-36.6,13.9,26,-0.499,0,
C-B-1,2,0.43887,-4.5639,17.5345,1880,-36.73,34.800000000000004,14.3,26,2188,36.23,-35.7,13.9,26,-0.499,0,
C-B-1,2,0.43986,-4.6406,17.5326,1878,-37.24,33.9,14.3,26,2191,36.23,-35.7,13.9,26,-0.46,0,
C-B-1,2,0.44086,-4.7557,17.5298,1875,-37.24,33.9,14.3,26,2193,36.23,-35.7,13.9,26,-0.499,0,
C-B-1,2,0.44187,-4.8707,17.5268,1872,-36.73,34.800000000000004,14.3,26,2194,35.73,-36.6,13.9,26,-0.575,0,
C-B-1,2,0.44286,-4.9858,17.5238,1869,-36.73,34.800000000000004,14.3,26,2197,35.73,-36.6,13.9,26,-0.575,0,
C-B-1,2,0.44387,-5.1009,17.5206,1866,-37.74,33.1,14.3,26,2200,36.23,-35.7,13.9,26,-0.575,0,
C-B-1,2,0.44486,-5.1776,17.5185,1864,-37.24,33.9,14.3,26,2202,36.23,-35.7,13.9,26,-0.575,0,
C-B-1,2,0.44587,-5.2926,17.5153,1861,-37.74,33.1,14.3,26,2205,36.73,-34.800000000000004,13.9,26,-0.575,0,
C-B-1,2,0.44686,-5.331,17.5142,1860,-37.24,33.9,14.3,26,2206,36.23,-35.7,13.9,26,-0.575,0,
C-B-1,2,0.44787,-5.4077,17.512,1858,-36.73,34.800000000000004,14.3,26,2209,36.23,-35.7,13.9,26,-0.537,0,
C-B-1,2,0.44886,-5.5611,17.5075,1854,-38.24,32.2,14.3,26,2211,36.73,-34.800000000000004,13.9,26,-0.614,0,
C-B-1,2,0.44986,-5.5994,17.5064,1853,-37.24,33.9,14.3,26,2213,36.73,-34.800000000000004,13.9,26,-0.575,0,
C-B-1,2,0.45086,-5.7912,17.5005,1848,-37.24,33.9,14.3,26,2217,36.23,-35.7,13.9,26,-0.614,0,
C-B-1,2,0.45186,-5.8679,17.4981,1846,-36.73,34.800000000000004,14.3,26,2220,36.73,-34.800000000000004,13.9,26,-0.575,0,
C-B-1,2,0.45286,-5.983,17.4945,1843,-37.74,33.1,14.3,26,2222,36.73,-34.800000000000004,13.9,26,-0.614,0,
C-B-1,2,0.45386,-6.098,17.4908,1840,-38.24,32.2,14.3,26,2225,36.73,-34.800000000000004,13.9,26,-0.614,0,
C-B-1,2,0.45486,-6.1747,17.4883,1838,-37.74,33.1,14.3,26,2227,37.24,-33.9,13.9,26,-0.614,0,
C-B-1,2,0.45586,-6.2131,17.487,1837,-36.73,34.800000000000004,14.3,26,2228,36.23,-35.7,13.9,26,-0.614,0,
C-B-1,2,0.45686,-6.2898,17.4844,1835,-36.73,34.800000000000004,14.3,26,2231,36.23,-35.7,13.9,26,-0.575,0,
C-B-1,2,0.45786,-6.4048,17.4805,1832,-37.24,33.9,14.3,26,2233,36.73,-34.800000000000004,13.9,26,-0.614,0,
C-B-1,2,0.45886,-6.5199,17.4765,1829,-37.74,33.1,14.3,26,2235,36.23,-35.7,13.9,26,-0.652,0,
C-B-1,2,0.45986,-6.5966,17.4739,1827,-37.24,33.9,14.3,26,2239,35.73,-36.6,13.9,26,-0.575,0,
C-B-1,2,0.46087,-6.6349,17.4725,1826,-36.73,34.800000000000004,14.3,26,2242,35.73,-36.6,13.9,26,-0.499,0,
C-B-1,2,0.46186,-6.75,17.4684,1823,-36.73,34.800000000000004,14.3,26,2244,36.23,-35.7,13.9,26,-0.537,0,
C-B-1,2,0.46287,-6.8267,17.4656,1821,-36.73,34.800000000000004,14.3,26,2247,36.73,-34.800000000000004,13.9,26,-0.499,0,
C-B-1,2,0.46386,-6.9418,17.4614,1818,-37.24,33.9,14.3,26,2249,36.73,-34.800000000000004,13.9,26,-0.537,0,
C-B-1,2,0.46486,-7.0568,17.4571,1815,-36.23,35.7,14.3,26,2250,35.73,-36.6,13.9,26,-0.614,0,
C-B-1,2,0.46587,-7.1719,17.4527,1812,-36.23,35.7,14.3,26,2252,35.22,-37.4,13.9,26,-0.652,0,
C-B-1,2,0.46686,-7.2486,17.4497,1810,-36.23,35.7,14.3,26,2254,35.73,-36.6,13.9,26,-0.652,0,
C-B-1,2,0.46787,-7.3636,17.4452,1807,-36.73,34.800000000000004,14.3,26,2257,35.73,-36.6,13.9,26,-0.652,0,
C-B-1,2,0.46887,-7.4787,17.4407,1804,-37.24,33.9,14.3,26,2260,34.72,-38.300000000000004,13.9,26,-0.652,0,
C-B-1,2,0.46987,-7.517,17.4391,1803,-36.23,35.7,14.3,26,2264,35.73,-36.6,13.9,26,-0.537,0,
C-B-1,2,0.47087,-7.5938,17.436,1801,-36.23,35.7,14.3,26,2266,36.23,-35.7,13.9,26,-0.537,0,
C-B-1,2,0.47186,-7.7088,17.4313,1798,-37.24,33.9,14.3,26,2268,35.73,-36.6,13.9,26,-0.575,0,
C-B-1,2,0.47287,-7.8239,17.4266,1795,-37.24,33.9,14.3,26,2272,36.23,-35.7,13.9,26,-0.537,0,
C-B-1,2,0.47387,-7.9389,17.4217,1792,-36.73,34.800000000000004,14.3,26,2272,35.22,-37.4,13.9,26,-0.652,0,
C-B-1,2,0.47487,-8.0156,17.4185,1790,-36.23,35.7,14.3,26,2275,35.22,-37.4,13.9,26,-0.614,0,
C-B-1,2,0.47586,-8.1307,17.4135,1787,-37.24,33.9,14.3,26,2277,35.73,-36.6,13.9,26,-0.652,0,
C-B-1,2,0.47687,-8.2457,17.4085,1784,-37.74,33.1,14.3,26,2279,35.22,-37.4,13.9,26,-0.69,0,
C-B-1,2,0.47786,-8.2841,17.4068,1783,-36.23,35.7,14.3,26,2284,35.73,-36.6,13.9,26,-0.537,0,
C-B-1,2,0.47887,-8.3608,17.4034,1781,-36.73,34.800000000000004,14.3,26,2286,35.22,-37.4,13.9,26,-0.537,0,
C-B-1,2,0.47988,-8.4759,17.3982,1778,-36.23,35.7,14.3,26,2288,35.73,-36.6,13.9,26,-0.575,0,
C-B-1,2,0.48087,-8.5526,17.3947,1776,-36.73,34.800000000000004,14.3,26,2291,35.73,-36.6,13.9,26,-0.537,0,
C-B-1,2,0.48187,-8.6676,17.3894,1773,-37.24,33.9,14.3,26,2293,35.73,-36.6,13.9,26,-0.575,0,
C-B-1,2,0.48288,-8.7827,17.3841,1770,-35.73,36.6,14.3,26,2295,35.22,-37.4,13.9,26,-0.614,0,
C-B-1,2,0.48387,-8.8977,17.3786,1767,-36.23,35.7,14.3,26,2297,35.22,-37.4,13.9,26,-0.652,0,
C-B-1,2,0.48487,-8.9744,17.375,1765,-36.73,34.800000000000004,14.3,26,2299,35.73,-36.6,13.9,26,-0.652,0,
C-B-1,2,0.48587,-9.0895,17.3694,1762,-37.24,33.9,14.3,26,2301,35.22,-37.4,13.9,26,-0.69,0,
C-B-1,2,0.48687,-9.1662,17.3657,1760,-36.73,34.800000000000004,14.3,26,2305,36.23,-35.7,13.9,26,-0.614,0,
C-B-1,2,0.48787,-9.2429,17.3619,1758,-36.23,35.7,14.3,26,2306,35.73,-36.6,13.9,26,-0.652,0,
C-B-1,2,0.48887,-9.3196,17.3581,1756,-36.23,35.7,14.3,26,2308,35.22,-37.4,13.9,26,-0.652,0,
C-B-1,2,0.48987,-9.4347,17.3524,1753,-37.24,33.9,14.3,26,2310,35.73,-36.6,13.9,26,-0.69,0,
C-B-1,2,0.49088,-9.5114,17.3485,1751,-36.73,34.800000000000004,14.3,26,2313,35.73,-36.6,13.9,26,-0.652,0,
C-B-1,2,0.49187,-9.6648,17.3406,1747,-36.23,35.7,14.3,26,2316,34.72,-38.300000000000004,13.9,26,-0.69,0,
C-B-1,2,0.49288,-9.7798,17.3347,1744,-37.24,33.9,14.3,26,2319,35.22,-37.4,13.9,26,-0.69,0,
C-B-1,2,0.49387,-9.8565,17.3307,1742,-37.24,33.9,14.3,26,2322,36.23,-35.7,13.9,26,-0.652,0,
C-B-1,2,0.49488,-9.9716,17.3246,1739,-37.24,33.9,14.3,26,2325,36.73,-34.800000000000004,13.9,26,-0.652,0,
C-B-1,2,0.49587,-10.0866,17.3184,1736,-37.74,33.1,14.3,26,2327,36.73,-34.800000000000004,13.9,26,-0.69,0,
C-B-1,2,0.49687,-10.0866,17.3184,1736,-36.23,35.7,14.3,26,2328,35.73,-36.6,13.9,26,-0.652,0,
C-B-1,2,0.49787,-10.2017,17.3122,1733,-36.23,35.7,14.3,26,2331,36.23,-35.7,13.9,26,-0.652,0,
C-B-1,2,0.49888,-10.2784,17.308,1731,-36.73,34.800000000000004,14.3,26,2333,36.73,-34.800000000000004,13.9,26,-0.652,0,
C-B-1,2,0.49987,-10.3935,17.3017,1728,-37.24,33.9,14.3,26,2335,35.73,-36.6,13.9,26,-0.69,0,
C-B-1,2,0.50088,-10.4318,17.2996,1727,-36.23,35.7,14.3,26,2339,35.73,-36.6,13.9,26,-0.575,0,
C-B-1,2,0.50188,-10.5085,17.2953,1725,-36.23,35.7,14.3,26,2341,34.72,-38.300000000000004,13.9,26,-0.575,0,
C-B-1,2,0.50288,-10.5852,17.291,1723,-36.73,34.800000000000004,14.3,26,2344,36.23,-35.7,13.9,26,-0.537,0,
C-B-1,2,0.50388,-10.7003,17.2844,1720,-36.73,34.800000000000004,14.3,26,2346,35.73,-36.6,13.9,26,-0.575,0,
C-B-1,2,0.50487,-10.892,17.2734,1715,-36.73,34.800000000000004,14.3,26,2348,35.73,-36.6,13.9,26,-0.69,0,
C-B-1,2,0.50587,-10.9304,17.2712,1714,-35.73,36.6,14.3,26,2350,35.73,-36.6,13.9,26,-0.652,0,
C-B-1,2,0.50687,-11.0071,17.2667,1712,-36.23,35.7,14.3,26,2352,35.22,-37.4,13.9,26,-0.652,0,
C-B-1,2,0.50788,-11.1222,17.2599,1709,-36.73,34.800000000000004,14.3,26,2354,35.22,-37.4,13.9,26,-0.69,0,
C-B-1,2,0.50888,-11.2372,17.2531,1706,-36.73,34.800000000000004,14.3,26,2356,35.22,-37.4,13.9,26,-0.729,0,
C-B-1,2,0.50988,-11.3139,17.2485,1704,-36.73,34.800000000000004,14.3,26,2360,34.72,-38.300000000000004,13.9,26,-0.652,0,
C-B-1,2,0.51088,-11.3523,17.2462,1703,-35.73,36.6,14.3,26,2363,35.22,-37.4,13.9,26,-0.575,0,
C-B-1,2,0.51188,-11.4673,17.2392,1700,-36.23,35.7,14.3,26,2365,35.22,-37.4,13.9,26,-0.614,0,
C-B-1,2,0.51288,-11.544,17.2345,1698,-36.73,34.800000000000004,14.3,26,2368,35.73,-36.6,13.9,26,-0.575,0,
C-B-1,2,0.51388,-11.6591,17.2274,1695,-36.73,34.800000000000004,14.3,26,2371,36.23,-35.7,13.9,26,-0.575,0,
C-B-1,2,0.51488,-11.8125,17.2178,1691,-36.23,35.7,14.3,26,2372,35.73,-36.6,13.9,26,-0.69,0,
C-B-1,2,0.51587,-11.8892,17.213,1689,-36.23,35.7,14.3,26,2375,35.22,-37.4,13.9,26,-0.652,0,
C-B-1,2,0.51688,-12.0043,17.2056,1686,-36.73,34.800000000000004,14.3,26,2377,35.73,-36.6,13.9,26,-0.69,0,
C-B-1,2,0.51787,-12.081,17.2007,1684,-36.73,34.800000000000004,14.3,26,2380,36.23,-35.7,13.9,26,-0.652,0,
C-B-1,2,0.51888,-12.196,17.1933,1681,-36.73,34.800000000000004,14.3,26,2384,35.73,-36.6,13.9,26,-0.614,0,
C-B-1,2,0.51988,-12.2727,17.1883,1679,-36.73,34.800000000000004,14.3,26,2386,35.73,-36.6,13.9,26,-0.614,0,
C-B-1,2,0.52089,-12.3494,17.1833,1677,-36.23,35.7,14.3,26,2389,36.73,-34.800000000000004,13.9,26,-0.575,0,
C-B-1,2,0.52188,-12.4645,17.1757,1674,-37.24,33.9,14.3,26,2391,36.23,-35.7,13.9,26,-0.614,0,
C-B-1,2,0.52288,-12.5412,17.1706,1672,-36.73,34.800000000000004,14.3,26,2393,35.73,-36.6,13.9,26,-0.614,0,
C-B-1,2,0.52388,-12.6946,17.1603,1668,-36.23,35.7,14.3,26,2395,35.22,-37.4,13.9,26,-0.69,0,
C-B-1,2,0.52488,-12.8097,17.1525,1665,-36.23,35.7,14.3,26,2397,35.22,-37.4,13.9,26,-0.729,0,
C-B-1,2,0.52588,-12.8864,17.1473,1663,-37.24,33.9,14.3,26,2400,36.23,-35.7,13.9,26,-0.69,0,
C-B-1,2,0.52689,-12.9631,17.142,1661,-36.73,34.800000000000004,14.3,26,2403,36.23,-35.7,13.9,26,-0.652,0,
C-B-1,2,0.52788,-13.0781,17.1341,1658,-37.24,33.9,14.3,26,2406,35.73,-36.6,13.9,26,-0.652,0,
C-B-1,2,0.52888,-13.1165,17.1314,1657,-36.23,35.7,14.3,26,2406,36.23,-35.7,13.9,26,-0.69,0,
C-B-1,2,0.52988,-13.2315,17.1233,1654,-36.73,34.800000000000004,14.3,26,2409,36.23,-35.7,13.9,26,-0.69,0,
C-B-1,2,0.53089,-13.3082,17.1179,1652,-36.73,34.800000000000004,14.3,26,2411,36.23,-35.7,13.9,26,-0.69,0,
C-B-1,2,0.53187,-13.4233,17.1098,1649,-37.24,33.9,14.3,26,2413,36.23,-35.7,13.9,26,-0.729,0,
C-B-1,2,0.53288,-13.5384,17.1015,1646,-36.23,35.7,14.3,26,2417,35.73,-36.6,13.9,26,-0.69,0,
C-B-1,2,0.53388,-13.6534,17.0932,1643,-36.23,35.7,14.3,26,2420,36.23,-35.7,13.9,26,-0.69,0,
C-B-1,2,0.53488,-13.7301,17.0877,1641,-36.73,34.800000000000004,14.3,26,2422,36.23,-35.7,13.9,26,-0.69,0,
C-B-1,2,0.53588,-13.8452,17.0792,1638,-37.24,33.9,14.3,26,2425,36.73,-34.800000000000004,13.9,26,-0.69,0,
C-B-1,2,0.53688,-13.9219,17.0736,1636,-36.73,34.800000000000004,14.3,26,2428,37.24,-33.9,13.9,26,-0.652,0,
C-B-1,2,0.53788,-13.9986,17.0679,1634,-36.23,35.7,14.3,26,2429,36.73,-34.800000000000004,13.9,26,-0.69,0,
C-B-1,2,0.53889,-14.1136,17.0593,1631,-36.73,34.800000000000004,14.3,26,2432,36.73,-34.800000000000004,13.9,26,-0.69,0,
C-B-1,2,0.53988,-14.1903,17.0536,1629,-37.24,33.9,14.3,26,2434,37.24,-33.9,13.9,26,-0.69,0,
C-B-1,2,0.54089,-14.267,17.0478,1627,-36.73,34.800000000000004,14.3,26,2436,36.73,-34.800000000000004,13.9,26,-0.69,0,
C-B-1,2,0.54188,-14.4205,17.0361,1623,-36.23,35.7,14.3,26,2440,36.23,-35.7,13.9,26,-0.69,0,
C-B-1,2,0.54289,-14.4972,17.0302,1621,-35.73,36.6,14.3,26,2443,36.23,-35.7,13.9,26,-0.652,0,
C-B-1,2,0.54388,-14.6122,17.0214,1618,-36.73,34.800000000000004,14.3,26,2445,36.73,-34.800000000000004,13.9,26,-0.69,0,
C-B-1,2,0.54488,-14.6889,17.0154,1616,-36.73,34.800000000000004,14.3,26,2448,36.73,-34.800000000000004,13.9,26,-0.652,0,
C-B-1,2,0.54589,-14.804,17.0064,1613,-36.73,34.800000000000004,14.3,26,2450,36.73,-34.800000000000004,13.9,26,-0.69,0,
C-B-1,2,0.54688,-14.8423,17.0034,1612,-36.23,35.7,14.3,26,2451,35.73,-36.6,13.9,26,-0.69,0,
C-B-1,2,0.54788,-14.9574,16.9943,1609,-36.23,35.7,14.3,26,2453,35.73,-36.6,13.9,26,-0.729,0,
C-B-1,2,0.54889,-15.0341,16.9882,1607,-36.23,35.7,14.3,26,2456,36.23,-35.7,13.9,26,-0.69,0,
C-B-1,2,0.54988,-15.1108,16.9821,1605,-36.23,35.7,14.3,26,2458,36.23,-35.7,13.9,26,-0.69,0,
C-B-1,2,0.55088,-15.2259,16.9729,1602,-36.23,35.7,15.4,26,2461,35.22,-37.4,14.0,26,-0.69,0,
C-B-1,2,0.55189,-15.2642,16.9698,1601,-35.73,36.6,15.4,26,2464,35.73,-36.6,14.0,26,-0.614,0,
C-B-1,2,0.55288,-15.3026,16.9667,1600,-35.73,36.6,15.4,26,2466,35.73,-36.6,14.0,26,-0.575,0,
C-B-1,2,0.55389,-15.4176,16.9573,1597,-36.23,35.7,15.4,26,2469,36.23,-35.7,14.0,26,-0.575,0,
C-B-1,2,0.55489,-15.5327,16.9479,1594,-36.23,35.7,15.4,26,2471,35.73,-36.6,14.0,26,-0.614,0,
C-B-1,2,0.55588,-15.6477,16.9384,1591,-35.73,36.6,15.4,26,2473,35.22,-37.4,14.0,26,-0.652,0,
C-B-1,2,0.55688,-15.7628,16.9288,1588,-35.73,36.6,15.4,26,2475,35.22,-37.4,14.0,26,-0.69,0,
C-B-1,2,0.55789,-15.8395,16.9224,1586,-36.23,35.7,15.4,26,2477,35.73,-36.6,14.0,26,-0.69,0,
C-B-1,2,0.55889,-15.9545,16.9127,1583,-36.23,35.7,15.4,26,2479,35.22,-37.4,14.0,26,-0.729,0,
C-B-1,2,0.55989,-16.0696,16.903,1580,-36.73,34.800000000000004,15.4,26,2484,35.73,-36.6,14.0,26,-0.652,0,
C-B-1,2,0.56089,-16.108,16.8997,1579,-35.73,36.6,15.4,26,2487,35.73,-36.6,14.0,26,-0.575,0,
C-B-1,2,0.56188,-16.223,16.8899,1576,-36.23,35.7,15.4,26,2489,36.23,-35.7,14.0,26,-0.614,0,
C-B-1,2,0.56289,-16.3381,16.88,1573,-37.24,33.9,15.4,26,2492,36.23,-35.7,14.0,26,-0.614,0,
C-B-1,2,0.56388,-16.4148,16.8734,1571,-36.73,34.800000000000004,15.4,26,2494,36.23,-35.7,14.0,26,-0.614,0,
C-B-1,2,0.56489,-16.5682,16.86,1567,-36.23,35.7,15.4,26,2496,35.73,-36.6,14.0,26,-0.69,0,
C-B-1,2,0.56589,-16.6449,16.8533,1565,-36.23,35.7,15.4,26,2498,35.22,-37.4,14.0,26,-0.69,0,
C-B-1,2,0.56689,-16.7599,16.8431,1562,-36.73,34.800000000000004,15.4,26,2500,35.73,-36.6,14.0,26,-0.729,0,
C-B-1,2,0.56789,-16.8366,16.8363,1560,-36.23,35.7,15.4,26,2503,35.73,-36.6,14.0,26,-0.69,0,
C-B-1,2,0.56888,-16.9517,16.826,1557,-36.73,34.800000000000004,15.4,26,2507,35.73,-36.6,14.0,26,-0.652,0,
C-B-1,2,0.56989,-16.9901,16.8226,1556,-36.23,35.7,15.4,26,2509,35.22,-37.4,14.0,26,-0.614,0,
C-B-1,2,0.57089,-17.1051,16.8122,1553,-36.23,35.7,15.4,26,2512,36.23,-35.7,14.0,26,-0.614,0,
C-B-1,2,0.57188,-17.1818,16.8053,1551,-36.73,34.800000000000004,15.4,26,2515,36.23,-35.7,14.0,26,-0.575,0,
C-B-1,2,0.57289,-17.2969,16.7948,1548,-37.24,33.9,15.4,26,2517,36.23,-35.7,14.0,26,-0.614,0,
C-B-1,2,0.57389,-17.4119,16.7843,1545,-36.23,35.7,15.4,26,2518,35.22,-37.4,14.0,26,-0.69,0,
C-B-1,2,0.57489,-17.527,16.7737,1542,-36.23,35.7,15.4,26,2520,35.22,-37.4,14.0,26,-0.729,0,
C-B-1,2,0.57589,-17.642,16.763,1539,-37.24,33.9,15.4,26,2524,36.73,-34.800000000000004,14.0,26,-0.69,0,
C-B-1,2,0.57689,-17.7188,16.7559,1537,-36.73,34.800000000000004,15.4,26,2526,36.73,-34.800000000000004,14.0,26,-0.69,0,
C-B-1,2,0.57789,-17.8338,16.7451,1534,-37.24,33.9,15.4,26,2528,36.23,-35.7,14.0,26,-0.729,0,
C-B-1,2,0.57889,-17.8722,16.7415,1533,-36.73,34.800000000000004,15.4,26,2529,35.73,-36.6,14.0,26,-0.729,0,
C-B-1,2,0.57989,-17.9872,16.7306,1530,-36.73,34.800000000000004,15.4,26,2533,36.73,-34.800000000000004,14.0,26,-0.69,0,
C-B-1,2,0.58089,-18.0639,16.7233,1528,-37.24,33.9,15.4,26,2535,37.24,-33.9,14.0,26,-0.69,0,
C-B-1,2,0.58189,-18.179,16.7123,1525,-37.74,33.1,15.4,26,2538,37.24,-33.9,14.0,26,-0.69,0,
C-B-1,2,0.58289,-18.294,16.7013,1522,-36.23,35.7,15.4,26,2541,36.23,-35.7,14.0,26,-0.69,0,
C-B-1,2,0.58389,-18.4091,16.6901,1519,-36.73,34.800000000000004,15.4,26,2544,36.73,-34.800000000000004,14.0,26,-0.69,0,
C-B-1,2,0.58489,-18.5241,16.679,1516,-37.74,33.1,15.4,26,2547,37.24,-33.9,14.0,26,-0.69,0,
C-B-1,2,0.58589,-18.6009,16.6715,1514,-37.24,33.9,15.4,26,2549,37.24,-33.9,14.0,26,-0.69,0,
C-B-1,2,0.5869,-18.6776,16.6639,1512,-37.24,33.9,15.4,26,2551,37.24,-33.9,14.0,26,-0.69,0,
C-B-1,2,0.58789,-18.7543,16.6564,1510,-36.73,34.800000000000004,15.4,26,2553,37.24,-33.9,14.0,26,-0.69,0,
C-B-1,2,0.5889,-18.831,16.6488,1508,-36.23,35.7,15.4,26,2555,36.23,-35.7,14.0,26,-0.69,0,
C-B-1,2,0.58989,-18.9077,16.6412,1506,-36.73,34.800000000000004,15.4,26,2557,36.73,-34.800000000000004,14.0,26,-0.69,0,
C-B-1,2,0.59089,-19.0227,16.6297,1503,-36.73,34.800000000000004,15.4,26,2560,36.73,-34.800000000000004,14.0,26,-0.69,0,
C-B-1,2,0.5919,-19.1378,16.6181,1500,-36.73,34.800000000000004,15.4,26,2563,35.73,-36.6,14.0,26,-0.69,0,
C-B-1,2,0.59289,-19.1761,16.6143,1499,-36.23,35.7,15.4,26,2566,36.23,-35.7,14.0,26,-0.614,0,
C-B-1,2,0.5939,-19.2912,16.6026,1496,-36.23,35.7,15.4,26,2568,36.23,-35.7,14.0,26,-0.652,0,
C-B-1,2,0.59489,-19.3679,16.5949,1494,-36.73,34.800000000000004,15.4,26,2571,36.73,-34.800000000000004,14.0,26,-0.614,0,
C-B-1,2,0.59589,-19.483,16.5831,1491,-37.24,33.9,15.4,26,2573,36.73,-34.800000000000004,14.0,26,-0.652,0,
C-B-1,2,0.59689,-19.6364,16.5673,1487,-36.73,34.800000000000004,15.4,26,2574,35.73,-36.6,14.0,26,-0.767,0,
C-B-1,2,0.5979,-19.7131,16.5594,1485,-36.23,35.7,15.4,26,2576,35.22,-37.4,14.0,26,-0.767,0,
C-B-1,2,0.59889,-19.8281,16.5475,1482,-37.24,33.9,15.4,26,2579,36.23,-35.7,14.0,26,-0.767,0,
C-B-1,2,0.59989,-19.9048,16.5395,1480,-36.73,34.800000000000004,15.4,26,2582,36.73,-34.800000000000004,14.0,26,-0.729,0,
C-B-1,2,0.6009,-20.0199,16.5274,1477,-37.24,33.9,15.4,26,2586,35.73,-36.6,14.0,26,-0.69,0,
C-B-1,2,0.60189,-20.0582,16.5234,1476,-36.23,35.7,15.4,26,2588,35.73,-36.6,14.0,26,-0.652,0,
C-B-1,2,0.6029,-20.1733,16.5112,1473,-36.73,34.800000000000004,15.4,26,2591,36.73,-34.800000000000004,14.0,26,-0.652,0,
C-B-1,2,0.60389,-20.25,16.5031,1471,-37.74,33.1,15.4,26,2593,36.73,-34.800000000000004,14.0,26,-0.652,0,
C-B-1,2,0.6049,-20.3267,16.4949,1469,-37.24,33.9,15.4,26,2597,36.73,-34.800000000000004,14.0,26,-0.575,0,
C-B-1,2,0.60589,-20.4801,16.4785,1465,-36.73,34.800000000000004,15.4,26,2598,36.23,-35.7,14.0,26,-0.69,0,
C-B-1,2,0.60689,-20.5952,16.4661,1462,-36.73,34.800000000000004,15.4,26,2600,36.23,-35.7,14.0,26,-0.729,0,
C-B-1,2,0.6079,-20.6719,16.4578,1460,-37.24,33.9,15.4,26,2603,37.24,-33.9,14.0,26,-0.69,0,
C-B-1,2,0.60887,-20.7869,16.4453,1457,-37.24,33.9,15.4,26,2605,36.23,-35.7,14.0,26,-0.729,0,
C-B-1,2,0.6099,-20.8636,16.4369,1455,-37.24,33.9,15.4,26,2609,35.73,-36.6,14.0,26,-0.652,0,
C-B-1,2,0.6109,-20.9403,16.4285,1453,-36.73,34.800000000000004,15.4,26,2612,36.23,-35.7,14.0,26,-0.614,0,
C-B-1,2,0.61189,-21.017,16.4201,1451,-36.73,34.800000000000004,15.4,26,2614,36.73,-34.800000000000004,14.0,26,-0.614,0,
C-B-1,2,0.6129,-21.1321,16.4074,1448,-37.74,33.1,15.4,26,2617,36.73,-34.800000000000004,14.0,26,-0.614,0,
C-B-1,2,0.6139,-21.2088,16.3989,1446,-37.24,33.9,15.4,26,2619,36.23,-35.7,14.0,26,-0.614,0,
C-B-1,2,0.61493,-21.3622,16.3818,1442,-36.73,34.800000000000004,15.4,26,2620,35.73,-36.6,14.0,26,-0.729,0,
C-B-1,2,0.61589,-21.4773,16.3689,1439,-37.24,33.9,15.4,26,2624,36.23,-35.7,14.0,26,-0.69,0,
C-B-1,2,0.61689,-21.554,16.3603,1437,-37.24,33.9,15.4,26,2625,36.23,-35.7,14.0,26,-0.729,0,
C-B-1,2,0.61789,-21.669,16.3472,1434,-37.74,33.1,15.4,26,2628,36.73,-34.800000000000004,14.0,26,-0.729,0,
C-B-1,2,0.6189,-21.7457,16.3385,1432,-37.74,33.1,15.4,26,2630,36.73,-34.800000000000004,14.0,26,-0.729,0,
C-B-1,2,0.61989,-21.8224,16.3298,1430,-37.24,33.9,15.4,26,2632,36.23,-35.7,14.0,26,-0.729,0,
C-B-1,2,0.62088,-21.9375,16.3166,1427,-37.24,33.9,15.4,26,2634,36.23,-35.7,14.0,26,-0.767,0,
C-B-1,2,0.6219,-22.0142,16.3078,1425,-37.74,33.1,15.4,26,2636,36.73,-34.800000000000004,14.0,26,-0.767,0,
C-B-1,2,0.62288,-22.0909,16.299,1423,-37.24,33.9,15.4,26,2639,36.73,-34.800000000000004,14.0,26,-0.729,0,
C-B-1,2,0.6239,-22.2443,16.2812,1419,-36.73,34.800000000000004,15.4,26,2642,35.73,-36.6,14.0,26,-0.767,0,
C-B-1,2,0.62488,-22.3594,16.2678,1416,-37.24,33.9,15.4,26,2645,36.23,-35.7,14.0,26,-0.767,0,
C-B-1,2,0.62589,-22.4361,16.2588,1414,-37.24,33.9,15.4,26,2648,37.24,-33.9,14.0,26,-0.729,0,
C-B-1,2,0.6269,-22.5511,16.2453,1411,-37.74,33.1,15.4,26,2651,37.74,-33.1,14.0,26,-0.729,0,
C-B-1,2,0.62788,-22.6278,16.2363,1409,-37.24,33.9,15.4,26,2653,37.24,-33.9,14.0,26,-0.729,0,
C-B-1,2,0.6289,-22.6662,16.2317,1408,-36.73,34.800000000000004,15.4,26,2655,36.73,-34.800000000000004,14.0,26,-0.69,0,
C-B-1,2,0.6299,-22.7429,16.2226,1406,-36.73,34.800000000000004,15.4,26,2657,36.73,-34.800000000000004,14.0,26,-0.69,0,
C-B-1,2,0.63088,-22.858,16.209,1403,-37.74,33.1,15.4,26,2660,37.24,-33.9,14.0,26,-0.69,0,
C-B-1,2,0.6319,-22.9347,16.1998,1401,-37.24,33.9,15.4,26,2662,37.24,-33.9,14.0,26,-0.69,0,
C-B-1,2,0.63288,-23.0881,16.1814,1397,-36.73,34.800000000000004,15.4,26,2666,36.73,-34.800000000000004,14.0,26,-0.69,0,
C-B-1,2,0.6339,-23.0881,16.1814,1397,-36.73,34.800000000000004,15.4,26,2668,35.73,-36.6,14.0,26,-0.614,0,
C-B-1,2,0.63488,-23.2798,16.1582,1392,-37.24,33.9,15.4,26,2671,36.73,-34.800000000000004,14.0,26,-0.69,0,
C-B-1,2,0.63592,-23.2798,16.1582,1392,-37.24,33.9,15.4,26,2673,36.73,-34.800000000000004,14.0,26,-0.614,0,
C-B-1,2,0.63689,-23.5099,16.1302,1386,-37.74,33.1,15.4,26,2675,36.23,-35.7,14.0,26,-0.767,0,
C-B-1,2,0.6379,-23.5483,16.1255,1385,-36.73,34.800000000000004,15.4,26,2676,35.73,-36.6,14.0,26,-0.767,0,
C-B-1,2,0.63889,-23.625,16.116,1383,-36.73,34.800000000000004,15.4,26,2678,35.22,-37.4,14.0,26,-0.767,0,
C-B-1,2,0.63991,-23.7401,16.1018,1380,-37.24,33.9,15.4,26,2681,36.23,-35.7,14.0,26,-0.767,0,
C-B-1,2,0.6409,-23.8551,16.0876,1377,-37.74,33.1,15.4,26,2683,35.73,-36.6,14.0,26,-0.805,0,
C-B-1,2,0.64189,-23.9318,16.0781,1375,-37.24,33.9,15.4,26,2688,35.73,-36.6,14.0,26,-0.69,0,
C-B-1,2,0.6429,-24.0085,16.0685,1373,-37.24,33.9,15.4,26,2690,35.73,-36.6,14.0,26,-0.69,0,
C-B-1,2,0.6439,-24.0852,16.0589,1371,-36.73,34.800000000000004,15.4,26,2692,36.23,-35.7,14.0,26,-0.69,0,
C-B-1,2,0.64489,-24.2003,16.0444,1368,-37.74,33.1,15.4,26,2695,36.23,-35.7,14.0,26,-0.69,0,
C-B-1,2,0.64591,-24.3153,16.0299,1365,-37.74,33.1,15.4,26,2698,36.73,-34.800000000000004,14.0,26,-0.69,0,
C-B-1,2,0.64689,-24.4304,16.0154,1362,-36.73,34.800000000000004,15.4,26,2700,36.23,-35.7,14.0,26,-0.729,0,
C-B-1,2,0.6479,-24.5455,16.0007,1359,-37.24,33.9,15.4,26,2702,36.23,-35.7,14.0,26,-0.767,0,
C-B-1,2,0.64891,-24.6605,15.986,1356,-37.74,32.0,15.4,26,2705,36.73,-34.800000000000004,14.0,26,-0.767,0,
C-B-1,2,0.6499,-24.7372,15.9762,1354,-37.24,32.800000000000004,15.4,26,2708,37.24,-33.9,14.0,26,-0.729,0,
C-B-1,2,0.65089,-24.8523,15.9614,1351,-37.74,30.400000000000002,15.4,26,2712,36.73,-34.800000000000004,14.0,26,-0.69,0,
C-B-1,2,0.6519,-24.929,15.9514,1349,-37.74,30.400000000000002,15.4,26,2714,36.73,-34.800000000000004,14.0,26,-0.69,0,
C-B-1,2,0.6529,-25.0057,15.9415,1347,-37.24,30.400000000000002,15.4,26,2717,37.74,-33.1,14.0,26,-0.652,0,
C-B-1,2,0.6539,-25.0824,15.9315,1345,-37.74,28.8,15.4,26,2719,37.24,-33.6,14.0,26,-0.652,0,
C-B-1,2,0.65488,-25.1591,15.9215,1343,-37.74,28.0,15.4,26,2722,37.24,-32.800000000000004,14.0,26,-0.614,0,
C-B-1,2,0.65591,-25.3125,15.9015,1339,-37.24,27.200000000000003,15.4,26,2723,36.23,-35.4,14.0,26,-0.729,0,
C-B-1,2,0.6569,-25.3892,15.8914,1337,-37.24,26.400000000000002,15.4,26,2725,36.23,-34.6,14.0,26,-0.729,0,
C-B-1,2,0.65791,-25.5043,15.8762,1334,-38.24,23.1,15.4,26,2728,36.73,-32.9,14.0,26,-0.729,0,
C-B-1,2,0.6589,-25.581,15.866,1332,-37.74,23.200000000000003,15.4,26,2731,37.24,-30.400000000000002,14.0,26,-0.69,0,
C-B-1,2,0.65988,-25.696,15.8508,1329,-37.74,21.6,15.4,26,2734,36.23,-32.2,14.0,26,-0.69,0,
C-B-1,2,0.66088,-25.7344,15.8456,1328,-37.24,22.400000000000002,15.4,26,2734,36.73,-29.700000000000003,14.0,26,-0.729,0,
C-B-1,2,0.66189,-25.8111,15.8354,1326,-36.73,21.700000000000003,15.4,26,2737,36.73,-28.900000000000002,14.0,26,-0.69,0,
C-B-1,2,0.66289,-25.8878,15.8251,1324,-37.24,20.0,15.4,26,2739,36.73,-28.1,14.0,26,-0.69,0,
C-B-1,2,0.66391,-25.9645,15.8148,1322,-36.73,20.1,15.4,26,2741,36.73,-26.5,14.0,26,-0.69,0,
C-B-1,2,0.66488,-26.1179,15.7942,1318,-36.23,17.8,15.4,26,2745,36.23,-27.400000000000002,14.0,26,-0.69,0,
C-B-1,2,0.66589,-26.233,15.7786,1315,-36.23,15.4,15.4,26,2748,36.73,-24.900000000000002,14.0,26,-0.69,0,
C-B-1,2,0.66689,-26.2713,15.7734,1314,-36.23,14.600000000000001,14.2,26,2750,37.24,-23.200000000000003,14.0,26,-0.652,0,
C-B-1,2,0.66788,-26.3864,15.7577,1311,-36.73,11.3,14.2,26,2753,37.74,-20.8,14.0,26,-0.652,0,
C-B-1,2,0.66889,-26.4631,15.7472,1309,-36.23,10.600000000000001,14.2,26,2755,37.24,-20.8,14.0,26,-0.652,0,
C-B-1,2,0.66989,-26.5014,15.742,1308,-35.22,11.5,14.2,26,2756,36.73,-20.900000000000002,14.0,26,-0.652,0,
C-B-1,2,0.67089,-26.5781,15.7315,1306,-35.22,9.9,14.2,26,2759,36.73,-19.3,14.0,26,-0.614,0,
C-B-1,2,0.67188,-26.6548,15.7209,1304,-35.22,8.3,14.2,26,2761,36.73,-18.5,14.0,26,-0.614,0,
C-B-1,2,0.67288,-26.7315,15.7103,1302,-35.22,6.7,14.2,26,2763,36.73,-16.900000000000002,14.0,26,-0.614,0,
C-B-1,2,0.67389,-26.8466,15.6944,1299,-33.71,7.0,14.2,26,2766,35.73,-16.3,14.0,26,-0.614,0,
C-B-1,2,0.6749,-26.9233,15.6838,1297,-33.71,5.4,14.2,26,2769,35.73,-13.9,14.0,26,-0.575,0,
C-B-1,2,0.67588,-26.9616,15.6784,1296,-33.71,4.6000000000000005,14.2,26,2770,35.22,-13.9,14.0,26,-0.575,0,
C-B-1,2,0.67689,-27.0767,15.6624,1293,-33.71,2.2,14.2,26,2773,35.73,-10.700000000000001,14.0,26,-0.575,0,
C-B-1,2,0.67789,-27.1151,15.657,1292,-32.71,3.1,14.2,26,2774,34.72,-11.600000000000001,14.0,26,-0.575,0,
C-B-1,2,0.67889,-27.1534,15.6516,1291,-32.2,3.2,14.2,26,2775,33.71,-12.600000000000001,14.0,26,-0.575,0,
C-B-1,2,0.67989,-27.2301,15.6409,1289,-31.7,2.5,14.2,26,2777,33.21,-11.8,14.0,26,-0.575,0,
C-B-1,2,0.68089,-27.3068,15.6301,1287,-31.7,0.9,14.2,26,2779,33.71,-9.4,14.0,26,-0.575,0,
C-B-1,2,0.68189,-27.3452,15.6247,1286,-31.2,0.9,14.2,26,2781,33.71,-7.800000000000001,14.0,26,-0.537,0,
C-B-1,2,0.68288,-27.3835,15.6193,1285,-30.7,1.0,14.2,26,2784,32.71,-7.1000000000000005,14.0,26,-0.46,0,
C-B-1,2,0.68389,-27.4602,15.6084,1283,-30.19,0.30000000000000004,14.2,26,2786,32.2,-6.4,14.0,26,-0.46,0,
C-B-1,2,0.68489,-27.4986,15.603,1282,-29.69,0.4,14.2,26,2787,32.2,-5.6000000000000005,14.0,26,-0.46,0,
C-B-1,2,0.68589,-27.5753,15.5921,1280,-29.69,-1.2000000000000002,14.2,26,2789,32.2,-4.0,14.0,26,-0.46,0,
C-B-1,2,0.68689,-27.6136,15.5867,1279,-29.19,-1.1,14.2,26,2791,31.7,-3.3000000000000003,14.0,26,-0.422,0,
C-B-1,2,0.68789,-27.6903,15.5757,1277,-27.68,-0.1,14.2,26,2791,30.19,-5.9,14.0,26,-0.499,0,
C-B-1,2,0.68888,-27.767,15.5648,1275,-27.17,-0.8,14.2,26,2793,30.19,-4.3,14.0,26,-0.499,0,
C-B-1,2,0.68989,-27.8054,15.5593,1274,-27.17,-1.6,14.2,26,2795,30.7,-1.8,14.0,26,-0.46,0,
C-B-1,2,0.69089,-27.8821,15.5483,1272,-27.17,-3.2,14.2,26,2797,30.19,-1.1,14.0,26,-0.46,0,
C-B-1,2,0.69189,-27.9205,15.5428,1271,-26.67,-3.2,14.2,26,2800,29.69,0.4,14.0,26,-0.384,0,
C-B-1,2,0.6929,-27.9588,15.5373,1270,-26.17,-3.1,14.2,26,2801,28.68,-0.5,14.0,26,-0.384,0,
C-B-1,2,0.69389,-27.9972,15.5317,1269,-25.16,-2.1,14.2,26,2803,29.19,1.9000000000000001,14.0,26,-0.345,0,
C-B-1,2,0.6949,-28.0739,15.5207,1267,-25.66,-4.6000000000000005,14.2,26,2804,28.18,1.0,14.0,26,-0.384,0,
C-B-1,2,0.69589,-28.1122,15.5151,1266,-24.66,-3.7,14.2,26,2805,27.68,0.9,14.0,26,-0.384,0,
C-B-1,2,0.69689,-28.1506,15.5096,1265,-23.15,-1.8,14.2,26,2806,26.67,0.0,14.0,26,-0.384,0,
C-B-1,2,0.69789,-28.2273,15.4984,1263,-23.15,-3.4000000000000004,14.2,26,2808,26.67,1.6,14.0,26,-0.384,0,
C-B-1,2,0.6989,-28.2656,15.4929,1262,-23.15,-4.2,14.2,26,2809,26.67,2.4000000000000004,14.0,26,-0.384,0,
C-B-1,2,0.69989,-28.304,15.4873,1261,-22.64,-4.2,14.2,26,2810,25.66,1.4000000000000001,14.0,26,-0.384,0,
C-B-1,2,0.70089,-28.3423,15.4817,1260,-22.14,-4.1000000000000005,14.2,26,2812,24.66,1.3,14.0,26,-0.345,0,
C-B-1,2,0.7019,-28.3807,15.4761,1259,-21.64,-4.0,14.2,26,2814,24.15,2.0,14.0,26,-0.307,0,
C-B-1,2,0.70289,-28.419,15.4705,1258,-21.13,-3.9000000000000004,14.2,26,2815,24.66,3.7,14.0,26,-0.307,0,
C-B-1,2,0.70389,-28.4574,15.4649,1257,-21.13,-4.7,14.2,26,2817,24.15,4.4,14.0,26,-0.268,0,
C-B-1,2,0.70489,-28.4957,15.4593,1256,-20.63,-4.7,14.2,26,2818,24.15,5.2,14.0,26,-0.268,0,
C-B-1,2,0.70589,-28.5724,15.448,1254,-19.62,-4.5,14.2,26,2819,23.15,4.2,14.0,26,-0.307,0,
C-B-1,2,0.7069,-28.6108,15.4424,1253,-19.62,-5.300000000000001,14.2,26,2820,23.15,5.0,14.0,26,-0.307,0,
C-B-1,2,0.70789,-28.6491,15.4368,1252,-19.62,-6.1000000000000005,14.2,26,2821,23.15,5.800000000000001,14.0,26,-0.307,0,
C-B-1,2,0.7089,-28.6875,15.4311,1251,-19.12,-6.0,14.2,26,2823,23.15,7.4,14.0,26,-0.268,0,
C-B-1,2,0.70989,-28.7259,15.4255,1250,-18.62,-6.0,14.2,26,2823,22.14,5.7,14.0,26,-0.307,0,
C-B-1,2,0.7109,-28.7642,15.4198,1249,-18.62,-6.800000000000001,14.2,26,2824,21.64,5.6000000000000005,14.0,26,-0.307,0,
C-B-1,2,0.71189,-28.7642,15.4198,1249,-18.12,-5.9,14.2,26,2825,21.13,5.5,14.0,26,-0.268,0,
C-B-1,2,0.7129,-28.8026,15.4141,1248,-17.61,-5.800000000000001,14.2,26,2826,21.13,6.300000000000001,14.0,26,-0.268,0,
C-B-1,2,0.71389,-28.8409,15.4085,1247,-17.61,-6.6000000000000005,14.2,26,2827,20.63,6.300000000000001,14.0,26,-0.268,0,
C-B-1,2,0.7149,-28.9176,15.3971,1245,-17.11,-7.300000000000001,14.2,26,2828,19.62,5.300000000000001,14.0,26,-0.307,0,
C-B-1,2,0.71589,-28.956,15.3914,1244,-16.61,-7.300000000000001,14.2,26,2829,19.12,5.2,14.0,26,-0.307,0,
C-B-1,2,0.7169,-28.956,15.3914,1244,-16.61,-7.300000000000001,14.2,26,2830,19.62,6.9,14.0,26,-0.268,0,
C-B-1,2,0.71789,-28.9943,15.3857,1243,-16.1,-7.2,14.2,26,2831,19.12,6.800000000000001,14.0,26,-0.268,0,
C-B-1,2,0.7189,-29.0327,15.38,1242,-16.1,-8.0,14.2,26,2832,18.62,6.800000000000001,14.0,26,-0.268,0,
C-B-1,2,0.71989,-29.071,15.3742,1241,-15.6,-7.9,14.2,26,2832,17.61,5.0,14.0,26,-0.307,0,
C-B-1,2,0.7209,-29.071,15.3742,1241,-15.1,-7.0,14.2,26,2833,17.11,4.9,14.0,26,-0.268,0,
C-B-1,2,0.72189,-29.1094,15.3685,1240,-15.1,-7.800000000000001,14.2,26,2834,17.11,5.7,14.0,26,-0.268,0,
C-B-1,2,0.7229,-29.1477,15.3628,1239,-15.1,-8.6,14.2,26,2835,17.11,6.5,14.0,26,-0.268,0,
C-B-1,2,0.7239,-29.1861,15.3571,1238,-14.59,-8.5,14.2,26,2836,16.1,5.6000000000000005,14.0,26,-0.268,0,
C-B-1,2,0.7249,-29.1861,15.3571,1238,-14.09,-7.7,14.2,26,2837,16.1,6.4,14.0,26,-0.23,0,
C-B-1,2,0.7259,-29.2244,15.3513,1237,-14.09,-8.5,14.2,26,2837,15.6,5.5,14.0,26,-0.268,0,
C-B-1,2,0.72689,-29.2628,15.3456,1236,-14.59,-10.100000000000001,14.2,26,2838,15.1,5.4,14.0,26,-0.268,0,
C-B-1,2,0.72789,-29.2628,15.3456,1236,-13.59,-8.4,14.2,26,2839,15.1,6.2,14.0,26,-0.23,0,
C-B-1,2,0.7289,-29.3395,15.334,1234,-13.59,-10.0,14.2,26,2839,14.59,5.300000000000001,14.0,26,-0.307,0,
C-B-1,2,0.72989,-29.3395,15.334,1234,-13.08,-9.1,14.2,26,2840,14.59,6.1000000000000005,14.0,26,-0.268,0,
C-B-1,2,0.7309,-29.3778,15.3283,1233,-13.08,-9.9,14.2,26,2840,14.09,5.300000000000001,14.0,26,-0.307,0,
C-B-1,2,0.73189,-29.4162,15.3225,1232,-13.08,-10.700000000000001,14.2,26,2841,13.59,5.2,14.0,26,-0.307,0,
C-B-1,2,0.7329,-29.4545,15.3167,1231,-13.08,-11.5,14.2,26,2842,12.58,4.2,14.0,26,-0.307,0,
C-B-1,2,0.7339,-29.4545,15.3167,1231,-12.58,-10.600000000000001,14.2,26,2843,12.58,5.0,14.0,26,-0.268,0,
C-B-1,2,0.7349,-29.4929,15.3109,1230,-12.58,-11.4,14.2,26,2843,12.08,4.2,14.0,26,-0.307,0,
C-B-1,2,0.73589,-29.5313,15.3051,1229,-12.58,-12.200000000000001,14.2,26,2844,12.08,5.0,14.0,26,-0.307,0,
C-B-1,2,0.7369,-29.5313,15.3051,1229,-12.08,-11.4,14.2,26,2845,12.08,5.800000000000001,14.0,26,-0.268,0,
C-B-1,2,0.7379,-29.608,15.2935,1227,-12.08,-13.0,14.2,26,2845,11.07,4.0,14.0,26,-0.345,0,
C-B-1,2,0.7389,-29.608,15.2935,1227,-11.57,-12.100000000000001,14.2,26,2845,11.07,4.0,14.0,26,-0.345,0,
C-B-1,2,0.73989,-29.6463,15.2877,1226,-11.57,-12.9,14.2,26,2846,11.07,4.800000000000001,14.0,26,-0.345,0,
C-B-1,2,0.7409,-29.6847,15.2818,1225,-12.08,-14.600000000000001,14.2,26,2846,10.57,3.9000000000000004,14.0,26,-0.384,0,
C-B-1,2,0.7419,-29.6847,15.2818,1225,-11.57,-13.700000000000001,14.2,26,2847,10.06,3.9000000000000004,14.0,26,-0.345,0,
C-B-1,2,0.7429,-29.723,15.276,1224,-11.57,-14.5,14.2,26,2848,10.06,4.7,14.0,26,-0.345,0,
C-B-1,2,0.7439,-29.723,15.276,1224,-11.07,-13.600000000000001,14.2,26,2848,10.06,4.7,14.0,26,-0.345,0,
C-B-1,2,0.7449,-29.7614,15.2702,1223,-11.07,-14.4,14.2,26,2848,9.56,3.8000000000000003,14.0,26,-0.384,0,
C-B-1,2,0.7459,-29.7614,15.2702,1223,-10.57,-13.5,14.2,26,2848,9.06,2.9000000000000004,14.0,26,-0.384,0,
C-B-1,2,0.7469,-29.7614,15.2702,1223,-10.06,-12.700000000000001,14.2,26,2849,9.06,3.7,14.0,26,-0.345,0,
C-B-1,2,0.7479,-29.7997,15.2643,1222,-10.06,-13.5,14.2,26,2849,8.55,2.8000000000000003,14.0,26,-0.384,0,
C-B-1,2,0.74889,-29.7997,15.2643,1222,-9.56,-12.600000000000001,14.2,26,2849,8.55,2.8000000000000003,14.0,26,-0.384,0,
C-B-1,2,0.7499,-29.7997,15.2643,1222,-9.56,-12.600000000000001,14.2,26,2850,8.55,3.6,14.0,26,-0.345,0,
C-B-1,2,0.7509,-29.8381,15.2585,1221,-9.56,-13.4,14.2,26,2850,7.55,1.9000000000000001,14.0,26,-0.384,0,
C-B-1,2,0.7519,-29.8381,15.2585,1221,-9.06,-12.5,14.2,26,2850,7.55,1.9000000000000001,14.0,26,-0.384,0,
C-B-1,2,0.7529,-29.8381,15.2585,1221,-8.55,-11.600000000000001,14.2,26,2851,8.05,3.6,14.0,26,-0.345,0,
C-B-1,2,0.7539,-29.8764,15.2526,1220,-9.06,-13.3,14.2,26,2851,7.04,1.8,14.0,26,-0.384,0,
C-B-1,2,0.75491,-29.8764,15.2526,1220,-8.55,-12.4,14.2,26,2851,7.04,1.8,14.0,26,-0.384,0,
C-B-1,2,0.7559,-29.8764,15.2526,1220,-8.05,-11.600000000000001,14.2,26,2851,6.54,0.9,14.0,26,-0.384,0,
C-B-1,2,0.7569,-29.8764,15.2526,1220,-7.55,-10.700000000000001,14.2,26,2852,6.54,1.7000000000000002,14.0,26,-0.345,0,
C-B-1,2,0.7579,-29.9148,15.2467,1219,-7.55,-11.5,14.2,26,2852,6.54,1.7000000000000002,14.0,26,-0.384,0,
C-B-1,2,0.7589,-29.9148,15.2467,1219,-7.55,-11.5,14.2,26,2852,6.04,0.9,14.0,26,-0.384,0,
C-B-1,2,0.7599,-29.9148,15.2467,1219,-7.04,-10.600000000000001,14.2,26,2852,6.04,0.9,14.0,26,-0.384,0,
C-B-1,2,0.76091,-29.9148,15.2467,1219,-6.54,-9.700000000000001,14.2,26,2852,5.54,0.0,14.0,26,-0.384,0,
C-B-1,2,0.7619,-29.9148,15.2467,1219,-6.04,-8.9,14.2,26,2852,5.03,-0.9,14.0,26,-0.384,0,
C-B-1,2,0.76291,-29.9148,15.2467,1219,-6.04,-8.9,14.2,26,2852,5.03,-0.9,14.0,26,-0.384,0,
C-B-1,2,0.76391,-29.9148,15.2467,1219,-5.54,-8.0,14.2,26,2852,4.53,-1.8,14.0,26,-0.384,0,
C-B-1,2,0.7649,-29.9148,15.2467,1219,-5.03,-7.1000000000000005,14.2,26,2852,4.03,-2.6,14.0,26,-0.384,0,
C-B-1,2,0.76591,-29.9531,15.2408,1218,-5.03,-7.9,14.2,26,2853,4.03,-1.8,14.0,26,-0.384,0,
C-B-1,2,0.76691,-29.9148,15.2467,1219,-4.03,-5.4,14.2,26,2853,4.03,-1.8,14.0,26,-0.345,0,
C-B-1,2,0.7679,-29.9148,15.2467,1219,-4.03,-5.4,14.2,26,2852,3.52,-3.5,14.0,26,-0.384,0,
C-B-1,2,0.76891,-29.9148,15.2467,1219,-3.52,-4.5,14.2,26,2852,3.02,-4.4,14.0,26,-0.384,0,
C-B-1,2,0.76991,-29.9531,15.2408,1218,-3.52,-5.300000000000001,14.2,26,2853,3.52,-2.7,14.0,26,-0.384,0,
C-B-1,2,0.7709,-29.9148,15.2467,1219,-3.02,-3.6,14.2,26,2853,3.02,-3.6,14.0,26,-0.345,0,
C-B-1,2,0.77191,-29.9148,15.2467,1219,-2.52,-2.7,14.2,26,2852,2.52,-5.300000000000001,14.0,26,-0.384,0,
C-B-1,2,0.77291,-29.9531,15.2408,1218,-3.02,-4.4,14.2,26,2853,2.52,-4.5,14.0,26,-0.384,0,
C-B-1,2,0.77391,-29.9148,15.2467,1219,-2.01,-1.9000000000000001,14.2,26,2853,2.52,-4.5,14.0,26,-0.345,0,
C-B-1,2,0.77491,-29.9148,15.2467,1219,-2.01,-1.9000000000000001,14.2,26,2852,2.01,-6.1000000000000005,14.0,26,-0.384,0,
C-B-1,2,0.7759,-29.9148,15.2467,1219,-2.01,-1.9000000000000001,14.2,26,2853,2.01,-5.300000000000001,14.0,26,-0.345,0,
C-B-1,2,0.77691,-29.9148,15.2467,1219,-2.01,-1.9000000000000001,14.2,26,2852,1.51,-7.0,14.0,26,-0.384,0,
C-B-1,2,0.77791,-29.8764,15.2526,1220,-1.01,0.7000000000000001,14.2,26,2852,1.51,-7.0,14.0,26,-0.345,0,
C-B-1,2,0.77891,-29.8764,15.2526,1220,-1.01,0.7000000000000001,14.2,26,2852,1.01,-7.9,14.0,26,-0.345,0,
C-B-1,2,0.77991,-29.8381,15.2585,1221,0.0,3.2,14.2,26,2852,1.01,-7.9,14.0,26,-0.307,0,
C-B-1,2,0.78091,-29.8381,15.2585,1221,0.0,3.2,14.2,26,2852,1.01,-7.9,14.0,26,-0.307,0,
C-B-1,2,0.78191,-29.8381,15.2585,1221,0.0,3.2,14.2,26,2852,0.0,-9.600000000000001,14.0,26,-0.307,0,
C-B-1,2,0.78291,-29.8381,15.2585,1221,0.0,3.2,14.2,26,2852,0.0,-9.600000000000001,15.0,26,-0.307,0,
C-B-1,2,0.7839,-29.7997,15.2643,1222,1.01,5.7,14.3,26,2852,0.0,-9.600000000000001,15.0,26,-0.268,0,
C-B-1,2,0.78491,-29.7997,15.2643,1222,1.01,5.7,14.3,26,2852,0.0,-9.600000000000001,15.0,26,-0.268,0,
C-B-1,2,0.7859,-29.7997,15.2643,1222,1.01,5.7,14.3,26,2852,0.0,-9.600000000000001,15.0,26,-0.268,0,
C-B-1,2,0.78691,-29.7997,15.2643,1222,1.01,5.7,14.3,26,2851,0.0,-10.4,15.0,26,-0.307,0,
C-B-1,2,0.78791,-29.7997,15.2643,1222,1.51,6.6000000000000005,14.3,26,2851,0.0,-10.4,15.0,26,-0.307,0,
C-B-1,2,0.7889,-29.7614,15.2702,1223,2.01,8.3,14.3,26,2851,0.0,-10.4,15.0,26,-0.268,0,
C-B-1,2,0.78992,-29.7997,15.2643,1222,1.51,6.6000000000000005,14.3,26,2851,0.0,-10.4,15.0,26,-0.307,0,
C-B-1,2,0.7909,-29.7614,15.2702,1223,2.01,8.3,14.3,26,2851,0.0,-10.4,15.0,26,-0.268,0,
C-B-1,2,0.79191,-29.7614,15.2702,1223,2.01,8.3,14.3,26,2851,0.0,-10.4,15.0,26,-0.268,0,
C-B-1,2,0.7929,-29.7614,15.2702,1223,2.01,8.3,14.3,26,2850,-1.01,-12.9,15.0,26,-0.307,0,
C-B-1,2,0.79391,-29.7614,15.2702,1223,2.01,8.3,14.3,26,2850,-1.01,-12.9,15.0,26,-0.307,0,
C-B-1,2,0.79491,-29.7614,15.2702,1223,2.01,8.3,14.3,26,2850,-1.51,-13.8,15.0,26,-0.307,0,
C-B-1,2,0.79591,-29.7614,15.2702,1223,2.52,9.1,14.3,26,2850,-1.51,-13.8,15.0,26,-0.307,0,
C-B-1,2,0.7969,-29.723,15.276,1224,2.52,9.9,14.3,26,2850,-1.01,-12.9,15.0,26,-0.268,0,
C-B-1,2,0.79791,-29.723,15.276,1224,2.52,9.9,14.3,26,2850,-1.01,-12.9,15.0,26,-0.268,0,
C-B-1,2,0.79891,-29.723,15.276,1224,3.02,10.8,14.3,26,2849,-2.01,-15.5,15.0,26,-0.307,0,
C-B-1,2,0.79992,-29.723,15.276,1224,2.52,9.9,14.3,26,2849,-2.01,-15.5,15.0,26,-0.307,0,
C-B-1,2,0.80091,-29.6847,15.2818,1225,3.02,11.600000000000001,14.3,26,2849,-1.51,-14.600000000000001,15.0,26,-0.268,0,
C-B-1,2,0.80192,-29.6847,15.2818,1225,3.52,12.5,14.3,26,2849,-2.01,-15.5,15.0,26,-0.268,0,
C-B-1,2,0.80291,-29.6847,15.2818,1225,3.02,11.600000000000001,14.3,26,2849,-2.01,-15.5,15.0,26,-0.268,0,
C-B-1,2,0.80391,-29.6847,15.2818,1225,3.02,11.600000000000001,14.3,26,2849,-2.01,-15.5,15.0,26,-0.268,0,
C-B-1,2,0.80491,-29.6847,15.2818,1225,3.02,11.600000000000001,14.3,26,2848,-2.01,-16.3,15.0,26,-0.307,0,
C-B-1,2,0.80592,-29.6847,15.2818,1225,2.52,10.700000000000001,14.3,26,2848,-2.01,-16.3,15.0,26,-0.307,0,
C-B-1,2,0.80691,-29.6847,15.2818,1225,2.52,10.700000000000001,14.3,26,2848,-2.01,-16.3,15.0,26,-0.307,0,
C-B-1,2,0.80792,-29.6463,15.2877,1226,3.02,12.4,14.3,26,2847,-2.52,-17.900000000000002,15.0,26,-0.307,0,
C-B-1,2,0.80891,-29.6463,15.2877,1226,2.52,11.5,14.3,26,2847,-2.52,-17.900000000000002,15.0,26,-0.307,0,
C-B-1,2,0.80991,-29.6463,15.2877,1226,2.52,11.5,14.3,26,2847,-2.52,-17.900000000000002,15.0,26,-0.307,0,
C-B-1,2,0.81091,-29.6463,15.2877,1226,2.52,11.5,14.3,26,2847,-2.52,-17.900000000000002,15.0,26,-0.307,0,
C-B-1,2,0.81192,-29.6463,15.2877,1226,2.52,11.5,14.3,26,2847,-2.52,-17.900000000000002,15.0,26,-0.307,0,
C-B-1,2,0.81292,-29.6463,15.2877,1226,2.01,10.700000000000001,14.3,26,2847,-2.52,-17.900000000000002,15.0,26,-0.307,0,
C-B-1,2,0.81391,-29.608,15.2935,1227,2.52,12.3,14.3,26,2846,-3.02,-19.6,15.0,26,-0.307,0,
C-B-1,2,0.81492,-29.6463,15.2877,1226,2.01,10.700000000000001,14.3,26,2846,-3.02,-19.6,15.0,26,-0.345,0,
C-B-1,2,0.81592,-29.608,15.2935,1227,2.52,12.3,14.3,26,2845,-3.02,-20.400000000000002,15.0,26,-0.345,0,
C-B-1,2,0.81691,-29.608,15.2935,1227,2.52,12.3,14.3,26,2845,-3.02,-20.400000000000002,15.0,26,-0.345,0,
C-B-1,2,0.81792,-29.608,15.2935,1227,2.52,12.3,14.3,26,2845,-3.02,-20.400000000000002,15.0,26,-0.345,0,
C-B-1,2,0.81892,-29.608,15.2935,1227,2.01,11.5,14.3,26,2845,-3.02,-20.400000000000002,15.0,26,-0.345,0,
C-B-1,2,0.81992,-29.5696,15.2993,1228,2.52,13.100000000000001,14.3,26,2845,-3.02,-20.400000000000002,15.0,26,-0.307,0,
C-B-1,2,0.82092,-29.5696,15.2993,1228,2.52,13.100000000000001,14.3,26,2845,-3.02,-20.400000000000002,15.0,26,-0.307,0,
C-B-1,2,0.82192,-29.5696,15.2993,1228,2.52,13.100000000000001,14.3,26,2844,-3.52,-22.1,15.0,26,-0.345,0,
C-B-1,2,0.82292,-29.5696,15.2993,1228,2.52,13.100000000000001,14.3,26,2844,-3.02,-21.200000000000003,15.0,26,-0.345,0,
C-B-1,2,0.82391,-29.5696,15.2993,1228,2.52,13.100000000000001,14.3,26,2844,-3.02,-21.200000000000003,15.0,26,-0.345,0,
C-B-1,2,0.82492,-29.5696,15.2993,1228,2.52,13.100000000000001,14.3,26,2844,-3.02,-21.200000000000003,15.0,26,-0.345,0,
C-B-1,2,0.82591,-29.5696,15.2993,1228,2.01,12.3,14.3,26,2843,-3.52,-22.900000000000002,15.0,26,-0.384,0,
C-B-1,2,0.82692,-29.5696,15.2993,1228,2.01,12.3,14.3,26,2843,-3.52,-22.900000000000002,15.0,26,-0.384,0,
C-B-1,2,0.82792,-29.5313,15.3051,1229,2.52,13.9,14.3,26,2843,-3.02,-22.0,15.0,26,-0.345,0,
C-B-1,2,0.82893,-29.5696,15.2993,1228,2.01,12.3,14.3,26,2843,-3.02,-22.0,15.0,26,-0.384,0,
C-B-1,2,0.82992,-29.5313,15.3051,1229,2.01,13.100000000000001,14.3,26,2843,-3.02,-22.0,15.0,26,-0.345,0,
C-B-1,2,0.83092,-29.5313,15.3051,1229,2.01,13.100000000000001,14.3,26,2842,-3.52,-23.700000000000003,15.0,26,-0.384,0,
C-B-1,2,0.83192,-29.5313,15.3051,1229,2.01,13.100000000000001,14.3,26,2843,-3.02,-22.0,15.0,26,-0.345,0,
C-B-1,2,0.83292,-29.5313,15.3051,1229,2.01,13.100000000000001,14.3,26,2841,-3.52,-24.5,15.0,26,-0.422,0,
C-B-1,2,0.83393,-29.5313,15.3051,1229,2.01,13.100000000000001,14.3,26,2841,-3.52,-24.5,15.0,26,-0.422,0,
C-B-1,2,0.83492,-29.4929,15.3109,1230,2.52,14.700000000000001,14.3,26,2841,-3.52,-24.5,15.0,26,-0.384,0,
C-B-1,2,0.83592,-29.5313,15.3051,1229,2.01,13.100000000000001,14.3,26,2841,-3.52,-24.5,15.0,26,-0.422,0,
C-B-1,2,0.83692,-29.4929,15.3109,1230,2.52,14.700000000000001,14.3,26,2840,-3.52,-25.3,15.0,26,-0.422,0,
C-B-1,2,0.83792,-29.4929,15.3109,1230,2.01,13.9,14.3,26,2841,-3.02,-23.6,15.0,26,-0.384,0,
C-B-1,2,0.83895,-29.4929,15.3109,1230,2.01,13.9,14.3,26,2841,-3.02,-23.6,15.0,26,-0.384,0,
C-B-1,2,0.83993,-29.4929,15.3109,1230,2.01,13.9,14.3,26,2840,-3.52,-25.3,15.0,26,-0.422,0,
C-B-1,2,0.84092,-29.4929,15.3109,1230,2.01,13.9,14.3,26,2840,-3.52,-25.3,15.0,26,-0.422,0,
C-B-1,2,0.84192,-29.4929,15.3109,1230,2.01,13.9,14.3,26,2840,-3.52,-25.3,15.0,26,-0.422,0,
C-B-1,2,0.84292,-29.4929,15.3109,1230,1.51,13.0,14.3,26,2840,-3.02,-24.400000000000002,15.0,26,-0.422,0,
C-B-1,2,0.84393,-29.4929,15.3109,1230,2.01,13.9,14.3,26,2839,-3.52,-26.1,15.0,26,-0.46,0,
C-B-1,2,0.84492,-29.4545,15.3167,1231,2.01,14.700000000000001,14.3,26,2839,-3.52,-26.1,15.0,26,-0.422,0,
C-B-1,2,0.84593,-29.4929,15.3109,1230,1.51,13.0,14.3,26,2839,-3.02,-25.200000000000003,15.0,26,-0.46,0,
C-B-1,2,0.84692,-29.4545,15.3167,1231,2.01,14.700000000000001,14.3,26,2838,-3.52,-26.900000000000002,15.0,26,-0.46,0,
C-B-1,2,0.84793,-29.4545,15.3167,1231,2.01,14.700000000000001,14.3,26,2838,-3.52,-26.900000000000002,15.0,26,-0.46,0,
C-B-1,2,0.84892,-29.4545,15.3167,1231,1.51,13.8,14.3,26,2838,-3.52,-26.900000000000002,15.0,26,-0.46,0,
C-B-1,2,0.84992,-29.4545,15.3167,1231,1.51,13.8,14.3,26,2838,-3.52,-26.900000000000002,15.0,26,-0.46,0,
C-B-1,2,0.85092,-29.4545,15.3167,1231,1.51,13.8,14.3,26,2838,-3.02,-26.0,15.0,26,-0.46,0,
C-B-1,2,0.85192,-29.4545,15.3167,1231,1.51,13.8,14.3,26,2838,-3.02,-26.0,15.0,26,-0.46,0,
C-B-1,2,0.85292,-29.4545,15.3167,1231,1.51,13.8,14.3,26,2838,-3.02,-26.0,15.0,26,-0.46,0,
C-B-1,2,0.85393,-29.4162,15.3225,1232,2.01,15.5,14.3,26,2838,-3.02,-26.0,15.0,26,-0.422,0,
C-B-1,2,0.85492,-29.4162,15.3225,1232,2.01,15.5,14.3,26,2837,-3.52,-27.700000000000003,15.0,26,-0.46,0,
C-B-1,2,0.85593,-29.4162,15.3225,1232,1.51,14.600000000000001,14.3,26,2837,-3.02,-26.8,15.0,26,-0.46,0,
C-B-1,2,0.85692,-29.4162,15.3225,1232,1.51,14.600000000000001,14.3,26,2837,-3.02,-26.8,15.0,26,-0.46,0,
C-B-1,2,0.85792,-29.4162,15.3225,1232,2.01,15.5,14.3,26,2837,-3.02,-26.8,15.0,26,-0.46,0,
C-B-1,2,0.85892,-29.4162,15.3225,1232,1.51,14.600000000000001,14.3,26,2836,-3.52,-28.5,15.0,26,-0.499,0,
C-B-1,2,0.85992,-29.4162,15.3225,1232,1.51,14.600000000000001,14.3,26,2836,-3.02,-27.6,15.0,26,-0.499,0,
C-B-1,2,0.86092,-29.4162,15.3225,1232,1.51,14.600000000000001,14.3,26,2836,-3.52,-28.5,15.0,26,-0.499,0,
C-B-1,2,0.86192,-29.3778,15.3283,1233,2.01,16.3,14.3,26,2836,-3.02,-27.6,15.0,26,-0.46,0,
C-B-1,2,0.86292,-29.3778,15.3283,1233,2.01,16.3,14.3,26,2836,-2.52,-26.700000000000003,15.0,26,-0.46,0,
C-B-1,2,0.86392,-29.3778,15.3283,1233,1.51,15.4,14.3,26,2835,-3.02,-28.400000000000002,15.0,26,-0.499,0,
C-B-1,2,0.86493,-29.3778,15.3283,1233,2.01,16.3,14.3,26,2835,-3.02,-28.400000000000002,15.0,26,-0.499,0,
C-B-1,2,0.86593,-29.3778,15.3283,1233,1.51,15.4,14.3,26,2835,-2.52,-27.5,15.0,26,-0.499,0,
C-B-1,2,0.86693,-29.3778,15.3283,1233,1.51,15.4,14.3,26,2835,-3.02,-28.400000000000002,15.0,26,-0.499,0,
C-B-1,2,0.86792,-29.3778,15.3283,1233,1.51,15.4,14.3,26,2835,-3.02,-28.400000000000002,15.0,26,-0.499,0,
C-B-1,2,0.86893,-29.3778,15.3283,1233,1.51,15.4,14.3,26,2835,-2.52,-27.5,15.0,26,-0.499,0,
C-B-1,2,0.86993,-29.3778,15.3283,1233,1.51,15.4,14.3,26,2835,-2.52,-27.5,15.0,26,-0.499,0,
C-B-1,2,0.87093,-29.3778,15.3283,1233,1.51,15.4,14.3,26,2834,-3.02,-29.200000000000003,15.0,26,-0.537,0,
C-B-1,2,0.87193,-29.3778,15.3283,1233,1.51,15.4,14.3,26,2835,-2.52,-27.5,15.0,26,-0.499,0,
C-B-1,2,0.87293,-29.3395,15.334,1234,2.01,17.1,14.3,26,2835,-2.01,-26.700000000000003,15.0,26,-0.46,0,
C-B-1,2,0.87393,-29.3778,15.3283,1233,1.01,14.5,14.3,26,2835,-2.01,-26.700000000000003,15.0,26,-0.499,0,
C-B-1,2,0.87493,-29.3778,15.3283,1233,1.51,15.4,14.3,26,2834,-2.52,-28.3,15.0,26,-0.537,0,
C-B-1,2,0.87593,-29.3778,15.3283,1233,1.51,15.4,14.3,26,2835,-1.51,-25.8,15.0,26,-0.499,0,
C-B-1,2,0.87693,-29.3778,15.3283,1233,1.01,14.5,14.3,26,2834,-2.01,-27.5,15.0,26,-0.537,0,
C-B-1,2,0.87792,-29.3778,15.3283,1233,1.01,14.5,14.3,26,2834,-2.01,-27.5,15.0,26,-0.537,0,
C-B-1,2,0.87893,-29.3778,15.3283,1233,1.01,14.5,14.3,26,2834,-2.01,-27.5,15.0,26,-0.537,0,
C-B-1,2,0.87993,-29.3778,15.3283,1233,1.01,14.5,14.3,26,2834,-2.01,-27.5,15.0,26,-0.537,0,
C-B-1,2,0.88092,-29.3778,15.3283,1233,1.01,14.5,14.3,26,2834,-2.01,-27.5,15.0,26,-0.537,0,
C-B-1,2,0.88193,-29.3778,15.3283,1233,1.01,14.5,14.3,26,2834,-2.01,-27.5,15.0,26,-0.537,0,
C-B-1,2,0.88293,-29.3395,15.334,1234,1.01,15.3,14.3,26,2834,-1.51,-26.6,15.0,26,-0.499,0,
C-B-1,2,0.88392,-29.3778,15.3283,1233,0.0,12.8,14.3,26,2834,-1.51,-26.6,15.0,26,-0.537,0,
C-B-1,2,0.88493,-29.3395,15.334,1234,1.01,15.3,14.3,26,2834,-1.51,-26.6,15.0,26,-0.499,0,
C-B-1,2,0.88593,-29.3778,15.3283,1233,0.0,12.8,14.3,26,2834,-1.51,-26.6,15.0,26,-0.537,0,
C-B-1,2,0.88693,-29.3395,15.334,1234,1.01,15.3,14.3,26,2834,-1.51,-26.6,15.0,26,-0.499,0,
C-B-1,2,0.88793,-29.3778,15.3283,1233,0.0,12.8,14.3,26,2834,-1.01,-25.700000000000003,15.0,26,-0.537,0,
C-B-1,2,0.88892,-29.3395,15.334,1234,1.01,15.3,14.3,26,2834,-1.01,-25.700000000000003,15.0,26,-0.499,0,
C-B-1,2,0.88993,-29.3778,15.3283,1233,0.0,12.8,14.3,26,2834,-1.01,-25.700000000000003,15.0,26,-0.537,0,
C-B-1,2,0.89093,-29.3778,15.3283,1233,0.0,12.8,14.3,26,2834,-1.01,-25.700000000000003,15.0,26,-0.537,0,
C-B-1,2,0.89192,-29.3395,15.334,1234,0.0,13.600000000000001,14.3,26,2834,-1.01,-25.700000000000003,15.0,26,-0.499,0,
C-B-1,2,0.89293,-29.3778,15.3283,1233,0.0,12.8,14.3,26,2834,0.0,-24.0,15.0,26,-0.537,0,
C-B-1,2,0.89392,-29.3778,15.3283,1233,0.0,12.8,14.3,26,2834,0.0,-24.0,15.0,26,-0.537,0,
C-B-1,2,0.89493,-29.3778,15.3283,1233,0.0,12.8,14.3,26,2834,0.0,-24.0,15.0,26,-0.537,0,
C-B-1,2,0.89593,-29.3778,15.3283,1233,0.0,12.8,14.3,26,2834,0.0,-24.0,15.0,26,-0.537,0,
C-B-1,2,0.89691,-29.3778,15.3283,1233,0.0,12.8,14.3,26,2834,0.0,-24.0,15.0,26,-0.537,0,
C-B-1,2,0.89793,-29.3778,15.3283,1233,0.0,12.8,14.3,26,2834,0.0,-24.0,15.0,26,-0.537,0,
C-B-1,2,0.89893,-29.3778,15.3283,1233,0.0,12.8,14.3,26,2834,0.0,-24.0,15.0,26,-0.537,0,
C-B-1,2,0.89991,-29.3778,15.3283,1233,0.0,12.8,14.1,26,2834,0.0,-24.0,14.8,26,-0.537,0,
C-B-1,2,0.90093,-29.3395,15.334,1234,0.0,13.600000000000001,14.1,26,2834,0.0,-24.0,14.8,26,-0.499,0,
C-B-1,2,0.90193,-29.3778,15.3283,1233,0.0,12.8,14.1,26,2834,0.0,-24.0,14.8,26,-0.537,0,
C-B-1,2,0.90291,-29.3778,15.3283,1233,0.0,12.8,14.1,26,2834,0.0,-24.0,14.8,26,-0.537,0,
C-B-1,2,0.90392,-29.3778,15.3283,1233,0.0,12.8,14.1,26,2834,0.0,-24.0,14.8,26,-0.537,0,
C-B-1,2,0.90493,-29.3395,15.334,1234,0.0,13.600000000000001,14.1,26,2834,0.0,-24.0,14.8,26,-0.499,0,
C-B-1,2,0.90591,-29.3778,15.3283,1233,0.0,12.8,14.1,26,2834,0.0,-24.0,14.8,26,-0.537,0,
C-B-1,2,0.90693,-29.3778,15.3283,1233,0.0,12.8,14.1,26,2834,0.0,-24.0,14.8,26,-0.537,0,
C-B-1,2,0.90793,-29.3395,15.334,1234,0.0,13.600000000000001,14.1,26,2834,0.0,-24.0,14.8,26,-0.499,0,
C-B-1,2,0.90891,-29.3778,15.3283,1233,0.0,12.8,14.1,26,2834,0.0,-24.0,14.8,26,-0.537,0,
C-B-1,2,0.90993,-29.3778,15.3283,1233,0.0,12.8,14.1,26,2834,0.0,-24.0,14.8,26,-0.537,0,
C-B-1,2,0.91093,-29.3778,15.3283,1233,0.0,12.8,14.1,26,2834,0.0,-24.0,14.8,26,-0.537,0,
C-B-1,2,0.91192,-29.3778,15.3283,1233,0.0,12.8,14.1,26,2834,0.0,-24.0,14.8,26,-0.537,0,
C-B-1,2,0.91293,-29.3778,15.3283,1233,0.0,12.8,14.1,26,2834,0.0,-24.0,14.8,26,-0.537,0,
C-B-1,2,0.91393,-29.3778,15.3283,1233,0.0,12.8,14.1,26,2834,0.0,-24.0,14.8,26,-0.537,0,
C-B-1,2,0.91491,-29.3778,15.3283,1233,0.0,12.8,14.1,26,2835,0.0,-23.200000000000003,14.8,26,-0.499,0,
C-B-1,2,0.91594,-29.3778,15.3283,1233,0.0,12.8,14.1,26,2834,0.0,-24.0,14.8,26,-0.537,0,
C-B-1,2,0.91693,-29.3778,15.3283,1233,0.0,12.8,14.1,26,2834,0.0,-24.0,14.8,26,-0.537,0,
C-B-1,2,0.91793,-29.3778,15.3283,1233,0.0,12.8,14.1,26,2835,0.0,-23.200000000000003,14.8,26,-0.499,0,
C-B-1,2,0.91891,-29.3778,15.3283,1233,0.0,12.8,14.1,26,2835,0.0,-23.200000000000003,14.8,26,-0.499,0,
C-B-1,2,0.91994,-29.3778,15.3283,1233,0.0,12.8,14.1,26,2835,0.0,-23.200000000000003,14.8,26,-0.499,0,
C-B-1,2,0.92093,-29.3778,15.3283,1233,0.0,12.8,14.1,26,2835,0.0,-23.200000000000003,14.8,26,-0.499,0,
C-B-1,2,0.92193,-29.3778,15.3283,1233,0.0,12.8,14.1,26,2835,0.0,-23.200000000000003,14.8,26,-0.499,0,
C-B-1,2,0.92295,-29.3778,15.3283,1233,0.0,12.8,14.1,26,2836,1.01,-20.700000000000003,14.8,26,-0.46,0,
C-B-1,2,0.92393,-29.4162,15.3225,1232,0.0,12.0,14.1,26,2835,0.0,-23.200000000000003,14.8,26,-0.537,0,
C-B-1,2,0.92494,-29.3778,15.3283,1233,0.0,12.8,14.1,26,2835,0.0,-23.200000000000003,14.8,26,-0.499,0,
C-B-1,2,0.92592,-29.4162,15.3225,1232,0.0,12.0,14.1,26,2835,0.0,-23.200000000000003,14.8,26,-0.537,0,
C-B-1,2,0.92694,-29.3778,15.3283,1233,0.0,12.8,14.1,26,2836,1.01,-20.700000000000003,14.8,26,-0.46,0,
C-B-1,2,0.92793,-29.3778,15.3283,1233,0.0,12.8,14.1,26,2836,1.01,-20.700000000000003,14.8,26,-0.46,0,
C-B-1,2,0.92892,-29.4162,15.3225,1232,0.0,12.0,14.1,26,2836,1.01,-20.700000000000003,14.8,26,-0.499,0,
C-B-1,2,0.92994,-29.4162,15.3225,1232,-1.01,10.3,14.1,26,2835,0.0,-23.200000000000003,14.8,26,-0.537,0,
C-B-1,2,0.93094,-29.4162,15.3225,1232,0.0,12.0,14.1,26,2836,1.01,-20.700000000000003,14.8,26,-0.499,0,
C-B-1,2,0.93192,-29.4162,15.3225,1232,0.0,12.0,14.1,26,2836,1.01,-20.700000000000003,14.8,26,-0.499,0,
C-B-1,2,0.93293,-29.4162,15.3225,1232,0.0,12.0,14.1,26,2836,1.01,-20.700000000000003,14.8,26,-0.499,0,
C-B-1,2,0.93393,-29.4162,15.3225,1232,-1.01,10.3,14.1,26,2836,1.01,-20.700000000000003,14.8,26,-0.499,0,
C-B-1,2,0.93492,-29.4162,15.3225,1232,0.0,12.0,14.1,26,2836,1.01,-20.700000000000003,14.8,26,-0.499,0,
C-B-1,2,0.93593,-29.4162,15.3225,1232,0.0,12.0,14.1,26,2836,1.01,-20.700000000000003,14.8,26,-0.499,0,
C-B-1,2,0.93694,-29.4162,15.3225,1232,-1.01,10.3,14.1,26,2837,1.51,-19.0,14.8,26,-0.46,0,
C-B-1,2,0.93792,-29.4162,15.3225,1232,0.0,12.0,14.1,26,2836,1.01,-20.700000000000003,14.8,26,-0.499,0,
C-B-1,2,0.93892,-29.4545,15.3167,1231,-1.01,9.5,14.1,26,2837,1.51,-19.0,14.8,26,-0.499,0,
C-B-1,2,0.93993,-29.4545,15.3167,1231,-1.01,9.5,14.1,26,2837,1.51,-19.0,14.8,26,-0.499,0,
C-B-1,2,0.94094,-29.4545,15.3167,1231,-1.01,9.5,14.1,26,2837,1.51,-19.0,14.8,26,-0.499,0,
C-B-1,2,0.94192,-29.4545,15.3167,1231,-1.01,9.5,14.1,26,2837,1.51,-19.0,14.8,26,-0.499,0,
C-B-1,2,0.94291,-29.4545,15.3167,1231,-1.01,9.5,14.1,26,2838,2.01,-17.3,14.8,26,-0.46,0,
C-B-1,2,0.94393,-29.4545,15.3167,1231,-1.01,9.5,14.1,26,2838,1.51,-18.2,14.8,26,-0.46,0,
C-B-1,2,0.94491,-29.4545,15.3167,1231,-1.01,9.5,14.1,26,2838,1.51,-18.2,14.8,26,-0.46,0,
C-B-1,2,0.94592,-29.4545,15.3167,1231,-1.01,9.5,14.1,26,2837,1.51,-19.0,14.8,26,-0.499,0,
C-B-1,2,0.94693,-29.4545,15.3167,1231,-1.01,9.5,14.1,26,2838,1.51,-18.2,14.8,26,-0.46,0,
C-B-1,2,0.94793,-29.4545,15.3167,1231,-1.01,9.5,14.1,26,2838,1.51,-18.2,14.8,26,-0.46,0,
C-B-1,2,0.94891,-29.4929,15.3109,1230,-1.51,7.800000000000001,14.1,26,2838,1.51,-18.2,14.8,26,-0.499,0,
C-B-1,2,0.94991,-29.4929,15.3109,1230,-1.51,7.800000000000001,14.1,26,2838,1.51,-18.2,14.8,26,-0.499,0,
C-B-1,2,0.95093,-29.4929,15.3109,1230,-1.51,7.800000000000001,14.1,26,2838,1.51,-18.2,14.8,26,-0.499,0,
C-B-1,2,0.95192,-29.4929,15.3109,1230,-1.51,7.800000000000001,14.1,26,2839,1.51,-17.400000000000002,14.8,26,-0.46,0,
C-B-1,2,0.95292,-29.4929,15.3109,1230,-1.01,8.700000000000001,14.1,26,2839,2.01,-16.5,14.8,26,-0.46,0,
C-B-1,2,0.95394,-29.4929,15.3109,1230,-1.51,7.800000000000001,14.1,26,2839,2.01,-16.5,14.8,26,-0.46,0,
C-B-1,2,0.95492,-29.4929,15.3109,1230,-1.01,8.700000000000001,14.1,26,2839,2.01,-16.5,14.8,26,-0.46,0,
C-B-1,2,0.95592,-29.4929,15.3109,1230,-1.51,7.800000000000001,14.1,26,2840,2.01,-15.700000000000001,14.8,26,-0.422,0,
C-B-1,2,0.95691,-29.4929,15.3109,1230,-1.51,7.800000000000001,14.1,26,2840,2.01,-15.700000000000001,14.8,26,-0.422,0,
C-B-1,2,0.95793,-29.4929,15.3109,1230,-1.01,8.700000000000001,14.1,26,2840,2.01,-15.700000000000001,14.8,26,-0.422,0,
C-B-1,2,0.95892,-29.4929,15.3109,1230,-1.01,8.700000000000001,14.1,26,2840,2.52,-14.9,14.8,26,-0.422,0,
C-B-1,2,0.95994,-29.4929,15.3109,1230,-1.01,8.700000000000001,14.1,26,2840,2.01,-15.700000000000001,14.8,26,-0.422,0,
C-B-1,2,0.96092,-29.5313,15.3051,1229,-1.51,7.0,14.1,26,2840,2.01,-15.700000000000001,14.8,26,-0.46,0,
C-B-1,2,0.96192,-29.5313,15.3051,1229,-1.51,7.0,14.1,26,2840,2.01,-15.700000000000001,14.8,26,-0.46,0,
C-B-1,2,0.96294,-29.5313,15.3051,1229,-1.51,7.0,14.1,26,2840,2.01,-15.700000000000001,14.8,26,-0.46,0,
C-B-1,2,0.96393,-29.5313,15.3051,1229,-1.51,7.0,14.1,26,2841,2.52,-14.100000000000001,14.8,26,-0.422,0,
C-B-1,2,0.96492,-29.5313,15.3051,1229,-1.51,7.0,14.1,26,2841,2.01,-14.9,14.8,26,-0.422,0,
C-B-1,2,0.96592,-29.5313,15.3051,1229,-1.51,7.0,14.1,26,2841,2.01,-14.9,14.8,26,-0.422,0,
C-B-1,2,0.96692,-29.5313,15.3051,1229,-1.51,7.0,14.1,26,2841,2.52,-14.100000000000001,14.8,26,-0.422,0,
C-B-1,2,0.96792,-29.5313,15.3051,1229,-1.51,7.0,14.1,26,2841,2.01,-14.9,14.8,26,-0.422,0,
C-B-1,2,0.96894,-29.5313,15.3051,1229,-1.01,7.9,14.1,26,2841,2.01,-14.9,14.8,26,-0.422,0,
C-B-1,2,0.96993,-29.5313,15.3051,1229,-1.01,7.9,14.1,26,2841,2.01,-14.9,14.8,26,-0.422,0,
C-B-1,2,0.97092,-29.5313,15.3051,1229,-1.01,7.9,14.1,26,2842,2.52,-13.3,14.8,26,-0.384,0,
C-B-1,2,0.97194,-29.5313,15.3051,1229,-1.01,7.9,14.1,26,2842,2.01,-14.100000000000001,14.8,26,-0.384,0,
C-B-1,2,0.97292,-29.5313,15.3051,1229,-1.01,7.9,14.1,26,2842,2.01,-14.100000000000001,14.8,26,-0.384,0,
C-B-1,2,0.97392,-29.5313,15.3051,1229,-1.01,7.9,14.1,26,2842,2.01,-14.100000000000001,14.8,26,-0.384,0,
C-B-1,2,0.97501,-29.5313,15.3051,1229,-1.01,7.9,14.1,26,2842,2.52,-13.3,14.8,26,-0.384,0,
C-B-1,2,0.97602,-29.5313,15.3051,1229,-1.01,7.9,14.1,26,2842,2.01,-14.100000000000001,14.8,26,-0.384,0,
C-B-1,2,0.97703,-29.5313,15.3051,1229,-1.01,7.9,14.1,26,2842,2.01,-14.100000000000001,14.8,26,-0.384,0,
C-B-1,2,0.97803,-29.5313,15.3051,1229,0.0,9.600000000000001,14.1,26,2843,2.52,-12.5,14.8,26,-0.345,0,
C-B-1,2,0.97902,-29.5696,15.2993,1228,-1.01,7.1000000000000005,14.1,26,2842,2.01,-14.100000000000001,14.8,26,-0.422,0,
C-B-1,2,0.98003,-29.5313,15.3051,1229,0.0,9.600000000000001,14.1,26,2842,2.01,-14.100000000000001,14.8,26,-0.384,0,
C-B-1,2,0.98094,-29.5696,15.2993,1228,-1.01,7.1000000000000005,14.1,26,2843,2.01,-13.3,14.8,26,-0.384,0,
C-B-1,2,0.98193,-29.5696,15.2993,1228,-1.01,7.1000000000000005,14.1,26,2843,2.01,-13.3,14.8,26,-0.384,0,
C-B-1,2,0.98293,-29.5696,15.2993,1228,-1.01,7.1000000000000005,14.1,26,2843,2.01,-13.3,14.8,26,-0.384,0,
C-B-1,2,0.98395,-29.5696,15.2993,1228,-1.01,7.1000000000000005,14.1,26,2843,2.01,-13.3,14.8,26,-0.384,0,
C-B-1,2,0.98493,-29.5696,15.2993,1228,-1.01,7.1000000000000005,14.1,26,2843,2.01,-13.3,14.8,26,-0.384,0,
C-B-1,2,0.98592,-29.5696,15.2993,1228,-1.01,7.1000000000000005,14.1,26,2844,2.01,-12.5,14.8,26,-0.345,0,
C-B-1,2,0.98694,-29.5696,15.2993,1228,-1.01,7.1000000000000005,14.1,26,2844,2.01,-12.5,14.8,26,-0.345,0,
C-B-1,2,0.98793,-29.5696,15.2993,1228,-1.01,7.1000000000000005,14.1,26,2843,1.51,-14.200000000000001,14.8,26,-0.384,0,
C-B-1,2,0.98892,-29.5696,15.2993,1228,-1.01,7.1000000000000005,14.1,26,2844,2.01,-12.5,14.8,26,-0.345,0,
C-B-1,2,0.98994,-29.5696,15.2993,1228,0.0,8.8,14.1,26,2843,1.51,-14.200000000000001,14.8,26,-0.384,0,
C-B-1,2,0.99093,-29.5696,15.2993,1228,0.0,8.8,14.1,26,2844,2.01,-12.5,14.8,26,-0.345,0,
C-B-1,2,0.99193,-29.5696,15.2993,1228,0.0,8.8,14.1,26,2844,2.01,-12.5,14.8,26,-0.345,0,
C-B-1,2,0.99295,-29.5696,15.2993,1228,0.0,8.8,14.1,26,2844,1.51,-13.4,14.8,26,-0.345,0,
C-B-1,2,0.99393,-29.5696,15.2993,1228,0.0,8.8,14.1,26,2844,1.51,-13.4,14.8,26,-0.345,0,
C-B-1,2,0.99492,-29.5696,15.2993,1228,0.0,8.8,14.1,26,2844,1.51,-13.4,14.8,26,-0.345,0,
C-B-1,2,0.99594,-29.5696,15.2993,1228,0.0,8.8,14.1,26,2844,1.51,-13.4,14.8,26,-0.345,0,
C-B-1,2,0.99692,-29.608,15.2935,1227,-1.01,6.300000000000001,14.1,26,2844,1.51,-13.4,14.8,26,-0.384,0,
C-B-1,2,0.99793,-29.5696,15.2993,1228,0.0,8.8,14.1,26,2844,1.51,-13.4,14.8,26,-0.345,0,
C-B-1,2,0.99893,-29.5696,15.2993,1228,0.0,8.8,14.1,26,2844,1.51,-13.4,14.8,26,-0.345,0,
C-B-1,2,0.99992,-29.608,15.2935,1227,-1.01,6.300000000000001,14.1,26,2844,1.01,-14.3,14.8,26,-0.384,0,
C-B-1,2,1.00093,-29.608,15.2935,1227,-1.01,6.300000000000001,14.1,26,2844,1.01,-14.3,14.8,26,-0.384,0,
C-B-1,2,1.00193,-29.5696,15.2993,1228,0.0,8.8,14.1,26,2844,1.01,-14.3,14.8,26,-0.345,0,
C-B-1,2,1.00293,-29.5696,15.2993,1228,0.0,8.8,14.1,26,2844,1.01,-14.3,14.8,26,-0.345,0,
C-B-1,2,1.00395,-29.608,15.2935,1227,-1.01,6.300000000000001,14.1,26,2844,1.01,-14.3,14.8,26,-0.384,0,
C-B-1,2,1.00493,-29.608,15.2935,1227,-1.01,6.300000000000001,14.1,26,2844,1.01,-14.3,14.8,26,-0.384,0,
C-B-1,2,1.00593,-29.608,15.2935,1227,-1.01,6.300000000000001,14.1,26,2844,1.01,-14.3,14.8,26,-0.384,0,
C-B-1,2,1.00695,-29.5696,15.2993,1228,0.0,8.8,14.1,26,2844,0.0,-16.0,14.8,26,-0.345,0,
C-B-1,2,1.00795,-29.5696,15.2993,1228,0.0,8.8,14.1,26,2844,1.01,-14.3,14.8,26,-0.345,0,
C-B-1,2,1.00893,-29.608,15.2935,1227,0.0,8.0,14.1,26,2844,1.01,-14.3,14.8,26,-0.384,0,
C-B-1,2,1.00993,-29.608,15.2935,1227,-1.01,6.300000000000001,14.1,26,2844,0.0,-16.0,14.8,26,-0.384,0,
C-B-1,2,1.01095,-29.5696,15.2993,1228,0.0,8.8,14.1,26,2844,0.0,-16.0,14.8,26,-0.345,0,
C-B-1,2,1.01193,-29.5696,15.2993,1228,0.0,8.8,14.1,26,2844,0.0,-16.0,14.8,26,-0.345,0,
C-B-1,2,1.01293,-29.5696,15.2993,1228,0.0,8.8,14.1,26,2844,0.0,-16.0,14.8,26,-0.345,0,
C-B-1,2,1.01395,-29.5696,15.2993,1228,0.0,8.8,14.1,26,2844,0.0,-16.0,14.8,26,-0.345,0,
C-B-1,2,1.01493,-29.5696,15.2993,1228,0.0,8.8,14.1,26,2844,0.0,-16.0,14.8,26,-0.345,0,
C-B-1,2,1.01593,-29.5696,15.2993,1228,0.0,8.8,14.1,26,2844,0.0,-16.0,13.9,26,-0.345,0,
C-B-1,2,1.01695,-29.5696,15.2993,1228,0.0,8.8,14.9,26,2844,0.0,-16.0,13.9,26,-0.345,0,
C-B-1,2,1.01793,-29.5696,15.2993,1228,0.0,8.8,14.9,26,2844,0.0,-16.0,13.9,26,-0.345,0,
C-B-1,2,1.01893,-29.5696,15.2993,1228,0.0,8.8,14.9,26,2844,0.0,-16.0,13.9,26,-0.345,0,
C-B-1,2,1.01993,-29.5696,15.2993,1228,0.0,8.8,14.9,26,2844,0.0,-16.0,13.9,26,-0.345,0,
C-B-1,2,1.02095,-29.5696,15.2993,1228,0.0,8.8,14.9,26,2844,0.0,-16.0,13.9,26,-0.345,0,
C-B-1,2,1.02193,-29.5696,15.2993,1228,0.0,8.8,14.9,26,2844,0.0,-16.0,13.9,26,-0.345,0,
C-B-1,2,1.02293,-29.5696,15.2993,1228,0.0,8.8,14.9,26,2843,0.0,-16.8,13.9,26,-0.384,0,
C-B-1,2,1.02393,-29.5696,15.2993,1228,0.0,8.8,14.9,26,2844,0.0,-16.0,13.9,26,-0.345,0,
C-B-1,2,1.02493,-29.5696,15.2993,1228,0.0,8.8,14.9,26,2844,0.0,-16.0,13.9,26,-0.345,0,
C-B-1,2,1.02593,-29.5696,15.2993,1228,0.0,8.8,14.9,26,2844,0.0,-16.0,13.9,26,-0.345,0,
C-B-1,2,1.02693,-29.5696,15.2993,1228,0.0,8.8,14.9,26,2843,0.0,-16.8,13.9,26,-0.384,0,
C-B-1,2,1.02793,-29.5696,15.2993,1228,0.0,8.8,14.9,26,2843,0.0,-16.8,13.9,26,-0.384,0,
C-B-1,2,1.02893,-29.5696,15.2993,1228,0.0,8.8,14.9,26,2843,0.0,-16.8,13.9,26,-0.384,0,
C-B-1,2,1.02993,-29.5696,15.2993,1228,0.0,8.8,14.9,26,2843,0.0,-16.8,13.9,26,-0.384,0,
C-B-1,2,1.03093,-29.5696,15.2993,1228,0.0,8.8,14.9,26,2843,0.0,-16.8,13.9,26,-0.384,0,
C-B-1,2,1.03194,-29.5313,15.3051,1229,0.0,9.600000000000001,14.9,26,2843,0.0,-16.8,13.9,26,-0.345,0,
C-B-1,2,1.03294,-29.5696,15.2993,1228,0.0,8.8,14.9,26,2843,0.0,-16.8,13.9,26,-0.384,0,
C-B-1,2,1.03396,-29.5313,15.3051,1229,1.01,11.3,14.9,26,2843,0.0,-16.8,13.9,26,-0.345,0,
C-B-1,2,1.03493,-29.5696,15.2993,1228,0.0,8.8,14.9,26,2843,0.0,-16.8,13.9,26,-0.384,0,
C-B-1,2,1.03593,-29.5313,15.3051,1229,0.0,9.600000000000001,14.9,26,2843,0.0,-16.8,13.9,26,-0.345,0,
C-B-1,2,1.03695,-29.5313,15.3051,1229,0.0,9.600000000000001,14.9,26,2843,0.0,-16.8,13.9,26,-0.345,0,
C-B-1,2,1.03793,-29.5313,15.3051,1229,1.01,11.3,14.9,26,2843,0.0,-16.8,13.9,26,-0.345,0,
C-B-1,2,1.03894,-29.5313,15.3051,1229,1.01,11.3,14.9,26,2842,-1.01,-19.3,13.9,26,-0.384,0,
C-B-1,2,1.03994,-29.5313,15.3051,1229,0.0,9.600000000000001,14.9,26,2842,-1.01,-19.3,13.9,26,-0.384,0,
C-B-1,2,1.04096,-29.5313,15.3051,1229,0.0,9.600000000000001,14.9,26,2842,-1.01,-19.3,13.9,26,-0.384,0,
C-B-1,2,1.04194,-29.5313,15.3051,1229,0.0,9.600000000000001,14.9,26,2842,-1.01,-19.3,13.9,26,-0.384,0,
C-B-1,2,1.04293,-29.5313,15.3051,1229,0.0,9.600000000000001,14.9,26,2842,-1.01,-19.3,13.9,26,-0.384,0,
C-B-1,2,1.04395,-29.4929,15.3109,1230,1.01,12.100000000000001,14.9,26,2842,-1.01,-19.3,13.9,26,-0.345,0,
C-B-1,2,1.04494,-29.5313,15.3051,1229,0.0,9.600000000000001,14.9,26,2842,-1.01,-19.3,13.9,26,-0.384,0,
C-B-1,2,1.04593,-29.5313,15.3051,1229,0.0,9.600000000000001,14.9,26,2842,-1.01,-19.3,13.9,26,-0.384,0,
C-B-1,2,1.04693,-29.5313,15.3051,1229,0.0,9.600000000000001,14.9,26,2842,-1.01,-19.3,13.9,26,-0.384,0,
C-B-1,2,1.04794,-29.4929,15.3109,1230,1.01,12.100000000000001,14.9,26,2841,-1.51,-21.0,13.9,26,-0.384,0,
C-B-1,2,1.04893,-29.4929,15.3109,1230,1.01,12.100000000000001,14.9,26,2841,-1.51,-21.0,13.9,26,-0.384,0,
C-B-1,2,1.04995,-29.4929,15.3109,1230,1.01,12.100000000000001,14.9,26,2841,-1.51,-21.0,13.9,26,-0.384,0,
C-B-1,2,1.05094,-29.4929,15.3109,1230,1.01,12.100000000000001,14.9,26,2841,-1.51,-21.0,13.9,26,-0.384,0,
C-B-1,2,1.05193,-29.4929,15.3109,1230,1.01,12.100000000000001,14.9,26,2841,-1.01,-20.1,13.9,26,-0.384,0,
C-B-1,2,1.05295,-29.4929,15.3109,1230,1.01,12.100000000000001,14.9,26,2841,-1.51,-21.0,13.9,26,-0.384,0,
C-B-1,2,1.05394,-29.4929,15.3109,1230,1.01,12.100000000000001,14.9,26,2841,-1.51,-21.0,13.9,26,-0.384,0,
C-B-1,2,1.05494,-29.4929,15.3109,1230,1.01,12.100000000000001,14.9,26,2841,-1.51,-21.0,13.9,26,-0.384,0,
C-B-1,2,1.05593,-29.4929,15.3109,1230,1.01,12.100000000000001,14.9,26,2841,-1.01,-20.1,13.9,26,-0.384,0,
C-B-1,2,1.05693,-29.4929,15.3109,1230,1.01,12.100000000000001,14.9,26,2841,-1.51,-21.0,13.9,26,-0.384,0,
C-B-1,2,1.05796,-29.4929,15.3109,1230,1.01,12.100000000000001,14.9,26,2840,-1.51,-21.8,13.9,26,-0.422,0,
C-B-1,2,1.05894,-29.4929,15.3109,1230,1.01,12.100000000000001,14.9,26,2841,-1.01,-20.1,13.9,26,-0.384,0,
C-B-1,2,1.05994,-29.4929,15.3109,1230,1.01,12.100000000000001,14.9,26,2840,-1.51,-21.8,13.9,26,-0.422,0,
C-B-1,2,1.06096,-29.4929,15.3109,1230,0.0,10.4,14.9,26,2840,-1.51,-21.8,13.9,26,-0.422,0,
C-B-1,2,1.06194,-29.4929,15.3109,1230,1.01,12.100000000000001,14.9,26,2840,-1.51,-21.8,13.9,26,-0.422,0,
C-B-1,2,1.06294,-29.4929,15.3109,1230,0.0,10.4,14.9,26,2840,-1.51,-21.8,13.9,26,-0.422,0,
C-B-1,2,1.06396,-29.4929,15.3109,1230,1.01,12.100000000000001,14.9,26,2840,-1.51,-21.8,13.9,26,-0.422,0,
C-B-1,2,1.06494,-29.4545,15.3167,1231,1.01,12.9,14.9,26,2840,-1.51,-21.8,13.9,26,-0.384,0,
C-B-1,2,1.06594,-29.4545,15.3167,1231,1.01,12.9,14.9,26,2840,-1.51,-21.8,13.9,26,-0.384,0,
C-B-1,2,1.06696,-29.4545,15.3167,1231,1.01,12.9,14.9,26,2840,-1.51,-21.8,13.9,26,-0.384,0,
C-B-1,2,1.06794,-29.4545,15.3167,1231,1.01,12.9,14.9,26,2840,-1.51,-21.8,13.9,26,-0.384,0,
C-B-1,2,1.06894,-29.4545,15.3167,1231,1.01,12.9,14.9,26,2839,-1.51,-22.6,13.9,26,-0.422,0,
C-B-1,2,1.06994,-29.4545,15.3167,1231,1.01,12.9,14.9,26,2839,-1.51,-22.6,13.9,26,-0.422,0,
C-B-1,2,1.07096,-29.4545,15.3167,1231,1.01,12.9,14.9,26,2839,-1.51,-22.6,13.9,26,-0.422,0,
C-B-1,2,1.07197,-29.4545,15.3167,1231,1.01,12.9,14.9,26,2839,-1.51,-22.6,13.9,26,-0.422,0,
C-B-1,2,1.07295,-29.4545,15.3167,1231,0.0,11.200000000000001,14.9,26,2839,-1.51,-22.6,13.9,26,-0.422,0,
C-B-1,2,1.07394,-29.4545,15.3167,1231,1.01,12.9,14.9,26,2839,-1.51,-22.6,13.9,26,-0.422,0,
C-B-1,2,1.07494,-29.4545,15.3167,1231,1.01,12.9,14.9,26,2839,-1.51,-22.6,13.9,26,-0.422,0,
C-B-1,2,1.07594,-29.4545,15.3167,1231,1.01,12.9,14.9,26,2839,-1.51,-22.6,13.9,26,-0.422,0,
C-B-1,2,1.07694,-29.4545,15.3167,1231,0.0,11.200000000000001,14.9,26,2839,-1.51,-22.6,13.9,26,-0.422,0,
C-B-1,2,1.07794,-29.4545,15.3167,1231,0.0,11.200000000000001,14.9,26,2839,-1.01,-21.700000000000003,13.9,26,-0.422,0,
C-B-1,2,1.07894,-29.4162,15.3225,1232,0.0,11.200000000000001,14.9,26,2838,-1.51,-23.400000000000002,13.9,26,-0.422,0,
C-B-1,2,1.07996,-29.4545,15.3167,1231,0.0,11.200000000000001,14.9,26,2838,-1.51,-23.400000000000002,13.9,26,-0.46,0,
C-B-1,2,1.08094,-29.4545,15.3167,1231,1.01,13.700000000000001,14.9,26,2838,-1.51,-23.400000000000002,13.9,26,-0.46,0,
C-B-1,2,1.08194,-29.4162,15.3225,1232,1.01,13.700000000000001,14.9,26,2838,-1.51,-23.400000000000002,13.9,26,-0.422,0,
C-B-1,2,1.08294,-29.4162,15.3225,1232,1.01,13.700000000000001,14.9,26,2838,-1.51,-23.400000000000002,13.9,26,-0.422,0,
C-B-1,2,1.08394,-29.4162,15.3225,1232,1.01,13.700000000000001,14.9,26,2838,-1.51,-23.400000000000002,13.9,26,-0.422,0,
C-B-1,2,1.08494,-29.4162,15.3225,1232,1.01,13.700000000000001,14.9,26,2838,-1.51,-23.400000000000002,13.9,26,-0.422,0,
C-B-1,2,1.08595,-29.4162,15.3225,1232,1.01,13.700000000000001,14.9,26,2838,-1.51,-23.400000000000002,13.9,26,-0.422,0,
C-B-1,2,1.08694,-29.4162,15.3225,1232,1.01,13.700000000000001,14.9,26,2838,-1.51,-23.400000000000002,13.9,26,-0.422,0,
C-B-1,2,1.08794,-29.4162,15.3225,1232,1.01,13.700000000000001,14.9,26,2838,-1.51,-23.400000000000002,13.9,26,-0.422,0,
C-B-1,2,1.08895,-29.4162,15.3225,1232,1.01,13.700000000000001,14.9,26,2837,-1.51,-24.200000000000003,13.9,26,-0.46,0,
C-B-1,2,1.08994,-29.4162,15.3225,1232,1.01,13.700000000000001,14.9,26,2837,-1.51,-24.200000000000003,13.9,26,-0.46,0,
C-B-1,2,1.09096,-29.4162,15.3225,1232,1.01,13.700000000000001,14.9,26,2838,-1.01,-22.5,13.9,26,-0.422,0,
C-B-1,2,1.09197,-29.4162,15.3225,1232,1.01,13.700000000000001,14.9,26,2837,-1.51,-24.200000000000003,13.9,26,-0.46,0,
C-B-1,2,1.09296,-29.4162,15.3225,1232,1.01,13.700000000000001,14.9,26,2837,-1.51,-24.200000000000003,13.9,26,-0.46,0,
C-B-1,2,1.09396,-29.4162,15.3225,1232,0.0,12.0,14.9,26,2837,-1.51,-24.200000000000003,13.9,26,-0.46,0,
C-B-1,2,1.09509,-29.4162,15.3225,1232,0.0,12.0,14.9,26,2837,-1.51,-24.200000000000003,13.9,26,-0.46,0,
C-B-1,2,1.09596,-29.4162,15.3225,1232,0.0,12.0,14.9,26,2837,-1.51,-24.200000000000003,13.9,26,-0.46,0,
C-B-1,2,1.09697,-29.4162,15.3225,1232,0.0,12.0,14.9,26,2837,-1.01,-23.3,13.9,26,-0.46,0,
C-B-1,2,1.09795,-29.4162,15.3225,1232,0.0,12.0,14.9,26,2837,-1.01,-23.3,13.9,26,-0.46,0,
C-B-1,2,1.09895,-29.4162,15.3225,1232,0.0,12.0,14.9,26,2837,-1.01,-23.3,13.9,26,-0.46,0,
C-B-1,2,1.09997,-29.4162,15.3225,1232,0.0,12.0,14.9,26,2837,-1.01,-23.3,13.9,26,-0.46,0,
C-B-1,2,1.10095,-29.4162,15.3225,1232,0.0,12.0,14.9,26,2837,-1.01,-23.3,13.9,26,-0.46,0,
C-B-1,2,1.10195,-29.4162,15.3225,1232,0.0,12.0,14.9,26,2837,-1.01,-23.3,13.9,26,-0.46,0,
C-B-1,2,1.10295,-29.4162,15.3225,1232,0.0,12.0,14.9,26,2837,-1.01,-23.3,13.9,26,-0.46,0,
C-B-1,2,1.10395,-29.4162,15.3225,1232,0.0,12.0,14.9,26,2837,-1.01,-23.3,13.9,26,-0.46,0,
C-B-1,2,1.10495,-29.4162,15.3225,1232,0.0,12.0,14.9,26,2836,-1.51,-25.0,13.9,26,-0.499,0,
C-B-1,2,1.10598,-29.4162,15.3225,1232,0.0,12.0,14.9,26,2836,-1.01,-23.3,13.9,26,-0.499,0,
C-B-1,2,1.10695,-29.4162,15.3225,1232,0.0,12.0,14.9,26,2836,-1.01,-24.1,13.9,26,-0.499,0,
C-B-1,2,1.10794,-29.3778,15.3283,1233,0.0,12.8,14.9,26,2836,-1.01,-24.1,13.9,26,-0.46,0,
C-B-1,2,1.10898,-29.3778,15.3283,1233,1.01,14.5,14.9,26,2836,-1.01,-24.1,13.9,26,-0.46,0,
C-B-1,2,1.10995,-29.3778,15.3283,1233,1.01,14.5,14.9,26,2836,-1.01,-24.1,13.9,26,-0.46,0,
C-B-1,2,1.11096,-29.3778,15.3283,1233,0.0,12.8,14.9,26,2836,-1.01,-24.1,13.9,26,-0.46,0,
C-B-1,2,1.11197,-29.3778,15.3283,1233,0.0,12.8,14.9,26,2836,-1.01,-24.1,13.9,26,-0.46,0,
C-B-1,2,1.11295,-29.4162,15.3225,1232,0.0,12.0,14.9,26,2836,-1.01,-24.1,13.9,26,-0.499,0,
C-B-1,2,1.11396,-29.3778,15.3283,1233,0.0,12.8,14.9,26,2837,0.0,-21.6,13.9,26,-0.422,0,
C-B-1,2,1.11497,-29.3778,15.3283,1233,0.0,12.8,14.9,26,2836,-1.01,-24.1,13.9,26,-0.46,0,
C-B-1,2,1.11596,-29.4162,15.3225,1232,0.0,12.0,14.9,26,2836,-1.01,-24.1,13.9,26,-0.499,0,
C-B-1,2,1.11695,-29.3778,15.3283,1233,0.0,12.8,14.9,26,2836,-1.01,-24.1,13.9,26,-0.46,0,
C-B-1,2,1.11797,-29.4162,15.3225,1232,0.0,12.0,14.9,26,2837,0.0,-21.6,13.9,26,-0.46,0,
C-B-1,2,1.11896,-29.4162,15.3225,1232,0.0,12.0,14.9,26,2837,0.0,-21.6,13.9,26,-0.46,0,
C-B-1,2,1.11995,-29.3778,15.3283,1233,0.0,12.8,14.9,26,2837,0.0,-21.6,13.9,26,-0.422,0,
C-B-1,2,1.12098,-29.3778,15.3283,1233,0.0,12.8,14.9,26,2836,0.0,-22.400000000000002,13.9,26,-0.46,0,
C-B-1,2,1.12196,-29.4162,15.3225,1232,0.0,12.0,14.9,26,2836,0.0,-22.400000000000002,13.9,26,-0.499,0,
C-B-1,2,1.12295,-29.3778,15.3283,1233,0.0,12.8,14.9,26,2837,0.0,-21.6,13.9,26,-0.422,0,
C-B-1,2,1.12397,-29.3778,15.3283,1233,0.0,12.8,14.9,26,2837,0.0,-21.6,13.9,26,-0.422,0,
C-B-1,2,1.12495,-29.4162,15.3225,1232,0.0,12.0,14.9,26,2836,0.0,-22.400000000000002,13.9,26,-0.499,0,
C-B-1,2,1.12596,-29.3778,15.3283,1233,0.0,12.8,14.9,26,2837,0.0,-21.6,13.9,26,-0.422,0,
C-B-1,2,1.12695,-29.4162,15.3225,1232,0.0,12.0,14.9,26,2836,0.0,-22.400000000000002,13.9,26,-0.499,0,
C-B-1,2,1.12798,-29.4162,15.3225,1232,0.0,12.0,14.9,26,2837,0.0,-21.6,13.9,26,-0.46,0,
C-B-1,2,1.12898,-29.3778,15.3283,1233,0.0,12.8,14.9,26,2837,0.0,-21.6,13.9,26,-0.422,0,
C-B-1,2,1.12998,-29.4162,15.3225,1232,0.0,12.0,14.9,26,2836,0.0,-22.400000000000002,13.9,26,-0.499,0,
C-B-1,2,1.13096,-29.4162,15.3225,1232,0.0,12.0,14.9,26,2836,0.0,-22.400000000000002,13.9,26,-0.499,0,
C-B-1,2,1.13196,-29.4162,15.3225,1232,0.0,12.0,14.9,26,2836,0.0,-22.400000000000002,13.9,26,-0.499,0,
C-B-1,2,1.13296,-29.3778,15.3283,1233,0.0,12.8,14.1,26,2837,0.0,-21.6,14.8,26,-0.422,0,
C-B-1,2,1.13397,-29.3778,15.3283,1233,0.0,12.8,14.1,26,2836,0.0,-22.400000000000002,14.8,26,-0.46,0,
C-B-1,2,1.13496,-29.4162,15.3225,1232,0.0,12.0,14.1,26,2836,0.0,-22.400000000000002,14.8,26,-0.499,0,
C-B-1,2,1.13596,-29.3778,15.3283,1233,0.0,12.8,14.1,26,2837,0.0,-21.6,14.8,26,-0.422,0,
C-B-1,2,1.13697,-29.3778,15.3283,1233,0.0,12.8,14.1,26,2837,0.0,-21.6,14.8,26,-0.422,0,
C-B-1,2,1.13796,-29.3778,15.3283,1233,0.0,12.8,14.1,26,2836,0.0,-22.400000000000002,14.8,26,-0.46,0,
C-B-1,2,1.13896,-29.4162,15.3225,1232,0.0,12.0,14.1,26,2837,0.0,-21.6,14.8,26,-0.46,0,
C-B-1,2,1.13998,-29.4162,15.3225,1232,0.0,12.0,14.1,26,2836,0.0,-22.400000000000002,14.8,26,-0.499,0,
C-B-1,2,1.14096,-29.3778,15.3283,1233,0.0,12.8,14.1,26,2837,0.0,-21.6,14.8,26,-0.422,0,
C-B-1,2,1.14196,-29.4162,15.3225,1232,0.0,12.0,14.1,26,2837,0.0,-21.6,14.8,26,-0.46,0,
C-B-1,2,1.14298,-29.4162,15.3225,1232,0.0,12.0,14.1,26,2837,0.0,-21.6,14.8,26,-0.46,0,
C-B-1,2,1.14398,-29.4162,15.3225,1232,0.0,12.0,14.1,26,2836,0.0,-22.400000000000002,14.8,26,-0.499,0,
C-B-1,2,1.14495,-29.4162,15.3225,1232,0.0,12.0,14.1,26,2837,0.0,-21.6,14.8,26,-0.46,0,
C-B-1,2,1.14596,-29.4162,15.3225,1232,0.0,12.0,14.1,26,2837,0.0,-21.6,14.8,26,-0.46,0,
C-B-1,2,1.14695,-29.4162,15.3225,1232,0.0,12.0,14.1,26,2837,0.0,-21.6,14.8,26,-0.46,0,
C-B-1,2,1.14798,-29.4162,15.3225,1232,0.0,12.0,14.1,26,2837,0.0,-21.6,14.8,26,-0.46,0,
C-B-1,2,1.14898,-29.4162,15.3225,1232,0.0,12.0,14.1,26,2837,0.0,-21.6,14.8,26,-0.46,0,
C-B-1,2,1.14996,-29.4162,15.3225,1232,0.0,12.0,14.1,26,2837,0.0,-21.6,14.8,26,-0.46,0,
C-B-1,2,1.15096,-29.4162,15.3225,1232,0.0,12.0,14.1,26,2837,0.0,-21.6,14.8,26,-0.46,0,
C-B-1,2,1.15196,-29.4162,15.3225,1232,0.0,12.0,14.1,26,2837,0.0,-21.6,14.8,26,-0.46,0,
C-B-1,2,1.15296,-29.4162,15.3225,1232,0.0,12.0,14.1,26,2837,0.0,-21.6,14.8,26,-0.46,0,
C-B-1,2,1.15398,-29.4162,15.3225,1232,0.0,12.0,14.1,26,2837,0.0,-21.6,14.8,26,-0.46,0,
C-B-1,2,1.155,-29.4162,15.3225,1232,0.0,12.0,14.1,26,2837,0.0,-21.6,14.8,26,-0.46,0,
C-B-1,2,1.15596,-29.4162,15.3225,1232,0.0,12.0,14.1,26,2837,0.0,-21.6,14.8,26,-0.46,0,
C-B-1,2,1.15698,-29.4162,15.3225,1232,0.0,12.0,14.1,26,2837,0.0,-21.6,14.8,26,-0.46,0,
C-B-1,2,1.15796,-29.4162,15.3225,1232,0.0,12.0,14.1,26,2837,0.0,-21.6,14.8,26,-0.46,0,
C-B-1,2,1.15907,-29.4162,15.3225,1232,0.0,12.0,14.1,26,2837,0.0,-21.6,14.8,26,-0.46,0,
C-B-1,2,1.15998,-29.4545,15.3167,1231,0.0,11.200000000000001,14.1,26,2838,1.01,-19.1,14.8,26,-0.46,0,
C-B-1,2,1.16097,-29.4162,15.3225,1232,0.0,12.0,14.1,26,2838,1.01,-19.1,14.8,26,-0.422,0,
C-B-1,2,1.16199,-29.4545,15.3167,1231,-1.01,9.5,14.1,26,2838,0.0,-20.8,14.8,26,-0.46,0,
C-B-1,2,1.16297,-29.4162,15.3225,1232,0.0,12.0,14.1,26,2838,1.01,-19.1,14.8,26,-0.422,0,
C-B-1,2,1.16397,-29.4162,15.3225,1232,0.0,12.0,14.1,26,2838,1.01,-19.1,14.8,26,-0.422,0,
C-B-1,2,1.16499,-29.4545,15.3167,1231,-1.01,9.5,14.1,26,2838,0.0,-20.8,14.8,26,-0.46,0,
C-B-1,2,1.16597,-29.4162,15.3225,1232,0.0,12.0,14.1,26,2838,0.0,-20.8,14.8,26,-0.422,0,
C-B-1,2,1.16696,-29.4162,15.3225,1232,0.0,12.0,14.1,26,2838,1.01,-19.1,14.8,26,-0.422,0,
C-B-1,2,1.16798,-29.4545,15.3167,1231,0.0,11.200000000000001,14.1,26,2838,1.01,-19.1,14.8,26,-0.46,0,
C-B-1,2,1.16896,-29.4545,15.3167,1231,0.0,11.200000000000001,14.1,26,2838,0.0,-20.8,14.8,26,-0.46,0,
C-B-1,2,1.16998,-29.4545,15.3167,1231,-1.01,9.5,14.1,26,2838,0.0,-20.8,14.8,26,-0.46,0,
C-B-1,2,1.17096,-29.4545,15.3167,1231,0.0,11.200000000000001,14.1,26,2838,0.0,-20.8,14.8,26,-0.46,0,
C-B-1,2,1.17197,-29.4545,15.3167,1231,0.0,11.200000000000001,14.1,26,2838,0.0,-20.8,14.8,26,-0.46,0,
C-B-1,2,1.17296,-29.4545,15.3167,1231,0.0,11.200000000000001,14.1,26,2838,1.01,-19.1,14.8,26,-0.46,0,
C-B-1,2,1.17395,-29.4545,15.3167,1231,0.0,11.200000000000001,14.1,26,2838,0.0,-20.8,14.8,26,-0.46,0,
C-B-1,2,1.17497,-29.4545,15.3167,1231,0.0,11.200000000000001,14.1,26,2838,0.0,-20.8,14.8,26,-0.46,0,
C-B-1,2,1.17597,-29.4545,15.3167,1231,0.0,11.200000000000001,14.1,26,2838,1.01,-19.1,14.8,26,-0.46,0,
C-B-1,2,1.17697,-29.4545,15.3167,1231,0.0,11.200000000000001,14.1,26,2838,0.0,-20.8,14.8,26,-0.46,0,
C-B-1,2,1.17794,-29.4545,15.3167,1231,0.0,11.200000000000001,14.1,26,2838,0.0,-20.8,14.8,26,-0.46,0,
C-B-1,2,1.17897,-29.4545,15.3167,1231,0.0,11.200000000000001,14.1,26,2839,1.01,-18.3,14.8,26,-0.422,0,
C-B-1,2,1.17995,-29.4929,15.3109,1230,-1.01,8.700000000000001,14.1,26,2839,1.01,-18.3,14.8,26,-0.46,0,
C-B-1,2,1.18097,-29.4545,15.3167,1231,0.0,11.200000000000001,14.1,26,2839,1.01,-18.3,14.8,26,-0.422,0,
C-B-1,2,1.18195,-29.4545,15.3167,1231,0.0,11.200000000000001,14.1,26,2839,1.01,-18.3,14.8,26,-0.422,0,
C-B-1,2,1.18297,-29.4929,15.3109,1230,-1.01,8.700000000000001,14.1,26,2839,1.01,-18.3,14.8,26,-0.46,0,
C-B-1,2,1.18397,-29.4929,15.3109,1230,-1.01,8.700000000000001,14.1,26,2839,1.01,-18.3,14.8,26,-0.46,0,
C-B-1,2,1.18497,-29.4929,15.3109,1230,-1.01,8.700000000000001,14.1,26,2839,1.01,-18.3,14.8,26,-0.46,0,
C-B-1,2,1.18597,-29.4929,15.3109,1230,-1.01,8.700000000000001,14.1,26,2839,1.01,-18.3,14.8,26,-0.46,0,
C-B-1,2,1.18694,-29.4929,15.3109,1230,-1.01,8.700000000000001,14.1,26,2839,1.01,-18.3,14.8,26,-0.46,0,
C-B-1,2,1.18797,-29.4929,15.3109,1230,-1.01,8.700000000000001,14.1,26,2839,0.0,-20.0,14.8,26,-0.46,0,
C-B-1,2,1.18894,-29.4929,15.3109,1230,0.0,10.4,14.1,26,2839,0.0,-20.0,14.8,26,-0.46,0,
C-B-1,2,1.18997,-29.4929,15.3109,1230,-1.01,8.700000000000001,14.1,26,2840,1.01,-17.5,14.8,26,-0.422,0,
C-B-1,2,1.19097,-29.4929,15.3109,1230,-1.01,8.700000000000001,14.1,26,2840,1.01,-17.5,14.8,26,-0.422,0,
C-B-1,2,1.19197,-29.4929,15.3109,1230,0.0,10.4,14.1,26,2840,1.01,-17.5,14.8,26,-0.422,0,
C-B-1,2,1.19297,-29.4929,15.3109,1230,-1.01,8.700000000000001,14.1,26,2839,0.0,-20.0,14.8,26,-0.46,0,
C-B-1,2,1.19395,-29.4929,15.3109,1230,0.0,10.4,14.1,26,2840,1.01,-17.5,14.8,26,-0.422,0,
C-B-1,2,1.19497,-29.4929,15.3109,1230,-1.01,8.700000000000001,14.1,26,2840,1.01,-17.5,14.8,26,-0.422,0,
C-B-1,2,1.19595,-29.4929,15.3109,1230,-1.01,8.700000000000001,14.1,26,2840,1.01,-17.5,14.8,26,-0.422,0,
C-B-1,2,1.19697,-29.4929,15.3109,1230,0.0,10.4,14.1,26,2840,1.01,-17.5,14.8,26,-0.422,0,
C-B-1,2,1.19797,-29.4929,15.3109,1230,0.0,10.4,14.1,26,2840,1.01,-17.5,14.8,26,-0.422,0,
C-B-1,2,1.19895,-29.4929,15.3109,1230,0.0,10.4,14.1,26,2840,1.01,-17.5,14.8,26,-0.422,0,
C-B-1,2,1.19997,-29.4929,15.3109,1230,0.0,10.4,14.1,26,2840,1.01,-17.5,14.8,26,-0.422,0,
C-B-1,2,1.20095,-29.4929,15.3109,1230,0.0,10.4,14.1,26,2840,1.01,-17.5,14.8,26,-0.422,0,
C-B-1,2,1.20197,-29.4929,15.3109,1230,0.0,10.4,14.1,26,2840,1.01,-17.5,14.8,26,-0.422,0,
C-B-1,2,1.20297,-29.4929,15.3109,1230,0.0,10.4,14.1,26,2840,1.01,-17.5,14.8,26,-0.422,0,
C-B-1,2,1.20395,-29.4929,15.3109,1230,0.0,10.4,14.1,26,2840,1.01,-17.5,14.8,26,-0.422,0,
C-B-1,2,1.20497,-29.4929,15.3109,1230,0.0,10.4,14.1,26,2840,1.01,-17.5,14.8,26,-0.422,0,
C-B-1,2,1.20595,-29.4929,15.3109,1230,0.0,10.4,14.1,26,2840,1.01,-17.5,14.8,26,-0.422,0,
C-B-1,2,1.20697,-29.5313,15.3051,1229,-1.01,7.9,14.1,26,2841,1.51,-15.8,14.8,26,-0.422,0,
C-B-1,2,1.20795,-29.5313,15.3051,1229,-1.01,7.9,14.1,26,2840,1.01,-17.5,14.8,26,-0.46,0,
C-B-1,2,1.20897,-29.5313,15.3051,1229,0.0,9.600000000000001,14.1,26,2840,0.0,-19.200000000000003,14.8,26,-0.46,0,
C-B-1,2,1.20997,-29.4929,15.3109,1230,0.0,10.4,14.1,26,2841,1.01,-16.7,14.8,26,-0.384,0,
C-B-1,2,1.21097,-29.4929,15.3109,1230,0.0,10.4,14.1,26,2841,1.01,-16.7,14.8,26,-0.384,0,
C-B-1,2,1.21195,-29.5313,15.3051,1229,0.0,9.600000000000001,14.1,26,2841,1.01,-16.7,14.8,26,-0.422,0,
C-B-1,2,1.21297,-29.5313,15.3051,1229,0.0,9.600000000000001,14.1,26,2841,1.01,-16.7,14.8,26,-0.422,0,
C-B-1,2,1.21395,-29.5313,15.3051,1229,0.0,9.600000000000001,14.1,26,2841,1.01,-16.7,14.8,26,-0.422,0,
C-B-1,2,1.21497,-29.5313,15.3051,1229,0.0,9.600000000000001,14.1,26,2841,1.01,-16.7,14.8,26,-0.422,0,
C-B-1,2,1.21596,-29.5313,15.3051,1229,0.0,9.600000000000001,14.1,26,2841,1.01,-16.7,14.8,26,-0.422,0,
C-B-1,2,1.21697,-29.5313,15.3051,1229,0.0,9.600000000000001,14.1,26,2841,1.01,-16.7,14.8,26,-0.422,0,
C-B-1,2,1.21796,-29.5313,15.3051,1229,0.0,9.600000000000001,14.1,26,2841,1.01,-16.7,14.8,26,-0.422,0,
C-B-1,2,1.21897,-29.5313,15.3051,1229,0.0,9.600000000000001,14.1,26,2841,1.01,-16.7,14.8,26,-0.422,0,
C-B-1,2,1.21996,-29.5313,15.3051,1229,0.0,9.600000000000001,14.1,26,2841,0.0,-18.400000000000002,14.8,26,-0.422,0,
C-B-1,2,1.22097,-29.5313,15.3051,1229,0.0,9.600000000000001,14.1,26,2841,0.0,-18.400000000000002,14.8,26,-0.422,0,
C-B-1,2,1.22195,-29.5313,15.3051,1229,0.0,9.600000000000001,14.1,26,2840,0.0,-19.200000000000003,14.8,26,-0.46,0,
C-B-1,2,1.22297,-29.5313,15.3051,1229,0.0,9.600000000000001,14.1,26,2841,0.0,-18.400000000000002,14.8,26,-0.422,0,
C-B-1,2,1.22396,-29.5313,15.3051,1229,0.0,9.600000000000001,14.1,26,2841,0.0,-18.400000000000002,14.8,26,-0.422,0,
C-B-1,2,1.22497,-29.5313,15.3051,1229,0.0,9.600000000000001,14.1,26,2841,0.0,-18.400000000000002,14.8,26,-0.422,0,
C-B-1,2,1.22597,-29.5313,15.3051,1229,0.0,9.600000000000001,14.1,26,2841,0.0,-18.400000000000002,14.8,26,-0.422,0,
C-B-1,2,1.22697,-29.5313,15.3051,1229,0.0,9.600000000000001,14.1,26,2841,0.0,-18.400000000000002,14.8,26,-0.422,0,
C-B-1,2,1.22797,-29.5313,15.3051,1229,0.0,9.600000000000001,14.1,26,2841,0.0,-18.400000000000002,14.8,26,-0.422,0,
C-B-1,2,1.22896,-29.5313,15.3051,1229,0.0,9.600000000000001,14.1,26,2841,0.0,-18.400000000000002,14.8,26,-0.422,0,
C-B-1,2,1.22995,-29.5313,15.3051,1229,0.0,9.600000000000001,14.1,26,2841,0.0,-18.400000000000002,14.8,26,-0.422,0,
C-B-1,2,1.23097,-29.5313,15.3051,1229,0.0,9.600000000000001,14.1,26,2841,0.0,-18.400000000000002,14.8,26,-0.422,0,
C-B-1,2,1.23195,-29.5313,15.3051,1229,0.0,9.600000000000001,14.1,26,2841,0.0,-18.400000000000002,14.8,26,-0.422,0,
C-B-1,2,1.23296,-29.5313,15.3051,1229,0.0,9.600000000000001,14.1,26,2841,0.0,-18.400000000000002,14.8,26,-0.422,0,
C-B-1,2,1.23395,-29.4929,15.3109,1230,0.0,10.4,14.1,26,2841,0.0,-18.400000000000002,14.8,26,-0.384,0,
C-B-1,2,1.23497,-29.5313,15.3051,1229,0.0,9.600000000000001,14.1,26,2841,0.0,-18.400000000000002,14.8,26,-0.422,0,
C-B-1,2,1.23598,-29.5313,15.3051,1229,0.0,9.600000000000001,14.1,26,2841,0.0,-18.400000000000002,14.8,26,-0.422,0,
C-B-1,2,1.23696,-29.5313,15.3051,1229,0.0,9.600000000000001,14.1,26,2841,0.0,-18.400000000000002,14.8,26,-0.422,0,
C-B-1,2,1.23796,-29.5313,15.3051,1229,0.0,9.600000000000001,14.1,26,2841,0.0,-18.400000000000002,14.8,26,-0.422,0,
C-B-1,2,1.23896,-29.5313,15.3051,1229,0.0,9.600000000000001,14.1,26,2841,0.0,-18.400000000000002,14.8,26,-0.422,0,
C-B-1,2,1.23995,-29.5313,15.3051,1229,0.0,9.600000000000001,14.1,26,2841,0.0,-18.400000000000002,14.8,26,-0.422,0,
C-B-1,2,1.24095,-29.5313,15.3051,1229,0.0,9.600000000000001,14.1,26,2841,0.0,-18.400000000000002,14.8,26,-0.422,0,
C-B-1,2,1.24195,-29.5313,15.3051,1229,0.0,9.600000000000001,14.1,26,2841,0.0,-18.400000000000002,14.8,26,-0.422,0,
C-B-1,2,1.24296,-29.5313,15.3051,1229,0.0,9.600000000000001,14.1,26,2841,0.0,-18.400000000000002,14.8,26,-0.422,0,
C-B-1,2,1.24395,-29.5313,15.3051,1229,0.0,9.600000000000001,14.1,26,2841,0.0,-18.400000000000002,14.8,26,-0.422,0,
C-B-1,2,1.24496,-29.5313,15.3051,1229,0.0,9.600000000000001,14.1,26,2841,0.0,-18.400000000000002,14.8,26,-0.422,0,
C-B-1,2,1.24596,-29.5313,15.3051,1229,0.0,9.600000000000001,14.1,26,2841,0.0,-18.400000000000002,14.8,26,-0.422,0,
C-B-1,2,1.24696,-29.5313,15.3051,1229,0.0,9.600000000000001,14.1,26,2841,0.0,-18.400000000000002,14.8,26,-0.422,0,
C-B-1,2,1.24796,-29.5313,15.3051,1229,0.0,9.600000000000001,14.1,26,2841,0.0,-18.400000000000002,14.8,26,-0.422,0,
C-B-1,2,1.24896,-29.5313,15.3051,1229,0.0,9.600000000000001,14.1,26,2841,0.0,-18.400000000000002,14.4,26,-0.422,0,
C-B-1,2,1.24996,-29.5313,15.3051,1229,0.0,9.600000000000001,14.1,26,2841,0.0,-18.400000000000002,14.4,26,-0.422,0,
C-B-1,2,1.25096,-29.5313,15.3051,1229,0.0,9.600000000000001,14.1,26,2841,0.0,-18.400000000000002,14.4,26,-0.422,0,
C-B-1,2,1.25195,-29.5313,15.3051,1229,0.0,9.600000000000001,14.1,26,2840,0.0,-19.200000000000003,14.4,26,-0.46,0,
C-B-1,2,1.25296,-29.5313,15.3051,1229,0.0,9.600000000000001,14.1,26,2841,0.0,-18.400000000000002,14.4,26,-0.422,0,
C-B-1,2,1.25396,-29.5313,15.3051,1229,0.0,9.600000000000001,14.1,26,2841,0.0,-18.400000000000002,14.4,26,-0.422,0,
C-B-1,2,1.25496,-29.4929,15.3109,1230,0.0,10.4,14.1,26,2841,0.0,-18.400000000000002,14.4,26,-0.384,0,
C-B-1,2,1.25596,-29.4929,15.3109,1230,0.0,10.4,14.1,26,2841,0.0,-18.400000000000002,14.4,26,-0.384,0,
C-B-1,2,1.25696,-29.4929,15.3109,1230,0.0,10.4,14.1,26,2841,0.0,-18.400000000000002,14.4,26,-0.384,0,
C-B-1,2,1.25796,-29.4929,15.3109,1230,0.0,10.4,14.1,26,2841,0.0,-18.400000000000002,14.4,26,-0.384,0,
C-B-1,2,1.25897,-29.5313,15.3051,1229,0.0,9.600000000000001,14.1,26,2841,0.0,-18.400000000000002,14.4,26,-0.422,0,
C-B-1,2,1.25996,-29.4929,15.3109,1230,0.0,10.4,14.1,26,2841,0.0,-18.400000000000002,14.4,26,-0.384,0,
C-B-1,2,1.26097,-29.4929,15.3109,1230,0.0,10.4,14.1,26,2840,0.0,-19.200000000000003,14.4,26,-0.422,0,
C-B-1,2,1.26196,-29.4929,15.3109,1230,0.0,10.4,14.1,26,2841,0.0,-18.400000000000002,14.4,26,-0.384,0,
C-B-1,2,1.26296,-29.4929,15.3109,1230,0.0,10.4,14.1,26,2840,0.0,-19.200000000000003,14.4,26,-0.422,0,
C-B-1,2,1.26396,-29.4929,15.3109,1230,0.0,10.4,14.1,26,2840,0.0,-19.200000000000003,14.4,26,-0.422,0,
C-B-1,2,1.26496,-29.4929,15.3109,1230,0.0,10.4,14.1,26,2840,0.0,-19.200000000000003,14.4,26,-0.422,0,
C-B-1,2,1.26597,-29.4929,15.3109,1230,0.0,10.4,14.1,26,2840,0.0,-19.200000000000003,14.4,26,-0.422,0,
C-B-1,2,1.26696,-29.4929,15.3109,1230,0.0,10.4,14.1,26,2840,0.0,-19.200000000000003,14.4,26,-0.422,0,
C-B-1,2,1.26797,-29.4929,15.3109,1230,0.0,10.4,14.1,26,2840,0.0,-19.200000000000003,14.4,26,-0.422,0,
C-B-1,2,1.26896,-29.4929,15.3109,1230,0.0,10.4,14.1,26,2841,0.0,-18.400000000000002,14.4,26,-0.384,0,
C-B-1,2,1.26996,-29.4929,15.3109,1230,0.0,10.4,14.1,26,2840,0.0,-19.200000000000003,14.4,26,-0.422,0,
C-B-1,2,1.27096,-29.4929,15.3109,1230,0.0,10.4,14.1,26,2840,0.0,-19.200000000000003,14.4,26,-0.422,0,
C-B-1,2,1.27196,-29.4929,15.3109,1230,0.0,10.4,14.1,26,2840,0.0,-19.200000000000003,14.4,26,-0.422,0,
C-B-1,2,1.27297,-29.4929,15.3109,1230,0.0,10.4,14.1,26,2840,0.0,-19.200000000000003,14.4,26,-0.422,0,
C-B-1,2,1.27396,-29.4929,15.3109,1230,0.0,10.4,14.1,26,2840,0.0,-19.200000000000003,14.4,26,-0.422,0,
C-B-1,2,1.27497,-29.4929,15.3109,1230,0.0,10.4,14.1,26,2840,0.0,-19.200000000000003,14.4,26,-0.422,0,
C-B-1,2,1.27596,-29.4929,15.3109,1230,0.0,10.4,14.1,26,2840,0.0,-19.200000000000003,14.4,26,-0.422,0,
C-B-1,2,1.27696,-29.4929,15.3109,1230,0.0,10.4,14.1,26,2840,0.0,-19.200000000000003,14.4,26,-0.422,0,
C-B-1,2,1.27797,-29.4929,15.3109,1230,0.0,10.4,14.1,26,2840,0.0,-19.200000000000003,14.4,26,-0.422,0,
C-B-1,2,1.27896,-29.4929,15.3109,1230,0.0,10.4,14.1,26,2840,0.0,-19.200000000000003,14.4,26,-0.422,0,
C-B-1,2,1.27996,-29.4929,15.3109,1230,0.0,10.4,14.1,26,2840,0.0,-19.200000000000003,14.4,26,-0.422,0,
C-B-1,2,1.28097,-29.4929,15.3109,1230,0.0,10.4,14.1,26,2839,0.0,-20.0,14.4,26,-0.46,0,
C-B-1,2,1.28197,-29.4929,15.3109,1230,0.0,10.4,14.1,26,2839,-1.01,-21.700000000000003,14.4,26,-0.46,0,
C-B-1,2,1.28297,-29.4929,15.3109,1230,0.0,10.4,14.1,26,2839,-1.01,-21.700000000000003,14.4,26,-0.46,0,
C-B-1,2,1.28396,-29.4545,15.3167,1231,0.0,11.200000000000001,14.1,26,2839,-1.01,-21.700000000000003,14.4,26,-0.422,0,
C-B-1,2,1.28496,-29.4545,15.3167,1231,0.0,11.200000000000001,14.1,26,2839,-1.01,-21.700000000000003,14.4,26,-0.422,0,
C-B-1,2,1.28596,-29.4545,15.3167,1231,0.0,11.200000000000001,14.1,26,2839,-1.01,-21.700000000000003,14.4,26,-0.422,0,
C-B-1,2,1.28696,-29.4929,15.3109,1230,0.0,10.4,14.1,26,2839,-1.01,-21.700000000000003,14.4,26,-0.46,0,
C-B-1,2,1.28797,-29.4545,15.3167,1231,1.01,12.9,14.1,26,2839,-1.01,-21.700000000000003,14.4,26,-0.422,0,
C-B-1,2,1.28897,-29.4929,15.3109,1230,0.0,10.4,14.1,26,2839,-1.01,-21.700000000000003,14.4,26,-0.46,0,
C-B-1,2,1.28997,-29.4545,15.3167,1231,0.0,11.200000000000001,14.1,26,2839,-1.01,-21.700000000000003,14.4,26,-0.422,0,
C-B-1,2,1.29097,-29.4545,15.3167,1231,0.0,11.200000000000001,14.1,26,2839,0.0,-20.0,14.4,26,-0.422,0,
C-B-1,2,1.29196,-29.4545,15.3167,1231,0.0,11.200000000000001,14.1,26,2839,-1.01,-21.700000000000003,14.4,26,-0.422,0,
C-B-1,2,1.29297,-29.4545,15.3167,1231,0.0,11.200000000000001,14.1,26,2839,0.0,-20.0,14.4,26,-0.422,0,
C-B-1,2,1.29397,-29.4545,15.3167,1231,0.0,11.200000000000001,14.1,26,2839,0.0,-20.0,14.4,26,-0.422,0,
C-B-1,2,1.29497,-29.4545,15.3167,1231,0.0,11.200000000000001,14.1,26,2839,0.0,-20.0,14.4,26,-0.422,0,
C-B-1,2,1.29597,-29.4545,15.3167,1231,0.0,11.200000000000001,14.1,26,2839,0.0,-20.0,14.4,26,-0.422,0,
C-B-1,2,1.29697,-29.4929,15.3109,1230,0.0,10.4,14.1,26,2839,0.0,-20.0,14.4,26,-0.46,0,
C-B-1,2,1.29797,-29.4545,15.3167,1231,0.0,11.200000000000001,14.1,26,2838,-1.51,-23.400000000000002,14.4,26,-0.46,0,
C-B-1,2,1.29897,-29.4545,15.3167,1231,0.0,11.200000000000001,14.1,26,2839,0.0,-20.0,14.4,26,-0.422,0,
C-B-1,2,1.29997,-29.4545,15.3167,1231,0.0,11.200000000000001,14.1,26,2839,0.0,-20.0,14.4,26,-0.422,0,
C-B-1,2,1.30097,-29.4545,15.3167,1231,0.0,11.200000000000001,14.1,26,2838,-1.01,-22.5,14.4,26,-0.46,0,
C-B-1,2,1.30196,-29.4545,15.3167,1231,0.0,11.200000000000001,14.1,26,2838,-1.01,-22.5,14.4,26,-0.46,0,
C-B-1,2,1.30297,-29.4545,15.3167,1231,0.0,11.200000000000001,14.1,26,2838,-1.01,-22.5,14.4,26,-0.46,0,
C-B-1,2,1.30397,-29.4545,15.3167,1231,0.0,11.200000000000001,14.1,26,2838,-1.01,-22.5,14.4,26,-0.46,0,
C-B-1,2,1.30497,-29.4545,15.3167,1231,0.0,11.200000000000001,14.1,26,2838,-1.01,-22.5,14.4,26,-0.46,0,
C-B-1,2,1.30597,-29.4545,15.3167,1231,0.0,11.200000000000001,14.1,26,2838,-1.01,-22.5,14.4,26,-0.46,0,
C-B-1,2,1.30697,-29.4545,15.3167,1231,0.0,11.200000000000001,14.1,26,2838,-1.01,-22.5,14.4,26,-0.46,0,
C-B-1,2,1.30797,-29.4545,15.3167,1231,0.0,11.200000000000001,14.1,26,2838,-1.01,-22.5,14.4,26,-0.46,0,
C-B-1,2,1.30897,-29.4545,15.3167,1231,0.0,11.200000000000001,14.1,26,2838,-1.01,-22.5,14.4,26,-0.46,0,
C-B-1,2,1.30996,-29.4545,15.3167,1231,0.0,11.200000000000001,14.1,26,2838,-1.01,-22.5,14.4,26,-0.46,0,
C-B-1,2,1.31097,-29.4162,15.3225,1232,1.01,13.700000000000001,14.1,26,2838,0.0,-20.8,14.4,26,-0.422,0,
C-B-1,2,1.31197,-29.4545,15.3167,1231,0.0,11.200000000000001,14.1,26,2838,0.0,-20.8,14.4,26,-0.46,0,
C-B-1,2,1.31297,-29.4545,15.3167,1231,0.0,11.200000000000001,14.1,26,2838,0.0,-20.8,14.4,26,-0.46,0,
C-B-1,2,1.31397,-29.4162,15.3225,1232,0.0,12.0,14.1,26,2838,0.0,-20.8,14.4,26,-0.422,0,
C-B-1,2,1.31497,-29.4545,15.3167,1231,0.0,11.200000000000001,14.1,26,2838,0.0,-20.8,14.4,26,-0.46,0,
C-B-1,2,1.31597,-29.4545,15.3167,1231,0.0,11.200000000000001,14.1,26,2838,0.0,-20.8,14.4,26,-0.46,0,
C-B-1,2,1.31697,-29.4162,15.3225,1232,0.0,12.0,14.1,26,2838,0.0,-20.8,14.4,26,-0.422,0,
C-B-1,2,1.31797,-29.4545,15.3167,1231,0.0,11.200000000000001,14.1,26,2838,0.0,-20.8,14.4,26,-0.46,0,
C-B-1,2,1.31897,-29.4162,15.3225,1232,0.0,12.0,14.1,26,2838,0.0,-20.8,14.4,26,-0.422,0,
C-B-1,2,1.31997,-29.4162,15.3225,1232,0.0,12.0,14.1,26,2838,0.0,-20.8,14.4,26,-0.422,0,
C-B-1,2,1.32097,-29.4545,15.3167,1231,0.0,11.200000000000001,14.1,26,2838,0.0,-20.8,14.4,26,-0.46,0,
C-B-1,2,1.32197,-29.4545,15.3167,1231,0.0,11.200000000000001,14.1,26,2838,0.0,-20.8,14.4,26,-0.46,0,
C-B-1,2,1.32297,-29.4545,15.3167,1231,0.0,11.200000000000001,14.1,26,2837,-1.01,-23.3,14.4,26,-0.499,0,
C-B-1,2,1.32397,-29.4162,15.3225,1232,0.0,12.0,14.1,26,2837,-1.01,-23.3,14.4,26,-0.46,0,
C-B-1,2,1.32497,-29.4162,15.3225,1232,0.0,12.0,14.1,26,2838,0.0,-20.8,14.4,26,-0.422,0,
C-B-1,2,1.32598,-29.4162,15.3225,1232,1.01,13.700000000000001,14.1,26,2838,0.0,-20.8,14.4,26,-0.422,0,
C-B-1,2,1.32697,-29.4162,15.3225,1232,0.0,12.0,14.1,26,2838,0.0,-20.8,14.4,26,-0.422,0,
C-B-1,2,1.32798,-29.4545,15.3167,1231,0.0,11.200000000000001,14.1,26,2838,0.0,-20.8,14.4,26,-0.46,0,
C-B-1,2,1.32897,-29.4162,15.3225,1232,0.0,12.0,14.1,26,2837,0.0,-21.6,14.4,26,-0.46,0,
C-B-1,2,1.32998,-29.4162,15.3225,1232,0.0,12.0,14.1,26,2837,0.0,-20.8,14.4,26,-0.46,0,
C-B-1,2,1.33097,-29.4162,15.3225,1232,0.0,12.0,14.1,26,2838,0.0,-21.6,14.4,26,-0.422,0,
C-B-1,2,1.33197,-29.4162,15.3225,1232,0.0,12.0,14.1,26,2837,0.0,-21.6,14.4,26,-0.46,0,
C-B-1,2,1.33298,-29.4162,15.3225,1232,0.0,12.0,14.1,26,2837,0.0,-21.6,14.4,26,-0.46,0,
C-B-1,2,1.33397,-29.4162,15.3225,1232,0.0,12.0,14.1,26,2837,0.0,-21.6,14.4,26,-0.46,0,
C-B-1,2,1.33497,-29.4162,15.3225,1232,0.0,12.0,14.1,26,2837,0.0,-21.6,14.4,26,-0.46,0,
C-B-1,2,1.33597,-29.4162,15.3225,1232,0.0,12.0,14.1,26,2837,0.0,-21.6,14.4,26,-0.46,0,
C-B-1,2,1.33698,-29.4162,15.3225,1232,0.0,12.0,14.1,26,2837,0.0,-21.6,14.4,26,-0.46,0,
C-B-1,2,1.33797,-29.4162,15.3225,1232,0.0,12.0,14.1,26,2838,0.0,-20.8,14.4,26,-0.422,0,
C-B-1,2,1.33897,-29.4162,15.3225,1232,0.0,12.0,14.1,26,2837,0.0,-21.6,14.4,26,-0.46,0,
C-B-1,2,1.33998,-29.4162,15.3225,1232,0.0,12.0,14.1,26,2837,0.0,-21.6,14.4,26,-0.46,0,
C-B-1,2,1.34097,-29.4162,15.3225,1232,0.0,12.0,14.1,26,2837,0.0,-21.6,14.4,26,-0.46,0,
C-B-1,2,1.34197,-29.4162,15.3225,1232,0.0,12.0,14.1,26,2837,0.0,-21.6,14.4,26,-0.46,0,
C-B-1,2,1.34298,-29.4162,15.3225,1232,0.0,12.0,14.1,26,2837,0.0,-21.6,14.4,26,-0.46,0,
C-B-1,2,1.34398,-29.4162,15.3225,1232,0.0,12.0,14.1,26,2837,0.0,-21.6,14.4,26,-0.46,0,
C-B-1,2,1.34498,-29.4162,15.3225,1232,0.0,12.0,14.1,26,2837,0.0,-21.6,14.4,26,-0.46,0,
C-B-1,2,1.34598,-29.4162,15.3225,1232,0.0,12.0,14.1,26,2837,0.0,-21.6,14.4,26,-0.46,0,
C-B-1,2,1.34698,-29.4162,15.3225,1232,0.0,12.0,14.1,26,2837,0.0,-21.6,14.4,26,-0.46,0,
C-B-1,2,1.34798,-29.4545,15.3167,1231,0.0,11.200000000000001,14.1,26,2837,0.0,-21.6,14.4,26,-0.499,0,
C-B-1,2,1.34898,-29.4162,15.3225,1232,0.0,12.0,14.1,26,2837,0.0,-21.6,14.4,26,-0.46,0,
C-B-1,2,1.34998,-29.4162,15.3225,1232,0.0,12.0,14.1,26,2838,0.0,-20.8,14.4,26,-0.422,0,
C-B-1,2,1.35098,-29.4162,15.3225,1232,0.0,12.0,14.1,26,2838,0.0,-20.8,14.4,26,-0.422,0,
C-B-1,2,1.35198,-29.4162,15.3225,1232,0.0,12.0,14.1,26,2838,0.0,-20.8,14.4,26,-0.422,0,
C-B-1,2,1.35298,-29.4162,15.3225,1232,0.0,12.0,14.1,26,2837,0.0,-21.6,14.4,26,-0.46,0,
C-B-1,2,1.35398,-29.4162,15.3225,1232,0.0,12.0,14.1,26,2838,0.0,-20.8,14.4,26,-0.422,0,
C-B-1,2,1.35498,-29.4162,15.3225,1232,0.0,12.0,14.1,26,2837,0.0,-21.6,14.4,26,-0.46,0,
C-B-1,2,1.35598,-29.4162,15.3225,1232,0.0,12.0,14.1,26,2837,0.0,-21.6,14.4,26,-0.46,0,
C-B-1,2,1.35698,-29.4162,15.3225,1232,0.0,12.0,14.1,26,2837,0.0,-21.6,14.4,26,-0.46,0,
C-B-1,2,1.35798,-29.4162,15.3225,1232,0.0,12.0,14.1,26,2838,0.0,-20.8,14.4,26,-0.422,0,
C-B-1,2,1.35898,-29.4162,15.3225,1232,0.0,12.0,14.1,26,2837,0.0,-21.6,14.4,26,-0.46,0,
C-B-1,2,1.35998,-29.4162,15.3225,1232,0.0,12.0,14.1,26,2837,0.0,-21.6,14.4,26,-0.46,0,
C-B-1,2,1.36098,-29.4162,15.3225,1232,0.0,12.0,14.1,26,2837,0.0,-21.6,14.4,26,-0.46,0,
C-B-1,2,1.36198,-29.4162,15.3225,1232,0.0,12.0,14.1,26,2838,0.0,-20.8,14.4,26,-0.422,0,
C-B-1,2,1.36298,-29.4162,15.3225,1232,0.0,12.0,14.1,26,2838,0.0,-20.8,14.4,26,-0.422,0,
C-B-1,2,1.36398,-29.4162,15.3225,1232,0.0,12.0,14.1,26,2837,0.0,-21.6,14.4,26,-0.46,0,
C-B-1,2,1.36498,-29.4162,15.3225,1232,0.0,12.0,14.1,26,2838,0.0,-20.8,14.4,26,-0.422,0,
C-B-1,2,1.36598,-29.4162,15.3225,1232,0.0,12.0,15.0,26,2838,0.0,-20.8,14.8,26,-0.422,0,
C-B-1,2,1.36698,-29.4162,15.3225,1232,0.0,12.0,15.0,26,2837,0.0,-21.6,14.8,26,-0.46,0,
C-B-1,2,1.36798,-29.4162,15.3225,1232,0.0,12.0,15.0,26,2838,0.0,-20.8,14.8,26,-0.422,0,
C-B-1,2,1.36898,-29.4162,15.3225,1232,0.0,12.0,15.0,26,2838,0.0,-20.8,14.8,26,-0.422,0,
C-B-1,2,1.36998,-29.4162,15.3225,1232,0.0,12.0,15.0,26,2838,0.0,-20.8,14.8,26,-0.422,0,
C-B-1,2,1.37098,-29.4162,15.3225,1232,0.0,12.0,15.0,26,2838,0.0,-20.8,14.8,26,-0.422,0,
C-B-1,2,1.37198,-29.4162,15.3225,1232,0.0,12.0,15.0,26,2838,0.0,-20.8,14.8,26,-0.422,0,
C-B-1,2,1.37298,-29.4162,15.3225,1232,0.0,12.0,15.0,26,2838,0.0,-20.8,14.8,26,-0.422,0,
C-B-1,2,1.37399,-29.4162,15.3225,1232,0.0,12.0,15.0,26,2838,0.0,-20.8,14.8,26,-0.422,0,
C-B-1,2,1.37498,-29.4162,15.3225,1232,0.0,12.0,15.0,26,2838,0.0,-20.8,14.8,26,-0.422,0,
C-B-1,2,1.37599,-29.4545,15.3167,1231,0.0,11.200000000000001,15.0,26,2838,0.0,-20.8,14.8,26,-0.46,0,
C-B-1,2,1.37698,-29.4162,15.3225,1232,0.0,12.0,15.0,26,2838,0.0,-20.8,14.8,26,-0.422,0,
C-B-1,2,1.37798,-29.4162,15.3225,1232,0.0,12.0,15.0,26,2838,0.0,-20.8,14.8,26,-0.422,0,
C-B-1,2,1.37898,-29.4545,15.3167,1231,0.0,11.200000000000001,15.0,26,2838,0.0,-20.8,14.8,26,-0.46,0,
C-B-1,2,1.37999,-29.4545,15.3167,1231,0.0,11.200000000000001,15.0,26,2838,0.0,-20.8,14.8,26,-0.46,0,
C-B-1,2,1.38098,-29.4545,15.3167,1231,0.0,11.200000000000001,15.0,26,2838,0.0,-20.8,14.8,26,-0.46,0,
C-B-1,2,1.38198,-29.4545,15.3167,1231,0.0,11.200000000000001,15.0,26,2838,0.0,-20.8,14.8,26,-0.46,0,
C-B-1,2,1.38298,-29.4545,15.3167,1231,0.0,11.200000000000001,15.0,26,2838,0.0,-20.8,14.8,26,-0.46,0,
C-B-1,2,1.38399,-29.4545,15.3167,1231,0.0,11.200000000000001,15.0,26,2838,0.0,-20.8,14.8,26,-0.46,0,
C-B-1,2,1.38498,-29.4545,15.3167,1231,0.0,11.200000000000001,15.0,26,2838,0.0,-20.8,14.8,26,-0.46,0,
C-B-1,2,1.38599,-29.4545,15.3167,1231,0.0,11.200000000000001,15.0,26,2838,0.0,-20.8,14.8,26,-0.46,0,
C-B-1,2,1.38699,-29.4545,15.3167,1231,0.0,11.200000000000001,15.0,26,2838,0.0,-20.8,14.8,26,-0.46,0,
C-B-1,2,1.38799,-29.4545,15.3167,1231,0.0,11.200000000000001,15.0,26,2838,0.0,-20.8,14.8,26,-0.46,0,
C-B-1,2,1.38898,-29.4545,15.3167,1231,0.0,11.200000000000001,15.0,26,2838,0.0,-20.8,14.8,26,-0.46,0,
C-B-1,2,1.38998,-29.4545,15.3167,1231,0.0,11.200000000000001,15.0,26,2838,0.0,-20.8,14.8,26,-0.46,0,
C-B-1,2,1.39099,-29.4545,15.3167,1231,0.0,11.200000000000001,15.0,26,2838,0.0,-20.8,14.8,26,-0.46,0,
C-B-1,2,1.39198,-29.4545,15.3167,1231,0.0,11.200000000000001,15.0,26,2838,0.0,-20.8,14.8,26,-0.46,0,
C-B-1,2,1.39298,-29.4545,15.3167,1231,0.0,11.200000000000001,15.0,26,2838,0.0,-20.8,14.8,26,-0.46,0,
C-B-1,2,1.39398,-29.4545,15.3167,1231,0.0,11.200000000000001,15.0,26,2838,0.0,-20.8,14.8,26,-0.46,0,
C-B-1,2,1.39498,-29.4545,15.3167,1231,0.0,11.200000000000001,15.0,26,2838,0.0,-20.8,14.8,26,-0.46,0,
C-B-1,2,1.39598,-29.4545,15.3167,1231,0.0,11.200000000000001,15.0,26,2839,1.01,-18.3,14.8,26,-0.422,0,
C-B-1,2,1.39699,-29.4545,15.3167,1231,0.0,11.200000000000001,15.0,26,2838,0.0,-20.8,14.8,26,-0.46,0,
C-B-1,2,1.39799,-29.4545,15.3167,1231,0.0,11.200000000000001,15.0,26,2839,0.0,-20.0,14.8,26,-0.422,0,
C-B-1,2,1.39899,-29.4929,15.3109,1230,-1.01,8.700000000000001,15.0,26,2839,0.0,-20.0,14.8,26,-0.46,0,
C-B-1,2,1.39999,-29.4545,15.3167,1231,0.0,11.200000000000001,15.0,26,2839,0.0,-20.0,14.8,26,-0.422,0,
C-B-1,2,1.40099,-29.4545,15.3167,1231,0.0,11.200000000000001,15.0,26,2838,0.0,-20.8,14.8,26,-0.46,0,
C-B-1,2,1.40199,-29.4545,15.3167,1231,0.0,11.200000000000001,15.0,26,2839,0.0,-20.0,14.8,26,-0.422,0,
C-B-1,2,1.40299,-29.4545,15.3167,1231,0.0,11.200000000000001,15.0,26,2839,0.0,-20.0,14.8,26,-0.422,0,
C-B-1,2,1.40399,-29.4545,15.3167,1231,0.0,11.200000000000001,15.0,26,2839,0.0,-20.0,14.8,26,-0.422,0,
C-B-1,2,1.40499,-29.4545,15.3167,1231,0.0,11.200000000000001,15.0,26,2839,0.0,-20.0,14.8,26,-0.422,0,
C-B-1,2,1.40599,-29.4545,15.3167,1231,0.0,11.200000000000001,15.0,26,2839,0.0,-20.0,14.8,26,-0.422,0,
C-B-1,2,1.40699,-29.4929,15.3109,1230,-1.01,8.700000000000001,15.0,26,2839,0.0,-20.0,14.8,26,-0.46,0,
C-B-1,2,1.40799,-29.4545,15.3167,1231,0.0,11.200000000000001,15.0,26,2838,0.0,-20.8,14.8,26,-0.46,0,
C-B-1,2,1.40899,-29.4545,15.3167,1231,0.0,11.200000000000001,15.0,26,2839,0.0,-20.0,14.8,26,-0.422,0,
C-B-1,2,1.40999,-29.4545,15.3167,1231,0.0,11.200000000000001,15.0,26,2839,0.0,-20.0,14.8,26,-0.422,0,
C-B-1,2,1.41099,-29.4545,15.3167,1231,0.0,11.200000000000001,15.0,26,2839,0.0,-20.0,14.8,26,-0.422,0,
C-B-1,2,1.41199,-29.4929,15.3109,1230,0.0,10.4,15.0,26,2839,0.0,-20.0,14.8,26,-0.46,0,
C-B-1,2,1.41299,-29.4929,15.3109,1230,0.0,10.4,15.0,26,2839,0.0,-20.0,14.8,26,-0.46,0,
C-B-1,2,1.41399,-29.4929,15.3109,1230,0.0,10.4,15.0,26,2839,0.0,-20.0,14.8,26,-0.46,0,
C-B-1,2,1.41499,-29.4929,15.3109,1230,0.0,10.4,15.0,26,2839,0.0,-20.0,14.8,26,-0.46,0,
C-B-1,2,1.41599,-29.4929,15.3109,1230,0.0,10.4,15.0,26,2839,0.0,-20.0,14.8,26,-0.46,0,
C-B-1,2,1.41699,-29.4929,15.3109,1230,0.0,10.4,15.0,26,2839,0.0,-20.0,14.8,26,-0.46,0,
C-B-1,2,1.41799,-29.4929,15.3109,1230,0.0,10.4,15.0,26,2839,0.0,-20.0,14.8,26,-0.46,0,
C-B-1,2,1.41899,-29.4929,15.3109,1230,0.0,10.4,15.0,26,2839,0.0,-20.0,14.8,26,-0.46,0,
C-B-1,2,1.41999,-29.4929,15.3109,1230,0.0,10.4,15.0,26,2840,1.01,-17.5,14.8,26,-0.422,0,
C-B-1,2,1.421,-29.4929,15.3109,1230,0.0,10.4,15.0,26,2839,0.0,-20.0,14.8,26,-0.46,0,
C-B-1,2,1.42199,-29.4929,15.3109,1230,0.0,10.4,15.0,26,2839,0.0,-20.0,14.8,26,-0.46,0,
C-B-1,2,1.423,-29.4929,15.3109,1230,0.0,10.4,15.0,26,2839,0.0,-20.0,14.8,26,-0.46,0,
C-B-1,2,1.42399,-29.4929,15.3109,1230,0.0,10.4,15.0,26,2839,0.0,-20.0,14.8,26,-0.46,0,
C-B-1,2,1.42499,-29.4929,15.3109,1230,0.0,10.4,15.0,26,2840,0.0,-19.200000000000003,14.8,26,-0.422,0,
C-B-1,2,1.42599,-29.4929,15.3109,1230,0.0,10.4,15.0,26,2840,1.01,-17.5,14.8,26,-0.422,0,
C-B-1,2,1.42699,-29.4929,15.3109,1230,0.0,10.4,15.0,26,2840,0.0,-19.200000000000003,14.8,26,-0.422,0,
C-B-1,2,1.42799,-29.4929,15.3109,1230,0.0,10.4,15.0,26,2840,0.0,-19.200000000000003,14.8,26,-0.422,0,
C-B-1,2,1.42899,-29.4929,15.3109,1230,0.0,10.4,15.0,26,2840,0.0,-19.200000000000003,14.8,26,-0.422,0,
C-B-1,2,1.42999,-29.4929,15.3109,1230,0.0,10.4,15.0,26,2840,1.01,-17.5,14.8,26,-0.422,0,
C-B-1,2,1.431,-29.4929,15.3109,1230,0.0,10.4,15.0,26,2840,0.0,-19.200000000000003,14.8,26,-0.422,0,
C-B-1,2,1.43199,-29.4929,15.3109,1230,0.0,10.4,15.0,26,2840,0.0,-19.200000000000003,14.8,26,-0.422,0,
C-B-1,2,1.433,-29.4929,15.3109,1230,0.0,10.4,15.0,26,2840,0.0,-19.200000000000003,14.8,26,-0.422,0,
C-B-1,2,1.43399,-29.4929,15.3109,1230,0.0,10.4,15.0,26,2840,0.0,-19.200000000000003,14.8,26,-0.422,0,
C-B-1,2,1.43499,-29.4929,15.3109,1230,0.0,10.4,15.0,26,2840,0.0,-19.200000000000003,14.8,26,-0.422,0,
C-B-1,2,1.436,-29.4929,15.3109,1230,0.0,10.4,15.0,26,2840,0.0,-19.200000000000003,14.8,26,-0.422,0,
C-B-1,2,1.43699,-29.4929,15.3109,1230,0.0,10.4,15.0,26,2840,1.01,-17.5,14.8,26,-0.422,0,
C-B-1,2,1.43799,-29.4929,15.3109,1230,0.0,10.4,15.0,26,2840,0.0,-19.200000000000003,14.8,26,-0.422,0,
C-B-1,2,1.439,-29.4929,15.3109,1230,0.0,10.4,15.0,26,2840,0.0,-19.200000000000003,14.8,26,-0.422,0,
C-B-1,2,1.43999,-29.4929,15.3109,1230,0.0,10.4,15.0,26,2840,0.0,-19.200000000000003,14.8,26,-0.422,0,
C-B-1,2,1.44099,-29.4929,15.3109,1230,0.0,10.4,15.0,26,2840,0.0,-19.200000000000003,14.8,26,-0.422,0,
C-B-1,2,1.442,-29.4929,15.3109,1230,0.0,10.4,15.0,26,2840,0.0,-19.200000000000003,14.8,26,-0.422,0,
C-B-1,2,1.44299,-29.4929,15.3109,1230,0.0,10.4,15.0,26,2840,0.0,-19.200000000000003,14.8,26,-0.422,0,
C-B-1,2,1.44401,-29.4929,15.3109,1230,0.0,10.4,15.0,26,2840,0.0,-19.200000000000003,14.8,26,-0.422,0,
C-B-1,2,1.44501,-29.4929,15.3109,1230,0.0,10.4,15.0,26,2840,0.0,-19.200000000000003,14.8,26,-0.422,0,
C-B-1,2,1.446,-29.4929,15.3109,1230,0.0,10.4,15.0,26,2840,0.0,-19.200000000000003,14.8,26,-0.422,0,
C-B-1,2,1.447,-29.4929,15.3109,1230,0.0,10.4,15.0,26,2840,0.0,-19.200000000000003,14.8,26,-0.422,0,
C-B-1,2,1.44799,-29.4929,15.3109,1230,0.0,10.4,15.0,26,2840,0.0,-19.200000000000003,14.8,26,-0.422,0,
C-B-1,2,1.44899,-29.4929,15.3109,1230,0.0,10.4,15.0,26,2840,0.0,-19.200000000000003,14.8,26,-0.422,0,
C-B-1,2,1.45,-29.4929,15.3109,1230,0.0,10.4,15.0,26,2840,0.0,-19.200000000000003,14.8,26,-0.422,0,
C-B-1,2,1.45099,-29.4929,15.3109,1230,0.0,10.4,15.0,26,2840,0.0,-19.200000000000003,14.8,26,-0.422,0,
C-B-1,2,1.452,-29.4929,15.3109,1230,0.0,10.4,15.0,26,2840,0.0,-19.200000000000003,14.8,26,-0.422,0,
C-B-1,2,1.453,-29.4929,15.3109,1230,0.0,10.4,15.0,26,2840,0.0,-19.200000000000003,14.8,26,-0.422,0,
C-B-1,2,1.454,-29.4929,15.3109,1230,0.0,10.4,15.0,26,2840,0.0,-19.200000000000003,14.8,26,-0.422,0,
C-B-1,2,1.455,-29.4929,15.3109,1230,0.0,10.4,15.0,26,2840,0.0,-19.200000000000003,14.8,26,-0.422,0,
C-B-1,2,1.45599,-29.4929,15.3109,1230,0.0,10.4,15.0,26,2840,0.0,-19.200000000000003,14.8,26,-0.422,0,
C-B-1,2,1.457,-29.4929,15.3109,1230,0.0,10.4,15.0,26,2840,0.0,-19.200000000000003,14.8,26,-0.422,0,
C-B-1,2,1.458,-29.4929,15.3109,1230,0.0,10.4,15.0,26,2840,0.0,-19.200000000000003,14.8,26,-0.422,0,
C-B-1,2,1.45899,-29.4929,15.3109,1230,0.0,10.4,15.0,26,2840,0.0,-19.200000000000003,14.8,26,-0.422,0,
C-B-1,2,1.46,-29.4929,15.3109,1230,0.0,10.4,15.0,26,2840,0.0,-19.200000000000003,14.8,26,-0.422,0,
C-B-1,2,1.461,-29.4929,15.3109,1230,0.0,10.4,15.0,26,2840,0.0,-19.200000000000003,14.8,26,-0.422,0,
C-B-1,2,1.462,-29.4929,15.3109,1230,0.0,10.4,15.0,26,2840,0.0,-19.200000000000003,14.8,26,-0.422,0,
C-B-1,2,1.463,-29.4929,15.3109,1230,0.0,10.4,15.0,26,2840,0.0,-19.200000000000003,14.8,26,-0.422,0,
C-B-1,2,1.46398,-29.4929,15.3109,1230,0.0,10.4,15.0,26,2840,0.0,-19.200000000000003,14.8,26,-0.422,0,
C-B-1,2,1.465,-29.4929,15.3109,1230,0.0,10.4,15.0,26,2840,0.0,-19.200000000000003,14.8,26,-0.422,0,
C-B-1,2,1.46598,-29.4929,15.3109,1230,0.0,10.4,15.0,26,2840,0.0,-19.200000000000003,14.8,26,-0.422,0,
C-B-1,2,1.467,-29.4929,15.3109,1230,0.0,10.4,15.0,26,2840,0.0,-19.200000000000003,14.8,26,-0.422,0,
C-B-1,2,1.46799,-29.4929,15.3109,1230,0.0,10.4,15.0,26,2840,0.0,-19.200000000000003,14.8,26,-0.422,0,
C-B-1,2,1.469,-29.4929,15.3109,1230,0.0,10.4,15.0,26,2840,0.0,-19.200000000000003,14.8,26,-0.422,0,
C-B-1,2,1.47,-29.4929,15.3109,1230,0.0,10.4,15.0,26,2840,0.0,-19.200000000000003,14.8,26,-0.422,0,
C-B-1,2,1.47098,-29.4929,15.3109,1230,0.0,10.4,15.0,26,2840,0.0,-19.200000000000003,14.8,26,-0.422,0,
C-B-1,2,1.472,-29.4929,15.3109,1230,0.0,10.4,15.0,26,2840,0.0,-19.200000000000003,14.8,26,-0.422,0,
C-B-1,2,1.473,-29.4929,15.3109,1230,0.0,10.4,15.0,26,2840,0.0,-19.200000000000003,14.8,26,-0.422,0,
C-B-1,2,1.47398,-29.4929,15.3109,1230,0.0,10.4,15.0,26,2840,0.0,-19.200000000000003,14.8,26,-0.422,0,
C-B-1,2,1.475,-29.4929,15.3109,1230,0.0,10.4,15.0,26,2840,0.0,-19.200000000000003,14.8,26,-0.422,0,
C-B-1,2,1.47598,-29.4929,15.3109,1230,0.0,10.4,15.0,26,2840,0.0,-19.200000000000003,14.8,26,-0.422,0,
C-B-1,2,1.477,-29.4929,15.3109,1230,0.0,10.4,15.0,26,2840,0.0,-19.200000000000003,14.8,26,-0.422,0,
C-B-1,2,1.478,-29.4929,15.3109,1230,0.0,10.4,15.0,26,2840,0.0,-19.200000000000003,14.8,26,-0.422,0,
C-B-1,2,1.479,-29.4929,15.3109,1230,0.0,10.4,15.0,26,2840,0.0,-19.200000000000003,14.8,26,-0.422,0,
C-B-1,2,1.47998,-29.4929,15.3109,1230,0.0,10.4,15.0,26,2840,0.0,-19.200000000000003,14.8,26,-0.422,0,
C-B-1,2,1.481,-29.4929,15.3109,1230,0.0,10.4,15.0,26,2840,0.0,-19.200000000000003,14.8,26,-0.422,0,
C-B-1,2,1.48198,-29.4929,15.3109,1230,0.0,10.4,15.0,26,2839,0.0,-20.0,14.8,26,-0.46,0,
C-B-1,2,1.483,-29.4929,15.3109,1230,0.0,10.4,14.9,26,2839,0.0,-20.0,14.9,26,-0.46,0,
C-B-1,2,1.484,-29.4929,15.3109,1230,0.0,10.4,14.9,26,2840,0.0,-19.200000000000003,14.9,26,-0.422,0,
C-B-1,2,1.485,-29.4929,15.3109,1230,0.0,10.4,14.9,26,2839,0.0,-20.0,14.9,26,-0.46,0,
C-B-1,2,1.48599,-29.4929,15.3109,1230,0.0,10.4,14.9,26,2839,0.0,-20.0,14.9,26,-0.46,0,
C-B-1,2,1.487,-29.4929,15.3109,1230,0.0,10.4,14.9,26,2839,0.0,-20.0,14.9,26,-0.46,0,
C-B-1,2,1.488,-29.4929,15.3109,1230,0.0,10.4,14.9,26,2839,0.0,-20.0,14.9,26,-0.46,0,
C-B-1,2,1.48899,-29.4929,15.3109,1230,0.0,10.4,14.9,26,2839,0.0,-20.0,14.9,26,-0.46,0,
C-B-1,2,1.49,-29.4929,15.3109,1230,0.0,10.4,14.9,26,2840,0.0,-19.200000000000003,14.9,26,-0.422,0,
C-B-1,2,1.49099,-29.4929,15.3109,1230,0.0,10.4,14.9,26,2839,0.0,-20.0,14.9,26,-0.46,0,
C-B-1,2,1.492,-29.4929,15.3109,1230,0.0,10.4,14.9,26,2839,0.0,-20.0,14.9,26,-0.46,0,
C-B-1,2,1.493,-29.4929,15.3109,1230,0.0,10.4,14.9,26,2839,0.0,-20.0,14.9,26,-0.46,0,
C-B-1,2,1.49399,-29.4929,15.3109,1230,0.0,10.4,14.9,26,2839,0.0,-20.0,14.9,26,-0.46,0,
C-B-1,2,1.495,-29.4929,15.3109,1230,0.0,10.4,14.9,26,2839,0.0,-20.0,14.9,26,-0.46,0,
C-B-1,2,1.496,-29.4929,15.3109,1230,0.0,10.4,14.9,26,2839,0.0,-20.0,14.9,26,-0.46,0,
C-B-1,2,1.497,-29.4929,15.3109,1230,0.0,10.4,14.9,26,2839,0.0,-20.0,14.9,26,-0.46,0,
C-B-1,2,1.49799,-29.4929,15.3109,1230,0.0,10.4,14.9,26,2839,0.0,-20.0,14.9,26,-0.46,0,
C-B-1,2,1.499,-29.4929,15.3109,1230,0.0,10.4,14.9,26,2839,0.0,-20.0,14.9,26,-0.46,0,
C-B-1,2,1.5,-29.4929,15.3109,1230,0.0,10.4,14.9,26,2839,0.0,-20.0,14.9,26,-0.46,0,
C-B-1,2,1.501,-29.4545,15.3167,1231,0.0,11.200000000000001,14.9,26,2839,0.0,-20.0,14.9,26,-0.422,0,
C-B-1,2,1.50199,-29.4545,15.3167,1231,0.0,11.200000000000001,14.9,26,2839,0.0,-20.0,14.9,26,-0.422,0,
C-B-1,2,1.50301,-29.4545,15.3167,1231,0.0,11.200000000000001,14.9,26,2839,0.0,-20.0,14.9,26,-0.422,0,
C-B-1,2,1.50399,-29.4929,15.3109,1230,0.0,10.4,14.9,26,2839,0.0,-20.0,14.9,26,-0.46,0,
C-B-1,2,1.50501,-29.4929,15.3109,1230,0.0,10.4,14.9,26,2839,0.0,-20.0,14.9,26,-0.46,0,
C-B-1,2,1.506,-29.4545,15.3167,1231,0.0,11.200000000000001,14.9,26,2839,0.0,-20.0,14.9,26,-0.422,0,
C-B-1,2,1.50701,-29.4545,15.3167,1231,0.0,11.200000000000001,14.9,26,2839,0.0,-20.0,14.9,26,-0.422,0,
C-B-1,2,1.50801,-29.4545,15.3167,1231,0.0,11.200000000000001,14.9,26,2839,0.0,-20.0,14.9,26,-0.422,0,
C-B-1,2,1.50899,-29.4545,15.3167,1231,0.0,11.200000000000001,14.9,26,2839,0.0,-20.0,14.9,26,-0.422,0,
C-B-1,2,1.51001,-29.4545,15.3167,1231,0.0,11.200000000000001,14.9,26,2839,0.0,-20.0,14.9,26,-0.422,0,
C-B-1,2,1.51099,-29.4929,15.3109,1230,0.0,10.4,14.9,26,2839,0.0,-20.0,14.9,26,-0.46,0,
C-B-1,2,1.51201,-29.4545,15.3167,1231,0.0,11.200000000000001,14.9,26,2839,0.0,-20.0,14.9,26,-0.422,0,
C-B-1,2,1.51301,-29.4929,15.3109,1230,0.0,10.4,14.9,26,2839,0.0,-20.0,14.9,26,-0.46,0,
C-B-1,2,1.51401,-29.4545,15.3167,1231,0.0,11.200000000000001,14.9,26,2839,0.0,-20.0,14.9,26,-0.422,0,
C-B-1,2,1.51499,-29.4545,15.3167,1231,0.0,11.200000000000001,14.9,26,2839,0.0,-20.0,14.9,26,-0.422,0,
C-B-1,2,1.51601,-29.4545,15.3167,1231,0.0,11.200000000000001,14.9,26,2838,0.0,-20.8,14.9,26,-0.46,0,
C-B-1,2,1.51701,-29.4545,15.3167,1231,0.0,11.200000000000001,14.9,26,2838,0.0,-20.8,14.9,26,-0.46,0,
C-B-1,2,1.51801,-29.4545,15.3167,1231,0.0,11.200000000000001,14.9,26,2839,0.0,-20.0,14.9,26,-0.422,0,
C-B-1,2,1.51899,-29.4545,15.3167,1231,0.0,11.200000000000001,14.9,26,2838,-1.01,-22.5,14.9,26,-0.46,0,
C-B-1,2,1.51999,-29.4545,15.3167,1231,0.0,11.200000000000001,14.9,26,2839,0.0,-20.0,14.9,26,-0.422,0,
C-B-1,2,1.52101,-29.4545,15.3167,1231,0.0,11.200000000000001,14.9,26,2839,0.0,-20.0,14.9,26,-0.422,0,
C-B-1,2,1.52201,-29.4545,15.3167,1231,0.0,11.200000000000001,14.9,26,2838,0.0,-20.8,14.9,26,-0.46,0,
C-B-1,2,1.52299,-29.4545,15.3167,1231,0.0,11.200000000000001,14.9,26,2838,0.0,-20.8,14.9,26,-0.46,0,
C-B-1,2,1.52399,-29.4545,15.3167,1231,0.0,11.200000000000001,14.9,26,2839,0.0,-20.0,14.9,26,-0.422,0,
C-B-1,2,1.52501,-29.4545,15.3167,1231,0.0,11.200000000000001,14.9,26,2838,0.0,-20.8,14.9,26,-0.46,0,
C-B-1,2,1.52599,-29.4545,15.3167,1231,0.0,11.200000000000001,14.9,26,2838,0.0,-20.8,14.9,26,-0.46,0,
C-B-1,2,1.52699,-29.4545,15.3167,1231,0.0,11.200000000000001,14.9,26,2838,0.0,-20.8,14.9,26,-0.46,0,
C-B-1,2,1.52801,-29.4545,15.3167,1231,0.0,11.200000000000001,14.9,26,2838,0.0,-20.8,14.9,26,-0.46,0,
C-B-1,2,1.52899,-29.4545,15.3167,1231,0.0,11.200000000000001,14.9,26,2838,0.0,-20.8,14.9,26,-0.46,0,
C-B-1,2,1.52999,-29.4545,15.3167,1231,0.0,11.200000000000001,14.9,26,2838,0.0,-20.8,14.9,26,-0.46,0,
C-B-1,2,1.53099,-29.4545,15.3167,1231,0.0,11.200000000000001,14.9,26,2838,0.0,-20.8,14.9,26,-0.46,0,
C-B-1,2,1.53199,-29.4545,15.3167,1231,0.0,11.200000000000001,14.9,26,2838,0.0,-20.8,14.9,26,-0.46,0,
C-B-1,2,1.53299,-29.4545,15.3167,1231,0.0,11.200000000000001,14.9,26,2838,0.0,-20.8,14.9,26,-0.46,0,
C-B-1,2,1.53399,-29.4545,15.3167,1231,0.0,11.200000000000001,14.9,26,2838,0.0,-20.8,14.9,26,-0.46,0,
C-B-1,2,1.53499,-29.4545,15.3167,1231,0.0,11.200000000000001,14.9,26,2838,0.0,-20.8,14.9,26,-0.46,0,
C-B-1,2,1.53599,-29.4545,15.3167,1231,0.0,11.200000000000001,14.9,26,2838,0.0,-20.8,14.9,26,-0.46,0,
C-B-1,2,1.537,-29.4545,15.3167,1231,0.0,11.200000000000001,14.9,26,2838,0.0,-20.8,14.9,26,-0.46,0,
C-B-1,2,1.53799,-29.4545,15.3167,1231,0.0,11.200000000000001,14.9,26,2838,0.0,-20.8,14.9,26,-0.46,0,
C-B-1,2,1.539,-29.4545,15.3167,1231,0.0,11.200000000000001,14.9,26,2838,0.0,-20.8,14.9,26,-0.46,0,
C-B-1,2,1.54,-29.4162,15.3225,1232,1.01,13.700000000000001,14.9,26,2838,0.0,-20.8,14.9,26,-0.422,0,
C-B-1,2,1.54146,-29.4545,15.3167,1231,0.0,11.200000000000001,14.9,27,2838,0.0,-20.8,14.9,26,-0.46,0,
C-B-1,2,1.54298,-29.4545,15.3167,1231,0.0,11.200000000000001,14.9,27,2838,0.0,-20.8,14.9,26,-0.46,0,
C-B-1,2,1.54399,-29.4545,15.3167,1231,0.0,11.200000000000001,14.9,27,2838,0.0,-20.8,14.9,26,-0.46,0,
C-B-1,2,1.54499,-29.4545,15.3167,1231,0.0,11.200000000000001,14.9,27,2838,0.0,-20.8,14.9,26,-0.46,0,
C-B-1,2,1.54599,-29.4162,15.3225,1232,0.0,12.0,14.9,27,2838,0.0,-20.8,14.9,26,-0.422,0,
C-B-1,2,1.54699,-29.4545,15.3167,1231,0.0,11.200000000000001,14.9,27,2838,0.0,-20.8,14.9,26,-0.46,0,
C-B-1,2,1.54799,-29.4545,15.3167,1231,0.0,11.200000000000001,14.9,27,2838,0.0,-20.8,14.9,26,-0.46,0,
C-B-1,2,1.54899,-29.4545,15.3167,1231,0.0,11.200000000000001,14.9,27,2838,0.0,-20.8,14.9,26,-0.46,0,
C-B-1,2,1.54999,-29.4162,15.3225,1232,0.0,12.0,14.9,27,2838,0.0,-20.8,14.9,26,-0.422,0,
C-B-1,2,1.55099,-29.4162,15.3225,1232,0.0,12.0,14.9,27,2838,0.0,-20.8,14.9,26,-0.422,0,
C-B-1,2,1.552,-29.4545,15.3167,1231,0.0,11.200000000000001,14.9,27,2838,0.0,-20.8,14.9,26,-0.46,0,
C-B-1,2,1.55299,-29.4545,15.3167,1231,0.0,11.200000000000001,14.9,27,2838,0.0,-20.8,14.9,26,-0.46,0,
C-B-1,2,1.554,-29.4162,15.3225,1232,0.0,12.0,14.9,27,2838,0.0,-20.8,14.9,26,-0.422,0,
C-B-1,2,1.55499,-29.4545,15.3167,1231,0.0,11.200000000000001,14.9,27,2838,0.0,-20.8,14.9,26,-0.46,0,
C-B-1,2,1.556,-29.4162,15.3225,1232,0.0,12.0,14.9,27,2838,0.0,-20.8,14.9,26,-0.422,0,
C-B-1,2,1.557,-29.4545,15.3167,1231,0.0,11.200000000000001,14.9,27,2838,0.0,-20.8,14.9,26,-0.46,0,
C-B-1,2,1.558,-29.4545,15.3167,1231,0.0,11.200000000000001,14.9,27,2838,0.0,-20.8,14.9,26,-0.46,0,
C-B-1,2,1.559,-29.4545,15.3167,1231,0.0,11.200000000000001,14.9,27,2838,0.0,-20.8,14.9,26,-0.46,0,
C-B-1,2,1.56,-29.4545,15.3167,1231,0.0,11.200000000000001,14.9,27,2838,0.0,-20.8,14.9,26,-0.46,0,
C-B-1,2,1.561,-29.4545,15.3167,1231,0.0,11.200000000000001,14.9,27,2838,0.0,-20.8,14.9,26,-0.46,0,
C-B-1,2,1.56199,-29.4545,15.3167,1231,0.0,11.200000000000001,14.9,27,2838,0.0,-20.8,14.9,26,-0.46,0,
C-B-1,2,1.563,-29.4545,15.3167,1231,0.0,11.200000000000001,14.9,27,2838,0.0,-20.8,14.9,26,-0.46,0,
C-B-1,2,1.564,-29.4162,15.3225,1232,0.0,12.0,14.9,27,2838,0.0,-20.8,14.9,26,-0.422,0,
C-B-1,2,1.565,-29.4545,15.3167,1231,0.0,11.200000000000001,14.9,27,2838,0.0,-20.8,14.9,26,-0.46,0,
C-B-1,2,1.56599,-29.4545,15.3167,1231,0.0,12.0,14.9,27,2838,0.0,-20.8,14.9,26,-0.46,0,
C-B-1,2,1.567,-29.4162,15.3225,1232,0.0,12.0,14.9,27,2838,0.0,-20.8,14.9,26,-0.422,0,
C-B-1,2,1.568,-29.4545,15.3167,1231,0.0,11.200000000000001,14.9,27,2838,0.0,-20.8,14.9,26,-0.46,0,
C-B-1,2,1.569,-29.4545,15.3167,1231,0.0,11.200000000000001,14.9,27,2838,0.0,-20.8,14.9,26,-0.46,0,
C-B-1,2,1.57,-29.4162,15.3225,1232,0.0,12.0,14.9,27,2838,0.0,-20.8,14.9,26,-0.422,0,
C-B-1,2,1.571,-29.4545,15.3167,1231,0.0,11.200000000000001,14.9,27,2838,0.0,-20.8,14.9,26,-0.46,0,
C-B-1,2,1.572,-29.4545,15.3167,1231,0.0,11.200000000000001,14.9,27,2839,0.0,-20.0,14.9,26,-0.422,0,
C-B-1,2,1.573,-29.4162,15.3225,1232,0.0,12.0,14.9,27,2838,0.0,-20.8,14.9,26,-0.422,0,
C-B-1,2,1.574,-29.4545,15.3167,1231,0.0,11.200000000000001,14.9,27,2838,0.0,-20.8,14.9,26,-0.46,0,
C-B-1,2,1.575,-29.4545,15.3167,1231,0.0,11.200000000000001,14.9,27,2838,0.0,-20.8,14.9,26,-0.46,0,
C-B-1,2,1.576,-29.4162,15.3225,1232,0.0,12.0,14.9,27,2838,0.0,-20.8,14.9,26,-0.422,0,
C-B-1,2,1.577,-29.4545,15.3167,1231,0.0,11.200000000000001,14.9,27,2838,0.0,-20.8,14.9,26,-0.46,0,
C-B-1,2,1.578,-29.4545,15.3167,1231,0.0,11.200000000000001,14.9,27,2838,0.0,-20.8,14.9,26,-0.46,0,
C-B-1,2,1.579,-29.4162,15.3225,1232,0.0,12.0,14.9,27,2838,0.0,-20.8,14.9,26,-0.422,0,
C-B-1,2,1.58,-29.4162,15.3225,1232,0.0,12.0,14.9,27,2838,0.0,-20.8,14.9,26,-0.422,0,
C-B-1,2,1.581,-29.4545,15.3167,1231,0.0,11.200000000000001,14.9,27,2838,0.0,-20.8,14.9,26,-0.46,0,
C-B-1,2,1.582,-29.4545,15.3167,1231,0.0,11.200000000000001,14.9,27,2838,0.0,-20.8,14.9,26,-0.46,0,
C-B-1,2,1.583,-29.4545,15.3167,1231,0.0,11.200000000000001,14.9,27,2838,0.0,-20.8,14.9,26,-0.46,0,
C-B-1,2,1.584,-29.4545,15.3167,1231,0.0,11.200000000000001,14.9,27,2838,0.0,-20.8,14.9,26,-0.46,0,
C-B-1,2,1.585,-29.4545,15.3167,1231,0.0,11.200000000000001,14.9,27,2838,0.0,-20.8,14.9,26,-0.46,0,
C-B-1,2,1.586,-29.4545,15.3167,1231,0.0,11.200000000000001,14.9,27,2838,0.0,-20.8,14.9,26,-0.46,0,
C-B-1,2,1.587,-29.4545,15.3167,1231,0.0,11.200000000000001,14.9,27,2838,0.0,-20.8,14.9,26,-0.46,0,
C-B-1,2,1.58801,-29.4545,15.3167,1231,0.0,11.200000000000001,14.9,27,2838,0.0,-20.8,14.9,26,-0.46,0,
C-B-1,2,1.589,-29.4545,15.3167,1231,0.0,11.200000000000001,14.9,27,2838,0.0,-20.8,14.9,26,-0.46,0,
C-B-1,2,1.59,-29.4545,15.3167,1231,0.0,11.200000000000001,14.9,27,2838,0.0,-20.8,14.9,26,-0.46,0,
C-B-1,2,1.591,-29.4545,15.3167,1231,0.0,11.200000000000001,14.9,27,2838,0.0,-20.8,14.9,26,-0.46,0,
C-B-1,2,1.592,-29.4545,15.3167,1231,0.0,11.200000000000001,14.9,27,2838,0.0,-20.8,14.9,26,-0.46,0,
C-B-1,2,1.593,-29.4545,15.3167,1231,0.0,11.200000000000001,14.9,27,2838,0.0,-20.8,14.9,26,-0.46,0,
C-B-1,2,1.59401,-29.4545,15.3167,1231,0.0,11.200000000000001,14.9,27,2838,0.0,-20.8,14.9,26,-0.46,0,
C-B-1,2,1.595,-29.4545,15.3167,1231,0.0,11.200000000000001,14.9,27,2838,0.0,-20.8,14.9,26,-0.46,0,
C-B-1,2,1.596,-29.4545,15.3167,1231,0.0,11.200000000000001,14.9,27,2838,0.0,-20.8,14.9,26,-0.46,0,
C-B-1,2,1.59701,-29.4545,15.3167,1231,0.0,11.200000000000001,14.9,27,2838,0.0,-20.8,14.9,26,-0.46,0,
C-B-1,2,1.598,-29.4545,15.3167,1231,0.0,11.200000000000001,14.9,27,2838,0.0,-20.8,14.9,26,-0.46,0,
C-B-1,2,1.59901,-29.4545,15.3167,1231,0.0,11.200000000000001,14.9,27,2838,0.0,-20.8,15.0,26,-0.46,0,
C-B-1,2,1.6,-29.4545,15.3167,1231,0.0,11.200000000000001,14.9,27,2838,0.0,-20.8,15.0,26,-0.46,0,
C-B-1,2,1.601,-29.4545,15.3167,1231,0.0,11.200000000000001,14.9,27,2838,0.0,-20.8,15.0,26,-0.46,0,
C-B-1,2,1.602,-29.4545,15.3167,1231,0.0,11.200000000000001,14.9,27,2838,0.0,-20.8,15.0,26,-0.46,0,
C-B-1,2,1.603,-29.4545,15.3167,1231,0.0,11.200000000000001,14.9,27,2838,0.0,-20.8,15.0,26,-0.46,0,
C-B-1,2,1.604,-29.4545,15.3167,1231,0.0,11.200000000000001,14.9,27,2838,0.0,-20.8,15.0,26,-0.46,0,
C-B-1,2,1.605,-29.4545,15.3167,1231,0.0,11.200000000000001,14.9,27,2838,0.0,-20.8,15.0,26,-0.46,0,
C-B-1,2,1.60601,-29.4545,15.3167,1231,0.0,11.200000000000001,14.9,27,2838,0.0,-20.8,15.0,26,-0.46,0,
C-B-1,2,1.60701,-29.4545,15.3167,1231,0.0,11.200000000000001,14.9,27,2838,0.0,-20.8,15.0,26,-0.46,0,
C-B-1,2,1.60801,-29.4545,15.3167,1231,0.0,11.200000000000001,14.9,27,2838,0.0,-20.8,15.0,26,-0.46,0,
C-B-1,2,1.60901,-29.4545,15.3167,1231,0.0,11.200000000000001,14.9,27,2839,0.0,-20.0,15.0,26,-0.422,0,
C-B-1,2,1.61001,-29.4545,15.3167,1231,0.0,11.200000000000001,14.9,27,2839,0.0,-20.0,15.0,26,-0.422,0,
C-B-1,2,1.611,-29.4545,15.3167,1231,0.0,11.200000000000001,14.9,27,2838,0.0,-20.8,15.0,26,-0.46,0,
C-B-1,2,1.612,-29.4545,15.3167,1231,0.0,11.200000000000001,14.9,27,2838,0.0,-20.8,15.0,26,-0.46,0,
C-B-1,2,1.61301,-29.4545,15.3167,1231,0.0,11.200000000000001,14.9,27,2838,0.0,-20.8,15.0,26,-0.46,0,
C-B-1,2,1.61401,-29.4545,15.3167,1231,0.0,11.200000000000001,14.9,27,2838,0.0,-20.8,15.0,26,-0.46,0,
C-B-1,2,1.61502,-29.4545,15.3167,1231,0.0,11.200000000000001,14.9,27,2838,0.0,-20.8,15.0,26,-0.46,0,
C-B-1,2,1.61601,-29.4545,15.3167,1231,0.0,11.200000000000001,14.9,27,2839,0.0,-20.0,15.0,26,-0.422,0,
C-B-1,2,1.61701,-29.4545,15.3167,1231,0.0,11.200000000000001,14.9,27,2838,0.0,-20.8,15.0,26,-0.46,0,
C-B-1,2,1.61801,-29.4545,15.3167,1231,0.0,11.200000000000001,14.9,27,2838,0.0,-20.8,15.0,26,-0.46,0,
C-B-1,2,1.61901,-29.4545,15.3167,1231,0.0,11.200000000000001,14.9,27,2839,0.0,-20.0,15.0,26,-0.422,0,
C-B-1,2,1.62001,-29.4545,15.3167,1231,0.0,11.200000000000001,14.9,27,2839,0.0,-20.0,15.0,26,-0.422,0,
C-B-1,2,1.62101,-29.4545,15.3167,1231,0.0,11.200000000000001,14.9,27,2838,0.0,-20.8,15.0,26,-0.46,0,
C-B-1,2,1.62201,-29.4545,15.3167,1231,0.0,11.200000000000001,14.9,27,2839,0.0,-20.0,15.0,26,-0.422,0,
C-B-1,2,1.62301,-29.4545,15.3167,1231,0.0,11.200000000000001,14.9,27,2839,0.0,-20.0,15.0,26,-0.422,0,
C-B-1,2,1.62401,-29.4545,15.3167,1231,0.0,11.200000000000001,14.9,27,2839,0.0,-20.0,15.0,26,-0.422,0,
C-B-1,2,1.62501,-29.4545,15.3167,1231,0.0,11.200000000000001,14.9,27,2839,0.0,-20.0,15.0,26,-0.422,0,
C-B-1,2,1.62601,-29.4545,15.3167,1231,0.0,11.200000000000001,14.9,27,2839,0.0,-20.0,15.0,26,-0.422,0,
C-B-1,2,1.62701,-29.4929,15.3109,1230,0.0,10.4,14.9,27,2839,0.0,-20.0,15.0,26,-0.46,0,
C-B-1,2,1.62801,-29.4929,15.3109,1230,0.0,10.4,14.9,27,2839,0.0,-20.0,15.0,26,-0.46,0,
C-B-1,2,1.62901,-29.4545,15.3167,1231,0.0,11.200000000000001,14.9,27,2839,0.0,-20.0,15.0,26,-0.422,0,
C-B-1,2,1.63001,-29.4929,15.3109,1230,0.0,10.4,14.9,27,2839,0.0,-20.0,15.0,26,-0.46,0,
C-B-1,2,1.63101,-29.4929,15.3109,1230,0.0,10.4,14.9,27,2839,0.0,-20.0,15.0,26,-0.46,0,
C-B-1,2,1.63201,-29.4929,15.3109,1230,0.0,10.4,14.9,27,2839,0.0,-20.0,15.0,26,-0.46,0,
C-B-1,2,1.63301,-29.4929,15.3109,1230,0.0,10.4,14.9,27,2839,0.0,-20.0,15.0,26,-0.46,0,
C-B-1,2,1.63401,-29.4929,15.3109,1230,0.0,10.4,14.9,27,2839,0.0,-20.0,15.0,26,-0.46,0,
C-B-1,2,1.63501,-29.4545,15.3167,1231,0.0,11.200000000000001,14.9,27,2839,0.0,-20.0,15.0,26,-0.422,0,
C-B-1,2,1.63601,-29.4929,15.3109,1230,0.0,10.4,14.9,27,2839,0.0,-20.0,15.0,26,-0.46,0,
C-B-1,2,1.63701,-29.4929,15.3109,1230,0.0,10.4,14.9,27,2839,0.0,-20.0,15.0,26,-0.46,0,
C-B-1,2,1.63801,-29.4545,15.3167,1231,0.0,11.200000000000001,14.9,27,2839,0.0,-20.0,15.0,26,-0.422,0,
C-B-1,2,1.63901,-29.4929,15.3109,1230,0.0,10.4,14.9,27,2839,0.0,-20.0,15.0,26,-0.46,0,
C-B-1,2,1.64002,-29.4929,15.3109,1230,0.0,10.4,14.9,27,2839,0.0,-20.0,15.0,26,-0.46,0,
C-B-1,2,1.64101,-29.4929,15.3109,1230,0.0,10.4,14.9,27,2839,0.0,-20.0,15.0,26,-0.46,0,
C-B-1,2,1.64201,-29.4929,15.3109,1230,0.0,10.4,14.9,27,2839,0.0,-20.0,15.0,26,-0.46,0,
C-B-1,2,1.64301,-29.4929,15.3109,1230,0.0,10.4,14.9,27,2839,0.0,-20.0,15.0,26,-0.46,0,
C-B-1,2,1.64401,-29.4929,15.3109,1230,0.0,10.4,14.9,27,2840,1.01,-17.5,15.0,26,-0.422,0,
C-B-1,2,1.64501,-29.4545,15.3167,1231,0.0,11.200000000000001,14.9,27,2839,0.0,-20.0,15.0,26,-0.422,0,
C-B-1,2,1.64601,-29.4929,15.3109,1230,0.0,10.4,14.9,27,2839,0.0,-20.0,15.0,26,-0.46,0,
C-B-1,2,1.64702,-29.4929,15.3109,1230,0.0,10.4,14.9,27,2839,0.0,-20.0,15.0,26,-0.46,0,
C-B-1,2,1.64801,-29.4929,15.3109,1230,0.0,10.4,14.9,27,2839,0.0,-20.0,15.0,26,-0.46,0,
C-B-1,2,1.64901,-29.4929,15.3109,1230,0.0,10.4,14.9,27,2840,0.0,-19.200000000000003,15.0,26,-0.422,0,
C-B-1,2,1.65002,-29.4929,15.3109,1230,0.0,10.4,14.9,27,2839,0.0,-20.0,15.0,26,-0.46,0,
C-B-1,2,1.65101,-29.4929,15.3109,1230,0.0,10.4,14.9,27,2839,0.0,-20.0,15.0,26,-0.46,0,
C-B-1,2,1.65202,-29.4929,15.3109,1230,0.0,10.4,14.9,27,2839,0.0,-20.0,15.0,26,-0.46,0,
C-B-1,2,1.65301,-29.4929,15.3109,1230,0.0,10.4,14.9,27,2839,0.0,-20.0,15.0,26,-0.46,0,
C-B-1,2,1.65401,-29.4929,15.3109,1230,0.0,10.4,14.9,27,2839,0.0,-20.0,15.0,26,-0.46,0,
C-B-1,2,1.65502,-29.4929,15.3109,1230,0.0,10.4,14.9,27,2839,0.0,-20.0,15.0,26,-0.46,0,
C-B-1,2,1.65602,-29.4929,15.3109,1230,0.0,10.4,14.9,27,2839,0.0,-20.0,15.0,26,-0.46,0,
C-B-1,2,1.65702,-29.4929,15.3109,1230,0.0,10.4,14.9,26,2839,0.0,-20.0,15.0,26,-0.46,0,
C-B-1,2,1.65802,-29.4929,15.3109,1230,0.0,10.4,14.9,26,2839,0.0,-20.0,15.0,26,-0.46,0,
C-B-1,2,1.65902,-29.4929,15.3109,1230,0.0,10.4,14.9,26,2839,0.0,-20.0,15.0,26,-0.46,0,
C-B-1,2,1.66002,-29.4929,15.3109,1230,0.0,10.4,14.9,26,2839,0.0,-20.0,15.0,26,-0.46,0,
C-B-1,2,1.66102,-29.4929,15.3109,1230,0.0,10.4,14.9,26,2839,0.0,-20.0,15.0,26,-0.46,0,
C-B-1,2,1.66202,-29.4929,15.3109,1230,0.0,10.4,14.9,26,2840,0.0,-19.200000000000003,15.0,26,-0.422,0,
C-B-1,2,1.66302,-29.4929,15.3109,1230,0.0,10.4,14.9,26,2839,0.0,-20.0,15.0,26,-0.46,0,
C-B-1,2,1.66401,-29.4929,15.3109,1230,0.0,10.4,14.9,26,2839,0.0,-20.0,15.0,26,-0.46,0,
C-B-1,2,1.66502,-29.4929,15.3109,1230,0.0,10.4,14.9,26,2839,0.0,-20.0,15.0,26,-0.46,0,
C-B-1,2,1.66602,-29.4929,15.3109,1230,0.0,10.4,14.9,26,2839,0.0,-20.0,15.0,26,-0.46,0,
C-B-1,2,1.66702,-29.4929,15.3109,1230,0.0,10.4,14.9,26,2839,0.0,-20.0,15.0,26,-0.46,0,
C-B-1,2,1.66802,-29.4929,15.3109,1230,0.0,10.4,14.9,26,2839,0.0,-20.0,15.0,26,-0.46,0,
C-B-1,2,1.66902,-29.4929,15.3109,1230,0.0,10.4,14.9,26,2839,0.0,-20.0,15.0,26,-0.46,0,
C-B-1,2,1.67002,-29.4929,15.3109,1230,0.0,10.4,14.9,26,2839,0.0,-20.0,15.0,26,-0.46,0,
C-B-1,2,1.67102,-29.4929,15.3109,1230,0.0,10.4,14.9,26,2839,0.0,-20.0,15.0,26,-0.46,0,
C-B-1,2,1.67202,-29.4929,15.3109,1230,0.0,10.4,14.9,26,2840,0.0,-19.200000000000003,15.0,26,-0.422,0,
C-B-1,2,1.67302,-29.4929,15.3109,1230,0.0,10.4,14.9,26,2840,0.0,-19.200000000000003,15.0,26,-0.422,0,
C-B-1,2,1.67402,-29.4929,15.3109,1230,0.0,10.4,14.9,26,2839,0.0,-20.0,15.0,26,-0.46,0,
C-B-1,2,1.67502,-29.4929,15.3109,1230,0.0,10.4,14.9,26,2839,0.0,-20.0,15.0,26,-0.46,0,
C-B-1,2,1.67602,-29.4929,15.3109,1230,0.0,10.4,14.9,26,2839,0.0,-20.0,15.0,26,-0.46,0,
C-B-1,2,1.67702,-29.4929,15.3109,1230,0.0,10.4,14.9,26,2839,0.0,-20.0,15.0,26,-0.46,0,
C-B-1,2,1.67802,-29.4929,15.3109,1230,0.0,10.4,14.9,26,2839,0.0,-20.0,15.0,26,-0.46,0,
C-B-1,2,1.67902,-29.4929,15.3109,1230,0.0,10.4,14.9,26,2839,0.0,-20.0,15.0,26,-0.46,0,
C-B-1,2,1.68002,-29.4929,15.3109,1230,0.0,10.4,14.9,26,2839,0.0,-20.0,15.0,26,-0.46,0,
C-B-1,2,1.68102,-29.4929,15.3109,1230,0.0,10.4,14.9,26,2839,0.0,-20.0,15.0,26,-0.46,0,
C-B-1,2,1.68202,-29.4929,15.3109,1230,0.0,10.4,14.9,26,2840,0.0,-19.200000000000003,15.0,26,-0.422,0,
C-B-1,2,1.68302,-29.4929,15.3109,1230,0.0,10.4,14.9,26,2840,0.0,-19.200000000000003,15.0,26,-0.422,0,
C-B-1,2,1.68402,-29.4929,15.3109,1230,0.0,10.4,14.9,26,2839,0.0,-20.0,15.0,26,-0.46,0,
C-B-1,2,1.68502,-29.4929,15.3109,1230,0.0,10.4,14.9,26,2839,0.0,-19.200000000000003,15.0,26,-0.46,0,
C-B-1,2,1.68602,-29.4929,15.3109,1230,0.0,10.4,14.9,26,2840,0.0,-20.0,15.0,26,-0.422,0,
C-B-1,2,1.68702,-29.4929,15.3109,1230,0.0,10.4,14.9,26,2839,0.0,-19.200000000000003,15.0,26,-0.46,0,
C-B-1,2,1.68802,-29.4929,15.3109,1230,0.0,10.4,14.9,26,2840,0.0,-20.0,15.0,26,-0.422,0,
C-B-1,2,1.68902,-29.4929,15.3109,1230,0.0,10.4,14.9,26,2839,0.0,-20.0,15.0,26,-0.46,0,
C-B-1,2,1.69002,-29.4929,15.3109,1230,0.0,10.4,14.9,26,2839,0.0,-20.0,15.0,26,-0.46,0,
C-B-1,2,1.69102,-29.4929,15.3109,1230,0.0,10.4,14.9,26,2839,0.0,-20.0,15.0,26,-0.46,0,
C-B-1,2,1.69202,-29.4929,15.3109,1230,0.0,10.4,14.9,26,2839,0.0,-20.0,15.0,26,-0.46,0,
C-B-1,2,1.69303,-29.4929,15.3109,1230,0.0,10.4,14.9,26,2839,0.0,-20.0,15.0,26,-0.46,0,
C-B-1,2,1.69402,-29.4929,15.3109,1230,0.0,10.4,14.9,26,2839,0.0,-20.0,15.0,26,-0.46,0,
C-B-1,2,1.69503,-29.4929,15.3109,1230,0.0,10.4,14.9,26,2839,0.0,-20.0,15.0,26,-0.46,0,
C-B-1,2,1.69602,-29.4929,15.3109,1230,0.0,10.4,14.9,26,2839,0.0,-20.0,15.0,26,-0.46,0,
C-B-1,2,1.69702,-29.4929,15.3109,1230,0.0,10.4,14.9,26,2839,0.0,-20.0,15.0,26,-0.46,0,
C-B-1,2,1.69803,-29.4929,15.3109,1230,0.0,10.4,14.9,26,2839,0.0,-20.0,15.0,26,-0.46,0,
C-B-1,2,1.69902,-29.4929,15.3109,1230,0.0,10.4,14.9,26,2839,0.0,-20.0,15.0,26,-0.46,0,
C-B-1,2,1.70003,-29.4929,15.3109,1230,0.0,10.4,14.9,26,2839,0.0,-20.0,15.0,26,-0.46,0,
C-B-1,2,1.70102,-29.4929,15.3109,1230,0.0,10.4,14.9,26,2839,0.0,-20.0,15.0,26,-0.46,0,
C-B-1,2,1.70203,-29.4929,15.3109,1230,0.0,10.4,14.9,26,2839,0.0,-20.0,15.0,26,-0.46,0,
C-B-1,2,1.70302,-29.4929,15.3109,1230,0.0,10.4,14.9,26,2839,0.0,-20.0,15.0,26,-0.46,0,
C-B-1,2,1.70402,-29.4929,15.3109,1230,0.0,10.4,14.9,26,2839,0.0,-20.0,15.0,26,-0.46,0,
C-B-1,2,1.70502,-29.4929,15.3109,1230,0.0,10.4,14.9,26,2839,0.0,-20.0,15.0,26,-0.46,0,
C-B-1,2,1.70603,-29.4929,15.3109,1230,0.0,10.4,14.9,26,2839,0.0,-20.0,15.0,26,-0.46,0,
C-B-1,2,1.70702,-29.4545,15.3167,1231,0.0,11.200000000000001,14.9,26,2839,0.0,-20.0,15.0,26,-0.422,0,
C-B-1,2,1.70803,-29.4545,15.3167,1231,0.0,11.200000000000001,14.9,26,2839,0.0,-20.0,15.0,26,-0.422,0,
C-B-1,2,1.70902,-29.4929,15.3109,1230,0.0,10.4,14.9,26,2839,0.0,-20.0,15.0,26,-0.46,0,
C-B-1,2,1.71002,-29.4929,15.3109,1230,0.0,10.4,14.9,26,2839,0.0,-20.0,15.0,26,-0.46,0,
C-B-1,2,1.71102,-29.4929,15.3109,1230,0.0,10.4,14.9,26,2839,0.0,-20.0,15.0,26,-0.46,0,
C-B-1,2,1.71202,-29.4929,15.3109,1230,0.0,10.4,14.9,26,2839,0.0,-20.0,15.0,26,-0.46,0,
C-B-1,2,1.71303,-29.4545,15.3167,1231,0.0,11.200000000000001,14.9,26,2839,0.0,-20.0,15.0,26,-0.422,0,
C-B-1,2,1.71402,-29.4545,15.3167,1231,0.0,11.200000000000001,14.9,26,2839,0.0,-20.0,15.0,26,-0.422,0,
C-B-1,2,1.71503,-29.4545,15.3167,1231,0.0,11.200000000000001,14.9,26,2839,0.0,-20.0,15.0,26,-0.422,0,
C-B-1,2,1.71603,-29.4545,15.3167,1231,0.0,11.200000000000001,15.1,26,2839,0.0,-20.0,14.8,26,-0.422,0,
C-B-1,2,1.71703,-29.4545,15.3167,1231,0.0,11.200000000000001,15.1,26,2839,0.0,-20.0,14.8,26,-0.422,0,
C-B-1,2,1.71803,-29.4545,15.3167,1231,0.0,11.200000000000001,15.1,26,2839,0.0,-20.0,14.8,26,-0.422,0,
C-B-1,2,1.71902,-29.4545,15.3167,1231,0.0,11.200000000000001,15.1,26,2838,0.0,-20.8,14.8,26,-0.46,0,
C-B-1,2,1.72003,-29.4545,15.3167,1231,0.0,11.200000000000001,15.1,26,2839,0.0,-20.0,14.8,26,-0.422,0,
C-B-1,2,1.72103,-29.4545,15.3167,1231,0.0,11.200000000000001,15.1,26,2839,0.0,-20.0,14.8,26,-0.422,0,
C-B-1,2,1.72203,-29.4929,15.3109,1230,0.0,10.4,15.1,26,2839,0.0,-20.0,14.8,26,-0.46,0,
C-B-1,2,1.72303,-29.4929,15.3109,1230,0.0,10.4,15.1,26,2839,0.0,-20.0,14.8,26,-0.46,0,
C-B-1,2,1.72403,-29.4545,15.3167,1231,0.0,11.200000000000001,15.1,26,2839,0.0,-20.0,14.8,26,-0.422,0,
C-B-1,2,1.72503,-29.4545,15.3167,1231,0.0,11.200000000000001,15.1,26,2839,0.0,-20.0,14.8,26,-0.422,0,
C-B-1,2,1.72603,-29.4545,15.3167,1231,0.0,11.200000000000001,15.1,26,2839,0.0,-20.0,14.8,26,-0.422,0,
C-B-1,2,1.72703,-29.4545,15.3167,1231,0.0,11.200000000000001,15.1,26,2839,0.0,-20.0,14.8,26,-0.422,0,
C-B-1,2,1.72803,-29.4545,15.3167,1231,0.0,11.200000000000001,15.1,26,2838,0.0,-20.8,14.8,26,-0.46,0,
C-B-1,2,1.72903,-29.4545,15.3167,1231,0.0,11.200000000000001,15.1,26,2839,0.0,-20.0,14.8,26,-0.422,0,
C-B-1,2,1.73003,-29.4545,15.3167,1231,0.0,11.200000000000001,15.1,26,2839,0.0,-20.0,14.8,26,-0.422,0,
C-B-1,2,1.73103,-29.4545,15.3167,1231,0.0,11.200000000000001,15.1,26,2839,0.0,-20.0,14.8,26,-0.422,0,
C-B-1,2,1.73203,-29.4545,15.3167,1231,0.0,11.200000000000001,15.1,26,2838,0.0,-20.8,14.8,26,-0.46,0,
C-B-1,2,1.73303,-29.4545,15.3167,1231,0.0,11.200000000000001,15.1,26,2838,0.0,-20.8,14.8,26,-0.46,0,
C-B-1,2,1.73403,-29.4545,15.3167,1231,0.0,11.200000000000001,15.1,26,2838,0.0,-20.8,14.8,26,-0.46,0,
C-B-1,2,1.73503,-29.4545,15.3167,1231,0.0,11.200000000000001,15.1,26,2838,0.0,-20.8,14.8,26,-0.46,0,
C-B-1,2,1.73603,-29.4545,15.3167,1231,0.0,11.200000000000001,15.1,26,2839,0.0,-20.0,14.8,26,-0.422,0,
C-B-1,2,1.73703,-29.4545,15.3167,1231,0.0,11.200000000000001,15.1,26,2838,0.0,-20.8,14.8,26,-0.46,0,
C-B-1,2,1.73803,-29.4545,15.3167,1231,0.0,11.200000000000001,15.1,26,2839,0.0,-20.0,14.8,26,-0.422,0,
C-B-1,2,1.73903,-29.4545,15.3167,1231,0.0,11.200000000000001,15.1,26,2838,0.0,-20.8,14.8,26,-0.46,0,
C-B-1,2,1.74003,-29.4545,15.3167,1231,0.0,11.200000000000001,15.1,26,2838,0.0,-20.8,14.8,26,-0.46,0,
C-B-1,2,1.74103,-29.4545,15.3167,1231,0.0,11.200000000000001,15.1,26,2838,0.0,-20.8,14.8,26,-0.46,0,
C-B-1,2,1.74203,-29.4545,15.3167,1231,0.0,11.200000000000001,15.1,26,2838,0.0,-20.8,14.8,26,-0.46,0,
C-B-1,2,1.74303,-29.4545,15.3167,1231,0.0,11.200000000000001,15.1,26,2838,0.0,-20.8,14.8,26,-0.46,0,
C-B-1,2,1.74403,-29.4545,15.3167,1231,0.0,11.200000000000001,15.1,26,2839,0.0,-20.0,14.8,26,-0.422,0,
C-B-1,2,1.74503,-29.4545,15.3167,1231,0.0,11.200000000000001,15.1,26,2838,0.0,-20.8,14.8,26,-0.46,0,
C-B-1,2,1.74603,-29.4545,15.3167,1231,0.0,11.200000000000001,15.1,26,2838,0.0,-20.8,14.8,26,-0.46,0,
C-B-1,2,1.74703,-29.4545,15.3167,1231,0.0,11.200000000000001,15.1,26,2838,0.0,-20.8,14.8,26,-0.46,0,
C-B-1,2,1.74803,-29.4545,15.3167,1231,0.0,11.200000000000001,15.1,26,2838,0.0,-20.8,14.8,26,-0.46,0,
C-B-1,2,1.74903,-29.4545,15.3167,1231,0.0,11.200000000000001,15.1,26,2839,0.0,-20.0,14.8,26,-0.422,0,
C-B-1,2,1.75003,-29.4545,15.3167,1231,0.0,11.200000000000001,15.1,26,2838,0.0,-20.8,14.8,26,-0.46,0,
C-B-1,2,1.75103,-29.4545,15.3167,1231,0.0,11.200000000000001,15.1,26,2838,0.0,-20.8,14.8,26,-0.46,0,
C-B-1,2,1.75203,-29.4162,15.3225,1232,1.01,13.700000000000001,15.1,26,2838,0.0,-20.8,14.8,26,-0.422,0,
C-B-1,2,1.75301,-29.4545,15.3167,1231,0.0,11.200000000000001,15.1,26,2838,0.0,-20.8,14.8,26,-0.46,0,
C-B-1,2,1.75403,-29.4545,15.3167,1231,0.0,11.200000000000001,15.1,26,2838,0.0,-20.8,14.8,26,-0.46,0,
C-B-1,2,1.75501,-29.4545,15.3167,1231,0.0,11.200000000000001,15.1,26,2838,0.0,-20.8,14.8,26,-0.46,0,
C-B-1,2,1.75603,-29.4545,15.3167,1231,0.0,11.200000000000001,15.1,26,2838,0.0,-20.8,14.8,26,-0.46,0,
C-B-1,2,1.75703,-29.4545,15.3167,1231,0.0,11.200000000000001,15.1,26,2838,0.0,-20.8,14.8,26,-0.46,0,
C-B-1,2,1.75804,-29.4545,15.3167,1231,0.0,11.200000000000001,15.1,26,2838,0.0,-20.8,14.8,26,-0.46,0,
C-B-1,2,1.75903,-29.4545,15.3167,1231,0.0,11.200000000000001,15.1,26,2838,0.0,-20.8,14.8,26,-0.46,0,
C-B-1,2,1.76002,-29.4545,15.3167,1231,0.0,11.200000000000001,15.1,26,2838,0.0,-20.8,14.8,26,-0.46,0,
C-B-1,2,1.76103,-29.4545,15.3167,1231,0.0,11.200000000000001,15.1,26,2838,0.0,-20.8,14.8,26,-0.46,0,
C-B-1,2,1.76202,-29.4545,15.3167,1231,0.0,11.200000000000001,15.1,26,2838,0.0,-20.8,14.8,26,-0.46,0,
C-B-1,2,1.76303,-29.4545,15.3167,1231,0.0,11.200000000000001,15.1,26,2838,0.0,-20.8,14.8,26,-0.46,0,
C-B-1,2,1.76402,-29.4545,15.3167,1231,0.0,11.200000000000001,15.1,26,2838,0.0,-20.8,14.8,26,-0.46,0,
C-B-1,2,1.76503,-29.4545,15.3167,1231,0.0,11.200000000000001,15.1,26,2838,0.0,-20.8,14.8,26,-0.46,0,
C-B-1,2,1.76602,-29.4545,15.3167,1231,0.0,11.200000000000001,15.1,26,2838,0.0,-20.8,14.8,26,-0.46,0,
C-B-1,2,1.76703,-29.4545,15.3167,1231,0.0,11.200000000000001,15.1,26,2838,0.0,-20.8,14.8,26,-0.46,0,
C-B-1,2,1.76804,-29.4545,15.3167,1231,0.0,11.200000000000001,15.1,26,2838,0.0,-20.8,14.8,26,-0.46,0,
C-B-1,2,1.76902,-29.4545,15.3167,1231,0.0,11.200000000000001,15.1,26,2838,0.0,-20.8,14.8,26,-0.46,0,
C-B-1,2,1.77004,-29.4545,15.3167,1231,0.0,11.200000000000001,15.1,26,2838,0.0,-20.8,14.8,26,-0.46,0,
C-B-1,2,1.77102,-29.4545,15.3167,1231,0.0,11.200000000000001,15.1,26,2838,0.0,-20.8,14.8,26,-0.46,0,
C-B-1,2,1.77204,-29.4545,15.3167,1231,0.0,11.200000000000001,15.1,26,2838,0.0,-20.8,14.8,26,-0.46,0,
C-B-1,2,1.77302,-29.4545,15.3167,1231,0.0,11.200000000000001,15.1,26,2838,0.0,-20.8,14.8,26,-0.46,0,
C-B-1,2,1.77404,-29.4545,15.3167,1231,0.0,11.200000000000001,15.1,26,2838,0.0,-20.8,14.8,26,-0.46,0,
C-B-1,2,1.77502,-29.4545,15.3167,1231,0.0,11.200000000000001,15.1,26,2838,0.0,-20.8,14.8,26,-0.46,0,
C-B-1,2,1.77604,-29.4545,15.3167,1231,0.0,11.200000000000001,15.1,26,2838,0.0,-20.8,14.8,26,-0.46,0,
C-B-1,2,1.77704,-29.4545,15.3167,1231,0.0,11.200000000000001,15.1,26,2838,0.0,-20.8,14.8,26,-0.46,0,
C-B-1,2,1.77802,-29.4545,15.3167,1231,0.0,11.200000000000001,15.1,26,2838,0.0,-20.8,14.8,26,-0.46,0,
C-B-1,2,1.77904,-29.4545,15.3167,1231,0.0,11.200000000000001,15.1,26,2839,0.0,-20.0,14.8,26,-0.422,0,
C-B-1,2,1.78002,-29.4545,15.3167,1231,0.0,11.200000000000001,15.1,26,2838,0.0,-20.8,14.8,26,-0.46,0,
C-B-1,2,1.78104,-29.4545,15.3167,1231,0.0,11.200000000000001,15.1,26,2838,0.0,-20.8,14.8,26,-0.46,0,
C-B-1,2,1.78202,-29.4545,15.3167,1231,0.0,11.200000000000001,15.1,26,2838,0.0,-20.8,14.8,26,-0.46,0,
C-B-1,2,1.78304,-29.4545,15.3167,1231,0.0,11.200000000000001,15.1,26,2838,0.0,-20.8,14.8,26,-0.46,0,
C-B-1,2,1.78402,-29.4545,15.3167,1231,0.0,11.200000000000001,15.1,26,2838,0.0,-20.8,14.8,26,-0.46,0,
C-B-1,2,1.78504,-29.4545,15.3167,1231,0.0,11.200000000000001,15.1,26,2838,0.0,-20.8,14.8,26,-0.46,0,
C-B-1,2,1.78604,-29.4545,15.3167,1231,0.0,11.200000000000001,15.1,26,2838,0.0,-20.8,14.8,26,-0.46,0,
C-B-1,2,1.78704,-29.4545,15.3167,1231,0.0,11.200000000000001,15.1,26,2838,0.0,-20.8,14.8,26,-0.46,0,
C-B-1,2,1.78804,-29.4545,15.3167,1231,0.0,11.200000000000001,15.1,26,2838,0.0,-20.8,14.8,26,-0.46,0,
C-B-1,2,1.78902,-29.4545,15.3167,1231,0.0,11.200000000000001,15.1,26,2838,0.0,-20.8,14.8,26,-0.46,0,
C-B-1,2,1.79004,-29.4545,15.3167,1231,0.0,11.200000000000001,15.1,26,2838,0.0,-20.8,14.8,26,-0.46,0,
C-B-1,2,1.79104,-29.4545,15.3167,1231,0.0,11.200000000000001,15.1,26,2838,0.0,-20.8,14.8,26,-0.46,0,
C-B-1,2,1.79204,-29.4545,15.3167,1231,0.0,11.200000000000001,15.1,26,2838,0.0,-20.8,14.8,26,-0.46,0,
C-B-1,2,1.79302,-29.4545,15.3167,1231,0.0,11.200000000000001,15.1,26,2838,0.0,-20.8,14.8,26,-0.46,0,
C-B-1,2,1.79404,-29.4545,15.3167,1231,0.0,11.200000000000001,15.1,26,2838,0.0,-20.8,14.8,26,-0.46,0,
C-B-1,2,1.79502,-29.4545,15.3167,1231,0.0,11.200000000000001,15.1,26,2838,0.0,-20.8,14.8,26,-0.46,0,
C-B-1,2,1.79604,-29.4545,15.3167,1231,0.0,11.200000000000001,15.1,26,2838,0.0,-20.8,14.8,26,-0.46,0,
C-B-1,2,1.79704,-29.4545,15.3167,1231,0.0,11.200000000000001,15.1,26,2838,0.0,-20.8,14.8,26,-0.46,0,
C-B-1,2,1.79804,-29.4545,15.3167,1231,0.0,11.200000000000001,15.1,26,2838,0.0,-20.8,14.8,26,-0.46,0,
C-B-1,2,1.79904,-29.4545,15.3167,1231,0.0,11.200000000000001,15.1,26,2838,0.0,-20.8,14.8,26,-0.46,0,
C-B-1,2,1.80002,-29.4545,15.3167,1231,0.0,11.200000000000001,15.1,26,2838,0.0,-20.8,14.8,26,-0.46,0,
C-B-1,2,1.80104,-29.4545,15.3167,1231,0.0,11.200000000000001,15.1,26,2838,0.0,-20.8,14.8,26,-0.46,0,
C-B-1,2,1.80204,-29.4545,15.3167,1231,0.0,11.200000000000001,15.1,26,2838,0.0,-20.8,14.8,26,-0.46,0,
C-B-1,2,1.80304,-29.4545,15.3167,1231,0.0,11.200000000000001,15.1,26,2838,0.0,-20.8,14.8,26,-0.46,0,
C-B-1,2,1.80402,-29.4545,15.3167,1231,0.0,11.200000000000001,15.1,26,2838,0.0,-20.8,14.8,26,-0.46,0,
C-B-1,2,1.80504,-29.4545,15.3167,1231,0.0,11.200000000000001,15.1,26,2838,0.0,-20.8,14.8,26,-0.46,0,
C-B-1,2,1.80603,-29.4545,15.3167,1231,0.0,11.200000000000001,15.1,26,2838,0.0,-20.8,14.8,26,-0.46,0,
C-B-1,2,1.80704,-29.4545,15.3167,1231,0.0,11.200000000000001,15.1,26,2838,0.0,-20.8,14.8,26,-0.46,0,
C-B-1,2,1.80803,-29.4545,15.3167,1231,0.0,11.200000000000001,15.1,26,2838,0.0,-20.8,14.8,26,-0.46,0,
C-B-1,2,1.80902,-29.4545,15.3167,1231,0.0,11.200000000000001,15.1,26,2838,0.0,-20.8,14.8,26,-0.46,0,
C-B-1,2,1.81003,-29.4545,15.3167,1231,0.0,11.200000000000001,15.1,26,2838,0.0,-20.8,14.8,26,-0.46,0,
C-B-1,2,1.81102,-29.4545,15.3167,1231,0.0,11.200000000000001,15.1,26,2838,0.0,-20.8,14.8,26,-0.46,0,
C-B-1,2,1.81203,-29.4545,15.3167,1231,0.0,11.200000000000001,15.1,26,2839,0.0,-20.0,14.8,26,-0.422,0,
C-B-1,2,1.81302,-29.4545,15.3167,1231,0.0,11.200000000000001,15.1,26,2838,0.0,-20.8,14.8,26,-0.46,0,
C-B-1,2,1.81404,-29.4545,15.3167,1231,0.0,11.200000000000001,15.1,26,2838,0.0,-20.8,14.8,26,-0.46,0,
C-B-1,2,1.81503,-29.4545,15.3167,1231,0.0,11.200000000000001,15.1,26,2838,0.0,-20.8,14.8,26,-0.46,0,
C-B-1,2,1.81602,-29.4545,15.3167,1231,0.0,11.200000000000001,15.1,26,2838,0.0,-20.8,14.8,26,-0.46,0,
C-B-1,2,1.81703,-29.4545,15.3167,1231,0.0,11.200000000000001,15.1,26,2838,0.0,-20.0,14.8,26,-0.46,0,
C-B-1,2,1.81802,-29.4545,15.3167,1231,0.0,11.200000000000001,15.1,26,2839,0.0,-20.0,14.8,26,-0.422,0,
C-B-1,2,1.81903,-29.4545,15.3167,1231,0.0,11.200000000000001,15.1,26,2839,0.0,-20.8,14.8,26,-0.422,0,
C-B-1,2,1.82002,-29.4545,15.3167,1231,0.0,11.200000000000001,15.1,26,2838,0.0,-20.8,14.8,26,-0.46,0,
C-B-1,2,1.82103,-29.4545,15.3167,1231,0.0,11.200000000000001,15.1,26,2839,0.0,-20.0,14.8,26,-0.422,0,
C-B-1,2,1.82202,-29.4545,15.3167,1231,0.0,11.200000000000001,15.1,26,2839,0.0,-20.0,14.8,26,-0.422,0,
C-B-1,2,1.82302,-29.4545,15.3167,1231,0.0,11.200000000000001,15.1,26,2839,0.0,-20.0,14.8,26,-0.422,0,
C-B-1,2,1.82403,-29.4545,15.3167,1231,0.0,11.200000000000001,15.1,26,2839,0.0,-20.0,14.8,26,-0.422,0,
C-B-1,2,1.82502,-29.4545,15.3167,1231,0.0,11.200000000000001,15.1,26,2839,0.0,-20.0,14.8,26,-0.422,0,
C-B-1,2,1.82602,-29.4545,15.3167,1231,0.0,11.200000000000001,15.1,26,2838,0.0,-20.8,14.8,26,-0.46,0,
C-B-1,2,1.82703,-29.4545,15.3167,1231,0.0,11.200000000000001,15.1,26,2839,0.0,-20.0,14.8,26,-0.422,0,
C-B-1,2,1.82802,-29.4545,15.3167,1231,0.0,11.200000000000001,15.1,26,2839,0.0,-20.0,14.8,26,-0.422,0,
C-B-1,2,1.82903,-29.4545,15.3167,1231,0.0,11.200000000000001,15.1,26,2838,0.0,-20.8,14.8,26,-0.46,0,
C-B-1,2,1.83003,-29.4545,15.3167,1231,0.0,11.200000000000001,15.1,26,2839,0.0,-20.0,14.8,26,-0.422,0,
C-B-1,2,1.83103,-29.4929,15.3109,1230,0.0,10.4,15.1,26,2839,0.0,-20.0,14.8,26,-0.46,0,
C-B-1,2,1.83203,-29.4545,15.3167,1231,0.0,11.200000000000001,15.2,26,2839,0.0,-20.0,15.0,26,-0.422,0,
C-B-1,2,1.83303,-29.4545,15.3167,1231,0.0,11.200000000000001,15.2,26,2839,0.0,-20.0,15.0,26,-0.422,0,
C-B-1,2,1.83402,-29.4545,15.3167,1231,0.0,11.200000000000001,15.2,26,2839,0.0,-20.0,15.0,26,-0.422,0,
C-B-1,2,1.83503,-29.4545,15.3167,1231,0.0,11.200000000000001,15.2,26,2839,0.0,-20.0,15.0,26,-0.422,0,
C-B-1,2,1.83603,-29.4545,15.3167,1231,0.0,11.200000000000001,15.2,26,2839,0.0,-20.0,15.0,26,-0.422,0,
C-B-1,2,1.83703,-29.4929,15.3109,1230,0.0,10.4,15.2,26,2839,0.0,-20.0,15.0,26,-0.46,0,
C-B-1,2,1.83803,-29.4545,15.3167,1231,0.0,11.200000000000001,15.2,26,2839,0.0,-20.0,15.0,26,-0.422,0,
C-B-1,2,1.83903,-29.4545,15.3167,1231,0.0,11.200000000000001,15.2,26,2839,0.0,-20.0,15.0,26,-0.422,0,
C-B-1,2,1.84003,-29.4545,15.3167,1231,0.0,11.200000000000001,15.2,26,2839,0.0,-20.0,15.0,26,-0.422,0,
C-B-1,2,1.84103,-29.4545,15.3167,1231,0.0,11.200000000000001,15.2,26,2839,0.0,-20.0,15.0,26,-0.422,0,
C-B-1,2,1.84203,-29.4929,15.3109,1230,0.0,10.4,15.2,26,2839,0.0,-20.0,15.0,26,-0.46,0,
C-B-1,2,1.84303,-29.4545,15.3167,1231,0.0,11.200000000000001,15.2,26,2839,0.0,-20.0,15.0,26,-0.422,0,
C-B-1,2,1.84403,-29.4545,15.3167,1231,0.0,11.200000000000001,15.2,26,2839,0.0,-20.0,15.0,26,-0.422,0,
C-B-1,2,1.84503,-29.4545,15.3167,1231,0.0,11.200000000000001,15.2,26,2839,0.0,-20.0,15.0,26,-0.422,0,
C-B-1,2,1.84603,-29.4929,15.3109,1230,0.0,10.4,15.2,26,2839,0.0,-20.0,15.0,26,-0.46,0,
C-B-1,2,1.84703,-29.4545,15.3167,1231,0.0,11.200000000000001,15.2,26,2839,0.0,-20.0,15.0,26,-0.422,0,
C-B-1,2,1.84803,-29.4929,15.3109,1230,0.0,10.4,15.2,26,2839,0.0,-20.0,15.0,26,-0.46,0,
C-B-1,2,1.84903,-29.4545,15.3167,1231,0.0,11.200000000000001,15.2,26,2839,0.0,-20.0,15.0,26,-0.422,0,
C-B-1,2,1.85003,-29.4929,15.3109,1230,0.0,10.4,15.2,26,2839,0.0,-20.0,15.0,26,-0.46,0,
C-B-1,2,1.85103,-29.4929,15.3109,1230,0.0,10.4,15.2,26,2839,0.0,-20.0,15.0,26,-0.46,0,
C-B-1,2,1.85203,-29.4929,15.3109,1230,0.0,10.4,15.2,26,2839,0.0,-20.0,15.0,26,-0.46,0,
C-B-1,2,1.85303,-29.4545,15.3167,1231,0.0,11.200000000000001,15.2,26,2839,0.0,-20.0,15.0,26,-0.422,0,
C-B-1,2,1.85403,-29.4545,15.3167,1231,0.0,11.200000000000001,15.2,26,2839,0.0,-20.0,15.0,26,-0.422,0,
C-B-1,2,1.85503,-29.4545,15.3167,1231,0.0,11.200000000000001,15.2,26,2839,0.0,-20.0,15.0,26,-0.422,0,
C-B-1,2,1.85603,-29.4929,15.3109,1230,0.0,10.4,15.2,26,2839,0.0,-20.0,15.0,26,-0.46,0,
C-B-1,2,1.85703,-29.4545,15.3167,1231,0.0,11.200000000000001,15.2,26,2839,0.0,-20.0,15.0,26,-0.422,0,
C-B-1,2,1.85803,-29.4929,15.3109,1230,0.0,10.4,15.2,26,2839,0.0,-20.0,15.0,26,-0.46,0,
C-B-1,2,1.85903,-29.4545,15.3167,1231,0.0,11.200000000000001,15.2,26,2839,0.0,-20.0,15.0,26,-0.422,0,
C-B-1,2,1.86003,-29.4929,15.3109,1230,0.0,10.4,15.2,26,2839,0.0,-20.0,15.0,26,-0.46,0,
C-B-1,2,1.86104,-29.4545,15.3167,1231,0.0,11.200000000000001,15.2,26,2839,0.0,-20.0,15.0,26,-0.422,0,
C-B-1,2,1.86203,-29.4929,15.3109,1230,0.0,10.4,15.2,26,2839,0.0,-20.0,15.0,26,-0.46,0,
C-B-1,2,1.86303,-29.4929,15.3109,1230,0.0,10.4,15.2,26,2839,0.0,-20.0,15.0,26,-0.46,0,
C-B-1,2,1.86403,-29.4929,15.3109,1230,0.0,10.4,15.2,26,2839,0.0,-20.0,15.0,26,-0.46,0,
C-B-1,2,1.86504,-29.4929,15.3109,1230,0.0,10.4,15.2,26,2839,0.0,-20.0,15.0,26,-0.46,0,
C-B-1,2,1.86603,-29.4929,15.3109,1230,0.0,10.4,15.2,26,2839,0.0,-20.0,15.0,26,-0.46,0,
C-B-1,2,1.86703,-29.4545,15.3167,1231,0.0,11.200000000000001,15.2,26,2839,0.0,-20.0,15.0,26,-0.422,0,
C-B-1,2,1.86803,-29.4545,15.3167,1231,0.0,11.200000000000001,15.2,26,2839,0.0,-20.0,15.0,26,-0.422,0,
C-B-1,2,1.86903,-29.4929,15.3109,1230,0.0,10.4,15.2,26,2839,0.0,-20.0,15.0,26,-0.46,0,
C-B-1,2,1.87004,-29.4929,15.3109,1230,0.0,10.4,15.2,26,2839,0.0,-20.0,15.0,26,-0.46,0,
C-B-1,2,1.87103,-29.4929,15.3109,1230,0.0,10.4,15.2,26,2839,0.0,-20.0,15.0,26,-0.46,0,
C-B-1,2,1.87204,-29.4545,15.3167,1231,0.0,11.200000000000001,15.2,26,2839,0.0,-20.0,15.0,26,-0.422,0,
C-B-1,2,1.87303,-29.4929,15.3109,1230,0.0,10.4,15.2,26,2839,0.0,-20.0,15.0,26,-0.46,0,
C-B-1,2,1.87404,-29.4929,15.3109,1230,0.0,10.4,15.2,26,2839,0.0,-20.0,15.0,26,-0.46,0,
C-B-1,2,1.87503,-29.4929,15.3109,1230,0.0,10.4,15.2,26,2839,0.0,-20.0,15.0,26,-0.46,0,
C-B-1,2,1.87604,-29.4929,15.3109,1230,0.0,10.4,15.2,26,2839,0.0,-20.0,15.0,26,-0.46,0,
C-B-1,2,1.87703,-29.4929,15.3109,1230,0.0,10.4,15.2,26,2839,0.0,-20.0,15.0,26,-0.46,0,
C-B-1,2,1.87803,-29.4545,15.3167,1231,0.0,11.200000000000001,15.2,26,2839,0.0,-20.0,15.0,26,-0.422,0,
C-B-1,2,1.87904,-29.4929,15.3109,1230,0.0,10.4,15.2,26,2839,0.0,-20.0,15.0,26,-0.46,0,
C-B-1,2,1.88003,-29.4545,15.3167,1231,0.0,11.200000000000001,15.2,26,2839,0.0,-20.0,15.0,26,-0.422,0,
C-B-1,2,1.88104,-29.4929,15.3109,1230,0.0,10.4,15.2,26,2839,0.0,-20.0,15.0,26,-0.46,0,
C-B-1,2,1.88204,-29.4929,15.3109,1230,0.0,10.4,15.2,26,2839,0.0,-20.0,15.0,26,-0.46,0,
C-B-1,2,1.88304,-29.4929,15.3109,1230,0.0,10.4,15.2,26,2839,0.0,-20.0,15.0,26,-0.46,0,
C-B-1,2,1.88403,-29.4929,15.3109,1230,0.0,10.4,15.2,26,2839,0.0,-20.0,15.0,26,-0.46,0,
C-B-1,2,1.88504,-29.4545,15.3167,1231,0.0,11.200000000000001,15.2,26,2839,0.0,-20.0,15.0,26,-0.422,0,
C-B-1,2,1.88604,-29.4929,15.3109,1230,0.0,10.4,15.2,26,2839,0.0,-20.0,15.0,26,-0.46,0,
C-B-1,2,1.88704,-29.4929,15.3109,1230,0.0,10.4,15.2,26,2839,0.0,-20.0,15.0,26,-0.46,0,
C-B-1,2,1.88804,-29.4929,15.3109,1230,0.0,10.4,15.2,26,2839,0.0,-20.0,15.0,26,-0.46,0,
C-B-1,2,1.88904,-29.4929,15.3109,1230,0.0,10.4,15.2,26,2839,0.0,-20.0,15.0,26,-0.46,0,
C-B-1,2,1.89004,-29.4545,15.3167,1231,0.0,11.200000000000001,15.2,26,2839,0.0,-20.0,15.0,26,-0.422,0,
C-B-1,2,1.89104,-29.4545,15.3167,1231,0.0,11.200000000000001,15.2,26,2839,0.0,-20.0,15.0,26,-0.422,0,
C-B-1,2,1.89204,-29.4929,15.3109,1230,0.0,10.4,15.2,26,2839,0.0,-20.0,15.0,26,-0.46,0,
C-B-1,2,1.89304,-29.4929,15.3109,1230,0.0,10.4,15.2,26,2839,0.0,-20.0,15.0,26,-0.46,0,
C-B-1,2,1.89404,-29.4929,15.3109,1230,0.0,10.4,15.2,26,2839,0.0,-20.0,15.0,26,-0.46,0,
C-B-1,2,1.89504,-29.4545,15.3167,1231,0.0,11.200000000000001,15.2,26,2839,0.0,-20.0,15.0,26,-0.422,0,
C-B-1,2,1.89604,-29.4545,15.3167,1231,0.0,11.200000000000001,15.2,26,2839,0.0,-20.0,15.0,26,-0.422,0,
C-B-1,2,1.89704,-29.4929,15.3109,1230,0.0,10.4,15.2,26,2839,0.0,-20.0,15.0,26,-0.46,0,
C-B-1,2,1.89805,-29.4929,15.3109,1230,0.0,10.4,15.2,26,2839,0.0,-20.0,15.0,26,-0.46,0,
C-B-1,2,1.89904,-29.4929,15.3109,1230,0.0,10.4,15.2,26,2839,0.0,-20.0,15.0,26,-0.46,0,
C-B-1,2,1.90004,-29.4545,15.3167,1231,0.0,11.200000000000001,15.2,26,2839,0.0,-20.0,15.0,26,-0.422,0,
C-B-1,2,1.90104,-29.4929,15.3109,1230,0.0,10.4,15.2,26,2839,0.0,-20.0,15.0,26,-0.46,0,
C-B-1,2,1.90204,-29.4929,15.3109,1230,0.0,10.4,15.2,26,2839,0.0,-20.0,15.0,26,-0.46,0,
C-B-1,2,1.90304,-29.4545,15.3167,1231,0.0,11.200000000000001,15.2,26,2839,0.0,-20.0,15.0,26,-0.422,0,
C-B-1,2,1.90404,-29.4929,15.3109,1230,0.0,10.4,15.2,26,2839,0.0,-20.0,15.0,26,-0.46,0,
C-B-1,2,1.90504,-29.4929,15.3109,1230,0.0,10.4,15.2,26,2839,0.0,-20.0,15.0,26,-0.46,0,
C-B-1,2,1.90604,-29.4929,15.3109,1230,0.0,10.4,15.2,26,2839,0.0,-20.0,15.0,26,-0.46,0,
C-B-1,2,1.90704,-29.4545,15.3167,1231,0.0,11.200000000000001,15.2,26,2839,0.0,-20.0,15.0,26,-0.422,0,
C-B-1,2,1.90804,-29.4545,15.3167,1231,0.0,11.200000000000001,15.2,26,2839,0.0,-20.0,15.0,26,-0.422,0,
C-B-1,2,1.90904,-29.4929,15.3109,1230,0.0,10.4,15.2,26,2839,0.0,-20.0,15.0,26,-0.46,0,
C-B-1,2,1.91004,-29.4929,15.3109,1230,0.0,10.4,15.2,26,2839,0.0,-20.0,15.0,26,-0.46,0,
C-B-1,2,1.91105,-29.4929,15.3109,1230,0.0,10.4,15.2,26,2839,0.0,-20.0,15.0,26,-0.46,0,
C-B-1,2,1.91204,-29.4929,15.3109,1230,0.0,10.4,15.2,26,2839,0.0,-20.0,15.0,26,-0.46,0,
C-B-1,2,1.91304,-29.4929,15.3109,1230,0.0,10.4,15.2,26,2839,0.0,-20.0,15.0,26,-0.46,0,
C-B-1,2,1.91404,-29.4929,15.3109,1230,0.0,10.4,15.2,26,2839,0.0,-20.0,15.0,26,-0.46,0,
C-B-1,2,1.91505,-29.4545,15.3167,1231,0.0,11.200000000000001,15.2,26,2839,0.0,-20.0,15.0,26,-0.422,0,
C-B-1,2,1.91604,-29.4929,15.3109,1230,0.0,10.4,15.2,26,2839,0.0,-20.0,15.0,26,-0.46,0,
C-B-1,2,1.91704,-29.4545,15.3167,1231,0.0,11.200000000000001,15.2,26,2839,0.0,-20.0,15.0,26,-0.422,0,
C-B-1,2,1.91805,-29.4929,15.3109,1230,0.0,10.4,15.2,26,2839,0.0,-20.0,15.0,26,-0.46,0,
C-B-1,2,1.91904,-29.4545,15.3167,1231,0.0,11.200000000000001,15.2,26,2839,0.0,-20.0,15.0,26,-0.422,0,
C-B-1,2,1.92004,-29.4929,15.3109,1230,0.0,10.4,15.2,26,2839,0.0,-20.0,15.0,26,-0.46,0,
C-B-1,2,1.92105,-29.4545,15.3167,1231,0.0,11.200000000000001,15.2,26,2839,0.0,-20.0,15.0,26,-0.422,0,
C-B-1,2,1.92204,-29.4545,15.3167,1231,0.0,11.200000000000001,15.2,26,2839,0.0,-20.0,15.0,26,-0.422,0,
C-B-1,2,1.92305,-29.4545,15.3167,1231,0.0,11.200000000000001,15.2,26,2839,0.0,-20.0,15.0,26,-0.422,0,
C-B-1,2,1.92404,-29.4929,15.3109,1230,0.0,10.4,15.2,26,2839,0.0,-20.0,15.0,26,-0.46,0,
C-B-1,2,1.92504,-29.4545,15.3167,1231,0.0,11.200000000000001,15.2,26,2839,0.0,-20.0,15.0,26,-0.422,0,
C-B-1,2,1.92605,-29.4929,15.3109,1230,0.0,10.4,15.2,26,2839,0.0,-20.0,15.0,26,-0.46,0,
C-B-1,2,1.92704,-29.4545,15.3167,1231,0.0,11.200000000000001,15.2,26,2839,0.0,-20.0,15.0,26,-0.422,0,
C-B-1,2,1.92805,-29.4545,15.3167,1231,0.0,11.200000000000001,15.2,26,2839,0.0,-20.0,15.0,26,-0.422,0,
C-B-1,2,1.92904,-29.4545,15.3167,1231,0.0,11.200000000000001,15.2,26,2839,0.0,-20.0,15.0,26,-0.422,0,
C-B-1,2,1.93005,-29.4545,15.3167,1231,0.0,11.200000000000001,15.2,26,2839,0.0,-20.0,15.0,26,-0.422,0,
C-B-1,2,1.93104,-29.4545,15.3167,1231,0.0,11.200000000000001,15.2,26,2838,0.0,-20.8,15.0,26,-0.46,0,
C-B-1,2,1.93204,-29.4545,15.3167,1231,0.0,11.200000000000001,15.2,26,2839,0.0,-20.0,15.0,26,-0.422,0,
C-B-1,2,1.93305,-29.4545,15.3167,1231,0.0,11.200000000000001,15.2,26,2839,0.0,-20.0,15.0,26,-0.422,0,
C-B-1,2,1.93405,-29.4545,15.3167,1231,0.0,11.200000000000001,15.2,26,2839,0.0,-20.0,15.0,26,-0.422,0,
C-B-1,2,1.93505,-29.4545,15.3167,1231,0.0,11.200000000000001,15.2,26,2839,0.0,-20.0,15.0,26,-0.422,0,
C-B-1,2,1.93604,-29.4545,15.3167,1231,0.0,11.200000000000001,15.2,26,2839,0.0,-20.0,15.0,26,-0.422,0,
C-B-1,2,1.93705,-29.4545,15.3167,1231,0.0,11.200000000000001,15.2,26,2839,0.0,-20.0,15.0,26,-0.422,0,
C-B-1,2,1.93805,-29.4545,15.3167,1231,0.0,11.200000000000001,15.2,26,2839,0.0,-20.0,15.0,26,-0.422,0,
C-B-1,2,1.93904,-29.4545,15.3167,1231,0.0,11.200000000000001,15.2,26,2839,0.0,-20.0,15.0,26,-0.422,0,
C-B-1,2,1.94004,-29.4545,15.3167,1231,0.0,11.200000000000001,15.2,26,2839,0.0,-20.0,15.0,26,-0.422,0,
C-B-1,2,1.94105,-29.4545,15.3167,1231,0.0,11.200000000000001,15.2,26,2838,0.0,-20.8,15.0,26,-0.46,0,
C-B-1,2,1.94205,-29.4545,15.3167,1231,0.0,11.200000000000001,15.2,26,2839,0.0,-20.0,15.0,26,-0.422,0,
C-B-1,2,1.94305,-29.4545,15.3167,1231,0.0,11.200000000000001,15.2,26,2838,0.0,-20.8,15.0,26,-0.46,0,
C-B-1,2,1.94405,-29.4545,15.3167,1231,0.0,11.200000000000001,15.2,26,2839,0.0,-20.0,15.0,26,-0.422,0,
C-B-1,2,1.94505,-29.4545,15.3167,1231,0.0,11.200000000000001,15.2,26,2839,0.0,-20.0,15.0,26,-0.422,0,
C-B-1,2,1.94605,-29.4545,15.3167,1231,0.0,11.200000000000001,15.2,26,2838,0.0,-20.8,15.0,26,-0.46,0,
C-B-1,2,1.94705,-29.4545,15.3167,1231,0.0,11.200000000000001,15.2,26,2838,0.0,-20.8,15.0,26,-0.46,0,
C-B-1,2,1.94805,-29.4545,15.3167,1231,0.0,11.200000000000001,15.2,26,2839,0.0,-20.0,14.9,26,-0.422,0,
C-B-1,2,1.94905,-29.4545,15.3167,1231,0.0,11.200000000000001,15.0,26,2838,0.0,-20.8,14.9,26,-0.46,0,
C-B-1,2,1.95005,-29.4545,15.3167,1231,0.0,11.200000000000001,15.0,26,2839,0.0,-20.0,14.9,26,-0.422,0,
C-B-1,2,1.95105,-29.4545,15.3167,1231,0.0,11.200000000000001,15.0,26,2838,0.0,-20.8,14.9,26,-0.46,0,
C-B-1,2,1.95205,-29.4545,15.3167,1231,0.0,11.200000000000001,15.0,26,2838,0.0,-20.8,14.9,26,-0.46,0,
C-B-1,2,1.95305,-29.4545,15.3167,1231,0.0,11.200000000000001,15.0,26,2838,0.0,-20.8,14.9,26,-0.46,0,
C-B-1,2,1.95405,-29.4545,15.3167,1231,0.0,11.200000000000001,15.0,26,2839,0.0,-20.0,14.9,26,-0.422,0,
C-B-1,2,1.95505,-29.4545,15.3167,1231,0.0,11.200000000000001,15.0,26,2839,0.0,-20.0,14.9,26,-0.422,0,
C-B-1,2,1.95605,-29.4545,15.3167,1231,0.0,11.200000000000001,15.0,26,2838,0.0,-20.8,14.9,26,-0.46,0,
C-B-1,2,1.95705,-29.4545,15.3167,1231,0.0,11.200000000000001,15.0,26,2838,0.0,-20.8,14.9,26,-0.46,0,
C-B-1,2,1.95805,-29.4545,15.3167,1231,0.0,11.200000000000001,15.0,26,2838,0.0,-20.8,14.9,26,-0.46,0,
C-B-1,2,1.95905,-29.4545,15.3167,1231,0.0,11.200000000000001,15.0,26,2839,0.0,-20.0,14.9,26,-0.422,0,
C-B-1,2,1.96005,-29.4545,15.3167,1231,0.0,11.200000000000001,15.0,26,2838,0.0,-20.8,14.9,26,-0.46,0,
C-B-1,2,1.96105,-29.4545,15.3167,1231,0.0,11.200000000000001,15.0,26,2839,0.0,-20.0,14.9,26,-0.422,0,
C-B-1,2,1.96205,-29.4545,15.3167,1231,0.0,11.200000000000001,15.0,26,2838,0.0,-20.8,14.9,26,-0.46,0,
C-B-1,2,1.96305,-29.4545,15.3167,1231,0.0,11.200000000000001,15.0,26,2838,0.0,-20.8,14.9,26,-0.46,0,
C-B-1,2,1.96406,-29.4545,15.3167,1231,0.0,11.200000000000001,15.0,26,2838,0.0,-20.8,14.9,26,-0.46,0,
C-B-1,2,1.96505,-29.4545,15.3167,1231,0.0,11.200000000000001,15.0,26,2838,0.0,-20.8,14.9,26,-0.46,0,
C-B-1,2,1.96605,-29.4545,15.3167,1231,0.0,11.200000000000001,15.0,26,2838,0.0,-20.8,14.9,26,-0.46,0,
C-B-1,2,1.96705,-29.4545,15.3167,1231,0.0,11.200000000000001,15.0,26,2838,0.0,-20.8,14.9,26,-0.46,0,
C-B-1,2,1.96805,-29.4545,15.3167,1231,0.0,11.200000000000001,15.0,26,2838,0.0,-20.8,14.9,26,-0.46,0,
C-B-1,2,1.96906,-29.4545,15.3167,1231,0.0,11.200000000000001,15.0,26,2838,0.0,-20.8,14.9,26,-0.46,0,
C-B-1,2,1.97005,-29.4545,15.3167,1231,0.0,11.200000000000001,15.0,26,2839,0.0,-20.0,14.9,26,-0.422,0,
C-B-1,2,1.97106,-29.4545,15.3167,1231,0.0,11.200000000000001,15.0,26,2838,0.0,-20.8,14.9,26,-0.46,0,
C-B-1,2,1.97205,-29.4545,15.3167,1231,0.0,11.200000000000001,15.0,26,2838,0.0,-20.8,14.9,26,-0.46,0,
C-B-1,2,1.97305,-29.4545,15.3167,1231,0.0,11.200000000000001,15.0,26,2839,0.0,-20.0,14.9,26,-0.422,0,
C-B-1,2,1.97405,-29.4545,15.3167,1231,0.0,11.200000000000001,15.0,26,2838,0.0,-20.8,14.9,26,-0.46,0,
C-B-1,2,1.97506,-29.4545,15.3167,1231,0.0,11.200000000000001,15.0,26,2838,0.0,-20.8,14.9,26,-0.46,0,
C-B-1,2,1.97605,-29.4545,15.3167,1231,0.0,11.200000000000001,15.0,26,2839,0.0,-20.0,14.9,26,-0.422,0,
C-B-1,2,1.97705,-29.4545,15.3167,1231,0.0,11.200000000000001,15.0,26,2838,0.0,-20.8,14.9,26,-0.46,0,
C-B-1,2,1.97805,-29.4545,15.3167,1231,0.0,11.200000000000001,15.0,26,2838,0.0,-20.8,14.9,26,-0.46,0,
C-B-1,2,1.97906,-29.4545,15.3167,1231,0.0,11.200000000000001,15.0,26,2838,0.0,-20.8,14.9,26,-0.46,0,
C-B-1,2,1.98005,-29.4545,15.3167,1231,0.0,11.200000000000001,15.0,26,2838,0.0,-20.8,14.9,26,-0.46,0,
C-B-1,2,1.98105,-29.4545,15.3167,1231,0.0,11.200000000000001,15.0,26,2838,0.0,-20.8,14.9,26,-0.46,0,
C-B-1,2,1.98206,-29.4545,15.3167,1231,0.0,11.200000000000001,15.0,26,2839,0.0,-20.0,14.9,26,-0.422,0,
C-B-1,2,1.98305,-29.4545,15.3167,1231,0.0,11.200000000000001,15.0,26,2839,0.0,-20.0,14.9,26,-0.422,0,
C-B-1,2,1.98406,-29.4545,15.3167,1231,0.0,11.200000000000001,15.0,26,2839,0.0,-20.0,14.9,26,-0.422,0,
C-B-1,2,1.98506,-29.4545,15.3167,1231,0.0,11.200000000000001,15.0,26,2838,0.0,-20.8,14.9,26,-0.46,0,
C-B-1,2,1.98605,-29.4545,15.3167,1231,0.0,11.200000000000001,15.0,26,2838,0.0,-20.8,14.9,26,-0.46,0,
C-B-1,2,1.98705,-29.4545,15.3167,1231,0.0,11.200000000000001,15.0,26,2839,0.0,-20.0,14.9,26,-0.422,0,
C-B-1,2,1.98805,-29.4545,15.3167,1231,0.0,11.200000000000001,15.0,26,2839,0.0,-20.0,14.9,26,-0.422,0,
C-B-1,2,1.98906,-29.4545,15.3167,1231,0.0,11.200000000000001,15.0,26,2838,0.0,-20.8,14.9,26,-0.46,0,
C-B-1,2,1.99006,-29.4545,15.3167,1231,0.0,11.200000000000001,15.0,26,2838,0.0,-20.8,14.9,26,-0.46,0,
C-B-1,2,1.99105,-29.4545,15.3167,1231,0.0,11.200000000000001,15.0,26,2838,0.0,-20.8,14.9,26,-0.46,0,
C-B-1,2,1.99206,-29.4545,15.3167,1231,0.0,11.200000000000001,15.0,26,2838,0.0,-20.8,14.9,26,-0.46,0,
C-B-1,2,1.99306,-29.4545,15.3167,1231,0.0,11.200000000000001,15.0,26,2838,0.0,-20.8,14.9,26,-0.46,0,
C-B-1,2,1.99406,-29.4545,15.3167,1231,0.0,11.200000000000001,15.0,26,2839,0.0,-20.0,14.9,26,-0.422,0,
C-B-1,2,1.99506,-29.4545,15.3167,1231,0.0,11.200000000000001,15.0,26,2838,0.0,-20.8,14.9,26,-0.46,0,
C-B-1,2,1.99606,-29.4545,15.3167,1231,0.0,11.200000000000001,15.0,26,2838,0.0,-20.8,14.9,26,-0.46,0,
C-B-1,2,1.99706,-29.4545,15.3167,1231,0.0,11.200000000000001,15.0,26,2839,0.0,-20.0,14.9,26,-0.422,0,
C-B-1,2,1.99806,-29.4545,15.3167,1231,0.0,11.200000000000001,15.0,26,2838,0.0,-20.8,14.9,26,-0.46,0,
C-B-1,2,1.99906,-29.4545,15.3167,1231,0.0,11.200000000000001,15.0,26,2838,0.0,-20.8,14.9,26,-0.46,0,
C-B-1,2,2.00006,-29.4545,15.3167,1231,0.0,11.200000000000001,15.0,26,2839,0.0,-20.0,14.9,26,-0.422,0,
C-B-1,3,0.00184,30.2599,15.1936,2788,0.0,6.4,15.0,27,1286,0.0,-11.200000000000001,14.0,27,-0.268,0,
C-B-1,3,0.00292,30.2599,15.1936,2788,0.0,6.4,15.0,27,1286,0.0,-11.200000000000001,14.0,27,-0.268,0,
C-B-1,3,0.00379,30.2599,15.1936,2788,0.0,6.4,15.0,27,1287,0.0,-10.4,14.0,27,-0.23,0,
C-B-1,3,0.00479,30.2599,15.1936,2788,0.0,7.2,15.0,27,1287,0.0,-11.200000000000001,14.0,27,-0.23,0,
C-B-1,3,0.00579,30.2599,15.1936,2788,0.0,7.2,15.0,27,1287,0.0,-11.200000000000001,14.0,27,-0.23,0,
C-B-1,3,0.00678,30.2599,15.1936,2788,0.0,7.2,15.0,27,1286,0.0,-12.8,14.0,27,-0.268,0,
C-B-1,3,0.00778,30.2599,15.1936,2788,0.0,8.0,15.0,27,1286,0.0,-12.8,14.0,27,-0.268,0,
C-B-1,3,0.00879,30.2599,15.1936,2788,0.0,8.0,15.0,27,1287,0.0,-12.8,14.0,27,-0.23,0,
C-B-1,3,0.00978,30.2599,15.1936,2788,0.0,8.8,15.0,27,1287,0.0,-12.8,14.0,27,-0.23,0,
C-B-1,3,0.0108,30.2599,15.1936,2788,0.0,9.600000000000001,15.0,27,1287,0.0,-13.600000000000001,14.0,27,-0.23,0,
C-B-1,3,0.01178,30.2599,15.1936,2788,0.0,10.4,15.0,27,1287,0.0,-14.4,14.0,27,-0.23,0,
C-B-1,3,0.01271,30.2599,15.1936,2788,0.0,11.200000000000001,15.0,27,1286,0.0,-16.0,14.0,27,-0.268,0,
C-B-1,3,0.01372,30.2599,15.1936,2788,0.0,12.0,15.0,27,1287,0.0,-15.200000000000001,14.0,27,-0.23,0,
C-B-1,3,0.01472,30.2599,15.1936,2788,0.0,12.0,15.0,27,1286,0.0,-16.8,14.0,27,-0.268,0,
C-B-1,3,0.01572,30.2599,15.1936,2788,0.0,12.8,15.0,27,1287,0.0,-16.8,14.0,27,-0.23,0,
C-B-1,3,0.01672,30.2599,15.1936,2788,0.0,14.4,15.0,27,1286,0.0,-18.400000000000002,14.0,27,-0.268,0,
C-B-1,3,0.01772,30.2599,15.1936,2788,0.0,15.200000000000001,15.0,27,1287,0.0,-19.200000000000003,14.0,27,-0.23,0,
C-B-1,3,0.01872,30.2599,15.1936,2788,0.0,16.0,15.0,27,1287,0.0,-20.0,14.0,27,-0.23,0,
C-B-1,3,0.01972,30.2599,15.1936,2788,0.0,17.6,15.0,27,1286,0.0,-22.400000000000002,14.0,27,-0.268,0,
C-B-1,3,0.02072,30.2599,15.1936,2788,0.0,19.200000000000003,15.0,27,1287,0.0,-23.200000000000003,14.0,27,-0.23,0,
C-B-1,3,0.02172,30.2599,15.1936,2788,0.0,20.0,15.0,27,1287,0.0,-24.0,14.0,27,-0.23,0,
C-B-1,3,0.02272,30.2599,15.1936,2788,0.0,21.6,15.0,27,1287,0.0,-25.6,14.0,27,-0.23,0,
C-B-1,3,0.02372,30.2599,15.1936,2788,0.0,22.400000000000002,15.0,27,1287,0.0,-26.400000000000002,14.0,27,-0.23,0,
C-B-1,3,0.02472,30.2599,15.1936,2788,0.0,24.0,15.0,27,1287,0.0,-28.0,14.0,27,-0.23,0,
C-B-1,3,0.02572,30.2599,15.1936,2788,0.0,25.6,15.0,27,1287,0.0,-28.8,14.0,27,-0.23,0,
C-B-1,3,0.02672,30.2599,15.1936,2788,0.0,26.400000000000002,15.0,27,1287,0.0,-30.400000000000002,14.0,27,-0.23,0,
C-B-1,3,0.02772,30.2599,15.1936,2788,0.0,28.0,15.0,27,1287,0.0,-32.0,14.0,27,-0.23,0,
C-B-1,3,0.02872,30.2599,15.1936,2788,0.0,29.6,15.0,27,1287,0.0,-35.2,14.0,27,-0.23,0,
C-B-1,3,0.02972,30.2599,15.1936,2788,0.0,31.200000000000003,15.0,27,1287,0.0,-36.800000000000004,14.0,27,-0.23,0,
C-B-1,3,0.03072,30.2599,15.1936,2788,0.0,32.800000000000004,15.0,27,1286,0.0,-39.2,14.0,27,-0.268,0,
C-B-1,3,0.03172,30.2599,15.1936,2788,0.0,34.4,15.0,27,1287,0.0,-40.0,14.0,27,-0.23,0,
C-B-1,3,0.03272,30.2599,15.1936,2788,0.0,36.0,15.0,27,1287,0.0,-41.6,14.0,27,-0.23,0,
C-B-1,3,0.03372,30.2216,15.1995,2787,0.0,38.400000000000006,15.0,27,1287,0.0,-43.2,14.0,27,-0.268,0,
C-B-1,3,0.03472,30.2216,15.1995,2787,0.0,40.800000000000004,15.0,27,1287,0.0,-44.800000000000004,14.0,27,-0.268,0,
C-B-1,3,0.03572,30.2216,15.1995,2787,0.0,42.400000000000006,15.0,27,1287,0.0,-47.2,14.0,27,-0.268,0,
C-B-1,3,0.03672,30.2216,15.1995,2787,0.0,44.0,15.0,27,1287,0.0,-48.800000000000004,14.0,27,-0.268,0,
C-B-1,3,0.03772,30.2216,15.1995,2787,0.0,46.400000000000006,15.0,27,1288,0.0,-52.0,14.0,27,-0.23,0,
C-B-1,3,0.03872,30.2216,15.1995,2787,0.0,48.800000000000004,15.0,27,1288,0.0,-54.400000000000006,14.0,27,-0.23,0,
C-B-1,3,0.03972,30.1832,15.2055,2786,-1.01,47.900000000000006,15.0,27,1288,0.0,-56.0,14.0,27,-0.268,0,
C-B-1,3,0.04072,30.1832,15.2055,2786,-1.01,50.300000000000004,15.0,27,1289,1.01,-55.900000000000006,14.0,27,-0.23,0,
C-B-1,3,0.04172,30.1832,15.2055,2786,-1.01,52.7,15.0,27,1289,1.51,-57.400000000000006,14.0,27,-0.23,0,
C-B-1,3,0.04272,30.1449,15.2114,2785,-1.51,55.0,15.0,27,1289,1.01,-60.7,14.0,27,-0.268,0,
C-B-1,3,0.04372,30.1065,15.2173,2784,-2.01,55.7,15.0,27,1291,2.52,-58.900000000000006,14.0,27,-0.23,0,
C-B-1,3,0.04472,30.1065,15.2173,2784,-2.01,58.1,15.0,27,1291,2.01,-62.1,14.0,27,-0.23,0,
C-B-1,3,0.04572,30.0682,15.2232,2783,-2.52,58.900000000000006,15.0,27,1291,2.52,-63.7,14.0,27,-0.268,0,
C-B-1,3,0.04672,30.0682,15.2232,2783,-2.52,61.300000000000004,15.0,27,1292,2.52,-67.7,14.0,27,-0.23,0,
C-B-1,3,0.04772,30.0298,15.2291,2782,-3.02,62.0,15.0,27,1293,3.02,-68.4,14.0,27,-0.23,0,
C-B-1,3,0.04872,30.0298,15.2291,2782,-3.02,65.2,15.0,27,1294,4.03,-69.0,14.0,27,-0.192,0,
C-B-1,3,0.04972,29.9915,15.235,2781,-3.52,65.9,15.0,27,1295,4.03,-70.60000000000001,14.0,27,-0.192,0,
C-B-1,3,0.05072,29.9531,15.2408,2780,-4.03,66.60000000000001,15.0,27,1295,4.03,-73.0,14.0,27,-0.23,0,
C-B-1,3,0.05172,29.9148,15.2467,2779,-4.53,70.60000000000001,15.0,27,1296,4.53,-74.60000000000001,14.0,27,-0.23,0,
C-B-1,3,0.05272,29.8381,15.2585,2777,-5.54,70.4,15.0,27,1296,4.53,-77.0,14.0,27,-0.307,0,
C-B-1,3,0.05372,29.8381,15.2585,2777,-5.54,72.8,15.0,27,1298,5.54,-76.80000000000001,14.1,27,-0.23,0,
C-B-1,3,0.05473,29.7997,15.2643,2776,-6.04,74.3,15.0,27,1298,5.54,-80.0,14.1,27,-0.268,0,
C-B-1,3,0.05572,29.7614,15.2702,2775,-6.54,75.9,15.0,27,1299,6.04,-80.7,14.1,27,-0.268,0,
C-B-1,3,0.05673,29.723,15.276,2774,-7.04,76.60000000000001,15.0,27,1299,6.04,-83.9,14.1,27,-0.307,0,
C-B-1,3,0.05772,29.6847,15.2818,2773,-7.55,78.10000000000001,15.0,27,1301,7.04,-83.80000000000001,14.1,27,-0.268,0,
C-B-1,3,0.05872,29.608,15.2935,2771,-8.55,78.0,15.0,27,1301,7.04,-86.5,14.1,27,-0.345,0,
C-B-1,3,0.05972,29.5696,15.2993,2770,-9.06,79.5,15.0,27,1302,7.55,-85.60000000000001,14.1,27,-0.345,0,
C-B-1,3,0.06072,29.4929,15.3109,2768,-10.06,81.2,15.0,27,1305,9.06,-83.0,14.1,27,-0.307,0,
C-B-1,3,0.06173,29.4545,15.3167,2767,-10.57,80.4,15.0,27,1305,9.06,-83.0,14.1,27,-0.345,0,
C-B-1,3,0.06273,29.3395,15.334,2764,-11.57,78.60000000000001,15.0,27,1307,10.06,-81.2,14.1,27,-0.384,0,
C-B-1,3,0.06372,29.3011,15.3398,2763,-12.08,77.7,15.0,27,1308,10.57,-80.4,14.1,27,-0.384,0,
C-B-1,3,0.06473,29.2244,15.3513,2761,-13.08,76.0,15.0,27,1309,11.07,-79.5,14.1,27,-0.422,0,
C-B-1,3,0.06573,29.2244,15.3513,2761,-13.08,76.0,15.0,27,1310,11.57,-78.60000000000001,14.1,27,-0.384,0,
C-B-1,3,0.06673,29.1477,15.3628,2759,-14.09,74.2,15.0,27,1312,12.58,-76.9,14.1,27,-0.384,0,
C-B-1,3,0.06773,29.071,15.3742,2757,-15.1,72.5,15.0,27,1313,12.58,-76.9,14.1,27,-0.422,0,
C-B-1,3,0.06872,28.9943,15.3857,2755,-15.6,71.60000000000001,15.0,27,1314,13.08,-76.0,14.1,27,-0.46,0,
C-B-1,3,0.06972,28.9176,15.3971,2753,-16.61,69.8,15.0,27,1316,13.59,-75.10000000000001,14.1,27,-0.46,0,
C-B-1,3,0.07072,28.9176,15.3971,2753,-16.61,69.8,15.0,27,1318,14.59,-73.4,14.1,27,-0.384,0,
C-B-1,3,0.07172,28.8409,15.4085,2751,-17.11,69.0,15.0,27,1319,15.1,-72.5,14.1,27,-0.422,0,
C-B-1,3,0.07273,28.7642,15.4198,2749,-18.12,67.2,15.0,27,1321,15.1,-72.5,14.1,27,-0.422,0,
C-B-1,3,0.07372,28.6875,15.4311,2747,-18.62,66.3,15.0,27,1322,15.6,-71.60000000000001,14.1,27,-0.46,0,
C-B-1,3,0.07473,28.6108,15.4424,2745,-19.12,65.5,15.0,27,1323,16.1,-70.7,14.1,27,-0.499,0,
C-B-1,3,0.07573,28.4957,15.4593,2742,-20.63,62.800000000000004,15.0,27,1325,16.61,-69.8,14.1,27,-0.537,0,
C-B-1,3,0.07673,28.4574,15.4649,2741,-20.63,62.800000000000004,15.0,27,1326,17.11,-69.0,14.1,27,-0.537,0,
C-B-1,3,0.07773,28.3807,15.4761,2739,-21.64,61.1,15.0,27,1328,17.61,-68.10000000000001,14.1,27,-0.537,0,
C-B-1,3,0.07873,28.304,15.4873,2737,-22.14,60.2,15.0,27,1331,18.12,-67.2,14.1,27,-0.499,0,
C-B-1,3,0.07973,28.2656,15.4929,2736,-22.14,60.2,15.0,27,1332,18.62,-66.3,14.1,27,-0.499,0,
C-B-1,3,0.08073,28.1889,15.504,2734,-22.64,59.300000000000004,15.0,27,1334,19.12,-65.5,14.1,27,-0.499,0,
C-B-1,3,0.08173,28.1506,15.5096,2733,-23.15,58.5,15.0,27,1336,20.13,-63.7,14.1,27,-0.46,0,
C-B-1,3,0.08273,28.0739,15.5207,2731,-23.15,58.5,15.0,27,1337,19.62,-64.60000000000001,14.1,27,-0.499,0,
C-B-1,3,0.08373,27.9588,15.5373,2728,-24.15,56.7,15.0,27,1338,20.13,-63.7,14.1,27,-0.575,0,
C-B-1,3,0.08473,27.8821,15.5483,2726,-24.66,55.800000000000004,15.0,27,1340,20.63,-62.800000000000004,14.1,27,-0.575,0,
C-B-1,3,0.08573,27.8438,15.5538,2725,-24.66,55.800000000000004,15.0,27,1341,21.13,-62.0,14.1,27,-0.575,0,
C-B-1,3,0.08673,27.767,15.5648,2723,-25.16,55.0,15.0,27,1343,21.13,-62.0,14.1,27,-0.575,0,
C-B-1,3,0.08773,27.7287,15.5703,2722,-24.66,55.800000000000004,15.0,27,1345,21.64,-61.1,14.1,27,-0.537,0,
C-B-1,3,0.08873,27.6903,15.5757,2721,-24.66,55.800000000000004,15.0,27,1347,21.64,-61.1,14.1,27,-0.499,0,
C-B-1,3,0.08973,27.6136,15.5867,2719,-25.16,55.0,15.0,27,1348,21.64,-61.1,14.1,27,-0.537,0,
C-B-1,3,0.09073,27.5369,15.5976,2717,-25.66,54.1,15.0,27,1349,22.14,-60.2,14.1,27,-0.575,0,
C-B-1,3,0.09173,27.4986,15.603,2716,-25.66,54.1,15.0,27,1351,22.14,-60.2,14.1,27,-0.537,0,
C-B-1,3,0.09273,27.3835,15.6193,2713,-25.16,55.0,15.0,27,1352,22.14,-60.2,14.1,27,-0.614,0,
C-B-1,3,0.09373,27.3452,15.6247,2712,-24.66,55.800000000000004,15.0,27,1353,22.14,-60.2,14.1,27,-0.614,0,
C-B-1,3,0.09473,27.3068,15.6301,2711,-25.16,55.0,15.0,27,1355,22.64,-59.300000000000004,14.1,27,-0.575,0,
C-B-1,3,0.09573,27.2301,15.6409,2709,-25.16,55.0,15.0,27,1356,22.14,-60.2,14.1,27,-0.614,0,
C-B-1,3,0.09673,27.1918,15.6463,2708,-24.66,55.800000000000004,15.0,27,1357,22.14,-60.2,14.1,27,-0.614,0,
C-B-1,3,0.09773,27.1534,15.6516,2707,-24.15,56.7,15.0,27,1358,22.14,-60.2,14.1,27,-0.614,0,
C-B-1,3,0.09873,27.1151,15.657,2706,-23.65,57.6,15.0,27,1359,21.64,-61.1,14.1,27,-0.614,0,
C-B-1,3,0.09973,27.0384,15.6677,2704,-24.66,55.800000000000004,15.0,27,1360,22.14,-60.2,14.1,27,-0.652,0,
C-B-1,3,0.10073,27.0,15.6731,2703,-24.15,56.7,15.0,27,1362,22.14,-60.2,14.1,27,-0.614,0,
C-B-1,3,0.10174,26.9233,15.6838,2701,-23.15,58.5,15.0,27,1363,21.13,-62.0,14.1,27,-0.652,0,
C-B-1,3,0.10274,26.8466,15.6944,2699,-23.15,58.5,15.0,27,1364,21.13,-62.0,14.1,27,-0.69,0,
C-B-1,3,0.10373,26.8082,15.6997,2698,-23.65,57.6,15.0,27,1366,21.64,-61.1,14.1,27,-0.652,0,
C-B-1,3,0.10473,26.7699,15.705,2697,-22.64,59.300000000000004,15.0,27,1367,21.13,-62.0,14.1,27,-0.652,0,
C-B-1,3,0.10573,26.6932,15.7156,2695,-23.15,58.5,15.0,27,1368,21.13,-62.0,14.1,27,-0.69,0,
C-B-1,3,0.10673,26.6932,15.7156,2695,-22.14,60.2,15.0,27,1369,20.63,-62.800000000000004,14.1,27,-0.652,0,
C-B-1,3,0.10773,26.6165,15.7262,2693,-22.14,60.2,15.0,27,1370,20.13,-63.7,14.1,27,-0.69,0,
C-B-1,3,0.10873,26.5781,15.7315,2692,-22.14,60.2,15.0,27,1372,20.63,-62.800000000000004,14.1,27,-0.652,0,
C-B-1,3,0.10974,26.5014,15.742,2690,-22.14,60.2,15.0,27,1373,20.63,-62.800000000000004,14.1,27,-0.69,0,
C-B-1,3,0.11073,26.4631,15.7472,2689,-21.64,61.1,15.0,27,1375,19.62,-64.60000000000001,14.1,27,-0.652,0,
C-B-1,3,0.11173,26.4247,15.7525,2688,-21.64,61.1,15.0,26,1377,20.13,-63.7,14.1,27,-0.614,0,
C-B-1,3,0.11274,26.3097,15.7682,2685,-21.64,61.1,15.0,26,1377,19.62,-64.60000000000001,14.1,27,-0.729,0,
C-B-1,3,0.11374,26.2713,15.7734,2684,-21.13,62.0,15.0,26,1379,19.62,-64.60000000000001,14.1,27,-0.69,0,
C-B-1,3,0.11474,26.233,15.7786,2683,-21.64,61.1,15.0,26,1380,19.62,-64.60000000000001,14.1,27,-0.69,0,
C-B-1,3,0.11574,26.1179,15.7942,2680,-21.13,62.0,15.0,26,1381,19.12,-65.5,14.1,27,-0.767,0,
C-B-1,3,0.11674,26.0412,15.8045,2678,-21.64,61.1,15.0,26,1383,19.62,-64.60000000000001,14.1,27,-0.767,0,
C-B-1,3,0.11774,26.0028,15.8097,2677,-21.64,61.1,15.0,26,1384,19.62,-64.60000000000001,14.1,27,-0.767,0,
C-B-1,3,0.11874,25.9645,15.8148,2676,-21.13,62.0,15.0,26,1385,19.12,-65.5,14.1,27,-0.767,0,
C-B-1,3,0.11974,25.8878,15.8251,2674,-21.13,62.0,15.0,26,1388,19.62,-64.60000000000001,14.1,27,-0.729,0,
C-B-1,3,0.12074,25.8494,15.8303,2673,-21.13,62.0,15.0,26,1390,19.62,-64.60000000000001,14.1,27,-0.69,0,
C-B-1,3,0.12174,25.8111,15.8354,2672,-20.63,62.800000000000004,15.0,26,1392,20.13,-63.7,14.1,27,-0.652,0,
C-B-1,3,0.12274,25.7344,15.8456,2670,-21.13,62.0,15.0,26,1393,20.13,-63.7,14.1,27,-0.69,0,
C-B-1,3,0.12374,25.696,15.8508,2669,-21.13,62.0,15.0,26,1396,20.63,-62.800000000000004,14.1,27,-0.614,0,
C-B-1,3,0.12474,25.581,15.866,2666,-21.13,62.0,15.0,26,1397,20.63,-62.800000000000004,14.1,27,-0.69,0,
C-B-1,3,0.12574,25.5043,15.8762,2664,-21.64,61.1,15.0,26,1398,20.63,-62.800000000000004,14.1,27,-0.729,0,
C-B-1,3,0.12674,25.4276,15.8863,2662,-22.14,60.2,15.0,26,1400,21.13,-62.0,14.1,27,-0.729,0,
C-B-1,3,0.12774,25.3892,15.8914,2661,-22.14,60.2,15.0,26,1402,21.64,-61.1,14.1,27,-0.69,0,
C-B-1,3,0.12874,25.3125,15.9015,2659,-22.14,60.2,15.0,26,1405,21.64,-61.1,14.1,27,-0.652,0,
C-B-1,3,0.12974,25.2741,15.9065,2658,-22.14,60.2,15.0,26,1406,21.64,-61.1,14.1,27,-0.652,0,
C-B-1,3,0.13074,25.1974,15.9165,2656,-22.14,60.2,15.0,26,1408,22.64,-59.300000000000004,14.1,27,-0.652,0,
C-B-1,3,0.13174,25.1207,15.9265,2654,-23.15,58.5,15.0,26,1410,23.15,-58.5,14.1,27,-0.652,0,
C-B-1,3,0.13274,25.044,15.9365,2652,-23.15,58.5,15.0,26,1412,23.15,-58.5,14.1,27,-0.652,0,
C-B-1,3,0.13374,24.929,15.9514,2649,-23.65,57.6,15.0,26,1413,23.15,-58.5,14.1,27,-0.729,0,
C-B-1,3,0.13474,24.8523,15.9614,2647,-23.65,57.6,15.0,26,1415,23.65,-57.6,14.1,27,-0.729,0,
C-B-1,3,0.13574,24.8139,15.9663,2646,-24.15,56.7,15.0,26,1417,24.15,-56.7,14.1,27,-0.69,0,
C-B-1,3,0.13674,24.7372,15.9762,2644,-24.15,56.7,15.0,26,1419,24.66,-55.800000000000004,14.1,27,-0.69,0,
C-B-1,3,0.13774,24.6605,15.986,2642,-24.66,55.800000000000004,15.0,26,1420,24.66,-55.800000000000004,14.1,27,-0.729,0,
C-B-1,3,0.13874,24.6222,15.9909,2641,-24.15,56.7,15.0,26,1422,25.16,-55.0,14.1,27,-0.69,0,
C-B-1,3,0.13974,24.5455,16.0007,2639,-24.66,55.800000000000004,15.0,26,1424,25.66,-54.1,14.1,27,-0.69,0,
C-B-1,3,0.14074,24.4688,16.0105,2637,-25.16,55.0,15.0,26,1426,25.16,-55.0,14.1,27,-0.69,0,
C-B-1,3,0.14174,24.392,16.0202,2635,-25.16,55.0,15.0,26,1427,26.67,-52.300000000000004,14.1,27,-0.729,0,
C-B-1,3,0.14274,24.2386,16.0396,2631,-26.17,53.2,15.0,26,1431,26.17,-53.2,14.1,27,-0.729,0,
C-B-1,3,0.14374,24.1619,16.0493,2629,-26.17,53.2,15.0,26,1434,27.17,-51.5,14.1,27,-0.69,0,
C-B-1,3,0.14474,24.0852,16.0589,2627,-26.67,52.300000000000004,15.0,26,1436,27.68,-50.6,14.1,27,-0.69,0,
C-B-1,3,0.14574,24.0085,16.0685,2625,-26.67,52.300000000000004,15.0,26,1438,27.68,-50.6,14.1,27,-0.69,0,
C-B-1,3,0.14674,23.8935,16.0828,2622,-27.17,51.5,15.0,26,1440,28.18,-49.7,14.1,27,-0.729,0,
C-B-1,3,0.14774,23.8168,16.0923,2620,-27.68,50.6,15.0,26,1441,28.18,-49.7,14.1,27,-0.767,0,
C-B-1,3,0.14874,23.7401,16.1018,2618,-27.68,50.6,15.0,26,1444,28.68,-48.800000000000004,14.1,27,-0.729,0,
C-B-1,3,0.14974,23.6634,16.1113,2616,-28.18,49.7,15.0,26,1446,29.19,-48.0,14.1,27,-0.729,0,
C-B-1,3,0.15074,23.5866,16.1207,2614,-28.68,48.800000000000004,15.0,26,1449,29.69,-47.1,14.1,27,-0.69,0,
C-B-1,3,0.15174,23.4716,16.1348,2611,-28.68,48.800000000000004,15.0,26,1452,29.69,-47.1,14.1,27,-0.69,0,
C-B-1,3,0.15274,23.3949,16.1442,2609,-28.68,48.800000000000004,15.0,26,1455,29.69,-47.1,14.1,27,-0.652,0,
C-B-1,3,0.15374,23.2798,16.1582,2606,-29.69,47.1,15.0,26,1458,30.7,-45.300000000000004,14.1,27,-0.652,0,
C-B-1,3,0.15474,23.2031,16.1675,2604,-29.69,47.1,15.0,26,1460,31.2,-44.400000000000006,14.1,27,-0.652,0,
C-B-1,3,0.15574,23.1264,16.1768,2602,-29.69,47.1,15.0,26,1462,31.2,-44.400000000000006,14.1,27,-0.652,0,
C-B-1,3,0.15674,23.0497,16.186,2600,-30.19,46.2,15.0,26,1463,30.7,-45.300000000000004,14.1,27,-0.69,0,
C-B-1,3,0.15774,22.973,16.1952,2598,-30.19,46.2,15.0,26,1466,31.7,-43.6,14.1,27,-0.652,0,
C-B-1,3,0.15874,22.8963,16.2044,2596,-30.7,45.300000000000004,15.0,26,1468,31.7,-43.6,14.1,27,-0.652,0,
C-B-1,3,0.15974,22.7812,16.2181,2593,-31.2,44.400000000000006,15.0,26,1470,32.2,-42.7,14.1,27,-0.69,0,
C-B-1,3,0.16074,22.7045,16.2272,2591,-31.2,44.400000000000006,15.0,26,1474,32.2,-42.7,14.1,27,-0.614,0,
C-B-1,3,0.16174,22.6662,16.2317,2590,-30.7,45.300000000000004,15.0,26,1476,32.2,-42.7,14.1,27,-0.575,0,
C-B-1,3,0.16274,22.5895,16.2408,2588,-30.7,45.300000000000004,15.0,26,1479,33.21,-40.900000000000006,14.1,27,-0.537,0,
C-B-1,3,0.16374,22.4744,16.2543,2585,-31.7,43.6,15.0,26,1482,33.71,-40.1,14.1,27,-0.537,0,
C-B-1,3,0.16475,22.3977,16.2633,2583,-31.7,43.6,15.0,26,1484,33.71,-40.1,14.1,27,-0.537,0,
C-B-1,3,0.16574,22.2827,16.2767,2580,-31.7,43.6,15.0,26,1485,33.21,-40.900000000000006,14.1,27,-0.614,0,
C-B-1,3,0.16675,22.1676,16.2901,2577,-32.2,42.7,15.0,26,1488,34.22,-39.2,14.1,27,-0.614,0,
C-B-1,3,0.16775,22.0909,16.299,2575,-32.71,41.800000000000004,15.0,26,1490,34.22,-39.2,14.1,27,-0.614,0,
C-B-1,3,0.16875,21.9759,16.3122,2572,-33.21,40.900000000000006,15.0,26,1493,34.72,-38.300000000000004,14.1,27,-0.614,0,
C-B-1,3,0.16975,21.8991,16.321,2570,-33.21,40.900000000000006,15.0,26,1497,35.22,-37.4,13.5,27,-0.537,0,
C-B-1,3,0.17075,21.8608,16.3254,2569,-32.71,41.800000000000004,13.6,26,1499,34.72,-38.300000000000004,13.5,27,-0.499,0,
C-B-1,3,0.17175,21.7457,16.3385,2566,-33.21,40.900000000000006,13.6,26,1502,35.73,-36.6,13.5,27,-0.499,0,
C-B-1,3,0.17275,21.669,16.3472,2564,-33.21,40.900000000000006,13.6,26,1505,35.73,-36.6,13.5,27,-0.46,0,
C-B-1,3,0.17375,21.554,16.3603,2561,-33.71,40.1,13.6,26,1507,35.73,-36.6,13.5,27,-0.499,0,
C-B-1,3,0.17475,21.4006,16.3775,2557,-33.71,40.1,13.6,26,1508,35.22,-37.4,13.5,27,-0.614,0,
C-B-1,3,0.17575,21.3239,16.3861,2555,-33.71,40.1,13.6,26,1511,35.73,-36.6,13.5,27,-0.575,0,
C-B-1,3,0.17675,21.2472,16.3946,2553,-33.71,40.1,13.6,26,1514,36.73,-34.800000000000004,13.5,27,-0.537,0,
C-B-1,3,0.17775,21.1321,16.4074,2550,-34.22,39.2,13.6,26,1516,36.23,-35.7,13.5,27,-0.575,0,
C-B-1,3,0.17875,21.017,16.4201,2547,-34.72,38.300000000000004,13.6,26,1520,35.73,-36.6,13.5,27,-0.537,0,
C-B-1,3,0.17975,20.9787,16.4243,2546,-34.22,39.2,13.6,26,1523,36.23,-35.7,13.5,27,-0.46,0,
C-B-1,3,0.18075,20.8636,16.4369,2543,-34.72,38.300000000000004,13.6,26,1525,36.73,-34.800000000000004,13.5,27,-0.499,0,
C-B-1,3,0.18175,20.7869,16.4453,2541,-35.22,37.4,13.6,26,1528,36.73,-34.800000000000004,13.5,27,-0.46,0,
C-B-1,3,0.18275,20.6719,16.4578,2538,-35.73,36.6,13.6,26,1530,36.23,-35.7,13.5,27,-0.499,0,
C-B-1,3,0.18375,20.5185,16.4744,2534,-35.22,37.4,13.6,26,1532,36.23,-35.7,13.5,27,-0.575,0,
C-B-1,3,0.18475,20.4034,16.4867,2531,-35.73,36.6,13.6,26,1536,36.73,-34.800000000000004,13.5,27,-0.537,0,
C-B-1,3,0.18575,20.3267,16.4949,2529,-35.73,36.6,13.6,26,1538,37.24,-33.9,13.5,27,-0.537,0,
C-B-1,3,0.18675,20.25,16.5031,2527,-35.73,36.6,13.6,26,1541,37.24,-33.9,13.5,27,-0.499,0,
C-B-1,3,0.18775,20.1349,16.5153,2524,-36.23,35.7,13.6,26,1544,37.74,-33.1,13.5,27,-0.499,0,
C-B-1,3,0.18875,20.0582,16.5234,2522,-35.73,36.6,13.6,26,1545,37.24,-33.9,13.5,27,-0.537,0,
C-B-1,3,0.18975,19.9432,16.5354,2519,-36.23,35.7,13.6,26,1548,37.24,-33.9,13.5,27,-0.537,0,
C-B-1,3,0.19075,19.8665,16.5435,2517,-36.73,34.800000000000004,13.6,26,1551,38.24,-32.2,13.5,27,-0.499,0,
C-B-1,3,0.19175,19.7514,16.5554,2514,-37.24,33.9,13.6,26,1553,38.24,-32.2,13.5,27,-0.537,0,
C-B-1,3,0.19275,19.598,16.5713,2510,-36.73,34.800000000000004,13.6,26,1557,37.24,-33.9,13.5,27,-0.537,0,
C-B-1,3,0.19375,19.483,16.5831,2507,-36.73,34.800000000000004,13.6,26,1560,37.74,-33.1,13.5,27,-0.537,0,
C-B-1,3,0.19475,19.4062,16.5909,2505,-37.74,33.1,13.6,26,1563,38.75,-31.3,13.5,27,-0.499,0,
C-B-1,3,0.19575,19.2912,16.6026,2502,-37.74,33.1,13.6,26,1566,38.75,-31.3,13.5,27,-0.499,0,
C-B-1,3,0.19675,19.1761,16.6143,2499,-38.24,32.2,13.6,26,1569,39.25,-30.400000000000002,13.5,27,-0.499,0,
C-B-1,3,0.19775,19.1378,16.6181,2498,-37.24,33.9,13.6,26,1570,38.24,-32.2,13.5,27,-0.499,0,
C-B-1,3,0.19875,18.9844,16.6335,2494,-37.74,33.1,13.6,26,1573,38.75,-31.3,13.5,27,-0.537,0,
C-B-1,3,0.19975,18.9077,16.6412,2492,-38.24,32.2,13.6,26,1576,39.25,-30.400000000000002,13.5,27,-0.499,0,
C-B-1,3,0.20075,18.7926,16.6526,2489,-38.24,32.2,13.6,26,1578,39.25,-30.400000000000002,13.5,27,-0.537,0,
C-B-1,3,0.20175,18.6776,16.6639,2486,-38.75,31.3,13.6,26,1583,38.75,-31.3,13.5,27,-0.46,0,
C-B-1,3,0.20275,18.6392,16.6677,2485,-37.74,33.1,13.6,26,1586,39.25,-30.400000000000002,13.5,27,-0.384,0,
C-B-1,3,0.20375,18.5625,16.6752,2483,-37.74,33.1,13.6,26,1588,39.75,-29.6,13.5,27,-0.384,0,
C-B-1,3,0.20475,18.4474,16.6864,2480,-38.24,32.2,13.6,26,1590,39.25,-30.400000000000002,13.5,27,-0.422,0,
C-B-1,3,0.20575,18.3324,16.6976,2477,-38.75,31.3,13.6,26,1594,39.75,-29.6,13.5,27,-0.384,0,
C-B-1,3,0.20675,18.179,16.7123,2473,-38.24,32.2,13.6,26,1595,39.25,-30.400000000000002,13.5,27,-0.499,0,
C-B-1,3,0.20775,18.1023,16.7197,2471,-37.74,33.1,13.6,26,1597,38.75,-31.3,13.5,27,-0.499,0,
C-B-1,3,0.20876,17.9872,16.7306,2468,-38.75,31.3,13.6,26,1600,39.75,-29.6,13.5,27,-0.499,0,
C-B-1,3,0.20975,17.8722,16.7415,2465,-38.75,31.3,13.6,26,1603,39.75,-29.6,13.5,27,-0.499,0,
C-B-1,3,0.21076,17.7955,16.7487,2463,-38.75,31.3,13.6,26,1607,39.25,-30.400000000000002,13.5,27,-0.422,0,
C-B-1,3,0.21176,17.7188,16.7559,2461,-38.24,32.2,13.6,26,1610,39.75,-29.6,13.5,27,-0.384,0,
C-B-1,3,0.21276,17.642,16.763,2459,-37.74,33.1,13.6,26,1612,39.75,-29.6,13.5,27,-0.384,0,
C-B-1,3,0.21376,17.527,16.7737,2456,-38.75,31.3,13.6,26,1615,39.75,-29.6,13.5,27,-0.384,0,
C-B-1,3,0.21476,17.4503,16.7808,2454,-38.24,32.2,13.6,26,1618,40.26,-28.700000000000003,13.5,27,-0.345,0,
C-B-1,3,0.21573,17.2585,16.7983,2449,-38.75,31.3,13.6,26,1619,39.25,-30.400000000000002,13.5,27,-0.499,0,
C-B-1,3,0.21673,17.1818,16.8053,2447,-38.24,32.2,13.6,26,1622,39.25,-30.400000000000002,13.5,27,-0.46,0,
C-B-1,3,0.21773,17.0668,16.8157,2444,-38.75,31.3,13.6,26,1625,40.26,-28.700000000000003,13.5,27,-0.46,0,
C-B-1,3,0.21874,16.9517,16.826,2441,-38.75,31.3,13.6,26,1627,39.75,-29.6,13.5,27,-0.499,0,
C-B-1,3,0.21973,16.875,16.8329,2439,-38.75,31.3,13.6,26,1631,39.25,-30.400000000000002,13.5,27,-0.422,0,
C-B-1,3,0.22073,16.7983,16.8397,2437,-38.24,32.2,13.6,26,1634,39.25,-30.400000000000002,13.5,27,-0.384,0,
C-B-1,3,0.22173,16.7216,16.8465,2435,-38.24,32.2,13.6,26,1637,40.26,-28.700000000000003,13.5,27,-0.345,0,
C-B-1,3,0.22273,16.6065,16.8566,2432,-38.75,31.3,13.6,26,1639,39.75,-29.6,13.5,27,-0.384,0,
C-B-1,3,0.22373,16.4531,16.87,2428,-38.75,31.3,13.6,26,1641,39.25,-30.400000000000002,13.5,27,-0.46,0,
C-B-1,3,0.22473,16.2997,16.8833,2424,-38.24,32.2,13.6,26,1643,38.75,-31.3,13.5,27,-0.537,0,
C-B-1,3,0.22573,16.1847,16.8932,2421,-38.24,32.2,13.6,26,1646,38.75,-31.3,13.5,27,-0.537,0,
C-B-1,3,0.22673,16.108,16.8997,2419,-38.75,31.3,13.6,26,1649,39.75,-29.6,13.5,27,-0.499,0,
C-B-1,3,0.22773,15.9929,16.9095,2416,-38.75,31.3,13.6,26,1651,39.25,-30.400000000000002,13.5,27,-0.537,0,
C-B-1,3,0.22873,15.8778,16.9192,2413,-39.25,30.400000000000002,13.6,27,1654,39.25,-30.400000000000002,13.5,27,-0.537,0,
C-B-1,3,0.22973,15.8395,16.9224,2412,-38.24,32.2,13.6,27,1656,39.25,-30.400000000000002,13.5,27,-0.499,0,
C-B-1,3,0.23073,15.7244,16.932,2409,-38.24,32.2,13.6,27,1658,38.75,-31.3,13.5,27,-0.537,0,
C-B-1,3,0.23173,15.6094,16.9416,2406,-39.25,30.400000000000002,13.6,27,1661,39.25,-30.400000000000002,13.5,27,-0.537,0,
C-B-1,3,0.23273,15.4943,16.951,2403,-39.75,29.6,13.6,27,1664,39.25,-30.400000000000002,13.5,27,-0.537,0,
C-B-1,3,0.23373,15.3409,16.9635,2399,-38.75,31.3,13.6,27,1668,39.25,-30.400000000000002,13.5,27,-0.537,0,
C-B-1,3,0.23473,15.2642,16.9698,2397,-38.24,32.2,13.6,27,1671,38.75,-31.3,13.5,27,-0.499,0,
C-B-1,3,0.23573,15.1491,16.979,2394,-39.25,30.400000000000002,13.6,27,1674,39.75,-29.6,13.5,27,-0.499,0,
C-B-1,3,0.23674,15.0341,16.9882,2391,-39.75,29.6,13.6,27,1677,40.26,-28.700000000000003,13.5,27,-0.499,0,
C-B-1,3,0.23774,14.9574,16.9943,2389,-39.25,30.400000000000002,13.6,27,1679,39.75,-29.6,13.5,27,-0.499,0,
C-B-1,3,0.23874,14.8807,17.0004,2387,-38.75,31.3,13.6,27,1680,38.75,-31.3,13.5,27,-0.537,0,
C-B-1,3,0.23974,14.7656,17.0094,2384,-39.25,30.400000000000002,13.6,27,1683,38.75,-31.3,13.5,27,-0.537,0,
C-B-1,3,0.24074,14.6506,17.0184,2381,-39.75,29.6,13.6,27,1686,39.75,-29.6,13.5,27,-0.537,0,
C-B-1,3,0.24174,14.5739,17.0243,2379,-39.75,29.6,13.6,27,1689,39.75,-29.6,13.5,27,-0.499,0,
C-B-1,3,0.24274,14.4588,17.0332,2376,-39.25,30.400000000000002,13.6,27,1692,38.75,-31.3,13.5,27,-0.499,0,
C-B-1,3,0.24374,14.4205,17.0361,2375,-39.25,30.400000000000002,13.6,27,1695,38.75,-31.3,13.5,27,-0.422,0,
C-B-1,3,0.24474,14.3054,17.0449,2372,-39.25,30.400000000000002,13.6,27,1698,39.75,-29.6,13.5,27,-0.422,0,
C-B-1,3,0.24574,14.2287,17.0507,2370,-39.75,29.6,13.6,27,1701,39.75,-29.6,13.5,27,-0.384,0,
C-B-1,3,0.24674,14.1136,17.0593,2367,-39.25,30.400000000000002,13.6,27,1703,39.25,-30.400000000000002,13.5,27,-0.422,0,
C-B-1,3,0.24774,13.9602,17.0708,2363,-38.75,31.3,13.6,27,1705,39.25,-30.400000000000002,13.5,27,-0.499,0,
C-B-1,3,0.24874,13.8835,17.0764,2361,-38.75,31.3,13.6,27,1707,38.75,-31.3,13.5,27,-0.499,0,
C-B-1,3,0.24974,13.7685,17.0849,2358,-39.25,30.400000000000002,13.6,27,1710,39.75,-29.6,13.5,27,-0.499,0,
C-B-1,3,0.25074,13.6534,17.0932,2355,-39.75,29.6,13.6,27,1712,39.25,-30.400000000000002,13.5,27,-0.537,0,
C-B-1,3,0.25174,13.5767,17.0988,2353,-39.25,30.400000000000002,13.6,27,1716,38.75,-31.3,13.5,27,-0.46,0,
C-B-1,3,0.25274,13.5,17.1043,2351,-38.75,31.3,13.6,27,1719,39.25,-30.400000000000002,13.5,27,-0.422,0,
C-B-1,3,0.25374,13.4233,17.1098,2349,-38.24,32.2,13.6,27,1722,39.75,-29.6,13.5,27,-0.384,0,
C-B-1,3,0.25474,13.3082,17.1179,2346,-39.25,30.400000000000002,13.6,27,1724,39.25,-30.400000000000002,13.5,27,-0.422,0,
C-B-1,3,0.25574,13.1932,17.126,2343,-39.25,30.400000000000002,13.6,27,1728,39.25,-30.400000000000002,13.5,27,-0.384,0,
C-B-1,3,0.25674,13.0781,17.1341,2340,-38.24,32.2,13.6,27,1729,38.75,-31.3,13.5,27,-0.46,0,
C-B-1,3,0.25774,12.9247,17.1447,2336,-38.75,31.3,13.6,27,1732,38.75,-31.3,13.5,27,-0.499,0,
C-B-1,3,0.25874,12.848,17.1499,2334,-39.25,30.400000000000002,13.6,27,1734,38.75,-31.3,13.5,27,-0.499,0,
C-B-1,3,0.25974,12.7713,17.1551,2332,-38.75,31.3,13.6,27,1737,39.25,-30.400000000000002,13.5,27,-0.46,0,
C-B-1,3,0.26074,12.6562,17.1629,2329,-38.75,31.3,13.6,27,1741,38.24,-32.2,13.5,27,-0.422,0,
C-B-1,3,0.26174,12.5795,17.168,2327,-38.24,32.2,13.6,27,1744,38.24,-32.2,13.5,27,-0.384,0,
C-B-1,3,0.26274,12.4645,17.1757,2324,-38.75,31.3,13.6,27,1746,38.75,-31.3,13.5,27,-0.422,0,
C-B-1,3,0.26374,12.3878,17.1808,2322,-38.75,31.3,13.6,27,1748,38.24,-32.2,13.5,27,-0.422,0,
C-B-1,3,0.26474,12.2727,17.1883,2319,-39.25,30.400000000000002,13.6,27,1751,38.24,-32.2,13.5,27,-0.422,0,
C-B-1,3,0.26574,12.1193,17.1983,2315,-38.24,32.2,13.6,27,1753,37.74,-33.1,13.5,27,-0.499,0,
C-B-1,3,0.26674,12.0043,17.2056,2312,-38.75,31.3,13.6,27,1755,37.74,-33.1,13.5,27,-0.537,0,
C-B-1,3,0.26774,11.9276,17.2105,2310,-38.75,31.3,13.6,27,1758,38.75,-31.3,13.5,27,-0.499,0,
C-B-1,3,0.26875,11.8125,17.2178,2307,-38.75,31.3,13.6,27,1761,38.75,-31.3,13.5,27,-0.499,0,
C-B-1,3,0.26975,11.7358,17.2226,2305,-38.24,32.2,13.6,27,1763,37.24,-33.9,13.5,27,-0.499,0,
C-B-1,3,0.27074,11.6974,17.225,2304,-37.74,33.1,13.6,27,1764,37.74,-33.1,13.5,27,-0.499,0,
C-B-1,3,0.27174,11.5824,17.2321,2301,-37.74,33.1,13.6,27,1767,38.75,-31.3,13.5,27,-0.499,0,
C-B-1,3,0.27274,11.4673,17.2392,2298,-38.75,31.3,13.6,27,1770,38.24,-32.2,13.5,27,-0.499,0,
C-B-1,3,0.27374,11.3906,17.2438,2296,-38.24,32.2,13.6,27,1772,38.24,-32.2,13.5,27,-0.499,0,
C-B-1,3,0.27474,11.1989,17.2554,2291,-38.24,32.2,13.6,27,1776,37.24,-33.9,13.5,27,-0.537,0,
C-B-1,3,0.27574,11.1222,17.2599,2289,-38.24,32.2,13.6,27,1779,37.74,-33.1,13.5,27,-0.499,0,
C-B-1,3,0.27674,11.0071,17.2667,2286,-38.75,31.3,13.6,27,1782,38.24,-32.2,13.5,27,-0.499,0,
C-B-1,3,0.27774,10.9304,17.2712,2284,-38.75,31.3,13.6,27,1784,38.24,-32.2,13.5,27,-0.499,0,
C-B-1,3,0.27874,10.8153,17.2779,2281,-38.75,31.3,13.6,27,1787,38.24,-32.2,13.5,27,-0.499,0,
C-B-1,3,0.27974,10.777,17.2801,2280,-37.74,33.1,13.6,27,1788,37.74,-33.1,13.5,27,-0.499,0,
C-B-1,3,0.28074,10.6619,17.2866,2277,-38.24,32.2,13.6,27,1790,37.24,-33.9,13.5,27,-0.537,0,
C-B-1,3,0.28174,10.5852,17.291,2275,-38.24,32.2,13.6,27,1794,38.24,-32.2,13.5,27,-0.46,0,
C-B-1,3,0.28274,10.4702,17.2974,2272,-38.75,31.3,13.6,27,1796,37.74,-33.1,13.5,27,-0.499,0,
C-B-1,3,0.28374,10.3168,17.3059,2268,-37.74,33.1,13.6,27,1800,37.24,-33.9,13.5,27,-0.499,0,
C-B-1,3,0.28474,10.2401,17.3101,2266,-37.74,33.1,13.6,27,1802,36.73,-34.800000000000004,13.5,27,-0.499,0,
C-B-1,3,0.28574,10.125,17.3164,2263,-38.75,31.3,13.6,27,1805,37.74,-33.1,13.5,27,-0.499,0,
C-B-1,3,0.28675,10.0483,17.3205,2261,-37.74,33.1,14.3,27,1807,37.24,-33.9,14.1,27,-0.499,0,
C-B-1,3,0.28774,9.9332,17.3266,2258,-38.24,32.2,14.3,27,1810,37.74,-33.1,14.1,27,-0.499,0,
C-B-1,3,0.28875,9.8949,17.3286,2257,-37.74,33.1,14.3,27,1811,36.73,-34.800000000000004,14.1,27,-0.499,0,
C-B-1,3,0.28975,9.8182,17.3327,2255,-37.24,33.9,14.3,27,1813,36.73,-34.800000000000004,14.1,27,-0.499,0,
C-B-1,3,0.29074,9.7031,17.3387,2252,-37.74,33.1,14.3,27,1816,37.24,-33.9,14.1,27,-0.499,0,
C-B-1,3,0.29174,9.6264,17.3426,2250,-37.24,33.9,14.3,27,1818,36.73,-34.800000000000004,14.1,27,-0.499,0,
C-B-1,3,0.29274,9.5114,17.3485,2247,-37.74,33.1,14.3,27,1822,36.73,-34.800000000000004,14.1,27,-0.46,0,
C-B-1,3,0.29374,9.473,17.3504,2246,-36.73,34.800000000000004,14.3,27,1825,36.73,-34.800000000000004,14.1,27,-0.384,0,
C-B-1,3,0.29476,9.3963,17.3543,2244,-36.73,34.800000000000004,14.3,27,1827,36.73,-34.800000000000004,14.1,27,-0.384,0,
C-B-1,3,0.29574,9.2812,17.36,2241,-37.24,33.9,14.3,27,1830,37.24,-33.9,14.1,27,-0.384,0,
C-B-1,3,0.29675,9.1278,17.3676,2237,-37.24,33.9,14.3,27,1832,36.73,-34.800000000000004,14.1,27,-0.46,0,
C-B-1,3,0.29775,8.9744,17.375,2233,-36.73,34.800000000000004,14.3,27,1834,36.23,-35.7,14.1,27,-0.537,0,
C-B-1,3,0.29875,8.8977,17.3786,2231,-36.73,34.800000000000004,14.3,27,1836,36.23,-35.7,14.1,27,-0.537,0,
C-B-1,3,0.29975,8.7827,17.3841,2228,-37.74,33.1,14.3,27,1839,37.24,-33.9,14.1,27,-0.537,0,
C-B-1,3,0.30075,8.706,17.3876,2226,-37.24,33.9,14.3,27,1841,36.73,-34.800000000000004,14.1,27,-0.537,0,
C-B-1,3,0.30175,8.6293,17.3912,2224,-36.73,34.800000000000004,14.3,27,1845,36.23,-35.7,14.1,27,-0.46,0,
C-B-1,3,0.30275,8.5526,17.3947,2222,-36.73,34.800000000000004,14.3,27,1847,35.73,-36.6,14.1,27,-0.46,0,
C-B-1,3,0.30375,8.4375,17.3999,2219,-36.73,34.800000000000004,14.3,27,1850,36.73,-34.800000000000004,14.1,27,-0.46,0,
C-B-1,3,0.30475,8.3608,17.4034,2217,-36.73,34.800000000000004,14.3,27,1852,36.23,-35.7,14.1,27,-0.46,0,
C-B-1,3,0.30575,8.2457,17.4085,2214,-37.24,33.9,14.3,27,1855,36.23,-35.7,14.1,27,-0.46,0,
C-B-1,3,0.30675,8.0923,17.4152,2210,-36.73,34.800000000000004,14.3,27,1856,35.73,-36.6,14.1,27,-0.575,0,
C-B-1,3,0.30775,8.0156,17.4185,2208,-36.23,35.7,14.3,27,1859,35.73,-36.6,14.1,27,-0.537,0,
C-B-1,3,0.30875,7.9006,17.4233,2205,-37.24,33.9,14.3,27,1861,36.23,-35.7,14.1,27,-0.575,0,
C-B-1,3,0.30975,7.8239,17.4266,2203,-36.73,34.800000000000004,14.3,27,1864,36.73,-34.800000000000004,14.1,27,-0.537,0,
C-B-1,3,0.31075,7.7472,17.4298,2201,-36.73,34.800000000000004,14.3,27,1868,36.23,-35.7,14.1,27,-0.46,0,
C-B-1,3,0.31175,7.6705,17.4329,2199,-36.23,35.7,14.3,27,1870,35.73,-36.6,14.1,27,-0.46,0,
C-B-1,3,0.31275,7.5938,17.436,2197,-36.23,35.7,14.3,27,1872,36.23,-35.7,14.1,27,-0.46,0,
C-B-1,3,0.31375,7.4787,17.4407,2194,-36.73,34.800000000000004,14.3,27,1875,36.73,-34.800000000000004,14.1,27,-0.46,0,
C-B-1,3,0.31475,7.3636,17.4452,2191,-37.24,33.9,14.3,27,1878,36.73,-34.800000000000004,14.1,27,-0.46,0,
C-B-1,3,0.31575,7.2486,17.4497,2188,-36.23,35.7,14.3,27,1879,36.23,-35.7,14.1,27,-0.537,0,
C-B-1,3,0.31675,7.1335,17.4542,2185,-36.23,35.7,14.3,27,1882,36.23,-35.7,14.1,27,-0.537,0,
C-B-1,3,0.31775,7.0568,17.4571,2183,-36.73,34.800000000000004,14.3,27,1884,36.73,-34.800000000000004,14.1,27,-0.537,0,
C-B-1,3,0.31875,6.9418,17.4614,2180,-37.24,33.9,14.3,27,1887,37.24,-33.9,14.1,27,-0.537,0,
C-B-1,3,0.31975,6.8651,17.4642,2178,-36.73,34.800000000000004,14.3,27,1889,36.73,-34.800000000000004,14.1,27,-0.537,0,
C-B-1,3,0.32075,6.7884,17.467,2176,-36.73,34.800000000000004,14.3,27,1891,36.73,-34.800000000000004,14.1,27,-0.537,0,
C-B-1,3,0.32175,6.7116,17.4698,2174,-36.23,35.7,14.3,27,1893,36.23,-35.7,14.1,27,-0.537,0,
C-B-1,3,0.32275,6.5966,17.4739,2171,-37.24,33.9,14.3,27,1895,36.73,-34.800000000000004,14.1,27,-0.575,0,
C-B-1,3,0.32375,6.5199,17.4765,2169,-37.24,33.9,14.3,27,1898,36.73,-34.800000000000004,14.1,27,-0.537,0,
C-B-1,3,0.32475,6.3665,17.4818,2165,-36.23,35.7,14.3,27,1902,36.23,-35.7,14.1,27,-0.537,0,
C-B-1,3,0.32575,6.2898,17.4844,2163,-36.23,35.7,14.3,27,1904,36.23,-35.7,14.1,27,-0.537,0,
C-B-1,3,0.32675,6.1747,17.4883,2160,-36.73,34.800000000000004,14.3,27,1906,36.23,-35.7,14.1,27,-0.575,0,
C-B-1,3,0.32775,6.0597,17.492,2157,-37.24,33.9,14.3,27,1909,36.73,-34.800000000000004,14.1,27,-0.575,0,
C-B-1,3,0.32875,5.983,17.4945,2155,-36.73,34.800000000000004,14.3,27,1912,36.73,-34.800000000000004,14.1,27,-0.537,0,
C-B-1,3,0.32975,5.9446,17.4957,2154,-36.23,35.7,14.3,27,1913,36.23,-35.7,14.1,27,-0.537,0,
C-B-1,3,0.33075,5.8679,17.4981,2152,-36.23,35.7,14.3,27,1915,35.73,-36.6,14.1,27,-0.537,0,
C-B-1,3,0.33175,5.7912,17.5005,2150,-36.23,35.7,14.3,27,1917,36.23,-35.7,14.1,27,-0.537,0,
C-B-1,3,0.33275,5.6761,17.5041,2147,-36.23,35.7,14.3,27,1920,36.73,-34.800000000000004,14.1,27,-0.537,0,
C-B-1,3,0.33375,5.5994,17.5064,2145,-36.23,35.7,14.3,27,1924,36.23,-35.7,14.1,27,-0.46,0,
C-B-1,3,0.33475,5.5227,17.5087,2143,-35.73,36.6,14.3,27,1926,35.73,-36.6,14.1,27,-0.46,0,
C-B-1,3,0.33575,5.446,17.5109,2141,-35.73,36.6,14.3,27,1928,36.23,-35.7,14.1,27,-0.46,0,
C-B-1,3,0.33675,5.331,17.5142,2138,-36.23,35.7,14.3,27,1931,36.23,-35.7,14.1,27,-0.46,0,
C-B-1,3,0.33775,5.2543,17.5164,2136,-36.23,35.7,14.3,27,1933,36.23,-35.7,14.1,27,-0.46,0,
C-B-1,3,0.33875,5.1009,17.5206,2132,-35.73,36.6,14.3,27,1935,35.73,-36.6,14.1,27,-0.537,0,
C-B-1,3,0.33975,5.0241,17.5227,2130,-35.73,36.6,14.3,27,1937,35.73,-36.6,14.1,27,-0.537,0,
C-B-1,3,0.34075,4.9091,17.5258,2127,-36.23,35.7,14.3,27,1939,35.73,-36.6,14.1,27,-0.575,0,
C-B-1,3,0.34176,4.8324,17.5278,2125,-36.23,35.7,14.3,27,1942,36.23,-35.7,14.1,27,-0.537,0,
C-B-1,3,0.34275,4.7173,17.5307,2122,-36.23,35.7,14.3,27,1946,35.73,-36.6,14.1,27,-0.499,0,
C-B-1,3,0.34375,4.679,17.5317,2121,-35.22,37.4,14.3,27,1948,35.22,-37.4,14.1,27,-0.46,0,
C-B-1,3,0.34475,4.6023,17.5336,2119,-35.22,37.4,14.3,27,1950,35.73,-36.6,14.1,27,-0.46,0,
C-B-1,3,0.34575,4.4872,17.5364,2116,-36.23,35.7,14.3,27,1953,35.73,-36.6,14.1,27,-0.46,0,
C-B-1,3,0.34676,4.3722,17.5391,2113,-36.23,35.7,14.3,27,1955,35.73,-36.6,14.1,27,-0.499,0,
C-B-1,3,0.34776,4.2571,17.5418,2110,-35.73,36.6,14.3,27,1957,35.22,-37.4,14.1,27,-0.537,0,
C-B-1,3,0.34876,4.1804,17.5435,2108,-35.73,36.6,14.3,27,1959,35.22,-37.4,14.1,27,-0.537,0,
C-B-1,3,0.34976,4.0653,17.5461,2105,-36.23,35.7,14.3,27,1962,35.73,-36.6,14.1,27,-0.537,0,
C-B-1,3,0.35076,3.9886,17.5477,2103,-36.23,35.7,14.3,27,1964,35.73,-36.6,14.1,27,-0.537,0,
C-B-1,3,0.35176,3.8736,17.5501,2100,-36.23,35.7,14.3,27,1968,35.22,-37.4,14.1,27,-0.499,0,
C-B-1,3,0.35276,3.8352,17.5509,2099,-35.73,36.6,14.3,27,1970,35.22,-37.4,14.1,27,-0.46,0,
C-B-1,3,0.35376,3.7585,17.5525,2097,-35.73,36.6,14.3,27,1973,35.73,-36.6,14.1,27,-0.422,0,
C-B-1,3,0.35476,3.6435,17.5548,2094,-36.23,35.7,14.3,27,1975,35.73,-36.6,14.1,27,-0.46,0,
C-B-1,3,0.35576,3.5668,17.5562,2092,-36.23,35.7,14.3,27,1978,36.23,-35.7,14.1,27,-0.422,0,
C-B-1,3,0.35676,3.4134,17.5591,2088,-35.22,37.4,14.3,27,1979,35.22,-37.4,14.1,27,-0.537,0,
C-B-1,3,0.35776,3.2983,17.5612,2085,-35.73,36.6,14.3,27,1982,35.22,-37.4,14.1,27,-0.537,0,
C-B-1,3,0.35876,3.1832,17.5632,2082,-36.73,34.800000000000004,14.3,27,1985,35.73,-36.6,14.1,27,-0.537,0,
C-B-1,3,0.35976,3.1065,17.5645,2080,-36.73,34.800000000000004,14.3,27,1987,35.73,-36.6,14.1,27,-0.537,0,
C-B-1,3,0.36076,3.0298,17.5657,2078,-36.73,34.800000000000004,14.3,27,1990,36.23,-35.7,14.1,27,-0.499,0,
C-B-1,3,0.36176,2.9531,17.567,2076,-36.23,35.7,14.3,27,1992,35.73,-36.6,14.1,27,-0.499,0,
C-B-1,3,0.36276,2.8764,17.5681,2074,-36.23,35.7,14.3,27,1994,35.22,-37.4,14.1,27,-0.499,0,
C-B-1,3,0.36376,2.7614,17.5699,2071,-36.73,34.800000000000004,14.3,27,1997,36.23,-35.7,14.1,27,-0.499,0,
C-B-1,3,0.36476,2.6847,17.571,2069,-36.73,34.800000000000004,14.3,27,1999,36.23,-35.7,14.1,27,-0.499,0,
C-B-1,3,0.36576,2.5312,17.5731,2065,-36.23,35.7,14.3,27,2003,35.73,-36.6,14.1,27,-0.499,0,
C-B-1,3,0.36676,2.4162,17.5747,2062,-36.23,35.7,14.3,27,2006,36.23,-35.7,14.1,27,-0.499,0,
C-B-1,3,0.36776,2.3011,17.5761,2059,-37.24,33.9,14.3,27,2008,36.23,-35.7,14.1,27,-0.537,0,
C-B-1,3,0.36876,2.2244,17.5771,2057,-37.24,33.9,14.3,27,2010,36.23,-35.7,14.1,27,-0.537,0,
C-B-1,3,0.36976,2.1477,17.578,2055,-36.73,34.800000000000004,14.3,27,2013,36.73,-34.800000000000004,14.1,27,-0.499,0,
C-B-1,3,0.37076,2.071,17.5788,2053,-36.73,34.800000000000004,14.3,27,2014,35.73,-36.6,14.1,27,-0.537,0,
C-B-1,3,0.37176,1.9943,17.5797,2051,-36.23,35.7,14.3,27,2016,35.73,-36.6,14.1,27,-0.537,0,
C-B-1,3,0.37276,1.9176,17.5805,2049,-36.73,34.800000000000004,14.3,27,2019,36.23,-35.7,14.1,27,-0.499,0,
C-B-1,3,0.37376,1.8026,17.5816,2046,-37.24,33.9,14.3,27,2022,36.73,-34.800000000000004,14.1,27,-0.499,0,
C-B-1,3,0.37476,1.6491,17.583,2042,-36.23,35.7,14.3,27,2025,35.73,-36.6,14.1,27,-0.537,0,
C-B-1,3,0.37576,1.5724,17.5837,2040,-36.23,35.7,14.3,27,2028,36.23,-35.7,14.1,27,-0.499,0,
C-B-1,3,0.37676,1.4957,17.5843,2038,-36.23,35.7,14.3,27,2030,36.23,-35.7,14.1,27,-0.499,0,
C-B-1,3,0.37776,1.419,17.5849,2036,-36.23,35.7,14.3,27,2033,36.73,-34.800000000000004,14.1,27,-0.46,0,
C-B-1,3,0.37876,1.304,17.5858,2033,-36.23,35.7,14.3,27,2035,36.23,-35.7,14.1,27,-0.499,0,
C-B-1,3,0.37976,1.2273,17.5863,2031,-36.23,35.7,14.3,27,2036,35.73,-36.6,14.1,27,-0.537,0,
C-B-1,3,0.38076,1.1506,17.5868,2029,-35.73,36.6,14.3,27,2039,35.73,-36.6,14.1,27,-0.499,0,
C-B-1,3,0.38176,1.0739,17.5872,2027,-36.23,35.7,14.3,27,2041,36.23,-35.7,14.1,27,-0.499,0,
C-B-1,3,0.38276,0.9588,17.5878,2024,-36.73,34.800000000000004,14.3,27,2044,36.73,-34.800000000000004,14.1,27,-0.499,0,
C-B-1,3,0.38376,0.8821,17.5882,2022,-36.23,35.7,14.3,27,2047,35.73,-36.6,14.1,27,-0.46,0,
C-B-1,3,0.38476,0.8054,17.5886,2020,-36.23,35.7,14.3,27,2050,35.73,-36.6,14.1,27,-0.422,0,
C-B-1,3,0.38576,0.6903,17.589,2017,-36.23,35.7,14.3,27,2053,36.73,-34.800000000000004,14.1,27,-0.422,0,
C-B-1,3,0.38676,0.6136,17.5893,2015,-36.73,34.800000000000004,14.3,27,2055,36.23,-35.7,14.1,27,-0.422,0,
C-B-1,3,0.38776,0.4986,17.5896,2012,-36.73,34.800000000000004,14.3,27,2058,36.73,-34.800000000000004,14.1,27,-0.422,0,
C-B-1,3,0.38876,0.3452,17.59,2008,-36.23,35.7,14.3,27,2059,36.23,-35.7,14.1,27,-0.537,0,
C-B-1,3,0.38976,0.2301,17.5902,2005,-36.73,34.800000000000004,14.3,27,2062,36.23,-35.7,14.1,27,-0.537,0,
C-B-1,3,0.39076,0.1534,17.5902,2003,-36.73,34.800000000000004,14.3,27,2064,36.23,-35.7,14.1,27,-0.537,0,
C-B-1,3,0.39176,0.0767,17.5903,2001,-36.73,34.800000000000004,14.3,27,2067,36.73,-34.800000000000004,14.1,27,-0.499,0,
C-B-1,3,0.39276,-0.0384,17.5903,1998,-36.73,34.800000000000004,14.3,27,2071,36.23,-35.7,14.1,27,-0.46,0,
C-B-1,3,0.39376,-0.1151,17.5903,1996,-36.73,34.800000000000004,14.3,27,2073,35.73,-36.6,14.1,27,-0.46,0,
C-B-1,3,0.39477,-0.1918,17.5902,1994,-36.23,35.7,14.3,27,2075,36.23,-35.7,14.1,27,-0.46,0,
C-B-1,3,0.39576,-0.3068,17.5901,1991,-37.24,33.9,14.3,27,2078,36.23,-35.7,14.1,27,-0.46,0,
C-B-1,3,0.39676,-0.3835,17.5899,1989,-36.73,34.800000000000004,14.3,27,2080,36.23,-35.7,14.1,27,-0.46,0,
C-B-1,3,0.39777,-0.5369,17.5895,1985,-36.23,35.7,14.3,27,2082,36.23,-35.7,14.1,27,-0.537,0,
C-B-1,3,0.39876,-0.6136,17.5893,1983,-36.73,34.800000000000004,14.3,27,2084,35.73,-36.6,14.1,27,-0.537,0,
C-B-1,3,0.39977,-0.6903,17.589,1981,-36.73,34.800000000000004,14.3,27,2087,36.73,-34.800000000000004,14.1,27,-0.499,0,
C-B-1,3,0.40076,-0.767,17.5887,1979,-36.73,34.800000000000004,14.3,27,2089,36.73,-34.800000000000004,14.1,27,-0.499,0,
C-B-1,3,0.40176,-0.8821,17.5882,1976,-37.24,33.9,14.3,27,2093,35.73,-36.6,14.1,27,-0.46,0,
C-B-1,3,0.40277,-0.9205,17.588,1975,-36.23,35.7,14.3,27,2095,35.73,-36.6,14.0,27,-0.422,0,
C-B-1,3,0.40377,-1.0355,17.5874,1972,-36.73,34.800000000000004,14.2,27,2098,36.73,-34.800000000000004,14.0,27,-0.422,0,
C-B-1,3,0.40477,-1.1122,17.587,1970,-36.73,34.800000000000004,14.2,27,2101,36.73,-34.800000000000004,14.0,27,-0.384,0,
C-B-1,3,0.40577,-1.2273,17.5863,1967,-37.24,33.9,14.2,27,2103,36.73,-34.800000000000004,14.0,27,-0.422,0,
C-B-1,3,0.40677,-1.3807,17.5852,1963,-37.24,33.9,14.2,27,2104,35.73,-36.6,14.0,27,-0.537,0,
C-B-1,3,0.40777,-1.4957,17.5843,1960,-37.24,33.9,14.2,27,2107,36.23,-35.7,14.0,27,-0.537,0,
C-B-1,3,0.40877,-1.5724,17.5837,1958,-37.24,33.9,14.2,27,2110,37.24,-33.9,14.0,27,-0.499,0,
C-B-1,3,0.40977,-1.6491,17.583,1956,-37.24,33.9,14.2,27,2112,36.73,-34.800000000000004,14.0,27,-0.499,0,
C-B-1,3,0.41077,-1.7642,17.582,1953,-37.74,33.1,14.2,27,2115,37.24,-33.9,14.0,27,-0.499,0,
C-B-1,3,0.41177,-1.8026,17.5816,1952,-36.73,34.800000000000004,14.2,27,2116,36.23,-35.7,14.0,27,-0.499,0,
C-B-1,3,0.41277,-1.8793,17.5809,1950,-36.73,34.800000000000004,14.2,27,2118,36.23,-35.7,14.0,27,-0.499,0,
C-B-1,3,0.41377,-1.9943,17.5797,1947,-37.24,33.9,14.2,27,2121,37.24,-33.9,14.0,27,-0.499,0,
C-B-1,3,0.41477,-2.071,17.5788,1945,-36.73,34.800000000000004,14.2,27,2123,36.73,-34.800000000000004,14.0,27,-0.499,0,
C-B-1,3,0.41577,-2.2244,17.5771,1941,-36.23,35.7,14.2,27,2127,36.23,-35.7,14.0,27,-0.499,0,
C-B-1,3,0.41677,-2.3395,17.5756,1938,-36.73,34.800000000000004,14.2,27,2129,35.73,-36.6,14.0,27,-0.537,0,
C-B-1,3,0.41777,-2.4162,17.5747,1936,-36.73,34.800000000000004,14.2,27,2131,36.23,-35.7,14.0,27,-0.537,0,
C-B-1,3,0.41877,-2.4929,17.5737,1934,-36.23,35.7,14.2,27,2134,36.23,-35.7,14.0,27,-0.499,0,
C-B-1,3,0.41977,-2.608,17.5721,1931,-36.73,34.800000000000004,14.2,27,2136,36.23,-35.7,14.0,27,-0.537,0,
C-B-1,3,0.42077,-2.6463,17.5716,1930,-36.23,35.7,14.2,27,2138,35.73,-36.6,14.0,27,-0.499,0,
C-B-1,3,0.42177,-2.723,17.5704,1928,-35.73,36.6,14.2,27,2140,35.73,-36.6,14.0,27,-0.499,0,
C-B-1,3,0.42277,-2.8381,17.5687,1925,-36.23,35.7,14.2,27,2142,35.73,-36.6,14.0,27,-0.537,0,
C-B-1,3,0.42377,-2.9148,17.5676,1923,-36.23,35.7,14.2,27,2145,36.23,-35.7,14.0,27,-0.499,0,
C-B-1,3,0.42477,-3.0298,17.5657,1920,-36.23,35.7,14.2,27,2148,35.22,-37.4,14.0,27,-0.499,0,
C-B-1,3,0.42577,-3.0682,17.5651,1919,-35.73,36.6,14.2,27,2151,35.73,-36.6,14.0,27,-0.422,0,
C-B-1,3,0.42677,-3.1832,17.5632,1916,-35.73,36.6,14.2,27,2153,35.73,-36.6,14.0,27,-0.46,0,
C-B-1,3,0.42777,-3.2983,17.5612,1913,-36.73,34.800000000000004,14.2,27,2156,36.23,-35.7,14.0,27,-0.46,0,
C-B-1,3,0.42877,-3.375,17.5598,1911,-36.23,35.7,14.2,27,2158,35.73,-36.6,14.0,27,-0.46,0,
C-B-1,3,0.42977,-3.5668,17.5562,1906,-36.73,34.800000000000004,14.2,27,2159,35.22,-37.4,14.0,27,-0.614,0,
C-B-1,3,0.43077,-3.6435,17.5548,1904,-36.23,35.7,14.2,27,2162,35.22,-37.4,14.0,27,-0.575,0,
C-B-1,3,0.43177,-3.7585,17.5525,1901,-37.24,33.9,14.2,27,2165,36.23,-35.7,14.0,27,-0.575,0,
C-B-1,3,0.43277,-3.8352,17.5509,1899,-36.73,34.800000000000004,14.2,27,2167,36.23,-35.7,14.0,27,-0.575,0,
C-B-1,3,0.43377,-3.9503,17.5485,1896,-37.24,33.9,14.2,27,2171,35.22,-37.4,14.0,27,-0.537,0,
C-B-1,3,0.43477,-3.9886,17.5477,1895,-36.23,35.7,14.2,27,2173,35.22,-37.4,14.0,27,-0.499,0,
C-B-1,3,0.43577,-4.1037,17.5452,1892,-36.73,34.800000000000004,14.2,27,2176,36.23,-35.7,14.0,27,-0.499,0,
C-B-1,3,0.43677,-4.2188,17.5426,1889,-37.24,33.9,14.2,27,2179,36.23,-35.7,14.0,27,-0.499,0,
C-B-1,3,0.43777,-4.2955,17.5409,1887,-36.73,34.800000000000004,14.2,27,2181,35.73,-36.6,14.0,27,-0.499,0,
C-B-1,3,0.43877,-4.4489,17.5373,1883,-36.73,34.800000000000004,14.2,27,2183,35.73,-36.6,14.0,27,-0.575,0,
C-B-1,3,0.43977,-4.5639,17.5345,1880,-36.73,34.800000000000004,14.2,27,2185,35.22,-37.4,14.0,27,-0.614,0,
C-B-1,3,0.44077,-4.6406,17.5326,1878,-37.24,33.9,14.2,27,2188,36.23,-35.7,14.0,27,-0.575,0,
C-B-1,3,0.44177,-4.7173,17.5307,1876,-37.24,33.9,14.2,27,2190,36.23,-35.7,14.0,27,-0.575,0,
C-B-1,3,0.44277,-4.8324,17.5278,1873,-37.24,33.9,14.2,27,2194,35.73,-36.6,14.0,27,-0.537,0,
C-B-1,3,0.44377,-4.9091,17.5258,1871,-37.24,33.9,14.2,27,2197,35.73,-36.6,14.0,27,-0.499,0,
C-B-1,3,0.44477,-4.9858,17.5238,1869,-36.73,34.800000000000004,14.2,27,2198,35.73,-36.6,14.0,27,-0.537,0,
C-B-1,3,0.44577,-5.0625,17.5217,1867,-37.24,33.9,14.2,27,2201,36.23,-35.7,14.0,27,-0.499,0,
C-B-1,3,0.44677,-5.1776,17.5185,1864,-37.24,33.9,14.2,27,2204,36.73,-34.800000000000004,14.0,27,-0.499,0,
C-B-1,3,0.44777,-5.331,17.5142,1860,-37.24,33.9,14.2,27,2205,35.73,-36.6,14.0,27,-0.614,0,
C-B-1,3,0.44877,-5.446,17.5109,1857,-37.24,33.9,14.2,27,2208,36.23,-35.7,14.0,27,-0.614,0,
C-B-1,3,0.44977,-5.5227,17.5087,1855,-37.74,33.1,14.2,27,2211,36.73,-34.800000000000004,14.0,27,-0.575,0,
C-B-1,3,0.45077,-5.5994,17.5064,1853,-37.74,33.1,14.2,27,2213,36.73,-34.800000000000004,14.0,27,-0.575,0,
C-B-1,3,0.45178,-5.7145,17.5029,1850,-37.74,33.1,14.2,27,2215,36.73,-34.800000000000004,14.0,27,-0.614,0,
C-B-1,3,0.45277,-5.7528,17.5017,1849,-37.24,33.9,14.2,27,2217,36.23,-35.7,14.0,27,-0.575,0,
C-B-1,3,0.45378,-5.8679,17.4981,1846,-37.24,33.9,14.2,27,2220,36.73,-34.800000000000004,14.0,27,-0.575,0,
C-B-1,3,0.45478,-5.9446,17.4957,1844,-37.74,33.1,14.2,27,2222,37.24,-33.9,14.0,27,-0.575,0,
C-B-1,3,0.45578,-6.0597,17.492,1841,-37.74,33.1,14.2,27,2224,36.73,-34.800000000000004,14.0,27,-0.614,0,
C-B-1,3,0.45678,-6.2131,17.487,1837,-37.24,33.9,14.2,27,2228,36.23,-35.7,14.0,27,-0.614,0,
C-B-1,3,0.45778,-6.2898,17.4844,1835,-36.73,34.800000000000004,14.2,27,2230,36.23,-35.7,14.0,27,-0.614,0,
C-B-1,3,0.45878,-6.4048,17.4805,1832,-37.24,33.9,14.2,27,2232,36.73,-34.800000000000004,14.0,27,-0.652,0,
C-B-1,3,0.45978,-6.4815,17.4779,1830,-37.24,33.9,14.2,27,2235,36.73,-34.800000000000004,14.0,27,-0.614,0,
C-B-1,3,0.46078,-6.5966,17.4739,1827,-37.24,33.9,14.2,27,2237,36.23,-35.7,14.0,27,-0.652,0,
C-B-1,3,0.46178,-6.6349,17.4725,1826,-36.73,34.800000000000004,14.2,27,2238,35.73,-36.6,14.0,27,-0.652,0,
C-B-1,3,0.46278,-6.7116,17.4698,1824,-36.23,35.7,14.2,27,2241,35.73,-36.6,14.0,27,-0.614,0,
C-B-1,3,0.46378,-6.8267,17.4656,1821,-37.24,33.9,14.2,27,2243,36.23,-35.7,14.0,27,-0.652,0,
C-B-1,3,0.46478,-6.9034,17.4628,1819,-36.73,34.800000000000004,14.2,27,2245,36.23,-35.7,14.0,27,-0.652,0,
C-B-1,3,0.46578,-6.9801,17.4599,1817,-36.23,35.7,14.2,27,2249,35.22,-37.4,14.0,27,-0.575,0,
C-B-1,3,0.46678,-7.0568,17.4571,1815,-36.73,34.800000000000004,14.2,27,2252,35.73,-36.6,14.0,27,-0.537,0,
C-B-1,3,0.46778,-7.1719,17.4527,1812,-36.73,34.800000000000004,14.2,27,2254,35.73,-36.6,14.0,27,-0.575,0,
C-B-1,3,0.46878,-7.2486,17.4497,1810,-36.73,34.800000000000004,14.2,27,2256,35.73,-36.6,14.0,27,-0.575,0,
C-B-1,3,0.46978,-7.3636,17.4452,1807,-36.73,34.800000000000004,14.2,27,2258,35.22,-37.4,14.0,27,-0.614,0,
C-B-1,3,0.47078,-7.4787,17.4407,1804,-36.23,35.7,14.2,27,2260,35.22,-37.4,14.0,27,-0.652,0,
C-B-1,3,0.47178,-7.5938,17.436,1801,-36.23,35.7,14.2,27,2262,34.72,-38.300000000000004,14.0,27,-0.69,0,
C-B-1,3,0.47278,-7.7088,17.4313,1798,-36.73,34.800000000000004,14.2,27,2265,35.73,-36.6,14.0,27,-0.69,0,
C-B-1,3,0.47378,-7.7855,17.4282,1796,-36.73,34.800000000000004,14.2,27,2268,35.73,-36.6,14.0,27,-0.652,0,
C-B-1,3,0.47478,-7.9006,17.4233,1793,-37.24,33.9,14.2,27,2272,35.73,-36.6,14.0,27,-0.614,0,
C-B-1,3,0.47578,-7.9389,17.4217,1792,-36.23,35.7,14.2,27,2274,35.22,-37.4,14.0,27,-0.575,0,
C-B-1,3,0.47678,-8.0156,17.4185,1790,-36.73,34.800000000000004,14.2,27,2276,35.73,-36.6,14.0,27,-0.575,0,
C-B-1,3,0.47778,-8.0923,17.4152,1788,-36.73,34.800000000000004,14.2,27,2279,35.73,-36.6,14.0,27,-0.537,0,
C-B-1,3,0.47878,-8.2074,17.4101,1785,-36.73,34.800000000000004,14.2,27,2281,35.22,-37.4,14.0,27,-0.575,0,
C-B-1,3,0.47978,-8.3608,17.4034,1781,-36.73,34.800000000000004,14.2,27,2282,34.72,-38.300000000000004,14.0,27,-0.69,0,
C-B-1,3,0.48078,-8.4375,17.3999,1779,-36.23,35.7,14.2,27,2285,35.22,-37.4,14.0,27,-0.652,0,
C-B-1,3,0.48178,-8.5526,17.3947,1776,-37.24,33.9,14.2,27,2287,35.22,-37.4,14.0,27,-0.69,0,
C-B-1,3,0.48278,-8.6293,17.3912,1774,-36.73,34.800000000000004,14.2,27,2290,35.22,-37.4,14.0,27,-0.652,0,
C-B-1,3,0.48379,-8.706,17.3876,1772,-36.73,34.800000000000004,14.2,27,2293,34.72,-38.300000000000004,14.0,27,-0.614,0,
C-B-1,3,0.48478,-8.7827,17.3841,1770,-36.23,35.7,14.2,27,2295,34.72,-38.300000000000004,14.0,27,-0.614,0,
C-B-1,3,0.48578,-8.8594,17.3804,1768,-36.23,35.7,14.2,27,2298,35.22,-37.4,14.0,27,-0.575,0,
C-B-1,3,0.48678,-8.9361,17.3768,1766,-36.23,35.7,14.2,27,2300,35.22,-37.4,14.0,27,-0.575,0,
C-B-1,3,0.48778,-9.0511,17.3713,1763,-36.73,34.800000000000004,14.2,27,2303,35.73,-36.6,14.0,27,-0.575,0,
C-B-1,3,0.48878,-9.2045,17.3638,1759,-36.23,35.7,14.2,27,2305,35.22,-37.4,14.0,27,-0.652,0,
C-B-1,3,0.48978,-9.2812,17.36,1757,-35.73,36.6,14.2,27,2307,35.22,-37.4,14.0,27,-0.652,0,
C-B-1,3,0.49078,-9.3963,17.3543,1754,-36.73,34.800000000000004,14.2,27,2309,35.73,-36.6,14.0,27,-0.69,0,
C-B-1,3,0.49178,-9.473,17.3504,1752,-36.73,34.800000000000004,14.2,27,2312,35.73,-36.6,14.0,27,-0.652,0,
C-B-1,3,0.49278,-9.5881,17.3446,1749,-36.73,34.800000000000004,14.2,27,2314,35.22,-37.4,14.0,27,-0.69,0,
C-B-1,3,0.49378,-9.6264,17.3426,1748,-36.23,35.7,14.2,27,2315,35.22,-37.4,14.0,27,-0.69,0,
C-B-1,3,0.49478,-9.7031,17.3387,1746,-36.23,35.7,14.2,27,2318,36.23,-35.7,14.0,27,-0.652,0,
C-B-1,3,0.49578,-9.8182,17.3327,1743,-36.73,34.800000000000004,14.2,27,2321,35.73,-36.6,14.0,27,-0.652,0,
C-B-1,3,0.49678,-9.9332,17.3266,1740,-36.73,34.800000000000004,14.2,27,2323,36.23,-35.7,14.0,27,-0.69,0,
C-B-1,3,0.49778,-10.0483,17.3205,1737,-35.73,36.6,14.2,27,2327,35.73,-36.6,14.0,27,-0.652,0,
C-B-1,3,0.49878,-10.1634,17.3143,1734,-36.23,35.7,14.2,27,2330,36.23,-35.7,14.0,27,-0.652,0,
C-B-1,3,0.49978,-10.2401,17.3101,1732,-36.73,34.800000000000004,14.2,27,2332,36.23,-35.7,14.0,27,-0.652,0,
C-B-1,3,0.50078,-10.3551,17.3038,1729,-36.73,34.800000000000004,14.2,27,2334,36.23,-35.7,14.0,27,-0.69,0,
C-B-1,3,0.50178,-10.3935,17.3017,1728,-36.23,35.7,14.2,27,2336,35.73,-36.6,14.0,27,-0.652,0,
C-B-1,3,0.50278,-10.4702,17.2974,1726,-36.23,35.7,14.2,27,2337,34.72,-38.300000000000004,14.0,27,-0.69,0,
C-B-1,3,0.50378,-10.5469,17.2931,1724,-35.73,36.6,14.2,27,2340,35.22,-37.4,14.0,27,-0.652,0,
C-B-1,3,0.50478,-10.6236,17.2888,1722,-36.23,35.7,14.2,27,2342,35.22,-37.4,14.0,27,-0.652,0,
C-B-1,3,0.50578,-10.7386,17.2823,1719,-36.23,35.7,14.2,27,2345,35.73,-36.6,14.0,27,-0.652,0,
C-B-1,3,0.50679,-10.892,17.2734,1715,-35.73,36.6,14.2,27,2349,35.22,-37.4,14.0,27,-0.652,0,
C-B-1,3,0.50778,-10.9688,17.269,1713,-35.73,36.6,14.2,27,2351,35.22,-37.4,14.0,27,-0.652,0,
C-B-1,3,0.50879,-11.0838,17.2622,1710,-36.23,35.7,14.2,27,2353,35.73,-36.6,14.0,27,-0.69,0,
C-B-1,3,0.50979,-11.1605,17.2577,1708,-36.23,35.7,14.2,27,2355,35.22,-37.4,14.0,27,-0.69,0,
C-B-1,3,0.51079,-11.2756,17.2508,1705,-36.23,35.7,14.2,27,2358,35.73,-36.6,14.0,27,-0.69,0,
C-B-1,3,0.51179,-11.3139,17.2485,1704,-35.73,36.6,14.2,27,2358,34.22,-39.2,14.0,27,-0.729,0,
C-B-1,3,0.51279,-11.3906,17.2438,1702,-35.73,36.6,14.2,27,2362,35.22,-37.4,14.0,27,-0.652,0,
C-B-1,3,0.51379,-11.5057,17.2368,1699,-36.23,35.7,14.2,27,2364,35.73,-36.6,14.0,27,-0.69,0,
C-B-1,3,0.51479,-11.6207,17.2298,1696,-36.73,34.800000000000004,14.2,27,2366,35.73,-36.6,14.0,27,-0.729,0,
C-B-1,3,0.51579,-11.6974,17.225,1694,-36.73,34.800000000000004,14.2,27,2371,35.73,-36.6,14.0,27,-0.614,0,
C-B-1,3,0.51679,-11.7741,17.2202,1692,-36.23,35.7,14.2,27,2373,35.22,-37.4,14.0,27,-0.614,0,
C-B-1,3,0.51779,-11.8509,17.2154,1690,-36.23,35.7,14.2,27,2376,35.73,-36.6,14.0,27,-0.575,0,
C-B-1,3,0.51879,-11.9659,17.2081,1687,-36.73,34.800000000000004,14.2,27,2378,35.73,-36.6,14.0,27,-0.614,0,
C-B-1,3,0.51979,-12.0426,17.2032,1685,-36.73,34.800000000000004,14.1,27,2381,36.23,-35.7,15.2,27,-0.575,0,
C-B-1,3,0.52079,-12.196,17.1933,1681,-36.23,35.7,14.1,27,2382,35.22,-37.4,15.2,27,-0.69,0,
C-B-1,3,0.52179,-12.3111,17.1858,1678,-36.23,35.7,14.1,27,2385,35.73,-36.6,15.2,27,-0.69,0,
C-B-1,3,0.52279,-12.3878,17.1808,1676,-36.73,34.800000000000004,14.1,27,2387,36.23,-35.7,15.2,27,-0.69,0,
C-B-1,3,0.52379,-12.5028,17.1732,1673,-37.24,33.9,14.1,27,2390,36.23,-35.7,15.2,27,-0.69,0,
C-B-1,3,0.52479,-12.5795,17.168,1671,-36.73,34.800000000000004,14.1,27,2393,35.22,-37.4,15.2,27,-0.652,0,
C-B-1,3,0.52579,-12.6562,17.1629,1669,-36.23,35.7,14.1,27,2396,35.22,-37.4,15.2,27,-0.614,0,
C-B-1,3,0.52679,-12.733,17.1577,1667,-36.23,35.7,14.1,27,2398,35.73,-36.6,15.2,27,-0.614,0,
C-B-1,3,0.52779,-12.848,17.1499,1664,-37.24,33.9,14.1,27,2400,35.22,-37.4,15.2,27,-0.652,0,
C-B-1,3,0.52879,-12.9247,17.1447,1662,-36.73,34.800000000000004,14.1,27,2403,35.73,-36.6,15.2,27,-0.614,0,
C-B-1,3,0.52979,-13.0781,17.1341,1658,-36.23,35.7,14.1,27,2405,35.73,-36.6,15.2,27,-0.69,0,
C-B-1,3,0.53079,-13.1548,17.1287,1656,-36.23,35.7,14.1,27,2407,35.73,-36.6,15.2,27,-0.69,0,
C-B-1,3,0.53179,-13.2699,17.1206,1653,-36.73,34.800000000000004,14.1,27,2410,36.73,-34.800000000000004,15.2,27,-0.69,0,
C-B-1,3,0.53279,-13.3466,17.1152,1651,-36.73,34.800000000000004,14.1,27,2412,36.23,-35.7,15.2,27,-0.69,0,
C-B-1,3,0.53379,-13.4616,17.107,1648,-37.24,33.9,14.1,27,2415,35.22,-37.4,15.2,27,-0.69,0,
C-B-1,3,0.53479,-13.5,17.1043,1647,-36.23,35.7,14.1,27,2418,35.73,-36.6,15.2,27,-0.614,0,
C-B-1,3,0.53579,-13.5767,17.0988,1645,-36.23,35.7,14.1,27,2421,36.23,-35.7,15.2,27,-0.575,0,
C-B-1,3,0.53679,-13.6918,17.0905,1642,-36.73,34.800000000000004,14.1,27,2423,36.23,-35.7,15.2,27,-0.614,0,
C-B-1,3,0.53779,-13.7685,17.0849,1640,-36.73,34.800000000000004,14.1,27,2426,36.73,-34.800000000000004,15.2,27,-0.575,0,
C-B-1,3,0.53879,-13.9219,17.0736,1636,-36.23,35.7,14.1,27,2427,36.23,-35.7,15.2,27,-0.69,0,
C-B-1,3,0.53979,-14.0369,17.0651,1633,-36.23,35.7,14.1,27,2430,36.23,-35.7,15.2,27,-0.69,0,
C-B-1,3,0.54079,-14.1136,17.0593,1631,-36.73,34.800000000000004,14.1,27,2432,37.24,-33.9,15.2,27,-0.69,0,
C-B-1,3,0.54179,-14.2287,17.0507,1628,-37.24,33.9,14.1,27,2435,36.73,-34.800000000000004,15.2,27,-0.69,0,
C-B-1,3,0.54279,-14.3054,17.0449,1626,-36.73,34.800000000000004,14.1,27,2437,36.73,-34.800000000000004,15.2,27,-0.69,0,
C-B-1,3,0.54379,-14.3821,17.039,1624,-36.23,35.7,14.1,27,2438,36.23,-35.7,15.2,27,-0.729,0,
C-B-1,3,0.54479,-14.4588,17.0332,1622,-36.23,35.7,14.1,27,2441,36.23,-35.7,15.2,27,-0.69,0,
C-B-1,3,0.54579,-14.5355,17.0273,1620,-36.23,35.7,14.1,27,2443,36.23,-35.7,15.2,27,-0.69,0,
C-B-1,3,0.54679,-14.6122,17.0214,1618,-36.23,35.7,14.1,27,2446,36.73,-34.800000000000004,15.2,27,-0.652,0,
C-B-1,3,0.54779,-14.7656,17.0094,1614,-35.73,36.6,14.1,27,2449,35.73,-36.6,15.2,27,-0.69,0,
C-B-1,3,0.54879,-14.8423,17.0034,1612,-35.22,37.4,14.1,27,2451,35.22,-37.4,15.2,27,-0.69,0,
C-B-1,3,0.54979,-14.9574,16.9943,1609,-36.23,35.7,14.1,27,2454,36.23,-35.7,15.2,27,-0.69,0,
C-B-1,3,0.55093,-15.0341,16.9882,1607,-35.73,36.6,14.1,27,2456,35.73,-36.6,15.2,27,-0.69,0,
C-B-1,3,0.5518,-15.1491,16.979,1604,-36.23,35.7,14.1,27,2460,35.22,-37.4,15.2,27,-0.652,0,
C-B-1,3,0.5528,-15.2259,16.9729,1602,-35.73,36.6,14.1,27,2460,35.22,-37.4,15.2,27,-0.729,0,
C-B-1,3,0.5538,-15.3026,16.9667,1600,-35.73,36.6,14.1,27,2462,35.22,-37.4,15.2,27,-0.729,0,
C-B-1,3,0.5548,-15.3409,16.9635,1599,-35.73,36.6,14.1,27,2464,35.73,-36.6,15.2,27,-0.69,0,
C-B-1,3,0.5558,-15.456,16.9542,1596,-36.23,35.7,14.1,27,2467,35.73,-36.6,15.2,27,-0.69,0,
C-B-1,3,0.5568,-15.5327,16.9479,1594,-35.73,36.6,14.1,27,2470,35.22,-37.4,15.2,27,-0.652,0,
C-B-1,3,0.55779,-15.6861,16.9352,1590,-35.22,37.4,14.1,27,2473,35.22,-37.4,15.2,27,-0.69,0,
C-B-1,3,0.5588,-15.6861,16.9352,1590,-35.22,37.4,14.1,27,2475,35.22,-37.4,15.2,27,-0.614,0,
C-B-1,3,0.55979,-15.8011,16.9256,1587,-36.23,35.7,14.1,27,2477,35.22,-37.4,15.2,27,-0.652,0,
C-B-1,3,0.5608,-15.8778,16.9192,1585,-36.23,35.7,14.1,27,2481,35.73,-36.6,15.2,27,-0.575,0,
C-B-1,3,0.56177,-16.0696,16.903,1580,-36.23,35.7,14.1,27,2482,35.22,-37.4,15.2,27,-0.729,0,
C-B-1,3,0.56277,-16.1463,16.8965,1578,-35.73,36.6,14.1,27,2484,35.22,-37.4,15.2,27,-0.729,0,
C-B-1,3,0.56377,-16.223,16.8899,1576,-36.23,35.7,14.1,27,2487,36.23,-35.7,15.2,27,-0.69,0,
C-B-1,3,0.56477,-16.3381,16.88,1573,-36.73,34.800000000000004,14.1,27,2490,36.23,-35.7,15.2,27,-0.69,0,
C-B-1,3,0.56577,-16.4531,16.87,1570,-36.73,34.800000000000004,14.1,27,2493,35.22,-37.4,15.2,27,-0.69,0,
C-B-1,3,0.56677,-16.4915,16.8667,1569,-36.23,35.7,14.1,27,2496,35.22,-37.4,15.2,27,-0.614,0,
C-B-1,3,0.56777,-16.6065,16.8566,1566,-36.23,35.7,14.1,27,2498,35.73,-36.6,15.2,27,-0.652,0,
C-B-1,3,0.56877,-16.6832,16.8499,1564,-36.73,34.800000000000004,14.1,27,2500,35.22,-37.4,15.2,27,-0.652,0,
C-B-1,3,0.56977,-16.7983,16.8397,1561,-36.73,34.800000000000004,14.1,27,2504,36.23,-35.7,15.2,27,-0.614,0,
C-B-1,3,0.57077,-16.9134,16.8295,1558,-35.73,36.6,14.1,27,2505,35.22,-37.4,15.2,27,-0.69,0,
C-B-1,3,0.57177,-17.0284,16.8191,1555,-36.23,35.7,14.1,27,2507,35.22,-37.4,15.2,27,-0.729,0,
C-B-1,3,0.57277,-17.1435,16.8088,1552,-36.73,34.800000000000004,14.1,27,2510,36.23,-35.7,15.2,27,-0.729,0,
C-B-1,3,0.57377,-17.2202,16.8018,1550,-36.73,34.800000000000004,14.1,27,2512,35.73,-36.6,15.2,27,-0.729,0,
C-B-1,3,0.57477,-17.2969,16.7948,1548,-36.73,34.800000000000004,14.1,27,2516,35.22,-37.4,15.2,27,-0.652,0,
C-B-1,3,0.57577,-17.3736,16.7878,1546,-36.73,34.800000000000004,14.1,27,2519,35.73,-36.6,15.2,27,-0.614,0,
C-B-1,3,0.57677,-17.4503,16.7808,1544,-36.23,35.7,14.1,27,2521,36.23,-35.7,15.2,27,-0.614,0,
C-B-1,3,0.57777,-17.5653,16.7701,1541,-37.24,33.9,14.1,27,2523,36.23,-35.7,15.2,27,-0.652,0,
C-B-1,3,0.57877,-17.6804,16.7594,1538,-37.74,33.1,14.1,26,2527,36.73,-34.800000000000004,15.2,27,-0.614,0,
C-B-1,3,0.57977,-17.7955,16.7487,1535,-36.73,34.800000000000004,14.1,26,2528,36.23,-35.7,15.2,27,-0.69,0,
C-B-1,3,0.58077,-17.8722,16.7415,1533,-36.23,35.7,14.1,26,2530,36.23,-35.7,15.2,27,-0.69,0,
C-B-1,3,0.58177,-17.9872,16.7306,1530,-36.73,34.800000000000004,14.1,26,2533,36.73,-34.800000000000004,15.2,27,-0.69,0,
C-B-1,3,0.58277,-18.1023,16.7197,1527,-37.24,33.9,14.1,26,2535,36.73,-34.800000000000004,15.2,27,-0.729,0,
C-B-1,3,0.58378,-18.2173,16.7086,1524,-37.74,33.1,14.1,26,2538,37.24,-33.9,15.2,27,-0.729,0,
C-B-1,3,0.58477,-18.2557,16.705,1523,-36.73,34.800000000000004,14.1,26,2540,36.73,-34.800000000000004,15.2,27,-0.69,0,
C-B-1,3,0.58577,-18.3324,16.6976,1521,-36.73,34.800000000000004,14.1,26,2542,36.73,-34.800000000000004,15.2,27,-0.69,0,
C-B-1,3,0.58677,-18.4091,16.6901,1519,-36.73,34.800000000000004,14.1,26,2544,37.24,-33.9,15.2,27,-0.69,0,
C-B-1,3,0.58778,-18.5241,16.679,1516,-37.24,33.9,14.1,26,2547,37.24,-33.9,15.2,27,-0.69,0,
C-B-1,3,0.58878,-18.6392,16.6677,1513,-36.23,35.7,14.1,26,2551,37.24,-33.9,15.2,27,-0.652,0,
C-B-1,3,0.58978,-18.7543,16.6564,1510,-36.23,35.7,14.1,26,2553,36.23,-35.7,15.2,27,-0.69,0,
C-B-1,3,0.59077,-18.8693,16.645,1507,-36.73,34.800000000000004,14.1,26,2555,36.73,-34.800000000000004,15.2,27,-0.729,0,
C-B-1,3,0.59177,-18.946,16.6374,1505,-36.73,34.800000000000004,14.1,26,2558,37.24,-33.9,15.2,27,-0.69,0,
C-B-1,3,0.59277,-19.0611,16.6259,1502,-37.24,33.9,14.1,26,2560,36.73,-34.800000000000004,15.2,27,-0.729,0,
C-B-1,3,0.59377,-19.0994,16.622,1501,-36.23,35.7,14.1,26,2561,35.73,-36.6,15.2,27,-0.729,0,
C-B-1,3,0.59478,-19.1761,16.6143,1499,-35.73,36.6,14.1,26,2564,36.23,-35.7,15.2,27,-0.69,0,
C-B-1,3,0.59577,-19.2912,16.6026,1496,-36.73,34.800000000000004,14.1,26,2566,36.73,-34.800000000000004,15.2,27,-0.729,0,
C-B-1,3,0.59677,-19.4062,16.5909,1493,-36.73,34.800000000000004,14.1,26,2569,36.73,-34.800000000000004,15.2,27,-0.729,0,
C-B-1,3,0.59778,-19.483,16.5831,1491,-36.23,35.7,14.1,26,2572,36.23,-35.7,15.2,27,-0.69,0,
C-B-1,3,0.59878,-19.5597,16.5752,1489,-36.23,35.7,14.1,26,2574,35.22,-37.4,15.2,27,-0.69,0,
C-B-1,3,0.59978,-19.6364,16.5673,1487,-36.73,34.800000000000004,14.1,26,2577,36.23,-35.7,15.2,27,-0.652,0,
C-B-1,3,0.60078,-19.7131,16.5594,1485,-36.73,34.800000000000004,14.1,26,2579,36.23,-35.7,15.2,27,-0.652,0,
C-B-1,3,0.60178,-19.8281,16.5475,1482,-36.73,34.800000000000004,14.1,26,2582,36.23,-35.7,15.2,27,-0.652,0,
C-B-1,3,0.60278,-19.9815,16.5314,1478,-36.23,35.7,14.1,26,2583,35.73,-36.6,15.2,27,-0.767,0,
C-B-1,3,0.60378,-20.0966,16.5193,1475,-36.73,34.800000000000004,14.1,26,2585,35.22,-37.4,15.2,27,-0.805,0,
C-B-1,3,0.60478,-20.1733,16.5112,1473,-36.73,34.800000000000004,14.1,26,2588,36.23,-35.7,15.2,27,-0.767,0,
C-B-1,3,0.60578,-20.25,16.5031,1471,-37.24,33.9,14.1,26,2591,36.23,-35.7,15.2,27,-0.729,0,
C-B-1,3,0.60678,-20.3651,16.4908,1468,-37.24,33.9,14.1,26,2596,36.73,-34.800000000000004,15.2,27,-0.652,0,
C-B-1,3,0.60778,-20.4034,16.4867,1467,-36.23,35.7,14.1,26,2598,35.73,-36.6,15.2,27,-0.614,0,
C-B-1,3,0.60878,-20.5185,16.4744,1464,-37.24,33.9,14.1,26,2600,36.23,-35.7,15.2,27,-0.652,0,
C-B-1,3,0.60978,-20.5952,16.4661,1462,-37.24,33.9,14.1,26,2603,36.73,-34.800000000000004,15.2,27,-0.614,0,
C-B-1,3,0.61078,-20.6719,16.4578,1460,-37.24,33.9,14.1,26,2606,36.73,-34.800000000000004,15.2,27,-0.575,0,
C-B-1,3,0.61178,-20.8636,16.4369,1455,-36.73,34.800000000000004,14.1,26,2607,36.23,-35.7,15.2,27,-0.729,0,
C-B-1,3,0.61278,-20.9403,16.4285,1453,-36.23,35.7,14.1,26,2609,35.73,-36.6,15.2,27,-0.729,0,
C-B-1,3,0.61378,-21.017,16.4201,1451,-36.73,34.800000000000004,14.1,26,2612,36.23,-35.7,15.2,27,-0.69,0,
C-B-1,3,0.61478,-21.1321,16.4074,1448,-37.24,33.9,14.1,26,2614,36.23,-35.7,15.2,27,-0.729,0,
C-B-1,3,0.61578,-21.2088,16.3989,1446,-37.24,33.9,14.1,26,2618,35.73,-36.6,15.2,27,-0.652,0,
C-B-1,3,0.61678,-21.2855,16.3904,1444,-36.73,34.800000000000004,14.1,26,2621,35.73,-36.6,15.2,27,-0.614,0,
C-B-1,3,0.61778,-21.3622,16.3818,1442,-36.23,35.7,14.1,26,2624,36.23,-35.7,15.2,27,-0.575,0,
C-B-1,3,0.61878,-21.4773,16.3689,1439,-37.74,33.1,14.1,26,2625,36.23,-35.7,15.2,27,-0.652,0,
C-B-1,3,0.61978,-21.5923,16.3559,1436,-37.74,33.1,14.1,26,2627,36.23,-35.7,15.2,27,-0.69,0,
C-B-1,3,0.62078,-21.7074,16.3429,1433,-36.73,34.800000000000004,14.1,26,2629,35.73,-36.6,15.2,27,-0.729,0,
C-B-1,3,0.62178,-21.8224,16.3298,1430,-36.73,34.800000000000004,14.1,26,2632,36.23,-35.7,15.2,27,-0.729,0,
C-B-1,3,0.62278,-21.9375,16.3166,1427,-37.74,33.1,14.1,26,2634,36.73,-34.800000000000004,15.2,27,-0.767,0,
C-B-1,3,0.62378,-22.0142,16.3078,1425,-37.74,33.1,14.1,26,2636,36.23,-35.7,15.2,27,-0.767,0,
C-B-1,3,0.62478,-22.0909,16.299,1423,-37.24,33.9,14.1,26,2639,35.73,-36.6,15.2,27,-0.729,0,
C-B-1,3,0.62578,-22.1676,16.2901,1421,-36.73,34.800000000000004,14.1,26,2640,36.23,-35.7,15.2,27,-0.767,0,
C-B-1,3,0.62678,-22.2443,16.2812,1419,-36.73,34.800000000000004,14.1,26,2643,36.73,-34.800000000000004,15.2,27,-0.729,0,
C-B-1,3,0.62778,-22.3594,16.2678,1416,-37.24,33.9,14.1,26,2645,37.24,-33.9,15.2,27,-0.767,0,
C-B-1,3,0.62879,-22.4361,16.2588,1414,-37.24,33.9,14.1,26,2648,37.24,-33.9,15.2,27,-0.729,0,
C-B-1,3,0.62978,-22.5895,16.2408,1410,-36.73,34.800000000000004,14.1,26,2652,36.73,-34.800000000000004,15.2,27,-0.729,0,
C-B-1,3,0.63078,-22.6662,16.2317,1408,-36.73,34.800000000000004,14.1,26,2654,36.23,-35.7,15.2,27,-0.729,0,
C-B-1,3,0.63178,-22.7429,16.2226,1406,-37.24,33.9,14.1,26,2657,37.24,-33.9,15.2,27,-0.69,0,
C-B-1,3,0.63278,-22.858,16.209,1403,-37.24,33.9,14.1,26,2659,37.24,-33.9,15.2,27,-0.729,0,
C-B-1,3,0.63378,-22.9347,16.1998,1401,-37.24,33.9,14.1,26,2661,36.73,-34.800000000000004,15.2,27,-0.729,0,
C-B-1,3,0.63478,-23.0114,16.1906,1399,-36.73,34.800000000000004,14.1,26,2663,36.23,-35.7,15.2,27,-0.729,0,
C-B-1,3,0.63578,-23.0881,16.1814,1397,-36.23,35.7,14.1,26,2665,35.73,-36.6,13.9,27,-0.729,0,
C-B-1,3,0.63679,-23.2031,16.1675,1394,-37.24,33.9,14.2,26,2668,36.23,-35.7,13.9,27,-0.729,0,
C-B-1,3,0.63778,-23.2798,16.1582,1392,-36.73,34.800000000000004,14.2,26,2670,36.23,-35.7,13.9,27,-0.729,0,
C-B-1,3,0.63879,-23.4332,16.1395,1388,-36.73,34.800000000000004,14.2,26,2674,35.73,-36.6,13.9,27,-0.729,0,
C-B-1,3,0.63979,-23.5483,16.1255,1385,-36.73,34.800000000000004,14.2,26,2676,35.22,-37.4,13.9,27,-0.767,0,
C-B-1,3,0.64078,-23.625,16.116,1383,-36.73,34.800000000000004,14.2,26,2678,35.73,-36.6,13.9,27,-0.767,0,
C-B-1,3,0.64178,-23.7401,16.1018,1380,-37.24,33.9,14.2,26,2681,36.23,-35.7,13.9,27,-0.767,0,
C-B-1,3,0.64279,-23.8168,16.0923,1378,-37.24,33.9,14.2,26,2683,35.73,-36.6,13.9,27,-0.767,0,
C-B-1,3,0.64379,-23.8935,16.0828,1376,-36.73,34.800000000000004,14.2,26,2685,35.73,-36.6,13.9,27,-0.767,0,
C-B-1,3,0.64479,-24.0085,16.0685,1373,-37.24,33.9,14.2,26,2687,35.22,-37.4,13.9,27,-0.805,0,
C-B-1,3,0.64579,-24.0852,16.0589,1371,-37.24,33.9,14.2,26,2690,36.23,-35.7,13.9,27,-0.767,0,
C-B-1,3,0.64679,-24.2003,16.0444,1368,-37.74,33.1,14.2,26,2692,35.73,-36.6,13.9,27,-0.805,0,
C-B-1,3,0.64779,-24.3153,16.0299,1365,-37.74,33.1,14.2,26,2697,36.23,-35.7,13.9,27,-0.729,0,
C-B-1,3,0.64879,-24.3537,16.0251,1364,-36.73,34.800000000000004,14.2,26,2699,36.23,-35.7,13.9,27,-0.69,0,
C-B-1,3,0.64979,-24.4304,16.0154,1362,-36.73,34.800000000000004,14.2,26,2702,36.73,-34.800000000000004,13.9,27,-0.652,0,
C-B-1,3,0.65079,-24.5455,16.0007,1359,-37.74,32.800000000000004,14.2,26,2704,36.23,-35.7,13.9,27,-0.69,0,
C-B-1,3,0.65179,-24.6605,15.986,1356,-37.74,32.0,14.2,26,2707,36.73,-34.800000000000004,13.9,27,-0.69,0,
C-B-1,3,0.65279,-24.8139,15.9663,1352,-37.24,32.0,14.2,26,2709,36.73,-34.800000000000004,13.9,27,-0.767,0,
C-B-1,3,0.65379,-24.929,15.9514,1349,-37.74,29.6,14.2,26,2711,36.23,-35.7,13.9,27,-0.805,0,
C-B-1,3,0.65479,-25.0057,15.9415,1347,-37.74,29.6,14.2,26,2714,37.24,-33.9,13.9,27,-0.767,0,
C-B-1,3,0.65579,-25.0824,15.9315,1345,-37.74,28.8,14.2,26,2717,37.24,-33.9,13.9,27,-0.729,0,
C-B-1,3,0.65679,-25.1591,15.9215,1343,-37.74,27.200000000000003,14.2,26,2720,36.23,-35.7,13.9,27,-0.69,0,
C-B-1,3,0.65779,-25.1974,15.9165,1342,-37.24,28.0,14.2,26,2722,35.73,-36.6,13.9,27,-0.652,0,
C-B-1,3,0.65879,-25.3125,15.9015,1339,-37.24,27.200000000000003,14.2,26,2725,36.73,-33.7,13.9,27,-0.652,0,
C-B-1,3,0.65979,-25.3892,15.8914,1337,-37.74,25.6,14.2,26,2728,37.24,-32.0,13.9,27,-0.614,0,
C-B-1,3,0.66079,-25.5043,15.8762,1334,-37.74,24.0,14.2,26,2730,36.73,-32.1,13.9,27,-0.652,0,
C-B-1,3,0.66179,-25.6193,15.861,1331,-36.73,24.1,14.2,26,2731,36.23,-33.0,13.9,27,-0.729,0,
C-B-1,3,0.66279,-25.696,15.8508,1329,-36.73,23.3,14.2,26,2734,36.73,-31.3,13.9,27,-0.69,0,
C-B-1,3,0.66379,-25.8111,15.8354,1326,-37.24,20.8,14.2,26,2737,37.24,-28.8,13.9,27,-0.69,0,
C-B-1,3,0.66479,-25.8878,15.8251,1324,-37.24,20.0,14.2,26,2739,37.24,-28.0,13.9,27,-0.69,0,
C-B-1,3,0.66579,-25.9645,15.8148,1322,-36.73,19.3,14.2,26,2743,36.73,-27.3,13.9,27,-0.614,0,
C-B-1,3,0.66679,-26.0412,15.8045,1320,-36.73,18.5,14.2,26,2745,36.23,-27.400000000000002,13.9,27,-0.614,0,
C-B-1,3,0.66779,-26.1179,15.7942,1318,-36.23,17.8,14.2,26,2747,36.73,-25.700000000000003,13.9,27,-0.614,0,
C-B-1,3,0.66879,-26.1946,15.7838,1316,-36.73,15.3,14.2,26,2750,37.24,-23.200000000000003,13.9,27,-0.575,0,
C-B-1,3,0.66979,-26.2713,15.7734,1314,-36.23,14.600000000000001,14.2,26,2752,37.24,-22.400000000000002,13.9,27,-0.575,0,
C-B-1,3,0.67079,-26.4247,15.7525,1310,-35.73,12.3,14.2,26,2754,36.73,-22.5,13.9,27,-0.652,0,
C-B-1,3,0.67179,-26.5014,15.742,1308,-35.73,10.700000000000001,14.2,26,2756,36.73,-20.900000000000002,13.9,27,-0.652,0,
C-B-1,3,0.67279,-26.5398,15.7367,1307,-35.22,10.700000000000001,14.2,26,2759,37.24,-18.400000000000002,13.9,27,-0.575,0,
C-B-1,3,0.67379,-26.6548,15.7209,1304,-35.22,8.3,14.2,26,2761,37.24,-17.6,13.9,27,-0.614,0,
C-B-1,3,0.67479,-26.7315,15.7103,1302,-35.22,6.7,14.2,26,2763,36.73,-16.900000000000002,13.9,27,-0.614,0,
C-B-1,3,0.67579,-26.7699,15.705,1301,-34.22,7.7,14.2,26,2764,36.23,-17.0,13.9,27,-0.614,0,
C-B-1,3,0.67679,-26.8082,15.6997,1300,-33.21,8.6,14.2,26,2766,35.73,-16.3,13.9,27,-0.575,0,
C-B-1,3,0.67779,-26.8849,15.6891,1298,-33.71,6.2,14.2,26,2768,35.73,-14.700000000000001,13.9,27,-0.575,0,
C-B-1,3,0.6788,-26.9616,15.6784,1296,-33.71,4.6000000000000005,14.2,26,2771,36.23,-11.4,13.9,27,-0.537,0,
C-B-1,3,0.67979,-27.0767,15.6624,1293,-32.2,4.800000000000001,14.2,26,2774,35.22,-10.700000000000001,13.9,27,-0.537,0,
C-B-1,3,0.68079,-27.1534,15.6516,1291,-32.2,3.2,14.2,26,2775,34.22,-11.700000000000001,13.9,27,-0.575,0,
C-B-1,3,0.68179,-27.2301,15.6409,1289,-32.2,1.6,14.2,26,2777,34.22,-10.100000000000001,13.9,27,-0.575,0,
C-B-1,3,0.68279,-27.2685,15.6355,1288,-31.2,2.5,14.2,26,2779,34.22,-8.5,13.9,27,-0.537,0,
C-B-1,3,0.6838,-27.3452,15.6247,1286,-31.2,0.9,14.2,26,2781,33.71,-7.800000000000001,13.9,27,-0.537,0,
C-B-1,3,0.6848,-27.3835,15.6193,1285,-30.7,1.0,14.2,26,2782,32.71,-8.700000000000001,13.9,27,-0.537,0,
C-B-1,3,0.68579,-27.4219,15.6139,1284,-29.69,2.0,14.2,26,2783,32.2,-8.8,13.9,27,-0.537,0,
C-B-1,3,0.68679,-27.4986,15.603,1282,-30.19,-0.5,14.2,26,2785,32.71,-6.300000000000001,13.9,27,-0.537,0,
C-B-1,3,0.68779,-27.5753,15.5921,1280,-29.69,-1.2000000000000002,14.2,26,2787,32.71,-4.7,13.9,27,-0.537,0,
C-B-1,3,0.6888,-27.6136,15.5867,1279,-29.19,-1.1,14.2,26,2789,30.7,-6.6000000000000005,13.9,27,-0.499,0,
C-B-1,3,0.68979,-27.652,15.5812,1278,-28.18,-0.2,14.2,26,2791,30.7,-5.0,13.9,27,-0.46,0,
C-B-1,3,0.6908,-27.6903,15.5757,1277,-27.68,-0.1,14.2,26,2793,31.2,-2.5,13.9,27,-0.422,0,
C-B-1,3,0.6918,-27.767,15.5648,1275,-28.18,-2.6,14.2,26,2795,30.7,-1.8,13.9,27,-0.422,0,
C-B-1,3,0.69279,-27.8054,15.5593,1274,-27.68,-2.5,14.2,26,2796,29.69,-2.8000000000000003,13.9,27,-0.422,0,
C-B-1,3,0.6938,-27.8821,15.5483,1272,-26.17,-1.5,14.2,26,2797,29.19,-2.9000000000000004,13.9,27,-0.46,0,
C-B-1,3,0.69479,-27.9588,15.5373,1270,-26.17,-3.1,14.2,27,2799,29.19,-1.3,13.9,27,-0.46,0,
C-B-1,3,0.6958,-27.9972,15.5317,1269,-25.66,-3.0,14.2,27,2800,28.68,-1.3,13.9,27,-0.46,0,
C-B-1,3,0.6968,-28.0355,15.5262,1268,-25.16,-2.9000000000000004,14.2,27,2802,28.68,0.30000000000000004,13.9,27,-0.422,0,
C-B-1,3,0.6978,-28.1122,15.5151,1266,-25.16,-4.5,14.2,27,2804,27.17,-0.8,13.9,27,-0.422,0,
C-B-1,3,0.6988,-28.1122,15.5151,1266,-24.15,-2.8000000000000003,14.2,27,2806,27.17,0.8,13.9,27,-0.345,0,
C-B-1,3,0.6998,-28.1506,15.5096,1265,-23.65,-2.7,14.2,27,2807,26.67,0.8,13.9,27,-0.345,0,
C-B-1,3,0.7008,-28.1889,15.504,1264,-23.15,-2.6,14.2,27,2809,26.67,2.4000000000000004,13.9,27,-0.307,0,
C-B-1,3,0.7018,-28.2656,15.4929,1262,-23.15,-4.2,14.2,27,2810,25.66,1.4000000000000001,13.9,27,-0.345,0,
C-B-1,3,0.7028,-28.3423,15.4817,1260,-22.14,-4.1000000000000005,14.2,27,2811,25.16,1.3,13.9,27,-0.384,0,
C-B-1,3,0.7038,-28.3807,15.4761,1259,-21.64,-4.0,14.2,27,2812,24.66,1.3,13.9,27,-0.384,0,
C-B-1,3,0.70479,-28.419,15.4705,1258,-21.64,-4.800000000000001,14.2,27,2814,25.16,3.7,13.9,27,-0.345,0,
C-B-1,3,0.7058,-28.4574,15.4649,1257,-21.64,-5.6000000000000005,14.2,27,2815,24.66,3.7,13.9,27,-0.345,0,
C-B-1,3,0.7068,-28.4957,15.4593,1256,-21.13,-5.5,14.2,27,2817,23.15,2.6,13.9,27,-0.307,0,
C-B-1,3,0.7078,-28.4957,15.4593,1256,-20.13,-3.8000000000000003,14.2,27,2818,22.64,2.6,13.9,27,-0.268,0,
C-B-1,3,0.7088,-28.5724,15.448,1254,-20.13,-5.4,14.2,27,2819,22.64,3.4000000000000004,13.9,27,-0.307,0,
C-B-1,3,0.7098,-28.6108,15.4424,1253,-20.13,-6.2,14.2,27,2820,22.64,4.2,13.9,27,-0.307,0,
C-B-1,3,0.7108,-28.6491,15.4368,1252,-19.62,-6.1000000000000005,14.2,27,2822,22.64,5.800000000000001,13.9,27,-0.268,0,
C-B-1,3,0.7118,-28.6875,15.4311,1251,-18.62,-5.2,14.2,27,2822,21.64,4.0,13.9,27,-0.307,0,
C-B-1,3,0.7128,-28.7259,15.4255,1250,-18.12,-5.1000000000000005,14.2,27,2824,21.64,5.6000000000000005,13.9,27,-0.268,0,
C-B-1,3,0.7138,-28.7642,15.4198,1249,-18.12,-5.9,14.2,27,2824,21.13,4.7,13.9,27,-0.307,0,
C-B-1,3,0.7148,-28.8026,15.4141,1248,-18.12,-6.7,14.2,27,2825,21.13,5.5,13.9,27,-0.307,0,
C-B-1,3,0.7158,-28.8409,15.4085,1247,-17.61,-6.6000000000000005,14.2,27,2827,21.13,7.1000000000000005,13.9,27,-0.268,0,
C-B-1,3,0.7168,-28.8409,15.4085,1247,-16.61,-4.9,14.2,27,2827,19.62,5.300000000000001,13.9,27,-0.268,0,
C-B-1,3,0.7178,-28.8793,15.4028,1246,-16.61,-5.7,14.2,27,2828,20.13,7.0,13.9,27,-0.268,0,
C-B-1,3,0.7188,-28.9176,15.3971,1245,-16.61,-6.5,14.2,27,2829,20.13,7.0,13.9,27,-0.268,0,
C-B-1,3,0.7198,-28.956,15.3914,1244,-16.61,-7.300000000000001,14.2,27,2830,19.12,6.800000000000001,13.9,27,-0.268,0,
C-B-1,3,0.7208,-28.9943,15.3857,1243,-15.6,-6.300000000000001,14.2,27,2831,18.12,5.1000000000000005,13.9,27,-0.268,0,
C-B-1,3,0.7218,-29.0327,15.38,1242,-15.6,-7.1000000000000005,14.2,27,2832,18.12,5.9,13.9,27,-0.268,0,
C-B-1,3,0.7228,-29.071,15.3742,1241,-15.6,-7.9,14.2,27,2833,18.12,6.7,13.9,27,-0.268,0,
C-B-1,3,0.7238,-29.1094,15.3685,1240,-15.1,-7.800000000000001,14.2,27,2834,17.61,6.6000000000000005,13.9,27,-0.268,0,
C-B-1,3,0.7248,-29.1477,15.3628,1239,-15.1,-8.6,14.2,27,2835,17.61,7.4,13.9,27,-0.268,0,
C-B-1,3,0.7258,-29.1477,15.3628,1239,-14.59,-7.7,14.2,27,2835,16.61,5.7,13.9,27,-0.268,0,
C-B-1,3,0.7268,-29.1861,15.3571,1238,-14.09,-7.7,14.2,27,2836,16.61,6.5,13.9,27,-0.268,0,
C-B-1,3,0.7278,-29.2244,15.3513,1237,-14.59,-9.3,14.2,27,2836,16.1,5.6000000000000005,13.9,27,-0.307,0,
C-B-1,3,0.7288,-29.2244,15.3513,1237,-14.09,-8.5,14.2,27,2838,16.1,7.2,13.9,27,-0.23,0,
C-B-1,3,0.7298,-29.3011,15.3398,1235,-13.59,-9.200000000000001,14.2,27,2838,14.59,4.5,13.9,27,-0.307,0,
C-B-1,3,0.7308,-29.3011,15.3398,1235,-13.08,-8.3,14.2,27,2839,14.59,5.300000000000001,13.9,27,-0.268,0,
C-B-1,3,0.7318,-29.3395,15.334,1234,-13.08,-9.1,14.2,27,2839,14.09,4.5,13.9,27,-0.307,0,
C-B-1,3,0.7328,-29.3778,15.3283,1233,-13.08,-9.9,14.2,27,2840,14.09,5.300000000000001,13.9,27,-0.307,0,
C-B-1,3,0.7338,-29.3778,15.3283,1233,-12.58,-9.0,14.2,27,2841,13.59,5.2,13.9,27,-0.268,0,
C-B-1,3,0.7348,-29.4162,15.3225,1232,-12.58,-9.8,14.2,27,2841,13.08,4.3,13.9,27,-0.307,0,
C-B-1,3,0.7358,-29.4545,15.3167,1231,-12.58,-10.600000000000001,14.2,27,2842,13.08,5.1000000000000005,13.9,27,-0.307,0,
C-B-1,3,0.7368,-29.4545,15.3167,1231,-12.58,-10.600000000000001,14.2,27,2843,13.08,5.9,13.9,27,-0.268,0,
C-B-1,3,0.73781,-29.4929,15.3109,1230,-12.08,-10.600000000000001,14.2,27,2843,12.58,5.0,13.9,27,-0.307,0,
C-B-1,3,0.7388,-29.5313,15.3051,1229,-12.08,-11.4,14.2,27,2844,12.08,5.0,13.9,27,-0.307,0,
C-B-1,3,0.7398,-29.5696,15.2993,1228,-12.08,-12.200000000000001,14.2,27,2845,11.57,4.9,13.9,27,-0.307,0,
C-B-1,3,0.7408,-29.5696,15.2993,1228,-11.57,-11.3,14.2,27,2845,11.57,4.9,13.9,27,-0.307,0,
C-B-1,3,0.7418,-29.608,15.2935,1227,-12.08,-13.0,14.2,27,2845,10.57,3.1,13.9,27,-0.345,0,
C-B-1,3,0.74281,-29.6463,15.2877,1226,-12.08,-13.8,14.2,27,2846,11.07,4.800000000000001,13.9,27,-0.345,0,
C-B-1,3,0.7438,-29.6847,15.2818,1225,-11.57,-13.700000000000001,14.2,27,2846,10.57,3.9000000000000004,13.9,27,-0.384,0,
C-B-1,3,0.7448,-29.6847,15.2818,1225,-11.07,-12.8,14.2,27,2846,9.56,2.2,13.9,27,-0.384,0,
C-B-1,3,0.7458,-29.723,15.276,1224,-11.57,-14.5,14.2,27,2847,10.06,3.9000000000000004,13.9,27,-0.384,0,
C-B-1,3,0.74681,-29.723,15.276,1224,-11.07,-13.600000000000001,14.2,27,2847,9.56,3.0,13.9,27,-0.384,0,
C-B-1,3,0.7478,-29.7614,15.2702,1223,-11.07,-14.4,14.2,27,2848,9.06,2.9000000000000004,13.9,27,-0.384,0,
C-B-1,3,0.74881,-29.7614,15.2702,1223,-10.57,-13.5,14.2,27,2849,9.06,3.7,13.9,27,-0.345,0,
C-B-1,3,0.74981,-29.7614,15.2702,1223,-10.06,-12.700000000000001,14.2,27,2849,9.06,3.7,13.9,27,-0.345,0,
C-B-1,3,0.75081,-29.7997,15.2643,1222,-10.57,-14.3,14.2,27,2849,8.55,2.8000000000000003,13.9,27,-0.384,0,
C-B-1,3,0.75181,-29.7997,15.2643,1222,-10.06,-13.5,14.2,27,2849,8.05,2.0,13.9,27,-0.384,0,
C-B-1,3,0.7528,-29.8381,15.2585,1221,-9.56,-13.4,14.5,27,2850,8.05,2.8000000000000003,14.4,27,-0.384,0,
C-B-1,3,0.75381,-29.8381,15.2585,1221,-9.06,-12.5,14.5,27,2850,7.55,1.9000000000000001,14.4,27,-0.384,0,
C-B-1,3,0.75481,-29.8381,15.2585,1221,-9.06,-12.5,14.5,27,2850,7.55,1.9000000000000001,14.4,27,-0.384,0,
C-B-1,3,0.75581,-29.8381,15.2585,1221,-8.55,-11.600000000000001,14.5,27,2850,7.04,1.0,14.4,27,-0.384,0,
C-B-1,3,0.75681,-29.8764,15.2526,1220,-8.55,-12.4,14.5,27,2851,6.54,0.9,14.4,27,-0.384,0,
C-B-1,3,0.75781,-29.8764,15.2526,1220,-8.55,-12.4,14.5,27,2851,6.54,0.9,14.4,27,-0.384,0,
C-B-1,3,0.75881,-29.8764,15.2526,1220,-8.05,-11.600000000000001,14.5,27,2851,6.54,0.9,14.4,27,-0.384,0,
C-B-1,3,0.75981,-29.8764,15.2526,1220,-7.55,-10.700000000000001,14.5,27,2852,6.54,1.7000000000000002,14.4,27,-0.345,0,
C-B-1,3,0.76081,-29.8764,15.2526,1220,-7.55,-10.700000000000001,14.5,27,2852,6.54,1.7000000000000002,14.4,27,-0.345,0,
C-B-1,3,0.76181,-29.8764,15.2526,1220,-6.54,-8.9,14.5,27,2852,6.04,0.9,14.4,27,-0.345,0,
C-B-1,3,0.76281,-29.8764,15.2526,1220,-6.54,-8.9,14.5,27,2852,5.54,0.0,14.4,27,-0.345,0,
C-B-1,3,0.76381,-29.9148,15.2467,1219,-6.54,-9.700000000000001,14.5,27,2852,5.54,0.0,14.4,27,-0.384,0,
C-B-1,3,0.76481,-29.9148,15.2467,1219,-6.04,-8.9,14.5,27,2852,5.03,-0.9,14.4,27,-0.384,0,
C-B-1,3,0.76581,-29.9148,15.2467,1219,-6.04,-8.9,14.5,27,2852,4.53,-1.8,14.4,27,-0.384,0,
C-B-1,3,0.76681,-29.9148,15.2467,1219,-5.54,-8.0,14.5,27,2852,4.53,-1.8,14.4,27,-0.384,0,
C-B-1,3,0.76781,-29.9148,15.2467,1219,-5.03,-7.1000000000000005,14.5,27,2852,4.03,-2.6,14.4,27,-0.384,0,
C-B-1,3,0.76881,-29.9148,15.2467,1219,-4.53,-6.2,14.5,27,2852,4.03,-2.6,14.4,27,-0.384,0,
C-B-1,3,0.76981,-29.9148,15.2467,1219,-4.53,-6.2,14.5,27,2852,3.52,-3.5,14.4,27,-0.384,0,
C-B-1,3,0.77081,-29.9148,15.2467,1219,-3.52,-4.5,14.5,27,2852,3.52,-3.5,14.4,27,-0.384,0,
C-B-1,3,0.77181,-29.9148,15.2467,1219,-3.02,-3.6,14.5,27,2852,3.02,-4.4,14.4,27,-0.384,0,
C-B-1,3,0.77281,-29.9148,15.2467,1219,-3.02,-3.6,14.5,27,2852,3.02,-4.4,14.4,27,-0.384,0,
C-B-1,3,0.77381,-29.9148,15.2467,1219,-3.02,-3.6,14.5,27,2852,3.02,-4.4,14.4,27,-0.384,0,
C-B-1,3,0.77481,-29.9148,15.2467,1219,-2.52,-2.7,14.5,27,2852,2.52,-5.300000000000001,14.4,27,-0.384,0,
C-B-1,3,0.77581,-29.9148,15.2467,1219,-2.52,-2.7,14.5,27,2852,2.52,-5.300000000000001,14.4,27,-0.384,0,
C-B-1,3,0.77681,-29.8764,15.2526,1220,-1.51,-0.2,14.5,27,2852,2.01,-6.1000000000000005,14.4,27,-0.345,0,
C-B-1,3,0.77781,-29.8764,15.2526,1220,-1.51,-0.2,14.5,27,2852,2.01,-6.1000000000000005,14.4,27,-0.345,0,
C-B-1,3,0.77881,-29.8764,15.2526,1220,-1.51,-0.2,14.5,27,2852,1.51,-7.0,14.4,27,-0.345,0,
C-B-1,3,0.77981,-29.8764,15.2526,1220,-1.01,0.7000000000000001,14.5,27,2852,1.51,-7.0,14.4,27,-0.345,0,
C-B-1,3,0.78081,-29.8764,15.2526,1220,-1.01,0.7000000000000001,14.5,27,2852,1.51,-7.0,14.4,27,-0.345,0,
C-B-1,3,0.78181,-29.8381,15.2585,1221,0.0,3.2,14.5,27,2852,1.01,-7.9,14.4,27,-0.307,0,
C-B-1,3,0.78281,-29.8381,15.2585,1221,0.0,3.2,14.5,27,2852,1.01,-7.9,14.4,27,-0.307,0,
C-B-1,3,0.78381,-29.8381,15.2585,1221,0.0,3.2,14.5,27,2852,1.01,-7.9,14.4,27,-0.307,0,
C-B-1,3,0.78481,-29.7997,15.2643,1222,0.0,4.0,14.5,27,2852,1.01,-7.9,14.4,27,-0.268,0,
C-B-1,3,0.78581,-29.7997,15.2643,1222,1.01,5.7,14.5,27,2852,0.0,-9.600000000000001,14.4,27,-0.268,0,
C-B-1,3,0.78681,-29.7997,15.2643,1222,1.01,5.7,14.5,27,2852,0.0,-9.600000000000001,14.4,27,-0.268,0,
C-B-1,3,0.78781,-29.7997,15.2643,1222,1.01,5.7,14.5,27,2852,0.0,-9.600000000000001,14.4,27,-0.268,0,
C-B-1,3,0.78881,-29.7997,15.2643,1222,1.01,5.7,14.5,27,2851,0.0,-10.4,14.4,27,-0.307,0,
C-B-1,3,0.78981,-29.7997,15.2643,1222,1.01,5.7,14.5,27,2851,0.0,-10.4,14.4,27,-0.307,0,
C-B-1,3,0.79081,-29.7614,15.2702,1223,1.51,7.4,14.5,27,2851,0.0,-10.4,14.4,27,-0.268,0,
C-B-1,3,0.79181,-29.7614,15.2702,1223,1.51,7.4,14.5,27,2851,0.0,-10.4,14.4,27,-0.268,0,
C-B-1,3,0.79281,-29.7614,15.2702,1223,1.51,7.4,14.5,27,2851,0.0,-10.4,14.4,27,-0.268,0,
C-B-1,3,0.79381,-29.7614,15.2702,1223,2.01,8.3,14.5,27,2850,-1.01,-12.9,14.4,27,-0.307,0,
C-B-1,3,0.79481,-29.7614,15.2702,1223,2.01,8.3,14.5,27,2850,-1.01,-12.9,14.4,27,-0.307,0,
C-B-1,3,0.79581,-29.7614,15.2702,1223,2.01,8.3,14.5,27,2850,-1.01,-12.9,14.4,27,-0.307,0,
C-B-1,3,0.79681,-29.723,15.276,1224,2.52,9.9,14.5,27,2850,-1.01,-12.9,14.4,27,-0.268,0,
C-B-1,3,0.79781,-29.723,15.276,1224,2.52,9.9,14.5,27,2850,-1.01,-12.9,14.4,27,-0.268,0,
C-B-1,3,0.79884,-29.723,15.276,1224,2.52,9.9,14.5,27,2850,-1.01,-12.9,14.4,27,-0.268,0,
C-B-1,3,0.79981,-29.723,15.276,1224,2.52,9.9,14.5,27,2849,-1.51,-14.600000000000001,14.4,27,-0.307,0,
C-B-1,3,0.80082,-29.723,15.276,1224,2.52,9.9,14.5,27,2849,-1.51,-14.600000000000001,14.4,27,-0.307,0,
C-B-1,3,0.80182,-29.723,15.276,1224,2.52,9.9,14.5,27,2849,-1.51,-14.600000000000001,14.4,27,-0.307,0,
C-B-1,3,0.80281,-29.6847,15.2818,1225,3.02,11.600000000000001,14.5,27,2849,-1.51,-14.600000000000001,14.4,27,-0.268,0,
C-B-1,3,0.80382,-29.6847,15.2818,1225,3.02,11.600000000000001,14.5,27,2849,-1.51,-14.600000000000001,14.4,27,-0.268,0,
C-B-1,3,0.80482,-29.6847,15.2818,1225,3.02,11.600000000000001,14.5,27,2848,-2.01,-16.3,14.4,27,-0.307,0,
C-B-1,3,0.80581,-29.6847,15.2818,1225,2.52,10.700000000000001,14.5,27,2848,-2.01,-16.3,14.4,27,-0.307,0,
C-B-1,3,0.80682,-29.6847,15.2818,1225,2.52,10.700000000000001,14.5,27,2848,-2.01,-16.3,14.4,27,-0.307,0,
C-B-1,3,0.80782,-29.6463,15.2877,1226,3.02,12.4,14.5,27,2848,-2.01,-16.3,14.4,27,-0.268,0,
C-B-1,3,0.80882,-29.6847,15.2818,1225,2.52,10.700000000000001,14.5,27,2848,-2.01,-16.3,14.4,27,-0.307,0,
C-B-1,3,0.80982,-29.6847,15.2818,1225,2.52,10.700000000000001,14.5,27,2847,-2.52,-17.900000000000002,14.4,27,-0.345,0,
C-B-1,3,0.81082,-29.6463,15.2877,1226,2.52,11.5,14.5,27,2847,-2.52,-17.900000000000002,14.4,27,-0.307,0,
C-B-1,3,0.81182,-29.6463,15.2877,1226,2.52,11.5,14.5,27,2847,-2.52,-17.900000000000002,14.4,27,-0.307,0,
C-B-1,3,0.81282,-29.6463,15.2877,1226,2.52,11.5,14.5,27,2847,-2.52,-17.900000000000002,14.4,27,-0.307,0,
C-B-1,3,0.81382,-29.6463,15.2877,1226,2.01,10.700000000000001,14.5,27,2846,-3.02,-19.6,14.4,27,-0.345,0,
C-B-1,3,0.81482,-29.608,15.2935,1227,2.52,12.3,14.5,27,2846,-3.02,-19.6,14.4,27,-0.307,0,
C-B-1,3,0.81582,-29.6463,15.2877,1226,2.01,10.700000000000001,14.5,27,2846,-3.02,-19.6,14.4,27,-0.345,0,
C-B-1,3,0.81682,-29.608,15.2935,1227,2.52,12.3,14.5,27,2846,-3.02,-19.6,14.4,27,-0.307,0,
C-B-1,3,0.81782,-29.608,15.2935,1227,2.52,12.3,14.5,27,2845,-3.02,-20.400000000000002,14.4,27,-0.345,0,
C-B-1,3,0.81882,-29.608,15.2935,1227,2.52,12.3,14.5,27,2846,-2.52,-18.7,14.4,27,-0.307,0,
C-B-1,3,0.81982,-29.608,15.2935,1227,2.01,11.5,14.5,27,2845,-3.02,-20.400000000000002,14.4,27,-0.345,0,
C-B-1,3,0.82082,-29.608,15.2935,1227,2.01,11.5,14.5,27,2845,-3.02,-20.400000000000002,14.4,27,-0.345,0,
C-B-1,3,0.82182,-29.608,15.2935,1227,2.01,11.5,14.5,27,2845,-3.02,-20.400000000000002,14.4,27,-0.345,0,
C-B-1,3,0.82282,-29.608,15.2935,1227,2.52,13.100000000000001,14.5,27,2845,-2.52,-19.5,14.4,27,-0.345,0,
C-B-1,3,0.82382,-29.5696,15.2993,1228,2.52,13.100000000000001,14.5,27,2844,-3.02,-21.200000000000003,14.4,27,-0.345,0,
C-B-1,3,0.82482,-29.5696,15.2993,1228,2.52,13.100000000000001,14.5,27,2844,-3.02,-21.200000000000003,14.4,27,-0.345,0,
C-B-1,3,0.82582,-29.5696,15.2993,1228,2.01,12.3,14.5,27,2844,-3.02,-21.200000000000003,14.4,27,-0.345,0,
C-B-1,3,0.82682,-29.5696,15.2993,1228,2.01,12.3,14.5,27,2844,-3.02,-21.200000000000003,14.4,27,-0.345,0,
C-B-1,3,0.82782,-29.5696,15.2993,1228,2.01,12.3,14.5,27,2843,-3.52,-22.900000000000002,14.4,27,-0.384,0,
C-B-1,3,0.82882,-29.5696,15.2993,1228,2.01,12.3,14.5,27,2843,-3.52,-22.900000000000002,14.4,27,-0.384,0,
C-B-1,3,0.82982,-29.5313,15.3051,1229,2.52,13.9,14.5,27,2843,-3.02,-22.0,14.4,27,-0.345,0,
C-B-1,3,0.83082,-29.5313,15.3051,1229,2.52,13.9,14.5,27,2843,-3.02,-22.0,14.4,27,-0.345,0,
C-B-1,3,0.83182,-29.5313,15.3051,1229,2.52,13.9,14.5,27,2843,-3.02,-22.0,14.4,27,-0.345,0,
C-B-1,3,0.83282,-29.5313,15.3051,1229,2.01,13.100000000000001,14.5,27,2842,-3.52,-23.700000000000003,14.4,27,-0.384,0,
C-B-1,3,0.83382,-29.5313,15.3051,1229,2.01,13.100000000000001,14.5,27,2842,-3.02,-22.8,14.4,27,-0.384,0,
C-B-1,3,0.83482,-29.5313,15.3051,1229,2.01,13.100000000000001,14.5,27,2842,-3.02,-22.8,14.4,27,-0.384,0,
C-B-1,3,0.83582,-29.5313,15.3051,1229,2.01,13.100000000000001,14.5,27,2841,-3.52,-24.5,14.4,27,-0.422,0,
C-B-1,3,0.83682,-29.4929,15.3109,1230,2.01,13.9,14.5,27,2841,-3.52,-24.5,14.4,27,-0.384,0,
C-B-1,3,0.83782,-29.4929,15.3109,1230,2.52,14.700000000000001,14.5,27,2841,-3.52,-24.5,14.4,27,-0.384,0,
C-B-1,3,0.83882,-29.4929,15.3109,1230,2.52,14.700000000000001,14.5,27,2841,-3.02,-23.6,14.4,27,-0.384,0,
C-B-1,3,0.83982,-29.4929,15.3109,1230,2.01,13.9,14.5,27,2841,-3.02,-23.6,14.4,27,-0.384,0,
C-B-1,3,0.84082,-29.5313,15.3051,1229,1.51,12.200000000000001,14.5,27,2840,-3.52,-25.3,14.4,27,-0.46,0,
C-B-1,3,0.84182,-29.4929,15.3109,1230,2.01,13.9,14.5,27,2840,-3.52,-25.3,14.4,27,-0.422,0,
C-B-1,3,0.84282,-29.4929,15.3109,1230,2.01,13.9,14.5,27,2840,-3.02,-24.400000000000002,14.4,27,-0.422,0,
C-B-1,3,0.84382,-29.4929,15.3109,1230,1.51,13.0,14.5,27,2840,-3.02,-24.400000000000002,14.4,27,-0.422,0,
C-B-1,3,0.84482,-29.4929,15.3109,1230,2.01,13.9,14.5,27,2840,-3.02,-24.400000000000002,14.4,27,-0.422,0,
C-B-1,3,0.84582,-29.4929,15.3109,1230,1.51,13.0,14.5,27,2840,-3.02,-24.400000000000002,14.4,27,-0.422,0,
C-B-1,3,0.84683,-29.4545,15.3167,1231,2.01,14.700000000000001,14.5,27,2839,-3.02,-25.200000000000003,14.4,27,-0.422,0,
C-B-1,3,0.84782,-29.4545,15.3167,1231,2.01,14.700000000000001,14.5,27,2839,-3.02,-25.200000000000003,14.4,27,-0.422,0,
C-B-1,3,0.84882,-29.4545,15.3167,1231,2.01,14.700000000000001,14.5,27,2839,-3.02,-25.200000000000003,14.4,27,-0.422,0,
C-B-1,3,0.84982,-29.4929,15.3109,1230,1.51,13.0,14.5,27,2839,-3.02,-25.200000000000003,14.4,27,-0.46,0,
C-B-1,3,0.85082,-29.4545,15.3167,1231,2.01,14.700000000000001,14.5,27,2839,-3.52,-26.900000000000002,14.4,27,-0.422,0,
C-B-1,3,0.85182,-29.4545,15.3167,1231,2.01,14.700000000000001,14.5,27,2838,-3.52,-26.900000000000002,14.4,27,-0.46,0,
C-B-1,3,0.85283,-29.4545,15.3167,1231,1.51,13.8,14.5,27,2838,-3.02,-26.0,14.4,27,-0.46,0,
C-B-1,3,0.85383,-29.4545,15.3167,1231,1.51,13.8,14.5,27,2838,-3.02,-26.0,14.4,27,-0.46,0,
C-B-1,3,0.85483,-29.4545,15.3167,1231,1.51,13.8,14.5,27,2838,-3.02,-26.0,14.4,27,-0.46,0,
C-B-1,3,0.85583,-29.4545,15.3167,1231,1.51,13.8,14.5,27,2838,-3.02,-26.0,14.4,27,-0.46,0,
C-B-1,3,0.85683,-29.4545,15.3167,1231,1.51,13.8,14.5,27,2837,-3.02,-26.8,14.4,27,-0.499,0,
C-B-1,3,0.85783,-29.4545,15.3167,1231,1.51,13.8,14.5,27,2837,-3.02,-26.8,14.4,27,-0.499,0,
C-B-1,3,0.85883,-29.4162,15.3225,1232,1.51,14.600000000000001,14.5,27,2837,-3.02,-26.8,14.4,27,-0.46,0,
C-B-1,3,0.85982,-29.4162,15.3225,1232,1.51,14.600000000000001,14.5,27,2837,-3.02,-26.8,14.4,27,-0.46,0,
C-B-1,3,0.86083,-29.4162,15.3225,1232,1.51,14.600000000000001,14.5,27,2837,-3.02,-26.8,14.4,27,-0.46,0,
C-B-1,3,0.86183,-29.4162,15.3225,1232,1.51,14.600000000000001,14.5,27,2836,-3.02,-27.6,14.4,27,-0.499,0,
C-B-1,3,0.86282,-29.4162,15.3225,1232,1.51,14.600000000000001,14.5,27,2836,-3.02,-27.6,14.4,27,-0.499,0,
C-B-1,3,0.86383,-29.4162,15.3225,1232,1.51,14.600000000000001,14.5,27,2836,-3.02,-27.6,14.4,27,-0.499,0,
C-B-1,3,0.86483,-29.4162,15.3225,1232,1.51,14.600000000000001,14.5,27,2836,-2.52,-26.700000000000003,14.4,27,-0.499,0,
C-B-1,3,0.86583,-29.4162,15.3225,1232,1.01,13.700000000000001,14.5,27,2836,-2.52,-26.700000000000003,14.4,27,-0.499,0,
C-B-1,3,0.86683,-29.3778,15.3283,1233,1.51,15.4,14.5,27,2835,-3.02,-28.400000000000002,14.4,27,-0.499,0,
C-B-1,3,0.86783,-29.4162,15.3225,1232,1.01,13.700000000000001,14.5,27,2835,-3.02,-28.400000000000002,14.4,27,-0.537,0,
C-B-1,3,0.86883,-29.3778,15.3283,1233,1.51,15.4,14.5,27,2835,-3.02,-28.400000000000002,14.4,27,-0.499,0,
C-B-1,3,0.86983,-29.3778,15.3283,1233,2.01,16.3,14.9,27,2835,-3.02,-28.400000000000002,14.8,27,-0.499,0,
C-B-1,3,0.87083,-29.3778,15.3283,1233,1.51,15.4,14.9,27,2835,-2.52,-27.5,14.8,27,-0.499,0,
C-B-1,3,0.87183,-29.3778,15.3283,1233,1.51,15.4,14.9,27,2835,-2.52,-27.5,14.8,27,-0.499,0,
C-B-1,3,0.87283,-29.3778,15.3283,1233,1.51,15.4,14.9,27,2835,-2.52,-27.5,14.8,27,-0.499,0,
C-B-1,3,0.87383,-29.3778,15.3283,1233,1.51,15.4,14.9,27,2835,-2.52,-27.5,14.8,27,-0.499,0,
C-B-1,3,0.87483,-29.3778,15.3283,1233,1.51,15.4,14.9,27,2834,-3.02,-29.200000000000003,14.8,27,-0.537,0,
C-B-1,3,0.87583,-29.3778,15.3283,1233,1.01,14.5,14.9,27,2834,-2.52,-28.3,14.8,27,-0.537,0,
C-B-1,3,0.87683,-29.3778,15.3283,1233,1.01,14.5,14.9,27,2835,-2.01,-26.700000000000003,14.8,27,-0.499,0,
C-B-1,3,0.87783,-29.3778,15.3283,1233,1.01,14.5,14.9,27,2834,-2.52,-28.3,14.8,27,-0.537,0,
C-B-1,3,0.87883,-29.3778,15.3283,1233,1.51,15.4,14.9,27,2834,-2.52,-28.3,14.8,27,-0.537,0,
C-B-1,3,0.87983,-29.3778,15.3283,1233,1.01,14.5,14.9,27,2834,-2.01,-27.5,14.8,27,-0.537,0,
C-B-1,3,0.88083,-29.3778,15.3283,1233,1.01,14.5,14.9,27,2834,-2.01,-27.5,14.8,27,-0.537,0,
C-B-1,3,0.88183,-29.3778,15.3283,1233,1.01,14.5,14.9,27,2834,-2.01,-27.5,14.8,27,-0.537,0,
C-B-1,3,0.88283,-29.3778,15.3283,1233,1.01,14.5,14.9,27,2834,-2.01,-27.5,14.8,27,-0.537,0,
C-B-1,3,0.88383,-29.3395,15.334,1234,1.51,16.2,14.9,27,2834,-2.01,-27.5,14.8,27,-0.499,0,
C-B-1,3,0.88483,-29.3778,15.3283,1233,1.01,14.5,14.9,27,2834,-2.01,-27.5,14.8,27,-0.537,0,
C-B-1,3,0.88583,-29.3778,15.3283,1233,1.01,14.5,14.9,27,2834,-1.51,-26.6,14.8,27,-0.537,0,
C-B-1,3,0.88683,-29.3778,15.3283,1233,1.01,14.5,14.9,27,2834,-1.51,-26.6,14.8,27,-0.537,0,
C-B-1,3,0.88783,-29.3778,15.3283,1233,0.0,12.8,14.9,27,2834,-1.51,-26.6,14.8,27,-0.537,0,
C-B-1,3,0.88883,-29.3778,15.3283,1233,0.0,12.8,14.9,27,2834,-1.51,-26.6,14.8,27,-0.537,0,
C-B-1,3,0.88983,-29.3778,15.3283,1233,0.0,12.8,14.9,27,2834,-1.01,-25.700000000000003,14.8,27,-0.537,0,
C-B-1,3,0.89083,-29.3778,15.3283,1233,0.0,12.8,14.9,27,2834,-1.01,-25.700000000000003,14.8,27,-0.537,0,
C-B-1,3,0.89183,-29.3778,15.3283,1233,0.0,12.8,14.9,27,2834,-1.01,-25.700000000000003,14.8,27,-0.537,0,
C-B-1,3,0.89283,-29.3778,15.3283,1233,0.0,12.8,14.9,27,2834,-1.01,-25.700000000000003,14.8,27,-0.537,0,
C-B-1,3,0.89383,-29.3778,15.3283,1233,0.0,12.8,14.9,27,2834,-1.01,-25.700000000000003,14.8,27,-0.537,0,
C-B-1,3,0.89483,-29.3778,15.3283,1233,0.0,12.8,14.9,27,2834,-1.01,-25.700000000000003,14.8,27,-0.537,0,
C-B-1,3,0.89583,-29.3778,15.3283,1233,0.0,12.8,14.9,27,2834,0.0,-24.0,14.8,27,-0.537,0,
C-B-1,3,0.89683,-29.3778,15.3283,1233,0.0,12.8,14.9,27,2834,0.0,-24.0,14.8,27,-0.537,0,
C-B-1,3,0.89783,-29.3778,15.3283,1233,0.0,12.8,14.9,27,2834,0.0,-24.0,14.8,27,-0.537,0,
C-B-1,3,0.89883,-29.3778,15.3283,1233,0.0,12.8,14.9,27,2834,0.0,-24.0,14.8,27,-0.537,0,
C-B-1,3,0.89983,-29.3778,15.3283,1233,0.0,12.8,14.9,27,2834,0.0,-24.0,14.8,27,-0.537,0,
C-B-1,3,0.90083,-29.3778,15.3283,1233,0.0,12.8,14.9,27,2834,0.0,-24.0,14.8,27,-0.537,0,
C-B-1,3,0.90183,-29.3778,15.3283,1233,0.0,12.8,14.9,27,2834,0.0,-24.0,14.8,27,-0.537,0,
C-B-1,3,0.90283,-29.3778,15.3283,1233,0.0,12.8,14.9,27,2834,0.0,-24.0,14.8,27,-0.537,0,
C-B-1,3,0.90383,-29.3778,15.3283,1233,0.0,12.8,14.9,27,2834,0.0,-24.0,14.8,27,-0.537,0,
C-B-1,3,0.90484,-29.3778,15.3283,1233,0.0,12.8,14.9,27,2834,0.0,-24.0,14.8,27,-0.537,0,
C-B-1,3,0.90583,-29.3778,15.3283,1233,0.0,12.8,14.9,27,2834,0.0,-24.0,14.8,27,-0.537,0,
C-B-1,3,0.90681,-29.3778,15.3283,1233,0.0,12.8,14.9,27,2834,0.0,-24.0,14.8,27,-0.537,0,
C-B-1,3,0.90781,-29.3395,15.334,1234,0.0,13.600000000000001,14.9,27,2835,0.0,-23.200000000000003,14.8,27,-0.46,0,
C-B-1,3,0.90881,-29.3778,15.3283,1233,0.0,12.8,14.9,27,2834,0.0,-24.0,14.8,27,-0.537,0,
C-B-1,3,0.90981,-29.3778,15.3283,1233,0.0,12.8,14.9,27,2834,0.0,-24.0,14.8,27,-0.537,0,
C-B-1,3,0.91081,-29.3778,15.3283,1233,0.0,12.8,14.9,27,2834,0.0,-24.0,14.8,27,-0.537,0,
C-B-1,3,0.91181,-29.3778,15.3283,1233,0.0,12.8,14.9,27,2834,0.0,-24.0,14.8,27,-0.537,0,
C-B-1,3,0.91281,-29.3778,15.3283,1233,0.0,12.8,14.9,27,2834,0.0,-24.0,14.8,27,-0.537,0,
C-B-1,3,0.91381,-29.3778,15.3283,1233,0.0,12.8,14.9,27,2834,0.0,-24.0,14.8,27,-0.537,0,
C-B-1,3,0.91481,-29.3778,15.3283,1233,0.0,12.8,14.9,27,2834,0.0,-24.0,14.8,27,-0.537,0,
C-B-1,3,0.91581,-29.3778,15.3283,1233,0.0,12.8,14.9,27,2834,0.0,-24.0,14.8,27,-0.537,0,
C-B-1,3,0.91681,-29.3778,15.3283,1233,0.0,12.8,14.9,27,2835,0.0,-23.200000000000003,14.8,27,-0.499,0,
C-B-1,3,0.91781,-29.4162,15.3225,1232,0.0,12.0,14.9,27,2834,0.0,-24.0,14.8,27,-0.575,0,
C-B-1,3,0.91881,-29.3778,15.3283,1233,0.0,12.8,14.9,27,2835,0.0,-23.200000000000003,14.8,27,-0.499,0,
C-B-1,3,0.91981,-29.3778,15.3283,1233,0.0,12.8,14.9,27,2834,0.0,-24.0,14.8,27,-0.537,0,
C-B-1,3,0.92081,-29.3778,15.3283,1233,0.0,12.8,14.9,27,2835,0.0,-23.200000000000003,14.8,27,-0.499,0,
C-B-1,3,0.92181,-29.3778,15.3283,1233,0.0,12.8,14.9,27,2835,0.0,-23.200000000000003,14.8,27,-0.499,0,
C-B-1,3,0.92281,-29.3778,15.3283,1233,0.0,12.8,14.9,27,2835,0.0,-23.200000000000003,14.8,27,-0.499,0,
C-B-1,3,0.92381,-29.3778,15.3283,1233,0.0,12.8,14.9,27,2835,0.0,-23.200000000000003,14.8,27,-0.499,0,
C-B-1,3,0.92481,-29.3778,15.3283,1233,0.0,12.8,14.9,27,2835,0.0,-23.200000000000003,14.8,27,-0.499,0,
C-B-1,3,0.92581,-29.4162,15.3225,1232,0.0,12.0,14.9,27,2835,0.0,-23.200000000000003,14.8,27,-0.537,0,
C-B-1,3,0.92682,-29.4162,15.3225,1232,0.0,12.0,14.9,27,2835,0.0,-23.200000000000003,14.8,27,-0.537,0,
C-B-1,3,0.92782,-29.4162,15.3225,1232,0.0,12.0,14.9,27,2835,0.0,-23.200000000000003,14.8,27,-0.537,0,
C-B-1,3,0.92881,-29.4162,15.3225,1232,0.0,12.0,14.9,27,2836,1.01,-20.700000000000003,14.8,27,-0.499,0,
C-B-1,3,0.92981,-29.4162,15.3225,1232,0.0,12.0,14.9,27,2836,1.01,-20.700000000000003,14.8,27,-0.499,0,
C-B-1,3,0.93081,-29.4162,15.3225,1232,0.0,12.0,14.9,27,2835,0.0,-23.200000000000003,14.8,27,-0.537,0,
C-B-1,3,0.93181,-29.4162,15.3225,1232,0.0,12.0,14.9,27,2836,1.01,-20.700000000000003,14.8,27,-0.499,0,
C-B-1,3,0.93281,-29.4162,15.3225,1232,0.0,12.0,14.9,27,2836,1.01,-20.700000000000003,14.8,27,-0.499,0,
C-B-1,3,0.93381,-29.4162,15.3225,1232,0.0,12.0,14.9,27,2836,1.01,-20.700000000000003,14.8,27,-0.499,0,
C-B-1,3,0.93482,-29.4162,15.3225,1232,0.0,12.0,14.9,27,2836,1.01,-20.700000000000003,14.8,27,-0.499,0,
C-B-1,3,0.93581,-29.4162,15.3225,1232,0.0,12.0,14.9,27,2836,1.01,-20.700000000000003,14.8,27,-0.499,0,
C-B-1,3,0.93681,-29.4162,15.3225,1232,-1.01,10.3,14.9,27,2836,0.0,-22.400000000000002,14.8,27,-0.499,0,
C-B-1,3,0.93781,-29.4162,15.3225,1232,0.0,12.0,14.9,27,2836,1.01,-20.700000000000003,14.8,27,-0.499,0,
C-B-1,3,0.93882,-29.4545,15.3167,1231,-1.01,9.5,14.9,27,2836,1.01,-20.700000000000003,14.8,27,-0.537,0,
C-B-1,3,0.93982,-29.4545,15.3167,1231,-1.01,9.5,14.9,27,2836,1.01,-20.700000000000003,14.8,27,-0.537,0,
C-B-1,3,0.94081,-29.4545,15.3167,1231,-1.01,9.5,14.9,27,2836,1.01,-20.700000000000003,14.8,27,-0.537,0,
C-B-1,3,0.94182,-29.4162,15.3225,1232,0.0,12.0,14.9,27,2837,1.51,-19.0,14.8,27,-0.46,0,
C-B-1,3,0.94282,-29.4545,15.3167,1231,-1.01,9.5,14.9,27,2837,1.51,-19.0,14.8,27,-0.499,0,
C-B-1,3,0.94382,-29.4545,15.3167,1231,-1.01,9.5,14.9,27,2838,2.01,-17.3,14.8,27,-0.46,0,
C-B-1,3,0.94482,-29.4545,15.3167,1231,-1.01,9.5,14.9,27,2837,1.51,-19.0,14.8,27,-0.499,0,
C-B-1,3,0.94582,-29.4545,15.3167,1231,-1.01,9.5,14.9,27,2837,1.01,-19.900000000000002,14.8,27,-0.499,0,
C-B-1,3,0.94682,-29.4545,15.3167,1231,0.0,11.200000000000001,14.9,27,2838,2.01,-17.3,14.8,27,-0.46,0,
C-B-1,3,0.94782,-29.4545,15.3167,1231,-1.01,9.5,14.9,27,2837,1.01,-19.900000000000002,14.8,27,-0.499,0,
C-B-1,3,0.94882,-29.4929,15.3109,1230,-1.51,7.800000000000001,14.9,27,2838,2.01,-17.3,14.8,27,-0.499,0,
C-B-1,3,0.94982,-29.4545,15.3167,1231,-1.01,9.5,14.9,27,2838,1.51,-18.2,14.8,27,-0.46,0,
C-B-1,3,0.95082,-29.4929,15.3109,1230,-1.51,7.800000000000001,14.9,27,2838,1.51,-18.2,14.8,27,-0.499,0,
C-B-1,3,0.95182,-29.4929,15.3109,1230,-1.51,7.800000000000001,14.9,27,2838,1.51,-18.2,14.8,27,-0.499,0,
C-B-1,3,0.95282,-29.4929,15.3109,1230,-1.51,7.800000000000001,14.9,27,2838,1.51,-18.2,14.8,27,-0.499,0,
C-B-1,3,0.95382,-29.4929,15.3109,1230,-1.51,7.800000000000001,14.9,27,2838,1.51,-18.2,14.8,27,-0.499,0,
C-B-1,3,0.95482,-29.4929,15.3109,1230,-1.01,8.700000000000001,14.9,27,2839,2.01,-16.5,14.8,27,-0.46,0,
C-B-1,3,0.95582,-29.4929,15.3109,1230,-1.01,8.700000000000001,14.9,27,2839,2.01,-16.5,14.8,27,-0.46,0,
C-B-1,3,0.95682,-29.4929,15.3109,1230,-1.01,8.700000000000001,14.9,27,2839,2.01,-16.5,14.8,27,-0.46,0,
C-B-1,3,0.95782,-29.4929,15.3109,1230,-1.01,8.700000000000001,14.9,27,2839,1.51,-17.400000000000002,14.8,27,-0.46,0,
C-B-1,3,0.95882,-29.4929,15.3109,1230,-1.01,8.700000000000001,14.9,27,2839,1.51,-17.400000000000002,14.8,27,-0.46,0,
C-B-1,3,0.95982,-29.4929,15.3109,1230,-1.01,8.700000000000001,14.9,27,2839,1.51,-17.400000000000002,14.8,27,-0.46,0,
C-B-1,3,0.96082,-29.4929,15.3109,1230,-1.01,8.700000000000001,14.9,27,2840,2.52,-14.9,14.8,27,-0.422,0,
C-B-1,3,0.96182,-29.4929,15.3109,1230,-1.01,8.700000000000001,14.9,27,2840,2.01,-15.700000000000001,14.8,27,-0.422,0,
C-B-1,3,0.96282,-29.4929,15.3109,1230,-1.01,8.700000000000001,14.9,27,2840,2.01,-15.700000000000001,14.8,27,-0.422,0,
C-B-1,3,0.96382,-29.5313,15.3051,1229,-1.51,7.0,14.9,27,2840,2.01,-15.700000000000001,14.8,27,-0.46,0,
C-B-1,3,0.96482,-29.4929,15.3109,1230,-1.01,8.700000000000001,14.9,27,2840,2.01,-15.700000000000001,14.8,27,-0.422,0,
C-B-1,3,0.96582,-29.5313,15.3051,1229,-1.51,7.0,14.9,27,2840,2.01,-15.700000000000001,14.8,27,-0.46,0,
C-B-1,3,0.96682,-29.5313,15.3051,1229,-1.51,7.0,14.9,27,2840,2.01,-15.700000000000001,14.8,27,-0.46,0,
C-B-1,3,0.96782,-29.5313,15.3051,1229,-1.01,7.9,14.9,27,2841,2.52,-14.100000000000001,14.8,27,-0.422,0,
C-B-1,3,0.96882,-29.5313,15.3051,1229,-1.01,7.9,14.9,27,2841,2.52,-14.100000000000001,14.8,27,-0.422,0,
C-B-1,3,0.96982,-29.5313,15.3051,1229,-1.01,7.9,14.9,27,2841,2.52,-14.100000000000001,14.8,27,-0.422,0,
C-B-1,3,0.97082,-29.5313,15.3051,1229,-1.51,7.0,14.9,27,2841,2.01,-14.9,14.8,27,-0.422,0,
C-B-1,3,0.97182,-29.5313,15.3051,1229,-1.01,7.9,14.9,27,2841,2.01,-14.9,14.8,27,-0.422,0,
C-B-1,3,0.97282,-29.5313,15.3051,1229,-1.01,7.9,14.9,27,2842,2.01,-14.100000000000001,14.8,27,-0.384,0,
C-B-1,3,0.97382,-29.5313,15.3051,1229,-1.01,7.9,14.9,27,2842,2.52,-13.3,14.8,27,-0.384,0,
C-B-1,3,0.97482,-29.5696,15.2993,1228,-1.51,6.2,14.9,27,2842,2.52,-13.3,14.8,27,-0.422,0,
C-B-1,3,0.97582,-29.5313,15.3051,1229,-1.01,7.9,14.9,27,2842,2.01,-14.100000000000001,14.8,27,-0.384,0,
C-B-1,3,0.97682,-29.5696,15.2993,1228,-1.51,6.2,14.9,27,2842,2.52,-13.3,14.8,27,-0.422,0,
C-B-1,3,0.97782,-29.5313,15.3051,1229,0.0,9.600000000000001,14.9,27,2842,2.01,-14.100000000000001,14.8,27,-0.384,0,
C-B-1,3,0.97882,-29.5696,15.2993,1228,-1.51,6.2,14.9,27,2842,2.01,-14.100000000000001,14.8,27,-0.422,0,
C-B-1,3,0.97982,-29.5696,15.2993,1228,-1.01,7.1000000000000005,14.9,27,2842,2.01,-14.100000000000001,14.8,27,-0.422,0,
C-B-1,3,0.98082,-29.5313,15.3051,1229,0.0,9.600000000000001,14.9,27,2842,2.52,-12.5,14.8,27,-0.384,0,
C-B-1,3,0.98182,-29.5696,15.2993,1228,-1.01,7.1000000000000005,14.9,27,2843,2.01,-14.100000000000001,14.8,27,-0.384,0,
C-B-1,3,0.98282,-29.5696,15.2993,1228,-1.01,7.1000000000000005,14.9,27,2842,2.52,-12.5,14.8,27,-0.422,0,
C-B-1,3,0.98382,-29.5696,15.2993,1228,-1.01,7.1000000000000005,14.9,27,2843,2.01,-13.3,14.8,27,-0.384,0,
C-B-1,3,0.98482,-29.5696,15.2993,1228,-1.01,7.1000000000000005,14.9,27,2843,2.01,-13.3,14.8,27,-0.384,0,
C-B-1,3,0.98582,-29.5696,15.2993,1228,-1.01,7.1000000000000005,14.9,27,2843,2.01,-13.3,15.1,27,-0.384,0,
C-B-1,3,0.98682,-29.5696,15.2993,1228,-1.01,7.1000000000000005,14.9,27,2843,2.01,-13.3,15.1,27,-0.384,0,
C-B-1,3,0.98782,-29.5696,15.2993,1228,-1.01,7.1000000000000005,14.9,27,2843,2.01,-13.3,15.1,27,-0.384,0,
C-B-1,3,0.98882,-29.5696,15.2993,1228,-1.01,7.1000000000000005,14.9,27,2843,2.01,-13.3,15.1,27,-0.384,0,
C-B-1,3,0.98982,-29.5696,15.2993,1228,-1.01,7.1000000000000005,14.9,27,2843,1.51,-14.200000000000001,15.1,27,-0.384,0,
C-B-1,3,0.99082,-29.5696,15.2993,1228,-1.01,7.1000000000000005,14.9,27,2843,1.51,-14.200000000000001,15.1,27,-0.384,0,
C-B-1,3,0.99183,-29.5696,15.2993,1228,-1.01,7.1000000000000005,14.9,27,2843,1.51,-14.200000000000001,15.1,27,-0.384,0,
C-B-1,3,0.99283,-29.5696,15.2993,1228,0.0,8.8,14.9,27,2844,2.01,-12.5,15.1,27,-0.345,0,
C-B-1,3,0.99382,-29.5696,15.2993,1228,0.0,8.8,14.9,27,2844,2.01,-12.5,15.1,27,-0.345,0,
C-B-1,3,0.99483,-29.5696,15.2993,1228,0.0,8.8,14.9,27,2844,2.01,-12.5,15.1,27,-0.345,0,
C-B-1,3,0.99583,-29.5696,15.2993,1228,0.0,8.8,14.9,27,2844,2.01,-12.5,15.1,27,-0.345,0,
C-B-1,3,0.99683,-29.608,15.2935,1227,-1.01,6.300000000000001,14.9,27,2844,1.51,-13.4,15.1,27,-0.384,0,
C-B-1,3,0.99782,-29.5696,15.2993,1228,0.0,8.8,14.9,27,2844,1.51,-13.4,15.1,27,-0.345,0,
C-B-1,3,0.99883,-29.608,15.2935,1227,-1.01,6.300000000000001,14.9,27,2844,1.51,-13.4,15.1,27,-0.384,0,
C-B-1,3,0.99983,-29.608,15.2935,1227,-1.01,6.300000000000001,14.9,27,2844,1.51,-13.4,15.1,27,-0.384,0,
C-B-1,3,1.00083,-29.608,15.2935,1227,-1.01,6.300000000000001,14.9,27,2844,1.51,-13.4,15.1,27,-0.384,0,
C-B-1,3,1.00183,-29.5696,15.2993,1228,0.0,8.8,14.9,27,2844,1.51,-13.4,15.1,27,-0.345,0,
C-B-1,3,1.00283,-29.608,15.2935,1227,-1.01,6.300000000000001,14.9,27,2844,1.01,-14.3,15.1,27,-0.384,0,
C-B-1,3,1.00383,-29.608,15.2935,1227,0.0,8.0,14.9,27,2844,1.01,-14.3,15.1,27,-0.384,0,
C-B-1,3,1.00483,-29.608,15.2935,1227,-1.01,6.300000000000001,14.9,27,2844,1.01,-14.3,15.1,27,-0.384,0,
C-B-1,3,1.00583,-29.5696,15.2993,1228,0.0,8.8,14.9,27,2844,1.01,-14.3,15.1,27,-0.345,0,
C-B-1,3,1.00683,-29.5696,15.2993,1228,0.0,8.8,14.9,27,2844,1.01,-14.3,15.1,27,-0.345,0,
C-B-1,3,1.00783,-29.5696,15.2993,1228,0.0,8.8,14.9,27,2844,1.01,-14.3,15.1,27,-0.345,0,
C-B-1,3,1.00883,-29.5696,15.2993,1228,0.0,8.8,14.9,27,2844,1.01,-14.3,15.1,27,-0.345,0,
C-B-1,3,1.00983,-29.608,15.2935,1227,-1.01,6.300000000000001,14.9,27,2844,1.01,-14.3,15.1,27,-0.384,0,
C-B-1,3,1.01083,-29.608,15.2935,1227,0.0,8.0,14.9,27,2844,0.0,-16.0,15.1,27,-0.384,0,
C-B-1,3,1.01183,-29.608,15.2935,1227,0.0,8.0,14.9,27,2844,0.0,-16.0,15.1,27,-0.384,0,
C-B-1,3,1.01283,-29.608,15.2935,1227,0.0,8.0,14.9,27,2844,0.0,-16.0,15.1,27,-0.384,0,
C-B-1,3,1.01383,-29.608,15.2935,1227,0.0,8.0,14.9,27,2844,0.0,-16.0,15.1,27,-0.384,0,
C-B-1,3,1.01483,-29.5696,15.2993,1228,0.0,8.8,14.9,27,2844,0.0,-16.0,15.1,27,-0.345,0,
C-B-1,3,1.01583,-29.5696,15.2993,1228,0.0,8.8,14.9,27,2844,0.0,-16.0,15.1,27,-0.345,0,
C-B-1,3,1.01683,-29.608,15.2935,1227,0.0,8.0,14.9,27,2844,0.0,-16.0,15.1,27,-0.384,0,
C-B-1,3,1.01783,-29.5696,15.2993,1228,0.0,8.8,14.9,27,2844,0.0,-16.0,15.1,27,-0.345,0,
C-B-1,3,1.01883,-29.5696,15.2993,1228,0.0,8.8,14.9,27,2844,0.0,-16.0,15.1,27,-0.345,0,
C-B-1,3,1.01983,-29.5696,15.2993,1228,0.0,8.8,14.9,27,2844,0.0,-16.0,15.1,27,-0.345,0,
C-B-1,3,1.02083,-29.5696,15.2993,1228,0.0,8.8,14.9,27,2844,0.0,-16.0,15.1,27,-0.345,0,
C-B-1,3,1.02183,-29.5696,15.2993,1228,0.0,8.8,14.9,27,2844,0.0,-16.0,15.1,27,-0.345,0,
C-B-1,3,1.02283,-29.5696,15.2993,1228,0.0,8.8,14.9,27,2844,0.0,-16.0,15.1,27,-0.345,0,
C-B-1,3,1.02383,-29.608,15.2935,1227,0.0,8.0,14.9,27,2844,0.0,-16.0,15.1,27,-0.384,0,
C-B-1,3,1.02483,-29.5696,15.2993,1228,0.0,8.8,14.9,27,2844,0.0,-16.0,15.1,27,-0.345,0,
C-B-1,3,1.02583,-29.5696,15.2993,1228,0.0,8.8,14.9,27,2843,0.0,-16.8,15.1,27,-0.384,0,
C-B-1,3,1.02683,-29.5696,15.2993,1228,0.0,8.8,14.9,27,2844,0.0,-16.0,15.1,27,-0.345,0,
C-B-1,3,1.02783,-29.5696,15.2993,1228,0.0,8.8,14.9,27,2844,0.0,-16.0,15.1,27,-0.345,0,
C-B-1,3,1.02883,-29.5696,15.2993,1228,0.0,8.8,14.9,27,2844,0.0,-16.0,15.1,27,-0.345,0,
C-B-1,3,1.02983,-29.5696,15.2993,1228,0.0,8.8,14.9,27,2843,0.0,-16.8,15.1,27,-0.384,0,
C-B-1,3,1.03083,-29.5696,15.2993,1228,0.0,8.8,14.9,27,2844,0.0,-16.0,15.1,27,-0.345,0,
C-B-1,3,1.03183,-29.5696,15.2993,1228,0.0,8.8,14.9,27,2843,0.0,-16.8,15.1,27,-0.384,0,
C-B-1,3,1.03283,-29.5696,15.2993,1228,0.0,8.8,14.9,27,2843,0.0,-16.8,15.1,27,-0.384,0,
C-B-1,3,1.03383,-29.5696,15.2993,1228,0.0,8.8,14.9,27,2843,0.0,-16.8,15.1,27,-0.384,0,
C-B-1,3,1.03483,-29.5696,15.2993,1228,0.0,8.8,14.9,27,2843,0.0,-16.8,15.1,27,-0.384,0,
C-B-1,3,1.03583,-29.5313,15.3051,1229,0.0,9.600000000000001,14.9,27,2843,0.0,-16.8,15.1,27,-0.345,0,
C-B-1,3,1.03683,-29.5313,15.3051,1229,0.0,9.600000000000001,14.9,27,2843,0.0,-16.8,15.1,27,-0.345,0,
C-B-1,3,1.03783,-29.5696,15.2993,1228,0.0,8.8,14.9,27,2843,0.0,-16.8,15.1,27,-0.384,0,
C-B-1,3,1.03883,-29.5696,15.2993,1228,0.0,8.8,14.9,27,2843,0.0,-16.8,15.1,27,-0.384,0,
C-B-1,3,1.03983,-29.5696,15.2993,1228,0.0,8.8,14.9,27,2843,0.0,-16.8,15.1,27,-0.384,0,
C-B-1,3,1.04083,-29.5313,15.3051,1229,1.01,11.3,14.9,27,2843,0.0,-16.8,15.1,27,-0.345,0,
C-B-1,3,1.04184,-29.5313,15.3051,1229,1.01,11.3,14.9,27,2843,0.0,-16.8,15.1,27,-0.345,0,
C-B-1,3,1.04284,-29.5313,15.3051,1229,1.01,11.3,14.9,27,2842,-1.01,-19.3,15.1,27,-0.384,0,
C-B-1,3,1.04383,-29.5313,15.3051,1229,0.0,9.600000000000001,14.9,27,2842,-1.01,-19.3,15.1,27,-0.384,0,
C-B-1,3,1.04484,-29.5313,15.3051,1229,0.0,9.600000000000001,14.9,27,2842,-1.01,-19.3,15.1,27,-0.384,0,
C-B-1,3,1.04584,-29.5313,15.3051,1229,1.01,11.3,14.9,27,2842,-1.01,-19.3,15.1,27,-0.384,0,
C-B-1,3,1.04683,-29.5313,15.3051,1229,0.0,9.600000000000001,14.9,27,2842,-1.01,-19.3,15.1,27,-0.384,0,
C-B-1,3,1.04784,-29.5313,15.3051,1229,0.0,9.600000000000001,14.9,27,2842,-1.01,-19.3,15.1,27,-0.384,0,
C-B-1,3,1.04884,-29.5313,15.3051,1229,0.0,9.600000000000001,14.9,27,2842,-1.01,-19.3,15.1,27,-0.384,0,
C-B-1,3,1.04984,-29.5313,15.3051,1229,0.0,9.600000000000001,14.9,27,2842,-1.01,-19.3,15.1,27,-0.384,0,
C-B-1,3,1.05084,-29.5313,15.3051,1229,0.0,9.600000000000001,14.9,27,2842,-1.01,-19.3,15.1,27,-0.384,0,
C-B-1,3,1.05184,-29.4929,15.3109,1230,1.01,12.100000000000001,14.9,27,2841,-1.51,-21.0,15.1,27,-0.384,0,
C-B-1,3,1.05284,-29.4929,15.3109,1230,1.51,13.0,14.9,27,2842,-1.01,-19.3,15.1,27,-0.345,0,
C-B-1,3,1.05384,-29.4929,15.3109,1230,1.01,12.100000000000001,14.9,27,2841,-1.51,-21.0,15.1,27,-0.384,0,
C-B-1,3,1.05484,-29.4929,15.3109,1230,1.01,12.100000000000001,14.9,27,2841,-1.01,-20.1,15.1,27,-0.384,0,
C-B-1,3,1.05584,-29.4929,15.3109,1230,1.01,12.100000000000001,14.9,27,2841,-1.51,-21.0,15.1,27,-0.384,0,
C-B-1,3,1.05684,-29.4929,15.3109,1230,1.01,12.100000000000001,14.9,27,2841,-1.51,-21.0,15.1,27,-0.384,0,
C-B-1,3,1.05784,-29.4929,15.3109,1230,1.01,12.100000000000001,14.9,27,2841,-1.51,-21.0,15.1,27,-0.384,0,
C-B-1,3,1.05884,-29.4929,15.3109,1230,1.01,12.100000000000001,14.9,27,2841,-1.01,-20.1,15.1,27,-0.384,0,
C-B-1,3,1.05984,-29.4929,15.3109,1230,1.01,12.100000000000001,14.9,27,2841,-1.51,-21.0,15.1,27,-0.384,0,
C-B-1,3,1.06084,-29.4929,15.3109,1230,1.01,12.100000000000001,14.9,27,2841,-1.01,-20.1,15.1,27,-0.384,0,
C-B-1,3,1.06184,-29.4929,15.3109,1230,1.01,12.100000000000001,14.9,27,2840,-1.51,-21.8,15.1,27,-0.422,0,
C-B-1,3,1.06284,-29.4929,15.3109,1230,1.01,12.100000000000001,14.9,27,2840,-1.51,-21.8,15.1,27,-0.422,0,
C-B-1,3,1.06384,-29.4929,15.3109,1230,1.01,12.100000000000001,14.9,27,2840,-1.51,-21.8,15.1,27,-0.422,0,
C-B-1,3,1.06484,-29.4929,15.3109,1230,1.01,12.100000000000001,14.9,27,2840,-1.51,-21.8,15.1,27,-0.422,0,
C-B-1,3,1.06584,-29.4929,15.3109,1230,0.0,10.4,14.9,27,2840,-1.51,-21.8,15.1,27,-0.422,0,
C-B-1,3,1.06684,-29.4929,15.3109,1230,1.01,12.100000000000001,14.9,27,2840,-1.51,-21.8,15.1,27,-0.422,0,
C-B-1,3,1.06784,-29.4929,15.3109,1230,1.01,12.100000000000001,14.9,27,2840,-1.51,-21.8,15.1,27,-0.422,0,
C-B-1,3,1.06884,-29.4929,15.3109,1230,1.01,12.100000000000001,14.9,27,2840,-1.51,-21.8,15.1,27,-0.422,0,
C-B-1,3,1.06984,-29.4929,15.3109,1230,0.0,10.4,14.9,27,2840,-1.51,-21.8,15.1,27,-0.422,0,
C-B-1,3,1.07084,-29.4545,15.3167,1231,1.01,12.9,14.9,27,2840,-1.01,-20.900000000000002,15.1,27,-0.384,0,
C-B-1,3,1.07184,-29.4545,15.3167,1231,1.01,12.9,14.9,27,2840,-1.51,-22.6,15.1,27,-0.384,0,
C-B-1,3,1.07284,-29.4545,15.3167,1231,1.01,12.9,14.9,27,2839,-1.51,-22.6,15.1,27,-0.422,0,
C-B-1,3,1.07384,-29.4545,15.3167,1231,1.01,12.9,14.9,27,2839,-1.51,-22.6,15.1,27,-0.422,0,
C-B-1,3,1.07484,-29.4929,15.3109,1230,0.0,10.4,14.9,27,2839,-1.51,-22.6,15.1,27,-0.46,0,
C-B-1,3,1.07584,-29.4545,15.3167,1231,1.01,12.9,14.9,27,2839,-1.51,-22.6,15.1,27,-0.422,0,
C-B-1,3,1.07684,-29.4545,15.3167,1231,1.01,12.9,14.9,27,2839,-1.51,-22.6,15.1,27,-0.422,0,
C-B-1,3,1.07784,-29.4545,15.3167,1231,1.01,12.9,14.9,27,2839,-1.51,-22.6,15.1,27,-0.422,0,
C-B-1,3,1.07884,-29.4545,15.3167,1231,1.01,12.9,14.9,27,2839,-1.51,-22.6,15.1,27,-0.422,0,
C-B-1,3,1.07984,-29.4545,15.3167,1231,1.01,12.9,14.9,27,2839,-1.51,-22.6,15.1,27,-0.422,0,
C-B-1,3,1.08084,-29.4545,15.3167,1231,0.0,11.200000000000001,14.9,27,2839,-1.01,-21.700000000000003,15.1,27,-0.422,0,
C-B-1,3,1.08184,-29.4545,15.3167,1231,0.0,11.200000000000001,14.9,27,2838,-1.51,-23.400000000000002,15.1,27,-0.46,0,
C-B-1,3,1.08284,-29.4545,15.3167,1231,0.0,11.200000000000001,14.9,27,2838,-2.01,-24.3,15.1,27,-0.46,0,
C-B-1,3,1.08384,-29.4162,15.3225,1232,1.01,13.700000000000001,14.9,27,2838,-1.51,-23.400000000000002,15.1,27,-0.422,0,
C-B-1,3,1.08484,-29.4545,15.3167,1231,0.0,11.200000000000001,14.9,27,2838,-1.51,-23.400000000000002,15.1,27,-0.46,0,
C-B-1,3,1.08584,-29.4545,15.3167,1231,0.0,11.200000000000001,14.9,27,2838,-1.51,-23.400000000000002,15.1,27,-0.46,0,
C-B-1,3,1.08684,-29.4545,15.3167,1231,0.0,11.200000000000001,14.9,27,2838,-1.51,-23.400000000000002,15.1,27,-0.46,0,
C-B-1,3,1.08784,-29.4162,15.3225,1232,1.01,13.700000000000001,14.9,27,2838,-1.51,-23.400000000000002,15.1,27,-0.422,0,
C-B-1,3,1.08885,-29.4545,15.3167,1231,0.0,11.200000000000001,14.9,27,2838,-1.51,-23.400000000000002,15.1,27,-0.46,0,
C-B-1,3,1.08985,-29.4545,15.3167,1231,0.0,11.200000000000001,14.9,27,2838,-1.51,-23.400000000000002,15.1,27,-0.46,0,
C-B-1,3,1.09084,-29.4162,15.3225,1232,1.01,13.700000000000001,14.9,27,2838,-1.01,-22.5,15.1,27,-0.422,0,
C-B-1,3,1.09184,-29.4545,15.3167,1231,0.0,11.200000000000001,14.9,27,2838,-1.01,-22.5,15.1,27,-0.46,0,
C-B-1,3,1.09284,-29.4162,15.3225,1232,1.01,13.700000000000001,14.9,27,2838,-1.01,-22.5,15.1,27,-0.422,0,
C-B-1,3,1.09384,-29.4162,15.3225,1232,1.01,13.700000000000001,14.9,27,2838,-1.01,-22.5,15.1,27,-0.422,0,
C-B-1,3,1.09485,-29.4162,15.3225,1232,1.01,13.700000000000001,14.9,27,2838,-1.01,-22.5,15.1,27,-0.422,0,
C-B-1,3,1.09585,-29.4162,15.3225,1232,1.01,13.700000000000001,14.9,27,2837,-1.51,-24.200000000000003,15.1,27,-0.46,0,
C-B-1,3,1.09684,-29.4162,15.3225,1232,1.01,13.700000000000001,14.9,27,2837,-1.51,-24.200000000000003,15.1,27,-0.46,0,
C-B-1,3,1.09785,-29.4162,15.3225,1232,1.01,13.700000000000001,14.9,27,2837,-1.51,-24.200000000000003,15.1,27,-0.46,0,
C-B-1,3,1.09884,-29.4162,15.3225,1232,1.01,13.700000000000001,14.9,27,2837,-1.51,-24.200000000000003,15.1,27,-0.46,0,
C-B-1,3,1.09985,-29.4162,15.3225,1232,0.0,12.0,14.9,27,2837,-1.51,-24.200000000000003,15.1,27,-0.46,0,
C-B-1,3,1.10084,-29.4162,15.3225,1232,0.0,12.0,14.9,27,2837,-1.51,-24.200000000000003,15.1,27,-0.46,0,
C-B-1,3,1.10185,-29.4162,15.3225,1232,0.0,12.0,14.9,27,2837,-1.01,-23.3,15.1,27,-0.46,0,
C-B-1,3,1.10285,-29.4162,15.3225,1232,0.0,12.0,15.2,27,2837,-1.01,-23.3,14.8,27,-0.46,0,
C-B-1,3,1.10385,-29.4162,15.3225,1232,1.01,13.700000000000001,15.2,27,2837,-1.01,-23.3,14.8,27,-0.46,0,
C-B-1,3,1.10485,-29.4162,15.3225,1232,0.0,12.0,15.2,27,2837,-1.01,-23.3,14.8,27,-0.46,0,
C-B-1,3,1.10585,-29.4162,15.3225,1232,0.0,12.0,15.2,27,2837,-1.01,-23.3,14.8,27,-0.46,0,
C-B-1,3,1.10685,-29.4162,15.3225,1232,0.0,12.0,15.2,27,2837,-1.01,-23.3,14.8,27,-0.46,0,
C-B-1,3,1.10785,-29.4162,15.3225,1232,0.0,12.0,15.2,27,2837,-1.01,-23.3,14.8,27,-0.46,0,
C-B-1,3,1.10885,-29.4162,15.3225,1232,0.0,12.0,15.2,27,2836,-1.51,-25.0,14.8,27,-0.499,0,
C-B-1,3,1.10985,-29.4162,15.3225,1232,0.0,12.0,15.2,27,2836,-1.51,-25.0,14.8,27,-0.499,0,
C-B-1,3,1.11085,-29.4162,15.3225,1232,0.0,12.0,15.2,27,2836,-1.01,-24.1,14.8,27,-0.499,0,
C-B-1,3,1.11185,-29.4162,15.3225,1232,0.0,12.0,15.2,27,2837,0.0,-21.6,14.8,27,-0.46,0,
C-B-1,3,1.11285,-29.4162,15.3225,1232,0.0,12.0,15.2,27,2836,-1.01,-24.1,14.8,27,-0.499,0,
C-B-1,3,1.11385,-29.4162,15.3225,1232,0.0,12.0,15.2,27,2837,0.0,-21.6,14.8,27,-0.46,0,
C-B-1,3,1.11485,-29.4162,15.3225,1232,0.0,12.0,15.2,27,2836,-1.01,-24.1,14.8,27,-0.499,0,
C-B-1,3,1.11585,-29.4162,15.3225,1232,0.0,12.0,15.2,27,2836,-1.01,-24.1,14.8,27,-0.499,0,
C-B-1,3,1.11685,-29.4162,15.3225,1232,0.0,12.0,15.2,27,2836,-1.01,-24.1,14.8,27,-0.499,0,
C-B-1,3,1.11785,-29.3778,15.3283,1233,1.01,14.5,15.2,27,2836,-1.01,-24.1,14.8,27,-0.46,0,
C-B-1,3,1.11885,-29.4162,15.3225,1232,0.0,12.0,15.2,27,2836,-1.01,-24.1,14.8,27,-0.499,0,
C-B-1,3,1.11985,-29.4162,15.3225,1232,0.0,12.0,15.2,27,2836,-1.01,-24.1,14.8,27,-0.499,0,
C-B-1,3,1.12085,-29.4162,15.3225,1232,0.0,12.0,15.2,27,2836,-1.01,-24.1,14.8,27,-0.499,0,
C-B-1,3,1.12185,-29.4162,15.3225,1232,0.0,12.0,15.2,27,2837,0.0,-21.6,14.8,27,-0.46,0,
C-B-1,3,1.12285,-29.4162,15.3225,1232,0.0,12.0,15.2,27,2836,0.0,-22.400000000000002,14.8,27,-0.499,0,
C-B-1,3,1.12385,-29.4162,15.3225,1232,0.0,12.0,15.2,27,2836,-1.01,-24.1,14.8,27,-0.499,0,
C-B-1,3,1.12485,-29.4162,15.3225,1232,0.0,12.0,15.2,27,2836,-1.01,-24.1,14.8,27,-0.499,0,
C-B-1,3,1.12585,-29.4162,15.3225,1232,0.0,12.0,15.2,27,2837,0.0,-21.6,14.8,27,-0.46,0,
C-B-1,3,1.12685,-29.4162,15.3225,1232,0.0,12.0,15.2,27,2836,0.0,-22.400000000000002,14.8,27,-0.499,0,
C-B-1,3,1.12785,-29.4162,15.3225,1232,0.0,12.0,15.2,27,2836,0.0,-22.400000000000002,14.8,27,-0.499,0,
C-B-1,3,1.12885,-29.3778,15.3283,1233,0.0,12.8,15.2,27,2836,0.0,-22.400000000000002,14.8,27,-0.46,0,
C-B-1,3,1.12985,-29.4162,15.3225,1232,0.0,12.0,15.2,27,2836,0.0,-22.400000000000002,14.8,27,-0.499,0,
C-B-1,3,1.13085,-29.4162,15.3225,1232,0.0,12.0,15.2,27,2837,0.0,-21.6,14.8,27,-0.46,0,
C-B-1,3,1.13185,-29.3778,15.3283,1233,0.0,12.8,15.2,27,2836,0.0,-22.400000000000002,14.8,27,-0.46,0,
C-B-1,3,1.13285,-29.4162,15.3225,1232,0.0,12.0,15.2,27,2836,0.0,-22.400000000000002,14.8,27,-0.499,0,
C-B-1,3,1.13385,-29.4162,15.3225,1232,0.0,12.0,15.2,27,2836,0.0,-22.400000000000002,14.8,27,-0.499,0,
C-B-1,3,1.13485,-29.4162,15.3225,1232,0.0,12.0,15.2,27,2837,0.0,-21.6,14.8,27,-0.46,0,
C-B-1,3,1.13585,-29.4162,15.3225,1232,0.0,12.0,15.2,27,2837,0.0,-21.6,14.8,27,-0.46,0,
C-B-1,3,1.13685,-29.4162,15.3225,1232,0.0,12.0,15.2,27,2836,0.0,-22.400000000000002,14.8,27,-0.499,0,
C-B-1,3,1.13785,-29.4162,15.3225,1232,0.0,12.0,15.2,27,2836,0.0,-22.400000000000002,14.8,27,-0.499,0,
C-B-1,3,1.13885,-29.4162,15.3225,1232,0.0,12.0,15.2,27,2836,0.0,-22.400000000000002,14.8,27,-0.499,0,
C-B-1,3,1.13985,-29.4162,15.3225,1232,0.0,12.0,15.2,27,2836,0.0,-22.400000000000002,14.8,27,-0.499,0,
C-B-1,3,1.14085,-29.4162,15.3225,1232,0.0,12.0,15.2,27,2836,0.0,-22.400000000000002,14.8,27,-0.499,0,
C-B-1,3,1.14185,-29.4162,15.3225,1232,0.0,12.0,15.2,27,2837,0.0,-21.6,14.8,27,-0.46,0,
C-B-1,3,1.14285,-29.4162,15.3225,1232,0.0,12.0,15.2,27,2837,0.0,-21.6,14.8,27,-0.46,0,
C-B-1,3,1.14385,-29.4162,15.3225,1232,0.0,12.0,15.2,27,2836,0.0,-22.400000000000002,14.8,27,-0.499,0,
C-B-1,3,1.14485,-29.4162,15.3225,1232,0.0,12.0,15.2,27,2836,0.0,-22.400000000000002,14.8,27,-0.499,0,
C-B-1,3,1.14585,-29.4162,15.3225,1232,0.0,12.0,15.2,27,2837,0.0,-21.6,14.8,27,-0.46,0,
C-B-1,3,1.14685,-29.4162,15.3225,1232,0.0,12.0,15.2,27,2837,0.0,-21.6,14.8,27,-0.46,0,
C-B-1,3,1.14785,-29.4162,15.3225,1232,0.0,12.0,15.2,27,2836,0.0,-22.400000000000002,14.8,27,-0.499,0,
C-B-1,3,1.14885,-29.4162,15.3225,1232,0.0,12.0,15.2,27,2836,0.0,-22.400000000000002,14.8,27,-0.499,0,
C-B-1,3,1.14986,-29.4162,15.3225,1232,0.0,12.0,15.2,27,2837,0.0,-21.6,14.8,27,-0.46,0,
C-B-1,3,1.15086,-29.4162,15.3225,1232,0.0,12.0,15.2,27,2837,0.0,-21.6,14.8,27,-0.46,0,
C-B-1,3,1.15185,-29.4162,15.3225,1232,0.0,12.0,15.2,27,2837,0.0,-21.6,14.8,27,-0.46,0,
C-B-1,3,1.15286,-29.4162,15.3225,1232,0.0,12.0,15.2,27,2837,0.0,-21.6,14.8,27,-0.46,0,
C-B-1,3,1.15386,-29.4162,15.3225,1232,0.0,12.0,15.2,27,2837,0.0,-21.6,14.8,27,-0.46,0,
C-B-1,3,1.15486,-29.4162,15.3225,1232,0.0,12.0,15.2,27,2837,0.0,-21.6,14.8,27,-0.46,0,
C-B-1,3,1.15586,-29.4162,15.3225,1232,0.0,12.0,15.2,27,2837,0.0,-21.6,14.8,27,-0.46,0,
C-B-1,3,1.15686,-29.4162,15.3225,1232,0.0,12.0,15.2,27,2837,0.0,-21.6,14.8,27,-0.46,0,
C-B-1,3,1.15786,-29.4162,15.3225,1232,0.0,12.0,15.2,27,2837,0.0,-21.6,14.8,27,-0.46,0,
C-B-1,3,1.15886,-29.4162,15.3225,1232,0.0,12.0,15.2,27,2837,0.0,-21.6,14.8,27,-0.46,0,
C-B-1,3,1.15986,-29.4162,15.3225,1232,0.0,12.0,15.2,27,2837,0.0,-21.6,14.8,27,-0.46,0,
C-B-1,3,1.16086,-29.4162,15.3225,1232,0.0,12.0,15.2,27,2837,0.0,-21.6,14.8,27,-0.46,0,
C-B-1,3,1.16186,-29.4162,15.3225,1232,0.0,12.0,15.2,27,2837,0.0,-21.6,14.8,27,-0.46,0,
C-B-1,3,1.16286,-29.4162,15.3225,1232,0.0,12.0,15.2,27,2837,0.0,-21.6,14.8,27,-0.46,0,
C-B-1,3,1.16386,-29.4545,15.3167,1231,0.0,11.200000000000001,15.2,27,2837,0.0,-21.6,14.8,27,-0.499,0,
C-B-1,3,1.16486,-29.4545,15.3167,1231,0.0,11.200000000000001,15.2,27,2837,0.0,-21.6,14.8,27,-0.499,0,
C-B-1,3,1.16586,-29.4545,15.3167,1231,0.0,11.200000000000001,15.2,27,2838,0.0,-20.8,14.8,27,-0.46,0,
C-B-1,3,1.16686,-29.4545,15.3167,1231,0.0,11.200000000000001,15.2,27,2837,0.0,-21.6,14.8,27,-0.499,0,
C-B-1,3,1.16786,-29.4545,15.3167,1231,0.0,11.200000000000001,15.2,27,2838,1.01,-19.1,14.8,27,-0.46,0,
C-B-1,3,1.16886,-29.4545,15.3167,1231,0.0,11.200000000000001,15.2,27,2837,0.0,-21.6,14.8,27,-0.499,0,
C-B-1,3,1.16986,-29.4545,15.3167,1231,0.0,11.200000000000001,15.2,27,2838,1.01,-19.1,14.8,27,-0.46,0,
C-B-1,3,1.17086,-29.4545,15.3167,1231,0.0,11.200000000000001,15.2,27,2838,0.0,-20.8,14.8,27,-0.46,0,
C-B-1,3,1.17186,-29.4545,15.3167,1231,0.0,11.200000000000001,15.2,27,2838,0.0,-20.8,14.8,27,-0.46,0,
C-B-1,3,1.17286,-29.4545,15.3167,1231,0.0,11.200000000000001,15.2,27,2838,1.01,-19.1,14.8,27,-0.46,0,
C-B-1,3,1.17386,-29.4545,15.3167,1231,0.0,11.200000000000001,15.2,27,2838,1.01,-19.1,14.8,27,-0.46,0,
C-B-1,3,1.17486,-29.4545,15.3167,1231,0.0,11.200000000000001,15.2,27,2838,1.01,-19.1,14.8,27,-0.46,0,
C-B-1,3,1.17586,-29.4545,15.3167,1231,0.0,11.200000000000001,15.2,27,2838,0.0,-20.8,14.8,27,-0.46,0,
C-B-1,3,1.17686,-29.4545,15.3167,1231,0.0,11.200000000000001,15.2,27,2838,1.01,-19.1,14.8,27,-0.46,0,
C-B-1,3,1.17786,-29.4545,15.3167,1231,0.0,11.200000000000001,15.2,27,2838,1.01,-19.1,14.8,27,-0.46,0,
C-B-1,3,1.17886,-29.4545,15.3167,1231,0.0,11.200000000000001,15.2,27,2839,1.01,-18.3,14.8,27,-0.422,0,
C-B-1,3,1.17987,-29.4929,15.3109,1230,-1.01,8.700000000000001,15.2,27,2839,1.01,-18.3,14.8,27,-0.46,0,
C-B-1,3,1.18086,-29.4545,15.3167,1231,0.0,11.200000000000001,15.2,27,2838,0.0,-20.8,14.8,27,-0.46,0,
C-B-1,3,1.18186,-29.4929,15.3109,1230,-1.01,8.700000000000001,15.2,27,2838,0.0,-20.8,14.8,27,-0.499,0,
C-B-1,3,1.18286,-29.4929,15.3109,1230,-1.01,8.700000000000001,15.2,27,2838,0.0,-20.8,14.8,27,-0.499,0,
C-B-1,3,1.18386,-29.4545,15.3167,1231,0.0,11.200000000000001,15.2,27,2839,1.01,-18.3,14.8,27,-0.422,0,
C-B-1,3,1.18486,-29.4929,15.3109,1230,-1.01,8.700000000000001,15.2,27,2839,1.01,-18.3,14.8,27,-0.46,0,
C-B-1,3,1.18586,-29.4929,15.3109,1230,-1.01,8.700000000000001,15.2,27,2839,1.01,-18.3,14.8,27,-0.46,0,
C-B-1,3,1.18686,-29.4929,15.3109,1230,-1.01,8.700000000000001,15.2,27,2839,1.01,-18.3,14.8,27,-0.46,0,
C-B-1,3,1.18786,-29.4929,15.3109,1230,-1.01,8.700000000000001,15.2,27,2839,1.01,-18.3,14.8,27,-0.46,0,
C-B-1,3,1.18886,-29.4929,15.3109,1230,-1.01,8.700000000000001,15.2,27,2839,1.01,-18.3,14.8,27,-0.46,0,
C-B-1,3,1.18986,-29.4929,15.3109,1230,-1.01,8.700000000000001,15.2,27,2839,1.01,-18.3,14.8,27,-0.46,0,
C-B-1,3,1.19094,-29.4929,15.3109,1230,-1.01,8.700000000000001,15.2,27,2839,1.01,-18.3,14.8,27,-0.46,0,
C-B-1,3,1.19194,-29.4929,15.3109,1230,-1.01,8.700000000000001,15.2,27,2839,1.01,-18.3,14.8,27,-0.46,0,
C-B-1,3,1.19286,-29.4929,15.3109,1230,0.0,10.4,15.2,27,2839,1.01,-18.3,14.8,27,-0.46,0,
C-B-1,3,1.19394,-29.4929,15.3109,1230,0.0,10.4,15.2,27,2839,0.0,-20.0,14.8,27,-0.46,0,
C-B-1,3,1.19494,-29.4929,15.3109,1230,0.0,10.4,15.2,27,2839,0.0,-20.0,14.8,27,-0.46,0,
C-B-1,3,1.19593,-29.4929,15.3109,1230,-1.01,8.700000000000001,15.2,27,2839,1.01,-18.3,14.8,27,-0.46,0,
C-B-1,3,1.19687,-29.4929,15.3109,1230,0.0,10.4,15.2,27,2840,1.01,-17.5,14.8,27,-0.422,0,
C-B-1,3,1.19794,-29.4929,15.3109,1230,0.0,10.4,15.2,27,2839,1.01,-18.3,14.8,27,-0.46,0,
C-B-1,3,1.19886,-29.4929,15.3109,1230,0.0,10.4,15.2,27,2840,1.01,-17.5,14.8,27,-0.422,0,
C-B-1,3,1.19986,-29.4929,15.3109,1230,0.0,10.4,15.2,27,2840,1.01,-17.5,14.8,27,-0.422,0,
C-B-1,3,1.20086,-29.5313,15.3051,1229,-1.01,7.9,15.2,27,2840,1.01,-17.5,14.8,27,-0.46,0,
C-B-1,3,1.20186,-29.4929,15.3109,1230,0.0,10.4,15.2,27,2840,1.01,-17.5,14.8,27,-0.422,0,
C-B-1,3,1.20286,-29.4929,15.3109,1230,0.0,10.4,15.2,27,2840,1.01,-17.5,14.8,27,-0.422,0,
C-B-1,3,1.20386,-29.4929,15.3109,1230,0.0,10.4,15.2,27,2840,1.01,-17.5,14.8,27,-0.422,0,
C-B-1,3,1.20486,-29.4929,15.3109,1230,0.0,10.4,15.2,27,2840,1.01,-17.5,14.8,27,-0.422,0,
C-B-1,3,1.20586,-29.5313,15.3051,1229,-1.01,7.9,15.2,27,2840,1.01,-17.5,14.8,27,-0.46,0,
C-B-1,3,1.20686,-29.4929,15.3109,1230,0.0,10.4,15.2,27,2840,1.01,-17.5,14.8,27,-0.422,0,
C-B-1,3,1.20786,-29.5313,15.3051,1229,-1.01,7.9,15.2,27,2840,0.0,-19.200000000000003,14.8,27,-0.46,0,
C-B-1,3,1.20886,-29.5313,15.3051,1229,0.0,9.600000000000001,15.2,27,2840,0.0,-19.200000000000003,14.8,27,-0.46,0,
C-B-1,3,1.20986,-29.4929,15.3109,1230,0.0,10.4,15.2,27,2840,1.01,-17.5,14.8,27,-0.422,0,
C-B-1,3,1.21086,-29.5313,15.3051,1229,0.0,9.600000000000001,15.2,27,2840,1.01,-17.5,14.8,27,-0.46,0,
C-B-1,3,1.21186,-29.5313,15.3051,1229,0.0,9.600000000000001,15.2,27,2840,1.01,-17.5,14.8,27,-0.46,0,
C-B-1,3,1.21286,-29.5313,15.3051,1229,-1.01,7.9,15.2,27,2840,0.0,-19.200000000000003,14.8,27,-0.46,0,
C-B-1,3,1.21386,-29.5313,15.3051,1229,0.0,9.600000000000001,15.2,27,2841,1.01,-16.7,14.8,27,-0.422,0,
C-B-1,3,1.21486,-29.5313,15.3051,1229,0.0,9.600000000000001,15.2,27,2841,1.01,-16.7,14.8,27,-0.422,0,
C-B-1,3,1.21586,-29.5313,15.3051,1229,0.0,9.600000000000001,15.2,27,2841,1.01,-16.7,14.8,27,-0.422,0,
C-B-1,3,1.21686,-29.5313,15.3051,1229,0.0,9.600000000000001,15.2,27,2841,1.01,-16.7,14.8,27,-0.422,0,
C-B-1,3,1.21786,-29.5313,15.3051,1229,0.0,9.600000000000001,15.2,27,2841,1.01,-16.7,14.8,27,-0.422,0,
C-B-1,3,1.21886,-29.5313,15.3051,1229,0.0,9.600000000000001,15.6,27,2841,1.01,-16.7,14.9,27,-0.422,0,
C-B-1,3,1.21986,-29.5313,15.3051,1229,0.0,9.600000000000001,15.6,27,2841,1.01,-16.7,14.9,27,-0.422,0,
C-B-1,3,1.22086,-29.5313,15.3051,1229,0.0,9.600000000000001,15.6,27,2841,1.01,-16.7,14.9,27,-0.422,0,
C-B-1,3,1.22186,-29.5313,15.3051,1229,0.0,9.600000000000001,15.6,27,2841,1.01,-16.7,14.9,27,-0.422,0,
C-B-1,3,1.22286,-29.5313,15.3051,1229,0.0,9.600000000000001,15.6,27,2840,0.0,-19.200000000000003,14.9,27,-0.46,0,
C-B-1,3,1.22386,-29.5313,15.3051,1229,0.0,9.600000000000001,15.6,27,2841,1.01,-16.7,14.9,27,-0.422,0,
C-B-1,3,1.22486,-29.5313,15.3051,1229,0.0,9.600000000000001,15.6,27,2840,0.0,-19.200000000000003,14.9,27,-0.46,0,
C-B-1,3,1.22586,-29.5313,15.3051,1229,0.0,9.600000000000001,15.6,27,2841,0.0,-18.400000000000002,14.9,27,-0.422,0,
C-B-1,3,1.22686,-29.5313,15.3051,1229,0.0,9.600000000000001,15.6,27,2841,1.01,-16.7,14.9,27,-0.422,0,
C-B-1,3,1.22786,-29.5313,15.3051,1229,0.0,9.600000000000001,15.6,27,2841,0.0,-18.400000000000002,14.9,27,-0.422,0,
C-B-1,3,1.22887,-29.5313,15.3051,1229,0.0,9.600000000000001,15.6,27,2841,0.0,-18.400000000000002,14.9,27,-0.422,0,
C-B-1,3,1.22987,-29.5313,15.3051,1229,0.0,9.600000000000001,15.6,27,2841,0.0,-18.400000000000002,14.9,27,-0.422,0,
C-B-1,3,1.23087,-29.5313,15.3051,1229,0.0,9.600000000000001,15.6,27,2841,0.0,-18.400000000000002,14.9,27,-0.422,0,
C-B-1,3,1.23187,-29.5313,15.3051,1229,0.0,9.600000000000001,15.6,27,2841,0.0,-18.400000000000002,14.9,27,-0.422,0,
C-B-1,3,1.23287,-29.5313,15.3051,1229,0.0,9.600000000000001,15.6,27,2841,0.0,-18.400000000000002,14.9,27,-0.422,0,
C-B-1,3,1.23387,-29.5313,15.3051,1229,0.0,9.600000000000001,15.6,27,2841,0.0,-18.400000000000002,14.9,27,-0.422,0,
C-B-1,3,1.23487,-29.5313,15.3051,1229,0.0,9.600000000000001,15.6,27,2841,0.0,-18.400000000000002,14.9,27,-0.422,0,
C-B-1,3,1.23587,-29.5313,15.3051,1229,0.0,9.600000000000001,15.6,27,2841,0.0,-18.400000000000002,14.9,27,-0.422,0,
C-B-1,3,1.23687,-29.5313,15.3051,1229,0.0,9.600000000000001,15.6,27,2841,0.0,-18.400000000000002,14.9,27,-0.422,0,
C-B-1,3,1.23787,-29.5313,15.3051,1229,0.0,9.600000000000001,15.6,27,2841,0.0,-18.400000000000002,14.9,27,-0.422,0,
C-B-1,3,1.23887,-29.5313,15.3051,1229,0.0,9.600000000000001,15.6,27,2841,0.0,-18.400000000000002,14.9,27,-0.422,0,
C-B-1,3,1.23987,-29.5313,15.3051,1229,0.0,9.600000000000001,15.6,27,2841,0.0,-18.400000000000002,14.9,27,-0.422,0,
C-B-1,3,1.24087,-29.5313,15.3051,1229,0.0,9.600000000000001,15.6,27,2841,0.0,-18.400000000000002,14.9,27,-0.422,0,
C-B-1,3,1.24187,-29.5313,15.3051,1229,0.0,9.600000000000001,15.6,27,2841,0.0,-18.400000000000002,14.9,27,-0.422,0,
C-B-1,3,1.24287,-29.5313,15.3051,1229,0.0,9.600000000000001,15.6,27,2841,0.0,-18.400000000000002,14.9,27,-0.422,0,
C-B-1,3,1.24387,-29.5313,15.3051,1229,0.0,9.600000000000001,15.6,27,2841,0.0,-18.400000000000002,14.9,27,-0.422,0,
C-B-1,3,1.24487,-29.5313,15.3051,1229,0.0,9.600000000000001,15.6,27,2841,0.0,-18.400000000000002,14.9,27,-0.422,0,
C-B-1,3,1.24587,-29.5313,15.3051,1229,0.0,9.600000000000001,15.6,27,2841,0.0,-18.400000000000002,14.9,27,-0.422,0,
C-B-1,3,1.24687,-29.5313,15.3051,1229,0.0,9.600000000000001,15.6,27,2841,0.0,-18.400000000000002,14.9,27,-0.422,0,
C-B-1,3,1.24787,-29.5313,15.3051,1229,0.0,9.600000000000001,15.6,27,2841,0.0,-18.400000000000002,14.9,27,-0.422,0,
C-B-1,3,1.24887,-29.5313,15.3051,1229,0.0,9.600000000000001,15.6,27,2841,0.0,-18.400000000000002,14.9,27,-0.422,0,
C-B-1,3,1.24987,-29.5313,15.3051,1229,0.0,9.600000000000001,15.6,27,2841,0.0,-18.400000000000002,14.9,27,-0.422,0,
C-B-1,3,1.25087,-29.5313,15.3051,1229,0.0,9.600000000000001,15.6,27,2841,0.0,-18.400000000000002,14.9,27,-0.422,0,
C-B-1,3,1.25185,-29.5313,15.3051,1229,0.0,9.600000000000001,15.6,27,2841,0.0,-18.400000000000002,14.9,27,-0.422,0,
C-B-1,3,1.25284,-29.5313,15.3051,1229,0.0,9.600000000000001,15.6,27,2841,0.0,-18.400000000000002,14.9,27,-0.422,0,
C-B-1,3,1.25384,-29.5313,15.3051,1229,0.0,9.600000000000001,15.6,27,2840,0.0,-19.200000000000003,14.9,27,-0.46,0,
C-B-1,3,1.25484,-29.5313,15.3051,1229,0.0,9.600000000000001,15.6,27,2841,0.0,-18.400000000000002,14.9,27,-0.422,0,
C-B-1,3,1.25584,-29.5313,15.3051,1229,0.0,9.600000000000001,15.6,27,2841,0.0,-18.400000000000002,14.9,27,-0.422,0,
C-B-1,3,1.25684,-29.5313,15.3051,1229,0.0,9.600000000000001,15.6,27,2841,0.0,-18.400000000000002,14.9,27,-0.422,0,
C-B-1,3,1.25785,-29.5313,15.3051,1229,0.0,9.600000000000001,15.6,27,2841,0.0,-18.400000000000002,14.9,27,-0.422,0,
C-B-1,3,1.25884,-29.5313,15.3051,1229,0.0,9.600000000000001,15.6,27,2840,0.0,-19.200000000000003,14.9,27,-0.46,0,
C-B-1,3,1.25984,-29.5313,15.3051,1229,0.0,9.600000000000001,15.6,27,2841,0.0,-18.400000000000002,14.9,27,-0.422,0,
C-B-1,3,1.26084,-29.5313,15.3051,1229,0.0,9.600000000000001,15.6,27,2841,0.0,-18.400000000000002,14.9,27,-0.422,0,
C-B-1,3,1.26184,-29.5313,15.3051,1229,0.0,9.600000000000001,15.6,27,2840,0.0,-19.200000000000003,14.9,27,-0.46,0,
C-B-1,3,1.26284,-29.5313,15.3051,1229,0.0,9.600000000000001,15.6,27,2841,0.0,-18.400000000000002,14.9,27,-0.422,0,
C-B-1,3,1.26384,-29.5313,15.3051,1229,0.0,9.600000000000001,15.6,27,2840,0.0,-19.200000000000003,14.9,27,-0.46,0,
C-B-1,3,1.26484,-29.5313,15.3051,1229,0.0,9.600000000000001,15.6,27,2840,0.0,-19.200000000000003,14.9,27,-0.46,0,
C-B-1,3,1.26584,-29.5313,15.3051,1229,0.0,9.600000000000001,15.6,27,2840,0.0,-19.200000000000003,14.9,27,-0.46,0,
C-B-1,3,1.26684,-29.4929,15.3109,1230,0.0,10.4,15.6,27,2840,0.0,-19.200000000000003,14.9,27,-0.422,0,
C-B-1,3,1.26784,-29.5313,15.3051,1229,0.0,9.600000000000001,15.6,27,2840,0.0,-19.200000000000003,14.9,27,-0.46,0,
C-B-1,3,1.26884,-29.5313,15.3051,1229,0.0,9.600000000000001,15.6,27,2840,0.0,-19.200000000000003,14.9,27,-0.46,0,
C-B-1,3,1.26984,-29.5313,15.3051,1229,0.0,9.600000000000001,15.6,27,2840,0.0,-19.200000000000003,14.9,27,-0.46,0,
C-B-1,3,1.27084,-29.4929,15.3109,1230,0.0,10.4,15.6,27,2840,0.0,-19.200000000000003,14.9,27,-0.422,0,
C-B-1,3,1.27184,-29.4929,15.3109,1230,0.0,10.4,15.6,27,2840,0.0,-19.200000000000003,14.9,27,-0.422,0,
C-B-1,3,1.27285,-29.4929,15.3109,1230,0.0,10.4,15.6,27,2840,0.0,-19.200000000000003,14.9,27,-0.422,0,
C-B-1,3,1.27385,-29.5313,15.3051,1229,0.0,9.600000000000001,15.6,27,2840,0.0,-19.200000000000003,14.9,27,-0.46,0,
C-B-1,3,1.27485,-29.4929,15.3109,1230,0.0,10.4,15.6,27,2840,0.0,-19.200000000000003,14.9,27,-0.422,0,
C-B-1,3,1.27585,-29.4929,15.3109,1230,0.0,10.4,15.6,27,2840,0.0,-19.200000000000003,14.9,27,-0.422,0,
C-B-1,3,1.27685,-29.4929,15.3109,1230,0.0,10.4,15.6,27,2840,0.0,-19.200000000000003,14.9,27,-0.422,0,
C-B-1,3,1.27785,-29.4929,15.3109,1230,0.0,10.4,15.6,27,2840,0.0,-19.200000000000003,14.9,27,-0.422,0,
C-B-1,3,1.27885,-29.4929,15.3109,1230,0.0,10.4,15.6,27,2840,0.0,-19.200000000000003,14.9,27,-0.422,0,
C-B-1,3,1.27985,-29.4929,15.3109,1230,0.0,10.4,15.6,27,2840,0.0,-19.200000000000003,14.9,27,-0.422,0,
C-B-1,3,1.28085,-29.4929,15.3109,1230,0.0,10.4,15.6,27,2840,0.0,-19.200000000000003,14.9,27,-0.422,0,
C-B-1,3,1.28185,-29.4929,15.3109,1230,0.0,10.4,15.6,27,2840,0.0,-19.200000000000003,14.9,27,-0.422,0,
C-B-1,3,1.28285,-29.4929,15.3109,1230,0.0,10.4,15.6,27,2840,0.0,-19.200000000000003,14.9,27,-0.422,0,
C-B-1,3,1.28385,-29.4929,15.3109,1230,0.0,10.4,15.6,27,2840,0.0,-19.200000000000003,14.9,27,-0.422,0,
C-B-1,3,1.28485,-29.4929,15.3109,1230,0.0,10.4,15.6,27,2839,-1.01,-21.700000000000003,14.9,27,-0.46,0,
C-B-1,3,1.28585,-29.4929,15.3109,1230,0.0,10.4,15.6,27,2839,-1.01,-21.700000000000003,14.9,27,-0.46,0,
C-B-1,3,1.28685,-29.4929,15.3109,1230,0.0,10.4,15.6,27,2840,0.0,-19.200000000000003,14.9,27,-0.422,0,
C-B-1,3,1.28785,-29.4545,15.3167,1231,1.01,12.9,15.6,27,2839,0.0,-20.0,14.9,27,-0.422,0,
C-B-1,3,1.28885,-29.4929,15.3109,1230,0.0,10.4,15.6,27,2839,-1.01,-21.700000000000003,14.9,27,-0.46,0,
C-B-1,3,1.28985,-29.4929,15.3109,1230,0.0,10.4,15.6,27,2839,-1.01,-21.700000000000003,14.9,27,-0.46,0,
C-B-1,3,1.29085,-29.4929,15.3109,1230,0.0,10.4,15.6,27,2839,0.0,-20.0,14.9,27,-0.46,0,
C-B-1,3,1.29185,-29.4929,15.3109,1230,0.0,10.4,15.6,27,2839,-1.01,-21.700000000000003,14.9,27,-0.46,0,
C-B-1,3,1.29285,-29.4929,15.3109,1230,0.0,10.4,15.6,27,2839,0.0,-20.0,14.9,27,-0.46,0,
C-B-1,3,1.29385,-29.4929,15.3109,1230,0.0,10.4,15.6,27,2839,0.0,-20.0,14.9,27,-0.46,0,
C-B-1,3,1.29485,-29.4929,15.3109,1230,0.0,10.4,15.6,27,2839,0.0,-20.0,14.9,27,-0.46,0,
C-B-1,3,1.29585,-29.4929,15.3109,1230,0.0,10.4,15.6,27,2839,0.0,-20.0,14.9,27,-0.46,0,
C-B-1,3,1.29685,-29.4545,15.3167,1231,1.01,12.9,15.6,27,2839,0.0,-20.0,14.9,27,-0.422,0,
C-B-1,3,1.29785,-29.4929,15.3109,1230,0.0,10.4,15.6,27,2839,0.0,-20.0,14.9,27,-0.46,0,
C-B-1,3,1.29885,-29.4545,15.3167,1231,0.0,11.200000000000001,15.6,27,2839,0.0,-20.0,14.9,27,-0.422,0,
C-B-1,3,1.29985,-29.4545,15.3167,1231,0.0,11.200000000000001,15.6,27,2838,-1.01,-22.5,14.9,27,-0.46,0,
C-B-1,3,1.30085,-29.4545,15.3167,1231,0.0,11.200000000000001,15.6,27,2839,0.0,-20.0,14.9,27,-0.422,0,
C-B-1,3,1.30185,-29.4929,15.3109,1230,0.0,10.4,15.6,27,2839,0.0,-20.0,14.9,27,-0.46,0,
C-B-1,3,1.30287,-29.4929,15.3109,1230,0.0,10.4,15.6,27,2838,-1.01,-22.5,14.9,27,-0.499,0,
C-B-1,3,1.30385,-29.4545,15.3167,1231,0.0,11.200000000000001,15.6,27,2838,-1.01,-22.5,14.9,27,-0.46,0,
C-B-1,3,1.30485,-29.4545,15.3167,1231,0.0,11.200000000000001,15.6,27,2838,-1.01,-22.5,14.9,27,-0.46,0,
C-B-1,3,1.30585,-29.4545,15.3167,1231,0.0,11.200000000000001,15.6,27,2838,-1.01,-22.5,14.9,27,-0.46,0,
C-B-1,3,1.30686,-29.4545,15.3167,1231,0.0,11.200000000000001,15.6,27,2838,-1.01,-22.5,14.9,27,-0.46,0,
C-B-1,3,1.30785,-29.4545,15.3167,1231,0.0,11.200000000000001,15.6,27,2838,-1.01,-22.5,14.9,27,-0.46,0,
C-B-1,3,1.30885,-29.4545,15.3167,1231,0.0,11.200000000000001,15.6,27,2838,-1.01,-22.5,14.9,27,-0.46,0,
C-B-1,3,1.30985,-29.4545,15.3167,1231,0.0,11.200000000000001,15.6,27,2838,-1.01,-22.5,14.9,27,-0.46,0,
C-B-1,3,1.31085,-29.4545,15.3167,1231,0.0,11.200000000000001,15.6,27,2838,-1.01,-22.5,14.9,27,-0.46,0,
C-B-1,3,1.31185,-29.4545,15.3167,1231,0.0,11.200000000000001,15.6,27,2838,-1.01,-22.5,14.9,27,-0.46,0,
C-B-1,3,1.31286,-29.4545,15.3167,1231,0.0,11.200000000000001,15.6,27,2838,-1.01,-22.5,14.9,27,-0.46,0,
C-B-1,3,1.31385,-29.4545,15.3167,1231,0.0,11.200000000000001,15.6,27,2838,0.0,-20.8,14.9,27,-0.46,0,
C-B-1,3,1.31485,-29.4545,15.3167,1231,0.0,11.200000000000001,15.6,27,2838,0.0,-20.8,14.9,27,-0.46,0,
C-B-1,3,1.31586,-29.4545,15.3167,1231,0.0,11.200000000000001,15.6,27,2838,0.0,-20.8,14.9,27,-0.46,0,
C-B-1,3,1.31686,-29.4162,15.3225,1232,0.0,12.0,15.6,27,2838,0.0,-20.8,14.9,27,-0.422,0,
C-B-1,3,1.31789,-29.4545,15.3167,1231,0.0,11.200000000000001,15.6,27,2838,0.0,-20.8,14.9,27,-0.46,0,
C-B-1,3,1.31886,-29.4545,15.3167,1231,0.0,11.200000000000001,15.6,27,2838,0.0,-20.8,14.9,27,-0.46,0,
C-B-1,3,1.31986,-29.4545,15.3167,1231,0.0,11.200000000000001,15.6,27,2838,0.0,-20.8,14.9,27,-0.46,0,
C-B-1,3,1.32086,-29.4545,15.3167,1231,0.0,11.200000000000001,15.6,27,2838,0.0,-20.8,14.9,27,-0.46,0,
C-B-1,3,1.32186,-29.4162,15.3225,1232,1.01,13.700000000000001,15.6,27,2838,0.0,-20.8,14.9,27,-0.422,0,
C-B-1,3,1.32286,-29.4545,15.3167,1231,0.0,11.200000000000001,15.6,27,2838,0.0,-20.8,14.9,27,-0.46,0,
C-B-1,3,1.32386,-29.4545,15.3167,1231,0.0,11.200000000000001,15.6,27,2838,0.0,-20.8,14.9,27,-0.46,0,
C-B-1,3,1.32486,-29.4162,15.3225,1232,1.01,13.700000000000001,15.6,27,2838,0.0,-20.8,14.9,27,-0.422,0,
C-B-1,3,1.32586,-29.4545,15.3167,1231,0.0,11.200000000000001,15.6,27,2838,0.0,-20.8,14.9,27,-0.46,0,
C-B-1,3,1.32686,-29.4545,15.3167,1231,0.0,11.200000000000001,15.6,27,2838,0.0,-20.8,14.9,27,-0.46,0,
C-B-1,3,1.32786,-29.4545,15.3167,1231,0.0,11.200000000000001,15.6,27,2838,0.0,-20.8,14.9,27,-0.46,0,
C-B-1,3,1.32886,-29.4545,15.3167,1231,0.0,11.200000000000001,15.6,27,2837,0.0,-21.6,14.9,27,-0.499,0,
C-B-1,3,1.32986,-29.4162,15.3225,1232,0.0,12.0,15.6,27,2838,0.0,-20.8,14.9,27,-0.422,0,
C-B-1,3,1.33086,-29.4162,15.3225,1232,1.01,13.700000000000001,15.6,27,2838,0.0,-20.8,14.9,27,-0.422,0,
C-B-1,3,1.33186,-29.4545,15.3167,1231,0.0,11.200000000000001,15.6,27,2837,0.0,-21.6,14.9,27,-0.499,0,
C-B-1,3,1.33286,-29.4162,15.3225,1232,0.0,12.0,15.6,27,2837,0.0,-21.6,14.9,27,-0.46,0,
C-B-1,3,1.33386,-29.4545,15.3167,1231,0.0,11.200000000000001,15.6,27,2838,0.0,-20.8,14.9,27,-0.46,0,
C-B-1,3,1.33486,-29.4545,15.3167,1231,0.0,11.200000000000001,15.6,27,2838,0.0,-20.8,14.9,27,-0.46,0,
C-B-1,3,1.33586,-29.4162,15.3225,1232,0.0,12.0,15.0,27,2838,0.0,-21.6,14.9,27,-0.422,0,
C-B-1,3,1.33686,-29.4162,15.3225,1232,0.0,12.0,15.0,27,2837,0.0,-21.6,14.9,27,-0.46,0,
C-B-1,3,1.33786,-29.4545,15.3167,1231,0.0,11.200000000000001,15.0,27,2837,0.0,-21.6,14.9,27,-0.499,0,
C-B-1,3,1.33886,-29.4162,15.3225,1232,0.0,12.0,15.0,27,2837,0.0,-21.6,14.9,27,-0.46,0,
C-B-1,3,1.33986,-29.4545,15.3167,1231,0.0,11.200000000000001,15.0,27,2837,0.0,-21.6,14.9,27,-0.499,0,
C-B-1,3,1.34086,-29.4162,15.3225,1232,0.0,12.0,15.0,27,2837,0.0,-21.6,14.9,27,-0.46,0,
C-B-1,3,1.34186,-29.4162,15.3225,1232,0.0,12.0,15.0,27,2837,0.0,-21.6,14.9,27,-0.46,0,
C-B-1,3,1.34286,-29.4162,15.3225,1232,0.0,12.0,15.0,27,2837,0.0,-21.6,14.9,27,-0.46,0,
C-B-1,3,1.34386,-29.4545,15.3167,1231,0.0,11.200000000000001,15.0,27,2837,0.0,-21.6,14.9,27,-0.499,0,
C-B-1,3,1.34486,-29.4162,15.3225,1232,0.0,12.0,15.0,27,2838,0.0,-20.8,14.9,27,-0.422,0,
C-B-1,3,1.34586,-29.4162,15.3225,1232,0.0,12.0,15.0,27,2838,0.0,-20.8,14.9,27,-0.422,0,
C-B-1,3,1.34686,-29.4162,15.3225,1232,0.0,12.0,15.0,27,2837,0.0,-21.6,14.9,27,-0.46,0,
C-B-1,3,1.34787,-29.4545,15.3167,1231,0.0,11.200000000000001,15.0,27,2837,0.0,-21.6,14.9,27,-0.499,0,
C-B-1,3,1.34887,-29.4162,15.3225,1232,0.0,12.0,15.0,27,2837,0.0,-21.6,14.9,27,-0.46,0,
C-B-1,3,1.34987,-29.4545,15.3167,1231,0.0,11.200000000000001,15.0,27,2837,0.0,-21.6,14.9,27,-0.499,0,
C-B-1,3,1.35086,-29.4162,15.3225,1232,0.0,12.0,15.0,27,2837,0.0,-21.6,14.9,27,-0.46,0,
C-B-1,3,1.35187,-29.4162,15.3225,1232,0.0,12.0,15.0,27,2837,0.0,-21.6,14.9,27,-0.46,0,
C-B-1,3,1.35287,-29.4162,15.3225,1232,0.0,12.0,15.0,27,2837,0.0,-21.6,14.9,27,-0.46,0,
C-B-1,3,1.35386,-29.4162,15.3225,1232,0.0,12.0,15.0,27,2837,0.0,-21.6,14.9,27,-0.46,0,
C-B-1,3,1.35486,-29.4162,15.3225,1232,0.0,12.0,15.0,27,2837,0.0,-21.6,14.9,27,-0.46,0,
C-B-1,3,1.35587,-29.4162,15.3225,1232,0.0,12.0,15.0,27,2837,0.0,-21.6,14.9,27,-0.46,0,
C-B-1,3,1.35687,-29.4162,15.3225,1232,0.0,12.0,15.0,27,2837,0.0,-21.6,14.9,27,-0.46,0,
C-B-1,3,1.35787,-29.4162,15.3225,1232,0.0,12.0,15.0,27,2838,0.0,-20.8,14.9,27,-0.422,0,
C-B-1,3,1.35887,-29.4545,15.3167,1231,0.0,11.200000000000001,15.0,27,2837,0.0,-21.6,14.9,27,-0.499,0,
C-B-1,3,1.35987,-29.4545,15.3167,1231,0.0,11.200000000000001,15.0,27,2837,0.0,-21.6,14.9,27,-0.499,0,
C-B-1,3,1.36087,-29.4162,15.3225,1232,0.0,12.0,15.0,27,2837,0.0,-21.6,14.9,27,-0.46,0,
C-B-1,3,1.36187,-29.4545,15.3167,1231,0.0,11.200000000000001,15.0,27,2838,0.0,-20.8,14.9,27,-0.46,0,
C-B-1,3,1.36287,-29.4162,15.3225,1232,0.0,12.0,15.0,27,2837,0.0,-21.6,14.9,27,-0.46,0,
C-B-1,3,1.36387,-29.4545,15.3167,1231,0.0,11.200000000000001,15.0,27,2838,0.0,-20.8,14.9,27,-0.46,0,
C-B-1,3,1.36487,-29.4162,15.3225,1232,0.0,12.0,15.0,27,2837,0.0,-21.6,14.9,27,-0.46,0,
C-B-1,3,1.36587,-29.4162,15.3225,1232,0.0,12.0,15.0,27,2838,0.0,-20.8,14.9,27,-0.422,0,
C-B-1,3,1.36687,-29.4162,15.3225,1232,0.0,12.0,15.0,27,2837,0.0,-21.6,14.9,27,-0.46,0,
C-B-1,3,1.36787,-29.4545,15.3167,1231,0.0,11.200000000000001,15.0,27,2837,0.0,-21.6,14.9,27,-0.499,0,
C-B-1,3,1.36887,-29.4545,15.3167,1231,0.0,11.200000000000001,15.0,27,2837,0.0,-21.6,14.9,27,-0.499,0,
C-B-1,3,1.36987,-29.4162,15.3225,1232,0.0,12.0,15.0,27,2837,0.0,-21.6,14.9,27,-0.46,0,
C-B-1,3,1.37087,-29.4545,15.3167,1231,0.0,11.200000000000001,15.0,27,2837,0.0,-21.6,14.9,27,-0.499,0,
C-B-1,3,1.37187,-29.4545,15.3167,1231,0.0,11.200000000000001,15.0,27,2838,0.0,-20.8,14.9,27,-0.46,0,
C-B-1,3,1.37288,-29.4162,15.3225,1232,0.0,12.0,15.0,27,2837,0.0,-21.6,14.9,27,-0.46,0,
C-B-1,3,1.37387,-29.4162,15.3225,1232,0.0,12.0,15.0,27,2837,0.0,-21.6,14.9,27,-0.46,0,
C-B-1,3,1.37487,-29.4162,15.3225,1232,0.0,12.0,15.0,27,2837,0.0,-21.6,14.9,27,-0.46,0,
C-B-1,3,1.37587,-29.4545,15.3167,1231,0.0,11.200000000000001,15.0,27,2838,0.0,-20.8,14.9,27,-0.46,0,
C-B-1,3,1.37687,-29.4545,15.3167,1231,0.0,11.200000000000001,15.0,27,2838,0.0,-20.8,14.9,27,-0.46,0,
C-B-1,3,1.37787,-29.4545,15.3167,1231,0.0,11.200000000000001,15.0,27,2838,0.0,-20.8,14.9,27,-0.46,0,
C-B-1,3,1.37887,-29.4162,15.3225,1232,0.0,12.0,15.0,27,2838,0.0,-20.8,14.9,27,-0.422,0,
C-B-1,3,1.37987,-29.4545,15.3167,1231,0.0,11.200000000000001,15.0,27,2837,0.0,-21.6,14.9,27,-0.499,0,
C-B-1,3,1.38087,-29.4545,15.3167,1231,0.0,11.200000000000001,15.0,27,2838,0.0,-20.8,14.9,27,-0.46,0,
C-B-1,3,1.38193,-29.4545,15.3167,1231,0.0,11.200000000000001,15.0,27,2838,0.0,-20.8,14.9,27,-0.46,0,
C-B-1,3,1.38288,-29.4162,15.3225,1232,0.0,12.0,15.0,27,2838,0.0,-20.8,14.9,27,-0.422,0,
C-B-1,3,1.38387,-29.4545,15.3167,1231,0.0,11.200000000000001,15.0,27,2838,0.0,-20.8,14.9,27,-0.46,0,
C-B-1,3,1.38487,-29.4545,15.3167,1231,0.0,11.200000000000001,15.0,27,2838,0.0,-20.8,14.9,27,-0.46,0,
C-B-1,3,1.38587,-29.4545,15.3167,1231,0.0,11.200000000000001,15.0,27,2838,0.0,-20.8,14.9,27,-0.46,0,
C-B-1,3,1.38687,-29.4545,15.3167,1231,0.0,11.200000000000001,15.0,27,2838,0.0,-20.8,14.9,27,-0.46,0,
C-B-1,3,1.38788,-29.4545,15.3167,1231,0.0,11.200000000000001,15.0,27,2838,0.0,-20.8,14.9,27,-0.46,0,
C-B-1,3,1.38887,-29.4545,15.3167,1231,0.0,11.200000000000001,15.0,27,2838,0.0,-20.8,14.9,27,-0.46,0,
C-B-1,3,1.38987,-29.4545,15.3167,1231,0.0,11.200000000000001,15.0,27,2838,0.0,-20.8,14.9,27,-0.46,0,
C-B-1,3,1.39087,-29.4545,15.3167,1231,0.0,11.200000000000001,15.0,27,2838,0.0,-20.8,14.9,27,-0.46,0,
C-B-1,3,1.39187,-29.4545,15.3167,1231,0.0,11.200000000000001,15.0,27,2838,0.0,-20.8,14.9,27,-0.46,0,
C-B-1,3,1.39287,-29.4545,15.3167,1231,0.0,11.200000000000001,15.0,27,2838,0.0,-20.8,14.9,27,-0.46,0,
C-B-1,3,1.39387,-29.4545,15.3167,1231,0.0,11.200000000000001,15.0,27,2838,0.0,-20.8,14.9,27,-0.46,0,
C-B-1,3,1.39487,-29.4545,15.3167,1231,0.0,11.200000000000001,15.0,27,2838,0.0,-20.8,14.9,27,-0.46,0,
C-B-1,3,1.39587,-29.4929,15.3109,1230,-1.01,8.700000000000001,15.0,27,2838,0.0,-20.8,14.9,27,-0.499,0,
C-B-1,3,1.39687,-29.4545,15.3167,1231,0.0,11.200000000000001,15.0,27,2838,0.0,-20.8,14.9,27,-0.46,0,
C-B-1,3,1.39787,-29.4545,15.3167,1231,0.0,11.200000000000001,15.0,27,2838,0.0,-20.8,14.9,27,-0.46,0,
C-B-1,3,1.39887,-29.4545,15.3167,1231,0.0,11.200000000000001,15.0,27,2839,1.01,-18.3,14.9,27,-0.422,0,
C-B-1,3,1.39987,-29.4545,15.3167,1231,0.0,11.200000000000001,15.0,27,2839,1.01,-18.3,14.9,27,-0.422,0,
C-B-1,3,1.40087,-29.4545,15.3167,1231,0.0,11.200000000000001,15.0,27,2838,0.0,-20.8,14.9,27,-0.46,0,
C-B-1,3,1.40187,-29.4545,15.3167,1231,0.0,11.200000000000001,15.0,27,2838,0.0,-20.8,14.9,27,-0.46,0,
C-B-1,3,1.40287,-29.4545,15.3167,1231,0.0,11.200000000000001,15.0,27,2839,1.01,-18.3,14.9,27,-0.422,0,
C-B-1,3,1.40387,-29.4929,15.3109,1230,-1.01,8.700000000000001,15.0,27,2838,0.0,-20.8,14.9,27,-0.499,0,
C-B-1,3,1.40488,-29.4929,15.3109,1230,0.0,10.4,15.0,27,2838,0.0,-20.8,14.9,27,-0.499,0,
C-B-1,3,1.40587,-29.4545,15.3167,1231,0.0,11.200000000000001,15.0,27,2838,0.0,-20.8,14.9,27,-0.46,0,
C-B-1,3,1.40687,-29.4545,15.3167,1231,0.0,11.200000000000001,15.0,27,2838,0.0,-20.8,14.9,27,-0.46,0,
C-B-1,3,1.40787,-29.4929,15.3109,1230,-1.01,8.700000000000001,15.0,27,2839,0.0,-20.0,14.9,27,-0.46,0,
C-B-1,3,1.40888,-29.4929,15.3109,1230,0.0,10.4,15.0,27,2839,1.01,-18.3,14.9,27,-0.46,0,
C-B-1,3,1.40988,-29.4545,15.3167,1231,0.0,11.200000000000001,15.0,27,2839,0.0,-20.0,14.9,27,-0.422,0,
C-B-1,3,1.41087,-29.4929,15.3109,1230,0.0,10.4,15.0,27,2839,0.0,-20.0,14.9,27,-0.46,0,
C-B-1,3,1.41187,-29.4929,15.3109,1230,0.0,10.4,15.0,27,2839,0.0,-20.0,14.9,27,-0.46,0,
C-B-1,3,1.41288,-29.4929,15.3109,1230,0.0,10.4,15.0,27,2839,0.0,-20.0,14.9,27,-0.46,0,
C-B-1,3,1.41388,-29.4929,15.3109,1230,0.0,10.4,15.0,27,2839,0.0,-20.0,14.9,27,-0.46,0,
C-B-1,3,1.41488,-29.4929,15.3109,1230,0.0,10.4,15.0,27,2839,0.0,-20.0,14.9,27,-0.46,0,
C-B-1,3,1.41587,-29.4929,15.3109,1230,0.0,10.4,15.0,27,2839,0.0,-20.0,14.9,27,-0.46,0,
C-B-1,3,1.41688,-29.4929,15.3109,1230,0.0,10.4,15.0,27,2839,0.0,-20.0,14.9,27,-0.46,0,
C-B-1,3,1.41787,-29.4929,15.3109,1230,0.0,10.4,15.0,27,2839,0.0,-20.0,14.9,27,-0.46,0,
C-B-1,3,1.41888,-29.4929,15.3109,1230,0.0,10.4,15.0,27,2839,0.0,-20.0,14.9,27,-0.46,0,
C-B-1,3,1.41988,-29.4929,15.3109,1230,0.0,10.4,15.0,27,2839,0.0,-20.0,14.9,27,-0.46,0,
C-B-1,3,1.42088,-29.4929,15.3109,1230,0.0,10.4,15.0,27,2839,0.0,-20.0,14.9,27,-0.46,0,
C-B-1,3,1.42188,-29.4929,15.3109,1230,0.0,10.4,15.0,27,2839,0.0,-20.0,14.9,27,-0.46,0,
C-B-1,3,1.42288,-29.4929,15.3109,1230,0.0,10.4,15.0,27,2839,0.0,-20.0,14.9,27,-0.46,0,
C-B-1,3,1.42388,-29.4929,15.3109,1230,0.0,10.4,15.0,27,2839,0.0,-20.0,14.9,27,-0.46,0,
C-B-1,3,1.42488,-29.4929,15.3109,1230,0.0,10.4,15.0,27,2839,0.0,-20.0,14.9,27,-0.46,0,
C-B-1,3,1.42588,-29.4929,15.3109,1230,0.0,10.4,15.0,27,2840,0.0,-20.0,14.9,27,-0.422,0,
C-B-1,3,1.42688,-29.4929,15.3109,1230,0.0,10.4,15.0,27,2839,0.0,-20.0,14.9,27,-0.46,0,
C-B-1,3,1.42788,-29.4929,15.3109,1230,0.0,10.4,15.0,27,2839,0.0,-20.0,14.9,27,-0.46,0,
C-B-1,3,1.42888,-29.4929,15.3109,1230,0.0,10.4,15.0,27,2840,0.0,-19.200000000000003,14.9,27,-0.422,0,
C-B-1,3,1.42988,-29.4929,15.3109,1230,0.0,10.4,15.0,27,2839,0.0,-17.5,14.9,27,-0.46,0,
C-B-1,3,1.43088,-29.4929,15.3109,1230,0.0,10.4,15.0,27,2840,1.01,-17.5,14.9,27,-0.422,0,
C-B-1,3,1.43188,-29.4929,15.3109,1230,0.0,10.4,15.0,27,2840,0.0,-19.200000000000003,14.9,27,-0.422,0,
C-B-1,3,1.43288,-29.4929,15.3109,1230,0.0,10.4,15.0,27,2839,0.0,-20.0,14.9,27,-0.46,0,
C-B-1,3,1.43388,-29.4929,15.3109,1230,0.0,10.4,15.0,27,2840,1.01,-17.5,14.9,27,-0.422,0,
C-B-1,3,1.43488,-29.5313,15.3051,1229,-1.01,7.9,15.0,27,2840,1.01,-17.5,14.9,27,-0.46,0,
C-B-1,3,1.43588,-29.5313,15.3051,1229,-1.01,7.9,15.0,27,2839,0.0,-20.0,14.9,27,-0.499,0,
C-B-1,3,1.43688,-29.4929,15.3109,1230,0.0,10.4,15.0,27,2840,0.0,-19.200000000000003,14.9,27,-0.422,0,
C-B-1,3,1.43788,-29.4929,15.3109,1230,0.0,10.4,15.0,27,2840,0.0,-19.200000000000003,14.9,27,-0.422,0,
C-B-1,3,1.43888,-29.5313,15.3051,1229,-1.01,7.9,15.0,27,2840,0.0,-19.200000000000003,14.9,27,-0.46,0,
C-B-1,3,1.43988,-29.4929,15.3109,1230,0.0,10.4,15.0,27,2840,0.0,-19.200000000000003,14.9,27,-0.422,0,
C-B-1,3,1.44088,-29.4929,15.3109,1230,0.0,10.4,15.0,27,2840,0.0,-19.200000000000003,14.9,27,-0.422,0,
C-B-1,3,1.44189,-29.4929,15.3109,1230,0.0,10.4,15.0,27,2840,0.0,-19.200000000000003,14.9,27,-0.422,0,
C-B-1,3,1.44288,-29.4929,15.3109,1230,0.0,10.4,15.0,27,2840,0.0,-19.200000000000003,14.9,27,-0.422,0,
C-B-1,3,1.44388,-29.4929,15.3109,1230,0.0,10.4,15.0,27,2840,0.0,-19.200000000000003,14.9,27,-0.422,0,
C-B-1,3,1.44488,-29.4929,15.3109,1230,0.0,10.4,15.0,27,2840,0.0,-19.200000000000003,14.9,27,-0.422,0,
C-B-1,3,1.44588,-29.4929,15.3109,1230,0.0,10.4,15.0,27,2840,0.0,-19.200000000000003,14.9,27,-0.422,0,
C-B-1,3,1.44688,-29.5313,15.3051,1229,0.0,9.600000000000001,15.0,27,2840,0.0,-19.200000000000003,14.9,27,-0.46,0,
C-B-1,3,1.44788,-29.4929,15.3109,1230,0.0,10.4,15.0,27,2840,0.0,-19.200000000000003,14.9,27,-0.422,0,
C-B-1,3,1.44888,-29.4929,15.3109,1230,0.0,10.4,15.0,27,2840,0.0,-19.200000000000003,14.9,27,-0.422,0,
C-B-1,3,1.44988,-29.4929,15.3109,1230,0.0,10.4,15.0,27,2840,0.0,-19.200000000000003,14.9,27,-0.422,0,
C-B-1,3,1.45088,-29.4929,15.3109,1230,0.0,10.4,15.0,27,2840,0.0,-19.200000000000003,14.9,27,-0.422,0,
C-B-1,3,1.45188,-29.5313,15.3051,1229,0.0,9.600000000000001,14.9,27,2840,0.0,-19.200000000000003,13.9,27,-0.46,0,
C-B-1,3,1.45289,-29.4929,15.3109,1230,0.0,10.4,14.9,27,2840,0.0,-19.200000000000003,13.9,27,-0.422,0,
C-B-1,3,1.45388,-29.4929,15.3109,1230,0.0,10.4,14.9,27,2840,0.0,-19.200000000000003,13.9,27,-0.422,0,
C-B-1,3,1.45488,-29.5313,15.3051,1229,0.0,9.600000000000001,14.9,27,2840,0.0,-19.200000000000003,13.9,27,-0.46,0,
C-B-1,3,1.45588,-29.4929,15.3109,1230,0.0,10.4,14.9,27,2840,0.0,-19.200000000000003,13.9,27,-0.422,0,
C-B-1,3,1.45688,-29.4929,15.3109,1230,0.0,10.4,14.9,27,2840,0.0,-19.200000000000003,13.9,27,-0.422,0,
C-B-1,3,1.45788,-29.4929,15.3109,1230,0.0,10.4,14.9,27,2840,0.0,-19.200000000000003,13.9,27,-0.422,0,
C-B-1,3,1.45888,-29.5313,15.3051,1229,0.0,9.600000000000001,14.9,27,2840,0.0,-19.200000000000003,13.9,27,-0.46,0,
C-B-1,3,1.45988,-29.5313,15.3051,1229,0.0,9.600000000000001,14.9,27,2840,0.0,-19.200000000000003,13.9,27,-0.46,0,
C-B-1,3,1.46088,-29.5313,15.3051,1229,0.0,9.600000000000001,14.9,27,2840,0.0,-19.200000000000003,13.9,27,-0.46,0,
C-B-1,3,1.46189,-29.4929,15.3109,1230,0.0,10.4,14.9,27,2840,0.0,-19.200000000000003,13.9,27,-0.422,0,
C-B-1,3,1.46288,-29.4929,15.3109,1230,0.0,10.4,14.9,27,2840,0.0,-19.200000000000003,13.9,27,-0.422,0,
C-B-1,3,1.46389,-29.5313,15.3051,1229,0.0,9.600000000000001,14.9,27,2840,0.0,-19.200000000000003,13.9,27,-0.46,0,
C-B-1,3,1.46488,-29.4929,15.3109,1230,0.0,10.4,14.9,27,2840,0.0,-19.200000000000003,13.9,27,-0.422,0,
C-B-1,3,1.46588,-29.4929,15.3109,1230,0.0,10.4,14.9,27,2840,0.0,-19.200000000000003,13.9,27,-0.422,0,
C-B-1,3,1.46688,-29.5313,15.3051,1229,0.0,9.600000000000001,14.9,27,2840,0.0,-19.200000000000003,13.9,27,-0.46,0,
C-B-1,3,1.46789,-29.4929,15.3109,1230,0.0,10.4,14.9,27,2840,0.0,-19.200000000000003,13.9,27,-0.422,0,
C-B-1,3,1.46888,-29.5313,15.3051,1229,0.0,9.600000000000001,14.9,27,2840,0.0,-19.200000000000003,13.9,27,-0.46,0,
C-B-1,3,1.46988,-29.4929,15.3109,1230,0.0,10.4,14.9,27,2840,0.0,-19.200000000000003,13.9,27,-0.422,0,
C-B-1,3,1.47089,-29.5313,15.3051,1229,0.0,9.600000000000001,14.9,27,2840,0.0,-19.200000000000003,13.9,27,-0.46,0,
C-B-1,3,1.47188,-29.5313,15.3051,1229,0.0,9.600000000000001,14.9,27,2840,0.0,-19.200000000000003,13.9,27,-0.46,0,
C-B-1,3,1.47288,-29.4929,15.3109,1230,0.0,10.4,14.9,27,2840,0.0,-19.200000000000003,13.9,27,-0.422,0,
C-B-1,3,1.47389,-29.4929,15.3109,1230,0.0,10.4,14.9,27,2840,0.0,-19.200000000000003,13.9,27,-0.422,0,
C-B-1,3,1.47489,-29.4929,15.3109,1230,0.0,10.4,14.9,27,2840,0.0,-19.200000000000003,13.9,27,-0.422,0,
C-B-1,3,1.47589,-29.4929,15.3109,1230,0.0,10.4,14.9,27,2840,0.0,-19.200000000000003,13.9,27,-0.422,0,
C-B-1,3,1.47689,-29.4929,15.3109,1230,0.0,10.4,14.9,27,2840,0.0,-19.200000000000003,13.9,27,-0.422,0,
C-B-1,3,1.47789,-29.4929,15.3109,1230,0.0,10.4,14.9,27,2840,0.0,-19.200000000000003,13.9,27,-0.422,0,
C-B-1,3,1.47889,-29.4929,15.3109,1230,0.0,10.4,14.9,27,2840,0.0,-19.200000000000003,13.9,27,-0.422,0,
C-B-1,3,1.47989,-29.4929,15.3109,1230,0.0,10.4,14.9,27,2840,0.0,-19.200000000000003,13.9,27,-0.422,0,
C-B-1,3,1.48089,-29.4929,15.3109,1230,0.0,10.4,14.9,27,2840,0.0,-19.200000000000003,13.9,27,-0.422,0,
C-B-1,3,1.48189,-29.4929,15.3109,1230,0.0,10.4,14.9,27,2840,0.0,-19.200000000000003,13.9,27,-0.422,0,
C-B-1,3,1.48289,-29.5313,15.3051,1229,0.0,9.600000000000001,14.9,27,2840,0.0,-19.200000000000003,13.9,27,-0.46,0,
C-B-1,3,1.48389,-29.4929,15.3109,1230,0.0,10.4,14.9,27,2840,0.0,-19.200000000000003,13.9,27,-0.422,0,
C-B-1,3,1.48489,-29.4929,15.3109,1230,0.0,10.4,14.9,27,2840,0.0,-19.200000000000003,13.9,27,-0.422,0,
C-B-1,3,1.48589,-29.4929,15.3109,1230,0.0,10.4,14.9,27,2840,0.0,-19.200000000000003,13.9,27,-0.422,0,
C-B-1,3,1.48689,-29.4929,15.3109,1230,0.0,10.4,14.9,27,2840,0.0,-19.200000000000003,13.9,27,-0.422,0,
C-B-1,3,1.48789,-29.4929,15.3109,1230,0.0,10.4,14.9,27,2840,0.0,-19.200000000000003,13.9,27,-0.422,0,
C-B-1,3,1.48889,-29.4929,15.3109,1230,0.0,10.4,14.9,27,2840,0.0,-19.200000000000003,13.9,27,-0.422,0,
C-B-1,3,1.48989,-29.4929,15.3109,1230,0.0,10.4,14.9,27,2839,0.0,-20.0,13.9,27,-0.46,0,
C-B-1,3,1.49089,-29.4929,15.3109,1230,0.0,10.4,14.9,27,2840,0.0,-19.200000000000003,13.9,27,-0.422,0,
C-B-1,3,1.49189,-29.4929,15.3109,1230,0.0,10.4,14.9,27,2839,0.0,-20.0,13.9,27,-0.46,0,
C-B-1,3,1.49289,-29.4929,15.3109,1230,0.0,10.4,14.9,27,2839,0.0,-20.0,13.9,27,-0.46,0,
C-B-1,3,1.4939,-29.4929,15.3109,1230,0.0,10.4,14.9,27,2839,0.0,-20.0,13.9,27,-0.46,0,
C-B-1,3,1.49489,-29.4929,15.3109,1230,0.0,10.4,14.9,27,2840,0.0,-19.200000000000003,13.9,27,-0.422,0,
C-B-1,3,1.49589,-29.4929,15.3109,1230,0.0,10.4,14.9,27,2840,0.0,-19.200000000000003,13.9,27,-0.422,0,
C-B-1,3,1.49689,-29.4929,15.3109,1230,0.0,10.4,14.9,27,2840,0.0,-19.200000000000003,13.9,27,-0.422,0,
C-B-1,3,1.49789,-29.4929,15.3109,1230,0.0,10.4,14.9,27,2839,0.0,-20.0,13.9,27,-0.46,0,
C-B-1,3,1.49889,-29.4929,15.3109,1230,0.0,10.4,14.9,27,2839,0.0,-20.0,13.9,27,-0.46,0,
C-B-1,3,1.49989,-29.4929,15.3109,1230,0.0,10.4,14.9,27,2839,0.0,-20.0,13.9,27,-0.46,0,
C-B-1,3,1.50089,-29.4929,15.3109,1230,0.0,10.4,14.9,27,2839,0.0,-20.0,13.9,27,-0.46,0,
C-B-1,3,1.50189,-29.4929,15.3109,1230,0.0,10.4,14.9,27,2839,0.0,-20.0,13.9,27,-0.46,0,
C-B-1,3,1.50289,-29.4929,15.3109,1230,0.0,10.4,14.9,27,2839,0.0,-20.0,13.9,27,-0.46,0,
C-B-1,3,1.50389,-29.4929,15.3109,1230,0.0,10.4,14.9,27,2839,0.0,-20.0,13.9,27,-0.46,0,
C-B-1,3,1.50489,-29.4929,15.3109,1230,0.0,10.4,14.9,27,2839,0.0,-20.0,13.9,27,-0.46,0,
C-B-1,3,1.50589,-29.4929,15.3109,1230,0.0,10.4,14.9,27,2839,0.0,-20.0,13.9,27,-0.46,0,
C-B-1,3,1.50689,-29.4929,15.3109,1230,0.0,10.4,14.9,27,2839,0.0,-20.0,13.9,27,-0.46,0,
C-B-1,3,1.5079,-29.4929,15.3109,1230,0.0,10.4,14.9,27,2839,0.0,-20.0,13.9,27,-0.46,0,
C-B-1,3,1.50889,-29.4929,15.3109,1230,0.0,10.4,14.9,27,2839,0.0,-20.0,13.9,27,-0.46,0,
C-B-1,3,1.50991,-29.4929,15.3109,1230,0.0,10.4,14.9,27,2839,0.0,-20.0,13.9,27,-0.46,0,
C-B-1,3,1.51089,-29.4929,15.3109,1230,0.0,10.4,14.9,27,2839,0.0,-20.0,13.9,27,-0.46,0,
C-B-1,3,1.51189,-29.4929,15.3109,1230,0.0,10.4,14.9,27,2839,0.0,-20.0,13.9,27,-0.46,0,
C-B-1,3,1.51289,-29.4929,15.3109,1230,0.0,10.4,14.9,27,2839,0.0,-20.0,13.9,27,-0.46,0,
C-B-1,3,1.51392,-29.4929,15.3109,1230,0.0,10.4,14.9,27,2839,0.0,-20.0,13.9,27,-0.46,0,
C-B-1,3,1.5149,-29.4929,15.3109,1230,0.0,10.4,14.9,27,2839,0.0,-20.0,13.9,27,-0.46,0,
C-B-1,3,1.51589,-29.4929,15.3109,1230,0.0,10.4,14.9,27,2839,0.0,-20.0,13.9,27,-0.46,0,
C-B-1,3,1.51689,-29.4929,15.3109,1230,0.0,10.4,14.9,27,2839,0.0,-20.0,13.9,27,-0.46,0,
C-B-1,3,1.51789,-29.4929,15.3109,1230,0.0,10.4,14.9,27,2839,0.0,-20.0,13.9,27,-0.46,0,
C-B-1,3,1.51889,-29.4929,15.3109,1230,0.0,10.4,14.9,27,2838,0.0,-20.8,13.9,27,-0.499,0,
C-B-1,3,1.5199,-29.4545,15.3167,1231,0.0,11.200000000000001,14.9,27,2839,0.0,-20.0,13.9,27,-0.422,0,
C-B-1,3,1.52089,-29.4929,15.3109,1230,0.0,10.4,14.9,27,2839,0.0,-20.0,13.9,27,-0.46,0,
C-B-1,3,1.52189,-29.4545,15.3167,1231,0.0,11.200000000000001,14.9,27,2838,0.0,-20.8,13.9,27,-0.46,0,
C-B-1,3,1.5229,-29.4545,15.3167,1231,0.0,11.200000000000001,14.9,27,2839,0.0,-20.0,13.9,27,-0.422,0,
C-B-1,3,1.5239,-29.4545,15.3167,1231,0.0,11.200000000000001,14.9,27,2838,-1.01,-22.5,13.9,27,-0.46,0,
C-B-1,3,1.5249,-29.4929,15.3109,1230,0.0,10.4,14.9,27,2838,-1.01,-22.5,13.9,27,-0.499,0,
C-B-1,3,1.52589,-29.4545,15.3167,1231,0.0,11.200000000000001,14.9,27,2838,-1.01,-22.5,13.9,27,-0.46,0,
C-B-1,3,1.5269,-29.4545,15.3167,1231,0.0,11.200000000000001,14.9,27,2839,0.0,-20.0,13.9,27,-0.422,0,
C-B-1,3,1.5279,-29.4545,15.3167,1231,0.0,11.200000000000001,14.9,27,2838,0.0,-20.8,13.9,27,-0.46,0,
C-B-1,3,1.5289,-29.4545,15.3167,1231,0.0,11.200000000000001,14.9,27,2838,0.0,-20.8,13.9,27,-0.46,0,
C-B-1,3,1.5299,-29.4545,15.3167,1231,0.0,11.200000000000001,14.9,27,2838,0.0,-20.8,13.9,27,-0.46,0,
C-B-1,3,1.5309,-29.4545,15.3167,1231,0.0,11.200000000000001,14.9,27,2838,0.0,-20.8,13.9,27,-0.46,0,
C-B-1,3,1.5319,-29.4545,15.3167,1231,0.0,11.200000000000001,14.9,27,2838,0.0,-20.8,13.9,27,-0.46,0,
C-B-1,3,1.5329,-29.4545,15.3167,1231,0.0,11.200000000000001,14.9,27,2838,0.0,-20.8,13.9,27,-0.46,0,
C-B-1,3,1.5339,-29.4545,15.3167,1231,0.0,11.200000000000001,14.9,27,2838,0.0,-20.8,13.9,27,-0.46,0,
C-B-1,3,1.5349,-29.4545,15.3167,1231,0.0,11.200000000000001,14.9,27,2838,0.0,-20.8,13.9,27,-0.46,0,
C-B-1,3,1.5359,-29.4545,15.3167,1231,0.0,11.200000000000001,14.9,27,2838,0.0,-20.8,13.9,27,-0.46,0,
C-B-1,3,1.5369,-29.4545,15.3167,1231,0.0,11.200000000000001,14.9,27,2838,0.0,-20.8,13.9,27,-0.46,0,
C-B-1,3,1.5379,-29.4545,15.3167,1231,0.0,11.200000000000001,14.9,27,2838,0.0,-20.8,13.9,27,-0.46,0,
C-B-1,3,1.5389,-29.4545,15.3167,1231,0.0,11.200000000000001,14.9,27,2838,0.0,-20.8,13.9,27,-0.46,0,
C-B-1,3,1.5399,-29.4545,15.3167,1231,0.0,11.200000000000001,14.9,27,2838,0.0,-20.8,13.9,27,-0.46,0,
C-B-1,3,1.5409,-29.4545,15.3167,1231,0.0,11.200000000000001,14.9,27,2838,0.0,-20.8,13.9,27,-0.46,0,
C-B-1,3,1.5419,-29.4545,15.3167,1231,0.0,11.200000000000001,14.9,27,2838,0.0,-20.8,13.9,27,-0.46,0,
C-B-1,3,1.5429,-29.4545,15.3167,1231,0.0,11.200000000000001,14.9,27,2838,0.0,-20.8,13.9,27,-0.46,0,
C-B-1,3,1.5439,-29.4545,15.3167,1231,0.0,11.200000000000001,14.9,27,2838,0.0,-20.8,13.9,27,-0.46,0,
C-B-1,3,1.5449,-29.4545,15.3167,1231,0.0,11.200000000000001,14.9,27,2838,0.0,-20.8,13.9,27,-0.46,0,
C-B-1,3,1.5459,-29.4545,15.3167,1231,0.0,11.200000000000001,14.9,27,2838,0.0,-20.8,13.9,27,-0.46,0,
C-B-1,3,1.5469,-29.4545,15.3167,1231,0.0,11.200000000000001,14.9,27,2838,0.0,-20.8,13.9,27,-0.46,0,
C-B-1,3,1.5479,-29.4545,15.3167,1231,0.0,11.200000000000001,14.9,27,2838,0.0,-20.8,13.9,27,-0.46,0,
C-B-1,3,1.5489,-29.4545,15.3167,1231,0.0,11.200000000000001,14.9,27,2838,0.0,-20.8,13.9,27,-0.46,0,
C-B-1,3,1.5499,-29.4545,15.3167,1231,0.0,11.200000000000001,14.9,27,2838,0.0,-20.8,13.9,27,-0.46,0,
C-B-1,3,1.5509,-29.4545,15.3167,1231,0.0,11.200000000000001,14.9,27,2838,0.0,-20.8,13.9,27,-0.46,0,
C-B-1,3,1.5519,-29.4545,15.3167,1231,0.0,11.200000000000001,14.9,27,2838,0.0,-20.8,13.9,27,-0.46,0,
C-B-1,3,1.5529,-29.4545,15.3167,1231,0.0,11.200000000000001,14.9,27,2838,0.0,-20.8,13.9,27,-0.46,0,
C-B-1,3,1.5539,-29.4545,15.3167,1231,0.0,11.200000000000001,14.9,27,2838,0.0,-20.8,13.9,27,-0.46,0,
C-B-1,3,1.5549,-29.4545,15.3167,1231,0.0,11.200000000000001,14.9,27,2838,0.0,-20.8,13.9,27,-0.46,0,
C-B-1,3,1.5559,-29.4545,15.3167,1231,0.0,11.200000000000001,14.9,27,2838,0.0,-20.8,13.9,27,-0.46,0,
C-B-1,3,1.5569,-29.4545,15.3167,1231,0.0,11.200000000000001,14.9,27,2838,0.0,-20.8,13.9,27,-0.46,0,
C-B-1,3,1.5579,-29.4545,15.3167,1231,0.0,11.200000000000001,14.9,27,2838,0.0,-20.8,13.9,27,-0.46,0,
C-B-1,3,1.5589,-29.4545,15.3167,1231,0.0,11.200000000000001,14.9,27,2838,0.0,-20.8,13.9,27,-0.46,0,
C-B-1,3,1.5599,-29.4545,15.3167,1231,0.0,11.200000000000001,14.9,27,2838,0.0,-20.8,13.9,27,-0.46,0,
C-B-1,3,1.5609,-29.4545,15.3167,1231,0.0,11.200000000000001,14.9,27,2838,0.0,-20.8,13.9,27,-0.46,0,
C-B-1,3,1.5619,-29.4545,15.3167,1231,0.0,11.200000000000001,14.9,27,2838,0.0,-20.8,13.9,27,-0.46,0,
C-B-1,3,1.5629,-29.4545,15.3167,1231,0.0,11.200000000000001,14.9,27,2838,0.0,-20.8,13.9,27,-0.46,0,
C-B-1,3,1.5639,-29.4545,15.3167,1231,0.0,11.200000000000001,14.9,27,2838,0.0,-20.8,13.9,27,-0.46,0,
C-B-1,3,1.5649,-29.4545,15.3167,1231,0.0,11.200000000000001,14.9,27,2838,0.0,-20.8,13.9,27,-0.46,0,
C-B-1,3,1.5659,-29.4545,15.3167,1231,0.0,11.200000000000001,14.9,27,2838,0.0,-20.8,13.9,27,-0.46,0,
C-B-1,3,1.5669,-29.4162,15.3225,1232,0.0,12.0,14.9,27,2838,0.0,-20.8,13.9,27,-0.422,0,
C-B-1,3,1.5679,-29.4545,15.3167,1231,0.0,11.200000000000001,14.9,27,2838,0.0,-20.8,14.8,27,-0.46,0,
C-B-1,3,1.5689,-29.4545,15.3167,1231,0.0,11.200000000000001,15.2,27,2838,0.0,-20.8,14.8,27,-0.46,0,
C-B-1,3,1.5699,-29.4545,15.3167,1231,0.0,11.200000000000001,15.2,27,2838,0.0,-20.8,14.8,27,-0.46,0,
C-B-1,3,1.5709,-29.4545,15.3167,1231,0.0,11.200000000000001,15.2,27,2838,0.0,-20.8,14.8,27,-0.46,0,
C-B-1,3,1.5719,-29.4545,15.3167,1231,0.0,11.200000000000001,15.2,27,2838,0.0,-20.8,14.8,27,-0.46,0,
C-B-1,3,1.5729,-29.4545,15.3167,1231,0.0,11.200000000000001,15.2,27,2838,0.0,-20.8,14.8,27,-0.46,0,
C-B-1,3,1.57391,-29.4545,15.3167,1231,0.0,11.200000000000001,15.2,27,2838,0.0,-20.8,14.8,27,-0.46,0,
C-B-1,3,1.5749,-29.4545,15.3167,1231,0.0,11.200000000000001,15.2,27,2838,0.0,-20.8,14.8,27,-0.46,0,
C-B-1,3,1.57591,-29.4545,15.3167,1231,0.0,11.200000000000001,15.2,27,2838,0.0,-20.8,14.8,27,-0.46,0,
C-B-1,3,1.5769,-29.4545,15.3167,1231,0.0,11.200000000000001,15.2,27,2838,0.0,-20.8,14.8,27,-0.46,0,
C-B-1,3,1.57791,-29.4162,15.3225,1232,0.0,12.0,15.2,27,2838,0.0,-20.8,14.8,27,-0.422,0,
C-B-1,3,1.57891,-29.4545,15.3167,1231,0.0,11.200000000000001,15.2,27,2838,0.0,-20.8,14.8,27,-0.46,0,
C-B-1,3,1.57991,-29.4545,15.3167,1231,0.0,11.200000000000001,15.2,27,2838,0.0,-20.8,14.8,27,-0.46,0,
C-B-1,3,1.58091,-29.4545,15.3167,1231,0.0,11.200000000000001,15.2,27,2838,0.0,-20.8,14.8,27,-0.46,0,
C-B-1,3,1.58191,-29.4545,15.3167,1231,0.0,11.200000000000001,15.2,27,2838,0.0,-20.8,14.8,27,-0.46,0,
C-B-1,3,1.58291,-29.4545,15.3167,1231,0.0,11.200000000000001,15.2,27,2838,0.0,-20.8,14.8,27,-0.46,0,
C-B-1,3,1.58391,-29.4545,15.3167,1231,0.0,11.200000000000001,15.2,27,2838,0.0,-20.8,14.8,27,-0.46,0,
C-B-1,3,1.58491,-29.4162,15.3225,1232,0.0,12.0,15.2,27,2838,0.0,-20.8,14.8,27,-0.422,0,
C-B-1,3,1.58591,-29.4545,15.3167,1231,0.0,11.200000000000001,15.2,27,2838,0.0,-20.8,14.8,27,-0.46,0,
C-B-1,3,1.58691,-29.4545,15.3167,1231,0.0,11.200000000000001,15.2,27,2838,0.0,-20.8,14.8,27,-0.46,0,
C-B-1,3,1.58791,-29.4545,15.3167,1231,0.0,11.200000000000001,15.2,27,2838,0.0,-20.8,14.8,27,-0.46,0,
C-B-1,3,1.58893,-29.4545,15.3167,1231,0.0,11.200000000000001,15.2,27,2838,0.0,-20.8,14.8,27,-0.46,0,
C-B-1,3,1.58992,-29.4545,15.3167,1231,0.0,11.200000000000001,15.2,27,2838,0.0,-20.8,14.8,27,-0.46,0,
C-B-1,3,1.59091,-29.4545,15.3167,1231,0.0,11.200000000000001,15.2,27,2838,0.0,-20.8,14.8,27,-0.46,0,
C-B-1,3,1.59191,-29.4545,15.3167,1231,0.0,11.200000000000001,15.2,27,2838,0.0,-20.8,14.8,27,-0.46,0,
C-B-1,3,1.59291,-29.4545,15.3167,1231,0.0,11.200000000000001,15.2,27,2838,0.0,-20.8,14.8,27,-0.46,0,
C-B-1,3,1.59391,-29.4545,15.3167,1231,0.0,11.200000000000001,15.2,27,2838,0.0,-20.8,14.8,27,-0.46,0,
C-B-1,3,1.59491,-29.4545,15.3167,1231,0.0,11.200000000000001,15.2,27,2838,0.0,-20.8,14.8,27,-0.46,0,
C-B-1,3,1.59591,-29.4545,15.3167,1231,0.0,11.200000000000001,15.2,27,2838,0.0,-20.8,14.8,27,-0.46,0,
C-B-1,3,1.59691,-29.4545,15.3167,1231,0.0,11.200000000000001,15.2,27,2838,0.0,-20.8,14.8,27,-0.46,0,
C-B-1,3,1.59789,-29.4545,15.3167,1231,0.0,11.200000000000001,15.2,27,2838,0.0,-20.8,14.8,27,-0.46,0,
C-B-1,3,1.59889,-29.4545,15.3167,1231,0.0,11.200000000000001,15.2,27,2838,0.0,-20.8,14.8,27,-0.46,0,
C-B-1,3,1.59989,-29.4545,15.3167,1231,0.0,11.200000000000001,15.2,27,2838,0.0,-20.8,14.8,27,-0.46,0,
C-B-1,3,1.60089,-29.4545,15.3167,1231,0.0,11.200000000000001,15.2,27,2838,0.0,-20.8,14.8,27,-0.46,0,
C-B-1,3,1.60189,-29.4545,15.3167,1231,0.0,11.200000000000001,15.2,27,2838,0.0,-20.8,14.8,27,-0.46,0,
C-B-1,3,1.60289,-29.4545,15.3167,1231,0.0,11.200000000000001,15.2,27,2838,0.0,-20.8,14.8,27,-0.46,0,
C-B-1,3,1.60389,-29.4545,15.3167,1231,0.0,11.200000000000001,15.2,27,2838,0.0,-20.8,14.8,27,-0.46,0,
C-B-1,3,1.60489,-29.4545,15.3167,1231,0.0,11.200000000000001,15.2,27,2838,0.0,-20.8,14.8,27,-0.46,0,
C-B-1,3,1.60589,-29.4545,15.3167,1231,0.0,11.200000000000001,15.2,27,2838,0.0,-20.8,14.8,27,-0.46,0,
C-B-1,3,1.6069,-29.4545,15.3167,1231,0.0,11.200000000000001,15.2,27,2838,0.0,-20.8,14.8,27,-0.46,0,
C-B-1,3,1.60789,-29.4545,15.3167,1231,0.0,11.200000000000001,15.2,27,2838,0.0,-20.8,14.8,27,-0.46,0,
C-B-1,3,1.60889,-29.4545,15.3167,1231,0.0,11.200000000000001,15.2,27,2838,0.0,-20.8,14.8,27,-0.46,0,
C-B-1,3,1.60989,-29.4929,15.3109,1230,0.0,10.4,15.2,27,2838,0.0,-20.8,14.8,27,-0.499,0,
C-B-1,3,1.61089,-29.4545,15.3167,1231,0.0,11.200000000000001,15.2,27,2838,0.0,-20.8,14.8,27,-0.46,0,
C-B-1,3,1.61189,-29.4545,15.3167,1231,0.0,11.200000000000001,15.2,27,2838,0.0,-20.8,14.8,27,-0.46,0,
C-B-1,3,1.61289,-29.4545,15.3167,1231,0.0,11.200000000000001,15.2,27,2839,0.0,-20.0,14.8,27,-0.422,0,
C-B-1,3,1.61389,-29.4545,15.3167,1231,0.0,11.200000000000001,15.2,27,2838,0.0,-20.8,14.8,27,-0.46,0,
C-B-1,3,1.61489,-29.4545,15.3167,1231,0.0,11.200000000000001,15.2,27,2838,0.0,-20.8,14.8,27,-0.46,0,
C-B-1,3,1.61589,-29.4545,15.3167,1231,0.0,11.200000000000001,15.2,27,2839,0.0,-20.0,14.8,27,-0.422,0,
C-B-1,3,1.61689,-29.4545,15.3167,1231,0.0,11.200000000000001,15.2,27,2838,0.0,-20.8,14.8,27,-0.46,0,
C-B-1,3,1.61789,-29.4545,15.3167,1231,0.0,11.200000000000001,15.2,27,2839,0.0,-20.0,14.8,27,-0.422,0,
C-B-1,3,1.61889,-29.4929,15.3109,1230,0.0,10.4,15.2,27,2839,0.0,-20.0,14.8,27,-0.46,0,
C-B-1,3,1.61989,-29.4545,15.3167,1231,0.0,11.200000000000001,15.2,27,2839,0.0,-20.0,14.8,27,-0.422,0,
C-B-1,3,1.62089,-29.4545,15.3167,1231,0.0,11.200000000000001,15.2,27,2839,0.0,-20.0,14.8,27,-0.422,0,
C-B-1,3,1.62195,-29.4545,15.3167,1231,0.0,11.200000000000001,15.2,27,2839,0.0,-20.0,14.8,27,-0.422,0,
C-B-1,3,1.62296,-29.4545,15.3167,1231,0.0,11.200000000000001,15.2,27,2839,0.0,-20.0,14.8,27,-0.422,0,
C-B-1,3,1.62397,-29.4929,15.3109,1230,0.0,10.4,15.2,27,2839,0.0,-20.0,14.8,27,-0.46,0,
C-B-1,3,1.62495,-29.4929,15.3109,1230,0.0,10.4,15.2,27,2839,0.0,-20.0,14.8,27,-0.46,0,
C-B-1,3,1.62597,-29.4929,15.3109,1230,0.0,10.4,15.2,27,2839,0.0,-20.0,14.8,27,-0.46,0,
C-B-1,3,1.62696,-29.4545,15.3167,1231,0.0,11.200000000000001,15.2,27,2839,0.0,-20.0,14.8,27,-0.422,0,
C-B-1,3,1.62796,-29.4929,15.3109,1230,0.0,10.4,15.2,27,2839,0.0,-20.0,14.8,27,-0.46,0,
C-B-1,3,1.6289,-29.4929,15.3109,1230,0.0,10.4,15.2,27,2839,0.0,-20.0,14.8,27,-0.46,0,
C-B-1,3,1.62993,-29.4929,15.3109,1230,0.0,10.4,15.2,27,2839,0.0,-20.0,14.8,27,-0.46,0,
C-B-1,3,1.63097,-29.4929,15.3109,1230,0.0,10.4,15.2,27,2839,0.0,-20.0,14.8,27,-0.46,0,
C-B-1,3,1.63198,-29.4929,15.3109,1230,0.0,10.4,15.2,27,2839,0.0,-20.0,14.8,27,-0.46,0,
C-B-1,3,1.63298,-29.4545,15.3167,1231,0.0,11.200000000000001,15.2,27,2839,0.0,-20.0,14.8,27,-0.422,0,
C-B-1,3,1.63398,-29.4929,15.3109,1230,0.0,10.4,15.2,27,2839,0.0,-20.0,14.8,27,-0.46,0,
C-B-1,3,1.63496,-29.4929,15.3109,1230,0.0,10.4,15.2,27,2839,0.0,-20.0,14.8,27,-0.46,0,
C-B-1,3,1.63589,-29.4929,15.3109,1230,0.0,10.4,15.2,27,2839,0.0,-20.0,14.8,27,-0.46,0,
C-B-1,3,1.63689,-29.4929,15.3109,1230,0.0,10.4,15.2,27,2839,0.0,-20.0,14.8,27,-0.46,0,
C-B-1,3,1.63789,-29.4929,15.3109,1230,0.0,10.4,15.2,27,2839,0.0,-20.0,14.8,27,-0.46,0,
C-B-1,3,1.63889,-29.4929,15.3109,1230,0.0,10.4,15.2,27,2839,0.0,-20.0,14.8,27,-0.46,0,
C-B-1,3,1.6399,-29.4929,15.3109,1230,0.0,10.4,15.2,27,2839,0.0,-20.0,14.8,27,-0.46,0,
C-B-1,3,1.64089,-29.4929,15.3109,1230,0.0,10.4,15.2,27,2839,0.0,-20.0,14.8,27,-0.46,0,
C-B-1,3,1.64189,-29.4929,15.3109,1230,0.0,10.4,15.2,27,2839,0.0,-20.0,14.8,27,-0.46,0,
C-B-1,3,1.64289,-29.4929,15.3109,1230,0.0,10.4,15.2,27,2839,0.0,-20.0,14.8,27,-0.46,0,
C-B-1,3,1.64389,-29.4929,15.3109,1230,0.0,10.4,15.2,27,2839,0.0,-20.0,14.8,27,-0.46,0,
C-B-1,3,1.64489,-29.4929,15.3109,1230,0.0,10.4,15.2,27,2839,0.0,-20.0,14.8,27,-0.46,0,
C-B-1,3,1.64589,-29.4929,15.3109,1230,0.0,10.4,15.2,27,2839,0.0,-20.0,14.8,27,-0.46,0,
C-B-1,3,1.64689,-29.4929,15.3109,1230,0.0,10.4,15.2,27,2839,0.0,-20.0,14.8,27,-0.46,0,
C-B-1,3,1.64789,-29.4929,15.3109,1230,0.0,10.4,15.2,27,2839,0.0,-20.0,14.8,27,-0.46,0,
C-B-1,3,1.64889,-29.4929,15.3109,1230,0.0,10.4,15.2,27,2839,0.0,-20.0,14.8,27,-0.46,0,
C-B-1,3,1.64989,-29.4929,15.3109,1230,0.0,10.4,15.2,27,2839,0.0,-20.0,14.8,27,-0.46,0,
C-B-1,3,1.6509,-29.4929,15.3109,1230,0.0,10.4,15.2,27,2839,0.0,-20.0,14.8,27,-0.46,0,
C-B-1,3,1.65189,-29.4929,15.3109,1230,0.0,10.4,15.2,27,2839,0.0,-20.0,14.8,27,-0.46,0,
C-B-1,3,1.65289,-29.4929,15.3109,1230,0.0,10.4,15.2,27,2840,0.0,-19.200000000000003,14.8,27,-0.422,0,
C-B-1,3,1.65389,-29.4929,15.3109,1230,0.0,10.4,15.2,27,2839,0.0,-20.0,14.8,27,-0.46,0,
C-B-1,3,1.65489,-29.4929,15.3109,1230,0.0,10.4,15.2,27,2839,0.0,-20.0,14.8,27,-0.46,0,
C-B-1,3,1.65589,-29.4929,15.3109,1230,0.0,10.4,15.2,27,2839,0.0,-20.0,14.8,27,-0.46,0,
C-B-1,3,1.6569,-29.4929,15.3109,1230,0.0,10.4,15.2,27,2839,0.0,-20.0,14.8,27,-0.46,0,
C-B-1,3,1.6579,-29.4929,15.3109,1230,0.0,10.4,15.2,27,2839,0.0,-20.0,14.8,27,-0.46,0,
C-B-1,3,1.65889,-29.4929,15.3109,1230,0.0,10.4,15.2,27,2839,0.0,-20.0,14.8,27,-0.46,0,
C-B-1,3,1.6599,-29.4929,15.3109,1230,0.0,10.4,15.2,27,2839,0.0,-20.0,14.8,27,-0.46,0,
C-B-1,3,1.66089,-29.4929,15.3109,1230,0.0,10.4,15.2,27,2839,0.0,-20.0,14.8,27,-0.46,0,
C-B-1,3,1.6619,-29.4929,15.3109,1230,0.0,10.4,15.2,27,2840,0.0,-19.200000000000003,14.8,27,-0.422,0,
C-B-1,3,1.6629,-29.4929,15.3109,1230,0.0,10.4,15.2,27,2839,0.0,-20.0,14.8,27,-0.46,0,
C-B-1,3,1.6639,-29.4929,15.3109,1230,0.0,10.4,15.2,27,2839,0.0,-20.0,14.8,27,-0.46,0,
C-B-1,3,1.6649,-29.4929,15.3109,1230,0.0,10.4,15.2,27,2839,0.0,-20.0,14.8,27,-0.46,0,
C-B-1,3,1.6659,-29.4929,15.3109,1230,0.0,10.4,15.2,27,2839,0.0,-20.0,14.8,27,-0.46,0,
C-B-1,3,1.6669,-29.4929,15.3109,1230,0.0,10.4,15.2,27,2840,0.0,-19.200000000000003,14.8,27,-0.422,0,
C-B-1,3,1.6679,-29.4929,15.3109,1230,0.0,10.4,15.2,27,2839,0.0,-20.0,14.8,27,-0.46,0,
C-B-1,3,1.6689,-29.5313,15.3051,1229,0.0,9.600000000000001,15.2,27,2839,0.0,-20.0,14.8,27,-0.499,0,
C-B-1,3,1.6699,-29.4929,15.3109,1230,0.0,10.4,15.2,27,2839,0.0,-20.0,14.8,27,-0.46,0,
C-B-1,3,1.6709,-29.4929,15.3109,1230,0.0,10.4,15.2,27,2840,0.0,-19.200000000000003,14.8,27,-0.422,0,
C-B-1,3,1.6719,-29.4929,15.3109,1230,0.0,10.4,15.2,27,2839,0.0,-20.0,14.8,27,-0.46,0,
C-B-1,3,1.6729,-29.4929,15.3109,1230,0.0,10.4,15.2,27,2839,0.0,-20.0,14.8,27,-0.46,0,
C-B-1,3,1.6739,-29.4929,15.3109,1230,0.0,10.4,15.2,27,2839,0.0,-20.0,14.8,27,-0.46,0,
C-B-1,3,1.6749,-29.4929,15.3109,1230,0.0,10.4,15.2,27,2840,0.0,-19.200000000000003,14.8,27,-0.422,0,
C-B-1,3,1.6759,-29.4929,15.3109,1230,0.0,10.4,15.2,27,2839,0.0,-20.0,14.8,27,-0.46,0,
C-B-1,3,1.6769,-29.4929,15.3109,1230,0.0,10.4,15.2,27,2839,0.0,-20.0,14.8,27,-0.46,0,
C-B-1,3,1.6779,-29.4929,15.3109,1230,0.0,10.4,15.2,27,2839,0.0,-20.0,14.8,27,-0.46,0,
C-B-1,3,1.6789,-29.4929,15.3109,1230,0.0,10.4,15.2,27,2839,0.0,-20.0,14.8,27,-0.46,0,
C-B-1,3,1.6799,-29.4929,15.3109,1230,0.0,10.4,15.2,27,2840,0.0,-19.200000000000003,14.8,27,-0.422,0,
C-B-1,3,1.6809,-29.4929,15.3109,1230,0.0,10.4,15.2,27,2839,0.0,-20.0,14.8,27,-0.46,0,
C-B-1,3,1.6819,-29.4929,15.3109,1230,0.0,10.4,15.2,27,2839,0.0,-20.0,14.8,27,-0.46,0,
C-B-1,3,1.6829,-29.4929,15.3109,1230,0.0,10.4,15.2,27,2840,0.0,-19.200000000000003,14.8,27,-0.422,0,
C-B-1,3,1.6839,-29.4929,15.3109,1230,0.0,10.4,15.2,27,2839,0.0,-20.0,14.8,27,-0.46,0,
C-B-1,3,1.6849,-29.4929,15.3109,1230,0.0,10.4,15.2,27,2839,0.0,-20.0,13.8,27,-0.46,0,
C-B-1,3,1.6859,-29.4929,15.3109,1230,0.0,10.4,14.1,27,2839,0.0,-20.0,13.8,27,-0.46,0,
C-B-1,3,1.6869,-29.4929,15.3109,1230,0.0,10.4,14.1,27,2840,0.0,-19.200000000000003,13.8,27,-0.422,0,
C-B-1,3,1.6879,-29.4929,15.3109,1230,0.0,10.4,14.1,27,2839,0.0,-20.0,13.8,27,-0.46,0,
C-B-1,3,1.6889,-29.4929,15.3109,1230,0.0,10.4,14.1,27,2839,0.0,-20.0,13.8,27,-0.46,0,
C-B-1,3,1.6899,-29.4929,15.3109,1230,0.0,10.4,14.1,27,2840,0.0,-20.0,13.8,27,-0.422,0,
C-B-1,3,1.6909,-29.4929,15.3109,1230,0.0,10.4,14.1,27,2839,0.0,-20.0,13.8,27,-0.46,0,
C-B-1,3,1.6919,-29.4929,15.3109,1230,0.0,10.4,14.1,27,2839,0.0,-19.200000000000003,13.8,27,-0.46,0,
C-B-1,3,1.6929,-29.4929,15.3109,1230,0.0,10.4,14.1,27,2840,0.0,-20.0,13.8,27,-0.422,0,
C-B-1,3,1.6939,-29.4929,15.3109,1230,0.0,10.4,14.1,27,2839,0.0,-20.0,13.8,27,-0.46,0,
C-B-1,3,1.6949,-29.4929,15.3109,1230,0.0,10.4,14.1,27,2839,0.0,-20.0,13.8,27,-0.46,0,
C-B-1,3,1.6959,-29.4929,15.3109,1230,0.0,10.4,14.1,27,2839,0.0,-20.0,13.8,27,-0.46,0,
C-B-1,3,1.6969,-29.4929,15.3109,1230,0.0,10.4,14.1,27,2839,0.0,-20.0,13.8,27,-0.46,0,
C-B-1,3,1.6979,-29.4929,15.3109,1230,0.0,10.4,14.1,27,2840,0.0,-19.200000000000003,13.8,27,-0.422,0,
C-B-1,3,1.6989,-29.4929,15.3109,1230,0.0,10.4,14.1,27,2839,0.0,-20.0,13.8,27,-0.46,0,
C-B-1,3,1.6999,-29.4929,15.3109,1230,0.0,10.4,14.1,27,2839,0.0,-20.0,13.8,27,-0.46,0,
C-B-1,3,1.7009,-29.4929,15.3109,1230,0.0,10.4,14.1,27,2840,0.0,-19.200000000000003,13.8,27,-0.422,0,
C-B-1,3,1.70206,-29.4929,15.3109,1230,0.0,10.4,14.1,27,2839,0.0,-20.0,13.8,27,-0.46,0,
C-B-1,3,1.70291,-29.4929,15.3109,1230,0.0,10.4,14.1,27,2839,0.0,-20.0,13.8,27,-0.46,0,
C-B-1,3,1.7039,-29.4929,15.3109,1230,0.0,10.4,14.1,27,2839,0.0,-20.0,13.8,27,-0.46,0,
C-B-1,3,1.70492,-29.4929,15.3109,1230,0.0,10.4,14.1,27,2839,0.0,-20.0,13.8,27,-0.46,0,
C-B-1,3,1.70591,-29.4929,15.3109,1230,0.0,10.4,14.1,27,2839,0.0,-20.0,13.8,27,-0.46,0,
C-B-1,3,1.70692,-29.4929,15.3109,1230,0.0,10.4,14.1,27,2839,0.0,-20.0,13.8,27,-0.46,0,
C-B-1,3,1.70792,-29.4545,15.3167,1231,0.0,11.200000000000001,14.1,27,2839,0.0,-20.0,13.8,27,-0.422,0,
C-B-1,3,1.70892,-29.4929,15.3109,1230,0.0,10.4,14.1,27,2839,0.0,-20.0,13.8,27,-0.46,0,
C-B-1,3,1.70992,-29.4929,15.3109,1230,0.0,10.4,14.1,27,2839,0.0,-20.0,13.8,27,-0.46,0,
C-B-1,3,1.71091,-29.4929,15.3109,1230,0.0,10.4,14.1,27,2839,0.0,-20.0,13.8,27,-0.46,0,
C-B-1,3,1.7119,-29.4929,15.3109,1230,0.0,10.4,14.1,27,2839,0.0,-20.0,13.8,27,-0.46,0,
C-B-1,3,1.71291,-29.4929,15.3109,1230,0.0,10.4,14.1,27,2839,0.0,-20.0,13.8,27,-0.46,0,
C-B-1,3,1.71391,-29.4929,15.3109,1230,0.0,10.4,14.1,27,2839,0.0,-20.0,13.8,27,-0.46,0,
C-B-1,3,1.71491,-29.4929,15.3109,1230,0.0,10.4,14.1,27,2839,0.0,-20.0,13.8,27,-0.46,0,
C-B-1,3,1.71591,-29.4929,15.3109,1230,0.0,10.4,14.1,27,2839,0.0,-20.0,13.8,27,-0.46,0,
C-B-1,3,1.71691,-29.4929,15.3109,1230,0.0,10.4,14.1,27,2839,0.0,-20.0,13.8,27,-0.46,0,
C-B-1,3,1.71791,-29.4929,15.3109,1230,0.0,10.4,14.1,27,2839,0.0,-20.0,13.8,27,-0.46,0,
C-B-1,3,1.71891,-29.4545,15.3167,1231,0.0,11.200000000000001,14.1,27,2839,0.0,-20.0,13.8,27,-0.422,0,
C-B-1,3,1.71991,-29.4929,15.3109,1230,0.0,10.4,14.1,27,2838,0.0,-20.8,13.8,27,-0.499,0,
C-B-1,3,1.72091,-29.4929,15.3109,1230,0.0,10.4,14.1,27,2839,0.0,-20.0,13.8,27,-0.46,0,
C-B-1,3,1.72191,-29.4929,15.3109,1230,0.0,10.4,14.1,27,2839,0.0,-20.0,13.8,27,-0.46,0,
C-B-1,3,1.72292,-29.4929,15.3109,1230,0.0,10.4,14.1,27,2839,0.0,-20.0,13.8,27,-0.46,0,
C-B-1,3,1.72391,-29.4929,15.3109,1230,0.0,10.4,14.1,27,2839,0.0,-20.0,13.8,27,-0.46,0,
C-B-1,3,1.72491,-29.4929,15.3109,1230,0.0,10.4,14.1,27,2839,0.0,-20.0,13.8,27,-0.46,0,
C-B-1,3,1.72591,-29.4929,15.3109,1230,0.0,10.4,14.1,27,2839,0.0,-20.0,13.8,27,-0.46,0,
C-B-1,3,1.72691,-29.4929,15.3109,1230,0.0,10.4,14.1,27,2839,0.0,-20.0,13.8,27,-0.46,0,
C-B-1,3,1.72791,-29.4929,15.3109,1230,0.0,10.4,14.1,27,2839,0.0,-20.0,13.8,27,-0.46,0,
C-B-1,3,1.72891,-29.4929,15.3109,1230,0.0,10.4,14.1,27,2839,0.0,-20.0,13.8,27,-0.46,0,
C-B-1,3,1.72991,-29.4545,15.3167,1231,0.0,11.200000000000001,14.1,27,2839,0.0,-20.0,13.8,27,-0.422,0,
C-B-1,3,1.73091,-29.4929,15.3109,1230,0.0,10.4,14.1,27,2839,0.0,-20.0,13.8,27,-0.46,0,
C-B-1,3,1.73191,-29.4929,15.3109,1230,0.0,10.4,14.1,27,2839,0.0,-20.0,13.8,27,-0.46,0,
C-B-1,3,1.73291,-29.4545,15.3167,1231,0.0,11.200000000000001,14.1,27,2839,0.0,-20.0,13.8,27,-0.422,0,
C-B-1,3,1.73391,-29.4545,15.3167,1231,0.0,11.200000000000001,14.1,27,2839,0.0,-20.0,13.8,27,-0.422,0,
C-B-1,3,1.73491,-29.4545,15.3167,1231,0.0,11.200000000000001,14.1,27,2839,0.0,-20.0,13.8,27,-0.422,0,
C-B-1,3,1.73591,-29.4545,15.3167,1231,0.0,11.200000000000001,14.1,27,2838,0.0,-20.8,13.8,27,-0.46,0,
C-B-1,3,1.73691,-29.4545,15.3167,1231,0.0,11.200000000000001,14.1,27,2839,0.0,-20.0,13.8,27,-0.422,0,
C-B-1,3,1.73791,-29.4929,15.3109,1230,0.0,10.4,14.1,27,2839,0.0,-20.0,13.8,27,-0.46,0,
C-B-1,3,1.73891,-29.4929,15.3109,1230,0.0,10.4,14.1,27,2839,0.0,-20.0,13.8,27,-0.46,0,
C-B-1,3,1.73991,-29.4545,15.3167,1231,0.0,11.200000000000001,14.1,27,2838,0.0,-20.8,13.8,27,-0.46,0,
C-B-1,3,1.74091,-29.4929,15.3109,1230,0.0,10.4,14.1,27,2838,0.0,-20.8,13.8,27,-0.499,0,
C-B-1,3,1.74191,-29.4545,15.3167,1231,0.0,11.200000000000001,14.1,27,2838,0.0,-20.8,13.8,27,-0.46,0,
C-B-1,3,1.74291,-29.4545,15.3167,1231,0.0,11.200000000000001,14.1,27,2838,0.0,-20.8,13.8,27,-0.46,0,
C-B-1,3,1.74391,-29.4929,15.3109,1230,0.0,10.4,14.1,27,2838,0.0,-20.8,13.8,27,-0.499,0,
C-B-1,3,1.74491,-29.4545,15.3167,1231,0.0,11.200000000000001,14.1,27,2839,0.0,-20.0,13.8,27,-0.422,0,
C-B-1,3,1.74591,-29.4545,15.3167,1231,0.0,11.200000000000001,14.1,27,2838,0.0,-20.8,13.8,27,-0.46,0,
C-B-1,3,1.74691,-29.4545,15.3167,1231,0.0,11.200000000000001,14.1,27,2839,0.0,-20.0,13.8,27,-0.422,0,
C-B-1,3,1.74791,-29.4545,15.3167,1231,0.0,11.200000000000001,14.1,27,2839,0.0,-20.0,13.8,27,-0.422,0,
C-B-1,3,1.74891,-29.4545,15.3167,1231,0.0,11.200000000000001,14.1,27,2838,0.0,-20.8,13.8,27,-0.46,0,
C-B-1,3,1.74991,-29.4545,15.3167,1231,0.0,11.200000000000001,14.1,27,2838,0.0,-20.8,13.8,27,-0.46,0,
C-B-1,3,1.75091,-29.4545,15.3167,1231,0.0,11.200000000000001,14.1,27,2838,0.0,-20.8,13.8,27,-0.46,0,
C-B-1,3,1.75191,-29.4545,15.3167,1231,0.0,11.200000000000001,14.1,27,2838,0.0,-20.8,13.8,27,-0.46,0,
C-B-1,3,1.75291,-29.4545,15.3167,1231,0.0,11.200000000000001,14.1,27,2838,0.0,-20.8,13.8,27,-0.46,0,
C-B-1,3,1.75391,-29.4545,15.3167,1231,0.0,11.200000000000001,14.1,27,2838,0.0,-20.8,13.8,27,-0.46,0,
C-B-1,3,1.75491,-29.4545,15.3167,1231,0.0,11.200000000000001,14.1,27,2838,0.0,-20.8,13.8,27,-0.46,0,
C-B-1,3,1.75591,-29.4545,15.3167,1231,0.0,11.200000000000001,14.1,27,2838,0.0,-20.8,13.8,27,-0.46,0,
C-B-1,3,1.75691,-29.4545,15.3167,1231,0.0,11.200000000000001,14.1,27,2838,0.0,-20.8,13.8,27,-0.46,0,
C-B-1,3,1.75791,-29.4545,15.3167,1231,0.0,11.200000000000001,14.1,27,2838,0.0,-20.8,13.8,27,-0.46,0,
C-B-1,3,1.75892,-29.4545,15.3167,1231,0.0,11.200000000000001,14.1,27,2838,0.0,-20.8,13.8,27,-0.46,0,
C-B-1,3,1.75991,-29.4545,15.3167,1231,0.0,11.200000000000001,14.1,27,2838,0.0,-20.8,13.8,27,-0.46,0,
C-B-1,3,1.76091,-29.4545,15.3167,1231,0.0,11.200000000000001,14.1,27,2838,0.0,-20.8,13.8,27,-0.46,0,
C-B-1,3,1.76191,-29.4545,15.3167,1231,0.0,11.200000000000001,14.1,27,2838,0.0,-20.8,13.8,27,-0.46,0,
C-B-1,3,1.76291,-29.4545,15.3167,1231,0.0,11.200000000000001,14.1,27,2838,0.0,-20.8,13.8,27,-0.46,0,
C-B-1,3,1.76391,-29.4929,15.3109,1230,0.0,10.4,14.1,27,2838,0.0,-20.8,13.8,27,-0.499,0,
C-B-1,3,1.76492,-29.4929,15.3109,1230,0.0,10.4,14.1,27,2838,0.0,-20.8,13.8,27,-0.499,0,
C-B-1,3,1.76591,-29.4545,15.3167,1231,0.0,11.200000000000001,14.1,27,2838,0.0,-20.8,13.8,27,-0.46,0,
C-B-1,3,1.76692,-29.4545,15.3167,1231,0.0,11.200000000000001,14.1,27,2838,0.0,-20.8,13.8,27,-0.46,0,
C-B-1,3,1.76792,-29.4545,15.3167,1231,0.0,11.200000000000001,14.1,27,2838,0.0,-20.8,13.8,27,-0.46,0,
C-B-1,3,1.76891,-29.4545,15.3167,1231,0.0,11.200000000000001,14.1,27,2838,0.0,-20.8,13.8,27,-0.46,0,
C-B-1,3,1.76991,-29.4545,15.3167,1231,0.0,11.200000000000001,14.1,27,2838,0.0,-20.8,13.8,27,-0.46,0,
C-B-1,3,1.77092,-29.4545,15.3167,1231,0.0,11.200000000000001,14.1,27,2838,0.0,-20.8,13.8,27,-0.46,0,
C-B-1,3,1.77191,-29.4545,15.3167,1231,0.0,11.200000000000001,14.1,27,2838,0.0,-20.8,13.8,27,-0.46,0,
C-B-1,3,1.77292,-29.4545,15.3167,1231,0.0,11.200000000000001,14.1,27,2838,0.0,-20.8,13.8,27,-0.46,0,
C-B-1,3,1.77392,-29.4929,15.3109,1230,0.0,10.4,14.1,27,2838,0.0,-20.8,13.8,27,-0.499,0,
C-B-1,3,1.77492,-29.4545,15.3167,1231,0.0,11.200000000000001,14.1,27,2838,0.0,-20.8,13.8,27,-0.46,0,
C-B-1,3,1.77592,-29.4545,15.3167,1231,0.0,11.200000000000001,14.1,27,2838,0.0,-20.8,13.8,27,-0.46,0,
C-B-1,3,1.77692,-29.4545,15.3167,1231,0.0,11.200000000000001,14.1,27,2838,0.0,-20.8,13.8,27,-0.46,0,
C-B-1,3,1.77792,-29.4545,15.3167,1231,0.0,11.200000000000001,14.1,27,2838,0.0,-20.8,13.8,27,-0.46,0,
C-B-1,3,1.77891,-29.4545,15.3167,1231,0.0,11.200000000000001,14.1,27,2838,0.0,-20.8,13.8,27,-0.46,0,
C-B-1,3,1.77991,-29.4545,15.3167,1231,0.0,11.200000000000001,14.1,27,2838,0.0,-20.8,13.8,27,-0.46,0,
C-B-1,3,1.78092,-29.4545,15.3167,1231,0.0,11.200000000000001,14.1,27,2838,0.0,-20.8,13.8,27,-0.46,0,
C-B-1,3,1.78191,-29.4545,15.3167,1231,0.0,11.200000000000001,14.1,27,2838,0.0,-20.8,13.8,27,-0.46,0,
C-B-1,3,1.78292,-29.4545,15.3167,1231,0.0,11.200000000000001,14.1,27,2838,0.0,-20.8,13.8,27,-0.46,0,
C-B-1,3,1.78392,-29.4545,15.3167,1231,0.0,11.200000000000001,14.1,27,2838,0.0,-20.8,13.8,27,-0.46,0,
C-B-1,3,1.78491,-29.4545,15.3167,1231,0.0,11.200000000000001,14.1,27,2838,0.0,-20.8,13.8,27,-0.46,0,
C-B-1,3,1.78592,-29.4545,15.3167,1231,0.0,11.200000000000001,14.1,27,2838,0.0,-20.8,13.8,27,-0.46,0,
C-B-1,3,1.78692,-29.4545,15.3167,1231,0.0,11.200000000000001,14.1,27,2838,0.0,-20.8,13.8,27,-0.46,0,
C-B-1,3,1.78792,-29.4545,15.3167,1231,0.0,11.200000000000001,14.1,27,2838,0.0,-20.8,13.8,27,-0.46,0,
C-B-1,3,1.78892,-29.4545,15.3167,1231,0.0,11.200000000000001,14.1,27,2838,0.0,-20.8,13.8,27,-0.46,0,
C-B-1,3,1.78992,-29.4545,15.3167,1231,0.0,11.200000000000001,14.1,27,2838,0.0,-20.8,13.8,27,-0.46,0,
C-B-1,3,1.79092,-29.4545,15.3167,1231,0.0,11.200000000000001,14.1,27,2838,0.0,-20.8,13.8,27,-0.46,0,
C-B-1,3,1.79192,-29.4545,15.3167,1231,0.0,11.200000000000001,14.1,27,2838,0.0,-20.8,13.8,27,-0.46,0,
C-B-1,3,1.79292,-29.4545,15.3167,1231,0.0,11.200000000000001,14.1,27,2838,0.0,-20.8,13.8,27,-0.46,0,
C-B-1,3,1.79392,-29.4545,15.3167,1231,0.0,11.200000000000001,14.1,27,2838,0.0,-20.8,13.8,27,-0.46,0,
C-B-1,3,1.79492,-29.4545,15.3167,1231,0.0,11.200000000000001,14.1,27,2838,0.0,-20.8,13.8,27,-0.46,0,
C-B-1,3,1.79592,-29.4929,15.3109,1230,0.0,10.4,14.1,27,2838,0.0,-20.8,13.8,27,-0.499,0,
C-B-1,3,1.79692,-29.4545,15.3167,1231,0.0,11.200000000000001,14.1,27,2838,0.0,-20.8,13.8,27,-0.46,0,
C-B-1,3,1.79792,-29.4545,15.3167,1231,0.0,11.200000000000001,14.1,27,2838,0.0,-20.8,13.8,27,-0.46,0,
C-B-1,3,1.79892,-29.4545,15.3167,1231,0.0,11.200000000000001,14.1,27,2838,0.0,-20.8,13.8,27,-0.46,0,
C-B-1,3,1.79992,-29.4545,15.3167,1231,0.0,11.200000000000001,14.1,27,2838,0.0,-20.8,13.8,27,-0.46,0,
C-B-1,3,1.80092,-29.4545,15.3167,1231,0.0,11.200000000000001,14.1,27,2838,0.0,-20.8,13.8,27,-0.46,0,
C-B-1,3,1.80192,-29.4545,15.3167,1231,0.0,11.200000000000001,14.9,27,2838,0.0,-20.8,13.8,27,-0.46,0,
C-B-1,3,1.80292,-29.4545,15.3167,1231,0.0,11.200000000000001,14.9,27,2838,0.0,-20.8,13.8,27,-0.46,0,
C-B-1,3,1.80392,-29.4545,15.3167,1231,0.0,11.200000000000001,14.9,27,2838,0.0,-20.8,13.8,27,-0.46,0,
C-B-1,3,1.80492,-29.4545,15.3167,1231,0.0,11.200000000000001,14.9,27,2838,0.0,-20.8,13.8,27,-0.46,0,
C-B-1,3,1.80592,-29.4545,15.3167,1231,0.0,11.200000000000001,14.9,27,2838,0.0,-20.8,13.8,27,-0.46,0,
C-B-1,3,1.80693,-29.4545,15.3167,1231,0.0,11.200000000000001,14.9,27,2838,0.0,-20.8,13.8,27,-0.46,0,
C-B-1,3,1.80792,-29.4545,15.3167,1231,0.0,11.200000000000001,14.9,27,2838,0.0,-20.8,13.8,27,-0.46,0,
C-B-1,3,1.80892,-29.4545,15.3167,1231,0.0,11.200000000000001,14.9,27,2838,0.0,-20.8,13.8,27,-0.46,0,
C-B-1,3,1.80992,-29.4545,15.3167,1231,0.0,11.200000000000001,14.9,27,2838,0.0,-20.8,13.8,27,-0.46,0,
C-B-1,3,1.81092,-29.4545,15.3167,1231,0.0,11.200000000000001,14.9,27,2838,0.0,-20.8,13.8,27,-0.46,0,
C-B-1,3,1.81192,-29.4545,15.3167,1231,0.0,11.200000000000001,14.9,27,2838,0.0,-20.8,13.8,27,-0.46,0,
C-B-1,3,1.81293,-29.4545,15.3167,1231,0.0,11.200000000000001,14.9,27,2838,0.0,-20.8,13.8,27,-0.46,0,
C-B-1,3,1.81392,-29.4545,15.3167,1231,0.0,11.200000000000001,14.9,27,2839,0.0,-20.0,13.8,27,-0.422,0,
C-B-1,3,1.81492,-29.4545,15.3167,1231,0.0,11.200000000000001,14.9,27,2839,0.0,-20.0,13.8,27,-0.422,0,
C-B-1,3,1.81592,-29.4545,15.3167,1231,0.0,11.200000000000001,14.9,27,2838,0.0,-20.8,13.8,27,-0.46,0,
C-B-1,3,1.81692,-29.4545,15.3167,1231,0.0,11.200000000000001,14.9,27,2838,0.0,-20.8,13.8,27,-0.46,0,
C-B-1,3,1.81792,-29.4545,15.3167,1231,0.0,11.200000000000001,14.9,27,2838,0.0,-20.8,13.8,27,-0.46,0,
C-B-1,3,1.81892,-29.4545,15.3167,1231,0.0,11.200000000000001,14.9,27,2838,0.0,-20.8,13.8,27,-0.46,0,
C-B-1,3,1.81992,-29.4545,15.3167,1231,0.0,11.200000000000001,14.9,27,2838,0.0,-20.8,13.8,27,-0.46,0,
C-B-1,3,1.82093,-29.4545,15.3167,1231,0.0,11.200000000000001,14.9,27,2838,0.0,-20.8,13.8,27,-0.46,0,
C-B-1,3,1.82192,-29.4545,15.3167,1231,0.0,11.200000000000001,14.9,27,2839,0.0,-20.0,13.8,27,-0.422,0,
C-B-1,3,1.82292,-29.4545,15.3167,1231,0.0,11.200000000000001,14.9,27,2838,0.0,-20.8,13.8,27,-0.46,0,
C-B-1,3,1.82392,-29.4545,15.3167,1231,0.0,11.200000000000001,14.9,27,2838,0.0,-20.8,13.8,27,-0.46,0,
C-B-1,3,1.82492,-29.4545,15.3167,1231,0.0,11.200000000000001,14.9,27,2839,0.0,-20.0,13.8,27,-0.422,0,
C-B-1,3,1.82593,-29.4545,15.3167,1231,0.0,11.200000000000001,14.9,27,2839,0.0,-20.0,13.8,27,-0.422,0,
C-B-1,3,1.82692,-29.4929,15.3109,1230,0.0,10.4,14.9,27,2838,0.0,-20.8,13.8,27,-0.499,0,
C-B-1,3,1.82792,-29.4545,15.3167,1231,0.0,11.200000000000001,14.9,27,2838,0.0,-20.8,13.8,27,-0.46,0,
C-B-1,3,1.82893,-29.4545,15.3167,1231,0.0,11.200000000000001,14.9,27,2839,0.0,-20.0,13.8,27,-0.422,0,
C-B-1,3,1.82993,-29.4929,15.3109,1230,0.0,10.4,14.9,27,2839,0.0,-20.0,13.8,27,-0.46,0,
C-B-1,3,1.83093,-29.4545,15.3167,1231,0.0,11.200000000000001,14.9,27,2839,0.0,-20.0,13.8,27,-0.422,0,
C-B-1,3,1.83192,-29.4545,15.3167,1231,0.0,11.200000000000001,14.9,27,2839,0.0,-20.0,13.8,27,-0.422,0,
C-B-1,3,1.83293,-29.4545,15.3167,1231,0.0,11.200000000000001,14.9,27,2839,0.0,-20.0,13.8,27,-0.422,0,
C-B-1,3,1.83392,-29.4545,15.3167,1231,0.0,11.200000000000001,14.9,27,2839,0.0,-20.0,13.8,27,-0.422,0,
C-B-1,3,1.83492,-29.4545,15.3167,1231,0.0,11.200000000000001,14.9,27,2839,0.0,-20.0,13.8,27,-0.422,0,
C-B-1,3,1.83593,-29.4545,15.3167,1231,0.0,11.200000000000001,14.9,27,2839,0.0,-20.0,13.8,27,-0.422,0,
C-B-1,3,1.83692,-29.4929,15.3109,1230,0.0,10.4,14.9,27,2838,0.0,-20.8,13.8,27,-0.499,0,
C-B-1,3,1.83792,-29.4929,15.3109,1230,0.0,10.4,14.9,27,2839,0.0,-20.0,13.8,27,-0.46,0,
C-B-1,3,1.83892,-29.4929,15.3109,1230,0.0,10.4,14.9,27,2839,0.0,-20.0,13.8,27,-0.46,0,
C-B-1,3,1.83992,-29.4929,15.3109,1230,0.0,10.4,14.9,27,2839,0.0,-20.0,13.8,27,-0.46,0,
C-B-1,3,1.84092,-29.4545,15.3167,1231,0.0,11.200000000000001,14.9,27,2839,0.0,-20.0,13.8,27,-0.422,0,
C-B-1,3,1.84192,-29.4929,15.3109,1230,0.0,10.4,14.9,27,2838,0.0,-20.8,13.8,27,-0.499,0,
C-B-1,3,1.84292,-29.4929,15.3109,1230,0.0,10.4,14.9,27,2838,0.0,-20.8,13.8,27,-0.499,0,
C-B-1,3,1.84392,-29.4929,15.3109,1230,0.0,10.4,14.9,27,2839,0.0,-20.0,13.8,27,-0.46,0,
C-B-1,3,1.84492,-29.4929,15.3109,1230,0.0,10.4,14.9,27,2839,0.0,-20.0,13.8,27,-0.46,0,
C-B-1,3,1.84592,-29.4545,15.3167,1231,0.0,11.200000000000001,14.9,27,2839,0.0,-20.0,13.8,27,-0.422,0,
C-B-1,3,1.84692,-29.4929,15.3109,1230,0.0,10.4,14.9,27,2839,0.0,-20.0,13.8,27,-0.46,0,
C-B-1,3,1.84792,-29.4929,15.3109,1230,0.0,10.4,14.9,27,2839,0.0,-20.0,13.8,27,-0.46,0,
C-B-1,3,1.84893,-29.4929,15.3109,1230,0.0,10.4,14.9,27,2839,0.0,-20.0,13.8,27,-0.46,0,
C-B-1,3,1.84992,-29.4929,15.3109,1230,0.0,10.4,14.9,27,2839,0.0,-20.0,13.8,27,-0.46,0,
C-B-1,3,1.85093,-29.4929,15.3109,1230,0.0,10.4,14.9,27,2839,0.0,-20.0,13.8,27,-0.46,0,
C-B-1,3,1.85193,-29.4929,15.3109,1230,0.0,10.4,14.9,27,2839,0.0,-20.0,13.8,27,-0.46,0,
C-B-1,3,1.85293,-29.4929,15.3109,1230,0.0,10.4,14.9,27,2839,0.0,-20.0,13.8,27,-0.46,0,
C-B-1,3,1.85393,-29.4929,15.3109,1230,0.0,10.4,14.9,27,2839,0.0,-20.0,13.8,27,-0.46,0,
C-B-1,3,1.85493,-29.4929,15.3109,1230,0.0,10.4,14.9,27,2839,0.0,-20.0,13.8,27,-0.46,0,
C-B-1,3,1.85593,-29.4929,15.3109,1230,0.0,10.4,14.9,27,2839,0.0,-20.0,13.8,27,-0.46,0,
C-B-1,3,1.85693,-29.4929,15.3109,1230,0.0,10.4,14.9,27,2839,0.0,-20.0,13.8,27,-0.46,0,
C-B-1,3,1.85793,-29.4929,15.3109,1230,0.0,10.4,14.9,27,2839,0.0,-20.0,13.8,27,-0.46,0,
C-B-1,3,1.85893,-29.4929,15.3109,1230,0.0,10.4,14.9,27,2839,0.0,-20.0,13.8,27,-0.46,0,
C-B-1,3,1.85993,-29.4929,15.3109,1230,0.0,10.4,14.9,27,2839,0.0,-20.0,13.8,27,-0.46,0,
C-B-1,3,1.86093,-29.4929,15.3109,1230,0.0,10.4,14.9,27,2839,0.0,-20.0,13.8,27,-0.46,0,
C-B-1,3,1.86193,-29.4545,15.3167,1231,0.0,11.200000000000001,14.9,27,2839,0.0,-20.0,13.8,27,-0.422,0,
C-B-1,3,1.86294,-29.4929,15.3109,1230,0.0,10.4,14.9,27,2839,0.0,-20.0,13.8,27,-0.46,0,
C-B-1,3,1.86393,-29.4929,15.3109,1230,0.0,10.4,14.9,27,2839,0.0,-20.0,13.8,27,-0.46,0,
C-B-1,3,1.86493,-29.4929,15.3109,1230,0.0,10.4,14.9,27,2839,0.0,-20.0,13.8,27,-0.46,0,
C-B-1,3,1.86593,-29.4929,15.3109,1230,0.0,10.4,14.9,27,2839,0.0,-20.0,13.8,27,-0.46,0,
C-B-1,3,1.86693,-29.4929,15.3109,1230,0.0,10.4,14.9,27,2839,0.0,-20.0,13.8,27,-0.46,0,
C-B-1,3,1.86793,-29.4929,15.3109,1230,0.0,10.4,14.9,27,2839,0.0,-20.0,13.8,27,-0.46,0,
C-B-1,3,1.86893,-29.4929,15.3109,1230,0.0,10.4,14.9,27,2839,0.0,-20.0,13.8,27,-0.46,0,
C-B-1,3,1.86993,-29.4929,15.3109,1230,0.0,10.4,14.9,27,2839,0.0,-20.0,13.8,27,-0.46,0,
C-B-1,3,1.87093,-29.4929,15.3109,1230,0.0,10.4,14.9,27,2839,0.0,-20.0,13.8,27,-0.46,0,
C-B-1,3,1.87193,-29.4929,15.3109,1230,0.0,10.4,14.9,27,2839,0.0,-20.0,13.8,27,-0.46,0,
C-B-1,3,1.87293,-29.4929,15.3109,1230,0.0,10.4,14.9,27,2839,0.0,-20.0,13.8,27,-0.46,0,
C-B-1,3,1.87393,-29.4929,15.3109,1230,0.0,10.4,14.9,27,2839,0.0,-20.0,13.8,27,-0.46,0,
C-B-1,3,1.87493,-29.4929,15.3109,1230,0.0,10.4,14.9,27,2839,0.0,-20.0,13.8,27,-0.46,0,
C-B-1,3,1.87594,-29.4929,15.3109,1230,0.0,10.4,14.9,27,2839,0.0,-20.0,13.8,27,-0.46,0,
C-B-1,3,1.87693,-29.4929,15.3109,1230,0.0,10.4,14.9,27,2839,0.0,-20.0,13.8,27,-0.46,0,
C-B-1,3,1.87793,-29.4929,15.3109,1230,0.0,10.4,14.9,27,2839,0.0,-20.0,13.8,27,-0.46,0,
C-B-1,3,1.87893,-29.4929,15.3109,1230,0.0,10.4,14.9,27,2839,0.0,-20.0,13.8,27,-0.46,0,
C-B-1,3,1.87993,-29.4929,15.3109,1230,0.0,10.4,14.9,27,2839,0.0,-20.0,13.8,27,-0.46,0,
C-B-1,3,1.88093,-29.4929,15.3109,1230,0.0,10.4,14.9,27,2839,0.0,-20.0,13.8,27,-0.46,0,
C-B-1,3,1.88193,-29.4929,15.3109,1230,0.0,10.4,14.9,27,2839,0.0,-20.0,13.8,27,-0.46,0,
C-B-1,3,1.88293,-29.4929,15.3109,1230,0.0,10.4,14.9,27,2839,0.0,-20.0,13.8,27,-0.46,0,
C-B-1,3,1.88394,-29.4929,15.3109,1230,0.0,10.4,14.9,27,2839,0.0,-20.0,13.8,27,-0.46,0,
C-B-1,3,1.88493,-29.4929,15.3109,1230,0.0,10.4,14.9,27,2839,0.0,-20.0,13.8,27,-0.46,0,
C-B-1,3,1.88593,-29.4929,15.3109,1230,0.0,10.4,14.9,27,2839,0.0,-20.0,13.8,27,-0.46,0,
C-B-1,3,1.88694,-29.4929,15.3109,1230,0.0,10.4,14.9,27,2839,0.0,-20.0,13.8,27,-0.46,0,
C-B-1,3,1.88793,-29.4929,15.3109,1230,0.0,10.4,14.9,27,2839,0.0,-20.0,13.8,27,-0.46,0,
C-B-1,3,1.88893,-29.4929,15.3109,1230,0.0,10.4,14.9,27,2839,0.0,-20.0,13.8,27,-0.46,0,
C-B-1,3,1.88994,-29.4929,15.3109,1230,0.0,10.4,14.9,27,2839,0.0,-20.0,13.8,27,-0.46,0,
C-B-1,3,1.89093,-29.4929,15.3109,1230,0.0,10.4,14.9,27,2839,0.0,-20.0,13.8,27,-0.46,0,
C-B-1,3,1.89193,-29.4929,15.3109,1230,0.0,10.4,14.9,27,2839,0.0,-20.0,13.8,27,-0.46,0,
C-B-1,3,1.89293,-29.4929,15.3109,1230,0.0,10.4,14.9,27,2839,0.0,-20.0,13.8,27,-0.46,0,
C-B-1,3,1.89393,-29.4929,15.3109,1230,0.0,10.4,14.9,27,2839,0.0,-20.0,13.8,27,-0.46,0,
C-B-1,3,1.89494,-29.4929,15.3109,1230,0.0,10.4,14.9,27,2838,0.0,-20.8,13.8,27,-0.499,0,
C-B-1,3,1.89594,-29.4929,15.3109,1230,0.0,10.4,14.9,27,2839,0.0,-20.0,13.8,27,-0.46,0,
C-B-1,3,1.89693,-29.4929,15.3109,1230,0.0,10.4,14.9,27,2839,0.0,-20.0,13.8,27,-0.46,0,
C-B-1,3,1.89794,-29.4929,15.3109,1230,0.0,10.4,14.9,27,2839,0.0,-20.0,13.8,27,-0.46,0,
C-B-1,3,1.89893,-29.4929,15.3109,1230,0.0,10.4,14.9,27,2839,0.0,-20.0,13.8,27,-0.46,0,
C-B-1,3,1.89994,-29.4929,15.3109,1230,0.0,10.4,14.9,27,2839,0.0,-20.0,13.8,27,-0.46,0,
C-B-1,3,1.90094,-29.4929,15.3109,1230,0.0,10.4,14.9,27,2839,0.0,-20.0,13.8,27,-0.46,0,
C-B-1,3,1.90194,-29.4929,15.3109,1230,0.0,10.4,14.9,27,2839,0.0,-20.0,13.8,27,-0.46,0,
C-B-1,3,1.90294,-29.4929,15.3109,1230,0.0,10.4,14.9,27,2839,0.0,-20.0,13.8,27,-0.46,0,
C-B-1,3,1.90394,-29.4929,15.3109,1230,0.0,10.4,14.9,27,2839,0.0,-20.0,13.8,27,-0.46,0,
C-B-1,3,1.90494,-29.4929,15.3109,1230,0.0,10.4,14.9,27,2839,0.0,-20.0,13.8,27,-0.46,0,
C-B-1,3,1.90594,-29.4929,15.3109,1230,0.0,10.4,14.9,27,2839,0.0,-20.0,13.8,27,-0.46,0,
C-B-1,3,1.90694,-29.4929,15.3109,1230,0.0,10.4,14.9,27,2839,0.0,-20.0,13.8,27,-0.46,0,
C-B-1,3,1.90794,-29.4929,15.3109,1230,0.0,10.4,14.9,27,2839,0.0,-20.0,13.8,27,-0.46,0,
C-B-1,3,1.90894,-29.4929,15.3109,1230,0.0,10.4,14.9,27,2839,0.0,-20.0,13.8,27,-0.46,0,
C-B-1,3,1.90994,-29.4929,15.3109,1230,0.0,10.4,14.9,27,2839,0.0,-20.0,13.8,27,-0.46,0,
C-B-1,3,1.91094,-29.4929,15.3109,1230,0.0,10.4,14.9,27,2839,0.0,-20.0,13.8,27,-0.46,0,
C-B-1,3,1.91194,-29.4929,15.3109,1230,0.0,10.4,14.9,27,2839,0.0,-20.0,13.8,27,-0.46,0,
C-B-1,3,1.91295,-29.4929,15.3109,1230,0.0,10.4,14.9,27,2839,0.0,-20.0,13.8,27,-0.46,0,
C-B-1,3,1.91394,-29.4929,15.3109,1230,0.0,10.4,14.9,27,2839,0.0,-20.0,13.8,27,-0.46,0,
C-B-1,3,1.91494,-29.4929,15.3109,1230,0.0,10.4,14.9,27,2839,0.0,-20.0,13.8,27,-0.46,0,
C-B-1,3,1.91594,-29.4929,15.3109,1230,0.0,10.4,14.9,27,2839,0.0,-20.0,13.8,27,-0.46,0,
C-B-1,3,1.91695,-29.4929,15.3109,1230,0.0,10.4,14.9,27,2839,0.0,-20.0,13.8,27,-0.46,0,
C-B-1,3,1.91794,-29.4929,15.3109,1230,0.0,10.4,14.0,27,2839,0.0,-20.0,14.1,27,-0.46,0,
C-B-1,3,1.91894,-29.4929,15.3109,1230,0.0,10.4,14.0,27,2839,0.0,-20.0,14.1,27,-0.46,0,
C-B-1,3,1.91994,-29.4929,15.3109,1230,0.0,10.4,14.0,27,2839,0.0,-20.0,14.1,27,-0.46,0,
C-B-1,3,1.92094,-29.4929,15.3109,1230,0.0,10.4,14.0,27,2839,0.0,-20.0,14.1,27,-0.46,0,
C-B-1,3,1.92194,-29.4929,15.3109,1230,0.0,10.4,14.0,27,2839,0.0,-20.0,14.1,27,-0.46,0,
C-B-1,3,1.92294,-29.4929,15.3109,1230,0.0,10.4,14.0,27,2839,0.0,-20.0,14.1,27,-0.46,0,
C-B-1,3,1.92395,-29.4929,15.3109,1230,0.0,10.4,14.0,27,2839,0.0,-20.0,14.1,27,-0.46,0,
C-B-1,3,1.92494,-29.4929,15.3109,1230,0.0,10.4,14.0,27,2839,0.0,-20.0,14.1,27,-0.46,0,
C-B-1,3,1.92594,-29.4929,15.3109,1230,0.0,10.4,14.0,27,2839,0.0,-20.0,14.1,27,-0.46,0,
C-B-1,3,1.92694,-29.4545,15.3167,1231,0.0,11.200000000000001,14.0,27,2839,0.0,-20.0,14.1,27,-0.422,0,
C-B-1,3,1.92794,-29.4929,15.3109,1230,0.0,10.4,14.0,27,2839,0.0,-20.0,14.1,27,-0.46,0,
C-B-1,3,1.92894,-29.4929,15.3109,1230,0.0,10.4,14.0,27,2839,0.0,-20.0,14.1,27,-0.46,0,
C-B-1,3,1.92995,-29.4929,15.3109,1230,0.0,10.4,14.0,27,2839,0.0,-20.0,14.1,27,-0.46,0,
C-B-1,3,1.93094,-29.4929,15.3109,1230,0.0,10.4,14.0,27,2839,0.0,-20.0,14.1,27,-0.46,0,
C-B-1,3,1.93194,-29.4929,15.3109,1230,0.0,10.4,14.0,27,2839,0.0,-20.0,14.1,27,-0.46,0,
C-B-1,3,1.93294,-29.4929,15.3109,1230,0.0,10.4,14.0,27,2839,0.0,-20.0,14.1,27,-0.46,0,
C-B-1,3,1.93394,-29.4929,15.3109,1230,0.0,10.4,14.0,27,2838,0.0,-20.8,14.1,27,-0.499,0,
C-B-1,3,1.93495,-29.4929,15.3109,1230,0.0,10.4,14.0,27,2839,0.0,-20.0,14.1,27,-0.46,0,
C-B-1,3,1.93594,-29.4545,15.3167,1231,0.0,11.200000000000001,14.0,27,2839,0.0,-20.0,14.1,27,-0.422,0,
C-B-1,3,1.93694,-29.4929,15.3109,1230,0.0,10.4,14.0,27,2839,0.0,-20.0,14.1,27,-0.46,0,
C-B-1,3,1.93794,-29.4545,15.3167,1231,0.0,11.200000000000001,14.0,27,2839,0.0,-20.0,14.1,27,-0.422,0,
C-B-1,3,1.93895,-29.4929,15.3109,1230,0.0,10.4,14.0,27,2839,0.0,-20.0,14.1,27,-0.46,0,
C-B-1,3,1.93994,-29.4545,15.3167,1231,0.0,11.200000000000001,14.0,27,2839,0.0,-20.0,14.1,27,-0.422,0,
C-B-1,3,1.94094,-29.4929,15.3109,1230,0.0,10.4,14.0,27,2839,0.0,-20.0,14.1,27,-0.46,0,
C-B-1,3,1.94194,-29.4929,15.3109,1230,0.0,10.4,14.0,27,2839,0.0,-20.0,14.1,27,-0.46,0,
C-B-1,3,1.94292,-29.4545,15.3167,1231,0.0,11.200000000000001,14.0,27,2839,0.0,-20.0,14.1,27,-0.422,0,
C-B-1,3,1.94392,-29.4545,15.3167,1231,0.0,11.200000000000001,14.0,27,2839,0.0,-20.0,14.1,27,-0.422,0,
C-B-1,3,1.94493,-29.4929,15.3109,1230,0.0,10.4,14.0,27,2839,0.0,-20.0,14.1,27,-0.46,0,
C-B-1,3,1.94592,-29.4545,15.3167,1231,0.0,11.200000000000001,14.0,27,2839,0.0,-20.0,14.1,27,-0.422,0,
C-B-1,3,1.94692,-29.4929,15.3109,1230,0.0,10.4,14.0,27,2839,0.0,-20.0,14.1,27,-0.46,0,
C-B-1,3,1.94792,-29.4929,15.3109,1230,0.0,10.4,14.0,27,2838,0.0,-20.8,14.1,27,-0.499,0,
C-B-1,3,1.94892,-29.4545,15.3167,1231,0.0,11.200000000000001,14.0,27,2839,0.0,-20.0,14.1,27,-0.422,0,
C-B-1,3,1.94992,-29.4545,15.3167,1231,0.0,11.200000000000001,14.0,27,2838,0.0,-20.8,14.1,27,-0.46,0,
C-B-1,3,1.95092,-29.4545,15.3167,1231,0.0,11.200000000000001,14.0,27,2839,0.0,-20.0,14.1,27,-0.422,0,
C-B-1,3,1.95193,-29.4545,15.3167,1231,0.0,11.200000000000001,14.0,27,2839,0.0,-20.0,14.1,27,-0.422,0,
C-B-1,3,1.95292,-29.4545,15.3167,1231,0.0,11.200000000000001,14.0,27,2839,0.0,-20.0,14.1,27,-0.422,0,
C-B-1,3,1.95392,-29.4545,15.3167,1231,0.0,11.200000000000001,14.0,27,2839,0.0,-20.0,14.1,27,-0.422,0,
C-B-1,3,1.95493,-29.4545,15.3167,1231,0.0,11.200000000000001,14.0,27,2839,0.0,-20.0,14.1,27,-0.422,0,
C-B-1,3,1.95592,-29.4929,15.3109,1230,0.0,10.4,14.0,27,2839,0.0,-20.0,14.1,27,-0.46,0,
C-B-1,3,1.95692,-29.4545,15.3167,1231,0.0,11.200000000000001,14.0,27,2838,0.0,-20.8,14.1,27,-0.46,0,
C-B-1,3,1.95792,-29.4545,15.3167,1231,0.0,11.200000000000001,14.0,27,2839,0.0,-20.0,14.1,27,-0.422,0,
C-B-1,3,1.95892,-29.4545,15.3167,1231,0.0,11.200000000000001,14.0,27,2839,0.0,-20.0,14.1,27,-0.422,0,
C-B-1,3,1.95993,-29.4545,15.3167,1231,0.0,11.200000000000001,14.0,27,2838,0.0,-20.8,14.1,27,-0.46,0,
C-B-1,3,1.96092,-29.4545,15.3167,1231,0.0,11.200000000000001,14.0,27,2838,0.0,-20.8,14.1,27,-0.46,0,
C-B-1,3,1.96192,-29.4545,15.3167,1231,0.0,11.200000000000001,14.0,27,2838,0.0,-20.8,14.1,27,-0.46,0,
C-B-1,3,1.96292,-29.4929,15.3109,1230,0.0,10.4,14.0,27,2839,0.0,-20.0,14.1,27,-0.46,0,
C-B-1,3,1.96392,-29.4545,15.3167,1231,0.0,11.200000000000001,14.0,27,2839,0.0,-20.0,14.1,27,-0.422,0,
C-B-1,3,1.96493,-29.4929,15.3109,1230,0.0,10.4,14.0,27,2839,0.0,-20.0,14.1,27,-0.46,0,
C-B-1,3,1.96592,-29.4545,15.3167,1231,0.0,11.200000000000001,14.0,27,2839,0.0,-20.0,14.1,27,-0.422,0,
C-B-1,3,1.96692,-29.4545,15.3167,1231,0.0,11.200000000000001,14.0,27,2838,0.0,-20.8,14.1,27,-0.46,0,
C-B-1,3,1.96792,-29.4929,15.3109,1230,0.0,10.4,14.0,27,2838,0.0,-20.8,14.1,27,-0.499,0,
C-B-1,3,1.96892,-29.4545,15.3167,1231,0.0,11.200000000000001,14.0,27,2838,0.0,-20.8,14.1,27,-0.46,0,
C-B-1,3,1.96992,-29.4929,15.3109,1230,0.0,10.4,14.0,27,2838,0.0,-20.8,14.1,27,-0.499,0,
C-B-1,3,1.97092,-29.4545,15.3167,1231,0.0,11.200000000000001,14.0,27,2838,0.0,-20.8,14.1,27,-0.46,0,
C-B-1,3,1.97192,-29.4545,15.3167,1231,0.0,11.200000000000001,14.0,27,2838,0.0,-20.8,14.1,27,-0.46,0,
C-B-1,3,1.97293,-29.4545,15.3167,1231,0.0,11.200000000000001,14.0,27,2838,0.0,-20.8,14.1,27,-0.46,0,
C-B-1,3,1.97392,-29.4545,15.3167,1231,0.0,11.200000000000001,14.0,27,2838,0.0,-20.8,14.1,27,-0.46,0,
C-B-1,3,1.97492,-29.4545,15.3167,1231,0.0,11.200000000000001,14.0,27,2839,0.0,-20.0,14.1,27,-0.422,0,
C-B-1,3,1.97592,-29.4929,15.3109,1230,0.0,10.4,14.0,27,2838,0.0,-20.8,14.1,27,-0.499,0,
C-B-1,3,1.97692,-29.4545,15.3167,1231,0.0,11.200000000000001,14.0,26,2838,0.0,-20.8,14.1,27,-0.46,0,
C-B-1,3,1.97793,-29.4545,15.3167,1231,0.0,11.200000000000001,14.0,26,2838,0.0,-20.8,14.1,27,-0.46,0,
C-B-1,3,1.97893,-29.4545,15.3167,1231,0.0,11.200000000000001,14.0,26,2839,0.0,-20.0,14.1,27,-0.422,0,
C-B-1,3,1.97993,-29.4545,15.3167,1231,0.0,11.200000000000001,14.0,26,2838,0.0,-20.8,14.1,27,-0.46,0,
C-B-1,3,1.98093,-29.4929,15.3109,1230,0.0,10.4,14.0,26,2839,0.0,-20.0,14.1,27,-0.46,0,
C-B-1,3,1.98193,-29.4545,15.3167,1231,0.0,11.200000000000001,14.0,26,2839,0.0,-20.0,14.1,27,-0.422,0,
C-B-1,3,1.98293,-29.4545,15.3167,1231,0.0,11.200000000000001,14.0,26,2838,0.0,-20.8,14.1,27,-0.46,0,
C-B-1,3,1.98393,-29.4545,15.3167,1231,0.0,11.200000000000001,14.0,26,2838,0.0,-20.8,14.1,27,-0.46,0,
C-B-1,3,1.98493,-29.4545,15.3167,1231,0.0,11.200000000000001,14.0,26,2838,0.0,-20.8,14.1,27,-0.46,0,
C-B-1,3,1.98593,-29.4545,15.3167,1231,0.0,11.200000000000001,14.0,26,2838,0.0,-20.8,14.1,27,-0.46,0,
C-B-1,3,1.98693,-29.4545,15.3167,1231,0.0,11.200000000000001,14.0,26,2838,0.0,-20.8,14.1,27,-0.46,0,
C-B-1,3,1.98793,-29.4929,15.3109,1230,0.0,10.4,14.0,26,2838,0.0,-20.8,14.1,27,-0.499,0,
C-B-1,3,1.98893,-29.4929,15.3109,1230,0.0,10.4,14.0,26,2838,0.0,-20.8,14.1,27,-0.499,0,
C-B-1,3,1.98993,-29.4545,15.3167,1231,0.0,11.200000000000001,14.0,26,2838,0.0,-20.8,14.1,27,-0.46,0,
C-B-1,3,1.99093,-29.4545,15.3167,1231,0.0,11.200000000000001,14.0,26,2838,0.0,-20.8,14.1,27,-0.46,0,
C-B-1,3,1.99193,-29.4929,15.3109,1230,0.0,10.4,14.0,26,2838,0.0,-20.8,14.1,27,-0.499,0,
C-B-1,3,1.99293,-29.4545,15.3167,1231,0.0,11.200000000000001,14.0,26,2838,0.0,-20.8,14.1,27,-0.46,0,
C-B-1,3,1.99393,-29.4545,15.3167,1231,0.0,11.200000000000001,14.0,26,2838,0.0,-20.8,14.1,27,-0.46,0,
C-B-1,3,1.99494,-29.4929,15.3109,1230,0.0,10.4,14.0,26,2839,0.0,-20.0,14.1,27,-0.46,0,
C-B-1,3,1.99593,-29.4545,15.3167,1231,0.0,11.200000000000001,14.0,26,2838,0.0,-20.8,14.1,27,-0.46,0,
C-B-1,3,1.99693,-29.4545,15.3167,1231,0.0,11.200000000000001,14.0,26,2838,0.0,-20.8,14.1,27,-0.46,0,
C-B-1,3,1.99793,-29.4545,15.3167,1231,0.0,11.200000000000001,14.0,26,2838,0.0,-20.8,14.1,27,-0.46,0,
C-B-1,3,1.99893,-29.4545,15.3167,1231,0.0,11.200000000000001,14.0,26,2838,0.0,-20.8,14.1,27,-0.46,0,
C-B-1,3,1.99993,-29.4929,15.3109,1230,0.0,10.4,14.0,26,2839,0.0,-20.0,14.1,27,-0.46,0,
C-B-1,3,2.00094,-29.4929,15.3109,1230,0.0,10.4,14.0,26,2838,0.0,-20.8,14.1,27,-0.499,0,
