run_id,rep,t_s,q_deg,tau_grav_Nm,pos1,spd1_rpm,load1_pct,volt1,temp1_C,pos2,spd2_rpm,load2_pct,volt2,temp2_C,dq12_deg,comm_fail,note
C-A-1,1,0.00094,28.304,10.3252,2737,0.0,-34.4,15.4,36,1346,0.0,36.800000000000004,14.5,37,0.077,0,
C-A-1,1,0.00194,28.304,10.3252,2737,0.0,-34.4,15.4,36,1345,0.0,36.0,14.5,37,0.038,0,
C-A-1,1,0.00294,28.304,10.3252,2737,0.0,-34.4,15.4,36,1346,0.0,36.800000000000004,14.5,37,0.077,0,
C-A-1,1,0.00397,28.304,10.3252,2737,0.0,-34.4,15.4,36,1345,0.0,36.0,14.5,37,0.038,0,
C-A-1,1,0.00494,28.304,10.3252,2737,0.0,-33.6,15.4,36,1346,0.0,36.0,14.5,37,0.077,0,
C-A-1,1,0.00594,28.304,10.3252,2737,0.0,-33.6,15.4,36,1346,0.0,36.0,14.5,37,0.077,0,
C-A-1,1,0.00694,28.304,10.3252,2737,0.0,-33.6,15.4,36,1346,0.0,36.0,14.5,37,0.077,0,
C-A-1,1,0.00794,28.304,10.3252,2737,0.0,-33.6,15.4,36,1346,0.0,36.0,14.5,37,0.077,0,
C-A-1,1,0.00894,28.304,10.3252,2737,0.0,-32.800000000000004,15.4,36,1346,0.0,35.2,14.5,37,0.077,0,
C-A-1,1,0.00996,28.304,10.3252,2737,0.0,-32.800000000000004,15.4,36,1346,0.0,35.2,14.5,37,0.077,0,
C-A-1,1,0.01094,28.304,10.3252,2737,0.0,-32.800000000000004,15.4,36,1345,0.0,33.6,14.5,37,0.038,0,
C-A-1,1,0.01194,28.304,10.3252,2737,0.0,-32.0,15.4,36,1346,0.0,34.4,14.5,37,0.077,0,
C-A-1,1,0.01296,28.304,10.3252,2737,0.0,-32.0,15.4,36,1346,0.0,33.6,14.5,37,0.077,0,
C-A-1,1,0.01395,28.304,10.3252,2737,0.0,-31.200000000000003,15.4,36,1346,0.0,33.6,14.5,37,0.077,0,
C-A-1,1,0.01494,28.304,10.3252,2737,0.0,-31.200000000000003,15.4,36,1346,0.0,32.800000000000004,14.5,37,0.077,0,
C-A-1,1,0.01594,28.304,10.3252,2737,0.0,-29.6,15.4,36,1345,0.0,31.200000000000003,14.5,37,0.038,0,
C-A-1,1,0.01695,28.304,10.3252,2737,0.0,-29.6,15.4,36,1346,0.0,32.0,14.5,37,0.077,0,
C-A-1,1,0.01794,28.304,10.3252,2737,0.0,-28.8,15.4,36,1345,0.0,30.400000000000002,14.5,37,0.038,0,
C-A-1,1,0.01894,28.304,10.3252,2737,0.0,-28.0,15.4,36,1346,0.0,30.400000000000002,14.5,37,0.077,0,
C-A-1,1,0.01994,28.304,10.3252,2737,0.0,-27.200000000000003,15.4,36,1346,0.0,29.6,14.5,37,0.077,0,
C-A-1,1,0.02094,28.304,10.3252,2737,0.0,-27.200000000000003,15.4,36,1346,0.0,28.8,14.5,37,0.077,0,
C-A-1,1,0.02194,28.304,10.3252,2737,0.0,-26.400000000000002,15.4,36,1345,0.0,27.200000000000003,14.5,37,0.038,0,
C-A-1,1,0.02296,28.304,10.3252,2737,0.0,-25.6,15.4,36,1345,0.0,26.400000000000002,14.5,37,0.038,0,
C-A-1,1,0.02394,28.304,10.3252,2737,0.0,-24.8,15.4,36,1345,0.0,25.6,14.5,37,0.038,0,
C-A-1,1,0.02494,28.304,10.3252,2737,0.0,-24.0,15.4,36,1346,0.0,25.6,14.5,37,0.077,0,
C-A-1,1,0.02596,28.304,10.3252,2737,0.0,-23.200000000000003,15.4,36,1346,0.0,24.8,14.5,37,0.077,0,
C-A-1,1,0.02694,28.304,10.3252,2737,0.0,-22.400000000000002,15.4,36,1346,0.0,24.0,14.5,37,0.077,0,
C-A-1,1,0.02794,28.304,10.3252,2737,0.0,-20.8,15.4,36,1346,0.0,23.200000000000003,14.5,37,0.077,0,
C-A-1,1,0.02896,28.304,10.3252,2737,0.0,-20.0,15.4,36,1346,0.0,21.6,14.5,37,0.077,0,
C-A-1,1,0.02994,28.304,10.3252,2737,0.0,-19.200000000000003,15.4,36,1345,0.0,20.0,14.5,37,0.038,0,
C-A-1,1,0.03094,28.304,10.3252,2737,0.0,-17.6,15.4,36,1345,0.0,18.400000000000002,14.5,37,0.038,0,
C-A-1,1,0.03196,28.304,10.3252,2737,0.0,-16.8,15.4,36,1345,0.0,17.6,14.5,37,0.038,0,
C-A-1,1,0.03294,28.304,10.3252,2737,0.0,-16.0,15.4,36,1345,0.0,16.8,14.5,37,0.038,0,
C-A-1,1,0.03394,28.304,10.3252,2737,0.0,-14.4,15.4,36,1346,0.0,16.0,14.5,37,0.077,0,
C-A-1,1,0.03496,28.304,10.3252,2737,0.0,-13.600000000000001,15.4,36,1346,0.0,15.200000000000001,14.5,37,0.077,0,
C-A-1,1,0.03595,28.304,10.3252,2737,0.0,-12.8,15.4,36,1345,0.0,13.600000000000001,14.5,37,0.038,0,
C-A-1,1,0.03694,28.304,10.3252,2737,0.0,-10.4,15.4,36,1346,0.0,12.8,14.5,37,0.077,0,
C-A-1,1,0.03796,28.304,10.3252,2737,0.0,-8.8,15.4,36,1346,0.0,12.0,14.5,37,0.077,0,
C-A-1,1,0.03895,28.304,10.3252,2737,0.0,-8.0,15.4,36,1346,0.0,10.4,14.5,37,0.077,0,
C-A-1,1,0.03994,28.304,10.3252,2737,0.0,-6.4,15.4,36,1346,0.0,9.600000000000001,14.5,37,0.077,0,
C-A-1,1,0.04096,28.304,10.3252,2737,0.0,-5.6000000000000005,15.4,36,1346,0.0,8.0,14.5,37,0.077,0,
C-A-1,1,0.04194,28.304,10.3252,2737,0.0,-4.0,15.4,36,1346,0.0,6.4,14.5,37,0.077,0,
C-A-1,1,0.04294,28.304,10.3252,2737,0.0,-2.4000000000000004,15.4,36,1345,0.0,3.2,14.5,37,0.038,0,
C-A-1,1,0.04397,28.304,10.3252,2737,0.0,-1.6,15.4,36,1346,0.0,2.4000000000000004,14.5,37,0.077,0,
C-A-1,1,0.04494,28.304,10.3252,2737,0.0,0.0,15.4,36,1345,0.0,0.0,14.5,37,0.038,0,
C-A-1,1,0.04594,28.304,10.3252,2737,0.0,3.2,15.4,36,1346,0.0,-0.8,14.5,37,0.077,0,
C-A-1,1,0.04696,28.304,10.3252,2737,0.0,4.800000000000001,15.4,36,1346,0.0,-1.6,14.5,37,0.077,0,
C-A-1,1,0.04794,28.304,10.3252,2737,0.0,6.4,15.4,36,1346,0.0,-3.2,14.5,37,0.077,0,
C-A-1,1,0.04894,28.304,10.3252,2737,0.0,8.0,15.4,36,1346,0.0,-4.800000000000001,14.5,37,0.077,0,
C-A-1,1,0.04996,28.2656,10.3289,2736,0.0,8.8,15.4,36,1346,0.0,-6.4,14.5,37,0.038,0,
C-A-1,1,0.05094,28.304,10.3252,2737,0.0,11.200000000000001,15.4,36,1346,0.0,-8.0,14.5,37,0.077,0,
C-A-1,1,0.05194,28.2656,10.3289,2736,0.0,12.0,15.4,36,1346,0.0,-11.200000000000001,14.5,37,0.038,0,
C-A-1,1,0.05296,28.2656,10.3289,2736,0.0,13.600000000000001,15.4,36,1347,1.01,-10.3,14.5,37,0.077,0,
C-A-1,1,0.05407,28.2273,10.3326,2735,-1.01,12.700000000000001,15.4,36,1347,0.0,-14.4,14.5,37,0.038,0,
C-A-1,1,0.05494,28.2273,10.3326,2735,-1.01,15.9,15.4,36,1348,1.01,-13.5,14.5,37,0.077,0,
C-A-1,1,0.05596,28.1889,10.3364,2734,-1.51,15.8,15.4,36,1348,1.01,-15.100000000000001,14.5,37,0.038,0,
C-A-1,1,0.05694,28.1889,10.3364,2734,-1.51,18.2,15.4,36,1349,1.51,-15.0,14.5,37,0.077,0,
C-A-1,1,0.05795,28.1506,10.3401,2733,-2.01,18.1,15.4,36,1349,1.51,-17.400000000000002,14.5,37,0.038,0,
C-A-1,1,0.05896,28.1506,10.3401,2733,-2.01,19.700000000000003,15.4,36,1349,1.51,-19.0,14.5,37,0.038,0,
C-A-1,1,0.05995,28.1506,10.3401,2733,-2.01,22.1,15.4,36,1350,2.52,-18.1,14.5,37,0.077,0,
C-A-1,1,0.06095,28.1122,10.3438,2732,-2.52,22.1,15.4,36,1351,3.02,-20.400000000000002,14.5,37,0.077,0,
C-A-1,1,0.06196,28.0739,10.3475,2731,-3.02,22.8,15.4,36,1352,3.52,-21.1,14.5,37,0.077,0,
C-A-1,1,0.06296,28.0355,10.3511,2730,-3.52,22.700000000000003,15.4,36,1353,3.52,-21.900000000000002,14.5,37,0.077,0,
C-A-1,1,0.06395,28.0355,10.3511,2730,-3.52,25.1,15.4,36,1353,3.52,-24.3,14.5,37,0.077,0,
C-A-1,1,0.06494,27.9972,10.3548,2729,-4.03,25.0,15.4,36,1354,4.53,-23.400000000000002,14.5,37,0.077,0,
C-A-1,1,0.06596,27.9588,10.3585,2728,-4.53,25.8,15.4,36,1355,4.53,-25.0,14.5,37,0.077,0,
C-A-1,1,0.06694,27.9205,10.3622,2727,-5.03,26.5,15.4,36,1356,5.03,-25.700000000000003,14.5,37,0.077,0,
C-A-1,1,0.06794,27.8821,10.3659,2726,-5.54,26.400000000000002,15.4,36,1356,5.03,-27.3,14.5,37,0.038,0,
C-A-1,1,0.06894,27.8438,10.3695,2725,-6.04,29.5,15.4,36,1358,6.04,-26.3,14.5,37,0.077,0,
C-A-1,1,0.06994,27.8054,10.3732,2724,-6.54,29.5,15.4,36,1359,6.54,-29.5,14.5,37,0.077,0,
C-A-1,1,0.07094,27.767,10.3769,2723,-7.04,30.200000000000003,15.4,36,1361,7.55,-28.5,14.5,37,0.115,0,
C-A-1,1,0.07196,27.6903,10.3842,2721,-8.05,29.200000000000003,15.4,36,1362,8.55,-27.6,14.5,37,0.077,0,
C-A-1,1,0.07294,27.652,10.3878,2720,-8.55,30.0,15.4,36,1363,8.55,-29.200000000000003,14.5,37,0.077,0,
C-A-1,1,0.07394,27.6136,10.3915,2719,-9.06,30.700000000000003,15.4,36,1365,10.06,-27.3,14.5,37,0.115,0,
C-A-1,1,0.07496,27.5753,10.3951,2718,-9.56,31.400000000000002,15.4,36,1365,9.56,-30.6,14.5,37,0.077,0,
C-A-1,1,0.07595,27.5369,10.3987,2717,-10.06,32.1,15.4,36,1366,10.06,-31.3,14.5,37,0.077,0,
C-A-1,1,0.07694,27.4986,10.4023,2716,-10.57,32.9,15.4,36,1368,11.07,-30.400000000000002,14.5,37,0.115,0,
C-A-1,1,0.07796,27.3835,10.4132,2713,-12.08,32.6,15.4,36,1370,12.08,-30.200000000000003,14.5,37,0.077,0,
C-A-1,1,0.07894,27.3452,10.4168,2712,-12.08,34.2,15.4,36,1371,12.58,-31.0,14.5,37,0.077,0,
C-A-1,1,0.07994,27.2685,10.424,2710,-13.59,33.2,15.4,36,1372,13.08,-31.700000000000003,14.5,37,0.038,0,
C-A-1,1,0.08096,27.2301,10.4276,2709,-13.59,34.800000000000004,15.4,36,1374,13.59,-31.6,14.5,37,0.077,0,
C-A-1,1,0.08194,27.1534,10.4348,2707,-14.59,33.9,15.4,36,1375,14.59,-31.5,14.5,37,0.038,0,
C-A-1,1,0.08295,27.1151,10.4384,2706,-14.59,35.5,15.4,36,1377,15.1,-32.2,14.5,37,0.077,0,
C-A-1,1,0.08397,27.0767,10.4419,2705,-15.1,37.0,15.4,36,1379,15.6,-34.5,14.5,37,0.115,0,
C-A-1,1,0.08495,27.0,10.4491,2703,-16.1,36.0,15.4,36,1381,16.61,-34.300000000000004,14.5,37,0.115,0,
C-A-1,1,0.08595,26.9233,10.4562,2701,-16.61,35.9,15.4,36,1383,17.11,-34.300000000000004,14.5,37,0.115,0,
C-A-1,1,0.08697,26.8082,10.4668,2698,-17.61,37.4,15.4,36,1384,17.61,-35.800000000000004,14.5,37,0.038,0,
C-A-1,1,0.08797,26.7699,10.4704,2697,-18.12,38.900000000000006,15.4,36,1386,18.62,-34.800000000000004,14.5,37,0.077,0,
C-A-1,1,0.08897,26.7699,10.4704,2697,-18.12,41.300000000000004,15.4,36,1386,18.12,-38.900000000000006,14.5,37,0.077,0,
C-A-1,1,0.08995,26.6932,10.4774,2695,-18.62,42.0,15.4,36,1388,18.62,-38.800000000000004,14.5,37,0.077,0,
C-A-1,1,0.09095,26.6165,10.4845,2693,-19.12,42.800000000000004,15.4,36,1390,19.62,-38.7,14.5,37,0.077,0,
C-A-1,1,0.09197,26.5781,10.488,2692,-19.12,44.400000000000006,15.4,36,1392,20.13,-39.400000000000006,14.5,37,0.115,0,
C-A-1,1,0.09295,26.5014,10.495,2690,-20.13,44.2,15.4,36,1395,21.13,-40.900000000000006,14.5,37,0.153,0,
C-A-1,1,0.09395,26.4247,10.502,2688,-20.63,44.900000000000006,15.4,36,1397,21.64,-41.6,14.5,37,0.153,0,
C-A-1,1,0.09497,26.2713,10.5159,2684,-21.64,44.0,15.4,36,1398,21.64,-44.0,14.5,37,0.038,0,
C-A-1,1,0.09595,26.1562,10.5263,2681,-22.14,46.300000000000004,15.4,36,1400,22.14,-43.900000000000006,14.5,37,0.0,0,
C-A-1,1,0.09695,26.0028,10.5401,2677,-24.15,42.800000000000004,15.4,36,1403,23.65,-42.1,14.5,37,-0.038,0,
C-A-1,1,0.09795,25.9645,10.5436,2676,-24.15,45.2,15.4,36,1404,23.15,-45.400000000000006,14.5,37,-0.038,0,
C-A-1,1,0.09895,25.8494,10.5539,2673,-25.16,44.300000000000004,15.4,36,1407,24.15,-44.400000000000006,14.5,37,-0.038,0,
C-A-1,1,0.09995,25.7727,10.5607,2671,-25.66,45.0,15.4,36,1409,25.16,-44.300000000000004,14.5,37,-0.038,0,
C-A-1,1,0.10093,25.696,10.5675,2669,-25.66,46.6,15.4,36,1411,25.16,-45.900000000000006,14.5,37,-0.038,0,
C-A-1,1,0.10195,25.581,10.5777,2666,-26.67,45.6,15.4,36,1415,26.17,-47.300000000000004,14.5,37,0.0,0,
C-A-1,1,0.10293,25.5043,10.5845,2664,-27.17,46.400000000000006,14.9,36,1417,26.17,-48.900000000000006,14.5,37,0.0,0,
C-A-1,1,0.10395,25.4276,10.5912,2662,-27.68,47.1,14.9,36,1420,27.68,-47.900000000000006,14.8,37,0.038,0,
C-A-1,1,0.10493,25.3125,10.6013,2659,-28.68,46.1,14.9,36,1422,28.18,-48.6,14.8,37,0.0,0,
C-A-1,1,0.10595,25.2358,10.608,2657,-29.19,47.7,14.9,36,1425,28.68,-48.5,14.8,37,0.038,0,
C-A-1,1,0.10693,25.1591,10.6147,2655,-29.19,48.0,14.9,36,1427,28.68,-48.800000000000004,14.8,37,0.038,0,
C-A-1,1,0.10795,25.044,10.6247,2652,-30.19,46.2,14.9,36,1429,29.19,-48.0,14.8,37,0.0,0,
C-A-1,1,0.10893,24.929,10.6346,2649,-31.2,44.400000000000006,14.9,36,1432,30.19,-46.2,14.8,37,0.0,0,
C-A-1,1,0.10995,24.7372,10.6511,2644,-32.2,42.7,14.9,36,1434,30.19,-46.2,14.8,37,-0.115,0,
C-A-1,1,0.11093,24.6222,10.661,2641,-32.71,41.800000000000004,14.9,36,1439,31.2,-44.400000000000006,14.8,37,-0.038,0,
C-A-1,1,0.11195,24.5071,10.6708,2638,-33.71,40.1,14.9,36,1442,31.7,-43.6,14.8,37,-0.038,0,
C-A-1,1,0.11293,24.392,10.6805,2635,-34.72,38.300000000000004,14.9,36,1444,32.71,-41.800000000000004,14.8,37,-0.077,0,
C-A-1,1,0.11395,24.277,10.6902,2632,-35.22,37.4,14.9,36,1447,33.21,-40.900000000000006,14.8,37,-0.077,0,
C-A-1,1,0.11493,24.2386,10.6934,2631,-34.72,38.300000000000004,14.9,36,1450,33.71,-40.1,14.8,37,0.0,0,
C-A-1,1,0.11595,24.0852,10.7063,2627,-35.73,36.6,14.9,36,1452,34.22,-39.2,14.8,37,-0.077,0,
C-A-1,1,0.11693,23.9702,10.7159,2624,-36.73,34.800000000000004,14.9,36,1455,34.72,-38.300000000000004,14.8,37,-0.077,0,
C-A-1,1,0.11795,23.8168,10.7286,2620,-37.74,33.1,14.9,36,1458,36.23,-35.7,14.8,37,-0.115,0,
C-A-1,1,0.11893,23.6634,10.7412,2616,-38.75,31.3,14.9,36,1461,36.73,-34.800000000000004,14.8,37,-0.153,0,
C-A-1,1,0.11995,23.5483,10.7507,2613,-39.25,30.400000000000002,14.9,36,1465,36.73,-34.800000000000004,14.8,37,-0.115,0,
C-A-1,1,0.12093,23.4332,10.76,2610,-40.26,28.700000000000003,14.9,36,1468,37.24,-33.9,14.8,37,-0.115,0,
C-A-1,1,0.12195,23.3182,10.7694,2607,-40.76,27.8,14.9,36,1470,37.74,-33.1,14.8,37,-0.153,0,
C-A-1,1,0.12293,23.2031,10.7787,2604,-41.26,26.900000000000002,14.9,36,1473,38.24,-32.2,14.8,37,-0.153,0,
C-A-1,1,0.12395,23.1648,10.7818,2603,-40.26,28.700000000000003,14.9,36,1476,39.25,-30.400000000000002,14.8,37,-0.077,0,
C-A-1,1,0.12493,23.0114,10.7941,2599,-41.26,26.900000000000002,14.9,36,1477,38.75,-31.3,14.8,37,-0.192,0,
C-A-1,1,0.12595,22.9347,10.8002,2597,-41.77,26.1,14.9,36,1480,38.75,-31.3,14.8,37,-0.153,0,
C-A-1,1,0.12693,22.8196,10.8094,2594,-41.26,26.900000000000002,14.9,36,1483,39.75,-29.6,14.8,37,-0.153,0,
C-A-1,1,0.12795,22.6278,10.8245,2589,-41.77,26.1,14.9,36,1486,39.75,-29.6,14.8,37,-0.23,0,
C-A-1,1,0.12895,22.5128,10.8336,2586,-42.27,25.200000000000003,14.9,36,1488,39.75,-29.6,14.8,37,-0.268,0,
C-A-1,1,0.12993,22.3977,10.8426,2583,-42.77,24.3,14.9,36,1490,39.75,-29.6,14.8,37,-0.307,0,
C-A-1,1,0.13095,22.321,10.8485,2581,-42.27,25.200000000000003,14.9,36,1493,40.26,-28.700000000000003,14.8,37,-0.268,0,
C-A-1,1,0.13193,22.206,10.8575,2578,-42.77,24.3,14.9,36,1496,40.76,-27.8,14.8,37,-0.268,0,
C-A-1,1,0.13295,22.1293,10.8634,2576,-42.77,24.3,14.9,36,1498,40.76,-27.8,14.8,37,-0.268,0,
C-A-1,1,0.13395,22.0526,10.8693,2574,-42.27,25.200000000000003,14.9,36,1503,40.76,-27.8,14.8,37,-0.153,0,
C-A-1,1,0.13493,21.8991,10.881,2570,-43.28,23.400000000000002,14.9,36,1505,40.26,-28.700000000000003,14.8,37,-0.23,0,
C-A-1,1,0.13595,21.8224,10.8869,2568,-43.28,23.400000000000002,14.9,36,1509,41.26,-26.900000000000002,14.8,37,-0.153,0,
C-A-1,1,0.13693,21.669,10.8985,2564,-42.27,25.200000000000003,14.9,36,1511,41.26,-26.900000000000002,14.8,37,-0.23,0,
C-A-1,1,0.13795,21.554,10.9072,2561,-42.27,25.200000000000003,14.9,36,1514,41.26,-26.900000000000002,14.8,37,-0.23,0,
C-A-1,1,0.13894,21.4389,10.9158,2558,-42.77,24.3,14.9,36,1515,40.76,-27.8,14.8,37,-0.307,0,
C-A-1,1,0.13995,21.3239,10.9244,2555,-42.77,24.3,14.9,36,1518,40.76,-27.8,14.8,37,-0.307,0,
C-A-1,1,0.14094,21.2472,10.9301,2553,-42.27,25.200000000000003,14.9,36,1520,40.76,-27.8,14.8,37,-0.307,0,
C-A-1,1,0.14195,21.1705,10.9358,2551,-41.77,26.1,14.9,36,1523,40.76,-27.8,14.8,37,-0.268,0,
C-A-1,1,0.14294,21.0554,10.9443,2548,-41.77,26.1,14.9,36,1527,40.26,-28.700000000000003,14.8,37,-0.23,0,
C-A-1,1,0.14395,20.9787,10.9499,2546,-42.27,25.200000000000003,14.9,36,1530,40.26,-28.700000000000003,14.8,37,-0.192,0,
C-A-1,1,0.14494,20.8636,10.9583,2543,-41.77,26.1,14.9,36,1532,40.26,-28.700000000000003,14.8,37,-0.23,0,
C-A-1,1,0.14595,20.7486,10.9667,2540,-40.76,27.8,14.9,36,1536,40.26,-28.700000000000003,14.8,37,-0.192,0,
C-A-1,1,0.14694,20.7102,10.9695,2539,-41.26,26.900000000000002,14.9,36,1539,40.26,-28.700000000000003,14.8,37,-0.115,0,
C-A-1,1,0.14795,20.5952,10.9778,2536,-41.77,26.1,14.9,36,1540,39.25,-30.400000000000002,14.8,37,-0.192,0,
C-A-1,1,0.14894,20.4801,10.986,2533,-41.77,26.1,14.9,36,1544,40.26,-28.700000000000003,14.8,37,-0.153,0,
C-A-1,1,0.14995,20.3651,10.9942,2530,-41.77,26.1,14.9,36,1546,40.26,-28.700000000000003,14.8,37,-0.192,0,
C-A-1,1,0.15094,20.2116,11.0051,2526,-40.76,27.8,14.9,36,1549,40.26,-28.700000000000003,14.8,37,-0.23,0,
C-A-1,1,0.15195,20.0966,11.0132,2523,-40.76,27.8,14.9,36,1554,40.26,-28.700000000000003,14.8,37,-0.153,0,
C-A-1,1,0.15294,19.9815,11.0213,2520,-41.77,26.1,14.9,36,1556,39.75,-29.6,14.8,37,-0.192,0,
C-A-1,1,0.15393,19.8665,11.0293,2517,-41.26,26.900000000000002,14.9,36,1559,40.76,-27.8,14.8,37,-0.192,0,
C-A-1,1,0.15494,19.7514,11.0373,2514,-41.77,26.1,14.9,36,1562,40.76,-27.8,14.8,37,-0.192,0,
C-A-1,1,0.15593,19.7131,11.04,2513,-40.76,27.8,14.9,36,1566,41.26,-26.900000000000002,14.8,37,-0.077,0,
C-A-1,1,0.15694,19.598,11.0479,2510,-40.76,27.8,14.9,36,1567,40.26,-28.700000000000003,14.8,37,-0.153,0,
C-A-1,1,0.15793,19.483,11.0558,2507,-41.26,26.900000000000002,14.9,36,1570,40.76,-27.8,14.8,37,-0.153,0,
C-A-1,1,0.15895,19.3679,11.0636,2504,-41.26,26.900000000000002,14.9,36,1573,41.26,-26.900000000000002,14.8,37,-0.153,0,
C-A-1,1,0.15994,19.2145,11.074,2500,-40.76,27.8,14.9,36,1576,41.26,-26.900000000000002,14.8,37,-0.192,0,
C-A-1,1,0.16094,19.0994,11.0817,2497,-40.76,27.8,14.9,36,1580,40.76,-27.8,14.8,37,-0.153,0,
C-A-1,1,0.16194,18.9077,11.0945,2492,-41.77,26.1,14.9,36,1583,40.76,-27.8,14.8,37,-0.23,0,
C-A-1,1,0.16293,18.831,11.0996,2490,-41.77,26.1,14.9,36,1587,41.77,-26.1,14.8,37,-0.153,0,
C-A-1,1,0.16394,18.7159,11.1071,2487,-41.26,26.900000000000002,14.9,36,1590,42.27,-25.200000000000003,14.8,37,-0.153,0,
C-A-1,1,0.16493,18.6392,11.1122,2485,-41.26,26.900000000000002,14.9,36,1593,41.77,-26.1,14.8,37,-0.115,0,
C-A-1,1,0.16594,18.5241,11.1197,2482,-41.26,26.900000000000002,14.9,36,1594,41.26,-26.900000000000002,14.8,37,-0.192,0,
C-A-1,1,0.16693,18.4091,11.1271,2479,-42.27,25.200000000000003,14.9,36,1597,41.26,-26.900000000000002,14.8,37,-0.192,0,
C-A-1,1,0.16794,18.294,11.1345,2476,-42.27,25.200000000000003,14.9,36,1601,42.77,-24.3,14.8,37,-0.153,0,
C-A-1,1,0.16893,18.1023,11.1468,2471,-41.77,26.1,14.9,36,1604,42.77,-24.3,14.8,37,-0.23,0,
C-A-1,1,0.16994,17.9872,11.1541,2468,-42.27,25.200000000000003,14.9,36,1607,43.28,-23.400000000000002,14.8,37,-0.23,0,
C-A-1,1,0.17093,17.9105,11.1589,2466,-42.27,25.200000000000003,14.9,36,1608,42.27,-25.200000000000003,14.8,37,-0.268,0,
C-A-1,1,0.17194,17.7571,11.1686,2462,-42.77,24.3,14.9,36,1612,42.77,-24.3,14.8,37,-0.268,0,
C-A-1,1,0.17293,17.642,11.1757,2459,-43.28,23.400000000000002,14.9,36,1615,43.78,-22.6,14.8,37,-0.268,0,
C-A-1,1,0.17394,17.5653,11.1805,2457,-42.77,24.3,14.9,36,1618,43.78,-22.6,14.8,37,-0.23,0,
C-A-1,1,0.17493,17.4503,11.1875,2454,-42.77,24.3,14.9,36,1624,44.28,-21.700000000000003,14.8,37,-0.115,0,
C-A-1,1,0.17594,17.3352,11.1946,2451,-43.78,22.6,14.9,36,1627,44.28,-21.700000000000003,14.8,37,-0.115,0,
C-A-1,1,0.17693,17.1818,11.2039,2447,-44.28,21.700000000000003,14.9,36,1630,45.29,-19.900000000000002,14.8,37,-0.153,0,
C-A-1,1,0.17794,17.0284,11.2131,2443,-43.28,23.400000000000002,14.9,36,1633,44.78,-20.8,14.8,37,-0.192,0,
C-A-1,1,0.17893,16.875,11.2223,2439,-43.78,22.6,14.9,36,1637,45.79,-19.0,14.8,37,-0.192,0,
C-A-1,1,0.17994,16.7599,11.2291,2436,-44.78,20.8,14.9,36,1639,45.29,-19.900000000000002,14.8,37,-0.23,0,
C-A-1,1,0.18093,16.6449,11.2359,2433,-44.78,20.8,14.9,36,1642,45.29,-19.900000000000002,14.8,37,-0.23,0,
C-A-1,1,0.18194,16.4531,11.2471,2428,-45.29,19.900000000000002,14.9,36,1645,45.79,-19.0,14.8,37,-0.307,0,
C-A-1,1,0.18293,16.3764,11.2515,2426,-44.78,20.8,14.9,36,1649,46.8,-17.3,14.8,37,-0.23,0,
C-A-1,1,0.18394,16.2614,11.2581,2423,-44.78,20.8,14.9,36,1654,46.29,-18.2,14.8,37,-0.153,0,
C-A-1,1,0.18493,16.1463,11.2647,2420,-45.79,19.0,14.9,36,1657,45.79,-19.0,14.8,37,-0.153,0,
C-A-1,1,0.18594,15.9929,11.2734,2416,-46.29,18.2,14.9,36,1661,47.3,-16.400000000000002,14.8,37,-0.153,0,
C-A-1,1,0.18693,15.8011,11.2841,2411,-45.79,19.0,14.9,36,1665,47.8,-15.5,14.8,37,-0.192,0,
C-A-1,1,0.18794,15.6477,11.2926,2407,-46.29,18.2,14.9,36,1668,47.8,-15.5,14.8,37,-0.23,0,
C-A-1,1,0.18894,15.5327,11.299,2404,-47.3,16.400000000000002,14.9,36,1670,47.3,-16.400000000000002,14.8,37,-0.268,0,
C-A-1,1,0.18994,15.3793,11.3073,2400,-47.8,15.5,14.9,36,1673,47.3,-16.400000000000002,14.8,37,-0.307,0,
C-A-1,1,0.19094,15.2642,11.3136,2397,-47.3,16.400000000000002,14.9,36,1677,48.81,-13.8,14.8,37,-0.268,0,
C-A-1,1,0.19194,15.1875,11.3177,2395,-47.3,16.400000000000002,14.9,36,1681,49.31,-12.9,14.8,37,-0.192,0,
C-A-1,1,0.19294,15.0341,11.3259,2391,-47.8,15.5,14.9,36,1687,48.81,-13.8,14.8,37,-0.115,0,
C-A-1,1,0.19394,14.919,11.3319,2388,-48.31,14.700000000000001,14.9,36,1690,48.81,-13.8,14.8,37,-0.115,0,
C-A-1,1,0.19494,14.7656,11.34,2384,-48.81,13.8,14.9,36,1694,50.32,-11.200000000000001,14.8,37,-0.115,0,
C-A-1,1,0.19594,14.6506,11.346,2381,-48.81,13.8,14.9,36,1697,50.32,-11.200000000000001,14.8,37,-0.115,0,
C-A-1,1,0.19694,14.5355,11.3519,2378,-48.81,13.8,14.9,36,1701,50.32,-11.200000000000001,14.8,37,-0.077,0,
C-A-1,1,0.19794,14.4205,11.3578,2375,-48.81,13.8,14.9,36,1703,49.82,-12.0,14.8,37,-0.115,0,
C-A-1,1,0.19893,14.267,11.3656,2371,-49.82,12.0,14.9,36,1707,50.32,-11.200000000000001,14.8,37,-0.115,0,
C-A-1,1,0.19994,14.1136,11.3733,2367,-50.32,11.200000000000001,14.9,36,1710,51.33,-9.4,14.8,37,-0.153,0,
C-A-1,1,0.20094,13.8835,11.3847,2361,-50.32,11.200000000000001,14.9,36,1715,51.83,-8.5,14.8,37,-0.192,0,
C-A-1,1,0.20194,13.7685,11.3903,2358,-50.32,11.200000000000001,14.9,36,1720,51.33,-9.4,14.8,37,-0.115,0,
C-A-1,1,0.20294,13.6151,11.3977,2354,-51.33,9.4,14.9,36,1724,51.33,-9.4,14.8,37,-0.115,0,
C-A-1,1,0.20394,13.5,11.4032,2351,-51.33,9.4,14.9,36,1728,51.83,-8.5,14.8,37,-0.077,0,
C-A-1,1,0.20494,13.3466,11.4105,2347,-51.83,8.5,14.9,36,1732,52.33,-7.7,14.8,37,-0.077,0,
C-A-1,1,0.20594,13.2699,11.4141,2345,-50.82,10.3,14.9,36,1737,53.34,-5.9,14.8,37,0.038,0,
C-A-1,1,0.20694,13.1165,11.4213,2341,-51.33,9.4,14.9,36,1738,52.33,-7.7,14.8,37,-0.077,0,
C-A-1,1,0.20794,12.9631,11.4284,2337,-52.84,6.800000000000001,14.9,36,1742,52.33,-7.7,14.8,37,-0.077,0,
C-A-1,1,0.20894,12.848,11.4337,2334,-52.33,7.7,14.9,36,1746,53.34,-5.9,14.8,37,-0.038,0,
C-A-1,1,0.20993,12.5795,11.4457,2327,-52.84,6.800000000000001,14.9,36,1750,53.84,-5.0,14.8,37,-0.153,0,
C-A-1,1,0.21094,12.4645,11.4509,2324,-52.33,7.7,14.9,36,1753,53.84,-5.0,14.8,37,-0.153,0,
C-A-1,1,0.21194,12.2727,11.4593,2319,-53.84,5.0,14.9,36,1755,52.84,-6.800000000000001,14.8,37,-0.268,0,
C-A-1,1,0.21294,12.1577,11.4642,2316,-53.84,5.0,14.9,36,1759,52.84,-6.800000000000001,14.8,37,-0.23,0,
C-A-1,1,0.21394,12.0043,11.4708,2312,-54.35,4.2,14.9,36,1763,54.85,-3.3000000000000003,14.8,37,-0.23,0,
C-A-1,1,0.21494,11.8892,11.4757,2309,-53.84,5.0,14.9,36,1767,54.35,-4.2,14.8,37,-0.192,0,
C-A-1,1,0.21594,11.7358,11.4821,2305,-54.35,4.2,14.9,36,1772,53.34,-5.9,14.8,37,-0.153,0,
C-A-1,1,0.21694,11.6207,11.4869,2302,-54.85,3.3000000000000003,14.9,36,1777,54.35,-4.2,14.8,37,-0.077,0,
C-A-1,1,0.21794,11.4673,11.4932,2298,-54.85,3.3000000000000003,14.9,36,1780,54.85,-3.3000000000000003,14.8,37,-0.115,0,
C-A-1,1,0.21894,11.2372,11.5024,2292,-54.35,4.2,14.5,36,1784,55.35,-2.4000000000000004,14.8,37,-0.192,0,
C-A-1,1,0.21994,11.0838,11.5085,2288,-54.85,3.3000000000000003,14.5,36,1788,55.35,-2.4000000000000004,14.8,37,-0.192,0,
C-A-1,1,0.22094,10.9304,11.5145,2284,-55.86,1.5,14.5,36,1790,54.35,-4.2,14.8,37,-0.268,0,
C-A-1,1,0.22194,10.777,11.5204,2280,-55.86,1.5,14.5,36,1795,54.85,-3.3000000000000003,14.8,37,-0.23,0,
C-A-1,1,0.22294,10.6619,11.5248,2277,-55.86,1.5,14.5,36,1799,55.35,-2.4000000000000004,14.8,37,-0.192,0,
C-A-1,1,0.22394,10.5469,11.5291,2274,-55.35,2.4000000000000004,14.5,36,1803,55.86,-1.5,14.8,37,-0.153,0,
C-A-1,1,0.22494,10.3935,11.5348,2270,-55.86,1.5,14.5,36,1809,55.35,-2.4000000000000004,14.8,37,-0.077,0,
C-A-1,1,0.22594,10.2401,11.5405,2266,-56.36,0.7000000000000001,14.5,36,1813,55.35,-2.4000000000000004,14.8,37,-0.077,0,
C-A-1,1,0.22694,10.0866,11.546,2262,-56.86,-0.2,14.5,36,1817,56.36,-0.7000000000000001,14.8,37,-0.077,0,
C-A-1,1,0.22794,9.8949,11.5528,2257,-55.35,2.4000000000000004,14.5,36,1820,55.86,-1.5,14.8,37,-0.153,0,
C-A-1,1,0.22894,9.7031,11.5595,2252,-56.36,0.7000000000000001,14.5,36,1824,56.36,-0.7000000000000001,14.8,37,-0.192,0,
C-A-1,1,0.22994,9.5881,11.5634,2249,-56.36,0.7000000000000001,14.5,36,1827,55.35,-2.4000000000000004,14.8,37,-0.192,0,
C-A-1,1,0.23094,9.4347,11.5686,2245,-56.86,-0.2,14.5,36,1830,55.35,-2.4000000000000004,14.8,37,-0.23,0,
C-A-1,1,0.23194,9.2812,11.5737,2241,-56.86,-0.2,14.5,36,1834,56.36,-0.7000000000000001,14.8,37,-0.23,0,
C-A-1,1,0.23294,9.1662,11.5775,2238,-56.36,0.7000000000000001,14.5,36,1837,55.86,-1.5,14.8,37,-0.23,0,
C-A-1,1,0.23394,9.0128,11.5825,2234,-56.36,0.7000000000000001,14.5,36,1844,55.86,-1.5,14.8,37,-0.115,0,
C-A-1,1,0.23494,8.8594,11.5874,2230,-57.36,-1.1,14.5,36,1847,54.85,-3.3000000000000003,14.8,37,-0.153,0,
C-A-1,1,0.23594,8.706,11.5921,2226,-57.36,-1.1,14.5,36,1851,56.36,-0.7000000000000001,14.8,37,-0.153,0,
C-A-1,1,0.23694,8.5909,11.5957,2223,-56.86,-0.2,14.5,36,1855,56.36,-0.7000000000000001,14.8,37,-0.115,0,
C-A-1,1,0.23794,8.5142,11.598,2221,-56.36,0.7000000000000001,14.5,36,1859,56.36,-0.7000000000000001,14.8,37,-0.038,0,
C-A-1,1,0.23894,8.3608,11.6026,2217,-56.36,0.7000000000000001,14.5,36,1861,55.35,-2.4000000000000004,14.8,37,-0.115,0,
C-A-1,1,0.23994,8.2074,11.6072,2213,-56.86,-0.2,14.5,36,1865,55.86,-1.5,14.8,37,-0.115,0,
C-A-1,1,0.24094,8.054,11.6116,2209,-57.36,-1.1,14.5,36,1868,56.36,-0.7000000000000001,14.8,37,-0.153,0,
C-A-1,1,0.24194,7.8239,11.6181,2203,-56.36,0.7000000000000001,14.5,36,1872,56.36,-0.7000000000000001,14.8,37,-0.23,0,
C-A-1,1,0.24294,7.7088,11.6213,2200,-55.86,1.5,14.5,36,1878,55.35,-2.4000000000000004,14.8,37,-0.115,0,
C-A-1,1,0.24394,7.5554,11.6255,2196,-56.36,0.7000000000000001,14.5,36,1881,55.35,-2.4000000000000004,14.8,37,-0.153,0,
C-A-1,1,0.24494,7.402,11.6295,2192,-56.36,0.7000000000000001,14.5,36,1885,56.36,-0.7000000000000001,14.8,37,-0.153,0,
C-A-1,1,0.24594,7.2486,11.6335,2188,-56.86,-0.2,14.5,36,1889,55.86,-1.5,14.8,37,-0.153,0,
C-A-1,1,0.24694,7.1719,11.6355,2186,-55.86,1.5,14.5,36,1893,56.36,-0.7000000000000001,14.8,37,-0.077,0,
C-A-1,1,0.24794,7.0185,11.6394,2182,-55.86,1.5,14.5,36,1895,55.35,-2.4000000000000004,14.8,37,-0.153,0,
C-A-1,1,0.24894,6.8651,11.6432,2178,-56.86,-0.2,14.5,36,1899,55.35,-2.4000000000000004,14.8,37,-0.153,0,
C-A-1,1,0.24994,6.7116,11.6469,2174,-56.86,-0.2,14.5,36,1903,56.36,-0.7000000000000001,14.8,37,-0.153,0,
C-A-1,1,0.25094,6.5199,11.6514,2169,-55.35,2.4000000000000004,14.5,36,1907,56.36,-0.7000000000000001,14.8,37,-0.192,0,
C-A-1,1,0.25194,6.3665,11.6549,2165,-55.86,1.5,14.5,36,1912,54.85,-3.3000000000000003,14.8,37,-0.153,0,
C-A-1,1,0.25294,6.2131,11.6584,2161,-56.36,0.7000000000000001,14.5,36,1916,55.35,-2.4000000000000004,14.8,37,-0.153,0,
C-A-1,1,0.25394,6.0597,11.6617,2157,-56.36,0.7000000000000001,14.5,36,1920,55.86,-1.5,14.8,37,-0.153,0,
C-A-1,1,0.25494,5.9446,11.6642,2154,-55.86,1.5,14.5,36,1924,55.86,-1.5,14.8,37,-0.115,0,
C-A-1,1,0.25594,5.8295,11.6666,2151,-55.35,2.4000000000000004,14.5,36,1927,55.35,-2.4000000000000004,14.8,37,-0.115,0,
C-A-1,1,0.25694,5.7145,11.669,2148,-54.85,3.3000000000000003,14.5,36,1929,54.85,-3.3000000000000003,14.8,37,-0.153,0,
C-A-1,1,0.25794,5.5611,11.6721,2144,-56.36,0.7000000000000001,14.5,36,1933,54.85,-3.3000000000000003,14.8,37,-0.153,0,
C-A-1,1,0.25894,5.446,11.6743,2141,-55.35,2.4000000000000004,14.5,36,1937,55.35,-2.4000000000000004,14.8,37,-0.115,0,
C-A-1,1,0.25994,5.2159,11.6787,2135,-54.85,3.3000000000000003,14.5,36,1940,55.35,-2.4000000000000004,14.8,37,-0.23,0,
C-A-1,1,0.26094,5.0625,11.6815,2131,-54.85,3.3000000000000003,14.5,36,1944,55.35,-2.4000000000000004,14.8,37,-0.23,0,
C-A-1,1,0.26195,4.9091,11.6842,2127,-55.86,1.5,14.5,36,1946,54.85,-3.3000000000000003,14.8,37,-0.307,0,
C-A-1,1,0.26294,4.794,11.6862,2124,-55.35,2.4000000000000004,14.5,36,1949,53.84,-5.0,14.8,37,-0.307,0,
C-A-1,1,0.26394,4.6406,11.6888,2120,-55.35,2.4000000000000004,14.5,36,1953,54.85,-3.3000000000000003,14.8,37,-0.307,0,
C-A-1,1,0.26494,4.5639,11.6901,2118,-54.35,4.2,14.5,36,1957,55.35,-2.4000000000000004,14.8,37,-0.23,0,
C-A-1,1,0.26594,4.4105,11.6925,2114,-54.85,3.3000000000000003,14.5,36,1962,53.84,-5.0,14.8,37,-0.192,0,
C-A-1,1,0.26694,4.3338,11.6937,2112,-55.35,2.4000000000000004,14.5,36,1966,53.84,-5.0,14.8,37,-0.115,0,
C-A-1,1,0.26794,4.142,11.6966,2107,-55.86,1.5,14.5,36,1970,54.85,-3.3000000000000003,14.8,37,-0.153,0,
C-A-1,1,0.26894,3.9503,11.6994,2102,-54.35,4.2,14.5,36,1973,54.35,-4.2,14.8,37,-0.23,0,
C-A-1,1,0.26995,3.7969,11.7015,2098,-54.35,4.2,14.5,36,1977,54.85,-3.3000000000000003,14.8,37,-0.23,0,
C-A-1,1,0.27094,3.6435,11.7036,2094,-55.35,2.4000000000000004,14.5,36,1979,53.84,-5.0,14.8,37,-0.307,0,
C-A-1,1,0.27194,3.5284,11.705,2091,-55.35,2.4000000000000004,14.5,36,1982,53.34,-5.9,14.8,37,-0.307,0,
C-A-1,1,0.27294,3.375,11.7069,2087,-55.35,2.4000000000000004,14.5,36,1987,54.35,-4.2,14.8,37,-0.268,0,
C-A-1,1,0.27394,3.2983,11.7078,2085,-54.35,4.2,14.5,36,1990,54.35,-4.2,14.8,37,-0.23,0,
C-A-1,1,0.27494,3.1449,11.7096,2081,-54.35,4.2,14.5,36,1996,53.34,-5.9,14.8,37,-0.153,0,
C-A-1,1,0.27594,3.0298,11.7109,2078,-54.85,3.3000000000000003,14.5,36,2000,53.34,-5.9,14.8,37,-0.115,0,
C-A-1,1,0.27694,2.9148,11.7121,2075,-54.35,4.2,14.5,36,2003,53.84,-5.0,14.8,37,-0.115,0,
C-A-1,1,0.27794,2.6463,11.7148,2068,-53.84,5.0,14.5,36,2007,53.84,-5.0,14.8,37,-0.23,0,
C-A-1,1,0.27894,2.6463,11.7148,2068,-53.84,5.0,14.5,36,2010,53.34,-5.9,14.8,37,-0.115,0,
C-A-1,1,0.27994,2.5312,11.7158,2065,-54.85,3.3000000000000003,14.5,36,2012,52.33,-7.7,14.8,37,-0.153,0,
C-A-1,1,0.28094,2.2244,11.7184,2057,-54.85,3.3000000000000003,14.5,36,2016,52.84,-6.800000000000001,14.8,37,-0.307,0,
C-A-1,1,0.28194,2.1094,11.7193,2054,-54.35,4.2,14.5,36,2019,53.34,-5.9,14.8,37,-0.307,0,
C-A-1,1,0.28294,2.0327,11.7199,2052,-53.34,5.9,14.5,36,2023,53.34,-5.9,14.8,37,-0.23,0,
C-A-1,1,0.28395,1.9176,11.7207,2049,-53.34,5.9,14.5,36,2028,51.83,-8.5,14.8,37,-0.153,0,
C-A-1,1,0.28494,1.7642,11.7217,2045,-53.84,5.0,14.5,36,2032,52.33,-7.7,14.8,37,-0.153,0,
C-A-1,1,0.28595,1.6491,11.7224,2042,-53.84,5.0,14.5,36,2035,52.84,-6.800000000000001,14.8,37,-0.153,0,
C-A-1,1,0.28694,1.4957,11.7233,2038,-53.84,5.0,14.5,36,2039,52.84,-6.800000000000001,14.8,37,-0.153,0,
C-A-1,1,0.28795,1.419,11.7237,2036,-53.34,5.9,14.5,36,2042,52.33,-7.7,14.8,37,-0.115,0,
C-A-1,1,0.28894,1.2656,11.7244,2032,-53.34,5.9,14.5,36,2044,51.83,-8.5,14.8,37,-0.192,0,
C-A-1,1,0.28995,1.1506,11.7249,2029,-53.84,5.0,14.5,36,2047,51.33,-9.4,14.8,37,-0.192,0,
C-A-1,1,0.29094,0.9972,11.7255,2025,-53.84,5.0,14.5,36,2051,52.33,-7.7,14.8,37,-0.192,0,
C-A-1,1,0.29195,0.8054,11.7261,2020,-52.84,6.800000000000001,14.5,36,2054,52.33,-7.7,14.8,37,-0.268,0,
C-A-1,1,0.29294,0.652,11.7265,2016,-52.84,6.800000000000001,14.5,36,2060,51.33,-9.4,14.8,37,-0.192,0,
C-A-1,1,0.29395,0.5369,11.7268,2013,-53.34,5.9,14.5,36,2063,51.33,-9.4,14.8,37,-0.192,0,
C-A-1,1,0.29494,0.3835,11.727,2009,-53.34,5.9,14.5,36,2066,51.83,-8.5,14.8,37,-0.23,0,
C-A-1,1,0.29595,0.2685,11.7271,2006,-53.34,5.9,14.5,36,2070,51.83,-8.5,14.8,37,-0.192,0,
C-A-1,1,0.29694,0.1918,11.7272,2004,-51.83,8.5,14.5,36,2073,51.33,-9.4,14.8,37,-0.153,0,
C-A-1,1,0.29795,0.0767,11.7273,2001,-51.83,8.5,14.5,36,2075,50.82,-10.3,14.8,37,-0.192,0,
C-A-1,1,0.29894,-0.0767,11.7273,1997,-52.84,6.800000000000001,14.5,36,2079,50.82,-10.3,14.8,37,-0.192,0,
C-A-1,1,0.29995,-0.2301,11.7272,1993,-52.84,6.800000000000001,14.5,36,2082,51.33,-9.4,14.8,37,-0.23,0,
C-A-1,1,0.30094,-0.4219,11.7269,1988,-51.83,8.5,14.5,36,2085,51.33,-9.4,14.8,37,-0.307,0,
C-A-1,1,0.30195,-0.5369,11.7268,1985,-51.33,9.4,14.5,36,2088,50.82,-10.3,14.8,37,-0.307,0,
C-A-1,1,0.30294,-0.652,11.7265,1982,-52.33,7.7,14.5,36,2090,50.32,-11.200000000000001,14.8,37,-0.345,0,
C-A-1,1,0.30395,-0.767,11.7262,1979,-51.83,8.5,14.5,36,2094,50.32,-11.200000000000001,14.8,37,-0.307,0,
C-A-1,1,0.30494,-0.9205,11.7258,1975,-52.33,7.7,14.5,36,2097,50.82,-10.3,14.8,37,-0.345,0,
C-A-1,1,0.30595,-0.9588,11.7256,1974,-51.33,9.4,14.5,36,2100,50.32,-11.200000000000001,14.8,37,-0.268,0,
C-A-1,1,0.30694,-1.1122,11.7251,1970,-51.33,9.4,14.5,36,2105,49.31,-12.9,14.8,37,-0.23,0,
C-A-1,1,0.30795,-1.2273,11.7246,1967,-51.33,9.4,14.5,36,2109,49.82,-12.0,14.8,37,-0.192,0,
C-A-1,1,0.30894,-1.3807,11.7239,1963,-51.83,8.5,14.5,36,2113,50.82,-10.3,14.8,37,-0.192,0,
C-A-1,1,0.30995,-1.5724,11.7229,1958,-50.32,11.200000000000001,14.5,36,2116,50.32,-11.200000000000001,14.8,37,-0.268,0,
C-A-1,1,0.31094,-1.6875,11.7222,1955,-50.32,11.200000000000001,14.5,36,2119,50.32,-11.200000000000001,14.8,37,-0.268,0,
C-A-1,1,0.31195,-1.8409,11.7212,1951,-51.33,9.4,14.5,36,2121,49.31,-12.9,14.8,37,-0.345,0,
C-A-1,1,0.31294,-1.956,11.7204,1948,-51.33,9.4,14.5,36,2124,49.31,-12.9,14.8,37,-0.345,0,
C-A-1,1,0.31395,-2.1094,11.7193,1944,-51.33,9.4,14.5,36,2127,49.82,-12.0,14.8,37,-0.384,0,
C-A-1,1,0.31495,-2.1477,11.719,1943,-50.32,11.200000000000001,14.5,36,2130,49.31,-12.9,14.8,37,-0.307,0,
C-A-1,1,0.31595,-2.2628,11.7181,1940,-49.82,12.0,14.5,36,2136,48.81,-13.8,14.8,37,-0.192,0,
C-A-1,1,0.31694,-2.4162,11.7168,1936,-50.82,10.3,14.5,36,2139,48.81,-13.8,14.8,37,-0.23,0,
C-A-1,1,0.31795,-2.5312,11.7158,1933,-50.32,11.200000000000001,14.5,36,2143,49.82,-12.0,14.8,37,-0.192,0,
C-A-1,1,0.31894,-2.723,11.714,1928,-49.31,12.9,14.5,36,2145,49.31,-12.9,14.8,37,-0.307,0,
C-A-1,1,0.31995,-2.8381,11.7129,1925,-49.31,12.9,14.5,36,2149,49.31,-12.9,14.8,37,-0.268,0,
C-A-1,1,0.32095,-2.9915,11.7113,1921,-50.32,11.200000000000001,14.5,36,2151,48.81,-13.8,14.8,37,-0.345,0,
C-A-1,1,0.32195,-3.1065,11.71,1918,-49.82,12.0,14.5,36,2154,48.31,-14.700000000000001,14.8,37,-0.345,0,
C-A-1,1,0.32295,-3.2599,11.7083,1914,-50.32,11.200000000000001,14.5,36,2157,48.81,-13.8,14.8,37,-0.384,0,
C-A-1,1,0.32395,-3.3366,11.7074,1912,-49.31,12.9,14.5,36,2160,48.81,-13.8,14.8,37,-0.345,0,
C-A-1,1,0.32494,-3.4517,11.706,1909,-49.31,12.9,14.5,36,2166,48.31,-14.700000000000001,14.8,37,-0.23,0,
C-A-1,1,0.32595,-3.5668,11.7046,1906,-49.82,12.0,14.5,36,2169,48.31,-14.700000000000001,14.8,37,-0.23,0,
C-A-1,1,0.32694,-3.7202,11.7026,1902,-50.32,11.200000000000001,14.5,36,2172,48.81,-13.8,14.8,37,-0.268,0,
C-A-1,1,0.32795,-3.8352,11.701,1899,-49.82,12.0,14.5,36,2175,48.31,-14.700000000000001,14.8,37,-0.268,0,
C-A-1,1,0.32895,-3.9119,11.6999,1897,-48.81,13.8,14.5,36,2178,48.31,-14.700000000000001,14.8,37,-0.23,0,
C-A-1,1,0.32995,-4.027,11.6983,1894,-48.81,13.8,14.5,36,2180,47.8,-15.5,14.8,37,-0.268,0,
C-A-1,1,0.33095,-4.1804,11.6961,1890,-49.82,12.0,14.5,36,2183,47.8,-15.5,14.8,37,-0.307,0,
C-A-1,1,0.33195,-4.2955,11.6943,1887,-49.82,12.0,14.5,36,2187,48.81,-13.8,14.8,37,-0.268,0,
C-A-1,1,0.33294,-4.4872,11.6913,1882,-48.81,13.8,14.5,36,2190,48.31,-14.700000000000001,14.8,37,-0.345,0,
C-A-1,1,0.33395,-4.6406,11.6888,1878,-48.81,13.8,14.5,36,2195,47.8,-15.5,14.8,37,-0.307,0,
C-A-1,1,0.33495,-4.7557,11.6869,1875,-49.82,12.0,14.5,36,2198,47.8,-15.5,14.8,37,-0.307,0,
C-A-1,1,0.33595,-4.8707,11.6849,1872,-49.31,12.9,14.8,36,2201,48.31,-14.700000000000001,14.8,37,-0.307,0,
C-A-1,1,0.33695,-4.9858,11.6829,1869,-49.31,12.9,14.8,36,2204,47.8,-15.5,14.6,37,-0.307,0,
C-A-1,1,0.33795,-5.0625,11.6815,1867,-48.31,14.700000000000001,14.8,36,2208,47.8,-15.5,14.6,37,-0.23,0,
C-A-1,1,0.33895,-5.2159,11.6787,1863,-48.31,14.700000000000001,14.8,36,2209,46.8,-17.3,14.6,37,-0.345,0,
C-A-1,1,0.33995,-5.331,11.6765,1860,-49.31,12.9,14.8,36,2213,47.3,-16.400000000000002,14.6,37,-0.307,0,
C-A-1,1,0.34095,-5.446,11.6743,1857,-49.31,12.9,14.8,36,2216,47.8,-15.5,14.6,37,-0.307,0,
C-A-1,1,0.34195,-5.6378,11.6705,1852,-48.31,14.700000000000001,14.8,36,2219,47.8,-15.5,14.6,37,-0.384,0,
C-A-1,1,0.34295,-5.7912,11.6674,1848,-48.31,14.700000000000001,14.8,36,2224,47.3,-16.400000000000002,14.6,37,-0.345,0,
C-A-1,1,0.34395,-5.9062,11.665,1845,-49.31,12.9,14.8,36,2224,46.8,-17.3,14.6,37,-0.46,0,
C-A-1,1,0.34495,-6.0213,11.6626,1842,-49.31,12.9,14.8,36,2231,47.8,-15.5,14.6,37,-0.307,0,
C-A-1,1,0.34595,-6.1747,11.6592,1838,-49.31,12.9,14.8,36,2231,47.8,-15.5,14.6,37,-0.46,0,
C-A-1,1,0.34695,-6.2131,11.6584,1837,-48.31,14.700000000000001,14.8,36,2237,47.3,-16.400000000000002,14.6,37,-0.268,0,
C-A-1,1,0.34795,-6.3665,11.6549,1833,-48.31,14.700000000000001,14.8,36,2239,47.3,-16.400000000000002,14.6,37,-0.345,0,
C-A-1,1,0.34895,-6.4815,11.6523,1830,-49.31,12.9,14.8,36,2243,47.3,-16.400000000000002,14.6,37,-0.307,0,
C-A-1,1,0.34995,-6.5966,11.6496,1827,-49.31,12.9,14.8,36,2245,47.3,-16.400000000000002,14.6,37,-0.345,0,
C-A-1,1,0.35095,-6.7884,11.6451,1822,-48.31,14.700000000000001,14.8,36,2249,47.8,-15.5,14.6,37,-0.384,0,
C-A-1,1,0.35195,-6.9418,11.6413,1818,-48.31,14.700000000000001,14.8,36,2252,47.8,-15.5,14.6,37,-0.422,0,
C-A-1,1,0.35295,-7.0568,11.6384,1815,-48.81,13.8,14.8,36,2253,46.8,-17.3,14.6,37,-0.499,0,
C-A-1,1,0.35395,-7.1719,11.6355,1812,-48.81,13.8,14.8,36,2257,47.3,-16.400000000000002,14.6,37,-0.46,0,
C-A-1,1,0.35495,-7.2869,11.6325,1809,-48.81,13.8,14.8,36,2260,47.3,-16.400000000000002,14.6,37,-0.46,0,
C-A-1,1,0.35595,-7.3636,11.6305,1807,-47.8,15.5,14.8,36,2263,47.3,-16.400000000000002,14.6,37,-0.422,0,
C-A-1,1,0.35695,-7.4787,11.6275,1804,-47.8,15.5,14.8,36,2268,46.8,-17.3,14.6,37,-0.345,0,
C-A-1,1,0.35795,-7.6321,11.6234,1800,-48.81,13.8,14.8,36,2271,46.8,-17.3,14.6,37,-0.384,0,
C-A-1,1,0.35895,-7.7472,11.6202,1797,-48.81,13.8,14.8,36,2274,47.3,-16.400000000000002,14.6,37,-0.384,0,
C-A-1,1,0.35995,-7.9389,11.6149,1792,-47.8,15.5,14.8,36,2277,47.3,-16.400000000000002,14.6,37,-0.46,0,
C-A-1,1,0.36095,-8.0156,11.6127,1790,-47.8,15.5,14.8,36,2280,46.8,-17.3,14.6,37,-0.422,0,
C-A-1,1,0.36195,-8.1307,11.6094,1787,-48.31,14.700000000000001,14.8,36,2282,46.29,-18.2,14.6,37,-0.46,0,
C-A-1,1,0.36295,-8.2841,11.6049,1783,-48.31,14.700000000000001,14.8,36,2286,46.8,-17.3,14.6,37,-0.46,0,
C-A-1,1,0.36395,-8.4375,11.6003,1779,-48.81,13.8,14.8,36,2289,47.3,-16.400000000000002,14.6,37,-0.499,0,
C-A-1,1,0.36495,-8.5142,11.598,1777,-48.31,14.700000000000001,14.8,36,2292,47.3,-16.400000000000002,14.6,37,-0.46,0,
C-A-1,1,0.36595,-8.5909,11.5957,1775,-47.8,15.5,14.8,36,2296,46.29,-18.2,14.6,37,-0.384,0,
C-A-1,1,0.36695,-8.7443,11.591,1771,-48.81,13.8,14.8,36,2300,46.29,-18.2,14.6,37,-0.384,0,
C-A-1,1,0.36795,-8.8977,11.5861,1767,-48.81,13.8,14.8,36,2303,47.3,-16.400000000000002,14.6,37,-0.422,0,
C-A-1,1,0.36895,-8.9744,11.5837,1765,-48.31,14.700000000000001,14.8,36,2306,46.8,-17.3,14.6,37,-0.384,0,
C-A-1,1,0.36995,-9.0511,11.5812,1763,-47.8,15.5,14.8,36,2309,46.8,-17.3,14.6,37,-0.345,0,
C-A-1,1,0.37095,-9.2045,11.5763,1759,-48.81,13.8,14.8,36,2311,46.29,-18.2,14.6,37,-0.422,0,
C-A-1,1,0.37195,-9.3196,11.5725,1756,-48.31,14.700000000000001,14.8,36,2314,46.29,-18.2,14.6,37,-0.422,0,
C-A-1,1,0.37295,-9.4347,11.5686,1753,-48.31,14.700000000000001,14.8,36,2318,47.3,-16.400000000000002,14.6,37,-0.384,0,
C-A-1,1,0.37395,-9.6264,11.5621,1748,-47.8,15.5,14.8,36,2321,47.3,-16.400000000000002,14.6,37,-0.46,0,
C-A-1,1,0.37495,-9.7415,11.5582,1745,-47.3,16.400000000000002,14.8,36,2325,45.79,-19.0,14.6,37,-0.422,0,
C-A-1,1,0.37595,-9.8949,11.5528,1741,-48.81,13.8,14.8,36,2329,46.29,-18.2,14.6,37,-0.422,0,
C-A-1,1,0.37695,-10.0099,11.5487,1738,-48.31,14.700000000000001,14.8,36,2332,46.8,-17.3,14.6,37,-0.422,0,
C-A-1,1,0.37795,-10.125,11.5446,1735,-48.31,14.700000000000001,14.8,36,2335,46.29,-18.2,14.6,37,-0.422,0,
C-A-1,1,0.37895,-10.2017,11.5419,1733,-47.8,15.5,14.8,36,2338,46.8,-17.3,14.6,37,-0.384,0,
C-A-1,1,0.37995,-10.3168,11.5377,1730,-47.8,15.5,14.8,36,2340,45.79,-19.0,14.6,37,-0.422,0,
C-A-1,1,0.38095,-10.3935,11.5348,1728,-48.31,14.700000000000001,14.8,36,2343,45.79,-19.0,14.6,37,-0.384,0,
C-A-1,1,0.38195,-10.5085,11.5306,1725,-47.8,15.5,14.8,36,2347,47.3,-16.400000000000002,14.6,37,-0.345,0,
C-A-1,1,0.38295,-10.7003,11.5234,1720,-47.3,16.400000000000002,14.8,36,2350,46.8,-17.3,14.6,37,-0.422,0,
C-A-1,1,0.38395,-10.8153,11.519,1717,-47.3,16.400000000000002,14.8,36,2355,46.29,-18.2,14.6,37,-0.345,0,
C-A-1,1,0.38495,-10.9688,11.513,1713,-48.31,14.700000000000001,14.8,36,2358,46.29,-18.2,14.6,37,-0.384,0,
C-A-1,1,0.38595,-11.0838,11.5085,1710,-48.31,14.700000000000001,14.8,36,2360,46.29,-18.2,14.6,37,-0.422,0,
C-A-1,1,0.38695,-11.1989,11.504,1707,-47.8,15.5,14.8,36,2364,46.8,-17.3,14.6,37,-0.384,0,
C-A-1,1,0.38793,-11.2756,11.5009,1705,-47.3,16.400000000000002,14.8,36,2366,46.29,-18.2,14.6,37,-0.384,0,
C-A-1,1,0.38895,-11.3906,11.4963,1702,-46.8,17.3,14.8,36,2368,45.79,-19.0,14.6,37,-0.422,0,
C-A-1,1,0.38993,-11.544,11.49,1698,-48.31,14.700000000000001,14.8,36,2371,45.79,-19.0,14.6,37,-0.46,0,
C-A-1,1,0.39095,-11.6591,11.4853,1695,-48.31,14.700000000000001,14.8,36,2374,46.29,-18.2,14.6,37,-0.46,0,
C-A-1,1,0.39193,-11.8509,11.4773,1690,-47.3,16.400000000000002,14.8,36,2378,46.29,-18.2,14.6,37,-0.499,0,
C-A-1,1,0.39295,-11.9659,11.4724,1687,-46.8,17.3,14.8,36,2381,46.29,-18.2,14.6,37,-0.499,0,
C-A-1,1,0.39393,-12.081,11.4675,1684,-47.3,16.400000000000002,14.8,36,2382,45.29,-19.900000000000002,14.6,37,-0.575,0,
C-A-1,1,0.39495,-12.196,11.4626,1681,-47.8,15.5,14.8,36,2386,45.79,-19.0,14.6,37,-0.537,0,
C-A-1,1,0.39593,-12.3111,11.4576,1678,-47.3,16.400000000000002,14.8,36,2389,46.8,-17.3,14.6,37,-0.537,0,
C-A-1,1,0.39695,-12.3878,11.4542,1676,-46.29,18.2,14.8,36,2393,46.8,-17.3,14.6,37,-0.46,0,
C-A-1,1,0.39793,-12.5412,11.4475,1672,-47.3,16.400000000000002,14.8,36,2397,45.79,-19.0,14.6,37,-0.46,0,
C-A-1,1,0.39895,-12.6562,11.4423,1669,-47.8,15.5,14.8,36,2400,45.79,-19.0,14.6,37,-0.46,0,
C-A-1,1,0.39993,-12.7713,11.4371,1666,-47.3,16.400000000000002,14.8,36,2403,46.29,-18.2,14.6,37,-0.46,0,
C-A-1,1,0.40095,-12.9631,11.4284,1661,-46.8,17.3,14.8,36,2406,46.29,-18.2,14.6,37,-0.537,0,
C-A-1,1,0.40193,-13.0781,11.4231,1658,-46.8,17.3,14.8,36,2410,46.29,-18.2,14.6,37,-0.499,0,
C-A-1,1,0.40295,-13.1932,11.4177,1655,-47.3,16.400000000000002,14.8,36,2411,45.29,-19.900000000000002,14.6,37,-0.575,0,
C-A-1,1,0.40393,-13.3466,11.4105,1651,-47.8,15.5,14.8,36,2415,45.79,-19.0,14.6,37,-0.575,0,
C-A-1,1,0.40495,-13.4233,11.4069,1649,-46.8,17.3,14.8,36,2418,46.8,-17.3,14.6,37,-0.537,0,
C-A-1,1,0.40593,-13.5,11.4032,1647,-46.29,18.2,14.8,36,2421,46.29,-18.2,14.6,37,-0.499,0,
C-A-1,1,0.40695,-13.6534,11.3959,1643,-46.8,17.3,14.8,36,2426,45.79,-19.0,14.6,37,-0.46,0,
C-A-1,1,0.40793,-13.7301,11.3922,1641,-46.8,17.3,14.8,36,2429,45.79,-19.0,14.6,37,-0.422,0,
C-A-1,1,0.40895,-13.8835,11.3847,1637,-47.3,16.400000000000002,14.8,36,2433,46.8,-17.3,14.6,37,-0.422,0,
C-A-1,1,0.40993,-14.0753,11.3752,1632,-46.8,17.3,14.8,36,2435,46.29,-18.2,14.6,37,-0.537,0,
C-A-1,1,0.41095,-14.1903,11.3694,1629,-46.29,18.2,14.8,36,2438,45.79,-19.0,14.6,37,-0.537,0,
C-A-1,1,0.41193,-14.3054,11.3636,1626,-47.3,16.400000000000002,14.8,36,2441,45.79,-19.0,14.6,37,-0.537,0,
C-A-1,1,0.41295,-14.4205,11.3578,1623,-47.3,16.400000000000002,14.8,36,2443,45.29,-19.900000000000002,14.6,37,-0.575,0,
C-A-1,1,0.41393,-14.5355,11.3519,1620,-46.8,17.3,14.8,36,2446,45.79,-19.0,14.6,37,-0.575,0,
C-A-1,1,0.41495,-14.6122,11.348,1618,-46.29,18.2,14.8,36,2449,45.79,-19.0,14.6,37,-0.537,0,
C-A-1,1,0.41593,-14.7273,11.342,1615,-46.29,18.2,14.8,36,2455,45.79,-19.0,14.6,37,-0.422,0,
C-A-1,1,0.41695,-14.8423,11.336,1612,-46.8,17.3,14.8,36,2457,45.79,-19.0,14.6,37,-0.46,0,
C-A-1,1,0.41794,-14.9574,11.3299,1609,-46.8,17.3,14.8,36,2460,46.29,-18.2,14.6,37,-0.46,0,
C-A-1,1,0.41895,-15.0724,11.3238,1606,-46.29,18.2,14.8,36,2463,46.29,-18.2,14.6,37,-0.46,0,
C-A-1,1,0.41994,-15.1491,11.3197,1604,-45.79,19.0,14.8,36,2466,46.29,-18.2,14.6,37,-0.422,0,
C-A-1,1,0.42095,-15.3026,11.3115,1600,-46.29,18.2,14.8,36,2468,45.29,-19.900000000000002,14.6,37,-0.499,0,
C-A-1,1,0.42193,-15.3793,11.3073,1598,-46.8,17.3,14.8,36,2471,45.29,-19.900000000000002,14.6,37,-0.46,0,
C-A-1,1,0.42295,-15.4943,11.3011,1595,-46.8,17.3,14.8,36,2474,46.29,-18.2,14.6,37,-0.46,0,
C-A-1,1,0.42394,-15.6477,11.2926,1591,-45.79,19.0,14.8,36,2477,45.79,-19.0,14.6,37,-0.499,0,
C-A-1,1,0.42495,-15.8011,11.2841,1587,-46.29,18.2,14.8,36,2482,44.78,-20.8,14.6,37,-0.46,0,
C-A-1,1,0.42594,-15.9162,11.2777,1584,-46.8,17.3,14.8,36,2485,45.29,-19.900000000000002,14.6,37,-0.46,0,
C-A-1,1,0.42695,-16.0312,11.2712,1581,-46.29,18.2,14.8,36,2488,45.79,-19.0,14.6,37,-0.46,0,
C-A-1,1,0.42793,-16.1847,11.2625,1577,-46.8,17.3,14.8,36,2492,46.29,-18.2,14.6,37,-0.46,0,
C-A-1,1,0.42895,-16.2614,11.2581,1575,-46.29,18.2,14.8,36,2495,46.29,-18.2,14.6,37,-0.422,0,
C-A-1,1,0.42993,-16.3381,11.2537,1573,-45.79,19.0,14.8,36,2496,45.29,-19.900000000000002,14.6,37,-0.46,0,
C-A-1,1,0.43095,-16.4915,11.2448,1569,-46.8,17.3,14.8,36,2499,44.78,-20.8,14.6,37,-0.499,0,
C-A-1,1,0.43194,-16.6065,11.2381,1566,-46.8,17.3,14.8,36,2502,45.79,-19.0,14.6,37,-0.499,0,
C-A-1,1,0.43295,-16.7983,11.2268,1561,-45.79,19.0,14.8,36,2505,45.29,-19.900000000000002,14.6,37,-0.575,0,
C-A-1,1,0.43394,-16.9134,11.22,1558,-46.29,18.2,14.8,36,2509,44.78,-20.8,14.6,37,-0.537,0,
C-A-1,1,0.43495,-17.0284,11.2131,1555,-46.8,17.3,14.8,36,2510,44.78,-20.8,14.6,37,-0.614,0,
C-A-1,1,0.43594,-17.1435,11.2062,1552,-46.29,18.2,14.8,36,2513,45.79,-19.0,14.6,37,-0.614,0,
C-A-1,1,0.43695,-17.2969,11.1969,1548,-47.3,16.400000000000002,14.8,36,2517,45.79,-19.0,14.6,37,-0.614,0,
C-A-1,1,0.43795,-17.3736,11.1922,1546,-46.29,18.2,14.8,36,2520,45.79,-19.0,14.6,37,-0.575,0,
C-A-1,1,0.43894,-17.4503,11.1875,1544,-45.79,19.0,14.8,36,2525,45.29,-19.900000000000002,14.6,37,-0.46,0,
C-A-1,1,0.43995,-17.6037,11.1781,1540,-46.8,17.3,14.8,36,2528,45.29,-19.900000000000002,14.6,37,-0.499,0,
C-A-1,1,0.44094,-17.7188,11.1709,1537,-46.8,17.3,14.8,36,2531,45.29,-19.900000000000002,14.6,37,-0.499,0,
C-A-1,1,0.44195,-17.9105,11.1589,1532,-46.29,18.2,14.8,36,2534,45.79,-19.0,14.6,37,-0.575,0,
C-A-1,1,0.44294,-18.0256,11.1517,1529,-46.29,18.2,14.8,36,2537,45.79,-19.0,14.6,37,-0.575,0,
C-A-1,1,0.44393,-18.1406,11.1444,1526,-46.8,17.3,14.8,36,2539,45.29,-19.900000000000002,14.6,37,-0.614,0,
C-A-1,1,0.44494,-18.2557,11.137,1523,-46.8,17.3,14.8,36,2542,45.29,-19.900000000000002,14.6,37,-0.614,0,
C-A-1,1,0.44593,-18.4091,11.1271,1519,-47.3,16.400000000000002,14.8,36,2545,45.29,-19.900000000000002,14.6,37,-0.652,0,
C-A-1,1,0.44694,-18.4474,11.1247,1518,-46.29,18.2,14.8,36,2548,45.79,-19.0,14.6,37,-0.575,0,
C-A-1,1,0.44793,-18.5625,11.1172,1515,-46.29,18.2,14.8,36,2553,45.29,-19.900000000000002,14.6,37,-0.499,0,
C-A-1,1,0.44894,-18.6776,11.1097,1512,-46.8,17.3,14.8,36,2556,45.29,-19.900000000000002,14.6,37,-0.499,0,
C-A-1,1,0.44993,-18.7926,11.1021,1509,-46.29,18.2,14.8,36,2559,45.79,-19.0,14.6,37,-0.499,0,
C-A-1,1,0.45094,-18.9844,11.0894,1504,-45.79,19.0,14.8,36,2562,45.79,-19.0,14.6,37,-0.575,0,
C-A-1,1,0.45193,-19.0994,11.0817,1501,-45.79,19.0,14.6,36,2565,45.79,-19.0,14.6,37,-0.575,0,
C-A-1,1,0.45295,-19.2145,11.074,1498,-46.8,17.3,14.6,36,2567,45.29,-19.900000000000002,14.6,37,-0.614,0,
C-A-1,1,0.45394,-19.3295,11.0662,1495,-46.29,18.2,14.6,36,2570,44.78,-20.8,14.4,37,-0.614,0,
C-A-1,1,0.45493,-19.483,11.0558,1491,-46.8,17.3,14.6,36,2573,45.79,-19.0,14.4,37,-0.652,0,
C-A-1,1,0.45594,-19.5597,11.0505,1489,-46.29,18.2,14.6,36,2576,45.79,-19.0,14.4,37,-0.614,0,
C-A-1,1,0.45693,-19.6364,11.0453,1487,-45.29,19.900000000000002,14.6,36,2580,44.28,-21.700000000000003,14.4,37,-0.537,0,
C-A-1,1,0.45794,-19.7898,11.0347,1483,-46.29,18.2,14.6,36,2583,44.28,-21.700000000000003,14.4,37,-0.575,0,
C-A-1,1,0.45893,-19.9048,11.0267,1480,-46.8,17.3,14.6,36,2587,45.79,-19.0,14.4,37,-0.537,0,
C-A-1,1,0.45994,-20.0199,11.0186,1477,-46.29,18.2,14.6,36,2589,45.29,-19.900000000000002,14.4,37,-0.575,0,
C-A-1,1,0.46093,-20.0966,11.0132,1475,-45.79,19.0,14.6,36,2592,45.29,-19.900000000000002,14.4,37,-0.537,0,
C-A-1,1,0.46194,-20.2116,11.0051,1472,-45.79,19.0,14.6,36,2594,44.78,-20.8,14.4,37,-0.575,0,
C-A-1,1,0.46293,-20.2884,10.9997,1470,-46.29,18.2,14.6,36,2597,44.28,-21.700000000000003,14.4,37,-0.537,0,
C-A-1,1,0.46394,-20.4034,10.9915,1467,-46.29,18.2,14.6,36,2601,45.79,-19.0,14.4,37,-0.499,0,
C-A-1,1,0.46493,-20.5952,10.9778,1462,-45.79,19.0,14.6,36,2604,45.79,-19.0,14.4,37,-0.575,0,
C-A-1,1,0.46593,-20.7102,10.9695,1459,-45.29,19.900000000000002,14.6,36,2608,44.28,-21.700000000000003,14.4,37,-0.537,0,
C-A-1,1,0.46694,-20.8636,10.9583,1455,-46.29,18.2,14.6,36,2611,44.28,-21.700000000000003,14.4,37,-0.575,0,
C-A-1,1,0.46793,-20.9403,10.9527,1453,-46.29,18.2,14.6,36,2614,44.78,-20.8,14.4,37,-0.537,0,
C-A-1,1,0.46894,-21.0938,10.9415,1449,-46.29,18.2,14.6,36,2617,44.78,-20.8,14.4,37,-0.575,0,
C-A-1,1,0.46993,-21.1705,10.9358,1447,-45.79,19.0,14.6,36,2620,44.78,-20.8,14.4,37,-0.537,0,
C-A-1,1,0.47094,-21.2472,10.9301,1445,-45.29,19.900000000000002,14.6,36,2622,44.28,-21.700000000000003,14.4,37,-0.537,0,
C-A-1,1,0.47193,-21.4006,10.9187,1441,-46.29,18.2,14.6,36,2625,44.28,-21.700000000000003,14.4,37,-0.575,0,
C-A-1,1,0.47294,-21.5156,10.9101,1438,-46.29,18.2,14.6,36,2628,44.78,-20.8,14.4,37,-0.575,0,
C-A-1,1,0.47393,-21.7074,10.8956,1433,-45.79,19.0,14.6,36,2632,45.29,-19.900000000000002,14.4,37,-0.614,0,
C-A-1,1,0.47494,-21.8224,10.8869,1430,-45.29,19.900000000000002,14.6,36,2634,44.28,-21.700000000000003,14.4,37,-0.652,0,
C-A-1,1,0.47594,-21.9375,10.8781,1427,-46.29,18.2,14.6,36,2639,44.28,-21.700000000000003,14.4,37,-0.575,0,
C-A-1,1,0.47694,-22.0526,10.8693,1424,-46.29,18.2,14.6,36,2639,44.78,-20.8,14.4,37,-0.69,0,
C-A-1,1,0.47794,-22.1676,10.8604,1421,-46.29,18.2,14.6,36,2642,44.78,-20.8,14.4,37,-0.69,0,
C-A-1,1,0.47894,-22.2443,10.8545,1419,-45.79,19.0,14.6,36,2645,44.78,-20.8,14.4,37,-0.652,0,
C-A-1,1,0.47993,-22.3594,10.8456,1416,-45.79,19.0,14.6,36,2650,44.28,-21.700000000000003,14.4,37,-0.575,0,
C-A-1,1,0.48094,-22.5128,10.8336,1412,-46.8,17.0,14.6,36,2653,44.28,-21.700000000000003,14.4,37,-0.614,0,
C-A-1,1,0.48193,-22.5895,10.8276,1410,-46.29,18.2,14.6,36,2656,44.78,-20.8,14.4,37,-0.575,0,
C-A-1,1,0.48293,-22.7429,10.8155,1406,-45.79,18.7,14.6,36,2660,45.29,-19.900000000000002,14.4,37,-0.575,0,
C-A-1,1,0.48394,-22.8963,10.8033,1402,-45.79,17.1,14.6,36,2662,44.78,-20.8,14.4,37,-0.652,0,
C-A-1,1,0.48494,-22.973,10.7972,1400,-45.79,17.900000000000002,14.6,36,2663,43.78,-22.6,14.4,37,-0.69,0,
C-A-1,1,0.48594,-23.1264,10.7849,1396,-46.8,14.600000000000001,14.6,36,2667,44.78,-20.8,14.4,37,-0.69,0,
C-A-1,1,0.48694,-23.2415,10.7756,1393,-46.29,14.700000000000001,14.6,36,2670,45.29,-19.900000000000002,14.4,37,-0.69,0,
C-A-1,1,0.48794,-23.2798,10.7725,1392,-45.29,17.2,14.6,36,2673,45.29,-19.900000000000002,14.4,37,-0.614,0,
C-A-1,1,0.48894,-23.4332,10.76,1388,-45.79,14.700000000000001,14.6,36,2678,44.78,-20.5,14.4,37,-0.575,0,
C-A-1,1,0.48994,-23.5483,10.7507,1385,-46.29,13.100000000000001,14.6,36,2681,44.78,-19.700000000000003,14.4,37,-0.575,0,
C-A-1,1,0.49094,-23.6634,10.7412,1382,-46.29,12.3,14.6,36,2683,44.78,-20.5,14.4,37,-0.614,0,
C-A-1,1,0.49194,-23.8168,10.7286,1378,-45.29,14.0,14.6,36,2687,45.29,-18.0,14.4,37,-0.614,0,
C-A-1,1,0.49294,-23.9702,10.7159,1374,-45.29,12.4,14.6,36,2689,44.28,-19.8,14.4,37,-0.69,0,
C-A-1,1,0.49394,-24.0469,10.7095,1372,-45.79,11.5,14.6,36,2691,43.78,-20.700000000000003,14.4,37,-0.69,0,
C-A-1,1,0.49494,-24.2003,10.6967,1368,-46.29,8.3,14.6,36,2694,44.28,-19.0,14.4,37,-0.729,0,
C-A-1,1,0.49594,-24.3153,10.687,1365,-45.79,8.3,14.6,36,2697,44.78,-17.3,14.4,37,-0.729,0,
C-A-1,1,0.49694,-24.3537,10.6837,1364,-45.29,10.0,14.6,36,2700,44.78,-16.5,14.4,37,-0.652,0,
C-A-1,1,0.49794,-24.4688,10.674,1361,-44.78,10.100000000000001,14.6,36,2705,44.28,-16.6,14.4,37,-0.575,0,
C-A-1,1,0.49894,-24.5838,10.6642,1358,-45.29,7.6000000000000005,14.6,36,2708,44.28,-15.0,14.4,37,-0.575,0,
C-A-1,1,0.49994,-24.6989,10.6544,1355,-45.79,5.9,14.6,36,2711,44.78,-13.3,14.4,37,-0.575,0,
C-A-1,1,0.50094,-24.8523,10.6413,1351,-44.78,6.1000000000000005,14.6,36,2714,44.78,-12.5,14.4,37,-0.614,0,
C-A-1,1,0.50194,-24.8906,10.638,1350,-44.78,4.5,14.6,36,2717,44.78,-11.700000000000001,14.4,37,-0.537,0,
C-A-1,1,0.50294,-25.0057,10.628,1347,-45.29,2.8000000000000003,14.6,36,2718,43.28,-14.3,14.4,37,-0.614,0,
C-A-1,1,0.50394,-25.1207,10.618,1344,-44.78,2.9000000000000004,14.6,36,2721,43.78,-12.700000000000001,14.4,37,-0.614,0,
C-A-1,1,0.50494,-25.1591,10.6147,1343,-45.29,0.4,14.6,36,2724,44.28,-11.0,14.4,37,-0.537,0,
C-A-1,1,0.50594,-25.3509,10.598,1338,-44.28,2.2,14.6,36,2727,44.28,-9.4,14.4,37,-0.614,0,
C-A-1,1,0.50694,-25.4276,10.5912,1336,-43.78,2.3000000000000003,14.6,36,2731,43.28,-10.3,14.4,37,-0.537,0,
C-A-1,1,0.50794,-25.5426,10.5811,1333,-44.28,0.6000000000000001,14.6,36,2734,43.28,-9.5,14.4,37,-0.537,0,
C-A-1,1,0.50894,-25.6577,10.5709,1330,-44.28,-1.0,14.6,36,2737,43.78,-7.1000000000000005,14.4,37,-0.537,0,
C-A-1,1,0.50994,-25.7344,10.5641,1328,-43.28,-0.1,14.6,36,2739,43.28,-7.1000000000000005,14.4,37,-0.537,0,
C-A-1,1,0.51094,-25.8111,10.5573,1326,-43.28,-0.9,14.6,36,2742,43.28,-6.300000000000001,14.4,37,-0.499,0,
C-A-1,1,0.51194,-25.8878,10.5504,1324,-42.77,0.0,14.6,36,2744,42.27,-7.300000000000001,14.4,37,-0.499,0,
C-A-1,1,0.51294,-26.0028,10.5401,1321,-43.28,-2.5,14.6,36,2746,42.27,-6.5,14.4,37,-0.537,0,
C-A-1,1,0.51394,-26.0795,10.5332,1319,-42.27,-1.5,14.6,36,2748,42.77,-5.6000000000000005,14.4,37,-0.537,0,
C-A-1,1,0.51494,-26.233,10.5194,1315,-41.26,-1.4000000000000001,14.6,36,2751,42.27,-4.9,14.4,37,-0.575,0,
C-A-1,1,0.51594,-26.348,10.509,1312,-41.26,-3.0,14.6,36,2755,41.26,-5.0,14.4,37,-0.537,0,
C-A-1,1,0.51694,-26.4247,10.502,1310,-41.77,-4.6000000000000005,14.6,36,2758,41.26,-3.4000000000000004,14.4,37,-0.499,0,
C-A-1,1,0.51794,-26.5014,10.495,1308,-40.76,-4.5,14.6,36,2761,41.77,-1.0,14.4,37,-0.46,0,
C-A-1,1,0.51894,-26.6165,10.4845,1305,-40.76,-6.1000000000000005,14.6,36,2764,41.77,0.6000000000000001,14.4,37,-0.46,0,
C-A-1,1,0.51994,-26.6548,10.481,1304,-39.75,-4.3,14.6,36,2766,41.77,1.4000000000000001,14.4,37,-0.422,0,
C-A-1,1,0.52094,-26.7699,10.4704,1301,-39.75,-5.9,14.6,36,2767,40.26,-1.2000000000000002,14.4,37,-0.499,0,
C-A-1,1,0.52194,-26.8466,10.4633,1299,-40.26,-7.6000000000000005,14.6,36,2769,40.26,-0.4,14.4,37,-0.499,0,
C-A-1,1,0.52294,-26.9233,10.4562,1297,-39.25,-7.5,14.6,36,2772,40.76,2.1,14.4,37,-0.46,0,
C-A-1,1,0.52394,-27.0384,10.4455,1294,-37.74,-5.6000000000000005,14.6,36,2774,40.26,2.0,14.4,37,-0.499,0,
C-A-1,1,0.52494,-27.1534,10.4348,1291,-37.74,-8.0,14.6,36,2776,39.75,1.9000000000000001,14.4,37,-0.537,0,
C-A-1,1,0.52594,-27.2301,10.4276,1289,-38.24,-9.700000000000001,14.6,36,2778,39.25,2.7,14.4,37,-0.537,0,
C-A-1,1,0.52694,-27.3068,10.4204,1287,-37.74,-10.4,14.6,36,2780,38.24,1.7000000000000002,14.4,37,-0.537,0,
C-A-1,1,0.52794,-27.3835,10.4132,1285,-37.24,-10.4,14.6,36,2782,38.75,3.4000000000000004,14.4,37,-0.537,0,
C-A-1,1,0.52894,-27.4602,10.406,1283,-36.73,-11.100000000000001,14.6,36,2784,38.24,3.3000000000000003,14.4,37,-0.537,0,
C-A-1,1,0.52994,-27.5369,10.3987,1281,-35.73,-10.9,14.6,36,2788,37.24,4.0,14.4,37,-0.46,0,
C-A-1,1,0.53094,-27.5753,10.3951,1280,-35.73,-11.700000000000001,14.6,36,2789,36.23,3.0,14.4,37,-0.46,0,
C-A-1,1,0.53194,-27.652,10.3878,1278,-35.22,-12.5,14.6,36,2792,37.24,7.2,14.4,37,-0.422,0,
C-A-1,1,0.53294,-27.8054,10.3732,1274,-34.72,-14.8,14.6,36,2794,36.73,7.9,14.4,37,-0.499,0,
C-A-1,1,0.53394,-27.8438,10.3695,1273,-33.21,-13.0,14.6,36,2796,36.23,8.6,14.4,37,-0.46,0,
C-A-1,1,0.53494,-27.9205,10.3622,1271,-33.71,-15.4,14.6,36,2797,35.22,7.7,14.4,37,-0.499,0,
C-A-1,1,0.53594,-28.0355,10.3511,1268,-34.22,-18.7,14.6,36,2799,35.22,9.3,14.4,37,-0.537,0,
C-A-1,1,0.53694,-28.0739,10.3475,1267,-33.21,-17.8,14.6,36,2801,35.22,10.9,14.4,37,-0.499,0,
C-A-1,1,0.53794,-28.1122,10.3438,1266,-32.2,-16.8,14.6,36,2803,34.72,11.600000000000001,14.4,37,-0.46,0,
C-A-1,1,0.53894,-28.1889,10.3364,1264,-32.2,-18.400000000000002,14.6,36,2806,33.71,12.200000000000001,14.4,37,-0.422,0,
C-A-1,1,0.53994,-28.2656,10.3289,1262,-32.2,-20.0,14.6,36,2808,33.21,13.0,14.4,37,-0.422,0,
C-A-1,1,0.54094,-28.304,10.3252,1261,-31.7,-19.900000000000002,14.6,36,2810,33.21,14.600000000000001,14.4,37,-0.384,0,
C-A-1,1,0.54194,-28.419,10.314,1258,-30.7,-20.6,14.6,36,2812,33.21,16.2,14.4,37,-0.422,0,
C-A-1,1,0.54294,-28.4574,10.3103,1257,-29.69,-19.6,14.6,36,2813,32.71,16.1,14.4,37,-0.422,0,
C-A-1,1,0.54394,-28.5341,10.3028,1255,-30.19,-22.1,14.6,36,2814,31.7,15.100000000000001,14.4,37,-0.46,0,
C-A-1,1,0.54494,-28.6108,10.2953,1253,-29.69,-22.8,14.6,36,2816,31.2,15.9,14.4,37,-0.46,0,
C-A-1,1,0.54594,-28.6875,10.2878,1251,-29.69,-24.400000000000002,14.6,36,2817,31.2,16.7,14.4,37,-0.499,0,
C-A-1,1,0.54694,-28.6875,10.2878,1251,-28.68,-22.700000000000003,14.6,36,2819,30.7,17.400000000000002,14.4,37,-0.422,0,
C-A-1,1,0.54794,-28.7642,10.2802,1249,-28.18,-23.400000000000002,14.6,36,2822,29.19,17.1,14.4,37,-0.384,0,
C-A-1,1,0.54894,-28.8409,10.2726,1247,-28.68,-25.900000000000002,14.6,36,2823,28.68,17.1,14.4,37,-0.422,0,
C-A-1,1,0.54994,-28.8793,10.2689,1246,-27.68,-24.900000000000002,14.6,36,2824,28.68,17.900000000000002,14.4,37,-0.422,0,
C-A-1,1,0.55094,-28.956,10.2613,1244,-27.68,-26.5,14.6,36,2826,28.68,19.5,14.4,37,-0.422,0,
C-A-1,1,0.55194,-28.9943,10.2575,1243,-27.17,-26.400000000000002,14.6,36,2828,28.18,20.200000000000003,14.4,37,-0.384,0,
C-A-1,1,0.55295,-29.071,10.2498,1241,-27.17,-28.0,14.6,36,2828,27.17,18.400000000000002,14.4,37,-0.46,0,
C-A-1,1,0.55394,-29.1477,10.2422,1239,-27.68,-30.5,14.6,36,2830,27.17,20.0,14.4,37,-0.46,0,
C-A-1,1,0.55494,-29.1861,10.2384,1238,-26.67,-29.6,14.6,36,2831,26.67,20.0,14.4,37,-0.46,0,
C-A-1,1,0.55594,-29.2628,10.2307,1236,-25.66,-29.400000000000002,14.6,36,2832,26.17,19.900000000000002,14.4,37,-0.499,0,
C-A-1,1,0.55695,-29.3395,10.223,1234,-25.66,-31.0,14.6,36,2834,25.16,19.700000000000003,14.4,37,-0.499,0,
C-A-1,1,0.55794,-29.3395,10.223,1234,-24.66,-29.3,14.6,36,2836,24.66,20.5,14.4,37,-0.422,0,
C-A-1,1,0.55894,-29.4162,10.2153,1232,-24.66,-30.900000000000002,14.6,36,2837,24.66,21.3,14.4,37,-0.46,0,
C-A-1,1,0.55994,-29.4545,10.2115,1231,-24.66,-31.700000000000003,14.6,36,2838,24.66,22.1,14.4,37,-0.46,0,
C-A-1,1,0.56094,-29.4545,10.2115,1231,-23.65,-29.900000000000002,14.6,36,2839,23.65,21.1,14.4,37,-0.422,0,
C-A-1,1,0.56194,-29.4929,10.2076,1230,-22.64,-29.0,14.6,36,2840,23.15,21.0,14.4,37,-0.422,0,
C-A-1,1,0.56294,-29.5696,10.1999,1228,-23.15,-31.400000000000002,14.6,36,2841,22.64,21.0,14.4,37,-0.46,0,
C-A-1,1,0.56394,-29.5696,10.1999,1228,-22.64,-30.6,14.6,36,2842,22.64,21.8,14.4,37,-0.422,0,
C-A-1,1,0.56494,-29.6463,10.1921,1226,-21.13,-29.5,14.6,36,2843,22.14,21.700000000000003,14.4,37,-0.46,0,
C-A-1,1,0.56594,-29.6847,10.1882,1225,-21.13,-30.3,14.6,36,2844,21.13,21.5,14.4,37,-0.46,0,
C-A-1,1,0.56695,-29.6847,10.1882,1225,-20.63,-29.5,14.6,36,2845,20.13,19.8,14.4,37,-0.422,0,
C-A-1,1,0.56794,-29.723,10.1843,1224,-20.13,-29.400000000000002,14.6,36,2845,20.13,20.6,14.4,37,-0.46,0,
C-A-1,1,0.56895,-29.7614,10.1804,1223,-19.62,-29.3,15.1,36,2846,19.62,20.5,14.4,37,-0.46,0,
C-A-1,1,0.56994,-29.7614,10.1804,1223,-19.12,-28.400000000000002,15.1,36,2847,19.12,20.400000000000002,14.9,37,-0.422,0,
C-A-1,1,0.57095,-29.7997,10.1765,1222,-18.12,-27.5,15.1,36,2848,18.12,18.7,14.9,37,-0.422,0,
C-A-1,1,0.57194,-29.7997,10.1765,1222,-18.12,-27.5,15.1,36,2849,18.12,19.5,14.9,37,-0.384,0,
C-A-1,1,0.57295,-29.8381,10.1726,1221,-18.12,-28.3,15.1,36,2850,18.12,20.3,14.9,37,-0.384,0,
C-A-1,1,0.57394,-29.8764,10.1687,1220,-16.61,-26.5,15.1,36,2851,17.61,20.200000000000003,14.9,37,-0.384,0,
C-A-1,1,0.57495,-29.9148,10.1648,1219,-16.1,-26.400000000000002,15.1,36,2851,17.11,19.3,14.9,37,-0.422,0,
C-A-1,1,0.57594,-29.9148,10.1648,1219,-16.1,-26.400000000000002,15.1,36,2852,16.61,19.3,14.9,37,-0.384,0,
C-A-1,1,0.57695,-29.9148,10.1648,1219,-15.1,-24.6,15.1,36,2852,15.6,17.5,14.9,37,-0.384,0,
C-A-1,1,0.57794,-29.9531,10.1609,1218,-14.59,-24.5,15.1,36,2853,15.6,18.3,14.9,37,-0.384,0,
C-A-1,1,0.57895,-29.9531,10.1609,1218,-14.09,-23.700000000000003,15.1,36,2853,15.1,17.400000000000002,14.9,37,-0.384,0,
C-A-1,1,0.57994,-29.9915,10.157,1217,-13.59,-23.6,15.1,36,2854,14.09,16.5,14.9,37,-0.384,0,
C-A-1,1,0.58095,-29.9915,10.157,1217,-13.08,-22.700000000000003,15.1,36,2855,13.59,16.400000000000002,14.9,37,-0.345,0,
C-A-1,1,0.58194,-29.9915,10.157,1217,-12.08,-21.0,15.1,36,2856,14.09,18.1,14.9,37,-0.307,0,
C-A-1,1,0.58295,-30.0298,10.1531,1216,-11.07,-20.0,15.1,36,2856,13.08,16.3,14.9,37,-0.345,0,
C-A-1,1,0.58394,-30.0298,10.1531,1216,-10.57,-19.1,15.1,36,2856,12.58,15.4,14.9,37,-0.345,0,
C-A-1,1,0.58495,-30.0298,10.1531,1216,-10.06,-18.3,15.1,36,2857,12.58,16.2,14.9,37,-0.307,0,
C-A-1,1,0.58594,-30.0682,10.1491,1215,-9.56,-18.2,15.1,36,2857,11.57,14.5,14.9,37,-0.345,0,
C-A-1,1,0.58695,-30.0682,10.1491,1215,-9.56,-18.2,15.1,36,2857,11.57,14.5,14.9,37,-0.345,0,
C-A-1,1,0.58794,-30.0682,10.1491,1215,-8.55,-16.400000000000002,15.1,36,2858,11.07,14.4,14.9,37,-0.307,0,
C-A-1,1,0.58895,-30.0682,10.1491,1215,-8.05,-15.600000000000001,15.1,36,2858,10.06,12.700000000000001,14.9,37,-0.307,0,
C-A-1,1,0.58994,-30.0682,10.1491,1215,-8.05,-15.600000000000001,15.1,36,2858,9.56,11.8,14.9,37,-0.307,0,
C-A-1,1,0.59095,-30.0682,10.1491,1215,-7.55,-14.700000000000001,15.1,36,2858,9.06,10.9,14.9,37,-0.307,0,
C-A-1,1,0.59196,-30.1065,10.1452,1214,-7.04,-14.600000000000001,15.1,36,2859,9.06,11.700000000000001,14.9,37,-0.307,0,
C-A-1,1,0.59295,-30.1065,10.1452,1214,-6.54,-13.700000000000001,15.1,36,2859,8.55,10.8,14.9,37,-0.307,0,
C-A-1,1,0.59395,-30.1065,10.1452,1214,-6.04,-12.9,15.1,36,2859,8.05,10.0,14.9,37,-0.307,0,
C-A-1,1,0.59496,-30.1065,10.1452,1214,-6.04,-12.9,15.1,36,2858,7.04,7.4,14.9,37,-0.345,0,
C-A-1,1,0.59612,-30.1065,10.1452,1214,-5.54,-12.0,15.1,36,2859,7.04,8.200000000000001,14.9,37,-0.307,0,
C-A-1,1,0.5971,-30.1065,10.1452,1214,-5.03,-11.100000000000001,15.1,36,2859,7.04,8.200000000000001,14.9,37,-0.307,0,
C-A-1,1,0.59812,-30.1449,10.1413,1213,-5.03,-11.9,15.1,36,2859,6.04,6.5,14.9,37,-0.345,0,
C-A-1,1,0.59913,-30.1065,10.1452,1214,-4.53,-10.200000000000001,15.1,36,2859,5.54,5.6000000000000005,14.9,37,-0.307,0,
C-A-1,1,0.6001,-30.1065,10.1452,1214,-4.03,-9.4,15.1,36,2859,5.54,5.6000000000000005,14.9,37,-0.307,0,
C-A-1,1,0.60112,-30.1449,10.1413,1213,-4.03,-10.200000000000001,15.1,36,2859,5.03,4.7,14.9,37,-0.345,0,
C-A-1,1,0.60202,-30.1449,10.1413,1213,-3.52,-9.3,15.1,36,2859,4.53,3.8000000000000003,14.9,37,-0.345,0,
C-A-1,1,0.60302,-30.1449,10.1413,1213,-3.52,-9.3,15.1,36,2859,4.03,3.0,14.9,37,-0.345,0,
C-A-1,1,0.60403,-30.1449,10.1413,1213,-3.52,-9.3,15.1,36,2859,4.03,3.0,14.9,37,-0.345,0,
C-A-1,1,0.60501,-30.1449,10.1413,1213,-3.02,-8.4,15.1,36,2859,3.52,2.1,14.9,37,-0.345,0,
C-A-1,1,0.60601,-30.1449,10.1413,1213,-3.02,-8.4,15.1,36,2859,3.52,2.1,14.9,37,-0.345,0,
C-A-1,1,0.60701,-30.1449,10.1413,1213,-2.52,-7.5,15.1,36,2859,3.02,1.2000000000000002,14.9,37,-0.345,0,
C-A-1,1,0.60801,-30.1449,10.1413,1213,-2.52,-7.5,15.1,36,2859,2.52,0.30000000000000004,14.9,37,-0.345,0,
C-A-1,1,0.60903,-30.1065,10.1452,1214,-1.51,-5.0,15.1,36,2859,2.52,0.30000000000000004,14.9,37,-0.307,0,
C-A-1,1,0.60996,-30.1449,10.1413,1213,-2.01,-6.7,15.1,36,2859,2.01,-0.5,14.9,37,-0.345,0,
C-A-1,1,0.61095,-30.1449,10.1413,1213,-2.01,-6.7,15.1,36,2859,1.51,-1.4000000000000001,14.9,37,-0.345,0,
C-A-1,1,0.61195,-30.1449,10.1413,1213,-1.51,-5.800000000000001,15.1,36,2859,1.51,-1.4000000000000001,14.9,37,-0.345,0,
C-A-1,1,0.61294,-30.1065,10.1452,1214,-1.01,-4.1000000000000005,15.1,36,2859,1.51,-1.4000000000000001,14.9,37,-0.307,0,
C-A-1,1,0.61394,-30.1065,10.1452,1214,-1.01,-4.1000000000000005,15.1,36,2859,1.01,-2.3000000000000003,14.9,37,-0.307,0,
C-A-1,1,0.61495,-30.1449,10.1413,1213,-1.01,-4.9,15.1,36,2859,1.01,-2.3000000000000003,14.9,37,-0.345,0,
C-A-1,1,0.61594,-30.1065,10.1452,1214,0.0,-2.4000000000000004,15.1,36,2858,0.0,-4.800000000000001,14.9,37,-0.345,0,
C-A-1,1,0.61694,-30.1065,10.1452,1214,0.0,-2.4000000000000004,15.1,36,2858,0.0,-4.800000000000001,14.9,37,-0.345,0,
C-A-1,1,0.61795,-30.1065,10.1452,1214,0.0,-2.4000000000000004,15.1,36,2859,0.0,-4.0,14.9,37,-0.307,0,
C-A-1,1,0.61894,-30.1065,10.1452,1214,0.0,-2.4000000000000004,15.1,36,2858,0.0,-4.800000000000001,14.9,37,-0.345,0,
C-A-1,1,0.61995,-30.1065,10.1452,1214,0.0,-2.4000000000000004,15.1,36,2859,0.0,-4.0,14.9,37,-0.307,0,
C-A-1,1,0.62094,-30.1065,10.1452,1214,0.0,-2.4000000000000004,15.1,36,2858,0.0,-4.800000000000001,14.9,37,-0.345,0,
C-A-1,1,0.62195,-30.1065,10.1452,1214,0.0,-2.4000000000000004,15.1,36,2858,0.0,-4.800000000000001,14.9,37,-0.345,0,
C-A-1,1,0.62294,-30.1065,10.1452,1214,0.0,-2.4000000000000004,15.1,36,2858,0.0,-4.800000000000001,14.9,37,-0.345,0,
C-A-1,1,0.62394,-30.0682,10.1491,1215,0.0,-1.6,15.1,36,2858,0.0,-4.800000000000001,14.9,37,-0.307,0,
C-A-1,1,0.62494,-30.0682,10.1491,1215,0.0,-1.6,15.1,36,2857,-1.01,-7.300000000000001,14.9,37,-0.345,0,
C-A-1,1,0.62594,-30.0682,10.1491,1215,0.0,-1.6,15.1,36,2857,-1.01,-7.300000000000001,14.9,37,-0.345,0,
C-A-1,1,0.62694,-30.0298,10.1531,1216,1.51,1.8,15.1,36,2857,-1.01,-7.300000000000001,14.9,37,-0.307,0,
C-A-1,1,0.62795,-30.0298,10.1531,1216,1.01,0.9,15.1,36,2857,-1.01,-7.300000000000001,14.9,37,-0.307,0,
C-A-1,1,0.62894,-30.0298,10.1531,1216,1.01,0.9,15.1,36,2856,-1.51,-9.0,14.9,37,-0.345,0,
C-A-1,1,0.62994,-30.0298,10.1531,1216,1.51,1.8,15.1,36,2856,-1.51,-9.0,14.9,37,-0.345,0,
C-A-1,1,0.63094,-29.9915,10.157,1217,2.01,3.5,15.1,36,2856,-1.51,-9.0,14.9,37,-0.307,0,
C-A-1,1,0.63195,-30.0298,10.1531,1216,1.51,1.8,15.1,36,2856,-1.51,-9.0,14.9,37,-0.345,0,
C-A-1,1,0.63294,-29.9915,10.157,1217,2.01,3.5,15.1,36,2856,-1.51,-9.0,14.9,37,-0.307,0,
C-A-1,1,0.63395,-29.9531,10.1609,1218,2.52,5.1000000000000005,15.1,36,2856,-1.51,-9.0,14.9,37,-0.268,0,
C-A-1,1,0.63495,-29.9148,10.1648,1219,3.02,6.800000000000001,15.1,36,2856,-1.51,-9.0,14.9,37,-0.23,0,
C-A-1,1,0.63595,-29.9531,10.1609,1218,2.52,5.1000000000000005,15.1,36,2856,-1.51,-9.0,14.9,37,-0.268,0,
C-A-1,1,0.63695,-29.9148,10.1648,1219,3.02,6.800000000000001,15.1,36,2855,-2.01,-10.700000000000001,14.9,37,-0.268,0,
C-A-1,1,0.63795,-29.9148,10.1648,1219,2.52,5.9,15.1,36,2855,-2.01,-10.700000000000001,14.9,37,-0.268,0,
C-A-1,1,0.63894,-29.8764,10.1687,1220,3.52,8.5,15.1,36,2854,-2.52,-12.3,14.9,37,-0.268,0,
C-A-1,1,0.63995,-29.8764,10.1687,1220,3.52,8.5,15.1,36,2854,-2.52,-12.3,14.9,37,-0.268,0,
C-A-1,1,0.64094,-29.8764,10.1687,1220,3.52,8.5,15.1,36,2854,-2.52,-12.3,14.9,37,-0.268,0,
C-A-1,1,0.64195,-29.8764,10.1687,1220,3.02,7.6000000000000005,15.1,36,2854,-2.52,-12.3,14.9,37,-0.268,0,
C-A-1,1,0.64295,-29.8764,10.1687,1220,3.02,7.6000000000000005,15.1,36,2854,-2.52,-12.3,14.9,37,-0.268,0,
C-A-1,1,0.64394,-29.8764,10.1687,1220,3.52,8.5,15.1,36,2853,-3.02,-14.0,14.9,37,-0.307,0,
C-A-1,1,0.64495,-29.8381,10.1726,1221,4.03,10.200000000000001,15.1,36,2853,-2.52,-13.100000000000001,14.9,37,-0.268,0,
C-A-1,1,0.64594,-29.8381,10.1726,1221,3.52,9.3,15.1,36,2853,-2.52,-13.100000000000001,14.9,37,-0.268,0,
C-A-1,1,0.64694,-29.8381,10.1726,1221,3.52,9.3,15.1,36,2853,-3.02,-14.0,14.9,37,-0.268,0,
C-A-1,1,0.64795,-29.7997,10.1765,1222,4.03,11.0,15.1,36,2852,-3.52,-15.700000000000001,14.9,37,-0.268,0,
C-A-1,1,0.64895,-29.7997,10.1765,1222,4.03,11.0,15.1,36,2852,-3.02,-14.8,14.9,37,-0.268,0,
C-A-1,1,0.64994,-29.7997,10.1765,1222,4.03,11.0,15.1,36,2852,-3.02,-14.8,14.9,37,-0.268,0,
C-A-1,1,0.65095,-29.7997,10.1765,1222,4.03,11.0,15.1,36,2852,-3.02,-14.8,14.9,37,-0.268,0,
C-A-1,1,0.65194,-29.7997,10.1765,1222,4.03,11.0,15.1,36,2852,-3.02,-14.8,14.9,37,-0.268,0,
C-A-1,1,0.65295,-29.7614,10.1804,1223,4.03,11.8,15.1,36,2852,-3.02,-14.8,14.9,37,-0.23,0,
C-A-1,1,0.65394,-29.7614,10.1804,1223,4.03,11.8,15.1,36,2851,-3.02,-15.600000000000001,14.9,37,-0.268,0,
C-A-1,1,0.65495,-29.7614,10.1804,1223,4.03,11.8,15.1,36,2851,-3.02,-15.600000000000001,14.9,37,-0.268,0,
C-A-1,1,0.65595,-29.7614,10.1804,1223,3.52,10.9,15.1,36,2851,-3.02,-15.600000000000001,14.9,37,-0.268,0,
C-A-1,1,0.65694,-29.7614,10.1804,1223,3.52,10.9,15.1,36,2851,-3.02,-15.600000000000001,14.9,37,-0.268,0,
C-A-1,1,0.65795,-29.7614,10.1804,1223,3.52,10.9,15.1,36,2851,-2.52,-14.700000000000001,14.9,37,-0.268,0,
C-A-1,1,0.65895,-29.723,10.1843,1224,4.03,12.600000000000001,15.1,36,2850,-3.52,-17.3,14.9,37,-0.268,0,
C-A-1,1,0.65994,-29.723,10.1843,1224,3.52,11.700000000000001,15.1,36,2850,-3.02,-16.400000000000002,14.9,37,-0.268,0,
C-A-1,1,0.66095,-29.723,10.1843,1224,4.03,12.600000000000001,15.1,36,2849,-3.52,-18.1,14.9,37,-0.307,0,
C-A-1,1,0.66195,-29.723,10.1843,1224,3.52,11.700000000000001,15.1,36,2849,-3.52,-18.1,14.9,37,-0.307,0,
C-A-1,1,0.66295,-29.723,10.1843,1224,3.52,11.700000000000001,15.1,36,2849,-3.52,-18.1,14.9,37,-0.307,0,
C-A-1,1,0.66395,-29.723,10.1843,1224,3.02,10.8,15.1,36,2849,-3.52,-18.1,14.9,37,-0.307,0,
C-A-1,1,0.66495,-29.6847,10.1882,1225,3.52,12.5,15.1,36,2849,-3.52,-18.1,14.9,37,-0.268,0,
C-A-1,1,0.66595,-29.723,10.1843,1224,2.52,9.9,15.1,36,2848,-3.52,-18.900000000000002,14.9,37,-0.345,0,
C-A-1,1,0.66695,-29.6847,10.1882,1225,3.02,11.600000000000001,15.1,36,2848,-3.52,-18.900000000000002,14.9,37,-0.307,0,
C-A-1,1,0.66795,-29.6847,10.1882,1225,2.52,10.700000000000001,15.1,36,2848,-3.52,-18.900000000000002,14.9,37,-0.307,0,
C-A-1,1,0.66895,-29.6847,10.1882,1225,2.52,10.700000000000001,15.1,36,2848,-3.02,-18.0,14.9,37,-0.307,0,
C-A-1,1,0.66995,-29.6847,10.1882,1225,2.52,10.700000000000001,15.1,36,2847,-3.52,-19.700000000000003,14.9,37,-0.345,0,
C-A-1,1,0.67095,-29.6463,10.1921,1226,3.02,12.4,15.1,36,2847,-3.52,-19.700000000000003,14.9,37,-0.307,0,
C-A-1,1,0.67195,-29.6463,10.1921,1226,3.02,12.4,15.1,36,2847,-3.52,-19.700000000000003,14.9,37,-0.307,0,
C-A-1,1,0.67295,-29.6463,10.1921,1226,3.02,12.4,15.1,36,2847,-3.02,-18.8,14.9,37,-0.307,0,
C-A-1,1,0.67395,-29.6463,10.1921,1226,2.52,11.5,15.1,36,2846,-3.52,-20.5,14.9,37,-0.345,0,
C-A-1,1,0.67495,-29.6463,10.1921,1226,2.52,11.5,15.1,36,2846,-3.52,-20.5,14.9,37,-0.345,0,
C-A-1,1,0.67595,-29.6463,10.1921,1226,2.52,11.5,15.1,36,2846,-3.52,-20.5,14.9,37,-0.345,0,
C-A-1,1,0.67695,-29.6463,10.1921,1226,2.01,10.700000000000001,15.1,36,2846,-3.52,-20.5,14.9,37,-0.345,0,
C-A-1,1,0.67793,-29.6463,10.1921,1226,2.01,10.700000000000001,15.1,36,2846,-3.02,-19.6,14.9,37,-0.345,0,
C-A-1,1,0.67895,-29.6463,10.1921,1226,2.01,10.700000000000001,15.1,36,2846,-3.02,-19.6,14.9,37,-0.345,0,
C-A-1,1,0.67993,-29.6463,10.1921,1226,2.01,10.700000000000001,15.1,36,2845,-3.52,-21.3,14.9,37,-0.384,0,
C-A-1,1,0.68095,-29.6463,10.1921,1226,2.01,10.700000000000001,15.1,36,2845,-3.52,-21.3,14.9,37,-0.384,0,
C-A-1,1,0.68193,-29.6463,10.1921,1226,1.51,9.8,15.1,36,2845,-3.52,-21.3,14.9,37,-0.384,0,
C-A-1,1,0.68295,-29.6463,10.1921,1226,1.51,9.8,15.1,36,2845,-3.02,-20.400000000000002,14.9,37,-0.384,0,
C-A-1,1,0.68395,-29.608,10.196,1227,2.01,11.5,15.1,36,2845,-3.02,-20.400000000000002,14.9,37,-0.345,0,
C-A-1,1,0.68495,-29.608,10.196,1227,2.01,11.5,14.9,36,2845,-3.02,-20.400000000000002,14.9,37,-0.345,0,
C-A-1,1,0.68595,-29.608,10.196,1227,2.01,11.5,14.9,36,2845,-3.02,-20.400000000000002,14.9,37,-0.345,0,
C-A-1,1,0.68695,-29.608,10.196,1227,2.01,11.5,14.9,36,2845,-3.02,-20.400000000000002,14.8,37,-0.345,0,
C-A-1,1,0.68793,-29.608,10.196,1227,1.51,10.600000000000001,14.9,36,2845,-2.52,-19.5,14.8,37,-0.345,0,
C-A-1,1,0.68895,-29.608,10.196,1227,1.51,10.600000000000001,14.9,36,2845,-2.01,-18.7,14.8,37,-0.345,0,
C-A-1,1,0.68993,-29.608,10.196,1227,1.51,10.600000000000001,14.9,36,2844,-2.52,-20.3,14.8,37,-0.384,0,
C-A-1,1,0.69095,-29.608,10.196,1227,1.51,10.600000000000001,14.9,36,2845,-2.01,-18.7,14.8,37,-0.345,0,
C-A-1,1,0.69193,-29.608,10.196,1227,1.51,10.600000000000001,14.9,36,2844,-2.52,-20.3,14.8,37,-0.384,0,
C-A-1,1,0.69295,-29.608,10.196,1227,1.51,10.600000000000001,14.9,36,2844,-2.52,-20.3,14.8,37,-0.384,0,
C-A-1,1,0.69393,-29.608,10.196,1227,1.01,9.700000000000001,14.9,36,2844,-2.52,-20.3,14.8,37,-0.384,0,
C-A-1,1,0.69495,-29.608,10.196,1227,1.01,9.700000000000001,14.9,36,2844,-2.01,-19.5,14.8,37,-0.384,0,
C-A-1,1,0.69593,-29.608,10.196,1227,1.51,10.600000000000001,14.9,36,2844,-2.01,-19.5,14.8,37,-0.384,0,
C-A-1,1,0.69695,-29.5696,10.1999,1228,1.51,11.4,14.9,36,2844,-2.01,-19.5,14.8,37,-0.345,0,
C-A-1,1,0.69795,-29.5696,10.1999,1228,1.51,11.4,14.9,36,2844,-1.51,-18.6,14.8,37,-0.345,0,
C-A-1,1,0.69893,-29.5696,10.1999,1228,1.51,11.4,14.9,36,2844,-2.01,-19.5,14.8,37,-0.345,0,
C-A-1,1,0.69995,-29.5696,10.1999,1228,1.01,10.5,14.9,36,2844,-1.51,-18.6,14.8,37,-0.345,0,
C-A-1,1,0.70093,-29.5696,10.1999,1228,1.01,10.5,14.9,36,2844,-1.51,-18.6,14.8,37,-0.345,0,
C-A-1,1,0.70195,-29.5696,10.1999,1228,1.01,10.5,14.9,36,2844,-1.51,-18.6,14.8,37,-0.345,0,
C-A-1,1,0.70295,-29.5696,10.1999,1228,1.01,10.5,14.9,36,2844,-1.01,-17.7,14.8,37,-0.345,0,
C-A-1,1,0.70395,-29.5696,10.1999,1228,1.01,10.5,14.9,36,2844,-1.01,-17.7,14.8,37,-0.345,0,
C-A-1,1,0.70493,-29.5696,10.1999,1228,1.01,10.5,14.9,36,2844,-1.01,-17.7,14.8,37,-0.345,0,
C-A-1,1,0.70595,-29.5696,10.1999,1228,1.01,10.5,14.9,36,2844,-1.01,-17.7,14.8,37,-0.345,0,
C-A-1,1,0.70693,-29.5696,10.1999,1228,1.01,10.5,14.9,36,2844,-1.01,-17.7,14.8,37,-0.345,0,
C-A-1,1,0.70795,-29.5696,10.1999,1228,1.01,10.5,14.9,36,2844,-1.01,-17.7,14.8,37,-0.345,0,
C-A-1,1,0.70893,-29.5696,10.1999,1228,1.01,10.5,14.9,36,2844,0.0,-16.0,14.8,37,-0.345,0,
C-A-1,1,0.70995,-29.5313,10.2037,1229,1.51,12.200000000000001,14.9,36,2844,0.0,-16.0,14.8,37,-0.307,0,
C-A-1,1,0.71093,-29.5696,10.1999,1228,1.01,10.5,14.9,36,2844,0.0,-16.0,14.8,37,-0.345,0,
C-A-1,1,0.71195,-29.5696,10.1999,1228,1.01,10.5,14.9,36,2844,0.0,-16.0,14.8,37,-0.345,0,
C-A-1,1,0.71293,-29.5696,10.1999,1228,0.0,8.8,14.9,36,2844,0.0,-16.0,14.8,37,-0.345,0,
C-A-1,1,0.71395,-29.5696,10.1999,1228,0.0,8.8,14.9,36,2844,0.0,-16.0,14.8,37,-0.345,0,
C-A-1,1,0.71493,-29.5696,10.1999,1228,0.0,8.8,14.9,36,2845,0.0,-15.200000000000001,14.8,37,-0.307,0,
C-A-1,1,0.71595,-29.5696,10.1999,1228,0.0,8.8,14.9,36,2844,0.0,-16.0,14.8,37,-0.345,0,
C-A-1,1,0.71693,-29.5696,10.1999,1228,0.0,8.8,14.9,36,2844,0.0,-16.0,14.8,37,-0.345,0,
C-A-1,1,0.71795,-29.5696,10.1999,1228,0.0,8.8,14.9,36,2844,0.0,-16.0,14.8,37,-0.345,0,
C-A-1,1,0.71893,-29.5696,10.1999,1228,0.0,8.8,14.9,36,2844,0.0,-16.0,14.8,37,-0.345,0,
C-A-1,1,0.71993,-29.5696,10.1999,1228,0.0,8.8,14.9,36,2844,0.0,-16.0,14.8,37,-0.345,0,
C-A-1,1,0.72095,-29.5696,10.1999,1228,0.0,8.8,14.9,36,2844,0.0,-16.0,14.8,37,-0.345,0,
C-A-1,1,0.72193,-29.5696,10.1999,1228,0.0,8.8,14.9,36,2844,0.0,-16.0,14.8,37,-0.345,0,
C-A-1,1,0.72295,-29.5696,10.1999,1228,0.0,8.8,14.9,36,2844,0.0,-16.0,14.8,37,-0.345,0,
C-A-1,1,0.72395,-29.5696,10.1999,1228,0.0,8.8,14.9,36,2844,0.0,-16.0,14.8,37,-0.345,0,
C-A-1,1,0.72493,-29.5696,10.1999,1228,0.0,8.8,14.9,36,2844,0.0,-16.0,14.8,37,-0.345,0,
C-A-1,1,0.72595,-29.5696,10.1999,1228,0.0,8.8,14.9,36,2844,0.0,-16.0,14.8,37,-0.345,0,
C-A-1,1,0.72695,-29.5696,10.1999,1228,0.0,8.8,14.9,36,2844,0.0,-16.0,14.8,37,-0.345,0,
C-A-1,1,0.72793,-29.5696,10.1999,1228,0.0,8.8,14.9,36,2844,0.0,-16.0,14.8,37,-0.345,0,
C-A-1,1,0.72895,-29.5696,10.1999,1228,0.0,8.8,14.9,36,2844,0.0,-16.0,14.8,37,-0.345,0,
C-A-1,1,0.72995,-29.5696,10.1999,1228,0.0,8.8,14.9,36,2844,0.0,-16.0,14.8,37,-0.345,0,
C-A-1,1,0.73095,-29.5696,10.1999,1228,0.0,8.8,14.9,36,2844,0.0,-16.0,14.8,37,-0.345,0,
C-A-1,1,0.73193,-29.5696,10.1999,1228,0.0,8.8,14.9,36,2844,0.0,-16.0,14.8,37,-0.345,0,
C-A-1,1,0.73293,-29.5696,10.1999,1228,0.0,8.8,14.9,36,2845,0.0,-15.200000000000001,14.8,37,-0.307,0,
C-A-1,1,0.73394,-29.5696,10.1999,1228,0.0,8.8,14.9,36,2845,0.0,-15.200000000000001,14.8,37,-0.307,0,
C-A-1,1,0.73493,-29.5696,10.1999,1228,0.0,8.8,14.9,36,2845,0.0,-15.200000000000001,14.8,37,-0.307,0,
C-A-1,1,0.73595,-29.5696,10.1999,1228,0.0,8.8,14.9,36,2845,0.0,-15.200000000000001,14.8,37,-0.307,0,
C-A-1,1,0.73693,-29.608,10.196,1227,0.0,8.0,14.9,36,2845,0.0,-15.200000000000001,14.8,37,-0.345,0,
C-A-1,1,0.73793,-29.608,10.196,1227,0.0,8.0,14.9,36,2845,0.0,-15.200000000000001,14.8,37,-0.345,0,
C-A-1,1,0.73895,-29.608,10.196,1227,-1.01,6.300000000000001,14.9,36,2845,0.0,-15.200000000000001,14.8,37,-0.345,0,
C-A-1,1,0.73995,-29.608,10.196,1227,0.0,8.0,14.9,36,2845,0.0,-15.200000000000001,14.8,37,-0.345,0,
C-A-1,1,0.74093,-29.608,10.196,1227,0.0,8.0,14.9,36,2845,0.0,-15.200000000000001,14.8,37,-0.345,0,
C-A-1,1,0.74193,-29.608,10.196,1227,0.0,8.0,14.9,36,2845,0.0,-15.200000000000001,14.8,37,-0.345,0,
C-A-1,1,0.74295,-29.608,10.196,1227,0.0,8.0,14.9,36,2845,0.0,-15.200000000000001,14.8,37,-0.345,0,
C-A-1,1,0.74393,-29.608,10.196,1227,0.0,8.0,14.9,36,2845,0.0,-15.200000000000001,14.8,37,-0.345,0,
C-A-1,1,0.74493,-29.608,10.196,1227,0.0,8.0,14.9,36,2845,0.0,-15.200000000000001,14.8,37,-0.345,0,
C-A-1,1,0.74594,-29.608,10.196,1227,0.0,8.0,14.9,36,2845,0.0,-15.200000000000001,14.8,37,-0.345,0,
C-A-1,1,0.74693,-29.608,10.196,1227,0.0,8.0,14.9,36,2845,0.0,-15.200000000000001,14.8,37,-0.345,0,
C-A-1,1,0.74793,-29.608,10.196,1227,0.0,8.0,14.9,36,2846,1.01,-12.700000000000001,14.8,37,-0.307,0,
C-A-1,1,0.74893,-29.608,10.196,1227,0.0,8.0,14.9,36,2846,1.01,-12.700000000000001,14.8,37,-0.307,0,
C-A-1,1,0.74993,-29.608,10.196,1227,0.0,8.0,14.9,36,2846,1.01,-12.700000000000001,14.8,37,-0.307,0,
C-A-1,1,0.75093,-29.6463,10.1921,1226,-1.01,5.5,14.9,36,2846,1.01,-12.700000000000001,14.8,37,-0.345,0,
C-A-1,1,0.75193,-29.6463,10.1921,1226,-1.01,5.5,14.9,36,2846,1.01,-12.700000000000001,14.8,37,-0.345,0,
C-A-1,1,0.75293,-29.6463,10.1921,1226,-1.01,5.5,14.9,36,2846,1.01,-12.700000000000001,14.8,37,-0.345,0,
C-A-1,1,0.75393,-29.6463,10.1921,1226,-1.01,5.5,14.9,36,2846,1.01,-12.700000000000001,14.8,37,-0.345,0,
C-A-1,1,0.75494,-29.6463,10.1921,1226,-1.01,5.5,14.9,36,2846,1.01,-12.700000000000001,14.8,37,-0.345,0,
C-A-1,1,0.75593,-29.6463,10.1921,1226,-1.01,5.5,14.9,36,2846,1.01,-12.700000000000001,14.8,37,-0.345,0,
C-A-1,1,0.75694,-29.6847,10.1882,1225,-1.51,3.8000000000000003,14.9,36,2846,1.01,-12.700000000000001,14.8,37,-0.384,0,
C-A-1,1,0.75793,-29.6463,10.1921,1226,-1.01,5.5,14.9,36,2847,1.51,-11.0,14.8,37,-0.307,0,
C-A-1,1,0.75893,-29.6847,10.1882,1225,-1.51,3.8000000000000003,14.9,36,2847,1.51,-11.0,14.8,37,-0.345,0,
C-A-1,1,0.75994,-29.6463,10.1921,1226,-1.01,5.5,14.9,36,2847,1.51,-11.0,14.8,37,-0.307,0,
C-A-1,1,0.76093,-29.6463,10.1921,1226,-1.01,5.5,14.9,36,2847,1.51,-11.0,14.8,37,-0.307,0,
C-A-1,1,0.76194,-29.6463,10.1921,1226,-1.01,5.5,14.9,36,2847,1.01,-11.9,14.8,37,-0.307,0,
C-A-1,1,0.76293,-29.6847,10.1882,1225,-1.51,3.8000000000000003,14.9,36,2847,1.01,-11.9,14.8,37,-0.345,0,
C-A-1,1,0.76393,-29.6847,10.1882,1225,-1.51,3.8000000000000003,14.9,36,2848,1.51,-10.200000000000001,14.8,37,-0.307,0,
C-A-1,1,0.76493,-29.6463,10.1921,1226,0.0,7.2,14.9,36,2848,1.51,-10.200000000000001,14.8,37,-0.268,0,
C-A-1,1,0.76594,-29.6847,10.1882,1225,-1.01,4.7,14.9,36,2848,1.51,-10.200000000000001,14.8,37,-0.307,0,
C-A-1,1,0.76693,-29.6847,10.1882,1225,-1.01,4.7,14.9,36,2848,1.51,-10.200000000000001,14.8,37,-0.307,0,
C-A-1,1,0.76794,-29.6847,10.1882,1225,-1.01,4.7,14.9,36,2848,1.51,-10.200000000000001,14.8,37,-0.307,0,
C-A-1,1,0.76893,-29.6847,10.1882,1225,-1.01,4.7,14.9,36,2848,1.51,-10.200000000000001,14.8,37,-0.307,0,
C-A-1,1,0.76993,-29.6847,10.1882,1225,-1.01,4.7,14.9,36,2848,1.51,-10.200000000000001,14.8,37,-0.307,0,
C-A-1,1,0.77093,-29.6847,10.1882,1225,-1.01,4.7,14.9,36,2849,2.01,-8.5,14.8,37,-0.268,0,
C-A-1,1,0.77194,-29.6847,10.1882,1225,-1.01,4.7,14.9,36,2849,2.01,-8.5,14.8,37,-0.268,0,
C-A-1,1,0.77293,-29.6847,10.1882,1225,-1.01,4.7,14.9,36,2849,2.01,-8.5,14.8,37,-0.268,0,
C-A-1,1,0.77393,-29.723,10.1843,1224,-1.51,3.0,14.9,36,2849,2.01,-8.5,14.8,37,-0.307,0,
C-A-1,1,0.77493,-29.6847,10.1882,1225,-1.01,4.7,14.9,36,2849,2.01,-8.5,14.8,37,-0.268,0,
C-A-1,1,0.77594,-29.6847,10.1882,1225,-1.01,4.7,14.9,36,2849,2.01,-8.5,14.8,37,-0.268,0,
C-A-1,1,0.77693,-29.723,10.1843,1224,-1.51,3.0,14.9,36,2849,1.51,-9.4,14.8,37,-0.307,0,
C-A-1,1,0.77793,-29.723,10.1843,1224,-1.51,3.0,14.9,36,2850,2.01,-7.7,14.8,37,-0.268,0,
C-A-1,1,0.77893,-29.723,10.1843,1224,-1.51,3.0,14.9,36,2849,1.51,-9.4,14.8,37,-0.307,0,
C-A-1,1,0.77994,-29.723,10.1843,1224,-1.01,3.9000000000000004,14.9,36,2850,2.01,-7.7,14.8,37,-0.268,0,
C-A-1,1,0.78093,-29.723,10.1843,1224,-1.01,3.9000000000000004,14.9,36,2850,2.01,-7.7,14.8,37,-0.268,0,
C-A-1,1,0.78194,-29.723,10.1843,1224,-1.01,3.9000000000000004,14.9,36,2850,2.01,-7.7,14.8,37,-0.268,0,
C-A-1,1,0.78293,-29.723,10.1843,1224,-1.01,3.9000000000000004,14.9,36,2850,2.01,-7.7,14.8,37,-0.268,0,
C-A-1,1,0.78393,-29.723,10.1843,1224,-1.01,3.9000000000000004,14.9,36,2850,2.01,-7.7,14.8,37,-0.268,0,
C-A-1,1,0.78494,-29.723,10.1843,1224,-1.01,3.9000000000000004,14.9,36,2850,2.01,-7.7,14.8,37,-0.268,0,
C-A-1,1,0.78594,-29.723,10.1843,1224,-1.01,3.9000000000000004,14.9,36,2850,2.01,-7.7,14.8,37,-0.268,0,
C-A-1,1,0.78694,-29.723,10.1843,1224,0.0,5.6000000000000005,14.9,36,2850,1.51,-8.6,14.8,37,-0.268,0,
C-A-1,1,0.78793,-29.723,10.1843,1224,0.0,5.6000000000000005,14.9,36,2850,1.51,-8.6,14.8,37,-0.268,0,
C-A-1,1,0.78893,-29.723,10.1843,1224,-1.01,3.9000000000000004,14.9,36,2851,2.01,-6.9,14.8,37,-0.23,0,
C-A-1,1,0.78994,-29.7614,10.1804,1223,-1.51,2.2,14.9,36,2850,1.51,-8.6,14.8,37,-0.307,0,
C-A-1,1,0.79093,-29.723,10.1843,1224,-1.01,3.9000000000000004,14.9,36,2851,1.51,-7.800000000000001,14.8,37,-0.23,0,
C-A-1,1,0.79193,-29.7614,10.1804,1223,-1.01,3.1,14.9,36,2850,1.51,-8.6,14.8,37,-0.307,0,
C-A-1,1,0.79294,-29.7614,10.1804,1223,-1.01,3.1,14.9,36,2850,1.51,-8.6,14.8,37,-0.307,0,
C-A-1,1,0.79394,-29.7614,10.1804,1223,-1.01,3.1,14.9,36,2850,1.01,-9.5,14.8,37,-0.307,0,
C-A-1,1,0.79494,-29.7614,10.1804,1223,-1.51,2.2,14.9,36,2851,1.51,-7.800000000000001,14.8,37,-0.268,0,
C-A-1,1,0.79593,-29.723,10.1843,1224,0.0,5.6000000000000005,14.9,36,2851,1.51,-7.800000000000001,14.8,37,-0.23,0,
C-A-1,1,0.79693,-29.7614,10.1804,1223,-1.01,3.1,14.9,36,2851,1.51,-7.800000000000001,14.8,37,-0.268,0,
C-A-1,1,0.79794,-29.7614,10.1804,1223,-1.01,3.1,14.9,36,2851,1.51,-7.800000000000001,14.8,37,-0.268,0,
C-A-1,1,0.79894,-29.7614,10.1804,1223,-1.01,3.1,14.9,36,2851,1.51,-7.800000000000001,14.8,37,-0.268,0,
C-A-1,1,0.79993,-29.7614,10.1804,1223,-1.01,3.1,14.9,36,2851,1.01,-8.700000000000001,14.8,37,-0.268,0,
C-A-1,1,0.80094,-29.7614,10.1804,1223,-1.01,3.1,14.9,36,2851,1.01,-8.700000000000001,14.8,37,-0.268,0,
C-A-1,1,0.80194,-29.7614,10.1804,1223,-1.01,3.1,14.9,36,2851,1.01,-8.700000000000001,14.8,37,-0.268,0,
C-A-1,1,0.80294,-29.7614,10.1804,1223,0.0,4.800000000000001,14.9,36,2851,1.01,-8.700000000000001,15.0,37,-0.268,0,
C-A-1,1,0.80394,-29.7614,10.1804,1223,-1.01,3.1,14.9,36,2851,1.01,-8.700000000000001,15.0,37,-0.268,0,
C-A-1,1,0.80494,-29.7614,10.1804,1223,-1.01,3.1,14.9,36,2851,1.01,-8.700000000000001,15.0,37,-0.268,0,
C-A-1,1,0.80594,-29.7614,10.1804,1223,0.0,4.800000000000001,14.9,36,2850,0.0,-11.200000000000001,15.0,37,-0.307,0,
C-A-1,1,0.80694,-29.7614,10.1804,1223,0.0,4.800000000000001,14.9,36,2851,0.0,-10.4,15.0,37,-0.268,0,
C-A-1,1,0.80794,-29.7614,10.1804,1223,0.0,4.800000000000001,14.9,36,2851,1.01,-8.700000000000001,15.0,37,-0.268,0,
C-A-1,1,0.80894,-29.7614,10.1804,1223,0.0,4.800000000000001,14.9,36,2851,1.01,-8.700000000000001,15.0,37,-0.268,0,
C-A-1,1,0.80994,-29.7614,10.1804,1223,0.0,4.800000000000001,14.9,36,2850,0.0,-11.200000000000001,15.0,37,-0.307,0,
C-A-1,1,0.81094,-29.7614,10.1804,1223,0.0,4.800000000000001,14.9,36,2851,0.0,-10.4,15.0,37,-0.268,0,
C-A-1,1,0.81194,-29.7614,10.1804,1223,0.0,4.800000000000001,14.9,36,2851,0.0,-10.4,15.0,37,-0.268,0,
C-A-1,1,0.81294,-29.7614,10.1804,1223,0.0,4.800000000000001,14.9,36,2850,0.0,-11.200000000000001,15.0,37,-0.307,0,
C-A-1,1,0.81394,-29.7614,10.1804,1223,0.0,4.800000000000001,14.9,36,2850,0.0,-11.200000000000001,15.0,37,-0.307,0,
C-A-1,1,0.81494,-29.7614,10.1804,1223,0.0,4.800000000000001,14.9,36,2851,0.0,-10.4,15.0,37,-0.268,0,
C-A-1,1,0.81594,-29.7614,10.1804,1223,0.0,4.800000000000001,14.9,36,2851,0.0,-10.4,15.0,37,-0.268,0,
C-A-1,1,0.81694,-29.723,10.1843,1224,0.0,5.6000000000000005,14.9,36,2851,0.0,-10.4,15.0,37,-0.23,0,
C-A-1,1,0.81794,-29.723,10.1843,1224,0.0,5.6000000000000005,14.9,36,2851,0.0,-10.4,15.0,37,-0.23,0,
C-A-1,1,0.81894,-29.723,10.1843,1224,0.0,5.6000000000000005,14.9,36,2850,0.0,-11.200000000000001,15.0,37,-0.268,0,
C-A-1,1,0.81994,-29.723,10.1843,1224,0.0,5.6000000000000005,14.9,36,2850,0.0,-11.200000000000001,15.0,37,-0.268,0,
C-A-1,1,0.82094,-29.723,10.1843,1224,0.0,5.6000000000000005,14.9,36,2850,0.0,-11.200000000000001,15.0,37,-0.268,0,
C-A-1,1,0.82194,-29.723,10.1843,1224,0.0,5.6000000000000005,14.9,36,2851,0.0,-10.4,15.0,37,-0.23,0,
C-A-1,1,0.82294,-29.723,10.1843,1224,0.0,5.6000000000000005,14.9,36,2851,0.0,-10.4,15.0,37,-0.23,0,
C-A-1,1,0.82394,-29.723,10.1843,1224,0.0,5.6000000000000005,14.9,36,2850,0.0,-11.200000000000001,15.0,37,-0.268,0,
C-A-1,1,0.82494,-29.723,10.1843,1224,0.0,5.6000000000000005,14.9,36,2850,0.0,-11.200000000000001,15.0,37,-0.268,0,
C-A-1,1,0.82594,-29.7614,10.1804,1223,0.0,4.800000000000001,14.9,36,2850,0.0,-11.200000000000001,15.0,37,-0.307,0,
C-A-1,1,0.82694,-29.723,10.1843,1224,0.0,5.6000000000000005,14.9,36,2850,0.0,-11.200000000000001,15.0,37,-0.268,0,
C-A-1,1,0.82794,-29.723,10.1843,1224,0.0,5.6000000000000005,14.9,36,2850,0.0,-11.200000000000001,15.0,37,-0.268,0,
C-A-1,1,0.82894,-29.723,10.1843,1224,0.0,5.6000000000000005,14.9,36,2850,0.0,-11.200000000000001,15.0,37,-0.268,0,
C-A-1,1,0.82994,-29.723,10.1843,1224,0.0,5.6000000000000005,14.9,36,2850,0.0,-11.200000000000001,15.0,37,-0.268,0,
C-A-1,1,0.83094,-29.723,10.1843,1224,0.0,5.6000000000000005,14.9,36,2850,0.0,-11.200000000000001,15.0,37,-0.268,0,
C-A-1,1,0.83194,-29.723,10.1843,1224,0.0,5.6000000000000005,14.9,36,2850,0.0,-11.200000000000001,15.0,37,-0.268,0,
C-A-1,1,0.83294,-29.723,10.1843,1224,0.0,5.6000000000000005,14.9,36,2850,0.0,-11.200000000000001,15.0,37,-0.268,0,
C-A-1,1,0.83394,-29.723,10.1843,1224,0.0,5.6000000000000005,14.9,36,2850,0.0,-11.200000000000001,15.0,37,-0.268,0,
C-A-1,1,0.83494,-29.723,10.1843,1224,0.0,5.6000000000000005,14.9,36,2850,0.0,-11.200000000000001,15.0,37,-0.268,0,
C-A-1,1,0.83594,-29.6847,10.1882,1225,1.01,8.1,14.9,36,2849,-1.01,-13.700000000000001,15.0,37,-0.268,0,
C-A-1,1,0.83694,-29.723,10.1843,1224,0.0,5.6000000000000005,14.9,36,2850,0.0,-11.200000000000001,15.0,37,-0.268,0,
C-A-1,1,0.83794,-29.6847,10.1882,1225,1.01,8.1,14.9,36,2849,-1.01,-13.700000000000001,15.0,37,-0.268,0,
C-A-1,1,0.83894,-29.6847,10.1882,1225,1.01,8.1,14.9,36,2850,0.0,-11.200000000000001,15.0,37,-0.23,0,
C-A-1,1,0.83994,-29.6847,10.1882,1225,1.01,8.1,14.9,36,2850,0.0,-11.200000000000001,15.0,37,-0.23,0,
C-A-1,1,0.84094,-29.6847,10.1882,1225,1.01,8.1,14.9,36,2849,-1.01,-13.700000000000001,15.0,37,-0.268,0,
C-A-1,1,0.84194,-29.6847,10.1882,1225,1.01,8.1,14.9,36,2849,-1.01,-13.700000000000001,15.0,37,-0.268,0,
C-A-1,1,0.84294,-29.6847,10.1882,1225,1.01,8.1,14.9,36,2849,0.0,-12.0,15.0,37,-0.268,0,
C-A-1,1,0.84394,-29.6847,10.1882,1225,1.01,8.1,14.9,36,2849,-1.01,-13.700000000000001,15.0,37,-0.268,0,
C-A-1,1,0.84494,-29.6847,10.1882,1225,1.01,8.1,14.9,36,2849,-1.01,-13.700000000000001,15.0,37,-0.268,0,
C-A-1,1,0.84594,-29.6847,10.1882,1225,0.0,6.4,14.9,36,2849,-1.01,-13.700000000000001,15.0,37,-0.268,0,
C-A-1,1,0.84694,-29.6847,10.1882,1225,0.0,6.4,14.9,36,2849,-1.01,-13.700000000000001,15.0,37,-0.268,0,
C-A-1,1,0.84794,-29.6847,10.1882,1225,0.0,6.4,14.9,36,2849,0.0,-12.0,15.0,37,-0.268,0,
C-A-1,1,0.84894,-29.6847,10.1882,1225,0.0,6.4,14.9,36,2849,0.0,-12.0,15.0,37,-0.268,0,
C-A-1,1,0.84994,-29.6463,10.1921,1226,1.01,8.9,14.9,36,2849,-1.01,-13.700000000000001,15.0,37,-0.23,0,
C-A-1,1,0.85096,-29.6847,10.1882,1225,0.0,6.4,14.9,36,2849,0.0,-12.0,15.0,37,-0.268,0,
C-A-1,1,0.85194,-29.6847,10.1882,1225,0.0,6.4,14.9,36,2848,-1.51,-15.4,15.0,37,-0.307,0,
C-A-1,1,0.85294,-29.6847,10.1882,1225,0.0,6.4,14.9,36,2848,-1.01,-14.5,15.0,37,-0.307,0,
C-A-1,1,0.85394,-29.6847,10.1882,1225,0.0,6.4,14.9,36,2848,-1.01,-14.5,15.0,37,-0.307,0,
C-A-1,1,0.85494,-29.6463,10.1921,1226,1.51,9.8,14.9,36,2848,-1.01,-14.5,15.0,37,-0.268,0,
C-A-1,1,0.85594,-29.6847,10.1882,1225,1.01,8.9,14.9,36,2848,-1.01,-14.5,15.0,37,-0.307,0,
C-A-1,1,0.85694,-29.6463,10.1921,1226,1.01,8.9,14.9,36,2848,-1.01,-14.5,15.0,37,-0.268,0,
C-A-1,1,0.85794,-29.6463,10.1921,1226,1.01,8.9,14.9,36,2848,-1.01,-14.5,15.0,37,-0.268,0,
C-A-1,1,0.85894,-29.6463,10.1921,1226,1.01,8.9,14.9,36,2848,-1.01,-14.5,15.0,37,-0.268,0,
C-A-1,1,0.85994,-29.6463,10.1921,1226,1.01,8.9,14.9,36,2848,-1.01,-14.5,15.0,37,-0.268,0,
C-A-1,1,0.86094,-29.6463,10.1921,1226,1.01,8.9,14.9,36,2848,-1.01,-14.5,15.0,37,-0.268,0,
C-A-1,1,0.86194,-29.6463,10.1921,1226,1.01,8.9,14.9,36,2848,-1.01,-14.5,15.0,37,-0.268,0,
C-A-1,1,0.86294,-29.6463,10.1921,1226,1.01,8.9,14.9,36,2848,-1.01,-14.5,15.0,37,-0.268,0,
C-A-1,1,0.86394,-29.6463,10.1921,1226,1.01,8.9,14.9,36,2847,-1.51,-16.2,15.0,37,-0.307,0,
C-A-1,1,0.86494,-29.6463,10.1921,1226,0.0,7.2,14.9,36,2847,-1.01,-15.3,15.0,37,-0.307,0,
C-A-1,1,0.86594,-29.6463,10.1921,1226,1.01,8.9,14.9,36,2847,-1.51,-16.2,15.0,37,-0.307,0,
C-A-1,1,0.86694,-29.6463,10.1921,1226,0.0,7.2,14.9,36,2847,-1.01,-15.3,15.0,37,-0.307,0,
C-A-1,1,0.86794,-29.6463,10.1921,1226,0.0,7.2,14.9,36,2847,-1.51,-16.2,15.0,37,-0.307,0,
C-A-1,1,0.86894,-29.608,10.196,1227,1.01,9.700000000000001,14.9,36,2847,-1.51,-16.2,15.0,37,-0.268,0,
C-A-1,1,0.86994,-29.6463,10.1921,1226,0.0,7.2,14.9,36,2847,-1.01,-15.3,15.0,37,-0.307,0,
C-A-1,1,0.87094,-29.6463,10.1921,1226,0.0,7.2,14.9,36,2846,-1.51,-17.0,15.0,37,-0.345,0,
C-A-1,1,0.87194,-29.6463,10.1921,1226,0.0,7.2,14.9,36,2847,-1.01,-15.3,15.0,37,-0.307,0,
C-A-1,1,0.87294,-29.608,10.196,1227,1.01,9.700000000000001,14.9,36,2847,-1.01,-15.3,15.0,37,-0.268,0,
C-A-1,1,0.87394,-29.6463,10.1921,1226,0.0,7.2,14.9,36,2847,-1.01,-15.3,15.0,37,-0.307,0,
C-A-1,1,0.87494,-29.608,10.196,1227,1.01,9.700000000000001,14.9,36,2846,-1.51,-17.0,15.0,37,-0.307,0,
C-A-1,1,0.87594,-29.608,10.196,1227,1.01,9.700000000000001,14.9,36,2847,-1.01,-15.3,15.0,37,-0.268,0,
C-A-1,1,0.87694,-29.6463,10.1921,1226,0.0,7.2,14.9,36,2847,-1.01,-15.3,15.0,37,-0.307,0,
C-A-1,1,0.87794,-29.608,10.196,1227,1.01,9.700000000000001,14.9,36,2846,-1.51,-17.0,15.0,37,-0.307,0,
C-A-1,1,0.87894,-29.608,10.196,1227,0.0,8.0,14.9,36,2846,-1.51,-17.0,15.0,37,-0.307,0,
C-A-1,1,0.87994,-29.608,10.196,1227,1.01,9.700000000000001,14.9,36,2846,-1.51,-17.0,15.0,37,-0.307,0,
C-A-1,1,0.88092,-29.6463,10.1921,1226,0.0,7.2,14.9,36,2846,-1.01,-16.1,15.0,37,-0.345,0,
C-A-1,1,0.88194,-29.608,10.196,1227,1.01,9.700000000000001,14.9,36,2846,-1.01,-16.1,15.0,37,-0.307,0,
C-A-1,1,0.88294,-29.608,10.196,1227,1.01,9.700000000000001,14.9,36,2846,-1.01,-16.1,15.0,37,-0.307,0,
C-A-1,1,0.88395,-29.608,10.196,1227,0.0,8.0,14.9,36,2846,-1.01,-16.1,15.0,37,-0.307,0,
C-A-1,1,0.88494,-29.608,10.196,1227,1.01,9.700000000000001,14.9,36,2846,-1.01,-16.1,15.0,37,-0.307,0,
C-A-1,1,0.88595,-29.608,10.196,1227,0.0,8.0,14.9,36,2846,-1.01,-16.1,15.0,37,-0.307,0,
C-A-1,1,0.88694,-29.608,10.196,1227,0.0,8.0,14.9,36,2846,-1.01,-16.1,15.0,37,-0.307,0,
C-A-1,1,0.88794,-29.608,10.196,1227,0.0,8.0,14.9,36,2846,-1.01,-16.1,15.0,37,-0.307,0,
C-A-1,1,0.88894,-29.608,10.196,1227,0.0,8.0,14.9,36,2846,-1.01,-16.1,15.0,37,-0.307,0,
C-A-1,1,0.88994,-29.608,10.196,1227,0.0,8.0,14.9,36,2846,-1.01,-16.1,15.0,37,-0.307,0,
C-A-1,1,0.89094,-29.608,10.196,1227,0.0,8.0,14.9,36,2846,0.0,-14.4,15.0,37,-0.307,0,
C-A-1,1,0.89194,-29.608,10.196,1227,0.0,8.0,14.9,36,2846,-1.01,-16.1,15.0,37,-0.307,0,
C-A-1,1,0.89295,-29.608,10.196,1227,0.0,8.0,14.9,36,2846,-1.01,-16.1,15.0,37,-0.307,0,
C-A-1,1,0.89394,-29.608,10.196,1227,0.0,8.0,14.9,36,2846,0.0,-14.4,15.0,37,-0.307,0,
C-A-1,1,0.89495,-29.608,10.196,1227,0.0,8.0,14.9,36,2846,0.0,-14.4,15.0,37,-0.307,0,
C-A-1,1,0.89594,-29.608,10.196,1227,0.0,8.0,14.9,36,2846,0.0,-14.4,15.0,37,-0.307,0,
C-A-1,1,0.89695,-29.608,10.196,1227,0.0,8.0,14.9,36,2846,0.0,-14.4,15.0,37,-0.307,0,
C-A-1,1,0.89794,-29.608,10.196,1227,0.0,8.0,14.9,36,2846,0.0,-14.4,15.0,37,-0.307,0,
C-A-1,1,0.89894,-29.608,10.196,1227,0.0,8.0,14.9,36,2845,-1.01,-16.900000000000002,15.0,37,-0.345,0,
C-A-1,1,0.89994,-29.608,10.196,1227,0.0,8.0,14.9,36,2846,0.0,-14.4,15.0,37,-0.307,0,
C-A-1,1,0.90095,-29.608,10.196,1227,0.0,8.0,14.9,36,2846,0.0,-14.4,15.0,37,-0.307,0,
C-A-1,1,0.90194,-29.608,10.196,1227,0.0,8.0,14.9,36,2846,0.0,-14.4,15.0,37,-0.307,0,
C-A-1,1,0.90295,-29.608,10.196,1227,0.0,8.0,14.9,36,2846,0.0,-14.4,15.0,37,-0.307,0,
C-A-1,1,0.90394,-29.608,10.196,1227,0.0,8.0,14.9,36,2846,0.0,-14.4,15.0,37,-0.307,0,
C-A-1,1,0.90495,-29.608,10.196,1227,0.0,8.0,14.9,36,2846,0.0,-14.4,15.0,37,-0.307,0,
C-A-1,1,0.90594,-29.608,10.196,1227,0.0,8.0,14.9,36,2846,0.0,-14.4,15.0,37,-0.307,0,
C-A-1,1,0.90694,-29.608,10.196,1227,0.0,8.0,14.9,36,2846,0.0,-14.4,15.0,37,-0.307,0,
C-A-1,1,0.90794,-29.608,10.196,1227,0.0,8.0,14.9,36,2846,0.0,-14.4,15.0,37,-0.307,0,
C-A-1,1,0.90895,-29.608,10.196,1227,0.0,8.0,14.9,36,2846,0.0,-14.4,15.0,37,-0.307,0,
C-A-1,1,0.90994,-29.608,10.196,1227,0.0,8.0,14.9,36,2846,0.0,-14.4,15.0,37,-0.307,0,
C-A-1,1,0.91095,-29.608,10.196,1227,0.0,8.0,14.9,36,2846,0.0,-14.4,15.0,37,-0.307,0,
C-A-1,1,0.91194,-29.608,10.196,1227,0.0,8.0,14.9,36,2846,0.0,-14.4,15.0,37,-0.307,0,
C-A-1,1,0.91294,-29.608,10.196,1227,0.0,8.0,14.9,36,2846,0.0,-14.4,15.0,37,-0.307,0,
C-A-1,1,0.91394,-29.608,10.196,1227,0.0,8.0,14.9,36,2846,0.0,-14.4,15.0,37,-0.307,0,
C-A-1,1,0.91495,-29.608,10.196,1227,0.0,8.0,14.9,36,2846,0.0,-14.4,15.0,37,-0.307,0,
C-A-1,1,0.91594,-29.608,10.196,1227,0.0,8.0,14.9,36,2846,0.0,-14.4,15.0,37,-0.307,0,
C-A-1,1,0.91695,-29.608,10.196,1227,0.0,8.0,14.9,36,2845,0.0,-15.200000000000001,15.0,37,-0.345,0,
C-A-1,1,0.91794,-29.608,10.196,1227,0.0,8.0,14.9,36,2846,0.0,-14.4,15.0,37,-0.307,0,
C-A-1,1,0.91895,-29.608,10.196,1227,0.0,8.0,15.0,36,2846,0.0,-14.4,15.0,37,-0.307,0,
C-A-1,1,0.91994,-29.608,10.196,1227,0.0,8.0,15.0,36,2846,0.0,-14.4,14.6,37,-0.307,0,
C-A-1,1,0.92096,-29.608,10.196,1227,0.0,8.0,15.0,36,2846,0.0,-14.4,14.6,37,-0.307,0,
C-A-1,1,0.92203,-29.608,10.196,1227,0.0,8.0,15.0,36,2846,0.0,-14.4,14.6,37,-0.307,0,
C-A-1,1,0.92304,-29.608,10.196,1227,0.0,8.0,15.0,36,2846,0.0,-14.4,14.6,37,-0.307,0,
C-A-1,1,0.92404,-29.608,10.196,1227,0.0,8.0,15.0,36,2846,0.0,-14.4,14.6,37,-0.307,0,
C-A-1,1,0.92502,-29.608,10.196,1227,0.0,8.0,15.0,36,2846,0.0,-14.4,14.6,37,-0.307,0,
C-A-1,1,0.92604,-29.608,10.196,1227,0.0,8.0,15.0,36,2846,0.0,-14.4,14.6,37,-0.307,0,
C-A-1,1,0.92703,-29.608,10.196,1227,0.0,8.0,15.0,36,2846,0.0,-14.4,14.6,37,-0.307,0,
C-A-1,1,0.92802,-29.608,10.196,1227,0.0,8.0,15.0,36,2846,0.0,-14.4,14.6,37,-0.307,0,
C-A-1,1,0.92905,-29.608,10.196,1227,0.0,8.0,15.0,36,2846,0.0,-14.4,14.6,37,-0.307,0,
C-A-1,1,0.93005,-29.608,10.196,1227,0.0,8.0,15.0,36,2846,0.0,-14.4,14.6,37,-0.307,0,
C-A-1,1,0.93101,-29.6463,10.1921,1226,0.0,7.2,15.0,36,2846,0.0,-14.4,14.6,37,-0.345,0,
C-A-1,1,0.93202,-29.608,10.196,1227,0.0,8.0,15.0,36,2846,0.0,-14.4,14.6,37,-0.307,0,
C-A-1,1,0.93302,-29.608,10.196,1227,0.0,8.0,15.0,36,2846,0.0,-14.4,14.6,37,-0.307,0,
C-A-1,1,0.93403,-29.6463,10.1921,1226,0.0,7.2,15.0,36,2846,0.0,-14.4,14.6,37,-0.345,0,
C-A-1,1,0.93494,-29.6463,10.1921,1226,0.0,7.2,15.0,36,2846,0.0,-14.4,14.6,37,-0.345,0,
C-A-1,1,0.93595,-29.608,10.196,1227,0.0,8.0,15.0,36,2846,0.0,-14.4,14.6,37,-0.307,0,
C-A-1,1,0.93694,-29.6463,10.1921,1226,0.0,7.2,15.0,36,2846,0.0,-14.4,14.6,37,-0.345,0,
C-A-1,1,0.93794,-29.6463,10.1921,1226,0.0,7.2,15.0,36,2846,0.0,-14.4,14.6,37,-0.345,0,
C-A-1,1,0.93894,-29.6463,10.1921,1226,0.0,7.2,15.0,36,2846,0.0,-14.4,14.6,37,-0.345,0,
C-A-1,1,0.93995,-29.6463,10.1921,1226,0.0,7.2,15.0,36,2846,0.0,-14.4,14.6,37,-0.345,0,
C-A-1,1,0.94094,-29.6463,10.1921,1226,0.0,7.2,15.0,36,2846,0.0,-14.4,14.6,37,-0.345,0,
C-A-1,1,0.94195,-29.6463,10.1921,1226,0.0,7.2,15.0,36,2847,0.0,-13.600000000000001,14.6,37,-0.307,0,
C-A-1,1,0.94294,-29.6463,10.1921,1226,0.0,7.2,15.0,36,2847,0.0,-13.600000000000001,14.6,37,-0.307,0,
C-A-1,1,0.94395,-29.6463,10.1921,1226,0.0,7.2,15.0,36,2846,0.0,-14.4,14.6,37,-0.345,0,
C-A-1,1,0.94494,-29.6463,10.1921,1226,0.0,7.2,15.0,36,2847,0.0,-13.600000000000001,14.6,37,-0.307,0,
C-A-1,1,0.94594,-29.6463,10.1921,1226,0.0,7.2,15.0,36,2846,0.0,-14.4,14.6,37,-0.345,0,
C-A-1,1,0.94695,-29.6463,10.1921,1226,0.0,7.2,15.0,36,2847,0.0,-13.600000000000001,14.6,37,-0.307,0,
C-A-1,1,0.94794,-29.6463,10.1921,1226,0.0,7.2,15.0,36,2847,0.0,-13.600000000000001,14.6,37,-0.307,0,
C-A-1,1,0.94895,-29.6463,10.1921,1226,0.0,7.2,15.0,36,2847,0.0,-13.600000000000001,14.6,37,-0.307,0,
C-A-1,1,0.95009,-29.6463,10.1921,1226,0.0,7.2,15.0,36,2847,0.0,-13.600000000000001,14.6,37,-0.307,0,
C-A-1,1,0.95095,-29.6463,10.1921,1226,0.0,7.2,15.0,36,2847,0.0,-13.600000000000001,14.6,37,-0.307,0,
C-A-1,1,0.95194,-29.6463,10.1921,1226,0.0,7.2,15.0,36,2847,0.0,-13.600000000000001,14.6,37,-0.307,0,
C-A-1,1,0.95295,-29.6463,10.1921,1226,0.0,7.2,15.0,36,2847,0.0,-13.600000000000001,14.6,37,-0.307,0,
C-A-1,1,0.95394,-29.6463,10.1921,1226,0.0,7.2,15.0,36,2847,0.0,-13.600000000000001,14.6,37,-0.307,0,
C-A-1,1,0.95495,-29.6463,10.1921,1226,0.0,7.2,15.0,36,2847,0.0,-13.600000000000001,14.6,37,-0.307,0,
C-A-1,1,0.95595,-29.6463,10.1921,1226,0.0,7.2,15.0,36,2847,0.0,-13.600000000000001,14.6,37,-0.307,0,
C-A-1,1,0.95695,-29.6847,10.1882,1225,-1.01,4.7,15.0,36,2847,0.0,-13.600000000000001,14.6,37,-0.345,0,
C-A-1,1,0.95794,-29.6463,10.1921,1226,0.0,7.2,15.0,36,2847,0.0,-13.600000000000001,14.6,37,-0.307,0,
C-A-1,1,0.95895,-29.6463,10.1921,1226,0.0,7.2,15.0,36,2847,0.0,-13.600000000000001,14.6,37,-0.307,0,
C-A-1,1,0.95994,-29.6463,10.1921,1226,0.0,7.2,15.0,36,2847,0.0,-13.600000000000001,14.6,37,-0.307,0,
C-A-1,1,0.96095,-29.6847,10.1882,1225,-1.01,4.7,15.0,36,2847,0.0,-13.600000000000001,14.6,37,-0.345,0,
C-A-1,1,0.96194,-29.6847,10.1882,1225,-1.01,4.7,15.0,36,2847,0.0,-13.600000000000001,14.6,37,-0.345,0,
C-A-1,1,0.96295,-29.6463,10.1921,1226,0.0,7.2,15.0,36,2847,0.0,-13.600000000000001,14.6,37,-0.307,0,
C-A-1,1,0.96394,-29.6847,10.1882,1225,0.0,6.4,15.0,36,2848,1.01,-11.100000000000001,14.6,37,-0.307,0,
C-A-1,1,0.96495,-29.6847,10.1882,1225,-1.01,4.7,15.0,36,2848,1.01,-11.100000000000001,14.6,37,-0.307,0,
C-A-1,1,0.96595,-29.6847,10.1882,1225,0.0,6.4,15.0,36,2848,1.01,-11.100000000000001,14.6,37,-0.307,0,
C-A-1,1,0.96693,-29.6463,10.1921,1226,0.0,7.2,15.0,36,2848,1.01,-11.100000000000001,14.6,37,-0.268,0,
C-A-1,1,0.96794,-29.6847,10.1882,1225,0.0,6.4,15.0,36,2848,1.01,-11.100000000000001,14.6,37,-0.307,0,
C-A-1,1,0.96893,-29.6847,10.1882,1225,0.0,6.4,15.0,36,2848,1.01,-11.100000000000001,14.6,37,-0.307,0,
C-A-1,1,0.96994,-29.6847,10.1882,1225,0.0,6.4,15.0,36,2848,1.01,-11.100000000000001,14.6,37,-0.307,0,
C-A-1,1,0.97093,-29.6847,10.1882,1225,0.0,6.4,15.0,36,2848,0.0,-12.8,14.6,37,-0.307,0,
C-A-1,1,0.97195,-29.6847,10.1882,1225,0.0,6.4,15.0,36,2848,0.0,-12.8,14.6,37,-0.307,0,
C-A-1,1,0.97293,-29.6847,10.1882,1225,0.0,6.4,15.0,36,2848,0.0,-12.8,14.6,37,-0.307,0,
C-A-1,1,0.97395,-29.6847,10.1882,1225,0.0,6.4,15.0,36,2848,1.01,-11.100000000000001,14.6,37,-0.307,0,
C-A-1,1,0.97493,-29.6847,10.1882,1225,0.0,6.4,15.0,36,2848,0.0,-12.8,14.6,37,-0.307,0,
C-A-1,1,0.97594,-29.6847,10.1882,1225,0.0,6.4,15.0,36,2848,0.0,-12.8,14.6,37,-0.307,0,
C-A-1,1,0.97694,-29.6847,10.1882,1225,0.0,6.4,15.0,36,2848,0.0,-12.8,14.6,37,-0.307,0,
C-A-1,1,0.97793,-29.6847,10.1882,1225,0.0,6.4,15.0,36,2848,0.0,-12.8,14.6,37,-0.307,0,
C-A-1,1,0.97894,-29.6847,10.1882,1225,0.0,6.4,15.0,36,2848,0.0,-12.8,14.6,37,-0.307,0,
C-A-1,1,0.97993,-29.6847,10.1882,1225,0.0,6.4,15.0,36,2848,0.0,-12.8,14.6,37,-0.307,0,
C-A-1,1,0.98095,-29.6847,10.1882,1225,0.0,6.4,15.0,36,2848,0.0,-12.8,14.6,37,-0.307,0,
C-A-1,1,0.98193,-29.6847,10.1882,1225,0.0,6.4,15.0,36,2849,1.01,-10.3,14.6,37,-0.268,0,
C-A-1,1,0.98294,-29.6847,10.1882,1225,0.0,6.4,15.0,36,2848,0.0,-12.8,14.6,37,-0.307,0,
C-A-1,1,0.98394,-29.6847,10.1882,1225,0.0,6.4,15.0,36,2849,1.01,-10.3,14.6,37,-0.268,0,
C-A-1,1,0.98495,-29.6847,10.1882,1225,0.0,6.4,15.0,36,2849,1.01,-10.3,14.6,37,-0.268,0,
C-A-1,1,0.98593,-29.6847,10.1882,1225,0.0,6.4,15.0,36,2848,0.0,-12.8,14.6,37,-0.307,0,
C-A-1,1,0.98694,-29.6847,10.1882,1225,0.0,6.4,15.0,36,2848,0.0,-12.8,14.6,37,-0.307,0,
C-A-1,1,0.98794,-29.6847,10.1882,1225,0.0,6.4,15.0,36,2849,1.01,-10.3,14.6,37,-0.268,0,
C-A-1,1,0.98895,-29.6847,10.1882,1225,0.0,6.4,15.0,36,2848,0.0,-12.8,14.6,37,-0.307,0,
C-A-1,1,0.98993,-29.6847,10.1882,1225,0.0,6.4,15.0,36,2849,1.01,-10.3,14.6,37,-0.268,0,
C-A-1,1,0.99095,-29.6847,10.1882,1225,0.0,6.4,15.0,36,2849,0.0,-12.0,14.6,37,-0.268,0,
C-A-1,1,0.99193,-29.6847,10.1882,1225,-1.01,3.9000000000000004,15.0,36,2848,0.0,-12.8,14.6,37,-0.307,0,
C-A-1,1,0.99295,-29.6847,10.1882,1225,0.0,6.4,15.0,36,2849,1.01,-10.3,14.6,37,-0.268,0,
C-A-1,1,0.99393,-29.6847,10.1882,1225,0.0,6.4,15.0,36,2849,0.0,-12.0,14.6,37,-0.268,0,
C-A-1,1,0.99495,-29.6847,10.1882,1225,0.0,6.4,15.0,36,2849,0.0,-12.0,14.6,37,-0.268,0,
C-A-1,1,0.99593,-29.6847,10.1882,1225,0.0,6.4,15.0,36,2849,0.0,-12.0,14.6,37,-0.268,0,
C-A-1,1,0.99695,-29.6847,10.1882,1225,0.0,6.4,15.0,36,2849,0.0,-12.0,14.6,37,-0.268,0,
C-A-1,1,0.99793,-29.6847,10.1882,1225,0.0,6.4,15.0,36,2849,0.0,-12.0,14.6,37,-0.268,0,
C-A-1,1,0.99895,-29.6847,10.1882,1225,0.0,6.4,15.0,36,2849,0.0,-12.0,14.6,37,-0.268,0,
C-A-1,1,0.99994,-29.6847,10.1882,1225,0.0,6.4,15.0,36,2849,0.0,-12.0,14.6,37,-0.268,0,
C-A-1,1,1.00093,-29.6847,10.1882,1225,0.0,6.4,15.0,36,2848,0.0,-12.8,14.6,37,-0.307,0,
C-A-1,1,1.00195,-29.6847,10.1882,1225,0.0,6.4,15.0,36,2849,0.0,-12.0,14.6,37,-0.268,0,
C-A-1,1,1.00293,-29.6847,10.1882,1225,0.0,6.4,15.0,36,2849,0.0,-12.0,14.6,37,-0.268,0,
C-A-1,1,1.00395,-29.6847,10.1882,1225,0.0,6.4,15.0,36,2849,0.0,-12.0,14.6,37,-0.268,0,
C-A-1,1,1.00493,-29.6847,10.1882,1225,0.0,6.4,15.0,36,2848,0.0,-12.8,14.6,37,-0.307,0,
C-A-1,1,1.00595,-29.6847,10.1882,1225,0.0,6.4,15.0,36,2848,0.0,-12.8,14.6,37,-0.307,0,
C-A-1,1,1.00693,-29.6847,10.1882,1225,0.0,6.4,15.0,36,2849,0.0,-12.0,14.6,37,-0.268,0,
C-A-1,1,1.00795,-29.6847,10.1882,1225,0.0,6.4,15.0,36,2849,0.0,-12.0,14.6,37,-0.268,0,
C-A-1,1,1.009,-29.6847,10.1882,1225,0.0,6.4,15.0,36,2849,0.0,-12.0,14.6,37,-0.268,0,
C-A-1,1,1.00996,-29.6847,10.1882,1225,0.0,6.4,15.0,36,2848,0.0,-12.8,14.6,37,-0.307,0,
C-A-1,1,1.01093,-29.6847,10.1882,1225,0.0,6.4,15.0,36,2849,0.0,-12.0,14.6,37,-0.268,0,
C-A-1,1,1.01195,-29.6847,10.1882,1225,0.0,6.4,15.0,36,2848,0.0,-12.8,14.6,37,-0.307,0,
C-A-1,1,1.01293,-29.6847,10.1882,1225,0.0,6.4,15.0,36,2848,0.0,-12.8,14.6,37,-0.307,0,
C-A-1,1,1.01395,-29.6847,10.1882,1225,0.0,6.4,15.0,36,2848,0.0,-12.8,14.6,37,-0.307,0,
C-A-1,1,1.01493,-29.6847,10.1882,1225,0.0,6.4,15.0,36,2848,0.0,-12.0,14.6,37,-0.307,0,
C-A-1,1,1.01596,-29.6847,10.1882,1225,0.0,6.4,15.0,36,2849,0.0,-12.0,14.6,37,-0.268,0,
C-A-1,1,1.01693,-29.6847,10.1882,1225,0.0,6.4,15.0,36,2849,0.0,-12.0,14.6,37,-0.268,0,
C-A-1,1,1.01795,-29.6847,10.1882,1225,0.0,6.4,15.0,36,2848,0.0,-12.8,14.6,37,-0.307,0,
C-A-1,1,1.01893,-29.6847,10.1882,1225,0.0,6.4,15.0,36,2848,0.0,-12.8,14.6,37,-0.307,0,
C-A-1,1,1.01995,-29.6847,10.1882,1225,0.0,6.4,15.0,36,2848,0.0,-12.8,14.6,37,-0.307,0,
C-A-1,1,1.02093,-29.6847,10.1882,1225,0.0,6.4,15.0,36,2848,0.0,-12.8,14.6,37,-0.307,0,
C-A-1,1,1.02193,-29.6847,10.1882,1225,0.0,6.4,15.0,36,2848,0.0,-12.8,14.6,37,-0.307,0,
C-A-1,1,1.02293,-29.6847,10.1882,1225,0.0,6.4,15.0,36,2849,0.0,-12.0,14.6,37,-0.268,0,
C-A-1,1,1.02393,-29.6847,10.1882,1225,0.0,6.4,15.0,36,2848,0.0,-12.8,14.6,37,-0.307,0,
C-A-1,1,1.02494,-29.6847,10.1882,1225,0.0,6.4,15.0,36,2848,0.0,-12.8,14.6,37,-0.307,0,
C-A-1,1,1.02593,-29.6847,10.1882,1225,0.0,6.4,15.0,36,2848,0.0,-12.8,14.6,37,-0.307,0,
C-A-1,1,1.02693,-29.6847,10.1882,1225,0.0,6.4,15.0,36,2848,0.0,-12.8,14.6,37,-0.307,0,
C-A-1,1,1.02793,-29.6847,10.1882,1225,0.0,6.4,15.0,36,2848,0.0,-12.8,14.6,37,-0.307,0,
C-A-1,1,1.02893,-29.6847,10.1882,1225,0.0,6.4,15.0,36,2848,0.0,-12.8,14.6,37,-0.307,0,
C-A-1,1,1.02993,-29.6847,10.1882,1225,0.0,6.4,15.0,36,2848,0.0,-12.8,14.6,37,-0.307,0,
C-A-1,1,1.03093,-29.6847,10.1882,1225,0.0,6.4,15.0,36,2848,0.0,-12.8,14.6,37,-0.307,0,
C-A-1,1,1.03193,-29.6847,10.1882,1225,0.0,6.4,15.0,36,2848,0.0,-12.8,14.6,37,-0.307,0,
C-A-1,1,1.03293,-29.6463,10.1921,1226,0.0,7.2,15.0,36,2848,0.0,-12.8,14.6,37,-0.268,0,
C-A-1,1,1.03393,-29.6847,10.1882,1225,0.0,6.4,15.0,36,2848,0.0,-12.8,14.6,37,-0.307,0,
C-A-1,1,1.03493,-29.6847,10.1882,1225,0.0,6.4,14.9,36,2848,0.0,-12.8,14.6,37,-0.307,0,
C-A-1,1,1.03593,-29.6847,10.1882,1225,0.0,6.4,14.9,36,2848,0.0,-12.8,14.8,37,-0.307,0,
C-A-1,1,1.03693,-29.6847,10.1882,1225,0.0,6.4,14.9,36,2848,0.0,-12.8,14.8,37,-0.307,0,
C-A-1,1,1.03793,-29.6463,10.1921,1226,0.0,7.2,14.9,36,2847,-1.01,-15.3,14.8,37,-0.307,0,
C-A-1,1,1.03893,-29.6847,10.1882,1225,0.0,6.4,14.9,36,2847,0.0,-13.600000000000001,14.8,37,-0.345,0,
C-A-1,1,1.03993,-29.6463,10.1921,1226,0.0,7.2,14.9,36,2848,0.0,-12.8,14.8,37,-0.268,0,
C-A-1,1,1.04093,-29.6847,10.1882,1225,0.0,6.4,14.9,36,2848,0.0,-12.8,14.8,37,-0.307,0,
C-A-1,1,1.04193,-29.6463,10.1921,1226,0.0,7.2,14.9,36,2847,0.0,-13.600000000000001,14.8,37,-0.307,0,
C-A-1,1,1.04293,-29.6463,10.1921,1226,0.0,7.2,14.9,36,2848,0.0,-12.8,14.8,37,-0.268,0,
C-A-1,1,1.04394,-29.6463,10.1921,1226,0.0,7.2,14.9,36,2848,0.0,-12.8,14.8,37,-0.268,0,
C-A-1,1,1.04493,-29.6463,10.1921,1226,0.0,7.2,14.9,36,2847,-1.01,-15.3,14.8,37,-0.307,0,
C-A-1,1,1.04593,-29.6463,10.1921,1226,0.0,7.2,14.9,36,2847,-1.01,-15.3,14.8,37,-0.307,0,
C-A-1,1,1.04693,-29.6463,10.1921,1226,0.0,7.2,14.9,36,2847,0.0,-13.600000000000001,14.8,37,-0.307,0,
C-A-1,1,1.04793,-29.6463,10.1921,1226,0.0,7.2,14.9,36,2847,0.0,-13.600000000000001,14.8,37,-0.307,0,
C-A-1,1,1.04893,-29.6463,10.1921,1226,0.0,7.2,14.9,36,2847,0.0,-13.600000000000001,14.8,37,-0.307,0,
C-A-1,1,1.04993,-29.6463,10.1921,1226,0.0,7.2,14.9,36,2847,0.0,-13.600000000000001,14.8,37,-0.307,0,
C-A-1,1,1.05093,-29.6463,10.1921,1226,0.0,7.2,14.9,36,2847,0.0,-13.600000000000001,14.8,37,-0.307,0,
C-A-1,1,1.05193,-29.6463,10.1921,1226,0.0,7.2,14.9,36,2847,-1.01,-15.3,14.8,37,-0.307,0,
C-A-1,1,1.05293,-29.6463,10.1921,1226,0.0,7.2,14.9,36,2847,0.0,-13.600000000000001,14.8,37,-0.307,0,
C-A-1,1,1.05393,-29.6463,10.1921,1226,0.0,7.2,14.9,36,2847,0.0,-13.600000000000001,14.8,37,-0.307,0,
C-A-1,1,1.05493,-29.6463,10.1921,1226,0.0,7.2,14.9,36,2847,0.0,-13.600000000000001,14.8,37,-0.307,0,
C-A-1,1,1.05593,-29.608,10.196,1227,1.01,9.700000000000001,14.9,36,2847,0.0,-13.600000000000001,14.8,37,-0.268,0,
C-A-1,1,1.05693,-29.608,10.196,1227,1.01,9.700000000000001,14.9,36,2847,0.0,-13.600000000000001,14.8,37,-0.268,0,
C-A-1,1,1.05793,-29.6463,10.1921,1226,0.0,7.2,14.9,36,2847,0.0,-13.600000000000001,14.8,37,-0.307,0,
C-A-1,1,1.05893,-29.6463,10.1921,1226,0.0,7.2,14.9,36,2847,0.0,-13.600000000000001,14.8,37,-0.307,0,
C-A-1,1,1.05993,-29.6463,10.1921,1226,0.0,7.2,14.9,36,2847,0.0,-13.600000000000001,14.8,37,-0.307,0,
C-A-1,1,1.06093,-29.6463,10.1921,1226,0.0,7.2,14.9,36,2846,-1.01,-16.1,14.8,37,-0.345,0,
C-A-1,1,1.06193,-29.6463,10.1921,1226,0.0,7.2,14.9,36,2847,0.0,-13.600000000000001,14.8,37,-0.307,0,
C-A-1,1,1.06293,-29.6463,10.1921,1226,0.0,7.2,14.9,36,2847,0.0,-13.600000000000001,14.8,37,-0.307,0,
C-A-1,1,1.06393,-29.608,10.196,1227,1.01,9.700000000000001,14.9,36,2847,0.0,-13.600000000000001,14.8,37,-0.268,0,
C-A-1,1,1.06493,-29.608,10.196,1227,1.01,9.700000000000001,14.9,36,2846,-1.01,-16.1,14.8,37,-0.307,0,
C-A-1,1,1.06593,-29.6463,10.1921,1226,0.0,7.2,14.9,36,2847,0.0,-13.600000000000001,14.8,37,-0.307,0,
C-A-1,1,1.06695,-29.608,10.196,1227,0.0,8.0,14.9,36,2846,0.0,-14.4,14.8,37,-0.307,0,
C-A-1,1,1.06793,-29.608,10.196,1227,1.01,9.700000000000001,14.9,36,2846,0.0,-14.4,14.8,37,-0.307,0,
C-A-1,1,1.06893,-29.6463,10.1921,1226,0.0,7.2,14.9,36,2846,-1.01,-16.1,14.8,37,-0.345,0,
C-A-1,1,1.06993,-29.608,10.196,1227,0.0,8.0,14.9,36,2846,-1.01,-16.1,14.8,37,-0.307,0,
C-A-1,1,1.07093,-29.608,10.196,1227,0.0,8.0,14.9,36,2846,0.0,-14.4,14.8,37,-0.307,0,
C-A-1,1,1.07193,-29.608,10.196,1227,0.0,8.0,14.9,36,2846,-1.01,-16.1,14.8,37,-0.307,0,
C-A-1,1,1.07293,-29.608,10.196,1227,0.0,8.0,14.9,36,2846,0.0,-14.4,14.8,37,-0.307,0,
C-A-1,1,1.07393,-29.608,10.196,1227,0.0,8.0,14.9,36,2846,-1.01,-16.1,14.8,37,-0.307,0,
C-A-1,1,1.07493,-29.608,10.196,1227,0.0,8.0,14.9,36,2846,0.0,-14.4,14.8,37,-0.307,0,
C-A-1,1,1.07593,-29.608,10.196,1227,0.0,8.0,14.9,36,2846,0.0,-14.4,14.8,37,-0.307,0,
C-A-1,1,1.07693,-29.608,10.196,1227,0.0,8.0,14.9,36,2846,0.0,-14.4,14.8,37,-0.307,0,
C-A-1,1,1.07793,-29.608,10.196,1227,0.0,8.0,14.9,36,2846,0.0,-14.4,14.8,37,-0.307,0,
C-A-1,1,1.07893,-29.608,10.196,1227,0.0,8.0,14.9,36,2846,0.0,-14.4,14.8,37,-0.307,0,
C-A-1,1,1.07993,-29.608,10.196,1227,0.0,8.0,14.9,36,2846,0.0,-14.4,14.8,37,-0.307,0,
C-A-1,1,1.08094,-29.608,10.196,1227,0.0,8.0,14.9,36,2846,0.0,-14.4,14.8,37,-0.307,0,
C-A-1,1,1.08193,-29.608,10.196,1227,0.0,8.0,14.9,36,2846,0.0,-14.4,14.8,37,-0.307,0,
C-A-1,1,1.08294,-29.608,10.196,1227,0.0,8.0,14.9,36,2846,0.0,-14.4,14.8,37,-0.307,0,
C-A-1,1,1.08394,-29.608,10.196,1227,0.0,8.0,14.9,36,2846,0.0,-14.4,14.8,37,-0.307,0,
C-A-1,1,1.08494,-29.608,10.196,1227,0.0,8.0,14.9,36,2846,0.0,-14.4,14.8,37,-0.307,0,
C-A-1,1,1.08594,-29.608,10.196,1227,0.0,8.0,14.9,36,2846,0.0,-14.4,14.8,37,-0.307,0,
C-A-1,1,1.08692,-29.608,10.196,1227,0.0,8.0,14.9,36,2846,0.0,-14.4,14.8,37,-0.307,0,
C-A-1,1,1.08795,-29.608,10.196,1227,0.0,8.0,14.9,36,2846,0.0,-14.4,14.8,37,-0.307,0,
C-A-1,1,1.08894,-29.608,10.196,1227,0.0,8.0,14.9,36,2846,0.0,-14.4,14.8,37,-0.307,0,
C-A-1,1,1.08994,-29.608,10.196,1227,0.0,8.0,14.9,36,2846,0.0,-14.4,14.8,37,-0.307,0,
C-A-1,1,1.09093,-29.608,10.196,1227,0.0,8.0,14.9,36,2846,0.0,-14.4,14.8,37,-0.307,0,
C-A-1,1,1.09194,-29.608,10.196,1227,0.0,8.0,14.9,36,2846,0.0,-14.4,14.8,37,-0.307,0,
C-A-1,1,1.09294,-29.608,10.196,1227,0.0,8.0,14.9,36,2846,0.0,-14.4,14.8,37,-0.307,0,
C-A-1,1,1.09394,-29.608,10.196,1227,0.0,8.0,14.9,36,2846,0.0,-14.4,14.8,37,-0.307,0,
C-A-1,1,1.09494,-29.608,10.196,1227,0.0,8.0,14.9,36,2846,0.0,-14.4,14.8,37,-0.307,0,
C-A-1,1,1.09593,-29.608,10.196,1227,0.0,8.0,14.9,36,2846,0.0,-14.4,14.8,37,-0.307,0,
C-A-1,1,1.09694,-29.608,10.196,1227,0.0,8.0,14.9,36,2846,0.0,-14.4,14.8,37,-0.307,0,
C-A-1,1,1.09794,-29.608,10.196,1227,0.0,8.0,14.9,36,2846,0.0,-14.4,14.8,37,-0.307,0,
C-A-1,1,1.09894,-29.608,10.196,1227,0.0,8.0,14.9,36,2846,0.0,-14.4,14.8,37,-0.307,0,
C-A-1,1,1.09994,-29.608,10.196,1227,0.0,8.0,14.9,36,2846,0.0,-14.4,14.8,37,-0.307,0,
C-A-1,1,1.10094,-29.608,10.196,1227,0.0,8.0,14.9,36,2846,0.0,-14.4,14.8,37,-0.307,0,
C-A-1,1,1.10194,-29.6463,10.1921,1226,0.0,7.2,14.9,36,2846,0.0,-14.4,14.8,37,-0.345,0,
C-A-1,1,1.10294,-29.608,10.196,1227,0.0,8.0,14.9,36,2846,0.0,-14.4,14.8,37,-0.307,0,
C-A-1,1,1.10394,-29.608,10.196,1227,0.0,8.0,14.9,36,2846,0.0,-14.4,14.8,37,-0.307,0,
C-A-1,1,1.10494,-29.608,10.196,1227,0.0,8.0,14.9,36,2846,0.0,-14.4,14.8,37,-0.307,0,
C-A-1,1,1.10594,-29.608,10.196,1227,0.0,8.0,14.9,36,2846,0.0,-14.4,14.8,37,-0.307,0,
C-A-1,1,1.10694,-29.608,10.196,1227,0.0,8.0,14.9,36,2846,0.0,-14.4,14.8,37,-0.307,0,
C-A-1,1,1.10794,-29.608,10.196,1227,0.0,8.0,14.9,36,2846,0.0,-14.4,14.8,37,-0.307,0,
C-A-1,1,1.10894,-29.608,10.196,1227,0.0,8.0,14.9,36,2846,0.0,-14.4,14.8,37,-0.307,0,
C-A-1,1,1.10994,-29.608,10.196,1227,0.0,8.0,14.9,36,2846,0.0,-14.4,14.8,37,-0.307,0,
C-A-1,1,1.11094,-29.608,10.196,1227,0.0,8.0,14.9,36,2846,0.0,-14.4,14.8,37,-0.307,0,
C-A-1,1,1.11194,-29.608,10.196,1227,0.0,8.0,14.9,36,2846,0.0,-14.4,14.8,37,-0.307,0,
C-A-1,1,1.11294,-29.608,10.196,1227,0.0,8.0,14.9,36,2846,0.0,-14.4,14.8,37,-0.307,0,
C-A-1,1,1.11394,-29.608,10.196,1227,0.0,8.0,14.9,36,2846,0.0,-14.4,14.8,37,-0.307,0,
C-A-1,1,1.11494,-29.6463,10.1921,1226,0.0,7.2,14.9,36,2846,0.0,-14.4,14.8,37,-0.345,0,
C-A-1,1,1.11594,-29.608,10.196,1227,0.0,8.0,14.9,36,2846,0.0,-14.4,14.8,37,-0.307,0,
C-A-1,1,1.11694,-29.608,10.196,1227,0.0,8.0,14.9,36,2846,0.0,-14.4,14.8,37,-0.307,0,
C-A-1,1,1.11794,-29.6463,10.1921,1226,0.0,7.2,14.9,36,2846,0.0,-14.4,14.8,37,-0.345,0,
C-A-1,1,1.11894,-29.6463,10.1921,1226,0.0,7.2,14.9,36,2847,0.0,-13.600000000000001,14.8,37,-0.307,0,
C-A-1,1,1.11994,-29.608,10.196,1227,0.0,8.0,14.9,36,2846,0.0,-14.4,14.8,37,-0.307,0,
C-A-1,1,1.12094,-29.6463,10.1921,1226,0.0,7.2,14.9,36,2846,0.0,-14.4,14.8,37,-0.345,0,
C-A-1,1,1.12194,-29.6463,10.1921,1226,0.0,7.2,14.9,36,2847,0.0,-13.600000000000001,14.8,37,-0.307,0,
C-A-1,1,1.12294,-29.608,10.196,1227,0.0,8.0,14.9,36,2846,0.0,-14.4,14.8,37,-0.307,0,
C-A-1,1,1.12394,-29.608,10.196,1227,0.0,8.0,14.9,36,2846,0.0,-14.4,14.8,37,-0.307,0,
C-A-1,1,1.12494,-29.6463,10.1921,1226,0.0,7.2,14.9,36,2846,0.0,-14.4,14.8,37,-0.345,0,
C-A-1,1,1.12594,-29.6463,10.1921,1226,0.0,7.2,14.9,36,2846,0.0,-14.4,14.8,37,-0.345,0,
C-A-1,1,1.12694,-29.6463,10.1921,1226,0.0,7.2,14.9,36,2846,0.0,-14.4,14.8,37,-0.345,0,
C-A-1,1,1.12794,-29.6463,10.1921,1226,0.0,7.2,14.9,36,2846,0.0,-14.4,14.8,37,-0.345,0,
C-A-1,1,1.12894,-29.6463,10.1921,1226,0.0,7.2,14.9,36,2846,0.0,-14.4,14.8,37,-0.345,0,
C-A-1,1,1.12994,-29.6463,10.1921,1226,0.0,7.2,14.9,36,2847,0.0,-13.600000000000001,14.8,37,-0.307,0,
C-A-1,1,1.13095,-29.6463,10.1921,1226,0.0,7.2,14.9,36,2847,0.0,-13.600000000000001,14.8,37,-0.307,0,
C-A-1,1,1.13194,-29.6463,10.1921,1226,0.0,7.2,14.9,36,2847,0.0,-13.600000000000001,14.8,37,-0.307,0,
C-A-1,1,1.13294,-29.6463,10.1921,1226,0.0,7.2,14.9,36,2847,0.0,-13.600000000000001,14.8,37,-0.307,0,
C-A-1,1,1.13394,-29.6463,10.1921,1226,0.0,7.2,14.9,36,2847,0.0,-13.600000000000001,14.8,37,-0.307,0,
C-A-1,1,1.13494,-29.6463,10.1921,1226,0.0,7.2,14.9,36,2846,0.0,-14.4,14.8,37,-0.345,0,
C-A-1,1,1.13594,-29.6463,10.1921,1226,0.0,7.2,14.9,36,2847,0.0,-13.600000000000001,14.8,37,-0.307,0,
C-A-1,1,1.13695,-29.6463,10.1921,1226,0.0,7.2,14.9,36,2847,0.0,-13.600000000000001,14.8,37,-0.307,0,
C-A-1,1,1.13794,-29.6463,10.1921,1226,0.0,7.2,14.9,36,2847,0.0,-13.600000000000001,14.8,37,-0.307,0,
C-A-1,1,1.13894,-29.6463,10.1921,1226,0.0,7.2,14.9,36,2847,0.0,-13.600000000000001,14.8,37,-0.307,0,
C-A-1,1,1.13995,-29.6463,10.1921,1226,0.0,7.2,14.9,36,2847,0.0,-13.600000000000001,14.8,37,-0.307,0,
C-A-1,1,1.14094,-29.6463,10.1921,1226,0.0,7.2,14.9,36,2847,0.0,-13.600000000000001,14.8,37,-0.307,0,
C-A-1,1,1.14195,-29.6463,10.1921,1226,0.0,7.2,14.9,36,2847,0.0,-13.600000000000001,14.8,37,-0.307,0,
C-A-1,1,1.14294,-29.6463,10.1921,1226,0.0,7.2,14.9,36,2847,0.0,-13.600000000000001,14.8,37,-0.307,0,
C-A-1,1,1.14394,-29.6463,10.1921,1226,0.0,7.2,14.9,36,2847,0.0,-13.600000000000001,14.8,37,-0.307,0,
C-A-1,1,1.14494,-29.6463,10.1921,1226,0.0,7.2,14.9,36,2847,0.0,-13.600000000000001,14.8,37,-0.307,0,
C-A-1,1,1.14595,-29.6463,10.1921,1226,0.0,7.2,14.9,36,2847,0.0,-13.600000000000001,14.8,37,-0.307,0,
C-A-1,1,1.14694,-29.6463,10.1921,1226,0.0,7.2,14.9,36,2848,0.0,-13.600000000000001,14.8,37,-0.268,0,
C-A-1,1,1.14795,-29.6463,10.1921,1226,0.0,7.2,14.9,36,2847,0.0,-13.600000000000001,14.8,37,-0.307,0,
C-A-1,1,1.14894,-29.6463,10.1921,1226,0.0,7.2,14.9,36,2847,0.0,-13.600000000000001,14.8,37,-0.307,0,
C-A-1,1,1.14995,-29.6463,10.1921,1226,0.0,7.2,14.9,36,2847,0.0,-13.600000000000001,14.8,37,-0.307,0,
C-A-1,1,1.15094,-29.6463,10.1921,1226,0.0,7.2,14.9,36,2847,0.0,-13.600000000000001,14.8,37,-0.307,0,
C-A-1,1,1.15195,-29.6847,10.1882,1225,-1.01,4.7,15.1,36,2847,0.0,-13.600000000000001,14.8,37,-0.345,0,
C-A-1,1,1.15294,-29.6847,10.1882,1225,-1.01,4.7,15.1,36,2848,1.01,-11.100000000000001,14.7,37,-0.307,0,
C-A-1,1,1.15395,-29.6847,10.1882,1225,0.0,6.4,15.1,36,2848,1.01,-11.100000000000001,14.7,37,-0.307,0,
C-A-1,1,1.15494,-29.6463,10.1921,1226,0.0,7.2,15.1,36,2847,0.0,-13.600000000000001,14.7,37,-0.307,0,
C-A-1,1,1.15595,-29.6463,10.1921,1226,0.0,7.2,15.1,36,2847,0.0,-13.600000000000001,14.7,37,-0.307,0,
C-A-1,1,1.15694,-29.6463,10.1921,1226,0.0,7.2,15.1,36,2847,0.0,-13.600000000000001,14.7,37,-0.307,0,
C-A-1,1,1.15794,-29.6847,10.1882,1225,0.0,6.4,15.1,36,2848,1.01,-11.100000000000001,14.7,37,-0.307,0,
C-A-1,1,1.15894,-29.6847,10.1882,1225,0.0,6.4,15.1,36,2847,0.0,-13.600000000000001,14.7,37,-0.345,0,
C-A-1,1,1.15994,-29.6463,10.1921,1226,0.0,7.2,15.1,36,2847,0.0,-13.600000000000001,14.7,37,-0.307,0,
C-A-1,1,1.16095,-29.6463,10.1921,1226,0.0,7.2,15.1,36,2848,0.0,-12.8,14.7,37,-0.268,0,
C-A-1,1,1.16194,-29.6463,10.1921,1226,0.0,7.2,15.1,36,2847,0.0,-13.600000000000001,14.7,37,-0.307,0,
C-A-1,1,1.16295,-29.6847,10.1882,1225,0.0,6.4,15.1,36,2848,0.0,-12.8,14.7,37,-0.307,0,
C-A-1,1,1.16395,-29.6463,10.1921,1226,0.0,7.2,15.1,36,2848,0.0,-12.8,14.7,37,-0.268,0,
C-A-1,1,1.16495,-29.6847,10.1882,1225,0.0,6.4,15.1,36,2848,1.01,-11.100000000000001,14.7,37,-0.307,0,
C-A-1,1,1.16594,-29.6847,10.1882,1225,0.0,6.4,15.1,36,2848,0.0,-12.8,14.7,37,-0.307,0,
C-A-1,1,1.16695,-29.6463,10.1921,1226,0.0,7.2,15.1,36,2847,0.0,-13.600000000000001,14.7,37,-0.307,0,
C-A-1,1,1.16794,-29.6847,10.1882,1225,0.0,6.4,15.1,36,2847,0.0,-13.600000000000001,14.7,37,-0.345,0,
C-A-1,1,1.16895,-29.6463,10.1921,1226,0.0,7.2,15.1,36,2847,0.0,-13.600000000000001,14.7,37,-0.307,0,
C-A-1,1,1.16994,-29.6463,10.1921,1226,0.0,7.2,15.1,36,2848,0.0,-12.8,14.7,37,-0.268,0,
C-A-1,1,1.17094,-29.6847,10.1882,1225,0.0,6.4,15.1,36,2848,0.0,-12.8,14.7,37,-0.307,0,
C-A-1,1,1.17195,-29.6847,10.1882,1225,0.0,6.4,15.1,36,2848,0.0,-12.8,14.7,37,-0.307,0,
C-A-1,1,1.17294,-29.6847,10.1882,1225,0.0,6.4,15.1,36,2848,0.0,-12.8,14.7,37,-0.307,0,
C-A-1,1,1.17395,-29.6847,10.1882,1225,0.0,6.4,15.1,36,2847,0.0,-13.600000000000001,14.7,37,-0.345,0,
C-A-1,1,1.17494,-29.6847,10.1882,1225,0.0,6.4,15.1,36,2847,0.0,-13.600000000000001,14.7,37,-0.345,0,
C-A-1,1,1.17595,-29.6463,10.1921,1226,0.0,7.2,15.1,36,2848,0.0,-12.8,14.7,37,-0.268,0,
C-A-1,1,1.17694,-29.6463,10.1921,1226,0.0,7.2,15.1,36,2848,0.0,-12.8,14.7,37,-0.268,0,
C-A-1,1,1.17795,-29.6463,10.1921,1226,0.0,7.2,15.1,36,2847,0.0,-13.600000000000001,14.7,37,-0.307,0,
C-A-1,1,1.17894,-29.6463,10.1921,1226,0.0,7.2,15.1,36,2848,0.0,-12.8,14.7,37,-0.268,0,
C-A-1,1,1.17995,-29.6847,10.1882,1225,0.0,6.4,15.1,36,2848,0.0,-12.8,14.7,37,-0.307,0,
C-A-1,1,1.18094,-29.6847,10.1882,1225,0.0,6.4,15.1,36,2848,0.0,-12.8,14.7,37,-0.307,0,
C-A-1,1,1.18195,-29.6847,10.1882,1225,0.0,6.4,15.1,36,2847,0.0,-13.600000000000001,14.7,37,-0.345,0,
C-A-1,1,1.18294,-29.6847,10.1882,1225,0.0,6.4,15.1,36,2848,0.0,-12.8,14.7,37,-0.307,0,
C-A-1,1,1.18395,-29.6847,10.1882,1225,0.0,6.4,15.1,36,2848,0.0,-12.8,14.7,37,-0.307,0,
C-A-1,1,1.18494,-29.6847,10.1882,1225,0.0,6.4,15.1,36,2848,0.0,-12.8,14.7,37,-0.307,0,
C-A-1,1,1.18595,-29.6847,10.1882,1225,0.0,6.4,15.1,36,2848,0.0,-12.8,14.7,37,-0.307,0,
C-A-1,1,1.18694,-29.6847,10.1882,1225,0.0,6.4,15.1,36,2847,0.0,-13.600000000000001,14.7,37,-0.345,0,
C-A-1,1,1.18795,-29.6847,10.1882,1225,0.0,6.4,15.1,36,2848,0.0,-12.8,14.7,37,-0.307,0,
C-A-1,1,1.18894,-29.6463,10.1921,1226,0.0,7.2,15.1,36,2847,0.0,-13.600000000000001,14.7,37,-0.307,0,
C-A-1,1,1.18995,-29.6847,10.1882,1225,0.0,6.4,15.1,36,2848,0.0,-12.8,14.7,37,-0.307,0,
C-A-1,1,1.19094,-29.6847,10.1882,1225,0.0,6.4,15.1,36,2848,0.0,-12.8,14.7,37,-0.307,0,
C-A-1,1,1.19195,-29.6847,10.1882,1225,0.0,6.4,15.1,36,2848,0.0,-12.8,14.7,37,-0.307,0,
C-A-1,1,1.19294,-29.6463,10.1921,1226,0.0,7.2,15.1,36,2848,0.0,-12.8,14.7,37,-0.268,0,
C-A-1,1,1.19395,-29.6847,10.1882,1225,0.0,6.4,15.1,36,2847,0.0,-13.600000000000001,14.7,37,-0.345,0,
C-A-1,1,1.19495,-29.6847,10.1882,1225,0.0,6.4,15.1,36,2847,0.0,-13.600000000000001,14.7,37,-0.345,0,
C-A-1,1,1.19595,-29.6847,10.1882,1225,0.0,6.4,15.1,36,2847,0.0,-13.600000000000001,14.7,37,-0.345,0,
C-A-1,1,1.19695,-29.6463,10.1921,1226,0.0,7.2,15.1,36,2848,0.0,-12.8,14.7,37,-0.268,0,
C-A-1,1,1.198,-29.6463,10.1921,1226,0.0,7.2,15.1,36,2848,0.0,-12.8,14.7,37,-0.268,0,
C-A-1,1,1.19902,-29.6847,10.1882,1225,0.0,6.4,15.1,36,2847,0.0,-13.600000000000001,14.7,37,-0.345,0,
C-A-1,1,1.20001,-29.6463,10.1921,1226,0.0,7.2,15.1,36,2848,0.0,-12.8,14.7,37,-0.268,0,
C-A-1,1,1.20103,-29.6463,10.1921,1226,0.0,7.2,15.1,36,2847,0.0,-13.600000000000001,14.7,37,-0.307,0,
C-A-1,1,1.20202,-29.6463,10.1921,1226,0.0,7.2,15.1,36,2847,0.0,-13.600000000000001,14.7,37,-0.307,0,
C-A-1,1,1.20303,-29.6463,10.1921,1226,0.0,7.2,15.1,36,2848,0.0,-12.8,14.7,37,-0.268,0,
C-A-1,1,1.20401,-29.6463,10.1921,1226,0.0,7.2,15.1,36,2848,0.0,-12.8,14.7,37,-0.268,0,
C-A-1,1,1.20501,-29.6847,10.1882,1225,0.0,6.4,15.1,36,2847,0.0,-13.600000000000001,14.7,37,-0.345,0,
C-A-1,1,1.20601,-29.6463,10.1921,1226,0.0,7.2,15.1,36,2847,0.0,-13.600000000000001,14.7,37,-0.307,0,
C-A-1,1,1.20701,-29.6463,10.1921,1226,0.0,7.2,15.1,36,2847,0.0,-13.600000000000001,14.7,37,-0.307,0,
C-A-1,1,1.20803,-29.6463,10.1921,1226,0.0,7.2,15.1,36,2847,0.0,-13.600000000000001,14.7,37,-0.307,0,
C-A-1,1,1.20902,-29.6463,10.1921,1226,0.0,7.2,15.1,36,2847,0.0,-13.600000000000001,14.7,37,-0.307,0,
C-A-1,1,1.21001,-29.6463,10.1921,1226,0.0,7.2,15.1,36,2847,0.0,-13.600000000000001,14.7,37,-0.307,0,
C-A-1,1,1.21102,-29.6463,10.1921,1226,0.0,7.2,15.1,36,2847,0.0,-13.600000000000001,14.7,37,-0.307,0,
C-A-1,1,1.21201,-29.6463,10.1921,1226,0.0,7.2,15.1,36,2847,0.0,-13.600000000000001,14.7,37,-0.307,0,
C-A-1,1,1.21296,-29.6463,10.1921,1226,0.0,7.2,15.1,36,2847,0.0,-13.600000000000001,14.7,37,-0.307,0,
C-A-1,1,1.21394,-29.6463,10.1921,1226,0.0,7.2,15.1,36,2847,0.0,-13.600000000000001,14.7,37,-0.307,0,
C-A-1,1,1.21494,-29.6463,10.1921,1226,0.0,7.2,15.1,36,2847,0.0,-13.600000000000001,14.7,37,-0.307,0,
C-A-1,1,1.21595,-29.6463,10.1921,1226,0.0,7.2,15.1,36,2847,0.0,-13.600000000000001,14.7,37,-0.307,0,
C-A-1,1,1.21695,-29.6463,10.1921,1226,0.0,7.2,15.1,36,2847,0.0,-13.600000000000001,14.7,37,-0.307,0,
C-A-1,1,1.21795,-29.6463,10.1921,1226,0.0,7.2,15.1,36,2847,0.0,-13.600000000000001,14.7,37,-0.307,0,
C-A-1,1,1.21895,-29.6463,10.1921,1226,0.0,7.2,15.1,36,2847,0.0,-13.600000000000001,14.7,37,-0.307,0,
C-A-1,1,1.21994,-29.6463,10.1921,1226,0.0,7.2,15.1,36,2847,0.0,-13.600000000000001,14.7,37,-0.307,0,
C-A-1,1,1.22095,-29.6463,10.1921,1226,0.0,7.2,15.1,36,2847,0.0,-13.600000000000001,14.7,37,-0.307,0,
C-A-1,1,1.22195,-29.6463,10.1921,1226,0.0,7.2,15.1,36,2847,0.0,-13.600000000000001,14.7,37,-0.307,0,
C-A-1,1,1.22294,-29.6463,10.1921,1226,0.0,7.2,15.1,36,2847,0.0,-13.600000000000001,14.7,37,-0.307,0,
C-A-1,1,1.22395,-29.6463,10.1921,1226,0.0,7.2,15.1,36,2847,0.0,-13.600000000000001,14.7,37,-0.307,0,
C-A-1,1,1.22495,-29.6463,10.1921,1226,0.0,7.2,15.1,36,2847,0.0,-13.600000000000001,14.7,37,-0.307,0,
C-A-1,1,1.22594,-29.6463,10.1921,1226,0.0,7.2,15.1,36,2847,0.0,-13.600000000000001,14.7,37,-0.307,0,
C-A-1,1,1.22694,-29.6463,10.1921,1226,0.0,7.2,15.1,36,2847,0.0,-13.600000000000001,14.7,37,-0.307,0,
C-A-1,1,1.22795,-29.6463,10.1921,1226,0.0,7.2,15.1,36,2847,0.0,-13.600000000000001,14.7,37,-0.307,0,
C-A-1,1,1.22894,-29.6463,10.1921,1226,0.0,7.2,15.1,36,2847,0.0,-13.600000000000001,14.7,37,-0.307,0,
C-A-1,1,1.22994,-29.6463,10.1921,1226,0.0,7.2,15.1,36,2847,0.0,-13.600000000000001,14.7,37,-0.307,0,
C-A-1,1,1.23094,-29.6463,10.1921,1226,0.0,7.2,15.1,36,2847,0.0,-13.600000000000001,14.7,37,-0.307,0,
C-A-1,1,1.23195,-29.6463,10.1921,1226,0.0,7.2,15.1,36,2847,0.0,-13.600000000000001,14.7,37,-0.307,0,
C-A-1,1,1.23295,-29.608,10.196,1227,0.0,8.0,15.1,36,2847,0.0,-13.600000000000001,14.7,37,-0.268,0,
C-A-1,1,1.23395,-29.608,10.196,1227,1.01,9.700000000000001,15.1,36,2847,0.0,-13.600000000000001,14.7,37,-0.268,0,
C-A-1,1,1.23495,-29.6463,10.1921,1226,0.0,7.2,15.1,36,2847,0.0,-13.600000000000001,14.7,37,-0.307,0,
C-A-1,1,1.23595,-29.608,10.196,1227,0.0,8.0,15.1,36,2847,0.0,-13.600000000000001,14.7,37,-0.268,0,
C-A-1,1,1.23695,-29.6463,10.1921,1226,0.0,7.2,15.1,36,2846,0.0,-14.4,14.7,37,-0.345,0,
C-A-1,1,1.23795,-29.608,10.196,1227,0.0,8.0,15.1,36,2846,0.0,-14.4,14.7,37,-0.307,0,
C-A-1,1,1.23895,-29.608,10.196,1227,0.0,8.0,15.1,36,2847,0.0,-13.600000000000001,14.7,37,-0.268,0,
C-A-1,1,1.23995,-29.6463,10.1921,1226,0.0,7.2,15.1,36,2846,0.0,-14.4,14.7,37,-0.345,0,
C-A-1,1,1.24095,-29.608,10.196,1227,0.0,8.0,15.1,36,2846,0.0,-14.4,14.7,37,-0.307,0,
C-A-1,1,1.24195,-29.608,10.196,1227,0.0,8.0,15.1,36,2846,0.0,-14.4,14.7,37,-0.307,0,
C-A-1,1,1.24295,-29.608,10.196,1227,0.0,8.0,15.1,36,2846,0.0,-14.4,14.7,37,-0.307,0,
C-A-1,1,1.24395,-29.608,10.196,1227,0.0,8.0,15.1,36,2847,0.0,-13.600000000000001,14.7,37,-0.268,0,
C-A-1,1,1.24495,-29.608,10.196,1227,0.0,8.0,15.1,36,2846,0.0,-14.4,14.7,37,-0.307,0,
C-A-1,1,1.24595,-29.608,10.196,1227,0.0,8.0,15.1,36,2846,0.0,-14.4,14.7,37,-0.307,0,
C-A-1,1,1.24695,-29.608,10.196,1227,0.0,8.0,15.1,36,2846,0.0,-14.4,14.7,37,-0.307,0,
C-A-1,1,1.24795,-29.608,10.196,1227,0.0,8.0,15.1,36,2846,0.0,-14.4,14.7,37,-0.307,0,
C-A-1,1,1.24895,-29.608,10.196,1227,0.0,8.0,15.1,36,2846,0.0,-14.4,14.7,37,-0.307,0,
C-A-1,1,1.24995,-29.608,10.196,1227,0.0,8.0,15.1,36,2847,0.0,-13.600000000000001,14.7,37,-0.268,0,
C-A-1,1,1.25095,-29.608,10.196,1227,0.0,8.0,15.1,36,2846,0.0,-14.4,14.7,37,-0.307,0,
C-A-1,1,1.25195,-29.6463,10.1921,1226,0.0,7.2,15.1,36,2846,0.0,-14.4,14.7,37,-0.345,0,
C-A-1,1,1.25295,-29.608,10.196,1227,0.0,8.0,15.1,36,2846,0.0,-14.4,14.7,37,-0.307,0,
C-A-1,1,1.25395,-29.608,10.196,1227,0.0,8.0,15.1,36,2846,0.0,-14.4,14.7,37,-0.307,0,
C-A-1,1,1.25495,-29.608,10.196,1227,0.0,8.0,15.1,36,2846,0.0,-14.4,14.7,37,-0.307,0,
C-A-1,1,1.25595,-29.608,10.196,1227,0.0,8.0,15.1,36,2846,0.0,-14.4,14.7,37,-0.307,0,
C-A-1,1,1.25694,-29.608,10.196,1227,0.0,8.0,15.1,36,2846,0.0,-14.4,14.7,37,-0.307,0,
C-A-1,1,1.25795,-29.6463,10.1921,1226,0.0,7.2,15.1,36,2846,0.0,-14.4,14.7,37,-0.345,0,
C-A-1,1,1.25894,-29.608,10.196,1227,0.0,8.0,15.1,36,2846,0.0,-14.4,14.7,37,-0.307,0,
C-A-1,1,1.25993,-29.608,10.196,1227,0.0,8.0,15.1,36,2846,0.0,-14.4,14.7,37,-0.307,0,
C-A-1,1,1.26095,-29.608,10.196,1227,0.0,8.0,15.1,36,2846,0.0,-14.4,14.7,37,-0.307,0,
C-A-1,1,1.26195,-29.608,10.196,1227,0.0,8.0,15.1,36,2846,0.0,-14.4,14.7,37,-0.307,0,
C-A-1,1,1.26294,-29.608,10.196,1227,0.0,8.0,15.1,36,2846,0.0,-14.4,14.7,37,-0.307,0,
C-A-1,1,1.26395,-29.608,10.196,1227,0.0,8.0,15.1,36,2846,0.0,-14.4,14.7,37,-0.307,0,
C-A-1,1,1.26495,-29.608,10.196,1227,0.0,8.0,15.1,36,2846,0.0,-14.4,14.7,37,-0.307,0,
C-A-1,1,1.26595,-29.608,10.196,1227,0.0,8.0,15.1,36,2846,0.0,-14.4,14.7,37,-0.307,0,
C-A-1,1,1.26695,-29.608,10.196,1227,0.0,8.0,15.1,36,2846,0.0,-14.4,14.7,37,-0.307,0,
C-A-1,1,1.26793,-29.608,10.196,1227,0.0,8.0,15.0,36,2846,0.0,-14.4,14.7,37,-0.307,0,
C-A-1,1,1.26895,-29.608,10.196,1227,0.0,8.0,15.0,36,2846,0.0,-14.4,14.9,37,-0.307,0,
C-A-1,1,1.26995,-29.608,10.196,1227,0.0,8.0,15.0,36,2846,0.0,-14.4,14.9,37,-0.307,0,
C-A-1,1,1.27095,-29.608,10.196,1227,0.0,8.0,15.0,36,2846,0.0,-14.4,14.9,37,-0.307,0,
C-A-1,1,1.27195,-29.608,10.196,1227,0.0,8.0,15.0,36,2846,0.0,-14.4,14.9,37,-0.307,0,
C-A-1,1,1.27295,-29.608,10.196,1227,0.0,8.0,15.0,36,2846,0.0,-14.4,14.9,37,-0.307,0,
C-A-1,1,1.27393,-29.608,10.196,1227,0.0,8.0,15.0,36,2846,0.0,-14.4,14.9,37,-0.307,0,
C-A-1,1,1.27495,-29.608,10.196,1227,0.0,8.0,15.0,36,2846,0.0,-14.4,14.9,37,-0.307,0,
C-A-1,1,1.27595,-29.608,10.196,1227,0.0,8.0,15.0,36,2846,0.0,-14.4,14.9,37,-0.307,0,
C-A-1,1,1.27695,-29.608,10.196,1227,0.0,8.0,15.0,36,2846,0.0,-14.4,14.9,37,-0.307,0,
C-A-1,1,1.27793,-29.608,10.196,1227,0.0,8.0,15.0,36,2846,0.0,-14.4,14.9,37,-0.307,0,
C-A-1,1,1.27895,-29.608,10.196,1227,0.0,8.0,15.0,36,2846,0.0,-14.4,14.9,37,-0.307,0,
C-A-1,1,1.27995,-29.608,10.196,1227,0.0,8.0,15.0,36,2846,0.0,-14.4,14.9,37,-0.307,0,
C-A-1,1,1.28093,-29.608,10.196,1227,0.0,8.0,15.0,36,2846,0.0,-14.4,14.9,37,-0.307,0,
C-A-1,1,1.28195,-29.608,10.196,1227,0.0,8.0,15.0,36,2846,0.0,-14.4,14.9,37,-0.307,0,
C-A-1,1,1.28293,-29.608,10.196,1227,0.0,8.0,15.0,36,2846,0.0,-14.4,14.9,37,-0.307,0,
C-A-1,1,1.28395,-29.6463,10.1921,1226,0.0,7.2,15.0,36,2847,0.0,-13.600000000000001,14.9,37,-0.307,0,
C-A-1,1,1.28493,-29.608,10.196,1227,0.0,8.0,15.0,36,2846,0.0,-14.4,14.9,37,-0.307,0,
C-A-1,1,1.28595,-29.608,10.196,1227,0.0,8.0,15.0,36,2846,0.0,-14.4,14.9,37,-0.307,0,
C-A-1,1,1.28695,-29.608,10.196,1227,0.0,8.0,15.0,36,2846,0.0,-14.4,14.9,37,-0.307,0,
C-A-1,1,1.28793,-29.6463,10.1921,1226,0.0,7.2,15.0,36,2847,0.0,-13.600000000000001,14.9,37,-0.307,0,
C-A-1,1,1.28895,-29.608,10.196,1227,0.0,8.0,15.0,36,2846,0.0,-14.4,14.9,37,-0.307,0,
C-A-1,1,1.28995,-29.608,10.196,1227,0.0,8.0,15.0,36,2847,0.0,-13.600000000000001,14.9,37,-0.268,0,
C-A-1,1,1.29095,-29.608,10.196,1227,0.0,8.0,15.0,36,2846,0.0,-14.4,14.9,37,-0.307,0,
C-A-1,1,1.29193,-29.6463,10.1921,1226,0.0,7.2,15.0,36,2846,0.0,-14.4,14.9,37,-0.345,0,
C-A-1,1,1.29295,-29.6463,10.1921,1226,0.0,7.2,15.0,36,2846,0.0,-14.4,14.9,37,-0.345,0,
C-A-1,1,1.29393,-29.6463,10.1921,1226,0.0,7.2,15.0,36,2846,0.0,-14.4,14.9,37,-0.345,0,
C-A-1,1,1.29495,-29.6463,10.1921,1226,0.0,7.2,15.0,36,2846,0.0,-14.4,14.9,37,-0.345,0,
C-A-1,1,1.29595,-29.6463,10.1921,1226,0.0,7.2,15.0,36,2846,0.0,-14.4,14.9,37,-0.345,0,
C-A-1,1,1.29695,-29.6463,10.1921,1226,0.0,7.2,15.0,36,2847,0.0,-13.600000000000001,14.9,37,-0.307,0,
C-A-1,1,1.29795,-29.6463,10.1921,1226,0.0,7.2,15.0,36,2847,0.0,-13.600000000000001,14.9,37,-0.307,0,
C-A-1,1,1.29893,-29.608,10.196,1227,0.0,8.0,15.0,36,2846,0.0,-14.4,14.9,37,-0.307,0,
C-A-1,1,1.29995,-29.6463,10.1921,1226,0.0,7.2,15.0,36,2847,0.0,-13.600000000000001,14.9,37,-0.307,0,
C-A-1,1,1.30095,-29.6463,10.1921,1226,0.0,7.2,15.0,36,2847,0.0,-13.600000000000001,14.9,37,-0.307,0,
C-A-1,1,1.30193,-29.6463,10.1921,1226,0.0,7.2,15.0,36,2846,0.0,-14.4,14.9,37,-0.345,0,
C-A-1,1,1.30295,-29.6463,10.1921,1226,0.0,7.2,15.0,36,2847,0.0,-13.600000000000001,14.9,37,-0.307,0,
C-A-1,1,1.30394,-29.6463,10.1921,1226,0.0,7.2,15.0,36,2847,0.0,-13.600000000000001,14.9,37,-0.307,0,
C-A-1,1,1.30495,-29.6463,10.1921,1226,0.0,7.2,15.0,36,2847,0.0,-13.600000000000001,14.9,37,-0.307,0,
C-A-1,1,1.30595,-29.6463,10.1921,1226,0.0,7.2,15.0,36,2847,0.0,-13.600000000000001,14.9,37,-0.307,0,
C-A-1,1,1.30695,-29.6463,10.1921,1226,0.0,7.2,15.0,36,2847,0.0,-13.600000000000001,14.9,37,-0.307,0,
C-A-1,1,1.30793,-29.6463,10.1921,1226,0.0,7.2,15.0,36,2846,0.0,-14.4,14.9,37,-0.345,0,
C-A-1,1,1.30895,-29.608,10.196,1227,0.0,8.0,15.0,36,2847,0.0,-13.600000000000001,14.9,37,-0.268,0,
C-A-1,1,1.30993,-29.6463,10.1921,1226,0.0,7.2,15.0,36,2847,0.0,-13.600000000000001,14.9,37,-0.307,0,
C-A-1,1,1.31095,-29.6463,10.1921,1226,0.0,7.2,15.0,36,2847,0.0,-13.600000000000001,14.9,37,-0.307,0,
C-A-1,1,1.31193,-29.6463,10.1921,1226,0.0,7.2,15.0,36,2847,0.0,-13.600000000000001,14.9,37,-0.307,0,
C-A-1,1,1.31293,-29.6463,10.1921,1226,0.0,7.2,15.0,36,2847,0.0,-13.600000000000001,14.9,37,-0.307,0,
C-A-1,1,1.31393,-29.6463,10.1921,1226,0.0,7.2,15.0,36,2847,0.0,-13.600000000000001,14.9,37,-0.307,0,
C-A-1,1,1.31493,-29.6463,10.1921,1226,0.0,7.2,15.0,36,2847,0.0,-13.600000000000001,14.9,37,-0.307,0,
C-A-1,1,1.31593,-29.6463,10.1921,1226,0.0,7.2,15.0,36,2847,0.0,-13.600000000000001,14.9,37,-0.307,0,
C-A-1,1,1.31693,-29.6463,10.1921,1226,0.0,7.2,15.0,36,2847,0.0,-13.600000000000001,14.9,37,-0.307,0,
C-A-1,1,1.31794,-29.6463,10.1921,1226,0.0,7.2,15.0,36,2847,0.0,-13.600000000000001,14.9,37,-0.307,0,
C-A-1,1,1.31893,-29.6463,10.1921,1226,0.0,7.2,15.0,36,2847,0.0,-13.600000000000001,14.9,37,-0.307,0,
C-A-1,1,1.31993,-29.6463,10.1921,1226,0.0,7.2,15.0,36,2847,0.0,-13.600000000000001,14.9,37,-0.307,0,
C-A-1,1,1.32094,-29.6463,10.1921,1226,0.0,7.2,15.0,36,2847,0.0,-13.600000000000001,14.9,37,-0.307,0,
C-A-1,1,1.32193,-29.6463,10.1921,1226,0.0,7.2,15.0,36,2847,0.0,-13.600000000000001,14.9,37,-0.307,0,
C-A-1,1,1.32293,-29.6463,10.1921,1226,0.0,7.2,15.0,36,2847,0.0,-13.600000000000001,14.9,37,-0.307,0,
C-A-1,1,1.32394,-29.6463,10.1921,1226,0.0,7.2,15.0,36,2847,0.0,-13.600000000000001,14.9,37,-0.307,0,
C-A-1,1,1.32493,-29.6463,10.1921,1226,0.0,7.2,15.0,36,2847,0.0,-13.600000000000001,14.9,37,-0.307,0,
C-A-1,1,1.32593,-29.6463,10.1921,1226,0.0,7.2,15.0,36,2847,0.0,-13.600000000000001,14.9,37,-0.307,0,
C-A-1,1,1.32694,-29.6463,10.1921,1226,0.0,7.2,15.0,36,2847,0.0,-13.600000000000001,14.9,37,-0.307,0,
C-A-1,1,1.32793,-29.6463,10.1921,1226,0.0,7.2,15.0,36,2847,0.0,-13.600000000000001,14.9,37,-0.307,0,
C-A-1,1,1.32894,-29.6463,10.1921,1226,0.0,7.2,15.0,36,2847,0.0,-13.600000000000001,14.9,37,-0.307,0,
C-A-1,1,1.32993,-29.6847,10.1882,1225,0.0,6.4,15.0,36,2847,0.0,-13.600000000000001,14.9,37,-0.345,0,
C-A-1,1,1.33093,-29.6463,10.1921,1226,0.0,7.2,15.0,36,2847,0.0,-13.600000000000001,14.9,37,-0.307,0,
C-A-1,1,1.33194,-29.6463,10.1921,1226,0.0,7.2,15.0,36,2847,0.0,-13.600000000000001,14.9,37,-0.307,0,
C-A-1,1,1.33293,-29.6847,10.1882,1225,0.0,6.4,15.0,36,2847,0.0,-13.600000000000001,14.9,37,-0.345,0,
C-A-1,1,1.33393,-29.6463,10.1921,1226,0.0,7.2,15.0,36,2847,0.0,-13.600000000000001,14.9,37,-0.307,0,
C-A-1,1,1.33494,-29.6463,10.1921,1226,0.0,7.2,15.0,36,2847,0.0,-13.600000000000001,14.9,37,-0.307,0,
C-A-1,1,1.33593,-29.6463,10.1921,1226,0.0,7.2,15.0,36,2847,0.0,-13.600000000000001,14.9,37,-0.307,0,
C-A-1,1,1.33694,-29.6463,10.1921,1226,0.0,7.2,15.0,36,2848,0.0,-12.8,14.9,37,-0.268,0,
C-A-1,1,1.33793,-29.6463,10.1921,1226,0.0,7.2,15.0,36,2847,0.0,-13.600000000000001,14.9,37,-0.307,0,
C-A-1,1,1.33893,-29.6463,10.1921,1226,0.0,7.2,15.0,36,2847,0.0,-13.600000000000001,14.9,37,-0.307,0,
C-A-1,1,1.33994,-29.6463,10.1921,1226,0.0,7.2,15.0,36,2847,0.0,-13.600000000000001,14.9,37,-0.307,0,
C-A-1,1,1.34093,-29.6463,10.1921,1226,0.0,7.2,15.0,36,2848,0.0,-12.8,14.9,37,-0.268,0,
C-A-1,1,1.34193,-29.6463,10.1921,1226,0.0,7.2,15.0,36,2847,0.0,-13.600000000000001,14.9,37,-0.307,0,
C-A-1,1,1.34293,-29.6463,10.1921,1226,0.0,6.4,15.0,36,2847,0.0,-13.600000000000001,14.9,37,-0.307,0,
C-A-1,1,1.34394,-29.6847,10.1882,1225,0.0,6.4,15.0,36,2847,0.0,-13.600000000000001,14.9,37,-0.345,0,
C-A-1,1,1.34493,-29.6463,10.1921,1226,0.0,7.2,15.0,36,2847,0.0,-13.600000000000001,14.9,37,-0.307,0,
C-A-1,1,1.34594,-29.6463,10.1921,1226,0.0,7.2,15.0,36,2847,0.0,-13.600000000000001,14.9,37,-0.307,0,
C-A-1,1,1.34693,-29.6463,10.1921,1226,0.0,7.2,15.0,36,2847,0.0,-13.600000000000001,14.9,37,-0.307,0,
C-A-1,1,1.34793,-29.6463,10.1921,1226,0.0,7.2,15.0,36,2847,0.0,-13.600000000000001,14.9,37,-0.307,0,
C-A-1,1,1.34894,-29.6847,10.1882,1225,0.0,6.4,15.0,36,2847,0.0,-13.600000000000001,14.9,37,-0.345,0,
C-A-1,1,1.34993,-29.6463,10.1921,1226,0.0,7.2,15.0,36,2847,0.0,-13.600000000000001,14.9,37,-0.307,0,
C-A-1,1,1.35094,-29.6463,10.1921,1226,0.0,7.2,15.0,36,2847,0.0,-13.600000000000001,14.9,37,-0.307,0,
C-A-1,1,1.35193,-29.6463,10.1921,1226,0.0,7.2,15.0,36,2847,0.0,-13.600000000000001,14.9,37,-0.307,0,
C-A-1,1,1.35293,-29.6463,10.1921,1226,0.0,7.2,15.0,36,2847,0.0,-13.600000000000001,14.9,37,-0.307,0,
C-A-1,1,1.35394,-29.6463,10.1921,1226,0.0,7.2,15.0,36,2847,0.0,-13.600000000000001,14.9,37,-0.307,0,
C-A-1,1,1.35493,-29.6463,10.1921,1226,0.0,7.2,15.0,36,2847,0.0,-13.600000000000001,14.9,37,-0.307,0,
C-A-1,1,1.35594,-29.6463,10.1921,1226,0.0,7.2,15.0,36,2848,0.0,-12.8,14.9,37,-0.268,0,
C-A-1,1,1.35693,-29.6463,10.1921,1226,0.0,7.2,15.0,36,2847,0.0,-13.600000000000001,14.9,37,-0.307,0,
C-A-1,1,1.35794,-29.6463,10.1921,1226,0.0,7.2,15.0,36,2847,0.0,-13.600000000000001,14.9,37,-0.307,0,
C-A-1,1,1.35893,-29.6463,10.1921,1226,0.0,7.2,15.0,36,2847,0.0,-13.600000000000001,14.9,37,-0.307,0,
C-A-1,1,1.35994,-29.6847,10.1882,1225,0.0,6.4,15.0,36,2847,0.0,-13.600000000000001,14.9,37,-0.345,0,
C-A-1,1,1.36093,-29.6463,10.1921,1226,0.0,7.2,15.0,36,2847,0.0,-13.600000000000001,14.9,37,-0.307,0,
C-A-1,1,1.36194,-29.6463,10.1921,1226,0.0,7.2,15.0,36,2847,0.0,-13.600000000000001,14.9,37,-0.307,0,
C-A-1,1,1.36293,-29.6463,10.1921,1226,0.0,7.2,15.0,36,2848,0.0,-12.8,14.9,37,-0.268,0,
C-A-1,1,1.36394,-29.6847,10.1882,1225,0.0,6.4,15.0,36,2847,0.0,-13.600000000000001,14.9,37,-0.345,0,
C-A-1,1,1.36493,-29.6463,10.1921,1226,0.0,7.2,15.0,36,2848,0.0,-12.8,14.9,37,-0.268,0,
C-A-1,1,1.36594,-29.6463,10.1921,1226,0.0,7.2,15.0,36,2847,0.0,-13.600000000000001,14.9,37,-0.307,0,
C-A-1,1,1.36693,-29.6463,10.1921,1226,0.0,7.2,15.0,36,2847,0.0,-13.600000000000001,14.9,37,-0.307,0,
C-A-1,1,1.36794,-29.6463,10.1921,1226,0.0,7.2,15.0,36,2847,0.0,-13.600000000000001,14.9,37,-0.307,0,
C-A-1,1,1.36893,-29.6847,10.1882,1225,0.0,6.4,15.0,36,2848,0.0,-12.8,14.9,37,-0.307,0,
C-A-1,1,1.36994,-29.6463,10.1921,1226,0.0,7.2,15.0,36,2847,0.0,-13.600000000000001,14.9,37,-0.307,0,
C-A-1,1,1.37093,-29.6847,10.1882,1225,0.0,6.4,15.0,36,2847,0.0,-13.600000000000001,14.9,37,-0.345,0,
C-A-1,1,1.37194,-29.6463,10.1921,1226,0.0,7.2,15.0,36,2847,0.0,-13.600000000000001,14.9,37,-0.307,0,
C-A-1,1,1.37293,-29.6463,10.1921,1226,0.0,7.2,15.0,36,2847,0.0,-13.600000000000001,14.9,37,-0.307,0,
C-A-1,1,1.37394,-29.6463,10.1921,1226,0.0,7.2,15.0,36,2847,0.0,-13.600000000000001,14.9,37,-0.307,0,
C-A-1,1,1.37494,-29.6463,10.1921,1226,0.0,7.2,15.0,36,2847,0.0,-13.600000000000001,14.9,37,-0.307,0,
C-A-1,1,1.37594,-29.6463,10.1921,1226,0.0,7.2,15.0,36,2847,0.0,-13.600000000000001,14.9,37,-0.307,0,
C-A-1,1,1.37694,-29.6463,10.1921,1226,0.0,7.2,15.0,36,2847,0.0,-13.600000000000001,14.9,37,-0.307,0,
C-A-1,1,1.37794,-29.6463,10.1921,1226,0.0,7.2,15.0,36,2847,0.0,-13.600000000000001,14.9,37,-0.307,0,
C-A-1,1,1.37893,-29.6463,10.1921,1226,0.0,7.2,15.0,36,2847,0.0,-13.600000000000001,14.9,37,-0.307,0,
C-A-1,1,1.37994,-29.6463,10.1921,1226,0.0,7.2,15.0,36,2847,0.0,-13.600000000000001,14.9,37,-0.307,0,
C-A-1,1,1.38094,-29.6463,10.1921,1226,0.0,7.2,15.0,36,2847,0.0,-13.600000000000001,14.9,37,-0.307,0,
C-A-1,1,1.38194,-29.6463,10.1921,1226,0.0,7.2,15.0,36,2847,0.0,-13.600000000000001,14.9,37,-0.307,0,
C-A-1,1,1.38294,-29.6463,10.1921,1226,0.0,7.2,15.0,36,2847,0.0,-13.600000000000001,14.9,37,-0.307,0,
C-A-1,1,1.38394,-29.6463,10.1921,1226,0.0,7.2,14.9,36,2847,0.0,-13.600000000000001,14.9,37,-0.307,0,
C-A-1,1,1.38494,-29.6463,10.1921,1226,0.0,7.2,14.9,36,2847,0.0,-13.600000000000001,14.9,37,-0.307,0,
C-A-1,1,1.38594,-29.6463,10.1921,1226,0.0,7.2,14.9,36,2847,0.0,-13.600000000000001,14.8,37,-0.307,0,
C-A-1,1,1.38694,-29.6463,10.1921,1226,0.0,7.2,14.9,36,2847,0.0,-13.600000000000001,14.8,37,-0.307,0,
C-A-1,1,1.38794,-29.6463,10.1921,1226,0.0,7.2,14.9,36,2847,0.0,-13.600000000000001,14.8,37,-0.307,0,
C-A-1,1,1.38894,-29.6463,10.1921,1226,0.0,7.2,14.9,36,2847,0.0,-13.600000000000001,14.8,37,-0.307,0,
C-A-1,1,1.38994,-29.6463,10.1921,1226,0.0,7.2,14.9,36,2847,0.0,-13.600000000000001,14.8,37,-0.307,0,
C-A-1,1,1.39094,-29.6463,10.1921,1226,0.0,7.2,14.9,36,2847,0.0,-13.600000000000001,14.8,37,-0.307,0,
C-A-1,1,1.39194,-29.6463,10.1921,1226,0.0,7.2,14.9,36,2847,0.0,-13.600000000000001,14.8,37,-0.307,0,
C-A-1,1,1.39295,-29.6463,10.1921,1226,0.0,7.2,14.9,36,2847,0.0,-13.600000000000001,14.8,37,-0.307,0,
C-A-1,1,1.39394,-29.6463,10.1921,1226,0.0,7.2,14.9,36,2847,0.0,-13.600000000000001,14.8,37,-0.307,0,
C-A-1,1,1.39494,-29.6463,10.1921,1226,0.0,7.2,14.9,36,2847,0.0,-13.600000000000001,14.8,37,-0.307,0,
C-A-1,1,1.39594,-29.6463,10.1921,1226,0.0,7.2,14.9,36,2847,0.0,-13.600000000000001,14.8,37,-0.307,0,
C-A-1,1,1.39694,-29.6463,10.1921,1226,0.0,7.2,14.9,36,2847,0.0,-13.600000000000001,14.8,37,-0.307,0,
C-A-1,1,1.39794,-29.6463,10.1921,1226,0.0,7.2,14.9,36,2847,0.0,-13.600000000000001,14.8,37,-0.307,0,
C-A-1,1,1.39894,-29.6463,10.1921,1226,0.0,7.2,14.9,36,2847,0.0,-13.600000000000001,14.8,37,-0.307,0,
C-A-1,1,1.39994,-29.6463,10.1921,1226,0.0,7.2,14.9,36,2847,0.0,-13.600000000000001,14.8,37,-0.307,0,
C-A-1,1,1.40094,-29.608,10.196,1227,0.0,8.0,14.9,36,2847,0.0,-13.600000000000001,14.8,37,-0.268,0,
C-A-1,1,1.40194,-29.608,10.196,1227,0.0,8.0,14.9,36,2847,0.0,-13.600000000000001,14.8,37,-0.268,0,
C-A-1,1,1.40294,-29.6463,10.1921,1226,0.0,7.2,14.9,36,2847,0.0,-13.600000000000001,14.8,37,-0.307,0,
C-A-1,1,1.40394,-29.6463,10.1921,1226,0.0,7.2,14.9,36,2846,0.0,-14.4,14.8,37,-0.345,0,
C-A-1,1,1.40494,-29.608,10.196,1227,0.0,8.0,14.9,36,2847,0.0,-13.600000000000001,14.8,37,-0.268,0,
C-A-1,1,1.40594,-29.6463,10.1921,1226,0.0,7.2,14.9,36,2847,0.0,-13.600000000000001,14.8,37,-0.307,0,
C-A-1,1,1.40694,-29.608,10.196,1227,0.0,8.0,14.9,36,2847,0.0,-13.600000000000001,14.8,37,-0.268,0,
C-A-1,1,1.40794,-29.6463,10.1921,1226,0.0,7.2,14.9,36,2847,0.0,-14.4,14.8,37,-0.307,0,
C-A-1,1,1.40894,-29.6463,10.1921,1226,0.0,7.2,14.9,36,2846,0.0,-13.600000000000001,14.8,37,-0.345,0,
C-A-1,1,1.40995,-29.6463,10.1921,1226,0.0,7.2,14.9,36,2847,0.0,-13.600000000000001,14.8,37,-0.307,0,
C-A-1,1,1.41094,-29.6463,10.1921,1226,0.0,7.2,14.9,36,2847,0.0,-13.600000000000001,14.8,37,-0.307,0,
C-A-1,1,1.41194,-29.6463,10.1921,1226,0.0,7.2,14.9,36,2847,0.0,-14.4,14.8,37,-0.307,0,
C-A-1,1,1.41294,-29.608,10.196,1227,0.0,8.0,14.9,36,2846,0.0,-14.4,14.8,37,-0.307,0,
C-A-1,1,1.41394,-29.6463,10.1921,1226,0.0,7.2,14.9,36,2846,0.0,-14.4,14.8,37,-0.345,0,
C-A-1,1,1.41494,-29.608,10.196,1227,0.0,8.0,14.9,36,2846,0.0,-14.4,14.8,37,-0.307,0,
C-A-1,1,1.41594,-29.608,10.196,1227,0.0,8.0,14.9,36,2847,0.0,-13.600000000000001,14.8,37,-0.268,0,
C-A-1,1,1.41694,-29.608,10.196,1227,0.0,8.0,14.9,36,2847,0.0,-13.600000000000001,14.8,37,-0.268,0,
C-A-1,1,1.41794,-29.6463,10.1921,1226,0.0,7.2,14.9,36,2846,0.0,-14.4,14.8,37,-0.345,0,
C-A-1,1,1.41894,-29.6463,10.1921,1226,0.0,7.2,14.9,36,2847,0.0,-13.600000000000001,14.8,37,-0.307,0,
C-A-1,1,1.41994,-29.608,10.196,1227,0.0,8.0,14.9,36,2847,0.0,-13.600000000000001,14.8,37,-0.268,0,
C-A-1,1,1.42094,-29.6463,10.1921,1226,0.0,7.2,14.9,36,2847,0.0,-13.600000000000001,14.8,37,-0.307,0,
C-A-1,1,1.42194,-29.608,10.196,1227,0.0,8.0,14.9,36,2846,0.0,-14.4,14.8,37,-0.307,0,
C-A-1,1,1.42294,-29.608,10.196,1227,0.0,8.0,14.9,36,2847,0.0,-13.600000000000001,14.8,37,-0.268,0,
C-A-1,1,1.42394,-29.6463,10.1921,1226,0.0,7.2,14.9,36,2847,0.0,-13.600000000000001,14.8,37,-0.307,0,
C-A-1,1,1.42494,-29.6463,10.1921,1226,0.0,7.2,14.9,36,2846,0.0,-14.4,14.8,37,-0.345,0,
C-A-1,1,1.42594,-29.608,10.196,1227,0.0,8.0,14.9,36,2846,0.0,-14.4,14.8,37,-0.307,0,
C-A-1,1,1.42694,-29.608,10.196,1227,0.0,8.0,14.9,36,2846,0.0,-14.4,14.8,37,-0.307,0,
C-A-1,1,1.42794,-29.608,10.196,1227,0.0,8.0,14.9,36,2846,0.0,-14.4,14.8,37,-0.307,0,
C-A-1,1,1.42894,-29.608,10.196,1227,0.0,8.0,14.9,36,2846,0.0,-14.4,14.8,37,-0.307,0,
C-A-1,1,1.42994,-29.6463,10.1921,1226,0.0,7.2,14.9,36,2847,0.0,-13.600000000000001,14.8,37,-0.307,0,
C-A-1,1,1.43094,-29.6463,10.1921,1226,0.0,7.2,14.9,36,2846,0.0,-14.4,14.8,37,-0.345,0,
C-A-1,1,1.43194,-29.608,10.196,1227,0.0,8.0,14.9,36,2847,0.0,-13.600000000000001,14.8,37,-0.268,0,
C-A-1,1,1.43294,-29.6463,10.1921,1226,0.0,7.2,14.9,36,2847,0.0,-13.600000000000001,14.8,37,-0.307,0,
C-A-1,1,1.43394,-29.6463,10.1921,1226,0.0,7.2,14.9,36,2846,0.0,-14.4,14.8,37,-0.345,0,
C-A-1,1,1.43494,-29.6463,10.1921,1226,0.0,7.2,14.9,36,2846,0.0,-14.4,14.8,37,-0.345,0,
C-A-1,1,1.43594,-29.608,10.196,1227,0.0,8.0,14.9,36,2846,0.0,-14.4,14.8,37,-0.307,0,
C-A-1,1,1.43694,-29.6463,10.1921,1226,0.0,7.2,14.9,36,2847,0.0,-13.600000000000001,14.8,37,-0.307,0,
C-A-1,1,1.43794,-29.608,10.196,1227,0.0,8.0,14.9,36,2846,0.0,-14.4,14.8,37,-0.307,0,
C-A-1,1,1.43894,-29.6463,10.1921,1226,0.0,7.2,14.9,36,2847,0.0,-13.600000000000001,14.8,37,-0.307,0,
C-A-1,1,1.43994,-29.6463,10.1921,1226,0.0,7.2,14.9,36,2846,0.0,-14.4,14.8,37,-0.345,0,
C-A-1,1,1.44094,-29.608,10.196,1227,0.0,8.0,14.9,36,2847,0.0,-13.600000000000001,14.8,37,-0.268,0,
C-A-1,1,1.44194,-29.608,10.196,1227,0.0,8.0,14.9,36,2847,0.0,-13.600000000000001,14.8,37,-0.268,0,
C-A-1,1,1.44294,-29.608,10.196,1227,0.0,8.0,14.9,36,2847,0.0,-13.600000000000001,14.8,37,-0.268,0,
C-A-1,1,1.44394,-29.6463,10.1921,1226,0.0,7.2,14.9,36,2847,0.0,-13.600000000000001,14.8,37,-0.307,0,
C-A-1,1,1.44494,-29.608,10.196,1227,0.0,8.0,14.9,36,2846,0.0,-14.4,14.8,37,-0.307,0,
C-A-1,1,1.44594,-29.608,10.196,1227,0.0,8.0,14.9,36,2846,0.0,-14.4,14.8,37,-0.307,0,
C-A-1,1,1.44694,-29.608,10.196,1227,0.0,8.0,14.9,36,2847,0.0,-13.600000000000001,14.8,37,-0.268,0,
C-A-1,1,1.44794,-29.6463,10.1921,1226,0.0,7.2,14.9,36,2847,0.0,-13.600000000000001,14.8,37,-0.307,0,
C-A-1,1,1.44895,-29.6463,10.1921,1226,0.0,7.2,14.9,36,2847,0.0,-13.600000000000001,14.8,37,-0.307,0,
C-A-1,1,1.44994,-29.608,10.196,1227,0.0,8.0,14.9,36,2846,0.0,-14.4,14.8,37,-0.307,0,
C-A-1,1,1.45094,-29.608,10.196,1227,0.0,8.0,14.9,36,2846,0.0,-14.4,14.8,37,-0.307,0,
C-A-1,1,1.45194,-29.6463,10.1921,1226,0.0,7.2,14.9,36,2846,0.0,-14.4,14.8,37,-0.345,0,
C-A-1,1,1.45294,-29.6463,10.1921,1226,0.0,7.2,14.9,36,2846,0.0,-14.4,14.8,37,-0.345,0,
C-A-1,1,1.45394,-29.608,10.196,1227,0.0,8.0,14.9,36,2847,0.0,-13.600000000000001,14.8,37,-0.268,0,
C-A-1,1,1.45494,-29.6463,10.1921,1226,0.0,7.2,14.9,36,2846,0.0,-14.4,14.8,37,-0.345,0,
C-A-1,1,1.45595,-29.608,10.196,1227,0.0,8.0,14.9,36,2846,0.0,-14.4,14.8,37,-0.307,0,
C-A-1,1,1.45694,-29.6463,10.1921,1226,0.0,7.2,14.9,36,2846,0.0,-14.4,14.8,37,-0.345,0,
C-A-1,1,1.45794,-29.6463,10.1921,1226,0.0,7.2,14.9,36,2847,0.0,-13.600000000000001,14.8,37,-0.307,0,
C-A-1,1,1.45894,-29.6463,10.1921,1226,0.0,7.2,14.9,36,2846,0.0,-14.4,14.8,37,-0.345,0,
C-A-1,1,1.45994,-29.608,10.196,1227,0.0,8.0,14.9,36,2846,0.0,-14.4,14.8,37,-0.307,0,
C-A-1,1,1.46094,-29.6463,10.1921,1226,0.0,7.2,14.9,36,2846,0.0,-14.4,14.8,37,-0.345,0,
C-A-1,1,1.46206,-29.6463,10.1921,1226,0.0,7.2,14.9,36,2846,0.0,-14.4,14.8,37,-0.345,0,
C-A-1,1,1.46296,-29.6463,10.1921,1226,0.0,7.2,14.9,36,2847,0.0,-13.600000000000001,14.8,37,-0.307,0,
C-A-1,1,1.46395,-29.6463,10.1921,1226,0.0,7.2,14.9,36,2846,0.0,-14.4,14.8,37,-0.345,0,
C-A-1,1,1.46495,-29.608,10.196,1227,0.0,8.0,14.9,36,2846,0.0,-14.4,14.8,37,-0.307,0,
C-A-1,1,1.46594,-29.6463,10.1921,1226,0.0,7.2,14.9,36,2847,0.0,-13.600000000000001,14.8,37,-0.307,0,
C-A-1,1,1.46694,-29.6463,10.1921,1226,0.0,7.2,14.9,36,2847,0.0,-13.600000000000001,14.8,37,-0.307,0,
C-A-1,1,1.46796,-29.6463,10.1921,1226,0.0,7.2,14.9,36,2846,0.0,-14.4,14.8,37,-0.345,0,
C-A-1,1,1.46895,-29.6463,10.1921,1226,0.0,7.2,14.9,36,2846,0.0,-14.4,14.8,37,-0.345,0,
C-A-1,1,1.46995,-29.6463,10.1921,1226,0.0,7.2,14.9,36,2847,0.0,-13.600000000000001,14.8,37,-0.307,0,
C-A-1,1,1.47094,-29.6463,10.1921,1226,0.0,7.2,14.9,36,2847,0.0,-13.600000000000001,14.8,37,-0.307,0,
C-A-1,1,1.47195,-29.6463,10.1921,1226,0.0,7.2,14.9,36,2847,0.0,-13.600000000000001,14.8,37,-0.307,0,
C-A-1,1,1.47294,-29.6463,10.1921,1226,0.0,7.2,14.9,36,2847,0.0,-13.600000000000001,14.8,37,-0.307,0,
C-A-1,1,1.47395,-29.6463,10.1921,1226,0.0,7.2,14.9,36,2847,0.0,-13.600000000000001,14.8,37,-0.307,0,
C-A-1,1,1.47494,-29.6463,10.1921,1226,0.0,7.2,14.9,36,2847,0.0,-13.600000000000001,14.8,37,-0.307,0,
C-A-1,1,1.47595,-29.6463,10.1921,1226,0.0,7.2,14.9,36,2847,0.0,-13.600000000000001,14.8,37,-0.307,0,
C-A-1,1,1.47695,-29.6463,10.1921,1226,0.0,7.2,14.9,36,2847,0.0,-13.600000000000001,14.8,37,-0.307,0,
C-A-1,1,1.47795,-29.6463,10.1921,1226,0.0,7.2,14.9,36,2847,0.0,-13.600000000000001,14.8,37,-0.307,0,
C-A-1,1,1.47894,-29.6463,10.1921,1226,0.0,7.2,14.9,36,2847,0.0,-13.600000000000001,14.8,37,-0.307,0,
C-A-1,1,1.47995,-29.6463,10.1921,1226,0.0,7.2,14.9,36,2847,0.0,-13.600000000000001,14.8,37,-0.307,0,
C-A-1,1,1.48095,-29.6463,10.1921,1226,0.0,7.2,14.9,36,2847,0.0,-13.600000000000001,14.8,37,-0.307,0,
C-A-1,1,1.48194,-29.6463,10.1921,1226,0.0,7.2,14.9,36,2847,0.0,-13.600000000000001,14.8,37,-0.307,0,
C-A-1,1,1.48295,-29.6463,10.1921,1226,0.0,7.2,14.9,36,2847,0.0,-13.600000000000001,14.8,37,-0.307,0,
C-A-1,1,1.48394,-29.6463,10.1921,1226,0.0,7.2,14.9,36,2846,0.0,-14.4,14.8,37,-0.345,0,
C-A-1,1,1.48495,-29.6463,10.1921,1226,0.0,7.2,14.9,36,2847,0.0,-13.600000000000001,14.8,37,-0.307,0,
C-A-1,1,1.48595,-29.6463,10.1921,1226,0.0,7.2,14.9,36,2847,0.0,-13.600000000000001,14.8,37,-0.307,0,
C-A-1,1,1.48695,-29.6463,10.1921,1226,0.0,7.2,14.9,36,2847,0.0,-13.600000000000001,14.8,37,-0.307,0,
C-A-1,1,1.48795,-29.6463,10.1921,1226,0.0,7.2,14.9,36,2847,0.0,-13.600000000000001,14.8,37,-0.307,0,
C-A-1,1,1.48895,-29.6463,10.1921,1226,0.0,7.2,14.9,36,2847,0.0,-13.600000000000001,14.8,37,-0.307,0,
C-A-1,1,1.48995,-29.6463,10.1921,1226,0.0,7.2,14.9,36,2847,0.0,-13.600000000000001,14.8,37,-0.307,0,
C-A-1,1,1.49095,-29.6463,10.1921,1226,0.0,7.2,14.9,36,2847,0.0,-13.600000000000001,14.8,37,-0.307,0,
C-A-1,1,1.49195,-29.6463,10.1921,1226,0.0,7.2,14.9,36,2847,0.0,-13.600000000000001,14.8,37,-0.307,0,
C-A-1,1,1.49295,-29.6463,10.1921,1226,0.0,7.2,14.9,36,2847,0.0,-13.600000000000001,14.8,37,-0.307,0,
C-A-1,1,1.49395,-29.6463,10.1921,1226,0.0,7.2,14.9,36,2847,0.0,-13.600000000000001,14.8,37,-0.307,0,
C-A-1,1,1.49495,-29.6463,10.1921,1226,0.0,7.2,14.9,36,2847,0.0,-13.600000000000001,14.8,37,-0.307,0,
C-A-1,1,1.49595,-29.6463,10.1921,1226,0.0,7.2,14.9,36,2847,0.0,-13.600000000000001,14.8,37,-0.307,0,
C-A-1,1,1.49695,-29.6463,10.1921,1226,0.0,7.2,14.9,36,2847,0.0,-13.600000000000001,14.8,37,-0.307,0,
C-A-1,1,1.49795,-29.6463,10.1921,1226,0.0,7.2,14.9,36,2847,0.0,-13.600000000000001,14.8,37,-0.307,0,
C-A-1,1,1.49895,-29.6463,10.1921,1226,0.0,7.2,14.9,36,2847,0.0,-13.600000000000001,14.8,37,-0.307,0,
C-A-1,1,1.49995,-29.6463,10.1921,1226,0.0,7.2,14.9,36,2847,0.0,-13.600000000000001,14.8,37,-0.307,0,
C-A-1,1,1.50095,-29.6463,10.1921,1226,0.0,7.2,14.9,36,2847,0.0,-13.600000000000001,14.8,37,-0.307,0,
C-A-1,1,1.50195,-29.6463,10.1921,1226,0.0,7.2,14.9,36,2847,0.0,-13.600000000000001,14.8,37,-0.307,0,
C-A-1,1,1.50295,-29.6463,10.1921,1226,0.0,7.2,14.9,36,2847,0.0,-13.600000000000001,14.8,37,-0.307,0,
C-A-1,1,1.50395,-29.6463,10.1921,1226,0.0,7.2,14.9,36,2847,0.0,-13.600000000000001,14.8,37,-0.307,0,
C-A-1,1,1.50495,-29.6463,10.1921,1226,0.0,7.2,14.9,36,2847,0.0,-13.600000000000001,14.8,37,-0.307,0,
C-A-1,1,1.50595,-29.6463,10.1921,1226,0.0,7.2,14.9,36,2847,0.0,-13.600000000000001,14.8,37,-0.307,0,
C-A-1,1,1.50695,-29.6463,10.1921,1226,0.0,7.2,14.9,36,2847,0.0,-13.600000000000001,14.8,37,-0.307,0,
C-A-1,1,1.50795,-29.6463,10.1921,1226,0.0,7.2,14.9,36,2847,0.0,-13.600000000000001,14.8,37,-0.307,0,
C-A-1,1,1.50895,-29.6463,10.1921,1226,0.0,7.2,14.9,36,2847,0.0,-13.600000000000001,14.8,37,-0.307,0,
C-A-1,1,1.50995,-29.6463,10.1921,1226,0.0,7.2,14.9,36,2847,0.0,-13.600000000000001,14.8,37,-0.307,0,
C-A-1,1,1.51095,-29.6463,10.1921,1226,0.0,7.2,14.9,36,2847,0.0,-13.600000000000001,14.8,37,-0.307,0,
C-A-1,1,1.51195,-29.6463,10.1921,1226,0.0,7.2,14.9,36,2847,0.0,-13.600000000000001,14.8,37,-0.307,0,
C-A-1,1,1.51295,-29.6463,10.1921,1226,0.0,7.2,14.9,36,2847,0.0,-13.600000000000001,14.8,37,-0.307,0,
C-A-1,1,1.51395,-29.6463,10.1921,1226,0.0,7.2,14.9,36,2847,0.0,-13.600000000000001,14.8,37,-0.307,0,
C-A-1,1,1.51495,-29.6463,10.1921,1226,0.0,7.2,14.9,36,2847,0.0,-13.600000000000001,14.8,37,-0.307,0,
C-A-1,1,1.51595,-29.6463,10.1921,1226,0.0,7.2,14.9,36,2847,0.0,-13.600000000000001,14.8,37,-0.307,0,
C-A-1,1,1.51695,-29.6847,10.1882,1225,0.0,6.4,14.9,36,2847,0.0,-13.600000000000001,14.8,37,-0.345,0,
C-A-1,1,1.51795,-29.6463,10.1921,1226,0.0,7.2,14.9,36,2847,0.0,-13.600000000000001,14.8,37,-0.307,0,
C-A-1,1,1.51895,-29.6463,10.1921,1226,0.0,7.2,14.9,36,2847,0.0,-13.600000000000001,14.8,37,-0.307,0,
C-A-1,1,1.51995,-29.6463,10.1921,1226,0.0,7.2,14.9,36,2847,0.0,-13.600000000000001,14.8,37,-0.307,0,
C-A-1,1,1.52095,-29.6463,10.1921,1226,0.0,7.2,14.9,36,2847,0.0,-13.600000000000001,14.8,37,-0.307,0,
C-A-1,1,1.52195,-29.6463,10.1921,1226,0.0,7.2,14.9,36,2847,0.0,-13.600000000000001,14.8,37,-0.307,0,
C-A-1,1,1.52295,-29.6463,10.1921,1226,0.0,7.2,14.9,36,2847,0.0,-13.600000000000001,14.8,37,-0.307,0,
C-A-1,1,1.52395,-29.6463,10.1921,1226,0.0,7.2,14.9,36,2847,0.0,-13.600000000000001,14.8,37,-0.307,0,
C-A-1,1,1.52495,-29.6463,10.1921,1226,0.0,7.2,14.9,36,2847,0.0,-13.600000000000001,14.8,37,-0.307,0,
C-A-1,1,1.52607,-29.6463,10.1921,1226,0.0,7.2,14.9,36,2847,0.0,-13.600000000000001,14.8,37,-0.307,0,
C-A-1,1,1.52696,-29.6463,10.1921,1226,0.0,7.2,14.9,36,2847,0.0,-13.600000000000001,14.8,37,-0.307,0,
C-A-1,1,1.52796,-29.6463,10.1921,1226,0.0,7.2,14.9,36,2847,0.0,-13.600000000000001,14.8,37,-0.307,0,
C-A-1,1,1.52896,-29.6463,10.1921,1226,0.0,7.2,14.9,36,2847,0.0,-13.600000000000001,14.8,37,-0.307,0,
C-A-1,1,1.52996,-29.6463,10.1921,1226,0.0,7.2,14.9,36,2847,0.0,-13.600000000000001,14.8,37,-0.307,0,
C-A-1,1,1.53096,-29.6463,10.1921,1226,0.0,7.2,14.9,36,2847,0.0,-13.600000000000001,14.8,37,-0.307,0,
C-A-1,1,1.53195,-29.6463,10.1921,1226,0.0,7.2,14.9,36,2847,0.0,-13.600000000000001,14.8,37,-0.307,0,
C-A-1,1,1.53295,-29.6463,10.1921,1226,0.0,7.2,14.9,36,2847,0.0,-13.600000000000001,14.8,37,-0.307,0,
C-A-1,1,1.53395,-29.6463,10.1921,1226,0.0,7.2,14.9,36,2847,0.0,-13.600000000000001,14.8,37,-0.307,0,
C-A-1,1,1.53495,-29.6463,10.1921,1226,0.0,7.2,14.9,36,2847,0.0,-13.600000000000001,14.8,37,-0.307,0,
C-A-1,1,1.53595,-29.6463,10.1921,1226,0.0,7.2,14.9,36,2847,0.0,-13.600000000000001,14.8,37,-0.307,0,
C-A-1,1,1.53695,-29.6463,10.1921,1226,0.0,7.2,14.9,36,2847,0.0,-13.600000000000001,14.8,37,-0.307,0,
C-A-1,1,1.53795,-29.6463,10.1921,1226,0.0,7.2,14.9,36,2847,0.0,-13.600000000000001,14.8,37,-0.307,0,
C-A-1,1,1.53895,-29.6463,10.1921,1226,0.0,7.2,14.9,36,2847,0.0,-13.600000000000001,14.8,37,-0.307,0,
C-A-1,1,1.53995,-29.6463,10.1921,1226,0.0,7.2,14.9,36,2847,0.0,-13.600000000000001,14.8,37,-0.307,0,
C-A-1,1,1.54095,-29.6463,10.1921,1226,0.0,7.2,14.9,36,2847,0.0,-13.600000000000001,14.8,37,-0.307,0,
C-A-1,1,1.54195,-29.6463,10.1921,1226,0.0,7.2,14.9,36,2847,0.0,-13.600000000000001,14.8,37,-0.307,0,
C-A-1,1,1.54295,-29.6463,10.1921,1226,0.0,7.2,14.9,36,2847,0.0,-13.600000000000001,14.8,37,-0.307,0,
C-A-1,1,1.54395,-29.6463,10.1921,1226,0.0,7.2,14.9,36,2847,0.0,-13.600000000000001,14.8,37,-0.307,0,
C-A-1,1,1.54493,-29.6463,10.1921,1226,0.0,7.2,14.9,36,2847,0.0,-13.600000000000001,14.8,37,-0.307,0,
C-A-1,1,1.54595,-29.6463,10.1921,1226,0.0,7.2,14.9,36,2847,0.0,-13.600000000000001,14.8,37,-0.307,0,
C-A-1,1,1.54695,-29.6463,10.1921,1226,0.0,7.2,14.9,36,2847,0.0,-13.600000000000001,14.8,37,-0.307,0,
C-A-1,1,1.54795,-29.6463,10.1921,1226,0.0,7.2,14.9,36,2847,0.0,-13.600000000000001,14.8,37,-0.307,0,
C-A-1,1,1.54895,-29.6463,10.1921,1226,0.0,7.2,14.9,36,2846,0.0,-14.4,14.8,37,-0.345,0,
C-A-1,1,1.54993,-29.6463,10.1921,1226,0.0,7.2,14.9,36,2847,0.0,-13.600000000000001,14.8,37,-0.307,0,
C-A-1,1,1.55095,-29.6463,10.1921,1226,0.0,7.2,14.9,36,2847,0.0,-13.600000000000001,14.8,37,-0.307,0,
C-A-1,1,1.55195,-29.6463,10.1921,1226,0.0,7.2,14.9,36,2847,0.0,-13.600000000000001,14.8,37,-0.307,0,
C-A-1,1,1.55295,-29.6463,10.1921,1226,0.0,7.2,14.9,36,2847,0.0,-13.600000000000001,14.8,37,-0.307,0,
C-A-1,1,1.55393,-29.6463,10.1921,1226,0.0,7.2,14.9,36,2847,0.0,-13.600000000000001,14.8,37,-0.307,0,
C-A-1,1,1.55495,-29.6463,10.1921,1226,0.0,7.2,14.9,36,2847,0.0,-13.600000000000001,14.8,37,-0.307,0,
C-A-1,1,1.55595,-29.6463,10.1921,1226,0.0,7.2,14.9,36,2847,0.0,-13.600000000000001,14.8,37,-0.307,0,
C-A-1,1,1.55695,-29.6463,10.1921,1226,0.0,7.2,14.9,36,2847,0.0,-13.600000000000001,14.8,37,-0.307,0,
C-A-1,1,1.55795,-29.6463,10.1921,1226,0.0,7.2,14.9,36,2847,0.0,-13.600000000000001,14.8,37,-0.307,0,
C-A-1,1,1.55893,-29.6463,10.1921,1226,0.0,7.2,14.9,36,2847,0.0,-13.600000000000001,14.8,37,-0.307,0,
C-A-1,1,1.55995,-29.6463,10.1921,1226,0.0,7.2,14.9,36,2847,0.0,-13.600000000000001,14.8,37,-0.307,0,
C-A-1,1,1.56095,-29.6463,10.1921,1226,0.0,7.2,14.9,36,2847,0.0,-13.600000000000001,14.8,37,-0.307,0,
C-A-1,1,1.56193,-29.6463,10.1921,1226,0.0,7.2,14.9,36,2847,0.0,-13.600000000000001,14.8,37,-0.307,0,
C-A-1,1,1.56295,-29.6463,10.1921,1226,0.0,7.2,14.9,36,2847,0.0,-13.600000000000001,14.8,37,-0.307,0,
C-A-1,1,1.56395,-29.6463,10.1921,1226,0.0,7.2,14.9,36,2847,0.0,-13.600000000000001,14.8,37,-0.307,0,
C-A-1,1,1.56493,-29.6463,10.1921,1226,0.0,7.2,14.9,36,2847,0.0,-13.600000000000001,14.8,37,-0.307,0,
C-A-1,1,1.56595,-29.6463,10.1921,1226,0.0,7.2,14.9,36,2847,0.0,-13.600000000000001,14.8,37,-0.307,0,
C-A-1,1,1.56695,-29.6463,10.1921,1226,0.0,7.2,14.9,36,2847,0.0,-13.600000000000001,14.8,37,-0.307,0,
C-A-1,1,1.56793,-29.6463,10.1921,1226,0.0,7.2,14.9,36,2847,0.0,-13.600000000000001,14.8,37,-0.307,0,
C-A-1,1,1.56895,-29.6463,10.1921,1226,0.0,7.2,14.9,36,2847,0.0,-13.600000000000001,14.8,37,-0.307,0,
C-A-1,1,1.56995,-29.6463,10.1921,1226,0.0,7.2,14.9,36,2847,0.0,-13.600000000000001,14.8,37,-0.307,0,
C-A-1,1,1.57093,-29.6463,10.1921,1226,0.0,7.2,14.9,36,2847,0.0,-13.600000000000001,14.8,37,-0.307,0,
C-A-1,1,1.57195,-29.6463,10.1921,1226,0.0,7.2,14.9,36,2847,0.0,-13.600000000000001,14.8,37,-0.307,0,
C-A-1,1,1.57295,-29.6463,10.1921,1226,0.0,7.2,14.9,36,2847,0.0,-13.600000000000001,14.8,37,-0.307,0,
C-A-1,1,1.57393,-29.6463,10.1921,1226,0.0,7.2,14.9,36,2847,0.0,-13.600000000000001,14.8,37,-0.307,0,
C-A-1,1,1.57495,-29.6463,10.1921,1226,0.0,7.2,14.9,36,2847,0.0,-13.600000000000001,14.8,37,-0.307,0,
C-A-1,1,1.57595,-29.6463,10.1921,1226,0.0,7.2,14.9,36,2847,0.0,-13.600000000000001,14.8,37,-0.307,0,
C-A-1,1,1.57693,-29.6463,10.1921,1226,0.0,7.2,14.9,36,2846,0.0,-14.4,14.8,37,-0.345,0,
C-A-1,1,1.57795,-29.6463,10.1921,1226,0.0,7.2,14.9,36,2847,0.0,-13.600000000000001,14.8,37,-0.307,0,
C-A-1,1,1.57895,-29.6463,10.1921,1226,0.0,7.2,14.9,36,2847,0.0,-13.600000000000001,14.8,37,-0.307,0,
C-A-1,1,1.57993,-29.6463,10.1921,1226,0.0,7.2,14.9,36,2847,0.0,-13.600000000000001,14.8,37,-0.307,0,
C-A-1,1,1.58095,-29.6463,10.1921,1226,0.0,7.2,14.9,36,2847,0.0,-13.600000000000001,14.8,37,-0.307,0,
C-A-1,1,1.58195,-29.6463,10.1921,1226,0.0,7.2,14.9,36,2847,0.0,-13.600000000000001,14.8,37,-0.307,0,
C-A-1,1,1.58293,-29.608,10.196,1227,0.0,8.0,14.9,36,2847,0.0,-13.600000000000001,14.8,37,-0.268,0,
C-A-1,1,1.58395,-29.6463,10.1921,1226,0.0,7.2,14.9,36,2847,0.0,-13.600000000000001,14.8,37,-0.307,0,
C-A-1,1,1.58495,-29.6463,10.1921,1226,0.0,7.2,14.9,36,2846,0.0,-14.4,14.8,37,-0.345,0,
C-A-1,1,1.58594,-29.608,10.196,1227,0.0,8.0,14.9,36,2847,0.0,-13.600000000000001,14.8,37,-0.268,0,
C-A-1,1,1.58693,-29.6463,10.1921,1226,0.0,7.2,14.9,36,2847,0.0,-13.600000000000001,14.8,37,-0.307,0,
C-A-1,1,1.58795,-29.6463,10.1921,1226,0.0,7.2,14.9,36,2847,0.0,-13.600000000000001,14.8,37,-0.307,0,
C-A-1,1,1.58893,-29.6463,10.1921,1226,0.0,7.2,14.9,36,2847,0.0,-13.600000000000001,14.8,37,-0.307,0,
C-A-1,1,1.58993,-29.6463,10.1921,1226,0.0,7.2,14.9,36,2846,0.0,-14.4,14.8,37,-0.345,0,
C-A-1,1,1.59095,-29.6463,10.1921,1226,0.0,7.2,14.9,36,2847,0.0,-13.600000000000001,14.8,37,-0.307,0,
C-A-1,1,1.59194,-29.6463,10.1921,1226,0.0,7.2,14.9,36,2846,0.0,-14.4,14.8,37,-0.345,0,
C-A-1,1,1.59293,-29.6463,10.1921,1226,0.0,7.2,14.9,36,2847,0.0,-13.600000000000001,14.8,37,-0.307,0,
C-A-1,1,1.59396,-29.608,10.196,1227,0.0,8.0,14.9,36,2847,0.0,-13.600000000000001,14.8,37,-0.268,0,
C-A-1,1,1.59494,-29.6463,10.1921,1226,0.0,7.2,14.9,36,2847,0.0,-13.600000000000001,14.8,37,-0.307,0,
C-A-1,1,1.59593,-29.608,10.196,1227,0.0,8.0,14.9,36,2847,0.0,-13.600000000000001,14.8,37,-0.268,0,
C-A-1,1,1.59695,-29.6463,10.1921,1226,0.0,7.2,14.9,36,2847,0.0,-13.600000000000001,14.8,37,-0.307,0,
C-A-1,1,1.59794,-29.6463,10.1921,1226,0.0,7.2,14.9,36,2847,0.0,-13.600000000000001,14.8,37,-0.307,0,
C-A-1,1,1.59893,-29.6463,10.1921,1226,0.0,7.2,14.9,36,2846,0.0,-14.4,14.8,37,-0.345,0,
C-A-1,1,1.59993,-29.6463,10.1921,1226,0.0,7.2,14.9,36,2847,0.0,-13.600000000000001,14.8,37,-0.307,0,
C-A-1,1,1.60095,-29.6463,10.1921,1226,0.0,7.2,14.9,36,2847,0.0,-13.600000000000001,14.8,37,-0.307,0,
C-A-1,1,1.60193,-29.6463,10.1921,1226,0.0,7.2,14.9,36,2847,0.0,-13.600000000000001,14.8,37,-0.307,0,
C-A-1,1,1.60293,-29.6463,10.1921,1226,0.0,7.2,14.9,36,2846,0.0,-14.4,14.8,37,-0.345,0,
C-A-1,1,1.60393,-29.608,10.196,1227,0.0,8.0,14.9,36,2847,0.0,-13.600000000000001,14.8,37,-0.268,0,
C-A-1,1,1.60494,-29.6463,10.1921,1226,0.0,7.2,14.9,36,2847,0.0,-13.600000000000001,14.8,37,-0.307,0,
C-A-1,1,1.60593,-29.6463,10.1921,1226,0.0,7.2,14.9,36,2847,0.0,-13.600000000000001,14.8,37,-0.307,0,
C-A-1,1,1.60693,-29.608,10.196,1227,0.0,8.0,14.9,36,2846,0.0,-14.4,14.8,37,-0.307,0,
C-A-1,1,1.60795,-29.608,10.196,1227,0.0,8.0,14.9,36,2847,0.0,-13.600000000000001,14.8,37,-0.268,0,
C-A-1,1,1.60895,-29.6463,10.1921,1226,0.0,7.2,14.9,36,2846,0.0,-14.4,14.8,37,-0.345,0,
C-A-1,1,1.60994,-29.608,10.196,1227,0.0,8.0,14.9,36,2846,0.0,-14.4,14.8,37,-0.307,0,
C-A-1,1,1.61094,-29.6463,10.1921,1226,0.0,7.2,14.9,36,2846,0.0,-14.4,14.8,37,-0.345,0,
C-A-1,1,1.61196,-29.608,10.196,1227,0.0,8.0,14.9,36,2847,0.0,-13.600000000000001,14.8,37,-0.268,0,
C-A-1,1,1.61294,-29.608,10.196,1227,0.0,8.0,14.9,36,2847,0.0,-13.600000000000001,14.8,37,-0.268,0,
C-A-1,1,1.61394,-29.6463,10.1921,1226,0.0,7.2,14.9,36,2847,0.0,-13.600000000000001,14.8,37,-0.307,0,
C-A-1,1,1.61495,-29.6463,10.1921,1226,0.0,7.2,14.9,36,2846,0.0,-14.4,14.8,37,-0.345,0,
C-A-1,1,1.61594,-29.6463,10.1921,1226,0.0,7.2,14.9,36,2847,0.0,-13.600000000000001,14.8,37,-0.307,0,
C-A-1,1,1.61694,-29.6463,10.1921,1226,0.0,7.2,15.0,36,2847,0.0,-13.600000000000001,14.8,37,-0.307,0,
C-A-1,1,1.61796,-29.6463,10.1921,1226,0.0,7.2,15.0,36,2847,0.0,-13.600000000000001,14.8,37,-0.307,0,
C-A-1,1,1.61894,-29.6463,10.1921,1226,0.0,7.2,15.0,36,2846,0.0,-14.4,14.8,37,-0.345,0,
C-A-1,1,1.61994,-29.6463,10.1921,1226,0.0,7.2,15.0,36,2847,0.0,-13.600000000000001,14.8,37,-0.307,0,
C-A-1,1,1.62096,-29.608,10.196,1227,0.0,8.0,15.0,36,2847,0.0,-13.600000000000001,14.8,37,-0.268,0,
C-A-1,1,1.62194,-29.6463,10.1921,1226,0.0,7.2,15.0,36,2847,0.0,-13.600000000000001,14.8,37,-0.307,0,
C-A-1,1,1.62294,-29.6463,10.1921,1226,0.0,7.2,15.0,36,2847,0.0,-13.600000000000001,14.8,37,-0.307,0,
C-A-1,1,1.62396,-29.6463,10.1921,1226,0.0,7.2,15.0,36,2846,0.0,-14.4,14.8,37,-0.345,0,
C-A-1,1,1.62494,-29.6463,10.1921,1226,0.0,7.2,15.0,36,2846,0.0,-14.4,14.8,37,-0.345,0,
C-A-1,1,1.62594,-29.6463,10.1921,1226,0.0,7.2,15.0,36,2846,0.0,-14.4,14.8,37,-0.345,0,
C-A-1,1,1.62696,-29.6463,10.1921,1226,0.0,7.2,15.0,36,2846,0.0,-14.4,14.8,37,-0.345,0,
C-A-1,1,1.62794,-29.6463,10.1921,1226,0.0,7.2,15.0,36,2847,0.0,-13.600000000000001,14.8,37,-0.307,0,
C-A-1,1,1.62894,-29.6463,10.1921,1226,0.0,7.2,15.0,36,2846,0.0,-14.4,14.8,37,-0.345,0,
C-A-1,1,1.62996,-29.6463,10.1921,1226,0.0,7.2,15.0,36,2847,0.0,-13.600000000000001,14.8,37,-0.307,0,
C-A-1,1,1.63094,-29.6463,10.1921,1226,0.0,7.2,15.0,36,2846,0.0,-13.600000000000001,14.8,37,-0.345,0,
C-A-1,1,1.63194,-29.6463,10.1921,1226,0.0,7.2,15.0,36,2847,0.0,-13.600000000000001,14.8,37,-0.307,0,
C-A-1,1,1.63296,-29.6463,10.1921,1226,0.0,7.2,15.0,36,2847,0.0,-13.600000000000001,14.8,37,-0.307,0,
C-A-1,1,1.63394,-29.6463,10.1921,1226,0.0,7.2,15.0,36,2847,0.0,-13.600000000000001,14.8,37,-0.307,0,
C-A-1,1,1.63494,-29.6463,10.1921,1226,0.0,7.2,15.0,36,2847,0.0,-14.4,14.8,37,-0.307,0,
C-A-1,1,1.63596,-29.6463,10.1921,1226,0.0,7.2,15.0,36,2847,0.0,-13.600000000000001,14.8,37,-0.307,0,
C-A-1,1,1.63694,-29.6463,10.1921,1226,0.0,7.2,15.0,36,2847,0.0,-13.600000000000001,14.8,37,-0.307,0,
C-A-1,1,1.63794,-29.6463,10.1921,1226,0.0,7.2,15.0,36,2846,0.0,-14.4,14.8,37,-0.345,0,
C-A-1,1,1.63896,-29.6463,10.1921,1226,0.0,7.2,15.0,36,2846,0.0,-14.4,14.8,37,-0.345,0,
C-A-1,1,1.63994,-29.6463,10.1921,1226,0.0,7.2,15.0,36,2846,0.0,-14.4,14.8,37,-0.345,0,
C-A-1,1,1.64094,-29.6463,10.1921,1226,0.0,7.2,15.0,36,2847,0.0,-13.600000000000001,14.8,37,-0.307,0,
C-A-1,1,1.64196,-29.6463,10.1921,1226,0.0,7.2,15.0,36,2847,0.0,-13.600000000000001,14.8,37,-0.307,0,
C-A-1,1,1.64294,-29.6463,10.1921,1226,0.0,7.2,15.0,36,2846,0.0,-14.4,14.8,37,-0.345,0,
C-A-1,1,1.64394,-29.6463,10.1921,1226,0.0,7.2,15.0,36,2847,0.0,-13.600000000000001,14.8,37,-0.307,0,
C-A-1,1,1.64496,-29.6463,10.1921,1226,0.0,7.2,15.0,36,2847,0.0,-13.600000000000001,14.8,37,-0.307,0,
C-A-1,1,1.64594,-29.6463,10.1921,1226,0.0,7.2,15.0,36,2847,0.0,-13.600000000000001,14.8,37,-0.307,0,
C-A-1,1,1.64694,-29.6463,10.1921,1226,0.0,7.2,15.0,36,2847,0.0,-13.600000000000001,14.8,37,-0.307,0,
C-A-1,1,1.64796,-29.6463,10.1921,1226,0.0,7.2,15.0,36,2847,0.0,-13.600000000000001,14.8,37,-0.307,0,
C-A-1,1,1.64894,-29.6463,10.1921,1226,0.0,7.2,15.0,36,2846,0.0,-14.4,14.8,37,-0.345,0,
C-A-1,1,1.64994,-29.6463,10.1921,1226,0.0,7.2,15.0,36,2847,0.0,-13.600000000000001,14.8,37,-0.307,0,
C-A-1,1,1.65096,-29.6463,10.1921,1226,0.0,7.2,15.0,36,2847,0.0,-13.600000000000001,14.8,37,-0.307,0,
C-A-1,1,1.65194,-29.6463,10.1921,1226,0.0,7.2,15.0,36,2846,0.0,-14.4,14.8,37,-0.345,0,
C-A-1,1,1.65294,-29.6463,10.1921,1226,0.0,7.2,15.0,36,2847,0.0,-13.600000000000001,14.8,37,-0.307,0,
C-A-1,1,1.65396,-29.6463,10.1921,1226,0.0,7.2,15.0,36,2847,0.0,-13.600000000000001,14.8,37,-0.307,0,
C-A-1,1,1.65494,-29.6463,10.1921,1226,0.0,7.2,15.0,36,2847,0.0,-13.600000000000001,14.8,37,-0.307,0,
C-A-1,1,1.65594,-29.6463,10.1921,1226,0.0,7.2,15.0,36,2847,0.0,-13.600000000000001,14.8,37,-0.307,0,
C-A-1,1,1.65696,-29.6463,10.1921,1226,0.0,7.2,15.0,36,2847,0.0,-13.600000000000001,14.8,37,-0.307,0,
C-A-1,1,1.65794,-29.6463,10.1921,1226,0.0,7.2,15.0,36,2847,0.0,-13.600000000000001,14.8,37,-0.307,0,
C-A-1,1,1.65894,-29.6463,10.1921,1226,0.0,7.2,15.0,36,2847,0.0,-13.600000000000001,14.8,37,-0.307,0,
C-A-1,1,1.65996,-29.6463,10.1921,1226,0.0,7.2,15.0,36,2847,0.0,-13.600000000000001,14.8,37,-0.307,0,
C-A-1,1,1.66094,-29.6463,10.1921,1226,0.0,7.2,15.0,36,2847,0.0,-13.600000000000001,14.8,37,-0.307,0,
C-A-1,1,1.66194,-29.6463,10.1921,1226,0.0,7.2,15.0,36,2847,0.0,-13.600000000000001,14.8,37,-0.307,0,
C-A-1,1,1.66296,-29.6463,10.1921,1226,0.0,7.2,15.0,36,2847,0.0,-13.600000000000001,14.8,37,-0.307,0,
C-A-1,1,1.66394,-29.6463,10.1921,1226,0.0,7.2,15.0,36,2847,0.0,-13.600000000000001,14.8,37,-0.307,0,
C-A-1,1,1.66494,-29.6463,10.1921,1226,0.0,7.2,15.0,36,2846,0.0,-14.4,14.8,37,-0.345,0,
C-A-1,1,1.66596,-29.6463,10.1921,1226,0.0,7.2,15.0,36,2847,0.0,-13.600000000000001,14.8,37,-0.307,0,
C-A-1,1,1.66694,-29.6463,10.1921,1226,0.0,7.2,15.0,36,2847,0.0,-13.600000000000001,14.8,37,-0.307,0,
C-A-1,1,1.66794,-29.6463,10.1921,1226,0.0,7.2,15.0,36,2847,0.0,-13.600000000000001,14.8,37,-0.307,0,
C-A-1,1,1.66896,-29.6463,10.1921,1226,0.0,7.2,15.0,36,2847,0.0,-13.600000000000001,14.8,37,-0.307,0,
C-A-1,1,1.66994,-29.6463,10.1921,1226,0.0,7.2,15.0,36,2847,0.0,-13.600000000000001,14.8,37,-0.307,0,
C-A-1,1,1.67094,-29.6463,10.1921,1226,0.0,7.2,15.0,36,2846,0.0,-14.4,14.8,37,-0.345,0,
C-A-1,1,1.67196,-29.6463,10.1921,1226,0.0,7.2,15.0,36,2847,0.0,-13.600000000000001,14.8,37,-0.307,0,
C-A-1,1,1.67294,-29.6463,10.1921,1226,0.0,7.2,15.0,36,2847,0.0,-13.600000000000001,14.8,37,-0.307,0,
C-A-1,1,1.67394,-29.6463,10.1921,1226,0.0,7.2,15.0,36,2847,0.0,-13.600000000000001,14.8,37,-0.307,0,
C-A-1,1,1.67496,-29.6463,10.1921,1226,0.0,7.2,15.0,36,2847,0.0,-13.600000000000001,14.8,37,-0.307,0,
C-A-1,1,1.67594,-29.6463,10.1921,1226,0.0,7.2,15.0,36,2847,0.0,-13.600000000000001,14.8,37,-0.307,0,
C-A-1,1,1.67694,-29.6463,10.1921,1226,0.0,7.2,15.0,36,2847,0.0,-13.600000000000001,14.8,37,-0.307,0,
C-A-1,1,1.67796,-29.6463,10.1921,1226,0.0,7.2,15.0,36,2847,0.0,-13.600000000000001,14.8,37,-0.307,0,
C-A-1,1,1.67894,-29.6463,10.1921,1226,0.0,7.2,15.0,36,2847,0.0,-13.600000000000001,14.8,37,-0.307,0,
C-A-1,1,1.67994,-29.6463,10.1921,1226,0.0,7.2,15.0,36,2847,0.0,-13.600000000000001,14.8,37,-0.307,0,
C-A-1,1,1.68096,-29.6463,10.1921,1226,0.0,7.2,15.0,36,2847,0.0,-13.600000000000001,14.8,37,-0.307,0,
C-A-1,1,1.68194,-29.6463,10.1921,1226,0.0,7.2,15.0,36,2847,0.0,-13.600000000000001,14.8,37,-0.307,0,
C-A-1,1,1.68294,-29.6463,10.1921,1226,0.0,7.2,15.0,36,2847,0.0,-13.600000000000001,14.8,37,-0.307,0,
C-A-1,1,1.68394,-29.6463,10.1921,1226,0.0,7.2,15.0,36,2847,0.0,-13.600000000000001,14.8,37,-0.307,0,
C-A-1,1,1.68494,-29.6463,10.1921,1226,0.0,7.2,15.0,36,2846,0.0,-14.4,14.8,37,-0.345,0,
C-A-1,1,1.68594,-29.6463,10.1921,1226,0.0,7.2,15.0,36,2847,0.0,-13.600000000000001,14.8,37,-0.307,0,
C-A-1,1,1.68696,-29.6463,10.1921,1226,0.0,7.2,15.0,36,2847,0.0,-13.600000000000001,14.8,37,-0.307,0,
C-A-1,1,1.68794,-29.6463,10.1921,1226,0.0,7.2,15.0,36,2847,0.0,-13.600000000000001,14.8,37,-0.307,0,
C-A-1,1,1.68894,-29.6463,10.1921,1226,0.0,7.2,15.0,36,2847,0.0,-13.600000000000001,14.8,37,-0.307,0,
C-A-1,1,1.68996,-29.6463,10.1921,1226,0.0,7.2,15.0,36,2847,0.0,-13.600000000000001,14.8,37,-0.307,0,
C-A-1,1,1.69094,-29.6463,10.1921,1226,0.0,7.2,15.0,36,2847,0.0,-13.600000000000001,14.8,37,-0.307,0,
C-A-1,1,1.69194,-29.6463,10.1921,1226,0.0,7.2,15.0,36,2847,0.0,-13.600000000000001,14.8,37,-0.307,0,
C-A-1,1,1.69296,-29.6463,10.1921,1226,0.0,7.2,15.0,36,2847,0.0,-13.600000000000001,14.8,37,-0.307,0,
C-A-1,1,1.69394,-29.6463,10.1921,1226,0.0,7.2,15.0,36,2847,0.0,-13.600000000000001,14.8,37,-0.307,0,
C-A-1,1,1.69494,-29.6463,10.1921,1226,0.0,7.2,15.0,36,2846,0.0,-14.4,14.8,37,-0.345,0,
C-A-1,1,1.69596,-29.6463,10.1921,1226,0.0,7.2,15.0,36,2847,0.0,-13.600000000000001,14.8,37,-0.307,0,
C-A-1,1,1.69694,-29.6463,10.1921,1226,0.0,7.2,15.0,36,2847,0.0,-13.600000000000001,14.8,37,-0.307,0,
C-A-1,1,1.69794,-29.6463,10.1921,1226,0.0,7.2,15.0,36,2847,0.0,-13.600000000000001,14.8,37,-0.307,0,
C-A-1,1,1.69896,-29.6463,10.1921,1226,0.0,7.2,15.0,36,2847,0.0,-13.600000000000001,14.8,37,-0.307,0,
C-A-1,1,1.69994,-29.6463,10.1921,1226,0.0,7.2,15.0,36,2847,0.0,-13.600000000000001,14.8,37,-0.307,0,
C-A-1,1,1.70094,-29.6463,10.1921,1226,0.0,7.2,15.0,36,2847,0.0,-13.600000000000001,14.8,37,-0.307,0,
C-A-1,1,1.70196,-29.6463,10.1921,1226,0.0,7.2,15.0,36,2847,0.0,-13.600000000000001,14.8,37,-0.307,0,
C-A-1,1,1.70294,-29.6463,10.1921,1226,0.0,7.2,15.0,36,2847,0.0,-13.600000000000001,14.8,37,-0.307,0,
C-A-1,1,1.70394,-29.6463,10.1921,1226,0.0,7.2,15.0,36,2847,0.0,-13.600000000000001,14.8,37,-0.307,0,
C-A-1,1,1.70496,-29.6463,10.1921,1226,0.0,7.2,15.0,36,2847,0.0,-13.600000000000001,14.8,37,-0.307,0,
C-A-1,1,1.70594,-29.6463,10.1921,1226,0.0,7.2,15.0,36,2847,0.0,-13.600000000000001,14.8,37,-0.307,0,
C-A-1,1,1.70694,-29.6463,10.1921,1226,0.0,7.2,15.0,36,2847,0.0,-13.600000000000001,14.8,37,-0.307,0,
C-A-1,1,1.70796,-29.6463,10.1921,1226,0.0,7.2,15.0,36,2847,0.0,-13.600000000000001,14.8,37,-0.307,0,
C-A-1,1,1.70895,-29.6463,10.1921,1226,0.0,7.2,15.0,36,2847,0.0,-13.600000000000001,14.8,37,-0.307,0,
C-A-1,1,1.70994,-29.6463,10.1921,1226,0.0,7.2,15.0,36,2847,0.0,-13.600000000000001,14.8,37,-0.307,0,
C-A-1,1,1.71096,-29.6463,10.1921,1226,0.0,7.2,15.0,36,2847,0.0,-13.600000000000001,14.8,37,-0.307,0,
C-A-1,1,1.71194,-29.6463,10.1921,1226,0.0,7.2,15.0,36,2847,0.0,-13.600000000000001,14.8,37,-0.307,0,
C-A-1,1,1.71294,-29.6463,10.1921,1226,0.0,7.2,15.0,36,2847,0.0,-13.600000000000001,14.8,37,-0.307,0,
C-A-1,1,1.71396,-29.6463,10.1921,1226,0.0,7.2,15.0,36,2847,0.0,-13.600000000000001,14.8,37,-0.307,0,
C-A-1,1,1.71494,-29.6463,10.1921,1226,0.0,7.2,15.0,36,2847,0.0,-13.600000000000001,14.8,37,-0.307,0,
C-A-1,1,1.71594,-29.6463,10.1921,1226,0.0,7.2,15.0,36,2847,0.0,-13.600000000000001,14.8,37,-0.307,0,
C-A-1,1,1.71696,-29.6463,10.1921,1226,0.0,7.2,15.0,36,2847,0.0,-13.600000000000001,14.8,37,-0.307,0,
C-A-1,1,1.71794,-29.6463,10.1921,1226,0.0,7.2,15.0,36,2847,0.0,-13.600000000000001,14.8,37,-0.307,0,
C-A-1,1,1.71894,-29.6463,10.1921,1226,0.0,7.2,15.0,36,2847,0.0,-13.600000000000001,14.8,37,-0.307,0,
C-A-1,1,1.71996,-29.6463,10.1921,1226,0.0,7.2,15.0,36,2847,0.0,-13.600000000000001,14.8,37,-0.307,0,
C-A-1,1,1.72095,-29.6463,10.1921,1226,0.0,7.2,15.0,36,2847,0.0,-13.600000000000001,14.8,37,-0.307,0,
C-A-1,1,1.72195,-29.6463,10.1921,1226,0.0,7.2,15.0,36,2847,0.0,-13.600000000000001,14.8,37,-0.307,0,
C-A-1,1,1.72296,-29.6463,10.1921,1226,0.0,7.2,15.0,36,2847,0.0,-13.600000000000001,14.8,37,-0.307,0,
C-A-1,1,1.72394,-29.6463,10.1921,1226,0.0,7.2,15.0,36,2847,0.0,-14.4,14.8,37,-0.307,0,
C-A-1,1,1.72494,-29.6463,10.1921,1226,0.0,7.2,15.0,36,2846,0.0,-14.4,14.8,37,-0.345,0,
C-A-1,1,1.72596,-29.6463,10.1921,1226,0.0,7.2,15.0,36,2847,0.0,-13.600000000000001,14.8,37,-0.307,0,
C-A-1,1,1.72695,-29.6463,10.1921,1226,0.0,7.2,15.0,36,2847,0.0,-13.600000000000001,14.8,37,-0.307,0,
C-A-1,1,1.72794,-29.6463,10.1921,1226,0.0,7.2,15.0,36,2847,0.0,-13.600000000000001,14.8,37,-0.307,0,
C-A-1,1,1.72896,-29.6463,10.1921,1226,0.0,7.2,15.0,36,2847,0.0,-13.600000000000001,14.8,37,-0.307,0,
C-A-1,1,1.72995,-29.6463,10.1921,1226,0.0,7.2,15.0,36,2847,0.0,-13.600000000000001,14.8,37,-0.307,0,
C-A-1,1,1.73094,-29.6463,10.1921,1226,0.0,7.2,15.0,36,2847,0.0,-13.600000000000001,14.8,37,-0.307,0,
C-A-1,1,1.73196,-29.6463,10.1921,1226,0.0,7.2,15.0,36,2847,0.0,-13.600000000000001,14.8,37,-0.307,0,
C-A-1,1,1.73295,-29.6463,10.1921,1226,0.0,7.2,15.0,36,2847,0.0,-13.600000000000001,14.8,37,-0.307,0,
C-A-1,1,1.73394,-29.6463,10.1921,1226,0.0,7.2,14.9,36,2847,0.0,-13.600000000000001,14.8,37,-0.307,0,
C-A-1,1,1.73496,-29.6463,10.1921,1226,0.0,7.2,14.9,36,2847,0.0,-13.600000000000001,14.8,37,-0.307,0,
C-A-1,1,1.73595,-29.6463,10.1921,1226,0.0,7.2,14.9,36,2847,0.0,-13.600000000000001,14.8,37,-0.307,0,
C-A-1,1,1.73694,-29.6463,10.1921,1226,0.0,7.2,14.9,36,2847,0.0,-13.600000000000001,14.8,37,-0.307,0,
C-A-1,1,1.73796,-29.6463,10.1921,1226,0.0,7.2,14.9,36,2847,0.0,-13.600000000000001,14.8,37,-0.307,0,
C-A-1,1,1.73895,-29.6463,10.1921,1226,0.0,7.2,14.9,36,2847,0.0,-13.600000000000001,14.8,37,-0.307,0,
C-A-1,1,1.73994,-29.6463,10.1921,1226,0.0,7.2,14.9,36,2847,0.0,-13.600000000000001,14.8,37,-0.307,0,
C-A-1,1,1.74094,-29.6463,10.1921,1226,0.0,7.2,14.9,36,2847,0.0,-13.600000000000001,14.8,37,-0.307,0,
C-A-1,1,1.74195,-29.6463,10.1921,1226,0.0,7.2,14.9,36,2847,0.0,-13.600000000000001,14.8,37,-0.307,0,
C-A-1,1,1.74294,-29.6463,10.1921,1226,0.0,7.2,14.9,36,2847,0.0,-13.600000000000001,14.8,37,-0.307,0,
C-A-1,1,1.74397,-29.6463,10.1921,1226,0.0,7.2,14.9,36,2847,0.0,-13.600000000000001,14.8,37,-0.307,0,
C-A-1,1,1.74495,-29.6463,10.1921,1226,0.0,7.2,14.9,36,2847,0.0,-13.600000000000001,14.8,37,-0.307,0,
C-A-1,1,1.74594,-29.6463,10.1921,1226,0.0,7.2,14.9,36,2847,0.0,-13.600000000000001,14.8,37,-0.307,0,
C-A-1,1,1.74696,-29.6463,10.1921,1226,0.0,7.2,14.9,36,2847,0.0,-13.600000000000001,14.8,37,-0.307,0,
C-A-1,1,1.74795,-29.6463,10.1921,1226,0.0,7.2,14.9,36,2847,0.0,-13.600000000000001,14.8,37,-0.307,0,
C-A-1,1,1.74894,-29.6463,10.1921,1226,0.0,7.2,14.9,36,2847,0.0,-13.600000000000001,14.8,37,-0.307,0,
C-A-1,1,1.74996,-29.608,10.196,1227,0.0,8.0,14.9,36,2847,0.0,-13.600000000000001,14.8,37,-0.268,0,
C-A-1,1,1.75095,-29.6463,10.1921,1226,0.0,7.2,14.9,36,2846,0.0,-14.4,14.8,37,-0.345,0,
C-A-1,1,1.75194,-29.6463,10.1921,1226,0.0,7.2,14.9,36,2847,0.0,-13.600000000000001,14.8,37,-0.307,0,
C-A-1,1,1.75297,-29.6463,10.1921,1226,0.0,7.2,14.9,36,2846,0.0,-14.4,14.8,37,-0.345,0,
C-A-1,1,1.75395,-29.6463,10.1921,1226,0.0,7.2,14.9,36,2846,0.0,-14.4,14.8,37,-0.345,0,
C-A-1,1,1.75495,-29.6463,10.1921,1226,0.0,7.2,14.9,36,2847,0.0,-13.600000000000001,14.8,37,-0.307,0,
C-A-1,1,1.75595,-29.6463,10.1921,1226,0.0,7.2,14.9,36,2847,0.0,-13.600000000000001,14.8,37,-0.307,0,
C-A-1,1,1.75695,-29.6463,10.1921,1226,0.0,7.2,14.9,36,2847,0.0,-13.600000000000001,14.8,37,-0.307,0,
C-A-1,1,1.75795,-29.6463,10.1921,1226,0.0,7.2,14.9,36,2847,0.0,-13.600000000000001,14.8,37,-0.307,0,
C-A-1,1,1.75897,-29.6463,10.1921,1226,0.0,7.2,14.9,36,2847,0.0,-13.600000000000001,14.8,37,-0.307,0,
C-A-1,1,1.75995,-29.6463,10.1921,1226,0.0,7.2,14.9,36,2847,0.0,-13.600000000000001,14.8,37,-0.307,0,
C-A-1,1,1.76095,-29.6463,10.1921,1226,0.0,7.2,14.9,36,2847,0.0,-13.600000000000001,14.8,37,-0.307,0,
C-A-1,1,1.76197,-29.6463,10.1921,1226,0.0,7.2,14.9,36,2847,0.0,-13.600000000000001,14.8,37,-0.307,0,
C-A-1,1,1.76295,-29.6463,10.1921,1226,0.0,7.2,14.9,36,2847,0.0,-13.600000000000001,14.8,37,-0.307,0,
C-A-1,1,1.76395,-29.6463,10.1921,1226,0.0,7.2,14.9,36,2847,0.0,-13.600000000000001,14.8,37,-0.307,0,
C-A-1,1,1.76497,-29.6463,10.1921,1226,0.0,7.2,14.9,36,2847,0.0,-13.600000000000001,14.8,37,-0.307,0,
C-A-1,1,1.76595,-29.6463,10.1921,1226,0.0,7.2,14.9,36,2847,0.0,-13.600000000000001,14.8,37,-0.307,0,
C-A-1,1,1.76695,-29.6463,10.1921,1226,0.0,7.2,14.9,36,2847,0.0,-13.600000000000001,14.8,37,-0.307,0,
C-A-1,1,1.76797,-29.6463,10.1921,1226,0.0,7.2,14.9,36,2847,0.0,-13.600000000000001,14.8,37,-0.307,0,
C-A-1,1,1.76895,-29.6463,10.1921,1226,0.0,7.2,14.9,36,2847,0.0,-13.600000000000001,14.8,37,-0.307,0,
C-A-1,1,1.76995,-29.6463,10.1921,1226,0.0,7.2,14.9,36,2846,0.0,-14.4,14.8,37,-0.345,0,
C-A-1,1,1.77097,-29.6463,10.1921,1226,0.0,7.2,14.9,36,2847,0.0,-13.600000000000001,14.8,37,-0.307,0,
C-A-1,1,1.77195,-29.6463,10.1921,1226,0.0,7.2,14.9,36,2846,0.0,-14.4,14.8,37,-0.345,0,
C-A-1,1,1.77295,-29.6463,10.1921,1226,0.0,7.2,14.9,36,2847,0.0,-13.600000000000001,14.8,37,-0.307,0,
C-A-1,1,1.77397,-29.6463,10.1921,1226,0.0,7.2,14.9,36,2847,0.0,-13.600000000000001,14.8,37,-0.307,0,
C-A-1,1,1.77495,-29.6463,10.1921,1226,0.0,7.2,14.9,36,2847,0.0,-13.600000000000001,14.8,37,-0.307,0,
C-A-1,1,1.77595,-29.6463,10.1921,1226,0.0,7.2,14.9,36,2847,0.0,-13.600000000000001,14.8,37,-0.307,0,
C-A-1,1,1.77697,-29.6463,10.1921,1226,0.0,7.2,14.9,36,2847,0.0,-13.600000000000001,14.8,37,-0.307,0,
C-A-1,1,1.77795,-29.6463,10.1921,1226,0.0,7.2,14.9,36,2846,0.0,-14.4,14.8,37,-0.345,0,
C-A-1,1,1.77895,-29.6463,10.1921,1226,0.0,7.2,14.9,36,2847,0.0,-13.600000000000001,14.8,37,-0.307,0,
C-A-1,1,1.77997,-29.6463,10.1921,1226,0.0,7.2,14.9,36,2846,0.0,-14.4,14.8,37,-0.345,0,
C-A-1,1,1.78095,-29.608,10.196,1227,0.0,8.0,14.9,36,2846,0.0,-14.4,14.8,37,-0.307,0,
C-A-1,1,1.78195,-29.6463,10.1921,1226,0.0,7.2,14.9,36,2847,0.0,-13.600000000000001,14.8,37,-0.307,0,
C-A-1,1,1.78297,-29.6463,10.1921,1226,0.0,7.2,14.9,36,2847,0.0,-13.600000000000001,14.8,37,-0.307,0,
C-A-1,1,1.78395,-29.6463,10.1921,1226,0.0,7.2,14.9,36,2847,0.0,-13.600000000000001,14.8,37,-0.307,0,
C-A-1,1,1.78495,-29.6463,10.1921,1226,0.0,7.2,14.9,36,2847,0.0,-13.600000000000001,14.8,37,-0.307,0,
C-A-1,1,1.78597,-29.6463,10.1921,1226,0.0,7.2,14.9,36,2847,0.0,-13.600000000000001,14.8,37,-0.307,0,
C-A-1,1,1.78695,-29.6463,10.1921,1226,0.0,7.2,14.9,36,2846,0.0,-14.4,14.8,37,-0.345,0,
C-A-1,1,1.78795,-29.6463,10.1921,1226,0.0,7.2,14.9,36,2847,0.0,-13.600000000000001,14.8,37,-0.307,0,
C-A-1,1,1.78897,-29.6463,10.1921,1226,0.0,7.2,14.9,36,2846,0.0,-14.4,14.8,37,-0.345,0,
C-A-1,1,1.78995,-29.6463,10.1921,1226,0.0,7.2,14.9,36,2847,0.0,-13.600000000000001,14.8,37,-0.307,0,
C-A-1,1,1.79095,-29.6463,10.1921,1226,0.0,7.2,14.9,36,2847,0.0,-13.600000000000001,14.8,37,-0.307,0,
C-A-1,1,1.79197,-29.6463,10.1921,1226,0.0,7.2,14.9,36,2847,0.0,-13.600000000000001,14.8,37,-0.307,0,
C-A-1,1,1.79295,-29.6463,10.1921,1226,0.0,7.2,14.9,36,2847,0.0,-13.600000000000001,14.8,37,-0.307,0,
C-A-1,1,1.79395,-29.6463,10.1921,1226,0.0,7.2,14.9,36,2846,0.0,-14.4,14.8,37,-0.345,0,
C-A-1,1,1.79497,-29.6463,10.1921,1226,0.0,7.2,14.9,36,2847,0.0,-13.600000000000001,14.8,37,-0.307,0,
C-A-1,1,1.79595,-29.6463,10.1921,1226,0.0,7.2,14.9,36,2847,0.0,-13.600000000000001,14.8,37,-0.307,0,
C-A-1,1,1.79695,-29.6463,10.1921,1226,0.0,7.2,14.9,36,2847,0.0,-13.600000000000001,14.8,37,-0.307,0,
C-A-1,1,1.79797,-29.6463,10.1921,1226,0.0,7.2,14.9,36,2846,0.0,-14.4,14.8,37,-0.345,0,
C-A-1,1,1.79896,-29.6463,10.1921,1226,0.0,7.2,14.9,36,2847,0.0,-13.600000000000001,14.8,37,-0.307,0,
C-A-1,1,1.79995,-29.6463,10.1921,1226,0.0,7.2,14.9,36,2847,0.0,-13.600000000000001,14.8,37,-0.307,0,
C-A-1,1,1.80097,-29.6463,10.1921,1226,0.0,7.2,14.9,36,2847,0.0,-13.600000000000001,14.8,37,-0.307,0,
C-A-1,1,1.80195,-29.6463,10.1921,1226,0.0,7.2,14.9,36,2847,0.0,-13.600000000000001,14.8,37,-0.307,0,
C-A-1,1,1.80295,-29.6463,10.1921,1226,0.0,7.2,14.9,36,2847,0.0,-13.600000000000001,14.8,37,-0.307,0,
C-A-1,1,1.80396,-29.6463,10.1921,1226,0.0,7.2,14.9,36,2847,0.0,-13.600000000000001,14.8,37,-0.307,0,
C-A-1,1,1.80495,-29.6463,10.1921,1226,0.0,7.2,14.9,36,2847,0.0,-13.600000000000001,14.8,37,-0.307,0,
C-A-1,1,1.80594,-29.6463,10.1921,1226,0.0,7.2,14.9,36,2847,0.0,-13.600000000000001,14.8,37,-0.307,0,
C-A-1,1,1.80697,-29.6463,10.1921,1226,0.0,7.2,14.9,36,2847,0.0,-13.600000000000001,14.8,37,-0.307,0,
C-A-1,1,1.80795,-29.6463,10.1921,1226,0.0,7.2,14.9,36,2847,0.0,-13.600000000000001,14.8,37,-0.307,0,
C-A-1,1,1.80895,-29.6463,10.1921,1226,0.0,7.2,14.9,36,2847,0.0,-13.600000000000001,14.8,37,-0.307,0,
C-A-1,1,1.80995,-29.6463,10.1921,1226,0.0,7.2,14.9,36,2847,0.0,-13.600000000000001,14.8,37,-0.307,0,
C-A-1,1,1.81095,-29.6463,10.1921,1226,0.0,7.2,14.9,36,2847,0.0,-13.600000000000001,14.8,37,-0.307,0,
C-A-1,1,1.81195,-29.6463,10.1921,1226,0.0,7.2,14.9,36,2847,0.0,-13.600000000000001,14.8,37,-0.307,0,
C-A-1,1,1.81295,-29.6463,10.1921,1226,0.0,7.2,14.9,36,2847,0.0,-13.600000000000001,14.8,37,-0.307,0,
C-A-1,1,1.81395,-29.6463,10.1921,1226,0.0,7.2,14.9,36,2847,0.0,-13.600000000000001,14.8,37,-0.307,0,
C-A-1,1,1.81495,-29.6463,10.1921,1226,0.0,7.2,14.9,36,2847,0.0,-13.600000000000001,14.8,37,-0.307,0,
C-A-1,1,1.81597,-29.6463,10.1921,1226,0.0,7.2,14.9,36,2847,0.0,-13.600000000000001,14.8,37,-0.307,0,
C-A-1,1,1.81697,-29.6463,10.1921,1226,0.0,7.2,14.9,36,2846,0.0,-14.4,14.8,37,-0.345,0,
C-A-1,1,1.81795,-29.6463,10.1921,1226,0.0,7.2,14.9,36,2847,0.0,-13.600000000000001,14.8,37,-0.307,0,
C-A-1,1,1.81895,-29.6463,10.1921,1226,0.0,7.2,14.9,36,2847,0.0,-13.600000000000001,14.8,37,-0.307,0,
C-A-1,1,1.81993,-29.6463,10.1921,1226,0.0,7.2,14.9,36,2847,0.0,-13.600000000000001,14.8,37,-0.307,0,
C-A-1,1,1.82095,-29.6463,10.1921,1226,0.0,7.2,14.9,36,2846,0.0,-14.4,14.8,37,-0.345,0,
C-A-1,1,1.82193,-29.6463,10.1921,1226,0.0,7.2,14.9,36,2847,0.0,-13.600000000000001,14.8,37,-0.307,0,
C-A-1,1,1.82295,-29.6463,10.1921,1226,0.0,7.2,14.9,36,2846,0.0,-14.4,14.8,37,-0.345,0,
C-A-1,1,1.82393,-29.6463,10.1921,1226,0.0,7.2,14.9,36,2847,0.0,-13.600000000000001,14.8,37,-0.307,0,
C-A-1,1,1.82495,-29.608,10.196,1227,0.0,8.0,14.9,36,2847,0.0,-13.600000000000001,14.8,37,-0.268,0,
C-A-1,1,1.82593,-29.6463,10.1921,1226,0.0,7.2,14.9,36,2847,0.0,-13.600000000000001,14.8,37,-0.307,0,
C-A-1,1,1.82694,-29.6463,10.1921,1226,0.0,7.2,14.9,36,2847,0.0,-13.600000000000001,14.8,37,-0.307,0,
C-A-1,1,1.82793,-29.6463,10.1921,1226,0.0,7.2,14.9,36,2847,0.0,-13.600000000000001,14.8,37,-0.307,0,
C-A-1,1,1.82895,-29.6463,10.1921,1226,0.0,7.2,14.9,36,2847,0.0,-13.600000000000001,14.8,37,-0.307,0,
C-A-1,1,1.82993,-29.6463,10.1921,1226,0.0,7.2,14.9,36,2847,0.0,-13.600000000000001,14.8,37,-0.307,0,
C-A-1,1,1.83095,-29.6463,10.1921,1226,0.0,7.2,14.9,36,2847,0.0,-13.600000000000001,14.8,37,-0.307,0,
C-A-1,1,1.83194,-29.6463,10.1921,1226,0.0,7.2,14.9,36,2847,0.0,-13.600000000000001,14.8,37,-0.307,0,
C-A-1,1,1.83295,-29.6463,10.1921,1226,0.0,7.2,14.9,36,2847,0.0,-13.600000000000001,14.8,37,-0.307,0,
C-A-1,1,1.83394,-29.6463,10.1921,1226,0.0,7.2,14.9,36,2847,0.0,-13.600000000000001,14.8,37,-0.307,0,
C-A-1,1,1.83495,-29.6463,10.1921,1226,0.0,7.2,14.9,36,2847,0.0,-13.600000000000001,14.8,37,-0.307,0,
C-A-1,1,1.83593,-29.6463,10.1921,1226,0.0,7.2,14.9,36,2847,0.0,-13.600000000000001,14.8,37,-0.307,0,
C-A-1,1,1.83695,-29.6463,10.1921,1226,0.0,7.2,14.9,36,2847,0.0,-13.600000000000001,14.8,37,-0.307,0,
C-A-1,1,1.83794,-29.6463,10.1921,1226,0.0,7.2,14.9,36,2847,0.0,-13.600000000000001,14.8,37,-0.307,0,
C-A-1,1,1.83895,-29.6463,10.1921,1226,0.0,7.2,14.9,36,2847,0.0,-13.600000000000001,14.8,37,-0.307,0,
C-A-1,1,1.83994,-29.6463,10.1921,1226,0.0,7.2,14.9,36,2846,0.0,-14.4,14.8,37,-0.345,0,
C-A-1,1,1.84095,-29.6463,10.1921,1226,0.0,7.2,14.9,36,2847,0.0,-13.600000000000001,14.8,37,-0.307,0,
C-A-1,1,1.84194,-29.6463,10.1921,1226,0.0,7.2,14.9,36,2847,0.0,-13.600000000000001,14.8,37,-0.307,0,
C-A-1,1,1.84295,-29.6463,10.1921,1226,0.0,7.2,14.9,36,2846,0.0,-14.4,14.8,37,-0.345,0,
C-A-1,1,1.84394,-29.6463,10.1921,1226,0.0,7.2,14.9,36,2847,0.0,-13.600000000000001,14.8,37,-0.307,0,
C-A-1,1,1.84495,-29.6463,10.1921,1226,0.0,7.2,14.9,36,2847,0.0,-13.600000000000001,14.8,37,-0.307,0,
C-A-1,1,1.84594,-29.6463,10.1921,1226,0.0,7.2,14.9,36,2847,0.0,-13.600000000000001,14.8,37,-0.307,0,
C-A-1,1,1.84695,-29.6463,10.1921,1226,0.0,7.2,14.9,36,2846,0.0,-14.4,14.8,37,-0.345,0,
C-A-1,1,1.84794,-29.6463,10.1921,1226,0.0,7.2,14.9,36,2847,0.0,-13.600000000000001,14.8,37,-0.307,0,
C-A-1,1,1.84895,-29.6463,10.1921,1226,0.0,7.2,14.9,36,2847,0.0,-13.600000000000001,14.8,37,-0.307,0,
C-A-1,1,1.84994,-29.6463,10.1921,1226,0.0,7.2,14.9,36,2846,0.0,-14.4,14.8,37,-0.345,0,
C-A-1,1,1.85095,-29.6463,10.1921,1226,0.0,7.2,14.9,36,2847,0.0,-13.600000000000001,14.8,37,-0.307,0,
C-A-1,1,1.85194,-29.6463,10.1921,1226,0.0,7.2,14.9,36,2847,0.0,-13.600000000000001,14.8,37,-0.307,0,
C-A-1,1,1.85295,-29.6463,10.1921,1226,0.0,7.2,14.9,36,2847,0.0,-13.600000000000001,14.8,37,-0.307,0,
C-A-1,1,1.85394,-29.6463,10.1921,1226,0.0,7.2,14.9,36,2847,0.0,-13.600000000000001,14.8,37,-0.307,0,
C-A-1,1,1.85495,-29.6463,10.1921,1226,0.0,7.2,14.9,36,2847,0.0,-13.600000000000001,14.8,37,-0.307,0,
C-A-1,1,1.85594,-29.6463,10.1921,1226,0.0,7.2,14.9,36,2847,0.0,-14.4,14.8,37,-0.307,0,
C-A-1,1,1.85695,-29.6463,10.1921,1226,0.0,7.2,14.9,36,2846,0.0,-14.4,14.8,37,-0.345,0,
C-A-1,1,1.85794,-29.6463,10.1921,1226,0.0,7.2,14.9,36,2847,0.0,-13.600000000000001,14.8,37,-0.307,0,
C-A-1,1,1.85895,-29.6463,10.1921,1226,0.0,7.2,14.9,36,2847,0.0,-13.600000000000001,14.8,37,-0.307,0,
C-A-1,1,1.85994,-29.6463,10.1921,1226,0.0,7.2,14.9,36,2847,0.0,-13.600000000000001,14.8,37,-0.307,0,
C-A-1,1,1.86095,-29.6463,10.1921,1226,0.0,7.2,14.9,36,2847,0.0,-13.600000000000001,14.8,37,-0.307,0,
C-A-1,1,1.86193,-29.6463,10.1921,1226,0.0,7.2,14.9,36,2847,0.0,-13.600000000000001,14.8,37,-0.307,0,
C-A-1,1,1.86295,-29.6463,10.1921,1226,0.0,7.2,14.9,36,2847,0.0,-13.600000000000001,14.8,37,-0.307,0,
C-A-1,1,1.86394,-29.6463,10.1921,1226,0.0,7.2,14.9,36,2847,0.0,-13.600000000000001,14.8,37,-0.307,0,
C-A-1,1,1.86495,-29.6463,10.1921,1226,0.0,7.2,14.9,36,2847,0.0,-13.600000000000001,14.8,37,-0.307,0,
C-A-1,1,1.86594,-29.6463,10.1921,1226,0.0,7.2,14.9,36,2847,0.0,-13.600000000000001,14.8,37,-0.307,0,
C-A-1,1,1.86695,-29.6463,10.1921,1226,0.0,7.2,14.9,36,2847,0.0,-13.600000000000001,14.8,37,-0.307,0,
C-A-1,1,1.86794,-29.6463,10.1921,1226,0.0,7.2,14.9,36,2847,0.0,-13.600000000000001,14.8,37,-0.307,0,
C-A-1,1,1.86895,-29.6463,10.1921,1226,0.0,7.2,14.9,36,2847,0.0,-13.600000000000001,14.8,37,-0.307,0,
C-A-1,1,1.86994,-29.6463,10.1921,1226,0.0,7.2,14.9,36,2847,0.0,-13.600000000000001,14.8,37,-0.307,0,
C-A-1,1,1.87095,-29.6463,10.1921,1226,0.0,7.2,14.9,36,2847,0.0,-13.600000000000001,14.8,37,-0.307,0,
C-A-1,1,1.87194,-29.6463,10.1921,1226,0.0,7.2,14.9,36,2847,0.0,-13.600000000000001,14.8,37,-0.307,0,
C-A-1,1,1.87296,-29.6463,10.1921,1226,0.0,7.2,14.9,36,2847,0.0,-13.600000000000001,14.8,37,-0.307,0,
C-A-1,1,1.87394,-29.6463,10.1921,1226,0.0,7.2,14.9,36,2847,0.0,-13.600000000000001,14.8,37,-0.307,0,
C-A-1,1,1.87493,-29.6463,10.1921,1226,0.0,7.2,14.9,36,2847,0.0,-13.600000000000001,14.8,37,-0.307,0,
C-A-1,1,1.87594,-29.6463,10.1921,1226,0.0,7.2,14.9,36,2847,0.0,-13.600000000000001,14.8,37,-0.307,0,
C-A-1,1,1.87693,-29.6463,10.1921,1226,0.0,7.2,14.9,36,2847,0.0,-13.600000000000001,14.8,37,-0.307,0,
C-A-1,1,1.87794,-29.6463,10.1921,1226,0.0,7.2,14.9,36,2847,0.0,-13.600000000000001,14.8,37,-0.307,0,
C-A-1,1,1.87893,-29.6463,10.1921,1226,0.0,7.2,14.9,36,2847,0.0,-13.600000000000001,14.8,37,-0.307,0,
C-A-1,1,1.87994,-29.6463,10.1921,1226,0.0,7.2,14.9,36,2847,0.0,-13.600000000000001,14.8,37,-0.307,0,
C-A-1,1,1.88093,-29.6463,10.1921,1226,0.0,7.2,14.9,36,2847,0.0,-13.600000000000001,14.8,37,-0.307,0,
C-A-1,1,1.88194,-29.6463,10.1921,1226,0.0,7.2,14.9,36,2847,0.0,-13.600000000000001,14.8,37,-0.307,0,
C-A-1,1,1.88293,-29.6463,10.1921,1226,0.0,7.2,14.9,36,2847,0.0,-13.600000000000001,14.8,37,-0.307,0,
C-A-1,1,1.88394,-29.6463,10.1921,1226,0.0,7.2,14.9,36,2847,0.0,-13.600000000000001,14.8,37,-0.307,0,
C-A-1,1,1.88493,-29.6463,10.1921,1226,0.0,7.2,14.9,36,2847,0.0,-13.600000000000001,14.8,37,-0.307,0,
C-A-1,1,1.88594,-29.6463,10.1921,1226,0.0,7.2,14.9,36,2847,0.0,-13.600000000000001,14.8,37,-0.307,0,
C-A-1,1,1.88694,-29.6463,10.1921,1226,0.0,7.2,14.9,36,2847,0.0,-13.600000000000001,14.8,37,-0.307,0,
C-A-1,1,1.88794,-29.6463,10.1921,1226,0.0,7.2,14.9,36,2847,0.0,-13.600000000000001,14.8,37,-0.307,0,
C-A-1,1,1.88894,-29.6463,10.1921,1226,0.0,7.2,14.9,36,2847,0.0,-13.600000000000001,14.8,37,-0.307,0,
C-A-1,1,1.88994,-29.6463,10.1921,1226,0.0,7.2,14.9,36,2847,0.0,-13.600000000000001,14.8,37,-0.307,0,
C-A-1,1,1.89094,-29.6463,10.1921,1226,0.0,7.2,14.9,36,2847,0.0,-13.600000000000001,14.8,37,-0.307,0,
C-A-1,1,1.89194,-29.6463,10.1921,1226,0.0,7.2,14.9,36,2847,0.0,-13.600000000000001,14.8,37,-0.307,0,
C-A-1,1,1.89294,-29.6463,10.1921,1226,0.0,7.2,14.9,36,2847,0.0,-13.600000000000001,14.8,37,-0.307,0,
C-A-1,1,1.89394,-29.6463,10.1921,1226,0.0,7.2,14.9,36,2847,0.0,-13.600000000000001,14.8,37,-0.307,0,
C-A-1,1,1.89493,-29.6463,10.1921,1226,0.0,7.2,14.9,36,2847,0.0,-13.600000000000001,14.8,37,-0.307,0,
C-A-1,1,1.89594,-29.6463,10.1921,1226,0.0,7.2,14.9,36,2847,0.0,-13.600000000000001,14.8,37,-0.307,0,
C-A-1,1,1.89694,-29.6463,10.1921,1226,0.0,7.2,14.9,36,2847,0.0,-13.600000000000001,14.8,37,-0.307,0,
C-A-1,1,1.89794,-29.6463,10.1921,1226,0.0,7.2,14.9,36,2847,0.0,-13.600000000000001,14.8,37,-0.307,0,
C-A-1,1,1.89893,-29.6463,10.1921,1226,0.0,7.2,14.9,36,2847,0.0,-13.600000000000001,14.8,37,-0.307,0,
C-A-1,1,1.89994,-29.6463,10.1921,1226,0.0,7.2,14.9,36,2846,0.0,-14.4,14.8,37,-0.345,0,
C-A-1,1,1.90094,-29.6463,10.1921,1226,0.0,7.2,14.9,36,2847,0.0,-13.600000000000001,14.8,37,-0.307,0,
C-A-1,1,1.90193,-29.6463,10.1921,1226,0.0,7.2,14.9,36,2847,0.0,-13.600000000000001,14.8,37,-0.307,0,
C-A-1,1,1.90294,-29.6463,10.1921,1226,0.0,7.2,14.9,36,2847,0.0,-13.600000000000001,14.8,37,-0.307,0,
C-A-1,1,1.90394,-29.6463,10.1921,1226,0.0,7.2,14.9,36,2847,0.0,-13.600000000000001,14.8,37,-0.307,0,
C-A-1,1,1.90494,-29.6463,10.1921,1226,0.0,7.2,14.9,36,2847,0.0,-13.600000000000001,14.8,37,-0.307,0,
C-A-1,1,1.90594,-29.6463,10.1921,1226,0.0,7.2,14.9,36,2847,0.0,-13.600000000000001,14.8,37,-0.307,0,
C-A-1,1,1.90694,-29.6463,10.1921,1226,0.0,7.2,14.9,36,2847,0.0,-13.600000000000001,14.8,37,-0.307,0,
C-A-1,1,1.90794,-29.6463,10.1921,1226,0.0,7.2,14.9,36,2846,0.0,-14.4,14.8,37,-0.345,0,
C-A-1,1,1.90894,-29.6463,10.1921,1226,0.0,7.2,14.9,36,2847,0.0,-13.600000000000001,14.8,37,-0.307,0,
C-A-1,1,1.90994,-29.6463,10.1921,1226,0.0,7.2,14.9,36,2847,0.0,-13.600000000000001,14.8,37,-0.307,0,
C-A-1,1,1.91094,-29.6463,10.1921,1226,0.0,7.2,14.9,36,2847,0.0,-13.600000000000001,14.8,37,-0.307,0,
C-A-1,1,1.91194,-29.6463,10.1921,1226,0.0,7.2,14.9,36,2847,0.0,-13.600000000000001,14.8,37,-0.307,0,
C-A-1,1,1.91294,-29.6463,10.1921,1226,0.0,7.2,14.9,36,2847,0.0,-13.600000000000001,14.8,37,-0.307,0,
C-A-1,1,1.91395,-29.6463,10.1921,1226,0.0,7.2,14.9,36,2847,0.0,-13.600000000000001,14.8,37,-0.307,0,
C-A-1,1,1.91494,-29.6463,10.1921,1226,0.0,7.2,14.9,36,2847,0.0,-13.600000000000001,14.8,37,-0.307,0,
C-A-1,1,1.91594,-29.6463,10.1921,1226,0.0,7.2,14.9,36,2847,0.0,-13.600000000000001,14.8,37,-0.307,0,
C-A-1,1,1.91694,-29.6463,10.1921,1226,0.0,7.2,14.9,36,2847,0.0,-13.600000000000001,14.8,37,-0.307,0,
C-A-1,1,1.91794,-29.6463,10.1921,1226,0.0,7.2,14.9,36,2847,0.0,-13.600000000000001,14.8,37,-0.307,0,
C-A-1,1,1.91894,-29.608,10.196,1227,0.0,8.0,14.9,36,2847,0.0,-13.600000000000001,14.8,37,-0.268,0,
C-A-1,1,1.91994,-29.6463,10.1921,1226,0.0,7.2,14.9,36,2847,0.0,-13.600000000000001,14.8,37,-0.307,0,
C-A-1,1,1.92094,-29.6463,10.1921,1226,0.0,7.2,14.9,36,2847,0.0,-13.600000000000001,14.8,37,-0.307,0,
C-A-1,1,1.92194,-29.6463,10.1921,1226,0.0,7.2,14.9,36,2847,0.0,-13.600000000000001,14.8,37,-0.307,0,
C-A-1,1,1.92294,-29.6463,10.1921,1226,0.0,7.2,14.9,36,2847,0.0,-13.600000000000001,14.8,37,-0.307,0,
C-A-1,1,1.92394,-29.6463,10.1921,1226,0.0,7.2,14.9,36,2846,0.0,-14.4,14.8,37,-0.345,0,
C-A-1,1,1.92494,-29.6463,10.1921,1226,0.0,7.2,14.9,36,2847,0.0,-13.600000000000001,14.8,37,-0.307,0,
C-A-1,1,1.92594,-29.6463,10.1921,1226,0.0,7.2,14.9,36,2847,0.0,-13.600000000000001,14.8,37,-0.307,0,
C-A-1,1,1.92694,-29.6463,10.1921,1226,0.0,7.2,14.9,36,2847,0.0,-13.600000000000001,14.8,37,-0.307,0,
C-A-1,1,1.92794,-29.6463,10.1921,1226,0.0,7.2,14.9,36,2847,0.0,-13.600000000000001,14.8,37,-0.307,0,
C-A-1,1,1.92894,-29.6463,10.1921,1226,0.0,7.2,14.9,36,2847,0.0,-13.600000000000001,14.8,37,-0.307,0,
C-A-1,1,1.92994,-29.6463,10.1921,1226,0.0,7.2,14.9,36,2847,0.0,-13.600000000000001,14.8,37,-0.307,0,
C-A-1,1,1.93094,-29.6463,10.1921,1226,0.0,7.2,14.9,36,2847,0.0,-13.600000000000001,14.8,37,-0.307,0,
C-A-1,1,1.93194,-29.6463,10.1921,1226,0.0,7.2,14.9,36,2847,0.0,-13.600000000000001,14.8,37,-0.307,0,
C-A-1,1,1.93294,-29.6463,10.1921,1226,0.0,7.2,14.9,36,2847,0.0,-13.600000000000001,14.8,37,-0.307,0,
C-A-1,1,1.93394,-29.6463,10.1921,1226,0.0,7.2,14.9,36,2847,0.0,-13.600000000000001,14.8,37,-0.307,0,
C-A-1,1,1.93494,-29.6463,10.1921,1226,0.0,7.2,14.9,36,2847,0.0,-13.600000000000001,14.8,37,-0.307,0,
C-A-1,1,1.93594,-29.6463,10.1921,1226,0.0,7.2,14.9,36,2846,0.0,-14.4,14.8,37,-0.345,0,
C-A-1,1,1.93694,-29.6463,10.1921,1226,0.0,7.2,14.9,36,2847,0.0,-13.600000000000001,14.8,37,-0.307,0,
C-A-1,1,1.93794,-29.6463,10.1921,1226,0.0,7.2,14.9,36,2847,0.0,-13.600000000000001,14.8,37,-0.307,0,
C-A-1,1,1.93894,-29.6463,10.1921,1226,0.0,7.2,14.9,36,2847,0.0,-13.600000000000001,14.8,37,-0.307,0,
C-A-1,1,1.93994,-29.6463,10.1921,1226,0.0,7.2,14.9,36,2847,0.0,-13.600000000000001,14.8,37,-0.307,0,
C-A-1,1,1.94094,-29.6463,10.1921,1226,0.0,7.2,14.9,36,2847,0.0,-13.600000000000001,14.8,37,-0.307,0,
C-A-1,1,1.94194,-29.6463,10.1921,1226,0.0,7.2,14.9,36,2847,0.0,-13.600000000000001,14.8,37,-0.307,0,
C-A-1,1,1.94294,-29.6463,10.1921,1226,0.0,7.2,14.9,36,2847,0.0,-13.600000000000001,14.8,37,-0.307,0,
C-A-1,1,1.94394,-29.6463,10.1921,1226,0.0,7.2,14.9,36,2847,0.0,-13.600000000000001,14.8,37,-0.307,0,
C-A-1,1,1.94494,-29.6463,10.1921,1226,0.0,7.2,14.9,36,2847,0.0,-13.600000000000001,14.8,37,-0.307,0,
C-A-1,1,1.94594,-29.6463,10.1921,1226,0.0,7.2,14.9,36,2847,0.0,-13.600000000000001,14.8,37,-0.307,0,
C-A-1,1,1.94694,-29.6463,10.1921,1226,0.0,7.2,14.9,36,2847,0.0,-13.600000000000001,14.8,37,-0.307,0,
C-A-1,1,1.94794,-29.6463,10.1921,1226,0.0,7.2,14.9,36,2847,0.0,-13.600000000000001,14.8,37,-0.307,0,
C-A-1,1,1.94894,-29.6463,10.1921,1226,0.0,7.2,14.9,36,2847,0.0,-13.600000000000001,14.8,37,-0.307,0,
C-A-1,1,1.94994,-29.6463,10.1921,1226,0.0,7.2,14.9,36,2847,0.0,-13.600000000000001,14.8,37,-0.307,0,
C-A-1,1,1.95094,-29.6463,10.1921,1226,0.0,7.2,14.9,36,2847,0.0,-13.600000000000001,14.8,37,-0.307,0,
C-A-1,1,1.95194,-29.6463,10.1921,1226,0.0,7.2,14.9,36,2846,0.0,-14.4,14.8,37,-0.345,0,
C-A-1,1,1.95294,-29.6463,10.1921,1226,0.0,7.2,14.9,36,2847,0.0,-13.600000000000001,14.8,37,-0.307,0,
C-A-1,1,1.95394,-29.6463,10.1921,1226,0.0,7.2,14.9,36,2847,0.0,-13.600000000000001,14.8,37,-0.307,0,
C-A-1,1,1.95494,-29.6463,10.1921,1226,0.0,7.2,14.9,36,2847,0.0,-13.600000000000001,14.8,37,-0.307,0,
C-A-1,1,1.95594,-29.6463,10.1921,1226,0.0,7.2,14.9,36,2847,0.0,-13.600000000000001,14.8,37,-0.307,0,
C-A-1,1,1.95694,-29.6463,10.1921,1226,0.0,7.2,14.9,36,2847,0.0,-13.600000000000001,14.8,37,-0.307,0,
C-A-1,1,1.95795,-29.6463,10.1921,1226,0.0,7.2,14.9,36,2847,0.0,-13.600000000000001,14.8,37,-0.307,0,
C-A-1,1,1.95894,-29.6463,10.1921,1226,0.0,7.2,14.9,36,2847,0.0,-13.600000000000001,14.8,37,-0.307,0,
C-A-1,1,1.95994,-29.6463,10.1921,1226,0.0,7.2,14.9,36,2847,0.0,-13.600000000000001,14.8,37,-0.307,0,
C-A-1,1,1.96094,-29.6463,10.1921,1226,0.0,7.2,14.9,36,2846,0.0,-14.4,14.8,37,-0.345,0,
C-A-1,1,1.96194,-29.6463,10.1921,1226,0.0,7.2,14.9,36,2847,0.0,-13.600000000000001,14.8,37,-0.307,0,
C-A-1,1,1.96294,-29.6463,10.1921,1226,0.0,7.2,14.9,36,2847,0.0,-13.600000000000001,14.8,37,-0.307,0,
C-A-1,1,1.96394,-29.6463,10.1921,1226,0.0,7.2,14.9,36,2847,0.0,-13.600000000000001,14.8,37,-0.307,0,
C-A-1,1,1.96494,-29.6463,10.1921,1226,0.0,7.2,14.9,36,2847,0.0,-13.600000000000001,14.8,37,-0.307,0,
C-A-1,1,1.96594,-29.6463,10.1921,1226,0.0,7.2,14.9,36,2847,0.0,-13.600000000000001,14.8,37,-0.307,0,
C-A-1,1,1.96694,-29.6463,10.1921,1226,0.0,7.2,14.3,36,2847,0.0,-13.600000000000001,14.8,37,-0.307,0,
C-A-1,1,1.96794,-29.6463,10.1921,1226,0.0,7.2,14.3,36,2847,0.0,-13.600000000000001,14.8,37,-0.307,0,
C-A-1,1,1.96895,-29.6463,10.1921,1226,0.0,7.2,14.3,36,2847,0.0,-13.600000000000001,14.8,37,-0.307,0,
C-A-1,1,1.96994,-29.6463,10.1921,1226,0.0,7.2,14.3,36,2847,0.0,-13.600000000000001,14.8,37,-0.307,0,
C-A-1,1,1.97094,-29.6463,10.1921,1226,0.0,7.2,14.3,36,2847,0.0,-13.600000000000001,14.8,37,-0.307,0,
C-A-1,1,1.97194,-29.608,10.196,1227,0.0,8.0,14.3,36,2847,0.0,-13.600000000000001,14.8,37,-0.268,0,
C-A-1,1,1.97294,-29.6463,10.1921,1226,0.0,7.2,14.3,36,2846,0.0,-14.4,14.8,37,-0.345,0,
C-A-1,1,1.97394,-29.6463,10.1921,1226,0.0,7.2,14.3,36,2847,0.0,-13.600000000000001,14.8,37,-0.307,0,
C-A-1,1,1.97495,-29.6463,10.1921,1226,0.0,7.2,14.3,36,2847,0.0,-13.600000000000001,14.8,37,-0.307,0,
C-A-1,1,1.97594,-29.6463,10.1921,1226,0.0,7.2,14.3,36,2847,0.0,-13.600000000000001,14.8,37,-0.307,0,
C-A-1,1,1.97694,-29.6463,10.1921,1226,0.0,7.2,14.3,36,2846,0.0,-14.4,14.8,37,-0.345,0,
C-A-1,1,1.97794,-29.6463,10.1921,1226,0.0,7.2,14.3,36,2847,0.0,-13.600000000000001,14.8,37,-0.307,0,
C-A-1,1,1.97895,-29.6463,10.1921,1226,0.0,7.2,14.3,36,2847,0.0,-13.600000000000001,14.8,37,-0.307,0,
C-A-1,1,1.97994,-29.6463,10.1921,1226,0.0,7.2,14.3,36,2847,0.0,-13.600000000000001,14.8,37,-0.307,0,
C-A-1,1,1.98094,-29.6463,10.1921,1226,0.0,7.2,14.3,36,2847,0.0,-13.600000000000001,14.8,37,-0.307,0,
C-A-1,1,1.98194,-29.6463,10.1921,1226,0.0,7.2,14.3,36,2847,0.0,-13.600000000000001,14.8,37,-0.307,0,
C-A-1,1,1.98295,-29.6463,10.1921,1226,0.0,7.2,14.3,36,2847,0.0,-13.600000000000001,14.8,37,-0.307,0,
C-A-1,1,1.98394,-29.6463,10.1921,1226,0.0,7.2,14.3,36,2847,0.0,-13.600000000000001,14.8,37,-0.307,0,
C-A-1,1,1.98494,-29.6463,10.1921,1226,0.0,7.2,14.3,36,2847,0.0,-13.600000000000001,14.8,37,-0.307,0,
C-A-1,1,1.98594,-29.6463,10.1921,1226,0.0,7.2,14.3,36,2847,0.0,-13.600000000000001,14.8,37,-0.307,0,
C-A-1,1,1.98695,-29.6463,10.1921,1226,0.0,7.2,14.3,36,2847,0.0,-13.600000000000001,14.8,37,-0.307,0,
C-A-1,1,1.98794,-29.6463,10.1921,1226,0.0,7.2,14.3,36,2847,0.0,-13.600000000000001,14.8,37,-0.307,0,
C-A-1,1,1.98895,-29.6463,10.1921,1226,0.0,7.2,14.3,36,2847,0.0,-13.600000000000001,14.8,37,-0.307,0,
C-A-1,1,1.98994,-29.6463,10.1921,1226,0.0,7.2,14.3,36,2847,0.0,-13.600000000000001,14.8,37,-0.307,0,
C-A-1,1,1.99095,-29.6463,10.1921,1226,0.0,7.2,14.3,36,2847,0.0,-13.600000000000001,14.8,37,-0.307,0,
C-A-1,1,1.99194,-29.6463,10.1921,1226,0.0,7.2,14.3,36,2847,0.0,-13.600000000000001,14.8,37,-0.307,0,
C-A-1,1,1.99295,-29.6463,10.1921,1226,0.0,7.2,14.3,36,2847,0.0,-13.600000000000001,14.8,37,-0.307,0,
C-A-1,1,1.99394,-29.6463,10.1921,1226,0.0,7.2,14.3,36,2847,0.0,-13.600000000000001,14.8,37,-0.307,0,
C-A-1,1,1.99495,-29.6463,10.1921,1226,0.0,7.2,14.3,36,2847,0.0,-13.600000000000001,14.8,37,-0.307,0,
C-A-1,1,1.99594,-29.6463,10.1921,1226,0.0,7.2,14.3,36,2847,0.0,-13.600000000000001,14.8,37,-0.307,0,
C-A-1,1,1.99695,-29.6463,10.1921,1226,0.0,7.2,14.3,36,2847,0.0,-13.600000000000001,14.8,37,-0.307,0,
C-A-1,1,1.99794,-29.6463,10.1921,1226,0.0,7.2,14.3,36,2847,0.0,-13.600000000000001,14.8,37,-0.307,0,
C-A-1,1,1.99895,-29.6463,10.1921,1226,0.0,7.2,14.3,36,2847,0.0,-13.600000000000001,14.8,37,-0.307,0,
C-A-1,1,1.99994,-29.6463,10.1921,1226,0.0,7.2,14.3,36,2847,0.0,-13.600000000000001,14.8,37,-0.307,0,
C-A-1,1,2.00095,-29.6463,10.1921,1226,0.0,7.2,14.3,36,2846,0.0,-14.4,14.8,37,-0.345,0,
C-A-1,2,0.00186,27.1151,10.4384,2706,7.55,6.7,14.9,36,1364,-7.55,-8.3,14.7,37,-0.422,0,
C-A-1,2,0.00277,27.1151,10.4384,2706,7.04,5.0,14.9,36,1363,-7.55,-8.3,14.7,37,-0.46,0,
C-A-1,2,0.00376,27.1534,10.4348,2707,7.04,5.0,14.9,36,1362,-7.55,-9.1,14.7,37,-0.46,0,
C-A-1,2,0.00477,27.1918,10.4312,2708,7.55,6.7,14.9,36,1362,-7.55,-8.3,14.7,37,-0.422,0,
C-A-1,2,0.00578,27.1918,10.4312,2708,7.55,6.7,14.9,36,1362,-7.55,-8.3,14.7,37,-0.422,0,
C-A-1,2,0.00677,27.1918,10.4312,2708,7.04,5.800000000000001,14.9,36,1361,-7.55,-9.1,14.7,37,-0.46,0,
C-A-1,2,0.00776,27.2301,10.4276,2709,7.04,5.800000000000001,14.9,36,1361,-7.55,-9.1,14.7,37,-0.422,0,
C-A-1,2,0.00877,27.2301,10.4276,2709,7.04,5.800000000000001,14.9,36,1360,-7.55,-9.9,14.7,37,-0.46,0,
C-A-1,2,0.00977,27.2685,10.424,2710,7.55,7.5,14.9,36,1359,-8.05,-10.8,14.7,37,-0.46,0,
C-A-1,2,0.01077,27.2685,10.424,2710,6.54,5.7,14.9,36,1359,-7.55,-9.9,14.7,37,-0.46,0,
C-A-1,2,0.01178,27.3452,10.4168,2712,7.55,9.1,14.9,36,1358,-8.05,-11.600000000000001,14.7,37,-0.422,0,
C-A-1,2,0.01271,27.3452,10.4168,2712,7.55,9.1,14.9,36,1358,-7.55,-10.700000000000001,14.7,37,-0.422,0,
C-A-1,2,0.01371,27.3452,10.4168,2712,7.04,8.200000000000001,14.9,36,1357,-8.05,-12.4,14.7,37,-0.46,0,
C-A-1,2,0.01469,27.3835,10.4132,2713,7.55,9.9,14.9,36,1357,-7.55,-11.5,14.7,37,-0.422,0,
C-A-1,2,0.01573,27.3835,10.4132,2713,7.04,9.0,14.9,36,1356,-8.05,-14.0,14.7,37,-0.46,0,
C-A-1,2,0.01673,27.4219,10.4096,2714,7.55,10.700000000000001,14.9,36,1356,-7.55,-13.100000000000001,14.7,37,-0.422,0,
C-A-1,2,0.01771,27.4219,10.4096,2714,7.04,9.8,14.9,36,1356,-7.04,-12.200000000000001,14.7,37,-0.422,0,
C-A-1,2,0.01871,27.4219,10.4096,2714,7.04,10.600000000000001,14.9,36,1355,-7.55,-13.9,14.7,37,-0.46,0,
C-A-1,2,0.01971,27.4602,10.406,2715,7.04,11.4,14.9,36,1355,-7.55,-14.700000000000001,14.7,37,-0.422,0,
C-A-1,2,0.02071,27.4986,10.4023,2716,7.55,13.9,14.9,36,1354,-7.55,-15.5,14.7,37,-0.422,0,
C-A-1,2,0.02171,27.4986,10.4023,2716,7.04,13.0,14.9,36,1354,-7.55,-15.5,14.7,37,-0.422,0,
C-A-1,2,0.0227,27.5369,10.3987,2717,7.55,14.700000000000001,14.9,36,1353,-7.55,-17.1,14.7,37,-0.422,0,
C-A-1,2,0.02369,27.5369,10.3987,2717,7.04,14.600000000000001,14.9,36,1353,-7.55,-17.1,14.7,37,-0.422,0,
C-A-1,2,0.02471,27.5369,10.3987,2717,7.04,14.600000000000001,14.9,36,1353,-7.04,-17.0,14.7,37,-0.422,0,
C-A-1,2,0.02571,27.5369,10.3987,2717,6.54,14.5,14.9,36,1352,-7.04,-18.6,14.7,37,-0.46,0,
C-A-1,2,0.02669,27.5753,10.3951,2718,7.04,16.2,14.9,36,1352,-7.04,-18.6,14.7,37,-0.422,0,
C-A-1,2,0.02769,27.5753,10.3951,2718,6.54,16.1,14.9,36,1352,-6.54,-18.5,14.7,37,-0.422,0,
C-A-1,2,0.02871,27.5753,10.3951,2718,6.54,16.900000000000002,14.9,36,1351,-6.54,-20.1,14.7,37,-0.46,0,
C-A-1,2,0.02971,27.5753,10.3951,2718,6.54,16.900000000000002,14.9,36,1351,-6.54,-20.1,14.7,37,-0.46,0,
C-A-1,2,0.03071,27.6136,10.3915,2719,6.54,18.5,14.9,36,1351,-6.54,-20.900000000000002,14.7,37,-0.422,0,
C-A-1,2,0.0317,27.6136,10.3915,2719,6.54,19.3,14.9,36,1351,-6.04,-20.900000000000002,14.7,37,-0.422,0,
C-A-1,2,0.03269,27.6136,10.3915,2719,6.54,20.1,14.9,36,1350,-6.54,-23.3,14.7,37,-0.46,0,
C-A-1,2,0.03371,27.652,10.3878,2720,6.04,20.900000000000002,14.9,36,1350,-6.04,-23.3,14.7,37,-0.422,0,
C-A-1,2,0.03471,27.652,10.3878,2720,6.04,21.700000000000003,14.9,36,1349,-6.54,-25.700000000000003,14.7,37,-0.46,0,
C-A-1,2,0.0357,27.652,10.3878,2720,6.04,22.5,14.9,36,1350,-5.54,-24.0,14.7,37,-0.422,0,
C-A-1,2,0.03669,27.652,10.3878,2720,5.54,22.400000000000002,14.9,36,1349,-6.04,-26.5,14.7,37,-0.46,0,
C-A-1,2,0.03769,27.652,10.3878,2720,5.54,23.200000000000003,14.9,36,1350,-5.03,-24.700000000000003,14.7,37,-0.422,0,
C-A-1,2,0.03871,27.652,10.3878,2720,5.03,23.1,14.9,36,1349,-5.03,-26.3,14.7,37,-0.46,0,
C-A-1,2,0.0397,27.652,10.3878,2720,5.03,23.900000000000002,14.9,36,1349,-5.03,-27.1,14.7,37,-0.46,0,
C-A-1,2,0.04081,27.652,10.3878,2720,5.03,24.700000000000003,14.9,36,1350,-4.03,-26.200000000000003,14.7,37,-0.422,0,
C-A-1,2,0.04182,27.652,10.3878,2720,4.03,23.8,14.9,36,1349,-4.53,-28.6,14.7,37,-0.46,0,
C-A-1,2,0.04279,27.6903,10.3842,2721,4.53,27.8,14.9,36,1349,-4.03,-28.6,14.7,37,-0.422,0,
C-A-1,2,0.04382,27.6903,10.3842,2721,4.03,27.8,14.9,36,1349,-3.52,-30.1,14.7,37,-0.422,0,
C-A-1,2,0.04484,27.652,10.3878,2720,3.52,26.900000000000002,14.9,36,1349,-3.52,-30.900000000000002,14.7,37,-0.46,0,
C-A-1,2,0.0458,27.6903,10.3842,2721,3.52,29.3,14.9,36,1349,-3.52,-31.700000000000003,14.7,37,-0.422,0,
C-A-1,2,0.04681,27.6903,10.3842,2721,3.52,30.1,14.9,36,1349,-3.52,-33.300000000000004,14.7,37,-0.422,0,
C-A-1,2,0.04779,27.6903,10.3842,2721,3.52,30.900000000000002,14.9,36,1349,-3.02,-33.2,14.7,37,-0.422,0,
C-A-1,2,0.04879,27.6903,10.3842,2721,3.02,31.6,14.9,36,1349,-3.02,-34.0,14.7,37,-0.422,0,
C-A-1,2,0.0497,27.6903,10.3842,2721,3.02,32.4,14.9,36,1349,-2.52,-34.7,14.7,37,-0.422,0,
C-A-1,2,0.05079,27.652,10.3878,2720,2.01,31.5,14.9,36,1349,-2.52,-36.300000000000004,14.7,37,-0.46,0,
C-A-1,2,0.05172,27.652,10.3878,2720,1.51,33.0,14.9,36,1349,-2.01,-36.300000000000004,14.7,37,-0.46,0,
C-A-1,2,0.0527,27.6903,10.3842,2721,2.01,36.300000000000004,14.9,36,1349,-2.01,-37.9,14.7,37,-0.422,0,
C-A-1,2,0.0537,27.6903,10.3842,2721,2.01,37.1,14.9,36,1349,-2.01,-38.7,14.7,37,-0.422,0,
C-A-1,2,0.05469,27.6903,10.3842,2721,2.01,38.7,14.9,36,1350,-1.51,-38.6,14.7,37,-0.384,0,
C-A-1,2,0.0557,27.6903,10.3842,2721,1.51,39.400000000000006,14.9,36,1349,-1.51,-41.0,14.7,37,-0.422,0,
C-A-1,2,0.0567,27.652,10.3878,2720,1.01,38.5,14.9,36,1349,-1.51,-42.6,14.7,37,-0.46,0,
C-A-1,2,0.05769,27.6903,10.3842,2721,1.51,41.800000000000004,14.9,36,1349,-1.01,-44.1,14.7,37,-0.422,0,
C-A-1,2,0.05869,27.652,10.3878,2720,1.01,41.7,14.9,36,1350,0.0,-43.2,14.7,37,-0.422,0,
C-A-1,2,0.05969,27.652,10.3878,2720,0.0,41.6,14.9,36,1350,0.0,-44.800000000000004,14.7,37,-0.422,0,
C-A-1,2,0.06071,27.652,10.3878,2720,0.0,44.800000000000004,14.9,36,1350,0.0,-46.400000000000006,14.7,37,-0.422,0,
C-A-1,2,0.06172,27.652,10.3878,2720,0.0,46.400000000000006,14.9,36,1350,0.0,-48.0,14.7,37,-0.422,0,
C-A-1,2,0.06269,27.652,10.3878,2720,0.0,48.0,14.9,36,1350,0.0,-49.6,14.7,37,-0.422,0,
C-A-1,2,0.06372,27.652,10.3878,2720,0.0,49.6,14.9,36,1350,0.0,-51.2,14.7,37,-0.422,0,
C-A-1,2,0.0647,27.6136,10.3915,2719,0.0,50.400000000000006,14.9,36,1351,1.01,-50.300000000000004,14.7,37,-0.422,0,
C-A-1,2,0.0657,27.652,10.3878,2720,0.0,52.800000000000004,14.9,36,1351,0.0,-53.6,14.7,37,-0.384,0,
C-A-1,2,0.06669,27.6136,10.3915,2719,0.0,53.6,14.9,36,1351,0.0,-57.6,14.7,37,-0.422,0,
C-A-1,2,0.06771,27.6136,10.3915,2719,0.0,55.2,14.9,36,1352,1.51,-55.800000000000004,14.7,37,-0.384,0,
C-A-1,2,0.06872,27.6136,10.3915,2719,0.0,57.6,14.9,36,1353,2.01,-55.7,14.7,37,-0.345,0,
C-A-1,2,0.0697,27.5753,10.3951,2718,-1.01,58.300000000000004,14.9,36,1353,1.51,-58.2,14.7,37,-0.384,0,
C-A-1,2,0.07069,27.5753,10.3951,2718,-1.01,60.7,14.9,36,1353,2.01,-59.7,14.7,37,-0.384,0,
C-A-1,2,0.07172,27.5753,10.3951,2718,-2.01,59.7,14.9,36,1354,2.52,-59.7,14.7,37,-0.345,0,
C-A-1,2,0.0727,27.5369,10.3987,2717,-2.01,62.1,14.9,36,1354,2.52,-62.1,14.7,37,-0.384,0,
C-A-1,2,0.0737,27.5369,10.3987,2717,-2.01,62.900000000000006,14.9,36,1355,3.02,-62.0,14.7,37,-0.345,0,
C-A-1,2,0.07472,27.4986,10.4023,2716,-2.52,63.7,14.9,36,1355,3.02,-63.6,14.7,37,-0.384,0,
C-A-1,2,0.0757,27.4602,10.406,2715,-3.02,64.4,14.9,36,1356,3.52,-66.7,14.7,37,-0.384,0,
C-A-1,2,0.0767,27.4219,10.4096,2714,-3.52,65.10000000000001,14.9,36,1357,4.03,-66.60000000000001,14.7,37,-0.384,0,
C-A-1,2,0.07772,27.4219,10.4096,2714,-3.52,66.7,14.9,36,1358,4.53,-67.4,14.7,37,-0.345,0,
C-A-1,2,0.0787,27.3835,10.4132,2713,-4.03,67.4,14.9,36,1358,4.53,-69.8,14.7,37,-0.384,0,
C-A-1,2,0.0797,27.3835,10.4132,2713,-3.52,70.7,14.9,36,1359,5.03,-69.7,14.7,37,-0.345,0,
C-A-1,2,0.0807,27.3452,10.4168,2712,-4.53,69.8,14.9,36,1359,5.03,-72.10000000000001,14.7,37,-0.384,0,
C-A-1,2,0.08172,27.3068,10.4204,2711,-4.53,71.4,14.9,36,1360,5.54,-72.8,14.7,37,-0.384,0,
C-A-1,2,0.08272,27.3068,10.4204,2711,-5.03,72.9,14.9,36,1361,6.04,-73.5,14.7,37,-0.345,0,
C-A-1,2,0.08372,27.2301,10.4276,2709,-6.04,74.3,14.9,36,1362,6.04,-74.3,14.7,37,-0.384,0,
C-A-1,2,0.0847,27.1918,10.4312,2708,-6.54,74.3,14.9,36,1363,7.04,-76.60000000000001,14.7,37,-0.384,0,
C-A-1,2,0.0857,27.1151,10.4384,2706,-7.04,74.2,14.9,36,1364,7.55,-77.30000000000001,14.7,37,-0.422,0,
C-A-1,2,0.0867,27.0767,10.4419,2705,-8.05,74.0,14.9,36,1365,8.05,-78.0,14.7,37,-0.422,0,
C-A-1,2,0.08772,27.0767,10.4419,2705,-7.55,77.30000000000001,14.9,36,1366,8.05,-79.60000000000001,14.7,37,-0.384,0,
C-A-1,2,0.0887,27.0384,10.4455,2704,-8.05,78.0,14.9,36,1368,9.06,-78.7,14.7,37,-0.345,0,
C-A-1,2,0.0897,26.9616,10.4526,2702,-9.56,76.2,14.9,36,1368,9.06,-81.10000000000001,14.7,37,-0.422,0,
C-A-1,2,0.0907,26.9233,10.4562,2701,-9.56,78.60000000000001,14.9,36,1369,9.56,-82.10000000000001,14.7,37,-0.422,0,
C-A-1,2,0.0917,26.8466,10.4633,2699,-10.57,77.7,14.9,36,1371,10.57,-80.4,14.7,37,-0.422,0,
C-A-1,2,0.0927,26.8082,10.4668,2698,-11.07,79.5,14.9,36,1372,11.07,-79.5,14.7,37,-0.422,0,
C-A-1,2,0.0937,26.7315,10.4739,2696,-11.57,78.60000000000001,14.9,36,1374,11.57,-78.60000000000001,14.7,37,-0.422,0,
C-A-1,2,0.09472,26.6548,10.481,2694,-13.08,76.0,14.9,36,1375,12.08,-77.7,14.7,37,-0.46,0,
C-A-1,2,0.09572,26.6165,10.4845,2693,-13.08,76.0,14.9,36,1376,12.58,-76.9,14.7,37,-0.46,0,
C-A-1,2,0.0967,26.5398,10.4915,2691,-14.09,74.2,14.9,36,1378,13.59,-75.10000000000001,14.7,37,-0.46,0,
C-A-1,2,0.0977,26.5014,10.495,2690,-14.59,73.4,14.9,36,1379,13.59,-75.10000000000001,14.7,37,-0.46,0,
C-A-1,2,0.0987,26.4247,10.502,2688,-15.1,72.5,14.9,36,1382,14.59,-73.4,14.7,37,-0.422,0,
C-A-1,2,0.0997,26.348,10.509,2686,-15.6,71.60000000000001,14.9,36,1384,15.6,-71.60000000000001,14.7,37,-0.422,0,
C-A-1,2,0.1007,26.233,10.5194,2683,-17.11,69.0,14.9,36,1385,15.6,-71.60000000000001,14.7,37,-0.499,0,
C-A-1,2,0.1017,26.1562,10.5263,2681,-17.61,68.10000000000001,14.9,36,1387,16.61,-69.8,14.7,37,-0.499,0,
C-A-1,2,0.1027,26.0795,10.5332,2679,-18.12,67.2,14.9,36,1389,17.11,-69.0,14.7,37,-0.499,0,
C-A-1,2,0.1037,26.0028,10.5401,2677,-19.12,65.5,14.9,36,1390,17.61,-68.10000000000001,14.7,37,-0.537,0,
C-A-1,2,0.1047,25.9645,10.5436,2676,-19.12,65.5,14.9,36,1392,18.12,-67.2,14.7,37,-0.499,0,
C-A-1,2,0.1057,25.8494,10.5539,2673,-20.13,63.7,14.9,36,1394,19.12,-65.5,14.7,37,-0.537,0,
C-A-1,2,0.1067,25.8111,10.5573,2672,-20.63,62.800000000000004,14.9,36,1396,19.62,-64.60000000000001,14.7,37,-0.499,0,
C-A-1,2,0.1077,25.7344,10.5641,2670,-21.13,62.0,13.8,36,1400,21.13,-62.0,14.7,37,-0.422,0,
C-A-1,2,0.1087,25.696,10.5675,2669,-21.64,61.1,13.8,36,1401,21.13,-62.0,14.3,37,-0.422,0,
C-A-1,2,0.10972,25.6193,10.5743,2667,-22.14,60.2,13.8,36,1403,22.14,-60.2,14.3,37,-0.422,0,
C-A-1,2,0.1107,25.4659,10.5879,2663,-23.65,57.6,13.8,36,1405,22.64,-59.300000000000004,14.3,37,-0.499,0,
C-A-1,2,0.1117,25.4276,10.5912,2662,-23.15,58.5,13.8,36,1407,23.15,-58.5,14.3,37,-0.46,0,
C-A-1,2,0.11272,25.3509,10.598,2660,-24.15,56.7,13.8,36,1407,22.64,-59.300000000000004,14.3,37,-0.537,0,
C-A-1,2,0.1137,25.2741,10.6047,2658,-24.66,55.800000000000004,13.8,36,1409,23.15,-58.5,14.3,37,-0.537,0,
C-A-1,2,0.1147,25.1974,10.6114,2656,-24.66,55.800000000000004,13.8,36,1411,24.15,-56.7,14.3,37,-0.537,0,
C-A-1,2,0.11572,25.1591,10.6147,2655,-24.66,55.800000000000004,13.8,36,1413,24.66,-55.800000000000004,14.3,37,-0.499,0,
C-A-1,2,0.1167,25.0824,10.6214,2653,-25.66,54.1,13.8,36,1416,25.16,-55.0,14.3,37,-0.46,0,
C-A-1,2,0.1177,25.0057,10.628,2651,-26.17,53.2,13.8,36,1418,25.16,-55.0,14.3,37,-0.46,0,
C-A-1,2,0.11872,24.929,10.6346,2649,-26.17,53.2,13.8,36,1419,25.66,-54.1,14.3,37,-0.499,0,
C-A-1,2,0.1197,24.8523,10.6413,2647,-26.67,52.300000000000004,13.8,36,1421,26.17,-53.2,14.3,37,-0.499,0,
C-A-1,2,0.1207,24.8139,10.6446,2646,-26.17,53.2,13.8,36,1423,26.17,-53.2,14.3,37,-0.46,0,
C-A-1,2,0.12172,24.7372,10.6511,2644,-26.67,52.300000000000004,13.8,36,1424,26.17,-53.2,14.3,37,-0.499,0,
C-A-1,2,0.1227,24.6605,10.6577,2642,-27.68,50.6,13.8,36,1426,26.17,-53.2,14.3,37,-0.499,0,
C-A-1,2,0.1237,24.5838,10.6642,2640,-27.68,50.6,13.8,36,1427,26.17,-53.2,14.3,37,-0.537,0,
C-A-1,2,0.1247,24.4304,10.6773,2636,-28.18,49.7,13.8,36,1430,27.17,-51.5,14.3,37,-0.575,0,
C-A-1,2,0.12572,24.392,10.6805,2635,-27.68,50.6,13.8,36,1433,27.17,-51.5,14.3,37,-0.499,0,
C-A-1,2,0.12672,24.3153,10.687,2633,-28.18,49.7,13.8,36,1435,27.17,-51.5,14.3,37,-0.499,0,
C-A-1,2,0.12772,24.2386,10.6934,2631,-28.18,49.7,13.8,36,1437,27.68,-50.6,14.3,37,-0.499,0,
C-A-1,2,0.1287,24.1619,10.6999,2629,-28.68,48.800000000000004,13.8,36,1439,27.68,-50.6,14.3,37,-0.499,0,
C-A-1,2,0.1297,24.1236,10.7031,2628,-27.68,50.6,13.8,36,1441,28.18,-49.7,14.3,37,-0.46,0,
C-A-1,2,0.1307,24.0085,10.7127,2625,-28.68,48.800000000000004,13.8,36,1442,27.68,-50.6,14.3,37,-0.537,0,
C-A-1,2,0.1317,23.8935,10.7222,2622,-29.19,48.0,13.8,36,1445,28.18,-49.7,14.3,37,-0.537,0,
C-A-1,2,0.1327,23.8168,10.7286,2620,-29.19,48.0,13.8,36,1447,28.68,-48.800000000000004,14.3,37,-0.537,0,
C-A-1,2,0.1337,23.7017,10.7381,2617,-29.19,48.0,13.8,36,1449,28.68,-48.800000000000004,14.3,37,-0.575,0,
C-A-1,2,0.13471,23.625,10.7444,2615,-28.68,48.800000000000004,13.8,36,1451,28.68,-48.800000000000004,14.3,37,-0.575,0,
C-A-1,2,0.1357,23.5483,10.7507,2613,-29.19,48.0,13.8,36,1453,28.68,-48.800000000000004,14.3,37,-0.575,0,
C-A-1,2,0.13672,23.4332,10.76,2610,-29.69,47.1,13.8,36,1455,28.68,-48.800000000000004,14.3,37,-0.614,0,
C-A-1,2,0.1377,23.3565,10.7663,2608,-30.19,46.2,13.8,36,1457,29.69,-47.1,14.3,37,-0.614,0,
C-A-1,2,0.1387,23.3565,10.7663,2608,-29.19,48.0,13.8,36,1460,29.19,-48.0,14.3,37,-0.499,0,
C-A-1,2,0.1397,23.2415,10.7756,2605,-29.69,47.1,13.8,36,1462,28.68,-48.800000000000004,14.3,37,-0.537,0,
C-A-1,2,0.14071,23.1648,10.7818,2603,-29.69,47.1,13.8,36,1465,29.19,-48.0,14.3,37,-0.499,0,
C-A-1,2,0.1417,23.0881,10.7879,2601,-30.19,46.2,13.8,36,1467,30.19,-46.2,14.3,37,-0.499,0,
C-A-1,2,0.1427,22.9347,10.8002,2597,-30.19,46.2,13.8,36,1469,30.19,-46.2,14.3,37,-0.575,0,
C-A-1,2,0.14371,22.858,10.8063,2595,-30.19,46.2,13.8,36,1471,30.19,-46.2,14.3,37,-0.575,0,
C-A-1,2,0.1447,22.7812,10.8124,2593,-30.7,45.300000000000004,13.8,36,1472,29.69,-47.1,14.3,37,-0.614,0,
C-A-1,2,0.14572,22.7045,10.8185,2591,-30.7,45.300000000000004,13.8,36,1475,30.19,-46.2,14.3,37,-0.575,0,
C-A-1,2,0.1467,22.5895,10.8276,2588,-31.2,44.400000000000006,13.8,36,1477,30.7,-45.300000000000004,14.3,37,-0.614,0,
C-A-1,2,0.1477,22.5895,10.8276,2588,-30.19,46.2,13.8,36,1479,30.7,-45.300000000000004,14.3,37,-0.537,0,
C-A-1,2,0.1487,22.4744,10.8366,2585,-30.7,45.300000000000004,13.8,36,1483,31.2,-44.400000000000006,14.3,37,-0.499,0,
C-A-1,2,0.14971,22.3977,10.8426,2583,-31.2,44.400000000000006,13.8,36,1485,31.2,-44.400000000000006,14.3,37,-0.499,0,
C-A-1,2,0.1507,22.321,10.8485,2581,-31.2,44.400000000000006,13.8,36,1487,31.7,-43.6,14.3,37,-0.499,0,
C-A-1,2,0.15172,22.1676,10.8604,2577,-31.2,44.400000000000006,13.8,36,1490,32.2,-42.7,14.3,37,-0.537,0,
C-A-1,2,0.15271,22.0909,10.8663,2575,-31.2,44.400000000000006,13.8,36,1492,32.71,-41.800000000000004,14.3,37,-0.537,0,
C-A-1,2,0.1537,21.9759,10.8752,2572,-31.7,43.6,13.8,36,1494,32.2,-42.7,14.3,37,-0.575,0,
C-A-1,2,0.1547,21.8991,10.881,2570,-32.2,42.7,13.8,36,1497,32.71,-41.800000000000004,14.3,37,-0.537,0,
C-A-1,2,0.1557,21.8224,10.8869,2568,-32.2,42.7,13.8,36,1499,33.21,-40.900000000000006,14.3,37,-0.537,0,
C-A-1,2,0.15672,21.7457,10.8927,2566,-32.2,42.7,13.8,36,1501,33.21,-40.900000000000006,14.3,37,-0.537,0,
C-A-1,2,0.15772,21.669,10.8985,2564,-32.2,42.7,13.8,36,1506,33.71,-40.1,14.3,37,-0.422,0,
C-A-1,2,0.15872,21.554,10.9072,2561,-33.21,40.900000000000006,13.8,36,1508,33.71,-40.1,14.3,37,-0.46,0,
C-A-1,2,0.15971,21.4773,10.913,2559,-32.71,41.800000000000004,13.8,36,1511,34.72,-38.300000000000004,14.3,37,-0.422,0,
C-A-1,2,0.1607,21.3622,10.9216,2556,-33.21,40.900000000000006,13.8,36,1513,34.22,-39.2,14.3,37,-0.46,0,
C-A-1,2,0.1617,21.3239,10.9244,2555,-32.71,41.800000000000004,13.8,36,1516,34.72,-38.300000000000004,14.3,37,-0.384,0,
C-A-1,2,0.16271,21.2472,10.9301,2553,-32.71,41.800000000000004,13.8,36,1518,34.72,-38.300000000000004,14.3,37,-0.384,0,
C-A-1,2,0.1637,21.1321,10.9386,2550,-33.71,40.1,13.8,36,1520,34.72,-38.300000000000004,14.3,37,-0.422,0,
C-A-1,2,0.1647,21.017,10.9471,2547,-34.22,39.2,13.8,36,1523,35.22,-37.4,14.3,37,-0.422,0,
C-A-1,2,0.16572,20.8636,10.9583,2543,-33.71,40.1,13.8,36,1525,35.22,-37.4,14.3,37,-0.499,0,
C-A-1,2,0.16671,20.7486,10.9667,2540,-34.22,39.2,13.8,36,1530,35.22,-37.4,14.3,37,-0.422,0,
C-A-1,2,0.1677,20.6719,10.9722,2538,-35.22,37.4,13.8,36,1532,35.73,-36.6,14.3,37,-0.422,0,
C-A-1,2,0.1687,20.5568,10.9805,2535,-35.22,37.4,13.8,36,1536,36.73,-34.800000000000004,14.3,37,-0.384,0,
C-A-1,2,0.1697,20.4801,10.986,2533,-35.22,37.4,13.8,36,1539,36.73,-34.800000000000004,14.3,37,-0.345,0,
C-A-1,2,0.17071,20.4034,10.9915,2531,-35.22,37.4,13.8,36,1542,37.24,-33.9,14.3,37,-0.307,0,
C-A-1,2,0.1717,20.2884,10.9997,2528,-35.22,37.4,13.8,36,1543,36.73,-34.800000000000004,14.3,37,-0.384,0,
C-A-1,2,0.1727,20.2116,11.0051,2526,-35.73,36.6,13.8,36,1546,37.24,-33.9,14.3,37,-0.345,0,
C-A-1,2,0.17371,20.0582,11.0159,2522,-36.73,34.800000000000004,13.8,36,1549,38.24,-32.2,14.3,37,-0.384,0,
C-A-1,2,0.17471,19.9048,11.0267,2518,-36.73,34.800000000000004,13.8,36,1552,38.24,-32.2,14.3,37,-0.422,0,
C-A-1,2,0.17573,19.7898,11.0347,2515,-36.73,34.800000000000004,13.8,36,1556,38.24,-32.2,14.3,37,-0.384,0,
C-A-1,2,0.17671,19.6747,11.0426,2512,-38.24,32.2,13.8,36,1560,38.75,-31.3,14.3,37,-0.345,0,
C-A-1,2,0.17771,19.598,11.0479,2510,-37.74,33.1,13.8,36,1562,39.25,-30.400000000000002,14.3,37,-0.345,0,
C-A-1,2,0.1787,19.4446,11.0584,2506,-38.75,31.3,13.8,36,1566,40.26,-28.700000000000003,14.3,37,-0.345,0,
C-A-1,2,0.17971,19.4062,11.061,2505,-38.24,32.2,13.8,36,1569,40.76,-27.8,14.3,37,-0.268,0,
C-A-1,2,0.1807,19.2912,11.0688,2502,-38.24,32.2,13.8,36,1570,39.75,-29.6,14.3,37,-0.345,0,
C-A-1,2,0.1817,19.1761,11.0766,2499,-39.25,30.400000000000002,13.8,36,1574,40.76,-27.8,14.3,37,-0.307,0,
C-A-1,2,0.18271,19.0994,11.0817,2497,-39.25,30.400000000000002,13.8,36,1576,40.76,-27.8,14.3,37,-0.307,0,
C-A-1,2,0.18371,18.831,11.0996,2490,-39.75,29.6,13.8,36,1579,40.76,-27.8,14.3,37,-0.46,0,
C-A-1,2,0.18471,18.7543,11.1046,2488,-39.75,29.6,13.8,36,1583,41.77,-26.1,14.3,37,-0.384,0,
C-A-1,2,0.1857,18.6392,11.1122,2485,-40.26,28.700000000000003,13.8,36,1584,41.26,-26.900000000000002,14.3,37,-0.46,0,
C-A-1,2,0.18671,18.5241,11.1197,2482,-40.76,27.8,13.8,36,1587,41.26,-26.900000000000002,14.3,37,-0.46,0,
C-A-1,2,0.18771,18.4091,11.1271,2479,-40.76,27.8,13.8,36,1590,41.77,-26.1,14.3,37,-0.46,0,
C-A-1,2,0.1887,18.3324,11.1321,2477,-40.76,27.8,13.8,36,1593,42.27,-25.200000000000003,14.3,37,-0.422,0,
C-A-1,2,0.18971,18.2557,11.137,2475,-40.26,28.700000000000003,13.8,36,1598,42.27,-25.200000000000003,14.3,37,-0.307,0,
C-A-1,2,0.19071,18.1406,11.1444,2472,-41.26,26.900000000000002,13.8,36,1601,42.27,-25.200000000000003,14.3,37,-0.307,0,
C-A-1,2,0.19173,18.0256,11.1517,2469,-41.77,26.1,13.8,36,1604,42.77,-24.3,14.3,37,-0.307,0,
C-A-1,2,0.19271,17.8338,11.1638,2464,-41.26,26.900000000000002,13.8,36,1607,43.28,-23.400000000000002,14.3,37,-0.384,0,
C-A-1,2,0.19371,17.7188,11.1709,2461,-41.77,26.1,13.8,36,1610,43.28,-23.400000000000002,14.3,37,-0.384,0,
C-A-1,2,0.19471,17.6037,11.1781,2458,-42.27,25.200000000000003,13.8,36,1612,43.28,-23.400000000000002,14.3,37,-0.422,0,
C-A-1,2,0.19571,17.527,11.1828,2456,-41.77,26.1,13.8,36,1615,43.28,-23.400000000000002,14.3,37,-0.384,0,
C-A-1,2,0.19671,17.3736,11.1922,2452,-42.77,24.3,13.8,36,1618,43.78,-22.6,14.3,37,-0.422,0,
C-A-1,2,0.19773,17.2969,11.1969,2450,-42.27,25.200000000000003,13.8,36,1621,44.28,-21.700000000000003,14.3,37,-0.384,0,
C-A-1,2,0.19871,17.2202,11.2016,2448,-42.27,25.200000000000003,13.8,36,1626,43.78,-22.6,14.3,37,-0.268,0,
C-A-1,2,0.19971,17.1051,11.2085,2445,-42.77,24.3,13.8,36,1629,43.78,-22.6,14.3,37,-0.268,0,
C-A-1,2,0.20071,16.9901,11.2154,2442,-42.77,24.3,13.8,36,1632,44.78,-20.8,14.3,37,-0.268,0,
C-A-1,2,0.20171,16.875,11.2223,2439,-42.27,25.200000000000003,13.8,36,1635,44.78,-20.8,14.3,37,-0.268,0,
C-A-1,2,0.20271,16.6832,11.2336,2434,-42.27,25.200000000000003,13.8,36,1638,44.78,-20.8,14.3,37,-0.345,0,
C-A-1,2,0.20371,16.5298,11.2426,2430,-43.28,23.400000000000002,13.8,36,1639,43.78,-22.6,14.3,37,-0.46,0,
C-A-1,2,0.20473,16.3764,11.2515,2426,-43.78,22.6,13.8,36,1643,44.28,-21.700000000000003,14.3,37,-0.46,0,
C-A-1,2,0.20571,16.2997,11.2559,2424,-43.28,23.400000000000002,13.8,36,1646,45.29,-19.900000000000002,14.3,37,-0.422,0,
C-A-1,2,0.20671,16.223,11.2603,2422,-43.28,23.400000000000002,13.8,36,1649,44.78,-20.8,14.3,37,-0.384,0,
C-A-1,2,0.20773,16.108,11.2669,2419,-42.77,24.3,13.8,36,1654,44.28,-21.700000000000003,14.3,37,-0.307,0,
C-A-1,2,0.20871,15.9929,11.2734,2416,-43.78,22.6,13.8,36,1657,44.28,-21.700000000000003,14.3,37,-0.307,0,
C-A-1,2,0.20971,15.8778,11.2798,2413,-43.78,22.6,13.8,36,1660,45.29,-19.900000000000002,14.3,37,-0.307,0,
C-A-1,2,0.21073,15.7628,11.2863,2410,-43.78,22.6,13.8,36,1663,44.78,-20.8,14.3,37,-0.307,0,
C-A-1,2,0.21171,15.6861,11.2905,2408,-43.78,22.6,13.8,36,1667,45.79,-19.0,14.3,37,-0.23,0,
C-A-1,2,0.21271,15.571,11.2969,2405,-43.28,23.400000000000002,13.8,36,1668,44.78,-20.8,14.3,37,-0.307,0,
C-A-1,2,0.21371,15.456,11.3032,2402,-43.78,22.6,13.8,36,1671,44.28,-21.700000000000003,14.3,37,-0.307,0,
C-A-1,2,0.21471,15.3026,11.3115,2398,-44.78,20.8,13.8,36,1675,45.79,-19.0,14.3,37,-0.307,0,
C-A-1,2,0.21571,15.1491,11.3197,2394,-43.78,22.6,13.8,36,1678,45.79,-19.0,14.3,37,-0.345,0,
C-A-1,2,0.21671,15.0341,11.3259,2391,-43.78,22.6,13.8,36,1682,44.78,-20.8,14.3,37,-0.307,0,
C-A-1,2,0.21771,14.919,11.3319,2388,-44.28,21.700000000000003,13.8,36,1686,45.29,-19.900000000000002,14.3,37,-0.268,0,
C-A-1,2,0.21873,14.7656,11.34,2384,-45.29,19.900000000000002,13.8,36,1688,45.29,-19.900000000000002,14.3,37,-0.345,0,
C-A-1,2,0.21971,14.6506,11.346,2381,-45.29,19.900000000000002,13.8,36,1692,45.79,-19.0,14.3,37,-0.307,0,
C-A-1,2,0.22071,14.5739,11.3499,2379,-44.78,20.8,13.8,36,1695,45.79,-19.0,14.3,37,-0.268,0,
C-A-1,2,0.22171,14.4588,11.3558,2376,-44.78,20.8,13.8,36,1696,44.78,-20.8,14.3,37,-0.345,0,
C-A-1,2,0.22273,14.3438,11.3617,2373,-45.29,19.900000000000002,13.8,36,1700,45.29,-19.900000000000002,14.3,37,-0.307,0,
C-A-1,2,0.22371,14.2287,11.3675,2370,-45.29,19.900000000000002,13.8,36,1703,45.79,-19.0,14.3,37,-0.307,0,
C-A-1,2,0.22471,14.0369,11.3771,2365,-45.29,19.900000000000002,14.4,36,1706,45.79,-19.0,14.3,37,-0.384,0,
C-A-1,2,0.22573,13.9219,11.3828,2362,-44.78,20.8,14.4,36,1709,45.79,-19.0,14.2,37,-0.384,0,
C-A-1,2,0.22671,13.8068,11.3884,2359,-45.29,19.900000000000002,14.4,36,1711,45.29,-19.900000000000002,14.2,37,-0.422,0,
C-A-1,2,0.22771,13.6918,11.394,2356,-45.79,19.0,14.4,36,1714,45.29,-19.900000000000002,14.2,37,-0.422,0,
C-A-1,2,0.22873,13.5767,11.3996,2353,-45.79,19.0,14.4,36,1717,45.79,-19.0,14.2,37,-0.422,0,
C-A-1,2,0.22973,13.5,11.4032,2351,-45.29,19.900000000000002,14.4,36,1720,45.79,-19.0,14.2,37,-0.384,0,
C-A-1,2,0.23071,13.3849,11.4087,2348,-45.29,19.900000000000002,14.4,36,1725,45.29,-19.900000000000002,14.2,37,-0.307,0,
C-A-1,2,0.23171,13.2699,11.4141,2345,-45.79,19.0,14.4,36,1729,45.29,-19.900000000000002,14.2,37,-0.268,0,
C-A-1,2,0.23271,13.1932,11.4177,2343,-45.29,19.900000000000002,14.4,36,1732,46.29,-18.2,14.2,37,-0.23,0,
C-A-1,2,0.23371,12.9631,11.4284,2337,-44.78,20.8,14.4,36,1735,45.79,-19.0,14.2,37,-0.345,0,
C-A-1,2,0.23471,12.8864,11.4319,2335,-44.78,20.8,14.4,36,1738,45.79,-19.0,14.2,37,-0.307,0,
C-A-1,2,0.23571,12.733,11.4389,2331,-45.79,19.0,14.4,36,1739,44.78,-20.8,14.2,37,-0.422,0,
C-A-1,2,0.23671,12.6179,11.444,2328,-45.79,19.0,14.4,36,1743,45.29,-19.900000000000002,14.2,37,-0.384,0,
C-A-1,2,0.23771,12.5412,11.4475,2326,-45.29,19.900000000000002,14.4,36,1746,45.79,-19.0,14.2,37,-0.345,0,
C-A-1,2,0.23873,12.4261,11.4525,2323,-45.29,19.900000000000002,14.4,36,1749,45.79,-19.0,14.2,37,-0.345,0,
C-A-1,2,0.23971,12.3111,11.4576,2320,-45.29,19.900000000000002,14.4,36,1753,44.78,-20.8,14.2,37,-0.307,0,
C-A-1,2,0.24071,12.196,11.4626,2317,-45.79,19.0,14.4,36,1756,44.28,-21.700000000000003,14.2,37,-0.307,0,
C-A-1,2,0.24171,12.081,11.4675,2314,-45.79,19.0,14.4,36,1759,45.29,-19.900000000000002,14.2,37,-0.307,0,
C-A-1,2,0.24271,11.8892,11.4757,2309,-44.78,20.8,14.4,36,1762,45.29,-19.900000000000002,14.2,37,-0.384,0,
C-A-1,2,0.24371,11.7741,11.4805,2306,-44.78,20.8,14.4,36,1765,44.78,-20.8,14.2,37,-0.384,0,
C-A-1,2,0.24471,11.6591,11.4853,2303,-45.79,19.0,14.4,36,1767,44.28,-21.700000000000003,14.2,37,-0.422,0,
C-A-1,2,0.24573,11.544,11.49,2300,-45.79,19.0,14.4,36,1770,44.28,-21.700000000000003,14.2,37,-0.422,0,
C-A-1,2,0.24672,11.429,11.4947,2297,-45.79,19.0,14.4,36,1773,45.29,-19.900000000000002,14.2,37,-0.422,0,
C-A-1,2,0.24771,11.3906,11.4963,2296,-44.28,21.700000000000003,14.4,36,1775,44.28,-21.700000000000003,14.2,37,-0.384,0,
C-A-1,2,0.24871,11.2372,11.5024,2292,-44.78,20.8,14.4,36,1781,44.28,-21.700000000000003,14.2,37,-0.307,0,
C-A-1,2,0.24972,11.1605,11.5055,2290,-44.78,20.8,14.4,36,1784,44.28,-21.700000000000003,14.2,37,-0.268,0,
C-A-1,2,0.25071,11.0071,11.5115,2286,-45.29,19.900000000000002,14.4,36,1787,45.29,-19.900000000000002,14.2,37,-0.307,0,
C-A-1,2,0.25173,10.892,11.516,2283,-45.29,19.900000000000002,14.4,36,1790,44.78,-20.8,14.2,37,-0.307,0,
C-A-1,2,0.25271,10.8537,11.5175,2282,-44.28,21.700000000000003,14.4,36,1794,44.78,-20.8,14.2,37,-0.192,0,
C-A-1,2,0.25371,10.7386,11.5219,2279,-44.28,21.700000000000003,14.4,36,1795,43.78,-22.6,14.2,37,-0.268,0,
C-A-1,2,0.25471,10.6236,11.5263,2276,-44.78,20.8,14.4,36,1798,43.78,-22.6,14.2,37,-0.268,0,
C-A-1,2,0.25569,10.4702,11.532,2272,-45.29,19.900000000000002,14.4,36,1801,44.28,-21.700000000000003,14.2,37,-0.307,0,
C-A-1,2,0.25671,10.3168,11.5377,2268,-44.28,21.700000000000003,14.4,36,1804,44.28,-21.700000000000003,14.2,37,-0.345,0,
C-A-1,2,0.25771,10.2017,11.5419,2265,-44.28,21.700000000000003,14.4,36,1809,43.78,-22.6,14.2,37,-0.268,0,
C-A-1,2,0.25871,10.0866,11.546,2262,-44.78,20.8,14.4,36,1811,43.28,-23.400000000000002,14.2,37,-0.307,0,
C-A-1,2,0.25971,9.9716,11.5501,2259,-44.78,20.8,14.4,36,1814,43.78,-22.6,14.2,37,-0.307,0,
C-A-1,2,0.26071,9.8565,11.5542,2256,-44.78,20.8,14.4,36,1818,44.28,-21.700000000000003,14.2,37,-0.268,0,
C-A-1,2,0.26169,9.8182,11.5555,2255,-44.28,21.700000000000003,14.4,36,1820,43.78,-22.6,14.2,37,-0.23,0,
C-A-1,2,0.26271,9.7031,11.5595,2252,-44.28,21.700000000000003,14.4,36,1822,43.28,-23.400000000000002,14.2,37,-0.268,0,
C-A-1,2,0.26369,9.5497,11.5648,2248,-44.78,20.8,14.4,36,1825,43.28,-23.400000000000002,14.2,37,-0.307,0,
C-A-1,2,0.26471,9.473,11.5673,2246,-44.78,20.8,14.4,36,1828,44.28,-21.700000000000003,14.2,37,-0.268,0,
C-A-1,2,0.26571,9.3196,11.5725,2242,-43.28,23.400000000000002,14.4,36,1831,43.78,-22.6,14.2,37,-0.307,0,
C-A-1,2,0.26672,9.1662,11.5775,2238,-43.78,22.6,14.4,36,1833,42.77,-24.3,14.2,37,-0.384,0,
C-A-1,2,0.26772,9.0511,11.5812,2235,-43.78,22.6,14.4,36,1838,43.28,-23.400000000000002,14.2,37,-0.307,0,
C-A-1,2,0.2687,8.9361,11.5849,2232,-43.78,22.6,14.4,36,1841,43.78,-22.6,14.2,37,-0.307,0,
C-A-1,2,0.26971,8.821,11.5886,2229,-43.78,22.6,14.4,36,1841,43.78,-22.6,14.2,37,-0.422,0,
C-A-1,2,0.2707,8.7443,11.591,2227,-43.28,23.400000000000002,14.4,36,1846,43.28,-23.400000000000002,14.2,37,-0.307,0,
C-A-1,2,0.27172,8.6676,11.5933,2225,-42.77,24.3,14.4,36,1848,42.77,-24.3,14.2,37,-0.307,0,
C-A-1,2,0.2727,8.5142,11.598,2221,-43.78,22.6,14.4,36,1851,42.77,-24.3,14.2,37,-0.345,0,
C-A-1,2,0.27372,8.4375,11.6003,2219,-43.28,23.400000000000002,14.4,36,1854,43.28,-23.400000000000002,14.2,37,-0.307,0,
C-A-1,2,0.2747,8.2074,11.6072,2213,-43.28,23.400000000000002,14.4,36,1856,42.77,-24.3,14.2,37,-0.46,0,
C-A-1,2,0.27572,8.1307,11.6094,2211,-42.77,24.3,14.4,36,1859,42.77,-24.3,14.2,37,-0.422,0,
C-A-1,2,0.2767,7.9773,11.6138,2207,-44.28,21.700000000000003,14.4,36,1861,42.77,-24.3,14.2,37,-0.499,0,
C-A-1,2,0.27771,7.9006,11.616,2205,-43.28,23.400000000000002,14.4,36,1864,42.27,-25.200000000000003,14.2,37,-0.46,0,
C-A-1,2,0.2787,7.7855,11.6192,2202,-43.78,22.6,14.4,36,1867,42.77,-24.3,14.2,37,-0.46,0,
C-A-1,2,0.27972,7.7088,11.6213,2200,-42.77,24.3,14.4,36,1870,42.77,-24.3,14.2,37,-0.422,0,
C-A-1,2,0.2807,7.5938,11.6244,2197,-42.77,24.3,14.4,36,1875,42.27,-25.200000000000003,14.2,37,-0.345,0,
C-A-1,2,0.28172,7.517,11.6265,2195,-43.28,23.400000000000002,14.4,36,1877,41.77,-26.1,14.2,37,-0.345,0,
C-A-1,2,0.2827,7.3636,11.6305,2191,-43.78,22.6,14.4,36,1880,42.77,-24.3,14.2,37,-0.384,0,
C-A-1,2,0.28372,7.2102,11.6345,2187,-42.27,25.200000000000003,14.4,36,1883,42.77,-24.3,14.2,37,-0.422,0,
C-A-1,2,0.2847,7.0952,11.6375,2184,-42.77,24.3,14.4,36,1886,42.77,-24.3,14.2,37,-0.422,0,
C-A-1,2,0.28571,7.0185,11.6394,2182,-42.77,24.3,14.4,36,1888,42.27,-25.200000000000003,14.2,37,-0.422,0,
C-A-1,2,0.2867,6.8651,11.6432,2178,-43.28,23.400000000000002,14.4,36,1890,41.77,-26.1,14.2,37,-0.499,0,
C-A-1,2,0.28771,6.75,11.646,2175,-43.28,23.400000000000002,14.4,36,1893,42.27,-25.200000000000003,14.2,37,-0.499,0,
C-A-1,2,0.2887,6.7116,11.6469,2174,-42.27,25.200000000000003,14.4,36,1896,42.77,-24.3,14.2,37,-0.422,0,
C-A-1,2,0.28972,6.5966,11.6496,2171,-42.27,25.200000000000003,14.4,36,1901,41.77,-26.1,14.2,37,-0.345,0,
C-A-1,2,0.2907,6.4815,11.6523,2168,-43.28,23.400000000000002,14.4,36,1903,41.77,-26.1,14.2,37,-0.384,0,
C-A-1,2,0.29172,6.3665,11.6549,2165,-43.28,23.400000000000002,14.4,36,1906,42.27,-25.200000000000003,14.2,37,-0.384,0,
C-A-1,2,0.2927,6.2514,11.6575,2162,-42.27,25.200000000000003,14.4,36,1909,42.27,-25.200000000000003,14.2,37,-0.384,0,
C-A-1,2,0.29372,6.2131,11.6584,2161,-42.27,25.200000000000003,14.4,36,1912,42.27,-25.200000000000003,14.2,37,-0.307,0,
C-A-1,2,0.2947,6.098,11.6609,2158,-43.28,23.400000000000002,14.4,36,1914,41.77,-26.1,14.2,37,-0.345,0,
C-A-1,2,0.29572,5.983,11.6634,2155,-43.28,23.400000000000002,14.4,36,1916,41.77,-26.1,14.2,37,-0.384,0,
C-A-1,2,0.2967,5.8679,11.6658,2152,-43.28,23.400000000000002,14.4,36,1919,42.27,-25.200000000000003,14.2,37,-0.384,0,
C-A-1,2,0.29772,5.7145,11.669,2148,-42.27,25.200000000000003,14.4,36,1922,42.27,-25.200000000000003,14.2,37,-0.422,0,
C-A-1,2,0.2987,5.5994,11.6713,2145,-42.27,25.200000000000003,14.4,36,1926,41.26,-26.900000000000002,14.2,37,-0.384,0,
C-A-1,2,0.2997,5.4844,11.6736,2142,-42.77,24.3,14.4,36,1929,41.77,-26.1,14.2,37,-0.384,0,
C-A-1,2,0.30071,5.3693,11.6758,2139,-43.28,23.400000000000002,14.4,36,1932,42.27,-25.200000000000003,14.2,37,-0.384,0,
C-A-1,2,0.3017,5.2543,11.678,2136,-42.77,24.3,14.4,36,1935,42.27,-25.200000000000003,14.2,37,-0.384,0,
C-A-1,2,0.30272,5.2159,11.6787,2135,-42.27,25.200000000000003,14.4,36,1938,42.27,-25.200000000000003,14.2,37,-0.307,0,
C-A-1,2,0.3037,5.1009,11.6808,2132,-41.77,26.1,14.4,36,1939,41.77,-26.1,14.2,37,-0.384,0,
C-A-1,2,0.30472,4.9858,11.6829,2129,-42.27,25.200000000000003,14.4,36,1942,41.77,-26.1,14.2,37,-0.384,0,
C-A-1,2,0.3057,4.9091,11.6842,2127,-42.27,25.200000000000003,14.4,36,1945,42.27,-25.200000000000003,14.2,37,-0.345,0,
C-A-1,2,0.30672,4.7173,11.6875,2122,-41.77,26.1,14.4,36,1947,41.77,-26.1,14.2,37,-0.46,0,
C-A-1,2,0.3077,4.6023,11.6895,2119,-41.77,26.1,14.4,36,1952,41.26,-26.900000000000002,14.2,37,-0.384,0,
C-A-1,2,0.30872,4.4872,11.6913,2116,-42.27,25.200000000000003,14.4,36,1955,41.77,-26.1,14.2,37,-0.384,0,
C-A-1,2,0.3097,4.3722,11.6931,2113,-42.27,25.200000000000003,14.4,36,1958,41.77,-26.1,14.2,37,-0.384,0,
C-A-1,2,0.3107,4.2955,11.6943,2111,-42.77,24.3,14.4,36,1961,42.27,-25.200000000000003,14.2,37,-0.345,0,
C-A-1,2,0.3117,4.2571,11.6949,2110,-41.26,26.900000000000002,14.4,36,1963,41.77,-26.1,14.2,37,-0.307,0,
C-A-1,2,0.3127,4.142,11.6966,2107,-41.77,26.1,14.4,36,1965,41.26,-26.900000000000002,14.2,37,-0.345,0,
C-A-1,2,0.3137,4.027,11.6983,2104,-42.27,25.200000000000003,14.4,36,1968,41.26,-26.900000000000002,14.2,37,-0.345,0,
C-A-1,2,0.3147,3.8736,11.7005,2100,-42.77,24.3,14.4,36,1971,41.77,-26.1,14.2,37,-0.384,0,
C-A-1,2,0.3157,3.7202,11.7026,2096,-41.77,26.1,14.4,36,1974,42.27,-25.200000000000003,14.2,37,-0.422,0,
C-A-1,2,0.3167,3.6435,11.7036,2094,-41.26,26.900000000000002,14.4,36,1977,42.27,-25.200000000000003,14.2,37,-0.384,0,
C-A-1,2,0.3177,3.4901,11.7055,2090,-42.77,24.3,14.4,36,1978,41.26,-26.900000000000002,14.2,37,-0.499,0,
C-A-1,2,0.3187,3.375,11.7069,2087,-42.77,24.3,14.4,36,1981,41.26,-26.900000000000002,14.2,37,-0.499,0,
C-A-1,2,0.3197,3.2599,11.7083,2084,-42.77,24.3,14.4,36,1985,41.77,-26.1,14.2,37,-0.46,0,
C-A-1,2,0.3207,3.2216,11.7087,2083,-41.77,26.1,14.4,36,1988,42.27,-25.200000000000003,14.2,37,-0.384,0,
C-A-1,2,0.3217,3.1065,11.71,2080,-41.77,26.1,14.4,36,1992,41.26,-26.900000000000002,14.2,37,-0.345,0,
C-A-1,2,0.3227,2.9915,11.7113,2077,-42.77,24.3,14.4,36,1996,41.77,-26.1,14.2,37,-0.307,0,
C-A-1,2,0.3237,2.8764,11.7125,2074,-42.77,24.3,14.4,36,1998,41.77,-26.1,14.2,37,-0.345,0,
C-A-1,2,0.3247,2.723,11.714,2070,-41.77,26.1,14.4,36,2001,42.27,-25.200000000000003,14.2,37,-0.384,0,
C-A-1,2,0.3257,2.608,11.7151,2067,-41.77,26.1,14.4,36,2004,42.27,-25.200000000000003,14.2,37,-0.384,0,
C-A-1,2,0.3267,2.4929,11.7162,2064,-42.77,24.3,14.4,36,2006,41.77,-26.1,14.2,37,-0.422,0,
C-A-1,2,0.3277,2.3778,11.7172,2061,-42.77,24.3,14.4,36,2009,41.77,-26.1,14.2,37,-0.422,0,
C-A-1,2,0.3287,2.2628,11.7181,2058,-42.77,24.3,14.4,36,2012,42.77,-24.3,14.2,37,-0.422,0,
C-A-1,2,0.3297,2.1861,11.7187,2056,-42.27,25.200000000000003,14.4,36,2015,42.77,-24.3,14.2,37,-0.384,0,
C-A-1,2,0.3307,2.071,11.7196,2053,-42.27,25.200000000000003,14.4,36,2019,41.77,-26.1,14.2,37,-0.345,0,
C-A-1,2,0.3317,1.956,11.7204,2050,-43.28,23.400000000000002,14.4,36,2022,41.77,-26.1,14.2,37,-0.345,0,
C-A-1,2,0.3327,1.8409,11.7212,2047,-43.28,23.400000000000002,14.4,36,2025,42.77,-24.3,14.2,37,-0.345,0,
C-A-1,2,0.3337,1.6875,11.7222,2043,-42.77,24.3,14.4,36,2028,42.77,-24.3,14.2,37,-0.384,0,
C-A-1,2,0.3347,1.5724,11.7229,2040,-42.27,25.200000000000003,14.4,36,2031,42.77,-24.3,14.2,37,-0.384,0,
C-A-1,2,0.3357,1.4574,11.7235,2037,-43.28,23.400000000000002,14.4,36,2032,42.27,-25.200000000000003,14.2,37,-0.46,0,
C-A-1,2,0.3367,1.3807,11.7239,2035,-42.77,24.3,14.4,36,2035,41.77,-26.1,14.2,37,-0.422,0,
C-A-1,2,0.3377,1.2273,11.7246,2031,-43.28,23.400000000000002,14.4,36,2038,42.77,-24.3,14.2,37,-0.46,0,
C-A-1,2,0.3387,1.1889,11.7247,2030,-42.27,25.200000000000003,14.4,36,2041,42.77,-24.3,14.2,37,-0.384,0,
C-A-1,2,0.3397,1.0739,11.7252,2027,-42.27,25.200000000000003,14.4,36,2046,42.27,-25.200000000000003,14.2,37,-0.307,0,
C-A-1,2,0.3407,0.9588,11.7256,2024,-43.28,23.400000000000002,14.5,36,2048,42.27,-25.200000000000003,14.2,37,-0.345,0,
C-A-1,2,0.3417,0.8821,11.7259,2022,-42.77,24.3,14.5,36,2051,42.77,-24.3,14.3,37,-0.307,0,
C-A-1,2,0.3427,0.7287,11.7263,2018,-43.28,23.400000000000002,14.5,36,2054,42.77,-24.3,14.3,37,-0.345,0,
C-A-1,2,0.3437,0.652,11.7265,2016,-42.27,25.200000000000003,14.5,36,2057,42.77,-24.3,14.3,37,-0.307,0,
C-A-1,2,0.3447,0.5369,11.7268,2013,-42.77,24.3,14.5,36,2059,42.27,-25.200000000000003,14.3,37,-0.345,0,
C-A-1,2,0.3457,0.4219,11.7269,2010,-43.28,23.400000000000002,14.5,36,2061,41.77,-26.1,14.3,37,-0.384,0,
C-A-1,2,0.3467,0.3452,11.7271,2008,-43.28,23.400000000000002,14.5,36,2065,43.28,-23.400000000000002,14.3,37,-0.307,0,
C-A-1,2,0.3477,0.1534,11.7272,2003,-42.27,25.200000000000003,14.5,36,2067,42.77,-24.3,14.3,37,-0.422,0,
C-A-1,2,0.3487,0.0384,11.7273,2000,-42.27,25.200000000000003,14.5,36,2072,42.27,-25.200000000000003,14.3,37,-0.345,0,
C-A-1,2,0.3497,-0.0767,11.7273,1997,-43.28,23.400000000000002,14.5,36,2075,42.27,-25.200000000000003,14.3,37,-0.345,0,
C-A-1,2,0.3507,-0.1918,11.7272,1994,-43.28,23.400000000000002,14.5,36,2078,43.28,-23.400000000000002,14.3,37,-0.345,0,
C-A-1,2,0.3517,-0.3068,11.7271,1991,-43.28,23.400000000000002,14.5,36,2081,42.77,-24.3,14.3,37,-0.345,0,
C-A-1,2,0.3527,-0.3835,11.727,1989,-42.77,24.3,14.5,36,2084,43.28,-23.400000000000002,14.3,37,-0.307,0,
C-A-1,2,0.3537,-0.4986,11.7268,1986,-42.77,24.3,14.5,36,2085,42.27,-25.200000000000003,14.3,37,-0.384,0,
C-A-1,2,0.3547,-0.5753,11.7267,1984,-43.78,22.6,14.5,36,2088,42.27,-25.200000000000003,14.3,37,-0.345,0,
C-A-1,2,0.3557,-0.652,11.7265,1982,-43.28,23.400000000000002,14.5,36,2091,42.77,-24.3,14.3,37,-0.307,0,
C-A-1,2,0.3567,-0.8438,11.726,1977,-42.77,24.3,14.5,36,2094,42.77,-24.3,14.3,37,-0.384,0,
C-A-1,2,0.3577,-0.9588,11.7256,1974,-42.77,24.3,14.5,36,2097,42.77,-24.3,14.3,37,-0.384,0,
C-A-1,2,0.3587,-1.0739,11.7252,1971,-43.28,23.400000000000002,14.5,36,2098,41.77,-26.1,14.3,37,-0.46,0,
C-A-1,2,0.3597,-1.1889,11.7247,1968,-43.28,23.400000000000002,14.5,36,2101,41.77,-26.1,14.3,37,-0.46,0,
C-A-1,2,0.3607,-1.2656,11.7244,1966,-42.77,24.3,14.5,36,2105,43.28,-23.400000000000002,14.3,37,-0.384,0,
C-A-1,2,0.3617,-1.3423,11.724,1964,-42.27,25.200000000000003,14.5,36,2108,43.28,-23.400000000000002,14.3,37,-0.345,0,
C-A-1,2,0.3627,-1.4957,11.7233,1960,-43.28,23.400000000000002,14.5,36,2112,42.27,-25.200000000000003,14.3,37,-0.345,0,
C-A-1,2,0.3637,-1.5724,11.7229,1958,-43.28,23.400000000000002,14.5,36,2115,42.27,-25.200000000000003,14.3,37,-0.307,0,
C-A-1,2,0.3647,-1.7259,11.7219,1954,-43.78,22.6,14.5,36,2118,43.28,-23.400000000000002,14.3,37,-0.345,0,
C-A-1,2,0.3657,-1.8793,11.721,1950,-43.28,23.400000000000002,14.5,36,2121,43.28,-23.400000000000002,14.3,37,-0.384,0,
C-A-1,2,0.3667,-1.9943,11.7202,1947,-42.77,24.3,14.5,36,2123,42.77,-24.3,14.3,37,-0.422,0,
C-A-1,2,0.3677,-2.1094,11.7193,1944,-43.78,22.6,14.5,36,2125,42.27,-25.200000000000003,14.3,37,-0.46,0,
C-A-1,2,0.3687,-2.2244,11.7184,1941,-43.78,22.6,14.5,36,2129,43.28,-23.400000000000002,14.3,37,-0.422,0,
C-A-1,2,0.3697,-2.3395,11.7175,1938,-43.78,22.6,14.5,36,2131,42.77,-24.3,14.3,37,-0.46,0,
C-A-1,2,0.37071,-2.4162,11.7168,1936,-43.78,22.6,14.5,36,2134,43.28,-23.400000000000002,14.3,37,-0.422,0,
C-A-1,2,0.3717,-2.4929,11.7162,1934,-42.77,24.3,14.5,36,2138,42.27,-25.200000000000003,14.3,37,-0.345,0,
C-A-1,2,0.3727,-2.608,11.7151,1931,-43.28,23.400000000000002,14.5,36,2141,42.27,-25.200000000000003,14.3,37,-0.345,0,
C-A-1,2,0.3737,-2.723,11.714,1928,-43.28,23.400000000000002,14.5,36,2144,42.77,-24.3,14.3,37,-0.345,0,
C-A-1,2,0.37471,-2.8764,11.7125,1924,-42.77,24.3,14.5,36,2147,43.28,-23.400000000000002,14.3,37,-0.384,0,
C-A-1,2,0.3757,-3.0298,11.7109,1920,-43.28,23.400000000000002,14.5,36,2150,42.77,-24.3,14.3,37,-0.422,0,
C-A-1,2,0.37671,-3.1065,11.71,1918,-43.28,23.400000000000002,14.5,36,2151,42.27,-25.200000000000003,14.3,37,-0.46,0,
C-A-1,2,0.3777,-3.2599,11.7083,1914,-43.78,22.6,14.5,36,2154,42.27,-25.200000000000003,14.3,37,-0.499,0,
C-A-1,2,0.37871,-3.375,11.7069,1911,-43.78,22.6,14.5,36,2157,42.77,-24.3,14.3,37,-0.499,0,
C-A-1,2,0.3797,-3.4134,11.7065,1910,-42.77,24.3,14.5,36,2160,42.77,-24.3,14.3,37,-0.422,0,
C-A-1,2,0.38071,-3.5284,11.705,1907,-42.77,24.3,14.5,36,2164,41.77,-26.1,14.3,37,-0.384,0,
C-A-1,2,0.3817,-3.6435,11.7036,1904,-43.28,23.400000000000002,14.5,36,2168,42.27,-25.200000000000003,14.3,37,-0.345,0,
C-A-1,2,0.38271,-3.7585,11.702,1901,-43.28,23.400000000000002,14.5,36,2170,42.77,-24.3,14.3,37,-0.384,0,
C-A-1,2,0.3837,-3.9119,11.6999,1897,-43.78,22.6,14.5,36,2173,42.77,-24.3,14.3,37,-0.422,0,
C-A-1,2,0.38471,-3.9503,11.6994,1896,-43.28,23.400000000000002,14.5,36,2176,42.77,-24.3,14.3,37,-0.345,0,
C-A-1,2,0.3857,-4.0653,11.6978,1893,-43.28,23.400000000000002,14.5,36,2178,42.27,-25.200000000000003,14.3,37,-0.384,0,
C-A-1,2,0.38671,-4.1804,11.6961,1890,-43.78,22.6,14.5,36,2180,41.77,-26.1,14.3,37,-0.422,0,
C-A-1,2,0.3877,-4.2955,11.6943,1887,-43.78,22.6,14.5,36,2183,42.77,-24.3,14.3,37,-0.422,0,
C-A-1,2,0.38871,-4.4872,11.6913,1882,-43.28,23.400000000000002,14.5,36,2187,43.28,-23.400000000000002,14.3,37,-0.46,0,
C-A-1,2,0.3897,-4.6023,11.6895,1879,-43.78,22.6,14.5,36,2191,41.77,-26.1,14.3,37,-0.422,0,
C-A-1,2,0.39071,-4.7173,11.6875,1876,-44.28,21.700000000000003,14.5,36,2194,42.27,-25.200000000000003,14.3,37,-0.422,0,
C-A-1,2,0.3917,-4.8324,11.6856,1873,-43.78,22.6,14.5,36,2196,42.27,-25.200000000000003,14.3,37,-0.46,0,
C-A-1,2,0.39271,-4.9474,11.6836,1870,-44.28,21.700000000000003,14.5,36,2200,42.77,-24.3,14.3,37,-0.422,0,
C-A-1,2,0.3937,-4.9858,11.6829,1869,-42.77,24.3,14.5,36,2202,42.27,-25.200000000000003,14.3,37,-0.384,0,
C-A-1,2,0.39471,-5.1009,11.6808,1866,-43.28,23.400000000000002,14.5,36,2204,41.77,-26.1,14.3,37,-0.422,0,
C-A-1,2,0.3957,-5.2159,11.6787,1863,-43.78,22.6,14.5,36,2207,42.27,-25.200000000000003,14.3,37,-0.422,0,
C-A-1,2,0.39671,-5.331,11.6765,1860,-43.78,22.6,14.5,36,2210,42.77,-24.3,14.3,37,-0.422,0,
C-A-1,2,0.3977,-5.5227,11.6728,1855,-43.28,23.400000000000002,14.5,36,2213,42.27,-25.200000000000003,14.3,37,-0.499,0,
C-A-1,2,0.39872,-5.5994,11.6713,1853,-42.77,24.3,14.5,36,2216,42.27,-25.200000000000003,14.3,37,-0.46,0,
C-A-1,2,0.39977,-5.7528,11.6682,1849,-43.78,22.6,14.5,36,2220,41.77,-26.1,14.3,37,-0.46,0,
C-A-1,2,0.40077,-5.8679,11.6658,1846,-44.28,21.700000000000003,14.5,36,2223,42.77,-24.3,14.3,37,-0.46,0,
C-A-1,2,0.40179,-5.983,11.6634,1843,-44.28,21.700000000000003,14.5,36,2226,42.77,-24.3,14.3,37,-0.46,0,
C-A-1,2,0.40277,-6.0213,11.6626,1842,-43.28,23.400000000000002,14.5,36,2230,43.28,-23.400000000000002,14.3,37,-0.345,0,
C-A-1,2,0.40376,-6.1364,11.6601,1839,-43.28,23.400000000000002,14.5,36,2231,42.27,-25.200000000000003,14.3,37,-0.422,0,
C-A-1,2,0.40477,-6.2514,11.6575,1836,-44.28,21.700000000000003,14.5,36,2233,41.77,-26.1,14.3,37,-0.46,0,
C-A-1,2,0.40577,-6.3665,11.6549,1833,-43.78,22.6,14.5,36,2237,43.28,-23.400000000000002,14.3,37,-0.422,0,
C-A-1,2,0.40679,-6.5582,11.6505,1828,-43.28,23.400000000000002,14.5,36,2239,42.77,-24.3,14.3,37,-0.537,0,
C-A-1,2,0.40776,-6.6733,11.6478,1825,-43.28,23.400000000000002,14.5,36,2243,42.27,-25.200000000000003,14.3,37,-0.499,0,
C-A-1,2,0.40877,-6.75,11.646,1823,-43.78,22.6,14.5,36,2244,42.27,-25.200000000000003,14.3,37,-0.537,0,
C-A-1,2,0.40977,-6.8651,11.6432,1820,-43.78,22.6,14.5,36,2246,41.77,-26.1,14.3,37,-0.575,0,
C-A-1,2,0.41077,-6.9801,11.6403,1817,-43.78,22.6,14.5,36,2250,43.28,-23.400000000000002,14.3,37,-0.537,0,
C-A-1,2,0.4118,-7.0568,11.6384,1815,-43.28,23.400000000000002,14.5,36,2252,42.27,-25.200000000000003,14.3,37,-0.537,0,
C-A-1,2,0.41277,-7.1719,11.6355,1812,-42.77,24.3,14.5,36,2256,41.77,-26.1,14.3,37,-0.499,0,
C-A-1,2,0.41378,-7.2869,11.6325,1809,-43.78,22.6,14.5,36,2259,41.77,-26.1,14.3,37,-0.499,0,
C-A-1,2,0.41478,-7.402,11.6295,1806,-43.78,22.6,14.5,36,2262,42.27,-25.200000000000003,14.3,37,-0.499,0,
C-A-1,2,0.4157,-7.5554,11.6255,1802,-42.77,24.3,14.5,36,2265,42.77,-24.3,14.3,37,-0.537,0,
C-A-1,2,0.41669,-7.6705,11.6223,1799,-42.77,24.3,14.5,36,2268,42.77,-24.3,14.3,37,-0.537,0,
C-A-1,2,0.41771,-7.8239,11.6181,1795,-43.78,22.6,14.5,36,2270,41.77,-26.1,14.3,37,-0.614,0,
C-A-1,2,0.4187,-7.9006,11.616,1793,-43.28,23.400000000000002,14.5,36,2273,42.27,-25.200000000000003,14.3,37,-0.575,0,
C-A-1,2,0.41971,-8.0156,11.6127,1790,-43.78,22.6,14.5,36,2275,42.27,-25.200000000000003,14.3,37,-0.614,0,
C-A-1,2,0.4207,-8.054,11.6116,1789,-42.77,24.3,14.5,36,2279,42.77,-24.3,14.3,37,-0.499,0,
C-A-1,2,0.42171,-8.169,11.6083,1786,-42.77,24.3,14.5,36,2283,41.77,-26.1,14.3,37,-0.46,0,
C-A-1,2,0.4227,-8.2841,11.6049,1783,-43.78,22.6,14.5,36,2286,42.27,-25.200000000000003,14.3,37,-0.46,0,
C-A-1,2,0.42371,-8.3991,11.6015,1780,-43.78,22.6,14.5,36,2288,42.27,-25.200000000000003,14.3,37,-0.499,0,
C-A-1,2,0.4247,-8.5142,11.598,1777,-43.28,23.400000000000002,14.5,36,2292,42.77,-24.3,14.3,37,-0.46,0,
C-A-1,2,0.4257,-8.5909,11.5957,1775,-43.28,23.400000000000002,14.5,36,2294,42.27,-25.200000000000003,14.3,37,-0.46,0,
C-A-1,2,0.42671,-8.706,11.5921,1772,-43.78,22.6,14.5,36,2296,41.77,-26.1,14.3,37,-0.499,0,
C-A-1,2,0.4277,-8.821,11.5886,1769,-43.78,22.6,14.5,36,2299,41.77,-26.1,14.3,37,-0.499,0,
C-A-1,2,0.42871,-8.8977,11.5861,1767,-43.78,22.6,14.5,36,2301,41.77,-26.1,14.3,37,-0.499,0,
C-A-1,2,0.4297,-9.0895,11.58,1762,-42.77,24.3,14.5,36,2305,42.77,-24.3,14.3,37,-0.537,0,
C-A-1,2,0.4307,-9.2045,11.5763,1759,-42.77,24.3,14.5,36,2309,41.77,-26.1,14.3,37,-0.499,0,
C-A-1,2,0.4317,-9.3196,11.5725,1756,-43.78,22.6,14.5,36,2312,41.26,-26.900000000000002,14.3,37,-0.499,0,
C-A-1,2,0.4327,-9.4347,11.5686,1753,-43.78,22.6,14.5,36,2315,42.27,-25.200000000000003,14.3,37,-0.499,0,
C-A-1,2,0.43371,-9.5497,11.5648,1750,-43.78,22.6,14.5,36,2318,42.77,-24.3,14.3,37,-0.499,0,
C-A-1,2,0.4347,-9.6264,11.5621,1748,-43.28,23.400000000000002,14.5,36,2321,42.27,-25.200000000000003,14.3,37,-0.46,0,
C-A-1,2,0.43571,-9.7415,11.5582,1745,-43.28,23.400000000000002,14.5,36,2322,41.77,-26.1,14.3,37,-0.537,0,
C-A-1,2,0.4367,-9.8182,11.5555,1743,-43.28,23.400000000000002,14.5,36,2325,41.26,-26.900000000000002,14.3,37,-0.499,0,
C-A-1,2,0.43771,-9.9332,11.5515,1740,-43.28,23.400000000000002,14.5,36,2329,42.77,-24.3,14.3,37,-0.46,0,
C-A-1,2,0.4387,-10.125,11.5446,1735,-43.28,23.400000000000002,14.5,36,2331,42.77,-24.3,14.3,37,-0.575,0,
C-A-1,2,0.43971,-10.2401,11.5405,1732,-43.28,23.400000000000002,14.5,36,2336,42.27,-25.200000000000003,14.3,37,-0.499,0,
C-A-1,2,0.4407,-10.3551,11.5363,1729,-43.78,22.6,14.5,36,2339,42.27,-25.200000000000003,14.3,37,-0.499,0,
C-A-1,2,0.4417,-10.4318,11.5334,1727,-43.78,22.6,14.5,36,2342,43.28,-23.400000000000002,14.3,37,-0.46,0,
C-A-1,2,0.44271,-10.5469,11.5291,1724,-43.78,22.6,14.5,36,2344,42.77,-24.3,14.3,37,-0.499,0,
C-A-1,2,0.4437,-10.6236,11.5263,1722,-43.28,23.400000000000002,14.5,36,2348,43.28,-23.400000000000002,14.3,37,-0.422,0,
C-A-1,2,0.44471,-10.7386,11.5219,1719,-43.28,23.400000000000002,14.5,36,2349,42.27,-25.200000000000003,14.3,37,-0.499,0,
C-A-1,2,0.44583,-10.8153,11.519,1717,-43.78,22.6,14.5,36,2352,42.27,-25.200000000000003,14.3,37,-0.46,0,
C-A-1,2,0.44671,-10.9304,11.5145,1714,-43.28,23.400000000000002,14.5,36,2354,42.27,-25.200000000000003,14.3,37,-0.499,0,
C-A-1,2,0.44772,-11.1222,11.507,1709,-43.28,23.400000000000002,14.5,36,2358,42.77,-24.3,14.3,37,-0.537,0,
C-A-1,2,0.44871,-11.2372,11.5024,1706,-42.77,24.3,14.5,36,2360,41.77,-26.1,14.3,37,-0.575,0,
C-A-1,2,0.44972,-11.3139,11.4994,1704,-43.28,23.400000000000002,14.5,36,2362,41.77,-26.1,14.3,37,-0.575,0,
C-A-1,2,0.45071,-11.4673,11.4932,1700,-43.78,22.6,14.5,36,2364,41.77,-26.1,14.3,37,-0.652,0,
C-A-1,2,0.45172,-11.544,11.49,1698,-43.28,23.400000000000002,14.5,36,2367,42.27,-25.200000000000003,14.3,37,-0.614,0,
C-A-1,2,0.4527,-11.6591,11.4853,1695,-43.28,23.400000000000002,14.5,36,2370,42.27,-25.200000000000003,14.3,37,-0.614,0,
C-A-1,2,0.4537,-11.7741,11.4805,1692,-43.28,23.400000000000002,14.5,36,2375,41.77,-26.1,14.3,37,-0.537,0,
C-A-1,2,0.45471,-11.8892,11.4757,1689,-43.78,22.6,14.5,36,2378,42.27,-25.200000000000003,14.3,37,-0.537,0,
C-A-1,2,0.4557,-11.9659,11.4724,1687,-43.28,23.400000000000002,14.5,36,2381,42.77,-24.3,14.3,37,-0.499,0,
C-A-1,2,0.45671,-12.1577,11.4642,1682,-43.28,23.400000000000002,15.1,36,2384,42.77,-24.3,14.3,37,-0.575,0,
C-A-1,2,0.4577,-12.2727,11.4593,1679,-42.77,24.3,15.1,36,2387,43.28,-23.400000000000002,14.3,37,-0.575,0,
C-A-1,2,0.45871,-12.3878,11.4542,1676,-43.78,22.6,15.1,36,2388,41.77,-26.1,15.0,37,-0.652,0,
C-A-1,2,0.45971,-12.5028,11.4492,1673,-43.78,22.6,15.1,36,2392,42.77,-24.3,15.0,37,-0.614,0,
C-A-1,2,0.46071,-12.6179,11.444,1670,-43.78,22.6,15.1,36,2394,42.77,-24.3,15.0,37,-0.652,0,
C-A-1,2,0.46171,-12.6946,11.4406,1668,-43.28,23.400000000000002,15.1,36,2397,42.77,-24.3,15.0,37,-0.614,0,
C-A-1,2,0.46271,-12.7713,11.4371,1666,-42.77,24.3,15.1,36,2402,42.27,-25.200000000000003,15.0,37,-0.499,0,
C-A-1,2,0.4637,-12.9247,11.4302,1662,-43.78,22.6,15.1,36,2405,42.27,-25.200000000000003,15.0,37,-0.537,0,
C-A-1,2,0.4647,-13.0398,11.4249,1659,-43.78,22.6,15.1,36,2408,43.28,-23.400000000000002,15.0,37,-0.537,0,
C-A-1,2,0.46571,-13.1932,11.4177,1655,-43.28,23.400000000000002,15.1,36,2411,43.28,-23.400000000000002,15.0,37,-0.575,0,
C-A-1,2,0.46671,-13.3082,11.4123,1652,-43.28,23.400000000000002,15.1,36,2413,42.27,-25.200000000000003,15.0,37,-0.614,0,
C-A-1,2,0.4677,-13.4233,11.4069,1649,-43.78,22.6,15.1,36,2415,42.27,-25.200000000000003,15.0,37,-0.652,0,
C-A-1,2,0.46871,-13.5384,11.4014,1646,-43.78,22.6,15.1,36,2418,42.27,-25.200000000000003,15.0,37,-0.652,0,
C-A-1,2,0.46971,-13.6534,11.3959,1643,-43.78,22.6,15.1,36,2421,42.77,-24.3,15.0,37,-0.652,0,
C-A-1,2,0.47071,-13.6918,11.394,1642,-42.77,24.3,15.1,36,2424,42.77,-24.3,15.0,37,-0.575,0,
C-A-1,2,0.47171,-13.8068,11.3884,1639,-42.77,24.3,15.1,36,2428,42.27,-25.200000000000003,15.0,37,-0.537,0,
C-A-1,2,0.47271,-13.9219,11.3828,1636,-43.28,23.400000000000002,15.1,36,2431,41.77,-26.1,15.0,37,-0.537,0,
C-A-1,2,0.4737,-14.0369,11.3771,1633,-43.28,23.400000000000002,15.1,36,2435,43.28,-23.400000000000002,15.0,37,-0.499,0,
C-A-1,2,0.47471,-14.152,11.3714,1630,-43.78,22.6,15.1,36,2437,42.77,-24.3,15.0,37,-0.537,0,
C-A-1,2,0.47571,-14.2287,11.3675,1628,-43.28,23.400000000000002,15.1,36,2441,43.78,-22.6,15.0,37,-0.46,0,
C-A-1,2,0.47671,-14.3054,11.3636,1626,-42.77,24.3,15.1,36,2442,42.27,-25.200000000000003,15.0,37,-0.499,0,
C-A-1,2,0.47771,-14.4588,11.3558,1622,-43.78,22.6,15.1,36,2445,42.77,-24.3,15.0,37,-0.537,0,
C-A-1,2,0.47871,-14.5739,11.3499,1619,-43.78,22.6,15.1,36,2448,43.28,-23.400000000000002,15.0,37,-0.537,0,
C-A-1,2,0.47971,-14.7273,11.342,1615,-42.77,24.3,15.1,36,2451,43.78,-22.6,15.0,37,-0.575,0,
C-A-1,2,0.48071,-14.8423,11.336,1612,-43.28,23.400000000000002,15.1,36,2455,42.77,-24.3,15.0,37,-0.537,0,
C-A-1,2,0.48171,-14.9574,11.3299,1609,-43.28,23.400000000000002,15.1,36,2458,42.77,-24.3,15.0,37,-0.537,0,
C-A-1,2,0.48271,-15.0724,11.3238,1606,-43.28,23.400000000000002,15.1,36,2461,43.28,-23.400000000000002,15.0,37,-0.537,0,
C-A-1,2,0.48371,-15.1491,11.3197,1604,-42.77,24.3,15.1,36,2463,42.77,-24.3,15.0,37,-0.537,0,
C-A-1,2,0.48471,-15.2259,11.3156,1602,-42.77,24.3,15.1,36,2466,42.77,-24.3,15.0,37,-0.499,0,
C-A-1,2,0.48571,-15.3409,11.3094,1599,-43.28,23.400000000000002,15.1,36,2468,42.27,-25.200000000000003,15.0,37,-0.537,0,
C-A-1,2,0.48671,-15.4176,11.3052,1597,-43.28,23.400000000000002,15.1,36,2471,42.27,-25.200000000000003,15.0,37,-0.499,0,
C-A-1,2,0.48771,-15.5327,11.299,1594,-43.28,23.400000000000002,15.1,36,2474,43.28,-23.400000000000002,15.0,37,-0.499,0,
C-A-1,2,0.48882,-15.7244,11.2884,1589,-42.77,24.3,15.1,36,2476,42.27,-25.200000000000003,15.0,37,-0.614,0,
C-A-1,2,0.48971,-15.8395,11.282,1586,-42.77,24.3,15.1,36,2481,42.27,-25.200000000000003,15.0,37,-0.537,0,
C-A-1,2,0.49072,-15.9545,11.2755,1583,-43.28,23.400000000000002,15.1,36,2481,42.27,-25.200000000000003,15.0,37,-0.652,0,
C-A-1,2,0.49172,-16.0696,11.269,1580,-43.78,22.6,15.1,36,2484,42.77,-24.3,15.0,37,-0.652,0,
C-A-1,2,0.49272,-16.1847,11.2625,1577,-43.28,23.400000000000002,15.1,36,2487,42.77,-24.3,15.0,37,-0.652,0,
C-A-1,2,0.49372,-16.223,11.2603,1576,-42.27,25.200000000000003,15.1,36,2490,42.77,-24.3,15.0,37,-0.575,0,
C-A-1,2,0.49472,-16.3764,11.2515,1572,-43.28,23.400000000000002,15.1,36,2494,41.77,-26.1,15.0,37,-0.575,0,
C-A-1,2,0.49572,-16.4915,11.2448,1569,-43.78,22.6,15.1,36,2498,42.77,-24.3,15.0,37,-0.537,0,
C-A-1,2,0.49671,-16.6065,11.2381,1566,-43.78,22.6,15.1,36,2501,43.28,-23.400000000000002,15.0,37,-0.537,0,
C-A-1,2,0.49771,-16.7599,11.2291,1562,-42.77,24.3,15.1,36,2503,42.77,-24.3,15.0,37,-0.614,0,
C-A-1,2,0.49871,-16.875,11.2223,1559,-42.77,24.3,15.1,36,2506,42.77,-24.3,15.0,37,-0.614,0,
C-A-1,2,0.49971,-16.9901,11.2154,1556,-43.78,22.6,15.1,36,2508,42.27,-25.200000000000003,15.0,37,-0.652,0,
C-A-1,2,0.50071,-17.1435,11.2062,1552,-44.28,21.700000000000003,15.1,36,2511,42.27,-25.200000000000003,15.0,37,-0.69,0,
C-A-1,2,0.50171,-17.2202,11.2016,1550,-43.78,22.6,15.1,36,2514,43.28,-23.400000000000002,15.0,37,-0.652,0,
C-A-1,2,0.50271,-17.2969,11.1969,1548,-43.28,23.400000000000002,15.1,36,2517,43.28,-23.400000000000002,15.0,37,-0.614,0,
C-A-1,2,0.50371,-17.4119,11.1899,1545,-43.28,23.400000000000002,15.1,36,2521,42.27,-25.200000000000003,15.0,37,-0.575,0,
C-A-1,2,0.50471,-17.527,11.1828,1542,-43.78,22.6,15.1,36,2524,41.77,-26.1,15.0,37,-0.575,0,
C-A-1,2,0.50571,-17.6037,11.1781,1540,-43.78,22.6,15.1,36,2527,42.77,-24.3,15.0,37,-0.537,0,
C-A-1,2,0.50671,-17.7955,11.1662,1535,-42.77,24.3,15.1,36,2530,42.77,-24.3,15.0,37,-0.614,0,
C-A-1,2,0.50771,-17.9489,11.1565,1531,-43.78,22.6,15.1,36,2533,42.77,-24.3,15.0,37,-0.652,0,
C-A-1,2,0.50871,-18.0639,11.1492,1528,-44.28,21.700000000000003,15.1,36,2535,42.27,-25.200000000000003,15.0,37,-0.69,0,
C-A-1,2,0.50971,-18.1406,11.1444,1526,-43.78,22.6,15.1,36,2538,42.27,-25.200000000000003,15.0,37,-0.652,0,
C-A-1,2,0.51071,-18.2557,11.137,1523,-43.78,22.6,15.1,36,2541,43.28,-23.400000000000002,15.0,37,-0.652,0,
C-A-1,2,0.51171,-18.294,11.1345,1522,-42.77,24.3,15.1,36,2544,43.28,-23.400000000000002,15.0,37,-0.575,0,
C-A-1,2,0.51271,-18.4091,11.1271,1519,-43.28,23.400000000000002,15.1,36,2548,42.77,-24.3,15.0,37,-0.537,0,
C-A-1,2,0.51371,-18.5241,11.1197,1516,-43.78,22.6,15.1,36,2551,42.77,-24.3,15.0,37,-0.537,0,
C-A-1,2,0.51471,-18.6776,11.1097,1512,-43.78,22.6,15.1,36,2554,43.28,-23.400000000000002,15.0,37,-0.575,0,
C-A-1,2,0.51571,-18.7543,11.1046,1510,-43.78,22.6,15.1,36,2557,43.28,-23.400000000000002,15.0,37,-0.537,0,
C-A-1,2,0.51671,-18.831,11.0996,1508,-43.28,23.400000000000002,15.1,36,2560,43.28,-23.400000000000002,15.0,37,-0.499,0,
C-A-1,2,0.51771,-18.946,11.0919,1505,-43.28,23.400000000000002,15.1,36,2562,43.28,-23.400000000000002,15.0,37,-0.537,0,
C-A-1,2,0.51871,-19.0611,11.0843,1502,-43.78,22.6,15.1,36,2564,42.77,-24.3,15.0,37,-0.575,0,
C-A-1,2,0.51971,-19.1761,11.0766,1499,-43.78,22.6,15.1,36,2567,43.28,-23.400000000000002,15.0,37,-0.575,0,
C-A-1,2,0.52071,-19.3295,11.0662,1495,-42.77,24.3,15.1,36,2570,43.28,-23.400000000000002,15.0,37,-0.614,0,
C-A-1,2,0.52171,-19.483,11.0558,1491,-43.28,23.400000000000002,15.1,36,2575,42.77,-24.3,15.0,37,-0.575,0,
C-A-1,2,0.52271,-19.598,11.0479,1488,-44.28,21.700000000000003,15.1,36,2577,42.27,-25.200000000000003,15.0,37,-0.614,0,
C-A-1,2,0.52372,-19.7131,11.04,1485,-43.78,22.6,15.1,36,2580,43.28,-23.400000000000002,15.0,37,-0.614,0,
C-A-1,2,0.52471,-19.7898,11.0347,1483,-43.28,23.400000000000002,15.1,36,2583,42.77,-24.3,15.0,37,-0.575,0,
C-A-1,2,0.52571,-19.8665,11.0293,1481,-42.77,24.3,15.1,36,2585,42.27,-25.200000000000003,15.0,37,-0.575,0,
C-A-1,2,0.52671,-20.0199,11.0186,1477,-43.28,23.400000000000002,15.1,36,2587,42.27,-25.200000000000003,15.0,37,-0.652,0,
C-A-1,2,0.52772,-20.0966,11.0132,1475,-43.78,22.6,15.1,36,2590,42.27,-25.200000000000003,15.0,37,-0.614,0,
C-A-1,2,0.52871,-20.2116,11.0051,1472,-43.78,22.6,15.1,36,2593,42.77,-24.3,15.0,37,-0.614,0,
C-A-1,2,0.52971,-20.3651,10.9942,1468,-42.77,24.3,15.1,36,2597,43.28,-23.400000000000002,15.0,37,-0.614,0,
C-A-1,2,0.53071,-20.4801,10.986,1465,-43.28,23.400000000000002,15.1,36,2601,42.27,-25.200000000000003,15.0,37,-0.575,0,
C-A-1,2,0.53171,-20.5952,10.9778,1462,-43.78,22.6,15.1,36,2604,42.27,-25.200000000000003,15.0,37,-0.575,0,
C-A-1,2,0.53271,-20.7102,10.9695,1459,-43.78,22.6,15.1,36,2607,43.28,-23.400000000000002,15.0,37,-0.575,0,
C-A-1,2,0.53371,-20.8253,10.9611,1456,-43.78,22.6,15.1,36,2610,43.28,-23.400000000000002,15.0,37,-0.575,0,
C-A-1,2,0.53471,-20.902,10.9555,1454,-43.78,22.6,15.1,36,2613,43.28,-23.400000000000002,15.0,37,-0.537,0,
C-A-1,2,0.53572,-21.017,10.9471,1451,-43.28,23.400000000000002,15.1,36,2614,42.27,-25.200000000000003,15.0,37,-0.614,0,
C-A-1,2,0.53671,-21.1321,10.9386,1448,-44.28,21.700000000000003,15.1,36,2617,42.27,-25.200000000000003,15.0,37,-0.614,0,
C-A-1,2,0.53772,-21.2472,10.9301,1445,-43.78,22.6,15.1,36,2620,42.77,-24.3,15.0,37,-0.614,0,
C-A-1,2,0.53871,-21.4006,10.9187,1441,-43.28,23.400000000000002,15.1,36,2624,42.77,-24.3,15.0,37,-0.614,0,
C-A-1,2,0.53972,-21.5156,10.9101,1438,-43.28,23.400000000000002,15.1,36,2626,42.77,-24.3,15.0,37,-0.652,0,
C-A-1,2,0.54071,-21.669,10.8985,1434,-44.78,20.8,15.1,36,2627,41.77,-26.1,15.0,37,-0.767,0,
C-A-1,2,0.54171,-21.7457,10.8927,1432,-44.28,21.700000000000003,15.1,36,2630,41.77,-26.1,15.0,37,-0.729,0,
C-A-1,2,0.54271,-21.8608,10.884,1429,-44.28,21.700000000000003,15.1,36,2633,42.77,-24.3,15.0,37,-0.729,0,
C-A-1,2,0.54372,-21.9375,10.8781,1427,-43.28,23.400000000000002,15.1,36,2636,42.77,-24.3,15.0,37,-0.69,0,
C-A-1,2,0.54471,-22.0526,10.8693,1424,-43.78,22.6,15.1,36,2641,42.27,-25.200000000000003,15.0,37,-0.614,0,
C-A-1,2,0.5457,-22.1676,10.8604,1421,-44.28,21.700000000000003,15.1,36,2644,42.27,-25.200000000000003,15.0,37,-0.614,0,
C-A-1,2,0.54671,-22.2827,10.8515,1418,-44.28,21.700000000000003,15.1,36,2647,42.77,-24.3,15.0,37,-0.614,0,
C-A-1,2,0.54769,-22.4744,10.8366,1413,-43.78,22.6,15.1,36,2650,43.28,-23.400000000000002,15.0,37,-0.69,0,
C-A-1,2,0.54871,-22.5895,10.8276,1410,-43.78,22.6,15.1,36,2653,43.28,-23.400000000000002,15.0,37,-0.69,0,
C-A-1,2,0.54971,-22.6662,10.8215,1408,-44.78,20.8,15.1,36,2654,42.27,-25.200000000000003,15.0,37,-0.729,0,
C-A-1,2,0.55072,-22.7429,10.8155,1406,-43.78,22.6,15.1,36,2658,42.77,-24.3,15.0,37,-0.652,0,
C-A-1,2,0.55171,-22.858,10.8063,1403,-43.78,22.3,15.1,36,2661,43.28,-23.400000000000002,15.0,37,-0.652,0,
C-A-1,2,0.55271,-22.9347,10.8002,1401,-43.28,23.1,15.1,36,2663,43.28,-23.400000000000002,15.0,37,-0.652,0,
C-A-1,2,0.55372,-23.0497,10.791,1398,-43.78,22.3,15.1,36,2668,42.77,-24.3,15.0,37,-0.575,0,
C-A-1,2,0.55471,-23.1648,10.7818,1395,-44.28,20.6,15.1,36,2671,43.28,-23.400000000000002,15.0,37,-0.575,0,
C-A-1,2,0.5557,-23.2798,10.7725,1392,-43.78,20.700000000000003,15.1,36,2674,43.78,-22.6,15.0,37,-0.575,0,
C-A-1,2,0.55672,-23.3949,10.7632,1389,-43.78,19.900000000000002,15.1,36,2677,43.78,-22.3,15.0,37,-0.575,0,
C-A-1,2,0.5577,-23.5866,10.7475,1384,-43.28,19.900000000000002,15.1,36,2680,43.78,-21.5,15.0,37,-0.652,0,
C-A-1,2,0.55871,-23.5866,10.7475,1384,-44.28,17.400000000000002,15.1,36,2681,42.27,-25.200000000000003,15.0,37,-0.614,0,
C-A-1,2,0.55971,-23.8168,10.7286,1378,-44.28,15.8,15.1,36,2684,42.77,-24.0,15.0,37,-0.729,0,
C-A-1,2,0.56071,-23.9318,10.7191,1375,-44.28,15.0,15.1,36,2687,43.28,-22.3,15.0,37,-0.729,0,
C-A-1,2,0.56171,-24.0085,10.7127,1373,-43.78,15.9,15.1,36,2690,43.28,-21.5,15.0,37,-0.69,0,
C-A-1,2,0.56271,-24.0852,10.7063,1371,-43.28,16.7,15.1,36,2694,42.27,-23.3,15.0,37,-0.614,0,
C-A-1,2,0.5637,-24.2386,10.6934,1367,-44.28,13.4,15.1,36,2697,42.27,-22.5,15.0,37,-0.652,0,
C-A-1,2,0.56471,-24.3537,10.6837,1364,-44.28,11.8,15.1,36,2700,43.28,-19.1,15.0,37,-0.652,0,
C-A-1,2,0.56571,-24.4688,10.674,1361,-44.28,11.0,15.1,36,2703,43.28,-18.3,15.0,37,-0.652,0,
C-A-1,2,0.5667,-24.5071,10.6708,1360,-43.28,13.5,15.1,36,2706,43.28,-17.5,15.0,37,-0.575,0,
C-A-1,2,0.56771,-24.6222,10.661,1357,-43.28,11.9,15.1,36,2708,42.77,-18.400000000000002,15.0,37,-0.614,0,
C-A-1,2,0.56871,-24.7372,10.6511,1354,-44.28,9.4,15.1,36,2711,42.77,-17.6,15.0,37,-0.614,0,
C-A-1,2,0.5697,-24.8523,10.6413,1351,-44.28,7.800000000000001,15.1,36,2714,43.78,-14.3,15.0,37,-0.614,0,
C-A-1,2,0.57071,-25.044,10.6247,1346,-43.78,7.1000000000000005,15.1,36,2717,43.78,-13.5,15.0,37,-0.69,0,
C-A-1,2,0.57171,-25.1207,10.618,1344,-43.28,7.9,15.1,36,2721,42.77,-14.4,15.0,37,-0.614,0,
C-A-1,2,0.57271,-25.1974,10.6114,1342,-43.78,5.5,15.1,36,2724,42.77,-13.600000000000001,15.0,37,-0.575,0,
C-A-1,2,0.5737,-25.2741,10.6047,1340,-43.28,5.5,14.5,36,2726,42.77,-12.8,15.0,37,-0.575,0,
C-A-1,2,0.57471,-25.3892,10.5946,1337,-43.28,4.7,14.5,36,2729,42.77,-12.0,14.5,37,-0.575,0,
C-A-1,2,0.57571,-25.4276,10.5912,1336,-42.27,6.5,14.5,36,2732,42.77,-10.4,14.5,37,-0.499,0,
C-A-1,2,0.57671,-25.5426,10.5811,1333,-42.27,4.9,14.5,36,2733,41.77,-12.200000000000001,14.5,37,-0.575,0,
C-A-1,2,0.57771,-25.6577,10.5709,1330,-42.77,2.4000000000000004,14.5,36,2737,42.27,-9.700000000000001,14.5,37,-0.537,0,
C-A-1,2,0.57871,-25.7344,10.5641,1328,-42.27,2.5,14.5,36,2739,42.77,-8.0,14.5,37,-0.537,0,
C-A-1,2,0.5797,-25.8878,10.5504,1324,-41.77,2.6,14.5,36,2741,41.77,-9.0,14.5,37,-0.614,0,
C-A-1,2,0.58072,-25.9645,10.5436,1322,-41.26,2.6,14.5,36,2744,41.77,-8.200000000000001,14.5,37,-0.575,0,
C-A-1,2,0.5817,-26.0795,10.5332,1319,-41.77,0.2,14.5,36,2745,41.26,-9.0,14.5,37,-0.652,0,
C-A-1,2,0.58271,-26.1946,10.5229,1316,-41.77,-1.4000000000000001,14.5,36,2748,41.26,-7.4,14.5,37,-0.652,0,
C-A-1,2,0.58372,-26.2713,10.5159,1314,-41.26,-2.2,14.5,36,2751,41.77,-5.0,14.5,37,-0.614,0,
C-A-1,2,0.5847,-26.348,10.509,1312,-40.76,-2.1,14.5,36,2753,41.26,-5.0,14.5,37,-0.614,0,
C-A-1,2,0.58572,-26.4247,10.502,1310,-40.26,-2.0,14.5,36,2757,40.26,-5.2,14.5,37,-0.537,0,
C-A-1,2,0.58671,-26.5014,10.495,1308,-40.26,-2.8000000000000003,14.5,36,2760,40.26,-3.6,14.5,37,-0.499,0,
C-A-1,2,0.5877,-26.5781,10.488,1306,-39.75,-2.7,14.5,36,2763,41.26,-0.2,14.5,37,-0.46,0,
C-A-1,2,0.58872,-26.7315,10.4739,1302,-38.75,-3.4000000000000004,14.5,36,2765,40.76,-0.30000000000000004,14.5,37,-0.537,0,
C-A-1,2,0.5897,-26.8082,10.4668,1300,-38.24,-3.3000000000000003,14.5,36,2767,40.26,-0.4,14.5,37,-0.537,0,
C-A-1,2,0.59073,-26.8849,10.4597,1298,-38.24,-4.1000000000000005,14.5,36,2768,39.25,-2.1,14.5,37,-0.575,0,
C-A-1,2,0.5917,-26.9616,10.4526,1296,-38.24,-5.7,14.5,36,2770,38.75,-2.2,14.5,37,-0.575,0,
C-A-1,2,0.59271,-27.0767,10.4419,1293,-37.74,-6.4,14.5,36,2773,39.75,1.9000000000000001,14.5,37,-0.575,0,
C-A-1,2,0.5937,-27.1151,10.4384,1292,-36.73,-5.5,14.5,36,2775,39.25,1.9000000000000001,14.5,37,-0.537,0,
C-A-1,2,0.59471,-27.1918,10.4312,1290,-36.23,-5.4,14.5,36,2778,37.74,0.0,14.5,37,-0.499,0,
C-A-1,2,0.5957,-27.3068,10.4204,1287,-37.24,-9.600000000000001,14.5,36,2781,37.74,2.4000000000000004,14.5,37,-0.499,0,
C-A-1,2,0.59671,-27.3835,10.4132,1285,-36.73,-9.5,14.5,36,2783,37.74,3.2,14.5,37,-0.499,0,
C-A-1,2,0.5977,-27.4986,10.4023,1282,-35.22,-9.3,14.5,36,2785,37.24,4.0,14.5,37,-0.537,0,
C-A-1,2,0.59869,-27.5753,10.3951,1280,-35.22,-10.9,14.5,36,2787,36.73,3.9000000000000004,14.5,37,-0.537,0,
C-A-1,2,0.5997,-27.652,10.3878,1278,-34.72,-11.600000000000001,14.5,36,2788,35.73,2.9000000000000004,14.5,37,-0.575,0,
C-A-1,2,0.60069,-27.7287,10.3805,1276,-34.72,-13.200000000000001,14.5,36,2790,35.73,3.7,14.5,37,-0.575,0,
C-A-1,2,0.6017,-27.8054,10.3732,1274,-34.22,-13.9,14.5,36,2792,35.73,5.300000000000001,14.5,37,-0.575,0,
C-A-1,2,0.60269,-27.8438,10.3695,1273,-33.71,-13.8,14.5,36,2795,35.73,6.9,14.5,37,-0.499,0,
C-A-1,2,0.60371,-27.8821,10.3659,1272,-32.71,-12.9,14.5,36,2798,34.72,7.6000000000000005,14.5,37,-0.422,0,
C-A-1,2,0.6047,-27.9588,10.3585,1270,-33.21,-15.4,14.5,36,2800,34.22,8.3,14.5,37,-0.422,0,
C-A-1,2,0.6057,-28.0355,10.3511,1268,-32.71,-16.1,14.5,36,2802,34.72,10.8,14.5,37,-0.422,0,
C-A-1,2,0.60671,-28.1122,10.3438,1266,-32.2,-16.8,14.5,36,2803,33.21,9.0,14.5,37,-0.46,0,
C-A-1,2,0.6077,-28.1506,10.3401,1265,-31.7,-16.7,14.5,36,2805,33.21,10.600000000000001,14.5,37,-0.422,0,
C-A-1,2,0.60869,-28.2273,10.3326,1263,-31.2,-17.5,14.5,36,2806,32.71,10.5,14.5,37,-0.46,0,
C-A-1,2,0.6097,-28.2656,10.3289,1262,-31.2,-18.3,14.5,36,2808,32.2,11.200000000000001,14.5,37,-0.422,0,
C-A-1,2,0.6107,-28.3423,10.3215,1260,-31.2,-19.900000000000002,14.5,36,2810,32.71,13.700000000000001,14.5,37,-0.422,0,
C-A-1,2,0.61172,-28.419,10.314,1258,-29.19,-17.900000000000002,14.5,36,2811,31.7,12.700000000000001,14.5,37,-0.46,0,
C-A-1,2,0.61269,-28.4957,10.3065,1256,-29.19,-19.5,14.5,36,2814,30.7,13.4,14.5,37,-0.422,0,
C-A-1,2,0.61369,-28.5724,10.299,1254,-29.19,-21.1,14.5,36,2816,30.19,14.100000000000001,14.5,37,-0.422,0,
C-A-1,2,0.61471,-28.6108,10.2953,1253,-28.68,-21.1,14.5,36,2818,30.7,16.6,14.5,37,-0.384,0,
C-A-1,2,0.6157,-28.6875,10.2878,1251,-28.68,-22.700000000000003,14.5,36,2819,29.69,15.600000000000001,14.5,37,-0.422,0,
C-A-1,2,0.6167,-28.6875,10.2878,1251,-27.68,-20.900000000000002,14.5,36,2821,29.19,16.3,14.5,37,-0.345,0,
C-A-1,2,0.6177,-28.7642,10.2802,1249,-27.17,-21.6,14.5,36,2822,28.68,16.3,14.5,37,-0.384,0,
C-A-1,2,0.6187,-28.8026,10.2764,1248,-27.17,-22.400000000000002,14.5,36,2823,28.18,16.2,14.5,37,-0.384,0,
C-A-1,2,0.6197,-28.8793,10.2689,1246,-27.17,-24.0,14.5,36,2825,28.68,18.7,14.5,37,-0.384,0,
C-A-1,2,0.6207,-28.956,10.2613,1244,-26.17,-23.900000000000002,14.5,36,2826,28.18,18.6,14.5,37,-0.422,0,
C-A-1,2,0.6217,-29.0327,10.2537,1242,-25.66,-24.6,14.5,36,2828,27.17,19.200000000000003,14.5,37,-0.422,0,
C-A-1,2,0.6227,-29.1094,10.246,1240,-26.17,-27.1,14.5,36,2829,26.17,18.3,14.5,37,-0.46,0,
C-A-1,2,0.6237,-29.1477,10.2422,1239,-25.66,-27.0,14.5,36,2830,26.67,20.0,14.5,37,-0.46,0,
C-A-1,2,0.6247,-29.1861,10.2384,1238,-24.66,-26.1,14.5,36,2831,25.66,19.0,14.5,37,-0.46,0,
C-A-1,2,0.6257,-29.2244,10.2345,1237,-24.15,-26.0,14.5,36,2832,25.66,20.6,14.5,37,-0.46,0,
C-A-1,2,0.6267,-29.2628,10.2307,1236,-24.15,-26.8,14.5,36,2834,24.66,18.900000000000002,14.5,37,-0.422,0,
C-A-1,2,0.6277,-29.3395,10.223,1234,-24.15,-28.400000000000002,14.5,36,2835,24.15,18.8,14.5,37,-0.46,0,
C-A-1,2,0.6287,-29.3778,10.2192,1233,-23.65,-28.3,14.5,36,2837,24.66,21.3,14.5,37,-0.422,0,
C-A-1,2,0.6297,-29.4162,10.2153,1232,-22.14,-26.5,14.5,36,2838,24.15,21.200000000000003,14.5,37,-0.422,0,
C-A-1,2,0.6307,-29.4929,10.2076,1230,-22.14,-28.1,14.5,36,2839,23.65,21.1,14.5,37,-0.46,0,
C-A-1,2,0.6317,-29.4929,10.2076,1230,-21.64,-27.200000000000003,14.5,36,2839,22.14,18.5,14.5,37,-0.46,0,
C-A-1,2,0.6327,-29.5313,10.2037,1229,-21.64,-28.0,14.5,36,2840,22.14,19.3,14.5,37,-0.46,0,
C-A-1,2,0.6337,-29.5696,10.1999,1228,-21.13,-27.900000000000002,14.5,36,2841,21.64,19.200000000000003,14.5,37,-0.46,0,
C-A-1,2,0.6347,-29.608,10.196,1227,-20.63,-27.900000000000002,14.5,36,2842,21.13,19.1,14.5,37,-0.46,0,
C-A-1,2,0.6357,-29.6463,10.1921,1226,-20.13,-27.8,14.5,36,2844,20.63,19.900000000000002,14.5,37,-0.422,0,
C-A-1,2,0.6367,-29.6463,10.1921,1226,-19.62,-26.900000000000002,14.5,36,2845,20.13,19.8,14.5,37,-0.384,0,
C-A-1,2,0.6377,-29.6847,10.1882,1225,-19.12,-26.8,14.5,36,2845,19.62,18.900000000000002,14.5,37,-0.422,0,
C-A-1,2,0.6387,-29.723,10.1843,1224,-18.12,-25.900000000000002,14.5,36,2846,19.12,18.8,14.5,37,-0.422,0,
C-A-1,2,0.6397,-29.7614,10.1804,1223,-17.61,-25.8,14.5,36,2847,18.62,18.8,14.5,37,-0.422,0,
C-A-1,2,0.6407,-29.7614,10.1804,1223,-17.61,-25.8,14.5,36,2847,18.12,17.900000000000002,14.5,37,-0.422,0,
C-A-1,2,0.6417,-29.7997,10.1765,1222,-17.11,-25.700000000000003,14.5,36,2848,17.61,17.8,14.5,37,-0.422,0,
C-A-1,2,0.6427,-29.7997,10.1765,1222,-16.1,-24.0,14.5,36,2849,17.61,18.6,14.5,37,-0.384,0,
C-A-1,2,0.6437,-29.8381,10.1726,1221,-16.1,-24.8,14.5,36,2849,16.61,16.900000000000002,14.5,37,-0.422,0,
C-A-1,2,0.6447,-29.8764,10.1687,1220,-15.6,-24.700000000000003,14.5,36,2851,16.1,17.6,14.5,37,-0.384,0,
C-A-1,2,0.6457,-29.8764,10.1687,1220,-15.6,-24.700000000000003,14.5,36,2851,15.1,15.8,14.5,37,-0.384,0,
C-A-1,2,0.6467,-29.9148,10.1648,1219,-15.1,-24.6,14.5,36,2851,14.59,14.9,14.5,37,-0.422,0,
C-A-1,2,0.6477,-29.9148,10.1648,1219,-14.59,-23.700000000000003,14.5,36,2852,14.59,15.700000000000001,14.5,37,-0.384,0,
C-A-1,2,0.6487,-29.9531,10.1609,1218,-14.09,-23.700000000000003,14.5,36,2852,13.59,14.0,14.5,37,-0.422,0,
C-A-1,2,0.6497,-29.9531,10.1609,1218,-13.59,-22.8,14.5,36,2852,13.08,13.100000000000001,14.5,37,-0.422,0,
C-A-1,2,0.6507,-29.9531,10.1609,1218,-13.08,-21.900000000000002,14.5,36,2853,12.58,13.0,14.5,37,-0.384,0,
C-A-1,2,0.6517,-29.9531,10.1609,1218,-12.08,-20.200000000000003,14.5,36,2853,12.08,12.200000000000001,14.5,37,-0.384,0,
C-A-1,2,0.6527,-29.9915,10.157,1217,-11.07,-19.200000000000003,14.5,36,2854,12.08,13.0,14.5,37,-0.384,0,
C-A-1,2,0.6537,-29.9915,10.157,1217,-10.57,-18.3,14.5,36,2854,11.07,11.200000000000001,14.5,37,-0.384,0,
C-A-1,2,0.6547,-30.0298,10.1531,1216,-10.57,-19.1,14.5,36,2855,10.57,11.100000000000001,14.5,37,-0.384,0,
C-A-1,2,0.6557,-30.0298,10.1531,1216,-10.06,-18.3,14.5,36,2855,10.57,11.100000000000001,14.5,37,-0.384,0,
C-A-1,2,0.6567,-30.0298,10.1531,1216,-9.06,-16.5,14.5,36,2855,10.06,10.3,14.5,37,-0.384,0,
C-A-1,2,0.6577,-30.0298,10.1531,1216,-8.55,-15.600000000000001,14.5,36,2855,9.06,8.5,14.5,37,-0.384,0,
C-A-1,2,0.6587,-30.0298,10.1531,1216,-8.05,-14.8,14.5,36,2855,8.55,7.6000000000000005,14.5,37,-0.384,0,
C-A-1,2,0.6597,-30.0298,10.1531,1216,-8.05,-14.8,14.5,36,2856,8.55,8.4,14.5,37,-0.345,0,
C-A-1,2,0.6607,-30.0298,10.1531,1216,-7.04,-13.0,14.5,36,2856,8.55,8.4,14.5,37,-0.345,0,
C-A-1,2,0.6617,-30.0298,10.1531,1216,-6.54,-12.100000000000001,14.5,36,2856,8.05,7.6000000000000005,14.5,37,-0.345,0,
C-A-1,2,0.6627,-30.0682,10.1491,1215,-6.54,-12.9,14.5,36,2856,7.04,5.800000000000001,14.5,37,-0.384,0,
C-A-1,2,0.6637,-30.0682,10.1491,1215,-6.04,-12.100000000000001,14.5,36,2856,6.54,4.9,14.5,37,-0.384,0,
C-A-1,2,0.6647,-30.0682,10.1491,1215,-5.54,-11.200000000000001,14.5,36,2856,6.04,4.1000000000000005,14.5,37,-0.384,0,
C-A-1,2,0.6657,-30.0682,10.1491,1215,-5.54,-11.200000000000001,14.5,36,2856,5.54,3.2,14.5,37,-0.384,0,
C-A-1,2,0.6667,-30.0682,10.1491,1215,-5.03,-10.3,14.5,36,2856,5.54,3.2,14.5,37,-0.384,0,
C-A-1,2,0.6677,-30.0682,10.1491,1215,-4.53,-9.4,14.5,36,2856,5.03,2.3000000000000003,14.5,37,-0.384,0,
C-A-1,2,0.6687,-30.0682,10.1491,1215,-4.53,-9.4,14.5,36,2856,4.53,1.4000000000000001,14.5,37,-0.384,0,
C-A-1,2,0.6697,-30.0682,10.1491,1215,-4.03,-8.6,14.5,36,2857,5.03,3.1,14.5,37,-0.345,0,
C-A-1,2,0.6707,-30.0682,10.1491,1215,-3.52,-7.7,14.5,36,2857,4.53,2.2,14.5,37,-0.345,0,
C-A-1,2,0.6717,-30.0682,10.1491,1215,-3.52,-7.7,14.5,36,2856,3.52,-0.30000000000000004,14.5,37,-0.384,0,
C-A-1,2,0.67271,-30.0682,10.1491,1215,-3.02,-6.800000000000001,14.5,36,2856,3.52,-0.30000000000000004,14.5,37,-0.384,0,
C-A-1,2,0.6737,-30.0682,10.1491,1215,-2.52,-5.9,14.5,36,2856,3.02,-1.2000000000000002,14.5,37,-0.384,0,
C-A-1,2,0.6747,-30.0682,10.1491,1215,-2.52,-5.9,14.5,36,2856,2.52,-2.1,14.5,37,-0.384,0,
C-A-1,2,0.6757,-30.0682,10.1491,1215,-2.01,-5.1000000000000005,14.5,36,2856,2.52,-2.1,14.5,37,-0.384,0,
C-A-1,2,0.6767,-30.0682,10.1491,1215,-2.01,-5.1000000000000005,14.5,36,2856,2.01,-2.9000000000000004,14.5,37,-0.384,0,
C-A-1,2,0.67771,-30.0682,10.1491,1215,-1.51,-4.2,14.5,36,2856,2.01,-2.9000000000000004,14.5,37,-0.384,0,
C-A-1,2,0.6787,-30.0682,10.1491,1215,-1.51,-4.2,14.5,36,2856,2.01,-2.9000000000000004,14.5,37,-0.384,0,
C-A-1,2,0.67971,-30.0682,10.1491,1215,-1.51,-4.2,14.5,36,2856,1.51,-3.8000000000000003,14.5,37,-0.384,0,
C-A-1,2,0.6807,-30.0682,10.1491,1215,-1.51,-4.2,14.5,36,2856,1.51,-3.8000000000000003,14.5,37,-0.384,0,
C-A-1,2,0.68171,-30.0682,10.1491,1215,-1.01,-3.3000000000000003,14.5,36,2856,1.01,-4.7,14.5,37,-0.384,0,
C-A-1,2,0.6827,-30.0682,10.1491,1215,-1.01,-3.3000000000000003,14.5,36,2856,1.01,-4.7,14.5,37,-0.384,0,
C-A-1,2,0.68371,-30.0682,10.1491,1215,0.0,-1.6,14.5,36,2856,1.01,-4.7,14.5,37,-0.384,0,
C-A-1,2,0.6847,-30.0298,10.1531,1216,0.0,-0.8,14.5,36,2856,0.0,-6.4,14.5,37,-0.345,0,
C-A-1,2,0.68571,-30.0298,10.1531,1216,0.0,-0.8,14.5,36,2855,0.0,-7.2,14.5,37,-0.384,0,
C-A-1,2,0.6867,-30.0298,10.1531,1216,0.0,-0.8,14.5,36,2855,0.0,-7.2,14.5,37,-0.384,0,
C-A-1,2,0.6877,-30.0298,10.1531,1216,0.0,-0.8,14.5,36,2855,0.0,-7.2,14.5,37,-0.384,0,
C-A-1,2,0.6887,-30.0298,10.1531,1216,0.0,-0.8,14.5,36,2855,0.0,-7.2,14.5,37,-0.384,0,
C-A-1,2,0.68971,-29.9915,10.157,1217,0.0,0.0,14.9,36,2855,0.0,-7.2,14.5,37,-0.345,0,
C-A-1,2,0.6907,-29.9531,10.1609,1218,1.01,2.5,14.9,36,2855,0.0,-7.2,14.5,37,-0.307,0,
C-A-1,2,0.69171,-29.9531,10.1609,1218,1.51,3.4000000000000004,14.9,36,2855,0.0,-7.2,14.8,37,-0.307,0,
C-A-1,2,0.6927,-29.9531,10.1609,1218,1.51,3.4000000000000004,14.9,36,2855,0.0,-7.2,14.8,37,-0.307,0,
C-A-1,2,0.69371,-29.9531,10.1609,1218,1.51,3.4000000000000004,14.9,36,2854,-1.01,-9.700000000000001,14.8,37,-0.345,0,
C-A-1,2,0.6947,-29.9148,10.1648,1219,2.01,5.1000000000000005,14.9,36,2854,-1.01,-9.700000000000001,14.8,37,-0.307,0,
C-A-1,2,0.69571,-29.9148,10.1648,1219,2.01,5.1000000000000005,14.9,36,2854,-1.01,-9.700000000000001,14.8,37,-0.307,0,
C-A-1,2,0.6967,-29.9148,10.1648,1219,2.01,5.1000000000000005,14.9,36,2854,-1.01,-9.700000000000001,14.8,37,-0.307,0,
C-A-1,2,0.69771,-29.8764,10.1687,1220,2.52,6.7,14.9,36,2854,-1.01,-9.700000000000001,14.8,37,-0.268,0,
C-A-1,2,0.6987,-29.8764,10.1687,1220,2.52,6.7,14.9,36,2854,-1.51,-10.600000000000001,14.8,37,-0.268,0,
C-A-1,2,0.6997,-29.8764,10.1687,1220,2.52,6.7,14.9,36,2854,-1.51,-10.600000000000001,14.8,37,-0.268,0,
C-A-1,2,0.70071,-29.8764,10.1687,1220,2.52,6.7,14.9,36,2853,-1.51,-11.4,14.8,37,-0.307,0,
C-A-1,2,0.7017,-29.8764,10.1687,1220,2.52,6.7,14.9,36,2853,-1.51,-11.4,14.8,37,-0.307,0,
C-A-1,2,0.7027,-29.8764,10.1687,1220,2.52,6.7,14.9,36,2853,-1.51,-11.4,14.8,37,-0.307,0,
C-A-1,2,0.70371,-29.8381,10.1726,1221,3.02,8.4,14.9,36,2853,-1.51,-11.4,14.8,37,-0.268,0,
C-A-1,2,0.7047,-29.8764,10.1687,1220,2.52,6.7,14.9,36,2853,-1.51,-11.4,14.8,37,-0.307,0,
C-A-1,2,0.7057,-29.8381,10.1726,1221,3.02,8.4,14.9,36,2853,-1.51,-11.4,14.8,37,-0.268,0,
C-A-1,2,0.7067,-29.8381,10.1726,1221,3.02,8.4,14.9,36,2853,-1.51,-11.4,14.8,37,-0.268,0,
C-A-1,2,0.7077,-29.8381,10.1726,1221,3.02,8.4,14.9,36,2853,-1.51,-11.4,14.8,37,-0.268,0,
C-A-1,2,0.70871,-29.8381,10.1726,1221,3.02,8.4,14.9,36,2853,-1.51,-11.4,14.8,37,-0.268,0,
C-A-1,2,0.70971,-29.8381,10.1726,1221,3.02,8.4,14.9,36,2853,-1.51,-11.4,14.8,37,-0.268,0,
C-A-1,2,0.71071,-29.7997,10.1765,1222,3.52,10.100000000000001,14.9,36,2852,-2.01,-13.100000000000001,14.8,37,-0.268,0,
C-A-1,2,0.71171,-29.7997,10.1765,1222,3.52,10.100000000000001,14.9,36,2852,-2.01,-13.100000000000001,14.8,37,-0.268,0,
C-A-1,2,0.71271,-29.7997,10.1765,1222,3.52,10.100000000000001,14.9,36,2852,-2.01,-13.100000000000001,14.8,37,-0.268,0,
C-A-1,2,0.7137,-29.7997,10.1765,1222,3.02,9.200000000000001,14.9,36,2852,-2.01,-13.100000000000001,14.8,37,-0.268,0,
C-A-1,2,0.7147,-29.7997,10.1765,1222,3.02,9.200000000000001,14.9,36,2852,-1.51,-12.200000000000001,14.8,37,-0.268,0,
C-A-1,2,0.71571,-29.7614,10.1804,1223,3.52,10.9,14.9,36,2852,-1.51,-12.200000000000001,14.8,37,-0.23,0,
C-A-1,2,0.7167,-29.7614,10.1804,1223,3.52,10.9,14.9,36,2852,-1.51,-12.200000000000001,14.8,37,-0.23,0,
C-A-1,2,0.7177,-29.7997,10.1765,1222,3.02,9.200000000000001,14.9,36,2851,-2.01,-13.9,14.8,37,-0.307,0,
C-A-1,2,0.7187,-29.7614,10.1804,1223,3.52,10.9,14.9,36,2851,-2.01,-13.9,14.8,37,-0.268,0,
C-A-1,2,0.71971,-29.7614,10.1804,1223,3.02,10.0,14.9,36,2851,-2.01,-13.9,14.8,37,-0.268,0,
C-A-1,2,0.72071,-29.7614,10.1804,1223,2.52,9.1,14.9,36,2850,-2.52,-15.5,14.8,37,-0.307,0,
C-A-1,2,0.7217,-29.7614,10.1804,1223,2.52,9.1,14.9,36,2850,-2.52,-15.5,14.8,37,-0.307,0,
C-A-1,2,0.72271,-29.7614,10.1804,1223,2.52,9.1,14.9,36,2851,-1.51,-13.0,14.8,37,-0.268,0,
C-A-1,2,0.7237,-29.7614,10.1804,1223,2.01,8.3,14.9,36,2850,-2.01,-14.700000000000001,14.8,37,-0.307,0,
C-A-1,2,0.7247,-29.7614,10.1804,1223,2.01,8.3,14.9,36,2850,-2.01,-14.700000000000001,14.8,37,-0.307,0,
C-A-1,2,0.72571,-29.723,10.1843,1224,2.52,9.9,14.9,36,2849,-2.52,-16.3,14.8,37,-0.307,0,
C-A-1,2,0.72671,-29.723,10.1843,1224,2.01,9.1,14.9,36,2849,-2.52,-16.3,14.8,37,-0.307,0,
C-A-1,2,0.7277,-29.723,10.1843,1224,2.01,9.1,14.9,36,2849,-2.52,-16.3,14.8,37,-0.307,0,
C-A-1,2,0.72871,-29.723,10.1843,1224,2.01,9.1,14.9,36,2849,-2.52,-16.3,14.8,37,-0.307,0,
C-A-1,2,0.72971,-29.723,10.1843,1224,2.01,9.1,14.9,36,2849,-2.01,-15.5,14.8,37,-0.307,0,
C-A-1,2,0.7307,-29.6847,10.1882,1225,2.01,9.9,14.9,36,2848,-2.52,-17.1,14.8,37,-0.307,0,
C-A-1,2,0.73171,-29.6847,10.1882,1225,2.52,10.700000000000001,14.9,36,2848,-2.52,-17.1,14.8,37,-0.307,0,
C-A-1,2,0.73271,-29.6847,10.1882,1225,2.01,9.9,14.9,36,2848,-2.52,-17.1,14.8,37,-0.307,0,
C-A-1,2,0.73371,-29.6847,10.1882,1225,2.52,10.700000000000001,14.9,36,2848,-2.52,-17.1,14.8,37,-0.307,0,
C-A-1,2,0.73471,-29.6847,10.1882,1225,2.01,9.9,14.9,36,2847,-3.02,-18.8,14.8,37,-0.345,0,
C-A-1,2,0.7357,-29.6463,10.1921,1226,2.52,11.5,14.9,36,2847,-3.02,-18.8,14.8,37,-0.307,0,
C-A-1,2,0.73671,-29.6463,10.1921,1226,2.52,11.5,14.9,36,2847,-3.02,-18.8,14.8,37,-0.307,0,
C-A-1,2,0.73771,-29.6463,10.1921,1226,2.52,11.5,14.9,36,2847,-3.02,-18.8,14.8,37,-0.307,0,
C-A-1,2,0.73871,-29.6463,10.1921,1226,2.52,11.5,14.9,36,2846,-3.52,-20.5,14.8,37,-0.345,0,
C-A-1,2,0.73971,-29.6463,10.1921,1226,2.01,10.700000000000001,14.9,36,2846,-3.02,-19.6,14.8,37,-0.345,0,
C-A-1,2,0.74071,-29.6463,10.1921,1226,2.01,10.700000000000001,14.9,36,2846,-3.02,-19.6,14.8,37,-0.345,0,
C-A-1,2,0.74171,-29.6463,10.1921,1226,2.01,10.700000000000001,14.9,36,2846,-3.02,-19.6,14.8,37,-0.345,0,
C-A-1,2,0.7427,-29.608,10.196,1227,2.52,12.3,14.9,36,2845,-3.52,-21.3,14.8,37,-0.345,0,
C-A-1,2,0.74371,-29.608,10.196,1227,2.52,12.3,14.9,36,2845,-3.52,-21.3,14.8,37,-0.345,0,
C-A-1,2,0.74471,-29.608,10.196,1227,2.01,11.5,14.9,36,2845,-3.52,-21.3,14.8,37,-0.345,0,
C-A-1,2,0.74571,-29.608,10.196,1227,2.01,11.5,14.9,36,2845,-3.02,-20.400000000000002,14.8,37,-0.345,0,
C-A-1,2,0.74671,-29.608,10.196,1227,2.52,12.3,14.9,36,2845,-3.02,-20.400000000000002,14.8,37,-0.345,0,
C-A-1,2,0.74771,-29.608,10.196,1227,2.01,11.5,14.9,36,2845,-3.02,-20.400000000000002,14.8,37,-0.345,0,
C-A-1,2,0.74871,-29.608,10.196,1227,2.01,11.5,14.9,36,2845,-3.02,-20.400000000000002,14.8,37,-0.345,0,
C-A-1,2,0.74971,-29.608,10.196,1227,2.01,11.5,14.9,36,2845,-2.52,-19.5,14.8,37,-0.345,0,
C-A-1,2,0.7507,-29.5696,10.1999,1228,2.52,13.100000000000001,14.9,36,2844,-3.02,-21.200000000000003,14.8,37,-0.345,0,
C-A-1,2,0.75171,-29.5696,10.1999,1228,2.52,13.100000000000001,14.9,36,2844,-3.52,-22.1,14.8,37,-0.345,0,
C-A-1,2,0.75271,-29.5696,10.1999,1228,2.52,13.100000000000001,14.9,36,2844,-3.02,-21.200000000000003,14.8,37,-0.345,0,
C-A-1,2,0.75371,-29.5696,10.1999,1228,2.52,13.100000000000001,14.9,36,2844,-2.52,-20.3,14.8,37,-0.345,0,
C-A-1,2,0.75471,-29.5696,10.1999,1228,2.01,12.3,14.9,36,2844,-2.52,-20.3,14.8,37,-0.345,0,
C-A-1,2,0.75571,-29.5696,10.1999,1228,2.01,12.3,14.9,36,2844,-2.52,-20.3,14.8,37,-0.345,0,
C-A-1,2,0.75671,-29.5696,10.1999,1228,2.01,12.3,14.9,36,2844,-2.52,-20.3,14.8,37,-0.345,0,
C-A-1,2,0.75771,-29.5696,10.1999,1228,2.01,12.3,14.9,36,2844,-2.52,-20.3,14.8,37,-0.345,0,
C-A-1,2,0.75871,-29.5313,10.2037,1229,2.52,13.9,14.9,36,2844,-2.52,-20.3,14.8,37,-0.307,0,
C-A-1,2,0.75971,-29.5696,10.1999,1228,2.01,12.3,14.9,36,2844,-2.01,-19.5,14.8,37,-0.345,0,
C-A-1,2,0.76071,-29.5313,10.2037,1229,2.01,13.100000000000001,14.9,36,2844,-2.01,-19.5,14.8,37,-0.307,0,
C-A-1,2,0.76171,-29.5313,10.2037,1229,2.01,13.100000000000001,14.9,36,2843,-2.52,-21.1,14.8,37,-0.345,0,
C-A-1,2,0.76271,-29.5313,10.2037,1229,2.01,13.100000000000001,14.9,36,2843,-2.52,-21.1,14.8,37,-0.345,0,
C-A-1,2,0.76371,-29.5313,10.2037,1229,2.01,13.100000000000001,14.9,36,2844,-1.51,-18.6,14.8,37,-0.307,0,
C-A-1,2,0.76471,-29.5313,10.2037,1229,1.51,12.200000000000001,14.9,36,2843,-2.01,-20.3,14.8,37,-0.345,0,
C-A-1,2,0.76571,-29.5313,10.2037,1229,1.51,12.200000000000001,14.9,36,2843,-2.01,-20.3,14.8,37,-0.345,0,
C-A-1,2,0.76671,-29.5313,10.2037,1229,1.51,12.200000000000001,14.9,36,2843,-2.01,-20.3,14.8,37,-0.345,0,
C-A-1,2,0.76771,-29.5313,10.2037,1229,1.51,12.200000000000001,14.9,36,2843,-1.51,-19.400000000000002,14.8,37,-0.345,0,
C-A-1,2,0.76871,-29.5313,10.2037,1229,1.51,12.200000000000001,14.9,36,2843,-1.51,-19.400000000000002,14.8,37,-0.345,0,
C-A-1,2,0.76971,-29.5313,10.2037,1229,1.51,12.200000000000001,14.9,36,2843,-1.51,-19.400000000000002,14.8,37,-0.345,0,
C-A-1,2,0.77071,-29.5313,10.2037,1229,1.01,11.3,14.9,36,2843,-1.51,-19.400000000000002,14.8,37,-0.345,0,
C-A-1,2,0.77171,-29.5313,10.2037,1229,1.51,12.200000000000001,14.9,36,2843,-1.01,-18.5,14.8,37,-0.345,0,
C-A-1,2,0.77271,-29.5313,10.2037,1229,1.01,11.3,14.9,36,2843,-1.01,-18.5,14.8,37,-0.345,0,
C-A-1,2,0.77371,-29.5313,10.2037,1229,1.01,11.3,14.9,36,2843,-1.01,-18.5,14.8,37,-0.345,0,
C-A-1,2,0.77471,-29.5313,10.2037,1229,1.01,11.3,14.9,36,2843,-1.01,-18.5,14.8,37,-0.345,0,
C-A-1,2,0.77571,-29.5313,10.2037,1229,1.01,11.3,14.9,36,2843,-1.01,-18.5,14.8,37,-0.345,0,
C-A-1,2,0.77671,-29.5313,10.2037,1229,1.01,11.3,14.9,36,2843,-1.01,-18.5,14.8,37,-0.345,0,
C-A-1,2,0.77771,-29.5313,10.2037,1229,1.01,11.3,14.9,36,2843,-1.01,-18.5,14.8,37,-0.345,0,
C-A-1,2,0.77871,-29.5313,10.2037,1229,1.01,11.3,14.9,36,2843,-1.01,-18.5,14.8,37,-0.345,0,
C-A-1,2,0.77971,-29.5313,10.2037,1229,0.0,9.600000000000001,14.9,36,2843,0.0,-16.8,14.8,37,-0.345,0,
C-A-1,2,0.78071,-29.5313,10.2037,1229,0.0,9.600000000000001,14.9,36,2843,0.0,-16.8,14.8,37,-0.345,0,
C-A-1,2,0.78171,-29.5313,10.2037,1229,0.0,9.600000000000001,14.9,36,2843,0.0,-16.8,14.8,37,-0.345,0,
C-A-1,2,0.78271,-29.5313,10.2037,1229,0.0,9.600000000000001,14.9,36,2843,0.0,-16.8,14.8,37,-0.345,0,
C-A-1,2,0.78371,-29.5313,10.2037,1229,0.0,9.600000000000001,14.9,36,2843,0.0,-16.8,14.8,37,-0.345,0,
C-A-1,2,0.78471,-29.5313,10.2037,1229,0.0,9.600000000000001,14.9,36,2843,0.0,-16.8,14.8,37,-0.345,0,
C-A-1,2,0.78571,-29.5313,10.2037,1229,0.0,9.600000000000001,14.9,36,2843,0.0,-16.8,14.8,37,-0.345,0,
C-A-1,2,0.78671,-29.5313,10.2037,1229,0.0,9.600000000000001,14.9,36,2844,0.0,-16.0,14.8,37,-0.307,0,
C-A-1,2,0.78771,-29.5313,10.2037,1229,0.0,9.600000000000001,14.9,36,2843,0.0,-16.8,14.8,37,-0.345,0,
C-A-1,2,0.78872,-29.5313,10.2037,1229,0.0,9.600000000000001,14.9,36,2843,0.0,-16.8,14.8,37,-0.345,0,
C-A-1,2,0.78971,-29.5313,10.2037,1229,0.0,9.600000000000001,14.9,36,2843,0.0,-16.8,14.8,37,-0.345,0,
C-A-1,2,0.79071,-29.5313,10.2037,1229,0.0,9.600000000000001,14.9,36,2843,0.0,-16.8,14.8,37,-0.345,0,
C-A-1,2,0.79171,-29.5313,10.2037,1229,0.0,9.600000000000001,14.9,36,2843,0.0,-16.8,14.8,37,-0.345,0,
C-A-1,2,0.79271,-29.5313,10.2037,1229,0.0,9.600000000000001,14.9,36,2843,0.0,-16.8,14.8,37,-0.345,0,
C-A-1,2,0.79372,-29.5313,10.2037,1229,0.0,9.600000000000001,14.9,36,2844,0.0,-16.0,14.8,37,-0.307,0,
C-A-1,2,0.79471,-29.5313,10.2037,1229,0.0,9.600000000000001,14.9,36,2843,0.0,-16.8,14.8,37,-0.345,0,
C-A-1,2,0.79571,-29.5313,10.2037,1229,0.0,9.600000000000001,14.9,36,2843,0.0,-16.8,14.8,37,-0.345,0,
C-A-1,2,0.79672,-29.5313,10.2037,1229,0.0,9.600000000000001,14.9,36,2844,0.0,-16.0,14.8,37,-0.307,0,
C-A-1,2,0.79771,-29.5313,10.2037,1229,0.0,9.600000000000001,14.9,36,2844,0.0,-16.0,14.8,37,-0.307,0,
C-A-1,2,0.79871,-29.5313,10.2037,1229,0.0,9.600000000000001,14.9,36,2844,0.0,-16.0,14.8,37,-0.307,0,
C-A-1,2,0.79971,-29.5313,10.2037,1229,0.0,9.600000000000001,14.9,36,2844,0.0,-16.0,14.8,37,-0.307,0,
C-A-1,2,0.80071,-29.5313,10.2037,1229,0.0,9.600000000000001,14.9,36,2844,0.0,-16.0,14.8,37,-0.307,0,
C-A-1,2,0.80171,-29.5313,10.2037,1229,0.0,9.600000000000001,14.9,36,2844,0.0,-16.0,14.8,37,-0.307,0,
C-A-1,2,0.80271,-29.5313,10.2037,1229,0.0,9.600000000000001,14.9,36,2844,0.0,-16.0,14.8,37,-0.307,0,
C-A-1,2,0.80372,-29.5696,10.1999,1228,0.0,8.8,14.9,36,2844,0.0,-16.0,14.8,37,-0.345,0,
C-A-1,2,0.80471,-29.5313,10.2037,1229,0.0,9.600000000000001,14.9,36,2844,0.0,-16.0,14.8,37,-0.307,0,
C-A-1,2,0.80571,-29.5696,10.1999,1228,0.0,8.8,14.9,36,2844,0.0,-16.0,14.8,37,-0.345,0,
C-A-1,2,0.80671,-29.5696,10.1999,1228,0.0,8.8,14.9,36,2844,0.0,-16.0,14.8,37,-0.345,0,
C-A-1,2,0.80771,-29.5696,10.1999,1228,0.0,8.8,14.9,36,2844,0.0,-16.0,14.8,37,-0.345,0,
C-A-1,2,0.80871,-29.5696,10.1999,1228,0.0,8.8,14.9,36,2844,0.0,-16.0,14.8,37,-0.345,0,
C-A-1,2,0.80971,-29.5696,10.1999,1228,0.0,8.8,14.9,36,2844,0.0,-16.0,14.8,37,-0.345,0,
C-A-1,2,0.81071,-29.5696,10.1999,1228,0.0,8.8,14.9,36,2844,0.0,-16.0,14.8,37,-0.345,0,
C-A-1,2,0.8117,-29.5696,10.1999,1228,0.0,8.8,14.9,36,2845,1.01,-13.5,14.8,37,-0.307,0,
C-A-1,2,0.81272,-29.5696,10.1999,1228,0.0,8.8,14.9,36,2845,1.01,-13.5,14.8,37,-0.307,0,
C-A-1,2,0.81372,-29.5696,10.1999,1228,0.0,8.8,14.9,36,2844,0.0,-16.0,14.8,37,-0.345,0,
C-A-1,2,0.81471,-29.608,10.196,1227,-1.01,6.300000000000001,14.9,36,2845,1.01,-13.5,14.8,37,-0.345,0,
C-A-1,2,0.81571,-29.608,10.196,1227,-1.01,6.300000000000001,14.9,36,2845,1.01,-13.5,14.8,37,-0.345,0,
C-A-1,2,0.81671,-29.5696,10.1999,1228,0.0,8.8,14.9,36,2845,0.0,-15.200000000000001,14.8,37,-0.307,0,
C-A-1,2,0.81772,-29.608,10.196,1227,-1.01,6.300000000000001,14.9,36,2845,1.01,-13.5,14.8,37,-0.345,0,
C-A-1,2,0.81871,-29.5696,10.1999,1228,0.0,8.8,14.9,36,2845,1.01,-13.5,14.8,37,-0.307,0,
C-A-1,2,0.81971,-29.608,10.196,1227,-1.01,6.300000000000001,14.9,36,2845,1.01,-13.5,14.8,37,-0.345,0,
C-A-1,2,0.82072,-29.608,10.196,1227,-1.01,6.300000000000001,14.9,36,2845,1.01,-13.5,14.8,37,-0.345,0,
C-A-1,2,0.82171,-29.608,10.196,1227,-1.01,6.300000000000001,14.9,36,2845,1.01,-13.5,14.8,37,-0.345,0,
C-A-1,2,0.82272,-29.608,10.196,1227,-1.01,6.300000000000001,14.9,36,2845,0.0,-15.200000000000001,14.8,37,-0.345,0,
C-A-1,2,0.82371,-29.608,10.196,1227,-1.01,6.300000000000001,14.9,36,2845,1.01,-13.5,14.8,37,-0.345,0,
C-A-1,2,0.82471,-29.608,10.196,1227,-1.01,6.300000000000001,14.9,36,2845,1.01,-13.5,14.8,37,-0.345,0,
C-A-1,2,0.82571,-29.608,10.196,1227,-1.01,6.300000000000001,14.9,36,2846,1.51,-11.8,14.8,37,-0.307,0,
C-A-1,2,0.82671,-29.6463,10.1921,1226,-1.51,4.6000000000000005,14.9,36,2846,1.01,-12.700000000000001,14.8,37,-0.345,0,
C-A-1,2,0.82772,-29.6463,10.1921,1226,-1.51,4.6000000000000005,14.9,36,2846,1.01,-12.700000000000001,14.8,37,-0.345,0,
C-A-1,2,0.82871,-29.6463,10.1921,1226,-1.51,4.6000000000000005,14.9,36,2846,1.01,-12.700000000000001,14.8,37,-0.345,0,
C-A-1,2,0.82972,-29.6463,10.1921,1226,-1.51,4.6000000000000005,14.9,36,2847,1.51,-11.0,14.8,37,-0.307,0,
C-A-1,2,0.83071,-29.6463,10.1921,1226,-1.51,4.6000000000000005,14.9,36,2847,1.51,-11.0,14.8,37,-0.307,0,
C-A-1,2,0.83171,-29.6463,10.1921,1226,-1.51,4.6000000000000005,14.9,36,2847,1.51,-11.0,14.8,37,-0.307,0,
C-A-1,2,0.83271,-29.6463,10.1921,1226,-1.51,4.6000000000000005,14.9,36,2847,1.51,-11.0,14.8,37,-0.307,0,
C-A-1,2,0.83372,-29.6463,10.1921,1226,-1.01,5.5,14.9,36,2847,1.51,-11.0,14.8,37,-0.307,0,
C-A-1,2,0.83471,-29.6847,10.1882,1225,-1.51,3.8000000000000003,14.9,36,2847,1.51,-11.0,14.8,37,-0.345,0,
C-A-1,2,0.8357,-29.6463,10.1921,1226,-1.01,5.5,14.9,36,2848,2.01,-9.3,14.8,37,-0.268,0,
C-A-1,2,0.83671,-29.6847,10.1882,1225,-1.51,3.8000000000000003,14.9,36,2848,2.01,-9.3,14.8,37,-0.307,0,
C-A-1,2,0.8377,-29.6847,10.1882,1225,-1.51,3.8000000000000003,14.9,36,2848,2.01,-9.3,14.8,37,-0.307,0,
C-A-1,2,0.83871,-29.6847,10.1882,1225,-1.51,3.8000000000000003,14.9,36,2848,2.01,-9.3,14.8,37,-0.307,0,
C-A-1,2,0.8397,-29.6463,10.1921,1226,-1.01,5.5,14.9,36,2848,2.01,-9.3,14.8,37,-0.268,0,
C-A-1,2,0.84071,-29.6847,10.1882,1225,-1.51,3.8000000000000003,14.9,36,2848,1.51,-10.200000000000001,14.8,37,-0.307,0,
C-A-1,2,0.8417,-29.6847,10.1882,1225,-1.51,3.8000000000000003,14.9,36,2848,1.51,-10.200000000000001,14.8,37,-0.307,0,
C-A-1,2,0.84271,-29.6847,10.1882,1225,-1.51,3.8000000000000003,14.9,36,2848,2.01,-9.3,14.8,37,-0.307,0,
C-A-1,2,0.8437,-29.6847,10.1882,1225,-1.01,4.7,14.9,36,2849,2.01,-8.5,14.8,37,-0.268,0,
C-A-1,2,0.84472,-29.6847,10.1882,1225,-1.01,4.7,14.9,36,2849,2.01,-8.5,14.8,37,-0.268,0,
C-A-1,2,0.8457,-29.6847,10.1882,1225,-1.51,3.8000000000000003,14.9,36,2849,2.01,-8.5,14.8,37,-0.268,0,
C-A-1,2,0.84671,-29.6847,10.1882,1225,-1.01,4.7,14.9,36,2849,2.01,-8.5,14.8,37,-0.268,0,
C-A-1,2,0.84771,-29.6847,10.1882,1225,-1.51,3.8000000000000003,14.9,36,2849,2.01,-8.5,14.8,37,-0.268,0,
C-A-1,2,0.84871,-29.6847,10.1882,1225,-1.01,4.7,14.9,36,2849,2.01,-8.5,14.8,37,-0.268,0,
C-A-1,2,0.8497,-29.6847,10.1882,1225,-1.01,4.7,14.9,36,2849,2.01,-8.5,14.8,37,-0.268,0,
C-A-1,2,0.85072,-29.723,10.1843,1224,-1.51,3.0,14.9,36,2849,2.01,-8.5,14.8,37,-0.307,0,
C-A-1,2,0.8517,-29.723,10.1843,1224,-1.51,3.0,14.9,36,2849,2.01,-8.5,14.8,37,-0.307,0,
C-A-1,2,0.85272,-29.723,10.1843,1224,-1.51,3.0,14.9,36,2849,2.01,-8.5,14.8,37,-0.307,0,
C-A-1,2,0.85371,-29.723,10.1843,1224,-1.51,3.0,14.9,36,2850,2.52,-6.9,14.8,37,-0.268,0,
C-A-1,2,0.8547,-29.723,10.1843,1224,-1.51,3.0,14.9,36,2849,1.51,-9.4,14.8,37,-0.307,0,
C-A-1,2,0.85572,-29.723,10.1843,1224,-1.01,3.9000000000000004,14.9,36,2849,1.51,-9.4,14.8,37,-0.307,0,
C-A-1,2,0.85671,-29.723,10.1843,1224,-1.01,3.9000000000000004,14.9,36,2850,2.01,-7.7,14.8,37,-0.268,0,
C-A-1,2,0.8577,-29.723,10.1843,1224,-1.01,3.9000000000000004,14.9,36,2850,2.01,-7.7,14.8,37,-0.268,0,
C-A-1,2,0.85872,-29.723,10.1843,1224,-1.01,3.9000000000000004,14.9,36,2850,1.51,-8.6,14.8,37,-0.268,0,
C-A-1,2,0.85971,-29.723,10.1843,1224,-1.01,3.9000000000000004,14.9,36,2850,1.51,-8.6,14.8,37,-0.268,0,
C-A-1,2,0.8607,-29.723,10.1843,1224,-1.01,3.9000000000000004,14.9,36,2850,1.51,-8.6,14.8,37,-0.268,0,
C-A-1,2,0.86172,-29.723,10.1843,1224,-1.01,3.9000000000000004,14.9,36,2850,1.51,-8.6,14.8,37,-0.268,0,
C-A-1,2,0.8627,-29.723,10.1843,1224,-1.01,3.9000000000000004,14.9,36,2850,1.51,-8.6,14.8,37,-0.268,0,
C-A-1,2,0.86372,-29.723,10.1843,1224,0.0,5.6000000000000005,14.9,36,2850,1.51,-8.6,14.8,37,-0.268,0,
C-A-1,2,0.8647,-29.723,10.1843,1224,-1.01,3.9000000000000004,14.9,36,2850,1.51,-8.6,14.8,37,-0.268,0,
C-A-1,2,0.86572,-29.7614,10.1804,1223,-1.01,3.1,14.9,36,2851,1.51,-7.800000000000001,14.8,37,-0.268,0,
C-A-1,2,0.8667,-29.723,10.1843,1224,0.0,5.6000000000000005,14.9,36,2850,1.01,-9.5,14.8,37,-0.268,0,
C-A-1,2,0.86772,-29.7614,10.1804,1223,-1.01,3.1,14.9,36,2850,1.01,-9.5,14.8,37,-0.307,0,
C-A-1,2,0.8687,-29.723,10.1843,1224,-1.01,3.9000000000000004,14.9,36,2850,1.01,-9.5,14.8,37,-0.268,0,
C-A-1,2,0.86972,-29.723,10.1843,1224,0.0,5.6000000000000005,14.9,36,2850,1.01,-9.5,14.8,37,-0.268,0,
C-A-1,2,0.87071,-29.723,10.1843,1224,0.0,5.6000000000000005,14.9,36,2851,1.51,-7.800000000000001,14.8,37,-0.23,0,
C-A-1,2,0.87172,-29.723,10.1843,1224,0.0,5.6000000000000005,14.9,36,2850,1.01,-9.5,14.8,37,-0.268,0,
C-A-1,2,0.8727,-29.7614,10.1804,1223,-1.01,3.1,14.9,36,2850,0.0,-11.200000000000001,14.8,37,-0.307,0,
C-A-1,2,0.87372,-29.7614,10.1804,1223,-1.01,3.1,14.9,36,2850,0.0,-11.200000000000001,14.8,37,-0.307,0,
C-A-1,2,0.87472,-29.7614,10.1804,1223,-1.01,3.1,14.9,36,2850,0.0,-11.200000000000001,14.8,37,-0.307,0,
C-A-1,2,0.87572,-29.723,10.1843,1224,0.0,5.6000000000000005,14.9,36,2850,0.0,-11.200000000000001,14.8,37,-0.268,0,
C-A-1,2,0.8767,-29.723,10.1843,1224,0.0,5.6000000000000005,14.9,36,2851,1.01,-8.700000000000001,14.8,37,-0.23,0,
C-A-1,2,0.87772,-29.723,10.1843,1224,0.0,5.6000000000000005,14.9,36,2850,0.0,-11.200000000000001,14.8,37,-0.268,0,
C-A-1,2,0.87872,-29.723,10.1843,1224,0.0,5.6000000000000005,14.9,36,2850,0.0,-11.200000000000001,14.8,37,-0.268,0,
C-A-1,2,0.8797,-29.723,10.1843,1224,0.0,5.6000000000000005,14.9,36,2850,0.0,-11.200000000000001,14.8,37,-0.268,0,
C-A-1,2,0.88072,-29.723,10.1843,1224,0.0,5.6000000000000005,14.9,36,2850,0.0,-11.200000000000001,14.8,37,-0.268,0,
C-A-1,2,0.8817,-29.723,10.1843,1224,0.0,5.6000000000000005,14.9,36,2850,0.0,-11.200000000000001,14.8,37,-0.268,0,
C-A-1,2,0.88272,-29.7614,10.1804,1223,0.0,4.800000000000001,14.9,36,2850,0.0,-11.200000000000001,14.8,37,-0.307,0,
C-A-1,2,0.8837,-29.723,10.1843,1224,0.0,5.6000000000000005,14.9,36,2850,0.0,-11.200000000000001,14.8,37,-0.268,0,
C-A-1,2,0.88472,-29.723,10.1843,1224,0.0,5.6000000000000005,14.9,36,2850,0.0,-11.200000000000001,14.8,37,-0.268,0,
C-A-1,2,0.8857,-29.723,10.1843,1224,0.0,5.6000000000000005,14.9,36,2850,0.0,-11.200000000000001,14.8,37,-0.268,0,
C-A-1,2,0.88672,-29.723,10.1843,1224,0.0,5.6000000000000005,14.9,36,2850,0.0,-11.200000000000001,14.8,37,-0.268,0,
C-A-1,2,0.88772,-29.723,10.1843,1224,0.0,5.6000000000000005,14.9,36,2850,0.0,-11.200000000000001,14.8,37,-0.268,0,
C-A-1,2,0.8887,-29.723,10.1843,1224,0.0,5.6000000000000005,14.9,36,2850,0.0,-11.200000000000001,14.8,37,-0.268,0,
C-A-1,2,0.8897,-29.723,10.1843,1224,0.0,5.6000000000000005,14.9,36,2850,0.0,-11.200000000000001,14.8,37,-0.268,0,
C-A-1,2,0.8907,-29.723,10.1843,1224,0.0,5.6000000000000005,14.9,36,2850,0.0,-11.200000000000001,14.8,37,-0.268,0,
C-A-1,2,0.8917,-29.723,10.1843,1224,0.0,5.6000000000000005,14.9,36,2850,0.0,-11.200000000000001,14.8,37,-0.268,0,
C-A-1,2,0.89272,-29.723,10.1843,1224,0.0,5.6000000000000005,14.9,36,2850,0.0,-11.200000000000001,14.8,37,-0.268,0,
C-A-1,2,0.8937,-29.723,10.1843,1224,0.0,5.6000000000000005,14.9,36,2850,0.0,-11.200000000000001,14.8,37,-0.268,0,
C-A-1,2,0.8947,-29.723,10.1843,1224,0.0,5.6000000000000005,14.9,36,2849,-1.01,-13.700000000000001,14.8,37,-0.307,0,
C-A-1,2,0.8957,-29.6847,10.1882,1225,0.0,6.4,14.9,36,2849,0.0,-12.0,14.8,37,-0.268,0,
C-A-1,2,0.8967,-29.6847,10.1882,1225,1.01,8.1,14.9,36,2850,0.0,-11.200000000000001,14.8,37,-0.23,0,
C-A-1,2,0.8977,-29.6847,10.1882,1225,0.0,6.4,14.9,36,2849,0.0,-12.0,14.8,37,-0.268,0,
C-A-1,2,0.8987,-29.723,10.1843,1224,0.0,5.6000000000000005,14.9,36,2849,0.0,-12.0,14.8,37,-0.307,0,
C-A-1,2,0.8997,-29.6847,10.1882,1225,0.0,6.4,14.9,36,2849,-1.01,-13.700000000000001,14.8,37,-0.268,0,
C-A-1,2,0.9007,-29.6847,10.1882,1225,0.0,6.4,14.9,36,2849,0.0,-12.0,14.8,37,-0.268,0,
C-A-1,2,0.9017,-29.6847,10.1882,1225,1.01,8.1,14.9,36,2849,0.0,-12.0,14.8,37,-0.268,0,
C-A-1,2,0.9027,-29.6847,10.1882,1225,1.01,8.1,14.9,36,2849,0.0,-12.0,14.8,37,-0.268,0,
C-A-1,2,0.9037,-29.6847,10.1882,1225,0.0,6.4,14.9,36,2849,0.0,-12.0,14.8,37,-0.268,0,
C-A-1,2,0.9047,-29.6847,10.1882,1225,0.0,6.4,14.9,36,2849,0.0,-12.0,14.8,37,-0.268,0,
C-A-1,2,0.9057,-29.6847,10.1882,1225,0.0,6.4,14.9,36,2849,0.0,-12.0,14.8,37,-0.268,0,
C-A-1,2,0.9067,-29.6847,10.1882,1225,0.0,6.4,14.9,36,2849,-1.01,-13.700000000000001,14.8,37,-0.268,0,
C-A-1,2,0.9077,-29.6463,10.1921,1226,1.01,8.9,14.9,36,2849,0.0,-12.0,14.8,37,-0.23,0,
C-A-1,2,0.9087,-29.6847,10.1882,1225,0.0,6.4,14.9,36,2848,-1.01,-14.5,14.8,37,-0.307,0,
C-A-1,2,0.9097,-29.6463,10.1921,1226,1.01,8.9,14.9,36,2849,0.0,-12.0,14.8,37,-0.23,0,
C-A-1,2,0.91068,-29.6847,10.1882,1225,0.0,6.4,14.9,36,2848,-1.01,-14.5,14.8,37,-0.307,0,
C-A-1,2,0.9117,-29.6463,10.1921,1226,1.51,9.8,14.9,36,2848,-1.01,-14.5,14.8,37,-0.268,0,
C-A-1,2,0.9127,-29.6463,10.1921,1226,1.01,8.9,14.9,36,2848,-1.01,-14.5,14.8,37,-0.268,0,
C-A-1,2,0.9137,-29.6463,10.1921,1226,1.01,8.9,14.9,36,2848,-1.01,-14.5,14.8,37,-0.268,0,
C-A-1,2,0.9147,-29.6463,10.1921,1226,1.01,8.9,14.9,36,2848,-1.01,-14.5,14.8,37,-0.268,0,
C-A-1,2,0.9157,-29.6463,10.1921,1226,1.01,8.9,14.9,36,2848,-1.01,-14.5,14.8,37,-0.268,0,
C-A-1,2,0.9167,-29.6463,10.1921,1226,1.01,8.9,14.9,36,2848,-1.01,-14.5,14.8,37,-0.268,0,
C-A-1,2,0.9177,-29.6463,10.1921,1226,1.01,8.9,14.9,36,2847,-1.51,-16.2,14.8,37,-0.307,0,
C-A-1,2,0.9187,-29.6463,10.1921,1226,1.01,8.9,14.9,36,2847,-1.51,-16.2,14.8,37,-0.307,0,
C-A-1,2,0.9197,-29.6463,10.1921,1226,1.01,8.9,14.9,36,2847,-1.51,-16.2,14.8,37,-0.307,0,
C-A-1,2,0.9207,-29.6463,10.1921,1226,1.01,8.9,14.9,36,2847,-1.51,-16.2,14.8,37,-0.307,0,
C-A-1,2,0.9217,-29.6463,10.1921,1226,1.01,8.9,14.9,36,2847,-1.51,-16.2,14.8,37,-0.307,0,
C-A-1,2,0.9227,-29.608,10.196,1227,1.51,10.600000000000001,14.9,36,2847,-1.51,-16.2,14.8,37,-0.268,0,
C-A-1,2,0.9237,-29.6463,10.1921,1226,1.01,8.9,14.9,36,2847,-1.01,-15.3,14.8,37,-0.307,0,
C-A-1,2,0.9247,-29.6463,10.1921,1226,1.01,8.9,14.9,36,2847,-1.01,-15.3,14.8,37,-0.307,0,
C-A-1,2,0.9257,-29.608,10.196,1227,1.01,9.700000000000001,14.9,36,2847,-1.51,-16.2,14.8,37,-0.268,0,
C-A-1,2,0.9267,-29.608,10.196,1227,1.01,9.700000000000001,14.9,36,2847,-1.01,-15.3,14.8,37,-0.268,0,
C-A-1,2,0.9277,-29.608,10.196,1227,1.51,10.600000000000001,14.9,36,2847,-1.01,-15.3,14.8,37,-0.268,0,
C-A-1,2,0.9287,-29.608,10.196,1227,1.01,9.700000000000001,14.9,36,2847,-1.01,-15.3,14.8,37,-0.268,0,
C-A-1,2,0.9297,-29.608,10.196,1227,1.01,9.700000000000001,14.9,36,2847,-1.01,-15.3,14.8,37,-0.268,0,
C-A-1,2,0.9307,-29.608,10.196,1227,1.01,9.700000000000001,14.9,36,2846,-1.51,-17.0,14.8,37,-0.307,0,
C-A-1,2,0.9317,-29.608,10.196,1227,1.01,9.700000000000001,14.9,36,2847,-1.01,-15.3,14.8,37,-0.268,0,
C-A-1,2,0.9327,-29.608,10.196,1227,1.01,9.700000000000001,14.9,36,2846,-1.51,-17.0,14.8,37,-0.307,0,
C-A-1,2,0.9337,-29.608,10.196,1227,1.01,9.700000000000001,14.9,36,2846,-1.51,-17.0,14.8,37,-0.307,0,
C-A-1,2,0.9347,-29.608,10.196,1227,1.01,9.700000000000001,14.9,36,2846,-1.51,-17.0,14.8,37,-0.307,0,
C-A-1,2,0.9357,-29.608,10.196,1227,1.01,9.700000000000001,14.9,36,2846,-1.51,-17.0,14.8,37,-0.307,0,
C-A-1,2,0.9367,-29.608,10.196,1227,0.0,8.0,14.9,36,2846,-1.51,-17.0,14.8,37,-0.307,0,
C-A-1,2,0.9377,-29.608,10.196,1227,1.01,9.700000000000001,14.9,36,2846,-1.51,-17.0,14.8,37,-0.307,0,
C-A-1,2,0.9387,-29.608,10.196,1227,0.0,8.0,14.9,36,2846,-1.01,-16.1,14.8,37,-0.307,0,
C-A-1,2,0.9397,-29.608,10.196,1227,1.01,9.700000000000001,14.9,36,2846,-1.51,-17.0,14.8,37,-0.307,0,
C-A-1,2,0.9407,-29.5696,10.1999,1228,1.01,10.5,14.9,36,2846,-1.01,-16.1,14.8,37,-0.268,0,
C-A-1,2,0.9417,-29.5696,10.1999,1228,1.01,10.5,14.9,36,2845,-1.51,-17.8,14.8,37,-0.307,0,
C-A-1,2,0.9427,-29.608,10.196,1227,0.0,8.0,14.9,36,2846,-1.01,-16.1,14.8,37,-0.307,0,
C-A-1,2,0.9437,-29.5696,10.1999,1228,1.01,10.5,14.9,36,2846,-1.01,-16.1,14.8,37,-0.268,0,
C-A-1,2,0.9447,-29.608,10.196,1227,0.0,8.0,14.9,36,2845,-1.51,-17.8,14.8,37,-0.345,0,
C-A-1,2,0.9457,-29.608,10.196,1227,0.0,8.0,14.9,36,2845,-1.51,-17.8,14.8,37,-0.345,0,
C-A-1,2,0.9467,-29.5696,10.1999,1228,1.01,10.5,14.9,36,2845,-1.01,-16.900000000000002,14.8,37,-0.307,0,
C-A-1,2,0.9477,-29.5696,10.1999,1228,1.01,10.5,14.9,36,2845,-1.01,-16.900000000000002,14.8,37,-0.307,0,
C-A-1,2,0.9487,-29.5696,10.1999,1228,1.01,10.5,14.9,36,2845,-1.01,-16.900000000000002,14.8,37,-0.307,0,
C-A-1,2,0.94971,-29.5696,10.1999,1228,1.01,10.5,14.9,36,2845,-1.01,-16.900000000000002,14.8,37,-0.307,0,
C-A-1,2,0.9507,-29.5696,10.1999,1228,1.01,10.5,14.9,36,2845,-1.01,-16.900000000000002,14.8,37,-0.307,0,
C-A-1,2,0.9517,-29.5696,10.1999,1228,0.0,8.8,14.9,36,2845,-1.01,-16.900000000000002,14.8,37,-0.307,0,
C-A-1,2,0.95271,-29.5696,10.1999,1228,1.01,10.5,14.9,36,2845,-1.01,-16.900000000000002,14.8,37,-0.307,0,
C-A-1,2,0.9537,-29.5696,10.1999,1228,0.0,8.8,14.9,36,2845,-1.01,-16.900000000000002,14.8,37,-0.307,0,
C-A-1,2,0.95471,-29.5696,10.1999,1228,0.0,8.8,14.9,36,2845,-1.01,-16.900000000000002,14.8,37,-0.307,0,
C-A-1,2,0.9557,-29.5696,10.1999,1228,0.0,8.8,14.9,36,2845,0.0,-15.200000000000001,14.8,37,-0.307,0,
C-A-1,2,0.9567,-29.5696,10.1999,1228,0.0,8.8,14.9,36,2845,-1.01,-16.900000000000002,14.8,37,-0.307,0,
C-A-1,2,0.9577,-29.5696,10.1999,1228,0.0,8.8,14.9,36,2845,-1.01,-16.900000000000002,14.8,37,-0.307,0,
C-A-1,2,0.95871,-29.5696,10.1999,1228,0.0,8.8,14.9,36,2845,-1.01,-16.900000000000002,14.8,37,-0.307,0,
C-A-1,2,0.9597,-29.5696,10.1999,1228,0.0,8.8,14.9,36,2845,0.0,-15.200000000000001,14.8,37,-0.307,0,
C-A-1,2,0.9607,-29.5696,10.1999,1228,0.0,8.8,14.9,36,2845,-1.01,-16.900000000000002,14.8,37,-0.307,0,
C-A-1,2,0.9617,-29.5696,10.1999,1228,0.0,8.8,14.9,36,2845,0.0,-15.200000000000001,14.8,37,-0.307,0,
C-A-1,2,0.9627,-29.5696,10.1999,1228,0.0,8.8,14.9,36,2845,0.0,-15.200000000000001,14.8,37,-0.307,0,
C-A-1,2,0.9637,-29.5696,10.1999,1228,0.0,8.8,14.9,36,2845,0.0,-15.200000000000001,14.8,37,-0.307,0,
C-A-1,2,0.9647,-29.5696,10.1999,1228,0.0,8.8,14.9,36,2845,0.0,-15.200000000000001,14.8,37,-0.307,0,
C-A-1,2,0.96571,-29.5696,10.1999,1228,0.0,8.8,14.9,36,2845,0.0,-15.200000000000001,14.8,37,-0.307,0,
C-A-1,2,0.9667,-29.5696,10.1999,1228,0.0,8.8,14.9,36,2845,0.0,-15.200000000000001,14.8,37,-0.307,0,
C-A-1,2,0.96771,-29.5696,10.1999,1228,0.0,8.8,14.9,36,2845,0.0,-15.200000000000001,14.8,37,-0.307,0,
C-A-1,2,0.96871,-29.5696,10.1999,1228,0.0,8.8,14.9,36,2845,0.0,-15.200000000000001,14.8,37,-0.307,0,
C-A-1,2,0.96971,-29.5696,10.1999,1228,0.0,8.8,14.9,36,2845,0.0,-15.200000000000001,14.8,37,-0.307,0,
C-A-1,2,0.9707,-29.5696,10.1999,1228,0.0,8.8,14.9,36,2845,0.0,-15.200000000000001,14.8,37,-0.307,0,
C-A-1,2,0.9717,-29.5696,10.1999,1228,0.0,8.8,14.9,36,2845,0.0,-15.200000000000001,14.8,37,-0.307,0,
C-A-1,2,0.9727,-29.5696,10.1999,1228,0.0,8.8,14.9,36,2845,0.0,-15.200000000000001,14.8,37,-0.307,0,
C-A-1,2,0.9737,-29.5696,10.1999,1228,0.0,8.8,14.9,36,2845,0.0,-15.200000000000001,14.8,37,-0.307,0,
C-A-1,2,0.9747,-29.5696,10.1999,1228,0.0,8.8,14.9,36,2845,0.0,-15.200000000000001,14.8,37,-0.307,0,
C-A-1,2,0.97571,-29.5696,10.1999,1228,0.0,8.8,14.9,36,2845,0.0,-15.200000000000001,14.8,37,-0.307,0,
C-A-1,2,0.9767,-29.5696,10.1999,1228,0.0,8.8,14.9,36,2845,0.0,-15.200000000000001,14.8,37,-0.307,0,
C-A-1,2,0.9777,-29.5696,10.1999,1228,0.0,8.8,14.9,36,2845,0.0,-15.200000000000001,14.8,37,-0.307,0,
C-A-1,2,0.9787,-29.5696,10.1999,1228,0.0,8.8,14.9,36,2845,0.0,-15.200000000000001,14.8,37,-0.307,0,
C-A-1,2,0.9797,-29.5696,10.1999,1228,0.0,8.8,14.9,36,2845,0.0,-15.200000000000001,14.8,37,-0.307,0,
C-A-1,2,0.98071,-29.5696,10.1999,1228,0.0,8.8,14.9,36,2845,0.0,-15.200000000000001,14.8,37,-0.307,0,
C-A-1,2,0.9817,-29.5696,10.1999,1228,0.0,8.8,14.9,36,2845,0.0,-15.200000000000001,14.8,37,-0.307,0,
C-A-1,2,0.9827,-29.5696,10.1999,1228,0.0,8.8,14.9,36,2845,0.0,-15.200000000000001,14.8,37,-0.307,0,
C-A-1,2,0.9837,-29.5696,10.1999,1228,0.0,8.8,14.9,36,2845,0.0,-15.200000000000001,14.8,37,-0.307,0,
C-A-1,2,0.98471,-29.5696,10.1999,1228,0.0,8.8,14.9,36,2845,0.0,-15.200000000000001,14.8,37,-0.307,0,
C-A-1,2,0.9857,-29.5696,10.1999,1228,0.0,8.8,14.9,36,2845,0.0,-15.200000000000001,14.8,37,-0.307,0,
C-A-1,2,0.9867,-29.5696,10.1999,1228,0.0,8.8,14.9,36,2845,0.0,-15.200000000000001,14.8,37,-0.307,0,
C-A-1,2,0.98771,-29.5696,10.1999,1228,0.0,8.8,14.9,36,2845,0.0,-15.200000000000001,14.8,37,-0.307,0,
C-A-1,2,0.9887,-29.5696,10.1999,1228,0.0,8.8,14.9,36,2845,0.0,-15.200000000000001,14.8,37,-0.307,0,
C-A-1,2,0.98971,-29.5696,10.1999,1228,0.0,8.8,14.9,36,2845,0.0,-15.200000000000001,14.8,37,-0.307,0,
C-A-1,2,0.9907,-29.5696,10.1999,1228,0.0,8.8,14.9,36,2845,0.0,-15.200000000000001,14.8,37,-0.307,0,
C-A-1,2,0.9917,-29.5696,10.1999,1228,0.0,8.8,14.9,36,2845,0.0,-15.200000000000001,14.8,37,-0.307,0,
C-A-1,2,0.99271,-29.5696,10.1999,1228,0.0,8.8,14.9,36,2845,0.0,-15.200000000000001,14.8,37,-0.307,0,
C-A-1,2,0.9937,-29.5696,10.1999,1228,0.0,8.8,14.9,36,2845,0.0,-15.200000000000001,14.8,37,-0.307,0,
C-A-1,2,0.9947,-29.5696,10.1999,1228,0.0,8.8,14.9,36,2845,0.0,-15.200000000000001,14.8,37,-0.307,0,
C-A-1,2,0.99571,-29.5696,10.1999,1228,0.0,8.8,14.9,36,2845,0.0,-15.200000000000001,14.8,37,-0.307,0,
C-A-1,2,0.99671,-29.608,10.196,1227,0.0,8.0,14.9,36,2845,0.0,-15.200000000000001,14.8,37,-0.345,0,
C-A-1,2,0.99771,-29.608,10.196,1227,0.0,8.0,14.9,36,2845,0.0,-15.200000000000001,14.8,37,-0.345,0,
C-A-1,2,0.99871,-29.5696,10.1999,1228,0.0,8.8,14.9,36,2845,0.0,-15.200000000000001,14.8,37,-0.307,0,
C-A-1,2,0.99972,-29.5696,10.1999,1228,0.0,8.8,14.9,36,2845,0.0,-15.200000000000001,14.8,37,-0.307,0,
C-A-1,2,1.00071,-29.5696,10.1999,1228,0.0,8.8,14.9,36,2846,0.0,-14.4,14.8,37,-0.268,0,
C-A-1,2,1.00171,-29.608,10.196,1227,0.0,8.0,14.9,36,2845,0.0,-15.200000000000001,14.8,37,-0.345,0,
C-A-1,2,1.0027,-29.608,10.196,1227,0.0,8.0,14.9,36,2845,0.0,-15.200000000000001,14.8,37,-0.345,0,
C-A-1,2,1.00371,-29.608,10.196,1227,0.0,8.0,14.9,36,2845,0.0,-15.200000000000001,14.8,37,-0.345,0,
C-A-1,2,1.0047,-29.608,10.196,1227,0.0,8.0,14.9,36,2846,0.0,-14.4,14.8,37,-0.307,0,
C-A-1,2,1.00571,-29.608,10.196,1227,0.0,8.0,14.9,36,2846,0.0,-14.4,14.8,37,-0.307,0,
C-A-1,2,1.0067,-29.608,10.196,1227,0.0,8.0,14.9,36,2846,0.0,-14.4,14.8,37,-0.307,0,
C-A-1,2,1.00771,-29.608,10.196,1227,0.0,8.0,14.9,36,2846,0.0,-14.4,14.8,37,-0.307,0,
C-A-1,2,1.0087,-29.608,10.196,1227,0.0,8.0,14.9,36,2846,0.0,-14.4,14.8,37,-0.307,0,
C-A-1,2,1.00971,-29.608,10.196,1227,0.0,8.0,14.9,36,2846,0.0,-14.4,14.8,37,-0.307,0,
C-A-1,2,1.0107,-29.608,10.196,1227,0.0,8.0,14.9,36,2846,0.0,-14.4,14.8,37,-0.307,0,
C-A-1,2,1.01171,-29.608,10.196,1227,0.0,8.0,14.9,36,2846,0.0,-14.4,14.8,37,-0.307,0,
C-A-1,2,1.01271,-29.608,10.196,1227,0.0,8.0,14.9,36,2846,0.0,-14.4,14.8,37,-0.307,0,
C-A-1,2,1.01371,-29.608,10.196,1227,0.0,8.0,14.9,36,2846,0.0,-14.4,14.8,37,-0.307,0,
C-A-1,2,1.01471,-29.608,10.196,1227,0.0,8.0,14.9,36,2846,0.0,-14.4,14.8,37,-0.307,0,
C-A-1,2,1.01571,-29.608,10.196,1227,0.0,8.0,14.9,36,2846,0.0,-14.4,14.8,37,-0.307,0,
C-A-1,2,1.01671,-29.6463,10.1921,1226,-1.01,5.5,14.9,36,2846,0.0,-14.4,14.8,37,-0.345,0,
C-A-1,2,1.01771,-29.6463,10.1921,1226,-1.01,5.5,14.9,36,2846,0.0,-14.4,14.8,37,-0.345,0,
C-A-1,2,1.01871,-29.608,10.196,1227,0.0,8.0,14.9,36,2846,0.0,-14.4,14.8,37,-0.307,0,
C-A-1,2,1.01971,-29.6463,10.1921,1226,-1.01,5.5,14.9,36,2847,1.01,-11.9,14.8,37,-0.307,0,
C-A-1,2,1.02071,-29.6463,10.1921,1226,-1.01,5.5,14.9,36,2847,1.01,-11.9,14.8,37,-0.307,0,
C-A-1,2,1.02171,-29.608,10.196,1227,0.0,8.0,14.9,36,2847,1.01,-11.9,14.8,37,-0.268,0,
C-A-1,2,1.02271,-29.6463,10.1921,1226,-1.01,5.5,14.9,36,2847,1.01,-11.9,14.8,37,-0.307,0,
C-A-1,2,1.02371,-29.6463,10.1921,1226,-1.01,5.5,14.9,36,2847,1.01,-11.9,14.8,37,-0.307,0,
C-A-1,2,1.02471,-29.6463,10.1921,1226,-1.01,5.5,14.9,36,2847,1.01,-11.9,14.8,37,-0.307,0,
C-A-1,2,1.02571,-29.6463,10.1921,1226,0.0,7.2,14.9,36,2847,1.01,-11.9,14.8,37,-0.307,0,
C-A-1,2,1.02671,-29.6463,10.1921,1226,0.0,7.2,14.9,36,2847,1.01,-11.9,14.8,37,-0.307,0,
C-A-1,2,1.02771,-29.6463,10.1921,1226,-1.01,5.5,14.9,36,2846,0.0,-14.4,14.8,37,-0.345,0,
C-A-1,2,1.02871,-29.6463,10.1921,1226,-1.01,5.5,14.9,36,2847,1.01,-11.9,14.8,37,-0.307,0,
C-A-1,2,1.02971,-29.6463,10.1921,1226,-1.01,5.5,14.9,36,2847,1.01,-11.9,14.8,37,-0.307,0,
C-A-1,2,1.03071,-29.6463,10.1921,1226,0.0,7.2,14.9,36,2847,0.0,-13.600000000000001,14.8,37,-0.307,0,
C-A-1,2,1.03171,-29.6463,10.1921,1226,0.0,7.2,14.9,36,2847,1.01,-11.9,14.8,37,-0.307,0,
C-A-1,2,1.03271,-29.6463,10.1921,1226,0.0,7.2,14.9,36,2848,1.51,-10.200000000000001,14.8,37,-0.268,0,
C-A-1,2,1.03371,-29.6463,10.1921,1226,0.0,7.2,14.9,36,2848,1.01,-11.100000000000001,14.8,37,-0.268,0,
C-A-1,2,1.03471,-29.6463,10.1921,1226,0.0,7.2,14.9,36,2847,0.0,-13.600000000000001,14.8,37,-0.307,0,
C-A-1,2,1.03571,-29.6463,10.1921,1226,0.0,7.2,14.9,36,2847,0.0,-13.600000000000001,14.8,37,-0.307,0,
C-A-1,2,1.03671,-29.6847,10.1882,1225,-1.01,4.7,14.9,36,2847,0.0,-13.600000000000001,14.8,37,-0.345,0,
C-A-1,2,1.03771,-29.6463,10.1921,1226,0.0,7.2,14.9,36,2847,0.0,-13.600000000000001,14.8,37,-0.307,0,
C-A-1,2,1.03871,-29.6463,10.1921,1226,0.0,7.2,14.9,36,2848,1.01,-11.100000000000001,14.8,37,-0.268,0,
C-A-1,2,1.03971,-29.6463,10.1921,1226,0.0,7.2,15.0,36,2847,0.0,-13.600000000000001,14.8,37,-0.307,0,
C-A-1,2,1.04071,-29.6847,10.1882,1225,-1.01,4.7,15.0,36,2848,1.01,-11.100000000000001,15.0,37,-0.307,0,
C-A-1,2,1.04171,-29.6463,10.1921,1226,0.0,7.2,15.0,36,2848,1.01,-11.100000000000001,15.0,37,-0.268,0,
C-A-1,2,1.04271,-29.6463,10.1921,1226,0.0,7.2,15.0,36,2848,1.01,-11.100000000000001,15.0,37,-0.268,0,
C-A-1,2,1.04371,-29.6847,10.1882,1225,-1.01,4.7,15.0,36,2848,1.01,-11.100000000000001,15.0,37,-0.307,0,
C-A-1,2,1.04471,-29.6463,10.1921,1226,0.0,7.2,15.0,36,2848,1.01,-11.100000000000001,15.0,37,-0.268,0,
C-A-1,2,1.04571,-29.6463,10.1921,1226,0.0,7.2,15.0,36,2848,1.01,-11.100000000000001,15.0,37,-0.268,0,
C-A-1,2,1.04671,-29.6847,10.1882,1225,0.0,6.4,15.0,36,2848,0.0,-12.8,15.0,37,-0.307,0,
C-A-1,2,1.04771,-29.6847,10.1882,1225,-1.01,4.7,15.0,36,2848,1.01,-11.100000000000001,15.0,37,-0.307,0,
C-A-1,2,1.04871,-29.6847,10.1882,1225,0.0,6.4,15.0,36,2848,1.01,-11.100000000000001,15.0,37,-0.307,0,
C-A-1,2,1.04971,-29.6847,10.1882,1225,0.0,6.4,15.0,36,2848,0.0,-12.8,15.0,37,-0.307,0,
C-A-1,2,1.0507,-29.6847,10.1882,1225,-1.01,4.7,15.0,36,2848,0.0,-12.8,15.0,37,-0.307,0,
C-A-1,2,1.05171,-29.6847,10.1882,1225,0.0,6.4,15.0,36,2848,0.0,-12.8,15.0,37,-0.307,0,
C-A-1,2,1.05271,-29.6847,10.1882,1225,0.0,6.4,15.0,36,2848,0.0,-12.8,15.0,37,-0.307,0,
C-A-1,2,1.05371,-29.6847,10.1882,1225,0.0,6.4,15.0,36,2848,0.0,-12.8,15.0,37,-0.307,0,
C-A-1,2,1.05471,-29.6847,10.1882,1225,0.0,6.4,15.0,36,2848,0.0,-12.8,15.0,37,-0.307,0,
C-A-1,2,1.05571,-29.6847,10.1882,1225,0.0,6.4,15.0,36,2848,0.0,-12.8,15.0,37,-0.307,0,
C-A-1,2,1.05671,-29.6847,10.1882,1225,0.0,6.4,15.0,36,2849,1.51,-9.4,15.0,37,-0.268,0,
C-A-1,2,1.05771,-29.6847,10.1882,1225,0.0,6.4,15.0,36,2848,0.0,-12.8,15.0,37,-0.307,0,
C-A-1,2,1.05871,-29.6847,10.1882,1225,0.0,6.4,15.0,36,2848,0.0,-12.8,15.0,37,-0.307,0,
C-A-1,2,1.05971,-29.6847,10.1882,1225,0.0,6.4,15.0,36,2848,0.0,-12.8,15.0,37,-0.307,0,
C-A-1,2,1.06071,-29.6847,10.1882,1225,0.0,6.4,15.0,36,2848,0.0,-12.8,15.0,37,-0.307,0,
C-A-1,2,1.06171,-29.6847,10.1882,1225,0.0,6.4,15.0,36,2848,0.0,-12.8,15.0,37,-0.307,0,
C-A-1,2,1.06271,-29.6847,10.1882,1225,0.0,6.4,15.0,36,2848,0.0,-12.8,15.0,37,-0.307,0,
C-A-1,2,1.06371,-29.6847,10.1882,1225,0.0,6.4,15.0,36,2849,1.01,-10.3,15.0,37,-0.268,0,
C-A-1,2,1.06471,-29.6847,10.1882,1225,0.0,6.4,15.0,36,2848,0.0,-12.8,15.0,37,-0.307,0,
C-A-1,2,1.06571,-29.6847,10.1882,1225,0.0,6.4,15.0,36,2848,0.0,-12.8,15.0,37,-0.307,0,
C-A-1,2,1.06672,-29.6847,10.1882,1225,0.0,6.4,15.0,36,2848,0.0,-12.8,15.0,37,-0.307,0,
C-A-1,2,1.06771,-29.6847,10.1882,1225,0.0,6.4,15.0,36,2848,0.0,-12.8,15.0,37,-0.307,0,
C-A-1,2,1.06871,-29.6847,10.1882,1225,0.0,6.4,15.0,36,2848,0.0,-12.8,15.0,37,-0.307,0,
C-A-1,2,1.06971,-29.6847,10.1882,1225,0.0,6.4,15.0,36,2848,0.0,-12.8,15.0,37,-0.307,0,
C-A-1,2,1.07071,-29.6847,10.1882,1225,0.0,6.4,15.0,36,2848,0.0,-12.8,15.0,37,-0.307,0,
C-A-1,2,1.07171,-29.6847,10.1882,1225,0.0,6.4,15.0,36,2848,0.0,-12.8,15.0,37,-0.307,0,
C-A-1,2,1.07271,-29.6847,10.1882,1225,0.0,6.4,15.0,36,2848,0.0,-12.8,15.0,37,-0.307,0,
C-A-1,2,1.07371,-29.6847,10.1882,1225,0.0,6.4,15.0,36,2848,0.0,-12.8,15.0,37,-0.307,0,
C-A-1,2,1.07471,-29.6847,10.1882,1225,0.0,6.4,15.0,36,2848,0.0,-12.8,15.0,37,-0.307,0,
C-A-1,2,1.07572,-29.6847,10.1882,1225,0.0,6.4,15.0,36,2848,0.0,-12.8,15.0,37,-0.307,0,
C-A-1,2,1.07671,-29.6463,10.1921,1226,0.0,7.2,15.0,36,2848,0.0,-12.8,15.0,37,-0.268,0,
C-A-1,2,1.07771,-29.6847,10.1882,1225,0.0,6.4,15.0,36,2848,0.0,-12.8,15.0,37,-0.307,0,
C-A-1,2,1.07871,-29.6847,10.1882,1225,0.0,6.4,15.0,36,2848,0.0,-12.8,15.0,37,-0.307,0,
C-A-1,2,1.07971,-29.6847,10.1882,1225,0.0,6.4,15.0,36,2848,0.0,-12.8,15.0,37,-0.307,0,
C-A-1,2,1.08071,-29.6847,10.1882,1225,0.0,6.4,15.0,36,2848,0.0,-12.8,15.0,37,-0.307,0,
C-A-1,2,1.08171,-29.6463,10.1921,1226,0.0,7.2,15.0,36,2848,0.0,-12.8,15.0,37,-0.268,0,
C-A-1,2,1.08271,-29.6847,10.1882,1225,0.0,6.4,15.0,36,2848,0.0,-12.8,15.0,37,-0.307,0,
C-A-1,2,1.08371,-29.6847,10.1882,1225,0.0,6.4,15.0,36,2848,0.0,-12.8,15.0,37,-0.307,0,
C-A-1,2,1.08471,-29.6847,10.1882,1225,0.0,6.4,15.0,36,2848,0.0,-12.8,15.0,37,-0.307,0,
C-A-1,2,1.08572,-29.6847,10.1882,1225,0.0,6.4,15.0,36,2848,0.0,-12.8,15.0,37,-0.307,0,
C-A-1,2,1.08671,-29.6463,10.1921,1226,0.0,7.2,15.0,36,2847,0.0,-13.600000000000001,15.0,37,-0.307,0,
C-A-1,2,1.08771,-29.6847,10.1882,1225,0.0,6.4,15.0,36,2848,0.0,-12.8,15.0,37,-0.307,0,
C-A-1,2,1.08872,-29.6463,10.1921,1226,0.0,7.2,15.0,36,2848,0.0,-12.8,15.0,37,-0.268,0,
C-A-1,2,1.08971,-29.6847,10.1882,1225,0.0,6.4,15.0,36,2848,0.0,-12.8,15.0,37,-0.307,0,
C-A-1,2,1.09071,-29.6463,10.1921,1226,0.0,7.2,15.0,36,2848,0.0,-12.8,15.0,37,-0.268,0,
C-A-1,2,1.09171,-29.6463,10.1921,1226,0.0,7.2,15.0,36,2847,0.0,-13.600000000000001,15.0,37,-0.307,0,
C-A-1,2,1.09272,-29.6463,10.1921,1226,0.0,7.2,15.0,36,2848,0.0,-12.8,15.0,37,-0.268,0,
C-A-1,2,1.09371,-29.6463,10.1921,1226,0.0,7.2,15.0,36,2848,0.0,-12.8,15.0,37,-0.268,0,
C-A-1,2,1.09471,-29.6463,10.1921,1226,0.0,7.2,15.0,36,2847,0.0,-13.600000000000001,15.0,37,-0.307,0,
C-A-1,2,1.09572,-29.6463,10.1921,1226,0.0,7.2,15.0,36,2847,0.0,-13.600000000000001,15.0,37,-0.307,0,
C-A-1,2,1.09671,-29.6463,10.1921,1226,0.0,7.2,15.0,36,2847,0.0,-13.600000000000001,15.0,37,-0.307,0,
C-A-1,2,1.09772,-29.6463,10.1921,1226,0.0,7.2,15.0,36,2848,0.0,-12.8,15.0,37,-0.268,0,
C-A-1,2,1.09871,-29.6463,10.1921,1226,0.0,7.2,15.0,36,2847,0.0,-13.600000000000001,15.0,37,-0.307,0,
C-A-1,2,1.09972,-29.6463,10.1921,1226,0.0,7.2,15.0,36,2847,0.0,-13.600000000000001,15.0,37,-0.307,0,
C-A-1,2,1.10071,-29.6463,10.1921,1226,0.0,7.2,15.0,36,2847,0.0,-13.600000000000001,15.0,37,-0.307,0,
C-A-1,2,1.10172,-29.6463,10.1921,1226,0.0,7.2,15.0,36,2847,0.0,-13.600000000000001,15.0,37,-0.307,0,
C-A-1,2,1.10271,-29.6463,10.1921,1226,0.0,7.2,15.0,36,2847,0.0,-13.600000000000001,15.0,37,-0.307,0,
C-A-1,2,1.10371,-29.608,10.196,1227,1.01,9.700000000000001,15.0,36,2847,0.0,-13.600000000000001,15.0,37,-0.268,0,
C-A-1,2,1.10471,-29.6463,10.1921,1226,0.0,7.2,15.0,36,2847,0.0,-13.600000000000001,15.0,37,-0.307,0,
C-A-1,2,1.10572,-29.6463,10.1921,1226,0.0,7.2,15.0,36,2847,0.0,-13.600000000000001,15.0,37,-0.307,0,
C-A-1,2,1.10671,-29.6463,10.1921,1226,0.0,7.2,15.0,36,2847,0.0,-13.600000000000001,15.0,37,-0.307,0,
C-A-1,2,1.10772,-29.6463,10.1921,1226,0.0,7.2,15.0,36,2847,0.0,-13.600000000000001,15.0,37,-0.307,0,
C-A-1,2,1.10871,-29.608,10.196,1227,1.01,9.700000000000001,15.0,36,2846,-1.01,-16.1,15.0,37,-0.307,0,
C-A-1,2,1.10971,-29.6463,10.1921,1226,0.0,7.2,15.0,36,2847,0.0,-13.600000000000001,15.0,37,-0.307,0,
C-A-1,2,1.11072,-29.6463,10.1921,1226,0.0,7.2,15.0,36,2847,0.0,-13.600000000000001,15.0,37,-0.307,0,
C-A-1,2,1.11171,-29.6463,10.1921,1226,0.0,7.2,15.0,36,2846,-1.01,-16.1,15.0,37,-0.345,0,
C-A-1,2,1.11271,-29.608,10.196,1227,1.01,9.700000000000001,15.0,36,2846,-1.01,-16.1,15.0,37,-0.307,0,
C-A-1,2,1.11372,-29.608,10.196,1227,0.0,8.0,15.0,36,2846,-1.01,-16.1,15.0,37,-0.307,0,
C-A-1,2,1.11471,-29.608,10.196,1227,1.01,9.700000000000001,15.0,36,2847,0.0,-13.600000000000001,15.0,37,-0.268,0,
C-A-1,2,1.11572,-29.608,10.196,1227,1.01,9.700000000000001,15.0,36,2846,0.0,-14.4,15.0,37,-0.307,0,
C-A-1,2,1.1167,-29.608,10.196,1227,1.01,9.700000000000001,15.0,36,2846,-1.01,-16.1,15.0,37,-0.307,0,
C-A-1,2,1.11771,-29.608,10.196,1227,0.0,8.0,15.0,36,2846,-1.01,-16.1,15.0,37,-0.307,0,
C-A-1,2,1.11873,-29.608,10.196,1227,1.01,9.700000000000001,15.0,36,2846,-1.01,-16.1,15.0,37,-0.307,0,
C-A-1,2,1.11973,-29.608,10.196,1227,0.0,8.0,15.0,36,2846,0.0,-14.4,15.0,37,-0.307,0,
C-A-1,2,1.12072,-29.608,10.196,1227,0.0,8.0,15.0,36,2846,-1.01,-16.1,15.0,37,-0.307,0,
C-A-1,2,1.12172,-29.608,10.196,1227,0.0,8.0,15.0,36,2846,0.0,-14.4,15.0,37,-0.307,0,
C-A-1,2,1.12271,-29.608,10.196,1227,0.0,8.0,15.0,36,2846,-1.01,-16.1,15.0,37,-0.307,0,
C-A-1,2,1.12372,-29.608,10.196,1227,0.0,8.0,15.0,36,2846,0.0,-14.4,15.0,37,-0.307,0,
C-A-1,2,1.12472,-29.608,10.196,1227,0.0,8.0,15.0,36,2846,0.0,-14.4,15.0,37,-0.307,0,
C-A-1,2,1.12572,-29.608,10.196,1227,0.0,8.0,15.0,36,2846,0.0,-14.4,15.0,37,-0.307,0,
C-A-1,2,1.1267,-29.608,10.196,1227,0.0,8.0,15.0,36,2846,-1.01,-16.1,15.0,37,-0.307,0,
C-A-1,2,1.12771,-29.608,10.196,1227,0.0,8.0,15.0,36,2846,0.0,-14.4,15.0,37,-0.307,0,
C-A-1,2,1.12871,-29.608,10.196,1227,0.0,8.0,15.0,36,2846,0.0,-14.4,15.0,37,-0.307,0,
C-A-1,2,1.12972,-29.5696,10.1999,1228,1.01,10.5,15.0,36,2846,0.0,-14.4,15.0,37,-0.268,0,
C-A-1,2,1.13071,-29.608,10.196,1227,0.0,8.0,15.0,36,2846,0.0,-14.4,15.0,37,-0.307,0,
C-A-1,2,1.1317,-29.5696,10.1999,1228,1.01,10.5,15.0,36,2845,-1.01,-16.900000000000002,15.0,37,-0.307,0,
C-A-1,2,1.13272,-29.5696,10.1999,1228,0.0,8.8,15.0,36,2846,0.0,-14.4,15.0,37,-0.268,0,
C-A-1,2,1.13371,-29.608,10.196,1227,0.0,8.0,15.0,36,2846,0.0,-14.4,15.0,37,-0.307,0,
C-A-1,2,1.13471,-29.608,10.196,1227,0.0,8.0,15.0,36,2846,0.0,-14.4,15.0,37,-0.307,0,
C-A-1,2,1.1357,-29.608,10.196,1227,0.0,8.0,15.0,36,2845,-1.01,-16.900000000000002,15.0,37,-0.345,0,
C-A-1,2,1.13672,-29.608,10.196,1227,0.0,8.0,15.0,36,2846,0.0,-14.4,15.0,37,-0.307,0,
C-A-1,2,1.13771,-29.608,10.196,1227,0.0,8.0,15.0,36,2846,0.0,-14.4,15.0,37,-0.307,0,
C-A-1,2,1.1387,-29.608,10.196,1227,0.0,8.0,15.0,36,2846,0.0,-14.4,15.0,37,-0.307,0,
C-A-1,2,1.13972,-29.5696,10.1999,1228,1.01,10.5,15.0,36,2845,-1.01,-16.900000000000002,15.0,37,-0.307,0,
C-A-1,2,1.1407,-29.608,10.196,1227,0.0,8.0,15.0,36,2845,0.0,-15.200000000000001,15.0,37,-0.345,0,
C-A-1,2,1.14172,-29.5696,10.1999,1228,0.0,8.8,15.0,36,2846,0.0,-14.4,15.0,37,-0.268,0,
C-A-1,2,1.1427,-29.5696,10.1999,1228,0.0,8.8,15.0,36,2846,0.0,-14.4,15.0,37,-0.268,0,
C-A-1,2,1.14372,-29.5696,10.1999,1228,0.0,8.8,15.0,36,2846,0.0,-14.4,15.0,37,-0.268,0,
C-A-1,2,1.1447,-29.608,10.196,1227,0.0,8.0,15.0,36,2845,0.0,-15.200000000000001,15.0,37,-0.345,0,
C-A-1,2,1.14572,-29.608,10.196,1227,0.0,8.0,15.0,36,2845,0.0,-15.200000000000001,15.0,37,-0.345,0,
C-A-1,2,1.14672,-29.5696,10.1999,1228,0.0,8.8,15.0,36,2846,0.0,-14.4,15.0,37,-0.268,0,
C-A-1,2,1.14772,-29.5696,10.1999,1228,0.0,8.8,15.0,36,2845,0.0,-15.200000000000001,15.0,37,-0.307,0,
C-A-1,2,1.1487,-29.5696,10.1999,1228,0.0,8.8,15.0,36,2845,0.0,-15.200000000000001,15.0,37,-0.307,0,
C-A-1,2,1.14972,-29.5696,10.1999,1228,0.0,8.8,15.0,36,2845,0.0,-15.200000000000001,15.0,37,-0.307,0,
C-A-1,2,1.15072,-29.5696,10.1999,1228,0.0,8.8,15.0,36,2845,0.0,-15.200000000000001,15.0,37,-0.307,0,
C-A-1,2,1.1517,-29.5696,10.1999,1228,0.0,8.8,15.0,36,2845,0.0,-15.200000000000001,15.0,37,-0.307,0,
C-A-1,2,1.15272,-29.5696,10.1999,1228,0.0,8.8,15.0,36,2845,0.0,-15.200000000000001,15.0,37,-0.307,0,
C-A-1,2,1.1537,-29.5696,10.1999,1228,0.0,8.8,15.0,36,2846,0.0,-14.4,15.0,37,-0.268,0,
C-A-1,2,1.15472,-29.5696,10.1999,1228,0.0,8.8,15.0,36,2845,0.0,-15.200000000000001,15.0,37,-0.307,0,
C-A-1,2,1.15572,-29.608,10.196,1227,0.0,8.0,15.0,36,2845,0.0,-15.200000000000001,15.0,37,-0.345,0,
C-A-1,2,1.15672,-29.608,10.196,1227,0.0,8.0,15.0,36,2845,0.0,-15.200000000000001,15.0,37,-0.345,0,
C-A-1,2,1.15772,-29.608,10.196,1227,0.0,8.0,15.0,36,2845,0.0,-15.200000000000001,14.9,37,-0.345,0,
C-A-1,2,1.15872,-29.608,10.196,1227,0.0,8.0,15.0,36,2845,0.0,-15.200000000000001,14.9,37,-0.345,0,
C-A-1,2,1.1597,-29.5696,10.1999,1228,0.0,8.8,15.0,36,2845,0.0,-15.200000000000001,14.9,37,-0.307,0,
C-A-1,2,1.16072,-29.608,10.196,1227,0.0,8.0,15.0,36,2846,0.0,-14.4,14.9,37,-0.307,0,
C-A-1,2,1.16172,-29.5696,10.1999,1228,0.0,8.8,15.0,36,2845,0.0,-15.200000000000001,14.9,37,-0.307,0,
C-A-1,2,1.1627,-29.5696,10.1999,1228,0.0,8.8,15.0,36,2845,0.0,-15.200000000000001,14.9,37,-0.307,0,
C-A-1,2,1.16372,-29.608,10.196,1227,0.0,8.0,15.0,36,2845,0.0,-15.200000000000001,14.9,37,-0.345,0,
C-A-1,2,1.16472,-29.5696,10.1999,1228,0.0,8.8,15.0,36,2845,0.0,-15.200000000000001,14.9,37,-0.307,0,
C-A-1,2,1.16572,-29.608,10.196,1227,0.0,8.0,15.0,36,2846,0.0,-14.4,14.9,37,-0.307,0,
C-A-1,2,1.1667,-29.5696,10.1999,1228,0.0,8.8,15.0,36,2845,0.0,-15.200000000000001,14.9,37,-0.307,0,
C-A-1,2,1.16772,-29.608,10.196,1227,0.0,8.0,15.0,36,2845,0.0,-15.200000000000001,14.9,37,-0.345,0,
C-A-1,2,1.16872,-29.5696,10.1999,1228,0.0,8.8,15.0,36,2845,0.0,-15.200000000000001,14.9,37,-0.307,0,
C-A-1,2,1.1697,-29.5696,10.1999,1228,0.0,8.8,15.0,36,2845,0.0,-15.200000000000001,14.9,37,-0.307,0,
C-A-1,2,1.17072,-29.608,10.196,1227,0.0,8.0,15.0,36,2845,0.0,-15.200000000000001,14.9,37,-0.345,0,
C-A-1,2,1.17172,-29.5696,10.1999,1228,0.0,8.8,15.0,36,2846,0.0,-14.4,14.9,37,-0.268,0,
C-A-1,2,1.1727,-29.5696,10.1999,1228,0.0,8.8,15.0,36,2845,0.0,-15.200000000000001,14.9,37,-0.307,0,
C-A-1,2,1.17372,-29.5696,10.1999,1228,0.0,8.8,15.0,36,2846,0.0,-14.4,14.9,37,-0.268,0,
C-A-1,2,1.1747,-29.5696,10.1999,1228,0.0,8.8,15.0,36,2846,0.0,-14.4,14.9,37,-0.268,0,
C-A-1,2,1.17572,-29.608,10.196,1227,0.0,8.0,15.0,36,2846,0.0,-14.4,14.9,37,-0.307,0,
C-A-1,2,1.17672,-29.5696,10.1999,1228,0.0,8.8,15.0,36,2845,0.0,-15.200000000000001,14.9,37,-0.307,0,
C-A-1,2,1.17772,-29.608,10.196,1227,0.0,8.0,15.0,36,2845,0.0,-15.200000000000001,14.9,37,-0.345,0,
C-A-1,2,1.17872,-29.608,10.196,1227,0.0,8.0,15.0,36,2846,0.0,-14.4,14.9,37,-0.307,0,
C-A-1,2,1.1797,-29.5696,10.1999,1228,0.0,8.8,15.0,36,2846,0.0,-14.4,14.9,37,-0.268,0,
C-A-1,2,1.1807,-29.608,10.196,1227,0.0,8.0,15.0,36,2846,0.0,-14.4,14.9,37,-0.307,0,
C-A-1,2,1.1817,-29.608,10.196,1227,0.0,8.0,15.0,36,2846,0.0,-14.4,14.9,37,-0.307,0,
C-A-1,2,1.1827,-29.608,10.196,1227,0.0,8.0,15.0,36,2845,0.0,-15.200000000000001,14.9,37,-0.345,0,
C-A-1,2,1.1837,-29.608,10.196,1227,0.0,8.0,15.0,36,2846,0.0,-14.4,14.9,37,-0.307,0,
C-A-1,2,1.1847,-29.5696,10.1999,1228,0.0,8.8,15.0,36,2846,0.0,-14.4,14.9,37,-0.268,0,
C-A-1,2,1.18571,-29.608,10.196,1227,0.0,8.0,15.0,36,2845,0.0,-15.200000000000001,14.9,37,-0.345,0,
C-A-1,2,1.1867,-29.608,10.196,1227,0.0,8.0,15.0,36,2846,0.0,-14.4,14.9,37,-0.307,0,
C-A-1,2,1.1877,-29.608,10.196,1227,0.0,8.0,15.0,36,2846,0.0,-14.4,14.9,37,-0.307,0,
C-A-1,2,1.1887,-29.608,10.196,1227,0.0,8.0,15.0,36,2846,0.0,-14.4,14.9,37,-0.307,0,
C-A-1,2,1.1897,-29.608,10.196,1227,0.0,8.0,15.0,36,2846,0.0,-14.4,14.9,37,-0.307,0,
C-A-1,2,1.1907,-29.608,10.196,1227,0.0,8.0,15.0,36,2846,0.0,-14.4,14.9,37,-0.307,0,
C-A-1,2,1.1917,-29.608,10.196,1227,0.0,8.0,15.0,36,2846,0.0,-14.4,14.9,37,-0.307,0,
C-A-1,2,1.1927,-29.608,10.196,1227,0.0,8.0,15.0,36,2846,0.0,-14.4,14.9,37,-0.307,0,
C-A-1,2,1.1937,-29.608,10.196,1227,0.0,8.0,15.0,36,2846,0.0,-14.4,14.9,37,-0.307,0,
C-A-1,2,1.1947,-29.608,10.196,1227,0.0,8.0,15.0,36,2846,0.0,-14.4,14.9,37,-0.307,0,
C-A-1,2,1.1957,-29.608,10.196,1227,0.0,8.0,15.0,36,2846,0.0,-14.4,14.9,37,-0.307,0,
C-A-1,2,1.1967,-29.608,10.196,1227,0.0,8.0,15.0,36,2846,0.0,-14.4,14.9,37,-0.307,0,
C-A-1,2,1.1977,-29.608,10.196,1227,0.0,8.0,15.0,36,2846,0.0,-14.4,14.9,37,-0.307,0,
C-A-1,2,1.1987,-29.608,10.196,1227,0.0,8.0,15.0,36,2846,0.0,-14.4,14.9,37,-0.307,0,
C-A-1,2,1.1997,-29.608,10.196,1227,0.0,8.0,15.0,36,2846,0.0,-14.4,14.9,37,-0.307,0,
C-A-1,2,1.2007,-29.608,10.196,1227,0.0,8.0,15.0,36,2846,0.0,-14.4,14.9,37,-0.307,0,
C-A-1,2,1.2017,-29.608,10.196,1227,0.0,8.0,15.0,36,2846,0.0,-14.4,14.9,37,-0.307,0,
C-A-1,2,1.2027,-29.6463,10.1921,1226,-1.01,5.5,15.0,36,2846,0.0,-14.4,14.9,37,-0.345,0,
C-A-1,2,1.2037,-29.608,10.196,1227,0.0,8.0,15.0,36,2847,0.0,-13.600000000000001,14.9,37,-0.268,0,
C-A-1,2,1.2047,-29.6463,10.1921,1226,0.0,7.2,15.0,36,2846,0.0,-14.4,14.9,37,-0.345,0,
C-A-1,2,1.2057,-29.608,10.196,1227,0.0,8.0,15.0,36,2847,1.01,-11.9,14.9,37,-0.268,0,
C-A-1,2,1.2067,-29.6463,10.1921,1226,-1.01,5.5,15.0,36,2847,1.01,-11.9,14.9,37,-0.307,0,
C-A-1,2,1.2077,-29.6463,10.1921,1226,0.0,7.2,15.0,36,2847,0.0,-13.600000000000001,14.9,37,-0.307,0,
C-A-1,2,1.2087,-29.6463,10.1921,1226,-1.01,5.5,15.0,36,2847,0.0,-13.600000000000001,14.9,37,-0.307,0,
C-A-1,2,1.2097,-29.6463,10.1921,1226,0.0,7.2,15.0,36,2847,0.0,-13.600000000000001,14.9,37,-0.307,0,
C-A-1,2,1.2107,-29.6463,10.1921,1226,0.0,7.2,15.0,36,2847,1.01,-11.9,14.9,37,-0.307,0,
C-A-1,2,1.2117,-29.6463,10.1921,1226,0.0,7.2,15.0,36,2847,0.0,-13.600000000000001,14.9,37,-0.307,0,
C-A-1,2,1.2127,-29.6463,10.1921,1226,0.0,7.2,15.0,36,2847,1.01,-11.9,14.9,37,-0.307,0,
C-A-1,2,1.2137,-29.6463,10.1921,1226,-1.01,5.5,15.0,36,2847,0.0,-13.600000000000001,14.9,37,-0.307,0,
C-A-1,2,1.2147,-29.6463,10.1921,1226,0.0,7.2,15.0,36,2847,1.01,-11.9,14.9,37,-0.307,0,
C-A-1,2,1.2157,-29.6463,10.1921,1226,0.0,7.2,15.0,36,2847,0.0,-13.600000000000001,14.9,37,-0.307,0,
C-A-1,2,1.2167,-29.6463,10.1921,1226,0.0,7.2,15.0,36,2847,0.0,-13.600000000000001,14.9,37,-0.307,0,
C-A-1,2,1.21771,-29.6463,10.1921,1226,0.0,7.2,15.0,36,2847,0.0,-13.600000000000001,14.9,37,-0.307,0,
C-A-1,2,1.2187,-29.6463,10.1921,1226,0.0,7.2,15.0,36,2847,0.0,-13.600000000000001,14.9,37,-0.307,0,
C-A-1,2,1.2197,-29.6463,10.1921,1226,0.0,7.2,15.0,36,2847,0.0,-13.600000000000001,14.9,37,-0.307,0,
C-A-1,2,1.2207,-29.6463,10.1921,1226,0.0,7.2,15.0,36,2847,0.0,-13.600000000000001,14.9,37,-0.307,0,
C-A-1,2,1.2217,-29.6463,10.1921,1226,0.0,7.2,15.0,36,2847,0.0,-13.600000000000001,14.9,37,-0.307,0,
C-A-1,2,1.22271,-29.6463,10.1921,1226,0.0,7.2,15.0,36,2847,0.0,-13.600000000000001,14.9,37,-0.307,0,
C-A-1,2,1.2237,-29.6463,10.1921,1226,0.0,7.2,15.0,36,2847,0.0,-13.600000000000001,14.9,37,-0.307,0,
C-A-1,2,1.22471,-29.6463,10.1921,1226,0.0,7.2,15.0,36,2848,1.01,-11.100000000000001,14.9,37,-0.268,0,
C-A-1,2,1.2257,-29.6463,10.1921,1226,0.0,7.2,15.0,36,2847,0.0,-13.600000000000001,14.9,37,-0.307,0,
C-A-1,2,1.2267,-29.6463,10.1921,1226,0.0,7.2,15.0,36,2848,1.01,-11.100000000000001,14.9,37,-0.268,0,
C-A-1,2,1.2277,-29.6463,10.1921,1226,0.0,7.2,15.0,36,2847,0.0,-13.600000000000001,14.9,37,-0.307,0,
C-A-1,2,1.2287,-29.6463,10.1921,1226,0.0,7.2,15.0,36,2847,0.0,-13.600000000000001,14.9,37,-0.307,0,
C-A-1,2,1.22971,-29.6463,10.1921,1226,0.0,7.2,15.0,36,2847,0.0,-13.600000000000001,14.9,37,-0.307,0,
C-A-1,2,1.2307,-29.6463,10.1921,1226,0.0,7.2,15.0,36,2847,0.0,-13.600000000000001,14.9,37,-0.307,0,
C-A-1,2,1.2317,-29.6463,10.1921,1226,0.0,7.2,15.0,36,2847,0.0,-13.600000000000001,14.9,37,-0.307,0,
C-A-1,2,1.23271,-29.6463,10.1921,1226,0.0,7.2,15.0,36,2847,0.0,-13.600000000000001,14.9,37,-0.307,0,
C-A-1,2,1.2337,-29.6463,10.1921,1226,0.0,7.2,15.0,36,2848,1.01,-11.100000000000001,14.9,37,-0.268,0,
C-A-1,2,1.2347,-29.6463,10.1921,1226,0.0,7.2,15.0,36,2847,0.0,-13.600000000000001,14.9,37,-0.307,0,
C-A-1,2,1.23571,-29.6463,10.1921,1226,0.0,7.2,15.0,36,2847,0.0,-13.600000000000001,14.9,37,-0.307,0,
C-A-1,2,1.2367,-29.6463,10.1921,1226,0.0,7.2,15.0,36,2848,0.0,-12.8,14.9,37,-0.268,0,
C-A-1,2,1.23771,-29.6463,10.1921,1226,0.0,7.2,15.0,36,2848,0.0,-12.8,14.9,37,-0.268,0,
C-A-1,2,1.2387,-29.6463,10.1921,1226,0.0,7.2,15.0,36,2848,0.0,-12.8,14.9,37,-0.268,0,
C-A-1,2,1.2397,-29.6847,10.1882,1225,0.0,6.4,15.0,36,2847,0.0,-13.600000000000001,14.9,37,-0.345,0,
C-A-1,2,1.24071,-29.6847,10.1882,1225,0.0,6.4,15.0,36,2848,0.0,-12.8,14.9,37,-0.307,0,
C-A-1,2,1.2417,-29.6463,10.1921,1226,0.0,7.2,15.0,36,2848,0.0,-12.8,14.9,37,-0.268,0,
C-A-1,2,1.2427,-29.6463,10.1921,1226,0.0,7.2,15.0,36,2847,0.0,-13.600000000000001,14.9,37,-0.307,0,
C-A-1,2,1.24371,-29.6463,10.1921,1226,0.0,7.2,15.0,36,2847,0.0,-13.600000000000001,14.9,37,-0.307,0,
C-A-1,2,1.2447,-29.6463,10.1921,1226,0.0,7.2,15.0,36,2848,0.0,-12.8,14.9,37,-0.268,0,
C-A-1,2,1.2457,-29.6463,10.1921,1226,0.0,7.2,15.0,36,2848,0.0,-12.8,14.9,37,-0.268,0,
C-A-1,2,1.24671,-29.6463,10.1921,1226,0.0,7.2,15.0,36,2847,0.0,-13.600000000000001,14.9,37,-0.307,0,
C-A-1,2,1.2477,-29.6463,10.1921,1226,0.0,7.2,15.0,36,2847,0.0,-13.600000000000001,14.9,37,-0.307,0,
C-A-1,2,1.2487,-29.6847,10.1882,1225,0.0,6.4,15.0,36,2848,0.0,-12.8,14.9,37,-0.307,0,
C-A-1,2,1.2497,-29.6463,10.1921,1226,0.0,7.2,15.0,36,2848,0.0,-12.8,14.9,37,-0.268,0,
C-A-1,2,1.2507,-29.6463,10.1921,1226,0.0,7.2,15.0,36,2847,0.0,-13.600000000000001,14.9,37,-0.307,0,
C-A-1,2,1.25171,-29.6463,10.1921,1226,0.0,7.2,15.0,36,2847,0.0,-13.600000000000001,14.9,37,-0.307,0,
C-A-1,2,1.2527,-29.6463,10.1921,1226,0.0,7.2,15.0,36,2848,0.0,-12.8,14.9,37,-0.268,0,
C-A-1,2,1.2537,-29.6463,10.1921,1226,0.0,7.2,15.0,36,2848,0.0,-12.8,14.9,37,-0.268,0,
C-A-1,2,1.25471,-29.6463,10.1921,1226,0.0,7.2,15.0,36,2847,0.0,-13.600000000000001,14.9,37,-0.307,0,
C-A-1,2,1.2557,-29.6463,10.1921,1226,0.0,7.2,15.0,36,2847,0.0,-13.600000000000001,14.9,37,-0.307,0,
C-A-1,2,1.25671,-29.6463,10.1921,1226,0.0,7.2,15.0,36,2848,0.0,-12.8,14.9,37,-0.268,0,
C-A-1,2,1.2577,-29.6463,10.1921,1226,0.0,7.2,15.0,36,2847,0.0,-13.600000000000001,14.9,37,-0.307,0,
C-A-1,2,1.25871,-29.6463,10.1921,1226,0.0,7.2,15.0,36,2848,0.0,-12.8,14.9,37,-0.268,0,
C-A-1,2,1.2597,-29.6463,10.1921,1226,0.0,7.2,15.0,36,2848,0.0,-12.8,14.9,37,-0.268,0,
C-A-1,2,1.2607,-29.6463,10.1921,1226,0.0,7.2,15.0,36,2847,0.0,-13.600000000000001,14.9,37,-0.307,0,
C-A-1,2,1.26171,-29.6463,10.1921,1226,0.0,7.2,15.0,36,2847,0.0,-13.600000000000001,14.9,37,-0.307,0,
C-A-1,2,1.26271,-29.6463,10.1921,1226,0.0,7.2,15.0,36,2847,0.0,-13.600000000000001,14.9,37,-0.307,0,
C-A-1,2,1.26371,-29.6463,10.1921,1226,0.0,7.2,15.0,36,2848,0.0,-12.8,14.9,37,-0.268,0,
C-A-1,2,1.26471,-29.6463,10.1921,1226,0.0,7.2,15.0,36,2848,0.0,-12.8,14.9,37,-0.268,0,
C-A-1,2,1.26571,-29.6463,10.1921,1226,0.0,7.2,15.0,36,2848,0.0,-12.8,14.9,37,-0.268,0,
C-A-1,2,1.2667,-29.6463,10.1921,1226,0.0,7.2,15.0,36,2847,0.0,-13.600000000000001,14.9,37,-0.307,0,
C-A-1,2,1.26771,-29.6463,10.1921,1226,0.0,7.2,15.0,36,2847,0.0,-13.600000000000001,14.9,37,-0.307,0,
C-A-1,2,1.26871,-29.6463,10.1921,1226,0.0,7.2,15.0,36,2847,0.0,-13.600000000000001,14.9,37,-0.307,0,
C-A-1,2,1.2697,-29.6463,10.1921,1226,0.0,7.2,15.0,36,2847,0.0,-13.600000000000001,14.9,37,-0.307,0,
C-A-1,2,1.27071,-29.6463,10.1921,1226,0.0,7.2,15.0,36,2847,0.0,-13.600000000000001,14.9,37,-0.307,0,
C-A-1,2,1.27171,-29.6463,10.1921,1226,0.0,7.2,15.0,36,2847,0.0,-13.600000000000001,14.9,37,-0.307,0,
C-A-1,2,1.27271,-29.6463,10.1921,1226,0.0,7.2,14.9,36,2847,0.0,-13.600000000000001,14.9,37,-0.307,0,
C-A-1,2,1.27371,-29.6463,10.1921,1226,0.0,7.2,14.9,36,2847,0.0,-13.600000000000001,14.8,37,-0.307,0,
C-A-1,2,1.27471,-29.6463,10.1921,1226,0.0,7.2,14.9,36,2847,0.0,-13.600000000000001,14.8,37,-0.307,0,
C-A-1,2,1.2757,-29.6463,10.1921,1226,0.0,7.2,14.9,36,2847,0.0,-13.600000000000001,14.8,37,-0.307,0,
C-A-1,2,1.2767,-29.6463,10.1921,1226,0.0,7.2,14.9,36,2847,0.0,-13.600000000000001,14.8,37,-0.307,0,
C-A-1,2,1.27771,-29.6463,10.1921,1226,0.0,7.2,14.9,36,2847,0.0,-13.600000000000001,14.8,37,-0.307,0,
C-A-1,2,1.27871,-29.6463,10.1921,1226,0.0,7.2,14.9,36,2847,0.0,-13.600000000000001,14.8,37,-0.307,0,
C-A-1,2,1.27971,-29.6463,10.1921,1226,0.0,7.2,14.9,36,2847,0.0,-13.600000000000001,14.8,37,-0.307,0,
C-A-1,2,1.28071,-29.6463,10.1921,1226,0.0,7.2,14.9,36,2847,0.0,-13.600000000000001,14.8,37,-0.307,0,
C-A-1,2,1.28171,-29.6463,10.1921,1226,0.0,7.2,14.9,36,2847,0.0,-13.600000000000001,14.8,37,-0.307,0,
C-A-1,2,1.2827,-29.6463,10.1921,1226,0.0,7.2,14.9,36,2847,0.0,-13.600000000000001,14.8,37,-0.307,0,
C-A-1,2,1.28371,-29.6463,10.1921,1226,0.0,7.2,14.9,36,2847,0.0,-13.600000000000001,14.8,37,-0.307,0,
C-A-1,2,1.28471,-29.6463,10.1921,1226,0.0,7.2,14.9,36,2847,0.0,-13.600000000000001,14.8,37,-0.307,0,
C-A-1,2,1.28571,-29.6463,10.1921,1226,0.0,7.2,14.9,36,2847,0.0,-13.600000000000001,14.8,37,-0.307,0,
C-A-1,2,1.28671,-29.608,10.196,1227,0.0,8.0,14.9,36,2847,0.0,-13.600000000000001,14.8,37,-0.268,0,
C-A-1,2,1.28771,-29.608,10.196,1227,0.0,8.0,14.9,36,2847,0.0,-13.600000000000001,14.8,37,-0.268,0,
C-A-1,2,1.28871,-29.6463,10.1921,1226,0.0,7.2,14.9,36,2846,-1.01,-16.1,14.8,37,-0.345,0,
C-A-1,2,1.28971,-29.608,10.196,1227,0.0,8.0,14.9,36,2847,0.0,-13.600000000000001,14.8,37,-0.268,0,
C-A-1,2,1.29071,-29.608,10.196,1227,0.0,8.0,14.9,36,2847,0.0,-13.600000000000001,14.8,37,-0.268,0,
C-A-1,2,1.29171,-29.608,10.196,1227,0.0,8.0,14.9,36,2846,0.0,-14.4,14.8,37,-0.307,0,
C-A-1,2,1.29271,-29.6463,10.1921,1226,0.0,7.2,14.9,36,2847,0.0,-13.600000000000001,14.8,37,-0.307,0,
C-A-1,2,1.29371,-29.608,10.196,1227,0.0,8.0,14.9,36,2846,-1.01,-16.1,14.8,37,-0.307,0,
C-A-1,2,1.29471,-29.608,10.196,1227,0.0,8.0,14.9,36,2846,-1.01,-16.1,14.8,37,-0.307,0,
C-A-1,2,1.29571,-29.608,10.196,1227,0.0,8.0,14.9,36,2846,0.0,-14.4,14.8,37,-0.307,0,
C-A-1,2,1.29671,-29.6463,10.1921,1226,0.0,7.2,14.9,36,2846,0.0,-14.4,14.8,37,-0.345,0,
C-A-1,2,1.29771,-29.608,10.196,1227,0.0,8.0,14.9,36,2846,0.0,-14.4,14.8,37,-0.307,0,
C-A-1,2,1.29871,-29.608,10.196,1227,0.0,8.0,14.9,36,2846,0.0,-14.4,14.8,37,-0.307,0,
C-A-1,2,1.29971,-29.6463,10.1921,1226,0.0,7.2,14.9,36,2846,0.0,-14.4,14.8,37,-0.345,0,
C-A-1,2,1.30071,-29.608,10.196,1227,0.0,8.0,14.9,36,2846,0.0,-14.4,14.8,37,-0.307,0,
C-A-1,2,1.30171,-29.608,10.196,1227,0.0,8.0,14.9,36,2846,0.0,-14.4,14.8,37,-0.307,0,
C-A-1,2,1.30271,-29.608,10.196,1227,0.0,8.0,14.9,36,2846,0.0,-14.4,14.8,37,-0.307,0,
C-A-1,2,1.30371,-29.608,10.196,1227,0.0,8.0,14.9,36,2846,0.0,-14.4,14.8,37,-0.307,0,
C-A-1,2,1.30471,-29.608,10.196,1227,0.0,8.0,14.9,36,2846,0.0,-14.4,14.8,37,-0.307,0,
C-A-1,2,1.30571,-29.608,10.196,1227,0.0,8.0,14.9,36,2846,0.0,-14.4,14.8,37,-0.307,0,
C-A-1,2,1.30671,-29.608,10.196,1227,0.0,8.0,14.9,36,2846,0.0,-14.4,14.8,37,-0.307,0,
C-A-1,2,1.30771,-29.608,10.196,1227,0.0,8.0,14.9,36,2846,0.0,-14.4,14.8,37,-0.307,0,
C-A-1,2,1.30871,-29.608,10.196,1227,0.0,8.0,14.9,36,2846,0.0,-14.4,14.8,37,-0.307,0,
C-A-1,2,1.30971,-29.5696,10.1999,1228,1.01,10.5,14.9,36,2846,0.0,-14.4,14.8,37,-0.268,0,
C-A-1,2,1.31071,-29.608,10.196,1227,0.0,8.0,14.9,36,2846,0.0,-14.4,14.8,37,-0.307,0,
C-A-1,2,1.31171,-29.608,10.196,1227,0.0,8.0,14.9,36,2846,0.0,-14.4,14.8,37,-0.307,0,
C-A-1,2,1.31271,-29.608,10.196,1227,0.0,8.0,14.9,36,2846,0.0,-14.4,14.8,37,-0.307,0,
C-A-1,2,1.31371,-29.608,10.196,1227,0.0,8.0,14.9,36,2846,0.0,-14.4,14.8,37,-0.307,0,
C-A-1,2,1.31471,-29.608,10.196,1227,0.0,8.0,14.9,36,2846,0.0,-14.4,14.8,37,-0.307,0,
C-A-1,2,1.31571,-29.608,10.196,1227,0.0,8.0,14.9,36,2846,0.0,-14.4,14.8,37,-0.307,0,
C-A-1,2,1.31671,-29.608,10.196,1227,0.0,8.0,14.9,36,2846,0.0,-14.4,14.8,37,-0.307,0,
C-A-1,2,1.31771,-29.608,10.196,1227,0.0,8.0,14.9,36,2846,0.0,-14.4,14.8,37,-0.307,0,
C-A-1,2,1.31871,-29.608,10.196,1227,0.0,8.0,14.9,36,2846,0.0,-14.4,14.8,37,-0.307,0,
C-A-1,2,1.31971,-29.608,10.196,1227,0.0,8.0,14.9,36,2846,0.0,-14.4,14.8,37,-0.307,0,
C-A-1,2,1.32071,-29.5696,10.1999,1228,0.0,8.8,14.9,36,2846,0.0,-14.4,14.8,37,-0.268,0,
C-A-1,2,1.32171,-29.608,10.196,1227,0.0,8.0,14.9,36,2846,0.0,-14.4,14.8,37,-0.307,0,
C-A-1,2,1.32271,-29.608,10.196,1227,0.0,8.0,14.9,36,2845,0.0,-15.200000000000001,14.8,37,-0.345,0,
C-A-1,2,1.32371,-29.608,10.196,1227,0.0,8.0,14.9,36,2845,0.0,-15.200000000000001,14.8,37,-0.345,0,
C-A-1,2,1.32471,-29.608,10.196,1227,0.0,8.0,14.9,36,2846,0.0,-14.4,14.8,37,-0.307,0,
C-A-1,2,1.32571,-29.608,10.196,1227,0.0,8.0,14.9,36,2846,0.0,-14.4,14.8,37,-0.307,0,
C-A-1,2,1.32671,-29.608,10.196,1227,0.0,8.0,14.9,36,2845,0.0,-15.200000000000001,14.8,37,-0.345,0,
C-A-1,2,1.32771,-29.608,10.196,1227,0.0,8.0,14.9,36,2846,0.0,-14.4,14.8,37,-0.307,0,
C-A-1,2,1.32871,-29.608,10.196,1227,0.0,8.0,14.9,36,2845,0.0,-15.200000000000001,14.8,37,-0.345,0,
C-A-1,2,1.32971,-29.608,10.196,1227,0.0,8.0,14.9,36,2846,0.0,-14.4,14.8,37,-0.307,0,
C-A-1,2,1.33071,-29.608,10.196,1227,0.0,8.0,14.9,36,2846,0.0,-14.4,14.8,37,-0.307,0,
C-A-1,2,1.33171,-29.608,10.196,1227,0.0,8.0,14.9,36,2846,0.0,-15.200000000000001,14.8,37,-0.307,0,
C-A-1,2,1.33271,-29.608,10.196,1227,0.0,8.0,14.9,36,2845,0.0,-15.200000000000001,14.8,37,-0.345,0,
C-A-1,2,1.33371,-29.608,10.196,1227,0.0,8.0,14.9,36,2845,0.0,-14.4,14.8,37,-0.345,0,
C-A-1,2,1.33472,-29.608,10.196,1227,0.0,8.0,14.9,36,2846,0.0,-14.4,14.8,37,-0.307,0,
C-A-1,2,1.33572,-29.608,10.196,1227,0.0,8.0,14.9,36,2846,0.0,-14.4,14.8,37,-0.307,0,
C-A-1,2,1.33671,-29.608,10.196,1227,0.0,8.0,14.9,36,2846,0.0,-14.4,14.8,37,-0.307,0,
C-A-1,2,1.33771,-29.5696,10.1999,1228,0.0,8.8,14.9,36,2845,0.0,-15.200000000000001,14.8,37,-0.307,0,
C-A-1,2,1.33871,-29.608,10.196,1227,0.0,8.0,14.9,36,2846,0.0,-14.4,14.8,37,-0.307,0,
C-A-1,2,1.33971,-29.608,10.196,1227,0.0,8.0,14.9,36,2846,0.0,-14.4,14.8,37,-0.307,0,
C-A-1,2,1.34071,-29.608,10.196,1227,0.0,8.0,14.9,36,2846,0.0,-14.4,14.8,37,-0.307,0,
C-A-1,2,1.34171,-29.608,10.196,1227,0.0,8.0,14.9,36,2846,0.0,-14.4,14.8,37,-0.307,0,
C-A-1,2,1.34272,-29.5696,10.1999,1228,0.0,8.8,14.9,36,2846,0.0,-14.4,14.8,37,-0.268,0,
C-A-1,2,1.34371,-29.5696,10.1999,1228,0.0,8.8,14.9,36,2846,0.0,-14.4,14.8,37,-0.268,0,
C-A-1,2,1.34471,-29.5696,10.1999,1228,0.0,8.8,14.9,36,2846,0.0,-14.4,14.8,37,-0.268,0,
C-A-1,2,1.34571,-29.5696,10.1999,1228,0.0,8.8,14.9,36,2846,0.0,-14.4,14.8,37,-0.268,0,
C-A-1,2,1.34671,-29.608,10.196,1227,0.0,8.0,14.9,36,2846,0.0,-14.4,14.8,37,-0.307,0,
C-A-1,2,1.34771,-29.608,10.196,1227,0.0,8.0,14.9,36,2846,0.0,-14.4,14.8,37,-0.307,0,
C-A-1,2,1.34871,-29.608,10.196,1227,0.0,8.0,14.9,36,2846,0.0,-14.4,14.8,37,-0.307,0,
C-A-1,2,1.34971,-29.608,10.196,1227,0.0,8.0,14.9,36,2846,0.0,-14.4,14.8,37,-0.307,0,
C-A-1,2,1.35071,-29.608,10.196,1227,0.0,8.0,14.9,36,2846,0.0,-14.4,14.8,37,-0.307,0,
C-A-1,2,1.35171,-29.5696,10.1999,1228,0.0,8.8,14.9,36,2846,0.0,-14.4,14.8,37,-0.268,0,
C-A-1,2,1.35271,-29.608,10.196,1227,0.0,8.0,14.9,36,2846,0.0,-14.4,14.8,37,-0.307,0,
C-A-1,2,1.35372,-29.608,10.196,1227,0.0,8.0,14.9,36,2845,0.0,-15.200000000000001,14.8,37,-0.345,0,
C-A-1,2,1.35471,-29.5696,10.1999,1228,0.0,8.8,14.9,36,2846,0.0,-14.4,14.8,37,-0.268,0,
C-A-1,2,1.35572,-29.608,10.196,1227,0.0,8.0,14.9,36,2846,0.0,-14.4,14.8,37,-0.307,0,
C-A-1,2,1.35671,-29.608,10.196,1227,0.0,8.0,14.9,36,2846,0.0,-14.4,14.8,37,-0.307,0,
C-A-1,2,1.35772,-29.608,10.196,1227,0.0,8.0,14.9,36,2846,0.0,-14.4,14.8,37,-0.307,0,
C-A-1,2,1.35871,-29.608,10.196,1227,0.0,8.0,14.9,36,2846,0.0,-14.4,14.8,37,-0.307,0,
C-A-1,2,1.35972,-29.608,10.196,1227,0.0,8.0,14.9,36,2846,0.0,-14.4,14.8,37,-0.307,0,
C-A-1,2,1.36071,-29.608,10.196,1227,0.0,8.0,14.9,36,2846,0.0,-14.4,14.8,37,-0.307,0,
C-A-1,2,1.36172,-29.608,10.196,1227,0.0,8.0,14.9,36,2846,0.0,-14.4,14.8,37,-0.307,0,
C-A-1,2,1.36271,-29.608,10.196,1227,0.0,8.0,14.9,36,2846,0.0,-14.4,14.8,37,-0.307,0,
C-A-1,2,1.36371,-29.608,10.196,1227,0.0,8.0,14.9,36,2846,0.0,-14.4,14.8,37,-0.307,0,
C-A-1,2,1.36471,-29.608,10.196,1227,0.0,8.0,14.9,36,2846,0.0,-14.4,14.8,37,-0.307,0,
C-A-1,2,1.36572,-29.608,10.196,1227,0.0,8.0,14.9,36,2846,0.0,-14.4,14.8,37,-0.307,0,
C-A-1,2,1.36671,-29.608,10.196,1227,0.0,8.0,14.9,36,2846,0.0,-14.4,14.8,37,-0.307,0,
C-A-1,2,1.36771,-29.608,10.196,1227,0.0,8.0,14.9,36,2846,0.0,-14.4,14.8,37,-0.307,0,
C-A-1,2,1.36872,-29.608,10.196,1227,0.0,8.0,14.9,36,2846,0.0,-14.4,14.8,37,-0.307,0,
C-A-1,2,1.36971,-29.608,10.196,1227,0.0,8.0,14.9,36,2846,0.0,-14.4,14.8,37,-0.307,0,
C-A-1,2,1.37071,-29.608,10.196,1227,0.0,8.0,14.9,36,2846,0.0,-14.4,14.8,37,-0.307,0,
C-A-1,2,1.37172,-29.608,10.196,1227,0.0,8.0,14.9,36,2846,0.0,-14.4,14.8,37,-0.307,0,
C-A-1,2,1.37271,-29.608,10.196,1227,0.0,8.0,14.9,36,2846,0.0,-14.4,14.8,37,-0.307,0,
C-A-1,2,1.37371,-29.608,10.196,1227,0.0,8.0,14.9,36,2846,0.0,-14.4,14.8,37,-0.307,0,
C-A-1,2,1.37472,-29.608,10.196,1227,0.0,8.0,14.9,36,2846,0.0,-14.4,14.8,37,-0.307,0,
C-A-1,2,1.37571,-29.608,10.196,1227,0.0,8.0,14.9,36,2846,0.0,-14.4,14.8,37,-0.307,0,
C-A-1,2,1.37671,-29.608,10.196,1227,0.0,8.0,14.9,36,2846,0.0,-14.4,14.8,37,-0.307,0,
C-A-1,2,1.37772,-29.608,10.196,1227,0.0,8.0,14.9,36,2846,0.0,-14.4,14.8,37,-0.307,0,
C-A-1,2,1.37871,-29.608,10.196,1227,0.0,8.0,14.9,36,2846,0.0,-14.4,14.8,37,-0.307,0,
C-A-1,2,1.37971,-29.6463,10.1921,1226,0.0,7.2,14.9,36,2846,0.0,-14.4,14.8,37,-0.345,0,
C-A-1,2,1.38072,-29.6463,10.1921,1226,-1.01,5.5,14.9,36,2846,0.0,-14.4,14.8,37,-0.345,0,
C-A-1,2,1.38171,-29.608,10.196,1227,0.0,8.0,14.9,36,2846,0.0,-14.4,14.8,37,-0.307,0,
C-A-1,2,1.38272,-29.608,10.196,1227,0.0,8.0,14.9,36,2847,1.01,-11.9,14.8,37,-0.268,0,
C-A-1,2,1.38371,-29.608,10.196,1227,0.0,8.0,14.9,36,2846,0.0,-14.4,14.8,37,-0.307,0,
C-A-1,2,1.38472,-29.608,10.196,1227,0.0,8.0,14.9,36,2847,0.0,-13.600000000000001,14.8,37,-0.268,0,
C-A-1,2,1.38572,-29.6463,10.1921,1226,0.0,7.2,14.9,36,2847,0.0,-13.600000000000001,14.8,37,-0.307,0,
C-A-1,2,1.38671,-29.6463,10.1921,1226,0.0,7.2,14.9,36,2847,0.0,-13.600000000000001,14.8,37,-0.307,0,
C-A-1,2,1.38772,-29.6463,10.1921,1226,0.0,7.2,14.9,36,2847,0.0,-13.600000000000001,14.8,37,-0.307,0,
C-A-1,2,1.38871,-29.608,10.196,1227,0.0,8.0,14.9,36,2847,0.0,-13.600000000000001,14.8,37,-0.268,0,
C-A-1,2,1.38971,-29.6463,10.1921,1226,0.0,7.2,15.1,36,2847,0.0,-13.600000000000001,14.8,37,-0.307,0,
C-A-1,2,1.39072,-29.6463,10.1921,1226,0.0,7.2,15.1,36,2847,0.0,-13.600000000000001,13.8,37,-0.307,0,
C-A-1,2,1.39171,-29.608,10.196,1227,0.0,8.0,15.1,36,2847,0.0,-13.600000000000001,13.8,37,-0.268,0,
C-A-1,2,1.39272,-29.6463,10.1921,1226,0.0,7.2,15.1,36,2847,0.0,-13.600000000000001,13.8,37,-0.307,0,
C-A-1,2,1.39372,-29.6463,10.1921,1226,0.0,7.2,15.1,36,2847,0.0,-13.600000000000001,13.8,37,-0.307,0,
C-A-1,2,1.39472,-29.608,10.196,1227,0.0,8.0,15.1,36,2847,0.0,-13.600000000000001,13.8,37,-0.268,0,
C-A-1,2,1.39572,-29.6463,10.1921,1226,0.0,7.2,15.1,36,2846,0.0,-14.4,13.8,37,-0.345,0,
C-A-1,2,1.3967,-29.6463,10.1921,1226,0.0,7.2,15.1,36,2847,0.0,-13.600000000000001,13.8,37,-0.307,0,
C-A-1,2,1.39772,-29.6463,10.1921,1226,0.0,7.2,15.1,36,2847,0.0,-13.600000000000001,13.8,37,-0.307,0,
C-A-1,2,1.39872,-29.6463,10.1921,1226,0.0,7.2,15.1,36,2847,0.0,-13.600000000000001,13.8,37,-0.307,0,
C-A-1,2,1.39972,-29.6463,10.1921,1226,0.0,7.2,15.1,36,2847,0.0,-13.600000000000001,13.8,37,-0.307,0,
C-A-1,2,1.40071,-29.6463,10.1921,1226,0.0,7.2,15.1,36,2847,0.0,-13.600000000000001,13.8,37,-0.307,0,
C-A-1,2,1.40172,-29.6463,10.1921,1226,0.0,7.2,15.1,36,2847,0.0,-13.600000000000001,13.8,37,-0.307,0,
C-A-1,2,1.40272,-29.6463,10.1921,1226,0.0,7.2,15.1,36,2847,0.0,-13.600000000000001,13.8,37,-0.307,0,
C-A-1,2,1.40372,-29.6463,10.1921,1226,0.0,7.2,15.1,36,2847,0.0,-13.600000000000001,13.8,37,-0.307,0,
C-A-1,2,1.40472,-29.6463,10.1921,1226,0.0,7.2,15.1,36,2847,0.0,-13.600000000000001,13.8,37,-0.307,0,
C-A-1,2,1.40572,-29.6463,10.1921,1226,0.0,7.2,15.1,36,2847,0.0,-13.600000000000001,13.8,37,-0.307,0,
C-A-1,2,1.40671,-29.6463,10.1921,1226,0.0,7.2,15.1,36,2847,0.0,-13.600000000000001,13.8,37,-0.307,0,
C-A-1,2,1.40772,-29.6463,10.1921,1226,0.0,7.2,15.1,36,2847,0.0,-13.600000000000001,13.8,37,-0.307,0,
C-A-1,2,1.40871,-29.6463,10.1921,1226,0.0,7.2,15.1,36,2847,0.0,-13.600000000000001,13.8,37,-0.307,0,
C-A-1,2,1.40972,-29.6463,10.1921,1226,0.0,7.2,15.1,36,2847,0.0,-13.600000000000001,13.8,37,-0.307,0,
C-A-1,2,1.41071,-29.6463,10.1921,1226,0.0,7.2,15.1,36,2847,0.0,-13.600000000000001,13.8,37,-0.307,0,
C-A-1,2,1.4117,-29.6463,10.1921,1226,0.0,7.2,15.1,36,2847,0.0,-13.600000000000001,13.8,37,-0.307,0,
C-A-1,2,1.41271,-29.6463,10.1921,1226,0.0,7.2,15.1,36,2847,0.0,-13.600000000000001,13.8,37,-0.307,0,
C-A-1,2,1.4137,-29.6463,10.1921,1226,0.0,7.2,15.1,36,2847,0.0,-13.600000000000001,13.8,37,-0.307,0,
C-A-1,2,1.41471,-29.6463,10.1921,1226,0.0,7.2,15.1,36,2847,0.0,-13.600000000000001,13.8,37,-0.307,0,
C-A-1,2,1.4157,-29.6463,10.1921,1226,0.0,7.2,15.1,36,2847,0.0,-13.600000000000001,13.8,37,-0.307,0,
C-A-1,2,1.41672,-29.6463,10.1921,1226,0.0,7.2,15.1,36,2847,0.0,-13.600000000000001,13.8,37,-0.307,0,
C-A-1,2,1.4177,-29.6463,10.1921,1226,0.0,7.2,15.1,36,2847,0.0,-13.600000000000001,13.8,37,-0.307,0,
C-A-1,2,1.41871,-29.6463,10.1921,1226,0.0,7.2,15.1,36,2847,0.0,-13.600000000000001,13.8,37,-0.307,0,
C-A-1,2,1.4197,-29.6463,10.1921,1226,0.0,7.2,15.1,36,2847,0.0,-13.600000000000001,13.8,37,-0.307,0,
C-A-1,2,1.42072,-29.6463,10.1921,1226,0.0,7.2,15.1,36,2847,0.0,-13.600000000000001,13.8,37,-0.307,0,
C-A-1,2,1.42172,-29.6463,10.1921,1226,0.0,7.2,15.1,36,2847,0.0,-13.600000000000001,13.8,37,-0.307,0,
C-A-1,2,1.42272,-29.6463,10.1921,1226,0.0,7.2,15.1,36,2847,0.0,-13.600000000000001,13.8,37,-0.307,0,
C-A-1,2,1.42372,-29.6463,10.1921,1226,0.0,7.2,15.1,36,2847,0.0,-13.600000000000001,13.8,37,-0.307,0,
C-A-1,2,1.4247,-29.6463,10.1921,1226,0.0,7.2,15.1,36,2847,0.0,-13.600000000000001,13.8,37,-0.307,0,
C-A-1,2,1.42572,-29.6463,10.1921,1226,0.0,7.2,15.1,36,2847,0.0,-13.600000000000001,13.8,37,-0.307,0,
C-A-1,2,1.42672,-29.6463,10.1921,1226,0.0,7.2,15.1,36,2847,0.0,-13.600000000000001,13.8,37,-0.307,0,
C-A-1,2,1.4277,-29.6463,10.1921,1226,0.0,7.2,15.1,36,2847,0.0,-13.600000000000001,13.8,37,-0.307,0,
C-A-1,2,1.42872,-29.6463,10.1921,1226,0.0,7.2,15.1,36,2847,0.0,-13.600000000000001,13.8,37,-0.307,0,
C-A-1,2,1.42972,-29.6463,10.1921,1226,0.0,7.2,15.1,36,2847,0.0,-13.600000000000001,13.8,37,-0.307,0,
C-A-1,2,1.43072,-29.6463,10.1921,1226,0.0,7.2,15.1,36,2847,0.0,-13.600000000000001,13.8,37,-0.307,0,
C-A-1,2,1.4317,-29.6463,10.1921,1226,0.0,7.2,15.1,36,2847,0.0,-13.600000000000001,13.8,37,-0.307,0,
C-A-1,2,1.43272,-29.6463,10.1921,1226,0.0,7.2,15.1,36,2847,0.0,-13.600000000000001,13.8,37,-0.307,0,
C-A-1,2,1.43372,-29.6463,10.1921,1226,0.0,7.2,15.1,36,2847,0.0,-13.600000000000001,13.8,37,-0.307,0,
C-A-1,2,1.4347,-29.6463,10.1921,1226,0.0,7.2,15.1,36,2847,0.0,-13.600000000000001,13.8,37,-0.307,0,
C-A-1,2,1.43572,-29.6463,10.1921,1226,0.0,7.2,15.1,36,2847,0.0,-13.600000000000001,13.8,37,-0.307,0,
C-A-1,2,1.43672,-29.6463,10.1921,1226,0.0,7.2,15.1,36,2847,0.0,-13.600000000000001,13.8,37,-0.307,0,
C-A-1,2,1.4377,-29.6463,10.1921,1226,0.0,7.2,15.1,36,2847,0.0,-13.600000000000001,13.8,37,-0.307,0,
C-A-1,2,1.43872,-29.6463,10.1921,1226,0.0,7.2,15.1,36,2847,0.0,-13.600000000000001,13.8,37,-0.307,0,
C-A-1,2,1.43972,-29.6463,10.1921,1226,0.0,7.2,15.1,36,2847,0.0,-13.600000000000001,13.8,37,-0.307,0,
C-A-1,2,1.44072,-29.6463,10.1921,1226,0.0,7.2,15.1,36,2847,0.0,-13.600000000000001,13.8,37,-0.307,0,
C-A-1,2,1.4417,-29.6463,10.1921,1226,0.0,7.2,15.1,36,2847,0.0,-13.600000000000001,13.8,37,-0.307,0,
C-A-1,2,1.44272,-29.6463,10.1921,1226,0.0,7.2,15.1,36,2847,0.0,-13.600000000000001,13.8,37,-0.307,0,
C-A-1,2,1.4437,-29.6463,10.1921,1226,0.0,7.2,15.1,36,2847,0.0,-13.600000000000001,13.8,37,-0.307,0,
C-A-1,2,1.44472,-29.6463,10.1921,1226,0.0,7.2,15.1,36,2847,0.0,-13.600000000000001,13.8,37,-0.307,0,
C-A-1,2,1.44572,-29.6463,10.1921,1226,0.0,7.2,15.1,36,2847,0.0,-13.600000000000001,13.8,37,-0.307,0,
C-A-1,2,1.4467,-29.6463,10.1921,1226,0.0,7.2,15.1,36,2847,0.0,-13.600000000000001,13.8,37,-0.307,0,
C-A-1,2,1.44772,-29.6463,10.1921,1226,0.0,7.2,15.1,36,2847,0.0,-13.600000000000001,13.8,37,-0.307,0,
C-A-1,2,1.44872,-29.6463,10.1921,1226,0.0,7.2,15.1,36,2847,0.0,-13.600000000000001,13.8,37,-0.307,0,
C-A-1,2,1.4497,-29.6463,10.1921,1226,0.0,7.2,15.1,36,2847,0.0,-13.600000000000001,13.8,37,-0.307,0,
C-A-1,2,1.45072,-29.6463,10.1921,1226,0.0,7.2,15.1,36,2847,0.0,-13.600000000000001,13.8,37,-0.307,0,
C-A-1,2,1.45172,-29.6463,10.1921,1226,0.0,7.2,15.1,36,2847,0.0,-13.600000000000001,13.8,37,-0.307,0,
C-A-1,2,1.45272,-29.6463,10.1921,1226,0.0,7.2,15.1,36,2847,0.0,-13.600000000000001,13.8,37,-0.307,0,
C-A-1,2,1.45372,-29.6463,10.1921,1226,0.0,7.2,15.1,36,2847,0.0,-13.600000000000001,13.8,37,-0.307,0,
C-A-1,2,1.45472,-29.6463,10.1921,1226,0.0,7.2,15.1,36,2847,0.0,-13.600000000000001,13.8,37,-0.307,0,
C-A-1,2,1.4557,-29.6463,10.1921,1226,0.0,7.2,15.1,36,2847,0.0,-13.600000000000001,13.8,37,-0.307,0,
C-A-1,2,1.45672,-29.6463,10.1921,1226,0.0,7.2,15.1,36,2847,0.0,-13.600000000000001,13.8,37,-0.307,0,
C-A-1,2,1.45772,-29.608,10.196,1227,0.0,8.0,15.1,36,2846,0.0,-14.4,13.8,37,-0.307,0,
C-A-1,2,1.4587,-29.608,10.196,1227,0.0,8.0,15.1,36,2847,0.0,-13.600000000000001,13.8,37,-0.268,0,
C-A-1,2,1.45972,-29.6463,10.1921,1226,0.0,7.2,15.1,36,2847,0.0,-13.600000000000001,13.8,37,-0.307,0,
C-A-1,2,1.4607,-29.6463,10.1921,1226,0.0,7.2,15.1,36,2847,0.0,-13.600000000000001,13.8,37,-0.307,0,
C-A-1,2,1.46172,-29.6463,10.1921,1226,0.0,7.2,15.1,36,2846,0.0,-14.4,13.8,37,-0.345,0,
C-A-1,2,1.46272,-29.6463,10.1921,1226,0.0,7.2,15.1,36,2846,0.0,-14.4,13.8,37,-0.345,0,
C-A-1,2,1.4637,-29.608,10.196,1227,0.0,8.0,15.1,36,2846,0.0,-14.4,13.8,37,-0.307,0,
C-A-1,2,1.46472,-29.6463,10.1921,1226,0.0,7.2,15.1,36,2846,0.0,-13.600000000000001,13.8,37,-0.345,0,
C-A-1,2,1.46572,-29.608,10.196,1227,0.0,8.0,15.1,36,2847,0.0,-13.600000000000001,13.8,37,-0.268,0,
C-A-1,2,1.4667,-29.608,10.196,1227,0.0,8.0,15.1,36,2847,0.0,-13.600000000000001,13.8,37,-0.268,0,
C-A-1,2,1.4677,-29.6463,10.1921,1226,0.0,7.2,15.1,36,2847,0.0,-14.4,13.8,37,-0.307,0,
C-A-1,2,1.4687,-29.6463,10.1921,1226,0.0,7.2,15.1,36,2846,0.0,-14.4,13.8,37,-0.345,0,
C-A-1,2,1.4697,-29.6463,10.1921,1226,0.0,7.2,15.1,36,2846,0.0,-14.4,13.8,37,-0.345,0,
C-A-1,2,1.47072,-29.608,10.196,1227,0.0,8.0,15.1,36,2847,0.0,-13.600000000000001,13.8,37,-0.268,0,
C-A-1,2,1.4717,-29.608,10.196,1227,0.0,8.0,15.1,36,2846,0.0,-14.4,13.8,37,-0.307,0,
C-A-1,2,1.4727,-29.608,10.196,1227,0.0,8.0,15.1,36,2846,0.0,-14.4,13.8,37,-0.307,0,
C-A-1,2,1.4737,-29.608,10.196,1227,0.0,8.0,15.1,36,2846,0.0,-14.4,13.8,37,-0.307,0,
C-A-1,2,1.4747,-29.6463,10.1921,1226,0.0,7.2,15.1,36,2846,0.0,-14.4,13.8,37,-0.345,0,
C-A-1,2,1.4757,-29.608,10.196,1227,0.0,8.0,15.1,36,2846,0.0,-14.4,13.8,37,-0.307,0,
C-A-1,2,1.4767,-29.608,10.196,1227,0.0,8.0,15.1,36,2846,0.0,-14.4,13.8,37,-0.307,0,
C-A-1,2,1.4777,-29.608,10.196,1227,0.0,8.0,15.1,36,2846,0.0,-14.4,13.8,37,-0.307,0,
C-A-1,2,1.4787,-29.608,10.196,1227,0.0,8.0,15.1,36,2846,0.0,-14.4,13.8,37,-0.307,0,
C-A-1,2,1.4797,-29.608,10.196,1227,0.0,8.0,15.1,36,2846,0.0,-14.4,13.8,37,-0.307,0,
C-A-1,2,1.4807,-29.608,10.196,1227,0.0,8.0,15.1,36,2846,0.0,-14.4,13.8,37,-0.307,0,
C-A-1,2,1.48171,-29.608,10.196,1227,0.0,8.0,15.1,36,2846,0.0,-14.4,13.8,37,-0.307,0,
C-A-1,2,1.4827,-29.608,10.196,1227,0.0,8.0,15.1,36,2846,0.0,-14.4,13.8,37,-0.307,0,
C-A-1,2,1.4837,-29.608,10.196,1227,0.0,8.0,15.1,36,2846,0.0,-14.4,13.8,37,-0.307,0,
C-A-1,2,1.48471,-29.608,10.196,1227,0.0,8.0,15.1,36,2846,0.0,-14.4,13.8,37,-0.307,0,
C-A-1,2,1.4857,-29.608,10.196,1227,0.0,8.0,15.1,36,2846,0.0,-14.4,13.8,37,-0.307,0,
C-A-1,2,1.4867,-29.608,10.196,1227,0.0,8.0,15.1,36,2846,0.0,-14.4,13.8,37,-0.307,0,
C-A-1,2,1.4877,-29.608,10.196,1227,0.0,8.0,15.1,36,2846,0.0,-14.4,13.8,37,-0.307,0,
C-A-1,2,1.4887,-29.608,10.196,1227,0.0,8.0,15.1,36,2846,0.0,-14.4,13.8,37,-0.307,0,
C-A-1,2,1.4897,-29.608,10.196,1227,0.0,8.0,15.1,36,2846,0.0,-14.4,13.8,37,-0.307,0,
C-A-1,2,1.4907,-29.608,10.196,1227,0.0,8.0,15.1,36,2846,0.0,-14.4,13.8,37,-0.307,0,
C-A-1,2,1.4917,-29.608,10.196,1227,0.0,8.0,15.1,36,2846,0.0,-14.4,13.8,37,-0.307,0,
C-A-1,2,1.4927,-29.608,10.196,1227,0.0,8.0,15.1,36,2846,0.0,-14.4,13.8,37,-0.307,0,
C-A-1,2,1.49371,-29.608,10.196,1227,0.0,8.0,15.1,36,2846,0.0,-14.4,13.8,37,-0.307,0,
C-A-1,2,1.4947,-29.608,10.196,1227,0.0,8.0,15.1,36,2846,0.0,-14.4,13.8,37,-0.307,0,
C-A-1,2,1.49571,-29.608,10.196,1227,0.0,8.0,15.1,36,2846,0.0,-14.4,13.8,37,-0.307,0,
C-A-1,2,1.4967,-29.608,10.196,1227,0.0,8.0,15.1,36,2846,0.0,-14.4,13.8,37,-0.307,0,
C-A-1,2,1.49771,-29.608,10.196,1227,0.0,8.0,15.1,36,2846,0.0,-14.4,13.8,37,-0.307,0,
C-A-1,2,1.4987,-29.608,10.196,1227,0.0,8.0,15.1,36,2846,0.0,-14.4,13.8,37,-0.307,0,
C-A-1,2,1.4997,-29.608,10.196,1227,0.0,8.0,15.1,36,2846,0.0,-14.4,13.8,37,-0.307,0,
C-A-1,2,1.5007,-29.608,10.196,1227,0.0,8.0,15.1,36,2846,0.0,-14.4,13.8,37,-0.307,0,
C-A-1,2,1.50171,-29.608,10.196,1227,0.0,8.0,15.1,36,2846,0.0,-14.4,13.8,37,-0.307,0,
C-A-1,2,1.5027,-29.608,10.196,1227,0.0,8.0,15.1,36,2846,0.0,-14.4,13.8,37,-0.307,0,
C-A-1,2,1.50371,-29.608,10.196,1227,0.0,8.0,15.1,36,2846,0.0,-14.4,13.8,37,-0.307,0,
C-A-1,2,1.5047,-29.608,10.196,1227,0.0,8.0,15.1,36,2846,0.0,-14.4,13.8,37,-0.307,0,
C-A-1,2,1.50571,-29.608,10.196,1227,0.0,8.0,14.2,36,2846,0.0,-14.4,13.8,37,-0.307,0,
C-A-1,2,1.5067,-29.608,10.196,1227,0.0,8.0,14.2,36,2846,0.0,-14.4,14.9,37,-0.307,0,
C-A-1,2,1.50771,-29.608,10.196,1227,0.0,8.0,14.2,36,2846,0.0,-14.4,14.9,37,-0.307,0,
C-A-1,2,1.5087,-29.608,10.196,1227,0.0,8.0,14.2,36,2846,0.0,-14.4,14.9,37,-0.307,0,
C-A-1,2,1.50971,-29.5696,10.1999,1228,0.0,8.8,14.2,36,2846,0.0,-14.4,14.9,37,-0.268,0,
C-A-1,2,1.5107,-29.608,10.196,1227,0.0,8.0,14.2,36,2846,0.0,-14.4,14.9,37,-0.307,0,
C-A-1,2,1.5117,-29.608,10.196,1227,0.0,8.0,14.2,36,2846,0.0,-14.4,14.9,37,-0.307,0,
C-A-1,2,1.51271,-29.608,10.196,1227,0.0,8.0,14.2,36,2846,0.0,-14.4,14.9,37,-0.307,0,
C-A-1,2,1.5137,-29.608,10.196,1227,0.0,8.0,14.2,36,2846,0.0,-14.4,14.9,37,-0.307,0,
C-A-1,2,1.5147,-29.608,10.196,1227,0.0,8.0,14.2,36,2846,0.0,-14.4,14.9,37,-0.307,0,
C-A-1,2,1.51571,-29.608,10.196,1227,0.0,8.0,14.2,36,2846,0.0,-14.4,14.9,37,-0.307,0,
C-A-1,2,1.5167,-29.608,10.196,1227,0.0,8.0,14.2,36,2846,0.0,-14.4,14.9,37,-0.307,0,
C-A-1,2,1.5177,-29.608,10.196,1227,0.0,8.0,14.2,36,2846,0.0,-14.4,14.9,37,-0.307,0,
C-A-1,2,1.51871,-29.608,10.196,1227,0.0,8.0,14.2,36,2846,0.0,-14.4,14.9,37,-0.307,0,
C-A-1,2,1.5197,-29.608,10.196,1227,0.0,8.0,14.2,36,2846,0.0,-14.4,14.9,37,-0.307,0,
C-A-1,2,1.5207,-29.608,10.196,1227,0.0,8.0,14.2,36,2846,0.0,-14.4,14.9,37,-0.307,0,
C-A-1,2,1.5217,-29.608,10.196,1227,0.0,8.0,14.2,36,2846,0.0,-14.4,14.9,37,-0.307,0,
C-A-1,2,1.52271,-29.608,10.196,1227,0.0,8.0,14.2,36,2846,0.0,-14.4,14.9,37,-0.307,0,
C-A-1,2,1.5237,-29.608,10.196,1227,0.0,8.0,14.2,36,2846,0.0,-14.4,14.9,37,-0.307,0,
C-A-1,2,1.5247,-29.608,10.196,1227,0.0,8.0,14.2,36,2846,0.0,-14.4,14.9,37,-0.307,0,
C-A-1,2,1.52571,-29.608,10.196,1227,0.0,8.0,14.2,36,2846,0.0,-14.4,14.9,37,-0.307,0,
C-A-1,2,1.5267,-29.608,10.196,1227,0.0,8.0,14.2,36,2846,0.0,-14.4,14.9,37,-0.307,0,
C-A-1,2,1.5277,-29.608,10.196,1227,0.0,8.0,14.2,36,2846,0.0,-14.4,14.9,37,-0.307,0,
C-A-1,2,1.5287,-29.608,10.196,1227,0.0,8.0,14.2,36,2846,0.0,-14.4,14.9,37,-0.307,0,
C-A-1,2,1.5297,-29.608,10.196,1227,0.0,8.0,14.2,36,2846,0.0,-14.4,14.9,37,-0.307,0,
C-A-1,2,1.53071,-29.608,10.196,1227,0.0,8.0,14.2,36,2846,0.0,-14.4,14.9,37,-0.307,0,
C-A-1,2,1.5317,-29.608,10.196,1227,0.0,8.0,14.2,36,2846,0.0,-14.4,14.9,37,-0.307,0,
C-A-1,2,1.53271,-29.608,10.196,1227,0.0,8.0,14.2,36,2846,0.0,-14.4,14.9,37,-0.307,0,
C-A-1,2,1.5337,-29.608,10.196,1227,0.0,8.0,14.2,36,2846,0.0,-14.4,14.9,37,-0.307,0,
C-A-1,2,1.5347,-29.608,10.196,1227,0.0,8.0,14.2,36,2846,0.0,-14.4,14.9,37,-0.307,0,
C-A-1,2,1.5357,-29.608,10.196,1227,0.0,8.0,14.2,36,2846,0.0,-14.4,14.9,37,-0.307,0,
C-A-1,2,1.53671,-29.608,10.196,1227,0.0,8.0,14.2,36,2847,0.0,-13.600000000000001,14.9,37,-0.268,0,
C-A-1,2,1.53771,-29.608,10.196,1227,0.0,8.0,14.2,36,2846,0.0,-14.4,14.9,37,-0.307,0,
C-A-1,2,1.5387,-29.608,10.196,1227,0.0,8.0,14.2,36,2846,0.0,-14.4,14.9,37,-0.307,0,
C-A-1,2,1.5397,-29.608,10.196,1227,0.0,8.0,14.2,36,2846,0.0,-14.4,14.9,37,-0.307,0,
C-A-1,2,1.54071,-29.608,10.196,1227,0.0,8.0,14.2,36,2846,0.0,-14.4,14.9,37,-0.307,0,
C-A-1,2,1.54171,-29.608,10.196,1227,0.0,8.0,14.2,36,2846,0.0,-14.4,14.9,37,-0.307,0,
C-A-1,2,1.5427,-29.608,10.196,1227,0.0,8.0,14.2,36,2846,0.0,-14.4,14.9,37,-0.307,0,
C-A-1,2,1.5437,-29.608,10.196,1227,0.0,8.0,14.2,36,2846,0.0,-14.4,14.9,37,-0.307,0,
C-A-1,2,1.54471,-29.608,10.196,1227,0.0,8.0,14.2,36,2846,0.0,-14.4,14.9,37,-0.307,0,
C-A-1,2,1.5457,-29.608,10.196,1227,0.0,8.0,14.2,36,2846,0.0,-14.4,14.9,37,-0.307,0,
C-A-1,2,1.54671,-29.608,10.196,1227,0.0,8.0,14.2,36,2846,0.0,-14.4,14.9,37,-0.307,0,
C-A-1,2,1.54771,-29.608,10.196,1227,0.0,8.0,14.2,36,2846,0.0,-14.4,14.9,37,-0.307,0,
C-A-1,2,1.54871,-29.608,10.196,1227,0.0,8.0,14.2,36,2846,0.0,-14.4,14.9,37,-0.307,0,
C-A-1,2,1.54971,-29.608,10.196,1227,0.0,8.0,14.2,36,2846,0.0,-14.4,14.9,37,-0.307,0,
C-A-1,2,1.55071,-29.608,10.196,1227,0.0,8.0,14.2,36,2846,0.0,-14.4,14.9,37,-0.307,0,
C-A-1,2,1.55171,-29.608,10.196,1227,0.0,8.0,14.2,36,2846,0.0,-14.4,14.9,37,-0.307,0,
C-A-1,2,1.55271,-29.608,10.196,1227,0.0,8.0,14.2,36,2847,0.0,-13.600000000000001,14.9,37,-0.268,0,
C-A-1,2,1.55371,-29.608,10.196,1227,0.0,8.0,14.2,36,2846,0.0,-14.4,14.9,37,-0.307,0,
C-A-1,2,1.55471,-29.608,10.196,1227,0.0,8.0,14.2,36,2846,0.0,-14.4,14.9,37,-0.307,0,
C-A-1,2,1.55571,-29.608,10.196,1227,0.0,8.0,14.2,36,2846,0.0,-14.4,14.9,37,-0.307,0,
C-A-1,2,1.55671,-29.6463,10.1921,1226,0.0,7.2,14.2,36,2846,0.0,-13.600000000000001,14.9,37,-0.345,0,
C-A-1,2,1.55771,-29.608,10.196,1227,0.0,8.0,14.2,36,2847,0.0,-14.4,14.9,37,-0.268,0,
C-A-1,2,1.55871,-29.608,10.196,1227,0.0,8.0,14.2,36,2846,0.0,-14.4,14.9,37,-0.307,0,
C-A-1,2,1.55971,-29.608,10.196,1227,0.0,8.0,14.2,36,2846,0.0,-14.4,14.9,37,-0.307,0,
C-A-1,2,1.56071,-29.608,10.196,1227,0.0,8.0,14.2,36,2846,0.0,-14.4,14.9,37,-0.307,0,
C-A-1,2,1.56171,-29.608,10.196,1227,0.0,8.0,14.2,36,2847,0.0,-13.600000000000001,14.9,37,-0.268,0,
C-A-1,2,1.56271,-29.6463,10.1921,1226,0.0,7.2,14.2,36,2847,0.0,-13.600000000000001,14.9,37,-0.307,0,
C-A-1,2,1.56371,-29.608,10.196,1227,0.0,8.0,14.2,36,2847,0.0,-13.600000000000001,14.9,37,-0.268,0,
C-A-1,2,1.56471,-29.608,10.196,1227,0.0,8.0,14.2,36,2847,0.0,-13.600000000000001,14.9,37,-0.268,0,
C-A-1,2,1.56571,-29.6463,10.1921,1226,0.0,7.2,14.2,36,2847,0.0,-13.600000000000001,14.9,37,-0.307,0,
C-A-1,2,1.56671,-29.6463,10.1921,1226,0.0,7.2,14.2,36,2847,0.0,-13.600000000000001,14.9,37,-0.307,0,
C-A-1,2,1.56771,-29.6463,10.1921,1226,0.0,7.2,14.2,36,2847,0.0,-13.600000000000001,14.9,37,-0.307,0,
C-A-1,2,1.56871,-29.6463,10.1921,1226,0.0,7.2,14.2,36,2847,0.0,-13.600000000000001,14.9,37,-0.307,0,
C-A-1,2,1.56971,-29.6463,10.1921,1226,0.0,7.2,14.2,36,2847,0.0,-13.600000000000001,14.9,37,-0.307,0,
C-A-1,2,1.57071,-29.6463,10.1921,1226,0.0,7.2,14.2,36,2847,0.0,-13.600000000000001,14.9,37,-0.307,0,
C-A-1,2,1.57171,-29.6463,10.1921,1226,0.0,7.2,14.2,36,2847,0.0,-13.600000000000001,14.9,37,-0.307,0,
C-A-1,2,1.57271,-29.6463,10.1921,1226,0.0,7.2,14.2,36,2847,0.0,-13.600000000000001,14.9,37,-0.307,0,
C-A-1,2,1.57371,-29.608,10.196,1227,0.0,8.0,14.2,36,2847,0.0,-13.600000000000001,14.9,37,-0.268,0,
C-A-1,2,1.57471,-29.6463,10.1921,1226,0.0,7.2,14.2,36,2847,0.0,-13.600000000000001,14.9,37,-0.307,0,
C-A-1,2,1.57571,-29.6463,10.1921,1226,0.0,7.2,14.2,36,2847,0.0,-13.600000000000001,14.9,37,-0.307,0,
C-A-1,2,1.57671,-29.6463,10.1921,1226,0.0,7.2,14.2,36,2847,0.0,-13.600000000000001,14.9,37,-0.307,0,
C-A-1,2,1.57771,-29.6463,10.1921,1226,0.0,7.2,14.2,36,2847,0.0,-13.600000000000001,14.9,37,-0.307,0,
C-A-1,2,1.57871,-29.6463,10.1921,1226,0.0,7.2,14.2,36,2847,0.0,-13.600000000000001,14.9,37,-0.307,0,
C-A-1,2,1.57971,-29.6463,10.1921,1226,0.0,7.2,14.2,36,2847,0.0,-13.600000000000001,14.9,37,-0.307,0,
C-A-1,2,1.58071,-29.608,10.196,1227,0.0,8.0,14.2,36,2847,0.0,-13.600000000000001,14.9,37,-0.268,0,
C-A-1,2,1.58171,-29.6463,10.1921,1226,0.0,7.2,14.2,36,2847,0.0,-13.600000000000001,14.9,37,-0.307,0,
C-A-1,2,1.58271,-29.6463,10.1921,1226,0.0,7.2,14.2,36,2847,0.0,-13.600000000000001,14.9,37,-0.307,0,
C-A-1,2,1.58371,-29.6463,10.1921,1226,0.0,7.2,14.2,36,2847,0.0,-13.600000000000001,14.9,37,-0.307,0,
C-A-1,2,1.58471,-29.6463,10.1921,1226,0.0,7.2,14.2,36,2847,0.0,-13.600000000000001,14.9,37,-0.307,0,
C-A-1,2,1.58571,-29.6463,10.1921,1226,0.0,7.2,14.2,36,2847,0.0,-13.600000000000001,14.9,37,-0.307,0,
C-A-1,2,1.58671,-29.6463,10.1921,1226,0.0,7.2,14.2,36,2847,0.0,-13.600000000000001,14.9,37,-0.307,0,
C-A-1,2,1.58771,-29.6463,10.1921,1226,0.0,7.2,14.2,36,2847,0.0,-13.600000000000001,14.9,37,-0.307,0,
C-A-1,2,1.58871,-29.6463,10.1921,1226,0.0,7.2,14.2,36,2847,0.0,-13.600000000000001,14.9,37,-0.307,0,
C-A-1,2,1.58971,-29.6463,10.1921,1226,0.0,7.2,14.2,36,2847,0.0,-13.600000000000001,14.9,37,-0.307,0,
C-A-1,2,1.59071,-29.6463,10.1921,1226,0.0,7.2,14.2,36,2847,0.0,-13.600000000000001,14.9,37,-0.307,0,
C-A-1,2,1.59171,-29.6463,10.1921,1226,0.0,7.2,14.2,36,2847,0.0,-13.600000000000001,14.9,37,-0.307,0,
C-A-1,2,1.59271,-29.6463,10.1921,1226,0.0,7.2,14.2,36,2847,0.0,-13.600000000000001,14.9,37,-0.307,0,
C-A-1,2,1.59371,-29.6463,10.1921,1226,0.0,7.2,14.2,36,2847,0.0,-13.600000000000001,14.9,37,-0.307,0,
C-A-1,2,1.59471,-29.6463,10.1921,1226,0.0,7.2,14.2,36,2847,0.0,-13.600000000000001,14.9,37,-0.307,0,
C-A-1,2,1.59571,-29.6463,10.1921,1226,0.0,7.2,14.2,36,2847,0.0,-13.600000000000001,14.9,37,-0.307,0,
C-A-1,2,1.59671,-29.6463,10.1921,1226,0.0,7.2,14.2,36,2847,0.0,-13.600000000000001,14.9,37,-0.307,0,
C-A-1,2,1.59771,-29.6463,10.1921,1226,0.0,7.2,14.2,36,2847,0.0,-13.600000000000001,14.9,37,-0.307,0,
C-A-1,2,1.59871,-29.6463,10.1921,1226,0.0,7.2,14.2,36,2847,0.0,-13.600000000000001,14.9,37,-0.307,0,
C-A-1,2,1.59971,-29.6463,10.1921,1226,0.0,7.2,14.2,36,2847,0.0,-13.600000000000001,14.9,37,-0.307,0,
C-A-1,2,1.60071,-29.6463,10.1921,1226,0.0,7.2,14.2,36,2847,0.0,-13.600000000000001,14.9,37,-0.307,0,
C-A-1,2,1.6017,-29.6463,10.1921,1226,0.0,7.2,14.2,36,2847,0.0,-13.600000000000001,14.9,37,-0.307,0,
C-A-1,2,1.60271,-29.6463,10.1921,1226,0.0,7.2,14.2,36,2847,0.0,-13.600000000000001,14.9,37,-0.307,0,
C-A-1,2,1.6037,-29.6463,10.1921,1226,0.0,7.2,14.2,36,2847,0.0,-13.600000000000001,14.9,37,-0.307,0,
C-A-1,2,1.60471,-29.6463,10.1921,1226,0.0,7.2,14.2,36,2847,0.0,-13.600000000000001,14.9,37,-0.307,0,
C-A-1,2,1.60571,-29.608,10.196,1227,0.0,8.0,14.2,36,2847,0.0,-13.600000000000001,14.9,37,-0.268,0,
C-A-1,2,1.60671,-29.6463,10.1921,1226,0.0,7.2,14.2,36,2847,0.0,-13.600000000000001,14.9,37,-0.307,0,
C-A-1,2,1.60771,-29.6463,10.1921,1226,0.0,7.2,14.2,36,2847,0.0,-13.600000000000001,14.9,37,-0.307,0,
C-A-1,2,1.60871,-29.6463,10.1921,1226,0.0,7.2,14.2,36,2847,0.0,-13.600000000000001,14.9,37,-0.307,0,
C-A-1,2,1.60971,-29.6463,10.1921,1226,0.0,7.2,14.2,36,2847,0.0,-13.600000000000001,14.9,37,-0.307,0,
C-A-1,2,1.61071,-29.6463,10.1921,1226,0.0,7.2,14.2,36,2847,0.0,-13.600000000000001,14.9,37,-0.307,0,
C-A-1,2,1.61171,-29.6463,10.1921,1226,0.0,7.2,14.2,36,2847,0.0,-13.600000000000001,14.9,37,-0.307,0,
C-A-1,2,1.61271,-29.6463,10.1921,1226,0.0,7.2,14.2,36,2847,0.0,-13.600000000000001,14.9,37,-0.307,0,
C-A-1,2,1.61371,-29.6463,10.1921,1226,0.0,7.2,14.2,36,2847,0.0,-13.600000000000001,14.9,37,-0.307,0,
C-A-1,2,1.61471,-29.6463,10.1921,1226,0.0,7.2,14.2,36,2847,0.0,-13.600000000000001,14.9,37,-0.307,0,
C-A-1,2,1.61571,-29.6463,10.1921,1226,0.0,7.2,14.2,36,2847,0.0,-13.600000000000001,14.9,37,-0.307,0,
C-A-1,2,1.61671,-29.6463,10.1921,1226,0.0,7.2,14.2,36,2847,0.0,-13.600000000000001,14.9,37,-0.307,0,
C-A-1,2,1.61771,-29.6463,10.1921,1226,0.0,7.2,14.2,36,2847,0.0,-13.600000000000001,14.9,37,-0.307,0,
C-A-1,2,1.61871,-29.608,10.196,1227,0.0,8.0,14.2,36,2847,0.0,-13.600000000000001,14.9,37,-0.268,0,
C-A-1,2,1.61972,-29.6463,10.1921,1226,0.0,7.2,14.2,36,2847,0.0,-13.600000000000001,14.9,37,-0.307,0,
C-A-1,2,1.62071,-29.6463,10.1921,1226,0.0,7.2,14.2,36,2847,0.0,-13.600000000000001,14.9,37,-0.307,0,
C-A-1,2,1.62171,-29.6463,10.1921,1226,0.0,7.2,14.9,36,2847,0.0,-13.600000000000001,14.9,37,-0.307,0,
C-A-1,2,1.62271,-29.6463,10.1921,1226,0.0,7.2,14.9,36,2847,0.0,-13.600000000000001,14.9,37,-0.307,0,
C-A-1,2,1.62371,-29.6463,10.1921,1226,0.0,7.2,14.9,36,2847,0.0,-13.600000000000001,14.8,37,-0.307,0,
C-A-1,2,1.62471,-29.6463,10.1921,1226,0.0,7.2,14.9,36,2847,0.0,-13.600000000000001,14.8,37,-0.307,0,
C-A-1,2,1.62571,-29.6463,10.1921,1226,0.0,7.2,14.9,36,2847,0.0,-13.600000000000001,14.8,37,-0.307,0,
C-A-1,2,1.62671,-29.608,10.196,1227,0.0,8.0,14.9,36,2847,0.0,-13.600000000000001,14.8,37,-0.268,0,
C-A-1,2,1.62771,-29.6463,10.1921,1226,0.0,7.2,14.9,36,2847,0.0,-13.600000000000001,14.8,37,-0.307,0,
C-A-1,2,1.62871,-29.6463,10.1921,1226,0.0,7.2,14.9,36,2847,0.0,-13.600000000000001,14.8,37,-0.307,0,
C-A-1,2,1.62971,-29.6463,10.1921,1226,0.0,7.2,14.9,36,2847,0.0,-13.600000000000001,14.8,37,-0.307,0,
C-A-1,2,1.63071,-29.6463,10.1921,1226,0.0,7.2,14.9,36,2847,0.0,-13.600000000000001,14.8,37,-0.307,0,
C-A-1,2,1.63171,-29.6463,10.1921,1226,0.0,7.2,14.9,36,2847,0.0,-13.600000000000001,14.8,37,-0.307,0,
C-A-1,2,1.63271,-29.608,10.196,1227,0.0,8.0,14.9,36,2847,0.0,-13.600000000000001,14.8,37,-0.268,0,
C-A-1,2,1.63371,-29.6463,10.1921,1226,0.0,7.2,14.9,36,2846,0.0,-14.4,14.8,37,-0.345,0,
C-A-1,2,1.63471,-29.6463,10.1921,1226,0.0,7.2,14.9,36,2847,0.0,-13.600000000000001,14.8,37,-0.307,0,
C-A-1,2,1.63572,-29.6463,10.1921,1226,0.0,7.2,14.9,36,2847,0.0,-13.600000000000001,14.8,37,-0.307,0,
C-A-1,2,1.63671,-29.608,10.196,1227,0.0,8.0,14.9,36,2847,0.0,-13.600000000000001,14.8,37,-0.268,0,
C-A-1,2,1.63771,-29.6463,10.1921,1226,0.0,7.2,14.9,36,2846,0.0,-14.4,14.8,37,-0.345,0,
C-A-1,2,1.63872,-29.608,10.196,1227,0.0,8.0,14.9,36,2846,0.0,-14.4,14.8,37,-0.307,0,
C-A-1,2,1.63971,-29.608,10.196,1227,0.0,8.0,14.9,36,2846,0.0,-14.4,14.8,37,-0.307,0,
C-A-1,2,1.64072,-29.6463,10.1921,1226,0.0,7.2,14.9,36,2847,0.0,-13.600000000000001,14.8,37,-0.307,0,
C-A-1,2,1.64171,-29.608,10.196,1227,0.0,8.0,14.9,36,2846,0.0,-14.4,14.8,37,-0.307,0,
C-A-1,2,1.64271,-29.608,10.196,1227,0.0,8.0,14.9,36,2846,0.0,-14.4,14.8,37,-0.307,0,
C-A-1,2,1.64371,-29.608,10.196,1227,0.0,8.0,14.9,36,2846,0.0,-14.4,14.8,37,-0.307,0,
C-A-1,2,1.64471,-29.608,10.196,1227,0.0,8.0,14.9,36,2847,0.0,-13.600000000000001,14.8,37,-0.268,0,
C-A-1,2,1.64572,-29.608,10.196,1227,0.0,8.0,14.9,36,2846,0.0,-14.4,14.8,37,-0.307,0,
C-A-1,2,1.64671,-29.608,10.196,1227,0.0,8.0,14.9,36,2846,0.0,-14.4,14.8,37,-0.307,0,
C-A-1,2,1.64771,-29.608,10.196,1227,0.0,8.0,14.9,36,2846,0.0,-14.4,14.8,37,-0.307,0,
C-A-1,2,1.64871,-29.608,10.196,1227,0.0,8.0,14.9,36,2846,0.0,-14.4,14.8,37,-0.307,0,
C-A-1,2,1.64972,-29.608,10.196,1227,0.0,8.0,14.9,36,2846,0.0,-14.4,14.8,37,-0.307,0,
C-A-1,2,1.65071,-29.608,10.196,1227,0.0,8.0,14.9,36,2847,0.0,-13.600000000000001,14.8,37,-0.268,0,
C-A-1,2,1.65172,-29.608,10.196,1227,0.0,8.0,14.9,36,2846,0.0,-14.4,14.8,37,-0.307,0,
C-A-1,2,1.65271,-29.6463,10.1921,1226,0.0,7.2,14.9,36,2846,0.0,-14.4,14.8,37,-0.345,0,
C-A-1,2,1.65372,-29.608,10.196,1227,0.0,8.0,14.9,36,2846,0.0,-14.4,14.8,37,-0.307,0,
C-A-1,2,1.65471,-29.608,10.196,1227,0.0,8.0,14.9,36,2846,0.0,-14.4,14.8,37,-0.307,0,
C-A-1,2,1.65572,-29.608,10.196,1227,0.0,8.0,14.9,36,2846,0.0,-14.4,14.8,37,-0.307,0,
C-A-1,2,1.65671,-29.608,10.196,1227,0.0,8.0,14.9,36,2846,0.0,-14.4,14.8,37,-0.307,0,
C-A-1,2,1.65772,-29.608,10.196,1227,0.0,8.0,14.9,36,2846,0.0,-14.4,14.8,37,-0.307,0,
C-A-1,2,1.65871,-29.608,10.196,1227,0.0,8.0,14.9,36,2846,0.0,-14.4,14.8,37,-0.307,0,
C-A-1,2,1.65972,-29.608,10.196,1227,0.0,8.0,14.9,36,2846,0.0,-14.4,14.8,37,-0.307,0,
C-A-1,2,1.66071,-29.608,10.196,1227,0.0,8.0,14.9,36,2846,0.0,-14.4,14.8,37,-0.307,0,
C-A-1,2,1.66172,-29.608,10.196,1227,0.0,8.0,14.9,36,2846,0.0,-14.4,14.8,37,-0.307,0,
C-A-1,2,1.66271,-29.608,10.196,1227,0.0,8.0,14.9,36,2846,0.0,-14.4,14.8,37,-0.307,0,
C-A-1,2,1.66372,-29.608,10.196,1227,0.0,8.0,14.9,36,2846,0.0,-14.4,14.8,37,-0.307,0,
C-A-1,2,1.66471,-29.608,10.196,1227,0.0,8.0,14.9,36,2846,0.0,-14.4,14.8,37,-0.307,0,
C-A-1,2,1.66571,-29.608,10.196,1227,0.0,8.0,14.9,36,2846,0.0,-14.4,14.8,37,-0.307,0,
C-A-1,2,1.66672,-29.608,10.196,1227,0.0,8.0,14.9,36,2846,0.0,-14.4,14.8,37,-0.307,0,
C-A-1,2,1.66772,-29.608,10.196,1227,0.0,8.0,14.9,36,2846,0.0,-14.4,14.8,37,-0.307,0,
C-A-1,2,1.66872,-29.608,10.196,1227,0.0,8.0,14.9,36,2846,0.0,-14.4,14.8,37,-0.307,0,
C-A-1,2,1.66972,-29.608,10.196,1227,0.0,8.0,14.9,36,2846,0.0,-14.4,14.8,37,-0.307,0,
C-A-1,2,1.67071,-29.608,10.196,1227,0.0,8.0,14.9,36,2846,0.0,-14.4,14.8,37,-0.307,0,
C-A-1,2,1.67172,-29.608,10.196,1227,0.0,8.0,14.9,36,2846,0.0,-14.4,14.8,37,-0.307,0,
C-A-1,2,1.67271,-29.608,10.196,1227,0.0,8.0,14.9,36,2846,0.0,-14.4,14.8,37,-0.307,0,
C-A-1,2,1.67372,-29.608,10.196,1227,0.0,8.0,14.9,36,2846,0.0,-14.4,14.8,37,-0.307,0,
C-A-1,2,1.67472,-29.608,10.196,1227,0.0,8.0,14.9,36,2846,0.0,-14.4,14.8,37,-0.307,0,
C-A-1,2,1.67571,-29.608,10.196,1227,0.0,8.0,14.9,36,2846,0.0,-14.4,14.8,37,-0.307,0,
C-A-1,2,1.67672,-29.608,10.196,1227,0.0,8.0,14.9,36,2846,0.0,-14.4,14.8,37,-0.307,0,
C-A-1,2,1.67772,-29.608,10.196,1227,0.0,8.0,14.9,36,2846,0.0,-14.4,14.8,37,-0.307,0,
C-A-1,2,1.67872,-29.608,10.196,1227,0.0,8.0,14.9,36,2846,0.0,-14.4,14.8,37,-0.307,0,
C-A-1,2,1.67972,-29.608,10.196,1227,0.0,8.0,14.9,36,2846,0.0,-14.4,14.8,37,-0.307,0,
C-A-1,2,1.68072,-29.6463,10.1921,1226,0.0,7.2,14.9,36,2846,0.0,-14.4,14.8,37,-0.345,0,
C-A-1,2,1.68172,-29.608,10.196,1227,0.0,8.0,14.9,36,2846,0.0,-14.4,14.8,37,-0.307,0,
C-A-1,2,1.68272,-29.608,10.196,1227,0.0,8.0,14.9,36,2846,0.0,-14.4,14.8,37,-0.307,0,
C-A-1,2,1.68372,-29.608,10.196,1227,0.0,8.0,14.9,36,2846,0.0,-14.4,14.8,37,-0.307,0,
C-A-1,2,1.68472,-29.608,10.196,1227,0.0,8.0,14.9,36,2846,0.0,-14.4,14.8,37,-0.307,0,
C-A-1,2,1.68572,-29.608,10.196,1227,0.0,8.0,14.9,36,2846,0.0,-14.4,14.8,37,-0.307,0,
C-A-1,2,1.68672,-29.608,10.196,1227,0.0,8.0,14.9,36,2846,0.0,-14.4,14.8,37,-0.307,0,
C-A-1,2,1.68772,-29.608,10.196,1227,0.0,8.0,14.9,36,2846,0.0,-14.4,14.8,37,-0.307,0,
C-A-1,2,1.68872,-29.608,10.196,1227,0.0,8.0,14.9,36,2846,0.0,-14.4,14.8,37,-0.307,0,
C-A-1,2,1.68972,-29.608,10.196,1227,0.0,8.0,14.9,36,2846,0.0,-14.4,14.8,37,-0.307,0,
C-A-1,2,1.69072,-29.608,10.196,1227,0.0,8.0,14.9,36,2846,0.0,-14.4,14.8,37,-0.307,0,
C-A-1,2,1.69172,-29.608,10.196,1227,0.0,8.0,14.9,36,2846,0.0,-14.4,14.8,37,-0.307,0,
C-A-1,2,1.69272,-29.608,10.196,1227,0.0,8.0,14.9,36,2846,0.0,-14.4,14.8,37,-0.307,0,
C-A-1,2,1.69372,-29.608,10.196,1227,0.0,8.0,14.9,36,2846,0.0,-14.4,14.8,37,-0.307,0,
C-A-1,2,1.69472,-29.608,10.196,1227,0.0,8.0,14.9,36,2846,0.0,-14.4,14.8,37,-0.307,0,
C-A-1,2,1.69572,-29.608,10.196,1227,0.0,8.0,14.9,36,2846,0.0,-14.4,14.8,37,-0.307,0,
C-A-1,2,1.69672,-29.608,10.196,1227,0.0,8.0,14.9,36,2846,0.0,-14.4,14.8,37,-0.307,0,
C-A-1,2,1.69772,-29.608,10.196,1227,0.0,8.0,14.9,36,2846,0.0,-14.4,14.8,37,-0.307,0,
C-A-1,2,1.69872,-29.608,10.196,1227,0.0,8.0,14.9,36,2846,0.0,-14.4,14.8,37,-0.307,0,
C-A-1,2,1.69972,-29.608,10.196,1227,0.0,8.0,14.9,36,2846,0.0,-14.4,14.8,37,-0.307,0,
C-A-1,2,1.70072,-29.608,10.196,1227,0.0,8.0,14.9,36,2846,0.0,-14.4,14.8,37,-0.307,0,
C-A-1,2,1.70172,-29.608,10.196,1227,0.0,8.0,14.9,36,2846,0.0,-14.4,14.8,37,-0.307,0,
C-A-1,2,1.7027,-29.608,10.196,1227,0.0,8.0,14.9,36,2846,0.0,-14.4,14.8,37,-0.307,0,
C-A-1,2,1.70372,-29.608,10.196,1227,0.0,8.0,14.9,36,2846,0.0,-14.4,14.8,37,-0.307,0,
C-A-1,2,1.70472,-29.608,10.196,1227,0.0,8.0,14.9,36,2846,0.0,-14.4,14.8,37,-0.307,0,
C-A-1,2,1.70572,-29.608,10.196,1227,0.0,8.0,14.9,36,2846,0.0,-14.4,14.8,37,-0.307,0,
C-A-1,2,1.7067,-29.608,10.196,1227,0.0,8.0,14.9,36,2846,0.0,-14.4,14.8,37,-0.307,0,
C-A-1,2,1.70772,-29.608,10.196,1227,0.0,8.0,14.9,36,2846,0.0,-14.4,14.8,37,-0.307,0,
C-A-1,2,1.70872,-29.608,10.196,1227,0.0,8.0,14.9,36,2846,0.0,-14.4,14.8,37,-0.307,0,
C-A-1,2,1.70972,-29.6463,10.1921,1226,0.0,7.2,14.9,36,2846,0.0,-14.4,14.8,37,-0.345,0,
C-A-1,2,1.71072,-29.608,10.196,1227,0.0,8.0,14.9,36,2847,0.0,-13.600000000000001,14.8,37,-0.268,0,
C-A-1,2,1.71172,-29.6463,10.1921,1226,0.0,7.2,14.9,36,2846,0.0,-14.4,14.8,37,-0.345,0,
C-A-1,2,1.71272,-29.608,10.196,1227,0.0,8.0,14.9,36,2846,0.0,-14.4,14.8,37,-0.307,0,
C-A-1,2,1.7137,-29.608,10.196,1227,0.0,8.0,14.9,36,2846,0.0,-14.4,14.8,37,-0.307,0,
C-A-1,2,1.71472,-29.608,10.196,1227,0.0,8.0,14.9,36,2846,0.0,-14.4,14.8,37,-0.307,0,
C-A-1,2,1.71572,-29.608,10.196,1227,0.0,8.0,14.9,36,2846,0.0,-14.4,14.8,37,-0.307,0,
C-A-1,2,1.7167,-29.608,10.196,1227,0.0,8.0,14.9,36,2846,0.0,-14.4,14.8,37,-0.307,0,
C-A-1,2,1.71772,-29.608,10.196,1227,0.0,8.0,14.9,36,2846,0.0,-14.4,14.8,37,-0.307,0,
C-A-1,2,1.71872,-29.608,10.196,1227,0.0,8.0,14.9,36,2847,0.0,-13.600000000000001,14.8,37,-0.268,0,
C-A-1,2,1.71972,-29.608,10.196,1227,0.0,8.0,14.9,36,2847,0.0,-13.600000000000001,14.8,37,-0.268,0,
C-A-1,2,1.7207,-29.608,10.196,1227,0.0,8.0,14.9,36,2846,0.0,-14.4,14.8,37,-0.307,0,
C-A-1,2,1.72172,-29.608,10.196,1227,0.0,8.0,14.9,36,2846,0.0,-14.4,14.8,37,-0.307,0,
C-A-1,2,1.72272,-29.608,10.196,1227,0.0,8.0,14.9,36,2846,0.0,-14.4,14.8,37,-0.307,0,
C-A-1,2,1.72372,-29.608,10.196,1227,0.0,8.0,14.9,36,2846,0.0,-14.4,14.8,37,-0.307,0,
C-A-1,2,1.7247,-29.608,10.196,1227,0.0,8.0,14.9,36,2846,0.0,-14.4,14.8,37,-0.307,0,
C-A-1,2,1.72572,-29.608,10.196,1227,0.0,8.0,14.9,36,2846,0.0,-14.4,14.8,37,-0.307,0,
C-A-1,2,1.72672,-29.608,10.196,1227,0.0,8.0,14.9,36,2847,0.0,-13.600000000000001,14.8,37,-0.268,0,
C-A-1,2,1.72772,-29.6463,10.1921,1226,0.0,7.2,14.9,36,2846,0.0,-14.4,14.8,37,-0.345,0,
C-A-1,2,1.7287,-29.6463,10.1921,1226,0.0,7.2,14.9,36,2846,0.0,-14.4,14.8,37,-0.345,0,
C-A-1,2,1.72972,-29.608,10.196,1227,0.0,8.0,14.9,36,2846,0.0,-14.4,14.8,37,-0.307,0,
C-A-1,2,1.73072,-29.6463,10.1921,1226,0.0,7.2,14.9,36,2846,0.0,-14.4,14.8,37,-0.345,0,
C-A-1,2,1.73172,-29.608,10.196,1227,0.0,8.0,14.9,36,2846,0.0,-14.4,14.8,37,-0.307,0,
C-A-1,2,1.73272,-29.6463,10.1921,1226,0.0,7.2,14.9,36,2847,0.0,-13.600000000000001,14.8,37,-0.307,0,
C-A-1,2,1.7337,-29.608,10.196,1227,0.0,8.0,14.9,36,2846,0.0,-14.4,14.8,37,-0.307,0,
C-A-1,2,1.73472,-29.6463,10.1921,1226,0.0,7.2,14.9,36,2846,0.0,-14.4,14.8,37,-0.345,0,
C-A-1,2,1.73572,-29.608,10.196,1227,0.0,8.0,14.9,36,2847,0.0,-13.600000000000001,14.8,37,-0.268,0,
C-A-1,2,1.7367,-29.6463,10.1921,1226,0.0,7.2,14.9,36,2846,0.0,-14.4,14.8,37,-0.345,0,
C-A-1,2,1.73772,-29.6463,10.1921,1226,0.0,7.2,14.9,36,2846,0.0,-14.4,14.8,37,-0.345,0,
C-A-1,2,1.73872,-29.6463,10.1921,1226,0.0,7.2,14.9,36,2847,0.0,-13.600000000000001,14.8,37,-0.307,0,
C-A-1,2,1.7397,-29.608,10.196,1227,0.0,8.0,14.9,36,2847,0.0,-13.600000000000001,14.8,37,-0.268,0,
C-A-1,2,1.74072,-29.608,10.196,1227,0.0,8.0,14.9,36,2847,0.0,-13.600000000000001,14.8,37,-0.268,0,
C-A-1,2,1.74172,-29.6463,10.1921,1226,0.0,7.2,14.9,36,2847,0.0,-13.600000000000001,14.8,37,-0.307,0,
C-A-1,2,1.74272,-29.6463,10.1921,1226,0.0,7.2,14.9,36,2847,0.0,-13.600000000000001,14.8,37,-0.307,0,
C-A-1,2,1.7437,-29.608,10.196,1227,0.0,8.0,14.9,36,2847,0.0,-13.600000000000001,14.8,37,-0.268,0,
C-A-1,2,1.7447,-29.6463,10.1921,1226,0.0,7.2,14.9,36,2846,0.0,-14.4,14.8,37,-0.345,0,
C-A-1,2,1.74572,-29.6463,10.1921,1226,0.0,7.2,14.9,36,2847,0.0,-13.600000000000001,14.8,37,-0.307,0,
C-A-1,2,1.7467,-29.6463,10.1921,1226,0.0,7.2,14.9,36,2847,0.0,-13.600000000000001,14.8,37,-0.307,0,
C-A-1,2,1.7477,-29.6463,10.1921,1226,0.0,7.2,14.9,36,2847,0.0,-13.600000000000001,14.8,37,-0.307,0,
C-A-1,2,1.74872,-29.608,10.196,1227,0.0,8.0,14.9,36,2847,0.0,-13.600000000000001,14.8,37,-0.268,0,
C-A-1,2,1.74972,-29.6463,10.1921,1226,0.0,7.2,14.9,36,2846,0.0,-14.4,14.8,37,-0.345,0,
C-A-1,2,1.7507,-29.6463,10.1921,1226,0.0,7.2,14.9,36,2847,0.0,-13.600000000000001,14.8,37,-0.307,0,
C-A-1,2,1.7517,-29.6463,10.1921,1226,0.0,7.2,14.9,36,2846,0.0,-14.4,14.8,37,-0.345,0,
C-A-1,2,1.75272,-29.6463,10.1921,1226,0.0,7.2,14.9,36,2847,0.0,-13.600000000000001,14.8,37,-0.307,0,
C-A-1,2,1.75371,-29.608,10.196,1227,0.0,8.0,14.9,36,2847,0.0,-13.600000000000001,14.8,37,-0.268,0,
C-A-1,2,1.7547,-29.608,10.196,1227,0.0,8.0,14.9,36,2847,0.0,-13.600000000000001,14.8,37,-0.268,0,
C-A-1,2,1.7557,-29.6463,10.1921,1226,0.0,7.2,14.9,36,2847,0.0,-13.600000000000001,14.8,37,-0.307,0,
C-A-1,2,1.75672,-29.6463,10.1921,1226,0.0,7.2,14.9,36,2847,0.0,-13.600000000000001,14.8,37,-0.307,0,
C-A-1,2,1.7577,-29.6463,10.1921,1226,0.0,7.2,14.9,36,2847,0.0,-13.600000000000001,14.8,37,-0.307,0,
C-A-1,2,1.7587,-29.6463,10.1921,1226,0.0,7.2,14.9,36,2847,0.0,-13.600000000000001,14.8,37,-0.307,0,
C-A-1,2,1.7597,-29.608,10.196,1227,0.0,8.0,14.9,36,2847,0.0,-13.600000000000001,14.8,37,-0.268,0,
C-A-1,2,1.7607,-29.608,10.196,1227,0.0,8.0,14.9,36,2847,0.0,-13.600000000000001,14.8,37,-0.268,0,
C-A-1,2,1.76172,-29.6463,10.1921,1226,0.0,7.2,14.9,36,2847,0.0,-13.600000000000001,14.8,37,-0.307,0,
C-A-1,2,1.7627,-29.6463,10.1921,1226,0.0,7.2,14.9,36,2847,0.0,-13.600000000000001,14.8,37,-0.307,0,
C-A-1,2,1.7637,-29.6463,10.1921,1226,0.0,7.2,14.9,36,2847,0.0,-13.600000000000001,14.8,37,-0.307,0,
C-A-1,2,1.76472,-29.6463,10.1921,1226,0.0,7.2,14.9,36,2847,0.0,-13.600000000000001,14.8,37,-0.307,0,
C-A-1,2,1.76572,-29.6463,10.1921,1226,0.0,7.2,14.9,36,2847,0.0,-13.600000000000001,14.8,37,-0.307,0,
C-A-1,2,1.7667,-29.6463,10.1921,1226,0.0,7.2,14.9,36,2847,0.0,-13.600000000000001,14.8,37,-0.307,0,
C-A-1,2,1.7677,-29.6463,10.1921,1226,0.0,7.2,14.9,36,2846,0.0,-14.4,14.8,37,-0.345,0,
C-A-1,2,1.76872,-29.608,10.196,1227,0.0,8.0,14.9,36,2847,0.0,-13.600000000000001,14.8,37,-0.268,0,
C-A-1,2,1.7697,-29.608,10.196,1227,0.0,8.0,14.9,36,2847,0.0,-13.600000000000001,14.8,37,-0.268,0,
C-A-1,2,1.7707,-29.608,10.196,1227,0.0,8.0,14.9,36,2846,0.0,-14.4,14.8,37,-0.307,0,
C-A-1,2,1.7717,-29.6463,10.1921,1226,0.0,7.2,14.9,36,2847,0.0,-13.600000000000001,14.8,37,-0.307,0,
C-A-1,2,1.7727,-29.6463,10.1921,1226,0.0,7.2,14.9,36,2847,0.0,-13.600000000000001,14.8,37,-0.307,0,
C-A-1,2,1.7737,-29.6463,10.1921,1226,0.0,7.2,14.9,36,2847,0.0,-13.600000000000001,14.8,37,-0.307,0,
C-A-1,2,1.77471,-29.6463,10.1921,1226,0.0,7.2,14.9,36,2847,0.0,-13.600000000000001,14.8,37,-0.307,0,
C-A-1,2,1.7757,-29.6463,10.1921,1226,0.0,7.2,14.9,36,2847,0.0,-13.600000000000001,14.8,37,-0.307,0,
C-A-1,2,1.7767,-29.6463,10.1921,1226,0.0,7.2,14.9,36,2846,0.0,-14.4,14.8,37,-0.345,0,
C-A-1,2,1.7777,-29.6463,10.1921,1226,0.0,7.2,14.9,36,2846,0.0,-14.4,14.8,37,-0.345,0,
C-A-1,2,1.7787,-29.6463,10.1921,1226,0.0,7.2,14.9,36,2847,0.0,-13.600000000000001,14.8,37,-0.307,0,
C-A-1,2,1.77971,-29.608,10.196,1227,0.0,8.0,14.9,36,2847,0.0,-13.600000000000001,14.8,37,-0.268,0,
C-A-1,2,1.7807,-29.608,10.196,1227,0.0,8.0,14.9,36,2846,0.0,-14.4,14.8,37,-0.307,0,
C-A-1,2,1.7817,-29.6463,10.1921,1226,0.0,7.2,14.9,36,2846,0.0,-14.4,14.8,37,-0.345,0,
C-A-1,2,1.78272,-29.608,10.196,1227,0.0,8.0,14.9,36,2847,0.0,-13.600000000000001,14.8,37,-0.268,0,
C-A-1,2,1.78371,-29.6463,10.1921,1226,0.0,7.2,14.9,36,2847,0.0,-13.600000000000001,14.8,37,-0.307,0,
C-A-1,2,1.7847,-29.6463,10.1921,1226,0.0,7.2,14.9,36,2847,0.0,-13.600000000000001,14.8,37,-0.307,0,
C-A-1,2,1.7857,-29.6463,10.1921,1226,0.0,7.2,14.9,36,2847,0.0,-13.600000000000001,14.8,37,-0.307,0,
C-A-1,2,1.78672,-29.608,10.196,1227,0.0,8.0,14.9,36,2847,0.0,-13.600000000000001,14.8,37,-0.268,0,
C-A-1,2,1.7877,-29.608,10.196,1227,0.0,8.0,14.9,36,2847,0.0,-13.600000000000001,14.8,37,-0.268,0,
C-A-1,2,1.7887,-29.608,10.196,1227,0.0,8.0,14.9,36,2847,0.0,-13.600000000000001,14.8,37,-0.268,0,
C-A-1,2,1.7897,-29.6463,10.1921,1226,0.0,7.2,14.9,36,2847,0.0,-13.600000000000001,14.8,37,-0.307,0,
C-A-1,2,1.79071,-29.608,10.196,1227,0.0,8.0,14.9,36,2847,0.0,-13.600000000000001,14.8,37,-0.268,0,
C-A-1,2,1.7917,-29.6463,10.1921,1226,0.0,7.2,14.9,36,2847,0.0,-13.600000000000001,14.8,37,-0.307,0,
C-A-1,2,1.79272,-29.6463,10.1921,1226,0.0,7.2,14.9,36,2847,0.0,-13.600000000000001,14.8,37,-0.307,0,
C-A-1,2,1.79371,-29.608,10.196,1227,0.0,8.0,14.9,36,2847,0.0,-13.600000000000001,14.8,37,-0.268,0,
C-A-1,2,1.7947,-29.608,10.196,1227,0.0,8.0,14.9,36,2846,0.0,-14.4,14.8,37,-0.307,0,
C-A-1,2,1.7957,-29.6463,10.1921,1226,0.0,7.2,14.9,36,2847,0.0,-13.600000000000001,14.8,37,-0.307,0,
C-A-1,2,1.79673,-29.608,10.196,1227,0.0,8.0,14.9,36,2847,0.0,-13.600000000000001,14.8,37,-0.268,0,
C-A-1,2,1.79771,-29.6463,10.1921,1226,0.0,7.2,14.9,36,2847,0.0,-13.600000000000001,14.8,37,-0.307,0,
C-A-1,2,1.7987,-29.608,10.196,1227,0.0,8.0,14.9,36,2847,0.0,-13.600000000000001,14.8,37,-0.268,0,
C-A-1,2,1.7997,-29.6463,10.1921,1226,0.0,7.2,14.9,36,2846,0.0,-14.4,14.8,37,-0.345,0,
C-A-1,2,1.80071,-29.6463,10.1921,1226,0.0,7.2,14.9,36,2847,0.0,-13.600000000000001,14.8,37,-0.307,0,
C-A-1,2,1.80171,-29.6463,10.1921,1226,0.0,7.2,14.9,36,2847,0.0,-13.600000000000001,14.8,37,-0.307,0,
C-A-1,2,1.80271,-29.6463,10.1921,1226,0.0,7.2,14.9,36,2846,0.0,-14.4,14.8,37,-0.345,0,
C-A-1,2,1.80371,-29.6463,10.1921,1226,0.0,7.2,14.9,36,2847,0.0,-13.600000000000001,14.8,37,-0.307,0,
C-A-1,2,1.80471,-29.608,10.196,1227,0.0,8.0,14.9,36,2846,0.0,-14.4,14.8,37,-0.307,0,
C-A-1,2,1.80571,-29.6463,10.1921,1226,0.0,7.2,14.9,36,2846,0.0,-14.4,14.8,37,-0.345,0,
C-A-1,2,1.8067,-29.6463,10.1921,1226,0.0,7.2,14.9,36,2846,0.0,-14.4,14.8,37,-0.345,0,
C-A-1,2,1.80773,-29.608,10.196,1227,0.0,8.0,14.9,36,2847,0.0,-13.600000000000001,14.8,37,-0.268,0,
C-A-1,2,1.80871,-29.608,10.196,1227,0.0,8.0,14.9,36,2846,0.0,-14.4,14.8,37,-0.307,0,
C-A-1,2,1.80971,-29.6463,10.1921,1226,0.0,7.2,14.9,36,2846,0.0,-14.4,14.8,37,-0.345,0,
C-A-1,2,1.81073,-29.608,10.196,1227,0.0,8.0,14.9,36,2846,0.0,-14.4,14.8,37,-0.307,0,
C-A-1,2,1.81171,-29.608,10.196,1227,0.0,8.0,14.9,36,2846,0.0,-14.4,14.8,37,-0.307,0,
C-A-1,2,1.81271,-29.608,10.196,1227,0.0,8.0,14.9,36,2847,0.0,-13.600000000000001,14.8,37,-0.268,0,
C-A-1,2,1.81373,-29.608,10.196,1227,0.0,8.0,14.9,36,2847,0.0,-13.600000000000001,14.8,37,-0.268,0,
C-A-1,2,1.81471,-29.608,10.196,1227,0.0,8.0,14.9,36,2846,0.0,-14.4,14.8,37,-0.307,0,
C-A-1,2,1.81571,-29.608,10.196,1227,0.0,8.0,14.9,36,2846,0.0,-14.4,14.8,37,-0.307,0,
C-A-1,2,1.81671,-29.608,10.196,1227,0.0,8.0,14.9,36,2847,0.0,-13.600000000000001,14.8,37,-0.268,0,
C-A-1,2,1.81771,-29.608,10.196,1227,0.0,8.0,14.9,36,2847,0.0,-13.600000000000001,14.8,37,-0.268,0,
C-A-1,2,1.81873,-29.608,10.196,1227,0.0,8.0,14.9,36,2846,0.0,-14.4,14.8,37,-0.307,0,
C-A-1,2,1.81971,-29.608,10.196,1227,0.0,8.0,14.9,36,2846,0.0,-14.4,14.8,37,-0.307,0,
C-A-1,2,1.82071,-29.608,10.196,1227,0.0,8.0,14.9,36,2846,0.0,-14.4,14.8,37,-0.307,0,
C-A-1,2,1.82171,-29.608,10.196,1227,0.0,8.0,14.9,36,2846,0.0,-14.4,14.8,37,-0.307,0,
C-A-1,2,1.82271,-29.608,10.196,1227,0.0,8.0,14.9,36,2846,0.0,-14.4,14.8,37,-0.307,0,
C-A-1,2,1.82371,-29.608,10.196,1227,0.0,8.0,14.9,36,2846,0.0,-14.4,14.8,37,-0.307,0,
C-A-1,2,1.82471,-29.608,10.196,1227,0.0,8.0,14.9,36,2846,0.0,-14.4,14.8,37,-0.307,0,
C-A-1,2,1.82573,-29.608,10.196,1227,0.0,8.0,14.9,36,2847,0.0,-13.600000000000001,14.8,37,-0.268,0,
C-A-1,2,1.82673,-29.6463,10.1921,1226,0.0,7.2,14.9,36,2846,0.0,-14.4,14.8,37,-0.345,0,
C-A-1,2,1.82773,-29.608,10.196,1227,0.0,8.0,14.9,36,2846,0.0,-14.4,14.8,37,-0.307,0,
C-A-1,2,1.82873,-29.6463,10.1921,1226,0.0,7.2,14.9,36,2847,0.0,-13.600000000000001,14.8,37,-0.307,0,
C-A-1,2,1.82971,-29.608,10.196,1227,0.0,8.0,14.9,36,2846,0.0,-14.4,14.8,37,-0.307,0,
C-A-1,2,1.83071,-29.608,10.196,1227,0.0,8.0,14.9,36,2846,0.0,-14.4,14.8,37,-0.307,0,
C-A-1,2,1.83171,-29.608,10.196,1227,0.0,8.0,14.9,36,2846,0.0,-14.4,14.8,37,-0.307,0,
C-A-1,2,1.83273,-29.608,10.196,1227,0.0,8.0,14.9,36,2847,0.0,-13.600000000000001,14.8,37,-0.268,0,
C-A-1,2,1.83371,-29.608,10.196,1227,0.0,8.0,14.9,36,2846,0.0,-14.4,14.8,37,-0.307,0,
C-A-1,2,1.83471,-29.608,10.196,1227,0.0,8.0,14.9,36,2846,0.0,-14.4,14.8,37,-0.307,0,
C-A-1,2,1.83571,-29.608,10.196,1227,0.0,8.0,14.9,36,2846,0.0,-14.4,14.8,37,-0.307,0,
C-A-1,2,1.83671,-29.608,10.196,1227,0.0,8.0,14.9,36,2846,0.0,-14.4,14.8,37,-0.307,0,
C-A-1,2,1.83771,-29.608,10.196,1227,0.0,8.0,14.9,36,2846,0.0,-14.4,14.8,37,-0.307,0,
C-A-1,2,1.83871,-29.608,10.196,1227,0.0,8.0,14.9,36,2846,0.0,-14.4,14.8,37,-0.307,0,
C-A-1,2,1.83973,-29.608,10.196,1227,0.0,8.0,14.9,36,2846,0.0,-14.4,14.8,37,-0.307,0,
C-A-1,2,1.84071,-29.608,10.196,1227,0.0,8.0,14.9,36,2846,0.0,-14.4,14.8,37,-0.307,0,
C-A-1,2,1.84171,-29.608,10.196,1227,0.0,8.0,14.9,36,2847,0.0,-13.600000000000001,14.8,37,-0.268,0,
C-A-1,2,1.84271,-29.608,10.196,1227,0.0,8.0,14.9,36,2846,0.0,-14.4,14.8,37,-0.307,0,
C-A-1,2,1.84373,-29.608,10.196,1227,0.0,8.0,14.9,36,2846,0.0,-14.4,14.8,37,-0.307,0,
C-A-1,2,1.84471,-29.608,10.196,1227,0.0,8.0,14.9,36,2846,0.0,-14.4,14.8,37,-0.307,0,
C-A-1,2,1.84571,-29.608,10.196,1227,0.0,7.2,14.9,36,2846,0.0,-14.4,14.8,37,-0.307,0,
C-A-1,2,1.84671,-29.6463,10.1921,1226,0.0,8.0,14.9,36,2847,0.0,-13.600000000000001,14.8,37,-0.307,0,
C-A-1,2,1.84771,-29.608,10.196,1227,0.0,8.0,14.9,36,2846,0.0,-14.4,14.8,37,-0.307,0,
C-A-1,2,1.84871,-29.608,10.196,1227,0.0,8.0,14.9,36,2846,0.0,-14.4,14.8,37,-0.307,0,
C-A-1,2,1.84971,-29.608,10.196,1227,0.0,8.0,14.9,36,2846,0.0,-14.4,14.8,37,-0.307,0,
C-A-1,2,1.85073,-29.608,10.196,1227,0.0,8.0,14.9,36,2846,0.0,-14.4,14.8,37,-0.307,0,
C-A-1,2,1.85173,-29.608,10.196,1227,0.0,8.0,14.9,36,2846,0.0,-14.4,14.8,37,-0.307,0,
C-A-1,2,1.85271,-29.6463,10.1921,1226,0.0,7.2,14.9,36,2846,0.0,-14.4,14.8,37,-0.345,0,
C-A-1,2,1.85371,-29.608,10.196,1227,0.0,8.0,14.9,36,2846,0.0,-14.4,14.8,37,-0.307,0,
C-A-1,2,1.85471,-29.6463,10.1921,1226,0.0,7.2,15.1,36,2846,0.0,-14.4,14.8,37,-0.345,0,
C-A-1,2,1.85571,-29.608,10.196,1227,0.0,8.0,15.1,36,2846,0.0,-14.4,14.8,37,-0.307,0,
C-A-1,2,1.85671,-29.608,10.196,1227,0.0,8.0,15.1,36,2846,0.0,-14.4,14.8,37,-0.307,0,
C-A-1,2,1.85771,-29.608,10.196,1227,0.0,8.0,15.1,36,2846,0.0,-14.4,14.8,37,-0.307,0,
C-A-1,2,1.85873,-29.6463,10.1921,1226,0.0,7.2,15.1,36,2846,0.0,-14.4,14.8,37,-0.345,0,
C-A-1,2,1.85971,-29.608,10.196,1227,0.0,8.0,15.1,36,2846,0.0,-14.4,14.8,37,-0.307,0,
C-A-1,2,1.86071,-29.608,10.196,1227,0.0,8.0,15.1,36,2846,0.0,-14.4,14.8,37,-0.307,0,
C-A-1,2,1.86171,-29.608,10.196,1227,0.0,8.0,15.1,36,2846,0.0,-14.4,14.8,37,-0.307,0,
C-A-1,2,1.86271,-29.608,10.196,1227,0.0,8.0,15.1,36,2846,0.0,-14.4,14.8,37,-0.307,0,
C-A-1,2,1.86371,-29.608,10.196,1227,0.0,8.0,15.1,36,2846,0.0,-14.4,14.8,37,-0.307,0,
C-A-1,2,1.86471,-29.608,10.196,1227,0.0,8.0,15.1,36,2846,0.0,-14.4,14.8,37,-0.307,0,
C-A-1,2,1.86571,-29.608,10.196,1227,0.0,8.0,15.1,36,2847,0.0,-13.600000000000001,14.8,37,-0.268,0,
C-A-1,2,1.86673,-29.608,10.196,1227,0.0,8.0,15.1,36,2846,0.0,-14.4,14.8,37,-0.307,0,
C-A-1,2,1.86771,-29.608,10.196,1227,0.0,8.0,15.1,36,2846,0.0,-14.4,14.8,37,-0.307,0,
C-A-1,2,1.86871,-29.608,10.196,1227,0.0,8.0,15.1,36,2846,0.0,-14.4,14.8,37,-0.307,0,
C-A-1,2,1.86971,-29.608,10.196,1227,0.0,8.0,15.1,36,2846,0.0,-14.4,14.8,37,-0.307,0,
C-A-1,2,1.87073,-29.608,10.196,1227,0.0,8.0,15.1,36,2846,0.0,-14.4,14.8,37,-0.307,0,
C-A-1,2,1.87171,-29.608,10.196,1227,0.0,8.0,15.1,36,2846,0.0,-14.4,14.8,37,-0.307,0,
C-A-1,2,1.87271,-29.608,10.196,1227,0.0,8.0,15.1,36,2846,0.0,-14.4,14.8,37,-0.307,0,
C-A-1,2,1.87373,-29.608,10.196,1227,0.0,8.0,15.1,36,2846,0.0,-14.4,14.8,37,-0.307,0,
C-A-1,2,1.87471,-29.608,10.196,1227,0.0,8.0,15.1,36,2846,0.0,-14.4,14.8,37,-0.307,0,
C-A-1,2,1.87571,-29.608,10.196,1227,0.0,8.0,15.1,36,2846,0.0,-14.4,14.8,37,-0.307,0,
C-A-1,2,1.87673,-29.608,10.196,1227,0.0,8.0,15.1,36,2846,0.0,-14.4,14.8,37,-0.307,0,
C-A-1,2,1.87772,-29.6463,10.1921,1226,0.0,7.2,15.1,36,2846,0.0,-14.4,14.8,37,-0.345,0,
C-A-1,2,1.87871,-29.608,10.196,1227,0.0,8.0,15.1,36,2846,0.0,-14.4,14.8,37,-0.307,0,
C-A-1,2,1.87971,-29.608,10.196,1227,0.0,8.0,15.1,36,2846,0.0,-14.4,14.8,37,-0.307,0,
C-A-1,2,1.88073,-29.608,10.196,1227,0.0,8.0,15.1,36,2846,0.0,-14.4,14.8,37,-0.307,0,
C-A-1,2,1.88171,-29.608,10.196,1227,0.0,8.0,15.1,36,2846,0.0,-14.4,14.8,37,-0.307,0,
C-A-1,2,1.88271,-29.608,10.196,1227,0.0,8.0,15.1,36,2847,0.0,-13.600000000000001,14.8,37,-0.268,0,
C-A-1,2,1.88373,-29.6463,10.1921,1226,0.0,7.2,15.1,36,2846,0.0,-14.4,14.8,37,-0.345,0,
C-A-1,2,1.88473,-29.608,10.196,1227,0.0,8.0,15.1,36,2846,0.0,-14.4,14.8,37,-0.307,0,
C-A-1,2,1.88571,-29.608,10.196,1227,0.0,8.0,15.1,36,2846,0.0,-14.4,14.8,37,-0.307,0,
C-A-1,2,1.88671,-29.608,10.196,1227,0.0,8.0,15.1,36,2846,0.0,-14.4,14.8,37,-0.307,0,
C-A-1,2,1.88773,-29.608,10.196,1227,0.0,8.0,15.1,36,2847,0.0,-13.600000000000001,14.8,37,-0.268,0,
C-A-1,2,1.88872,-29.608,10.196,1227,0.0,8.0,15.1,36,2846,0.0,-14.4,14.8,37,-0.307,0,
C-A-1,2,1.88971,-29.608,10.196,1227,0.0,8.0,15.1,36,2846,0.0,-14.4,14.8,37,-0.307,0,
C-A-1,2,1.89071,-29.6463,10.1921,1226,0.0,7.2,15.1,36,2846,0.0,-14.4,14.8,37,-0.345,0,
C-A-1,2,1.89171,-29.608,10.196,1227,0.0,8.0,15.1,36,2846,0.0,-14.4,14.8,37,-0.307,0,
C-A-1,2,1.89273,-29.608,10.196,1227,0.0,8.0,15.1,36,2846,0.0,-14.4,14.8,37,-0.307,0,
C-A-1,2,1.89372,-29.608,10.196,1227,0.0,8.0,15.1,36,2846,0.0,-14.4,14.8,37,-0.307,0,
C-A-1,2,1.89471,-29.608,10.196,1227,0.0,8.0,15.1,36,2846,0.0,-14.4,14.8,37,-0.307,0,
C-A-1,2,1.89573,-29.608,10.196,1227,0.0,8.0,15.1,36,2846,0.0,-14.4,14.8,37,-0.307,0,
C-A-1,2,1.89673,-29.6463,10.1921,1226,0.0,7.2,15.1,36,2846,0.0,-14.4,14.8,37,-0.345,0,
C-A-1,2,1.89771,-29.608,10.196,1227,0.0,8.0,15.1,36,2846,0.0,-14.4,14.8,37,-0.307,0,
C-A-1,2,1.89871,-29.6463,10.1921,1226,0.0,7.2,15.1,36,2846,0.0,-14.4,14.8,37,-0.345,0,
C-A-1,2,1.89971,-29.608,10.196,1227,0.0,8.0,15.1,36,2846,0.0,-14.4,14.8,37,-0.307,0,
C-A-1,2,1.90072,-29.608,10.196,1227,0.0,8.0,15.1,36,2846,0.0,-14.4,14.8,37,-0.307,0,
C-A-1,2,1.90171,-29.608,10.196,1227,0.0,8.0,15.1,36,2846,0.0,-14.4,14.8,37,-0.307,0,
C-A-1,2,1.90271,-29.608,10.196,1227,0.0,8.0,15.1,36,2846,0.0,-14.4,14.8,37,-0.307,0,
C-A-1,2,1.90371,-29.608,10.196,1227,0.0,8.0,15.1,36,2846,0.0,-14.4,14.8,37,-0.307,0,
C-A-1,2,1.90473,-29.608,10.196,1227,0.0,8.0,15.1,36,2846,0.0,-14.4,14.8,37,-0.307,0,
C-A-1,2,1.90572,-29.6463,10.1921,1226,0.0,7.2,15.1,36,2846,0.0,-14.4,14.8,37,-0.345,0,
C-A-1,2,1.90671,-29.608,10.196,1227,0.0,8.0,15.1,36,2846,0.0,-14.4,14.8,37,-0.307,0,
C-A-1,2,1.90771,-29.6463,10.1921,1226,0.0,7.2,15.1,36,2846,0.0,-14.4,14.8,37,-0.345,0,
C-A-1,2,1.90873,-29.608,10.196,1227,0.0,8.0,15.1,36,2846,0.0,-14.4,14.8,37,-0.307,0,
C-A-1,2,1.90972,-29.608,10.196,1227,0.0,8.0,15.1,36,2846,0.0,-14.4,14.8,37,-0.307,0,
C-A-1,2,1.91072,-29.6463,10.1921,1226,0.0,7.2,15.1,36,2846,0.0,-13.600000000000001,14.8,37,-0.345,0,
C-A-1,2,1.91173,-29.608,10.196,1227,0.0,8.0,15.1,36,2847,0.0,-14.4,14.8,37,-0.268,0,
C-A-1,2,1.91273,-29.608,10.196,1227,0.0,8.0,15.1,36,2847,0.0,-13.600000000000001,14.8,37,-0.268,0,
C-A-1,2,1.91372,-29.608,10.196,1227,0.0,8.0,15.1,36,2847,0.0,-13.600000000000001,14.8,37,-0.268,0,
C-A-1,2,1.91471,-29.6463,10.1921,1226,0.0,7.2,15.1,36,2847,0.0,-13.600000000000001,14.8,37,-0.307,0,
C-A-1,2,1.91572,-29.6463,10.1921,1226,0.0,7.2,15.1,36,2847,0.0,-13.600000000000001,14.8,37,-0.307,0,
C-A-1,2,1.91673,-29.6463,10.1921,1226,0.0,7.2,15.1,36,2846,0.0,-14.4,14.8,37,-0.345,0,
C-A-1,2,1.91772,-29.6463,10.1921,1226,0.0,7.2,15.1,36,2846,0.0,-14.4,14.8,37,-0.345,0,
C-A-1,2,1.91871,-29.608,10.196,1227,0.0,8.0,15.1,36,2846,0.0,-14.4,14.8,37,-0.307,0,
C-A-1,2,1.91972,-29.6463,10.1921,1226,0.0,7.2,15.1,36,2846,0.0,-14.4,14.8,37,-0.345,0,
C-A-1,2,1.92071,-29.608,10.196,1227,0.0,8.0,15.1,36,2846,0.0,-14.4,14.8,37,-0.307,0,
C-A-1,2,1.92172,-29.6463,10.1921,1226,0.0,7.2,15.1,36,2846,0.0,-14.4,14.8,37,-0.345,0,
C-A-1,2,1.92272,-29.6463,10.1921,1226,0.0,7.2,15.1,36,2846,0.0,-14.4,14.8,37,-0.345,0,
C-A-1,2,1.92371,-29.608,10.196,1227,0.0,8.0,15.1,36,2846,0.0,-14.4,14.8,37,-0.307,0,
C-A-1,2,1.92471,-29.6463,10.1921,1226,0.0,7.2,15.1,36,2847,0.0,-13.600000000000001,14.8,37,-0.307,0,
C-A-1,2,1.92571,-29.6463,10.1921,1226,0.0,7.2,15.1,36,2847,0.0,-13.600000000000001,14.8,37,-0.307,0,
C-A-1,2,1.92671,-29.608,10.196,1227,0.0,8.0,15.1,36,2847,0.0,-13.600000000000001,14.8,37,-0.268,0,
C-A-1,2,1.92772,-29.608,10.196,1227,0.0,8.0,15.1,36,2847,0.0,-13.600000000000001,14.8,37,-0.268,0,
C-A-1,2,1.92871,-29.608,10.196,1227,0.0,8.0,15.1,36,2846,0.0,-14.4,14.8,37,-0.307,0,
C-A-1,2,1.92974,-29.608,10.196,1227,0.0,8.0,15.1,36,2846,0.0,-14.4,14.8,37,-0.307,0,
C-A-1,2,1.93072,-29.6463,10.1921,1226,0.0,7.2,15.1,36,2846,0.0,-14.4,14.8,37,-0.345,0,
C-A-1,2,1.93172,-29.6463,10.1921,1226,0.0,7.2,15.1,36,2847,0.0,-13.600000000000001,14.8,37,-0.307,0,
C-A-1,2,1.93282,-29.6463,10.1921,1226,0.0,7.2,15.1,36,2847,0.0,-13.600000000000001,14.8,37,-0.307,0,
C-A-1,2,1.9338,-29.6463,10.1921,1226,0.0,7.2,15.1,36,2847,0.0,-13.600000000000001,14.8,37,-0.307,0,
C-A-1,2,1.9348,-29.6463,10.1921,1226,0.0,7.2,15.1,36,2846,0.0,-14.4,14.8,37,-0.345,0,
C-A-1,2,1.93581,-29.6463,10.1921,1226,0.0,7.2,15.1,36,2847,0.0,-13.600000000000001,14.8,37,-0.307,0,
C-A-1,2,1.93679,-29.608,10.196,1227,0.0,8.0,15.1,36,2847,0.0,-13.600000000000001,14.8,37,-0.268,0,
C-A-1,2,1.9378,-29.6463,10.1921,1226,0.0,7.2,15.1,36,2847,0.0,-13.600000000000001,14.8,37,-0.307,0,
C-A-1,2,1.93881,-29.6463,10.1921,1226,0.0,7.2,15.1,36,2847,0.0,-13.600000000000001,14.8,37,-0.307,0,
C-A-1,2,1.93982,-29.608,10.196,1227,0.0,8.0,15.1,36,2847,0.0,-13.600000000000001,14.8,37,-0.268,0,
C-A-1,2,1.94079,-29.6463,10.1921,1226,0.0,7.2,15.1,36,2846,0.0,-14.4,14.8,37,-0.345,0,
C-A-1,2,1.9418,-29.6463,10.1921,1226,0.0,7.2,15.1,36,2846,0.0,-14.4,14.8,37,-0.345,0,
C-A-1,2,1.94281,-29.6463,10.1921,1226,0.0,7.2,15.1,36,2846,0.0,-14.4,14.8,37,-0.345,0,
C-A-1,2,1.94381,-29.608,10.196,1227,0.0,8.0,15.1,36,2847,0.0,-13.600000000000001,14.8,37,-0.268,0,
C-A-1,2,1.94479,-29.608,10.196,1227,0.0,8.0,15.1,36,2847,0.0,-13.600000000000001,14.8,37,-0.268,0,
C-A-1,2,1.94573,-29.6463,10.1921,1226,0.0,7.2,15.1,36,2846,0.0,-14.4,14.8,37,-0.345,0,
C-A-1,2,1.94672,-29.608,10.196,1227,0.0,8.0,15.1,36,2846,0.0,-14.4,14.8,37,-0.307,0,
C-A-1,2,1.94771,-29.6463,10.1921,1226,0.0,7.2,15.1,36,2847,0.0,-13.600000000000001,14.8,37,-0.307,0,
C-A-1,2,1.94873,-29.608,10.196,1227,0.0,8.0,15.1,36,2846,0.0,-14.4,14.8,37,-0.307,0,
C-A-1,2,1.94972,-29.608,10.196,1227,0.0,8.0,15.1,36,2847,0.0,-13.600000000000001,14.8,37,-0.268,0,
C-A-1,2,1.95071,-29.608,10.196,1227,0.0,8.0,15.1,36,2846,0.0,-14.4,14.8,37,-0.307,0,
C-A-1,2,1.95173,-29.6463,10.1921,1226,0.0,7.2,15.1,36,2846,0.0,-14.4,14.8,37,-0.345,0,
C-A-1,2,1.95273,-29.6463,10.1921,1226,0.0,7.2,15.1,36,2847,0.0,-13.600000000000001,14.8,37,-0.307,0,
C-A-1,2,1.95371,-29.6463,10.1921,1226,0.0,7.2,15.1,36,2847,0.0,-13.600000000000001,14.8,37,-0.307,0,
C-A-1,2,1.95472,-29.6463,10.1921,1226,0.0,7.2,15.1,36,2846,0.0,-14.4,14.8,37,-0.345,0,
C-A-1,2,1.95573,-29.6463,10.1921,1226,0.0,7.2,15.1,36,2846,0.0,-14.4,14.8,37,-0.345,0,
C-A-1,2,1.95672,-29.608,10.196,1227,0.0,8.0,15.1,36,2847,0.0,-13.600000000000001,14.8,37,-0.268,0,
C-A-1,2,1.95771,-29.6463,10.1921,1226,0.0,7.2,15.1,36,2846,0.0,-14.4,14.8,37,-0.345,0,
C-A-1,2,1.95873,-29.6463,10.1921,1226,0.0,7.2,15.1,36,2847,0.0,-13.600000000000001,14.8,37,-0.307,0,
C-A-1,2,1.95972,-29.608,10.196,1227,0.0,8.0,15.1,36,2846,0.0,-14.4,14.8,37,-0.307,0,
C-A-1,2,1.96071,-29.608,10.196,1227,0.0,8.0,15.1,36,2846,0.0,-14.4,14.8,37,-0.307,0,
C-A-1,2,1.96173,-29.6463,10.1921,1226,0.0,7.2,15.1,36,2846,0.0,-14.4,14.8,37,-0.345,0,
C-A-1,2,1.96272,-29.608,10.196,1227,0.0,8.0,15.1,36,2847,0.0,-13.600000000000001,14.8,37,-0.268,0,
C-A-1,2,1.96372,-29.608,10.196,1227,0.0,8.0,15.1,36,2847,0.0,-13.600000000000001,14.8,37,-0.268,0,
C-A-1,2,1.96473,-29.608,10.196,1227,0.0,8.0,15.1,36,2846,0.0,-14.4,14.8,37,-0.307,0,
C-A-1,2,1.96572,-29.608,10.196,1227,0.0,8.0,15.1,36,2847,0.0,-13.600000000000001,14.8,37,-0.268,0,
C-A-1,2,1.96672,-29.6463,10.1921,1226,0.0,7.2,15.1,36,2846,0.0,-14.4,14.8,37,-0.345,0,
C-A-1,2,1.96773,-29.6463,10.1921,1226,0.0,7.2,15.1,36,2846,0.0,-14.4,14.8,37,-0.345,0,
C-A-1,2,1.96872,-29.6463,10.1921,1226,0.0,7.2,15.1,36,2847,0.0,-13.600000000000001,14.8,37,-0.307,0,
C-A-1,2,1.96971,-29.6463,10.1921,1226,0.0,7.2,15.1,36,2846,0.0,-14.4,14.8,37,-0.345,0,
C-A-1,2,1.97073,-29.6463,10.1921,1226,0.0,7.2,15.1,36,2846,0.0,-14.4,14.8,37,-0.345,0,
C-A-1,2,1.97172,-29.6463,10.1921,1226,0.0,7.2,14.9,36,2847,0.0,-13.600000000000001,14.8,37,-0.307,0,
C-A-1,2,1.97271,-29.6463,10.1921,1226,0.0,7.2,14.9,36,2846,0.0,-14.4,14.8,37,-0.345,0,
C-A-1,2,1.97374,-29.608,10.196,1227,0.0,8.0,14.9,36,2847,0.0,-13.600000000000001,14.8,37,-0.268,0,
C-A-1,2,1.97472,-29.6463,10.1921,1226,0.0,7.2,14.9,36,2847,0.0,-13.600000000000001,14.8,37,-0.307,0,
C-A-1,2,1.97571,-29.6463,10.1921,1226,0.0,7.2,14.9,36,2846,0.0,-14.4,14.8,37,-0.345,0,
C-A-1,2,1.9767,-29.6463,10.1921,1226,0.0,7.2,14.9,36,2847,0.0,-13.600000000000001,14.8,37,-0.307,0,
C-A-1,2,1.97772,-29.6463,10.1921,1226,0.0,7.2,14.9,36,2846,0.0,-14.4,14.8,37,-0.345,0,
C-A-1,2,1.9787,-29.608,10.196,1227,0.0,8.0,14.9,36,2847,0.0,-13.600000000000001,14.8,37,-0.268,0,
C-A-1,2,1.97971,-29.608,10.196,1227,0.0,8.0,14.9,36,2846,0.0,-14.4,14.8,37,-0.307,0,
C-A-1,2,1.9807,-29.6463,10.1921,1226,0.0,8.0,14.9,36,2847,0.0,-13.600000000000001,14.8,37,-0.307,0,
C-A-1,2,1.98172,-29.6463,10.1921,1226,0.0,7.2,14.9,36,2846,0.0,-14.4,14.8,37,-0.345,0,
C-A-1,2,1.9827,-29.6463,10.1921,1226,0.0,7.2,14.9,36,2847,0.0,-13.600000000000001,14.8,37,-0.307,0,
C-A-1,2,1.98372,-29.608,10.196,1227,0.0,8.0,14.9,36,2847,0.0,-13.600000000000001,14.8,37,-0.268,0,
C-A-1,2,1.9847,-29.608,10.196,1227,0.0,8.0,14.9,36,2846,0.0,-14.4,14.8,37,-0.307,0,
C-A-1,2,1.98572,-29.608,10.196,1227,0.0,8.0,14.9,36,2846,0.0,-14.4,14.8,37,-0.307,0,
C-A-1,2,1.9867,-29.608,10.196,1227,0.0,8.0,14.9,36,2846,0.0,-14.4,14.8,37,-0.307,0,
C-A-1,2,1.98772,-29.608,10.196,1227,0.0,8.0,14.9,36,2847,0.0,-13.600000000000001,14.8,37,-0.268,0,
C-A-1,2,1.9887,-29.608,10.196,1227,0.0,8.0,14.9,36,2846,0.0,-14.4,14.8,37,-0.307,0,
C-A-1,2,1.98971,-29.608,10.196,1227,0.0,8.0,14.9,36,2847,0.0,-13.600000000000001,14.8,37,-0.268,0,
C-A-1,2,1.9907,-29.608,10.196,1227,0.0,8.0,14.9,36,2846,0.0,-14.4,14.8,37,-0.307,0,
C-A-1,2,1.99172,-29.608,10.196,1227,0.0,8.0,14.9,36,2846,0.0,-14.4,14.8,37,-0.307,0,
C-A-1,2,1.9927,-29.608,10.196,1227,0.0,8.0,14.9,36,2846,0.0,-14.4,14.8,37,-0.307,0,
C-A-1,2,1.99372,-29.6463,10.1921,1226,0.0,7.2,14.9,36,2846,0.0,-14.4,14.8,37,-0.345,0,
C-A-1,2,1.9947,-29.608,10.196,1227,0.0,8.0,14.9,36,2847,0.0,-13.600000000000001,14.8,37,-0.268,0,
C-A-1,2,1.99571,-29.608,10.196,1227,0.0,8.0,14.9,36,2847,0.0,-13.600000000000001,14.8,37,-0.268,0,
C-A-1,2,1.9967,-29.608,10.196,1227,0.0,8.0,14.9,36,2847,0.0,-13.600000000000001,14.8,37,-0.268,0,
C-A-1,2,1.99771,-29.608,10.196,1227,0.0,8.0,14.9,36,2846,0.0,-14.4,14.8,37,-0.307,0,
C-A-1,2,1.9987,-29.608,10.196,1227,0.0,8.0,14.9,36,2846,0.0,-14.4,14.8,37,-0.307,0,
C-A-1,2,1.99972,-29.608,10.196,1227,0.0,8.0,14.9,36,2846,0.0,-14.4,14.8,37,-0.307,0,
C-A-1,2,2.0007,-29.608,10.196,1227,0.0,8.0,14.9,36,2847,0.0,-13.600000000000001,14.8,37,-0.268,0,
C-A-1,3,0.00191,27.0767,10.4419,2705,7.04,5.0,14.9,36,1364,-7.55,-8.3,14.8,37,-0.46,0,
C-A-1,3,0.00292,27.1534,10.4348,2707,7.55,5.9,14.9,36,1363,-7.55,-8.3,14.8,37,-0.422,0,
C-A-1,3,0.00383,27.1918,10.4312,2708,7.55,6.7,14.9,36,1363,-7.04,-6.6000000000000005,14.8,37,-0.384,0,
C-A-1,3,0.00481,27.1918,10.4312,2708,7.55,6.7,14.9,36,1362,-7.55,-8.3,14.8,37,-0.422,0,
C-A-1,3,0.00584,27.1918,10.4312,2708,7.55,6.7,14.9,36,1362,-7.55,-8.3,14.8,37,-0.422,0,
C-A-1,3,0.00683,27.1918,10.4312,2708,7.04,5.800000000000001,14.9,36,1361,-8.05,-10.0,14.8,37,-0.46,0,
C-A-1,3,0.00783,27.2301,10.4276,2709,7.04,5.800000000000001,14.9,36,1361,-7.55,-8.3,14.8,37,-0.422,0,
C-A-1,3,0.00882,27.2301,10.4276,2709,7.04,5.800000000000001,14.9,36,1359,-7.55,-9.9,14.8,37,-0.499,0,
C-A-1,3,0.00983,27.2685,10.424,2710,7.04,6.6000000000000005,14.9,36,1359,-7.55,-9.9,14.8,37,-0.46,0,
C-A-1,3,0.01082,27.3068,10.4204,2711,7.55,8.3,14.9,36,1359,-7.55,-9.9,14.8,37,-0.422,0,
C-A-1,3,0.01183,27.3068,10.4204,2711,7.04,7.4,14.9,36,1358,-7.55,-10.700000000000001,14.8,37,-0.46,0,
C-A-1,3,0.01283,27.3452,10.4168,2712,7.55,9.1,14.9,36,1358,-7.55,-10.700000000000001,14.8,37,-0.422,0,
C-A-1,3,0.01376,27.3452,10.4168,2712,7.04,8.200000000000001,14.9,36,1358,-7.04,-9.8,14.8,37,-0.422,0,
C-A-1,3,0.01475,27.3452,10.4168,2712,7.04,8.200000000000001,14.9,36,1357,-7.04,-10.600000000000001,14.8,37,-0.46,0,
C-A-1,3,0.01575,27.3835,10.4132,2713,7.55,9.9,14.9,36,1356,-7.55,-12.3,14.8,37,-0.46,0,
C-A-1,3,0.01675,27.4219,10.4096,2714,7.55,10.700000000000001,14.9,36,1356,-7.55,-12.3,14.8,37,-0.422,0,
C-A-1,3,0.01776,27.4219,10.4096,2714,7.04,10.600000000000001,14.9,36,1356,-7.04,-11.4,14.8,37,-0.422,0,
C-A-1,3,0.01875,27.4602,10.406,2715,7.55,12.3,14.9,36,1355,-7.55,-13.9,14.8,37,-0.422,0,
C-A-1,3,0.01974,27.4602,10.406,2715,7.55,12.3,14.9,36,1355,-7.04,-13.0,14.8,37,-0.422,0,
C-A-1,3,0.02075,27.4602,10.406,2715,7.04,12.200000000000001,14.9,36,1354,-7.55,-14.700000000000001,14.8,37,-0.46,0,
C-A-1,3,0.02175,27.4602,10.406,2715,6.54,11.3,14.9,36,1354,-7.55,-15.5,14.8,37,-0.46,0,
C-A-1,3,0.02275,27.4986,10.4023,2716,7.04,13.0,14.9,36,1353,-7.55,-16.3,14.8,37,-0.46,0,
C-A-1,3,0.02374,27.4986,10.4023,2716,7.04,13.8,14.9,36,1353,-7.04,-16.2,14.8,37,-0.46,0,
C-A-1,3,0.02475,27.5369,10.3987,2717,7.04,14.600000000000001,14.9,36,1352,-7.55,-17.900000000000002,14.8,37,-0.46,0,
C-A-1,3,0.02574,27.5753,10.3951,2718,7.04,16.2,14.9,36,1352,-7.04,-17.8,14.8,37,-0.422,0,
C-A-1,3,0.02675,27.5753,10.3951,2718,7.04,17.0,14.9,36,1352,-7.04,-17.8,14.8,37,-0.422,0,
C-A-1,3,0.02774,27.5753,10.3951,2718,6.54,16.900000000000002,14.9,36,1351,-7.04,-19.400000000000002,14.8,37,-0.46,0,
C-A-1,3,0.02875,27.5753,10.3951,2718,6.54,16.900000000000002,14.9,36,1351,-7.04,-20.200000000000003,14.8,37,-0.46,0,
C-A-1,3,0.02975,27.6136,10.3915,2719,7.04,19.400000000000002,14.9,36,1351,-7.04,-20.200000000000003,14.8,37,-0.422,0,
C-A-1,3,0.03075,27.6136,10.3915,2719,6.54,19.3,14.9,36,1350,-7.04,-21.8,14.8,37,-0.46,0,
C-A-1,3,0.03174,27.6136,10.3915,2719,6.04,19.3,14.9,36,1350,-6.54,-21.700000000000003,14.8,37,-0.46,0,
C-A-1,3,0.03274,27.6136,10.3915,2719,6.04,19.3,14.9,36,1350,-6.54,-22.5,14.8,37,-0.46,0,
C-A-1,3,0.03375,27.6136,10.3915,2719,5.54,19.200000000000003,14.9,36,1350,-6.04,-22.5,14.8,37,-0.46,0,
C-A-1,3,0.03475,27.652,10.3878,2720,6.04,22.5,14.9,36,1349,-6.54,-24.900000000000002,14.8,37,-0.46,0,
C-A-1,3,0.03575,27.652,10.3878,2720,5.54,22.400000000000002,14.9,36,1349,-6.04,-24.900000000000002,14.8,37,-0.46,0,
C-A-1,3,0.03675,27.652,10.3878,2720,5.54,23.200000000000003,14.9,36,1349,-6.04,-25.700000000000003,14.8,37,-0.46,0,
C-A-1,3,0.03775,27.652,10.3878,2720,5.54,24.0,14.9,36,1349,-5.54,-25.6,14.8,37,-0.46,0,
C-A-1,3,0.03875,27.652,10.3878,2720,5.03,23.900000000000002,14.9,36,1349,-5.03,-25.5,14.8,37,-0.46,0,
C-A-1,3,0.03975,27.652,10.3878,2720,4.53,23.8,14.9,36,1349,-5.03,-26.3,14.8,37,-0.46,0,
C-A-1,3,0.04075,27.652,10.3878,2720,4.53,24.6,14.9,36,1349,-4.53,-27.0,14.8,37,-0.46,0,
C-A-1,3,0.04175,27.652,10.3878,2720,4.03,25.400000000000002,14.9,36,1349,-4.53,-27.8,14.8,37,-0.46,0,
C-A-1,3,0.04275,27.652,10.3878,2720,4.03,26.200000000000003,14.9,36,1349,-4.53,-29.400000000000002,14.8,37,-0.46,0,
C-A-1,3,0.04375,27.652,10.3878,2720,4.03,27.0,14.9,36,1349,-4.03,-29.400000000000002,14.8,37,-0.46,0,
C-A-1,3,0.04475,27.652,10.3878,2720,3.52,26.900000000000002,14.9,36,1349,-3.52,-29.3,14.8,37,-0.46,0,
C-A-1,3,0.04575,27.652,10.3878,2720,3.52,28.5,14.9,36,1349,-3.52,-30.1,14.8,37,-0.46,0,
C-A-1,3,0.04675,27.652,10.3878,2720,3.02,28.400000000000002,14.9,36,1349,-3.52,-31.700000000000003,14.8,37,-0.46,0,
C-A-1,3,0.04775,27.652,10.3878,2720,3.02,29.200000000000003,14.9,36,1349,-3.02,-31.6,14.8,37,-0.46,0,
C-A-1,3,0.04875,27.652,10.3878,2720,2.52,30.700000000000003,14.9,36,1349,-3.02,-33.2,14.8,37,-0.46,0,
C-A-1,3,0.04975,27.6903,10.3842,2721,3.02,34.0,14.9,36,1349,-2.52,-34.7,14.8,37,-0.422,0,
C-A-1,3,0.05075,27.652,10.3878,2720,2.52,33.1,14.9,36,1349,-2.52,-35.5,14.8,37,-0.46,0,
C-A-1,3,0.05175,27.6903,10.3842,2721,2.52,35.5,14.9,36,1349,-2.01,-36.300000000000004,14.8,37,-0.422,0,
C-A-1,3,0.05275,27.652,10.3878,2720,2.01,35.5,14.9,36,1348,-2.52,-38.7,14.8,37,-0.499,0,
C-A-1,3,0.05375,27.6903,10.3842,2721,2.01,37.1,14.9,36,1349,-1.51,-37.800000000000004,14.8,37,-0.422,0,
C-A-1,3,0.05475,27.6903,10.3842,2721,2.01,38.7,14.9,36,1349,-1.51,-39.400000000000006,14.8,37,-0.422,0,
C-A-1,3,0.05575,27.652,10.3878,2720,1.01,37.7,14.9,36,1349,-1.51,-40.2,14.8,37,-0.46,0,
C-A-1,3,0.05675,27.6903,10.3842,2721,1.51,40.2,14.9,36,1349,-1.01,-40.900000000000006,14.8,37,-0.422,0,
C-A-1,3,0.05775,27.652,10.3878,2720,1.01,41.7,14.9,36,1349,-1.01,-42.5,14.8,37,-0.46,0,
C-A-1,3,0.05875,27.652,10.3878,2720,0.0,41.6,14.9,36,1349,-1.01,-44.1,14.8,37,-0.46,0,
C-A-1,3,0.05975,27.652,10.3878,2720,0.0,43.2,14.9,36,1349,0.0,-44.0,14.8,37,-0.46,0,
C-A-1,3,0.06075,27.652,10.3878,2720,0.0,44.800000000000004,14.9,36,1349,0.0,-45.6,14.8,37,-0.46,0,
C-A-1,3,0.06175,27.652,10.3878,2720,0.0,46.400000000000006,14.9,36,1349,0.0,-46.400000000000006,14.8,37,-0.46,0,
C-A-1,3,0.06275,27.652,10.3878,2720,0.0,48.0,14.9,36,1350,0.0,-47.2,14.8,37,-0.422,0,
C-A-1,3,0.06375,27.6136,10.3915,2719,0.0,48.800000000000004,14.9,36,1350,0.0,-51.2,14.8,37,-0.46,0,
C-A-1,3,0.06475,27.6136,10.3915,2719,0.0,50.400000000000006,14.9,36,1350,0.0,-52.800000000000004,14.8,37,-0.46,0,
C-A-1,3,0.06575,27.6136,10.3915,2719,0.0,52.0,14.9,36,1350,0.0,-54.400000000000006,14.8,37,-0.46,0,
C-A-1,3,0.06675,27.6136,10.3915,2719,0.0,55.2,14.9,36,1351,1.01,-53.5,14.8,37,-0.422,0,
C-A-1,3,0.06775,27.5753,10.3951,2718,-1.01,55.1,14.9,36,1351,1.01,-55.1,14.8,37,-0.46,0,
C-A-1,3,0.06876,27.5753,10.3951,2718,-1.01,56.7,14.9,36,1352,1.51,-55.0,14.8,37,-0.422,0,
C-A-1,3,0.06975,27.5369,10.3987,2717,-1.51,56.6,14.9,36,1352,1.51,-57.400000000000006,14.8,37,-0.46,0,
C-A-1,3,0.07075,27.5369,10.3987,2717,-1.51,59.0,14.9,36,1352,1.51,-59.0,14.8,37,-0.46,0,
C-A-1,3,0.07175,27.5369,10.3987,2717,-1.51,60.6,14.9,36,1353,2.01,-58.900000000000006,14.8,37,-0.422,0,
C-A-1,3,0.07275,27.4986,10.4023,2716,-2.01,61.300000000000004,14.9,36,1354,2.52,-61.300000000000004,14.8,37,-0.422,0,
C-A-1,3,0.07375,27.4986,10.4023,2716,-2.01,62.900000000000006,14.9,36,1355,3.02,-62.0,14.8,37,-0.384,0,
C-A-1,3,0.07475,27.4602,10.406,2715,-2.52,62.900000000000006,14.9,36,1355,3.02,-63.6,14.8,37,-0.422,0,
C-A-1,3,0.07575,27.4219,10.4096,2714,-3.02,66.0,14.9,36,1356,3.52,-64.3,14.8,37,-0.422,0,
C-A-1,3,0.07675,27.3835,10.4132,2713,-3.52,65.9,14.9,36,1356,3.52,-65.9,14.8,37,-0.46,0,
C-A-1,3,0.07775,27.3835,10.4132,2713,-3.52,68.3,14.9,36,1357,4.03,-66.60000000000001,14.8,37,-0.422,0,
C-A-1,3,0.07875,27.3452,10.4168,2712,-4.53,68.2,14.9,36,1357,4.03,-68.2,14.8,37,-0.46,0,
C-A-1,3,0.07975,27.3452,10.4168,2712,-4.03,70.60000000000001,14.9,36,1358,4.53,-69.0,14.8,37,-0.422,0,
C-A-1,3,0.08075,27.3068,10.4204,2711,-5.03,70.5,14.9,36,1359,5.03,-69.7,14.8,37,-0.422,0,
C-A-1,3,0.08175,27.2685,10.424,2710,-5.03,72.10000000000001,14.9,36,1361,6.54,-69.5,14.8,37,-0.384,0,
C-A-1,3,0.08275,27.2301,10.4276,2709,-6.04,71.9,14.9,36,1361,6.04,-72.7,14.8,37,-0.422,0,
C-A-1,3,0.08375,27.2301,10.4276,2709,-6.04,74.3,14.9,36,1362,6.54,-73.5,14.8,37,-0.384,0,
C-A-1,3,0.08475,27.1534,10.4348,2707,-6.54,73.5,14.9,36,1363,7.04,-74.2,14.8,37,-0.422,0,
C-A-1,3,0.08575,27.1534,10.4348,2707,-7.04,75.0,14.9,36,1364,7.55,-74.9,14.8,37,-0.384,0,
C-A-1,3,0.08675,27.0767,10.4419,2705,-7.55,74.9,14.9,36,1365,8.05,-75.60000000000001,14.8,37,-0.422,0,
C-A-1,3,0.08775,27.0767,10.4419,2705,-7.55,77.30000000000001,14.9,36,1365,8.05,-78.0,14.8,37,-0.422,0,
C-A-1,3,0.08875,27.0,10.4491,2703,-8.55,76.4,14.9,36,1367,9.06,-77.10000000000001,14.8,37,-0.422,0,
C-A-1,3,0.08975,26.9233,10.4562,2701,-9.56,78.60000000000001,14.9,36,1368,9.56,-77.80000000000001,14.8,37,-0.46,0,
C-A-1,3,0.09075,26.8849,10.4597,2700,-10.06,79.30000000000001,14.9,36,1370,10.06,-80.10000000000001,14.8,37,-0.422,0,
C-A-1,3,0.09189,26.8082,10.4668,2698,-11.07,78.4,14.9,36,1371,11.07,-79.5,14.8,37,-0.46,0,
C-A-1,3,0.09276,26.8082,10.4668,2698,-10.57,80.4,14.9,36,1373,11.57,-78.60000000000001,14.8,37,-0.384,0,
C-A-1,3,0.09376,26.7315,10.4739,2696,-11.57,78.60000000000001,14.9,36,1374,12.08,-77.7,14.8,37,-0.422,0,
C-A-1,3,0.09476,26.6932,10.4774,2695,-12.08,77.7,14.9,36,1376,13.08,-76.0,14.8,37,-0.384,0,
C-A-1,3,0.09576,26.6548,10.481,2694,-12.58,76.9,14.9,36,1377,13.08,-76.0,14.8,37,-0.384,0,
C-A-1,3,0.09675,26.5781,10.488,2692,-13.59,75.10000000000001,14.9,36,1378,13.59,-75.10000000000001,14.8,37,-0.422,0,
C-A-1,3,0.09776,26.5014,10.495,2690,-14.09,74.2,14.9,36,1379,13.59,-75.10000000000001,14.8,37,-0.46,0,
C-A-1,3,0.09875,26.348,10.509,2686,-15.1,72.5,14.9,36,1381,14.59,-73.4,14.8,37,-0.537,0,
C-A-1,3,0.09975,26.2713,10.5159,2684,-16.1,70.7,14.9,36,1384,15.6,-71.60000000000001,14.8,37,-0.499,0,
C-A-1,3,0.10075,26.233,10.5194,2683,-16.61,69.8,14.9,36,1384,15.6,-71.60000000000001,14.8,37,-0.537,0,
C-A-1,3,0.10175,26.1562,10.5263,2681,-17.11,69.0,14.9,36,1387,16.61,-69.8,14.8,37,-0.499,0,
C-A-1,3,0.10275,26.1179,10.5298,2680,-17.61,68.10000000000001,14.9,36,1389,17.11,-69.0,14.8,37,-0.46,0,
C-A-1,3,0.10375,26.0412,10.5367,2678,-18.12,67.2,14.9,36,1391,18.12,-67.2,14.8,37,-0.46,0,
C-A-1,3,0.10475,25.9645,10.5436,2676,-19.12,65.5,14.9,36,1392,18.12,-67.2,14.8,37,-0.499,0,
C-A-1,3,0.10576,25.9261,10.547,2675,-19.12,65.5,14.9,36,1394,19.12,-65.5,14.8,37,-0.46,0,
C-A-1,3,0.10675,25.8494,10.5539,2673,-19.62,64.60000000000001,14.9,36,1396,19.62,-64.60000000000001,14.8,37,-0.46,0,
C-A-1,3,0.10775,25.7344,10.5641,2670,-20.63,62.800000000000004,14.9,36,1398,20.63,-62.800000000000004,14.8,37,-0.499,0,
C-A-1,3,0.10875,25.6577,10.5709,2668,-21.64,61.1,14.9,36,1400,21.13,-62.0,14.8,37,-0.499,0,
C-A-1,3,0.10989,25.6193,10.5743,2667,-21.64,61.1,14.9,36,1400,20.63,-62.800000000000004,14.8,37,-0.537,0,
C-A-1,3,0.11076,25.5426,10.5811,2665,-22.14,60.2,14.9,36,1404,21.64,-61.1,14.8,37,-0.46,0,
C-A-1,3,0.11176,25.4659,10.5879,2663,-22.64,59.300000000000004,14.9,36,1404,21.64,-61.1,14.8,37,-0.537,0,
C-A-1,3,0.11276,25.4276,10.5912,2662,-23.15,58.5,15.1,36,1406,22.64,-59.300000000000004,14.8,37,-0.499,0,
C-A-1,3,0.11376,25.3509,10.598,2660,-23.15,58.5,15.1,36,1408,22.64,-59.300000000000004,15.0,37,-0.499,0,
C-A-1,3,0.11476,25.2741,10.6047,2658,-24.15,56.7,15.1,36,1410,23.15,-58.5,15.0,37,-0.499,0,
C-A-1,3,0.11576,25.1974,10.6114,2656,-24.15,56.7,15.1,36,1412,23.65,-57.6,15.0,37,-0.499,0,
C-A-1,3,0.11676,25.0824,10.6214,2653,-24.66,55.800000000000004,15.1,36,1413,24.15,-56.7,15.0,37,-0.575,0,
C-A-1,3,0.11776,25.044,10.6247,2652,-24.66,55.800000000000004,15.1,36,1415,24.15,-56.7,15.0,37,-0.537,0,
C-A-1,3,0.11876,24.929,10.6346,2649,-25.66,54.1,15.1,36,1416,24.15,-56.7,15.0,37,-0.614,0,
C-A-1,3,0.11976,24.8523,10.6413,2647,-26.17,53.2,15.1,36,1419,25.16,-55.0,15.0,37,-0.575,0,
C-A-1,3,0.12076,24.7756,10.6478,2645,-26.17,53.2,15.1,36,1420,25.16,-55.0,15.0,37,-0.614,0,
C-A-1,3,0.12175,24.7372,10.6511,2644,-26.67,52.300000000000004,15.1,36,1422,25.66,-54.1,15.0,37,-0.575,0,
C-A-1,3,0.12276,24.6605,10.6577,2642,-26.67,52.300000000000004,15.1,36,1425,25.66,-54.1,15.0,37,-0.537,0,
C-A-1,3,0.12375,24.5838,10.6642,2640,-27.17,51.5,15.1,36,1426,25.16,-55.0,15.0,37,-0.575,0,
C-A-1,3,0.12476,24.5455,10.6675,2639,-27.17,51.5,15.1,36,1428,25.66,-54.1,15.0,37,-0.537,0,
C-A-1,3,0.12575,24.4304,10.6773,2636,-27.17,51.5,15.1,36,1430,26.17,-53.2,15.0,37,-0.575,0,
C-A-1,3,0.12675,24.392,10.6805,2635,-27.17,51.5,15.1,36,1432,26.67,-52.300000000000004,15.0,37,-0.537,0,
C-A-1,3,0.12776,24.3537,10.6837,2634,-27.68,50.6,15.1,36,1433,26.17,-53.2,15.0,37,-0.537,0,
C-A-1,3,0.12875,24.2386,10.6934,2631,-27.17,51.5,15.1,36,1435,26.17,-53.2,15.0,37,-0.575,0,
C-A-1,3,0.12976,24.2003,10.6967,2630,-28.18,49.7,15.1,36,1438,27.17,-51.5,15.0,37,-0.499,0,
C-A-1,3,0.13075,24.0469,10.7095,2626,-27.68,50.6,15.1,36,1440,27.68,-50.6,15.0,37,-0.575,0,
C-A-1,3,0.13176,23.9702,10.7159,2624,-28.18,49.7,15.1,36,1443,27.17,-51.5,15.0,37,-0.537,0,
C-A-1,3,0.13275,23.8551,10.7254,2621,-28.18,49.7,15.1,36,1446,27.68,-50.6,15.0,37,-0.537,0,
C-A-1,3,0.13376,23.7784,10.7318,2619,-28.18,49.7,15.1,36,1448,28.18,-49.7,15.0,37,-0.537,0,
C-A-1,3,0.13475,23.7017,10.7381,2617,-28.68,48.800000000000004,15.1,36,1450,28.18,-49.7,15.0,37,-0.537,0,
C-A-1,3,0.13574,23.6634,10.7412,2616,-28.18,49.7,15.1,36,1453,28.68,-48.800000000000004,15.0,37,-0.46,0,
C-A-1,3,0.13675,23.5483,10.7507,2613,-28.68,48.800000000000004,15.1,36,1454,28.18,-49.7,15.0,37,-0.537,0,
C-A-1,3,0.13775,23.4716,10.7569,2611,-29.19,48.0,15.1,36,1456,28.18,-49.7,15.0,37,-0.537,0,
C-A-1,3,0.13876,23.3949,10.7632,2609,-29.19,48.0,15.1,36,1458,29.19,-48.0,15.0,37,-0.537,0,
C-A-1,3,0.13975,23.2415,10.7756,2605,-29.69,47.1,15.1,36,1461,29.69,-47.1,15.0,37,-0.575,0,
C-A-1,3,0.14074,23.2031,10.7787,2604,-29.19,48.0,15.1,36,1464,29.19,-48.0,15.0,37,-0.499,0,
C-A-1,3,0.14175,23.0881,10.7879,2601,-30.19,46.2,15.1,36,1466,29.19,-48.0,15.0,37,-0.537,0,
C-A-1,3,0.14276,23.0114,10.7941,2599,-30.19,46.2,15.1,36,1468,30.19,-46.2,15.0,37,-0.537,0,
C-A-1,3,0.14376,22.9347,10.8002,2597,-30.19,46.2,15.1,36,1471,30.7,-45.300000000000004,15.0,37,-0.499,0,
C-A-1,3,0.14476,22.8963,10.8033,2596,-29.69,47.1,15.1,36,1473,30.7,-45.300000000000004,15.0,37,-0.46,0,
C-A-1,3,0.14574,22.7812,10.8124,2593,-30.19,46.2,15.1,36,1474,30.7,-45.300000000000004,15.0,37,-0.537,0,
C-A-1,3,0.14676,22.7045,10.8185,2591,-30.7,45.300000000000004,15.1,36,1477,31.2,-44.400000000000006,15.0,37,-0.499,0,
C-A-1,3,0.14776,22.6278,10.8245,2589,-31.2,44.400000000000006,15.1,36,1479,31.7,-43.6,15.0,37,-0.499,0,
C-A-1,3,0.14874,22.4744,10.8366,2585,-30.7,45.300000000000004,15.1,36,1482,31.7,-43.6,15.0,37,-0.537,0,
C-A-1,3,0.14976,22.3977,10.8426,2583,-30.7,45.300000000000004,15.1,36,1483,31.7,-43.6,15.0,37,-0.575,0,
C-A-1,3,0.15076,22.321,10.8485,2581,-31.2,44.400000000000006,15.1,36,1485,31.7,-43.6,15.0,37,-0.575,0,
C-A-1,3,0.15174,22.206,10.8575,2578,-31.7,43.6,15.1,36,1487,32.2,-42.7,15.0,37,-0.614,0,
C-A-1,3,0.15276,22.1293,10.8634,2576,-31.7,43.6,15.1,36,1490,32.71,-41.800000000000004,15.0,37,-0.575,0,
C-A-1,3,0.15376,22.0909,10.8663,2575,-31.7,43.6,15.1,36,1492,33.21,-40.900000000000006,15.0,37,-0.537,0,
C-A-1,3,0.15474,22.0142,10.8722,2573,-31.2,44.400000000000006,15.1,36,1497,33.71,-40.1,15.0,37,-0.422,0,
C-A-1,3,0.15576,21.8991,10.881,2570,-32.2,42.7,15.1,36,1499,33.71,-40.1,15.0,37,-0.46,0,
C-A-1,3,0.15676,21.8224,10.8869,2568,-32.71,41.800000000000004,15.1,36,1501,34.22,-39.2,15.0,37,-0.46,0,
C-A-1,3,0.15774,21.6307,10.9014,2563,-33.21,40.900000000000006,15.1,36,1505,35.22,-37.4,15.0,37,-0.499,0,
C-A-1,3,0.15876,21.554,10.9072,2561,-32.71,41.800000000000004,15.1,36,1507,34.72,-38.300000000000004,15.0,37,-0.499,0,
C-A-1,3,0.15976,21.4773,10.913,2559,-33.21,40.900000000000006,15.1,36,1509,34.72,-38.300000000000004,15.0,37,-0.499,0,
C-A-1,3,0.16076,21.3622,10.9216,2556,-33.71,40.1,15.1,36,1511,34.72,-38.300000000000004,15.0,37,-0.537,0,
C-A-1,3,0.16176,21.2472,10.9301,2553,-34.22,39.2,15.1,36,1514,35.73,-36.6,15.0,37,-0.537,0,
C-A-1,3,0.16274,21.2088,10.933,2552,-33.71,40.1,15.1,36,1517,35.73,-36.6,15.0,37,-0.46,0,
C-A-1,3,0.16377,21.0938,10.9415,2549,-34.22,39.2,15.1,36,1521,35.73,-36.6,15.0,37,-0.422,0,
C-A-1,3,0.16476,21.017,10.9471,2547,-34.72,38.300000000000004,15.1,36,1524,35.73,-36.6,15.0,37,-0.384,0,
C-A-1,3,0.16574,20.902,10.9555,2544,-34.72,38.300000000000004,15.1,36,1526,36.23,-35.7,15.0,37,-0.422,0,
C-A-1,3,0.16676,20.7102,10.9695,2539,-35.22,37.4,15.1,36,1529,36.73,-34.800000000000004,15.0,37,-0.499,0,
C-A-1,3,0.16776,20.6335,10.975,2537,-35.22,37.4,15.1,36,1532,37.24,-33.9,15.0,37,-0.46,0,
C-A-1,3,0.16875,20.5185,10.9833,2534,-35.73,36.6,15.1,36,1534,36.73,-34.800000000000004,15.0,37,-0.499,0,
C-A-1,3,0.16976,20.4034,10.9915,2531,-36.73,34.800000000000004,15.1,36,1538,37.74,-33.1,15.0,37,-0.46,0,
C-A-1,3,0.17076,20.3267,10.997,2529,-36.23,35.7,15.1,36,1541,38.24,-32.2,15.0,37,-0.422,0,
C-A-1,3,0.17174,20.25,11.0024,2527,-36.23,35.7,15.1,36,1543,38.24,-32.2,15.0,37,-0.422,0,
C-A-1,3,0.17276,20.1349,11.0105,2524,-36.73,34.800000000000004,15.1,36,1548,38.24,-32.2,15.0,37,-0.345,0,
C-A-1,3,0.17376,20.0199,11.0186,2521,-37.74,33.1,15.1,36,1551,38.75,-31.3,15.0,37,-0.345,0,
C-A-1,3,0.17474,19.9048,11.0267,2518,-37.74,33.1,15.1,36,1554,39.75,-29.6,15.0,37,-0.345,0,
C-A-1,3,0.17576,19.7898,11.0347,2515,-38.24,32.2,15.1,36,1557,39.75,-29.6,15.0,37,-0.345,0,
C-A-1,3,0.17677,19.7514,11.0373,2514,-37.74,33.1,15.1,36,1560,40.26,-28.700000000000003,15.0,37,-0.268,0,
C-A-1,3,0.17775,19.6364,11.0453,2511,-38.24,32.2,15.1,36,1562,39.75,-29.6,15.0,37,-0.307,0,
C-A-1,3,0.17874,19.5213,11.0532,2508,-38.75,31.3,15.1,36,1565,40.76,-27.8,15.0,37,-0.307,0,
C-A-1,3,0.17976,19.4062,11.061,2505,-39.25,30.400000000000002,15.1,36,1568,41.26,-26.900000000000002,15.0,37,-0.307,0,
C-A-1,3,0.18074,19.2145,11.074,2500,-39.25,30.400000000000002,15.1,36,1571,41.77,-26.1,15.0,37,-0.384,0,
C-A-1,3,0.18174,19.0994,11.0817,2497,-39.75,29.6,15.1,36,1576,41.77,-26.1,15.0,37,-0.307,0,
C-A-1,3,0.18276,18.946,11.0919,2493,-40.76,27.8,15.1,36,1579,41.77,-26.1,15.0,37,-0.345,0,
C-A-1,3,0.18375,18.831,11.0996,2490,-41.26,26.900000000000002,15.1,36,1582,42.27,-25.200000000000003,15.0,37,-0.345,0,
C-A-1,3,0.18474,18.7543,11.1046,2488,-40.76,27.8,15.1,36,1585,42.77,-24.3,15.0,37,-0.307,0,
C-A-1,3,0.18576,18.6776,11.1097,2486,-40.76,27.8,15.1,36,1588,43.28,-23.400000000000002,15.0,37,-0.268,0,
C-A-1,3,0.18675,18.5625,11.1172,2483,-40.76,27.8,15.1,36,1590,42.27,-25.200000000000003,15.0,37,-0.307,0,
C-A-1,3,0.18774,18.4474,11.1247,2480,-41.26,26.900000000000002,15.1,36,1592,42.27,-25.200000000000003,15.0,37,-0.345,0,
C-A-1,3,0.18876,18.3324,11.1321,2477,-41.77,26.1,15.1,36,1596,43.28,-23.400000000000002,15.0,37,-0.307,0,
C-A-1,3,0.18976,18.179,11.1419,2473,-41.26,26.900000000000002,15.1,36,1598,43.28,-23.400000000000002,15.0,37,-0.384,0,
C-A-1,3,0.19075,18.0256,11.1517,2469,-41.77,26.1,15.1,36,1602,43.28,-23.400000000000002,15.0,37,-0.384,0,
C-A-1,3,0.19174,17.9105,11.1589,2466,-42.77,24.3,15.1,36,1604,43.28,-23.400000000000002,15.0,37,-0.422,0,
C-A-1,3,0.19276,17.7955,11.1662,2463,-42.77,24.3,15.1,36,1607,43.28,-23.400000000000002,15.0,37,-0.422,0,
C-A-1,3,0.19375,17.7188,11.1709,2461,-42.77,24.3,15.1,36,1610,44.28,-21.700000000000003,15.0,37,-0.384,0,
C-A-1,3,0.19475,17.642,11.1757,2459,-42.27,25.200000000000003,15.1,36,1613,44.28,-21.700000000000003,15.0,37,-0.345,0,
C-A-1,3,0.19576,17.527,11.1828,2456,-42.27,25.200000000000003,15.1,36,1618,44.28,-21.700000000000003,15.0,37,-0.268,0,
C-A-1,3,0.19675,17.4119,11.1899,2453,-42.77,24.3,15.1,36,1621,44.28,-21.700000000000003,15.0,37,-0.268,0,
C-A-1,3,0.19774,17.2969,11.1969,2450,-43.28,23.400000000000002,15.1,36,1624,44.78,-20.8,15.0,37,-0.268,0,
C-A-1,3,0.19876,17.1051,11.2085,2445,-42.77,24.3,15.1,36,1627,44.78,-20.8,15.0,37,-0.345,0,
C-A-1,3,0.19975,16.9901,11.2154,2442,-43.28,23.400000000000002,15.1,36,1630,44.78,-20.8,15.0,37,-0.345,0,
C-A-1,3,0.20074,16.875,11.2223,2439,-43.78,22.6,15.1,36,1632,44.78,-20.8,15.0,37,-0.384,0,
C-A-1,3,0.20176,16.7599,11.2291,2436,-43.78,22.6,15.1,36,1635,44.28,-21.700000000000003,15.0,37,-0.384,0,
C-A-1,3,0.20275,16.6449,11.2359,2433,-43.78,22.6,15.1,36,1638,45.29,-19.900000000000002,15.0,37,-0.384,0,
C-A-1,3,0.20374,16.5298,11.2426,2430,-43.28,23.400000000000002,15.1,36,1641,45.29,-19.900000000000002,15.0,37,-0.384,0,
C-A-1,3,0.20477,16.4148,11.2493,2427,-43.28,23.400000000000002,15.1,36,1646,44.78,-20.8,15.0,37,-0.307,0,
C-A-1,3,0.20575,16.2997,11.2559,2424,-44.28,21.700000000000003,15.1,36,1649,44.78,-20.8,15.0,37,-0.307,0,
C-A-1,3,0.20675,16.1847,11.2625,2421,-44.28,21.700000000000003,15.1,36,1652,45.29,-19.900000000000002,15.0,37,-0.307,0,
C-A-1,3,0.20777,15.9929,11.2734,2416,-43.78,22.6,15.1,36,1655,45.29,-19.900000000000002,15.0,37,-0.384,0,
C-A-1,3,0.20875,15.8778,11.2798,2413,-43.78,22.6,15.1,36,1659,45.79,-19.0,15.0,37,-0.345,0,
C-A-1,3,0.20974,15.7628,11.2863,2410,-44.28,21.700000000000003,15.1,36,1660,44.78,-20.8,15.0,37,-0.422,0,
C-A-1,3,0.21077,15.6477,11.2926,2407,-44.28,21.700000000000003,15.1,36,1663,44.78,-20.8,15.0,37,-0.422,0,
C-A-1,3,0.21175,15.4943,11.3011,2403,-44.78,20.8,15.1,36,1667,45.79,-19.0,15.0,37,-0.422,0,
C-A-1,3,0.21274,15.456,11.3032,2402,-43.78,22.6,15.1,36,1670,45.79,-19.0,15.0,37,-0.345,0,
C-A-1,3,0.21376,15.3026,11.3115,2398,-44.78,20.8,15.1,36,1675,45.29,-19.900000000000002,15.0,37,-0.307,0,
C-A-1,3,0.21475,15.2259,11.3156,2396,-44.78,20.8,15.1,36,1678,45.29,-19.900000000000002,15.0,37,-0.268,0,
C-A-1,3,0.21575,15.1108,11.3218,2393,-44.78,20.8,15.1,36,1682,46.29,-18.2,15.0,37,-0.23,0,
C-A-1,3,0.21677,14.9574,11.3299,2389,-44.28,21.700000000000003,15.1,36,1684,46.29,-18.2,15.0,37,-0.307,0,
C-A-1,3,0.21775,14.919,11.3319,2388,-44.78,20.8,15.1,36,1687,45.79,-19.0,15.0,37,-0.23,0,
C-A-1,3,0.21875,14.7656,11.34,2384,-44.78,20.8,15.1,36,1689,45.79,-19.0,15.0,37,-0.307,0,
C-A-1,3,0.21977,14.6506,11.346,2381,-45.79,19.0,15.1,36,1692,45.29,-19.900000000000002,15.0,37,-0.307,0,
C-A-1,3,0.22075,14.5355,11.3519,2378,-45.29,19.900000000000002,15.1,36,1696,46.29,-18.2,15.0,37,-0.268,0,
C-A-1,3,0.22175,14.3438,11.3617,2373,-44.78,20.8,15.1,36,1698,45.79,-19.0,15.0,37,-0.384,0,
C-A-1,3,0.22277,14.2287,11.3675,2370,-45.29,19.900000000000002,15.1,36,1703,45.29,-19.900000000000002,15.0,37,-0.307,0,
C-A-1,3,0.22375,14.1136,11.3733,2367,-45.79,19.0,15.1,36,1707,45.79,-19.0,15.0,37,-0.268,0,
C-A-1,3,0.22475,13.9602,11.3809,2363,-46.29,18.2,15.1,36,1710,46.29,-18.2,15.0,37,-0.307,0,
C-A-1,3,0.22577,13.8835,11.3847,2361,-45.79,19.0,15.1,36,1713,46.29,-18.2,15.0,37,-0.268,0,
C-A-1,3,0.22675,13.8068,11.3884,2359,-45.29,19.900000000000002,15.1,36,1716,46.29,-18.2,15.0,37,-0.23,0,
C-A-1,3,0.22775,13.6918,11.394,2356,-45.29,19.900000000000002,15.1,36,1717,45.29,-19.900000000000002,15.0,37,-0.307,0,
C-A-1,3,0.22877,13.5767,11.3996,2353,-45.79,19.0,14.5,36,1720,45.29,-19.900000000000002,15.0,37,-0.307,0,
C-A-1,3,0.22975,13.4616,11.4051,2350,-45.79,19.0,14.5,36,1724,46.29,-18.2,15.0,37,-0.268,0,
C-A-1,3,0.23075,13.3082,11.4123,2346,-44.78,20.8,14.5,36,1728,46.29,-18.2,14.3,37,-0.268,0,
C-A-1,3,0.23177,13.1548,11.4195,2342,-45.29,19.900000000000002,14.5,36,1732,45.29,-19.900000000000002,14.3,37,-0.268,0,
C-A-1,3,0.23275,13.0398,11.4249,2339,-45.79,19.0,14.5,36,1735,44.78,-20.8,14.3,37,-0.268,0,
C-A-1,3,0.23375,12.9247,11.4302,2336,-45.79,19.0,14.5,36,1738,45.79,-19.0,14.3,37,-0.268,0,
C-A-1,3,0.23477,12.8097,11.4354,2333,-45.79,19.0,14.5,36,1741,45.79,-19.0,14.3,37,-0.268,0,
C-A-1,3,0.23575,12.7713,11.4371,2332,-44.78,20.8,14.5,36,1744,45.79,-19.0,14.3,37,-0.192,0,
C-A-1,3,0.23675,12.6179,11.444,2328,-45.29,19.900000000000002,14.5,36,1746,45.29,-19.900000000000002,14.3,37,-0.268,0,
C-A-1,3,0.23777,12.5028,11.4492,2325,-45.79,19.0,14.5,36,1749,44.78,-20.8,14.3,37,-0.268,0,
C-A-1,3,0.23875,12.3878,11.4542,2322,-45.79,19.0,14.5,36,1752,45.79,-19.0,14.3,37,-0.268,0,
C-A-1,3,0.23975,12.196,11.4626,2317,-45.29,19.900000000000002,14.5,36,1755,45.79,-19.0,14.3,37,-0.345,0,
C-A-1,3,0.24077,12.081,11.4675,2314,-44.78,20.8,14.5,36,1757,44.78,-20.8,14.3,37,-0.384,0,
C-A-1,3,0.24175,11.9659,11.4724,2311,-45.79,19.0,14.5,36,1760,44.78,-20.8,14.3,37,-0.384,0,
C-A-1,3,0.24275,11.8509,11.4773,2308,-45.29,19.900000000000002,14.5,36,1762,44.28,-21.700000000000003,14.3,37,-0.422,0,
C-A-1,3,0.24377,11.7358,11.4821,2305,-45.79,19.0,14.5,36,1766,45.29,-19.900000000000002,14.3,37,-0.384,0,
C-A-1,3,0.24475,11.6591,11.4853,2303,-45.29,19.900000000000002,14.5,36,1769,45.29,-19.900000000000002,14.3,37,-0.345,0,
C-A-1,3,0.24575,11.544,11.49,2300,-44.78,20.8,14.5,36,1773,44.28,-21.700000000000003,14.3,37,-0.307,0,
C-A-1,3,0.24677,11.4673,11.4932,2298,-45.29,19.900000000000002,14.5,36,1776,44.28,-21.700000000000003,14.3,37,-0.268,0,
C-A-1,3,0.24775,11.3139,11.4994,2294,-45.29,19.900000000000002,14.5,36,1779,44.78,-20.8,14.3,37,-0.307,0,
C-A-1,3,0.24875,11.1222,11.507,2289,-44.78,20.8,14.5,36,1782,44.78,-20.8,14.3,37,-0.384,0,
C-A-1,3,0.24977,11.0071,11.5115,2286,-44.78,20.8,14.5,36,1785,44.28,-21.700000000000003,14.3,37,-0.384,0,
C-A-1,3,0.25075,10.892,11.516,2283,-45.29,19.900000000000002,14.5,36,1787,44.28,-21.700000000000003,14.3,37,-0.422,0,
C-A-1,3,0.25175,10.777,11.5204,2280,-45.29,19.900000000000002,14.5,36,1790,43.78,-22.6,14.3,37,-0.422,0,
C-A-1,3,0.25277,10.6619,11.5248,2277,-45.29,19.900000000000002,14.5,36,1794,44.78,-20.8,14.3,37,-0.384,0,
C-A-1,3,0.25375,10.6236,11.5263,2276,-43.78,22.6,14.5,36,1797,44.28,-21.700000000000003,14.3,37,-0.307,0,
C-A-1,3,0.25475,10.5085,11.5306,2273,-44.28,21.700000000000003,14.5,36,1802,43.78,-22.6,14.3,37,-0.23,0,
C-A-1,3,0.25577,10.3935,11.5348,2270,-44.78,20.8,14.5,36,1805,43.78,-22.6,14.3,37,-0.23,0,
C-A-1,3,0.25675,10.2401,11.5405,2266,-45.29,19.900000000000002,14.5,36,1807,44.28,-21.700000000000003,14.3,37,-0.307,0,
C-A-1,3,0.25775,10.0866,11.546,2262,-44.28,21.700000000000003,14.5,36,1811,44.78,-20.8,14.3,37,-0.307,0,
C-A-1,3,0.25877,9.9716,11.5501,2259,-44.28,21.700000000000003,14.5,36,1814,44.28,-21.700000000000003,14.3,37,-0.307,0,
C-A-1,3,0.25975,9.8565,11.5542,2256,-45.29,19.900000000000002,14.5,36,1815,43.28,-23.400000000000002,14.3,37,-0.384,0,
C-A-1,3,0.26075,9.7415,11.5582,2253,-44.78,20.8,14.5,36,1818,43.78,-22.6,14.3,37,-0.384,0,
C-A-1,3,0.26177,9.6264,11.5621,2250,-44.78,20.8,14.5,36,1821,44.28,-21.700000000000003,14.3,37,-0.384,0,
C-A-1,3,0.26275,9.5881,11.5634,2249,-43.78,22.6,14.5,36,1824,44.28,-21.700000000000003,14.3,37,-0.307,0,
C-A-1,3,0.26375,9.473,11.5673,2246,-43.78,22.6,14.5,36,1828,43.28,-23.400000000000002,14.3,37,-0.268,0,
C-A-1,3,0.26477,9.358,11.5712,2243,-44.78,20.8,14.5,36,1831,43.28,-23.400000000000002,14.3,37,-0.268,0,
C-A-1,3,0.26575,9.2429,11.575,2240,-44.28,21.700000000000003,14.5,36,1834,43.78,-22.6,14.3,37,-0.268,0,
C-A-1,3,0.26675,9.0895,11.58,2236,-44.28,21.700000000000003,14.5,36,1837,43.78,-22.6,14.3,37,-0.307,0,
C-A-1,3,0.26777,9.0511,11.5812,2235,-43.28,23.400000000000002,14.5,36,1839,43.28,-23.400000000000002,14.3,37,-0.268,0,
C-A-1,3,0.26875,8.9361,11.5849,2232,-43.28,23.400000000000002,14.5,36,1841,42.77,-24.3,14.3,37,-0.307,0,
C-A-1,3,0.26975,8.821,11.5886,2229,-43.78,22.6,14.5,36,1844,43.28,-23.400000000000002,14.3,37,-0.307,0,
C-A-1,3,0.27077,8.706,11.5921,2226,-43.78,22.6,14.5,36,1847,43.28,-23.400000000000002,14.3,37,-0.307,0,
C-A-1,3,0.27175,8.5142,11.598,2221,-43.28,23.400000000000002,14.5,36,1849,43.28,-23.400000000000002,14.3,37,-0.422,0,
C-A-1,3,0.27275,8.3991,11.6015,2218,-43.28,23.400000000000002,14.5,36,1854,42.27,-25.200000000000003,14.3,37,-0.345,0,
C-A-1,3,0.27377,8.3224,11.6038,2216,-43.28,23.400000000000002,14.5,36,1857,42.77,-24.3,14.3,37,-0.307,0,
C-A-1,3,0.27475,8.2074,11.6072,2213,-43.28,23.400000000000002,14.5,36,1860,43.28,-23.400000000000002,14.3,37,-0.307,0,
C-A-1,3,0.27575,8.0923,11.6105,2210,-43.78,22.6,14.5,36,1863,43.28,-23.400000000000002,14.3,37,-0.307,0,
C-A-1,3,0.27677,8.0156,11.6127,2208,-42.77,24.3,14.5,36,1865,42.77,-24.3,14.3,37,-0.307,0,
C-A-1,3,0.27775,7.9006,11.616,2205,-42.77,24.3,14.5,36,1867,42.27,-25.200000000000003,14.3,37,-0.345,0,
C-A-1,3,0.27875,7.7855,11.6192,2202,-43.28,23.400000000000002,14.5,36,1870,42.27,-25.200000000000003,14.3,37,-0.345,0,
C-A-1,3,0.27977,7.7088,11.6213,2200,-42.77,24.3,14.5,36,1873,42.77,-24.3,14.3,37,-0.307,0,
C-A-1,3,0.28075,7.517,11.6265,2195,-42.27,25.200000000000003,14.5,36,1875,42.27,-25.200000000000003,14.3,37,-0.422,0,
C-A-1,3,0.28175,7.402,11.6295,2192,-42.27,25.200000000000003,14.5,36,1878,42.27,-25.200000000000003,14.3,37,-0.422,0,
C-A-1,3,0.28277,7.2869,11.6325,2189,-43.28,23.400000000000002,14.5,36,1880,41.77,-26.1,14.3,37,-0.46,0,
C-A-1,3,0.28375,7.1719,11.6355,2186,-43.28,23.400000000000002,14.5,36,1883,42.27,-25.200000000000003,14.3,37,-0.46,0,
C-A-1,3,0.28475,7.0952,11.6375,2184,-42.77,24.3,14.5,36,1886,42.27,-25.200000000000003,14.3,37,-0.422,0,
C-A-1,3,0.28577,6.9801,11.6403,2181,-42.27,25.200000000000003,14.5,36,1889,42.27,-25.200000000000003,14.3,37,-0.422,0,
C-A-1,3,0.28675,6.9034,11.6422,2179,-42.27,25.200000000000003,14.5,36,1893,41.26,-26.900000000000002,14.3,37,-0.345,0,
C-A-1,3,0.28775,6.7884,11.6451,2176,-42.77,24.3,14.5,36,1896,41.26,-26.900000000000002,14.3,37,-0.345,0,
C-A-1,3,0.28877,6.6733,11.6478,2173,-42.77,24.3,14.5,36,1900,42.77,-24.3,14.3,37,-0.307,0,
C-A-1,3,0.28975,6.5199,11.6514,2169,-41.77,26.1,14.5,36,1902,42.27,-25.200000000000003,14.3,37,-0.384,0,
C-A-1,3,0.29075,6.4048,11.6541,2166,-41.77,26.1,14.5,36,1904,41.77,-26.1,14.3,37,-0.422,0,
C-A-1,3,0.29177,6.2898,11.6567,2163,-42.77,24.3,14.5,36,1906,41.26,-26.900000000000002,14.3,37,-0.46,0,
C-A-1,3,0.29275,6.1747,11.6592,2160,-42.77,24.3,14.5,36,1909,41.77,-26.1,14.3,37,-0.46,0,
C-A-1,3,0.29375,6.0597,11.6617,2157,-42.77,24.3,14.5,36,1912,42.27,-25.200000000000003,14.3,37,-0.46,0,
C-A-1,3,0.29477,5.983,11.6634,2155,-42.27,25.200000000000003,14.5,36,1915,42.27,-25.200000000000003,14.3,37,-0.422,0,
C-A-1,3,0.29575,5.9062,11.665,2153,-41.77,26.1,14.5,36,1919,41.26,-26.900000000000002,14.3,37,-0.345,0,
C-A-1,3,0.29675,5.7912,11.6674,2150,-42.77,24.3,14.5,36,1922,41.77,-26.1,14.3,37,-0.345,0,
C-A-1,3,0.29777,5.6761,11.6698,2147,-42.77,24.3,14.5,36,1924,41.77,-26.1,14.3,37,-0.384,0,
C-A-1,3,0.29875,5.5227,11.6728,2143,-41.77,26.1,14.5,36,1928,42.27,-25.200000000000003,14.3,37,-0.384,0,
C-A-1,3,0.29975,5.4077,11.6751,2140,-41.77,26.1,14.5,36,1931,42.27,-25.200000000000003,14.3,37,-0.384,0,
C-A-1,3,0.30077,5.2926,11.6773,2137,-42.27,25.200000000000003,14.5,36,1932,41.77,-26.1,14.3,37,-0.46,0,
C-A-1,3,0.30176,5.1776,11.6794,2134,-42.27,25.200000000000003,14.5,36,1935,41.26,-26.900000000000002,14.3,37,-0.46,0,
C-A-1,3,0.30275,5.0625,11.6815,2131,-42.77,24.3,14.5,36,1938,42.27,-25.200000000000003,14.3,37,-0.46,0,
C-A-1,3,0.30377,5.0241,11.6822,2130,-41.77,26.1,14.5,36,1940,41.77,-26.1,14.3,37,-0.422,0,
C-A-1,3,0.30476,4.9091,11.6842,2127,-41.77,26.1,14.5,36,1945,41.26,-26.900000000000002,14.3,37,-0.345,0,
C-A-1,3,0.30575,4.794,11.6862,2124,-42.27,25.200000000000003,14.5,36,1948,41.77,-26.1,14.3,37,-0.345,0,
C-A-1,3,0.30677,4.679,11.6882,2121,-42.27,25.200000000000003,14.5,36,1951,42.27,-25.200000000000003,14.3,37,-0.345,0,
C-A-1,3,0.30776,4.5639,11.6901,2118,-42.27,25.200000000000003,14.5,36,1953,41.77,-26.1,14.3,37,-0.384,0,
C-A-1,3,0.30875,4.5256,11.6907,2117,-41.77,26.1,14.5,36,1956,41.77,-26.1,14.3,37,-0.307,0,
C-A-1,3,0.30977,4.4105,11.6925,2114,-41.26,26.900000000000002,14.5,36,1958,41.77,-26.1,14.3,37,-0.345,0,
C-A-1,3,0.31076,4.3338,11.6937,2112,-42.27,25.200000000000003,14.5,36,1960,41.26,-26.900000000000002,14.3,37,-0.345,0,
C-A-1,3,0.31175,4.2188,11.6955,2109,-42.27,25.200000000000003,14.5,36,1964,42.27,-25.200000000000003,14.3,37,-0.307,0,
C-A-1,3,0.31277,4.027,11.6983,2104,-41.77,26.1,14.5,36,1967,42.27,-25.200000000000003,14.3,37,-0.384,0,
C-A-1,3,0.31376,3.9119,11.6999,2101,-42.27,25.200000000000003,14.5,36,1971,41.26,-26.900000000000002,14.3,37,-0.345,0,
C-A-1,3,0.31475,3.8352,11.701,2099,-41.77,26.1,14.5,36,1974,41.26,-26.900000000000002,14.3,37,-0.307,0,
C-A-1,3,0.31578,3.7202,11.7026,2096,-42.27,25.200000000000003,14.5,36,1977,42.27,-25.200000000000003,14.3,37,-0.307,0,
C-A-1,3,0.31676,3.6051,11.7041,2093,-42.27,25.200000000000003,14.5,36,1979,41.77,-26.1,14.3,37,-0.345,0,
C-A-1,3,0.31775,3.5284,11.705,2091,-41.77,26.1,14.5,36,1982,41.26,-26.900000000000002,14.3,37,-0.307,0,
C-A-1,3,0.31877,3.4134,11.7065,2088,-41.77,26.1,14.5,36,1985,41.26,-26.900000000000002,14.3,37,-0.307,0,
C-A-1,3,0.31976,3.2983,11.7078,2085,-42.77,24.3,14.5,36,1988,41.77,-26.1,14.3,37,-0.307,0,
C-A-1,3,0.32075,3.1832,11.7092,2082,-42.77,24.3,14.5,36,1991,42.27,-25.200000000000003,14.3,37,-0.307,0,
C-A-1,3,0.32177,2.9915,11.7113,2077,-42.27,25.200000000000003,14.5,36,1994,42.27,-25.200000000000003,14.3,37,-0.384,0,
C-A-1,3,0.32276,2.9148,11.7121,2075,-41.77,26.1,14.5,36,1999,41.77,-26.1,14.3,37,-0.268,0,
C-A-1,3,0.32375,2.7614,11.7136,2071,-42.77,24.3,14.5,36,2001,41.77,-26.1,14.3,37,-0.345,0,
C-A-1,3,0.32477,2.6847,11.7144,2069,-42.77,24.3,14.5,36,2001,42.27,-25.200000000000003,14.3,37,-0.422,0,
C-A-1,3,0.32576,2.5696,11.7155,2066,-42.77,24.3,14.5,36,2008,42.77,-24.3,14.3,37,-0.268,0,
C-A-1,3,0.32676,2.4929,11.7162,2064,-42.27,25.200000000000003,14.5,36,2010,42.77,-24.3,14.3,37,-0.268,0,
C-A-1,3,0.32778,2.3778,11.7172,2061,-42.27,25.200000000000003,14.5,36,2012,41.77,-26.1,14.3,37,-0.307,0,
C-A-1,3,0.32876,2.2628,11.7181,2058,-43.28,23.400000000000002,14.5,36,2015,41.77,-26.1,14.3,37,-0.307,0,
C-A-1,3,0.32976,2.1477,11.719,2055,-43.28,23.400000000000002,14.5,36,2018,42.77,-24.3,14.3,37,-0.307,0,
C-A-1,3,0.33077,1.956,11.7204,2050,-42.77,24.3,14.5,36,2021,42.77,-24.3,14.3,37,-0.384,0,
C-A-1,3,0.33176,1.8793,11.721,2048,-42.27,25.200000000000003,14.5,36,2024,42.77,-24.3,14.3,37,-0.345,0,
C-A-1,3,0.33275,1.7642,11.7217,2045,-43.28,23.400000000000002,14.5,36,2025,42.27,-25.200000000000003,14.3,37,-0.422,0,
C-A-1,3,0.33378,1.6491,11.7224,2042,-43.28,23.400000000000002,14.5,36,2029,42.27,-25.200000000000003,14.3,37,-0.384,0,
C-A-1,3,0.33476,1.5341,11.7231,2039,-43.28,23.400000000000002,14.5,36,2031,42.77,-24.3,14.3,37,-0.422,0,
C-A-1,3,0.33576,1.4957,11.7233,2038,-42.27,25.200000000000003,14.5,36,2034,42.77,-24.3,14.3,37,-0.345,0,
C-A-1,3,0.33678,1.3807,11.7239,2035,-42.27,25.200000000000003,14.5,36,2038,42.27,-25.200000000000003,14.3,37,-0.307,0,
C-A-1,3,0.33776,1.2656,11.7244,2032,-43.28,23.400000000000002,14.5,36,2041,42.27,-25.200000000000003,14.3,37,-0.307,0,
C-A-1,3,0.33876,1.1506,11.7249,2029,-43.28,23.400000000000002,14.5,36,2044,42.77,-24.3,14.3,37,-0.307,0,
C-A-1,3,0.33978,0.9972,11.7255,2025,-42.27,25.200000000000003,14.5,36,2047,43.28,-23.400000000000002,14.3,37,-0.345,0,
C-A-1,3,0.34076,0.8821,11.7259,2022,-42.27,25.200000000000003,14.5,36,2050,42.77,-24.3,14.3,37,-0.345,0,
C-A-1,3,0.34176,0.767,11.7262,2019,-42.77,24.3,14.5,36,2052,42.27,-25.200000000000003,14.3,37,-0.384,0,
C-A-1,3,0.34278,0.6136,11.7266,2015,-43.28,23.400000000000002,14.5,36,2055,42.77,-24.3,14.3,37,-0.422,0,
C-A-1,3,0.34376,0.5369,11.7268,2013,-43.28,23.400000000000002,14.5,36,2057,42.77,-24.3,14.3,37,-0.422,0,
C-A-1,3,0.34476,0.4602,11.7269,2011,-42.77,24.3,14.5,36,2060,42.77,-24.3,14.3,37,-0.384,0,
C-A-1,3,0.34578,0.3452,11.7271,2008,-42.77,24.3,14.4,36,2065,42.77,-24.3,14.3,37,-0.307,0,
C-A-1,3,0.34676,0.2301,11.7272,2005,-43.28,23.400000000000002,14.4,36,2068,42.77,-24.3,14.3,37,-0.307,0,
C-A-1,3,0.34776,0.1151,11.7272,2002,-43.28,23.400000000000002,14.4,36,2071,43.28,-23.400000000000002,14.3,37,-0.307,0,
C-A-1,3,0.34878,0.0,11.7273,1999,-42.77,24.3,14.4,36,2074,43.28,-23.400000000000002,14.3,37,-0.307,0,
C-A-1,3,0.34976,-0.1918,11.7272,1994,-42.77,24.3,14.4,36,2077,43.28,-23.400000000000002,14.3,37,-0.384,0,
C-A-1,3,0.35076,-0.1918,11.7272,1994,-43.28,23.400000000000002,14.4,36,2079,42.77,-24.3,14.3,37,-0.307,0,
C-A-1,3,0.35178,-0.3068,11.7271,1991,-43.28,23.400000000000002,14.4,36,2081,42.27,-25.200000000000003,14.3,37,-0.345,0,
C-A-1,3,0.35277,-0.5369,11.7268,1985,-43.28,23.400000000000002,14.4,36,2084,42.77,-24.3,14.3,37,-0.46,0,
C-A-1,3,0.35376,-0.5753,11.7267,1984,-42.77,24.3,14.4,36,2088,43.78,-22.6,14.3,37,-0.345,0,
C-A-1,3,0.35477,-0.652,11.7265,1982,-42.77,24.3,14.4,36,2092,42.27,-25.200000000000003,14.3,37,-0.268,0,
C-A-1,3,0.35576,-0.767,11.7262,1979,-43.28,23.400000000000002,14.4,36,2095,42.77,-24.3,14.3,37,-0.268,0,
C-A-1,3,0.35675,-0.8821,11.7259,1976,-43.28,23.400000000000002,14.4,36,2097,42.77,-24.3,14.3,37,-0.307,0,
C-A-1,3,0.35778,-0.9972,11.7255,1973,-43.28,23.400000000000002,14.4,36,2101,43.28,-23.400000000000002,14.3,37,-0.268,0,
C-A-1,3,0.35876,-1.0739,11.7252,1971,-42.77,24.3,14.4,36,2104,43.28,-23.400000000000002,14.3,37,-0.23,0,
C-A-1,3,0.35976,-1.1506,11.7249,1969,-42.77,24.3,14.4,36,2105,42.27,-25.200000000000003,14.3,37,-0.268,0,
C-A-1,3,0.36078,-1.2656,11.7244,1966,-42.77,24.3,14.4,36,2108,42.27,-25.200000000000003,14.3,37,-0.268,0,
C-A-1,3,0.36176,-1.419,11.7237,1962,-43.78,22.6,14.4,36,2111,43.28,-23.400000000000002,14.3,37,-0.307,0,
C-A-1,3,0.36276,-1.5724,11.7229,1958,-42.77,24.3,14.4,36,2114,42.77,-24.3,14.3,37,-0.345,0,
C-A-1,3,0.36376,-1.6875,11.7222,1955,-42.77,24.3,14.4,36,2118,42.27,-25.200000000000003,14.3,37,-0.307,0,
C-A-1,3,0.36476,-1.8026,11.7215,1952,-43.78,22.6,14.4,36,2122,42.77,-24.3,14.3,37,-0.268,0,
C-A-1,3,0.36576,-1.9176,11.7207,1949,-43.78,22.6,14.4,36,2124,43.28,-23.400000000000002,14.3,37,-0.307,0,
C-A-1,3,0.36675,-2.0327,11.7199,1946,-43.78,22.6,14.4,36,2128,43.78,-22.6,14.3,37,-0.268,0,
C-A-1,3,0.36776,-2.071,11.7196,1945,-42.77,24.3,14.4,36,2130,43.28,-23.400000000000002,14.3,37,-0.23,0,
C-A-1,3,0.36876,-2.2244,11.7184,1941,-43.28,23.400000000000002,14.4,36,2132,42.77,-24.3,14.3,37,-0.307,0,
C-A-1,3,0.36976,-2.3395,11.7175,1938,-44.28,21.700000000000003,14.4,36,2135,42.77,-24.3,14.3,37,-0.307,0,
C-A-1,3,0.37078,-2.4162,11.7168,1936,-43.78,22.6,14.4,36,2138,43.28,-23.400000000000002,14.3,37,-0.268,0,
C-A-1,3,0.37176,-2.608,11.7151,1931,-42.77,24.3,14.4,36,2140,42.77,-24.3,14.3,37,-0.384,0,
C-A-1,3,0.37276,-2.723,11.714,1928,-43.28,23.400000000000002,14.4,36,2144,43.78,-22.6,14.3,37,-0.345,0,
C-A-1,3,0.37378,-2.8381,11.7129,1925,-43.78,22.6,14.4,36,2145,42.77,-24.3,14.3,37,-0.422,0,
C-A-1,3,0.37476,-2.9148,11.7121,1923,-43.28,23.400000000000002,14.4,36,2148,42.27,-25.200000000000003,14.3,37,-0.384,0,
C-A-1,3,0.37576,-3.0682,11.7105,1919,-43.78,22.6,14.4,36,2151,43.28,-23.400000000000002,14.3,37,-0.422,0,
C-A-1,3,0.37678,-3.1065,11.71,1918,-42.77,24.3,14.4,36,2153,42.77,-24.3,14.3,37,-0.384,0,
C-A-1,3,0.37776,-3.2216,11.7087,1915,-42.77,24.3,14.4,36,2158,42.27,-25.200000000000003,14.3,37,-0.307,0,
C-A-1,3,0.37876,-3.375,11.7069,1911,-43.78,22.6,14.4,36,2161,42.27,-25.200000000000003,14.3,37,-0.345,0,
C-A-1,3,0.37978,-3.4517,11.706,1909,-43.28,23.400000000000002,14.4,36,2164,42.77,-24.3,14.3,37,-0.307,0,
C-A-1,3,0.38076,-3.6435,11.7036,1904,-43.28,23.400000000000002,14.4,36,2167,43.28,-23.400000000000002,14.3,37,-0.384,0,
C-A-1,3,0.38176,-3.7585,11.702,1901,-42.77,24.3,14.4,36,2170,43.28,-23.400000000000002,14.3,37,-0.384,0,
C-A-1,3,0.38278,-3.9119,11.6999,1897,-44.28,21.700000000000003,14.4,36,2171,41.77,-26.1,14.3,37,-0.499,0,
C-A-1,3,0.38376,-3.9886,11.6989,1895,-43.78,22.6,14.4,36,2174,42.27,-25.200000000000003,14.3,37,-0.46,0,
C-A-1,3,0.38477,-4.1037,11.6972,1892,-43.78,22.6,14.4,36,2177,42.77,-24.3,14.3,37,-0.46,0,
C-A-1,3,0.38578,-4.1804,11.6961,1890,-43.28,23.400000000000002,14.4,36,2180,42.77,-24.3,14.3,37,-0.422,0,
C-A-1,3,0.38676,-4.2955,11.6943,1887,-43.28,23.400000000000002,14.4,36,2185,42.27,-25.200000000000003,14.3,37,-0.345,0,
C-A-1,3,0.38776,-4.4105,11.6925,1884,-43.78,22.6,14.4,36,2187,41.77,-26.1,14.3,37,-0.384,0,
C-A-1,3,0.38878,-4.5256,11.6907,1881,-44.28,21.700000000000003,14.4,36,2191,43.28,-23.400000000000002,14.3,37,-0.345,0,
C-A-1,3,0.38976,-4.7173,11.6875,1876,-43.28,23.400000000000002,14.4,36,2193,42.77,-24.3,14.3,37,-0.46,0,
C-A-1,3,0.39076,-4.794,11.6862,1874,-42.77,24.3,14.4,36,2196,42.77,-24.3,14.3,37,-0.422,0,
C-A-1,3,0.39178,-4.9474,11.6836,1870,-44.28,21.700000000000003,14.4,36,2198,42.27,-25.200000000000003,14.3,37,-0.499,0,
C-A-1,3,0.39276,-5.0625,11.6815,1867,-44.28,21.700000000000003,14.4,36,2201,42.27,-25.200000000000003,14.3,37,-0.499,0,
C-A-1,3,0.39376,-5.1776,11.6794,1864,-44.28,21.700000000000003,14.4,36,2203,42.77,-24.3,14.3,37,-0.537,0,
C-A-1,3,0.39478,-5.2159,11.6787,1863,-43.28,23.400000000000002,14.4,36,2207,42.77,-24.3,14.3,37,-0.422,0,
C-A-1,3,0.39576,-5.331,11.6765,1860,-43.28,23.400000000000002,14.4,36,2211,41.77,-26.1,14.3,37,-0.384,0,
C-A-1,3,0.39676,-5.446,11.6743,1857,-44.28,21.700000000000003,14.4,36,2214,42.27,-25.200000000000003,14.3,37,-0.384,0,
C-A-1,3,0.39778,-5.5611,11.6721,1854,-43.78,22.6,14.4,36,2217,42.77,-24.3,14.3,37,-0.384,0,
C-A-1,3,0.39876,-5.6761,11.6698,1851,-43.78,22.6,14.4,36,2220,42.77,-24.3,14.3,37,-0.384,0,
C-A-1,3,0.39976,-5.7528,11.6682,1849,-43.78,22.6,14.4,36,2223,42.77,-24.3,14.3,37,-0.345,0,
C-A-1,3,0.40078,-5.8679,11.6658,1846,-43.78,22.6,14.4,36,2225,42.77,-24.3,14.3,37,-0.384,0,
C-A-1,3,0.40176,-5.983,11.6634,1843,-44.28,21.700000000000003,14.4,36,2228,42.27,-25.200000000000003,14.3,37,-0.384,0,
C-A-1,3,0.40276,-6.098,11.6609,1840,-44.28,21.700000000000003,14.4,36,2230,42.77,-24.3,14.3,37,-0.422,0,
C-A-1,3,0.40378,-6.2514,11.6575,1836,-43.78,22.6,14.4,36,2233,42.77,-24.3,14.3,37,-0.46,0,
C-A-1,3,0.40476,-6.3665,11.6549,1833,-43.28,23.400000000000002,14.4,36,2238,42.77,-24.3,14.3,37,-0.384,0,
C-A-1,3,0.40576,-6.4815,11.6523,1830,-44.28,21.700000000000003,14.4,36,2241,42.27,-25.200000000000003,14.3,37,-0.384,0,
C-A-1,3,0.40678,-6.5966,11.6496,1827,-44.28,21.700000000000003,14.4,36,2243,42.77,-24.3,14.3,37,-0.422,0,
C-A-1,3,0.40776,-6.6733,11.6478,1825,-43.28,23.400000000000002,14.4,36,2246,42.77,-24.3,14.3,37,-0.384,0,
C-A-1,3,0.40876,-6.75,11.646,1823,-43.28,23.400000000000002,14.4,36,2249,42.77,-24.3,14.3,37,-0.345,0,
C-A-1,3,0.40974,-6.8651,11.6432,1820,-43.28,23.400000000000002,14.4,36,2251,42.27,-25.200000000000003,14.3,37,-0.384,0,
C-A-1,3,0.41076,-6.9801,11.6403,1817,-43.78,22.6,14.4,36,2253,41.77,-26.1,14.3,37,-0.422,0,
C-A-1,3,0.41176,-7.0952,11.6375,1814,-43.78,22.6,14.4,36,2257,43.28,-23.400000000000002,14.3,37,-0.384,0,
C-A-1,3,0.41276,-7.2869,11.6325,1809,-43.28,23.400000000000002,14.4,36,2259,42.77,-24.3,14.3,37,-0.499,0,
C-A-1,3,0.41376,-7.402,11.6295,1806,-43.28,23.400000000000002,14.4,36,2262,41.77,-26.1,14.3,37,-0.499,0,
C-A-1,3,0.41475,-7.517,11.6265,1803,-43.78,22.6,14.4,36,2263,42.27,-25.200000000000003,14.3,37,-0.575,0,
C-A-1,3,0.41576,-7.6321,11.6234,1800,-43.78,22.6,14.4,36,2267,42.27,-25.200000000000003,14.3,37,-0.537,0,
C-A-1,3,0.41675,-7.7472,11.6202,1797,-43.78,22.6,14.4,36,2270,42.77,-24.3,14.3,37,-0.537,0,
C-A-1,3,0.41776,-7.7855,11.6192,1796,-42.77,24.3,14.4,36,2272,42.77,-24.3,14.3,37,-0.499,0,
C-A-1,3,0.41875,-7.9389,11.6149,1792,-43.28,23.400000000000002,14.4,36,2277,42.27,-25.200000000000003,14.3,37,-0.46,0,
C-A-1,3,0.41976,-8.0156,11.6127,1790,-43.78,22.6,14.4,36,2279,41.77,-26.1,14.3,37,-0.46,0,
C-A-1,3,0.42075,-8.0923,11.6105,1788,-43.78,22.6,14.4,36,2283,42.77,-24.3,14.3,37,-0.384,0,
C-A-1,3,0.42176,-8.2841,11.6049,1783,-42.77,24.3,14.4,36,2286,42.77,-24.3,14.3,37,-0.46,0,
C-A-1,3,0.42274,-8.3991,11.6015,1780,-42.77,24.3,14.4,36,2288,42.77,-24.3,14.3,37,-0.499,0,
C-A-1,3,0.42376,-8.5142,11.598,1777,-43.78,22.6,14.4,36,2290,41.77,-26.1,14.3,37,-0.537,0,
C-A-1,3,0.42475,-8.5909,11.5957,1775,-43.28,23.400000000000002,14.4,36,2293,42.27,-25.200000000000003,14.3,37,-0.499,0,
C-A-1,3,0.42576,-8.7443,11.591,1771,-43.78,22.6,14.4,36,2296,42.77,-24.3,14.3,37,-0.537,0,
C-A-1,3,0.42675,-8.821,11.5886,1769,-43.28,23.400000000000002,14.4,36,2298,42.27,-25.200000000000003,14.3,37,-0.537,0,
C-A-1,3,0.42776,-8.8977,11.5861,1767,-42.77,24.3,14.4,36,2303,41.77,-26.1,14.3,37,-0.422,0,
C-A-1,3,0.42875,-9.0511,11.5812,1763,-43.78,22.6,14.4,36,2306,41.77,-26.1,14.3,37,-0.46,0,
C-A-1,3,0.42976,-9.1278,11.5788,1761,-43.28,23.400000000000002,14.4,36,2309,42.27,-25.200000000000003,14.3,37,-0.422,0,
C-A-1,3,0.43075,-9.3196,11.5725,1756,-42.77,24.3,14.4,36,2312,42.27,-25.200000000000003,14.3,37,-0.499,0,
C-A-1,3,0.43176,-9.4347,11.5686,1753,-43.28,23.400000000000002,14.4,36,2315,42.77,-24.3,14.3,37,-0.499,0,
C-A-1,3,0.43275,-9.5497,11.5648,1750,-43.78,22.6,14.4,36,2316,41.77,-26.1,14.3,37,-0.575,0,
C-A-1,3,0.43376,-9.6648,11.5608,1747,-43.78,22.6,14.4,36,2319,41.26,-26.900000000000002,14.3,37,-0.575,0,
C-A-1,3,0.43475,-9.7798,11.5568,1744,-43.78,22.6,14.4,36,2322,42.27,-25.200000000000003,14.3,37,-0.575,0,
C-A-1,3,0.43576,-9.8182,11.5555,1743,-42.77,24.3,14.4,36,2325,42.27,-25.200000000000003,14.3,37,-0.499,0,
C-A-1,3,0.43675,-9.9332,11.5515,1740,-43.28,23.400000000000002,14.4,36,2330,42.27,-25.200000000000003,14.3,37,-0.422,0,
C-A-1,3,0.43776,-10.0483,11.5474,1737,-43.78,22.6,14.4,36,2333,42.27,-25.200000000000003,14.3,37,-0.422,0,
C-A-1,3,0.43875,-10.2017,11.5419,1733,-44.28,21.700000000000003,14.4,36,2336,42.77,-24.3,14.3,37,-0.46,0,
C-A-1,3,0.43976,-10.2784,11.5391,1731,-43.78,22.6,14.4,36,2338,42.77,-24.3,14.3,37,-0.46,0,
C-A-1,3,0.44075,-10.3551,11.5363,1729,-43.28,23.400000000000002,14.4,36,2341,42.27,-25.200000000000003,14.3,37,-0.422,0,
C-A-1,3,0.44176,-10.4318,11.5334,1727,-43.28,23.400000000000002,14.4,36,2343,42.27,-25.200000000000003,14.3,37,-0.422,0,
C-A-1,3,0.44275,-10.5469,11.5291,1724,-43.78,22.6,14.4,36,2346,42.27,-25.200000000000003,14.3,37,-0.422,0,
C-A-1,3,0.44376,-10.6619,11.5248,1721,-43.78,22.6,14.4,36,2349,43.28,-23.400000000000002,14.3,37,-0.422,0,
C-A-1,3,0.44475,-10.8153,11.519,1717,-42.77,24.3,14.4,36,2351,42.27,-25.200000000000003,14.3,37,-0.499,0,
C-A-1,3,0.44576,-10.9304,11.5145,1714,-42.77,24.3,14.4,36,2356,42.27,-25.200000000000003,14.3,37,-0.422,0,
C-A-1,3,0.44675,-11.0838,11.5085,1710,-44.28,21.700000000000003,14.4,36,2359,42.27,-25.200000000000003,14.3,37,-0.46,0,
C-A-1,3,0.44777,-11.1605,11.5055,1708,-43.28,23.400000000000002,14.4,36,2361,42.27,-25.200000000000003,14.3,37,-0.46,0,
C-A-1,3,0.44875,-11.2756,11.5009,1705,-43.28,23.400000000000002,14.4,36,2364,42.77,-24.3,14.3,37,-0.46,0,
C-A-1,3,0.44976,-11.3523,11.4978,1703,-43.28,23.400000000000002,14.4,36,2368,42.77,-24.3,14.3,37,-0.384,0,
C-A-1,3,0.45075,-11.4673,11.4932,1700,-43.28,23.400000000000002,14.4,36,2369,41.77,-26.1,14.3,37,-0.46,0,
C-A-1,3,0.45177,-11.544,11.49,1698,-43.28,23.400000000000002,14.4,36,2371,41.77,-26.1,14.3,37,-0.46,0,
C-A-1,3,0.45275,-11.6974,11.4837,1694,-43.78,22.6,14.4,36,2374,42.27,-25.200000000000003,14.3,37,-0.499,0,
C-A-1,3,0.45377,-11.8509,11.4773,1690,-43.28,23.400000000000002,14.4,36,2378,42.77,-24.3,14.3,37,-0.499,0,
C-A-1,3,0.45475,-11.9659,11.4724,1687,-42.77,24.3,14.4,36,2382,42.27,-25.200000000000003,14.3,37,-0.46,0,
C-A-1,3,0.45577,-12.081,11.4675,1684,-43.28,23.400000000000002,14.4,36,2382,42.27,-25.200000000000003,14.3,37,-0.575,0,
C-A-1,3,0.45675,-12.2344,11.4609,1680,-44.28,21.700000000000003,14.4,36,2389,43.28,-23.400000000000002,14.3,37,-0.46,0,
C-A-1,3,0.45777,-12.3111,11.4576,1678,-43.28,23.400000000000002,14.4,36,2392,43.28,-23.400000000000002,14.3,37,-0.422,0,
C-A-1,3,0.45875,-12.3878,11.4542,1676,-43.28,23.400000000000002,14.4,36,2394,42.77,-24.3,14.3,37,-0.422,0,
C-A-1,3,0.45977,-12.5028,11.4492,1673,-43.28,23.400000000000002,14.4,36,2396,42.27,-25.200000000000003,14.3,37,-0.46,0,
C-A-1,3,0.46075,-12.6179,11.444,1670,-43.78,22.6,14.4,36,2398,41.77,-26.1,14.3,37,-0.499,0,
C-A-1,3,0.46177,-12.7713,11.4371,1666,-44.28,21.700000000000003,14.4,36,2402,43.28,-23.400000000000002,14.3,37,-0.499,0,
C-A-1,3,0.46275,-12.8864,11.4319,1663,-42.77,24.3,14.4,36,2405,43.28,-23.400000000000002,14.3,37,-0.499,0,
C-A-1,3,0.46377,-13.0398,11.4249,1659,-43.28,23.400000000000002,14.4,36,2408,43.28,-23.400000000000002,14.2,37,-0.537,0,
C-A-1,3,0.46475,-13.1165,11.4213,1657,-43.78,22.6,14.4,36,2409,42.27,-25.200000000000003,14.2,37,-0.575,0,
C-A-1,3,0.46575,-13.2699,11.4141,1653,-44.28,21.700000000000003,14.4,36,2413,42.27,-25.200000000000003,14.2,37,-0.575,0,
C-A-1,3,0.46675,-13.3849,11.4087,1650,-44.28,21.700000000000003,14.4,36,2415,42.77,-24.3,14.2,37,-0.614,0,
C-A-1,3,0.46775,-13.4233,11.4069,1649,-42.77,24.3,14.4,36,2418,42.77,-24.3,14.2,37,-0.537,0,
C-A-1,3,0.46875,-13.5384,11.4014,1646,-43.28,23.400000000000002,14.4,36,2423,42.77,-24.3,14.2,37,-0.46,0,
C-A-1,3,0.46975,-13.6534,11.3959,1643,-43.78,22.6,14.4,36,2426,42.77,-24.3,14.2,37,-0.46,0,
C-A-1,3,0.47075,-13.7301,11.3922,1641,-43.28,23.400000000000002,14.4,36,2429,43.28,-23.400000000000002,14.2,37,-0.422,0,
C-A-1,3,0.47175,-13.9219,11.3828,1636,-42.77,24.3,14.4,36,2432,43.28,-23.400000000000002,14.2,37,-0.499,0,
C-A-1,3,0.47275,-14.0369,11.3771,1633,-43.28,23.400000000000002,14.4,36,2435,43.28,-23.400000000000002,14.2,37,-0.499,0,
C-A-1,3,0.47375,-14.1903,11.3694,1629,-44.28,21.700000000000003,14.4,36,2437,43.28,-23.400000000000002,14.2,37,-0.575,0,
C-A-1,3,0.47475,-14.267,11.3656,1627,-43.78,22.6,14.4,36,2440,43.28,-23.400000000000002,14.2,37,-0.537,0,
C-A-1,3,0.47575,-14.3821,11.3597,1624,-43.28,23.400000000000002,14.4,36,2442,43.28,-23.400000000000002,14.2,37,-0.575,0,
C-A-1,3,0.47675,-14.4588,11.3558,1622,-43.28,23.400000000000002,14.4,36,2445,43.28,-23.400000000000002,14.2,37,-0.537,0,
C-A-1,3,0.47775,-14.5739,11.3499,1619,-43.28,23.400000000000002,14.4,36,2449,42.77,-24.3,14.2,37,-0.499,0,
C-A-1,3,0.47875,-14.6506,11.346,1617,-43.28,23.400000000000002,14.4,36,2453,42.77,-24.3,14.2,37,-0.422,0,
C-A-1,3,0.47975,-14.804,11.338,1613,-43.78,22.6,14.4,36,2455,43.28,-23.400000000000002,14.2,37,-0.499,0,
C-A-1,3,0.48075,-14.8807,11.334,1611,-42.77,24.3,14.4,36,2458,43.78,-22.6,14.2,37,-0.46,0,
C-A-1,3,0.48175,-14.9574,11.3299,1609,-42.77,24.3,14.4,36,2461,43.78,-22.6,14.2,37,-0.422,0,
C-A-1,3,0.48275,-15.0724,11.3238,1606,-43.78,22.6,14.4,36,2463,42.77,-24.3,14.2,37,-0.46,0,
C-A-1,3,0.48375,-15.1875,11.3177,1603,-43.78,22.6,14.4,36,2465,42.27,-25.200000000000003,14.2,37,-0.499,0,
C-A-1,3,0.48475,-15.3026,11.3115,1600,-43.78,22.6,14.4,36,2468,43.28,-23.400000000000002,14.2,37,-0.499,0,
C-A-1,3,0.48575,-15.456,11.3032,1596,-42.77,24.3,14.4,36,2471,43.28,-23.400000000000002,14.2,37,-0.537,0,
C-A-1,3,0.48675,-15.571,11.2969,1593,-43.28,23.400000000000002,14.4,36,2476,42.27,-25.200000000000003,14.2,37,-0.46,0,
C-A-1,3,0.48775,-15.6477,11.2926,1591,-43.28,23.400000000000002,14.4,36,2478,42.27,-25.200000000000003,14.2,37,-0.46,0,
C-A-1,3,0.48875,-15.8011,11.2841,1587,-43.78,22.6,14.4,36,2481,42.77,-24.3,14.2,37,-0.499,0,
C-A-1,3,0.48975,-15.8778,11.2798,1585,-43.28,23.400000000000002,14.4,36,2484,43.28,-23.400000000000002,14.2,37,-0.46,0,
C-A-1,3,0.49075,-15.9545,11.2755,1583,-42.27,25.200000000000003,14.4,36,2487,42.77,-24.3,14.2,37,-0.422,0,
C-A-1,3,0.49175,-16.0696,11.269,1580,-42.77,24.3,14.4,36,2489,42.27,-25.200000000000003,14.2,37,-0.46,0,
C-A-1,3,0.49275,-16.1847,11.2625,1577,-43.78,22.6,14.4,36,2492,42.27,-25.200000000000003,14.2,37,-0.46,0,
C-A-1,3,0.49375,-16.2997,11.2559,1574,-43.28,23.400000000000002,14.4,36,2495,43.28,-23.400000000000002,14.2,37,-0.46,0,
C-A-1,3,0.49475,-16.4915,11.2448,1569,-42.77,24.3,14.4,36,2498,42.77,-24.3,14.2,37,-0.537,0,
C-A-1,3,0.49575,-16.6065,11.2381,1566,-42.77,24.3,14.4,36,2502,42.27,-25.200000000000003,14.2,37,-0.499,0,
C-A-1,3,0.49676,-16.7216,11.2314,1563,-43.78,22.6,14.4,36,2505,42.27,-25.200000000000003,14.2,37,-0.499,0,
C-A-1,3,0.49775,-16.8366,11.2246,1560,-43.78,22.6,14.4,36,2509,43.28,-23.400000000000002,14.2,37,-0.46,0,
C-A-1,3,0.49875,-16.9901,11.2154,1556,-44.28,21.700000000000003,14.4,36,2512,43.28,-23.400000000000002,14.2,37,-0.499,0,
C-A-1,3,0.49975,-17.0284,11.2131,1555,-43.78,22.6,14.4,36,2515,43.28,-23.400000000000002,14.2,37,-0.422,0,
C-A-1,3,0.50075,-17.1435,11.2062,1552,-43.28,23.400000000000002,14.4,36,2516,42.27,-25.200000000000003,14.2,37,-0.499,0,
C-A-1,3,0.50175,-17.2585,11.1993,1549,-44.28,21.700000000000003,14.4,36,2519,42.27,-25.200000000000003,14.2,37,-0.499,0,
C-A-1,3,0.50275,-17.3352,11.1946,1547,-43.78,22.6,14.4,36,2522,42.77,-24.3,14.2,37,-0.46,0,
C-A-1,3,0.50374,-17.527,11.1828,1542,-43.28,23.400000000000002,14.4,36,2525,42.77,-24.3,14.2,37,-0.537,0,
C-A-1,3,0.50476,-17.642,11.1757,1539,-43.28,23.400000000000002,14.4,36,2527,42.77,-24.3,14.2,37,-0.575,0,
C-A-1,3,0.50576,-17.7571,11.1686,1536,-43.78,22.6,14.4,36,2529,42.27,-25.200000000000003,14.2,37,-0.614,0,
C-A-1,3,0.50675,-17.8722,11.1614,1533,-43.78,22.6,14.4,36,2532,42.27,-25.200000000000003,14.2,37,-0.614,0,
C-A-1,3,0.50775,-17.9872,11.1541,1530,-44.28,21.700000000000003,14.4,36,2535,43.28,-23.400000000000002,14.2,37,-0.614,0,
C-A-1,3,0.50875,-18.0639,11.1492,1528,-43.28,23.400000000000002,14.4,36,2538,42.77,-24.3,14.2,37,-0.575,0,
C-A-1,3,0.50975,-18.1406,11.1444,1526,-43.28,23.400000000000002,14.4,36,2543,42.77,-24.3,14.2,37,-0.46,0,
C-A-1,3,0.51075,-18.294,11.1345,1522,-44.28,21.700000000000003,14.4,36,2546,42.77,-24.3,14.2,37,-0.499,0,
C-A-1,3,0.51175,-18.4091,11.1271,1519,-44.28,21.700000000000003,14.4,36,2549,43.28,-23.400000000000002,14.2,37,-0.499,0,
C-A-1,3,0.51275,-18.5625,11.1172,1515,-43.28,23.400000000000002,14.4,36,2552,43.78,-22.6,14.2,37,-0.537,0,
C-A-1,3,0.51376,-18.6776,11.1097,1512,-43.28,23.400000000000002,14.4,36,2555,43.78,-22.6,14.2,37,-0.537,0,
C-A-1,3,0.51475,-18.7926,11.1021,1509,-43.78,22.6,14.4,36,2556,42.77,-24.3,14.2,37,-0.614,0,
C-A-1,3,0.51575,-18.9077,11.0945,1506,-43.78,22.6,14.4,36,2560,43.28,-23.400000000000002,14.2,37,-0.575,0,
C-A-1,3,0.51675,-19.0227,11.0868,1503,-44.28,21.700000000000003,14.4,36,2562,43.28,-23.400000000000002,14.2,37,-0.614,0,
C-A-1,3,0.51775,-19.0994,11.0817,1501,-43.28,23.400000000000002,14.4,36,2565,43.78,-22.6,14.2,37,-0.575,0,
C-A-1,3,0.51875,-19.2145,11.074,1498,-43.78,22.6,14.4,36,2569,42.77,-24.3,14.2,37,-0.537,0,
C-A-1,3,0.51975,-19.3295,11.0662,1495,-44.28,21.700000000000003,14.4,36,2572,42.77,-24.3,14.2,37,-0.537,0,
C-A-1,3,0.52075,-19.4446,11.0584,1492,-44.28,21.700000000000003,14.4,36,2575,43.28,-23.400000000000002,14.2,37,-0.537,0,
C-A-1,3,0.52175,-19.598,11.0479,1488,-43.28,23.400000000000002,14.4,36,2577,42.77,-24.3,14.2,37,-0.614,0,
C-A-1,3,0.52275,-19.7131,11.04,1485,-42.77,24.3,14.4,36,2581,43.28,-23.400000000000002,14.2,37,-0.575,0,
C-A-1,3,0.52375,-19.8281,11.032,1482,-43.78,22.6,14.4,36,2582,42.27,-25.200000000000003,14.2,37,-0.652,0,
C-A-1,3,0.52475,-19.9432,11.024,1479,-43.78,22.6,14.4,36,2585,42.27,-25.200000000000003,14.2,37,-0.652,0,
C-A-1,3,0.52575,-20.0582,11.0159,1476,-43.78,22.6,14.4,36,2588,43.28,-23.400000000000002,14.2,37,-0.652,0,
C-A-1,3,0.52675,-20.1349,11.0105,1474,-43.28,23.400000000000002,14.4,36,2591,43.28,-23.400000000000002,14.2,37,-0.614,0,
C-A-1,3,0.52776,-20.2116,11.0051,1472,-42.77,24.3,14.4,36,2596,42.27,-25.200000000000003,14.2,37,-0.499,0,
C-A-1,3,0.52875,-20.3267,10.997,1469,-43.78,22.6,14.4,36,2599,42.27,-25.200000000000003,14.2,37,-0.499,0,
C-A-1,3,0.52975,-20.4418,10.9888,1466,-43.78,22.6,14.4,36,2602,43.28,-23.400000000000002,14.2,37,-0.499,0,
C-A-1,3,0.53075,-20.5568,10.9805,1463,-43.78,22.6,14.4,36,2605,43.28,-23.400000000000002,14.2,37,-0.499,0,
C-A-1,3,0.53176,-20.5952,10.9778,1462,-43.28,23.400000000000002,14.4,36,2608,43.28,-23.400000000000002,14.2,37,-0.422,0,
C-A-1,3,0.53275,-20.7486,10.9667,1458,-43.78,22.6,14.4,36,2609,42.27,-25.200000000000003,14.2,37,-0.537,0,
C-A-1,3,0.53375,-20.8636,10.9583,1455,-44.28,21.700000000000003,14.4,36,2612,42.77,-24.3,14.2,37,-0.537,0,
C-A-1,3,0.53475,-20.9787,10.9499,1452,-44.28,21.700000000000003,14.4,36,2615,43.28,-23.400000000000002,14.2,37,-0.537,0,
C-A-1,3,0.53576,-21.1705,10.9358,1447,-43.78,22.6,14.4,36,2618,43.28,-23.400000000000002,14.2,37,-0.614,0,
C-A-1,3,0.53675,-21.2855,10.9273,1444,-43.78,22.6,14.4,36,2624,42.77,-24.3,14.2,37,-0.499,0,
C-A-1,3,0.53776,-21.3622,10.9216,1442,-43.78,22.6,14.4,36,2626,42.77,-24.3,14.2,37,-0.499,0,
C-A-1,3,0.53875,-21.4773,10.913,1439,-44.28,21.700000000000003,14.4,36,2629,43.28,-23.400000000000002,14.2,37,-0.499,0,
C-A-1,3,0.53975,-21.6307,10.9014,1435,-44.28,21.700000000000003,14.4,36,2632,43.28,-23.400000000000002,14.2,37,-0.537,0,
C-A-1,3,0.54075,-21.669,10.8985,1434,-43.28,23.400000000000002,14.4,36,2634,42.77,-24.3,14.2,37,-0.499,0,
C-A-1,3,0.54176,-21.7841,10.8898,1431,-43.28,23.400000000000002,14.4,36,2636,42.27,-25.200000000000003,14.2,37,-0.537,0,
C-A-1,3,0.54275,-21.8991,10.881,1428,-44.28,21.700000000000003,14.4,36,2639,42.27,-25.200000000000003,14.2,37,-0.537,0,
C-A-1,3,0.54376,-22.0142,10.8722,1425,-44.28,21.700000000000003,14.4,36,2642,43.28,-23.400000000000002,14.2,37,-0.537,0,
C-A-1,3,0.54475,-22.206,10.8575,1420,-43.78,22.6,14.4,36,2644,42.27,-25.200000000000003,14.2,37,-0.652,0,
C-A-1,3,0.54576,-22.2827,10.8515,1418,-43.28,23.400000000000002,14.4,36,2648,42.27,-25.200000000000003,14.2,37,-0.575,0,
C-A-1,3,0.54675,-22.4361,10.8396,1414,-44.28,21.700000000000003,14.4,36,2649,42.27,-25.200000000000003,14.2,37,-0.69,0,
C-A-1,3,0.54776,-22.5511,10.8306,1411,-44.28,21.700000000000003,14.4,36,2652,43.28,-23.400000000000002,14.2,37,-0.69,0,
C-A-1,3,0.54875,-22.6662,10.8215,1408,-44.28,21.700000000000003,14.4,36,2655,43.78,-22.6,14.2,37,-0.69,0,
C-A-1,3,0.54976,-22.7045,10.8185,1407,-43.78,22.6,14.4,36,2659,43.78,-22.6,14.2,37,-0.575,0,
C-A-1,3,0.55075,-22.7812,10.8124,1405,-43.28,23.400000000000002,14.4,36,2663,43.28,-23.400000000000002,14.2,37,-0.499,0,
C-A-1,3,0.55176,-22.8963,10.8033,1402,-44.28,21.700000000000003,14.4,36,2666,42.77,-24.3,14.2,37,-0.499,0,
C-A-1,3,0.55275,-23.0114,10.7941,1399,-44.28,21.400000000000002,14.4,36,2669,43.78,-22.6,14.2,37,-0.499,0,
C-A-1,3,0.55376,-23.2031,10.7787,1394,-43.78,21.5,14.4,36,2672,43.78,-22.6,14.2,37,-0.575,0,
C-A-1,3,0.55475,-23.3182,10.7694,1391,-43.78,20.700000000000003,14.4,36,2675,43.78,-22.3,14.2,37,-0.575,0,
C-A-1,3,0.55576,-23.4332,10.76,1388,-44.28,19.0,14.4,36,2676,42.77,-24.3,14.2,37,-0.652,0,
C-A-1,3,0.55675,-23.5483,10.7507,1385,-44.28,18.2,14.4,36,2679,42.77,-24.3,14.2,37,-0.652,0,
C-A-1,3,0.55776,-23.6634,10.7412,1382,-44.28,17.400000000000002,14.4,36,2682,43.28,-23.1,14.2,37,-0.652,0,
C-A-1,3,0.55875,-23.7401,10.7349,1380,-43.78,18.3,14.4,36,2685,43.28,-22.3,14.2,37,-0.614,0,
C-A-1,3,0.55976,-23.8551,10.7254,1377,-43.78,17.5,14.4,36,2689,42.27,-24.1,14.2,37,-0.575,0,
C-A-1,3,0.56075,-23.9702,10.7159,1374,-44.78,14.9,14.4,36,2693,42.77,-21.6,14.2,37,-0.537,0,
C-A-1,3,0.56176,-24.0852,10.7063,1371,-44.28,15.0,14.4,36,2696,43.78,-19.1,14.2,37,-0.537,0,
C-A-1,3,0.56275,-24.277,10.6902,1366,-43.78,14.3,14.4,36,2699,43.78,-18.3,14.2,37,-0.614,0,
C-A-1,3,0.56376,-24.392,10.6805,1363,-43.78,13.5,14.4,36,2702,43.78,-17.5,14.2,37,-0.614,0,
C-A-1,3,0.56475,-24.4688,10.674,1361,-43.78,13.5,14.4,36,2703,42.77,-20.0,14.2,37,-0.652,0,
C-A-1,3,0.56576,-24.6222,10.661,1357,-44.28,10.200000000000001,14.4,36,2706,42.77,-18.400000000000002,14.2,37,-0.69,0,
C-A-1,3,0.56675,-24.7372,10.6511,1354,-44.78,8.5,14.4,36,2710,43.78,-15.100000000000001,14.2,37,-0.652,0,
C-A-1,3,0.56776,-24.7756,10.6478,1353,-43.78,10.3,14.4,36,2712,43.28,-15.9,14.2,37,-0.614,0,
C-A-1,3,0.56876,-24.8906,10.638,1350,-43.28,10.3,14.4,36,2717,42.77,-15.200000000000001,14.2,37,-0.537,0,
C-A-1,3,0.56976,-25.0057,10.628,1347,-44.28,7.0,14.4,36,2719,42.77,-15.200000000000001,14.2,37,-0.575,0,
C-A-1,3,0.57076,-25.1207,10.618,1344,-44.28,6.2,14.4,36,2722,43.28,-12.700000000000001,14.2,37,-0.575,0,
C-A-1,3,0.57176,-25.1591,10.6147,1343,-43.78,6.300000000000001,14.4,36,2725,43.28,-11.9,14.2,37,-0.499,0,
C-A-1,3,0.57275,-25.1974,10.6114,1342,-42.77,8.8,14.4,36,2727,42.77,-12.8,14.2,37,-0.46,0,
C-A-1,3,0.57376,-25.3125,10.6013,1339,-42.77,7.2,14.4,36,2729,42.77,-12.0,14.2,37,-0.499,0,
C-A-1,3,0.57475,-25.4276,10.5912,1336,-43.28,4.7,14.4,36,2732,42.27,-11.3,14.2,37,-0.499,0,
C-A-1,3,0.57576,-25.5043,10.5845,1334,-43.28,3.9000000000000004,14.4,36,2735,43.28,-8.700000000000001,14.2,37,-0.46,0,
C-A-1,3,0.57675,-25.696,10.5675,1329,-42.27,4.1000000000000005,14.4,36,2738,43.28,-7.1000000000000005,14.2,37,-0.537,0,
C-A-1,3,0.57776,-25.7727,10.5607,1327,-41.77,4.2,14.4,36,2741,41.26,-10.600000000000001,14.2,37,-0.499,0,
C-A-1,3,0.57875,-25.8878,10.5504,1324,-42.27,1.7000000000000002,14.5,36,2744,41.26,-9.0,14.2,37,-0.499,0,
C-A-1,3,0.57976,-25.9645,10.5436,1322,-42.27,0.9,14.5,36,2747,42.27,-5.7,14.3,37,-0.46,0,
C-A-1,3,0.58076,-26.0795,10.5332,1319,-42.27,-0.7000000000000001,14.5,36,2749,41.77,-5.800000000000001,14.3,37,-0.499,0,
C-A-1,3,0.58176,-26.1179,10.5298,1318,-41.26,1.0,14.5,36,2752,41.77,-5.0,14.3,37,-0.422,0,
C-A-1,3,0.58281,-26.233,10.5194,1315,-40.76,0.30000000000000004,14.5,36,2753,40.76,-6.7,14.3,37,-0.499,0,
C-A-1,3,0.58387,-26.3097,10.5125,1313,-41.26,-1.4000000000000001,14.5,36,2756,40.76,-5.1000000000000005,14.3,37,-0.46,0,
C-A-1,3,0.58485,-26.5014,10.495,1308,-40.76,-2.9000000000000004,14.5,36,2759,41.77,-1.8,14.3,37,-0.537,0,
C-A-1,3,0.58586,-26.5398,10.4915,1307,-39.75,-1.1,14.5,36,2761,41.26,-1.8,14.3,37,-0.499,0,
C-A-1,3,0.58683,-26.6548,10.481,1304,-39.75,-3.5,14.5,36,2766,40.76,-0.30000000000000004,14.3,37,-0.422,0,
C-A-1,3,0.58783,-26.7315,10.4739,1302,-39.75,-4.3,14.5,36,2767,39.75,-2.1,14.3,37,-0.46,0,
C-A-1,3,0.58882,-26.8082,10.4668,1300,-39.25,-4.3,14.5,36,2770,40.76,2.1,14.3,37,-0.422,0,
C-A-1,3,0.58982,-26.8849,10.4597,1298,-38.75,-4.2,14.5,36,2773,40.26,2.8000000000000003,14.3,37,-0.384,0,
C-A-1,3,0.59082,-26.9233,10.4562,1297,-37.74,-3.2,14.5,36,2775,39.75,2.7,14.3,37,-0.345,0,
C-A-1,3,0.59182,-27.0384,10.4455,1294,-37.74,-4.800000000000001,14.5,36,2776,38.75,1.0,14.3,37,-0.422,0,
C-A-1,3,0.59282,-27.1151,10.4384,1292,-37.74,-6.4,14.5,36,2778,38.24,1.7000000000000002,14.3,37,-0.422,0,
C-A-1,3,0.59383,-27.1918,10.4312,1290,-37.24,-6.4,14.5,36,2780,38.75,3.4000000000000004,14.3,37,-0.422,0,
C-A-1,3,0.59483,-27.3068,10.4204,1287,-35.73,-6.1000000000000005,14.5,36,2782,38.24,3.3000000000000003,14.3,37,-0.46,0,
C-A-1,3,0.59583,-27.4219,10.4096,1284,-35.73,-8.5,14.5,36,2784,37.24,4.0,14.3,37,-0.499,0,
C-A-1,3,0.59676,-27.4986,10.4023,1282,-36.23,-11.0,14.5,36,2786,36.73,4.7,14.3,37,-0.499,0,
C-A-1,3,0.59776,-27.5753,10.3951,1280,-35.73,-11.700000000000001,14.5,36,2788,36.73,4.7,14.3,37,-0.499,0,
C-A-1,3,0.59875,-27.652,10.3878,1278,-35.22,-12.5,14.5,36,2789,36.23,3.8000000000000003,14.3,37,-0.537,0,
C-A-1,3,0.59975,-27.6903,10.3842,1277,-34.22,-11.5,14.5,36,2792,36.73,7.1000000000000005,14.3,37,-0.46,0,
C-A-1,3,0.60076,-27.767,10.3769,1275,-34.22,-13.100000000000001,14.5,36,2795,35.22,6.1000000000000005,14.3,37,-0.422,0,
C-A-1,3,0.60176,-27.8438,10.3695,1273,-34.72,-15.600000000000001,14.5,36,2797,35.22,7.7,14.3,37,-0.422,0,
C-A-1,3,0.60276,-27.8821,10.3659,1272,-33.71,-14.600000000000001,14.5,36,2799,35.22,9.3,14.3,37,-0.384,0,
C-A-1,3,0.60375,-28.0355,10.3511,1268,-33.21,-17.0,14.5,36,2801,34.72,10.0,14.3,37,-0.46,0,
C-A-1,3,0.60475,-28.0739,10.3475,1267,-31.7,-15.100000000000001,14.5,36,2803,34.22,10.700000000000001,14.3,37,-0.422,0,
C-A-1,3,0.60576,-28.1506,10.3401,1265,-32.2,-17.6,14.5,36,2804,33.21,9.8,14.3,37,-0.46,0,
C-A-1,3,0.60676,-28.2273,10.3326,1263,-32.2,-19.200000000000003,14.5,36,2806,33.21,11.4,14.3,37,-0.46,0,
C-A-1,3,0.60776,-28.2656,10.3289,1262,-31.2,-18.3,14.5,36,2808,33.71,13.8,14.3,37,-0.422,0,
C-A-1,3,0.60876,-28.304,10.3252,1261,-30.7,-18.2,14.5,36,2810,33.21,14.600000000000001,14.3,37,-0.384,0,
C-A-1,3,0.60976,-28.3807,10.3178,1259,-30.19,-18.900000000000002,14.5,36,2812,31.7,13.5,14.3,37,-0.384,0,
C-A-1,3,0.61076,-28.4574,10.3103,1257,-30.7,-21.400000000000002,14.5,36,2814,31.2,14.3,14.3,37,-0.384,0,
C-A-1,3,0.61176,-28.4957,10.3065,1256,-29.69,-20.400000000000002,14.5,36,2816,31.7,16.7,14.3,37,-0.345,0,
C-A-1,3,0.61276,-28.5724,10.299,1254,-28.18,-19.400000000000002,14.5,36,2818,31.2,17.5,14.3,37,-0.345,0,
C-A-1,3,0.61376,-28.6491,10.2915,1252,-28.18,-21.0,14.5,36,2819,30.19,16.5,14.3,37,-0.384,0,
C-A-1,3,0.61476,-28.6875,10.2878,1251,-28.18,-21.8,14.5,36,2821,30.19,18.1,14.3,37,-0.345,0,
C-A-1,3,0.61576,-28.7642,10.2802,1249,-27.68,-22.5,14.5,36,2822,29.19,17.1,14.3,37,-0.384,0,
C-A-1,3,0.61676,-28.8026,10.2764,1248,-27.17,-22.400000000000002,14.5,36,2824,29.19,18.7,14.3,37,-0.345,0,
C-A-1,3,0.61776,-28.8409,10.2726,1247,-26.67,-22.400000000000002,14.5,36,2824,28.68,17.900000000000002,14.3,37,-0.384,0,
C-A-1,3,0.61876,-28.8793,10.2689,1246,-26.17,-22.3,14.5,36,2827,27.17,17.6,14.3,37,-0.307,0,
C-A-1,3,0.61976,-28.956,10.2613,1244,-26.67,-24.8,14.5,36,2829,27.17,19.200000000000003,14.3,37,-0.307,0,
C-A-1,3,0.62076,-29.0327,10.2537,1242,-26.17,-25.5,14.5,36,2830,27.17,20.0,14.3,37,-0.345,0,
C-A-1,3,0.62176,-29.071,10.2498,1241,-25.66,-25.400000000000002,14.5,36,2831,26.67,20.0,14.3,37,-0.345,0,
C-A-1,3,0.62276,-29.1477,10.2422,1239,-25.66,-27.0,14.5,36,2832,26.17,19.900000000000002,14.3,37,-0.384,0,
C-A-1,3,0.62376,-29.1861,10.2384,1238,-25.16,-26.900000000000002,14.5,36,2833,25.66,19.8,14.3,37,-0.384,0,
C-A-1,3,0.62475,-29.2244,10.2345,1237,-25.16,-27.700000000000003,14.5,36,2834,25.16,19.700000000000003,14.3,37,-0.384,0,
C-A-1,3,0.62576,-29.2628,10.2307,1236,-24.15,-26.8,14.5,36,2836,25.16,21.3,14.3,37,-0.345,0,
C-A-1,3,0.62675,-29.3395,10.223,1234,-23.15,-26.6,14.5,36,2837,24.66,21.3,14.3,37,-0.384,0,
C-A-1,3,0.62776,-29.4162,10.2153,1232,-23.15,-28.200000000000003,14.5,36,2839,23.65,21.1,14.3,37,-0.384,0,
C-A-1,3,0.62875,-29.4162,10.2153,1232,-22.64,-27.400000000000002,14.5,36,2839,22.64,19.400000000000002,14.3,37,-0.384,0,
C-A-1,3,0.62976,-29.4929,10.2076,1230,-22.64,-29.0,14.5,36,2840,22.64,20.200000000000003,14.3,37,-0.422,0,
C-A-1,3,0.63075,-29.5313,10.2037,1229,-22.14,-28.900000000000002,14.5,36,2842,22.64,21.8,14.3,37,-0.384,0,
C-A-1,3,0.63176,-29.5313,10.2037,1229,-21.64,-28.0,14.5,36,2843,22.14,21.700000000000003,14.3,37,-0.345,0,
C-A-1,3,0.63275,-29.5696,10.1999,1228,-21.13,-27.900000000000002,14.5,36,2843,21.13,19.900000000000002,14.3,37,-0.384,0,
C-A-1,3,0.63376,-29.608,10.196,1227,-20.63,-27.900000000000002,14.5,36,2844,20.63,19.900000000000002,14.3,37,-0.384,0,
C-A-1,3,0.63476,-29.608,10.196,1227,-20.13,-27.0,14.5,36,2845,20.63,20.700000000000003,14.3,37,-0.345,0,
C-A-1,3,0.63576,-29.6847,10.1882,1225,-19.12,-26.8,14.5,36,2845,19.62,18.900000000000002,14.3,37,-0.422,0,
C-A-1,3,0.63675,-29.723,10.1843,1224,-19.12,-27.6,14.5,36,2847,19.62,20.5,14.3,37,-0.384,0,
C-A-1,3,0.63776,-29.723,10.1843,1224,-18.62,-26.8,14.5,36,2847,18.62,18.8,14.3,37,-0.384,0,
C-A-1,3,0.63876,-29.7614,10.1804,1223,-18.12,-26.700000000000003,14.5,36,2848,18.12,18.7,14.3,37,-0.384,0,
C-A-1,3,0.63976,-29.7997,10.1765,1222,-17.61,-26.6,14.5,36,2849,18.62,20.400000000000002,14.3,37,-0.384,0,
C-A-1,3,0.64076,-29.7614,10.1804,1223,-16.61,-24.1,14.5,36,2849,17.61,18.6,14.3,37,-0.345,0,
C-A-1,3,0.64176,-29.8381,10.1726,1221,-16.61,-25.700000000000003,14.5,36,2850,16.1,16.8,14.3,37,-0.384,0,
C-A-1,3,0.64276,-29.8381,10.1726,1221,-16.61,-25.700000000000003,14.5,36,2851,16.1,17.6,14.3,37,-0.345,0,
C-A-1,3,0.64376,-29.8381,10.1726,1221,-15.6,-23.900000000000002,14.5,36,2852,15.6,17.5,14.3,37,-0.307,0,
C-A-1,3,0.64476,-29.8764,10.1687,1220,-14.59,-22.900000000000002,14.5,36,2852,15.1,16.6,14.3,37,-0.345,0,
C-A-1,3,0.64576,-29.9148,10.1648,1219,-14.59,-23.700000000000003,14.5,36,2852,14.09,14.9,14.3,37,-0.384,0,
C-A-1,3,0.64676,-29.9148,10.1648,1219,-14.09,-22.900000000000002,14.5,36,2853,14.59,16.5,14.3,37,-0.345,0,
C-A-1,3,0.64776,-29.9531,10.1609,1218,-14.09,-23.700000000000003,14.5,36,2853,13.59,14.8,14.3,37,-0.384,0,
C-A-1,3,0.64876,-29.9531,10.1609,1218,-13.08,-21.900000000000002,14.5,36,2854,13.59,15.600000000000001,14.3,37,-0.345,0,
C-A-1,3,0.64976,-29.9531,10.1609,1218,-12.08,-20.200000000000003,14.5,36,2854,12.58,13.8,14.3,37,-0.345,0,
C-A-1,3,0.65076,-29.9531,10.1609,1218,-11.57,-19.3,14.5,36,2855,12.08,13.8,14.3,37,-0.307,0,
C-A-1,3,0.65176,-29.9915,10.157,1217,-11.07,-19.200000000000003,14.5,36,2855,11.57,12.9,14.3,37,-0.345,0,
C-A-1,3,0.65276,-29.9915,10.157,1217,-10.57,-18.3,14.5,36,2855,11.07,12.0,14.3,37,-0.345,0,
C-A-1,3,0.65376,-30.0298,10.1531,1216,-10.06,-18.3,14.5,36,2856,11.07,12.8,14.3,37,-0.345,0,
C-A-1,3,0.65476,-30.0298,10.1531,1216,-9.06,-16.5,14.5,36,2856,10.06,11.100000000000001,14.3,37,-0.345,0,
C-A-1,3,0.65576,-30.0298,10.1531,1216,-9.06,-16.5,14.5,36,2856,9.56,10.200000000000001,14.3,37,-0.345,0,
C-A-1,3,0.65676,-30.0298,10.1531,1216,-8.05,-14.8,14.5,36,2856,9.06,9.3,14.3,37,-0.345,0,
C-A-1,3,0.65776,-30.0298,10.1531,1216,-8.05,-14.8,14.5,36,2856,8.55,8.4,14.3,37,-0.345,0,
C-A-1,3,0.65876,-30.0298,10.1531,1216,-7.04,-13.0,14.5,36,2856,8.55,8.4,14.3,37,-0.345,0,
C-A-1,3,0.65976,-30.0298,10.1531,1216,-6.54,-12.100000000000001,14.5,36,2857,7.55,7.5,14.3,37,-0.307,0,
C-A-1,3,0.66076,-30.0298,10.1531,1216,-6.54,-12.100000000000001,14.5,36,2857,7.04,6.6000000000000005,14.3,37,-0.307,0,
C-A-1,3,0.66176,-30.0298,10.1531,1216,-6.04,-11.3,14.5,36,2857,7.04,6.6000000000000005,14.3,37,-0.307,0,
C-A-1,3,0.66276,-30.0298,10.1531,1216,-5.54,-10.4,14.5,36,2857,6.54,5.7,14.3,37,-0.307,0,
C-A-1,3,0.66376,-30.0298,10.1531,1216,-5.54,-10.4,14.5,36,2857,6.04,4.9,14.3,37,-0.307,0,
C-A-1,3,0.66476,-30.0682,10.1491,1215,-5.54,-11.200000000000001,14.5,36,2857,6.04,4.9,14.3,37,-0.345,0,
C-A-1,3,0.66576,-30.0298,10.1531,1216,-4.53,-8.6,14.5,36,2857,5.03,3.1,14.3,37,-0.307,0,
C-A-1,3,0.66676,-30.0298,10.1531,1216,-4.03,-7.800000000000001,14.5,36,2857,5.03,3.1,14.3,37,-0.307,0,
C-A-1,3,0.66782,-30.0298,10.1531,1216,-3.52,-6.9,14.5,36,2857,4.53,2.2,14.3,37,-0.307,0,
C-A-1,3,0.66883,-30.0298,10.1531,1216,-3.02,-6.0,14.5,36,2857,4.03,1.4000000000000001,14.3,37,-0.307,0,
C-A-1,3,0.66983,-30.0298,10.1531,1216,-3.52,-6.9,14.5,36,2857,3.52,0.5,14.3,37,-0.307,0,
C-A-1,3,0.67082,-30.0298,10.1531,1216,-2.52,-5.1000000000000005,14.5,36,2857,3.52,0.5,14.3,37,-0.307,0,
C-A-1,3,0.67177,-30.0298,10.1531,1216,-2.52,-5.1000000000000005,14.5,36,2857,3.02,-0.4,14.3,37,-0.307,0,
C-A-1,3,0.67282,-30.0298,10.1531,1216,-2.52,-5.1000000000000005,14.5,36,2857,2.52,-1.3,14.3,37,-0.307,0,
C-A-1,3,0.67383,-30.0682,10.1491,1215,-2.52,-5.9,14.5,36,2857,2.52,-1.3,14.3,37,-0.345,0,
C-A-1,3,0.67483,-30.0298,10.1531,1216,-2.01,-4.3,14.5,36,2857,2.52,-1.3,14.3,37,-0.307,0,
C-A-1,3,0.67584,-30.0682,10.1491,1215,-2.01,-5.1000000000000005,14.5,36,2857,2.01,-2.1,14.3,37,-0.345,0,
C-A-1,3,0.67683,-30.0298,10.1531,1216,-1.01,-2.5,14.5,36,2857,2.01,-2.1,14.3,37,-0.307,0,
C-A-1,3,0.67786,-30.0298,10.1531,1216,-1.01,-2.5,14.5,36,2857,1.51,-3.0,14.3,37,-0.307,0,
C-A-1,3,0.67883,-30.0298,10.1531,1216,-1.01,-2.5,14.5,36,2857,1.51,-3.0,14.3,37,-0.307,0,
C-A-1,3,0.67982,-30.0298,10.1531,1216,-1.01,-2.5,14.5,36,2856,0.0,-6.4,14.3,37,-0.345,0,
C-A-1,3,0.68083,-30.0298,10.1531,1216,0.0,-0.8,14.5,36,2857,1.01,-3.9000000000000004,14.3,37,-0.307,0,
C-A-1,3,0.68177,-30.0298,10.1531,1216,0.0,-0.8,14.5,36,2856,0.0,-6.4,14.3,37,-0.345,0,
C-A-1,3,0.68277,-30.0298,10.1531,1216,0.0,-0.8,14.5,36,2856,0.0,-6.4,14.3,37,-0.345,0,
C-A-1,3,0.68376,-30.0298,10.1531,1216,0.0,-0.8,14.5,36,2856,0.0,-6.4,14.3,37,-0.345,0,
C-A-1,3,0.68477,-30.0298,10.1531,1216,0.0,-0.8,14.5,36,2856,0.0,-6.4,14.3,37,-0.345,0,
C-A-1,3,0.68576,-29.9915,10.157,1217,0.0,0.0,14.5,36,2856,0.0,-6.4,14.3,37,-0.307,0,
C-A-1,3,0.68676,-29.9531,10.1609,1218,1.01,2.5,14.5,36,2856,0.0,-6.4,14.3,37,-0.268,0,
C-A-1,3,0.68776,-29.9531,10.1609,1218,1.01,2.5,14.5,36,2856,0.0,-6.4,14.3,37,-0.268,0,
C-A-1,3,0.68876,-29.9531,10.1609,1218,1.01,2.5,14.5,36,2856,0.0,-6.4,14.3,37,-0.268,0,
C-A-1,3,0.68976,-29.9148,10.1648,1219,1.51,4.2,14.5,36,2855,-1.01,-8.9,14.3,37,-0.268,0,
C-A-1,3,0.69077,-29.9148,10.1648,1219,1.51,4.2,14.5,36,2855,-1.01,-8.9,14.3,37,-0.268,0,
C-A-1,3,0.69176,-29.9148,10.1648,1219,1.51,4.2,14.5,36,2855,-1.01,-8.9,14.3,37,-0.268,0,
C-A-1,3,0.69277,-29.9148,10.1648,1219,1.51,4.2,14.5,36,2855,-1.01,-8.9,14.3,37,-0.268,0,
C-A-1,3,0.69376,-29.8764,10.1687,1220,2.52,6.7,14.5,36,2855,-1.01,-8.9,14.3,37,-0.23,0,
C-A-1,3,0.69476,-29.8764,10.1687,1220,2.01,5.9,14.9,36,2855,-1.01,-8.9,14.3,37,-0.23,0,
C-A-1,3,0.69577,-29.8764,10.1687,1220,2.52,6.7,14.9,36,2855,-1.01,-8.9,14.3,37,-0.23,0,
C-A-1,3,0.69676,-29.8764,10.1687,1220,2.01,5.9,14.9,36,2855,-1.01,-8.9,14.8,37,-0.23,0,
C-A-1,3,0.69777,-29.8764,10.1687,1220,2.01,5.9,14.9,36,2855,0.0,-7.2,14.8,37,-0.23,0,
C-A-1,3,0.69876,-29.8764,10.1687,1220,2.01,5.9,14.9,36,2855,-1.01,-8.9,14.8,37,-0.23,0,
C-A-1,3,0.69975,-29.8381,10.1726,1221,2.52,7.5,14.9,36,2854,-1.51,-10.600000000000001,14.8,37,-0.23,0,
C-A-1,3,0.70077,-29.8381,10.1726,1221,2.52,7.5,14.9,36,2854,-1.51,-10.600000000000001,14.8,37,-0.23,0,
C-A-1,3,0.70175,-29.8381,10.1726,1221,2.52,7.5,14.9,36,2854,-1.51,-10.600000000000001,14.8,37,-0.23,0,
C-A-1,3,0.70276,-29.8381,10.1726,1221,3.02,8.4,14.9,36,2854,-1.51,-10.600000000000001,14.8,37,-0.23,0,
C-A-1,3,0.70374,-29.8381,10.1726,1221,3.02,8.4,14.9,36,2853,-2.01,-12.3,14.8,37,-0.268,0,
C-A-1,3,0.70476,-29.8381,10.1726,1221,3.02,8.4,14.9,36,2854,-1.51,-10.600000000000001,14.8,37,-0.23,0,
C-A-1,3,0.70575,-29.8381,10.1726,1221,2.52,7.5,14.9,36,2854,-1.51,-10.600000000000001,14.8,37,-0.23,0,
C-A-1,3,0.70676,-29.8381,10.1726,1221,2.52,7.5,14.9,36,2854,-1.01,-9.700000000000001,14.8,37,-0.23,0,
C-A-1,3,0.70774,-29.7997,10.1765,1222,2.52,7.5,14.9,36,2853,-2.01,-12.3,14.8,37,-0.23,0,
C-A-1,3,0.70876,-29.8381,10.1726,1221,2.52,7.5,14.9,36,2853,-2.01,-12.3,14.8,37,-0.268,0,
C-A-1,3,0.70974,-29.7997,10.1765,1222,3.02,9.200000000000001,14.9,36,2853,-2.01,-12.3,14.8,37,-0.23,0,
C-A-1,3,0.71076,-29.7997,10.1765,1222,3.02,9.200000000000001,14.9,36,2853,-1.51,-11.4,14.8,37,-0.23,0,
C-A-1,3,0.71175,-29.7997,10.1765,1222,3.02,9.200000000000001,14.9,36,2853,-1.51,-11.4,14.8,37,-0.23,0,
C-A-1,3,0.71276,-29.7997,10.1765,1222,3.02,9.200000000000001,14.9,36,2852,-2.01,-13.100000000000001,14.8,37,-0.268,0,
C-A-1,3,0.71375,-29.7614,10.1804,1223,3.52,10.9,14.9,36,2852,-2.01,-13.100000000000001,14.8,37,-0.23,0,
C-A-1,3,0.71476,-29.7614,10.1804,1223,3.02,10.0,14.9,36,2852,-2.01,-13.100000000000001,14.8,37,-0.23,0,
C-A-1,3,0.71574,-29.7614,10.1804,1223,3.02,10.0,14.9,36,2852,-2.01,-13.100000000000001,14.8,37,-0.23,0,
C-A-1,3,0.71676,-29.7614,10.1804,1223,2.52,9.1,14.9,36,2852,-2.01,-13.100000000000001,14.8,37,-0.23,0,
C-A-1,3,0.71775,-29.7614,10.1804,1223,2.52,9.1,14.9,36,2852,-2.01,-13.100000000000001,14.8,37,-0.23,0,
C-A-1,3,0.71876,-29.7614,10.1804,1223,2.01,8.3,14.9,36,2851,-2.01,-13.9,14.8,37,-0.268,0,
C-A-1,3,0.71976,-29.7614,10.1804,1223,2.01,8.3,14.9,36,2851,-2.01,-13.9,14.8,37,-0.268,0,
C-A-1,3,0.72075,-29.7614,10.1804,1223,2.01,8.3,14.9,36,2851,-2.01,-13.9,14.8,37,-0.268,0,
C-A-1,3,0.72176,-29.723,10.1843,1224,2.52,9.9,14.9,36,2850,-2.52,-15.5,14.8,37,-0.268,0,
C-A-1,3,0.72276,-29.723,10.1843,1224,2.01,9.1,14.9,36,2850,-2.52,-15.5,14.8,37,-0.268,0,
C-A-1,3,0.72375,-29.723,10.1843,1224,2.01,9.1,14.9,36,2850,-2.52,-15.5,14.8,37,-0.268,0,
C-A-1,3,0.72476,-29.723,10.1843,1224,2.01,9.1,14.9,36,2850,-2.52,-15.5,14.8,37,-0.268,0,
C-A-1,3,0.72575,-29.723,10.1843,1224,2.01,9.1,14.9,36,2850,-2.52,-15.5,14.8,37,-0.268,0,
C-A-1,3,0.72677,-29.6847,10.1882,1225,2.52,10.700000000000001,14.9,36,2849,-3.02,-17.2,14.8,37,-0.268,0,
C-A-1,3,0.72775,-29.6847,10.1882,1225,2.52,10.700000000000001,14.9,36,2849,-3.02,-17.2,14.8,37,-0.268,0,
C-A-1,3,0.72876,-29.6847,10.1882,1225,2.01,9.9,14.9,36,2849,-2.52,-16.3,14.8,37,-0.268,0,
C-A-1,3,0.72976,-29.6847,10.1882,1225,2.01,9.9,14.9,36,2849,-2.52,-16.3,14.8,37,-0.268,0,
C-A-1,3,0.73075,-29.6463,10.1921,1226,2.52,11.5,14.9,36,2849,-2.52,-16.3,14.8,37,-0.23,0,
C-A-1,3,0.73177,-29.6847,10.1882,1225,2.01,9.9,14.9,36,2848,-3.02,-18.0,14.8,37,-0.307,0,
C-A-1,3,0.73275,-29.6463,10.1921,1226,2.01,10.700000000000001,14.9,36,2848,-2.52,-17.1,14.8,37,-0.268,0,
C-A-1,3,0.73377,-29.6463,10.1921,1226,2.52,11.5,14.9,36,2848,-3.02,-18.0,14.8,37,-0.268,0,
C-A-1,3,0.73475,-29.6463,10.1921,1226,2.52,11.5,14.9,36,2847,-3.52,-19.700000000000003,14.8,37,-0.307,0,
C-A-1,3,0.73577,-29.6463,10.1921,1226,2.01,10.700000000000001,14.9,36,2847,-3.52,-19.700000000000003,14.8,37,-0.307,0,
C-A-1,3,0.73675,-29.6463,10.1921,1226,2.52,11.5,14.9,36,2847,-3.02,-18.8,14.8,37,-0.307,0,
C-A-1,3,0.73776,-29.6463,10.1921,1226,2.52,11.5,14.9,36,2847,-3.02,-18.8,14.8,37,-0.307,0,
C-A-1,3,0.73875,-29.6463,10.1921,1226,2.01,10.700000000000001,14.9,36,2847,-3.02,-18.8,14.8,37,-0.307,0,
C-A-1,3,0.73977,-29.6463,10.1921,1226,2.01,10.700000000000001,14.9,36,2847,-3.02,-18.8,14.8,37,-0.307,0,
C-A-1,3,0.74075,-29.608,10.196,1227,2.52,12.3,14.9,36,2846,-3.52,-20.5,14.8,37,-0.307,0,
C-A-1,3,0.74177,-29.608,10.196,1227,2.52,12.3,14.9,36,2846,-3.02,-19.6,14.8,37,-0.307,0,
C-A-1,3,0.74276,-29.608,10.196,1227,2.01,11.5,14.9,36,2846,-3.02,-19.6,14.8,37,-0.307,0,
C-A-1,3,0.74376,-29.608,10.196,1227,2.01,11.5,14.9,36,2845,-3.52,-21.3,14.8,37,-0.345,0,
C-A-1,3,0.74477,-29.608,10.196,1227,2.01,11.5,14.9,36,2845,-3.52,-21.3,14.8,37,-0.345,0,
C-A-1,3,0.74575,-29.608,10.196,1227,2.01,11.5,14.9,36,2845,-3.52,-21.3,14.8,37,-0.345,0,
C-A-1,3,0.74677,-29.608,10.196,1227,2.01,11.5,14.9,36,2845,-3.52,-21.3,14.8,37,-0.345,0,
C-A-1,3,0.74777,-29.608,10.196,1227,2.01,11.5,14.9,36,2845,-3.52,-21.3,14.8,37,-0.345,0,
C-A-1,3,0.74877,-29.608,10.196,1227,2.01,11.5,14.9,36,2845,-3.02,-20.400000000000002,14.8,37,-0.345,0,
C-A-1,3,0.74975,-29.608,10.196,1227,2.01,11.5,14.9,36,2845,-3.02,-20.400000000000002,14.8,37,-0.345,0,
C-A-1,3,0.75077,-29.5696,10.1999,1228,2.01,12.3,14.9,36,2845,-2.52,-19.5,14.8,37,-0.307,0,
C-A-1,3,0.75175,-29.5696,10.1999,1228,2.01,12.3,14.9,36,2844,-3.02,-21.200000000000003,14.8,37,-0.345,0,
C-A-1,3,0.75277,-29.5696,10.1999,1228,2.01,12.3,14.9,36,2844,-3.02,-21.200000000000003,14.8,37,-0.345,0,
C-A-1,3,0.75377,-29.5696,10.1999,1228,2.01,12.3,14.9,36,2844,-3.02,-21.200000000000003,14.8,37,-0.345,0,
C-A-1,3,0.75475,-29.5696,10.1999,1228,2.01,12.3,14.9,36,2844,-3.02,-21.200000000000003,14.8,37,-0.345,0,
C-A-1,3,0.75575,-29.5696,10.1999,1228,2.01,12.3,14.9,36,2844,-2.52,-20.3,14.8,37,-0.345,0,
C-A-1,3,0.75675,-29.5696,10.1999,1228,1.51,11.4,14.9,36,2844,-2.52,-20.3,14.8,37,-0.345,0,
C-A-1,3,0.75775,-29.5696,10.1999,1228,1.51,11.4,14.9,36,2843,-3.02,-22.0,14.8,37,-0.384,0,
C-A-1,3,0.75877,-29.5313,10.2037,1229,2.01,13.100000000000001,14.9,36,2843,-3.02,-22.0,14.8,37,-0.345,0,
C-A-1,3,0.75975,-29.5313,10.2037,1229,1.51,12.200000000000001,14.9,36,2843,-2.52,-21.1,14.8,37,-0.345,0,
C-A-1,3,0.76075,-29.5313,10.2037,1229,2.01,13.100000000000001,14.9,36,2843,-2.52,-21.1,14.8,37,-0.345,0,
C-A-1,3,0.76175,-29.5313,10.2037,1229,1.51,12.200000000000001,14.9,36,2843,-2.52,-21.1,14.8,37,-0.345,0,
C-A-1,3,0.76275,-29.5313,10.2037,1229,1.51,12.200000000000001,14.9,36,2843,-2.52,-21.1,14.8,37,-0.345,0,
C-A-1,3,0.76375,-29.5313,10.2037,1229,1.51,12.200000000000001,14.9,36,2843,-2.01,-20.3,14.8,37,-0.345,0,
C-A-1,3,0.76475,-29.5313,10.2037,1229,1.51,12.200000000000001,14.9,36,2843,-2.01,-20.3,14.8,37,-0.345,0,
C-A-1,3,0.76577,-29.5313,10.2037,1229,1.51,12.200000000000001,14.9,36,2843,-2.01,-20.3,14.8,37,-0.345,0,
C-A-1,3,0.76675,-29.5313,10.2037,1229,1.51,12.200000000000001,14.9,36,2843,-2.01,-20.3,14.8,37,-0.345,0,
C-A-1,3,0.76775,-29.5313,10.2037,1229,1.51,12.200000000000001,14.9,36,2843,-2.01,-20.3,14.8,37,-0.345,0,
C-A-1,3,0.76875,-29.5313,10.2037,1229,1.51,12.200000000000001,14.9,36,2842,-2.52,-21.900000000000002,14.8,37,-0.384,0,
C-A-1,3,0.76975,-29.5313,10.2037,1229,1.01,11.3,14.9,36,2843,-1.51,-19.400000000000002,14.8,37,-0.345,0,
C-A-1,3,0.77075,-29.5313,10.2037,1229,1.01,11.3,14.9,36,2843,-1.51,-19.400000000000002,14.8,37,-0.345,0,
C-A-1,3,0.77175,-29.5313,10.2037,1229,1.01,11.3,14.9,36,2843,-1.51,-19.400000000000002,14.8,37,-0.345,0,
C-A-1,3,0.77275,-29.4929,10.2076,1230,1.51,13.0,14.9,36,2843,-1.51,-19.400000000000002,14.8,37,-0.307,0,
C-A-1,3,0.77375,-29.5313,10.2037,1229,1.01,11.3,14.9,36,2842,-1.51,-20.200000000000003,14.8,37,-0.384,0,
C-A-1,3,0.77475,-29.5313,10.2037,1229,1.01,11.3,14.9,36,2843,-1.01,-18.5,14.8,37,-0.345,0,
C-A-1,3,0.77575,-29.5313,10.2037,1229,1.01,11.3,14.9,36,2843,-1.01,-18.5,14.8,37,-0.345,0,
C-A-1,3,0.77675,-29.5313,10.2037,1229,1.01,11.3,14.9,36,2843,-1.01,-18.5,14.8,37,-0.345,0,
C-A-1,3,0.77775,-29.4929,10.2076,1230,1.51,13.0,14.9,36,2843,-1.01,-18.5,14.8,37,-0.307,0,
C-A-1,3,0.77875,-29.5313,10.2037,1229,1.01,11.3,14.9,36,2842,-1.51,-20.200000000000003,14.8,37,-0.384,0,
C-A-1,3,0.77975,-29.4929,10.2076,1230,1.01,12.100000000000001,14.9,36,2842,-1.51,-20.200000000000003,14.8,37,-0.345,0,
C-A-1,3,0.78075,-29.5313,10.2037,1229,0.0,9.600000000000001,14.9,36,2842,-1.51,-20.200000000000003,14.8,37,-0.384,0,
C-A-1,3,0.78175,-29.5313,10.2037,1229,0.0,9.600000000000001,14.9,36,2843,0.0,-16.8,14.8,37,-0.345,0,
C-A-1,3,0.78275,-29.5313,10.2037,1229,0.0,9.600000000000001,14.9,36,2843,0.0,-16.8,14.8,37,-0.345,0,
C-A-1,3,0.78375,-29.5313,10.2037,1229,0.0,9.600000000000001,14.9,36,2843,0.0,-16.8,14.8,37,-0.345,0,
C-A-1,3,0.78475,-29.5313,10.2037,1229,0.0,9.600000000000001,14.9,36,2843,0.0,-16.8,14.8,37,-0.345,0,
C-A-1,3,0.78575,-29.5313,10.2037,1229,0.0,9.600000000000001,14.9,36,2843,0.0,-16.8,14.8,37,-0.345,0,
C-A-1,3,0.78675,-29.5313,10.2037,1229,0.0,9.600000000000001,14.9,36,2842,0.0,-17.6,14.8,37,-0.384,0,
C-A-1,3,0.78775,-29.5313,10.2037,1229,0.0,9.600000000000001,14.9,36,2843,0.0,-16.8,14.8,37,-0.345,0,
C-A-1,3,0.78875,-29.5313,10.2037,1229,0.0,9.600000000000001,14.9,36,2843,0.0,-16.8,14.8,37,-0.345,0,
C-A-1,3,0.78975,-29.5313,10.2037,1229,0.0,9.600000000000001,14.9,36,2843,0.0,-16.8,14.8,37,-0.345,0,
C-A-1,3,0.79075,-29.5313,10.2037,1229,0.0,9.600000000000001,14.9,36,2843,0.0,-16.8,14.8,37,-0.345,0,
C-A-1,3,0.79175,-29.5313,10.2037,1229,0.0,9.600000000000001,14.9,36,2843,0.0,-16.8,14.8,37,-0.345,0,
C-A-1,3,0.79275,-29.5313,10.2037,1229,0.0,9.600000000000001,14.9,36,2843,0.0,-16.8,14.8,37,-0.345,0,
C-A-1,3,0.79375,-29.5313,10.2037,1229,0.0,9.600000000000001,14.9,36,2843,0.0,-16.8,14.8,37,-0.345,0,
C-A-1,3,0.79475,-29.5313,10.2037,1229,0.0,9.600000000000001,14.9,36,2843,0.0,-16.8,14.8,37,-0.345,0,
C-A-1,3,0.79575,-29.5313,10.2037,1229,0.0,9.600000000000001,14.9,36,2843,0.0,-16.8,14.8,37,-0.345,0,
C-A-1,3,0.79675,-29.5313,10.2037,1229,0.0,9.600000000000001,14.9,36,2843,0.0,-16.8,14.8,37,-0.345,0,
C-A-1,3,0.79775,-29.5313,10.2037,1229,0.0,9.600000000000001,14.9,36,2843,0.0,-16.8,14.8,37,-0.345,0,
C-A-1,3,0.79875,-29.5313,10.2037,1229,0.0,9.600000000000001,14.9,36,2843,0.0,-16.8,14.8,37,-0.345,0,
C-A-1,3,0.79975,-29.5313,10.2037,1229,0.0,9.600000000000001,14.9,36,2843,0.0,-16.8,14.8,37,-0.345,0,
C-A-1,3,0.80075,-29.5313,10.2037,1229,0.0,9.600000000000001,14.9,36,2843,0.0,-16.8,14.8,37,-0.345,0,
C-A-1,3,0.80175,-29.5313,10.2037,1229,0.0,9.600000000000001,14.9,36,2843,0.0,-16.8,14.8,37,-0.345,0,
C-A-1,3,0.80275,-29.5313,10.2037,1229,0.0,9.600000000000001,14.9,36,2844,1.01,-14.3,14.8,37,-0.307,0,
C-A-1,3,0.80375,-29.5313,10.2037,1229,0.0,9.600000000000001,14.9,36,2843,0.0,-16.8,14.8,37,-0.345,0,
C-A-1,3,0.80475,-29.5313,10.2037,1229,0.0,9.600000000000001,14.9,36,2844,0.0,-16.0,14.8,37,-0.307,0,
C-A-1,3,0.80575,-29.5313,10.2037,1229,0.0,9.600000000000001,14.9,36,2844,0.0,-16.0,14.8,37,-0.307,0,
C-A-1,3,0.80675,-29.5313,10.2037,1229,0.0,9.600000000000001,14.9,36,2844,0.0,-16.0,14.8,37,-0.307,0,
C-A-1,3,0.80775,-29.5696,10.1999,1228,-1.01,7.1000000000000005,14.9,36,2844,1.01,-14.3,14.8,37,-0.345,0,
C-A-1,3,0.80875,-29.5696,10.1999,1228,-1.01,7.1000000000000005,14.9,36,2844,1.01,-14.3,14.8,37,-0.345,0,
C-A-1,3,0.80975,-29.5696,10.1999,1228,0.0,8.8,14.9,36,2844,0.0,-16.0,14.8,37,-0.345,0,
C-A-1,3,0.81075,-29.5696,10.1999,1228,0.0,8.8,14.9,36,2844,0.0,-16.0,14.8,37,-0.345,0,
C-A-1,3,0.81175,-29.5696,10.1999,1228,0.0,8.8,14.9,36,2844,0.0,-16.0,14.8,37,-0.345,0,
C-A-1,3,0.81275,-29.5696,10.1999,1228,0.0,8.8,14.9,36,2844,0.0,-16.0,14.8,37,-0.345,0,
C-A-1,3,0.81375,-29.5696,10.1999,1228,0.0,8.8,14.9,36,2844,0.0,-16.0,14.8,37,-0.345,0,
C-A-1,3,0.81475,-29.5696,10.1999,1228,0.0,8.8,14.9,36,2844,0.0,-16.0,14.8,37,-0.345,0,
C-A-1,3,0.81575,-29.5696,10.1999,1228,0.0,8.8,14.9,36,2845,1.51,-12.600000000000001,14.8,37,-0.307,0,
C-A-1,3,0.81676,-29.5696,10.1999,1228,0.0,8.8,14.9,36,2844,0.0,-16.0,14.8,37,-0.345,0,
C-A-1,3,0.81775,-29.608,10.196,1227,-1.01,6.300000000000001,14.9,36,2845,1.01,-13.5,14.8,37,-0.345,0,
C-A-1,3,0.81876,-29.608,10.196,1227,-1.01,6.300000000000001,14.9,36,2845,1.01,-13.5,14.8,37,-0.345,0,
C-A-1,3,0.81975,-29.608,10.196,1227,-1.01,6.300000000000001,14.9,36,2845,1.01,-13.5,14.8,37,-0.345,0,
C-A-1,3,0.82076,-29.608,10.196,1227,-1.01,6.300000000000001,14.9,36,2845,1.01,-13.5,14.8,37,-0.345,0,
C-A-1,3,0.82175,-29.608,10.196,1227,-1.01,6.300000000000001,14.9,36,2845,1.01,-13.5,14.8,37,-0.345,0,
C-A-1,3,0.82276,-29.608,10.196,1227,-1.01,6.300000000000001,14.9,36,2845,1.01,-13.5,14.8,37,-0.345,0,
C-A-1,3,0.82375,-29.608,10.196,1227,-1.01,6.300000000000001,14.9,36,2846,1.51,-11.8,14.8,37,-0.307,0,
C-A-1,3,0.82475,-29.608,10.196,1227,-1.01,6.300000000000001,14.9,36,2846,1.51,-11.8,14.8,37,-0.307,0,
C-A-1,3,0.82576,-29.6463,10.1921,1226,-1.51,4.6000000000000005,14.9,36,2845,1.01,-13.5,14.8,37,-0.384,0,
C-A-1,3,0.82675,-29.6463,10.1921,1226,-1.51,4.6000000000000005,14.9,36,2846,1.51,-11.8,14.8,37,-0.345,0,
C-A-1,3,0.82776,-29.6463,10.1921,1226,-1.51,4.6000000000000005,14.9,36,2846,1.51,-11.8,14.8,37,-0.345,0,
C-A-1,3,0.82875,-29.6463,10.1921,1226,-1.51,4.6000000000000005,14.9,36,2846,1.51,-11.8,14.8,37,-0.345,0,
C-A-1,3,0.82975,-29.6463,10.1921,1226,-1.51,4.6000000000000005,14.9,36,2846,1.51,-11.8,14.8,37,-0.345,0,
C-A-1,3,0.83076,-29.6463,10.1921,1226,-1.51,4.6000000000000005,14.9,36,2846,1.51,-11.8,14.8,37,-0.345,0,
C-A-1,3,0.83175,-29.6463,10.1921,1226,-1.51,4.6000000000000005,14.9,36,2847,2.01,-10.100000000000001,14.8,37,-0.307,0,
C-A-1,3,0.83276,-29.6463,10.1921,1226,-1.51,4.6000000000000005,14.9,36,2847,2.01,-10.100000000000001,14.8,37,-0.307,0,
C-A-1,3,0.83375,-29.6463,10.1921,1226,-1.51,4.6000000000000005,14.9,36,2847,1.51,-11.0,14.8,37,-0.307,0,
C-A-1,3,0.83475,-29.6463,10.1921,1226,-1.51,4.6000000000000005,14.9,36,2847,1.51,-11.0,14.8,37,-0.307,0,
C-A-1,3,0.83575,-29.6463,10.1921,1226,-1.51,3.8000000000000003,14.9,36,2848,2.01,-9.3,14.8,37,-0.268,0,
C-A-1,3,0.83675,-29.6847,10.1882,1225,-1.51,3.8000000000000003,14.9,36,2848,2.01,-9.3,14.8,37,-0.307,0,
C-A-1,3,0.83775,-29.6463,10.1921,1226,-1.01,5.5,14.9,36,2847,1.51,-11.0,14.8,37,-0.307,0,
C-A-1,3,0.83876,-29.6463,10.1921,1226,-1.51,3.8000000000000003,14.9,36,2848,2.01,-9.3,14.8,37,-0.268,0,
C-A-1,3,0.83975,-29.6847,10.1882,1225,-1.51,3.8000000000000003,14.9,36,2848,2.01,-9.3,14.8,37,-0.307,0,
C-A-1,3,0.84076,-29.6847,10.1882,1225,-1.51,3.8000000000000003,14.9,36,2848,2.01,-9.3,14.8,37,-0.307,0,
C-A-1,3,0.84176,-29.6847,10.1882,1225,-1.51,3.8000000000000003,14.9,36,2849,2.52,-7.7,14.8,37,-0.268,0,
C-A-1,3,0.84276,-29.6847,10.1882,1225,-1.51,3.8000000000000003,14.9,36,2848,2.01,-9.3,14.8,37,-0.307,0,
C-A-1,3,0.84377,-29.6847,10.1882,1225,-1.51,3.8000000000000003,14.9,36,2849,2.52,-7.7,14.8,37,-0.268,0,
C-A-1,3,0.84476,-29.6847,10.1882,1225,-1.51,3.8000000000000003,14.9,36,2849,2.01,-8.5,14.8,37,-0.268,0,
C-A-1,3,0.84575,-29.6847,10.1882,1225,-1.51,3.8000000000000003,14.9,36,2849,2.52,-7.7,14.8,37,-0.268,0,
C-A-1,3,0.84675,-29.6847,10.1882,1225,-1.51,3.8000000000000003,14.9,36,2849,2.01,-8.5,14.8,37,-0.268,0,
C-A-1,3,0.84775,-29.6847,10.1882,1225,-1.01,4.7,14.9,36,2849,2.01,-8.5,14.8,37,-0.268,0,
C-A-1,3,0.84875,-29.6847,10.1882,1225,-1.01,4.7,14.9,36,2849,2.01,-8.5,14.8,37,-0.268,0,
C-A-1,3,0.84976,-29.723,10.1843,1224,-1.51,3.0,14.9,36,2849,2.01,-8.5,14.8,37,-0.307,0,
C-A-1,3,0.85075,-29.723,10.1843,1224,-1.51,3.0,14.9,36,2849,2.01,-8.5,14.8,37,-0.307,0,
C-A-1,3,0.85176,-29.723,10.1843,1224,-1.51,3.0,14.9,36,2850,2.52,-6.9,14.8,37,-0.268,0,
C-A-1,3,0.85275,-29.723,10.1843,1224,-1.51,3.0,14.9,36,2850,2.01,-7.7,14.8,37,-0.268,0,
C-A-1,3,0.85376,-29.723,10.1843,1224,-1.51,3.0,14.9,36,2850,2.01,-7.7,14.8,37,-0.268,0,
C-A-1,3,0.85475,-29.723,10.1843,1224,-1.01,3.9000000000000004,14.9,36,2850,2.52,-6.9,14.8,37,-0.268,0,
C-A-1,3,0.85576,-29.723,10.1843,1224,-1.51,3.0,14.9,36,2850,2.01,-7.7,14.8,37,-0.268,0,
C-A-1,3,0.85675,-29.723,10.1843,1224,-1.01,3.9000000000000004,14.9,36,2850,2.01,-7.7,14.8,37,-0.268,0,
C-A-1,3,0.85775,-29.723,10.1843,1224,-1.01,3.9000000000000004,14.9,36,2850,2.01,-7.7,14.8,37,-0.268,0,
C-A-1,3,0.85876,-29.723,10.1843,1224,-1.01,3.9000000000000004,14.9,36,2850,2.01,-7.7,14.8,37,-0.268,0,
C-A-1,3,0.85976,-29.723,10.1843,1224,-1.01,3.9000000000000004,14.9,36,2850,2.01,-7.7,14.8,37,-0.268,0,
C-A-1,3,0.86076,-29.723,10.1843,1224,-1.01,3.9000000000000004,14.9,36,2850,1.51,-8.6,14.8,37,-0.268,0,
C-A-1,3,0.86176,-29.723,10.1843,1224,-1.01,3.9000000000000004,14.9,36,2850,1.51,-8.6,14.8,37,-0.268,0,
C-A-1,3,0.86276,-29.7614,10.1804,1223,-1.51,2.2,14.9,36,2850,1.51,-8.6,14.8,37,-0.307,0,
C-A-1,3,0.86375,-29.7614,10.1804,1223,-1.51,2.2,14.9,36,2850,1.51,-8.6,14.8,37,-0.307,0,
C-A-1,3,0.86475,-29.7614,10.1804,1223,-1.51,2.2,14.9,36,2850,1.01,-9.5,14.8,37,-0.307,0,
C-A-1,3,0.86575,-29.7614,10.1804,1223,-1.01,3.1,14.9,36,2850,1.01,-9.5,14.8,37,-0.307,0,
C-A-1,3,0.86676,-29.7614,10.1804,1223,-1.01,3.1,14.9,36,2851,2.01,-6.9,14.8,37,-0.268,0,
C-A-1,3,0.86776,-29.723,10.1843,1224,0.0,5.6000000000000005,14.9,36,2850,1.01,-9.5,14.8,37,-0.268,0,
C-A-1,3,0.86876,-29.7614,10.1804,1223,-1.01,3.1,14.9,36,2851,1.51,-7.800000000000001,14.8,37,-0.268,0,
C-A-1,3,0.86976,-29.7614,10.1804,1223,-1.01,3.1,14.9,36,2850,1.01,-9.5,14.8,37,-0.307,0,
C-A-1,3,0.87076,-29.7614,10.1804,1223,-1.01,3.1,14.9,36,2850,1.01,-9.5,14.8,37,-0.307,0,
C-A-1,3,0.87176,-29.723,10.1843,1224,0.0,5.6000000000000005,14.9,36,2850,0.0,-11.200000000000001,14.8,37,-0.268,0,
C-A-1,3,0.87276,-29.7614,10.1804,1223,-1.01,3.1,14.9,36,2850,1.01,-9.5,14.8,37,-0.307,0,
C-A-1,3,0.87376,-29.723,10.1843,1224,0.0,5.6000000000000005,14.9,36,2850,0.0,-11.200000000000001,14.8,37,-0.268,0,
C-A-1,3,0.87476,-29.7614,10.1804,1223,-1.01,3.1,14.9,36,2850,0.0,-11.200000000000001,14.8,37,-0.307,0,
C-A-1,3,0.87576,-29.7614,10.1804,1223,-1.01,3.1,14.9,36,2850,0.0,-11.200000000000001,14.8,37,-0.307,0,
C-A-1,3,0.87676,-29.7614,10.1804,1223,-1.01,3.1,14.9,36,2850,0.0,-11.200000000000001,14.8,37,-0.307,0,
C-A-1,3,0.87776,-29.7614,10.1804,1223,-1.01,3.1,14.9,36,2851,1.01,-8.700000000000001,14.8,37,-0.268,0,
C-A-1,3,0.87876,-29.723,10.1843,1224,0.0,5.6000000000000005,14.9,36,2851,1.01,-8.700000000000001,14.8,37,-0.23,0,
C-A-1,3,0.87976,-29.7614,10.1804,1223,0.0,4.800000000000001,14.9,36,2850,0.0,-11.200000000000001,14.8,37,-0.307,0,
C-A-1,3,0.88076,-29.723,10.1843,1224,0.0,5.6000000000000005,14.9,36,2850,0.0,-11.200000000000001,14.8,37,-0.268,0,
C-A-1,3,0.88176,-29.723,10.1843,1224,0.0,5.6000000000000005,14.9,36,2850,0.0,-11.200000000000001,14.8,37,-0.268,0,
C-A-1,3,0.88276,-29.723,10.1843,1224,0.0,5.6000000000000005,14.9,36,2850,0.0,-11.200000000000001,14.8,37,-0.268,0,
C-A-1,3,0.88376,-29.723,10.1843,1224,0.0,5.6000000000000005,14.9,36,2850,0.0,-11.200000000000001,14.8,37,-0.268,0,
C-A-1,3,0.88476,-29.7614,10.1804,1223,0.0,4.800000000000001,14.9,36,2850,0.0,-11.200000000000001,14.8,37,-0.307,0,
C-A-1,3,0.88576,-29.723,10.1843,1224,0.0,5.6000000000000005,14.9,36,2850,0.0,-11.200000000000001,14.8,37,-0.268,0,
C-A-1,3,0.88676,-29.7614,10.1804,1223,0.0,4.800000000000001,14.9,36,2850,0.0,-11.200000000000001,14.8,37,-0.307,0,
C-A-1,3,0.88776,-29.723,10.1843,1224,0.0,5.6000000000000005,14.9,36,2850,0.0,-11.200000000000001,14.8,37,-0.268,0,
C-A-1,3,0.88876,-29.723,10.1843,1224,0.0,5.6000000000000005,14.9,36,2850,0.0,-11.200000000000001,14.8,37,-0.268,0,
C-A-1,3,0.88976,-29.723,10.1843,1224,0.0,5.6000000000000005,14.9,36,2850,0.0,-11.200000000000001,14.8,37,-0.268,0,
C-A-1,3,0.89076,-29.723,10.1843,1224,0.0,5.6000000000000005,14.9,36,2850,0.0,-11.200000000000001,14.8,37,-0.268,0,
C-A-1,3,0.89176,-29.723,10.1843,1224,0.0,5.6000000000000005,14.9,36,2850,0.0,-11.200000000000001,14.8,37,-0.268,0,
C-A-1,3,0.89276,-29.723,10.1843,1224,0.0,5.6000000000000005,14.9,36,2850,0.0,-11.200000000000001,14.8,37,-0.268,0,
C-A-1,3,0.89376,-29.723,10.1843,1224,0.0,5.6000000000000005,14.9,36,2850,0.0,-11.200000000000001,14.8,37,-0.268,0,
C-A-1,3,0.89476,-29.6847,10.1882,1225,1.01,8.1,14.9,36,2849,0.0,-12.0,14.8,37,-0.268,0,
C-A-1,3,0.89576,-29.723,10.1843,1224,0.0,5.6000000000000005,14.9,36,2849,-1.01,-13.700000000000001,14.8,37,-0.307,0,
C-A-1,3,0.89676,-29.723,10.1843,1224,0.0,5.6000000000000005,14.9,36,2849,0.0,-12.0,14.8,37,-0.307,0,
C-A-1,3,0.89776,-29.6847,10.1882,1225,0.0,6.4,14.9,36,2850,0.0,-11.200000000000001,14.8,37,-0.23,0,
C-A-1,3,0.89876,-29.723,10.1843,1224,0.0,5.6000000000000005,14.9,36,2849,0.0,-12.0,14.8,37,-0.307,0,
C-A-1,3,0.89976,-29.6847,10.1882,1225,1.01,8.1,14.9,36,2849,0.0,-12.0,14.8,37,-0.268,0,
C-A-1,3,0.90076,-29.6847,10.1882,1225,0.0,6.4,14.9,36,2849,0.0,-12.0,14.8,37,-0.268,0,
C-A-1,3,0.90176,-29.6847,10.1882,1225,1.01,8.1,14.9,36,2849,0.0,-12.0,14.8,37,-0.268,0,
C-A-1,3,0.90276,-29.6847,10.1882,1225,0.0,6.4,14.9,36,2849,0.0,-12.0,14.8,37,-0.268,0,
C-A-1,3,0.90376,-29.6847,10.1882,1225,1.01,8.1,14.9,36,2849,0.0,-12.0,14.8,37,-0.268,0,
C-A-1,3,0.90476,-29.6847,10.1882,1225,1.01,8.1,14.9,36,2849,0.0,-12.0,14.8,37,-0.268,0,
C-A-1,3,0.90576,-29.6847,10.1882,1225,0.0,6.4,14.9,36,2849,0.0,-12.0,14.8,37,-0.268,0,
C-A-1,3,0.90676,-29.6847,10.1882,1225,1.01,8.1,14.9,36,2849,-1.01,-13.700000000000001,14.8,37,-0.268,0,
C-A-1,3,0.90777,-29.6847,10.1882,1225,1.01,8.1,14.9,36,2848,-1.51,-15.4,14.8,37,-0.307,0,
C-A-1,3,0.90876,-29.6463,10.1921,1226,1.51,9.8,14.9,36,2848,-1.01,-14.5,14.8,37,-0.268,0,
C-A-1,3,0.90976,-29.6463,10.1921,1226,1.01,8.9,14.9,36,2849,0.0,-12.0,14.8,37,-0.23,0,
C-A-1,3,0.91076,-29.6463,10.1921,1226,1.01,8.9,14.9,36,2848,-1.01,-14.5,14.8,37,-0.268,0,
C-A-1,3,0.91176,-29.6463,10.1921,1226,1.01,8.9,14.9,36,2848,-1.01,-14.5,14.8,37,-0.268,0,
C-A-1,3,0.91276,-29.6463,10.1921,1226,1.01,8.9,14.9,36,2848,-1.01,-14.5,14.8,37,-0.268,0,
C-A-1,3,0.91376,-29.6463,10.1921,1226,1.51,9.8,14.9,36,2848,-1.01,-14.5,14.8,37,-0.268,0,
C-A-1,3,0.91476,-29.6463,10.1921,1226,1.01,8.9,14.9,36,2848,-1.01,-14.5,14.8,37,-0.268,0,
C-A-1,3,0.91576,-29.6463,10.1921,1226,1.51,9.8,14.9,36,2848,-1.01,-14.5,14.8,37,-0.268,0,
C-A-1,3,0.91676,-29.6463,10.1921,1226,1.01,8.9,14.9,36,2848,-1.01,-14.5,14.8,37,-0.268,0,
C-A-1,3,0.91776,-29.6463,10.1921,1226,1.01,8.9,14.9,36,2847,-1.51,-16.2,14.8,37,-0.307,0,
C-A-1,3,0.91876,-29.6463,10.1921,1226,1.01,8.9,14.9,36,2847,-1.51,-16.2,14.8,37,-0.307,0,
C-A-1,3,0.91976,-29.6463,10.1921,1226,1.01,8.9,14.9,36,2847,-1.51,-16.2,14.8,37,-0.307,0,
C-A-1,3,0.92076,-29.6463,10.1921,1226,1.01,8.9,14.9,36,2847,-1.51,-16.2,14.8,37,-0.307,0,
C-A-1,3,0.92176,-29.608,10.196,1227,1.51,10.600000000000001,14.9,36,2847,-1.51,-16.2,14.8,37,-0.268,0,
C-A-1,3,0.92276,-29.608,10.196,1227,1.51,10.600000000000001,14.9,36,2847,-1.51,-16.2,14.8,37,-0.268,0,
C-A-1,3,0.92376,-29.6463,10.1921,1226,0.0,7.2,14.9,36,2846,-1.51,-17.0,14.8,37,-0.345,0,
C-A-1,3,0.92476,-29.608,10.196,1227,1.51,10.600000000000001,14.9,36,2846,-1.51,-17.0,14.8,37,-0.307,0,
C-A-1,3,0.92576,-29.608,10.196,1227,1.51,10.600000000000001,14.9,36,2847,-1.01,-15.3,14.8,37,-0.268,0,
C-A-1,3,0.92676,-29.608,10.196,1227,1.01,9.700000000000001,14.9,36,2846,-2.01,-17.900000000000002,14.8,37,-0.307,0,
C-A-1,3,0.92776,-29.608,10.196,1227,1.51,10.600000000000001,14.9,36,2846,-1.51,-17.0,14.8,37,-0.307,0,
C-A-1,3,0.92876,-29.608,10.196,1227,1.01,9.700000000000001,14.9,36,2846,-1.51,-17.0,14.8,37,-0.307,0,
C-A-1,3,0.92976,-29.608,10.196,1227,1.01,9.700000000000001,14.9,36,2846,-1.51,-17.0,14.8,37,-0.307,0,
C-A-1,3,0.93076,-29.608,10.196,1227,1.01,9.700000000000001,14.9,36,2846,-1.51,-17.0,14.8,37,-0.307,0,
C-A-1,3,0.93177,-29.608,10.196,1227,1.01,9.700000000000001,14.9,36,2846,-1.51,-17.0,14.8,37,-0.307,0,
C-A-1,3,0.93276,-29.608,10.196,1227,1.01,9.700000000000001,14.9,36,2846,-1.51,-17.0,14.8,37,-0.307,0,
C-A-1,3,0.93376,-29.608,10.196,1227,1.01,9.700000000000001,14.9,36,2846,-1.51,-17.0,14.8,37,-0.307,0,
C-A-1,3,0.93476,-29.608,10.196,1227,1.01,9.700000000000001,14.9,36,2846,-1.51,-17.0,14.8,37,-0.307,0,
C-A-1,3,0.93576,-29.608,10.196,1227,1.01,9.700000000000001,14.9,36,2846,-1.51,-17.0,14.8,37,-0.307,0,
C-A-1,3,0.93676,-29.608,10.196,1227,1.01,9.700000000000001,14.9,36,2846,-1.01,-16.1,14.8,37,-0.307,0,
C-A-1,3,0.93776,-29.608,10.196,1227,1.01,9.700000000000001,14.9,36,2846,-1.01,-16.1,14.8,37,-0.307,0,
C-A-1,3,0.93876,-29.5696,10.1999,1228,1.01,10.5,14.9,36,2846,-1.51,-17.0,14.8,37,-0.268,0,
C-A-1,3,0.93976,-29.608,10.196,1227,0.0,8.0,14.9,36,2846,-1.01,-16.1,14.8,37,-0.307,0,
C-A-1,3,0.94076,-29.5696,10.1999,1228,1.01,10.5,14.9,36,2845,-1.51,-17.8,14.8,37,-0.307,0,
C-A-1,3,0.94177,-29.5696,10.1999,1228,1.01,10.5,14.9,36,2845,-1.51,-17.8,14.8,37,-0.307,0,
C-A-1,3,0.94276,-29.5696,10.1999,1228,1.01,10.5,14.9,36,2845,-1.51,-17.8,14.8,37,-0.307,0,
C-A-1,3,0.94377,-29.608,10.196,1227,0.0,8.0,14.9,36,2845,-1.51,-17.8,14.8,37,-0.345,0,
C-A-1,3,0.94476,-29.5696,10.1999,1228,1.01,10.5,14.9,36,2845,-1.51,-17.8,14.8,37,-0.307,0,
C-A-1,3,0.94577,-29.5696,10.1999,1228,1.01,10.5,14.9,36,2845,-1.51,-17.8,14.8,37,-0.307,0,
C-A-1,3,0.94676,-29.608,10.196,1227,0.0,8.0,14.9,36,2845,-1.01,-16.900000000000002,14.8,37,-0.345,0,
C-A-1,3,0.94776,-29.5696,10.1999,1228,1.01,10.5,14.9,36,2845,-1.01,-16.900000000000002,14.8,37,-0.307,0,
C-A-1,3,0.94877,-29.5696,10.1999,1228,1.01,10.5,14.9,36,2845,-1.01,-16.900000000000002,14.8,37,-0.307,0,
C-A-1,3,0.94976,-29.5696,10.1999,1228,1.01,10.5,14.9,36,2845,-1.01,-16.900000000000002,14.8,37,-0.307,0,
C-A-1,3,0.95076,-29.5696,10.1999,1228,0.0,8.8,14.9,36,2845,-1.01,-16.900000000000002,14.8,37,-0.307,0,
C-A-1,3,0.95176,-29.5696,10.1999,1228,0.0,8.8,14.9,36,2845,-1.01,-16.900000000000002,14.8,37,-0.307,0,
C-A-1,3,0.95276,-29.5696,10.1999,1228,1.01,10.5,14.9,36,2845,-1.01,-16.900000000000002,14.8,37,-0.307,0,
C-A-1,3,0.95376,-29.5696,10.1999,1228,0.0,8.8,14.9,36,2845,0.0,-15.200000000000001,14.8,37,-0.307,0,
C-A-1,3,0.95477,-29.5696,10.1999,1228,0.0,8.8,14.9,36,2845,0.0,-15.200000000000001,14.8,37,-0.307,0,
C-A-1,3,0.95576,-29.5696,10.1999,1228,0.0,8.8,14.9,36,2845,0.0,-15.200000000000001,14.8,37,-0.307,0,
C-A-1,3,0.95676,-29.5696,10.1999,1228,0.0,8.8,14.9,36,2845,0.0,-15.200000000000001,14.8,37,-0.307,0,
C-A-1,3,0.95777,-29.5696,10.1999,1228,0.0,8.8,14.9,36,2844,-1.01,-17.7,14.8,37,-0.345,0,
C-A-1,3,0.95876,-29.5696,10.1999,1228,0.0,8.8,14.9,36,2845,0.0,-15.200000000000001,14.8,37,-0.307,0,
C-A-1,3,0.95976,-29.5696,10.1999,1228,0.0,8.8,14.9,36,2845,0.0,-15.200000000000001,14.8,37,-0.307,0,
C-A-1,3,0.96076,-29.5696,10.1999,1228,0.0,8.8,14.9,36,2845,0.0,-15.200000000000001,14.8,37,-0.307,0,
C-A-1,3,0.96177,-29.5696,10.1999,1228,0.0,8.8,14.9,36,2845,0.0,-15.200000000000001,14.8,37,-0.307,0,
C-A-1,3,0.96276,-29.5696,10.1999,1228,0.0,8.8,14.9,36,2845,0.0,-15.200000000000001,14.8,37,-0.307,0,
C-A-1,3,0.96377,-29.5696,10.1999,1228,0.0,8.8,14.9,36,2845,0.0,-15.200000000000001,14.8,37,-0.307,0,
C-A-1,3,0.96476,-29.5696,10.1999,1228,0.0,8.8,14.9,36,2845,0.0,-15.200000000000001,14.8,37,-0.307,0,
C-A-1,3,0.96577,-29.5696,10.1999,1228,0.0,8.8,14.9,36,2845,0.0,-15.200000000000001,14.8,37,-0.307,0,
C-A-1,3,0.96676,-29.5696,10.1999,1228,0.0,8.8,14.9,36,2845,0.0,-15.200000000000001,14.8,37,-0.307,0,
C-A-1,3,0.96776,-29.5696,10.1999,1228,0.0,8.8,14.9,36,2845,0.0,-15.200000000000001,14.8,37,-0.307,0,
C-A-1,3,0.96877,-29.5696,10.1999,1228,0.0,8.8,14.9,36,2845,0.0,-15.200000000000001,14.8,37,-0.307,0,
C-A-1,3,0.96976,-29.5696,10.1999,1228,0.0,8.8,14.9,36,2845,0.0,-15.200000000000001,14.8,37,-0.307,0,
C-A-1,3,0.97076,-29.5696,10.1999,1228,0.0,8.8,14.9,36,2845,0.0,-15.200000000000001,14.8,37,-0.307,0,
C-A-1,3,0.97177,-29.5696,10.1999,1228,0.0,8.8,14.9,36,2845,0.0,-15.200000000000001,14.8,37,-0.307,0,
C-A-1,3,0.97276,-29.5696,10.1999,1228,0.0,8.8,14.9,36,2845,0.0,-15.200000000000001,14.8,37,-0.307,0,
C-A-1,3,0.97376,-29.5696,10.1999,1228,0.0,8.8,14.9,36,2845,0.0,-15.200000000000001,14.8,37,-0.307,0,
C-A-1,3,0.97476,-29.5696,10.1999,1228,0.0,8.8,14.9,36,2845,0.0,-15.200000000000001,14.8,37,-0.307,0,
C-A-1,3,0.97576,-29.5696,10.1999,1228,0.0,8.8,14.9,36,2845,0.0,-15.200000000000001,14.8,37,-0.307,0,
C-A-1,3,0.97677,-29.5696,10.1999,1228,0.0,8.8,14.9,36,2844,0.0,-16.0,14.8,37,-0.345,0,
C-A-1,3,0.97776,-29.5696,10.1999,1228,0.0,8.8,14.9,36,2845,0.0,-15.200000000000001,14.8,37,-0.307,0,
C-A-1,3,0.97876,-29.5696,10.1999,1228,0.0,8.8,14.9,36,2845,0.0,-15.200000000000001,14.8,37,-0.307,0,
C-A-1,3,0.97977,-29.5696,10.1999,1228,0.0,8.8,14.9,36,2845,0.0,-15.200000000000001,14.8,37,-0.307,0,
C-A-1,3,0.98076,-29.5696,10.1999,1228,0.0,8.8,14.9,36,2845,0.0,-15.200000000000001,14.8,37,-0.307,0,
C-A-1,3,0.98177,-29.5696,10.1999,1228,0.0,8.8,14.9,36,2845,0.0,-15.200000000000001,14.8,37,-0.307,0,
C-A-1,3,0.98277,-29.5696,10.1999,1228,0.0,8.8,14.9,36,2845,0.0,-15.200000000000001,14.8,37,-0.307,0,
C-A-1,3,0.98376,-29.5696,10.1999,1228,0.0,8.8,14.9,36,2845,0.0,-15.200000000000001,14.8,37,-0.307,0,
C-A-1,3,0.98476,-29.5696,10.1999,1228,0.0,8.8,14.9,36,2845,0.0,-15.200000000000001,14.8,37,-0.307,0,
C-A-1,3,0.98576,-29.5696,10.1999,1228,0.0,8.8,14.9,36,2845,0.0,-15.200000000000001,14.8,37,-0.307,0,
C-A-1,3,0.98677,-29.5696,10.1999,1228,0.0,8.8,14.9,36,2845,0.0,-15.200000000000001,14.8,37,-0.307,0,
C-A-1,3,0.98777,-29.5696,10.1999,1228,0.0,8.8,14.9,36,2845,0.0,-15.200000000000001,14.8,37,-0.307,0,
C-A-1,3,0.98875,-29.5696,10.1999,1228,0.0,8.8,14.9,36,2845,0.0,-15.200000000000001,14.8,37,-0.307,0,
C-A-1,3,0.98976,-29.5696,10.1999,1228,0.0,8.8,14.9,36,2845,0.0,-15.200000000000001,14.8,37,-0.307,0,
C-A-1,3,0.99076,-29.5696,10.1999,1228,0.0,8.8,14.9,36,2845,0.0,-15.200000000000001,14.8,37,-0.307,0,
C-A-1,3,0.99177,-29.5696,10.1999,1228,0.0,8.8,14.9,36,2845,0.0,-15.200000000000001,14.8,37,-0.307,0,
C-A-1,3,0.99277,-29.5696,10.1999,1228,0.0,8.8,14.9,36,2845,0.0,-15.200000000000001,14.8,37,-0.307,0,
C-A-1,3,0.99375,-29.5696,10.1999,1228,0.0,8.8,14.9,36,2845,0.0,-15.200000000000001,14.8,37,-0.307,0,
C-A-1,3,0.99476,-29.5696,10.1999,1228,0.0,8.8,14.9,36,2845,0.0,-15.200000000000001,14.8,37,-0.307,0,
C-A-1,3,0.99576,-29.608,10.196,1227,0.0,8.0,14.9,36,2845,0.0,-15.200000000000001,14.8,37,-0.345,0,
C-A-1,3,0.99677,-29.5696,10.1999,1228,0.0,8.8,14.9,36,2845,0.0,-15.200000000000001,14.8,37,-0.307,0,
C-A-1,3,0.99777,-29.608,10.196,1227,0.0,8.0,14.9,36,2845,0.0,-15.200000000000001,14.8,37,-0.345,0,
C-A-1,3,0.99875,-29.5696,10.1999,1228,0.0,8.8,14.9,36,2845,0.0,-15.200000000000001,14.8,37,-0.307,0,
C-A-1,3,0.99976,-29.5696,10.1999,1228,0.0,8.8,14.9,36,2845,0.0,-15.200000000000001,14.8,37,-0.307,0,
C-A-1,3,1.00077,-29.5696,10.1999,1228,0.0,8.8,14.9,36,2845,0.0,-15.200000000000001,14.8,37,-0.307,0,
C-A-1,3,1.00177,-29.5696,10.1999,1228,0.0,8.8,14.9,36,2845,0.0,-15.200000000000001,14.8,37,-0.307,0,
C-A-1,3,1.00275,-29.608,10.196,1227,0.0,8.0,14.9,36,2845,0.0,-15.200000000000001,14.8,37,-0.345,0,
C-A-1,3,1.00377,-29.5696,10.1999,1228,0.0,8.8,14.9,36,2845,0.0,-15.200000000000001,14.8,37,-0.307,0,
C-A-1,3,1.00475,-29.608,10.196,1227,0.0,8.0,14.9,36,2845,0.0,-15.200000000000001,14.8,37,-0.345,0,
C-A-1,3,1.00577,-29.608,10.196,1227,0.0,8.0,14.9,36,2845,0.0,-15.200000000000001,14.8,37,-0.345,0,
C-A-1,3,1.00675,-29.608,10.196,1227,0.0,8.0,14.9,36,2845,0.0,-15.200000000000001,14.8,37,-0.345,0,
C-A-1,3,1.00777,-29.608,10.196,1227,0.0,8.0,14.9,36,2845,0.0,-15.200000000000001,14.8,37,-0.345,0,
C-A-1,3,1.00876,-29.608,10.196,1227,0.0,8.0,14.9,36,2846,0.0,-14.4,14.8,37,-0.307,0,
C-A-1,3,1.00975,-29.608,10.196,1227,0.0,8.0,14.9,36,2845,0.0,-15.200000000000001,14.8,37,-0.345,0,
C-A-1,3,1.01076,-29.608,10.196,1227,0.0,8.0,14.9,36,2846,0.0,-14.4,14.8,37,-0.307,0,
C-A-1,3,1.01175,-29.608,10.196,1227,0.0,8.0,14.9,36,2846,1.01,-12.700000000000001,14.8,37,-0.307,0,
C-A-1,3,1.01276,-29.608,10.196,1227,0.0,8.0,14.9,36,2845,0.0,-15.200000000000001,14.8,37,-0.345,0,
C-A-1,3,1.01375,-29.608,10.196,1227,0.0,8.0,14.9,36,2846,0.0,-14.4,14.8,37,-0.307,0,
C-A-1,3,1.01476,-29.608,10.196,1227,0.0,8.0,14.9,36,2846,0.0,-14.4,14.8,37,-0.307,0,
C-A-1,3,1.01575,-29.608,10.196,1227,0.0,8.0,14.9,36,2846,0.0,-14.4,14.8,37,-0.307,0,
C-A-1,3,1.01676,-29.608,10.196,1227,0.0,8.0,14.9,36,2846,0.0,-14.4,14.8,37,-0.307,0,
C-A-1,3,1.01775,-29.608,10.196,1227,0.0,8.0,14.9,36,2846,0.0,-14.4,14.8,37,-0.307,0,
C-A-1,3,1.01876,-29.6463,10.1921,1226,-1.01,5.5,14.9,36,2846,0.0,-14.4,14.8,37,-0.345,0,
C-A-1,3,1.01975,-29.608,10.196,1227,0.0,8.0,14.9,36,2846,0.0,-14.4,14.8,37,-0.307,0,
C-A-1,3,1.02077,-29.608,10.196,1227,0.0,8.0,14.9,36,2846,0.0,-14.4,14.8,37,-0.307,0,
C-A-1,3,1.02175,-29.6463,10.1921,1226,-1.01,5.5,14.9,36,2846,0.0,-14.4,14.8,37,-0.345,0,
C-A-1,3,1.02277,-29.6463,10.1921,1226,-1.01,5.5,14.9,36,2846,0.0,-14.4,14.8,37,-0.345,0,
C-A-1,3,1.02375,-29.6463,10.1921,1226,-1.01,5.5,14.9,36,2847,1.01,-11.9,14.8,37,-0.307,0,
C-A-1,3,1.02477,-29.6463,10.1921,1226,0.0,7.2,14.9,36,2847,1.01,-11.9,14.8,37,-0.307,0,
C-A-1,3,1.02575,-29.608,10.196,1227,0.0,8.0,14.9,36,2846,0.0,-14.4,14.8,37,-0.307,0,
C-A-1,3,1.02677,-29.6463,10.1921,1226,0.0,7.2,14.9,36,2847,1.01,-11.9,14.8,37,-0.307,0,
C-A-1,3,1.02775,-29.6463,10.1921,1226,-1.01,5.5,14.9,36,2847,1.01,-11.9,14.8,37,-0.307,0,
C-A-1,3,1.02877,-29.6463,10.1921,1226,-1.01,5.5,14.9,36,2847,1.01,-11.9,14.8,37,-0.307,0,
C-A-1,3,1.02977,-29.6463,10.1921,1226,-1.01,5.5,14.9,36,2847,1.01,-11.9,14.8,37,-0.307,0,
C-A-1,3,1.03077,-29.6463,10.1921,1226,-1.01,5.5,14.9,36,2847,1.01,-11.9,14.8,37,-0.307,0,
C-A-1,3,1.03175,-29.6463,10.1921,1226,0.0,7.2,14.9,36,2847,1.01,-11.9,14.8,37,-0.307,0,
C-A-1,3,1.03277,-29.6463,10.1921,1226,-1.01,5.5,14.9,36,2847,1.01,-11.9,14.8,37,-0.307,0,
C-A-1,3,1.03377,-29.6463,10.1921,1226,0.0,7.2,14.9,36,2847,1.01,-11.9,14.8,37,-0.307,0,
C-A-1,3,1.03477,-29.6463,10.1921,1226,0.0,7.2,14.9,36,2847,1.01,-11.9,14.8,37,-0.307,0,
C-A-1,3,1.03577,-29.6463,10.1921,1226,0.0,7.2,14.9,36,2847,1.01,-11.9,14.8,37,-0.307,0,
C-A-1,3,1.03677,-29.6463,10.1921,1226,0.0,7.2,14.9,36,2847,1.01,-11.9,14.8,37,-0.307,0,
C-A-1,3,1.03775,-29.6463,10.1921,1226,0.0,7.2,14.9,36,2847,0.0,-13.600000000000001,14.8,37,-0.307,0,
C-A-1,3,1.03877,-29.6463,10.1921,1226,0.0,7.2,14.9,36,2847,1.01,-11.9,14.8,37,-0.307,0,
C-A-1,3,1.03975,-29.6463,10.1921,1226,0.0,7.2,14.9,36,2847,0.0,-13.600000000000001,14.8,37,-0.307,0,
C-A-1,3,1.04077,-29.6463,10.1921,1226,0.0,7.2,14.9,36,2848,1.01,-11.100000000000001,14.8,37,-0.268,0,
C-A-1,3,1.04175,-29.6463,10.1921,1226,0.0,7.2,14.9,36,2848,1.51,-10.200000000000001,14.8,37,-0.268,0,
C-A-1,3,1.04275,-29.6463,10.1921,1226,0.0,7.2,14.9,36,2847,0.0,-13.600000000000001,14.8,37,-0.307,0,
C-A-1,3,1.04377,-29.6847,10.1882,1225,-1.01,4.7,14.9,36,2848,1.01,-11.100000000000001,14.8,37,-0.307,0,
C-A-1,3,1.04475,-29.6847,10.1882,1225,-1.01,4.7,14.9,36,2847,0.0,-13.600000000000001,14.8,37,-0.345,0,
C-A-1,3,1.04575,-29.6463,10.1921,1226,0.0,7.2,14.9,36,2848,1.01,-11.100000000000001,14.8,37,-0.268,0,
C-A-1,3,1.04675,-29.6847,10.1882,1225,-1.01,4.7,14.9,36,2848,1.01,-11.100000000000001,14.8,37,-0.307,0,
C-A-1,3,1.04775,-29.6847,10.1882,1225,0.0,6.4,14.9,36,2848,1.01,-11.100000000000001,14.8,37,-0.307,0,
C-A-1,3,1.04877,-29.6847,10.1882,1225,-1.01,4.7,14.9,36,2848,1.01,-11.100000000000001,14.8,37,-0.307,0,
C-A-1,3,1.04975,-29.6847,10.1882,1225,0.0,6.4,14.9,36,2848,1.01,-11.100000000000001,14.8,37,-0.307,0,
C-A-1,3,1.05075,-29.6847,10.1882,1225,-1.01,4.7,14.9,36,2848,1.01,-11.100000000000001,14.8,37,-0.307,0,
C-A-1,3,1.05176,-29.6847,10.1882,1225,0.0,6.4,14.9,36,2848,1.01,-11.100000000000001,14.8,37,-0.307,0,
C-A-1,3,1.05275,-29.6847,10.1882,1225,0.0,6.4,14.9,36,2848,1.01,-11.100000000000001,14.8,37,-0.307,0,
C-A-1,3,1.05375,-29.6847,10.1882,1225,0.0,6.4,14.9,36,2848,0.0,-12.8,14.8,37,-0.307,0,
C-A-1,3,1.05475,-29.6847,10.1882,1225,-1.01,4.7,14.9,36,2848,0.0,-12.8,14.8,37,-0.307,0,
C-A-1,3,1.05575,-29.6847,10.1882,1225,0.0,6.4,14.9,36,2848,0.0,-12.8,14.8,37,-0.307,0,
C-A-1,3,1.05677,-29.6847,10.1882,1225,0.0,6.4,14.9,36,2848,0.0,-12.8,14.8,37,-0.307,0,
C-A-1,3,1.05775,-29.6847,10.1882,1225,0.0,6.4,14.9,36,2848,0.0,-12.8,14.8,37,-0.307,0,
C-A-1,3,1.05875,-29.6847,10.1882,1225,0.0,6.4,14.9,36,2848,0.0,-12.8,14.8,37,-0.307,0,
C-A-1,3,1.05975,-29.6847,10.1882,1225,0.0,6.4,14.9,36,2848,0.0,-12.8,14.8,37,-0.307,0,
C-A-1,3,1.06075,-29.6847,10.1882,1225,0.0,6.4,14.9,36,2848,0.0,-12.8,14.8,37,-0.307,0,
C-A-1,3,1.06175,-29.6463,10.1921,1226,0.0,7.2,14.9,36,2848,0.0,-12.8,14.8,37,-0.268,0,
C-A-1,3,1.06275,-29.6847,10.1882,1225,0.0,6.4,14.9,36,2848,0.0,-12.8,14.8,37,-0.307,0,
C-A-1,3,1.06376,-29.6847,10.1882,1225,0.0,6.4,14.9,36,2848,0.0,-12.8,14.8,37,-0.307,0,
C-A-1,3,1.06475,-29.6847,10.1882,1225,0.0,6.4,14.9,36,2848,0.0,-12.8,14.8,37,-0.307,0,
C-A-1,3,1.06575,-29.6847,10.1882,1225,0.0,6.4,14.9,36,2848,0.0,-12.8,14.8,37,-0.307,0,
C-A-1,3,1.06675,-29.6847,10.1882,1225,0.0,6.4,14.9,36,2848,0.0,-12.8,14.8,37,-0.307,0,
C-A-1,3,1.06775,-29.6847,10.1882,1225,0.0,6.4,14.9,36,2848,0.0,-12.8,14.8,37,-0.307,0,
C-A-1,3,1.06875,-29.6847,10.1882,1225,0.0,6.4,14.9,36,2848,0.0,-12.8,14.8,37,-0.307,0,
C-A-1,3,1.06975,-29.6847,10.1882,1225,0.0,6.4,14.9,36,2848,0.0,-12.8,14.8,37,-0.307,0,
C-A-1,3,1.07076,-29.6847,10.1882,1225,0.0,6.4,14.9,36,2848,0.0,-12.8,14.8,37,-0.307,0,
C-A-1,3,1.07175,-29.6847,10.1882,1225,0.0,6.4,14.9,36,2848,0.0,-12.8,14.8,37,-0.307,0,
C-A-1,3,1.07275,-29.6847,10.1882,1225,0.0,6.4,14.9,36,2848,0.0,-12.8,14.8,37,-0.307,0,
C-A-1,3,1.07375,-29.6847,10.1882,1225,0.0,6.4,14.9,36,2848,0.0,-12.8,14.8,37,-0.307,0,
C-A-1,3,1.07475,-29.6847,10.1882,1225,0.0,6.4,14.9,36,2848,0.0,-12.8,14.8,37,-0.307,0,
C-A-1,3,1.07575,-29.6847,10.1882,1225,0.0,6.4,14.9,36,2848,0.0,-12.8,14.8,37,-0.307,0,
C-A-1,3,1.07675,-29.6847,10.1882,1225,0.0,6.4,14.9,36,2848,0.0,-12.8,14.8,37,-0.307,0,
C-A-1,3,1.07775,-29.6847,10.1882,1225,0.0,6.4,14.9,36,2848,0.0,-12.8,14.8,37,-0.307,0,
C-A-1,3,1.07876,-29.6847,10.1882,1225,0.0,6.4,14.9,36,2848,0.0,-12.8,14.8,37,-0.307,0,
C-A-1,3,1.07975,-29.6847,10.1882,1225,0.0,6.4,14.9,36,2848,0.0,-12.8,14.8,37,-0.307,0,
C-A-1,3,1.08075,-29.6847,10.1882,1225,0.0,6.4,14.9,36,2848,0.0,-12.8,14.8,37,-0.307,0,
C-A-1,3,1.08175,-29.6463,10.1921,1226,0.0,7.2,14.9,36,2848,0.0,-12.8,14.8,37,-0.268,0,
C-A-1,3,1.08275,-29.6847,10.1882,1225,0.0,6.4,14.9,36,2848,0.0,-12.8,14.8,37,-0.307,0,
C-A-1,3,1.08375,-29.6463,10.1921,1226,0.0,7.2,14.9,36,2848,0.0,-12.8,14.8,37,-0.268,0,
C-A-1,3,1.08475,-29.6463,10.1921,1226,0.0,7.2,14.9,36,2848,0.0,-12.8,14.8,37,-0.268,0,
C-A-1,3,1.08575,-29.6463,10.1921,1226,0.0,7.2,14.9,36,2848,0.0,-12.8,14.8,37,-0.268,0,
C-A-1,3,1.08676,-29.6847,10.1882,1225,0.0,6.4,14.9,36,2848,0.0,-12.8,14.8,37,-0.307,0,
C-A-1,3,1.08775,-29.6847,10.1882,1225,0.0,6.4,14.9,36,2847,0.0,-13.600000000000001,14.8,37,-0.345,0,
C-A-1,3,1.08876,-29.6847,10.1882,1225,0.0,6.4,14.9,36,2847,0.0,-13.600000000000001,14.8,37,-0.345,0,
C-A-1,3,1.08975,-29.6847,10.1882,1225,0.0,6.4,14.9,36,2848,0.0,-12.8,14.8,37,-0.307,0,
C-A-1,3,1.09076,-29.6463,10.1921,1226,0.0,7.2,14.9,36,2847,0.0,-13.600000000000001,14.8,37,-0.307,0,
C-A-1,3,1.09175,-29.6463,10.1921,1226,0.0,7.2,14.9,36,2847,0.0,-13.600000000000001,14.8,37,-0.307,0,
C-A-1,3,1.09275,-29.6463,10.1921,1226,0.0,7.2,14.9,36,2848,0.0,-12.8,14.8,37,-0.268,0,
C-A-1,3,1.09375,-29.6463,10.1921,1226,0.0,7.2,14.9,36,2847,0.0,-13.600000000000001,14.8,37,-0.307,0,
C-A-1,3,1.09476,-29.6463,10.1921,1226,0.0,7.2,14.9,36,2847,0.0,-13.600000000000001,14.8,37,-0.307,0,
C-A-1,3,1.09575,-29.6463,10.1921,1226,0.0,7.2,14.9,36,2847,0.0,-13.600000000000001,14.8,37,-0.307,0,
C-A-1,3,1.09675,-29.6463,10.1921,1226,0.0,7.2,14.9,36,2847,0.0,-13.600000000000001,14.8,37,-0.307,0,
C-A-1,3,1.09776,-29.6463,10.1921,1226,0.0,7.2,14.9,36,2847,0.0,-13.600000000000001,14.8,37,-0.307,0,
C-A-1,3,1.09875,-29.6463,10.1921,1226,0.0,7.2,14.9,36,2847,0.0,-13.600000000000001,14.8,37,-0.307,0,
C-A-1,3,1.09975,-29.6463,10.1921,1226,0.0,7.2,14.9,36,2847,0.0,-13.600000000000001,14.8,37,-0.307,0,
C-A-1,3,1.10075,-29.6463,10.1921,1226,0.0,7.2,14.9,36,2847,0.0,-13.600000000000001,14.8,37,-0.307,0,
C-A-1,3,1.10176,-29.6463,10.1921,1226,0.0,7.2,14.9,36,2847,0.0,-13.600000000000001,14.8,37,-0.307,0,
C-A-1,3,1.10275,-29.6463,10.1921,1226,0.0,7.2,14.9,36,2847,0.0,-13.600000000000001,14.8,37,-0.307,0,
C-A-1,3,1.10375,-29.6463,10.1921,1226,0.0,7.2,14.9,36,2847,0.0,-13.600000000000001,14.8,37,-0.307,0,
C-A-1,3,1.10475,-29.6463,10.1921,1226,0.0,7.2,14.9,36,2847,0.0,-13.600000000000001,14.8,37,-0.307,0,
C-A-1,3,1.10575,-29.608,10.196,1227,1.01,9.700000000000001,14.9,36,2847,0.0,-13.600000000000001,14.8,37,-0.268,0,
C-A-1,3,1.10676,-29.6463,10.1921,1226,0.0,7.2,14.9,36,2847,0.0,-13.600000000000001,14.8,37,-0.307,0,
C-A-1,3,1.10775,-29.608,10.196,1227,1.01,9.700000000000001,14.9,36,2847,0.0,-13.600000000000001,14.8,37,-0.268,0,
C-A-1,3,1.10876,-29.6463,10.1921,1226,0.0,7.2,14.9,36,2847,0.0,-13.600000000000001,14.8,37,-0.307,0,
C-A-1,3,1.10976,-29.6463,10.1921,1226,0.0,7.2,14.9,36,2846,-1.01,-16.1,14.8,37,-0.345,0,
C-A-1,3,1.11076,-29.608,10.196,1227,1.01,9.700000000000001,14.9,36,2847,0.0,-13.600000000000001,14.8,37,-0.268,0,
C-A-1,3,1.11175,-29.6463,10.1921,1226,0.0,7.2,14.9,36,2847,0.0,-13.600000000000001,14.8,37,-0.307,0,
C-A-1,3,1.11275,-29.6463,10.1921,1226,0.0,7.2,14.9,36,2846,-1.01,-16.1,14.8,37,-0.345,0,
C-A-1,3,1.11376,-29.608,10.196,1227,0.0,8.0,14.9,36,2846,-1.01,-16.1,14.8,37,-0.307,0,
C-A-1,3,1.11475,-29.608,10.196,1227,0.0,8.0,14.9,36,2846,-1.01,-16.1,14.8,37,-0.307,0,
C-A-1,3,1.11576,-29.608,10.196,1227,1.01,9.700000000000001,14.9,36,2846,0.0,-14.4,14.8,37,-0.307,0,
C-A-1,3,1.11676,-29.608,10.196,1227,1.01,9.700000000000001,14.9,36,2846,0.0,-14.4,14.8,37,-0.307,0,
C-A-1,3,1.11775,-29.608,10.196,1227,1.01,9.700000000000001,14.9,36,2846,0.0,-14.4,14.8,37,-0.307,0,
C-A-1,3,1.11875,-29.608,10.196,1227,1.01,9.700000000000001,14.9,36,2846,-1.01,-16.1,14.8,37,-0.307,0,
C-A-1,3,1.11976,-29.608,10.196,1227,0.0,8.0,14.9,36,2846,0.0,-14.4,14.8,37,-0.307,0,
C-A-1,3,1.12075,-29.608,10.196,1227,0.0,8.0,14.9,36,2846,0.0,-14.4,14.8,37,-0.307,0,
C-A-1,3,1.12175,-29.608,10.196,1227,0.0,8.0,14.9,36,2846,-1.01,-16.1,14.8,37,-0.307,0,
C-A-1,3,1.12275,-29.608,10.196,1227,0.0,8.0,14.9,36,2846,0.0,-14.4,14.8,37,-0.307,0,
C-A-1,3,1.12375,-29.608,10.196,1227,0.0,8.0,14.9,36,2846,0.0,-14.4,14.8,37,-0.307,0,
C-A-1,3,1.12475,-29.608,10.196,1227,0.0,8.0,14.9,36,2846,0.0,-14.4,14.8,37,-0.307,0,
C-A-1,3,1.12575,-29.608,10.196,1227,0.0,8.0,14.9,36,2846,0.0,-14.4,14.8,37,-0.307,0,
C-A-1,3,1.12676,-29.608,10.196,1227,0.0,8.0,14.9,36,2846,0.0,-14.4,14.8,37,-0.307,0,
C-A-1,3,1.12776,-29.608,10.196,1227,0.0,8.0,14.9,36,2846,0.0,-14.4,14.8,37,-0.307,0,
C-A-1,3,1.12876,-29.5696,10.1999,1228,1.01,10.5,14.9,36,2846,0.0,-14.4,14.8,37,-0.268,0,
C-A-1,3,1.12978,-29.608,10.196,1227,0.0,8.0,14.9,36,2846,0.0,-14.4,14.8,37,-0.307,0,
C-A-1,3,1.13075,-29.5696,10.1999,1228,1.01,10.5,14.9,36,2845,-1.01,-16.900000000000002,14.8,37,-0.307,0,
C-A-1,3,1.13176,-29.608,10.196,1227,0.0,8.0,14.9,36,2846,0.0,-14.4,14.8,37,-0.307,0,
C-A-1,3,1.13275,-29.5696,10.1999,1228,1.01,10.5,14.9,36,2845,-1.01,-16.900000000000002,14.8,37,-0.307,0,
C-A-1,3,1.13376,-29.608,10.196,1227,0.0,8.0,14.9,36,2845,-1.01,-16.900000000000002,14.8,37,-0.345,0,
C-A-1,3,1.13476,-29.5696,10.1999,1228,0.0,8.8,14.9,36,2845,-1.01,-16.900000000000002,14.8,37,-0.307,0,
C-A-1,3,1.13576,-29.608,10.196,1227,0.0,8.0,14.9,36,2845,-1.01,-16.900000000000002,14.8,37,-0.345,0,
C-A-1,3,1.13676,-29.608,10.196,1227,0.0,8.0,14.9,36,2845,-1.01,-16.900000000000002,14.8,37,-0.345,0,
C-A-1,3,1.13776,-29.608,10.196,1227,0.0,8.0,14.9,36,2845,-1.01,-16.900000000000002,14.8,37,-0.345,0,
C-A-1,3,1.13876,-29.5696,10.1999,1228,1.01,10.5,14.9,36,2845,0.0,-15.200000000000001,14.8,37,-0.307,0,
C-A-1,3,1.13976,-29.5696,10.1999,1228,0.0,8.8,14.9,36,2845,-1.01,-16.900000000000002,14.8,37,-0.307,0,
C-A-1,3,1.14076,-29.5696,10.1999,1228,1.01,10.5,14.9,36,2845,-1.01,-16.900000000000002,14.8,37,-0.307,0,
C-A-1,3,1.14176,-29.5696,10.1999,1228,0.0,8.8,14.9,36,2845,0.0,-15.200000000000001,14.8,37,-0.307,0,
C-A-1,3,1.14276,-29.5696,10.1999,1228,0.0,8.8,14.9,36,2845,0.0,-15.200000000000001,14.8,37,-0.307,0,
C-A-1,3,1.14376,-29.5696,10.1999,1228,0.0,8.8,14.9,36,2845,0.0,-15.200000000000001,14.8,37,-0.307,0,
C-A-1,3,1.14476,-29.5696,10.1999,1228,0.0,8.8,14.9,36,2845,0.0,-15.200000000000001,14.8,37,-0.307,0,
C-A-1,3,1.14576,-29.5696,10.1999,1228,0.0,8.8,14.9,36,2845,0.0,-15.200000000000001,14.8,37,-0.307,0,
C-A-1,3,1.14676,-29.608,10.196,1227,0.0,8.0,14.9,36,2845,0.0,-15.200000000000001,14.8,37,-0.345,0,
C-A-1,3,1.14776,-29.5696,10.1999,1228,0.0,8.8,14.9,36,2845,0.0,-15.200000000000001,14.8,37,-0.307,0,
C-A-1,3,1.14876,-29.5696,10.1999,1228,0.0,8.8,14.9,36,2845,0.0,-15.200000000000001,14.8,37,-0.307,0,
C-A-1,3,1.14976,-29.608,10.196,1227,0.0,8.0,14.9,36,2845,0.0,-15.200000000000001,14.8,37,-0.345,0,
C-A-1,3,1.15076,-29.5696,10.1999,1228,0.0,8.8,14.9,36,2845,0.0,-15.200000000000001,14.8,37,-0.307,0,
C-A-1,3,1.15176,-29.5696,10.1999,1228,0.0,8.8,14.9,36,2845,0.0,-15.200000000000001,14.8,37,-0.307,0,
C-A-1,3,1.15276,-29.5696,10.1999,1228,0.0,8.8,14.9,36,2845,0.0,-15.200000000000001,14.8,37,-0.307,0,
C-A-1,3,1.15376,-29.5696,10.1999,1228,0.0,8.8,14.9,36,2845,0.0,-15.200000000000001,14.8,37,-0.307,0,
C-A-1,3,1.15476,-29.608,10.196,1227,0.0,8.0,14.9,36,2845,0.0,-15.200000000000001,14.8,37,-0.345,0,
C-A-1,3,1.15576,-29.5696,10.1999,1228,0.0,8.8,14.9,36,2845,0.0,-15.200000000000001,14.8,37,-0.307,0,
C-A-1,3,1.15676,-29.5696,10.1999,1228,0.0,8.8,14.9,36,2845,0.0,-15.200000000000001,14.8,37,-0.307,0,
C-A-1,3,1.15776,-29.5696,10.1999,1228,0.0,8.8,14.9,36,2845,0.0,-15.200000000000001,14.8,37,-0.307,0,
C-A-1,3,1.15876,-29.5696,10.1999,1228,0.0,8.8,14.9,36,2845,0.0,-15.200000000000001,14.8,37,-0.307,0,
C-A-1,3,1.15976,-29.5696,10.1999,1228,0.0,8.8,14.9,36,2845,0.0,-15.200000000000001,14.8,37,-0.307,0,
C-A-1,3,1.16076,-29.5696,10.1999,1228,0.0,8.8,14.9,36,2845,0.0,-15.200000000000001,14.8,37,-0.307,0,
C-A-1,3,1.16176,-29.5696,10.1999,1228,0.0,8.8,14.9,36,2845,0.0,-15.200000000000001,14.8,37,-0.307,0,
C-A-1,3,1.16276,-29.5696,10.1999,1228,0.0,8.8,14.9,36,2845,0.0,-15.200000000000001,14.8,37,-0.307,0,
C-A-1,3,1.16376,-29.5696,10.1999,1228,0.0,8.8,14.9,36,2845,0.0,-15.200000000000001,14.8,37,-0.307,0,
C-A-1,3,1.16476,-29.5696,10.1999,1228,0.0,8.8,14.9,36,2845,0.0,-15.200000000000001,14.8,37,-0.307,0,
C-A-1,3,1.16576,-29.5696,10.1999,1228,0.0,8.8,14.9,36,2845,0.0,-15.200000000000001,14.8,37,-0.307,0,
C-A-1,3,1.16676,-29.5696,10.1999,1228,0.0,8.8,14.9,36,2845,0.0,-15.200000000000001,14.8,37,-0.307,0,
C-A-1,3,1.16776,-29.5696,10.1999,1228,0.0,8.8,14.9,36,2845,0.0,-15.200000000000001,14.8,37,-0.307,0,
C-A-1,3,1.16876,-29.5696,10.1999,1228,0.0,8.8,14.9,36,2845,0.0,-15.200000000000001,14.8,37,-0.307,0,
C-A-1,3,1.16976,-29.5696,10.1999,1228,0.0,8.8,14.9,36,2845,0.0,-15.200000000000001,14.8,37,-0.307,0,
C-A-1,3,1.17076,-29.5696,10.1999,1228,0.0,8.8,14.9,36,2845,0.0,-15.200000000000001,14.8,37,-0.307,0,
C-A-1,3,1.17176,-29.5696,10.1999,1228,0.0,8.8,14.9,36,2845,0.0,-15.200000000000001,14.8,37,-0.307,0,
C-A-1,3,1.17276,-29.608,10.196,1227,0.0,8.0,14.9,36,2845,0.0,-15.200000000000001,14.8,37,-0.345,0,
C-A-1,3,1.17376,-29.5696,10.1999,1228,0.0,8.8,14.9,36,2845,0.0,-15.200000000000001,14.8,37,-0.307,0,
C-A-1,3,1.17476,-29.5696,10.1999,1228,0.0,8.8,14.9,36,2845,0.0,-15.200000000000001,14.8,37,-0.307,0,
C-A-1,3,1.17576,-29.5696,10.1999,1228,0.0,8.8,14.9,36,2845,0.0,-15.200000000000001,14.8,37,-0.307,0,
C-A-1,3,1.17676,-29.5696,10.1999,1228,0.0,8.8,14.9,36,2845,0.0,-15.200000000000001,14.8,37,-0.307,0,
C-A-1,3,1.17776,-29.608,10.196,1227,0.0,8.0,14.9,36,2845,0.0,-15.200000000000001,14.8,37,-0.345,0,
C-A-1,3,1.17876,-29.5696,10.1999,1228,0.0,8.8,14.9,36,2845,0.0,-15.200000000000001,14.8,37,-0.307,0,
C-A-1,3,1.17976,-29.5696,10.1999,1228,0.0,8.8,14.9,36,2845,0.0,-15.200000000000001,14.8,37,-0.307,0,
C-A-1,3,1.18077,-29.5696,10.1999,1228,0.0,8.8,14.9,36,2845,0.0,-15.200000000000001,14.8,37,-0.307,0,
C-A-1,3,1.18176,-29.5696,10.1999,1228,0.0,8.8,14.9,36,2845,0.0,-15.200000000000001,14.8,37,-0.307,0,
C-A-1,3,1.18276,-29.608,10.196,1227,0.0,8.0,14.9,36,2845,0.0,-15.200000000000001,14.8,37,-0.345,0,
C-A-1,3,1.18376,-29.5696,10.1999,1228,0.0,8.8,14.9,36,2845,0.0,-15.200000000000001,14.8,37,-0.307,0,
C-A-1,3,1.18476,-29.608,10.196,1227,0.0,8.0,14.9,36,2846,0.0,-14.4,14.8,37,-0.307,0,
C-A-1,3,1.18576,-29.608,10.196,1227,0.0,8.0,14.9,36,2845,0.0,-15.200000000000001,14.8,37,-0.345,0,
C-A-1,3,1.18676,-29.608,10.196,1227,0.0,8.0,14.9,36,2845,0.0,-15.200000000000001,14.8,37,-0.345,0,
C-A-1,3,1.18776,-29.608,10.196,1227,0.0,8.0,14.9,36,2846,0.0,-14.4,14.8,37,-0.307,0,
C-A-1,3,1.18876,-29.608,10.196,1227,0.0,8.0,14.9,36,2845,0.0,-15.200000000000001,14.8,37,-0.345,0,
C-A-1,3,1.18976,-29.608,10.196,1227,0.0,8.0,14.9,36,2846,0.0,-14.4,14.8,37,-0.307,0,
C-A-1,3,1.19076,-29.608,10.196,1227,0.0,8.0,14.9,36,2846,0.0,-14.4,14.8,37,-0.307,0,
C-A-1,3,1.19176,-29.608,10.196,1227,0.0,8.0,14.9,36,2846,0.0,-14.4,14.8,37,-0.307,0,
C-A-1,3,1.19276,-29.608,10.196,1227,0.0,8.0,14.9,36,2846,0.0,-14.4,14.8,37,-0.307,0,
C-A-1,3,1.19376,-29.608,10.196,1227,0.0,8.0,14.9,36,2846,0.0,-14.4,14.8,37,-0.307,0,
C-A-1,3,1.19476,-29.608,10.196,1227,0.0,8.0,14.9,36,2846,0.0,-14.4,14.8,37,-0.307,0,
C-A-1,3,1.19576,-29.608,10.196,1227,0.0,8.0,14.9,36,2846,0.0,-14.4,14.8,37,-0.307,0,
C-A-1,3,1.19676,-29.608,10.196,1227,0.0,8.0,14.9,36,2846,0.0,-14.4,14.8,37,-0.307,0,
C-A-1,3,1.19776,-29.608,10.196,1227,0.0,8.0,14.9,36,2846,0.0,-14.4,14.8,37,-0.307,0,
C-A-1,3,1.19877,-29.608,10.196,1227,0.0,8.0,14.9,36,2846,0.0,-14.4,14.8,37,-0.307,0,
C-A-1,3,1.19976,-29.608,10.196,1227,0.0,8.0,14.9,36,2846,0.0,-14.4,14.8,37,-0.307,0,
C-A-1,3,1.20076,-29.608,10.196,1227,0.0,8.0,14.9,36,2846,0.0,-14.4,14.8,37,-0.307,0,
C-A-1,3,1.20176,-29.608,10.196,1227,0.0,8.0,14.9,36,2846,0.0,-14.4,14.8,37,-0.307,0,
C-A-1,3,1.20276,-29.608,10.196,1227,0.0,8.0,14.9,36,2846,0.0,-14.4,14.8,37,-0.307,0,
C-A-1,3,1.20376,-29.608,10.196,1227,0.0,8.0,14.9,36,2846,0.0,-14.4,14.8,37,-0.307,0,
C-A-1,3,1.20476,-29.6463,10.1921,1226,-1.01,5.5,14.9,36,2846,0.0,-14.4,14.8,37,-0.345,0,
C-A-1,3,1.20576,-29.608,10.196,1227,0.0,8.0,14.9,36,2846,0.0,-14.4,14.8,37,-0.307,0,
C-A-1,3,1.20676,-29.6463,10.1921,1226,0.0,7.2,14.9,36,2847,1.01,-11.9,14.8,37,-0.307,0,
C-A-1,3,1.20776,-29.6463,10.1921,1226,-1.01,5.5,14.9,36,2846,0.0,-14.4,14.8,37,-0.345,0,
C-A-1,3,1.20876,-29.6463,10.1921,1226,-1.01,5.5,14.9,36,2846,0.0,-14.4,14.8,37,-0.345,0,
C-A-1,3,1.20976,-29.6463,10.1921,1226,-1.01,5.5,14.9,36,2847,1.01,-11.9,14.8,37,-0.307,0,
C-A-1,3,1.21077,-29.6463,10.1921,1226,-1.01,5.5,14.9,36,2846,0.0,-14.4,14.8,37,-0.345,0,
C-A-1,3,1.21176,-29.6463,10.1921,1226,-1.01,5.5,14.9,36,2847,1.01,-11.9,14.8,37,-0.307,0,
C-A-1,3,1.21276,-29.6463,10.1921,1226,0.0,7.2,14.9,36,2847,1.01,-11.9,14.8,37,-0.307,0,
C-A-1,3,1.21377,-29.6463,10.1921,1226,0.0,7.2,14.9,36,2847,0.0,-13.600000000000001,14.8,37,-0.307,0,
C-A-1,3,1.21476,-29.6463,10.1921,1226,0.0,7.2,14.9,36,2847,1.01,-11.9,14.8,37,-0.307,0,
C-A-1,3,1.21576,-29.6463,10.1921,1226,0.0,7.2,14.9,36,2847,1.01,-11.9,14.8,37,-0.307,0,
C-A-1,3,1.21677,-29.6463,10.1921,1226,0.0,7.2,14.9,36,2847,1.01,-11.9,14.8,37,-0.307,0,
C-A-1,3,1.21776,-29.6463,10.1921,1226,0.0,7.2,14.9,36,2847,0.0,-13.600000000000001,14.8,37,-0.307,0,
C-A-1,3,1.21877,-29.6463,10.1921,1226,0.0,7.2,14.9,36,2847,1.01,-11.9,14.8,37,-0.307,0,
C-A-1,3,1.21976,-29.6463,10.1921,1226,0.0,7.2,14.9,36,2847,0.0,-13.600000000000001,14.8,37,-0.307,0,
C-A-1,3,1.22076,-29.6463,10.1921,1226,0.0,7.2,14.9,36,2847,0.0,-13.600000000000001,14.8,37,-0.307,0,
C-A-1,3,1.22176,-29.6463,10.1921,1226,0.0,7.2,14.9,36,2847,0.0,-13.600000000000001,14.8,37,-0.307,0,
C-A-1,3,1.22276,-29.6463,10.1921,1226,0.0,7.2,14.9,36,2847,0.0,-13.600000000000001,14.8,37,-0.307,0,
C-A-1,3,1.22376,-29.6463,10.1921,1226,0.0,7.2,14.9,36,2847,0.0,-13.600000000000001,14.8,37,-0.307,0,
C-A-1,3,1.22476,-29.6463,10.1921,1226,0.0,7.2,14.9,36,2847,0.0,-13.600000000000001,14.8,37,-0.307,0,
C-A-1,3,1.22576,-29.6463,10.1921,1226,0.0,7.2,14.9,36,2847,0.0,-13.600000000000001,14.8,37,-0.307,0,
C-A-1,3,1.22676,-29.6463,10.1921,1226,0.0,7.2,14.9,36,2847,0.0,-13.600000000000001,14.8,37,-0.307,0,
C-A-1,3,1.22776,-29.6463,10.1921,1226,0.0,7.2,14.9,36,2847,0.0,-13.600000000000001,14.8,37,-0.307,0,
C-A-1,3,1.22877,-29.6463,10.1921,1226,0.0,7.2,14.9,36,2847,0.0,-13.600000000000001,14.8,37,-0.307,0,
C-A-1,3,1.22977,-29.6463,10.1921,1226,0.0,7.2,14.9,36,2847,0.0,-13.600000000000001,14.8,37,-0.307,0,
C-A-1,3,1.23077,-29.6463,10.1921,1226,0.0,7.2,14.9,36,2847,0.0,-13.600000000000001,14.8,37,-0.307,0,
C-A-1,3,1.23176,-29.6463,10.1921,1226,0.0,7.2,14.9,36,2847,0.0,-13.600000000000001,14.8,37,-0.307,0,
C-A-1,3,1.23276,-29.6463,10.1921,1226,0.0,7.2,14.9,36,2847,0.0,-13.600000000000001,14.8,37,-0.307,0,
C-A-1,3,1.23376,-29.6463,10.1921,1226,0.0,7.2,14.9,36,2847,0.0,-13.600000000000001,14.8,37,-0.307,0,
C-A-1,3,1.23476,-29.6463,10.1921,1226,0.0,7.2,14.9,36,2847,0.0,-13.600000000000001,14.8,37,-0.307,0,
C-A-1,3,1.23577,-29.6463,10.1921,1226,0.0,7.2,14.9,36,2847,0.0,-13.600000000000001,14.8,37,-0.307,0,
C-A-1,3,1.23677,-29.6463,10.1921,1226,0.0,7.2,14.9,36,2847,0.0,-13.600000000000001,14.8,37,-0.307,0,
C-A-1,3,1.23777,-29.6463,10.1921,1226,0.0,7.2,14.9,36,2847,0.0,-13.600000000000001,14.8,37,-0.307,0,
C-A-1,3,1.23876,-29.6463,10.1921,1226,0.0,7.2,14.9,36,2848,0.0,-12.8,14.8,37,-0.268,0,
C-A-1,3,1.23977,-29.6463,10.1921,1226,0.0,7.2,14.9,36,2847,0.0,-13.600000000000001,14.8,37,-0.307,0,
C-A-1,3,1.24077,-29.6463,10.1921,1226,0.0,7.2,14.9,36,2847,0.0,-13.600000000000001,14.8,37,-0.307,0,
C-A-1,3,1.24176,-29.6847,10.1882,1225,0.0,6.4,14.9,36,2848,0.0,-12.8,14.8,37,-0.307,0,
C-A-1,3,1.24276,-29.6847,10.1882,1225,0.0,6.4,14.9,36,2848,0.0,-12.8,14.8,37,-0.307,0,
C-A-1,3,1.24377,-29.6463,10.1921,1226,0.0,7.2,14.9,36,2847,0.0,-13.600000000000001,14.8,37,-0.307,0,
C-A-1,3,1.24476,-29.6463,10.1921,1226,0.0,7.2,14.9,36,2848,0.0,-12.8,14.8,37,-0.268,0,
C-A-1,3,1.24576,-29.6463,10.1921,1226,0.0,7.2,14.9,36,2847,0.0,-13.600000000000001,14.8,37,-0.307,0,
C-A-1,3,1.24676,-29.6463,10.1921,1226,0.0,7.2,14.9,36,2847,0.0,-13.600000000000001,14.8,37,-0.307,0,
C-A-1,3,1.24776,-29.6847,10.1882,1225,0.0,6.4,14.9,36,2847,0.0,-13.600000000000001,14.8,37,-0.345,0,
C-A-1,3,1.24876,-29.6847,10.1882,1225,0.0,6.4,14.9,36,2847,0.0,-13.600000000000001,14.8,37,-0.345,0,
C-A-1,3,1.24976,-29.6463,10.1921,1226,0.0,7.2,14.9,36,2848,0.0,-12.8,14.8,37,-0.268,0,
C-A-1,3,1.25077,-29.6463,10.1921,1226,0.0,7.2,14.9,36,2847,0.0,-13.600000000000001,14.8,37,-0.307,0,
C-A-1,3,1.25177,-29.6463,10.1921,1226,0.0,7.2,14.9,36,2847,0.0,-13.600000000000001,14.8,37,-0.307,0,
C-A-1,3,1.25276,-29.6847,10.1882,1225,0.0,6.4,14.9,36,2848,0.0,-12.8,14.8,37,-0.307,0,
C-A-1,3,1.25376,-29.6463,10.1921,1226,0.0,7.2,14.9,36,2847,0.0,-13.600000000000001,14.8,37,-0.307,0,
C-A-1,3,1.25477,-29.6847,10.1882,1225,0.0,6.4,14.9,36,2848,0.0,-12.8,14.8,37,-0.307,0,
C-A-1,3,1.25577,-29.6463,10.1921,1226,0.0,7.2,14.9,36,2847,0.0,-13.600000000000001,14.8,37,-0.307,0,
C-A-1,3,1.25676,-29.6463,10.1921,1226,0.0,7.2,14.9,36,2847,0.0,-13.600000000000001,14.8,37,-0.307,0,
C-A-1,3,1.25777,-29.6463,10.1921,1226,0.0,7.2,14.9,36,2847,0.0,-13.600000000000001,14.8,37,-0.307,0,
C-A-1,3,1.25877,-29.6463,10.1921,1226,0.0,7.2,14.9,36,2847,0.0,-12.8,14.8,37,-0.307,0,
C-A-1,3,1.25977,-29.6463,10.1921,1226,0.0,7.2,14.9,36,2848,0.0,-13.600000000000001,14.8,37,-0.268,0,
C-A-1,3,1.26077,-29.6463,10.1921,1226,0.0,7.2,14.9,36,2847,0.0,-13.600000000000001,14.8,37,-0.307,0,
C-A-1,3,1.26177,-29.6463,10.1921,1226,0.0,7.2,14.9,36,2847,0.0,-13.600000000000001,14.8,37,-0.307,0,
C-A-1,3,1.26277,-29.6847,10.1882,1225,0.0,6.4,14.9,36,2847,0.0,-13.600000000000001,14.8,37,-0.345,0,
C-A-1,3,1.26377,-29.6463,10.1921,1226,0.0,7.2,14.9,36,2847,0.0,-13.600000000000001,14.8,37,-0.307,0,
C-A-1,3,1.26476,-29.6463,10.1921,1226,0.0,7.2,14.9,36,2847,0.0,-13.600000000000001,14.8,37,-0.307,0,
C-A-1,3,1.26577,-29.6463,10.1921,1226,0.0,7.2,14.9,36,2847,0.0,-13.600000000000001,14.8,37,-0.307,0,
C-A-1,3,1.26677,-29.6847,10.1882,1225,0.0,6.4,14.9,36,2847,0.0,-13.600000000000001,14.8,37,-0.345,0,
C-A-1,3,1.26776,-29.6463,10.1921,1226,0.0,7.2,14.9,36,2847,0.0,-13.600000000000001,14.8,37,-0.307,0,
C-A-1,3,1.26877,-29.6463,10.1921,1226,0.0,7.2,14.9,36,2847,0.0,-13.600000000000001,14.8,37,-0.307,0,
C-A-1,3,1.26977,-29.6463,10.1921,1226,0.0,7.2,14.9,36,2847,0.0,-13.600000000000001,14.8,37,-0.307,0,
C-A-1,3,1.27077,-29.6847,10.1882,1225,0.0,6.4,14.9,36,2847,0.0,-13.600000000000001,14.8,37,-0.345,0,
C-A-1,3,1.27177,-29.6463,10.1921,1226,0.0,7.2,14.9,36,2847,0.0,-13.600000000000001,14.8,37,-0.307,0,
C-A-1,3,1.27277,-29.6463,10.1921,1226,0.0,7.2,14.9,36,2847,0.0,-13.600000000000001,14.8,37,-0.307,0,
C-A-1,3,1.27377,-29.6463,10.1921,1226,0.0,7.2,14.9,36,2847,0.0,-13.600000000000001,14.8,37,-0.307,0,
C-A-1,3,1.27477,-29.6463,10.1921,1226,0.0,7.2,14.9,36,2847,0.0,-13.600000000000001,14.8,37,-0.307,0,
C-A-1,3,1.27577,-29.6463,10.1921,1226,0.0,7.2,14.9,36,2847,0.0,-13.600000000000001,14.8,37,-0.307,0,
C-A-1,3,1.27677,-29.6463,10.1921,1226,0.0,7.2,14.9,36,2847,0.0,-13.600000000000001,14.8,37,-0.307,0,
C-A-1,3,1.27777,-29.6463,10.1921,1226,0.0,7.2,15.0,36,2847,0.0,-13.600000000000001,14.8,37,-0.307,0,
C-A-1,3,1.27877,-29.6463,10.1921,1226,0.0,7.2,15.0,36,2847,0.0,-13.600000000000001,14.9,37,-0.307,0,
C-A-1,3,1.27977,-29.6463,10.1921,1226,0.0,7.2,15.0,36,2847,0.0,-13.600000000000001,14.9,37,-0.307,0,
C-A-1,3,1.28077,-29.6463,10.1921,1226,0.0,7.2,15.0,36,2846,0.0,-14.4,14.9,37,-0.345,0,
C-A-1,3,1.28177,-29.6463,10.1921,1226,0.0,7.2,15.0,36,2847,0.0,-13.600000000000001,14.9,37,-0.307,0,
C-A-1,3,1.28277,-29.6463,10.1921,1226,0.0,7.2,15.0,36,2846,0.0,-14.4,14.9,37,-0.345,0,
C-A-1,3,1.28375,-29.6463,10.1921,1226,0.0,7.2,15.0,36,2847,0.0,-13.600000000000001,14.9,37,-0.307,0,
C-A-1,3,1.28477,-29.6463,10.1921,1226,0.0,7.2,15.0,36,2846,0.0,-14.4,14.9,37,-0.345,0,
C-A-1,3,1.28577,-29.6463,10.1921,1226,0.0,8.0,15.0,36,2847,0.0,-13.600000000000001,14.9,37,-0.307,0,
C-A-1,3,1.28677,-29.608,10.196,1227,0.0,8.0,15.0,36,2846,0.0,-14.4,14.9,37,-0.307,0,
C-A-1,3,1.28777,-29.608,10.196,1227,0.0,8.0,15.0,36,2847,0.0,-13.600000000000001,14.9,37,-0.268,0,
C-A-1,3,1.28877,-29.6463,10.1921,1226,0.0,7.2,15.0,36,2846,0.0,-14.4,14.9,37,-0.345,0,
C-A-1,3,1.28977,-29.6463,10.1921,1226,0.0,7.2,15.0,36,2846,0.0,-14.4,14.9,37,-0.345,0,
C-A-1,3,1.29077,-29.6463,10.1921,1226,0.0,7.2,15.0,36,2847,0.0,-13.600000000000001,14.9,37,-0.307,0,
C-A-1,3,1.29175,-29.6463,10.1921,1226,0.0,7.2,15.0,36,2847,0.0,-13.600000000000001,14.9,37,-0.307,0,
C-A-1,3,1.29277,-29.608,10.196,1227,0.0,8.0,15.0,36,2846,0.0,-14.4,14.9,37,-0.307,0,
C-A-1,3,1.29377,-29.608,10.196,1227,0.0,8.0,15.0,36,2846,0.0,-14.4,14.9,37,-0.307,0,
C-A-1,3,1.29477,-29.608,10.196,1227,0.0,8.0,15.0,36,2846,0.0,-14.4,14.9,37,-0.307,0,
C-A-1,3,1.29575,-29.608,10.196,1227,1.01,9.700000000000001,15.0,36,2846,0.0,-14.4,14.9,37,-0.307,0,
C-A-1,3,1.29677,-29.608,10.196,1227,0.0,8.0,15.0,36,2846,0.0,-14.4,14.9,37,-0.307,0,
C-A-1,3,1.29777,-29.608,10.196,1227,0.0,8.0,15.0,36,2846,0.0,-14.4,14.9,37,-0.307,0,
C-A-1,3,1.29875,-29.608,10.196,1227,0.0,8.0,15.0,36,2846,0.0,-14.4,14.9,37,-0.307,0,
C-A-1,3,1.29977,-29.608,10.196,1227,1.01,9.700000000000001,15.0,36,2846,0.0,-14.4,14.9,37,-0.307,0,
C-A-1,3,1.30075,-29.608,10.196,1227,0.0,8.0,15.0,36,2846,0.0,-14.4,14.9,37,-0.307,0,
C-A-1,3,1.30177,-29.608,10.196,1227,0.0,8.0,15.0,36,2846,0.0,-14.4,14.9,37,-0.307,0,
C-A-1,3,1.30277,-29.608,10.196,1227,0.0,8.0,15.0,36,2846,0.0,-14.4,14.9,37,-0.307,0,
C-A-1,3,1.30377,-29.608,10.196,1227,0.0,8.0,15.0,36,2846,0.0,-14.4,14.9,37,-0.307,0,
C-A-1,3,1.30475,-29.608,10.196,1227,0.0,8.0,15.0,36,2846,0.0,-14.4,14.9,37,-0.307,0,
C-A-1,3,1.30577,-29.608,10.196,1227,0.0,8.0,15.0,36,2846,0.0,-14.4,14.9,37,-0.307,0,
C-A-1,3,1.30675,-29.608,10.196,1227,0.0,8.0,15.0,36,2846,0.0,-14.4,14.9,37,-0.307,0,
C-A-1,3,1.30777,-29.608,10.196,1227,0.0,8.0,15.0,36,2846,0.0,-14.4,14.9,37,-0.307,0,
C-A-1,3,1.30877,-29.608,10.196,1227,0.0,8.0,15.0,36,2846,0.0,-14.4,14.9,37,-0.307,0,
C-A-1,3,1.30975,-29.608,10.196,1227,0.0,8.0,15.0,36,2846,0.0,-14.4,14.9,37,-0.307,0,
C-A-1,3,1.31077,-29.608,10.196,1227,0.0,8.0,15.0,36,2846,0.0,-14.4,14.9,37,-0.307,0,
C-A-1,3,1.31175,-29.608,10.196,1227,0.0,8.0,15.0,36,2846,0.0,-14.4,14.9,37,-0.307,0,
C-A-1,3,1.31277,-29.608,10.196,1227,0.0,8.0,15.0,36,2846,0.0,-14.4,14.9,37,-0.307,0,
C-A-1,3,1.31377,-29.608,10.196,1227,0.0,8.0,15.0,36,2846,0.0,-14.4,14.9,37,-0.307,0,
C-A-1,3,1.31475,-29.608,10.196,1227,0.0,8.0,15.0,36,2845,-1.01,-16.900000000000002,14.9,37,-0.345,0,
C-A-1,3,1.31577,-29.608,10.196,1227,0.0,8.0,15.0,36,2845,0.0,-15.200000000000001,14.9,37,-0.345,0,
C-A-1,3,1.31677,-29.5696,10.1999,1228,0.0,8.8,15.0,36,2846,0.0,-14.4,14.9,37,-0.268,0,
C-A-1,3,1.31775,-29.5696,10.1999,1228,1.01,10.5,15.0,36,2846,0.0,-14.4,14.9,37,-0.268,0,
C-A-1,3,1.31877,-29.608,10.196,1227,0.0,8.0,15.0,36,2845,0.0,-15.200000000000001,14.9,37,-0.345,0,
C-A-1,3,1.31977,-29.5696,10.1999,1228,1.01,10.5,15.0,36,2846,0.0,-14.4,14.9,37,-0.268,0,
C-A-1,3,1.32075,-29.608,10.196,1227,0.0,8.0,15.0,36,2845,-1.01,-16.900000000000002,14.9,37,-0.345,0,
C-A-1,3,1.32177,-29.5696,10.1999,1228,0.0,8.8,15.0,36,2845,0.0,-15.200000000000001,14.9,37,-0.307,0,
C-A-1,3,1.32277,-29.608,10.196,1227,0.0,8.0,15.0,36,2845,0.0,-15.200000000000001,14.9,37,-0.345,0,
C-A-1,3,1.32377,-29.608,10.196,1227,0.0,8.0,15.0,36,2846,0.0,-14.4,14.9,37,-0.307,0,
C-A-1,3,1.32477,-29.608,10.196,1227,0.0,8.0,15.0,36,2845,0.0,-15.200000000000001,14.9,37,-0.345,0,
C-A-1,3,1.32575,-29.5696,10.1999,1228,0.0,8.8,15.0,36,2845,0.0,-15.200000000000001,14.9,37,-0.307,0,
C-A-1,3,1.32677,-29.5696,10.1999,1228,0.0,8.8,15.0,36,2845,0.0,-15.200000000000001,14.9,37,-0.307,0,
C-A-1,3,1.32777,-29.5696,10.1999,1228,0.0,8.8,15.0,36,2845,0.0,-15.200000000000001,14.9,37,-0.307,0,
C-A-1,3,1.32875,-29.608,10.196,1227,0.0,8.0,15.0,36,2845,0.0,-15.200000000000001,14.9,37,-0.345,0,
C-A-1,3,1.32977,-29.5696,10.1999,1228,0.0,8.8,15.0,36,2845,0.0,-15.200000000000001,14.9,37,-0.307,0,
C-A-1,3,1.33077,-29.608,10.196,1227,0.0,8.0,15.0,36,2845,0.0,-15.200000000000001,14.9,37,-0.345,0,
C-A-1,3,1.33175,-29.608,10.196,1227,0.0,8.0,15.0,36,2846,0.0,-14.4,14.9,37,-0.307,0,
C-A-1,3,1.33275,-29.608,10.196,1227,0.0,8.0,15.0,36,2845,0.0,-15.200000000000001,14.9,37,-0.345,0,
C-A-1,3,1.33377,-29.608,10.196,1227,0.0,8.0,15.0,36,2845,0.0,-15.200000000000001,14.9,37,-0.345,0,
C-A-1,3,1.33477,-29.5696,10.1999,1228,0.0,8.8,15.0,36,2845,0.0,-15.200000000000001,14.9,37,-0.307,0,
C-A-1,3,1.33577,-29.5696,10.1999,1228,0.0,8.8,15.0,36,2845,0.0,-15.200000000000001,14.9,37,-0.307,0,
C-A-1,3,1.33677,-29.5696,10.1999,1228,0.0,8.8,15.0,36,2845,0.0,-15.200000000000001,14.9,37,-0.307,0,
C-A-1,3,1.33775,-29.5696,10.1999,1228,0.0,8.8,15.0,36,2845,0.0,-15.200000000000001,14.9,37,-0.307,0,
C-A-1,3,1.33875,-29.608,10.196,1227,0.0,8.0,15.0,36,2845,0.0,-15.200000000000001,14.9,37,-0.345,0,
C-A-1,3,1.33976,-29.608,10.196,1227,0.0,8.0,15.0,36,2845,0.0,-15.200000000000001,14.9,37,-0.345,0,
C-A-1,3,1.34075,-29.608,10.196,1227,0.0,8.0,15.0,36,2845,0.0,-15.200000000000001,14.9,37,-0.345,0,
C-A-1,3,1.34176,-29.5696,10.1999,1228,0.0,8.8,15.0,36,2845,0.0,-15.200000000000001,14.9,37,-0.307,0,
C-A-1,3,1.34275,-29.5696,10.1999,1228,0.0,8.8,15.0,36,2845,0.0,-15.200000000000001,14.9,37,-0.307,0,
C-A-1,3,1.34376,-29.608,10.196,1227,0.0,8.0,15.0,36,2845,0.0,-15.200000000000001,14.9,37,-0.345,0,
C-A-1,3,1.34475,-29.5696,10.1999,1228,0.0,8.8,15.0,36,2845,0.0,-15.200000000000001,14.9,37,-0.307,0,
C-A-1,3,1.34575,-29.5696,10.1999,1228,0.0,8.8,15.0,36,2845,0.0,-15.200000000000001,14.9,37,-0.307,0,
C-A-1,3,1.34675,-29.608,10.196,1227,0.0,8.0,15.0,36,2845,0.0,-15.200000000000001,14.9,37,-0.345,0,
C-A-1,3,1.34775,-29.5696,10.1999,1228,0.0,8.8,15.0,36,2845,0.0,-15.200000000000001,14.9,37,-0.307,0,
C-A-1,3,1.34875,-29.608,10.196,1227,0.0,8.0,15.0,36,2845,0.0,-15.200000000000001,14.9,37,-0.345,0,
C-A-1,3,1.34976,-29.608,10.196,1227,0.0,8.0,15.0,36,2845,0.0,-15.200000000000001,14.9,37,-0.345,0,
C-A-1,3,1.35075,-29.608,10.196,1227,0.0,8.0,15.0,36,2845,0.0,-15.200000000000001,14.9,37,-0.345,0,
C-A-1,3,1.35175,-29.5696,10.1999,1228,0.0,8.8,15.0,36,2845,0.0,-15.200000000000001,14.9,37,-0.307,0,
C-A-1,3,1.35276,-29.5696,10.1999,1228,0.0,8.8,15.0,36,2845,0.0,-15.200000000000001,14.9,37,-0.307,0,
C-A-1,3,1.35375,-29.5696,10.1999,1228,0.0,8.8,15.0,36,2845,0.0,-15.200000000000001,14.9,37,-0.307,0,
C-A-1,3,1.35476,-29.608,10.196,1227,0.0,8.0,15.0,36,2845,0.0,-15.200000000000001,14.9,37,-0.345,0,
C-A-1,3,1.35575,-29.608,10.196,1227,0.0,8.0,15.0,36,2846,0.0,-14.4,14.9,37,-0.307,0,
C-A-1,3,1.35675,-29.608,10.196,1227,0.0,8.0,15.0,36,2846,0.0,-14.4,14.9,37,-0.307,0,
C-A-1,3,1.35775,-29.5696,10.1999,1228,0.0,8.8,15.0,36,2845,0.0,-15.200000000000001,14.9,37,-0.307,0,
C-A-1,3,1.35875,-29.608,10.196,1227,0.0,8.0,15.0,36,2845,0.0,-15.200000000000001,14.9,37,-0.345,0,
C-A-1,3,1.35976,-29.608,10.196,1227,0.0,8.0,15.0,36,2845,0.0,-15.200000000000001,14.9,37,-0.345,0,
C-A-1,3,1.36075,-29.608,10.196,1227,0.0,8.0,15.0,36,2845,0.0,-15.200000000000001,14.9,37,-0.345,0,
C-A-1,3,1.36176,-29.608,10.196,1227,0.0,8.0,15.0,36,2845,0.0,-15.200000000000001,14.9,37,-0.345,0,
C-A-1,3,1.36275,-29.5696,10.1999,1228,0.0,8.8,15.0,36,2845,0.0,-15.200000000000001,14.9,37,-0.307,0,
C-A-1,3,1.36375,-29.608,10.196,1227,0.0,8.0,15.0,36,2846,0.0,-14.4,14.9,37,-0.307,0,
C-A-1,3,1.36475,-29.608,10.196,1227,0.0,8.0,15.0,36,2846,0.0,-14.4,14.9,37,-0.307,0,
C-A-1,3,1.36575,-29.608,10.196,1227,0.0,8.0,15.0,36,2846,0.0,-14.4,14.9,37,-0.307,0,
C-A-1,3,1.36676,-29.608,10.196,1227,0.0,8.0,15.0,36,2845,0.0,-15.200000000000001,14.9,37,-0.345,0,
C-A-1,3,1.36775,-29.608,10.196,1227,0.0,8.0,15.0,36,2846,0.0,-14.4,14.9,37,-0.307,0,
C-A-1,3,1.36875,-29.608,10.196,1227,0.0,8.0,15.0,36,2846,0.0,-14.4,14.9,37,-0.307,0,
C-A-1,3,1.36976,-29.608,10.196,1227,0.0,8.0,15.0,36,2846,0.0,-14.4,14.9,37,-0.307,0,
C-A-1,3,1.37075,-29.608,10.196,1227,0.0,8.0,15.0,36,2845,0.0,-15.200000000000001,14.9,37,-0.345,0,
C-A-1,3,1.37175,-29.608,10.196,1227,0.0,8.0,15.0,36,2846,0.0,-14.4,14.9,37,-0.307,0,
C-A-1,3,1.37276,-29.608,10.196,1227,0.0,8.0,15.0,36,2846,0.0,-14.4,14.9,37,-0.307,0,
C-A-1,3,1.37375,-29.608,10.196,1227,0.0,8.0,15.0,36,2846,0.0,-14.4,14.9,37,-0.307,0,
C-A-1,3,1.37475,-29.608,10.196,1227,0.0,8.0,15.0,36,2846,0.0,-14.4,14.9,37,-0.307,0,
C-A-1,3,1.37576,-29.608,10.196,1227,0.0,8.0,15.0,36,2846,0.0,-14.4,14.9,37,-0.307,0,
C-A-1,3,1.37675,-29.608,10.196,1227,0.0,8.0,15.0,36,2846,0.0,-14.4,14.9,37,-0.307,0,
C-A-1,3,1.37776,-29.608,10.196,1227,0.0,8.0,15.0,36,2846,0.0,-14.4,14.9,37,-0.307,0,
C-A-1,3,1.37875,-29.608,10.196,1227,0.0,8.0,15.0,36,2846,0.0,-14.4,14.9,37,-0.307,0,
C-A-1,3,1.37976,-29.608,10.196,1227,0.0,8.0,15.0,36,2846,0.0,-14.4,14.9,37,-0.307,0,
C-A-1,3,1.38076,-29.608,10.196,1227,0.0,8.0,15.0,36,2846,0.0,-14.4,14.9,37,-0.307,0,
C-A-1,3,1.38175,-29.608,10.196,1227,0.0,8.0,15.0,36,2846,0.0,-14.4,14.9,37,-0.307,0,
C-A-1,3,1.38276,-29.608,10.196,1227,0.0,8.0,15.0,36,2846,0.0,-14.4,14.9,37,-0.307,0,
C-A-1,3,1.38375,-29.608,10.196,1227,0.0,8.0,15.0,36,2847,1.01,-11.9,14.9,37,-0.268,0,
C-A-1,3,1.38475,-29.6463,10.1921,1226,0.0,7.2,15.0,36,2846,0.0,-14.4,14.9,37,-0.345,0,
C-A-1,3,1.38575,-29.608,10.196,1227,0.0,8.0,15.0,36,2846,0.0,-14.4,14.9,37,-0.307,0,
C-A-1,3,1.38676,-29.6463,10.1921,1226,-1.01,5.5,15.0,36,2846,0.0,-14.4,14.9,37,-0.345,0,
C-A-1,3,1.38775,-29.608,10.196,1227,0.0,8.0,15.0,36,2846,0.0,-14.4,14.9,37,-0.307,0,
C-A-1,3,1.38875,-29.608,10.196,1227,0.0,8.0,15.0,36,2846,0.0,-14.4,14.9,37,-0.307,0,
C-A-1,3,1.38976,-29.6463,10.1921,1226,0.0,7.2,15.0,36,2846,1.01,-11.9,14.9,37,-0.345,0,
C-A-1,3,1.39075,-29.608,10.196,1227,0.0,8.0,15.0,36,2847,1.01,-11.9,14.9,37,-0.268,0,
C-A-1,3,1.39175,-29.608,10.196,1227,0.0,8.0,15.0,36,2847,0.0,-14.4,14.9,37,-0.268,0,
C-A-1,3,1.39276,-29.608,10.196,1227,0.0,8.0,15.0,36,2847,0.0,-13.600000000000001,14.9,37,-0.268,0,
C-A-1,3,1.39376,-29.6463,10.1921,1226,0.0,7.2,15.0,36,2847,0.0,-13.600000000000001,14.9,37,-0.307,0,
C-A-1,3,1.39476,-29.608,10.196,1227,0.0,8.0,15.1,36,2846,0.0,-14.4,14.9,37,-0.307,0,
C-A-1,3,1.39576,-29.6463,10.1921,1226,0.0,7.2,15.1,36,2847,1.01,-11.9,15.0,37,-0.307,0,
C-A-1,3,1.39675,-29.6463,10.1921,1226,0.0,7.2,15.1,36,2847,0.0,-13.600000000000001,15.0,37,-0.307,0,
C-A-1,3,1.39776,-29.6463,10.1921,1226,0.0,7.2,15.1,36,2846,0.0,-14.4,15.0,37,-0.345,0,
C-A-1,3,1.39876,-29.6463,10.1921,1226,0.0,7.2,15.1,36,2847,1.01,-11.9,15.0,37,-0.307,0,
C-A-1,3,1.39976,-29.6463,10.1921,1226,0.0,7.2,15.1,36,2847,0.0,-13.600000000000001,15.0,37,-0.307,0,
C-A-1,3,1.40076,-29.6463,10.1921,1226,0.0,7.2,15.1,36,2847,1.01,-11.9,15.0,37,-0.307,0,
C-A-1,3,1.40176,-29.6463,10.1921,1226,0.0,7.2,15.1,36,2847,0.0,-13.600000000000001,15.0,37,-0.307,0,
C-A-1,3,1.40276,-29.6463,10.1921,1226,0.0,7.2,15.1,36,2847,0.0,-13.600000000000001,15.0,37,-0.307,0,
C-A-1,3,1.40376,-29.6463,10.1921,1226,0.0,7.2,15.1,36,2847,0.0,-13.600000000000001,15.0,37,-0.307,0,
C-A-1,3,1.40476,-29.6463,10.1921,1226,0.0,7.2,15.1,36,2847,0.0,-13.600000000000001,15.0,37,-0.307,0,
C-A-1,3,1.40576,-29.6463,10.1921,1226,0.0,7.2,15.1,36,2847,0.0,-13.600000000000001,15.0,37,-0.307,0,
C-A-1,3,1.40676,-29.6463,10.1921,1226,0.0,7.2,15.1,36,2847,0.0,-13.600000000000001,15.0,37,-0.307,0,
C-A-1,3,1.40776,-29.6463,10.1921,1226,0.0,7.2,15.1,36,2847,0.0,-13.600000000000001,15.0,37,-0.307,0,
C-A-1,3,1.40876,-29.6463,10.1921,1226,0.0,7.2,15.1,36,2847,0.0,-13.600000000000001,15.0,37,-0.307,0,
C-A-1,3,1.40976,-29.6463,10.1921,1226,0.0,7.2,15.1,36,2847,0.0,-13.600000000000001,15.0,37,-0.307,0,
C-A-1,3,1.41076,-29.6463,10.1921,1226,0.0,7.2,15.1,36,2847,0.0,-13.600000000000001,15.0,37,-0.307,0,
C-A-1,3,1.41176,-29.6463,10.1921,1226,0.0,7.2,15.1,36,2847,0.0,-13.600000000000001,15.0,37,-0.307,0,
C-A-1,3,1.41276,-29.6463,10.1921,1226,0.0,7.2,15.1,36,2847,0.0,-13.600000000000001,15.0,37,-0.307,0,
C-A-1,3,1.41376,-29.6463,10.1921,1226,0.0,7.2,15.1,36,2847,0.0,-13.600000000000001,15.0,37,-0.307,0,
C-A-1,3,1.41476,-29.6463,10.1921,1226,0.0,7.2,15.1,36,2847,0.0,-13.600000000000001,15.0,37,-0.307,0,
C-A-1,3,1.41576,-29.6463,10.1921,1226,0.0,7.2,15.1,36,2847,0.0,-13.600000000000001,15.0,37,-0.307,0,
C-A-1,3,1.41676,-29.6463,10.1921,1226,0.0,7.2,15.1,36,2847,0.0,-13.600000000000001,15.0,37,-0.307,0,
C-A-1,3,1.41776,-29.6463,10.1921,1226,0.0,7.2,15.1,36,2847,0.0,-13.600000000000001,15.0,37,-0.307,0,
C-A-1,3,1.41876,-29.6463,10.1921,1226,0.0,7.2,15.1,36,2847,0.0,-13.600000000000001,15.0,37,-0.307,0,
C-A-1,3,1.41976,-29.6463,10.1921,1226,0.0,7.2,15.1,36,2847,0.0,-13.600000000000001,15.0,37,-0.307,0,
C-A-1,3,1.42076,-29.6463,10.1921,1226,0.0,7.2,15.1,36,2847,0.0,-13.600000000000001,15.0,37,-0.307,0,
C-A-1,3,1.42176,-29.6463,10.1921,1226,0.0,7.2,15.1,36,2847,0.0,-13.600000000000001,15.0,37,-0.307,0,
C-A-1,3,1.42276,-29.6463,10.1921,1226,0.0,7.2,15.1,36,2847,0.0,-13.600000000000001,15.0,37,-0.307,0,
C-A-1,3,1.42376,-29.6463,10.1921,1226,0.0,7.2,15.1,36,2847,0.0,-13.600000000000001,15.0,37,-0.307,0,
C-A-1,3,1.42476,-29.6463,10.1921,1226,0.0,7.2,15.1,36,2847,0.0,-13.600000000000001,15.0,37,-0.307,0,
C-A-1,3,1.42576,-29.6463,10.1921,1226,0.0,7.2,15.1,36,2847,0.0,-13.600000000000001,15.0,37,-0.307,0,
C-A-1,3,1.42676,-29.6463,10.1921,1226,0.0,7.2,15.1,36,2847,0.0,-13.600000000000001,15.0,37,-0.307,0,
C-A-1,3,1.42776,-29.6463,10.1921,1226,0.0,7.2,15.1,36,2847,0.0,-13.600000000000001,15.0,37,-0.307,0,
C-A-1,3,1.42876,-29.6463,10.1921,1226,0.0,7.2,15.1,36,2847,0.0,-13.600000000000001,15.0,37,-0.307,0,
C-A-1,3,1.42976,-29.6463,10.1921,1226,0.0,7.2,15.1,36,2847,0.0,-13.600000000000001,15.0,37,-0.307,0,
C-A-1,3,1.43076,-29.6463,10.1921,1226,0.0,7.2,15.1,36,2847,0.0,-13.600000000000001,15.0,37,-0.307,0,
C-A-1,3,1.43176,-29.6463,10.1921,1226,0.0,7.2,15.1,36,2847,0.0,-13.600000000000001,15.0,37,-0.307,0,
C-A-1,3,1.43276,-29.6463,10.1921,1226,0.0,7.2,15.1,36,2847,0.0,-13.600000000000001,15.0,37,-0.307,0,
C-A-1,3,1.43376,-29.6463,10.1921,1226,0.0,7.2,15.1,36,2847,0.0,-13.600000000000001,15.0,37,-0.307,0,
C-A-1,3,1.43476,-29.6463,10.1921,1226,0.0,7.2,15.1,36,2847,0.0,-13.600000000000001,15.0,37,-0.307,0,
C-A-1,3,1.43576,-29.6463,10.1921,1226,0.0,7.2,15.1,36,2847,0.0,-13.600000000000001,15.0,37,-0.307,0,
C-A-1,3,1.43676,-29.6463,10.1921,1226,0.0,7.2,15.1,36,2847,0.0,-13.600000000000001,15.0,37,-0.307,0,
C-A-1,3,1.43776,-29.6463,10.1921,1226,0.0,7.2,15.1,36,2847,0.0,-13.600000000000001,15.0,37,-0.307,0,
C-A-1,3,1.43876,-29.6463,10.1921,1226,0.0,7.2,15.1,36,2847,0.0,-13.600000000000001,15.0,37,-0.307,0,
C-A-1,3,1.43976,-29.6463,10.1921,1226,0.0,7.2,15.1,36,2847,0.0,-13.600000000000001,15.0,37,-0.307,0,
C-A-1,3,1.44076,-29.6463,10.1921,1226,0.0,7.2,15.1,36,2847,0.0,-13.600000000000001,15.0,37,-0.307,0,
C-A-1,3,1.44176,-29.6463,10.1921,1226,0.0,7.2,15.1,36,2847,0.0,-13.600000000000001,15.0,37,-0.307,0,
C-A-1,3,1.44276,-29.6463,10.1921,1226,0.0,7.2,15.1,36,2847,0.0,-13.600000000000001,15.0,37,-0.307,0,
C-A-1,3,1.44376,-29.6463,10.1921,1226,0.0,7.2,15.1,36,2847,0.0,-13.600000000000001,15.0,37,-0.307,0,
C-A-1,3,1.44476,-29.6463,10.1921,1226,0.0,7.2,15.1,36,2847,0.0,-13.600000000000001,15.0,37,-0.307,0,
C-A-1,3,1.44576,-29.6463,10.1921,1226,0.0,7.2,15.1,36,2847,0.0,-13.600000000000001,15.0,37,-0.307,0,
C-A-1,3,1.44676,-29.6463,10.1921,1226,0.0,7.2,15.1,36,2847,0.0,-13.600000000000001,15.0,37,-0.307,0,
C-A-1,3,1.44777,-29.6463,10.1921,1226,0.0,7.2,15.1,36,2847,0.0,-13.600000000000001,15.0,37,-0.307,0,
C-A-1,3,1.44876,-29.6463,10.1921,1226,0.0,7.2,15.1,36,2847,0.0,-13.600000000000001,15.0,37,-0.307,0,
C-A-1,3,1.44976,-29.6463,10.1921,1226,0.0,7.2,15.1,36,2847,0.0,-13.600000000000001,15.0,37,-0.307,0,
C-A-1,3,1.45076,-29.6463,10.1921,1226,0.0,7.2,15.1,36,2846,0.0,-14.4,15.0,37,-0.345,0,
C-A-1,3,1.45176,-29.608,10.196,1227,0.0,8.0,15.1,36,2847,0.0,-13.600000000000001,15.0,37,-0.268,0,
C-A-1,3,1.45276,-29.6463,10.1921,1226,0.0,7.2,15.1,36,2847,0.0,-13.600000000000001,15.0,37,-0.307,0,
C-A-1,3,1.45376,-29.6463,10.1921,1226,0.0,7.2,15.1,36,2847,0.0,-13.600000000000001,15.0,37,-0.307,0,
C-A-1,3,1.45476,-29.6463,10.1921,1226,0.0,7.2,15.1,36,2847,0.0,-13.600000000000001,15.0,37,-0.307,0,
C-A-1,3,1.45576,-29.6463,10.1921,1226,0.0,7.2,15.1,36,2846,0.0,-14.4,15.0,37,-0.345,0,
C-A-1,3,1.45677,-29.6463,10.1921,1226,0.0,7.2,15.1,36,2847,0.0,-13.600000000000001,15.0,37,-0.307,0,
C-A-1,3,1.45776,-29.6463,10.1921,1226,0.0,7.2,15.1,36,2846,0.0,-14.4,15.0,37,-0.345,0,
C-A-1,3,1.45876,-29.608,10.196,1227,0.0,8.0,15.1,36,2846,0.0,-14.4,15.0,37,-0.307,0,
C-A-1,3,1.45977,-29.6463,10.1921,1226,0.0,7.2,15.1,36,2847,0.0,-13.600000000000001,15.0,37,-0.307,0,
C-A-1,3,1.46076,-29.6463,10.1921,1226,0.0,7.2,15.1,36,2847,0.0,-13.600000000000001,15.0,37,-0.307,0,
C-A-1,3,1.46176,-29.6463,10.1921,1226,0.0,7.2,15.1,36,2846,0.0,-14.4,15.0,37,-0.345,0,
C-A-1,3,1.46276,-29.6463,10.1921,1226,0.0,7.2,15.1,36,2846,0.0,-14.4,15.0,37,-0.345,0,
C-A-1,3,1.46376,-29.6463,10.1921,1226,0.0,7.2,15.1,36,2846,0.0,-14.4,15.0,37,-0.345,0,
C-A-1,3,1.46476,-29.608,10.196,1227,0.0,8.0,15.1,36,2847,0.0,-13.600000000000001,15.0,37,-0.268,0,
C-A-1,3,1.46576,-29.6463,10.1921,1226,0.0,7.2,15.1,36,2846,0.0,-14.4,15.0,37,-0.345,0,
C-A-1,3,1.46676,-29.608,10.196,1227,0.0,8.0,15.1,36,2846,0.0,-14.4,15.0,37,-0.307,0,
C-A-1,3,1.46776,-29.6463,10.1921,1226,0.0,7.2,15.1,36,2846,0.0,-14.4,15.0,37,-0.345,0,
C-A-1,3,1.46876,-29.6463,10.1921,1226,0.0,7.2,15.1,36,2846,0.0,-14.4,15.0,37,-0.345,0,
C-A-1,3,1.46976,-29.6463,10.1921,1226,0.0,7.2,15.1,36,2846,0.0,-14.4,15.0,37,-0.345,0,
C-A-1,3,1.47077,-29.608,10.196,1227,0.0,8.0,15.1,36,2846,0.0,-14.4,15.0,37,-0.307,0,
C-A-1,3,1.47176,-29.608,10.196,1227,0.0,8.0,15.1,36,2846,0.0,-14.4,15.0,37,-0.307,0,
C-A-1,3,1.47276,-29.608,10.196,1227,0.0,8.0,15.1,36,2846,0.0,-14.4,15.0,37,-0.307,0,
C-A-1,3,1.47376,-29.608,10.196,1227,0.0,8.0,15.1,36,2846,0.0,-14.4,15.0,37,-0.307,0,
C-A-1,3,1.47477,-29.608,10.196,1227,0.0,8.0,15.1,36,2846,0.0,-14.4,15.0,37,-0.307,0,
C-A-1,3,1.47576,-29.608,10.196,1227,0.0,8.0,15.1,36,2846,0.0,-14.4,15.0,37,-0.307,0,
C-A-1,3,1.47676,-29.608,10.196,1227,0.0,8.0,15.1,36,2846,0.0,-14.4,15.0,37,-0.307,0,
C-A-1,3,1.47777,-29.608,10.196,1227,0.0,8.0,15.1,36,2846,0.0,-14.4,15.0,37,-0.307,0,
C-A-1,3,1.47876,-29.608,10.196,1227,0.0,8.0,15.1,36,2846,0.0,-14.4,15.0,37,-0.307,0,
C-A-1,3,1.47977,-29.608,10.196,1227,0.0,8.0,15.1,36,2846,0.0,-14.4,15.0,37,-0.307,0,
C-A-1,3,1.48076,-29.608,10.196,1227,0.0,8.0,15.1,36,2846,0.0,-14.4,15.0,37,-0.307,0,
C-A-1,3,1.48176,-29.608,10.196,1227,0.0,8.0,15.1,36,2846,0.0,-14.4,15.0,37,-0.307,0,
C-A-1,3,1.48277,-29.608,10.196,1227,0.0,8.0,15.1,36,2846,0.0,-14.4,15.0,37,-0.307,0,
C-A-1,3,1.48376,-29.608,10.196,1227,0.0,8.0,15.1,36,2846,0.0,-14.4,15.0,37,-0.307,0,
C-A-1,3,1.48476,-29.608,10.196,1227,0.0,8.0,15.1,36,2846,0.0,-14.4,15.0,37,-0.307,0,
C-A-1,3,1.48577,-29.608,10.196,1227,0.0,8.0,15.1,36,2846,0.0,-14.4,15.0,37,-0.307,0,
C-A-1,3,1.48676,-29.608,10.196,1227,0.0,8.0,15.1,36,2846,0.0,-14.4,15.0,37,-0.307,0,
C-A-1,3,1.48777,-29.608,10.196,1227,0.0,8.0,15.1,36,2846,0.0,-14.4,15.0,37,-0.307,0,
C-A-1,3,1.48876,-29.608,10.196,1227,0.0,8.0,15.1,36,2846,0.0,-14.4,15.0,37,-0.307,0,
C-A-1,3,1.48976,-29.608,10.196,1227,0.0,8.0,15.1,36,2846,0.0,-14.4,15.0,37,-0.307,0,
C-A-1,3,1.49077,-29.608,10.196,1227,0.0,8.0,15.1,36,2846,0.0,-14.4,15.0,37,-0.307,0,
C-A-1,3,1.49176,-29.608,10.196,1227,0.0,8.0,15.1,36,2846,0.0,-14.4,15.0,37,-0.307,0,
C-A-1,3,1.49276,-29.608,10.196,1227,0.0,8.0,15.1,36,2846,0.0,-14.4,15.0,37,-0.307,0,
C-A-1,3,1.49376,-29.608,10.196,1227,0.0,8.0,15.1,36,2845,-1.01,-16.900000000000002,15.0,37,-0.345,0,
C-A-1,3,1.49477,-29.608,10.196,1227,0.0,8.0,15.1,36,2846,0.0,-14.4,15.0,37,-0.307,0,
C-A-1,3,1.49576,-29.608,10.196,1227,0.0,8.0,15.1,36,2846,0.0,-14.4,15.0,37,-0.307,0,
C-A-1,3,1.49676,-29.608,10.196,1227,0.0,8.0,15.1,36,2845,0.0,-15.200000000000001,15.0,37,-0.345,0,
C-A-1,3,1.49777,-29.5696,10.1999,1228,1.01,10.5,15.1,36,2846,0.0,-14.4,15.0,37,-0.268,0,
C-A-1,3,1.49876,-29.608,10.196,1227,0.0,8.0,15.1,36,2846,0.0,-14.4,15.0,37,-0.307,0,
C-A-1,3,1.49976,-29.608,10.196,1227,0.0,8.0,15.1,36,2846,0.0,-14.4,15.0,37,-0.307,0,
C-A-1,3,1.50076,-29.608,10.196,1227,0.0,8.0,15.1,36,2846,0.0,-14.4,15.0,37,-0.307,0,
C-A-1,3,1.50177,-29.608,10.196,1227,0.0,8.0,15.1,36,2846,0.0,-14.4,15.0,37,-0.307,0,
C-A-1,3,1.50276,-29.5696,10.1999,1228,0.0,8.8,15.1,36,2846,0.0,-14.4,15.0,37,-0.268,0,
C-A-1,3,1.50377,-29.608,10.196,1227,0.0,8.0,15.1,36,2845,0.0,-15.200000000000001,15.0,37,-0.345,0,
C-A-1,3,1.50476,-29.5696,10.1999,1228,0.0,8.0,15.1,36,2845,0.0,-15.200000000000001,15.0,37,-0.307,0,
C-A-1,3,1.50576,-29.608,10.196,1227,0.0,8.0,15.1,36,2846,0.0,-14.4,15.0,37,-0.307,0,
C-A-1,3,1.50677,-29.608,10.196,1227,0.0,8.0,15.1,36,2846,0.0,-14.4,15.0,37,-0.307,0,
C-A-1,3,1.50777,-29.608,10.196,1227,0.0,8.0,15.1,36,2846,0.0,-14.4,15.0,37,-0.307,0,
C-A-1,3,1.50877,-29.608,10.196,1227,0.0,8.0,15.1,36,2846,0.0,-14.4,15.0,37,-0.307,0,
C-A-1,3,1.50977,-29.608,10.196,1227,0.0,8.0,15.1,36,2845,0.0,-15.200000000000001,15.0,37,-0.345,0,
C-A-1,3,1.51076,-29.608,10.196,1227,0.0,8.0,14.9,36,2846,0.0,-14.4,15.0,37,-0.307,0,
C-A-1,3,1.51177,-29.608,10.196,1227,0.0,8.0,14.9,36,2845,0.0,-15.200000000000001,14.8,37,-0.345,0,
C-A-1,3,1.51277,-29.608,10.196,1227,0.0,8.0,14.9,36,2846,0.0,-14.4,14.8,37,-0.307,0,
C-A-1,3,1.51376,-29.608,10.196,1227,0.0,8.0,14.9,36,2846,0.0,-14.4,14.8,37,-0.307,0,
C-A-1,3,1.51477,-29.608,10.196,1227,0.0,8.0,14.9,36,2846,0.0,-14.4,14.8,37,-0.307,0,
C-A-1,3,1.51577,-29.608,10.196,1227,0.0,8.0,14.9,36,2845,0.0,-15.200000000000001,14.8,37,-0.345,0,
C-A-1,3,1.51677,-29.5696,10.1999,1228,0.0,8.8,14.9,36,2846,0.0,-14.4,14.8,37,-0.268,0,
C-A-1,3,1.51777,-29.608,10.196,1227,0.0,8.0,14.9,36,2846,0.0,-14.4,14.8,37,-0.307,0,
C-A-1,3,1.51876,-29.608,10.196,1227,0.0,8.0,14.9,36,2845,0.0,-15.200000000000001,14.8,37,-0.345,0,
C-A-1,3,1.51976,-29.608,10.196,1227,0.0,8.0,14.9,36,2845,0.0,-15.200000000000001,14.8,37,-0.345,0,
C-A-1,3,1.52076,-29.608,10.196,1227,0.0,8.0,14.9,36,2845,0.0,-15.200000000000001,14.8,37,-0.345,0,
C-A-1,3,1.52177,-29.608,10.196,1227,0.0,8.0,14.9,36,2846,0.0,-14.4,14.8,37,-0.307,0,
C-A-1,3,1.52277,-29.608,10.196,1227,0.0,8.0,14.9,36,2846,0.0,-14.4,14.8,37,-0.307,0,
C-A-1,3,1.52377,-29.5696,10.1999,1228,0.0,8.8,14.9,36,2845,0.0,-15.200000000000001,14.8,37,-0.307,0,
C-A-1,3,1.52477,-29.608,10.196,1227,0.0,8.0,14.9,36,2846,0.0,-14.4,14.8,37,-0.307,0,
C-A-1,3,1.52577,-29.608,10.196,1227,0.0,8.0,14.9,36,2845,0.0,-15.200000000000001,14.8,37,-0.345,0,
C-A-1,3,1.52677,-29.608,10.196,1227,0.0,8.0,14.9,36,2846,0.0,-14.4,14.8,37,-0.307,0,
C-A-1,3,1.52777,-29.608,10.196,1227,0.0,8.0,14.9,36,2845,0.0,-15.200000000000001,14.8,37,-0.345,0,
C-A-1,3,1.52876,-29.608,10.196,1227,0.0,8.0,14.9,36,2846,0.0,-14.4,14.8,37,-0.307,0,
C-A-1,3,1.52977,-29.608,10.196,1227,0.0,8.0,14.9,36,2846,0.0,-14.4,14.8,37,-0.307,0,
C-A-1,3,1.53077,-29.608,10.196,1227,0.0,8.0,14.9,36,2846,0.0,-14.4,14.8,37,-0.307,0,
C-A-1,3,1.53177,-29.608,10.196,1227,0.0,8.0,14.9,36,2846,0.0,-14.4,14.8,37,-0.307,0,
C-A-1,3,1.53277,-29.608,10.196,1227,0.0,8.0,14.9,36,2846,0.0,-14.4,14.8,37,-0.307,0,
C-A-1,3,1.53377,-29.608,10.196,1227,0.0,8.0,14.9,36,2845,0.0,-15.200000000000001,14.8,37,-0.345,0,
C-A-1,3,1.53477,-29.608,10.196,1227,0.0,8.0,14.9,36,2846,0.0,-14.4,14.8,37,-0.307,0,
C-A-1,3,1.53577,-29.608,10.196,1227,0.0,8.0,14.9,36,2846,0.0,-14.4,14.8,37,-0.307,0,
C-A-1,3,1.53677,-29.608,10.196,1227,0.0,8.0,14.9,36,2846,0.0,-14.4,14.8,37,-0.307,0,
C-A-1,3,1.53777,-29.608,10.196,1227,0.0,8.0,14.9,36,2846,0.0,-14.4,14.8,37,-0.307,0,
C-A-1,3,1.53877,-29.608,10.196,1227,0.0,8.0,14.9,36,2846,0.0,-14.4,14.8,37,-0.307,0,
C-A-1,3,1.53977,-29.608,10.196,1227,0.0,8.0,14.9,36,2845,0.0,-15.200000000000001,14.8,37,-0.345,0,
C-A-1,3,1.54077,-29.608,10.196,1227,0.0,8.0,14.9,36,2845,0.0,-15.200000000000001,14.8,37,-0.345,0,
C-A-1,3,1.54177,-29.608,10.196,1227,0.0,8.0,14.9,36,2846,0.0,-14.4,14.8,37,-0.307,0,
C-A-1,3,1.54277,-29.608,10.196,1227,0.0,8.0,14.9,36,2846,0.0,-14.4,14.8,37,-0.307,0,
C-A-1,3,1.54377,-29.608,10.196,1227,0.0,8.0,14.9,36,2846,0.0,-14.4,14.8,37,-0.307,0,
C-A-1,3,1.54477,-29.608,10.196,1227,0.0,8.0,14.9,36,2846,0.0,-14.4,14.8,37,-0.307,0,
C-A-1,3,1.54577,-29.608,10.196,1227,0.0,8.0,14.9,36,2846,0.0,-14.4,14.8,37,-0.307,0,
C-A-1,3,1.54677,-29.608,10.196,1227,0.0,8.0,14.9,36,2846,0.0,-14.4,14.8,37,-0.307,0,
C-A-1,3,1.54777,-29.608,10.196,1227,0.0,8.0,14.9,36,2846,0.0,-14.4,14.8,37,-0.307,0,
C-A-1,3,1.54877,-29.608,10.196,1227,0.0,8.0,14.9,36,2846,0.0,-14.4,14.8,37,-0.307,0,
C-A-1,3,1.54977,-29.608,10.196,1227,0.0,8.0,14.9,36,2846,0.0,-14.4,14.8,37,-0.307,0,
C-A-1,3,1.55077,-29.6463,10.1921,1226,0.0,7.2,14.9,36,2846,0.0,-14.4,14.8,37,-0.345,0,
C-A-1,3,1.55177,-29.608,10.196,1227,0.0,8.0,14.9,36,2846,0.0,-14.4,14.8,37,-0.307,0,
C-A-1,3,1.55277,-29.608,10.196,1227,0.0,8.0,14.9,36,2846,0.0,-14.4,14.8,37,-0.307,0,
C-A-1,3,1.55377,-29.608,10.196,1227,0.0,8.0,14.9,36,2846,0.0,-14.4,14.8,37,-0.307,0,
C-A-1,3,1.55477,-29.608,10.196,1227,0.0,8.0,14.9,36,2846,0.0,-14.4,14.8,37,-0.307,0,
C-A-1,3,1.55577,-29.608,10.196,1227,0.0,8.0,14.9,36,2846,0.0,-14.4,14.8,37,-0.307,0,
C-A-1,3,1.55677,-29.608,10.196,1227,0.0,8.0,14.9,36,2846,0.0,-14.4,14.8,37,-0.307,0,
C-A-1,3,1.55777,-29.608,10.196,1227,0.0,8.0,14.9,36,2846,0.0,-14.4,14.8,37,-0.307,0,
C-A-1,3,1.55877,-29.6463,10.1921,1226,0.0,7.2,14.9,36,2846,0.0,-14.4,14.8,37,-0.345,0,
C-A-1,3,1.55977,-29.608,10.196,1227,0.0,8.0,14.9,36,2846,0.0,-14.4,14.8,37,-0.307,0,
C-A-1,3,1.56077,-29.608,10.196,1227,0.0,8.0,14.9,36,2846,0.0,-14.4,14.8,37,-0.307,0,
C-A-1,3,1.56177,-29.6463,10.1921,1226,0.0,7.2,14.9,36,2846,0.0,-14.4,14.8,37,-0.345,0,
C-A-1,3,1.56277,-29.608,10.196,1227,0.0,8.0,14.9,36,2846,0.0,-14.4,14.8,37,-0.307,0,
C-A-1,3,1.56377,-29.608,10.196,1227,0.0,8.0,14.9,36,2846,0.0,-14.4,14.8,37,-0.307,0,
C-A-1,3,1.56477,-29.608,10.196,1227,0.0,8.0,14.9,36,2846,0.0,-14.4,14.8,37,-0.307,0,
C-A-1,3,1.56577,-29.6463,10.1921,1226,0.0,7.2,14.9,36,2846,0.0,-14.4,14.8,37,-0.345,0,
C-A-1,3,1.56675,-29.608,10.196,1227,0.0,8.0,14.9,36,2846,0.0,-14.4,14.8,37,-0.307,0,
C-A-1,3,1.56779,-29.608,10.196,1227,0.0,8.0,14.9,36,2846,0.0,-14.4,14.8,37,-0.307,0,
C-A-1,3,1.56876,-29.6463,10.1921,1226,0.0,7.2,14.9,36,2846,0.0,-14.4,14.8,37,-0.345,0,
C-A-1,3,1.56977,-29.608,10.196,1227,0.0,8.0,14.9,36,2847,1.01,-11.9,14.8,37,-0.268,0,
C-A-1,3,1.57075,-29.6463,10.1921,1226,0.0,7.2,14.9,36,2846,0.0,-14.4,14.8,37,-0.345,0,
C-A-1,3,1.57177,-29.6463,10.1921,1226,0.0,7.2,14.9,36,2846,0.0,-14.4,14.8,37,-0.345,0,
C-A-1,3,1.57275,-29.6463,10.1921,1226,0.0,7.2,14.9,36,2847,0.0,-13.600000000000001,14.8,37,-0.307,0,
C-A-1,3,1.57377,-29.6463,10.1921,1226,0.0,7.2,14.9,36,2846,0.0,-14.4,14.8,37,-0.345,0,
C-A-1,3,1.57477,-29.6463,10.1921,1226,0.0,7.2,14.9,36,2847,0.0,-13.600000000000001,14.8,37,-0.307,0,
C-A-1,3,1.57577,-29.6463,10.1921,1226,0.0,7.2,14.9,36,2846,0.0,-14.4,14.8,37,-0.345,0,
C-A-1,3,1.57675,-29.6463,10.1921,1226,0.0,7.2,14.9,36,2846,0.0,-14.4,14.8,37,-0.345,0,
C-A-1,3,1.57777,-29.6463,10.1921,1226,0.0,7.2,14.9,36,2847,0.0,-13.600000000000001,14.8,37,-0.307,0,
C-A-1,3,1.57877,-29.6463,10.1921,1226,0.0,7.2,14.9,36,2846,0.0,-14.4,14.8,37,-0.345,0,
C-A-1,3,1.57975,-29.6463,10.1921,1226,0.0,7.2,14.9,36,2847,0.0,-13.600000000000001,14.8,37,-0.307,0,
C-A-1,3,1.58077,-29.6463,10.1921,1226,0.0,7.2,14.9,36,2846,0.0,-14.4,14.8,37,-0.345,0,
C-A-1,3,1.58177,-29.6463,10.1921,1226,0.0,7.2,14.9,36,2846,0.0,-14.4,14.8,37,-0.345,0,
C-A-1,3,1.58277,-29.6463,10.1921,1226,0.0,7.2,14.9,36,2847,0.0,-13.600000000000001,14.8,37,-0.307,0,
C-A-1,3,1.58375,-29.6463,10.1921,1226,0.0,7.2,14.9,36,2847,0.0,-13.600000000000001,14.8,37,-0.307,0,
C-A-1,3,1.58477,-29.608,10.196,1227,0.0,8.0,14.9,36,2847,0.0,-13.600000000000001,14.8,37,-0.268,0,
C-A-1,3,1.58575,-29.6463,10.1921,1226,0.0,7.2,14.9,36,2846,0.0,-14.4,14.8,37,-0.345,0,
C-A-1,3,1.58677,-29.6463,10.1921,1226,0.0,7.2,14.9,36,2846,0.0,-14.4,14.8,37,-0.345,0,
C-A-1,3,1.58775,-29.6463,10.1921,1226,0.0,7.2,14.9,36,2847,0.0,-13.600000000000001,14.8,37,-0.307,0,
C-A-1,3,1.58877,-29.6463,10.1921,1226,0.0,7.2,14.9,36,2847,0.0,-13.600000000000001,14.8,37,-0.307,0,
C-A-1,3,1.58975,-29.6463,10.1921,1226,0.0,7.2,14.9,36,2847,0.0,-13.600000000000001,14.8,37,-0.307,0,
C-A-1,3,1.59077,-29.6463,10.1921,1226,0.0,7.2,14.9,36,2847,0.0,-13.600000000000001,14.8,37,-0.307,0,
C-A-1,3,1.59177,-29.6463,10.1921,1226,0.0,7.2,14.9,36,2847,0.0,-13.600000000000001,14.8,37,-0.307,0,
C-A-1,3,1.59275,-29.6463,10.1921,1226,0.0,7.2,14.9,36,2847,0.0,-13.600000000000001,14.8,37,-0.307,0,
C-A-1,3,1.59377,-29.6463,10.1921,1226,0.0,7.2,14.9,36,2847,0.0,-13.600000000000001,14.8,37,-0.307,0,
C-A-1,3,1.59475,-29.6463,10.1921,1226,0.0,7.2,14.9,36,2847,0.0,-13.600000000000001,14.8,37,-0.307,0,
C-A-1,3,1.59577,-29.608,10.196,1227,0.0,8.0,14.9,36,2847,0.0,-13.600000000000001,14.8,37,-0.268,0,
C-A-1,3,1.59675,-29.6463,10.1921,1226,0.0,7.2,14.9,36,2847,0.0,-13.600000000000001,14.8,37,-0.307,0,
C-A-1,3,1.59777,-29.6463,10.1921,1226,0.0,7.2,14.9,36,2847,0.0,-13.600000000000001,14.8,37,-0.307,0,
C-A-1,3,1.59875,-29.6463,10.1921,1226,0.0,7.2,14.9,36,2847,0.0,-13.600000000000001,14.8,37,-0.307,0,
C-A-1,3,1.59977,-29.6463,10.1921,1226,0.0,7.2,14.9,36,2847,0.0,-13.600000000000001,14.8,37,-0.307,0,
C-A-1,3,1.60075,-29.608,10.196,1227,0.0,8.0,14.9,36,2847,0.0,-13.600000000000001,14.8,37,-0.268,0,
C-A-1,3,1.60177,-29.6463,10.1921,1226,0.0,7.2,14.9,36,2847,0.0,-13.600000000000001,14.8,37,-0.307,0,
C-A-1,3,1.60277,-29.6463,10.1921,1226,0.0,7.2,14.9,36,2846,0.0,-14.4,14.8,37,-0.345,0,
C-A-1,3,1.60376,-29.6463,10.1921,1226,0.0,7.2,14.9,36,2846,0.0,-14.4,14.8,37,-0.345,0,
C-A-1,3,1.60477,-29.6463,10.1921,1226,0.0,7.2,14.9,36,2847,0.0,-13.600000000000001,14.8,37,-0.307,0,
C-A-1,3,1.60576,-29.6463,10.1921,1226,0.0,7.2,14.9,36,2847,0.0,-13.600000000000001,14.8,37,-0.307,0,
C-A-1,3,1.60677,-29.6463,10.1921,1226,0.0,7.2,14.9,36,2847,0.0,-13.600000000000001,14.8,37,-0.307,0,
C-A-1,3,1.60778,-29.6463,10.1921,1226,0.0,7.2,14.9,36,2847,0.0,-13.600000000000001,14.8,37,-0.307,0,
C-A-1,3,1.60876,-29.6463,10.1921,1226,0.0,7.2,14.9,36,2846,0.0,-14.4,14.8,37,-0.345,0,
C-A-1,3,1.60977,-29.6463,10.1921,1226,0.0,7.2,14.9,36,2847,0.0,-13.600000000000001,14.8,37,-0.307,0,
C-A-1,3,1.61078,-29.6463,10.1921,1226,0.0,7.2,14.9,36,2847,0.0,-13.600000000000001,14.8,37,-0.307,0,
C-A-1,3,1.61176,-29.6463,10.1921,1226,0.0,7.2,14.9,36,2847,0.0,-13.600000000000001,14.8,37,-0.307,0,
C-A-1,3,1.61277,-29.6463,10.1921,1226,0.0,7.2,14.9,36,2847,0.0,-13.600000000000001,14.8,37,-0.307,0,
C-A-1,3,1.61377,-29.6463,10.1921,1226,0.0,7.2,14.9,36,2847,0.0,-13.600000000000001,14.8,37,-0.307,0,
C-A-1,3,1.61476,-29.6463,10.1921,1226,0.0,7.2,14.9,36,2847,0.0,-13.600000000000001,14.8,37,-0.307,0,
C-A-1,3,1.61577,-29.6463,10.1921,1226,0.0,7.2,14.9,36,2847,0.0,-13.600000000000001,14.8,37,-0.307,0,
C-A-1,3,1.61677,-29.608,10.196,1227,0.0,8.0,14.9,36,2847,0.0,-13.600000000000001,14.8,37,-0.268,0,
C-A-1,3,1.61777,-29.6463,10.1921,1226,0.0,7.2,14.9,36,2847,0.0,-13.600000000000001,14.8,37,-0.307,0,
C-A-1,3,1.61876,-29.6463,10.1921,1226,0.0,7.2,14.9,36,2847,0.0,-13.600000000000001,14.8,37,-0.307,0,
C-A-1,3,1.61977,-29.6463,10.1921,1226,0.0,7.2,14.9,36,2847,0.0,-13.600000000000001,14.8,37,-0.307,0,
C-A-1,3,1.62077,-29.6463,10.1921,1226,0.0,7.2,14.9,36,2846,0.0,-14.4,14.8,37,-0.345,0,
C-A-1,3,1.62176,-29.6463,10.1921,1226,0.0,7.2,14.9,36,2847,0.0,-13.600000000000001,14.8,37,-0.307,0,
C-A-1,3,1.62275,-29.6463,10.1921,1226,0.0,7.2,14.9,36,2846,0.0,-14.4,14.8,37,-0.345,0,
C-A-1,3,1.62377,-29.6463,10.1921,1226,0.0,7.2,14.9,36,2846,0.0,-14.4,14.8,37,-0.345,0,
C-A-1,3,1.62478,-29.608,10.196,1227,0.0,8.0,14.9,36,2847,0.0,-13.600000000000001,14.8,37,-0.268,0,
C-A-1,3,1.62576,-29.6463,10.1921,1226,0.0,7.2,14.9,36,2846,0.0,-14.4,14.8,37,-0.345,0,
C-A-1,3,1.62675,-29.6463,10.1921,1226,0.0,7.2,14.9,36,2847,0.0,-13.600000000000001,14.8,37,-0.307,0,
C-A-1,3,1.62776,-29.6463,10.1921,1226,0.0,7.2,14.4,36,2847,0.0,-13.600000000000001,14.8,37,-0.307,0,
C-A-1,3,1.62875,-29.6463,10.1921,1226,0.0,7.2,14.4,36,2846,0.0,-14.4,14.2,37,-0.345,0,
C-A-1,3,1.62975,-29.6463,10.1921,1226,0.0,7.2,14.4,36,2847,0.0,-13.600000000000001,14.2,37,-0.307,0,
C-A-1,3,1.63076,-29.6463,10.1921,1226,0.0,7.2,14.4,36,2847,0.0,-13.600000000000001,14.2,37,-0.307,0,
C-A-1,3,1.63175,-29.608,10.196,1227,0.0,8.0,14.4,36,2847,0.0,-13.600000000000001,14.2,37,-0.268,0,
C-A-1,3,1.63275,-29.608,10.196,1227,0.0,8.0,14.4,36,2846,0.0,-14.4,14.2,37,-0.307,0,
C-A-1,3,1.63375,-29.6463,10.1921,1226,0.0,7.2,14.4,36,2846,0.0,-14.4,14.2,37,-0.345,0,
C-A-1,3,1.63476,-29.6463,10.1921,1226,0.0,7.2,14.4,36,2846,0.0,-14.4,14.2,37,-0.345,0,
C-A-1,3,1.63576,-29.608,10.196,1227,0.0,8.0,14.4,36,2846,0.0,-14.4,14.2,37,-0.307,0,
C-A-1,3,1.63676,-29.608,10.196,1227,0.0,8.0,14.4,36,2846,0.0,-14.4,14.2,37,-0.307,0,
C-A-1,3,1.63775,-29.608,10.196,1227,0.0,8.0,14.4,36,2846,0.0,-14.4,14.2,37,-0.307,0,
C-A-1,3,1.63875,-29.608,10.196,1227,0.0,8.0,14.4,36,2846,0.0,-14.4,14.2,37,-0.307,0,
C-A-1,3,1.63975,-29.608,10.196,1227,0.0,8.0,14.4,36,2846,0.0,-14.4,14.2,37,-0.307,0,
C-A-1,3,1.64075,-29.608,10.196,1227,0.0,8.0,14.4,36,2846,0.0,-14.4,14.2,37,-0.307,0,
C-A-1,3,1.64175,-29.6463,10.1921,1226,0.0,7.2,14.4,36,2846,0.0,-14.4,14.2,37,-0.345,0,
C-A-1,3,1.64276,-29.6463,10.1921,1226,0.0,7.2,14.4,36,2846,0.0,-14.4,14.2,37,-0.345,0,
C-A-1,3,1.64375,-29.608,10.196,1227,0.0,8.0,14.4,36,2846,0.0,-14.4,14.2,37,-0.307,0,
C-A-1,3,1.64476,-29.6463,10.1921,1226,0.0,7.2,14.4,36,2846,0.0,-14.4,14.2,37,-0.345,0,
C-A-1,3,1.64576,-29.608,10.196,1227,0.0,8.0,14.4,36,2846,0.0,-14.4,14.2,37,-0.307,0,
C-A-1,3,1.64676,-29.608,10.196,1227,0.0,8.0,14.4,36,2846,0.0,-14.4,14.2,37,-0.307,0,
C-A-1,3,1.64776,-29.608,10.196,1227,0.0,8.0,14.4,36,2846,0.0,-14.4,14.2,37,-0.307,0,
C-A-1,3,1.64876,-29.608,10.196,1227,0.0,8.0,14.4,36,2846,0.0,-14.4,14.2,37,-0.307,0,
C-A-1,3,1.64976,-29.608,10.196,1227,0.0,8.0,14.4,36,2846,0.0,-14.4,14.2,37,-0.307,0,
C-A-1,3,1.65076,-29.608,10.196,1227,0.0,8.0,14.4,36,2846,0.0,-14.4,14.2,37,-0.307,0,
C-A-1,3,1.65175,-29.608,10.196,1227,0.0,8.0,14.4,36,2846,0.0,-14.4,14.2,37,-0.307,0,
C-A-1,3,1.65276,-29.608,10.196,1227,0.0,8.0,14.4,36,2846,0.0,-14.4,14.2,37,-0.307,0,
C-A-1,3,1.65376,-29.608,10.196,1227,0.0,8.0,14.4,36,2846,0.0,-14.4,14.2,37,-0.307,0,
C-A-1,3,1.65476,-29.608,10.196,1227,0.0,8.0,14.4,36,2846,0.0,-14.4,14.2,37,-0.307,0,
C-A-1,3,1.65576,-29.608,10.196,1227,0.0,8.0,14.4,36,2846,0.0,-14.4,14.2,37,-0.307,0,
C-A-1,3,1.65676,-29.608,10.196,1227,0.0,8.0,14.4,36,2846,0.0,-14.4,14.2,37,-0.307,0,
C-A-1,3,1.65776,-29.6463,10.1921,1226,0.0,7.2,14.4,36,2846,0.0,-14.4,14.2,37,-0.345,0,
C-A-1,3,1.65876,-29.608,10.196,1227,0.0,8.0,14.4,36,2846,0.0,-14.4,14.2,37,-0.307,0,
C-A-1,3,1.65976,-29.608,10.196,1227,0.0,8.0,14.4,36,2846,0.0,-14.4,14.2,37,-0.307,0,
C-A-1,3,1.66076,-29.608,10.196,1227,0.0,8.0,14.4,36,2846,0.0,-14.4,14.2,37,-0.307,0,
C-A-1,3,1.66176,-29.608,10.196,1227,0.0,8.0,14.4,36,2846,0.0,-14.4,14.2,37,-0.307,0,
C-A-1,3,1.66276,-29.608,10.196,1227,0.0,8.0,14.4,36,2846,0.0,-14.4,14.2,37,-0.307,0,
C-A-1,3,1.66376,-29.608,10.196,1227,0.0,8.0,14.4,36,2846,0.0,-14.4,14.2,37,-0.307,0,
C-A-1,3,1.66476,-29.608,10.196,1227,0.0,8.0,14.4,36,2846,0.0,-14.4,14.2,37,-0.307,0,
C-A-1,3,1.66576,-29.608,10.196,1227,0.0,8.0,14.4,36,2846,0.0,-14.4,14.2,37,-0.307,0,
C-A-1,3,1.66676,-29.608,10.196,1227,0.0,8.0,14.4,36,2846,0.0,-14.4,14.2,37,-0.307,0,
C-A-1,3,1.66776,-29.608,10.196,1227,0.0,8.0,14.4,36,2846,0.0,-14.4,14.2,37,-0.307,0,
C-A-1,3,1.66876,-29.608,10.196,1227,0.0,8.0,14.4,36,2846,0.0,-14.4,14.2,37,-0.307,0,
C-A-1,3,1.66976,-29.608,10.196,1227,0.0,8.0,14.4,36,2846,0.0,-14.4,14.2,37,-0.307,0,
C-A-1,3,1.67076,-29.608,10.196,1227,0.0,8.0,14.4,36,2846,0.0,-14.4,14.2,37,-0.307,0,
C-A-1,3,1.67176,-29.608,10.196,1227,0.0,8.0,14.4,36,2846,0.0,-14.4,14.2,37,-0.307,0,
C-A-1,3,1.67276,-29.608,10.196,1227,0.0,8.0,14.4,36,2846,0.0,-14.4,14.2,37,-0.307,0,
C-A-1,3,1.67376,-29.608,10.196,1227,0.0,8.0,14.4,36,2846,0.0,-14.4,14.2,37,-0.307,0,
C-A-1,3,1.67476,-29.608,10.196,1227,0.0,8.0,14.4,36,2846,0.0,-14.4,14.2,37,-0.307,0,
C-A-1,3,1.67576,-29.608,10.196,1227,0.0,8.0,14.4,36,2846,0.0,-14.4,14.2,37,-0.307,0,
C-A-1,3,1.67676,-29.608,10.196,1227,0.0,8.0,14.4,36,2846,0.0,-14.4,14.2,37,-0.307,0,
C-A-1,3,1.67776,-29.608,10.196,1227,0.0,8.0,14.4,36,2846,0.0,-14.4,14.2,37,-0.307,0,
C-A-1,3,1.67876,-29.608,10.196,1227,0.0,8.0,14.4,36,2846,0.0,-14.4,14.2,37,-0.307,0,
C-A-1,3,1.67976,-29.608,10.196,1227,0.0,8.0,14.4,36,2846,0.0,-14.4,14.2,37,-0.307,0,
C-A-1,3,1.68076,-29.608,10.196,1227,0.0,8.0,14.4,36,2846,0.0,-14.4,14.2,37,-0.307,0,
C-A-1,3,1.68176,-29.608,10.196,1227,0.0,8.0,14.4,36,2845,0.0,-15.200000000000001,14.2,37,-0.345,0,
C-A-1,3,1.68276,-29.608,10.196,1227,0.0,8.0,14.4,36,2846,0.0,-14.4,14.2,37,-0.307,0,
C-A-1,3,1.68376,-29.608,10.196,1227,0.0,8.0,14.4,36,2846,0.0,-14.4,14.2,37,-0.307,0,
C-A-1,3,1.68476,-29.608,10.196,1227,0.0,8.0,14.4,36,2846,0.0,-14.4,14.2,37,-0.307,0,
C-A-1,3,1.68576,-29.608,10.196,1227,0.0,8.0,14.4,36,2846,0.0,-14.4,14.2,37,-0.307,0,
C-A-1,3,1.68676,-29.608,10.196,1227,0.0,8.0,14.4,36,2846,0.0,-14.4,14.2,37,-0.307,0,
C-A-1,3,1.68776,-29.608,10.196,1227,0.0,8.0,14.4,36,2846,0.0,-14.4,14.2,37,-0.307,0,
C-A-1,3,1.68876,-29.608,10.196,1227,0.0,8.0,14.4,36,2846,0.0,-14.4,14.2,37,-0.307,0,
C-A-1,3,1.68977,-29.608,10.196,1227,0.0,8.0,14.4,36,2846,0.0,-14.4,14.2,37,-0.307,0,
C-A-1,3,1.69076,-29.608,10.196,1227,0.0,8.0,14.4,36,2846,0.0,-14.4,14.2,37,-0.307,0,
C-A-1,3,1.69176,-29.608,10.196,1227,0.0,8.0,14.4,36,2846,0.0,-14.4,14.2,37,-0.307,0,
C-A-1,3,1.69276,-29.608,10.196,1227,0.0,8.0,14.4,36,2846,0.0,-14.4,14.2,37,-0.307,0,
C-A-1,3,1.69376,-29.608,10.196,1227,0.0,8.0,14.4,36,2846,0.0,-14.4,14.2,37,-0.307,0,
C-A-1,3,1.69476,-29.608,10.196,1227,0.0,8.0,14.4,36,2846,0.0,-14.4,14.2,37,-0.307,0,
C-A-1,3,1.69576,-29.608,10.196,1227,0.0,8.0,14.4,36,2846,0.0,-14.4,14.2,37,-0.307,0,
C-A-1,3,1.69676,-29.608,10.196,1227,0.0,8.0,14.4,36,2846,0.0,-14.4,14.2,37,-0.307,0,
C-A-1,3,1.69776,-29.608,10.196,1227,0.0,8.0,14.4,36,2846,0.0,-14.4,14.2,37,-0.307,0,
C-A-1,3,1.69876,-29.608,10.196,1227,0.0,8.0,14.4,36,2846,0.0,-14.4,14.2,37,-0.307,0,
C-A-1,3,1.69976,-29.608,10.196,1227,0.0,8.0,14.4,36,2846,0.0,-14.4,14.2,37,-0.307,0,
C-A-1,3,1.70076,-29.608,10.196,1227,0.0,8.0,14.4,36,2846,0.0,-14.4,14.2,37,-0.307,0,
C-A-1,3,1.70176,-29.608,10.196,1227,0.0,8.0,14.4,36,2846,0.0,-14.4,14.2,37,-0.307,0,
C-A-1,3,1.70276,-29.608,10.196,1227,0.0,8.0,14.4,36,2846,0.0,-14.4,14.2,37,-0.307,0,
C-A-1,3,1.70376,-29.608,10.196,1227,0.0,8.0,14.4,36,2846,0.0,-14.4,14.2,37,-0.307,0,
C-A-1,3,1.70476,-29.608,10.196,1227,0.0,8.0,14.4,36,2846,0.0,-14.4,14.2,37,-0.307,0,
C-A-1,3,1.70576,-29.608,10.196,1227,0.0,8.0,14.4,36,2846,0.0,-14.4,14.2,37,-0.307,0,
C-A-1,3,1.70676,-29.608,10.196,1227,0.0,8.0,14.4,36,2846,0.0,-14.4,14.2,37,-0.307,0,
C-A-1,3,1.70776,-29.608,10.196,1227,0.0,8.0,14.4,36,2846,0.0,-14.4,14.2,37,-0.307,0,
C-A-1,3,1.70876,-29.608,10.196,1227,0.0,8.0,14.4,36,2845,0.0,-15.200000000000001,14.2,37,-0.345,0,
C-A-1,3,1.70977,-29.608,10.196,1227,0.0,8.0,14.4,36,2846,0.0,-14.4,14.2,37,-0.307,0,
C-A-1,3,1.71076,-29.608,10.196,1227,0.0,8.0,14.4,36,2846,0.0,-14.4,14.2,37,-0.307,0,
C-A-1,3,1.71176,-29.608,10.196,1227,0.0,8.0,14.4,36,2846,0.0,-14.4,14.2,37,-0.307,0,
C-A-1,3,1.71276,-29.608,10.196,1227,0.0,8.0,14.4,36,2846,0.0,-14.4,14.2,37,-0.307,0,
C-A-1,3,1.71376,-29.608,10.196,1227,0.0,8.0,14.4,36,2846,0.0,-14.4,14.2,37,-0.307,0,
C-A-1,3,1.71476,-29.608,10.196,1227,0.0,8.0,14.4,36,2846,0.0,-14.4,14.2,37,-0.307,0,
C-A-1,3,1.71576,-29.608,10.196,1227,0.0,8.0,14.4,36,2846,0.0,-14.4,14.2,37,-0.307,0,
C-A-1,3,1.71677,-29.608,10.196,1227,0.0,8.0,14.4,36,2846,0.0,-14.4,14.2,37,-0.307,0,
C-A-1,3,1.71776,-29.608,10.196,1227,0.0,8.0,14.4,36,2846,0.0,-14.4,14.2,37,-0.307,0,
C-A-1,3,1.71876,-29.608,10.196,1227,0.0,8.0,14.4,36,2846,0.0,-14.4,14.2,37,-0.307,0,
C-A-1,3,1.71976,-29.608,10.196,1227,0.0,8.0,14.4,36,2846,0.0,-14.4,14.2,37,-0.307,0,
C-A-1,3,1.72076,-29.608,10.196,1227,0.0,8.0,14.4,36,2846,0.0,-14.4,14.2,37,-0.307,0,
C-A-1,3,1.72176,-29.608,10.196,1227,0.0,8.0,14.4,36,2846,0.0,-14.4,14.2,37,-0.307,0,
C-A-1,3,1.72276,-29.608,10.196,1227,0.0,8.0,14.4,36,2846,0.0,-14.4,14.2,37,-0.307,0,
C-A-1,3,1.72377,-29.608,10.196,1227,0.0,8.0,14.4,36,2846,0.0,-14.4,14.2,37,-0.307,0,
C-A-1,3,1.72476,-29.6463,10.1921,1226,0.0,7.2,14.4,36,2846,0.0,-14.4,14.2,37,-0.345,0,
C-A-1,3,1.72576,-29.608,10.196,1227,0.0,8.0,14.4,36,2846,0.0,-14.4,14.2,37,-0.307,0,
C-A-1,3,1.72676,-29.608,10.196,1227,0.0,8.0,14.4,36,2846,0.0,-14.4,14.2,37,-0.307,0,
C-A-1,3,1.72776,-29.608,10.196,1227,0.0,8.0,14.4,36,2846,0.0,-14.4,14.2,37,-0.307,0,
C-A-1,3,1.72876,-29.608,10.196,1227,0.0,8.0,14.4,36,2846,0.0,-14.4,14.2,37,-0.307,0,
C-A-1,3,1.72977,-29.608,10.196,1227,0.0,8.0,14.4,36,2846,0.0,-14.4,14.2,37,-0.307,0,
C-A-1,3,1.73076,-29.608,10.196,1227,0.0,8.0,14.4,36,2846,0.0,-14.4,14.2,37,-0.307,0,
C-A-1,3,1.73176,-29.6463,10.1921,1226,0.0,7.2,14.4,36,2846,0.0,-14.4,14.2,37,-0.345,0,
C-A-1,3,1.73277,-29.608,10.196,1227,0.0,8.0,14.4,36,2846,0.0,-14.4,14.2,37,-0.307,0,
C-A-1,3,1.73376,-29.608,10.196,1227,0.0,8.0,14.4,36,2846,0.0,-14.4,14.2,37,-0.307,0,
C-A-1,3,1.73476,-29.608,10.196,1227,0.0,8.0,14.4,36,2846,0.0,-14.4,14.2,37,-0.307,0,
C-A-1,3,1.73577,-29.6463,10.1921,1226,0.0,7.2,14.4,36,2846,0.0,-14.4,14.2,37,-0.345,0,
C-A-1,3,1.73676,-29.608,10.196,1227,0.0,8.0,14.4,36,2846,0.0,-14.4,14.2,37,-0.307,0,
C-A-1,3,1.73776,-29.608,10.196,1227,0.0,8.0,14.4,36,2846,0.0,-14.4,14.2,37,-0.307,0,
C-A-1,3,1.73876,-29.608,10.196,1227,0.0,8.0,14.4,36,2846,0.0,-14.4,14.2,37,-0.307,0,
C-A-1,3,1.73976,-29.608,10.196,1227,0.0,8.0,14.4,36,2846,0.0,-14.4,14.2,37,-0.307,0,
C-A-1,3,1.74076,-29.608,10.196,1227,0.0,8.0,14.4,36,2846,0.0,-14.4,14.2,37,-0.307,0,
C-A-1,3,1.74176,-29.608,10.196,1227,0.0,8.0,14.4,36,2846,0.0,-14.4,14.2,37,-0.307,0,
C-A-1,3,1.74277,-29.6463,10.1921,1226,0.0,7.2,14.4,36,2846,0.0,-14.4,14.2,37,-0.345,0,
C-A-1,3,1.74376,-29.608,10.196,1227,0.0,8.0,14.0,36,2847,0.0,-13.600000000000001,14.2,37,-0.268,0,
C-A-1,3,1.74476,-29.6463,10.1921,1226,0.0,7.2,14.0,36,2847,0.0,-14.4,14.9,37,-0.307,0,
C-A-1,3,1.74576,-29.6463,10.1921,1226,0.0,7.2,14.0,36,2847,0.0,-13.600000000000001,14.9,37,-0.307,0,
C-A-1,3,1.74677,-29.6463,10.1921,1226,0.0,7.2,14.0,36,2847,0.0,-14.4,14.9,37,-0.307,0,
C-A-1,3,1.74776,-29.608,10.196,1227,0.0,8.0,14.0,36,2846,0.0,-14.4,14.9,37,-0.307,0,
C-A-1,3,1.74876,-29.608,10.196,1227,0.0,8.0,14.0,36,2846,0.0,-14.4,14.9,37,-0.307,0,
C-A-1,3,1.74976,-29.608,10.196,1227,0.0,8.0,14.0,36,2846,0.0,-14.4,14.9,37,-0.307,0,
C-A-1,3,1.75076,-29.6463,10.1921,1226,0.0,7.2,14.0,36,2847,0.0,-13.600000000000001,14.9,37,-0.307,0,
C-A-1,3,1.75177,-29.6463,10.1921,1226,0.0,7.2,14.0,36,2846,0.0,-14.4,14.9,37,-0.345,0,
C-A-1,3,1.75276,-29.608,10.196,1227,0.0,8.0,14.0,36,2847,0.0,-13.600000000000001,14.9,37,-0.268,0,
C-A-1,3,1.75376,-29.608,10.196,1227,0.0,8.0,14.0,36,2846,0.0,-14.4,14.9,37,-0.307,0,
C-A-1,3,1.75476,-29.6463,10.1921,1226,0.0,7.2,14.0,36,2846,0.0,-14.4,14.9,37,-0.345,0,
C-A-1,3,1.75576,-29.6463,10.1921,1226,0.0,7.2,14.0,36,2846,0.0,-14.4,14.9,37,-0.345,0,
C-A-1,3,1.75677,-29.6463,10.1921,1226,0.0,7.2,14.0,36,2846,0.0,-14.4,14.9,37,-0.345,0,
C-A-1,3,1.75776,-29.608,10.196,1227,0.0,8.0,14.0,36,2846,0.0,-14.4,14.9,37,-0.307,0,
C-A-1,3,1.75877,-29.608,10.196,1227,0.0,8.0,14.0,36,2846,0.0,-14.4,14.9,37,-0.307,0,
C-A-1,3,1.75977,-29.6463,10.1921,1226,0.0,7.2,14.0,36,2846,0.0,-14.4,14.9,37,-0.345,0,
C-A-1,3,1.76076,-29.608,10.196,1227,0.0,8.0,14.0,36,2846,0.0,-14.4,14.9,37,-0.307,0,
C-A-1,3,1.76176,-29.6463,10.1921,1226,0.0,7.2,14.0,36,2846,0.0,-14.4,14.9,37,-0.345,0,
C-A-1,3,1.76276,-29.608,10.196,1227,0.0,8.0,14.0,36,2846,0.0,-14.4,14.9,37,-0.307,0,
C-A-1,3,1.76376,-29.6463,10.1921,1226,0.0,7.2,14.0,36,2847,0.0,-13.600000000000001,14.9,37,-0.307,0,
C-A-1,3,1.76477,-29.6463,10.1921,1226,0.0,7.2,14.0,36,2846,0.0,-14.4,14.9,37,-0.345,0,
C-A-1,3,1.76576,-29.6463,10.1921,1226,0.0,7.2,14.0,36,2846,0.0,-14.4,14.9,37,-0.345,0,
C-A-1,3,1.76677,-29.6463,10.1921,1226,0.0,7.2,14.0,36,2846,0.0,-14.4,14.9,37,-0.345,0,
C-A-1,3,1.76777,-29.608,10.196,1227,0.0,8.0,14.0,36,2846,0.0,-14.4,14.9,37,-0.307,0,
C-A-1,3,1.76876,-29.608,10.196,1227,0.0,8.0,14.0,36,2846,0.0,-14.4,14.9,37,-0.307,0,
C-A-1,3,1.76977,-29.608,10.196,1227,0.0,7.2,14.0,36,2846,0.0,-14.4,14.9,37,-0.307,0,
C-A-1,3,1.77077,-29.608,10.196,1227,0.0,8.0,14.0,36,2846,0.0,-14.4,14.9,37,-0.307,0,
C-A-1,3,1.77176,-29.608,10.196,1227,0.0,7.2,14.0,36,2846,0.0,-14.4,14.9,37,-0.307,0,
C-A-1,3,1.77277,-29.6463,10.1921,1226,0.0,7.2,14.0,36,2846,0.0,-14.4,14.9,37,-0.345,0,
C-A-1,3,1.77377,-29.6463,10.1921,1226,0.0,7.2,14.0,36,2847,0.0,-13.600000000000001,14.9,37,-0.307,0,
C-A-1,3,1.77477,-29.6463,10.1921,1226,0.0,7.2,14.0,36,2846,0.0,-14.4,14.9,37,-0.345,0,
C-A-1,3,1.77577,-29.608,10.196,1227,0.0,8.0,14.0,36,2847,0.0,-13.600000000000001,14.9,37,-0.268,0,
C-A-1,3,1.77677,-29.608,10.196,1227,0.0,8.0,14.0,36,2846,0.0,-14.4,14.9,37,-0.307,0,
C-A-1,3,1.77777,-29.6463,10.1921,1226,0.0,7.2,14.0,36,2846,0.0,-14.4,14.9,37,-0.345,0,
C-A-1,3,1.77877,-29.6463,10.1921,1226,0.0,7.2,14.0,36,2846,0.0,-14.4,14.9,37,-0.345,0,
C-A-1,3,1.77977,-29.6463,10.1921,1226,0.0,7.2,14.0,36,2846,0.0,-14.4,14.9,37,-0.345,0,
C-A-1,3,1.78077,-29.6463,10.1921,1226,0.0,7.2,14.0,36,2846,0.0,-14.4,14.9,37,-0.345,0,
C-A-1,3,1.78177,-29.6463,10.1921,1226,0.0,7.2,14.0,36,2847,0.0,-13.600000000000001,14.9,37,-0.307,0,
C-A-1,3,1.78277,-29.6463,10.1921,1226,0.0,7.2,14.0,36,2847,0.0,-13.600000000000001,14.9,37,-0.307,0,
C-A-1,3,1.78377,-29.6463,10.1921,1226,0.0,7.2,14.0,36,2847,0.0,-13.600000000000001,14.9,37,-0.307,0,
C-A-1,3,1.78477,-29.6463,10.1921,1226,0.0,7.2,14.0,36,2847,0.0,-13.600000000000001,14.9,37,-0.307,0,
C-A-1,3,1.78577,-29.608,10.196,1227,0.0,8.0,14.0,36,2846,0.0,-14.4,14.9,37,-0.307,0,
C-A-1,3,1.78677,-29.6463,10.1921,1226,0.0,7.2,14.0,36,2846,0.0,-14.4,14.9,37,-0.345,0,
C-A-1,3,1.78777,-29.6463,10.1921,1226,0.0,7.2,14.0,36,2847,0.0,-13.600000000000001,14.9,37,-0.307,0,
C-A-1,3,1.78877,-29.608,10.196,1227,0.0,8.0,14.0,36,2846,0.0,-14.4,14.9,37,-0.307,0,
C-A-1,3,1.78977,-29.6463,10.1921,1226,0.0,7.2,14.0,36,2846,0.0,-14.4,14.9,37,-0.345,0,
C-A-1,3,1.79077,-29.6463,10.1921,1226,0.0,7.2,14.0,36,2846,0.0,-14.4,14.9,37,-0.345,0,
C-A-1,3,1.79177,-29.608,10.196,1227,0.0,8.0,14.0,36,2846,0.0,-14.4,14.9,37,-0.307,0,
C-A-1,3,1.79277,-29.608,10.196,1227,0.0,8.0,14.0,36,2847,0.0,-13.600000000000001,14.9,37,-0.268,0,
C-A-1,3,1.79377,-29.608,10.196,1227,0.0,8.0,14.0,36,2846,0.0,-14.4,14.9,37,-0.307,0,
C-A-1,3,1.79477,-29.6463,10.1921,1226,0.0,7.2,14.0,36,2846,0.0,-14.4,14.9,37,-0.345,0,
C-A-1,3,1.79577,-29.6463,10.1921,1226,0.0,7.2,14.0,36,2846,0.0,-14.4,14.9,37,-0.345,0,
C-A-1,3,1.79677,-29.608,10.196,1227,0.0,8.0,14.0,36,2846,0.0,-14.4,14.9,37,-0.307,0,
C-A-1,3,1.79777,-29.608,10.196,1227,0.0,8.0,14.0,36,2846,0.0,-14.4,14.9,37,-0.307,0,
C-A-1,3,1.79877,-29.6463,10.1921,1226,0.0,7.2,14.0,36,2846,0.0,-14.4,14.9,37,-0.345,0,
C-A-1,3,1.79977,-29.6463,10.1921,1226,0.0,7.2,14.0,36,2847,0.0,-13.600000000000001,14.9,37,-0.307,0,
C-A-1,3,1.80077,-29.608,10.196,1227,0.0,8.0,14.0,36,2846,0.0,-14.4,14.9,37,-0.307,0,
C-A-1,3,1.80177,-29.608,10.196,1227,0.0,8.0,14.0,36,2846,0.0,-14.4,14.9,37,-0.307,0,
C-A-1,3,1.80277,-29.608,10.196,1227,0.0,8.0,14.0,36,2846,0.0,-14.4,14.9,37,-0.307,0,
C-A-1,3,1.80377,-29.608,10.196,1227,0.0,8.0,14.0,36,2846,0.0,-14.4,14.9,37,-0.307,0,
C-A-1,3,1.80477,-29.6463,10.1921,1226,0.0,7.2,14.0,36,2846,0.0,-14.4,14.9,37,-0.345,0,
C-A-1,3,1.80577,-29.608,10.196,1227,0.0,8.0,14.0,36,2846,0.0,-14.4,14.9,37,-0.307,0,
C-A-1,3,1.80677,-29.608,10.196,1227,0.0,8.0,14.0,36,2846,0.0,-14.4,14.9,37,-0.307,0,
C-A-1,3,1.80777,-29.608,10.196,1227,0.0,8.0,14.0,36,2846,0.0,-14.4,14.9,37,-0.307,0,
C-A-1,3,1.80877,-29.608,10.196,1227,0.0,8.0,14.0,36,2846,0.0,-14.4,14.9,37,-0.307,0,
C-A-1,3,1.80977,-29.608,10.196,1227,0.0,8.0,14.0,36,2846,0.0,-14.4,14.9,37,-0.307,0,
C-A-1,3,1.81077,-29.6463,10.1921,1226,0.0,7.2,14.0,36,2846,0.0,-14.4,14.9,37,-0.345,0,
C-A-1,3,1.81177,-29.608,10.196,1227,0.0,8.0,14.0,36,2846,0.0,-14.4,14.9,37,-0.307,0,
C-A-1,3,1.81278,-29.608,10.196,1227,0.0,8.0,14.0,36,2846,0.0,-14.4,14.9,37,-0.307,0,
C-A-1,3,1.81377,-29.608,10.196,1227,0.0,8.0,14.0,36,2846,0.0,-14.4,14.9,37,-0.307,0,
C-A-1,3,1.81477,-29.608,10.196,1227,0.0,8.0,14.0,36,2846,0.0,-14.4,14.9,37,-0.307,0,
C-A-1,3,1.81577,-29.6463,10.1921,1226,0.0,7.2,14.0,36,2846,0.0,-14.4,14.9,37,-0.345,0,
C-A-1,3,1.81677,-29.6463,10.1921,1226,0.0,7.2,14.0,36,2846,0.0,-14.4,14.9,37,-0.345,0,
C-A-1,3,1.81777,-29.608,10.196,1227,0.0,8.0,14.0,36,2846,0.0,-14.4,14.9,37,-0.307,0,
C-A-1,3,1.81877,-29.608,10.196,1227,0.0,8.0,14.0,36,2846,0.0,-14.4,14.9,37,-0.307,0,
C-A-1,3,1.81977,-29.608,10.196,1227,0.0,8.0,14.0,36,2846,0.0,-14.4,14.9,37,-0.307,0,
C-A-1,3,1.82077,-29.608,10.196,1227,0.0,8.0,14.0,36,2846,0.0,-14.4,14.9,37,-0.307,0,
C-A-1,3,1.82177,-29.608,10.196,1227,0.0,8.0,14.0,36,2846,0.0,-14.4,14.9,37,-0.307,0,
C-A-1,3,1.82277,-29.608,10.196,1227,0.0,8.0,14.0,36,2847,0.0,-13.600000000000001,14.9,37,-0.268,0,
C-A-1,3,1.82377,-29.608,10.196,1227,0.0,8.0,14.0,36,2846,0.0,-14.4,14.9,37,-0.307,0,
C-A-1,3,1.82477,-29.6463,10.1921,1226,0.0,7.2,14.0,36,2846,0.0,-14.4,14.9,37,-0.345,0,
C-A-1,3,1.82577,-29.608,10.196,1227,0.0,8.0,14.0,36,2847,0.0,-13.600000000000001,14.9,37,-0.268,0,
C-A-1,3,1.82677,-29.608,10.196,1227,0.0,8.0,14.0,36,2846,0.0,-14.4,14.9,37,-0.307,0,
C-A-1,3,1.82777,-29.608,10.196,1227,0.0,8.0,14.0,36,2846,0.0,-14.4,14.9,37,-0.307,0,
C-A-1,3,1.82877,-29.608,10.196,1227,0.0,8.0,14.0,36,2846,0.0,-14.4,14.9,37,-0.307,0,
C-A-1,3,1.82977,-29.608,10.196,1227,0.0,8.0,14.0,36,2846,0.0,-14.4,14.9,37,-0.307,0,
C-A-1,3,1.83077,-29.608,10.196,1227,0.0,8.0,14.0,36,2846,0.0,-14.4,14.9,37,-0.307,0,
C-A-1,3,1.83177,-29.608,10.196,1227,0.0,8.0,14.0,36,2846,0.0,-14.4,14.9,37,-0.307,0,
C-A-1,3,1.83277,-29.608,10.196,1227,0.0,8.0,14.0,36,2846,0.0,-14.4,14.9,37,-0.307,0,
C-A-1,3,1.83378,-29.608,10.196,1227,0.0,8.0,14.0,36,2846,0.0,-14.4,14.9,37,-0.307,0,
C-A-1,3,1.83477,-29.608,10.196,1227,0.0,8.0,14.0,36,2846,0.0,-14.4,14.9,37,-0.307,0,
C-A-1,3,1.83577,-29.608,10.196,1227,0.0,8.0,14.0,36,2846,0.0,-14.4,14.9,37,-0.307,0,
C-A-1,3,1.83678,-29.608,10.196,1227,0.0,8.0,14.0,36,2846,0.0,-14.4,14.9,37,-0.307,0,
C-A-1,3,1.83777,-29.608,10.196,1227,0.0,8.0,14.0,36,2846,0.0,-14.4,14.9,37,-0.307,0,
C-A-1,3,1.83877,-29.608,10.196,1227,0.0,8.0,14.0,36,2846,0.0,-14.4,14.9,37,-0.307,0,
C-A-1,3,1.83977,-29.608,10.196,1227,0.0,8.0,14.0,36,2846,0.0,-14.4,14.9,37,-0.307,0,
C-A-1,3,1.84077,-29.608,10.196,1227,0.0,8.0,14.0,36,2846,0.0,-14.4,14.9,37,-0.307,0,
C-A-1,3,1.84178,-29.608,10.196,1227,0.0,8.0,14.0,36,2846,0.0,-14.4,14.9,37,-0.307,0,
C-A-1,3,1.84277,-29.608,10.196,1227,0.0,8.0,14.0,36,2846,0.0,-14.4,14.9,37,-0.307,0,
C-A-1,3,1.84377,-29.608,10.196,1227,0.0,8.0,14.0,36,2846,0.0,-14.4,14.9,37,-0.307,0,
C-A-1,3,1.84477,-29.608,10.196,1227,0.0,8.0,14.0,36,2846,0.0,-14.4,14.9,37,-0.307,0,
C-A-1,3,1.84577,-29.608,10.196,1227,0.0,8.0,14.0,36,2846,0.0,-14.4,14.9,37,-0.307,0,
C-A-1,3,1.84677,-29.608,10.196,1227,0.0,8.0,14.0,36,2846,0.0,-14.4,14.9,37,-0.307,0,
C-A-1,3,1.84777,-29.608,10.196,1227,0.0,8.0,14.0,36,2846,0.0,-14.4,14.9,37,-0.307,0,
C-A-1,3,1.84877,-29.608,10.196,1227,0.0,8.0,14.0,36,2846,0.0,-14.4,14.9,37,-0.307,0,
C-A-1,3,1.84977,-29.608,10.196,1227,0.0,8.0,14.0,36,2846,0.0,-14.4,14.9,37,-0.307,0,
C-A-1,3,1.85077,-29.608,10.196,1227,0.0,8.0,14.0,36,2846,0.0,-14.4,14.9,37,-0.307,0,
C-A-1,3,1.85178,-29.608,10.196,1227,0.0,8.0,14.0,36,2846,0.0,-14.4,14.9,37,-0.307,0,
C-A-1,3,1.85277,-29.608,10.196,1227,0.0,8.0,14.0,36,2846,0.0,-14.4,14.9,37,-0.307,0,
C-A-1,3,1.85378,-29.608,10.196,1227,0.0,8.0,14.0,36,2846,0.0,-14.4,14.9,37,-0.307,0,
C-A-1,3,1.85477,-29.608,10.196,1227,0.0,8.0,14.0,36,2846,0.0,-14.4,14.9,37,-0.307,0,
C-A-1,3,1.85577,-29.608,10.196,1227,0.0,8.0,14.0,36,2846,0.0,-14.4,14.9,37,-0.307,0,
C-A-1,3,1.85676,-29.608,10.196,1227,0.0,8.0,14.0,36,2846,0.0,-14.4,14.9,37,-0.307,0,
C-A-1,3,1.85777,-29.6463,10.1921,1226,0.0,7.2,14.0,36,2846,0.0,-14.4,14.9,37,-0.345,0,
C-A-1,3,1.85877,-29.608,10.196,1227,0.0,8.0,14.0,36,2846,0.0,-14.4,14.9,37,-0.307,0,
C-A-1,3,1.85977,-29.608,10.196,1227,0.0,8.0,14.9,36,2846,0.0,-14.4,14.9,37,-0.307,0,
C-A-1,3,1.86076,-29.608,10.196,1227,0.0,8.0,14.9,36,2846,0.0,-14.4,14.9,37,-0.307,0,
C-A-1,3,1.86177,-29.608,10.196,1227,0.0,8.0,14.9,36,2846,0.0,-14.4,14.8,37,-0.307,0,
C-A-1,3,1.86277,-29.608,10.196,1227,0.0,8.0,14.9,36,2846,0.0,-14.4,14.8,37,-0.307,0,
C-A-1,3,1.86377,-29.608,10.196,1227,0.0,8.0,14.9,36,2846,0.0,-14.4,14.8,37,-0.307,0,
C-A-1,3,1.86477,-29.608,10.196,1227,0.0,8.0,14.9,36,2846,0.0,-14.4,14.8,37,-0.307,0,
C-A-1,3,1.86576,-29.608,10.196,1227,0.0,8.0,14.9,36,2846,0.0,-14.4,14.8,37,-0.307,0,
C-A-1,3,1.86678,-29.608,10.196,1227,0.0,8.0,14.9,36,2846,0.0,-14.4,14.8,37,-0.307,0,
C-A-1,3,1.86777,-29.608,10.196,1227,0.0,8.0,14.9,36,2846,0.0,-14.4,14.8,37,-0.307,0,
C-A-1,3,1.86876,-29.608,10.196,1227,0.0,8.0,14.9,36,2846,0.0,-14.4,14.8,37,-0.307,0,
C-A-1,3,1.86978,-29.608,10.196,1227,0.0,8.0,14.9,36,2846,0.0,-14.4,14.8,37,-0.307,0,
C-A-1,3,1.87077,-29.608,10.196,1227,0.0,8.0,14.9,36,2846,0.0,-14.4,14.8,37,-0.307,0,
C-A-1,3,1.87177,-29.608,10.196,1227,0.0,8.0,14.9,36,2846,0.0,-14.4,14.8,37,-0.307,0,
C-A-1,3,1.87277,-29.608,10.196,1227,0.0,8.0,14.9,36,2846,0.0,-14.4,14.8,37,-0.307,0,
C-A-1,3,1.87376,-29.608,10.196,1227,0.0,8.0,14.9,36,2846,0.0,-14.4,14.8,37,-0.307,0,
C-A-1,3,1.87477,-29.608,10.196,1227,0.0,8.0,14.9,36,2846,0.0,-14.4,14.8,37,-0.307,0,
C-A-1,3,1.87577,-29.608,10.196,1227,0.0,8.0,14.9,36,2846,0.0,-14.4,14.8,37,-0.307,0,
C-A-1,3,1.87676,-29.608,10.196,1227,0.0,8.0,14.9,36,2846,0.0,-14.4,14.8,37,-0.307,0,
C-A-1,3,1.87778,-29.608,10.196,1227,0.0,8.0,14.9,36,2846,0.0,-14.4,14.8,37,-0.307,0,
C-A-1,3,1.87877,-29.608,10.196,1227,0.0,8.0,14.9,36,2846,0.0,-14.4,14.8,37,-0.307,0,
C-A-1,3,1.87976,-29.608,10.196,1227,0.0,8.0,14.9,36,2846,0.0,-14.4,14.8,37,-0.307,0,
C-A-1,3,1.88078,-29.608,10.196,1227,0.0,8.0,14.9,36,2846,0.0,-14.4,14.8,37,-0.307,0,
C-A-1,3,1.88177,-29.608,10.196,1227,0.0,8.0,14.9,36,2846,0.0,-14.4,14.8,37,-0.307,0,
C-A-1,3,1.88276,-29.608,10.196,1227,0.0,8.0,14.9,36,2846,0.0,-14.4,14.8,37,-0.307,0,
C-A-1,3,1.88378,-29.608,10.196,1227,0.0,8.0,14.9,36,2846,0.0,-14.4,14.8,37,-0.307,0,
C-A-1,3,1.88478,-29.608,10.196,1227,0.0,8.0,14.9,36,2846,0.0,-14.4,14.8,37,-0.307,0,
C-A-1,3,1.88576,-29.608,10.196,1227,0.0,8.0,14.9,36,2846,0.0,-14.4,14.8,37,-0.307,0,
C-A-1,3,1.88678,-29.608,10.196,1227,0.0,8.0,14.9,36,2846,0.0,-14.4,14.8,37,-0.307,0,
C-A-1,3,1.88777,-29.608,10.196,1227,0.0,8.0,14.9,36,2846,0.0,-14.4,14.8,37,-0.307,0,
C-A-1,3,1.88876,-29.608,10.196,1227,0.0,8.0,14.9,36,2846,0.0,-14.4,14.8,37,-0.307,0,
C-A-1,3,1.88978,-29.608,10.196,1227,0.0,8.0,14.9,36,2846,0.0,-14.4,14.8,37,-0.307,0,
C-A-1,3,1.89077,-29.608,10.196,1227,0.0,8.0,14.9,36,2846,0.0,-14.4,14.8,37,-0.307,0,
C-A-1,3,1.89176,-29.608,10.196,1227,0.0,8.0,14.9,36,2846,0.0,-14.4,14.8,37,-0.307,0,
C-A-1,3,1.89278,-29.608,10.196,1227,0.0,8.0,14.9,36,2846,0.0,-14.4,14.8,37,-0.307,0,
C-A-1,3,1.89378,-29.608,10.196,1227,0.0,8.0,14.9,36,2846,0.0,-14.4,14.8,37,-0.307,0,
C-A-1,3,1.89476,-29.608,10.196,1227,0.0,8.0,14.9,36,2846,0.0,-14.4,14.8,37,-0.307,0,
C-A-1,3,1.89576,-29.608,10.196,1227,0.0,8.0,14.9,36,2846,0.0,-14.4,14.8,37,-0.307,0,
C-A-1,3,1.89678,-29.608,10.196,1227,0.0,8.0,14.9,36,2846,0.0,-14.4,14.8,37,-0.307,0,
C-A-1,3,1.89778,-29.608,10.196,1227,0.0,8.0,14.9,36,2846,0.0,-14.4,14.8,37,-0.307,0,
C-A-1,3,1.89878,-29.608,10.196,1227,0.0,8.0,14.9,36,2846,0.0,-14.4,14.8,37,-0.307,0,
C-A-1,3,1.89978,-29.608,10.196,1227,0.0,8.0,14.9,36,2846,0.0,-14.4,14.8,37,-0.307,0,
C-A-1,3,1.90076,-29.608,10.196,1227,0.0,8.0,14.9,36,2846,0.0,-14.4,14.8,37,-0.307,0,
C-A-1,3,1.90176,-29.608,10.196,1227,0.0,8.0,14.9,36,2846,0.0,-14.4,14.8,37,-0.307,0,
C-A-1,3,1.90278,-29.6463,10.1921,1226,0.0,7.2,14.9,36,2846,0.0,-14.4,14.8,37,-0.345,0,
C-A-1,3,1.90378,-29.608,10.196,1227,0.0,8.0,14.9,36,2846,0.0,-14.4,14.8,37,-0.307,0,
C-A-1,3,1.90476,-29.608,10.196,1227,0.0,8.0,14.9,36,2846,0.0,-14.4,14.8,37,-0.307,0,
C-A-1,3,1.90576,-29.608,10.196,1227,0.0,8.0,14.9,36,2846,0.0,-14.4,14.8,37,-0.307,0,
C-A-1,3,1.90678,-29.608,10.196,1227,0.0,8.0,14.9,36,2846,0.0,-14.4,14.8,37,-0.307,0,
C-A-1,3,1.90778,-29.608,10.196,1227,0.0,8.0,14.9,36,2846,0.0,-14.4,14.8,37,-0.307,0,
C-A-1,3,1.90878,-29.6463,10.1921,1226,0.0,7.2,14.9,36,2846,0.0,-14.4,14.8,37,-0.345,0,
C-A-1,3,1.90976,-29.608,10.196,1227,0.0,8.0,14.9,36,2846,0.0,-14.4,14.8,37,-0.307,0,
C-A-1,3,1.91076,-29.608,10.196,1227,0.0,8.0,14.9,36,2847,0.0,-13.600000000000001,14.8,37,-0.268,0,
C-A-1,3,1.91178,-29.608,10.196,1227,0.0,8.0,14.9,36,2846,0.0,-14.4,14.8,37,-0.307,0,
C-A-1,3,1.91276,-29.608,10.196,1227,0.0,8.0,14.9,36,2846,0.0,-14.4,14.8,37,-0.307,0,
C-A-1,3,1.91376,-29.608,10.196,1227,0.0,8.0,14.9,36,2846,0.0,-14.4,14.8,37,-0.307,0,
C-A-1,3,1.91476,-29.608,10.196,1227,0.0,8.0,14.9,36,2846,0.0,-14.4,14.8,37,-0.307,0,
C-A-1,3,1.91576,-29.608,10.196,1227,0.0,8.0,14.9,36,2846,0.0,-14.4,14.8,37,-0.307,0,
C-A-1,3,1.91678,-29.6463,10.1921,1226,0.0,7.2,14.9,36,2846,0.0,-14.4,14.8,37,-0.345,0,
C-A-1,3,1.91776,-29.608,10.196,1227,0.0,8.0,14.9,36,2846,0.0,-14.4,14.8,37,-0.307,0,
C-A-1,3,1.91876,-29.608,10.196,1227,0.0,8.0,14.9,36,2846,0.0,-14.4,14.8,37,-0.307,0,
C-A-1,3,1.91976,-29.608,10.196,1227,0.0,8.0,14.9,36,2846,0.0,-14.4,14.8,37,-0.307,0,
C-A-1,3,1.92076,-29.608,10.196,1227,0.0,8.0,14.9,36,2846,0.0,-14.4,14.8,37,-0.307,0,
C-A-1,3,1.92176,-29.608,10.196,1227,0.0,8.0,14.9,36,2846,0.0,-14.4,14.8,37,-0.307,0,
C-A-1,3,1.92278,-29.608,10.196,1227,0.0,8.0,14.9,36,2846,0.0,-14.4,14.8,37,-0.307,0,
C-A-1,3,1.92378,-29.608,10.196,1227,0.0,8.0,14.9,36,2846,0.0,-14.4,14.8,37,-0.307,0,
C-A-1,3,1.92478,-29.6463,10.1921,1226,0.0,7.2,14.9,36,2846,0.0,-14.4,14.8,37,-0.345,0,
C-A-1,3,1.92576,-29.608,10.196,1227,0.0,8.0,14.9,36,2846,0.0,-14.4,14.8,37,-0.307,0,
C-A-1,3,1.92676,-29.6463,10.1921,1226,0.0,7.2,14.9,36,2846,0.0,-14.4,14.8,37,-0.345,0,
C-A-1,3,1.92778,-29.6463,10.1921,1226,0.0,7.2,14.9,36,2846,0.0,-14.4,14.8,37,-0.345,0,
C-A-1,3,1.92878,-29.608,10.196,1227,0.0,8.0,14.9,36,2846,0.0,-14.4,14.8,37,-0.307,0,
C-A-1,3,1.92978,-29.608,10.196,1227,0.0,8.0,14.9,36,2846,0.0,-14.4,14.8,37,-0.307,0,
C-A-1,3,1.93076,-29.608,10.196,1227,0.0,8.0,14.9,36,2846,0.0,-14.4,14.8,37,-0.307,0,
C-A-1,3,1.93176,-29.6463,10.1921,1226,0.0,7.2,14.9,36,2846,0.0,-14.4,14.8,37,-0.345,0,
C-A-1,3,1.93276,-29.608,10.196,1227,0.0,8.0,14.9,36,2847,0.0,-13.600000000000001,14.8,37,-0.268,0,
C-A-1,3,1.93376,-29.6463,10.1921,1226,0.0,7.2,14.9,36,2846,0.0,-14.4,14.8,37,-0.345,0,
C-A-1,3,1.93476,-29.6463,10.1921,1226,0.0,7.2,14.9,36,2846,0.0,-14.4,14.8,37,-0.345,0,
C-A-1,3,1.93576,-29.6463,10.1921,1226,0.0,7.2,14.9,36,2846,0.0,-14.4,14.8,37,-0.345,0,
C-A-1,3,1.93678,-29.608,10.196,1227,0.0,8.0,14.9,36,2846,0.0,-14.4,14.8,37,-0.307,0,
C-A-1,3,1.93776,-29.608,10.196,1227,0.0,8.0,14.9,36,2846,0.0,-14.4,14.8,37,-0.307,0,
C-A-1,3,1.93876,-29.608,10.196,1227,0.0,8.0,14.9,36,2846,0.0,-14.4,14.8,37,-0.307,0,
C-A-1,3,1.93976,-29.6463,10.1921,1226,0.0,7.2,14.9,36,2846,0.0,-14.4,14.8,37,-0.345,0,
C-A-1,3,1.94077,-29.608,10.196,1227,0.0,8.0,14.9,36,2846,0.0,-14.4,14.8,37,-0.307,0,
C-A-1,3,1.94176,-29.608,10.196,1227,0.0,8.0,14.9,36,2846,0.0,-14.4,14.8,37,-0.307,0,
C-A-1,3,1.94276,-29.6463,10.1921,1226,0.0,7.2,14.9,36,2846,0.0,-14.4,14.8,37,-0.345,0,
C-A-1,3,1.94378,-29.608,10.196,1227,0.0,8.0,14.9,36,2846,0.0,-14.4,14.8,37,-0.307,0,
C-A-1,3,1.94476,-29.608,10.196,1227,0.0,8.0,14.9,36,2846,0.0,-14.4,14.8,37,-0.307,0,
C-A-1,3,1.94576,-29.6463,10.1921,1226,0.0,7.2,14.9,36,2846,0.0,-14.4,14.8,37,-0.345,0,
C-A-1,3,1.94676,-29.608,10.196,1227,0.0,8.0,14.9,36,2847,0.0,-13.600000000000001,14.8,37,-0.268,0,
C-A-1,3,1.94776,-29.6463,10.1921,1226,0.0,7.2,14.9,36,2846,0.0,-14.4,14.8,37,-0.345,0,
C-A-1,3,1.94876,-29.608,10.196,1227,0.0,8.0,14.9,36,2846,0.0,-14.4,14.8,37,-0.307,0,
C-A-1,3,1.94976,-29.6463,10.1921,1226,0.0,7.2,14.9,36,2846,0.0,-14.4,14.8,37,-0.345,0,
C-A-1,3,1.95078,-29.608,10.196,1227,0.0,8.0,14.9,36,2847,0.0,-13.600000000000001,14.8,37,-0.268,0,
C-A-1,3,1.95176,-29.608,10.196,1227,0.0,8.0,14.9,36,2846,0.0,-14.4,14.8,37,-0.307,0,
C-A-1,3,1.95276,-29.6463,10.1921,1226,0.0,7.2,14.9,36,2846,0.0,-14.4,14.8,37,-0.345,0,
C-A-1,3,1.95378,-29.608,10.196,1227,0.0,8.0,14.9,36,2847,0.0,-13.600000000000001,14.8,37,-0.268,0,
C-A-1,3,1.95477,-29.608,10.196,1227,0.0,8.0,14.9,36,2846,0.0,-14.4,14.8,37,-0.307,0,
C-A-1,3,1.95576,-29.6463,10.1921,1226,0.0,7.2,14.9,36,2846,0.0,-14.4,14.8,37,-0.345,0,
C-A-1,3,1.95676,-29.6463,10.1921,1226,0.0,7.2,14.9,36,2846,0.0,-14.4,14.8,37,-0.345,0,
C-A-1,3,1.95776,-29.6463,10.1921,1226,0.0,7.2,14.9,36,2847,0.0,-13.600000000000001,14.8,37,-0.307,0,
C-A-1,3,1.95876,-29.608,10.196,1227,0.0,8.0,14.9,36,2846,0.0,-14.4,14.8,37,-0.307,0,
C-A-1,3,1.95976,-29.6463,10.1921,1226,0.0,7.2,14.9,36,2846,0.0,-14.4,14.8,37,-0.345,0,
C-A-1,3,1.96076,-29.608,10.196,1227,0.0,8.0,14.9,36,2846,0.0,-14.4,14.8,37,-0.307,0,
C-A-1,3,1.96176,-29.6463,10.1921,1226,0.0,7.2,14.9,36,2846,0.0,-14.4,14.8,37,-0.345,0,
C-A-1,3,1.96278,-29.6463,10.1921,1226,0.0,7.2,14.9,36,2847,0.0,-13.600000000000001,14.8,37,-0.307,0,
C-A-1,3,1.96378,-29.6463,10.1921,1226,0.0,7.2,14.9,36,2846,0.0,-14.4,14.8,37,-0.345,0,
C-A-1,3,1.96476,-29.6463,10.1921,1226,0.0,7.2,14.9,36,2846,0.0,-14.4,14.8,37,-0.345,0,
C-A-1,3,1.96576,-29.6463,10.1921,1226,0.0,7.2,14.9,36,2846,0.0,-14.4,14.8,37,-0.345,0,
C-A-1,3,1.96678,-29.6463,10.1921,1226,0.0,7.2,14.9,36,2846,0.0,-14.4,14.8,37,-0.345,0,
C-A-1,3,1.96776,-29.608,10.196,1227,0.0,8.0,14.9,36,2846,0.0,-14.4,14.8,37,-0.307,0,
C-A-1,3,1.96876,-29.6463,10.1921,1226,0.0,7.2,14.9,36,2846,0.0,-14.4,14.8,37,-0.345,0,
C-A-1,3,1.96976,-29.608,10.196,1227,0.0,8.0,14.9,36,2846,0.0,-14.4,14.8,37,-0.307,0,
C-A-1,3,1.97078,-29.608,10.196,1227,0.0,8.0,14.9,36,2846,0.0,-14.4,14.8,37,-0.307,0,
C-A-1,3,1.97178,-29.608,10.196,1227,0.0,8.0,14.9,36,2846,0.0,-14.4,14.8,37,-0.307,0,
C-A-1,3,1.97276,-29.6463,10.1921,1226,0.0,7.2,14.9,36,2846,0.0,-14.4,14.8,37,-0.345,0,
C-A-1,3,1.97376,-29.6463,10.1921,1226,0.0,7.2,14.9,36,2847,0.0,-13.600000000000001,14.8,37,-0.307,0,
C-A-1,3,1.97478,-29.6463,10.1921,1226,0.0,7.2,14.9,36,2846,0.0,-14.4,14.8,37,-0.345,0,
C-A-1,3,1.97576,-29.6463,10.1921,1226,0.0,7.2,14.9,36,2846,0.0,-14.4,14.8,37,-0.345,0,
C-A-1,3,1.97676,-29.6463,10.1921,1226,0.0,7.2,14.9,36,2846,0.0,-14.4,14.8,37,-0.345,0,
C-A-1,3,1.97778,-29.608,10.196,1227,0.0,8.0,14.9,36,2846,0.0,-14.4,14.8,37,-0.307,0,
C-A-1,3,1.97876,-29.6463,10.1921,1226,0.0,7.2,14.9,36,2846,0.0,-14.4,14.8,37,-0.345,0,
C-A-1,3,1.97976,-29.608,10.196,1227,0.0,8.0,14.9,36,2846,0.0,-14.4,14.8,37,-0.307,0,
C-A-1,3,1.98078,-29.6463,10.1921,1226,0.0,7.2,14.9,36,2846,0.0,-14.4,14.8,37,-0.345,0,
C-A-1,3,1.98177,-29.6463,10.1921,1226,0.0,7.2,14.9,36,2846,0.0,-14.4,14.8,37,-0.345,0,
C-A-1,3,1.98276,-29.608,10.196,1227,0.0,8.0,14.9,36,2846,0.0,-14.4,14.8,37,-0.307,0,
C-A-1,3,1.98376,-29.608,10.196,1227,0.0,8.0,14.9,36,2846,0.0,-14.4,14.8,37,-0.307,0,
C-A-1,3,1.98478,-29.608,10.196,1227,0.0,8.0,14.9,36,2846,0.0,-14.4,14.8,37,-0.307,0,
C-A-1,3,1.98578,-29.608,10.196,1227,0.0,8.0,14.9,36,2846,0.0,-14.4,14.8,37,-0.307,0,
C-A-1,3,1.98678,-29.608,10.196,1227,0.0,8.0,14.9,36,2846,0.0,-14.4,14.8,37,-0.307,0,
C-A-1,3,1.98778,-29.6463,10.1921,1226,0.0,7.2,14.9,36,2846,0.0,-14.4,14.8,37,-0.345,0,
C-A-1,3,1.98877,-29.608,10.196,1227,0.0,8.0,14.9,36,2846,0.0,-14.4,14.8,37,-0.307,0,
C-A-1,3,1.98976,-29.6463,10.1921,1226,0.0,7.2,14.9,36,2846,0.0,-14.4,14.8,37,-0.345,0,
C-A-1,3,1.99076,-29.608,10.196,1227,0.0,8.0,14.9,36,2846,0.0,-14.4,14.8,37,-0.307,0,
C-A-1,3,1.99177,-29.608,10.196,1227,0.0,8.0,14.9,36,2846,0.0,-14.4,14.8,37,-0.307,0,
C-A-1,3,1.99276,-29.608,10.196,1227,0.0,8.0,14.9,36,2846,0.0,-14.4,14.8,37,-0.307,0,
C-A-1,3,1.99378,-29.608,10.196,1227,0.0,8.0,14.9,36,2846,0.0,-14.4,14.8,37,-0.307,0,
C-A-1,3,1.99478,-29.6463,10.1921,1226,0.0,7.2,14.9,36,2846,0.0,-14.4,14.8,37,-0.345,0,
C-A-1,3,1.99577,-29.6463,10.1921,1226,0.0,8.0,14.9,36,2846,0.0,-14.4,14.8,37,-0.345,0,
C-A-1,3,1.99676,-29.608,10.196,1227,0.0,8.0,14.9,36,2846,0.0,-14.4,14.8,37,-0.307,0,
C-A-1,3,1.99778,-29.6463,10.1921,1226,0.0,7.2,14.9,36,2846,0.0,-14.4,14.8,37,-0.345,0,
C-A-1,3,1.99877,-29.608,10.196,1227,0.0,8.0,14.9,36,2846,0.0,-14.4,14.8,37,-0.307,0,
C-A-1,3,1.99976,-29.608,10.196,1227,0.0,8.0,14.9,36,2846,0.0,-14.4,14.8,37,-0.307,0,
C-A-1,3,2.00078,-29.608,10.196,1227,0.0,8.0,14.9,36,2846,0.0,-14.4,14.8,37,-0.307,0,
