run_id,t_s,wall_time,phase,load_target_Nm,payload_kg,speed_target_rad_s,t_acc_s,t_const_s,dir,q_deg,q_dot_rad_s,tau_grav_Nm,pos1,spd1_rpm,load1_pct,volt1,temp1_C,pos2,spd2_rpm,load2_pct,volt2,temp2_C,q2_deg,dq12_deg,comm_fail,note
B-B-low-1,0.00186,1790320836.0352,accel,17.5904,5.5896,0.374,0.2,2.6,-1,30.337,0.0,15.182,2790,0.0,8.0,15.1,28,1285,0.0,-12.0,14.8,28,30.567,-0.23,0,
B-B-low-1,0.00298,1790320836.0363,accel,17.5904,5.5896,0.374,0.2,2.6,-1,30.337,0.0,15.182,2790,0.0,8.0,15.1,28,1285,0.0,-12.0,14.8,28,30.567,-0.23,0,
B-B-low-1,0.00477,1790320836.0381,accel,17.5904,5.5896,0.374,0.2,2.6,-1,30.337,0.0,15.182,2790,0.0,8.0,15.1,28,1285,0.0,-12.0,14.8,28,30.567,-0.23,0,
B-B-low-1,0.00677,1790320836.0401,accel,17.5904,5.5896,0.374,0.2,2.6,-1,30.337,0.0,15.182,2790,0.0,8.0,15.2,28,1285,0.0,-12.0,14.8,28,30.567,-0.23,0,
B-B-low-1,0.00877,1790320836.0421,accel,17.5904,5.5896,0.374,0.2,2.6,-1,30.337,0.0,15.182,2790,0.0,8.0,15.2,28,1285,0.0,-12.0,14.8,28,30.567,-0.23,0,
B-B-low-1,0.01076,1790320836.0441,accel,17.5904,5.5896,0.374,0.2,2.6,-1,30.337,0.0,15.182,2790,0.0,8.8,15.2,28,1285,0.0,-12.0,14.8,28,30.567,-0.23,0,
B-B-low-1,0.01277,1790320836.0461,accel,17.5904,5.5896,0.374,0.2,2.6,-1,30.337,0.0,15.182,2790,0.0,8.8,15.2,28,1285,0.0,-12.8,14.8,28,30.567,-0.23,0,
B-B-low-1,0.01476,1790320836.0481,accel,17.5904,5.5896,0.374,0.2,2.6,-1,30.337,0.0,15.182,2790,0.0,8.8,15.2,28,1285,0.0,-12.8,14.8,28,30.567,-0.23,0,
B-B-low-1,0.01677,1790320836.0501,accel,17.5904,5.5896,0.374,0.2,2.6,-1,30.337,0.0,15.182,2790,0.0,8.8,15.2,28,1285,0.0,-12.8,14.8,28,30.567,-0.23,0,
B-B-low-1,0.01877,1790320836.0521,accel,17.5904,5.5896,0.374,0.2,2.6,-1,30.337,0.0,15.182,2790,0.0,9.600000000000001,15.2,28,1285,0.0,-12.8,14.8,28,30.567,-0.23,0,
B-B-low-1,0.02076,1790320836.0541,accel,17.5904,5.5896,0.374,0.2,2.6,-1,30.337,0.0,15.182,2790,0.0,9.600000000000001,15.2,28,1285,0.0,-13.600000000000001,14.8,28,30.567,-0.23,0,
B-B-low-1,0.02276,1790320836.0561,accel,17.5904,5.5896,0.374,0.2,2.6,-1,30.337,0.0,15.182,2790,0.0,9.600000000000001,15.2,28,1285,0.0,-13.600000000000001,14.8,28,30.567,-0.23,0,
B-B-low-1,0.02477,1790320836.0581,accel,17.5904,5.5896,0.374,0.2,2.6,-1,30.337,0.0,15.182,2790,0.0,10.4,15.2,28,1285,0.0,-14.4,14.8,28,30.567,-0.23,0,
B-B-low-1,0.02676,1790320836.0601,accel,17.5904,5.5896,0.374,0.2,2.6,-1,30.337,0.0,15.182,2790,0.0,10.4,15.2,28,1285,0.0,-14.4,14.8,28,30.567,-0.23,0,
B-B-low-1,0.02877,1790320836.0621,accel,17.5904,5.5896,0.374,0.2,2.6,-1,30.337,0.0,15.182,2790,0.0,11.200000000000001,15.2,28,1285,0.0,-14.4,14.8,28,30.567,-0.23,0,
B-B-low-1,0.03076,1790320836.0641,accel,17.5904,5.5896,0.374,0.2,2.6,-1,30.337,0.0,15.182,2790,0.0,11.200000000000001,15.2,28,1285,0.0,-15.200000000000001,14.8,28,30.567,-0.23,0,
B-B-low-1,0.03276,1790320836.0661,accel,17.5904,5.5896,0.374,0.2,2.6,-1,30.337,0.0,15.182,2790,0.0,12.0,15.2,28,1285,0.0,-16.0,14.8,28,30.567,-0.23,0,
B-B-low-1,0.03477,1790320836.0681,accel,17.5904,5.5896,0.374,0.2,2.6,-1,30.337,0.0,15.182,2790,0.0,12.0,15.2,28,1285,0.0,-16.0,14.8,28,30.567,-0.23,0,
B-B-low-1,0.03676,1790320836.0701,accel,17.5904,5.5896,0.374,0.2,2.6,-1,30.337,0.0,15.182,2790,0.0,12.8,15.2,28,1285,0.0,-16.8,14.8,28,30.567,-0.23,0,
B-B-low-1,0.03877,1790320836.0721,accel,17.5904,5.5896,0.374,0.2,2.6,-1,30.337,0.0,15.182,2790,0.0,13.600000000000001,15.2,28,1285,0.0,-17.6,14.8,28,30.567,-0.23,0,
B-B-low-1,0.04077,1790320836.0741,accel,17.5904,5.5896,0.374,0.2,2.6,-1,30.337,0.0,15.182,2790,0.0,13.600000000000001,15.2,28,1285,0.0,-17.6,14.8,28,30.567,-0.23,0,
B-B-low-1,0.04277,1790320836.0761,accel,17.5904,5.5896,0.374,0.2,2.6,-1,30.337,0.0,15.182,2790,0.0,14.4,15.2,28,1285,0.0,-18.400000000000002,14.8,28,30.567,-0.23,0,
B-B-low-1,0.04476,1790320836.0781,accel,17.5904,5.5896,0.374,0.2,2.6,-1,30.337,0.0,15.182,2790,0.0,15.200000000000001,15.2,28,1285,0.0,-18.400000000000002,14.8,28,30.567,-0.23,0,
B-B-low-1,0.04677,1790320836.0801,accel,17.5904,5.5896,0.374,0.2,2.6,-1,30.337,0.0,15.182,2790,0.0,16.0,15.2,28,1285,0.0,-19.200000000000003,14.8,28,30.567,-0.23,0,
B-B-low-1,0.04877,1790320836.0821,accel,17.5904,5.5896,0.374,0.2,2.6,-1,30.337,0.0,15.182,2790,0.0,16.0,15.2,28,1285,0.0,-20.0,14.8,28,30.567,-0.23,0,
B-B-low-1,0.05076,1790320836.0841,accel,17.5904,5.5896,0.374,0.2,2.6,-1,30.337,0.0,15.182,2790,0.0,16.8,15.2,28,1285,0.0,-20.8,14.8,28,30.567,-0.23,0,
B-B-low-1,0.05276,1790320836.0861,accel,17.5904,5.5896,0.374,0.2,2.6,-1,30.337,0.0,15.182,2790,0.0,17.6,15.2,28,1285,0.0,-21.6,14.8,28,30.567,-0.23,0,
B-B-low-1,0.05477,1790320836.0881,accel,17.5904,5.5896,0.374,0.2,2.6,-1,30.337,0.0,15.182,2790,0.0,18.400000000000002,15.2,28,1285,0.0,-22.400000000000002,14.8,28,30.567,-0.23,0,
B-B-low-1,0.05676,1790320836.0901,accel,17.5904,5.5896,0.374,0.2,2.6,-1,30.337,0.0,15.182,2790,0.0,19.200000000000003,15.2,28,1285,0.0,-23.200000000000003,14.8,28,30.567,-0.23,0,
B-B-low-1,0.05877,1790320836.0921,accel,17.5904,5.5896,0.374,0.2,2.6,-1,30.337,0.0,15.182,2790,0.0,20.0,15.2,28,1285,0.0,-23.200000000000003,14.8,28,30.567,-0.23,0,
B-B-low-1,0.06077,1790320836.0941,accel,17.5904,5.5896,0.374,0.2,2.6,-1,30.337,0.0,15.182,2790,0.0,20.8,15.2,28,1285,0.0,-24.0,14.8,28,30.567,-0.23,0,
B-B-low-1,0.06276,1790320836.0961,accel,17.5904,5.5896,0.374,0.2,2.6,-1,30.337,0.0,15.182,2790,0.0,21.6,15.2,28,1285,0.0,-25.6,14.8,28,30.567,-0.23,0,
B-B-low-1,0.06476,1790320836.0981,accel,17.5904,5.5896,0.374,0.2,2.6,-1,30.337,0.0,15.182,2790,0.0,22.400000000000002,15.2,28,1285,0.0,-26.400000000000002,14.8,28,30.567,-0.23,0,
B-B-low-1,0.06676,1790320836.1001,accel,17.5904,5.5896,0.374,0.2,2.6,-1,30.337,0.0,15.182,2790,0.0,23.200000000000003,15.2,28,1285,0.0,-27.200000000000003,14.8,28,30.567,-0.23,0,
B-B-low-1,0.06877,1790320836.1021,accel,17.5904,5.5896,0.374,0.2,2.6,-1,30.337,0.0,15.182,2790,0.0,24.0,15.2,28,1285,0.0,-28.0,14.8,28,30.567,-0.23,0,
B-B-low-1,0.07076,1790320836.1041,accel,17.5904,5.5896,0.374,0.2,2.6,-1,30.337,0.0,15.182,2790,0.0,24.8,15.2,28,1285,0.0,-28.8,14.8,28,30.567,-0.23,0,
B-B-low-1,0.07276,1790320836.1061,accel,17.5904,5.5896,0.374,0.2,2.6,-1,30.337,0.0,15.182,2790,0.0,25.6,15.2,28,1285,0.0,-29.6,14.8,28,30.567,-0.23,0,
B-B-low-1,0.07476,1790320836.1081,accel,17.5904,5.5896,0.374,0.2,2.6,-1,30.337,0.0,15.182,2790,0.0,26.400000000000002,15.2,28,1285,0.0,-30.400000000000002,14.8,28,30.567,-0.23,0,
B-B-low-1,0.07676,1790320836.1101,accel,17.5904,5.5896,0.374,0.2,2.6,-1,30.337,0.0,15.182,2790,0.0,28.0,15.2,28,1285,0.0,-31.200000000000003,14.8,28,30.567,-0.23,0,
B-B-low-1,0.07877,1790320836.1121,accel,17.5904,5.5896,0.374,0.2,2.6,-1,30.337,0.0,15.182,2790,0.0,28.8,15.2,28,1285,0.0,-32.0,14.8,28,30.567,-0.23,0,
B-B-low-1,0.08077,1790320836.1141,accel,17.5904,5.5896,0.374,0.2,2.6,-1,30.337,0.0,15.182,2790,0.0,29.6,15.2,28,1285,0.0,-33.6,14.8,28,30.567,-0.23,0,
B-B-low-1,0.08276,1790320836.1161,accel,17.5904,5.5896,0.374,0.2,2.6,-1,30.337,0.0,15.182,2790,0.0,30.400000000000002,15.2,28,1285,0.0,-34.4,14.8,28,30.567,-0.23,0,
B-B-low-1,0.08477,1790320836.1181,accel,17.5904,5.5896,0.374,0.2,2.6,-1,30.337,0.0,15.182,2790,0.0,32.0,15.2,28,1285,0.0,-35.2,14.8,28,30.567,-0.23,0,
B-B-low-1,0.08677,1790320836.1201,accel,17.5904,5.5896,0.374,0.2,2.6,-1,30.337,0.0,15.182,2790,0.0,32.800000000000004,15.2,28,1285,0.0,-36.0,14.8,28,30.567,-0.23,0,
B-B-low-1,0.08876,1790320836.1221,accel,17.5904,5.5896,0.374,0.2,2.6,-1,30.337,0.0,15.182,2790,0.0,33.6,15.2,28,1285,0.0,-36.800000000000004,14.8,28,30.567,-0.23,0,
B-B-low-1,0.09076,1790320836.1241,accel,17.5904,5.5896,0.374,0.2,2.6,-1,30.337,0.0,15.182,2790,0.0,34.4,15.2,28,1285,0.0,-37.6,14.8,28,30.567,-0.23,0,
B-B-low-1,0.09276,1790320836.1261,accel,17.5904,5.5896,0.374,0.2,2.6,-1,30.337,0.0,15.182,2790,0.0,35.2,15.2,28,1285,0.0,-38.400000000000006,14.8,28,30.567,-0.23,0,
B-B-low-1,0.09476,1790320836.1281,accel,17.5904,5.5896,0.374,0.2,2.6,-1,30.298,-0.3351,15.188,2789,0.0,35.2,15.2,28,1285,0.0,-39.2,14.8,28,30.567,-0.268,0,
B-B-low-1,0.09674,1790320836.1301,accel,17.5904,5.5896,0.374,0.2,2.6,-1,30.298,0.0,15.188,2789,0.0,36.0,15.2,28,1285,0.0,-40.0,14.8,28,30.567,-0.268,0,
B-B-low-1,0.09874,1790320836.1321,accel,17.5904,5.5896,0.374,0.2,2.6,-1,30.298,0.0,15.188,2789,0.0,36.800000000000004,15.2,28,1285,0.0,-40.800000000000004,14.8,28,30.567,-0.268,0,
B-B-low-1,0.10074,1790320836.1341,accel,17.5904,5.5896,0.374,0.2,2.6,-1,30.298,0.0,15.188,2789,0.0,37.6,15.2,28,1285,0.0,-41.6,14.8,28,30.567,-0.268,0,
B-B-low-1,0.10273,1790320836.1361,accel,17.5904,5.5896,0.374,0.2,2.6,-1,30.298,0.0,15.188,2789,0.0,39.2,15.2,28,1286,0.0,-42.400000000000006,14.8,28,30.528,-0.23,0,
B-B-low-1,0.10474,1790320836.1381,accel,17.5904,5.5896,0.374,0.2,2.6,-1,30.298,0.0,15.188,2789,0.0,40.0,15.2,28,1286,0.0,-43.2,14.8,28,30.528,-0.23,0,
B-B-low-1,0.10773,1790320836.1411,accel,17.5904,5.5896,0.374,0.2,2.6,-1,30.26,-0.2236,15.194,2788,-1.01,38.300000000000004,15.2,28,1286,0.0,-44.0,14.8,28,30.528,-0.268,0,
B-B-low-1,0.10874,1790320836.1421,accel,17.5904,5.5896,0.374,0.2,2.6,-1,30.26,0.0,15.194,2788,-1.01,39.1,15.2,28,1286,0.0,-44.800000000000004,14.8,28,30.528,-0.268,0,
B-B-low-1,0.11074,1790320836.1441,accel,17.5904,5.5896,0.374,0.2,2.6,-1,30.26,0.0,15.194,2788,-1.01,39.900000000000006,15.2,28,1286,0.0,-45.6,14.8,28,30.528,-0.268,0,
B-B-low-1,0.11385,1790320836.1472,accel,17.5904,5.5896,0.374,0.2,2.6,-1,30.222,-0.2151,15.2,2787,-1.51,39.0,15.2,28,1286,0.0,-47.2,14.8,28,30.528,-0.307,0,
B-B-low-1,0.11573,1790320836.1491,accel,17.5904,5.5896,0.374,0.2,2.6,-1,30.222,0.0,15.2,2787,-1.51,40.6,15.2,28,1287,1.01,-45.5,14.8,28,30.49,-0.268,0,
B-B-low-1,0.11673,1790320836.1501,accel,17.5904,5.5896,0.374,0.2,2.6,-1,30.183,-0.6651,15.205,2786,-2.01,39.7,15.2,28,1287,1.01,-46.300000000000004,14.8,28,30.49,-0.307,0,
B-B-low-1,0.11874,1790320836.1521,accel,17.5904,5.5896,0.374,0.2,2.6,-1,30.183,0.0,15.205,2786,-2.01,40.5,15.2,28,1287,1.01,-47.1,14.8,28,30.49,-0.307,0,
B-B-low-1,0.12173,1790320836.1551,accel,17.5904,5.5896,0.374,0.2,2.6,-1,30.183,0.0,15.205,2786,-1.51,42.2,15.2,28,1288,1.51,-46.2,14.8,28,30.452,-0.268,0,
B-B-low-1,0.12373,1790320836.1571,accel,17.5904,5.5896,0.374,0.2,2.6,-1,30.183,0.0,15.205,2786,-1.51,43.0,14.3,28,1288,1.51,-47.0,14.3,28,30.452,-0.268,0,
B-B-low-1,0.12474,1790320836.1581,accel,17.5904,5.5896,0.374,0.2,2.6,-1,30.145,-0.6631,15.211,2785,-2.01,42.1,14.3,28,1289,2.01,-46.1,14.3,28,30.413,-0.268,0,
B-B-low-1,0.12674,1790320836.1601,accel,17.5904,5.5896,0.374,0.2,2.6,-1,30.145,0.0,15.211,2785,-2.01,42.900000000000006,14.3,28,1289,2.01,-46.900000000000006,14.3,28,30.413,-0.268,0,
B-B-low-1,0.12874,1790320836.1621,accel,17.5904,5.5896,0.374,0.2,2.6,-1,30.107,-0.3351,15.217,2784,-2.52,42.1,14.3,28,1290,2.52,-46.1,14.3,28,30.375,-0.268,0,
B-B-low-1,0.13073,1790320836.1641,accel,17.5904,5.5896,0.374,0.2,2.6,-1,30.107,0.0,15.217,2784,-2.52,42.900000000000006,14.3,28,1291,3.02,-46.0,14.3,28,30.337,-0.23,0,
B-B-low-1,0.13273,1790320836.1661,accel,17.5904,5.5896,0.374,0.2,2.6,-1,30.068,-0.335,15.223,2783,-3.02,42.0,14.3,28,1291,2.52,-47.7,14.3,28,30.337,-0.268,0,
B-B-low-1,0.13475,1790320836.1681,accel,17.5904,5.5896,0.374,0.2,2.6,-1,30.068,0.0,15.223,2783,-2.52,44.5,14.3,28,1291,3.02,-47.6,14.3,28,30.337,-0.268,0,
B-B-low-1,0.13673,1790320836.1701,accel,17.5904,5.5896,0.374,0.2,2.6,-1,30.03,-0.3372,15.229,2782,-3.02,43.6,14.3,28,1292,3.02,-47.6,14.3,28,30.298,-0.268,0,
B-B-low-1,0.13972,1790320836.1731,accel,17.5904,5.5896,0.374,0.2,2.6,-1,29.991,-0.2239,15.235,2781,-3.52,42.7,14.3,28,1293,3.52,-46.7,14.3,28,30.26,-0.268,0,
B-B-low-1,0.14073,1790320836.1741,accel,17.5904,5.5896,0.374,0.2,2.6,-1,29.991,0.0,15.235,2781,-3.52,43.5,14.3,28,1293,3.52,-47.5,14.3,28,30.26,-0.268,0,
B-B-low-1,0.14273,1790320836.1761,accel,17.5904,5.5896,0.374,0.2,2.6,-1,29.953,-0.3344,15.241,2780,-3.52,43.5,14.3,28,1294,4.03,-46.6,14.3,28,30.222,-0.268,0,
B-B-low-1,0.14473,1790320836.1781,accel,17.5904,5.5896,0.374,0.2,2.6,-1,29.915,-0.3349,15.247,2779,-4.03,42.6,14.3,28,1295,4.03,-46.6,14.3,28,30.183,-0.268,0,
B-B-low-1,0.14673,1790320836.1801,accel,17.5904,5.5896,0.374,0.2,2.6,-1,29.915,0.0,15.247,2779,-3.52,44.300000000000004,14.3,28,1296,4.53,-45.800000000000004,14.3,28,30.145,-0.23,0,
B-B-low-1,0.14873,1790320836.1821,accel,17.5904,5.5896,0.374,0.2,2.6,-1,29.876,-0.3344,15.253,2778,-4.03,43.400000000000006,14.3,28,1296,4.53,-46.6,14.3,28,30.145,-0.268,0,
B-B-low-1,0.15073,1790320836.1841,accel,17.5904,5.5896,0.374,0.2,2.6,-1,29.838,-0.3348,15.258,2777,-4.53,42.6,14.3,28,1297,4.53,-46.6,14.3,28,30.107,-0.268,0,
B-B-low-1,0.15273,1790320836.1861,accel,17.5904,5.5896,0.374,0.2,2.6,-1,29.8,-0.3346,15.264,2776,-4.53,43.400000000000006,14.3,28,1298,5.03,-46.5,14.3,28,30.068,-0.268,0,
B-B-low-1,0.15572,1790320836.1891,accel,17.5904,5.5896,0.374,0.2,2.6,-1,29.761,-0.224,15.27,2775,-5.03,42.5,14.3,28,1298,4.53,-48.2,14.3,28,30.068,-0.307,0,
B-B-low-1,0.15772,1790320836.1911,accel,17.5904,5.5896,0.374,0.2,2.6,-1,29.761,0.0,15.27,2775,-5.03,43.300000000000004,14.3,28,1299,5.03,-47.300000000000004,14.3,28,30.03,-0.268,0,
B-B-low-1,0.15873,1790320836.1921,accel,17.5904,5.5896,0.374,0.2,2.6,-1,29.723,-0.6642,15.276,2774,-5.03,43.300000000000004,14.3,28,1299,4.53,-49.0,14.3,28,30.03,-0.307,0,
B-B-low-1,0.16073,1790320836.1941,accel,17.5904,5.5896,0.374,0.2,2.6,-1,29.685,-0.3342,15.282,2773,-5.54,42.400000000000006,14.3,28,1300,4.53,-49.0,14.3,28,29.991,-0.307,0,
B-B-low-1,0.16273,1790320836.1961,accel,17.5904,5.5896,0.374,0.2,2.6,-1,29.646,-0.3348,15.288,2772,-5.54,42.400000000000006,14.3,28,1301,5.03,-48.1,14.3,28,29.953,-0.307,0,
B-B-low-1,0.16473,1790320836.1981,accel,17.5904,5.5896,0.374,0.2,2.6,-1,29.608,-0.3353,15.293,2771,-6.04,41.5,14.3,28,1301,4.53,-49.800000000000004,14.3,28,29.953,-0.345,0,
B-B-low-1,0.16673,1790320836.2001,accel,17.5904,5.5896,0.374,0.2,2.6,-1,29.57,-0.3343,15.299,2770,-6.04,42.300000000000004,14.3,28,1302,5.03,-48.900000000000006,14.3,28,29.915,-0.345,0,
B-B-low-1,0.16873,1790320836.2021,accel,17.5904,5.5896,0.374,0.2,2.6,-1,29.531,-0.3355,15.305,2769,-6.04,42.300000000000004,14.3,28,1303,5.03,-48.900000000000006,14.3,28,29.876,-0.345,0,
B-B-low-1,0.17074,1790320836.2041,accel,17.5904,5.5896,0.374,0.2,2.6,-1,29.493,-0.3331,15.311,2768,-6.04,42.300000000000004,14.3,28,1304,5.03,-49.7,14.3,28,29.838,-0.345,0,
B-B-low-1,0.17273,1790320836.2061,accel,17.5904,5.5896,0.374,0.2,2.6,-1,29.455,-0.3352,15.317,2767,-6.54,41.5,14.3,28,1305,5.03,-49.7,14.3,28,29.8,-0.345,0,
B-B-low-1,0.17473,1790320836.2081,accel,17.5904,5.5896,0.374,0.2,2.6,-1,29.416,-0.3353,15.322,2766,-6.54,41.5,14.3,28,1305,5.03,-50.5,14.3,28,29.8,-0.384,0,
B-B-low-1,0.17673,1790320836.2101,accel,17.5904,5.5896,0.374,0.2,2.6,-1,29.378,-0.3348,15.328,2765,-6.54,41.5,14.3,28,1306,5.03,-50.5,14.3,28,29.761,-0.384,0,
B-B-low-1,0.17873,1790320836.2121,accel,17.5904,5.5896,0.374,0.2,2.6,-1,29.339,-0.3344,15.334,2764,-6.54,41.5,14.3,28,1307,5.03,-50.5,14.3,28,29.723,-0.384,0,
B-B-low-1,0.18074,1790320836.2141,accel,17.5904,5.5896,0.374,0.2,2.6,-1,29.301,-0.334,15.34,2763,-7.04,40.6,14.3,28,1308,5.54,-49.6,14.3,28,29.685,-0.384,0,
B-B-low-1,0.18372,1790320836.2171,accel,17.5904,5.5896,0.374,0.2,2.6,-1,29.301,0.0,15.34,2763,-6.54,42.300000000000004,14.3,28,1309,5.54,-49.6,14.3,28,29.646,-0.345,0,
B-B-low-1,0.18473,1790320836.2181,accel,17.5904,5.5896,0.374,0.2,2.6,-1,29.224,-1.3259,15.351,2761,-7.04,41.400000000000006,14.3,28,1310,5.54,-49.6,14.3,28,29.608,-0.384,0,
B-B-low-1,0.18673,1790320836.2201,accel,17.5904,5.5896,0.374,0.2,2.6,-1,29.224,0.0,15.351,2761,-7.04,42.2,14.3,28,1312,6.54,-47.1,14.3,28,29.531,-0.307,0,
B-B-low-1,0.18972,1790320836.2231,accel,17.5904,5.5896,0.374,0.2,2.6,-1,29.148,-0.447,15.363,2759,-7.55,40.5,14.3,28,1312,6.04,-48.7,14.3,28,29.531,-0.384,0,
B-B-low-1,0.19073,1790320836.2241,accel,17.5904,5.5896,0.374,0.2,2.6,-1,29.109,-0.6647,15.369,2758,-7.04,41.400000000000006,14.3,28,1314,7.04,-46.2,14.3,28,29.455,-0.345,0,
B-B-low-1,0.19273,1790320836.2261,accel,17.5904,5.5896,0.374,0.2,2.6,-1,29.071,-0.335,15.374,2757,-7.55,40.5,14.3,28,1314,6.54,-47.900000000000006,14.3,28,29.455,-0.384,0,
B-B-low-1,0.19473,1790320836.2281,accel,17.5904,5.5896,0.374,0.2,2.6,-1,28.994,-0.6684,15.386,2755,-7.55,40.5,14.3,28,1316,7.04,-47.0,14.3,28,29.378,-0.384,0,
B-B-low-1,0.19673,1790320836.2301,accel,17.5904,5.5896,0.374,0.2,2.6,-1,28.956,-0.3358,15.391,2754,-8.05,39.6,14.3,28,1317,7.55,-46.1,14.3,28,29.339,-0.384,0,
B-B-low-1,0.19872,1790320836.2321,accel,17.5904,5.5896,0.374,0.2,2.6,-1,28.918,-0.3363,15.397,2753,-8.05,39.6,14.3,28,1318,7.55,-46.1,14.3,28,29.301,-0.384,0,
B-B-low-1,0.20074,1790320836.2341,const,17.5904,5.5896,0.374,0.2,2.6,-1,28.879,-0.3305,15.403,2752,-8.05,39.6,14.3,28,1319,7.55,-46.1,14.3,28,29.263,-0.384,0,
B-B-low-1,0.20373,1790320836.2371,const,17.5904,5.5896,0.374,0.2,2.6,-1,28.803,-0.4482,15.414,2750,-8.55,38.0,14.3,28,1321,8.05,-44.400000000000006,14.3,28,29.186,-0.384,0,
B-B-low-1,0.20573,1790320836.2391,const,17.5904,5.5896,0.374,0.2,2.6,-1,28.803,0.0,15.414,2750,-8.05,39.6,14.3,28,1323,8.55,-42.800000000000004,14.3,28,29.109,-0.307,0,
B-B-low-1,0.20773,1790320836.2411,const,17.5904,5.5896,0.374,0.2,2.6,-1,28.726,-0.6695,15.425,2748,-8.55,38.0,14.3,28,1324,8.55,-42.800000000000004,14.3,28,29.071,-0.345,0,
B-B-low-1,0.20873,1790320836.2421,const,17.5904,5.5896,0.374,0.2,2.6,-1,28.688,-0.6642,15.431,2747,-8.55,38.0,14.3,28,1325,9.06,-41.900000000000006,14.3,28,29.033,-0.345,0,
B-B-low-1,0.21074,1790320836.2441,const,17.5904,5.5896,0.374,0.2,2.6,-1,28.649,-0.3345,15.437,2746,-8.55,38.0,14.3,28,1326,9.06,-41.900000000000006,14.3,28,28.994,-0.345,0,
B-B-low-1,0.21373,1790320836.2471,const,17.5904,5.5896,0.374,0.2,2.6,-1,28.572,-0.4475,15.448,2744,-9.06,36.300000000000004,14.3,28,1328,9.06,-41.900000000000006,14.3,28,28.918,-0.345,0,
B-B-low-1,0.21573,1790320836.2491,const,17.5904,5.5896,0.374,0.2,2.6,-1,28.534,-0.335,15.454,2743,-9.06,36.300000000000004,14.3,28,1330,9.56,-40.2,14.3,28,28.841,-0.307,0,
B-B-low-1,0.21673,1790320836.2501,const,17.5904,5.5896,0.374,0.2,2.6,-1,28.457,-1.3287,15.465,2741,-9.56,35.4,14.3,28,1331,9.56,-40.2,14.3,28,28.803,-0.345,0,
B-B-low-1,0.21873,1790320836.2521,const,17.5904,5.5896,0.374,0.2,2.6,-1,28.419,-0.3346,15.471,2740,-9.56,35.4,14.3,28,1332,9.56,-40.2,14.3,28,28.764,-0.345,0,
B-B-low-1,0.22073,1790320836.2541,const,17.5904,5.5896,0.374,0.2,2.6,-1,28.381,-0.3357,15.476,2739,-9.56,35.4,14.3,28,1335,10.57,-36.9,14.3,28,28.649,-0.268,0,
B-B-low-1,0.22273,1790320836.2561,const,17.5904,5.5896,0.374,0.2,2.6,-1,28.342,-0.3337,15.482,2738,-9.06,36.300000000000004,14.3,28,1336,10.06,-38.5,14.3,28,28.611,-0.268,0,
B-B-low-1,0.22473,1790320836.2581,const,17.5904,5.5896,0.374,0.2,2.6,-1,28.266,-0.6693,15.493,2736,-9.56,34.6,14.3,28,1337,10.06,-38.5,14.3,28,28.572,-0.307,0,
B-B-low-1,0.22673,1790320836.2601,const,17.5904,5.5896,0.374,0.2,2.6,-1,28.189,-0.6697,15.504,2734,-10.06,32.9,14.3,28,1338,10.06,-38.5,14.3,28,28.534,-0.345,0,
B-B-low-1,0.22873,1790320836.2621,const,17.5904,5.5896,0.374,0.2,2.6,-1,28.151,-0.3348,15.51,2733,-10.06,32.9,14.3,28,1340,10.57,-36.9,14.3,28,28.457,-0.307,0,
B-B-low-1,0.23172,1790320836.2651,const,17.5904,5.5896,0.374,0.2,2.6,-1,28.112,-0.2242,15.515,2732,-9.56,33.800000000000004,14.3,28,1341,10.57,-36.9,14.3,28,28.419,-0.307,0,
B-B-low-1,0.23373,1790320836.2671,const,17.5904,5.5896,0.374,0.2,2.6,-1,28.074,-0.3334,15.521,2731,-9.56,34.6,14.3,28,1342,10.57,-36.9,14.3,28,28.381,-0.307,0,
B-B-low-1,0.23473,1790320836.2681,const,17.5904,5.5896,0.374,0.2,2.6,-1,27.997,-1.3293,15.532,2729,-9.56,33.800000000000004,14.3,28,1344,10.57,-36.1,14.3,28,28.304,-0.307,0,
B-B-low-1,0.23673,1790320836.2701,const,17.5904,5.5896,0.374,0.2,2.6,-1,27.92,-0.6693,15.543,2727,-10.06,32.1,14.3,28,1346,11.07,-34.4,14.3,28,28.227,-0.307,0,
B-B-low-1,0.23972,1790320836.2731,const,17.5904,5.5896,0.374,0.2,2.6,-1,27.882,-0.2237,15.548,2726,-10.06,32.1,13.2,28,1347,10.57,-35.300000000000004,14.0,28,28.189,-0.307,0,
B-B-low-1,0.24172,1790320836.2751,const,17.5904,5.5896,0.374,0.2,2.6,-1,27.844,-0.3348,15.554,2725,-10.06,32.1,13.2,28,1348,10.57,-35.300000000000004,14.0,28,28.151,-0.307,0,
B-B-low-1,0.24372,1790320836.2771,const,17.5904,5.5896,0.374,0.2,2.6,-1,27.767,-0.6716,15.565,2723,-10.57,30.5,13.2,28,1349,10.57,-35.300000000000004,14.0,28,28.112,-0.345,0,
B-B-low-1,0.24572,1790320836.2791,const,17.5904,5.5896,0.374,0.2,2.6,-1,27.729,-0.3336,15.57,2722,-10.57,30.5,13.2,28,1352,11.07,-33.6,14.0,28,27.997,-0.268,0,
B-B-low-1,0.24772,1790320836.2811,const,17.5904,5.5896,0.374,0.2,2.6,-1,27.69,-0.3361,15.576,2721,-10.06,31.3,13.2,28,1353,10.57,-34.5,14.0,28,27.959,-0.268,0,
B-B-low-1,0.24873,1790320836.2821,const,17.5904,5.5896,0.374,0.2,2.6,-1,27.614,-1.315,15.587,2719,-10.06,31.3,13.2,28,1355,11.07,-32.800000000000004,14.0,28,27.882,-0.268,0,
B-B-low-1,0.25073,1790320836.2841,const,17.5904,5.5896,0.374,0.2,2.6,-1,27.575,-0.3352,15.592,2718,-10.06,31.3,13.2,28,1356,10.57,-33.7,14.0,28,27.844,-0.268,0,
B-B-low-1,0.25372,1790320836.2871,const,17.5904,5.5896,0.374,0.2,2.6,-1,27.499,-0.4484,15.603,2716,-10.57,29.700000000000003,13.2,28,1357,10.06,-34.5,14.0,28,27.805,-0.307,0,
B-B-low-1,0.25572,1790320836.2891,const,17.5904,5.5896,0.374,0.2,2.6,-1,27.46,-0.3336,15.608,2715,-10.06,30.5,13.2,28,1359,11.07,-32.0,14.0,28,27.729,-0.268,0,
B-B-low-1,0.25772,1790320836.2911,const,17.5904,5.5896,0.374,0.2,2.6,-1,27.422,-0.3348,15.614,2714,-10.06,30.5,13.2,28,1360,10.57,-32.9,14.0,28,27.69,-0.268,0,
B-B-low-1,0.25873,1790320836.2921,const,17.5904,5.5896,0.374,0.2,2.6,-1,27.345,-1.3265,15.625,2712,-10.06,29.700000000000003,13.2,28,1362,10.57,-32.1,14.0,28,27.614,-0.268,0,
B-B-low-1,0.26073,1790320836.2941,const,17.5904,5.5896,0.374,0.2,2.6,-1,27.307,-0.3348,15.63,2711,-10.57,28.900000000000002,13.2,28,1363,10.57,-32.1,14.0,28,27.575,-0.268,0,
B-B-low-1,0.26273,1790320836.2961,const,17.5904,5.5896,0.374,0.2,2.6,-1,27.268,-0.335,15.635,2710,-10.06,29.700000000000003,13.2,28,1364,10.06,-33.7,14.0,28,27.537,-0.268,0,
B-B-low-1,0.26473,1790320836.2981,const,17.5904,5.5896,0.374,0.2,2.6,-1,27.23,-0.3341,15.641,2709,-10.06,29.700000000000003,13.2,28,1365,10.06,-33.7,14.0,28,27.499,-0.268,0,
B-B-low-1,0.26673,1790320836.3001,const,17.5904,5.5896,0.374,0.2,2.6,-1,27.153,-0.6702,15.652,2707,-9.56,30.6,13.2,28,1366,10.06,-33.7,14.0,28,27.46,-0.307,0,
B-B-low-1,0.26873,1790320836.3021,const,17.5904,5.5896,0.374,0.2,2.6,-1,27.077,-0.6697,15.662,2705,-10.06,28.900000000000002,13.2,28,1367,9.56,-34.6,14.0,28,27.422,-0.345,0,
B-B-low-1,0.27172,1790320836.3051,const,17.5904,5.5896,0.374,0.2,2.6,-1,27.077,0.0,15.662,2705,-9.56,30.6,13.2,28,1368,9.56,-34.6,14.0,28,27.384,-0.307,0,
B-B-low-1,0.27372,1790320836.3071,const,17.5904,5.5896,0.374,0.2,2.6,-1,27.038,-0.3348,15.668,2704,-9.56,30.6,13.2,28,1370,9.56,-33.800000000000004,14.0,28,27.307,-0.268,0,
B-B-low-1,0.27572,1790320836.3091,const,17.5904,5.5896,0.374,0.2,2.6,-1,27.0,-0.3357,15.673,2703,-9.06,31.5,13.2,28,1372,9.56,-33.0,14.0,28,27.23,-0.23,0,
B-B-low-1,0.27673,1790320836.3101,const,17.5904,5.5896,0.374,0.2,2.6,-1,26.885,-1.9818,15.689,2700,-9.56,29.8,13.2,28,1372,9.06,-34.7,14.0,28,27.23,-0.345,0,
B-B-low-1,0.27873,1790320836.3121,const,17.5904,5.5896,0.374,0.2,2.6,-1,26.847,-0.3346,15.694,2699,-10.06,28.900000000000002,13.2,28,1374,9.56,-33.0,14.0,28,27.153,-0.307,0,
B-B-low-1,0.28172,1790320836.3151,const,17.5904,5.5896,0.374,0.2,2.6,-1,26.808,-0.2237,15.7,2698,-9.56,29.8,13.2,28,1375,9.56,-33.0,14.0,28,27.115,-0.307,0,
B-B-low-1,0.28372,1790320836.3171,const,17.5904,5.5896,0.374,0.2,2.6,-1,26.77,-0.3348,15.705,2697,-9.56,29.8,13.2,28,1376,9.56,-33.0,14.0,28,27.077,-0.307,0,
B-B-low-1,0.28572,1790320836.3191,const,17.5904,5.5896,0.374,0.2,2.6,-1,26.693,-0.6691,15.716,2695,-9.56,29.0,13.2,28,1378,9.56,-33.0,14.0,28,27.0,-0.307,0,
B-B-low-1,0.28772,1790320836.3211,const,17.5904,5.5896,0.374,0.2,2.6,-1,26.655,-0.3347,15.721,2694,-9.56,29.0,13.2,28,1379,9.56,-33.0,14.0,28,26.962,-0.307,0,
B-B-low-1,0.28972,1790320836.3231,const,17.5904,5.5896,0.374,0.2,2.6,-1,26.578,-0.6697,15.731,2692,-10.06,27.3,13.2,28,1381,9.56,-32.2,14.0,28,26.885,-0.307,0,
B-B-low-1,0.29073,1790320836.3241,const,17.5904,5.5896,0.374,0.2,2.6,-1,26.54,-0.6642,15.737,2691,-9.56,28.200000000000003,13.2,28,1382,9.56,-32.2,14.0,28,26.847,-0.307,0,
B-B-low-1,0.29273,1790320836.3261,const,17.5904,5.5896,0.374,0.2,2.6,-1,26.501,-0.3346,15.742,2690,-9.56,28.200000000000003,13.2,28,1383,9.56,-32.2,14.0,28,26.808,-0.307,0,
B-B-low-1,0.29572,1790320836.3291,const,17.5904,5.5896,0.374,0.2,2.6,-1,26.463,-0.2235,15.747,2689,-9.56,28.200000000000003,13.2,28,1384,9.56,-32.2,14.0,28,26.77,-0.307,0,
B-B-low-1,0.29772,1790320836.3311,const,17.5904,5.5896,0.374,0.2,2.6,-1,26.348,-1.005,15.763,2686,-10.06,26.5,13.2,28,1386,9.56,-31.400000000000002,14.0,28,26.693,-0.345,0,
B-B-low-1,0.29873,1790320836.3321,const,17.5904,5.5896,0.374,0.2,2.6,-1,26.31,-0.6648,15.768,2685,-9.56,28.200000000000003,13.2,28,1387,9.56,-31.400000000000002,14.0,28,26.655,-0.345,0,
B-B-low-1,0.30073,1790320836.3341,const,17.5904,5.5896,0.374,0.2,2.6,-1,26.233,-0.6694,15.779,2683,-10.06,26.5,13.2,28,1388,10.06,-30.5,14.0,28,26.616,-0.384,0,
B-B-low-1,0.30372,1790320836.3371,const,17.5904,5.5896,0.374,0.2,2.6,-1,26.195,-0.2237,15.784,2682,-9.56,27.400000000000002,13.2,28,1390,9.56,-31.400000000000002,14.0,28,26.54,-0.345,0,
B-B-low-1,0.30572,1790320836.3391,const,17.5904,5.5896,0.374,0.2,2.6,-1,26.156,-0.335,15.789,2681,-9.56,27.400000000000002,13.2,28,1391,9.56,-31.400000000000002,14.0,28,26.501,-0.345,0,
B-B-low-1,0.30772,1790320836.3411,const,17.5904,5.5896,0.374,0.2,2.6,-1,26.118,-0.3346,15.794,2680,-9.56,27.400000000000002,13.2,28,1393,10.06,-29.700000000000003,14.0,28,26.425,-0.307,0,
B-B-low-1,0.30872,1790320836.3421,const,17.5904,5.5896,0.374,0.2,2.6,-1,26.041,-1.3372,15.805,2678,-9.56,26.6,13.2,28,1394,9.56,-30.6,14.0,28,26.386,-0.345,0,
B-B-low-1,0.31072,1790320836.3441,const,17.5904,5.5896,0.374,0.2,2.6,-1,25.964,-0.6697,15.815,2676,-10.57,24.900000000000002,13.2,28,1396,10.06,-28.900000000000002,14.0,28,26.31,-0.345,0,
B-B-low-1,0.31273,1790320836.3461,const,17.5904,5.5896,0.374,0.2,2.6,-1,25.964,0.0,15.815,2676,-9.56,27.400000000000002,13.2,28,1397,9.56,-29.8,14.0,28,26.271,-0.307,0,
B-B-low-1,0.31473,1790320836.3481,const,17.5904,5.5896,0.374,0.2,2.6,-1,25.888,-0.67,15.825,2674,-10.06,25.700000000000003,13.2,28,1399,10.06,-28.1,14.0,28,26.195,-0.307,0,
B-B-low-1,0.31673,1790320836.3501,const,17.5904,5.5896,0.374,0.2,2.6,-1,25.849,-0.3346,15.83,2673,-9.56,26.6,13.2,28,1399,9.56,-29.8,14.0,28,26.195,-0.345,0,
B-B-low-1,0.31873,1790320836.3521,const,17.5904,5.5896,0.374,0.2,2.6,-1,25.773,-0.6698,15.841,2671,-10.06,24.900000000000002,13.2,28,1401,10.06,-28.1,14.0,28,26.118,-0.345,0,
B-B-low-1,0.32172,1790320836.3551,const,17.5904,5.5896,0.374,0.2,2.6,-1,25.734,-0.2236,15.846,2670,-10.06,24.900000000000002,13.2,28,1402,9.56,-29.0,14.0,28,26.08,-0.345,0,
B-B-low-1,0.32372,1790320836.3571,const,17.5904,5.5896,0.374,0.2,2.6,-1,25.696,-0.3348,15.851,2669,-9.56,25.8,13.2,28,1403,9.56,-29.0,14.0,28,26.041,-0.345,0,
B-B-low-1,0.32572,1790320836.3591,const,17.5904,5.5896,0.374,0.2,2.6,-1,25.658,-0.3349,15.856,2668,-9.56,25.8,13.2,28,1404,10.06,-28.1,14.0,28,26.003,-0.345,0,
B-B-low-1,0.32673,1790320836.3601,const,17.5904,5.5896,0.374,0.2,2.6,-1,25.581,-1.3287,15.866,2666,-9.56,25.8,13.2,28,1406,9.56,-29.0,14.0,28,25.926,-0.345,0,
B-B-low-1,0.32873,1790320836.3621,const,17.5904,5.5896,0.374,0.2,2.6,-1,25.543,-0.3346,15.871,2665,-9.56,25.8,13.2,28,1407,9.56,-29.0,14.0,28,25.888,-0.345,0,
B-B-low-1,0.33172,1790320836.3651,const,17.5904,5.5896,0.374,0.2,2.6,-1,25.504,-0.2237,15.876,2664,-9.56,25.8,13.2,28,1408,9.56,-29.0,14.0,28,25.849,-0.345,0,
B-B-low-1,0.33372,1790320836.3671,const,17.5904,5.5896,0.374,0.2,2.6,-1,25.466,-0.3347,15.881,2663,-9.56,25.8,13.2,28,1408,9.06,-30.700000000000003,14.0,28,25.849,-0.384,0,
B-B-low-1,0.33571,1790320836.3691,const,17.5904,5.5896,0.374,0.2,2.6,-1,25.428,-0.3361,15.886,2662,-9.06,26.700000000000003,13.2,28,1410,9.06,-29.900000000000002,14.0,28,25.773,-0.345,0,
B-B-low-1,0.33772,1790320836.3711,const,17.5904,5.5896,0.374,0.2,2.6,-1,25.389,-0.3336,15.891,2661,-8.55,27.6,13.2,28,1411,9.06,-29.900000000000002,14.0,28,25.734,-0.345,0,
B-B-low-1,0.33972,1790320836.3731,const,17.5904,5.5896,0.374,0.2,2.6,-1,25.351,-0.3346,15.896,2660,-8.55,27.6,13.2,28,1412,9.06,-30.700000000000003,14.0,28,25.696,-0.345,0,
B-B-low-1,0.34073,1790320836.3741,const,17.5904,5.5896,0.374,0.2,2.6,-1,25.312,-0.6636,15.901,2659,-8.55,27.6,13.2,28,1413,8.55,-31.6,14.0,28,25.658,-0.345,0,
B-B-low-1,0.34272,1790320836.3761,const,17.5904,5.5896,0.374,0.2,2.6,-1,25.236,-0.6697,15.912,2657,-9.06,25.900000000000002,13.2,28,1414,8.55,-31.6,14.0,28,25.619,-0.384,0,
B-B-low-1,0.34572,1790320836.3791,const,17.5904,5.5896,0.374,0.2,2.6,-1,25.236,0.0,15.912,2657,-8.55,27.6,13.2,28,1415,8.05,-32.4,14.0,28,25.581,-0.345,0,
B-B-low-1,0.34772,1790320836.3811,const,17.5904,5.5896,0.374,0.2,2.6,-1,25.197,-0.3346,15.917,2656,-8.55,27.6,13.2,28,1416,8.05,-32.4,14.0,28,25.543,-0.345,0,
B-B-low-1,0.34872,1790320836.3821,const,17.5904,5.5896,0.374,0.2,2.6,-1,25.159,-0.6648,15.922,2655,-7.55,30.1,13.2,28,1417,8.05,-32.4,14.0,28,25.504,-0.345,0,
B-B-low-1,0.35072,1790320836.3841,const,17.5904,5.5896,0.374,0.2,2.6,-1,25.121,-0.3347,15.927,2654,-8.05,29.200000000000003,13.2,28,1418,7.55,-33.300000000000004,14.0,28,25.466,-0.345,0,
B-B-low-1,0.35272,1790320836.3861,const,17.5904,5.5896,0.374,0.2,2.6,-1,25.082,-0.3356,15.932,2653,-8.05,29.200000000000003,13.2,28,1419,7.55,-34.1,14.0,28,25.428,-0.345,0,
B-B-low-1,0.35472,1790320836.3881,const,17.5904,5.5896,0.374,0.2,2.6,-1,25.082,0.0,15.932,2653,-7.04,31.8,13.2,28,1420,7.55,-34.1,15.4,28,25.389,-0.307,0,
B-B-low-1,0.35672,1790320836.3901,const,17.5904,5.5896,0.374,0.2,2.6,-1,25.006,-0.6693,15.941,2651,-7.55,30.1,15.3,28,1421,7.55,-34.1,15.4,28,25.351,-0.345,0,
B-B-low-1,0.35872,1790320836.3921,const,17.5904,5.5896,0.374,0.2,2.6,-1,24.967,-0.3347,15.946,2650,-7.55,30.900000000000002,15.3,28,1421,7.04,-35.800000000000004,15.4,28,25.351,-0.384,0,
B-B-low-1,0.36072,1790320836.3941,const,17.5904,5.5896,0.374,0.2,2.6,-1,24.929,-0.336,15.951,2649,-7.55,30.900000000000002,15.3,28,1422,7.04,-35.800000000000004,15.4,28,25.312,-0.384,0,
B-B-low-1,0.36371,1790320836.3971,const,17.5904,5.5896,0.374,0.2,2.6,-1,24.929,0.0,15.951,2649,-6.54,33.5,15.3,28,1423,6.54,-36.7,15.4,28,25.274,-0.345,0,
B-B-low-1,0.36572,1790320836.3991,const,17.5904,5.5896,0.374,0.2,2.6,-1,24.891,-0.3336,15.956,2648,-7.04,32.6,15.3,28,1424,6.54,-36.7,15.4,28,25.236,-0.345,0,
B-B-low-1,0.36672,1790320836.4001,const,17.5904,5.5896,0.374,0.2,2.6,-1,24.852,-0.665,15.961,2647,-6.54,33.5,15.3,28,1425,7.04,-35.800000000000004,15.4,28,25.197,-0.345,0,
B-B-low-1,0.36872,1790320836.4021,const,17.5904,5.5896,0.374,0.2,2.6,-1,24.814,-0.3346,15.966,2646,-6.54,33.5,15.3,28,1426,7.04,-35.800000000000004,15.4,28,25.159,-0.345,0,
B-B-low-1,0.37172,1790320836.4051,const,17.5904,5.5896,0.374,0.2,2.6,-1,24.776,-0.2237,15.971,2645,-6.54,33.5,15.3,28,1426,6.54,-37.5,15.4,28,25.159,-0.384,0,
B-B-low-1,0.37372,1790320836.4071,const,17.5904,5.5896,0.374,0.2,2.6,-1,24.737,-0.3347,15.976,2644,-6.54,33.5,15.3,28,1427,6.54,-37.5,15.4,28,25.121,-0.384,0,
B-B-low-1,0.37572,1790320836.4091,const,17.5904,5.5896,0.374,0.2,2.6,-1,24.699,-0.3346,15.981,2643,-7.04,32.6,15.3,28,1428,6.54,-37.5,15.4,28,25.082,-0.384,0,
B-B-low-1,0.37772,1790320836.4111,const,17.5904,5.5896,0.374,0.2,2.6,-1,24.661,-0.3347,15.986,2642,-6.54,34.300000000000004,15.3,28,1429,6.04,-39.1,15.4,28,25.044,-0.384,0,
B-B-low-1,0.37971,1790320836.4131,const,17.5904,5.5896,0.374,0.2,2.6,-1,24.661,0.0,15.986,2642,-6.54,35.1,15.3,28,1430,6.04,-39.1,15.4,28,25.006,-0.345,0,
B-B-low-1,0.38072,1790320836.4141,const,17.5904,5.5896,0.374,0.2,2.6,-1,24.584,-1.3268,15.996,2640,-7.04,33.4,15.3,28,1431,6.54,-38.300000000000004,15.4,28,24.967,-0.384,0,
B-B-low-1,0.38272,1790320836.4161,const,17.5904,5.5896,0.374,0.2,2.6,-1,24.584,0.0,15.996,2640,-6.54,35.1,15.3,28,1432,6.54,-38.300000000000004,15.4,28,24.929,-0.345,0,
B-B-low-1,0.38569,1790320836.4191,const,17.5904,5.5896,0.374,0.2,2.6,-1,24.545,-0.2254,16.001,2639,-6.54,35.1,15.3,28,1433,6.54,-38.300000000000004,15.4,28,24.891,-0.345,0,
B-B-low-1,0.38772,1790320836.4211,const,17.5904,5.5896,0.374,0.2,2.6,-1,24.507,-0.3307,16.006,2638,-6.54,35.1,15.3,28,1434,6.54,-38.300000000000004,15.4,28,24.852,-0.345,0,
B-B-low-1,0.3897,1790320836.4231,const,17.5904,5.5896,0.374,0.2,2.6,-1,24.507,0.0,16.006,2638,-6.04,36.7,15.3,28,1435,7.04,-37.4,15.4,28,24.814,-0.307,0,
B-B-low-1,0.39171,1790320836.4251,const,17.5904,5.5896,0.374,0.2,2.6,-1,24.43,-0.6643,16.015,2636,-6.54,35.9,15.3,28,1436,6.54,-38.300000000000004,15.4,28,24.776,-0.345,0,
B-B-low-1,0.39272,1790320836.4261,const,17.5904,5.5896,0.374,0.2,2.6,-1,24.392,-0.6637,16.02,2635,-6.54,35.9,15.3,28,1437,7.04,-37.4,15.4,28,24.737,-0.345,0,
B-B-low-1,0.39571,1790320836.4291,const,17.5904,5.5896,0.374,0.2,2.6,-1,24.392,0.0,16.02,2635,-6.04,37.5,15.3,28,1438,6.54,-39.1,15.4,28,24.699,-0.307,0,
B-B-low-1,0.39771,1790320836.4311,const,17.5904,5.5896,0.374,0.2,2.6,-1,24.315,-0.6692,16.03,2633,-7.04,35.0,15.3,28,1439,7.04,-38.2,15.4,28,24.661,-0.345,0,
B-B-low-1,0.39872,1790320836.4321,const,17.5904,5.5896,0.374,0.2,2.6,-1,24.277,-0.6642,16.035,2632,-6.54,35.9,15.3,28,1440,7.04,-38.2,15.4,28,24.622,-0.345,0,
B-B-low-1,0.40071,1790320836.4341,const,17.5904,5.5896,0.374,0.2,2.6,-1,24.239,-0.3362,16.04,2631,-7.04,35.0,15.3,28,1441,7.04,-38.2,15.4,28,24.584,-0.345,0,
B-B-low-1,0.40371,1790320836.4371,const,17.5904,5.5896,0.374,0.2,2.6,-1,24.2,-0.2231,16.044,2630,-7.04,35.0,15.3,28,1441,6.54,-39.900000000000006,15.4,28,24.584,-0.384,0,
B-B-low-1,0.40571,1790320836.4391,const,17.5904,5.5896,0.374,0.2,2.6,-1,24.162,-0.336,16.049,2629,-7.04,35.0,15.3,28,1442,6.54,-39.900000000000006,15.4,28,24.545,-0.384,0,
B-B-low-1,0.40771,1790320836.4411,const,17.5904,5.5896,0.374,0.2,2.6,-1,24.162,0.0,16.049,2629,-6.54,36.7,15.3,28,1443,6.54,-39.900000000000006,15.4,28,24.507,-0.345,0,
B-B-low-1,0.40872,1790320836.4421,const,17.5904,5.5896,0.374,0.2,2.6,-1,24.085,-1.3193,16.059,2627,-7.04,35.800000000000004,15.3,28,1444,6.54,-39.900000000000006,15.4,28,24.469,-0.384,0,
B-B-low-1,0.41072,1790320836.4441,const,17.5904,5.5896,0.374,0.2,2.6,-1,24.047,-0.3348,16.064,2626,-7.04,35.800000000000004,15.3,28,1445,6.54,-39.900000000000006,15.4,28,24.43,-0.384,0,
B-B-low-1,0.41371,1790320836.4471,const,17.5904,5.5896,0.374,0.2,2.6,-1,24.047,0.0,16.064,2626,-7.04,36.6,15.3,28,1446,6.54,-39.900000000000006,15.4,28,24.392,-0.345,0,
B-B-low-1,0.41571,1790320836.4491,const,17.5904,5.5896,0.374,0.2,2.6,-1,24.009,-0.3347,16.068,2625,-6.54,37.5,15.3,28,1447,7.04,-39.0,15.4,28,24.354,-0.345,0,
B-B-low-1,0.41672,1790320836.4501,const,17.5904,5.5896,0.374,0.2,2.6,-1,23.97,-0.6637,16.073,2624,-7.04,36.6,15.3,28,1448,6.54,-40.7,15.4,28,24.315,-0.345,0,
B-B-low-1,0.41871,1790320836.4521,const,17.5904,5.5896,0.374,0.2,2.6,-1,23.855,-1.0079,16.088,2621,-7.55,34.9,15.3,28,1449,7.04,-39.800000000000004,15.4,28,24.277,-0.422,0,
B-B-low-1,0.42171,1790320836.4551,const,17.5904,5.5896,0.374,0.2,2.6,-1,23.855,0.0,16.088,2621,-7.04,36.6,15.3,28,1450,7.04,-39.800000000000004,15.4,28,24.239,-0.384,0,
B-B-low-1,0.42371,1790320836.4571,const,17.5904,5.5896,0.374,0.2,2.6,-1,23.817,-0.3347,16.092,2620,-7.04,36.6,15.3,28,1450,6.54,-41.5,15.4,28,24.239,-0.422,0,
B-B-low-1,0.42571,1790320836.4591,const,17.5904,5.5896,0.374,0.2,2.6,-1,23.778,-0.3348,16.097,2619,-7.04,36.6,15.3,28,1451,6.54,-41.5,15.4,28,24.2,-0.422,0,
B-B-low-1,0.42771,1790320836.4611,const,17.5904,5.5896,0.374,0.2,2.6,-1,23.74,-0.3347,16.102,2618,-7.04,37.4,15.3,28,1453,7.04,-39.800000000000004,15.4,28,24.124,-0.384,0,
B-B-low-1,0.4297,1790320836.4631,const,17.5904,5.5896,0.374,0.2,2.6,-1,23.74,0.0,16.102,2618,-7.04,37.4,15.3,28,1454,7.04,-39.800000000000004,15.4,28,24.085,-0.345,0,
B-B-low-1,0.43072,1790320836.4641,const,17.5904,5.5896,0.374,0.2,2.6,-1,23.663,-1.3203,16.111,2616,-7.04,37.4,15.3,28,1455,7.04,-39.800000000000004,15.4,28,24.047,-0.384,0,
B-B-low-1,0.43272,1790320836.4661,const,17.5904,5.5896,0.374,0.2,2.6,-1,23.663,0.0,16.111,2616,-6.54,39.1,15.3,28,1456,7.55,-38.900000000000006,15.4,28,24.009,-0.345,0,
B-B-low-1,0.43571,1790320836.4691,const,17.5904,5.5896,0.374,0.2,2.6,-1,23.587,-0.4474,16.121,2614,-7.04,37.4,15.3,28,1456,6.54,-42.300000000000004,15.4,28,24.009,-0.422,0,
B-B-low-1,0.4377,1790320836.4711,const,17.5904,5.5896,0.374,0.2,2.6,-1,23.587,0.0,16.121,2614,-6.54,39.1,15.3,28,1458,7.04,-40.6,15.4,28,23.932,-0.345,0,
B-B-low-1,0.43971,1790320836.4731,const,17.5904,5.5896,0.374,0.2,2.6,-1,23.548,-0.3334,16.125,2613,-6.54,39.1,15.3,28,1459,7.04,-40.6,15.4,28,23.893,-0.345,0,
B-B-low-1,0.44069,1790320836.4741,const,17.5904,5.5896,0.374,0.2,2.6,-1,23.472,-1.3705,16.135,2611,-7.04,38.2,15.3,28,1459,7.04,-41.400000000000006,15.4,28,23.893,-0.422,0,
B-B-low-1,0.44269,1790320836.4761,const,17.5904,5.5896,0.374,0.2,2.6,-1,23.472,0.0,16.135,2611,-6.54,39.900000000000006,15.3,28,1460,7.04,-41.400000000000006,15.4,28,23.855,-0.384,0,
B-B-low-1,0.44469,1790320836.4781,const,17.5904,5.5896,0.374,0.2,2.6,-1,23.433,-0.3348,16.14,2610,-6.54,39.900000000000006,15.3,28,1461,6.54,-42.300000000000004,15.4,28,23.817,-0.384,0,
B-B-low-1,0.44669,1790320836.4801,const,17.5904,5.5896,0.374,0.2,2.6,-1,23.395,-0.3348,16.144,2609,-7.04,39.0,15.3,28,1462,7.04,-41.400000000000006,15.4,28,23.778,-0.384,0,
B-B-low-1,0.44869,1790320836.4821,const,17.5904,5.5896,0.374,0.2,2.6,-1,23.318,-0.6696,16.154,2607,-7.04,38.2,15.3,28,1463,7.04,-41.400000000000006,15.4,28,23.74,-0.422,0,
B-B-low-1,0.45069,1790320836.4841,const,17.5904,5.5896,0.374,0.2,2.6,-1,23.318,0.0,16.154,2607,-6.54,39.900000000000006,15.3,28,1464,7.04,-41.400000000000006,15.4,28,23.702,-0.384,0,
B-B-low-1,0.45369,1790320836.4871,const,17.5904,5.5896,0.374,0.2,2.6,-1,23.241,-0.4472,16.163,2605,-7.04,38.2,15.3,28,1465,7.04,-42.2,15.4,28,23.663,-0.422,0,
B-B-low-1,0.45568,1790320836.4891,const,17.5904,5.5896,0.374,0.2,2.6,-1,23.241,0.0,16.163,2605,-6.54,39.900000000000006,15.3,28,1465,7.04,-42.2,15.4,28,23.663,-0.422,0,
B-B-low-1,0.45768,1790320836.4910,const,17.5904,5.5896,0.374,0.2,2.6,-1,23.203,-0.3362,16.167,2604,-7.04,39.0,15.3,28,1466,7.04,-42.2,15.4,28,23.625,-0.422,0,
B-B-low-1,0.45869,1790320836.4921,const,17.5904,5.5896,0.374,0.2,2.6,-1,23.165,-0.6592,16.172,2603,-6.54,40.7,15.3,28,1467,6.54,-43.900000000000006,15.4,28,23.587,-0.422,0,
B-B-low-1,0.46069,1790320836.4941,const,17.5904,5.5896,0.374,0.2,2.6,-1,23.126,-0.3348,16.177,2602,-7.04,39.800000000000004,15.3,28,1468,6.54,-43.900000000000006,15.4,28,23.548,-0.422,0,
B-B-low-1,0.46368,1790320836.4971,const,17.5904,5.5896,0.374,0.2,2.6,-1,23.088,-0.2237,16.181,2601,-7.04,39.800000000000004,15.3,28,1469,6.54,-43.900000000000006,15.4,28,23.51,-0.422,0,
B-B-low-1,0.46568,1790320836.4991,const,17.5904,5.5896,0.374,0.2,2.6,-1,23.05,-0.3348,16.186,2600,-7.04,39.800000000000004,15.3,28,1470,7.04,-43.0,15.4,28,23.472,-0.422,0,
B-B-low-1,0.46768,1790320836.5010,const,17.5904,5.5896,0.374,0.2,2.6,-1,23.011,-0.335,16.191,2599,-7.04,40.6,15.3,28,1471,6.54,-44.7,15.4,28,23.433,-0.422,0,
B-B-low-1,0.46967,1790320836.5030,const,17.5904,5.5896,0.374,0.2,2.6,-1,22.935,-0.672,16.2,2597,-7.55,38.900000000000006,15.3,28,1473,7.04,-43.0,15.4,28,23.357,-0.422,0,
B-B-low-1,0.47168,1790320836.5050,const,17.5904,5.5896,0.374,0.2,2.6,-1,22.935,0.0,16.2,2597,-7.04,40.6,15.3,28,1474,7.04,-43.0,15.4,28,23.318,-0.384,0,
B-B-low-1,0.47269,1790320836.5061,const,17.5904,5.5896,0.374,0.2,2.6,-1,22.896,-0.6645,16.204,2596,-7.04,40.6,14.0,28,1475,7.04,-43.0,14.1,28,23.28,-0.384,0,
B-B-low-1,0.47568,1790320836.5090,const,17.5904,5.5896,0.374,0.2,2.6,-1,22.858,-0.2237,16.209,2595,-7.04,40.6,14.0,28,1476,7.55,-42.1,14.1,28,23.241,-0.384,0,
B-B-low-1,0.47768,1790320836.5110,const,17.5904,5.5896,0.374,0.2,2.6,-1,22.82,-0.3348,16.214,2594,-7.04,40.6,14.0,28,1477,7.04,-43.0,14.1,28,23.203,-0.384,0,
B-B-low-1,0.47967,1790320836.5130,const,17.5904,5.5896,0.374,0.2,2.6,-1,22.781,-0.336,16.218,2593,-7.04,40.6,14.0,28,1478,7.55,-42.1,14.1,28,23.165,-0.384,0,
B-B-low-1,0.48168,1790320836.5150,const,17.5904,5.5896,0.374,0.2,2.6,-1,22.705,-0.6662,16.227,2591,-7.55,38.900000000000006,14.0,28,1479,7.55,-42.1,14.1,28,23.126,-0.422,0,
B-B-low-1,0.48269,1790320836.5161,const,17.5904,5.5896,0.374,0.2,2.6,-1,22.666,-0.6647,16.232,2590,-8.05,38.0,14.0,28,1480,7.55,-42.1,14.1,28,23.088,-0.422,0,
B-B-low-1,0.48568,1790320836.5191,const,17.5904,5.5896,0.374,0.2,2.6,-1,22.628,-0.2236,16.236,2589,-7.55,38.900000000000006,14.0,28,1482,8.05,-41.2,14.1,28,23.011,-0.384,0,
B-B-low-1,0.48768,1790320836.5211,const,17.5904,5.5896,0.374,0.2,2.6,-1,22.589,-0.3347,16.241,2588,-7.55,38.900000000000006,14.0,28,1483,8.05,-41.2,14.1,28,22.973,-0.384,0,
B-B-low-1,0.48968,1790320836.5230,const,17.5904,5.5896,0.374,0.2,2.6,-1,22.551,-0.3349,16.245,2587,-8.05,38.0,14.0,28,1485,8.55,-39.6,14.1,28,22.896,-0.345,0,
B-B-low-1,0.49168,1790320836.5250,const,17.5904,5.5896,0.374,0.2,2.6,-1,22.474,-0.6692,16.254,2585,-8.05,38.0,14.0,28,1485,8.05,-41.2,14.1,28,22.896,-0.422,0,
B-B-low-1,0.49368,1790320836.5271,const,17.5904,5.5896,0.374,0.2,2.6,-1,22.436,-0.3346,16.259,2584,-8.55,37.2,14.0,28,1487,8.55,-39.6,14.1,28,22.82,-0.384,0,
B-B-low-1,0.49567,1790320836.5290,const,17.5904,5.5896,0.374,0.2,2.6,-1,22.398,-0.3359,16.263,2583,-8.55,37.2,14.0,28,1488,8.55,-39.6,14.1,28,22.781,-0.384,0,
B-B-low-1,0.49768,1790320836.5310,const,17.5904,5.5896,0.374,0.2,2.6,-1,22.359,-0.3336,16.268,2582,-8.55,37.2,14.0,28,1490,9.06,-37.9,14.1,28,22.705,-0.345,0,
B-B-low-1,0.49968,1790320836.5330,const,17.5904,5.5896,0.374,0.2,2.6,-1,22.283,-0.6695,16.277,2580,-8.55,36.4,14.0,28,1490,8.55,-39.6,14.1,28,22.705,-0.422,0,
B-B-low-1,0.50167,1790320836.5350,const,17.5904,5.5896,0.374,0.2,2.6,-1,22.244,-0.336,16.281,2579,-8.55,36.4,14.0,28,1492,9.06,-37.9,14.1,28,22.628,-0.384,0,
B-B-low-1,0.50368,1790320836.5370,const,17.5904,5.5896,0.374,0.2,2.6,-1,22.206,-0.3334,16.286,2578,-8.55,36.4,14.0,28,1493,9.06,-37.9,14.1,28,22.589,-0.384,0,
B-B-low-1,0.50567,1790320836.5390,const,17.5904,5.5896,0.374,0.2,2.6,-1,22.129,-0.6721,16.295,2576,-9.56,34.6,14.0,28,1494,9.06,-37.9,14.1,28,22.551,-0.422,0,
B-B-low-1,0.50768,1790320836.5410,const,17.5904,5.5896,0.374,0.2,2.6,-1,22.091,-0.3335,16.299,2575,-9.06,35.5,14.0,28,1496,9.56,-36.2,14.1,28,22.474,-0.384,0,
B-B-low-1,0.50968,1790320836.5430,const,17.5904,5.5896,0.374,0.2,2.6,-1,22.053,-0.3348,16.303,2574,-9.06,35.5,14.0,28,1497,9.06,-37.9,14.1,28,22.436,-0.384,0,
B-B-low-1,0.51168,1790320836.5450,const,17.5904,5.5896,0.374,0.2,2.6,-1,21.976,-0.6693,16.312,2572,-9.56,33.800000000000004,14.0,28,1498,9.06,-37.9,14.1,28,22.398,-0.422,0,
B-B-low-1,0.51367,1790320836.5470,const,17.5904,5.5896,0.374,0.2,2.6,-1,21.938,-0.336,16.317,2571,-9.56,33.800000000000004,14.0,28,1499,9.06,-37.9,14.1,28,22.359,-0.422,0,
B-B-low-1,0.51568,1790320836.5490,const,17.5904,5.5896,0.374,0.2,2.6,-1,21.899,-0.3334,16.321,2570,-9.56,33.800000000000004,14.0,28,1501,9.56,-36.2,14.1,28,22.283,-0.384,0,
B-B-low-1,0.51767,1790320836.5510,const,17.5904,5.5896,0.374,0.2,2.6,-1,21.861,-0.3358,16.325,2569,-9.56,33.800000000000004,14.0,28,1503,10.06,-34.5,14.1,28,22.206,-0.345,0,
B-B-low-1,0.51968,1790320836.5530,const,17.5904,5.5896,0.374,0.2,2.6,-1,21.822,-0.3336,16.33,2568,-9.56,33.800000000000004,14.0,28,1504,10.06,-34.5,14.1,28,22.168,-0.345,0,
B-B-low-1,0.52168,1790320836.5550,const,17.5904,5.5896,0.374,0.2,2.6,-1,21.784,-0.3348,16.334,2567,-9.06,34.7,14.0,28,1505,9.56,-35.4,14.1,28,22.129,-0.345,0,
B-B-low-1,0.52368,1790320836.5570,const,17.5904,5.5896,0.374,0.2,2.6,-1,21.707,-0.669,16.343,2565,-9.06,34.7,14.0,28,1506,9.56,-35.4,14.1,28,22.091,-0.384,0,
B-B-low-1,0.52568,1790320836.5590,const,17.5904,5.5896,0.374,0.2,2.6,-1,21.631,-0.6697,16.352,2563,-9.56,33.0,14.0,28,1507,9.56,-35.4,14.1,28,22.053,-0.422,0,
B-B-low-1,0.52768,1790320836.5610,const,17.5904,5.5896,0.374,0.2,2.6,-1,21.631,0.0,16.352,2563,-9.06,34.7,14.0,28,1509,9.56,-35.4,14.1,28,21.976,-0.345,0,
B-B-low-1,0.52968,1790320836.5630,const,17.5904,5.5896,0.374,0.2,2.6,-1,21.554,-0.6694,16.36,2561,-9.56,33.0,14.0,28,1510,9.56,-35.4,14.1,28,21.938,-0.384,0,
B-B-low-1,0.53168,1790320836.5650,const,17.5904,5.5896,0.374,0.2,2.6,-1,21.516,-0.3347,16.365,2560,-9.06,33.9,14.0,28,1511,9.06,-36.300000000000004,14.1,28,21.899,-0.384,0,
B-B-low-1,0.53368,1790320836.5670,const,17.5904,5.5896,0.374,0.2,2.6,-1,21.477,-0.3348,16.369,2559,-9.06,33.9,14.0,28,1512,9.56,-35.4,14.1,28,21.861,-0.384,0,
B-B-low-1,0.53567,1790320836.5690,const,17.5904,5.5896,0.374,0.2,2.6,-1,21.401,-0.6718,16.377,2557,-9.56,32.2,14.0,28,1514,9.06,-35.5,14.1,28,21.784,-0.384,0,
B-B-low-1,0.53768,1790320836.5710,const,17.5904,5.5896,0.374,0.2,2.6,-1,21.362,-0.3335,16.382,2556,-9.56,32.2,14.0,28,1515,9.56,-34.6,14.1,28,21.746,-0.384,0,
B-B-low-1,0.53968,1790320836.5730,const,17.5904,5.5896,0.374,0.2,2.6,-1,21.324,-0.3346,16.386,2555,-9.56,32.2,14.0,28,1517,9.56,-33.800000000000004,14.1,28,21.669,-0.345,0,
B-B-low-1,0.54168,1790320836.5750,const,17.5904,5.5896,0.374,0.2,2.6,-1,21.286,-0.3349,16.39,2554,-9.06,33.9,14.0,28,1517,9.06,-35.5,14.1,28,21.669,-0.384,0,
B-B-low-1,0.54368,1790320836.5770,const,17.5904,5.5896,0.374,0.2,2.6,-1,21.247,-0.3347,16.395,2553,-9.06,33.9,14.0,28,1519,9.56,-33.800000000000004,14.1,28,21.592,-0.345,0,
B-B-low-1,0.54568,1790320836.5790,const,17.5904,5.5896,0.374,0.2,2.6,-1,21.209,-0.3348,16.399,2552,-8.55,34.800000000000004,14.0,28,1519,8.55,-36.4,14.1,28,21.592,-0.384,0,
B-B-low-1,0.54767,1790320836.5810,const,17.5904,5.5896,0.374,0.2,2.6,-1,21.17,-0.3354,16.403,2551,-8.55,34.800000000000004,14.0,28,1520,9.06,-35.5,14.1,28,21.554,-0.384,0,
B-B-low-1,0.54967,1790320836.5830,const,17.5904,5.5896,0.374,0.2,2.6,-1,21.094,-0.6697,16.412,2549,-9.06,33.9,14.0,28,1522,8.55,-36.4,14.1,28,21.477,-0.384,0,
B-B-low-1,0.55168,1790320836.5850,const,17.5904,5.5896,0.374,0.2,2.6,-1,21.055,-0.3338,16.416,2548,-8.55,34.800000000000004,14.0,28,1523,9.06,-35.5,14.1,28,21.439,-0.384,0,
B-B-low-1,0.55367,1790320836.5870,const,17.5904,5.5896,0.374,0.2,2.6,-1,21.017,-0.336,16.42,2547,-8.55,34.800000000000004,14.0,28,1524,9.06,-35.5,14.1,28,21.401,-0.384,0,
B-B-low-1,0.55568,1790320836.5890,const,17.5904,5.5896,0.374,0.2,2.6,-1,20.979,-0.3335,16.424,2546,-8.55,34.800000000000004,14.0,28,1525,8.55,-36.4,14.1,28,21.362,-0.384,0,
B-B-low-1,0.55768,1790320836.5910,const,17.5904,5.5896,0.374,0.2,2.6,-1,20.94,-0.3347,16.429,2545,-8.55,34.800000000000004,14.0,28,1526,8.55,-36.4,14.1,28,21.324,-0.384,0,
B-B-low-1,0.55968,1790320836.5930,const,17.5904,5.5896,0.374,0.2,2.6,-1,20.902,-0.3347,16.433,2544,-8.05,35.6,14.0,28,1528,8.55,-35.6,14.1,28,21.247,-0.345,0,
B-B-low-1,0.56165,1790320836.5950,const,17.5904,5.5896,0.374,0.2,2.6,-1,20.825,-0.6772,16.441,2542,-9.06,33.1,14.0,28,1528,8.05,-37.2,14.1,28,21.247,-0.422,0,
B-B-low-1,0.56368,1790320836.5970,const,17.5904,5.5896,0.374,0.2,2.6,-1,20.787,-0.33,16.445,2541,-8.55,34.0,14.0,28,1530,8.55,-35.6,14.1,28,21.17,-0.384,0,
B-B-low-1,0.56568,1790320836.5990,const,17.5904,5.5896,0.374,0.2,2.6,-1,20.749,-0.3356,16.449,2540,-8.55,34.0,14.0,28,1531,8.55,-35.6,14.1,28,21.132,-0.384,0,
B-B-low-1,0.56767,1790320836.6010,const,17.5904,5.5896,0.374,0.2,2.6,-1,20.71,-0.336,16.454,2539,-8.55,34.0,14.0,28,1533,8.55,-35.6,14.1,28,21.055,-0.345,0,
B-B-low-1,0.56968,1790320836.6030,const,17.5904,5.5896,0.374,0.2,2.6,-1,20.71,0.0,16.454,2539,-8.05,35.6,14.0,28,1534,8.55,-35.6,14.1,28,21.017,-0.307,0,
B-B-low-1,0.57168,1790320836.6050,const,17.5904,5.5896,0.374,0.2,2.6,-1,20.634,-0.6695,16.462,2537,-8.55,34.0,14.0,28,1536,8.55,-35.6,14.1,28,20.94,-0.307,0,
B-B-low-1,0.57368,1790320836.6070,const,17.5904,5.5896,0.374,0.2,2.6,-1,20.557,-0.6691,16.47,2535,-8.55,34.0,14.0,28,1537,8.55,-35.6,14.1,28,20.902,-0.345,0,
B-B-low-1,0.57567,1790320836.6090,const,17.5904,5.5896,0.374,0.2,2.6,-1,20.518,-0.3349,16.474,2534,-8.55,34.0,14.0,28,1538,8.55,-35.6,14.1,28,20.864,-0.345,0,
B-B-low-1,0.57767,1790320836.6110,const,17.5904,5.5896,0.374,0.2,2.6,-1,20.518,0.0,16.474,2534,-8.05,35.6,14.0,28,1540,9.06,-34.7,14.1,28,20.787,-0.268,0,
B-B-low-1,0.57968,1790320836.6130,const,17.5904,5.5896,0.374,0.2,2.6,-1,20.48,-0.3345,16.478,2533,-8.05,35.6,14.0,28,1541,8.55,-35.6,14.1,28,20.749,-0.268,0,
B-B-low-1,0.58167,1790320836.6150,const,17.5904,5.5896,0.374,0.2,2.6,-1,20.403,-0.6697,16.487,2531,-8.05,35.6,14.0,28,1542,9.06,-34.7,14.1,28,20.71,-0.307,0,
B-B-low-1,0.58367,1790320836.6170,const,17.5904,5.5896,0.374,0.2,2.6,-1,20.365,-0.3358,16.491,2530,-8.55,34.800000000000004,14.0,28,1543,8.55,-35.6,14.1,28,20.672,-0.307,0,
B-B-low-1,0.58567,1790320836.6190,const,17.5904,5.5896,0.374,0.2,2.6,-1,20.327,-0.3336,16.495,2529,-8.55,34.800000000000004,14.0,28,1545,9.06,-33.9,14.1,28,20.595,-0.268,0,
B-B-low-1,0.58767,1790320836.6210,const,17.5904,5.5896,0.374,0.2,2.6,-1,20.25,-0.6695,16.503,2527,-8.55,34.0,14.0,28,1546,9.06,-33.9,14.1,28,20.557,-0.307,0,
B-B-low-1,0.58967,1790320836.6230,const,17.5904,5.5896,0.374,0.2,2.6,-1,20.25,0.0,16.503,2527,-8.55,34.800000000000004,15.9,28,1547,9.06,-33.9,14.2,28,20.518,-0.268,0,
B-B-low-1,0.59168,1790320836.6250,const,17.5904,5.5896,0.374,0.2,2.6,-1,20.173,-0.6665,16.511,2525,-8.55,34.0,15.9,28,1548,9.06,-33.9,14.2,28,20.48,-0.307,0,
B-B-low-1,0.59367,1790320836.6270,const,17.5904,5.5896,0.374,0.2,2.6,-1,20.135,-0.335,16.515,2524,-8.55,34.0,15.9,28,1549,9.06,-33.9,14.2,28,20.442,-0.307,0,
B-B-low-1,0.59569,1790320836.6291,const,17.5904,5.5896,0.374,0.2,2.6,-1,20.097,-0.3322,16.519,2523,-8.55,34.0,15.9,28,1550,8.55,-34.800000000000004,14.2,28,20.403,-0.307,0,
B-B-low-1,0.59767,1790320836.6310,const,17.5904,5.5896,0.374,0.2,2.6,-1,20.058,-0.3371,16.523,2522,-8.55,34.0,15.9,28,1552,9.06,-33.1,14.2,28,20.327,-0.268,0,
B-B-low-1,0.59967,1790320836.6330,const,17.5904,5.5896,0.374,0.2,2.6,-1,19.982,-0.6701,16.531,2520,-8.55,34.0,15.9,28,1553,9.06,-33.9,14.2,28,20.288,-0.307,0,
B-B-low-1,0.60167,1790320836.6350,const,17.5904,5.5896,0.374,0.2,2.6,-1,19.943,-0.3357,16.535,2519,-8.55,34.0,15.9,28,1554,8.55,-34.800000000000004,14.2,28,20.25,-0.307,0,
B-B-low-1,0.60366,1790320836.6370,const,17.5904,5.5896,0.374,0.2,2.6,-1,19.905,-0.335,16.539,2518,-8.55,34.0,15.9,28,1556,9.06,-33.1,14.2,28,20.173,-0.268,0,
B-B-low-1,0.60566,1790320836.6390,const,17.5904,5.5896,0.374,0.2,2.6,-1,19.866,-0.3347,16.543,2517,-8.55,34.0,15.9,28,1556,8.55,-34.800000000000004,14.2,28,20.173,-0.307,0,
B-B-low-1,0.60767,1790320836.6410,const,17.5904,5.5896,0.374,0.2,2.6,-1,19.828,-0.3336,16.547,2516,-8.55,34.0,15.9,28,1558,9.06,-33.1,14.2,28,20.097,-0.268,0,
B-B-low-1,0.60967,1790320836.6430,const,17.5904,5.5896,0.374,0.2,2.6,-1,19.79,-0.3347,16.551,2515,-8.55,34.0,15.9,28,1559,8.55,-34.0,14.2,28,20.058,-0.268,0,
B-B-low-1,0.61167,1790320836.6450,const,17.5904,5.5896,0.374,0.2,2.6,-1,19.751,-0.3347,16.555,2514,-8.55,34.0,15.9,28,1561,9.06,-32.300000000000004,14.2,28,19.982,-0.23,0,
B-B-low-1,0.61367,1790320836.6470,const,17.5904,5.5896,0.374,0.2,2.6,-1,19.675,-0.6694,16.563,2512,-8.55,33.2,15.9,28,1561,9.06,-33.1,14.2,28,19.982,-0.307,0,
B-B-low-1,0.61567,1790320836.6490,const,17.5904,5.5896,0.374,0.2,2.6,-1,19.636,-0.3348,16.567,2511,-8.55,33.2,15.9,28,1562,8.55,-34.0,14.2,28,19.943,-0.307,0,
B-B-low-1,0.61767,1790320836.6510,const,17.5904,5.5896,0.374,0.2,2.6,-1,19.598,-0.3342,16.571,2510,-8.55,33.2,15.9,28,1564,8.55,-34.0,14.2,28,19.866,-0.268,0,
B-B-low-1,0.61967,1790320836.6530,const,17.5904,5.5896,0.374,0.2,2.6,-1,19.56,-0.3357,16.575,2509,-8.55,33.2,15.9,28,1565,9.06,-33.1,14.2,28,19.828,-0.268,0,
B-B-low-1,0.62166,1790320836.6550,const,17.5904,5.5896,0.374,0.2,2.6,-1,19.521,-0.3351,16.579,2508,-8.55,34.0,15.9,28,1566,8.55,-34.0,14.2,28,19.79,-0.268,0,
B-B-low-1,0.62367,1790320836.6570,const,17.5904,5.5896,0.374,0.2,2.6,-1,19.445,-0.6693,16.587,2506,-8.55,33.2,15.9,28,1567,8.55,-34.0,14.2,28,19.751,-0.307,0,
B-B-low-1,0.62565,1790320836.6590,const,17.5904,5.5896,0.374,0.2,2.6,-1,19.406,-0.3374,16.591,2505,-8.55,33.2,15.9,28,1568,8.55,-34.0,14.2,28,19.713,-0.307,0,
B-B-low-1,0.62775,1790320836.6611,const,17.5904,5.5896,0.374,0.2,2.6,-1,19.406,0.0,16.591,2505,-8.05,34.800000000000004,15.9,28,1569,8.05,-34.800000000000004,14.2,28,19.675,-0.268,0,
B-B-low-1,0.62972,1790320836.6631,const,17.5904,5.5896,0.374,0.2,2.6,-1,19.33,-0.6791,16.599,2503,-8.55,33.2,15.9,28,1570,8.05,-34.800000000000004,14.2,28,19.636,-0.307,0,
B-B-low-1,0.63173,1790320836.6651,const,17.5904,5.5896,0.374,0.2,2.6,-1,19.291,-0.3334,16.603,2502,-8.05,34.800000000000004,15.9,28,1571,8.05,-34.800000000000004,14.2,28,19.598,-0.307,0,
B-B-low-1,0.63373,1790320836.6671,const,17.5904,5.5896,0.374,0.2,2.6,-1,19.253,-0.3351,16.607,2501,-8.55,34.0,15.9,28,1572,8.05,-34.800000000000004,14.2,28,19.56,-0.307,0,
B-B-low-1,0.63577,1790320836.6691,const,17.5904,5.5896,0.374,0.2,2.6,-1,19.214,-0.3283,16.61,2500,-8.05,34.800000000000004,15.9,28,1573,8.05,-34.800000000000004,14.2,28,19.521,-0.307,0,
B-B-low-1,0.63769,1790320836.6711,const,17.5904,5.5896,0.374,0.2,2.6,-1,19.176,-0.3477,16.614,2499,-8.05,34.800000000000004,15.9,28,1574,7.55,-35.7,14.2,28,19.483,-0.307,0,
B-B-low-1,0.63967,1790320836.6730,const,17.5904,5.5896,0.374,0.2,2.6,-1,19.138,-0.3387,16.618,2498,-8.05,34.800000000000004,15.9,28,1575,8.05,-34.800000000000004,14.2,28,19.445,-0.307,0,
B-B-low-1,0.64167,1790320836.6750,const,17.5904,5.5896,0.374,0.2,2.6,-1,19.099,-0.3353,16.622,2497,-8.05,34.800000000000004,15.9,28,1576,7.55,-36.5,14.2,28,19.406,-0.307,0,
B-B-low-1,0.64367,1790320836.6770,const,17.5904,5.5896,0.374,0.2,2.6,-1,19.061,-0.3342,16.626,2496,-8.05,34.800000000000004,15.9,28,1577,7.55,-36.5,14.2,28,19.368,-0.307,0,
B-B-low-1,0.64567,1790320836.6790,const,17.5904,5.5896,0.374,0.2,2.6,-1,18.984,-0.6676,16.634,2494,-7.55,35.7,15.9,28,1578,7.55,-36.5,14.2,28,19.33,-0.345,0,
B-B-low-1,0.64767,1790320836.6810,const,17.5904,5.5896,0.374,0.2,2.6,-1,18.946,-0.3356,16.637,2493,-8.05,34.800000000000004,15.9,28,1578,7.04,-38.2,14.2,28,19.33,-0.384,0,
B-B-low-1,0.64967,1790320836.6830,const,17.5904,5.5896,0.374,0.2,2.6,-1,18.908,-0.3351,16.641,2492,-7.55,36.5,15.9,28,1580,7.04,-37.4,14.2,28,19.253,-0.345,0,
B-B-low-1,0.65167,1790320836.6850,const,17.5904,5.5896,0.374,0.2,2.6,-1,18.831,-0.6688,16.649,2490,-8.05,34.800000000000004,15.9,28,1581,7.55,-36.5,14.2,28,19.214,-0.384,0,
B-B-low-1,0.65367,1790320836.6870,const,17.5904,5.5896,0.374,0.2,2.6,-1,18.831,0.0,16.649,2490,-7.55,36.5,15.9,28,1582,7.04,-37.4,14.2,28,19.176,-0.345,0,
B-B-low-1,0.65567,1790320836.6890,const,17.5904,5.5896,0.374,0.2,2.6,-1,18.793,-0.3348,16.653,2489,-7.55,36.5,15.9,28,1582,6.54,-39.1,14.2,28,19.176,-0.384,0,
B-B-low-1,0.65767,1790320836.6910,const,17.5904,5.5896,0.374,0.2,2.6,-1,18.754,-0.3347,16.656,2488,-7.55,36.5,15.9,28,1583,7.04,-38.2,14.2,28,19.138,-0.384,0,
B-B-low-1,0.65967,1790320836.6930,const,17.5904,5.5896,0.374,0.2,2.6,-1,18.754,0.0,16.656,2488,-6.54,39.1,15.9,28,1585,7.04,-38.2,14.2,28,19.061,-0.307,0,
B-B-low-1,0.66167,1790320836.6950,const,17.5904,5.5896,0.374,0.2,2.6,-1,18.678,-0.6703,16.664,2486,-7.55,36.5,15.9,28,1586,7.55,-37.300000000000004,14.2,28,19.023,-0.345,0,
B-B-low-1,0.66367,1790320836.6970,const,17.5904,5.5896,0.374,0.2,2.6,-1,18.639,-0.3348,16.668,2485,-7.04,38.2,15.9,28,1586,7.04,-39.0,14.2,28,19.023,-0.384,0,
B-B-low-1,0.66565,1790320836.6990,const,17.5904,5.5896,0.374,0.2,2.6,-1,18.601,-0.3373,16.671,2484,-7.04,38.2,15.9,28,1588,7.04,-38.2,14.2,28,18.946,-0.345,0,
B-B-low-1,0.66767,1790320836.7010,const,17.5904,5.5896,0.374,0.2,2.6,-1,18.562,-0.3317,16.675,2483,-7.04,38.2,15.9,28,1589,7.04,-38.2,14.2,28,18.908,-0.345,0,
B-B-low-1,0.66967,1790320836.7030,const,17.5904,5.5896,0.374,0.2,2.6,-1,18.524,-0.335,16.679,2482,-7.04,38.2,15.9,28,1590,7.04,-38.2,14.2,28,18.869,-0.345,0,
B-B-low-1,0.67166,1790320836.7050,const,17.5904,5.5896,0.374,0.2,2.6,-1,18.486,-0.3351,16.683,2481,-7.55,37.300000000000004,15.9,28,1590,7.04,-39.0,14.2,28,18.869,-0.384,0,
B-B-low-1,0.67367,1790320836.7070,const,17.5904,5.5896,0.374,0.2,2.6,-1,18.447,-0.3343,16.686,2480,-7.04,38.2,15.9,28,1592,7.55,-37.300000000000004,14.2,28,18.793,-0.345,0,
B-B-low-1,0.67567,1790320836.7090,const,17.5904,5.5896,0.374,0.2,2.6,-1,18.409,-0.3348,16.69,2479,-7.55,37.300000000000004,15.9,28,1592,7.04,-39.0,14.2,28,18.793,-0.384,0,
B-B-low-1,0.67767,1790320836.7110,const,17.5904,5.5896,0.374,0.2,2.6,-1,18.371,-0.3347,16.694,2478,-7.04,38.2,15.9,28,1594,7.55,-38.1,14.2,28,18.716,-0.345,0,
B-B-low-1,0.67967,1790320836.7130,const,17.5904,5.5896,0.374,0.2,2.6,-1,18.332,-0.3347,16.698,2477,-7.55,37.300000000000004,15.9,28,1595,7.55,-38.1,14.2,28,18.678,-0.345,0,
B-B-low-1,0.68167,1790320836.7150,const,17.5904,5.5896,0.374,0.2,2.6,-1,18.294,-0.3347,16.701,2476,-7.04,39.0,15.9,28,1596,7.55,-38.1,14.2,28,18.639,-0.345,0,
B-B-low-1,0.68367,1790320836.7170,const,17.5904,5.5896,0.374,0.2,2.6,-1,18.256,-0.3347,16.705,2475,-7.55,38.1,15.9,28,1597,7.55,-38.1,14.2,28,18.601,-0.345,0,
B-B-low-1,0.68567,1790320836.7190,const,17.5904,5.5896,0.374,0.2,2.6,-1,18.217,-0.3343,16.709,2474,-7.55,38.1,15.9,28,1598,7.55,-38.1,14.2,28,18.562,-0.345,0,
B-B-low-1,0.68766,1790320836.7210,const,17.5904,5.5896,0.374,0.2,2.6,-1,18.179,-0.3352,16.712,2473,-7.55,38.1,15.9,28,1599,7.55,-38.1,14.2,28,18.524,-0.345,0,
B-B-low-1,0.68965,1790320836.7230,const,17.5904,5.5896,0.374,0.2,2.6,-1,18.141,-0.3368,16.716,2472,-7.55,38.1,15.9,28,1600,7.55,-38.1,14.2,28,18.486,-0.345,0,
B-B-low-1,0.69167,1790320836.7250,const,17.5904,5.5896,0.374,0.2,2.6,-1,18.064,-0.6649,16.723,2470,-7.55,37.300000000000004,15.9,28,1602,8.05,-37.2,14.2,28,18.409,-0.345,0,
B-B-low-1,0.69367,1790320836.7270,const,17.5904,5.5896,0.374,0.2,2.6,-1,18.026,-0.3346,16.727,2469,-7.55,37.300000000000004,15.9,28,1603,8.05,-37.2,14.2,28,18.371,-0.345,0,
B-B-low-1,0.69566,1790320836.7290,const,17.5904,5.5896,0.374,0.2,2.6,-1,18.026,0.0,16.727,2469,-7.04,39.0,15.9,28,1604,8.05,-37.2,14.2,28,18.332,-0.307,0,
B-B-low-1,0.69766,1790320836.7310,const,17.5904,5.5896,0.374,0.2,2.6,-1,17.949,-0.6694,16.734,2467,-8.05,36.4,15.9,28,1605,8.05,-37.2,14.2,28,18.294,-0.345,0,
B-B-low-1,0.69967,1790320836.7330,const,17.5904,5.5896,0.374,0.2,2.6,-1,17.949,0.0,16.734,2467,-7.55,38.900000000000006,15.9,28,1606,8.05,-37.2,14.2,28,18.256,-0.307,0,
B-B-low-1,0.70166,1790320836.7350,const,17.5904,5.5896,0.374,0.2,2.6,-1,17.911,-0.3353,16.738,2466,-7.55,38.900000000000006,15.9,28,1607,8.05,-37.2,14.2,28,18.217,-0.307,0,
B-B-low-1,0.70367,1790320836.7370,const,17.5904,5.5896,0.374,0.2,2.6,-1,17.834,-0.6682,16.745,2464,-8.05,37.2,15.9,28,1608,8.05,-37.2,14.2,28,18.179,-0.345,0,
B-B-low-1,0.70566,1790320836.7390,const,17.5904,5.5896,0.374,0.2,2.6,-1,17.795,-0.3351,16.749,2463,-7.55,38.1,14.2,28,1609,8.05,-37.2,14.1,28,18.141,-0.345,0,
B-B-low-1,0.70767,1790320836.7410,const,17.5904,5.5896,0.374,0.2,2.6,-1,17.757,-0.334,16.752,2462,-7.55,38.1,14.2,28,1610,8.05,-37.2,14.1,28,18.102,-0.345,0,
B-B-low-1,0.70967,1790320836.7430,const,17.5904,5.5896,0.374,0.2,2.6,-1,17.719,-0.3349,16.756,2461,-8.05,37.2,14.2,28,1611,7.55,-38.900000000000006,14.1,28,18.064,-0.345,0,
B-B-low-1,0.71167,1790320836.7450,const,17.5904,5.5896,0.374,0.2,2.6,-1,17.68,-0.3343,16.759,2460,-8.05,37.2,14.2,28,1612,8.05,-38.0,14.1,28,18.026,-0.345,0,
B-B-low-1,0.71367,1790320836.7470,const,17.5904,5.5896,0.374,0.2,2.6,-1,17.642,-0.3352,16.763,2459,-7.55,38.900000000000006,14.2,28,1613,7.55,-38.900000000000006,14.1,28,17.987,-0.345,0,
B-B-low-1,0.71566,1790320836.7490,const,17.5904,5.5896,0.374,0.2,2.6,-1,17.565,-0.6717,16.77,2457,-8.55,36.4,14.2,28,1614,8.05,-38.0,14.1,28,17.949,-0.384,0,
B-B-low-1,0.71767,1790320836.7510,const,17.5904,5.5896,0.374,0.2,2.6,-1,17.527,-0.3335,16.774,2456,-8.55,36.4,14.2,28,1616,8.05,-37.2,14.1,28,17.872,-0.345,0,
B-B-low-1,0.71967,1790320836.7530,const,17.5904,5.5896,0.374,0.2,2.6,-1,17.489,-0.3347,16.777,2455,-8.55,36.4,14.2,28,1617,8.05,-37.2,14.1,28,17.834,-0.345,0,
B-B-low-1,0.72167,1790320836.7550,const,17.5904,5.5896,0.374,0.2,2.6,-1,17.45,-0.3347,16.781,2454,-8.05,37.2,14.2,28,1618,8.05,-37.2,14.1,28,17.795,-0.345,0,
B-B-low-1,0.72367,1790320836.7570,const,17.5904,5.5896,0.374,0.2,2.6,-1,17.412,-0.3346,16.784,2453,-8.05,37.2,14.2,28,1619,8.05,-37.2,14.1,28,17.757,-0.345,0,
B-B-low-1,0.72566,1790320836.7590,const,17.5904,5.5896,0.374,0.2,2.6,-1,17.374,-0.3349,16.788,2452,-8.05,37.2,14.2,28,1620,8.05,-37.2,14.1,28,17.719,-0.345,0,
B-B-low-1,0.72767,1790320836.7610,const,17.5904,5.5896,0.374,0.2,2.6,-1,17.335,-0.3344,16.791,2451,-8.05,37.2,14.2,28,1620,7.55,-38.900000000000006,14.1,28,17.719,-0.384,0,
B-B-low-1,0.72967,1790320836.7630,const,17.5904,5.5896,0.374,0.2,2.6,-1,17.297,-0.3346,16.795,2450,-8.05,37.2,14.2,28,1622,8.05,-37.2,14.1,28,17.642,-0.345,0,
B-B-low-1,0.73166,1790320836.7650,const,17.5904,5.5896,0.374,0.2,2.6,-1,17.22,-0.6702,16.802,2448,-8.05,37.2,14.2,28,1623,8.05,-38.0,14.1,28,17.604,-0.384,0,
B-B-low-1,0.73366,1790320836.7670,const,17.5904,5.5896,0.374,0.2,2.6,-1,17.182,-0.3361,16.805,2447,-8.05,37.2,14.2,28,1624,8.05,-38.0,14.1,28,17.565,-0.384,0,
B-B-low-1,0.73566,1790320836.7690,const,17.5904,5.5896,0.374,0.2,2.6,-1,17.143,-0.3332,16.809,2446,-8.05,37.2,14.2,28,1624,7.55,-39.7,14.1,28,17.565,-0.422,0,
B-B-low-1,0.73766,1790320836.7710,const,17.5904,5.5896,0.374,0.2,2.6,-1,17.105,-0.336,16.812,2445,-8.05,37.2,14.2,28,1625,7.55,-39.7,14.1,28,17.527,-0.422,0,
B-B-low-1,0.73966,1790320836.7730,const,17.5904,5.5896,0.374,0.2,2.6,-1,17.067,-0.3336,16.816,2444,-8.55,36.4,14.2,28,1626,7.55,-39.7,14.1,28,17.489,-0.422,0,
B-B-low-1,0.74167,1790320836.7750,const,17.5904,5.5896,0.374,0.2,2.6,-1,17.028,-0.3343,16.819,2443,-8.05,38.0,14.2,28,1627,7.04,-40.6,14.1,28,17.45,-0.422,0,
B-B-low-1,0.74366,1790320836.7770,const,17.5904,5.5896,0.374,0.2,2.6,-1,16.99,-0.3361,16.823,2442,-8.05,38.0,14.2,28,1628,7.04,-40.6,14.1,28,17.412,-0.422,0,
B-B-low-1,0.74566,1790320836.7790,const,17.5904,5.5896,0.374,0.2,2.6,-1,16.952,-0.3338,16.826,2441,-8.05,38.0,14.2,28,1629,7.04,-40.6,14.1,28,17.374,-0.422,0,
B-B-low-1,0.74766,1790320836.7810,const,17.5904,5.5896,0.374,0.2,2.6,-1,16.913,-0.3348,16.829,2440,-8.05,38.0,14.2,28,1630,7.04,-40.6,14.1,28,17.335,-0.422,0,
B-B-low-1,0.74967,1790320836.7830,const,17.5904,5.5896,0.374,0.2,2.6,-1,16.913,0.0,16.829,2440,-7.55,39.7,14.2,28,1631,6.54,-42.300000000000004,14.1,28,17.297,-0.384,0,
B-B-low-1,0.75167,1790320836.7850,const,17.5904,5.5896,0.374,0.2,2.6,-1,16.875,-0.3351,16.833,2439,-7.55,39.7,14.2,28,1632,7.04,-41.400000000000006,14.1,28,17.259,-0.384,0,
B-B-low-1,0.75366,1790320836.7870,const,17.5904,5.5896,0.374,0.2,2.6,-1,16.837,-0.3347,16.836,2438,-7.55,39.7,14.2,28,1633,7.04,-41.400000000000006,14.1,28,17.22,-0.384,0,
B-B-low-1,0.75566,1790320836.7890,const,17.5904,5.5896,0.374,0.2,2.6,-1,16.76,-0.67,16.843,2436,-7.55,38.900000000000006,14.2,28,1634,7.04,-41.400000000000006,14.1,28,17.182,-0.422,0,
B-B-low-1,0.75766,1790320836.7910,const,17.5904,5.5896,0.374,0.2,2.6,-1,16.722,-0.3349,16.846,2435,-7.55,38.900000000000006,14.2,28,1635,7.04,-41.400000000000006,14.1,28,17.143,-0.422,0,
B-B-low-1,0.75964,1790320836.7930,const,17.5904,5.5896,0.374,0.2,2.6,-1,16.683,-0.3384,16.85,2434,-7.55,38.900000000000006,14.2,28,1637,7.55,-39.7,14.1,28,17.067,-0.384,0,
B-B-low-1,0.76166,1790320836.7950,const,17.5904,5.5896,0.374,0.2,2.6,-1,16.645,-0.3309,16.853,2433,-7.55,38.900000000000006,14.2,28,1638,7.55,-39.7,14.1,28,17.028,-0.384,0,
B-B-low-1,0.76367,1790320836.7970,const,17.5904,5.5896,0.374,0.2,2.6,-1,16.607,-0.3336,16.857,2432,-7.55,39.7,14.2,28,1639,7.55,-39.7,14.1,28,16.99,-0.384,0,
B-B-low-1,0.76564,1790320836.7990,const,17.5904,5.5896,0.374,0.2,2.6,-1,16.53,-0.68,16.863,2430,-7.55,39.7,14.2,28,1640,7.55,-39.7,14.1,28,16.952,-0.422,0,
B-B-low-1,0.76765,1790320836.8010,const,17.5904,5.5896,0.374,0.2,2.6,-1,16.453,-0.6663,16.87,2428,-8.05,38.0,14.2,28,1641,7.55,-40.5,14.1,28,16.913,-0.46,0,
B-B-low-1,0.76966,1790320836.8030,const,17.5904,5.5896,0.374,0.2,2.6,-1,16.453,0.0,16.87,2428,-7.55,39.7,14.2,28,1643,8.05,-38.800000000000004,14.1,28,16.837,-0.384,0,
B-B-low-1,0.77169,1790320836.8051,const,17.5904,5.5896,0.374,0.2,2.6,-1,16.376,-0.662,16.877,2426,-8.05,38.0,14.2,28,1644,8.55,-38.0,14.1,28,16.798,-0.422,0,
B-B-low-1,0.77366,1790320836.8070,const,17.5904,5.5896,0.374,0.2,2.6,-1,16.338,-0.3389,16.88,2425,-7.55,38.900000000000006,14.2,28,1644,8.05,-39.6,14.1,28,16.798,-0.46,0,
B-B-low-1,0.77566,1790320836.8090,const,17.5904,5.5896,0.374,0.2,2.6,-1,16.261,-0.6695,16.887,2423,-8.55,36.4,14.2,28,1646,8.55,-38.0,14.1,28,16.722,-0.46,0,
B-B-low-1,0.77766,1790320836.8110,const,17.5904,5.5896,0.374,0.2,2.6,-1,16.261,0.0,16.887,2423,-8.05,38.800000000000004,14.2,28,1647,8.55,-38.0,14.1,28,16.683,-0.422,0,
B-B-low-1,0.77966,1790320836.8130,const,17.5904,5.5896,0.374,0.2,2.6,-1,16.223,-0.3347,16.89,2422,-8.05,38.800000000000004,14.2,28,1648,8.55,-38.0,14.1,28,16.645,-0.422,0,
B-B-low-1,0.78165,1790320836.8150,const,17.5904,5.5896,0.374,0.2,2.6,-1,16.146,-0.6725,16.896,2420,-8.55,37.2,14.2,28,1650,9.06,-36.300000000000004,14.1,28,16.568,-0.422,0,
B-B-low-1,0.78366,1790320836.8170,const,17.5904,5.5896,0.374,0.2,2.6,-1,16.108,-0.3338,16.9,2419,-8.55,37.2,14.2,28,1651,8.55,-37.2,14.1,28,16.53,-0.422,0,
B-B-low-1,0.78564,1790320836.8190,const,17.5904,5.5896,0.374,0.2,2.6,-1,16.07,-0.339,16.903,2418,-8.55,37.2,14.2,28,1652,8.55,-37.2,14.1,28,16.491,-0.422,0,
B-B-low-1,0.78763,1790320836.8210,const,17.5904,5.5896,0.374,0.2,2.6,-1,16.031,-0.3355,16.906,2417,-8.55,37.2,14.2,28,1653,8.55,-37.2,14.1,28,16.453,-0.422,0,
B-B-low-1,0.78964,1790320836.8230,const,17.5904,5.5896,0.374,0.2,2.6,-1,15.993,-0.3338,16.909,2416,-8.05,38.0,14.2,28,1654,8.55,-37.2,14.1,28,16.415,-0.422,0,
B-B-low-1,0.79164,1790320836.8250,const,17.5904,5.5896,0.374,0.2,2.6,-1,15.955,-0.3345,16.913,2415,-8.55,37.2,14.2,28,1656,8.55,-37.2,14.1,28,16.338,-0.384,0,
B-B-low-1,0.79364,1790320836.8270,const,17.5904,5.5896,0.374,0.2,2.6,-1,15.916,-0.3347,16.916,2414,-8.55,37.2,14.2,28,1658,9.56,-34.6,14.1,28,16.261,-0.345,0,
B-B-low-1,0.79563,1790320836.8290,const,17.5904,5.5896,0.374,0.2,2.6,-1,15.839,-0.67,16.922,2412,-8.55,37.2,14.2,28,1659,9.56,-34.6,14.1,28,16.223,-0.384,0,
B-B-low-1,0.79763,1790320836.8310,const,17.5904,5.5896,0.374,0.2,2.6,-1,15.801,-0.3348,16.926,2411,-8.55,37.2,14.2,28,1660,9.56,-34.6,14.1,28,16.185,-0.384,0,
B-B-low-1,0.79963,1790320836.8330,const,17.5904,5.5896,0.374,0.2,2.6,-1,15.724,-0.6712,16.932,2409,-8.55,36.4,14.2,28,1661,9.06,-35.5,14.1,28,16.146,-0.422,0,
B-B-low-1,0.80164,1790320836.8350,const,17.5904,5.5896,0.374,0.2,2.6,-1,15.724,0.0,16.932,2409,-8.05,38.0,14.2,28,1662,9.06,-35.5,14.1,28,16.108,-0.384,0,
B-B-low-1,0.80363,1790320836.8370,const,17.5904,5.5896,0.374,0.2,2.6,-1,15.648,-0.6715,16.938,2407,-9.06,35.5,14.2,28,1664,9.56,-33.800000000000004,14.1,28,16.031,-0.384,0,
B-B-low-1,0.80563,1790320836.8390,const,17.5904,5.5896,0.374,0.2,2.6,-1,15.609,-0.334,16.942,2406,-8.55,36.4,14.2,28,1665,9.56,-34.6,14.1,28,15.993,-0.384,0,
B-B-low-1,0.80763,1790320836.8410,const,17.5904,5.5896,0.374,0.2,2.6,-1,15.533,-0.6693,16.948,2404,-9.06,34.7,14.2,28,1666,9.06,-35.5,14.1,28,15.955,-0.422,0,
B-B-low-1,0.80963,1790320836.8430,const,17.5904,5.5896,0.374,0.2,2.6,-1,15.494,-0.3348,16.951,2403,-9.06,34.7,14.2,28,1667,9.06,-35.5,14.1,28,15.916,-0.422,0,
B-B-low-1,0.81163,1790320836.8450,const,17.5904,5.5896,0.374,0.2,2.6,-1,15.456,-0.3347,16.954,2402,-9.06,34.7,14.2,28,1668,9.06,-35.5,14.1,28,15.878,-0.422,0,
B-B-low-1,0.81363,1790320836.8470,const,17.5904,5.5896,0.374,0.2,2.6,-1,15.418,-0.3348,16.957,2401,-9.06,35.5,14.2,28,1669,8.55,-36.4,14.1,28,15.839,-0.422,0,
B-B-low-1,0.81563,1790320836.8490,const,17.5904,5.5896,0.374,0.2,2.6,-1,15.341,-0.6691,16.964,2399,-9.56,33.800000000000004,14.2,28,1671,9.06,-34.7,14.1,28,15.763,-0.422,0,
B-B-low-1,0.81764,1790320836.8510,const,17.5904,5.5896,0.374,0.2,2.6,-1,15.303,-0.3343,16.967,2398,-9.56,33.800000000000004,14.2,28,1672,9.56,-33.800000000000004,14.1,28,15.724,-0.422,0,
B-B-low-1,0.81964,1790320836.8530,const,17.5904,5.5896,0.374,0.2,2.6,-1,15.264,-0.3348,16.97,2397,-9.06,34.7,14.2,28,1672,8.55,-36.4,14.1,28,15.724,-0.46,0,
B-B-low-1,0.82163,1790320836.8550,const,17.5904,5.5896,0.374,0.2,2.6,-1,15.226,-0.3349,16.973,2396,-9.06,34.7,14.2,28,1674,9.06,-34.7,14.1,28,15.648,-0.422,0,
B-B-low-1,0.82363,1790320836.8570,const,17.5904,5.5896,0.374,0.2,2.6,-1,15.149,-0.67,16.979,2394,-9.06,34.7,14.3,28,1676,9.06,-34.7,14.1,28,15.571,-0.422,0,
B-B-low-1,0.82563,1790320836.8590,const,17.5904,5.5896,0.374,0.2,2.6,-1,15.111,-0.3344,16.982,2393,-9.06,34.7,14.3,28,1676,8.55,-36.4,14.1,28,15.571,-0.46,0,
B-B-low-1,0.82763,1790320836.8610,const,17.5904,5.5896,0.374,0.2,2.6,-1,15.111,0.0,16.982,2393,-8.55,36.4,14.3,28,1677,8.55,-36.4,14.1,28,15.533,-0.422,0,
B-B-low-1,0.82963,1790320836.8630,const,17.5904,5.5896,0.374,0.2,2.6,-1,15.034,-0.6693,16.988,2391,-9.06,34.7,14.3,28,1679,9.06,-34.7,14.1,28,15.456,-0.422,0,
B-B-low-1,0.83163,1790320836.8650,const,17.5904,5.5896,0.374,0.2,2.6,-1,14.996,-0.3344,16.991,2390,-8.55,35.6,14.3,28,1680,8.55,-35.6,14.1,28,15.418,-0.422,0,
B-B-low-1,0.83363,1790320836.8670,const,17.5904,5.5896,0.374,0.2,2.6,-1,14.957,-0.3348,16.994,2389,-8.55,35.6,14.3,28,1681,8.55,-35.6,14.1,28,15.379,-0.422,0,
B-B-low-1,0.83563,1790320836.8690,const,17.5904,5.5896,0.374,0.2,2.6,-1,14.919,-0.3347,16.997,2388,-8.55,35.6,14.3,28,1682,8.55,-35.6,14.1,28,15.341,-0.422,0,
B-B-low-1,0.83763,1790320836.8710,const,17.5904,5.5896,0.374,0.2,2.6,-1,14.881,-0.335,17.0,2387,-8.55,35.6,14.3,28,1683,8.05,-36.4,14.1,28,15.303,-0.422,0,
B-B-low-1,0.83963,1790320836.8730,const,17.5904,5.5896,0.374,0.2,2.6,-1,14.842,-0.3347,17.003,2386,-8.55,35.6,14.3,28,1684,8.55,-35.6,14.1,28,15.264,-0.422,0,
B-B-low-1,0.84163,1790320836.8750,const,17.5904,5.5896,0.374,0.2,2.6,-1,14.804,-0.3344,17.006,2385,-8.55,35.6,14.3,28,1685,8.05,-37.2,14.1,28,15.226,-0.422,0,
B-B-low-1,0.84363,1790320836.8770,const,17.5904,5.5896,0.374,0.2,2.6,-1,14.766,-0.3358,17.009,2384,-8.55,35.6,14.3,28,1686,8.05,-37.2,14.1,28,15.188,-0.422,0,
B-B-low-1,0.84563,1790320836.8790,const,17.5904,5.5896,0.374,0.2,2.6,-1,14.727,-0.334,17.012,2383,-8.05,37.2,14.3,28,1687,7.55,-38.1,14.1,28,15.149,-0.422,0,
B-B-low-1,0.84763,1790320836.8810,const,17.5904,5.5896,0.374,0.2,2.6,-1,14.651,-0.671,17.018,2381,-8.55,35.6,14.3,28,1688,8.05,-37.2,14.1,28,15.111,-0.46,0,
B-B-low-1,0.84963,1790320836.8830,const,17.5904,5.5896,0.374,0.2,2.6,-1,14.612,-0.3339,17.021,2380,-8.55,35.6,14.3,28,1689,7.55,-38.1,14.1,28,15.072,-0.46,0,
B-B-low-1,0.85162,1790320836.8850,const,17.5904,5.5896,0.374,0.2,2.6,-1,14.612,0.0,17.021,2380,-7.55,38.1,14.3,28,1690,7.55,-38.1,14.1,28,15.034,-0.422,0,
B-B-low-1,0.85362,1790320836.8870,const,17.5904,5.5896,0.374,0.2,2.6,-1,14.574,-0.3347,17.024,2379,-7.55,38.1,14.3,28,1692,8.05,-36.4,14.1,28,14.957,-0.384,0,
B-B-low-1,0.85563,1790320836.8890,const,17.5904,5.5896,0.374,0.2,2.6,-1,14.497,-0.6676,17.03,2377,-8.05,37.2,14.3,28,1692,7.55,-38.1,14.1,28,14.957,-0.46,0,
B-B-low-1,0.85763,1790320836.8910,const,17.5904,5.5896,0.374,0.2,2.6,-1,14.459,-0.3347,17.033,2376,-8.05,37.2,14.3,28,1693,7.55,-38.1,14.1,28,14.919,-0.46,0,
B-B-low-1,0.85963,1790320836.8930,const,17.5904,5.5896,0.374,0.2,2.6,-1,14.459,0.0,17.033,2376,-7.55,38.900000000000006,14.3,28,1696,8.05,-36.4,14.1,28,14.804,-0.345,0,
B-B-low-1,0.86163,1790320836.8950,const,17.5904,5.5896,0.374,0.2,2.6,-1,14.42,-0.3348,17.036,2375,-7.55,38.900000000000006,14.3,28,1696,7.55,-38.1,14.1,28,14.804,-0.384,0,
B-B-low-1,0.86363,1790320836.8970,const,17.5904,5.5896,0.374,0.2,2.6,-1,14.344,-0.6701,17.042,2373,-7.55,38.1,14.3,28,1697,7.55,-38.1,14.1,28,14.766,-0.422,0,
B-B-low-1,0.86563,1790320836.8990,const,17.5904,5.5896,0.374,0.2,2.6,-1,14.305,-0.3348,17.045,2372,-7.55,38.1,14.3,28,1698,8.05,-37.2,14.1,28,14.727,-0.422,0,
B-B-low-1,0.86763,1790320836.9010,const,17.5904,5.5896,0.374,0.2,2.6,-1,14.229,-0.6692,17.051,2370,-8.05,36.4,14.3,28,1700,8.55,-35.6,14.1,28,14.651,-0.422,0,
B-B-low-1,0.86962,1790320836.9030,const,17.5904,5.5896,0.374,0.2,2.6,-1,14.19,-0.3354,17.054,2369,-8.05,36.4,14.3,28,1701,8.05,-36.4,14.1,28,14.612,-0.422,0,
B-B-low-1,0.87163,1790320836.9050,const,17.5904,5.5896,0.374,0.2,2.6,-1,14.152,-0.334,17.056,2368,-8.05,36.4,14.3,28,1702,8.55,-35.6,14.1,28,14.574,-0.422,0,
B-B-low-1,0.87363,1790320836.9070,const,17.5904,5.5896,0.374,0.2,2.6,-1,14.114,-0.3343,17.059,2367,-8.05,37.2,14.3,28,1703,8.05,-36.4,14.1,28,14.536,-0.422,0,
B-B-low-1,0.87563,1790320836.9090,const,17.5904,5.5896,0.374,0.2,2.6,-1,14.037,-0.6696,17.065,2365,-8.55,35.6,14.3,28,1705,9.06,-33.9,14.1,28,14.459,-0.422,0,
B-B-low-1,0.87762,1790320836.9110,const,17.5904,5.5896,0.374,0.2,2.6,-1,14.037,0.0,17.065,2365,-8.05,37.2,14.3,28,1705,8.05,-36.4,14.1,28,14.459,-0.422,0,
B-B-low-1,0.87963,1790320836.9130,const,17.5904,5.5896,0.374,0.2,2.6,-1,13.96,-0.6677,17.071,2363,-8.55,35.6,14.3,28,1707,9.06,-33.9,14.1,28,14.382,-0.422,0,
B-B-low-1,0.88163,1790320836.9150,const,17.5904,5.5896,0.374,0.2,2.6,-1,13.922,-0.335,17.074,2362,-8.55,35.6,14.3,28,1708,8.55,-35.6,14.1,28,14.344,-0.422,0,
B-B-low-1,0.88363,1790320836.9170,const,17.5904,5.5896,0.374,0.2,2.6,-1,13.884,-0.3339,17.076,2361,-8.55,35.6,14.3,28,1709,8.55,-35.6,14.1,28,14.305,-0.422,0,
B-B-low-1,0.88563,1790320836.9190,const,17.5904,5.5896,0.374,0.2,2.6,-1,13.845,-0.335,17.079,2360,-8.55,35.6,14.3,28,1710,8.55,-35.6,14.1,28,14.267,-0.422,0,
B-B-low-1,0.88762,1790320836.9210,const,17.5904,5.5896,0.374,0.2,2.6,-1,13.807,-0.3359,17.082,2359,-8.05,36.4,14.3,28,1711,8.55,-35.6,14.1,28,14.229,-0.422,0,
B-B-low-1,0.88963,1790320836.9230,const,17.5904,5.5896,0.374,0.2,2.6,-1,13.73,-0.6678,17.088,2357,-9.06,33.9,14.3,28,1712,8.05,-36.4,14.1,28,14.19,-0.46,0,
B-B-low-1,0.89163,1790320836.9250,const,17.5904,5.5896,0.374,0.2,2.6,-1,13.73,0.0,17.088,2357,-8.55,35.6,14.3,28,1713,8.05,-36.4,14.1,28,14.152,-0.422,0,
B-B-low-1,0.89363,1790320836.9270,const,17.5904,5.5896,0.374,0.2,2.6,-1,13.653,-0.6683,17.093,2355,-9.06,34.7,14.3,28,1715,8.55,-34.800000000000004,14.1,28,14.075,-0.422,0,
B-B-low-1,0.89563,1790320836.9290,const,17.5904,5.5896,0.374,0.2,2.6,-1,13.615,-0.3351,17.096,2354,-8.55,35.6,14.3,28,1716,8.55,-34.800000000000004,14.1,28,14.037,-0.422,0,
B-B-low-1,0.89762,1790320836.9310,const,17.5904,5.5896,0.374,0.2,2.6,-1,13.577,-0.3355,17.099,2353,-8.55,35.6,14.3,28,1717,8.55,-34.800000000000004,14.1,28,13.999,-0.422,0,
B-B-low-1,0.89963,1790320836.9330,const,17.5904,5.5896,0.374,0.2,2.6,-1,13.538,-0.3336,17.102,2352,-8.55,35.6,14.3,28,1718,8.05,-36.4,14.1,28,13.96,-0.422,0,
B-B-low-1,0.90163,1790320836.9350,const,17.5904,5.5896,0.374,0.2,2.6,-1,13.5,-0.3347,17.104,2351,-8.55,35.6,14.3,28,1720,8.55,-34.800000000000004,14.1,28,13.884,-0.384,0,
B-B-low-1,0.90363,1790320836.9370,const,17.5904,5.5896,0.374,0.2,2.6,-1,13.462,-0.3347,17.107,2350,-8.55,35.6,14.3,28,1721,8.55,-34.800000000000004,14.1,28,13.845,-0.384,0,
B-B-low-1,0.90563,1790320836.9390,const,17.5904,5.5896,0.374,0.2,2.6,-1,13.385,-0.67,17.113,2348,-8.55,35.6,14.3,28,1722,8.55,-34.800000000000004,14.1,28,13.807,-0.422,0,
B-B-low-1,0.90763,1790320836.9410,const,17.5904,5.5896,0.374,0.2,2.6,-1,13.347,-0.3347,17.115,2347,-8.55,35.6,14.3,28,1723,8.55,-34.800000000000004,14.1,28,13.768,-0.422,0,
B-B-low-1,0.90962,1790320836.9430,const,17.5904,5.5896,0.374,0.2,2.6,-1,13.308,-0.3351,17.118,2346,-8.55,35.6,14.3,28,1724,8.55,-34.800000000000004,14.1,28,13.73,-0.422,0,
B-B-low-1,0.91163,1790320836.9450,const,17.5904,5.5896,0.374,0.2,2.6,-1,13.27,-0.3342,17.121,2345,-8.55,35.6,14.3,28,1725,8.55,-34.800000000000004,14.1,28,13.692,-0.422,0,
B-B-low-1,0.91363,1790320836.9470,const,17.5904,5.5896,0.374,0.2,2.6,-1,13.193,-0.6694,17.126,2343,-8.55,34.800000000000004,14.3,28,1726,8.55,-34.800000000000004,14.1,28,13.653,-0.46,0,
B-B-low-1,0.91563,1790320836.9490,const,17.5904,5.5896,0.374,0.2,2.6,-1,13.155,-0.3348,17.129,2342,-8.55,34.800000000000004,14.3,28,1728,8.05,-35.6,14.1,28,13.577,-0.422,0,
B-B-low-1,0.91763,1790320836.9510,const,17.5904,5.5896,0.374,0.2,2.6,-1,13.116,-0.3348,17.131,2341,-8.55,34.800000000000004,14.3,28,1729,8.55,-34.800000000000004,14.1,28,13.538,-0.422,0,
B-B-low-1,0.91962,1790320836.9530,const,17.5904,5.5896,0.374,0.2,2.6,-1,13.078,-0.3351,17.134,2340,-8.55,34.800000000000004,14.3,28,1730,8.05,-35.6,14.1,28,13.5,-0.422,0,
B-B-low-1,0.92163,1790320836.9550,const,17.5904,5.5896,0.374,0.2,2.6,-1,13.04,-0.3345,17.137,2339,-8.55,34.800000000000004,14.3,28,1731,8.55,-34.800000000000004,14.1,28,13.462,-0.422,0,
B-B-low-1,0.92363,1790320836.9570,const,17.5904,5.5896,0.374,0.2,2.6,-1,13.001,-0.3344,17.139,2338,-8.55,34.800000000000004,14.3,28,1732,7.55,-37.300000000000004,14.1,28,13.423,-0.422,0,
B-B-low-1,0.92563,1790320836.9590,const,17.5904,5.5896,0.374,0.2,2.6,-1,12.925,-0.6694,17.145,2336,-9.06,33.9,14.3,28,1733,8.05,-36.4,14.1,28,13.385,-0.46,0,
B-B-low-1,0.92762,1790320836.9610,const,17.5904,5.5896,0.374,0.2,2.6,-1,12.925,0.0,17.145,2336,-8.05,36.4,14.3,28,1734,7.55,-37.300000000000004,14.1,28,13.347,-0.422,0,
B-B-low-1,0.92963,1790320836.9630,const,17.5904,5.5896,0.374,0.2,2.6,-1,12.886,-0.3347,17.147,2335,-8.05,36.4,14.3,28,1735,8.05,-36.4,14.1,28,13.308,-0.422,0,
B-B-low-1,0.93163,1790320836.9650,const,17.5904,5.5896,0.374,0.2,2.6,-1,12.848,-0.3342,17.15,2334,-8.05,36.4,14.3,28,1737,8.05,-36.4,14.1,28,13.232,-0.384,0,
B-B-low-1,0.93363,1790320836.9670,const,17.5904,5.5896,0.374,0.2,2.6,-1,12.81,-0.3349,17.153,2333,-8.05,36.4,14.3,28,1738,8.05,-36.4,14.1,28,13.193,-0.384,0,
B-B-low-1,0.93563,1790320836.9690,const,17.5904,5.5896,0.374,0.2,2.6,-1,12.771,-0.3345,17.155,2332,-8.05,36.4,14.3,28,1739,8.05,-36.4,14.1,28,13.155,-0.384,0,
B-B-low-1,0.93762,1790320836.9710,const,17.5904,5.5896,0.374,0.2,2.6,-1,12.733,-0.3352,17.158,2331,-7.55,38.1,14.3,28,1740,8.05,-36.4,14.1,28,13.116,-0.384,0,
B-B-low-1,0.93962,1790320836.9730,const,17.5904,5.5896,0.374,0.2,2.6,-1,12.695,-0.3348,17.16,2330,-7.55,38.1,14.3,28,1740,7.55,-38.1,14.1,28,13.116,-0.422,0,
B-B-low-1,0.94162,1790320836.9750,const,17.5904,5.5896,0.374,0.2,2.6,-1,12.656,-0.3352,17.163,2329,-7.55,38.1,14.3,28,1742,7.55,-37.300000000000004,14.1,28,13.04,-0.384,0,
B-B-low-1,0.94362,1790320836.9770,const,17.5904,5.5896,0.374,0.2,2.6,-1,12.618,-0.3342,17.165,2328,-7.55,38.1,14.3,28,1743,7.55,-37.300000000000004,14.1,28,13.001,-0.384,0,
B-B-low-1,0.94562,1790320836.9790,const,17.5904,5.5896,0.374,0.2,2.6,-1,12.541,-0.6695,17.171,2326,-7.55,37.300000000000004,14.3,28,1744,7.55,-37.300000000000004,14.1,28,12.963,-0.422,0,
B-B-low-1,0.94762,1790320836.9810,const,17.5904,5.5896,0.374,0.2,2.6,-1,12.541,0.0,17.171,2326,-7.04,39.0,14.3,28,1745,7.55,-37.300000000000004,14.1,28,12.925,-0.384,0,
B-B-low-1,0.94963,1790320836.9830,const,17.5904,5.5896,0.374,0.2,2.6,-1,12.464,-0.6687,17.176,2324,-7.55,37.300000000000004,14.3,28,1746,7.55,-38.1,14.1,28,12.886,-0.422,0,
B-B-low-1,0.95163,1790320836.9850,const,17.5904,5.5896,0.374,0.2,2.6,-1,12.464,0.0,17.176,2324,-7.55,38.1,14.3,28,1747,7.55,-38.1,14.1,28,12.848,-0.384,0,
B-B-low-1,0.95362,1790320836.9870,const,17.5904,5.5896,0.374,0.2,2.6,-1,12.426,-0.3363,17.178,2323,-7.04,39.0,14.3,28,1748,7.55,-38.1,14.1,28,12.81,-0.384,0,
B-B-low-1,0.95562,1790320836.9890,const,17.5904,5.5896,0.374,0.2,2.6,-1,12.349,-0.6704,17.183,2321,-7.55,38.1,14.3,28,1749,7.55,-38.1,14.1,28,12.771,-0.422,0,
B-B-low-1,0.95762,1790320836.9910,const,17.5904,5.5896,0.374,0.2,2.6,-1,12.311,-0.3346,17.186,2320,-7.55,38.1,14.3,28,1749,7.04,-39.800000000000004,14.1,28,12.771,-0.46,0,
B-B-low-1,0.95962,1790320836.9930,const,17.5904,5.5896,0.374,0.2,2.6,-1,12.273,-0.3348,17.188,2319,-7.55,38.1,14.3,28,1751,7.55,-38.1,14.1,28,12.695,-0.422,0,
B-B-low-1,0.96162,1790320836.9950,const,17.5904,5.5896,0.374,0.2,2.6,-1,12.273,0.0,17.188,2319,-7.04,39.800000000000004,14.3,28,1752,7.55,-38.1,14.1,28,12.656,-0.384,0,
B-B-low-1,0.96362,1790320836.9970,const,17.5904,5.5896,0.374,0.2,2.6,-1,12.234,-0.3343,17.191,2318,-7.04,39.800000000000004,14.3,28,1753,7.04,-39.0,14.1,28,12.618,-0.384,0,
B-B-low-1,0.96562,1790320836.9990,const,17.5904,5.5896,0.374,0.2,2.6,-1,12.196,-0.3349,17.193,2317,-7.04,39.800000000000004,14.3,28,1754,7.55,-38.1,14.1,28,12.58,-0.384,0,
B-B-low-1,0.96762,1790320837.0010,const,17.5904,5.5896,0.374,0.2,2.6,-1,12.119,-0.6687,17.198,2315,-7.55,38.1,14.3,28,1755,7.55,-38.1,14.1,28,12.541,-0.422,0,
B-B-low-1,0.96962,1790320837.0030,const,17.5904,5.5896,0.374,0.2,2.6,-1,12.081,-0.3346,17.201,2314,-7.55,38.1,14.3,28,1756,7.55,-38.1,14.1,28,12.503,-0.422,0,
B-B-low-1,0.97162,1790320837.0050,const,17.5904,5.5896,0.374,0.2,2.6,-1,12.043,-0.3347,17.203,2313,-7.55,38.900000000000006,14.3,28,1757,7.55,-38.1,14.1,28,12.464,-0.422,0,
B-B-low-1,0.97362,1790320837.0070,const,17.5904,5.5896,0.374,0.2,2.6,-1,12.043,0.0,17.203,2313,-7.04,40.6,14.3,28,1759,8.05,-37.2,14.1,28,12.388,-0.345,0,
B-B-low-1,0.97562,1790320837.0090,const,17.5904,5.5896,0.374,0.2,2.6,-1,12.004,-0.3348,17.206,2312,-7.04,40.6,14.3,28,1760,8.05,-37.2,14.1,28,12.349,-0.345,0,
B-B-low-1,0.97762,1790320837.0110,const,17.5904,5.5896,0.374,0.2,2.6,-1,11.928,-0.67,17.211,2310,-7.55,38.900000000000006,14.3,28,1761,8.05,-37.2,14.1,28,12.311,-0.384,0,
B-B-low-1,0.97962,1790320837.0130,const,17.5904,5.5896,0.374,0.2,2.6,-1,11.889,-0.3347,17.213,2309,-8.05,38.0,14.3,28,1762,8.05,-37.2,14.1,28,12.273,-0.384,0,
B-B-low-1,0.98162,1790320837.0150,const,17.5904,5.5896,0.374,0.2,2.6,-1,11.851,-0.3345,17.215,2308,-7.55,38.900000000000006,14.3,28,1763,8.05,-37.2,14.1,28,12.234,-0.384,0,
B-B-low-1,0.98362,1790320837.0170,const,17.5904,5.5896,0.374,0.2,2.6,-1,11.812,-0.3345,17.218,2307,-7.55,38.900000000000006,14.3,28,1764,8.05,-37.2,14.1,28,12.196,-0.384,0,
B-B-low-1,0.98562,1790320837.0190,const,17.5904,5.5896,0.374,0.2,2.6,-1,11.774,-0.3349,17.22,2306,-7.55,38.900000000000006,14.3,28,1765,8.05,-37.2,14.1,28,12.158,-0.384,0,
B-B-low-1,0.98762,1790320837.0210,const,17.5904,5.5896,0.374,0.2,2.6,-1,11.736,-0.3345,17.223,2305,-7.04,40.6,14.3,28,1766,8.05,-37.2,14.1,28,12.119,-0.384,0,
B-B-low-1,0.98962,1790320837.0230,const,17.5904,5.5896,0.374,0.2,2.6,-1,11.697,-0.3346,17.225,2304,-7.55,39.7,14.3,28,1767,8.05,-37.2,14.1,28,12.081,-0.384,0,
B-B-low-1,0.99162,1790320837.0250,const,17.5904,5.5896,0.374,0.2,2.6,-1,11.659,-0.3347,17.227,2303,-7.55,39.7,14.3,28,1768,7.55,-38.900000000000006,14.1,28,12.043,-0.384,0,
B-B-low-1,0.99362,1790320837.0270,const,17.5904,5.5896,0.374,0.2,2.6,-1,11.582,-0.6697,17.232,2301,-8.55,37.2,14.3,28,1769,7.55,-38.900000000000006,14.1,28,12.004,-0.422,0,
B-B-low-1,0.99562,1790320837.0290,const,17.5904,5.5896,0.374,0.2,2.6,-1,11.544,-0.3351,17.234,2300,-8.05,38.0,14.3,28,1770,8.05,-38.0,14.1,28,11.966,-0.422,0,
B-B-low-1,0.99762,1790320837.0310,const,17.5904,5.5896,0.374,0.2,2.6,-1,11.506,-0.3344,17.237,2299,-8.05,38.0,14.3,28,1772,8.55,-36.4,14.1,28,11.889,-0.384,0,
B-B-low-1,0.99962,1790320837.0330,const,17.5904,5.5896,0.374,0.2,2.6,-1,11.429,-0.6694,17.242,2297,-8.55,36.4,14.3,28,1773,8.05,-37.2,14.1,28,11.851,-0.422,0,
B-B-low-1,1.00162,1790320837.0350,const,17.5904,5.5896,0.374,0.2,2.6,-1,11.391,-0.3347,17.244,2296,-8.55,36.4,14.3,28,1774,8.05,-37.2,14.1,28,11.812,-0.422,0,
B-B-low-1,1.00362,1790320837.0370,const,17.5904,5.5896,0.374,0.2,2.6,-1,11.391,0.0,17.244,2296,-8.05,38.0,14.3,28,1775,8.05,-37.2,14.1,28,11.774,-0.384,0,
B-B-low-1,1.00562,1790320837.0390,const,17.5904,5.5896,0.374,0.2,2.6,-1,11.314,-0.6695,17.248,2294,-8.05,38.0,14.3,28,1777,8.05,-36.4,14.1,28,11.697,-0.384,0,
B-B-low-1,1.00762,1790320837.0410,const,17.5904,5.5896,0.374,0.2,2.6,-1,11.276,-0.3346,17.251,2293,-8.55,37.2,14.3,28,1778,8.55,-35.6,14.1,28,11.659,-0.384,0,
B-B-low-1,1.00962,1790320837.0430,const,17.5904,5.5896,0.374,0.2,2.6,-1,11.237,-0.3348,17.253,2292,-8.55,37.2,14.3,28,1778,8.05,-37.2,14.1,28,11.659,-0.422,0,
B-B-low-1,1.01162,1790320837.0450,const,17.5904,5.5896,0.374,0.2,2.6,-1,11.199,-0.335,17.255,2291,-8.05,38.0,14.3,28,1780,8.55,-35.6,14.1,28,11.582,-0.384,0,
B-B-low-1,1.01362,1790320837.0470,const,17.5904,5.5896,0.374,0.2,2.6,-1,11.161,-0.3344,17.258,2290,-8.55,37.2,14.3,28,1781,8.55,-36.4,14.1,28,11.544,-0.384,0,
B-B-low-1,1.01562,1790320837.0490,const,17.5904,5.5896,0.374,0.2,2.6,-1,11.122,-0.3346,17.26,2289,-8.05,38.800000000000004,14.3,28,1782,8.55,-36.4,14.1,28,11.506,-0.384,0,
B-B-low-1,1.01762,1790320837.0510,const,17.5904,5.5896,0.374,0.2,2.6,-1,11.084,-0.3348,17.262,2288,-7.55,39.7,14.3,28,1783,8.05,-37.2,14.1,28,11.467,-0.384,0,
B-B-low-1,1.01962,1790320837.0530,const,17.5904,5.5896,0.374,0.2,2.6,-1,11.007,-0.6693,17.267,2286,-8.55,37.2,14.3,28,1784,8.05,-37.2,14.1,28,11.429,-0.422,0,
B-B-low-1,1.02162,1790320837.0550,const,17.5904,5.5896,0.374,0.2,2.6,-1,10.969,-0.3347,17.269,2285,-8.55,37.2,14.3,28,1785,8.55,-36.4,14.1,28,11.391,-0.422,0,
B-B-low-1,1.02362,1790320837.0570,const,17.5904,5.5896,0.374,0.2,2.6,-1,10.969,0.0,17.269,2285,-8.05,38.800000000000004,14.3,28,1786,8.05,-37.2,14.1,28,11.352,-0.384,0,
B-B-low-1,1.02562,1790320837.0590,const,17.5904,5.5896,0.374,0.2,2.6,-1,10.892,-0.6695,17.273,2283,-8.55,37.2,14.3,28,1787,8.05,-37.2,14.1,28,11.314,-0.422,0,
B-B-low-1,1.02762,1790320837.0610,const,17.5904,5.5896,0.374,0.2,2.6,-1,10.854,-0.3348,17.276,2282,-8.05,38.0,14.3,28,1788,8.05,-37.2,14.1,28,11.276,-0.422,0,
B-B-low-1,1.02962,1790320837.0630,const,17.5904,5.5896,0.374,0.2,2.6,-1,10.815,-0.3346,17.278,2281,-8.55,37.2,14.3,28,1789,8.05,-37.2,14.1,28,11.237,-0.422,0,
B-B-low-1,1.03162,1790320837.0650,const,17.5904,5.5896,0.374,0.2,2.6,-1,10.777,-0.3347,17.28,2280,-8.05,38.0,14.3,28,1790,7.55,-38.900000000000006,14.1,28,11.199,-0.422,0,
B-B-low-1,1.03362,1790320837.0670,const,17.5904,5.5896,0.374,0.2,2.6,-1,10.739,-0.3348,17.282,2279,-8.05,38.0,14.3,28,1792,8.05,-38.0,14.1,28,11.122,-0.384,0,
B-B-low-1,1.03562,1790320837.0690,const,17.5904,5.5896,0.374,0.2,2.6,-1,10.7,-0.3347,17.284,2278,-8.05,38.0,14.3,28,1793,7.55,-38.900000000000006,14.1,28,11.084,-0.384,0,
B-B-low-1,1.03762,1790320837.0710,const,17.5904,5.5896,0.374,0.2,2.6,-1,10.662,-0.3348,17.287,2277,-8.05,38.800000000000004,14.3,28,1793,7.04,-40.6,14.1,28,11.084,-0.422,0,
B-B-low-1,1.03962,1790320837.0730,const,17.5904,5.5896,0.374,0.2,2.6,-1,10.624,-0.3347,17.289,2276,-7.55,39.7,14.3,28,1794,7.04,-40.6,14.1,28,11.045,-0.422,0,
B-B-low-1,1.04162,1790320837.0750,const,17.5904,5.5896,0.374,0.2,2.6,-1,10.585,-0.3347,17.291,2275,-8.05,38.800000000000004,14.3,28,1795,6.54,-42.300000000000004,14.1,28,11.007,-0.422,0,
B-B-low-1,1.04362,1790320837.0770,const,17.5904,5.5896,0.374,0.2,2.6,-1,10.585,0.0,17.291,2275,-7.04,41.400000000000006,14.3,28,1796,6.54,-42.300000000000004,14.1,28,10.969,-0.384,0,
B-B-low-1,1.04562,1790320837.0790,const,17.5904,5.5896,0.374,0.2,2.6,-1,10.509,-0.6689,17.295,2273,-7.55,39.7,14.3,28,1797,7.04,-41.400000000000006,14.1,28,10.93,-0.422,0,
B-B-low-1,1.04762,1790320837.0810,const,17.5904,5.5896,0.374,0.2,2.6,-1,10.47,-0.3348,17.297,2272,-7.55,40.5,14.3,28,1798,7.04,-41.400000000000006,14.1,28,10.892,-0.422,0,
B-B-low-1,1.04962,1790320837.0830,const,17.5904,5.5896,0.374,0.2,2.6,-1,10.432,-0.3349,17.3,2271,-7.55,40.5,14.3,28,1799,7.04,-41.400000000000006,14.1,28,10.854,-0.422,0,
B-B-low-1,1.05162,1790320837.0850,const,17.5904,5.5896,0.374,0.2,2.6,-1,10.393,-0.3346,17.302,2270,-7.55,40.5,14.3,28,1800,7.04,-41.400000000000006,14.1,28,10.815,-0.422,0,
B-B-low-1,1.05362,1790320837.0870,const,17.5904,5.5896,0.374,0.2,2.6,-1,10.355,-0.3348,17.304,2269,-7.55,40.5,14.3,28,1801,7.04,-41.400000000000006,14.1,28,10.777,-0.422,0,
B-B-low-1,1.05562,1790320837.0890,const,17.5904,5.5896,0.374,0.2,2.6,-1,10.317,-0.3348,17.306,2268,-7.55,40.5,14.2,28,1802,6.54,-42.300000000000004,14.5,28,10.739,-0.422,0,
B-B-low-1,1.05762,1790320837.0910,const,17.5904,5.5896,0.374,0.2,2.6,-1,10.24,-0.6694,17.31,2266,-7.55,39.7,14.2,28,1803,7.04,-41.400000000000006,14.5,28,10.7,-0.46,0,
B-B-low-1,1.05962,1790320837.0930,const,17.5904,5.5896,0.374,0.2,2.6,-1,10.24,0.0,17.31,2266,-7.55,40.5,14.2,28,1804,7.04,-41.400000000000006,14.5,28,10.662,-0.422,0,
B-B-low-1,1.06162,1790320837.0950,const,17.5904,5.5896,0.374,0.2,2.6,-1,10.163,-0.6693,17.314,2264,-8.05,38.800000000000004,14.2,28,1805,7.04,-41.400000000000006,14.5,28,10.624,-0.46,0,
B-B-low-1,1.06362,1790320837.0970,const,17.5904,5.5896,0.374,0.2,2.6,-1,10.125,-0.3347,17.316,2263,-8.05,38.800000000000004,14.2,28,1807,7.55,-40.5,14.5,28,10.547,-0.422,0,
B-B-low-1,1.06562,1790320837.0990,const,17.5904,5.5896,0.374,0.2,2.6,-1,10.087,-0.3348,17.318,2262,-8.05,38.800000000000004,14.2,28,1808,7.55,-40.5,14.5,28,10.509,-0.422,0,
B-B-low-1,1.06762,1790320837.1010,const,17.5904,5.5896,0.374,0.2,2.6,-1,10.048,-0.3345,17.32,2261,-8.05,38.800000000000004,14.2,28,1809,8.05,-39.6,14.5,28,10.47,-0.422,0,
B-B-low-1,1.06962,1790320837.1030,const,17.5904,5.5896,0.374,0.2,2.6,-1,10.01,-0.3349,17.323,2260,-8.05,39.6,14.2,28,1810,7.55,-40.5,14.5,28,10.432,-0.422,0,
B-B-low-1,1.07162,1790320837.1050,const,17.5904,5.5896,0.374,0.2,2.6,-1,9.972,-0.3346,17.325,2259,-8.05,39.6,14.2,28,1811,8.05,-39.6,14.5,28,10.393,-0.422,0,
B-B-low-1,1.07362,1790320837.1070,const,17.5904,5.5896,0.374,0.2,2.6,-1,9.933,-0.3348,17.327,2258,-8.05,39.6,14.2,28,1812,7.55,-40.5,14.5,28,10.355,-0.422,0,
B-B-low-1,1.07562,1790320837.1090,const,17.5904,5.5896,0.374,0.2,2.6,-1,9.857,-0.6695,17.331,2256,-8.55,38.0,14.2,28,1814,8.05,-38.800000000000004,14.5,28,10.278,-0.422,0,
B-B-low-1,1.07762,1790320837.1110,const,17.5904,5.5896,0.374,0.2,2.6,-1,9.818,-0.3347,17.333,2255,-8.55,38.0,14.2,28,1815,8.55,-38.0,14.5,28,10.24,-0.422,0,
B-B-low-1,1.07962,1790320837.1130,const,17.5904,5.5896,0.374,0.2,2.6,-1,9.78,-0.3346,17.335,2254,-8.55,38.0,14.2,28,1816,8.55,-38.0,14.5,28,10.202,-0.422,0,
B-B-low-1,1.08162,1790320837.1150,const,17.5904,5.5896,0.374,0.2,2.6,-1,9.741,-0.3348,17.337,2253,-8.55,38.0,14.2,28,1818,8.55,-38.0,14.5,28,10.125,-0.384,0,
B-B-low-1,1.08362,1790320837.1170,const,17.5904,5.5896,0.374,0.2,2.6,-1,9.703,-0.3347,17.339,2252,-8.55,38.0,14.2,28,1819,8.55,-38.0,14.5,28,10.087,-0.384,0,
B-B-low-1,1.08562,1790320837.1190,const,17.5904,5.5896,0.374,0.2,2.6,-1,9.626,-0.6692,17.343,2250,-9.06,36.300000000000004,14.2,28,1820,8.55,-38.0,14.5,28,10.048,-0.422,0,
B-B-low-1,1.08762,1790320837.1210,const,17.5904,5.5896,0.374,0.2,2.6,-1,9.588,-0.3349,17.345,2249,-8.55,38.0,14.2,28,1821,8.55,-38.0,14.5,28,10.01,-0.422,0,
B-B-low-1,1.08962,1790320837.1230,const,17.5904,5.5896,0.374,0.2,2.6,-1,9.55,-0.3344,17.347,2248,-8.55,38.0,14.2,28,1822,8.55,-38.0,14.5,28,9.972,-0.422,0,
B-B-low-1,1.09162,1790320837.1250,const,17.5904,5.5896,0.374,0.2,2.6,-1,9.511,-0.3352,17.348,2247,-8.55,38.0,14.2,28,1824,9.06,-36.300000000000004,14.5,28,9.895,-0.384,0,
B-B-low-1,1.09362,1790320837.1270,const,17.5904,5.5896,0.374,0.2,2.6,-1,9.435,-0.6693,17.352,2245,-9.06,36.300000000000004,14.2,28,1825,9.06,-36.300000000000004,14.5,28,9.857,-0.422,0,
B-B-low-1,1.09562,1790320837.1290,const,17.5904,5.5896,0.374,0.2,2.6,-1,9.396,-0.3346,17.354,2244,-8.55,38.0,14.2,28,1826,9.06,-36.300000000000004,14.5,28,9.818,-0.422,0,
B-B-low-1,1.09762,1790320837.1310,const,17.5904,5.5896,0.374,0.2,2.6,-1,9.358,-0.3348,17.356,2243,-8.55,38.0,14.2,28,1827,9.06,-36.300000000000004,14.5,28,9.78,-0.422,0,
B-B-low-1,1.09964,1790320837.1330,const,17.5904,5.5896,0.374,0.2,2.6,-1,9.32,-0.3314,17.358,2242,-8.55,38.0,14.2,28,1829,9.06,-35.5,14.5,28,9.703,-0.384,0,
B-B-low-1,1.10162,1790320837.1350,const,17.5904,5.5896,0.374,0.2,2.6,-1,9.281,-0.3381,17.36,2241,-8.55,38.0,14.2,28,1830,9.56,-34.6,14.5,28,9.665,-0.384,0,
B-B-low-1,1.10362,1790320837.1370,const,17.5904,5.5896,0.374,0.2,2.6,-1,9.243,-0.3348,17.362,2240,-8.55,38.0,14.2,28,1831,9.56,-34.6,14.5,28,9.626,-0.384,0,
B-B-low-1,1.10562,1790320837.1390,const,17.5904,5.5896,0.374,0.2,2.6,-1,9.128,-1.0034,17.368,2237,-8.55,37.2,14.2,28,1832,9.06,-36.300000000000004,14.5,28,9.588,-0.46,0,
B-B-low-1,1.10762,1790320837.1410,const,17.5904,5.5896,0.374,0.2,2.6,-1,9.089,-0.3349,17.369,2236,-9.06,36.300000000000004,14.2,28,1833,9.06,-36.300000000000004,14.5,28,9.55,-0.46,0,
B-B-low-1,1.10962,1790320837.1430,const,17.5904,5.5896,0.374,0.2,2.6,-1,9.013,-0.6694,17.373,2234,-9.06,35.5,14.2,28,1834,8.55,-37.2,14.5,28,9.511,-0.499,0,
B-B-low-1,1.11162,1790320837.1450,const,17.5904,5.5896,0.374,0.2,2.6,-1,8.974,-0.3345,17.375,2233,-9.06,35.5,14.2,28,1836,9.06,-35.5,14.5,28,9.435,-0.46,0,
B-B-low-1,1.11362,1790320837.1470,const,17.5904,5.5896,0.374,0.2,2.6,-1,8.974,0.0,17.375,2233,-8.55,37.2,14.2,28,1837,8.55,-36.4,14.5,28,9.396,-0.422,0,
B-B-low-1,1.11561,1790320837.1490,const,17.5904,5.5896,0.374,0.2,2.6,-1,8.898,-0.6696,17.379,2231,-9.06,35.5,14.2,28,1839,9.06,-34.7,14.5,28,9.32,-0.422,0,
B-B-low-1,1.11761,1790320837.1510,const,17.5904,5.5896,0.374,0.2,2.6,-1,8.859,-0.3347,17.38,2230,-9.06,35.5,14.2,28,1840,9.06,-34.7,14.5,28,9.281,-0.422,0,
B-B-low-1,1.11961,1790320837.1530,const,17.5904,5.5896,0.374,0.2,2.6,-1,8.821,-0.3347,17.382,2229,-8.55,37.2,14.2,28,1841,9.06,-34.7,14.5,28,9.243,-0.422,0,
B-B-low-1,1.12161,1790320837.1550,const,17.5904,5.5896,0.374,0.2,2.6,-1,8.744,-0.6693,17.386,2227,-9.06,35.5,14.2,28,1842,9.06,-34.7,14.5,28,9.205,-0.46,0,
B-B-low-1,1.12361,1790320837.1570,const,17.5904,5.5896,0.374,0.2,2.6,-1,8.744,0.0,17.386,2227,-8.55,37.2,14.2,28,1843,8.55,-36.4,14.5,28,9.166,-0.422,0,
B-B-low-1,1.12561,1790320837.1590,const,17.5904,5.5896,0.374,0.2,2.6,-1,8.668,-0.6695,17.389,2225,-9.06,35.5,14.2,28,1844,8.55,-36.4,14.5,28,9.128,-0.46,0,
B-B-low-1,1.12761,1790320837.1610,const,17.5904,5.5896,0.374,0.2,2.6,-1,8.629,-0.3347,17.391,2224,-8.55,37.2,14.2,28,1845,8.55,-36.4,14.5,28,9.089,-0.46,0,
B-B-low-1,1.12971,1790320837.1631,const,17.5904,5.5896,0.374,0.2,2.6,-1,8.591,-0.319,17.393,2223,-8.55,37.2,14.2,28,1846,8.55,-36.4,14.5,28,9.051,-0.46,0,
B-B-low-1,1.13166,1790320837.1650,const,17.5904,5.5896,0.374,0.2,2.6,-1,8.553,-0.3429,17.395,2222,-8.55,37.2,14.2,28,1847,8.05,-37.2,14.5,28,9.013,-0.46,0,
B-B-low-1,1.13366,1790320837.1670,const,17.5904,5.5896,0.374,0.2,2.6,-1,8.553,0.0,17.395,2222,-8.05,38.800000000000004,14.2,28,1848,8.05,-37.2,14.5,28,8.974,-0.422,0,
B-B-low-1,1.13569,1790320837.1691,const,17.5904,5.5896,0.374,0.2,2.6,-1,8.476,-0.6618,17.398,2220,-8.55,37.2,14.2,28,1849,8.05,-37.2,14.5,28,8.936,-0.46,0,
B-B-low-1,1.13762,1790320837.1710,const,17.5904,5.5896,0.374,0.2,2.6,-1,8.438,-0.3468,17.4,2219,-8.05,38.0,14.2,28,1850,8.05,-37.2,14.5,28,8.898,-0.46,0,
B-B-low-1,1.13959,1790320837.1730,const,17.5904,5.5896,0.374,0.2,2.6,-1,8.438,0.0,17.4,2219,-7.55,39.7,14.2,28,1851,8.05,-37.2,14.5,28,8.859,-0.422,0,
B-B-low-1,1.14159,1790320837.1750,const,17.5904,5.5896,0.374,0.2,2.6,-1,8.361,-0.6693,17.403,2217,-8.05,38.0,14.2,28,1852,8.05,-37.2,14.5,28,8.821,-0.46,0,
B-B-low-1,1.14358,1790320837.1770,const,17.5904,5.5896,0.374,0.2,2.6,-1,8.361,0.0,17.403,2217,-7.55,39.7,14.2,28,1853,8.05,-37.2,14.5,28,8.783,-0.422,0,
B-B-low-1,1.14559,1790320837.1790,const,17.5904,5.5896,0.374,0.2,2.6,-1,8.284,-0.6688,17.407,2215,-7.55,39.7,14.2,28,1855,8.05,-37.2,14.5,28,8.706,-0.422,0,
B-B-low-1,1.14758,1790320837.1810,const,17.5904,5.5896,0.374,0.2,2.6,-1,8.246,-0.335,17.408,2214,-7.55,39.7,14.2,28,1855,7.55,-38.900000000000006,14.5,28,8.706,-0.46,0,
B-B-low-1,1.14958,1790320837.1830,const,17.5904,5.5896,0.374,0.2,2.6,-1,8.207,-0.3348,17.41,2213,-7.55,39.7,14.2,28,1857,8.05,-37.2,14.5,28,8.629,-0.422,0,
B-B-low-1,1.15158,1790320837.1850,const,17.5904,5.5896,0.374,0.2,2.6,-1,8.169,-0.3346,17.412,2212,-7.55,39.7,14.2,28,1858,8.05,-37.2,14.5,28,8.591,-0.422,0,
B-B-low-1,1.15358,1790320837.1870,const,17.5904,5.5896,0.374,0.2,2.6,-1,8.169,0.0,17.412,2212,-7.04,41.400000000000006,14.2,28,1859,8.05,-37.2,14.5,28,8.553,-0.384,0,
B-B-low-1,1.15558,1790320837.1890,const,17.5904,5.5896,0.374,0.2,2.6,-1,8.131,-0.3346,17.413,2211,-7.04,41.400000000000006,14.2,28,1860,7.55,-38.900000000000006,14.5,28,8.514,-0.384,0,
B-B-low-1,1.15758,1790320837.1910,const,17.5904,5.5896,0.374,0.2,2.6,-1,8.054,-0.669,17.417,2209,-7.55,39.7,14.2,28,1861,7.55,-38.900000000000006,14.5,28,8.476,-0.422,0,
B-B-low-1,1.15958,1790320837.1930,const,17.5904,5.5896,0.374,0.2,2.6,-1,8.016,-0.3347,17.418,2208,-7.55,39.7,14.2,28,1862,8.05,-38.0,14.5,28,8.438,-0.422,0,
B-B-low-1,1.16158,1790320837.1950,const,17.5904,5.5896,0.374,0.2,2.6,-1,7.977,-0.335,17.42,2207,-7.55,39.7,14.2,28,1863,8.05,-38.0,14.5,28,8.399,-0.422,0,
B-B-low-1,1.16358,1790320837.1970,const,17.5904,5.5896,0.374,0.2,2.6,-1,7.939,-0.3344,17.422,2206,-7.55,39.7,14.2,28,1865,8.05,-37.2,14.5,28,8.322,-0.384,0,
B-B-low-1,1.16558,1790320837.1990,const,17.5904,5.5896,0.374,0.2,2.6,-1,7.901,-0.3347,17.423,2205,-7.55,40.5,14.2,28,1866,8.55,-36.4,14.5,28,8.284,-0.384,0,
B-B-low-1,1.16758,1790320837.2010,const,17.5904,5.5896,0.374,0.2,2.6,-1,7.862,-0.3347,17.425,2204,-7.55,40.5,14.2,28,1867,8.55,-36.4,14.5,28,8.246,-0.384,0,
B-B-low-1,1.16958,1790320837.2030,const,17.5904,5.5896,0.374,0.2,2.6,-1,7.786,-0.6693,17.428,2202,-8.05,38.800000000000004,14.2,28,1868,8.55,-36.4,14.5,28,8.207,-0.422,0,
B-B-low-1,1.17158,1790320837.2050,const,17.5904,5.5896,0.374,0.2,2.6,-1,7.747,-0.3346,17.43,2201,-8.05,38.800000000000004,14.1,28,1869,8.55,-36.4,14.6,28,8.169,-0.422,0,
B-B-low-1,1.17358,1790320837.2070,const,17.5904,5.5896,0.374,0.2,2.6,-1,7.709,-0.3349,17.431,2200,-8.05,38.800000000000004,14.1,28,1871,8.55,-36.4,14.6,28,8.092,-0.384,0,
B-B-low-1,1.17558,1790320837.2090,const,17.5904,5.5896,0.374,0.2,2.6,-1,7.67,-0.3346,17.433,2199,-8.05,38.800000000000004,14.1,28,1872,8.55,-36.4,14.6,28,8.054,-0.384,0,
B-B-low-1,1.17758,1790320837.2110,const,17.5904,5.5896,0.374,0.2,2.6,-1,7.594,-0.6695,17.436,2197,-8.55,38.0,14.1,28,1873,8.55,-36.4,14.6,28,8.016,-0.422,0,
B-B-low-1,1.17958,1790320837.2130,const,17.5904,5.5896,0.374,0.2,2.6,-1,7.555,-0.3347,17.438,2196,-8.55,38.0,14.1,28,1874,8.55,-36.4,14.6,28,7.977,-0.422,0,
B-B-low-1,1.18158,1790320837.2149,const,17.5904,5.5896,0.374,0.2,2.6,-1,7.517,-0.3349,17.439,2195,-8.55,38.0,14.1,28,1875,8.55,-36.4,14.6,28,7.939,-0.422,0,
B-B-low-1,1.18358,1790320837.2170,const,17.5904,5.5896,0.374,0.2,2.6,-1,7.479,-0.3345,17.441,2194,-8.55,38.0,14.1,28,1876,8.55,-36.4,14.6,28,7.901,-0.422,0,
B-B-low-1,1.18558,1790320837.2190,const,17.5904,5.5896,0.374,0.2,2.6,-1,7.44,-0.3347,17.442,2193,-8.55,38.0,14.1,28,1877,8.55,-36.4,14.6,28,7.862,-0.422,0,
B-B-low-1,1.18758,1790320837.2210,const,17.5904,5.5896,0.374,0.2,2.6,-1,7.364,-0.6693,17.445,2191,-8.55,37.2,14.1,28,1879,8.55,-35.6,14.6,28,7.786,-0.422,0,
B-B-low-1,1.18958,1790320837.2230,const,17.5904,5.5896,0.374,0.2,2.6,-1,7.364,0.0,17.445,2191,-8.55,38.0,14.1,28,1880,8.55,-35.6,14.6,28,7.747,-0.384,0,
B-B-low-1,1.19158,1790320837.2249,const,17.5904,5.5896,0.374,0.2,2.6,-1,7.287,-0.6698,17.448,2189,-8.55,37.2,14.1,28,1881,8.55,-35.6,14.6,28,7.709,-0.422,0,
B-B-low-1,1.19358,1790320837.2270,const,17.5904,5.5896,0.374,0.2,2.6,-1,7.249,-0.3346,17.45,2188,-8.55,37.2,14.1,28,1881,8.05,-37.2,14.6,28,7.709,-0.46,0,
B-B-low-1,1.19559,1790320837.2290,const,17.5904,5.5896,0.374,0.2,2.6,-1,7.21,-0.3342,17.451,2187,-8.55,37.2,14.1,28,1883,8.05,-37.2,14.6,28,7.632,-0.422,0,
B-B-low-1,1.19758,1790320837.2309,const,17.5904,5.5896,0.374,0.2,2.6,-1,7.172,-0.3353,17.453,2186,-8.55,37.2,14.1,28,1884,8.05,-37.2,14.6,28,7.594,-0.422,0,
B-B-low-1,1.19958,1790320837.2329,const,17.5904,5.5896,0.374,0.2,2.6,-1,7.134,-0.3346,17.454,2185,-8.55,37.2,14.1,28,1885,8.55,-36.4,14.6,28,7.555,-0.422,0,
B-B-low-1,1.20159,1790320837.2350,const,17.5904,5.5896,0.374,0.2,2.6,-1,7.057,-0.6665,17.457,2183,-8.55,37.2,14.1,28,1886,8.05,-37.2,14.6,28,7.517,-0.46,0,
B-B-low-1,1.20358,1790320837.2370,const,17.5904,5.5896,0.374,0.2,2.6,-1,7.018,-0.3361,17.459,2182,-8.55,37.2,14.1,28,1887,8.05,-37.2,14.6,28,7.479,-0.46,0,
B-B-low-1,1.20558,1790320837.2390,const,17.5904,5.5896,0.374,0.2,2.6,-1,6.98,-0.3346,17.46,2181,-8.55,37.2,14.1,28,1889,8.55,-35.6,14.6,28,7.402,-0.422,0,
B-B-low-1,1.20758,1790320837.2409,const,17.5904,5.5896,0.374,0.2,2.6,-1,6.942,-0.3349,17.461,2180,-8.55,37.2,14.1,28,1890,8.55,-35.6,14.6,28,7.364,-0.422,0,
B-B-low-1,1.20958,1790320837.2429,const,17.5904,5.5896,0.374,0.2,2.6,-1,6.903,-0.335,17.463,2179,-8.05,38.800000000000004,14.1,28,1890,7.55,-38.1,14.6,28,7.364,-0.46,0,
B-B-low-1,1.21158,1790320837.2449,const,17.5904,5.5896,0.374,0.2,2.6,-1,6.827,-0.6695,17.466,2177,-8.55,37.2,14.1,28,1891,8.05,-37.2,14.6,28,7.325,-0.499,0,
B-B-low-1,1.21358,1790320837.2469,const,17.5904,5.5896,0.374,0.2,2.6,-1,6.788,-0.3348,17.467,2176,-8.55,37.2,14.1,28,1893,8.05,-37.2,14.6,28,7.249,-0.46,0,
B-B-low-1,1.21558,1790320837.2489,const,17.5904,5.5896,0.374,0.2,2.6,-1,6.75,-0.3348,17.468,2175,-8.55,37.2,14.1,28,1894,8.05,-37.2,14.6,28,7.21,-0.46,0,
B-B-low-1,1.21758,1790320837.2509,const,17.5904,5.5896,0.374,0.2,2.6,-1,6.712,-0.3347,17.47,2174,-8.55,37.2,14.1,28,1895,8.05,-37.2,14.6,28,7.172,-0.46,0,
B-B-low-1,1.21958,1790320837.2529,const,17.5904,5.5896,0.374,0.2,2.6,-1,6.673,-0.3344,17.471,2173,-8.55,37.2,14.1,28,1896,8.05,-37.2,14.6,28,7.134,-0.46,0,
B-B-low-1,1.22158,1790320837.2549,const,17.5904,5.5896,0.374,0.2,2.6,-1,6.635,-0.3346,17.472,2172,-8.55,37.2,14.1,28,1897,8.05,-37.2,14.6,28,7.095,-0.46,0,
B-B-low-1,1.22358,1790320837.2569,const,17.5904,5.5896,0.374,0.2,2.6,-1,6.597,-0.335,17.474,2171,-8.05,38.0,14.1,28,1898,8.05,-37.2,14.6,28,7.057,-0.46,0,
B-B-low-1,1.22558,1790320837.2589,const,17.5904,5.5896,0.374,0.2,2.6,-1,6.558,-0.3353,17.475,2170,-8.05,38.0,14.1,28,1899,7.55,-38.1,14.6,28,7.018,-0.46,0,
B-B-low-1,1.22758,1790320837.2609,const,17.5904,5.5896,0.374,0.2,2.6,-1,6.52,-0.3338,17.477,2169,-8.05,38.800000000000004,14.1,28,1900,7.55,-38.1,14.6,28,6.98,-0.46,0,
B-B-low-1,1.22958,1790320837.2629,const,17.5904,5.5896,0.374,0.2,2.6,-1,6.482,-0.3356,17.478,2168,-8.05,38.800000000000004,14.1,28,1901,7.55,-38.1,14.6,28,6.942,-0.46,0,
B-B-low-1,1.23158,1790320837.2649,const,17.5904,5.5896,0.374,0.2,2.6,-1,6.443,-0.3338,17.479,2167,-8.05,38.800000000000004,14.1,28,1902,7.55,-38.1,14.6,28,6.903,-0.46,0,
B-B-low-1,1.23358,1790320837.2670,const,17.5904,5.5896,0.374,0.2,2.6,-1,6.405,-0.3344,17.481,2166,-7.55,39.7,14.1,28,1903,7.55,-38.1,14.6,28,6.865,-0.46,0,
B-B-low-1,1.23558,1790320837.2689,const,17.5904,5.5896,0.374,0.2,2.6,-1,6.366,-0.3353,17.482,2165,-7.55,39.7,14.1,28,1904,7.55,-38.1,14.6,28,6.827,-0.46,0,
B-B-low-1,1.23758,1790320837.2709,const,17.5904,5.5896,0.374,0.2,2.6,-1,6.328,-0.3343,17.483,2164,-7.55,39.7,14.1,28,1905,7.55,-38.900000000000006,14.6,28,6.788,-0.46,0,
B-B-low-1,1.23958,1790320837.2729,const,17.5904,5.5896,0.374,0.2,2.6,-1,6.251,-0.67,17.486,2162,-8.05,38.0,14.1,28,1906,7.55,-38.900000000000006,14.6,28,6.75,-0.499,0,
B-B-low-1,1.24158,1790320837.2749,const,17.5904,5.5896,0.374,0.2,2.6,-1,6.251,0.0,17.486,2162,-7.04,40.6,14.1,28,1907,7.55,-38.900000000000006,14.6,28,6.712,-0.46,0,
B-B-low-1,1.24358,1790320837.2769,const,17.5904,5.5896,0.374,0.2,2.6,-1,6.213,-0.3347,17.487,2161,-7.55,40.5,14.1,28,1908,7.55,-38.900000000000006,14.6,28,6.673,-0.46,0,
B-B-low-1,1.24558,1790320837.2790,const,17.5904,5.5896,0.374,0.2,2.6,-1,6.175,-0.3341,17.488,2160,-7.55,40.5,14.1,28,1909,7.04,-39.800000000000004,14.6,28,6.635,-0.46,0,
B-B-low-1,1.24758,1790320837.2809,const,17.5904,5.5896,0.374,0.2,2.6,-1,6.098,-0.6701,17.491,2158,-8.05,38.800000000000004,14.1,28,1910,7.04,-39.800000000000004,14.6,28,6.597,-0.499,0,
B-B-low-1,1.24958,1790320837.2830,const,17.5904,5.5896,0.374,0.2,2.6,-1,6.06,-0.3343,17.492,2157,-8.05,38.800000000000004,14.1,28,1911,7.55,-38.900000000000006,14.6,28,6.558,-0.499,0,
B-B-low-1,1.25158,1790320837.2849,const,17.5904,5.5896,0.374,0.2,2.6,-1,6.021,-0.3354,17.493,2156,-7.55,39.7,14.1,28,1912,7.55,-38.900000000000006,14.6,28,6.52,-0.499,0,
B-B-low-1,1.25358,1790320837.2869,const,17.5904,5.5896,0.374,0.2,2.6,-1,5.983,-0.3353,17.494,2155,-7.55,39.7,14.1,28,1913,7.55,-38.900000000000006,14.6,28,6.482,-0.499,0,
B-B-low-1,1.25558,1790320837.2890,const,17.5904,5.5896,0.374,0.2,2.6,-1,5.983,0.0,17.494,2155,-7.04,41.400000000000006,14.1,28,1914,7.04,-40.6,14.6,28,6.443,-0.46,0,
B-B-low-1,1.25758,1790320837.2910,const,17.5904,5.5896,0.374,0.2,2.6,-1,5.945,-0.3349,17.496,2154,-7.55,40.5,14.1,28,1915,7.04,-40.6,14.6,28,6.405,-0.46,0,
B-B-low-1,1.25957,1790320837.2929,const,17.5904,5.5896,0.374,0.2,2.6,-1,5.906,-0.3362,17.497,2153,-7.04,42.2,14.1,28,1917,7.55,-38.900000000000006,14.6,28,6.328,-0.422,0,
B-B-low-1,1.26158,1790320837.2949,const,17.5904,5.5896,0.374,0.2,2.6,-1,5.83,-0.6689,17.499,2151,-8.05,39.6,14.1,28,1917,7.55,-39.7,14.6,28,6.328,-0.499,0,
B-B-low-1,1.26358,1790320837.2969,const,17.5904,5.5896,0.374,0.2,2.6,-1,5.791,-0.3347,17.501,2150,-7.55,40.5,14.1,28,1919,7.55,-38.900000000000006,14.6,28,6.251,-0.46,0,
B-B-low-1,1.26557,1790320837.2989,const,17.5904,5.5896,0.374,0.2,2.6,-1,5.753,-0.3348,17.502,2149,-7.55,40.5,14.1,28,1920,8.05,-38.0,14.6,28,6.213,-0.46,0,
B-B-low-1,1.26758,1790320837.3009,const,17.5904,5.5896,0.374,0.2,2.6,-1,5.714,-0.3346,17.503,2148,-8.05,39.6,14.1,28,1922,8.05,-37.2,14.6,28,6.136,-0.422,0,
B-B-low-1,1.26957,1790320837.3029,const,17.5904,5.5896,0.374,0.2,2.6,-1,5.638,-0.6696,17.505,2146,-8.05,38.800000000000004,14.1,28,1922,8.05,-38.0,14.6,28,6.136,-0.499,0,
B-B-low-1,1.27157,1790320837.3049,const,17.5904,5.5896,0.374,0.2,2.6,-1,5.599,-0.3347,17.506,2145,-8.05,38.800000000000004,14.1,28,1924,8.55,-37.2,14.6,28,6.06,-0.46,0,
B-B-low-1,1.27357,1790320837.3069,const,17.5904,5.5896,0.374,0.2,2.6,-1,5.561,-0.3347,17.508,2144,-8.05,38.800000000000004,14.1,28,1924,8.05,-38.800000000000004,14.6,28,6.06,-0.499,0,
B-B-low-1,1.27557,1790320837.3089,const,17.5904,5.5896,0.374,0.2,2.6,-1,5.523,-0.3346,17.509,2143,-8.05,38.800000000000004,14.1,28,1925,8.05,-38.800000000000004,14.6,28,6.021,-0.499,0,
B-B-low-1,1.27758,1790320837.3109,const,17.5904,5.5896,0.374,0.2,2.6,-1,5.484,-0.3345,17.51,2142,-7.55,40.5,14.1,28,1927,8.55,-37.2,14.6,28,5.945,-0.46,0,
B-B-low-1,1.27957,1790320837.3129,const,17.5904,5.5896,0.374,0.2,2.6,-1,5.446,-0.335,17.511,2141,-8.05,39.6,14.1,28,1928,8.05,-38.0,14.6,28,5.906,-0.46,0,
B-B-low-1,1.28157,1790320837.3149,const,17.5904,5.5896,0.374,0.2,2.6,-1,5.369,-0.6695,17.513,2139,-8.55,38.0,14.1,28,1929,8.55,-37.2,14.6,28,5.868,-0.499,0,
B-B-low-1,1.28357,1790320837.3169,const,17.5904,5.5896,0.374,0.2,2.6,-1,5.331,-0.3347,17.514,2138,-8.55,38.0,14.1,28,1930,8.55,-37.2,14.6,28,5.83,-0.499,0,
B-B-low-1,1.28557,1790320837.3189,const,17.5904,5.5896,0.374,0.2,2.6,-1,5.293,-0.3349,17.515,2137,-8.55,38.0,14.1,28,1931,8.55,-37.2,14.6,28,5.791,-0.499,0,
B-B-low-1,1.28758,1790320837.3209,const,17.5904,5.5896,0.374,0.2,2.6,-1,5.254,-0.3336,17.516,2136,-8.55,38.0,15.9,28,1932,8.05,-38.800000000000004,13.9,28,5.753,-0.499,0,
B-B-low-1,1.28958,1790320837.3229,const,17.5904,5.5896,0.374,0.2,2.6,-1,5.216,-0.3344,17.517,2135,-9.06,37.1,15.9,28,1933,8.05,-38.800000000000004,13.9,28,5.714,-0.499,0,
B-B-low-1,1.29157,1790320837.3249,const,17.5904,5.5896,0.374,0.2,2.6,-1,5.178,-0.3358,17.519,2134,-8.55,38.800000000000004,15.9,28,1935,8.55,-37.2,13.9,28,5.638,-0.46,0,
B-B-low-1,1.29357,1790320837.3269,const,17.5904,5.5896,0.374,0.2,2.6,-1,5.101,-0.6697,17.521,2132,-9.06,37.1,15.9,28,1936,8.55,-37.2,13.9,28,5.599,-0.499,0,
B-B-low-1,1.29558,1790320837.3289,const,17.5904,5.5896,0.374,0.2,2.6,-1,5.062,-0.3339,17.522,2131,-8.55,38.0,15.9,28,1937,8.05,-38.0,13.9,28,5.561,-0.499,0,
B-B-low-1,1.29758,1790320837.3309,const,17.5904,5.5896,0.374,0.2,2.6,-1,5.024,-0.3346,17.523,2130,-8.55,38.0,15.9,28,1938,8.05,-38.0,13.9,28,5.523,-0.499,0,
B-B-low-1,1.29958,1790320837.3329,const,17.5904,5.5896,0.374,0.2,2.6,-1,4.986,-0.3344,17.524,2129,-8.55,38.0,15.9,28,1939,8.05,-38.0,13.9,28,5.484,-0.499,0,
B-B-low-1,1.30157,1790320837.3349,const,17.5904,5.5896,0.374,0.2,2.6,-1,4.909,-0.6721,17.526,2127,-9.06,36.300000000000004,15.9,28,1941,8.55,-36.4,13.9,28,5.408,-0.499,0,
B-B-low-1,1.30357,1790320837.3369,const,17.5904,5.5896,0.374,0.2,2.6,-1,4.871,-0.3348,17.527,2126,-9.06,36.300000000000004,15.9,28,1942,9.06,-35.5,13.9,28,5.369,-0.499,0,
B-B-low-1,1.30557,1790320837.3389,const,17.5904,5.5896,0.374,0.2,2.6,-1,4.832,-0.3348,17.528,2125,-8.55,37.2,15.9,28,1943,8.55,-37.2,13.9,28,5.331,-0.499,0,
B-B-low-1,1.30757,1790320837.3409,const,17.5904,5.5896,0.374,0.2,2.6,-1,4.794,-0.3347,17.529,2124,-9.06,36.300000000000004,15.9,28,1945,9.06,-35.5,13.9,28,5.254,-0.46,0,
B-B-low-1,1.30957,1790320837.3429,const,17.5904,5.5896,0.374,0.2,2.6,-1,4.756,-0.3349,17.53,2123,-8.55,38.0,15.9,28,1945,8.55,-37.2,13.9,28,5.254,-0.499,0,
B-B-low-1,1.31157,1790320837.3449,const,17.5904,5.5896,0.374,0.2,2.6,-1,4.679,-0.6692,17.532,2121,-9.06,36.300000000000004,15.9,28,1947,9.06,-35.5,13.9,28,5.178,-0.499,0,
B-B-low-1,1.31357,1790320837.3469,const,17.5904,5.5896,0.374,0.2,2.6,-1,4.641,-0.3346,17.533,2120,-9.06,36.300000000000004,15.9,28,1948,9.06,-36.4,13.9,28,5.139,-0.499,0,
B-B-low-1,1.31557,1790320837.3489,const,17.5904,5.5896,0.374,0.2,2.6,-1,4.641,0.0,17.533,2120,-8.05,38.800000000000004,15.9,28,1948,8.55,-37.2,13.9,28,5.139,-0.499,0,
B-B-low-1,1.31757,1790320837.3509,const,17.5904,5.5896,0.374,0.2,2.6,-1,4.602,-0.3345,17.534,2119,-8.05,38.800000000000004,15.9,28,1949,8.55,-37.2,13.9,28,5.101,-0.499,0,
B-B-low-1,1.31957,1790320837.3529,const,17.5904,5.5896,0.374,0.2,2.6,-1,4.526,-0.6697,17.535,2117,-8.55,38.0,15.9,28,1951,8.55,-36.4,13.9,28,5.024,-0.499,0,
B-B-low-1,1.32157,1790320837.3549,const,17.5904,5.5896,0.374,0.2,2.6,-1,4.487,-0.3343,17.536,2116,-8.55,38.0,15.9,28,1952,8.55,-36.4,13.9,28,4.986,-0.499,0,
B-B-low-1,1.32357,1790320837.3569,const,17.5904,5.5896,0.374,0.2,2.6,-1,4.449,-0.335,17.537,2115,-8.55,38.0,15.9,28,1952,8.05,-38.0,13.9,28,4.986,-0.537,0,
B-B-low-1,1.32557,1790320837.3589,const,17.5904,5.5896,0.374,0.2,2.6,-1,4.411,-0.3347,17.538,2114,-8.05,38.800000000000004,15.9,28,1953,8.05,-38.0,13.9,28,4.947,-0.537,0,
B-B-low-1,1.32757,1790320837.3609,const,17.5904,5.5896,0.374,0.2,2.6,-1,4.372,-0.3342,17.539,2113,-8.05,38.800000000000004,15.9,28,1955,8.55,-37.2,13.9,28,4.871,-0.499,0,
B-B-low-1,1.32957,1790320837.3629,const,17.5904,5.5896,0.374,0.2,2.6,-1,4.334,-0.3353,17.54,2112,-8.05,38.800000000000004,15.9,28,1956,7.55,-38.900000000000006,13.9,28,4.832,-0.499,0,
B-B-low-1,1.33157,1790320837.3649,const,17.5904,5.5896,0.374,0.2,2.6,-1,4.334,0.0,17.54,2112,-8.05,38.800000000000004,15.9,28,1957,8.05,-38.0,13.9,28,4.794,-0.46,0,
B-B-low-1,1.33357,1790320837.3669,const,17.5904,5.5896,0.374,0.2,2.6,-1,4.295,-0.3355,17.541,2111,-8.05,38.800000000000004,15.9,28,1958,8.05,-38.0,13.9,28,4.756,-0.46,0,
B-B-low-1,1.33557,1790320837.3689,const,17.5904,5.5896,0.374,0.2,2.6,-1,4.257,-0.3348,17.542,2110,-8.05,38.800000000000004,15.9,28,1959,8.05,-38.0,13.9,28,4.717,-0.46,0,
B-B-low-1,1.33757,1790320837.3709,const,17.5904,5.5896,0.374,0.2,2.6,-1,4.219,-0.3342,17.543,2109,-7.55,39.7,15.9,28,1960,7.55,-38.900000000000006,13.9,28,4.679,-0.46,0,
B-B-low-1,1.33957,1790320837.3729,const,17.5904,5.5896,0.374,0.2,2.6,-1,4.18,-0.3346,17.544,2108,-8.05,38.800000000000004,15.9,28,1962,8.05,-37.2,13.9,28,4.602,-0.422,0,
B-B-low-1,1.34157,1790320837.3749,const,17.5904,5.5896,0.374,0.2,2.6,-1,4.142,-0.3354,17.544,2107,-7.04,41.400000000000006,15.9,28,1962,7.55,-38.900000000000006,13.9,28,4.602,-0.46,0,
B-B-low-1,1.34357,1790320837.3769,const,17.5904,5.5896,0.374,0.2,2.6,-1,4.065,-0.669,17.546,2105,-8.05,38.800000000000004,15.9,28,1963,7.55,-38.900000000000006,13.9,28,4.564,-0.499,0,
B-B-low-1,1.34557,1790320837.3789,const,17.5904,5.5896,0.374,0.2,2.6,-1,4.065,0.0,17.546,2105,-7.55,40.5,15.9,28,1965,8.05,-38.0,13.9,28,4.487,-0.422,0,
B-B-low-1,1.34757,1790320837.3809,const,17.5904,5.5896,0.374,0.2,2.6,-1,4.027,-0.3347,17.547,2104,-7.55,40.5,15.9,28,1965,7.55,-39.7,13.9,28,4.487,-0.46,0,
B-B-low-1,1.34957,1790320837.3829,const,17.5904,5.5896,0.374,0.2,2.6,-1,3.989,-0.3348,17.548,2103,-7.55,40.5,15.9,28,1967,7.55,-38.900000000000006,13.9,28,4.411,-0.422,0,
B-B-low-1,1.35157,1790320837.3849,const,17.5904,5.5896,0.374,0.2,2.6,-1,3.912,-0.6692,17.549,2101,-7.55,39.7,15.9,28,1967,7.55,-39.7,13.9,28,4.411,-0.499,0,
B-B-low-1,1.35357,1790320837.3869,const,17.5904,5.5896,0.374,0.2,2.6,-1,3.874,-0.3348,17.55,2100,-7.55,39.7,15.9,28,1968,7.55,-39.7,13.9,28,4.372,-0.499,0,
B-B-low-1,1.35557,1790320837.3889,const,17.5904,5.5896,0.374,0.2,2.6,-1,3.835,-0.3343,17.551,2099,-8.05,38.800000000000004,15.9,28,1970,7.55,-38.900000000000006,13.9,28,4.295,-0.46,0,
B-B-low-1,1.35757,1790320837.3909,const,17.5904,5.5896,0.374,0.2,2.6,-1,3.797,-0.335,17.552,2098,-8.05,38.800000000000004,15.9,28,1970,7.04,-40.6,13.9,28,4.295,-0.499,0,
B-B-low-1,1.35957,1790320837.3929,const,17.5904,5.5896,0.374,0.2,2.6,-1,3.759,-0.3345,17.552,2097,-7.55,40.5,15.9,28,1971,7.55,-39.7,13.9,28,4.257,-0.499,0,
B-B-low-1,1.36157,1790320837.3949,const,17.5904,5.5896,0.374,0.2,2.6,-1,3.72,-0.3349,17.553,2096,-7.55,40.5,15.9,28,1973,8.05,-38.0,13.9,28,4.18,-0.46,0,
B-B-low-1,1.36357,1790320837.3969,const,17.5904,5.5896,0.374,0.2,2.6,-1,3.682,-0.3348,17.554,2095,-8.05,39.6,15.9,28,1974,7.55,-38.900000000000006,13.9,28,4.142,-0.46,0,
B-B-low-1,1.36557,1790320837.3989,const,17.5904,5.5896,0.374,0.2,2.6,-1,3.643,-0.3344,17.555,2094,-7.55,40.5,15.9,28,1975,7.55,-38.900000000000006,13.9,28,4.104,-0.46,0,
B-B-low-1,1.36757,1790320837.4009,const,17.5904,5.5896,0.374,0.2,2.6,-1,3.605,-0.335,17.556,2093,-7.55,40.5,15.9,28,1976,8.05,-38.0,13.9,28,4.065,-0.46,0,
B-B-low-1,1.36957,1790320837.4029,const,17.5904,5.5896,0.374,0.2,2.6,-1,3.528,-0.6695,17.557,2091,-8.05,39.6,15.9,28,1978,8.05,-38.0,13.9,28,3.989,-0.46,0,
B-B-low-1,1.37157,1790320837.4049,const,17.5904,5.5896,0.374,0.2,2.6,-1,3.49,-0.3346,17.558,2090,-8.05,39.6,15.9,28,1980,8.55,-36.4,13.9,28,3.912,-0.422,0,
B-B-low-1,1.37357,1790320837.4069,const,17.5904,5.5896,0.374,0.2,2.6,-1,3.452,-0.3348,17.558,2089,-8.05,39.6,15.9,28,1980,8.05,-38.0,13.9,28,3.912,-0.46,0,
B-B-low-1,1.37557,1790320837.4089,const,17.5904,5.5896,0.374,0.2,2.6,-1,3.413,-0.3343,17.559,2088,-8.05,39.6,15.9,28,1981,8.05,-38.0,13.9,28,3.874,-0.46,0,
B-B-low-1,1.37757,1790320837.4109,const,17.5904,5.5896,0.374,0.2,2.6,-1,3.337,-0.6688,17.56,2086,-8.55,38.0,15.9,28,1984,8.55,-36.4,13.9,28,3.759,-0.422,0,
B-B-low-1,1.37957,1790320837.4129,const,17.5904,5.5896,0.374,0.2,2.6,-1,3.298,-0.3346,17.561,2085,-8.55,38.0,15.9,28,1985,8.55,-36.4,13.9,28,3.72,-0.422,0,
B-B-low-1,1.38157,1790320837.4149,const,17.5904,5.5896,0.374,0.2,2.6,-1,3.26,-0.3349,17.562,2084,-8.55,38.0,15.9,28,1987,9.06,-34.7,13.9,28,3.643,-0.384,0,
B-B-low-1,1.38357,1790320837.4169,const,17.5904,5.5896,0.374,0.2,2.6,-1,3.222,-0.3352,17.563,2083,-8.55,38.0,15.9,28,1987,8.55,-36.4,13.9,28,3.643,-0.422,0,
B-B-low-1,1.38557,1790320837.4189,const,17.5904,5.5896,0.374,0.2,2.6,-1,3.145,-0.6697,17.564,2081,-9.06,36.300000000000004,15.9,28,1988,8.55,-36.4,13.9,28,3.605,-0.46,0,
B-B-low-1,1.38757,1790320837.4209,const,17.5904,5.5896,0.374,0.2,2.6,-1,3.145,0.0,17.564,2081,-8.55,38.0,15.9,28,1990,9.06,-35.5,13.9,28,3.528,-0.384,0,
B-B-low-1,1.38957,1790320837.4229,const,17.5904,5.5896,0.374,0.2,2.6,-1,3.068,-0.6701,17.565,2079,-9.06,36.300000000000004,15.9,28,1991,9.06,-35.5,13.9,28,3.49,-0.422,0,
B-B-low-1,1.39157,1790320837.4249,const,17.5904,5.5896,0.374,0.2,2.6,-1,3.03,-0.3352,17.566,2078,-8.55,38.0,15.9,28,1992,9.06,-35.5,13.9,28,3.452,-0.422,0,
B-B-low-1,1.39357,1790320837.4269,const,17.5904,5.5896,0.374,0.2,2.6,-1,2.991,-0.3346,17.566,2077,-8.55,38.0,15.9,28,1993,9.06,-35.5,13.9,28,3.413,-0.422,0,
B-B-low-1,1.39556,1790320837.4289,const,17.5904,5.5896,0.374,0.2,2.6,-1,2.953,-0.3354,17.567,2076,-8.55,38.0,15.9,28,1995,9.06,-35.5,13.9,28,3.337,-0.384,0,
B-B-low-1,1.39757,1790320837.4309,const,17.5904,5.5896,0.374,0.2,2.6,-1,2.876,-0.6686,17.568,2074,-9.06,36.300000000000004,15.9,28,1996,9.06,-35.5,13.9,28,3.298,-0.422,0,
B-B-low-1,1.39956,1790320837.4329,const,17.5904,5.5896,0.374,0.2,2.6,-1,2.838,-0.3348,17.569,2073,-9.06,36.300000000000004,15.9,28,1997,9.06,-35.5,13.9,28,3.26,-0.422,0,
B-B-low-1,1.40156,1790320837.4349,const,17.5904,5.5896,0.374,0.2,2.6,-1,2.8,-0.3352,17.569,2072,-8.55,38.0,15.9,28,1998,8.55,-36.4,13.9,28,3.222,-0.422,0,
B-B-low-1,1.40356,1790320837.4369,const,17.5904,5.5896,0.374,0.2,2.6,-1,2.761,-0.3342,17.57,2071,-8.55,38.0,15.9,28,1999,8.55,-36.4,13.9,28,3.183,-0.422,0,
B-B-low-1,1.40556,1790320837.4389,const,17.5904,5.5896,0.374,0.2,2.6,-1,2.685,-0.6696,17.571,2069,-9.06,36.300000000000004,13.3,28,2000,8.55,-36.4,14.3,28,3.145,-0.46,0,
B-B-low-1,1.40756,1790320837.4409,const,17.5904,5.5896,0.374,0.2,2.6,-1,2.646,-0.3349,17.572,2068,-9.06,36.300000000000004,13.3,28,2002,9.06,-34.7,14.3,28,3.068,-0.422,0,
B-B-low-1,1.40957,1790320837.4429,const,17.5904,5.5896,0.374,0.2,2.6,-1,2.608,-0.3338,17.572,2067,-8.55,37.2,13.3,28,2003,8.55,-35.6,14.3,28,3.03,-0.422,0,
B-B-low-1,1.41157,1790320837.4449,const,17.5904,5.5896,0.374,0.2,2.6,-1,2.57,-0.3351,17.573,2066,-8.55,37.2,13.3,28,2004,8.55,-35.6,14.3,28,2.991,-0.422,0,
B-B-low-1,1.41356,1790320837.4469,const,17.5904,5.5896,0.374,0.2,2.6,-1,2.531,-0.3348,17.573,2065,-8.55,37.2,13.3,28,2005,8.55,-35.6,14.3,28,2.953,-0.422,0,
B-B-low-1,1.41557,1790320837.4489,const,17.5904,5.5896,0.374,0.2,2.6,-1,2.455,-0.6691,17.574,2063,-9.06,35.5,13.3,28,2006,8.55,-35.6,14.3,28,2.915,-0.46,0,
B-B-low-1,1.41756,1790320837.4509,const,17.5904,5.5896,0.374,0.2,2.6,-1,2.455,0.0,17.574,2063,-8.55,37.2,13.3,28,2007,8.55,-35.6,14.3,28,2.876,-0.422,0,
B-B-low-1,1.41957,1790320837.4529,const,17.5904,5.5896,0.374,0.2,2.6,-1,2.378,-0.6684,17.575,2061,-8.55,37.2,13.3,28,2009,8.55,-35.6,14.3,28,2.8,-0.422,0,
B-B-low-1,1.42157,1790320837.4549,const,17.5904,5.5896,0.374,0.2,2.6,-1,2.339,-0.3345,17.576,2060,-8.55,37.2,13.3,28,2009,8.05,-37.2,14.3,28,2.8,-0.46,0,
B-B-low-1,1.42356,1790320837.4569,const,17.5904,5.5896,0.374,0.2,2.6,-1,2.301,-0.3354,17.576,2059,-8.55,37.2,13.3,28,2010,8.05,-37.2,14.3,28,2.761,-0.46,0,
B-B-low-1,1.42557,1790320837.4589,const,17.5904,5.5896,0.374,0.2,2.6,-1,2.263,-0.3346,17.577,2058,-8.55,37.2,13.3,28,2011,8.05,-37.2,14.3,28,2.723,-0.46,0,
B-B-low-1,1.42757,1790320837.4609,const,17.5904,5.5896,0.374,0.2,2.6,-1,2.224,-0.3342,17.577,2057,-8.55,37.2,13.3,28,2013,8.05,-36.4,14.3,28,2.646,-0.422,0,
B-B-low-1,1.42957,1790320837.4629,const,17.5904,5.5896,0.374,0.2,2.6,-1,2.186,-0.3348,17.578,2056,-8.55,37.2,13.3,28,2013,8.05,-37.2,14.3,28,2.646,-0.46,0,
B-B-low-1,1.43157,1790320837.4649,const,17.5904,5.5896,0.374,0.2,2.6,-1,2.186,0.0,17.578,2056,-8.05,38.800000000000004,13.3,28,2014,8.05,-37.2,14.3,28,2.608,-0.422,0,
B-B-low-1,1.43357,1790320837.4669,const,17.5904,5.5896,0.374,0.2,2.6,-1,2.109,-0.6696,17.578,2054,-8.05,38.0,13.3,28,2015,7.55,-38.1,14.3,28,2.57,-0.46,0,
B-B-low-1,1.43556,1790320837.4689,const,17.5904,5.5896,0.374,0.2,2.6,-1,2.033,-0.671,17.579,2052,-8.55,36.4,13.3,28,2016,7.55,-38.1,14.3,28,2.531,-0.499,0,
B-B-low-1,1.43756,1790320837.4709,const,17.5904,5.5896,0.374,0.2,2.6,-1,2.033,0.0,17.579,2052,-8.05,38.800000000000004,13.3,28,2018,7.55,-38.1,14.3,28,2.455,-0.422,0,
B-B-low-1,1.43956,1790320837.4729,const,17.5904,5.5896,0.374,0.2,2.6,-1,1.994,-0.3347,17.58,2051,-8.05,38.800000000000004,13.3,28,2019,7.55,-38.1,14.3,28,2.416,-0.422,0,
B-B-low-1,1.44156,1790320837.4749,const,17.5904,5.5896,0.374,0.2,2.6,-1,1.956,-0.3347,17.58,2050,-7.55,39.7,13.3,28,2020,7.55,-38.1,14.3,28,2.378,-0.422,0,
B-B-low-1,1.44356,1790320837.4769,const,17.5904,5.5896,0.374,0.2,2.6,-1,1.879,-0.6701,17.581,2048,-8.05,38.0,13.3,28,2021,8.05,-37.2,14.3,28,2.339,-0.46,0,
B-B-low-1,1.44556,1790320837.4789,const,17.5904,5.5896,0.374,0.2,2.6,-1,1.841,-0.3342,17.581,2047,-8.05,38.0,13.3,28,2023,8.05,-36.4,14.3,28,2.263,-0.422,0,
B-B-low-1,1.44756,1790320837.4809,const,17.5904,5.5896,0.374,0.2,2.6,-1,1.803,-0.3353,17.582,2046,-8.05,38.0,13.3,28,2024,8.05,-36.4,14.3,28,2.224,-0.422,0,
B-B-low-1,1.44956,1790320837.4829,const,17.5904,5.5896,0.374,0.2,2.6,-1,1.764,-0.3346,17.582,2045,-8.05,38.0,13.3,28,2024,7.55,-38.1,14.3,28,2.224,-0.46,0,
B-B-low-1,1.45156,1790320837.4849,const,17.5904,5.5896,0.374,0.2,2.6,-1,1.726,-0.3344,17.582,2044,-7.55,39.7,13.3,28,2025,7.55,-38.1,14.3,28,2.186,-0.46,0,
B-B-low-1,1.45356,1790320837.4869,const,17.5904,5.5896,0.374,0.2,2.6,-1,1.688,-0.3346,17.583,2043,-7.55,39.7,13.3,28,2027,8.05,-36.4,14.3,28,2.109,-0.422,0,
B-B-low-1,1.45556,1790320837.4889,const,17.5904,5.5896,0.374,0.2,2.6,-1,1.649,-0.3348,17.583,2042,-8.05,38.800000000000004,13.3,28,2028,8.05,-36.4,14.3,28,2.071,-0.422,0,
B-B-low-1,1.45756,1790320837.4909,const,17.5904,5.5896,0.374,0.2,2.6,-1,1.572,-0.6693,17.584,2040,-8.55,37.2,13.3,28,2029,8.05,-36.4,14.3,28,2.033,-0.46,0,
B-B-low-1,1.45957,1790320837.4929,const,17.5904,5.5896,0.374,0.2,2.6,-1,1.534,-0.334,17.584,2039,-8.55,37.2,13.3,28,2030,8.05,-37.2,14.3,28,1.994,-0.46,0,
B-B-low-1,1.46157,1790320837.4949,const,17.5904,5.5896,0.374,0.2,2.6,-1,1.496,-0.3348,17.584,2038,-8.05,38.0,13.3,28,2031,8.05,-37.2,14.3,28,1.956,-0.46,0,
B-B-low-1,1.46357,1790320837.4969,const,17.5904,5.5896,0.374,0.2,2.6,-1,1.419,-0.6696,17.585,2036,-8.55,36.4,13.3,28,2033,8.55,-35.6,14.3,28,1.879,-0.46,0,
B-B-low-1,1.46556,1790320837.4989,const,17.5904,5.5896,0.374,0.2,2.6,-1,1.419,0.0,17.585,2036,-8.05,38.0,13.3,28,2034,8.55,-35.6,14.3,28,1.841,-0.422,0,
B-B-low-1,1.46756,1790320837.5009,const,17.5904,5.5896,0.374,0.2,2.6,-1,1.381,-0.3346,17.585,2035,-8.55,37.2,13.3,28,2034,8.05,-37.2,14.3,28,1.841,-0.46,0,
B-B-low-1,1.46957,1790320837.5029,const,17.5904,5.5896,0.374,0.2,2.6,-1,1.342,-0.3341,17.585,2034,-8.05,38.0,13.3,28,2036,8.05,-36.4,14.3,28,1.764,-0.422,0,
B-B-low-1,1.47157,1790320837.5049,const,17.5904,5.5896,0.374,0.2,2.6,-1,1.266,-0.6694,17.586,2032,-9.06,35.5,13.3,28,2038,9.06,-33.9,14.3,28,1.688,-0.422,0,
B-B-low-1,1.47354,1790320837.5069,const,17.5904,5.5896,0.374,0.2,2.6,-1,1.227,-0.3396,17.586,2031,-8.55,37.2,13.3,28,2038,8.05,-36.4,14.3,28,1.688,-0.46,0,
B-B-low-1,1.47554,1790320837.5089,const,17.5904,5.5896,0.374,0.2,2.6,-1,1.151,-0.6691,17.587,2029,-9.06,35.5,13.3,28,2039,8.05,-36.4,14.3,28,1.649,-0.499,0,
B-B-low-1,1.47754,1790320837.5109,const,17.5904,5.5896,0.374,0.2,2.6,-1,1.112,-0.3343,17.587,2028,-9.06,35.5,13.3,28,2041,8.55,-35.6,14.3,28,1.572,-0.46,0,
B-B-low-1,1.47954,1790320837.5129,const,17.5904,5.5896,0.374,0.2,2.6,-1,1.112,0.0,17.587,2028,-8.55,37.2,13.3,28,2043,9.06,-33.9,14.3,28,1.496,-0.384,0,
B-B-low-1,1.48154,1790320837.5149,const,17.5904,5.5896,0.374,0.2,2.6,-1,1.036,-0.6689,17.587,2026,-9.06,35.5,13.3,28,2043,8.05,-36.4,14.3,28,1.496,-0.46,0,
B-B-low-1,1.48354,1790320837.5169,const,17.5904,5.5896,0.374,0.2,2.6,-1,0.997,-0.3355,17.588,2025,-8.55,37.2,13.3,28,2044,8.55,-35.6,14.3,28,1.457,-0.46,0,
B-B-low-1,1.48553,1790320837.5189,const,17.5904,5.5896,0.374,0.2,2.6,-1,0.92,-0.6697,17.588,2023,-9.06,35.5,13.3,28,2045,8.55,-35.6,14.3,28,1.419,-0.499,0,
B-B-low-1,1.48754,1790320837.5209,const,17.5904,5.5896,0.374,0.2,2.6,-1,0.882,-0.3343,17.588,2022,-9.06,35.5,13.3,28,2047,8.55,-34.800000000000004,14.3,28,1.342,-0.46,0,
B-B-low-1,1.48954,1790320837.5229,const,17.5904,5.5896,0.374,0.2,2.6,-1,0.882,0.0,17.588,2022,-8.55,37.2,13.3,28,2048,8.55,-34.800000000000004,14.3,28,1.304,-0.422,0,
B-B-low-1,1.49153,1790320837.5249,const,17.5904,5.5896,0.374,0.2,2.6,-1,0.805,-0.6698,17.589,2020,-8.55,36.4,13.3,28,2049,8.55,-34.800000000000004,14.3,28,1.266,-0.46,0,
B-B-low-1,1.49353,1790320837.5269,const,17.5904,5.5896,0.374,0.2,2.6,-1,0.767,-0.3347,17.589,2019,-8.55,36.4,13.3,28,2050,9.06,-33.9,14.3,28,1.227,-0.46,0,
B-B-low-1,1.49553,1790320837.5289,const,17.5904,5.5896,0.374,0.2,2.6,-1,0.69,-0.6694,17.589,2017,-9.06,34.7,13.3,28,2051,8.55,-34.800000000000004,14.3,28,1.189,-0.499,0,
B-B-low-1,1.49754,1790320837.5309,const,17.5904,5.5896,0.374,0.2,2.6,-1,0.652,-0.3345,17.589,2016,-9.06,34.7,13.3,28,2052,8.55,-34.800000000000004,14.3,28,1.151,-0.499,0,
B-B-low-1,1.49953,1790320837.5329,const,17.5904,5.5896,0.374,0.2,2.6,-1,0.652,0.0,17.589,2016,-8.55,36.4,13.3,28,2053,8.55,-34.800000000000004,14.3,28,1.112,-0.46,0,
B-B-low-1,1.50153,1790320837.5349,const,17.5904,5.5896,0.374,0.2,2.6,-1,0.614,-0.3348,17.589,2015,-8.55,37.2,13.3,28,2054,8.05,-36.4,14.3,28,1.074,-0.46,0,
B-B-low-1,1.50353,1790320837.5369,const,17.5904,5.5896,0.374,0.2,2.6,-1,0.537,-0.6693,17.59,2013,-8.55,36.4,13.3,28,2055,8.05,-36.4,14.3,28,1.036,-0.499,0,
B-B-low-1,1.50553,1790320837.5389,const,17.5904,5.5896,0.374,0.2,2.6,-1,0.499,-0.3346,17.59,2012,-8.55,36.4,13.3,28,2056,8.05,-36.4,14.3,28,0.997,-0.499,0,
B-B-low-1,1.50753,1790320837.5409,const,17.5904,5.5896,0.374,0.2,2.6,-1,0.46,-0.3348,17.59,2011,-8.55,36.4,13.3,28,2058,8.55,-34.800000000000004,14.3,28,0.92,-0.46,0,
B-B-low-1,1.50954,1790320837.5429,const,17.5904,5.5896,0.374,0.2,2.6,-1,0.422,-0.3341,17.59,2010,-8.05,37.2,13.3,28,2059,8.05,-36.4,14.3,28,0.882,-0.46,0,
B-B-low-1,1.51154,1790320837.5449,const,17.5904,5.5896,0.374,0.2,2.6,-1,0.384,-0.3347,17.59,2009,-8.05,37.2,13.3,28,2060,8.05,-36.4,14.3,28,0.844,-0.46,0,
B-B-low-1,1.51354,1790320837.5469,const,17.5904,5.5896,0.374,0.2,2.6,-1,0.345,-0.3343,17.59,2008,-8.05,38.0,13.3,28,2061,8.05,-36.4,14.3,28,0.805,-0.46,0,
B-B-low-1,1.51554,1790320837.5489,const,17.5904,5.5896,0.374,0.2,2.6,-1,0.345,0.0,17.59,2008,-7.04,40.6,13.3,28,2062,8.05,-36.4,14.3,28,0.767,-0.422,0,
B-B-low-1,1.51753,1790320837.5509,const,17.5904,5.5896,0.374,0.2,2.6,-1,0.268,-0.6705,17.59,2006,-8.05,38.0,13.3,28,2063,8.05,-36.4,14.3,28,0.729,-0.46,0,
B-B-low-1,1.51954,1790320837.5529,const,17.5904,5.5896,0.374,0.2,2.6,-1,0.268,0.0,17.59,2006,-7.55,39.7,13.3,28,2064,7.55,-37.300000000000004,14.3,28,0.69,-0.422,0,
B-B-low-1,1.52154,1790320837.5549,const,17.5904,5.5896,0.374,0.2,2.6,-1,0.23,-0.3347,17.59,2005,-7.55,39.7,14.1,28,2065,7.55,-37.300000000000004,13.4,28,0.652,-0.422,0,
B-B-low-1,1.52353,1790320837.5569,const,17.5904,5.5896,0.374,0.2,2.6,-1,0.153,-0.6708,17.59,2003,-7.55,38.900000000000006,14.1,28,2066,7.55,-37.300000000000004,13.4,28,0.614,-0.46,0,
B-B-low-1,1.52554,1790320837.5589,const,17.5904,5.5896,0.374,0.2,2.6,-1,0.115,-0.334,17.59,2002,-7.55,38.900000000000006,14.1,28,2067,8.05,-36.4,13.4,28,0.575,-0.46,0,
B-B-low-1,1.52754,1790320837.5609,const,17.5904,5.5896,0.374,0.2,2.6,-1,0.077,-0.3349,17.59,2001,-7.55,38.900000000000006,14.1,28,2068,7.55,-38.1,13.4,28,0.537,-0.46,0,
B-B-low-1,1.52953,1790320837.5629,const,17.5904,5.5896,0.374,0.2,2.6,-1,0.038,-0.3353,17.59,2000,-7.55,38.900000000000006,14.1,28,2069,7.55,-38.1,13.4,28,0.499,-0.46,0,
B-B-low-1,1.53154,1790320837.5649,const,17.5904,5.5896,0.374,0.2,2.6,-1,0.038,0.0,17.59,2000,-7.55,39.7,14.1,28,2070,7.55,-38.1,13.4,28,0.46,-0.422,0,
B-B-low-1,1.53354,1790320837.5669,const,17.5904,5.5896,0.374,0.2,2.6,-1,-0.038,-0.6697,17.59,1998,-7.04,40.6,14.1,28,2071,7.55,-38.1,13.4,28,0.422,-0.46,0,
B-B-low-1,1.53553,1790320837.5689,const,17.5904,5.5896,0.374,0.2,2.6,-1,-0.077,-0.3347,17.59,1997,-7.55,39.7,14.1,28,2072,7.55,-38.1,13.4,28,0.384,-0.46,0,
B-B-low-1,1.53753,1790320837.5709,const,17.5904,5.5896,0.374,0.2,2.6,-1,-0.077,0.0,17.59,1997,-7.04,41.400000000000006,14.1,28,2073,7.55,-38.1,13.4,28,0.345,-0.422,0,
B-B-low-1,1.53953,1790320837.5729,const,17.5904,5.5896,0.374,0.2,2.6,-1,-0.115,-0.3341,17.59,1996,-7.04,41.400000000000006,14.1,28,2074,7.04,-39.0,13.4,28,0.307,-0.422,0,
B-B-low-1,1.54154,1790320837.5749,const,17.5904,5.5896,0.374,0.2,2.6,-1,-0.192,-0.6693,17.59,1994,-7.55,39.7,14.1,28,2074,7.04,-39.800000000000004,13.4,28,0.307,-0.499,0,
B-B-low-1,1.54353,1790320837.5769,const,17.5904,5.5896,0.374,0.2,2.6,-1,-0.23,-0.3347,17.59,1993,-7.55,39.7,14.1,28,2075,6.54,-40.7,13.4,28,0.268,-0.499,0,
B-B-low-1,1.54554,1790320837.5789,const,17.5904,5.5896,0.374,0.2,2.6,-1,-0.23,0.0,17.59,1993,-7.04,41.400000000000006,14.1,28,2077,7.55,-38.1,13.4,28,0.192,-0.422,0,
B-B-low-1,1.54753,1790320837.5809,const,17.5904,5.5896,0.374,0.2,2.6,-1,-0.268,-0.3351,17.59,1992,-7.04,41.400000000000006,14.1,28,2077,7.04,-39.800000000000004,13.4,28,0.192,-0.46,0,
B-B-low-1,1.54953,1790320837.5829,const,17.5904,5.5896,0.374,0.2,2.6,-1,-0.307,-0.3347,17.59,1991,-7.04,41.400000000000006,14.1,28,2078,7.04,-39.800000000000004,13.4,28,0.153,-0.46,0,
B-B-low-1,1.55153,1790320837.5849,const,17.5904,5.5896,0.374,0.2,2.6,-1,-0.384,-0.6695,17.59,1989,-7.55,40.5,14.1,28,2080,7.04,-39.800000000000004,13.4,28,0.077,-0.46,0,
B-B-low-1,1.55353,1790320837.5869,const,17.5904,5.5896,0.374,0.2,2.6,-1,-0.422,-0.3348,17.59,1988,-7.55,40.5,14.1,28,2081,7.55,-38.900000000000006,13.4,28,0.038,-0.46,0,
B-B-low-1,1.55553,1790320837.5889,const,17.5904,5.5896,0.374,0.2,2.6,-1,-0.46,-0.3346,17.59,1987,-7.55,40.5,14.1,28,2082,7.55,-38.900000000000006,13.4,28,0.0,-0.46,0,
B-B-low-1,1.55753,1790320837.5909,const,17.5904,5.5896,0.374,0.2,2.6,-1,-0.499,-0.3349,17.59,1986,-7.55,40.5,14.1,28,2083,7.55,-38.900000000000006,13.4,28,-0.038,-0.46,0,
B-B-low-1,1.55953,1790320837.5929,const,17.5904,5.5896,0.374,0.2,2.6,-1,-0.537,-0.3346,17.59,1985,-7.55,40.5,14.1,28,2085,8.05,-37.2,13.4,28,-0.115,-0.422,0,
B-B-low-1,1.56153,1790320837.5949,const,17.5904,5.5896,0.374,0.2,2.6,-1,-0.537,0.0,17.59,1985,-7.04,42.2,14.1,28,2086,7.55,-38.1,13.4,28,-0.153,-0.384,0,
B-B-low-1,1.56353,1790320837.5969,const,17.5904,5.5896,0.374,0.2,2.6,-1,-0.575,-0.3346,17.589,1984,-7.55,40.5,14.1,28,2087,8.05,-37.2,13.4,28,-0.192,-0.384,0,
B-B-low-1,1.56553,1790320837.5989,const,17.5904,5.5896,0.374,0.2,2.6,-1,-0.652,-0.6697,17.589,1982,-8.05,39.6,14.1,28,2088,8.05,-37.2,13.4,28,-0.23,-0.422,0,
B-B-low-1,1.56753,1790320837.6009,const,17.5904,5.5896,0.374,0.2,2.6,-1,-0.69,-0.3346,17.589,1981,-8.05,39.6,14.1,28,2089,8.05,-37.2,13.4,28,-0.268,-0.422,0,
B-B-low-1,1.56953,1790320837.6029,const,17.5904,5.5896,0.374,0.2,2.6,-1,-0.729,-0.3349,17.589,1980,-8.05,39.6,14.1,28,2090,8.05,-38.0,13.4,28,-0.307,-0.422,0,
B-B-low-1,1.57153,1790320837.6049,const,17.5904,5.5896,0.374,0.2,2.6,-1,-0.767,-0.3347,17.589,1979,-8.05,39.6,14.1,28,2092,8.55,-36.4,13.4,28,-0.384,-0.384,0,
B-B-low-1,1.57353,1790320837.6069,const,17.5904,5.5896,0.374,0.2,2.6,-1,-0.805,-0.3347,17.589,1978,-8.05,39.6,14.1,28,2092,8.05,-38.0,13.4,28,-0.384,-0.422,0,
B-B-low-1,1.57553,1790320837.6089,const,17.5904,5.5896,0.374,0.2,2.6,-1,-0.844,-0.3346,17.588,1977,-8.05,39.6,14.1,28,2093,8.05,-38.0,13.4,28,-0.422,-0.422,0,
B-B-low-1,1.57753,1790320837.6109,const,17.5904,5.5896,0.374,0.2,2.6,-1,-0.92,-0.6694,17.588,1975,-8.55,38.0,14.1,28,2095,8.55,-36.4,13.4,28,-0.499,-0.422,0,
B-B-low-1,1.57953,1790320837.6129,const,17.5904,5.5896,0.374,0.2,2.6,-1,-0.92,0.0,17.588,1975,-8.05,39.6,14.1,28,2096,8.55,-36.4,13.4,28,-0.537,-0.384,0,
B-B-low-1,1.58153,1790320837.6149,const,17.5904,5.5896,0.374,0.2,2.6,-1,-0.997,-0.6697,17.588,1973,-8.55,38.0,14.1,28,2096,7.55,-38.900000000000006,13.4,28,-0.537,-0.46,0,
B-B-low-1,1.58353,1790320837.6169,const,17.5904,5.5896,0.374,0.2,2.6,-1,-1.036,-0.3347,17.587,1972,-8.55,38.800000000000004,14.1,28,2098,8.05,-37.2,13.4,28,-0.614,-0.422,0,
B-B-low-1,1.58553,1790320837.6189,const,17.5904,5.5896,0.374,0.2,2.6,-1,-1.074,-0.3345,17.587,1971,-8.55,38.800000000000004,14.1,28,2099,8.05,-37.2,13.4,28,-0.652,-0.422,0,
B-B-low-1,1.58753,1790320837.6209,const,17.5904,5.5896,0.374,0.2,2.6,-1,-1.112,-0.3344,17.587,1970,-8.55,38.800000000000004,14.1,28,2100,8.05,-37.2,13.4,28,-0.69,-0.422,0,
B-B-low-1,1.58953,1790320837.6229,const,17.5904,5.5896,0.374,0.2,2.6,-1,-1.151,-0.3352,17.587,1969,-8.55,38.800000000000004,14.1,28,2101,8.05,-37.2,13.4,28,-0.729,-0.422,0,
B-B-low-1,1.59153,1790320837.6249,const,17.5904,5.5896,0.374,0.2,2.6,-1,-1.189,-0.3347,17.587,1968,-8.05,40.400000000000006,14.1,28,2102,7.55,-38.900000000000006,13.4,28,-0.767,-0.422,0,
B-B-low-1,1.59353,1790320837.6269,const,17.5904,5.5896,0.374,0.2,2.6,-1,-1.227,-0.3346,17.586,1967,-8.05,40.400000000000006,14.1,28,2103,8.05,-38.0,13.4,28,-0.805,-0.422,0,
B-B-low-1,1.59554,1790320837.6289,const,17.5904,5.5896,0.374,0.2,2.6,-1,-1.304,-0.667,17.586,1965,-8.55,38.800000000000004,14.1,28,2104,8.05,-38.0,13.4,28,-0.844,-0.46,0,
B-B-low-1,1.59753,1790320837.6309,const,17.5904,5.5896,0.374,0.2,2.6,-1,-1.304,0.0,17.586,1965,-8.05,40.400000000000006,14.1,28,2105,7.55,-38.900000000000006,13.4,28,-0.882,-0.422,0,
B-B-low-1,1.59953,1790320837.6329,const,17.5904,5.5896,0.374,0.2,2.6,-1,-1.342,-0.3347,17.585,1964,-8.05,40.400000000000006,14.1,28,2107,8.55,-36.4,13.4,28,-0.959,-0.384,0,
B-B-low-1,1.60153,1790320837.6349,const,17.5904,5.5896,0.374,0.2,2.6,-1,-1.419,-0.6695,17.585,1962,-8.05,39.6,14.1,28,2108,8.05,-37.2,13.4,28,-0.997,-0.422,0,
B-B-low-1,1.60353,1790320837.6369,const,17.5904,5.5896,0.374,0.2,2.6,-1,-1.457,-0.3347,17.585,1961,-8.55,38.0,14.1,28,2109,8.05,-37.2,13.4,28,-1.036,-0.422,0,
B-B-low-1,1.60553,1790320837.6389,const,17.5904,5.5896,0.374,0.2,2.6,-1,-1.534,-0.6684,17.584,1959,-8.55,38.0,14.1,28,2109,7.55,-38.900000000000006,13.4,28,-1.036,-0.499,0,
B-B-low-1,1.60753,1790320837.6409,const,17.5904,5.5896,0.374,0.2,2.6,-1,-1.534,0.0,17.584,1959,-8.05,39.6,14.1,28,2110,7.55,-38.900000000000006,13.4,28,-1.074,-0.46,0,
B-B-low-1,1.60953,1790320837.6429,const,17.5904,5.5896,0.374,0.2,2.6,-1,-1.572,-0.335,17.584,1958,-8.05,39.6,14.1,28,2111,7.55,-39.7,13.4,28,-1.112,-0.46,0,
B-B-low-1,1.61153,1790320837.6449,const,17.5904,5.5896,0.374,0.2,2.6,-1,-1.611,-0.3346,17.583,1957,-8.05,39.6,14.1,28,2113,8.05,-38.0,13.4,28,-1.189,-0.422,0,
B-B-low-1,1.61353,1790320837.6469,const,17.5904,5.5896,0.374,0.2,2.6,-1,-1.649,-0.3341,17.583,1956,-8.05,39.6,14.1,28,2113,7.55,-39.7,13.4,28,-1.189,-0.46,0,
B-B-low-1,1.61553,1790320837.6489,const,17.5904,5.5896,0.374,0.2,2.6,-1,-1.726,-0.6705,17.582,1954,-8.55,38.800000000000004,14.1,28,2114,7.04,-40.6,13.4,28,-1.227,-0.499,0,
B-B-low-1,1.61753,1790320837.6509,const,17.5904,5.5896,0.374,0.2,2.6,-1,-1.726,0.0,17.582,1954,-8.05,40.400000000000006,14.1,28,2115,7.04,-40.6,13.4,28,-1.266,-0.46,0,
B-B-low-1,1.61953,1790320837.6529,const,17.5904,5.5896,0.374,0.2,2.6,-1,-1.764,-0.3348,17.582,1953,-7.55,41.300000000000004,14.1,28,2116,7.04,-40.6,13.4,28,-1.304,-0.46,0,
B-B-low-1,1.62153,1790320837.6549,const,17.5904,5.5896,0.374,0.2,2.6,-1,-1.803,-0.3348,17.582,1952,-8.05,40.400000000000006,14.1,28,2117,7.55,-40.5,13.4,28,-1.342,-0.46,0,
B-B-low-1,1.62351,1790320837.6569,const,17.5904,5.5896,0.374,0.2,2.6,-1,-1.841,-0.3372,17.581,1951,-7.55,41.300000000000004,14.1,28,2118,7.04,-41.400000000000006,13.4,28,-1.381,-0.46,0,
B-B-low-1,1.62553,1790320837.6589,const,17.5904,5.5896,0.374,0.2,2.6,-1,-1.879,-0.3322,17.581,1950,-7.55,41.300000000000004,14.1,28,2119,7.04,-41.400000000000006,13.4,28,-1.419,-0.46,0,
B-B-low-1,1.62753,1790320837.6609,const,17.5904,5.5896,0.374,0.2,2.6,-1,-1.918,-0.3342,17.58,1949,-7.55,41.300000000000004,14.1,28,2120,6.54,-42.300000000000004,13.4,28,-1.457,-0.46,0,
B-B-low-1,1.62953,1790320837.6629,const,17.5904,5.5896,0.374,0.2,2.6,-1,-1.956,-0.3351,17.58,1948,-7.55,41.300000000000004,14.1,28,2121,7.55,-39.7,13.4,28,-1.496,-0.46,0,
B-B-low-1,1.63153,1790320837.6649,const,17.5904,5.5896,0.374,0.2,2.6,-1,-1.994,-0.3347,17.58,1947,-7.55,42.1,14.1,28,2123,7.55,-39.7,13.4,28,-1.572,-0.422,0,
B-B-low-1,1.63352,1790320837.6669,const,17.5904,5.5896,0.374,0.2,2.6,-1,-2.033,-0.3354,17.579,1946,-7.04,43.0,14.1,28,2123,7.04,-41.400000000000006,13.4,28,-1.572,-0.46,0,
B-B-low-1,1.63553,1790320837.6689,const,17.5904,5.5896,0.374,0.2,2.6,-1,-2.071,-0.3341,17.579,1945,-7.04,43.0,14.1,28,2124,7.04,-41.400000000000006,13.4,28,-1.611,-0.46,0,
B-B-low-1,1.63753,1790320837.6709,const,17.5904,5.5896,0.374,0.2,2.6,-1,-2.109,-0.3348,17.578,1944,-7.04,43.0,14.8,28,2125,7.04,-41.400000000000006,14.3,28,-1.649,-0.46,0,
B-B-low-1,1.63953,1790320837.6729,const,17.5904,5.5896,0.374,0.2,2.6,-1,-2.148,-0.3346,17.578,1943,-7.04,43.0,14.8,28,2126,7.55,-40.5,14.3,28,-1.688,-0.46,0,
B-B-low-1,1.64153,1790320837.6749,const,17.5904,5.5896,0.374,0.2,2.6,-1,-2.186,-0.3349,17.578,1942,-7.04,43.800000000000004,14.8,28,2127,7.04,-42.2,14.3,28,-1.726,-0.46,0,
B-B-low-1,1.64353,1790320837.6769,const,17.5904,5.5896,0.374,0.2,2.6,-1,-2.263,-0.6693,17.577,1940,-7.55,42.1,14.8,28,2128,7.04,-42.2,14.3,28,-1.764,-0.499,0,
B-B-low-1,1.64553,1790320837.6789,const,17.5904,5.5896,0.374,0.2,2.6,-1,-2.301,-0.3349,17.576,1939,-7.55,42.1,14.8,28,2129,7.04,-42.2,14.3,28,-1.803,-0.499,0,
B-B-low-1,1.64753,1790320837.6809,const,17.5904,5.5896,0.374,0.2,2.6,-1,-2.339,-0.3338,17.576,1938,-7.55,42.1,14.8,28,2130,7.55,-41.300000000000004,14.3,28,-1.841,-0.499,0,
B-B-low-1,1.64953,1790320837.6829,const,17.5904,5.5896,0.374,0.2,2.6,-1,-2.378,-0.3354,17.575,1937,-7.55,42.1,14.8,28,2131,7.55,-41.300000000000004,14.3,28,-1.879,-0.499,0,
B-B-low-1,1.65153,1790320837.6849,const,17.5904,5.5896,0.374,0.2,2.6,-1,-2.416,-0.3341,17.575,1936,-7.55,42.1,14.8,28,2132,7.04,-42.2,14.3,28,-1.918,-0.499,0,
B-B-low-1,1.65353,1790320837.6869,const,17.5904,5.5896,0.374,0.2,2.6,-1,-2.493,-0.6708,17.574,1934,-8.55,39.6,14.8,28,2134,8.05,-39.6,14.3,28,-1.994,-0.499,0,
B-B-low-1,1.65554,1790320837.6889,const,17.5904,5.5896,0.374,0.2,2.6,-1,-2.493,0.0,17.574,1934,-7.55,42.1,14.8,28,2134,7.55,-41.300000000000004,14.3,28,-1.994,-0.499,0,
B-B-low-1,1.65753,1790320837.6909,const,17.5904,5.5896,0.374,0.2,2.6,-1,-2.608,-1.0128,17.572,1931,-9.06,37.9,14.8,28,2136,8.05,-39.6,14.3,28,-2.071,-0.537,0,
B-B-low-1,1.65953,1790320837.6929,const,17.5904,5.5896,0.374,0.2,2.6,-1,-2.608,0.0,17.572,1931,-8.55,39.6,14.8,28,2137,7.55,-41.300000000000004,14.3,28,-2.109,-0.499,0,
B-B-low-1,1.66153,1790320837.6949,const,17.5904,5.5896,0.374,0.2,2.6,-1,-2.646,-0.3352,17.572,1930,-8.55,39.6,14.8,28,2138,7.55,-41.300000000000004,14.3,28,-2.148,-0.499,0,
B-B-low-1,1.66353,1790320837.6969,const,17.5904,5.5896,0.374,0.2,2.6,-1,-2.685,-0.3348,17.571,1929,-8.55,39.6,14.8,28,2139,7.55,-41.300000000000004,14.3,28,-2.186,-0.499,0,
B-B-low-1,1.66553,1790320837.6989,const,17.5904,5.5896,0.374,0.2,2.6,-1,-2.761,-0.6695,17.57,1927,-8.55,39.6,14.8,28,2141,8.05,-39.6,14.3,28,-2.263,-0.499,0,
B-B-low-1,1.66753,1790320837.7009,const,17.5904,5.5896,0.374,0.2,2.6,-1,-2.838,-0.6669,17.569,1925,-9.06,37.9,14.8,28,2141,8.05,-40.400000000000006,14.3,28,-2.263,-0.575,0,
B-B-low-1,1.66953,1790320837.7029,const,17.5904,5.5896,0.374,0.2,2.6,-1,-2.838,0.0,17.569,1925,-8.55,39.6,14.8,28,2143,8.05,-39.6,14.3,28,-2.339,-0.499,0,
B-B-low-1,1.67153,1790320837.7049,const,17.5904,5.5896,0.374,0.2,2.6,-1,-2.876,-0.3346,17.568,1924,-9.06,38.7,14.8,28,2145,8.55,-38.0,14.3,28,-2.416,-0.46,0,
B-B-low-1,1.67353,1790320837.7069,const,17.5904,5.5896,0.374,0.2,2.6,-1,-2.953,-0.6692,17.567,1922,-8.55,39.6,14.8,28,2145,8.05,-39.6,14.3,28,-2.416,-0.537,0,
B-B-low-1,1.67553,1790320837.7089,const,17.5904,5.5896,0.374,0.2,2.6,-1,-3.03,-0.6699,17.566,1920,-9.06,37.9,14.8,28,2146,8.05,-39.6,14.3,28,-2.455,-0.575,0,
B-B-low-1,1.67753,1790320837.7109,const,17.5904,5.5896,0.374,0.2,2.6,-1,-3.068,-0.3344,17.565,1919,-9.06,37.9,14.8,28,2148,8.55,-38.0,14.3,28,-2.531,-0.537,0,
B-B-low-1,1.67953,1790320837.7129,const,17.5904,5.5896,0.374,0.2,2.6,-1,-3.107,-0.3349,17.564,1918,-9.06,37.9,14.8,28,2149,9.06,-37.1,14.3,28,-2.57,-0.537,0,
B-B-low-1,1.68151,1790320837.7149,const,17.5904,5.5896,0.374,0.2,2.6,-1,-3.145,-0.3372,17.564,1917,-9.06,37.9,14.8,28,2150,9.06,-37.1,14.3,28,-2.608,-0.537,0,
B-B-low-1,1.68352,1790320837.7169,const,17.5904,5.5896,0.374,0.2,2.6,-1,-3.183,-0.3325,17.563,1916,-8.55,38.800000000000004,14.8,28,2152,9.06,-37.1,14.3,28,-2.685,-0.499,0,
B-B-low-1,1.68553,1790320837.7189,const,17.5904,5.5896,0.374,0.2,2.6,-1,-3.26,-0.6689,17.562,1914,-9.06,37.1,14.8,28,2153,9.06,-37.1,14.3,28,-2.723,-0.537,0,
B-B-low-1,1.68753,1790320837.7209,const,17.5904,5.5896,0.374,0.2,2.6,-1,-3.26,0.0,17.562,1914,-8.55,38.800000000000004,14.8,28,2153,8.55,-38.800000000000004,14.3,28,-2.723,-0.537,0,
B-B-low-1,1.68953,1790320837.7229,const,17.5904,5.5896,0.374,0.2,2.6,-1,-3.337,-0.6688,17.56,1912,-9.56,36.2,14.8,28,2155,9.06,-37.1,14.3,28,-2.8,-0.537,0,
B-B-low-1,1.69152,1790320837.7249,const,17.5904,5.5896,0.374,0.2,2.6,-1,-3.375,-0.3353,17.56,1911,-9.06,37.9,14.8,28,2157,9.06,-36.300000000000004,14.3,28,-2.876,-0.499,0,
B-B-low-1,1.69352,1790320837.7269,const,17.5904,5.5896,0.374,0.2,2.6,-1,-3.413,-0.3346,17.559,1910,-9.06,37.9,14.8,28,2158,9.06,-36.300000000000004,14.3,28,-2.915,-0.499,0,
B-B-low-1,1.69553,1790320837.7289,const,17.5904,5.5896,0.374,0.2,2.6,-1,-3.452,-0.3342,17.558,1909,-9.06,37.9,14.8,28,2159,9.06,-36.300000000000004,14.3,28,-2.953,-0.499,0,
B-B-low-1,1.69752,1790320837.7309,const,17.5904,5.5896,0.374,0.2,2.6,-1,-3.49,-0.3353,17.558,1908,-8.55,38.800000000000004,14.8,28,2160,9.06,-36.300000000000004,14.3,28,-2.991,-0.499,0,
B-B-low-1,1.69952,1790320837.7329,const,17.5904,5.5896,0.374,0.2,2.6,-1,-3.567,-0.6694,17.556,1906,-9.06,37.1,14.8,28,2161,9.06,-36.300000000000004,14.3,28,-3.03,-0.537,0,
B-B-low-1,1.70152,1790320837.7349,const,17.5904,5.5896,0.374,0.2,2.6,-1,-3.605,-0.3349,17.556,1905,-9.06,37.1,14.8,28,2163,9.06,-36.300000000000004,14.3,28,-3.107,-0.499,0,
B-B-low-1,1.70352,1790320837.7369,const,17.5904,5.5896,0.374,0.2,2.6,-1,-3.643,-0.3344,17.555,1904,-9.06,37.1,14.8,28,2164,9.06,-36.300000000000004,14.3,28,-3.145,-0.499,0,
B-B-low-1,1.70552,1790320837.7389,const,17.5904,5.5896,0.374,0.2,2.6,-1,-3.682,-0.3348,17.554,1903,-8.55,38.0,14.8,28,2165,9.06,-36.300000000000004,14.3,28,-3.183,-0.499,0,
B-B-low-1,1.70752,1790320837.7409,const,17.5904,5.5896,0.374,0.2,2.6,-1,-3.759,-0.6694,17.552,1901,-9.06,36.300000000000004,14.8,28,2166,9.06,-36.300000000000004,14.3,28,-3.222,-0.537,0,
B-B-low-1,1.70952,1790320837.7429,const,17.5904,5.5896,0.374,0.2,2.6,-1,-3.797,-0.3348,17.552,1900,-9.06,37.1,14.8,28,2167,8.55,-37.2,14.3,28,-3.26,-0.537,0,
B-B-low-1,1.71152,1790320837.7449,const,17.5904,5.5896,0.374,0.2,2.6,-1,-3.797,0.0,17.552,1900,-8.55,38.800000000000004,14.8,28,2169,9.06,-35.5,14.3,28,-3.337,-0.46,0,
B-B-low-1,1.71352,1790320837.7469,const,17.5904,5.5896,0.374,0.2,2.6,-1,-3.835,-0.3347,17.551,1899,-8.55,38.800000000000004,14.8,28,2170,9.06,-35.5,14.3,28,-3.375,-0.46,0,
B-B-low-1,1.71552,1790320837.7489,const,17.5904,5.5896,0.374,0.2,2.6,-1,-3.912,-0.6699,17.549,1897,-8.55,38.0,14.8,28,2171,9.06,-35.5,14.3,28,-3.413,-0.499,0,
B-B-low-1,1.71752,1790320837.7509,const,17.5904,5.5896,0.374,0.2,2.6,-1,-3.95,-0.3344,17.549,1896,-8.55,38.0,14.8,28,2171,8.55,-37.2,14.3,28,-3.413,-0.537,0,
B-B-low-1,1.71952,1790320837.7529,const,17.5904,5.5896,0.374,0.2,2.6,-1,-3.989,-0.335,17.548,1895,-8.55,38.0,14.8,28,2173,8.55,-37.2,14.3,28,-3.49,-0.499,0,
B-B-low-1,1.72152,1790320837.7549,const,17.5904,5.5896,0.374,0.2,2.6,-1,-4.027,-0.3346,17.547,1894,-8.55,38.0,14.8,28,2173,8.55,-37.2,14.3,28,-3.49,-0.537,0,
B-B-low-1,1.72352,1790320837.7569,const,17.5904,5.5896,0.374,0.2,2.6,-1,-4.065,-0.3347,17.546,1893,-8.05,39.6,14.8,28,2174,7.55,-39.7,14.3,28,-3.528,-0.537,0,
B-B-low-1,1.72552,1790320837.7589,const,17.5904,5.5896,0.374,0.2,2.6,-1,-4.104,-0.3346,17.545,1892,-8.05,39.6,14.8,28,2176,8.55,-37.2,14.3,28,-3.605,-0.499,0,
B-B-low-1,1.72752,1790320837.7609,const,17.5904,5.5896,0.374,0.2,2.6,-1,-4.142,-0.3347,17.544,1891,-8.05,39.6,14.8,28,2177,8.05,-38.0,14.3,28,-3.643,-0.499,0,
B-B-low-1,1.72952,1790320837.7629,const,17.5904,5.5896,0.374,0.2,2.6,-1,-4.18,-0.3348,17.544,1890,-8.05,39.6,14.8,28,2178,8.05,-38.0,14.3,28,-3.682,-0.499,0,
B-B-low-1,1.73152,1790320837.7649,const,17.5904,5.5896,0.374,0.2,2.6,-1,-4.219,-0.3349,17.543,1889,-8.05,39.6,14.8,28,2179,8.05,-38.0,14.3,28,-3.72,-0.499,0,
B-B-low-1,1.73352,1790320837.7669,const,17.5904,5.5896,0.374,0.2,2.6,-1,-4.295,-0.6693,17.541,1887,-8.05,38.800000000000004,14.8,28,2180,8.05,-38.0,14.3,28,-3.759,-0.537,0,
B-B-low-1,1.73553,1790320837.7689,const,17.5904,5.5896,0.374,0.2,2.6,-1,-4.334,-0.3341,17.54,1886,-8.05,38.800000000000004,14.8,28,2182,8.05,-37.2,14.3,28,-3.835,-0.499,0,
B-B-low-1,1.73752,1790320837.7709,const,17.5904,5.5896,0.374,0.2,2.6,-1,-4.372,-0.3353,17.539,1885,-8.05,38.800000000000004,14.8,28,2182,7.55,-39.7,14.3,28,-3.835,-0.537,0,
B-B-low-1,1.73952,1790320837.7729,const,17.5904,5.5896,0.374,0.2,2.6,-1,-4.411,-0.3346,17.538,1884,-8.05,38.800000000000004,14.8,28,2184,8.55,-37.2,14.3,28,-3.912,-0.499,0,
B-B-low-1,1.74152,1790320837.7749,const,17.5904,5.5896,0.374,0.2,2.6,-1,-4.449,-0.3346,17.537,1883,-8.05,38.800000000000004,14.8,28,2185,8.05,-38.0,14.3,28,-3.95,-0.499,0,
B-B-low-1,1.74352,1790320837.7769,const,17.5904,5.5896,0.374,0.2,2.6,-1,-4.487,-0.3348,17.536,1882,-8.05,38.800000000000004,14.8,28,2186,8.05,-38.0,14.3,28,-3.989,-0.499,0,
B-B-low-1,1.74552,1790320837.7789,const,17.5904,5.5896,0.374,0.2,2.6,-1,-4.526,-0.3346,17.535,1881,-8.05,38.800000000000004,14.8,28,2187,8.05,-38.0,14.3,28,-4.027,-0.499,0,
B-B-low-1,1.74752,1790320837.7809,const,17.5904,5.5896,0.374,0.2,2.6,-1,-4.564,-0.3349,17.535,1880,-7.55,40.5,14.8,28,2188,8.05,-38.0,14.3,28,-4.065,-0.499,0,
B-B-low-1,1.74952,1790320837.7829,const,17.5904,5.5896,0.374,0.2,2.6,-1,-4.641,-0.6699,17.533,1878,-8.55,38.0,14.8,28,2189,8.05,-38.0,14.3,28,-4.104,-0.537,0,
B-B-low-1,1.75152,1790320837.7849,const,17.5904,5.5896,0.374,0.2,2.6,-1,-4.679,-0.334,17.532,1877,-8.55,38.0,14.8,28,2191,8.55,-37.2,14.3,28,-4.18,-0.499,0,
B-B-low-1,1.75352,1790320837.7869,const,17.5904,5.5896,0.374,0.2,2.6,-1,-4.717,-0.3355,17.531,1876,-8.55,38.0,14.8,28,2192,8.55,-37.2,14.1,28,-4.219,-0.499,0,
B-B-low-1,1.75552,1790320837.7889,const,17.5904,5.5896,0.374,0.2,2.6,-1,-4.756,-0.3346,17.53,1875,-8.55,38.800000000000004,14.9,28,2193,8.55,-37.2,14.1,28,-4.257,-0.499,0,
B-B-low-1,1.75752,1790320837.7909,const,17.5904,5.5896,0.374,0.2,2.6,-1,-4.794,-0.3346,17.529,1874,-8.05,39.6,14.9,28,2194,8.55,-37.2,14.1,28,-4.295,-0.499,0,
B-B-low-1,1.75952,1790320837.7929,const,17.5904,5.5896,0.374,0.2,2.6,-1,-4.871,-0.668,17.527,1872,-8.55,38.0,14.9,28,2195,8.05,-38.0,14.1,28,-4.334,-0.537,0,
B-B-low-1,1.76152,1790320837.7949,const,17.5904,5.5896,0.374,0.2,2.6,-1,-4.871,0.0,17.527,1872,-8.05,39.6,14.9,28,2196,8.05,-38.0,14.1,28,-4.372,-0.499,0,
B-B-low-1,1.76352,1790320837.7969,const,17.5904,5.5896,0.374,0.2,2.6,-1,-4.947,-0.67,17.525,1870,-8.55,38.0,14.9,28,2198,8.55,-36.4,14.1,28,-4.449,-0.499,0,
B-B-low-1,1.76552,1790320837.7989,const,17.5904,5.5896,0.374,0.2,2.6,-1,-4.986,-0.3344,17.524,1869,-8.55,38.0,14.9,28,2199,8.55,-36.4,14.1,28,-4.487,-0.499,0,
B-B-low-1,1.76752,1790320837.8009,const,17.5904,5.5896,0.374,0.2,2.6,-1,-5.024,-0.3352,17.523,1868,-8.55,38.0,14.9,28,2200,8.55,-36.4,14.1,28,-4.526,-0.499,0,
B-B-low-1,1.76952,1790320837.8029,const,17.5904,5.5896,0.374,0.2,2.6,-1,-5.062,-0.3341,17.522,1867,-8.05,38.800000000000004,14.9,28,2201,8.55,-36.4,14.1,28,-4.564,-0.499,0,
B-B-low-1,1.77152,1790320837.8049,const,17.5904,5.5896,0.374,0.2,2.6,-1,-5.101,-0.3354,17.521,1866,-8.05,38.800000000000004,14.9,28,2203,9.06,-34.7,14.1,28,-4.641,-0.46,0,
B-B-low-1,1.77352,1790320837.8069,const,17.5904,5.5896,0.374,0.2,2.6,-1,-5.178,-0.6685,17.519,1864,-8.55,38.0,14.9,28,2204,8.55,-36.4,14.1,28,-4.679,-0.499,0,
B-B-low-1,1.77552,1790320837.8089,const,17.5904,5.5896,0.374,0.2,2.6,-1,-5.254,-0.6698,17.516,1862,-9.06,36.300000000000004,14.9,28,2205,9.06,-35.5,14.1,28,-4.717,-0.537,0,
B-B-low-1,1.77752,1790320837.8109,const,17.5904,5.5896,0.374,0.2,2.6,-1,-5.293,-0.335,17.515,1861,-9.06,36.300000000000004,14.9,28,2207,9.06,-34.7,14.1,28,-4.794,-0.499,0,
B-B-low-1,1.77952,1790320837.8129,const,17.5904,5.5896,0.374,0.2,2.6,-1,-5.331,-0.3346,17.514,1860,-9.06,36.300000000000004,14.9,28,2208,9.06,-34.7,14.1,28,-4.832,-0.499,0,
B-B-low-1,1.78152,1790320837.8149,const,17.5904,5.5896,0.374,0.2,2.6,-1,-5.369,-0.3338,17.513,1859,-9.06,36.300000000000004,14.9,28,2208,8.55,-36.4,14.1,28,-4.832,-0.537,0,
B-B-low-1,1.78352,1790320837.8169,const,17.5904,5.5896,0.374,0.2,2.6,-1,-5.408,-0.3347,17.512,1858,-9.06,35.5,14.9,28,2210,8.55,-35.6,14.1,28,-4.909,-0.499,0,
B-B-low-1,1.78553,1790320837.8189,const,17.5904,5.5896,0.374,0.2,2.6,-1,-5.446,-0.3343,17.511,1857,-9.06,36.300000000000004,14.9,28,2211,8.55,-35.6,14.1,28,-4.947,-0.499,0,
B-B-low-1,1.78752,1790320837.8209,const,17.5904,5.5896,0.374,0.2,2.6,-1,-5.523,-0.6719,17.509,1855,-9.56,35.4,14.9,28,2212,8.55,-35.6,14.1,28,-4.986,-0.537,0,
B-B-low-1,1.78952,1790320837.8229,const,17.5904,5.5896,0.374,0.2,2.6,-1,-5.561,-0.3348,17.508,1854,-9.06,36.300000000000004,14.9,28,2214,9.56,-33.0,14.1,28,-5.062,-0.499,0,
B-B-low-1,1.79152,1790320837.8249,const,17.5904,5.5896,0.374,0.2,2.6,-1,-5.599,-0.3346,17.506,1853,-9.06,36.300000000000004,14.9,28,2215,9.06,-34.7,14.1,28,-5.101,-0.499,0,
B-B-low-1,1.79352,1790320837.8269,const,17.5904,5.5896,0.374,0.2,2.6,-1,-5.638,-0.334,17.505,1852,-9.06,36.300000000000004,14.9,28,2215,8.55,-36.4,14.1,28,-5.101,-0.537,0,
B-B-low-1,1.79552,1790320837.8289,const,17.5904,5.5896,0.374,0.2,2.6,-1,-5.676,-0.3355,17.504,1851,-9.06,36.300000000000004,14.9,28,2216,8.05,-37.2,14.1,28,-5.139,-0.537,0,
B-B-low-1,1.79752,1790320837.8309,const,17.5904,5.5896,0.374,0.2,2.6,-1,-5.753,-0.6693,17.502,1849,-9.06,35.5,14.9,28,2217,8.05,-37.2,14.1,28,-5.178,-0.575,0,
B-B-low-1,1.79952,1790320837.8329,const,17.5904,5.5896,0.374,0.2,2.6,-1,-5.791,-0.3348,17.501,1848,-9.06,35.5,14.9,28,2219,8.55,-35.6,14.1,28,-5.254,-0.537,0,
B-B-low-1,1.80152,1790320837.8349,const,17.5904,5.5896,0.374,0.2,2.6,-1,-5.83,-0.3348,17.499,1847,-9.06,35.5,14.9,28,2220,8.05,-36.4,14.1,28,-5.293,-0.537,0,
B-B-low-1,1.80352,1790320837.8369,const,17.5904,5.5896,0.374,0.2,2.6,-1,-5.868,-0.3347,17.498,1846,-9.06,35.5,14.9,28,2221,8.05,-36.4,14.1,28,-5.331,-0.537,0,
B-B-low-1,1.80552,1790320837.8389,const,17.5904,5.5896,0.374,0.2,2.6,-1,-5.906,-0.3336,17.497,1845,-8.55,37.2,14.9,28,2222,8.05,-36.4,14.1,28,-5.369,-0.537,0,
B-B-low-1,1.80752,1790320837.8409,const,17.5904,5.5896,0.374,0.2,2.6,-1,-5.945,-0.3357,17.496,1844,-8.55,37.2,14.9,28,2222,7.55,-38.1,14.1,28,-5.369,-0.575,0,
B-B-low-1,1.80952,1790320837.8429,const,17.5904,5.5896,0.374,0.2,2.6,-1,-5.983,-0.3348,17.494,1843,-8.05,38.0,14.9,28,2224,8.05,-37.2,14.1,28,-5.446,-0.537,0,
B-B-low-1,1.81152,1790320837.8449,const,17.5904,5.5896,0.374,0.2,2.6,-1,-6.021,-0.3349,17.493,1842,-8.05,38.0,14.9,28,2224,7.04,-39.800000000000004,14.1,27,-5.446,-0.575,0,
B-B-low-1,1.81352,1790320837.8469,const,17.5904,5.5896,0.374,0.2,2.6,-1,-6.06,-0.3346,17.492,1841,-8.05,38.0,14.9,28,2225,7.55,-38.1,14.1,27,-5.484,-0.575,0,
B-B-low-1,1.81552,1790320837.8489,const,17.5904,5.5896,0.374,0.2,2.6,-1,-6.098,-0.3346,17.491,1840,-7.55,38.900000000000006,14.9,28,2226,7.04,-39.800000000000004,14.1,27,-5.523,-0.575,0,
B-B-low-1,1.81749,1790320837.8509,const,17.5904,5.5896,0.374,0.2,2.6,-1,-6.136,-0.339,17.49,1839,-7.55,38.900000000000006,14.9,28,2227,7.04,-39.800000000000004,14.1,27,-5.561,-0.575,0,
B-B-low-1,1.81949,1790320837.8529,const,17.5904,5.5896,0.374,0.2,2.6,-1,-6.175,-0.3346,17.488,1838,-7.55,38.900000000000006,14.9,28,2228,7.04,-39.800000000000004,14.1,27,-5.599,-0.575,0,
B-B-low-1,1.82149,1790320837.8549,const,17.5904,5.5896,0.374,0.2,2.6,-1,-6.213,-0.3348,17.487,1837,-8.05,38.0,14.9,28,2228,6.54,-41.5,14.1,27,-5.599,-0.614,0,
B-B-low-1,1.82349,1790320837.8569,const,17.5904,5.5896,0.374,0.2,2.6,-1,-6.251,-0.3343,17.486,1836,-7.55,39.7,14.9,28,2230,7.04,-39.800000000000004,14.1,27,-5.676,-0.575,0,
B-B-low-1,1.82549,1790320837.8589,const,17.5904,5.5896,0.374,0.2,2.6,-1,-6.29,-0.3348,17.484,1835,-7.55,39.7,14.9,28,2230,6.54,-41.5,14.1,27,-5.676,-0.614,0,
B-B-low-1,1.82749,1790320837.8609,const,17.5904,5.5896,0.374,0.2,2.6,-1,-6.328,-0.3344,17.483,1834,-7.55,39.7,14.9,28,2231,6.54,-41.5,14.1,27,-5.714,-0.614,0,
B-B-low-1,1.82949,1790320837.8629,const,17.5904,5.5896,0.374,0.2,2.6,-1,-6.366,-0.3355,17.482,1833,-7.04,40.6,14.9,28,2232,6.54,-41.5,14.1,27,-5.753,-0.614,0,
B-B-low-1,1.83149,1790320837.8649,const,17.5904,5.5896,0.374,0.2,2.6,-1,-6.405,-0.3345,17.481,1832,-7.55,39.7,14.9,28,2233,6.54,-41.5,14.1,27,-5.791,-0.614,0,
B-B-low-1,1.83349,1790320837.8669,const,17.5904,5.5896,0.374,0.2,2.6,-1,-6.405,0.0,17.481,1832,-6.54,42.300000000000004,14.9,28,2234,6.54,-42.300000000000004,14.1,27,-5.83,-0.575,0,
B-B-low-1,1.83549,1790320837.8689,const,17.5904,5.5896,0.374,0.2,2.6,-1,-6.482,-0.6692,17.478,1830,-7.55,39.7,14.9,28,2235,6.54,-42.300000000000004,14.1,27,-5.868,-0.614,0,
B-B-low-1,1.83749,1790320837.8709,const,17.5904,5.5896,0.374,0.2,2.6,-1,-6.52,-0.3353,17.477,1829,-7.04,41.400000000000006,14.9,28,2236,6.54,-42.300000000000004,14.1,27,-5.906,-0.614,0,
B-B-low-1,1.83949,1790320837.8729,const,17.5904,5.5896,0.374,0.2,2.6,-1,-6.558,-0.3347,17.475,1828,-7.55,40.5,14.9,28,2237,6.54,-42.300000000000004,14.1,27,-5.945,-0.614,0,
B-B-low-1,1.84149,1790320837.8749,const,17.5904,5.5896,0.374,0.2,2.6,-1,-6.597,-0.3348,17.474,1827,-7.55,40.5,14.9,28,2238,6.54,-42.300000000000004,14.1,27,-5.983,-0.614,0,
B-B-low-1,1.84349,1790320837.8769,const,17.5904,5.5896,0.374,0.2,2.6,-1,-6.635,-0.3347,17.472,1826,-7.55,40.5,14.9,28,2240,7.55,-39.7,14.1,27,-6.06,-0.575,0,
B-B-low-1,1.84549,1790320837.8789,const,17.5904,5.5896,0.374,0.2,2.6,-1,-6.673,-0.3344,17.471,1825,-7.55,40.5,14.9,28,2240,7.04,-41.400000000000006,14.1,27,-6.06,-0.614,0,
B-B-low-1,1.84749,1790320837.8809,const,17.5904,5.5896,0.374,0.2,2.6,-1,-6.75,-0.6701,17.468,1823,-7.55,39.7,14.9,28,2241,7.04,-41.400000000000006,14.1,27,-6.098,-0.652,0,
B-B-low-1,1.84949,1790320837.8829,const,17.5904,5.5896,0.374,0.2,2.6,-1,-6.788,-0.3346,17.467,1822,-8.05,38.800000000000004,14.9,28,2242,7.04,-41.400000000000006,14.1,27,-6.136,-0.652,0,
B-B-low-1,1.85149,1790320837.8849,const,17.5904,5.5896,0.374,0.2,2.6,-1,-6.827,-0.3346,17.466,1821,-8.05,38.800000000000004,14.9,28,2244,7.55,-40.5,14.1,27,-6.213,-0.614,0,
B-B-low-1,1.85349,1790320837.8869,const,17.5904,5.5896,0.374,0.2,2.6,-1,-6.865,-0.3349,17.464,1820,-8.05,38.800000000000004,14.9,28,2245,7.55,-40.5,14.1,27,-6.251,-0.614,0,
B-B-low-1,1.85549,1790320837.8889,const,17.5904,5.5896,0.374,0.2,2.6,-1,-6.942,-0.6695,17.461,1818,-8.55,38.0,14.9,28,2246,7.55,-40.5,14.1,27,-6.29,-0.652,0,
B-B-low-1,1.85749,1790320837.8909,const,17.5904,5.5896,0.374,0.2,2.6,-1,-6.942,0.0,17.461,1818,-8.05,39.6,14.9,28,2247,7.55,-40.5,14.1,27,-6.328,-0.614,0,
B-B-low-1,1.85949,1790320837.8929,const,17.5904,5.5896,0.374,0.2,2.6,-1,-7.018,-0.6695,17.459,1816,-8.05,38.800000000000004,14.9,28,2249,8.05,-38.800000000000004,14.1,27,-6.405,-0.614,0,
B-B-low-1,1.86149,1790320837.8949,const,17.5904,5.5896,0.374,0.2,2.6,-1,-7.057,-0.3345,17.457,1815,-8.55,38.0,14.9,28,2249,8.05,-39.6,14.1,27,-6.405,-0.652,0,
B-B-low-1,1.86349,1790320837.8969,const,17.5904,5.5896,0.374,0.2,2.6,-1,-7.095,-0.3348,17.456,1814,-8.55,38.0,14.9,28,2251,8.55,-38.0,14.1,27,-6.482,-0.614,0,
B-B-low-1,1.86549,1790320837.8989,const,17.5904,5.5896,0.374,0.2,2.6,-1,-7.172,-0.6696,17.453,1812,-8.55,38.0,14.9,28,2252,8.05,-39.6,14.1,27,-6.52,-0.652,0,
B-B-low-1,1.86749,1790320837.9009,const,17.5904,5.5896,0.374,0.2,2.6,-1,-7.21,-0.3348,17.451,1811,-9.06,37.1,14.9,28,2253,8.55,-38.800000000000004,14.1,27,-6.558,-0.652,0,
B-B-low-1,1.86949,1790320837.9029,const,17.5904,5.5896,0.374,0.2,2.6,-1,-7.21,0.0,17.451,1811,-8.05,39.6,14.9,28,2254,8.55,-38.800000000000004,14.1,27,-6.597,-0.614,0,
B-B-low-1,1.87149,1790320837.9049,const,17.5904,5.5896,0.374,0.2,2.6,-1,-7.287,-0.669,17.448,1809,-9.06,37.1,14.2,28,2255,8.55,-38.800000000000004,13.0,27,-6.635,-0.652,0,
B-B-low-1,1.87349,1790320837.9069,const,17.5904,5.5896,0.374,0.2,2.6,-1,-7.287,0.0,17.448,1809,-8.05,39.6,14.2,28,2257,8.55,-38.0,13.0,27,-6.712,-0.575,0,
B-B-low-1,1.87549,1790320837.9089,const,17.5904,5.5896,0.374,0.2,2.6,-1,-7.364,-0.6697,17.445,1807,-9.06,37.1,14.2,28,2258,8.55,-38.0,13.0,27,-6.75,-0.614,0,
B-B-low-1,1.87749,1790320837.9109,const,17.5904,5.5896,0.374,0.2,2.6,-1,-7.402,-0.3348,17.444,1806,-8.55,38.0,14.2,28,2259,8.55,-38.0,13.0,27,-6.788,-0.614,0,
B-B-low-1,1.87949,1790320837.9129,const,17.5904,5.5896,0.374,0.2,2.6,-1,-7.44,-0.3351,17.442,1805,-8.55,38.0,14.2,28,2260,8.55,-38.0,13.0,27,-6.827,-0.614,0,
B-B-low-1,1.88149,1790320837.9149,const,17.5904,5.5896,0.374,0.2,2.6,-1,-7.517,-0.6693,17.439,1803,-9.06,36.300000000000004,14.2,28,2262,9.06,-36.300000000000004,13.0,27,-6.903,-0.614,0,
B-B-low-1,1.88349,1790320837.9169,const,17.5904,5.5896,0.374,0.2,2.6,-1,-7.517,0.0,17.439,1803,-8.05,38.800000000000004,14.2,28,2263,8.55,-38.0,13.0,27,-6.942,-0.575,0,
B-B-low-1,1.88549,1790320837.9189,const,17.5904,5.5896,0.374,0.2,2.6,-1,-7.555,-0.3347,17.438,1802,-8.05,38.800000000000004,14.2,28,2265,9.06,-36.300000000000004,13.0,27,-7.018,-0.537,0,
B-B-low-1,1.88749,1790320837.9209,const,17.5904,5.5896,0.374,0.2,2.6,-1,-7.632,-0.669,17.434,1800,-8.55,38.0,14.2,28,2265,8.55,-38.0,13.0,27,-7.018,-0.614,0,
B-B-low-1,1.88949,1790320837.9229,const,17.5904,5.5896,0.374,0.2,2.6,-1,-7.67,-0.335,17.433,1799,-8.55,38.0,14.2,28,2267,9.06,-36.300000000000004,13.0,27,-7.095,-0.575,0,
B-B-low-1,1.89149,1790320837.9249,const,17.5904,5.5896,0.374,0.2,2.6,-1,-7.709,-0.3344,17.431,1798,-8.55,38.0,14.2,28,2268,8.55,-37.2,13.0,27,-7.134,-0.575,0,
B-B-low-1,1.89349,1790320837.9269,const,17.5904,5.5896,0.374,0.2,2.6,-1,-7.747,-0.3348,17.43,1797,-8.05,38.800000000000004,14.2,28,2269,9.06,-36.300000000000004,13.0,27,-7.172,-0.575,0,
B-B-low-1,1.89549,1790320837.9289,const,17.5904,5.5896,0.374,0.2,2.6,-1,-7.786,-0.335,17.428,1796,-8.05,38.800000000000004,14.2,28,2270,8.55,-37.2,13.0,27,-7.21,-0.575,0,
B-B-low-1,1.89749,1790320837.9309,const,17.5904,5.5896,0.374,0.2,2.6,-1,-7.824,-0.3347,17.427,1795,-8.05,38.800000000000004,14.2,28,2271,8.55,-37.2,13.0,27,-7.249,-0.575,0,
B-B-low-1,1.89949,1790320837.9329,const,17.5904,5.5896,0.374,0.2,2.6,-1,-7.862,-0.3348,17.425,1794,-8.05,38.800000000000004,14.2,28,2272,8.55,-37.2,13.0,27,-7.287,-0.575,0,
B-B-low-1,1.90149,1790320837.9349,const,17.5904,5.5896,0.374,0.2,2.6,-1,-7.901,-0.3346,17.423,1793,-8.05,38.800000000000004,14.2,28,2273,8.55,-37.2,13.0,27,-7.325,-0.575,0,
B-B-low-1,1.90349,1790320837.9369,const,17.5904,5.5896,0.374,0.2,2.6,-1,-7.939,-0.3348,17.422,1792,-8.05,39.6,14.2,28,2273,8.05,-38.800000000000004,13.0,27,-7.325,-0.614,0,
B-B-low-1,1.90549,1790320837.9389,const,17.5904,5.5896,0.374,0.2,2.6,-1,-7.939,0.0,17.422,1792,-7.55,40.5,14.2,28,2275,8.05,-38.800000000000004,13.0,27,-7.402,-0.537,0,
B-B-low-1,1.90749,1790320837.9409,const,17.5904,5.5896,0.374,0.2,2.6,-1,-7.977,-0.3346,17.42,1791,-7.55,40.5,14.2,28,2276,8.55,-38.0,13.0,27,-7.44,-0.537,0,
B-B-low-1,1.90949,1790320837.9429,const,17.5904,5.5896,0.374,0.2,2.6,-1,-8.016,-0.3349,17.418,1790,-7.55,40.5,14.2,28,2277,8.05,-38.800000000000004,13.0,27,-7.479,-0.537,0,
B-B-low-1,1.91148,1790320837.9449,const,17.5904,5.5896,0.374,0.2,2.6,-1,-8.016,0.0,17.418,1790,-7.04,42.2,14.2,28,2277,7.55,-40.5,13.0,27,-7.479,-0.537,0,
B-B-low-1,1.91349,1790320837.9469,const,17.5904,5.5896,0.374,0.2,2.6,-1,-8.054,-0.3345,17.417,1789,-7.04,42.2,14.2,28,2278,7.55,-40.5,13.0,27,-7.517,-0.537,0,
B-B-low-1,1.91549,1790320837.9489,const,17.5904,5.5896,0.374,0.2,2.6,-1,-8.131,-0.6683,17.413,1787,-7.55,41.300000000000004,14.2,28,2279,7.04,-41.400000000000006,13.0,27,-7.555,-0.575,0,
B-B-low-1,1.91749,1790320837.9509,const,17.5904,5.5896,0.374,0.2,2.6,-1,-8.131,0.0,17.413,1787,-6.54,43.900000000000006,14.2,28,2280,7.04,-41.400000000000006,13.0,27,-7.594,-0.537,0,
B-B-low-1,1.91948,1790320837.9529,const,17.5904,5.5896,0.374,0.2,2.6,-1,-8.169,-0.335,17.412,1786,-6.54,43.900000000000006,14.2,28,2281,7.04,-41.400000000000006,13.0,27,-7.632,-0.537,0,
B-B-low-1,1.92149,1790320837.9549,const,17.5904,5.5896,0.374,0.2,2.6,-1,-8.246,-0.6684,17.408,1784,-7.04,42.2,14.2,28,2282,7.04,-41.400000000000006,13.0,27,-7.67,-0.575,0,
B-B-low-1,1.92348,1790320837.9569,const,17.5904,5.5896,0.374,0.2,2.6,-1,-8.246,0.0,17.408,1784,-6.54,43.900000000000006,14.2,28,2283,6.54,-43.1,13.0,27,-7.709,-0.537,0,
B-B-low-1,1.92548,1790320837.9589,const,17.5904,5.5896,0.374,0.2,2.6,-1,-8.284,-0.3345,17.407,1783,-7.04,43.0,14.2,28,2284,7.04,-42.2,13.0,27,-7.747,-0.537,0,
B-B-low-1,1.92748,1790320837.9609,const,17.5904,5.5896,0.374,0.2,2.6,-1,-8.322,-0.3348,17.405,1782,-7.04,43.0,14.2,28,2285,7.04,-42.2,13.0,27,-7.786,-0.537,0,
B-B-low-1,1.92948,1790320837.9629,const,17.5904,5.5896,0.374,0.2,2.6,-1,-8.361,-0.3349,17.403,1781,-7.04,43.0,14.2,28,2286,7.04,-42.2,13.0,28,-7.824,-0.537,0,
B-B-low-1,1.93148,1790320837.9649,const,17.5904,5.5896,0.374,0.2,2.6,-1,-8.399,-0.3346,17.402,1780,-6.54,43.900000000000006,14.2,28,2287,7.04,-42.2,13.0,28,-7.862,-0.537,0,
B-B-low-1,1.93348,1790320837.9669,const,17.5904,5.5896,0.374,0.2,2.6,-1,-8.476,-0.6695,17.398,1778,-7.55,41.300000000000004,14.2,28,2288,7.04,-42.2,13.0,28,-7.901,-0.575,0,
B-B-low-1,1.93548,1790320837.9688,const,17.5904,5.5896,0.374,0.2,2.6,-1,-8.476,0.0,17.398,1778,-7.04,43.0,14.2,28,2289,7.04,-42.2,13.0,28,-7.939,-0.537,0,
B-B-low-1,1.93748,1790320837.9709,const,17.5904,5.5896,0.374,0.2,2.6,-1,-8.553,-0.6687,17.395,1776,-7.55,42.1,14.2,28,2290,7.04,-42.2,13.0,28,-7.977,-0.575,0,
B-B-low-1,1.93948,1790320837.9728,const,17.5904,5.5896,0.374,0.2,2.6,-1,-8.591,-0.335,17.393,1775,-7.55,42.1,14.2,28,2291,7.04,-42.2,13.0,28,-8.016,-0.575,0,
B-B-low-1,1.94148,1790320837.9748,const,17.5904,5.5896,0.374,0.2,2.6,-1,-8.591,0.0,17.393,1775,-7.04,43.800000000000004,14.2,28,2292,7.04,-43.0,13.0,28,-8.054,-0.537,0,
B-B-low-1,1.94348,1790320837.9769,const,17.5904,5.5896,0.374,0.2,2.6,-1,-8.668,-0.6689,17.389,1773,-7.55,42.1,14.2,28,2293,7.04,-43.0,13.0,28,-8.092,-0.575,0,
B-B-low-1,1.94548,1790320837.9788,const,17.5904,5.5896,0.374,0.2,2.6,-1,-8.706,-0.335,17.388,1772,-7.55,42.1,14.2,28,2294,7.04,-43.0,13.0,28,-8.131,-0.575,0,
B-B-low-1,1.94748,1790320837.9808,const,17.5904,5.5896,0.374,0.2,2.6,-1,-8.744,-0.3346,17.386,1771,-7.55,42.900000000000006,14.2,28,2295,7.04,-43.0,13.0,28,-8.169,-0.575,0,
B-B-low-1,1.94948,1790320837.9828,const,17.5904,5.5896,0.374,0.2,2.6,-1,-8.783,-0.3353,17.384,1770,-7.55,42.900000000000006,14.2,28,2296,7.04,-43.0,13.0,28,-8.207,-0.575,0,
B-B-low-1,1.95148,1790320837.9849,const,17.5904,5.5896,0.374,0.2,2.6,-1,-8.821,-0.3339,17.382,1769,-7.55,42.900000000000006,14.2,28,2297,7.55,-42.1,13.0,28,-8.246,-0.575,0,
B-B-low-1,1.95348,1790320837.9868,const,17.5904,5.5896,0.374,0.2,2.6,-1,-8.859,-0.3354,17.38,1768,-7.55,42.900000000000006,14.2,28,2298,7.55,-42.1,13.0,28,-8.284,-0.575,0,
B-B-low-1,1.95548,1790320837.9888,const,17.5904,5.5896,0.374,0.2,2.6,-1,-8.936,-0.6689,17.377,1766,-8.05,41.2,14.2,28,2300,7.55,-41.300000000000004,13.0,28,-8.361,-0.575,0,
B-B-low-1,1.9575,1790320837.9909,const,17.5904,5.5896,0.374,0.2,2.6,-1,-8.974,-0.3321,17.375,1765,-8.05,41.2,14.2,28,2301,7.55,-41.300000000000004,13.0,28,-8.399,-0.575,0,
B-B-low-1,1.95948,1790320837.9929,const,17.5904,5.5896,0.374,0.2,2.6,-1,-9.013,-0.337,17.373,1764,-8.05,41.2,14.2,28,2302,8.05,-40.400000000000006,13.0,28,-8.438,-0.575,0,
B-B-low-1,1.96148,1790320837.9948,const,17.5904,5.5896,0.374,0.2,2.6,-1,-9.089,-0.6705,17.369,1762,-8.55,39.6,14.2,28,2303,8.05,-40.400000000000006,13.0,28,-8.476,-0.614,0,
B-B-low-1,1.96348,1790320837.9968,const,17.5904,5.5896,0.374,0.2,2.6,-1,-9.089,0.0,17.369,1762,-8.05,41.2,14.2,28,2305,8.55,-38.800000000000004,13.0,28,-8.553,-0.537,0,
B-B-low-1,1.96548,1790320837.9989,const,17.5904,5.5896,0.374,0.2,2.6,-1,-9.166,-0.6689,17.366,1760,-8.55,39.6,14.2,28,2306,8.05,-40.400000000000006,13.0,28,-8.591,-0.575,0,
B-B-low-1,1.96749,1790320838.0009,const,17.5904,5.5896,0.374,0.2,2.6,-1,-9.205,-0.3328,17.364,1759,-8.55,39.6,14.2,28,2307,8.55,-39.6,13.0,28,-8.629,-0.575,0,
B-B-low-1,1.9695,1790320838.0029,const,17.5904,5.5896,0.374,0.2,2.6,-1,-9.281,-0.6661,17.36,1757,-9.06,38.7,14.2,28,2308,8.55,-39.6,13.0,28,-8.668,-0.614,0,
B-B-low-1,1.97148,1790320838.0048,const,17.5904,5.5896,0.374,0.2,2.6,-1,-9.32,-0.339,17.358,1756,-9.06,38.7,14.2,28,2309,8.55,-39.6,13.0,28,-8.706,-0.614,0,
B-B-low-1,1.97348,1790320838.0068,const,17.5904,5.5896,0.374,0.2,2.6,-1,-9.358,-0.3346,17.356,1755,-9.06,38.7,14.2,28,2311,9.06,-38.7,13.0,28,-8.783,-0.575,0,
B-B-low-1,1.97548,1790320838.0088,const,17.5904,5.5896,0.374,0.2,2.6,-1,-9.396,-0.3343,17.354,1754,-9.06,38.7,14.2,28,2312,9.06,-38.7,13.0,28,-8.821,-0.575,0,
B-B-low-1,1.9775,1790320838.0109,const,17.5904,5.5896,0.374,0.2,2.6,-1,-9.435,-0.3321,17.352,1753,-9.06,38.7,14.2,28,2313,8.55,-39.6,13.0,28,-8.859,-0.575,0,
B-B-low-1,1.97948,1790320838.0128,const,17.5904,5.5896,0.374,0.2,2.6,-1,-9.511,-0.6755,17.348,1751,-9.06,38.7,14.2,28,2314,8.55,-39.6,13.0,28,-8.898,-0.614,0,
B-B-low-1,1.98148,1790320838.0148,const,17.5904,5.5896,0.374,0.2,2.6,-1,-9.55,-0.3345,17.347,1750,-9.06,38.7,14.2,28,2315,8.55,-39.6,13.0,28,-8.936,-0.614,0,
B-B-low-1,1.98348,1790320838.0168,const,17.5904,5.5896,0.374,0.2,2.6,-1,-9.588,-0.3346,17.345,1749,-9.06,38.7,14.2,28,2316,8.05,-40.400000000000006,13.0,28,-8.974,-0.614,0,
B-B-low-1,1.9855,1790320838.0189,const,17.5904,5.5896,0.374,0.2,2.6,-1,-9.626,-0.3321,17.343,1748,-9.06,38.7,14.2,28,2318,9.06,-37.9,13.0,28,-9.051,-0.575,0,
B-B-low-1,1.98748,1790320838.0208,const,17.5904,5.5896,0.374,0.2,2.6,-1,-9.703,-0.6757,17.339,1746,-9.06,37.9,13.3,28,2318,8.05,-40.400000000000006,14.0,28,-9.051,-0.652,0,
B-B-low-1,1.98948,1790320838.0228,const,17.5904,5.5896,0.374,0.2,2.6,-1,-9.741,-0.3345,17.337,1745,-9.06,37.9,13.3,28,2320,8.55,-38.800000000000004,14.0,28,-9.128,-0.614,0,
B-B-low-1,1.99148,1790320838.0248,const,17.5904,5.5896,0.374,0.2,2.6,-1,-9.78,-0.3345,17.335,1744,-9.06,37.9,13.3,28,2321,8.55,-38.800000000000004,14.0,28,-9.166,-0.614,0,
B-B-low-1,1.9935,1790320838.0269,const,17.5904,5.5896,0.374,0.2,2.6,-1,-9.818,-0.3321,17.333,1743,-9.06,37.9,13.3,28,2322,8.55,-38.800000000000004,14.0,28,-9.205,-0.614,0,
B-B-low-1,1.99548,1790320838.0288,const,17.5904,5.5896,0.374,0.2,2.6,-1,-9.857,-0.338,17.331,1742,-9.06,37.9,13.3,28,2324,9.06,-37.1,14.0,28,-9.281,-0.575,0,
B-B-low-1,1.99748,1790320838.0308,const,17.5904,5.5896,0.374,0.2,2.6,-1,-9.933,-0.6679,17.327,1740,-9.06,37.9,13.3,28,2325,9.06,-37.9,14.0,28,-9.32,-0.614,0,
B-B-low-1,1.99948,1790320838.0328,const,17.5904,5.5896,0.374,0.2,2.6,-1,-9.972,-0.335,17.325,1739,-8.55,38.800000000000004,13.3,28,2326,8.55,-38.800000000000004,14.0,28,-9.358,-0.614,0,
B-B-low-1,2.0015,1790320838.0349,const,17.5904,5.5896,0.374,0.2,2.6,-1,-10.01,-0.3314,17.323,1738,-8.55,38.800000000000004,13.3,28,2327,8.55,-38.800000000000004,14.0,28,-9.396,-0.614,0,
B-B-low-1,2.00348,1790320838.0368,const,17.5904,5.5896,0.374,0.2,2.6,-1,-10.048,-0.3384,17.32,1737,-9.06,37.9,13.3,28,2328,8.55,-38.800000000000004,14.0,28,-9.435,-0.614,0,
B-B-low-1,2.00548,1790320838.0388,const,17.5904,5.5896,0.374,0.2,2.6,-1,-10.125,-0.6687,17.316,1735,-9.06,37.1,13.3,28,2329,8.05,-39.6,14.0,28,-9.473,-0.652,0,
B-B-low-1,2.00748,1790320838.0408,const,17.5904,5.5896,0.374,0.2,2.6,-1,-10.125,0.0,17.316,1735,-8.55,38.800000000000004,13.3,28,2331,8.55,-38.0,14.0,28,-9.55,-0.575,0,
B-B-low-1,2.00949,1790320838.0429,const,17.5904,5.5896,0.374,0.2,2.6,-1,-10.202,-0.6681,17.312,1733,-8.55,38.0,13.3,28,2332,9.06,-37.1,14.0,28,-9.588,-0.614,0,
B-B-low-1,2.0115,1790320838.0449,const,17.5904,5.5896,0.374,0.2,2.6,-1,-10.24,-0.3326,17.31,1732,-8.55,38.0,13.3,28,2332,8.55,-38.800000000000004,14.0,28,-9.588,-0.652,0,
B-B-low-1,2.01348,1790320838.0468,const,17.5904,5.5896,0.374,0.2,2.6,-1,-10.278,-0.3385,17.308,1731,-8.55,38.0,13.3,28,2333,8.55,-38.800000000000004,14.0,28,-9.626,-0.652,0,
B-B-low-1,2.01548,1790320838.0488,const,17.5904,5.5896,0.374,0.2,2.6,-1,-10.278,0.0,17.308,1731,-8.05,39.6,13.3,28,2335,8.55,-38.800000000000004,14.0,28,-9.703,-0.575,0,
B-B-low-1,2.01748,1790320838.0508,const,17.5904,5.5896,0.374,0.2,2.6,-1,-10.355,-0.6684,17.304,1729,-8.55,38.0,13.3,28,2335,8.05,-40.400000000000006,14.0,28,-9.703,-0.652,0,
B-B-low-1,2.01949,1790320838.0529,const,17.5904,5.5896,0.374,0.2,2.6,-1,-10.393,-0.3323,17.302,1728,-8.55,38.800000000000004,13.3,28,2336,7.55,-41.300000000000004,14.0,28,-9.741,-0.652,0,
B-B-low-1,2.02148,1790320838.0548,const,17.5904,5.5896,0.374,0.2,2.6,-1,-10.393,0.0,17.302,1728,-8.05,39.6,13.3,28,2336,7.04,-43.0,14.0,28,-9.741,-0.652,0,
B-B-low-1,2.02348,1790320838.0568,const,17.5904,5.5896,0.374,0.2,2.6,-1,-10.432,-0.3346,17.3,1727,-8.05,39.6,13.3,28,2338,7.04,-42.2,14.0,28,-9.818,-0.614,0,
B-B-low-1,2.02548,1790320838.0588,const,17.5904,5.5896,0.374,0.2,2.6,-1,-10.47,-0.3342,17.297,1726,-8.05,39.6,13.3,28,2340,8.05,-39.6,14.0,28,-9.895,-0.575,0,
B-B-low-1,2.02749,1790320838.0609,const,17.5904,5.5896,0.374,0.2,2.6,-1,-10.509,-0.3324,17.295,1725,-8.05,39.6,13.3,28,2341,7.55,-40.5,14.0,28,-9.933,-0.575,0,
B-B-low-1,2.02947,1790320838.0628,const,17.5904,5.5896,0.374,0.2,2.6,-1,-10.585,-0.6756,17.291,1723,-8.05,39.6,13.3,28,2342,7.55,-40.5,14.0,28,-9.972,-0.614,0,
B-B-low-1,2.03148,1790320838.0648,const,17.5904,5.5896,0.374,0.2,2.6,-1,-10.624,-0.3346,17.289,1722,-8.05,39.6,13.3,28,2343,7.55,-40.5,14.0,28,-10.01,-0.614,0,
B-B-low-1,2.03348,1790320838.0668,const,17.5904,5.5896,0.374,0.2,2.6,-1,-10.662,-0.3344,17.287,1721,-8.05,39.6,13.3,28,2344,7.55,-41.300000000000004,14.0,28,-10.048,-0.614,0,
B-B-low-1,2.03549,1790320838.0689,const,17.5904,5.5896,0.374,0.2,2.6,-1,-10.7,-0.332,17.284,1720,-8.05,39.6,13.3,28,2346,8.05,-39.6,14.0,28,-10.125,-0.575,0,
B-B-low-1,2.03747,1790320838.0708,const,17.5904,5.5896,0.374,0.2,2.6,-1,-10.777,-0.6759,17.28,1718,-8.55,38.0,13.3,28,2346,7.55,-41.300000000000004,14.0,28,-10.125,-0.652,0,
B-B-low-1,2.03948,1790320838.0728,const,17.5904,5.5896,0.374,0.2,2.6,-1,-10.815,-0.334,17.278,1717,-8.55,38.0,13.3,28,2348,8.05,-39.6,14.0,28,-10.202,-0.614,0,
B-B-low-1,2.04148,1790320838.0748,const,17.5904,5.5896,0.374,0.2,2.6,-1,-10.892,-0.6701,17.273,1715,-9.06,36.300000000000004,13.3,28,2349,8.05,-39.6,14.0,28,-10.24,-0.652,0,
B-B-low-1,2.04349,1790320838.0769,const,17.5904,5.5896,0.374,0.2,2.6,-1,-10.93,-0.3321,17.271,1714,-9.06,36.300000000000004,13.3,28,2350,8.05,-39.6,14.0,28,-10.278,-0.652,0,
B-B-low-1,2.04547,1790320838.0788,const,17.5904,5.5896,0.374,0.2,2.6,-1,-10.969,-0.3378,17.269,1713,-9.06,36.300000000000004,13.3,28,2351,8.05,-39.6,14.0,28,-10.317,-0.652,0,
B-B-low-1,2.04748,1790320838.0808,const,17.5904,5.5896,0.374,0.2,2.6,-1,-11.007,-0.3341,17.267,1712,-8.55,38.0,13.3,28,2353,8.55,-38.0,14.0,28,-10.393,-0.614,0,
B-B-low-1,2.04948,1790320838.0828,const,17.5904,5.5896,0.374,0.2,2.6,-1,-11.045,-0.3345,17.264,1711,-8.55,38.0,13.3,28,2354,9.06,-37.1,14.0,28,-10.432,-0.614,0,
B-B-low-1,2.05149,1790320838.0849,const,17.5904,5.5896,0.374,0.2,2.6,-1,-11.084,-0.3325,17.262,1710,-8.55,38.0,13.3,28,2355,8.55,-38.0,14.0,28,-10.47,-0.614,0,
B-B-low-1,2.05347,1790320838.0868,const,17.5904,5.5896,0.374,0.2,2.6,-1,-11.161,-0.6761,17.258,1708,-9.06,36.300000000000004,13.3,28,2357,9.56,-35.4,14.0,28,-10.547,-0.614,0,
B-B-low-1,2.05548,1790320838.0888,const,17.5904,5.5896,0.374,0.2,2.6,-1,-11.199,-0.334,17.255,1707,-9.06,36.300000000000004,13.3,28,2358,9.06,-37.1,14.0,28,-10.585,-0.614,0,
B-B-low-1,2.05748,1790320838.0908,const,17.5904,5.5896,0.374,0.2,2.6,-1,-11.237,-0.3344,17.253,1706,-9.06,36.300000000000004,13.3,28,2359,9.06,-37.1,14.0,28,-10.624,-0.614,0,
B-B-low-1,2.05948,1790320838.0928,const,17.5904,5.5896,0.374,0.2,2.6,-1,-11.276,-0.3346,17.251,1705,-9.06,36.300000000000004,13.3,28,2360,9.06,-37.1,14.0,28,-10.662,-0.614,0,
B-B-low-1,2.06149,1790320838.0949,const,17.5904,5.5896,0.374,0.2,2.6,-1,-11.352,-0.6654,17.246,1703,-9.06,36.300000000000004,13.3,28,2362,9.56,-35.4,14.0,28,-10.739,-0.614,0,
B-B-low-1,2.06347,1790320838.0968,const,17.5904,5.5896,0.374,0.2,2.6,-1,-11.391,-0.3374,17.244,1702,-9.56,35.4,13.3,28,2363,9.56,-35.4,14.0,28,-10.777,-0.614,0,
B-B-low-1,2.06548,1790320838.0988,const,17.5904,5.5896,0.374,0.2,2.6,-1,-11.429,-0.3344,17.242,1701,-9.06,36.300000000000004,13.3,28,2365,9.56,-34.6,14.0,28,-10.854,-0.575,0,
B-B-low-1,2.06749,1790320838.1009,const,17.5904,5.5896,0.374,0.2,2.6,-1,-11.506,-0.6645,17.237,1699,-9.56,34.6,13.3,28,2366,9.56,-34.6,14.0,28,-10.892,-0.614,0,
B-B-low-1,2.06947,1790320838.1028,const,17.5904,5.5896,0.374,0.2,2.6,-1,-11.544,-0.3376,17.234,1698,-9.06,35.5,13.3,28,2367,9.56,-34.6,14.0,28,-10.93,-0.614,0,
B-B-low-1,2.07149,1790320838.1049,const,17.5904,5.5896,0.374,0.2,2.6,-1,-11.582,-0.3316,17.232,1697,-9.06,35.5,13.3,28,2369,9.56,-33.800000000000004,14.0,28,-11.007,-0.575,0,
B-B-low-1,2.07347,1790320838.1068,const,17.5904,5.5896,0.374,0.2,2.6,-1,-11.659,-0.6753,17.227,1695,-9.56,33.800000000000004,13.3,28,2370,9.56,-34.6,14.0,28,-11.045,-0.614,0,
B-B-low-1,2.07548,1790320838.1088,const,17.5904,5.5896,0.374,0.2,2.6,-1,-11.659,0.0,17.227,1695,-9.06,35.5,13.3,28,2371,9.56,-34.6,14.0,28,-11.084,-0.575,0,
B-B-low-1,2.07749,1790320838.1109,const,17.5904,5.5896,0.374,0.2,2.6,-1,-11.736,-0.6641,17.223,1693,-9.56,33.800000000000004,13.3,28,2372,9.56,-34.6,14.0,28,-11.122,-0.614,0,
B-B-low-1,2.07947,1790320838.1128,const,17.5904,5.5896,0.374,0.2,2.6,-1,-11.774,-0.338,17.22,1692,-9.06,35.5,13.3,28,2374,10.06,-32.9,14.0,28,-11.199,-0.575,0,
B-B-low-1,2.08148,1790320838.1148,const,17.5904,5.5896,0.374,0.2,2.6,-1,-11.812,-0.3344,17.218,1691,-9.06,35.5,13.3,28,2375,10.06,-32.9,14.0,28,-11.237,-0.575,0,
B-B-low-1,2.08346,1790320838.1168,const,17.5904,5.5896,0.374,0.2,2.6,-1,-11.851,-0.3379,17.215,1690,-9.06,35.5,13.3,28,2376,9.56,-33.800000000000004,14.0,28,-11.276,-0.575,0,
B-B-low-1,2.08546,1790320838.1188,const,17.5904,5.5896,0.374,0.2,2.6,-1,-11.889,-0.3347,17.213,1689,-9.06,35.5,13.3,28,2377,9.56,-33.800000000000004,14.0,28,-11.314,-0.575,0,
B-B-low-1,2.08746,1790320838.1208,const,17.5904,5.5896,0.374,0.2,2.6,-1,-11.928,-0.3348,17.211,1688,-8.55,36.4,13.3,28,2378,9.06,-35.5,14.0,28,-11.352,-0.575,0,
B-B-low-1,2.08946,1790320838.1228,const,17.5904,5.5896,0.374,0.2,2.6,-1,-12.004,-0.6692,17.206,1686,-9.06,34.7,13.3,28,2380,9.56,-33.800000000000004,14.0,28,-11.429,-0.575,0,
B-B-low-1,2.09146,1790320838.1248,const,17.5904,5.5896,0.374,0.2,2.6,-1,-12.043,-0.3346,17.203,1685,-9.06,34.7,13.3,28,2381,9.56,-33.800000000000004,14.0,28,-11.467,-0.575,0,
B-B-low-1,2.09348,1790320838.1268,const,17.5904,5.5896,0.374,0.2,2.6,-1,-12.081,-0.3315,17.201,1684,-8.55,35.6,13.3,28,2382,9.06,-34.7,14.0,28,-11.506,-0.575,0,
B-B-low-1,2.09546,1790320838.1288,const,17.5904,5.5896,0.374,0.2,2.6,-1,-12.119,-0.3382,17.198,1683,-8.55,35.6,13.3,28,2384,9.56,-33.0,14.0,28,-11.582,-0.537,0,
B-B-low-1,2.09746,1790320838.1308,const,17.5904,5.5896,0.374,0.2,2.6,-1,-12.158,-0.3348,17.196,1682,-8.55,36.4,13.3,28,2385,9.56,-33.0,14.0,28,-11.621,-0.537,0,
B-B-low-1,2.09945,1790320838.1328,const,17.5904,5.5896,0.374,0.2,2.6,-1,-12.234,-0.6695,17.191,1680,-8.55,35.6,13.3,28,2385,8.55,-35.6,14.0,28,-11.621,-0.614,0,
B-B-low-1,2.10146,1790320838.1348,const,17.5904,5.5896,0.374,0.2,2.6,-1,-12.234,0.0,17.191,1680,-8.05,37.2,13.3,28,2386,8.55,-35.6,14.0,28,-11.659,-0.575,0,
B-B-low-1,2.10346,1790320838.1368,const,17.5904,5.5896,0.374,0.2,2.6,-1,-12.273,-0.3347,17.188,1679,-8.55,36.4,13.4,28,2387,8.55,-35.6,14.1,28,-11.697,-0.575,0,
B-B-low-1,2.10546,1790320838.1388,const,17.5904,5.5896,0.374,0.2,2.6,-1,-12.311,-0.3346,17.186,1678,-8.05,37.2,13.4,28,2389,8.55,-35.6,14.1,28,-11.774,-0.537,0,
B-B-low-1,2.10746,1790320838.1408,const,17.5904,5.5896,0.374,0.2,2.6,-1,-12.349,-0.3348,17.183,1677,-8.05,37.2,13.4,28,2389,8.05,-37.2,14.1,28,-11.774,-0.575,0,
B-B-low-1,2.10945,1790320838.1428,const,17.5904,5.5896,0.374,0.2,2.6,-1,-12.349,0.0,17.183,1677,-7.55,38.900000000000006,13.4,28,2390,8.05,-37.2,14.1,28,-11.812,-0.537,0,
B-B-low-1,2.11145,1790320838.1448,const,17.5904,5.5896,0.374,0.2,2.6,-1,-12.426,-0.6697,17.178,1675,-7.55,38.900000000000006,13.4,28,2391,7.55,-38.1,14.1,28,-11.851,-0.575,0,
B-B-low-1,2.11346,1790320838.1468,const,17.5904,5.5896,0.374,0.2,2.6,-1,-12.464,-0.3342,17.176,1674,-7.55,38.900000000000006,13.4,28,2392,7.55,-38.1,14.1,28,-11.889,-0.575,0,
B-B-low-1,2.11546,1790320838.1488,const,17.5904,5.5896,0.374,0.2,2.6,-1,-12.503,-0.335,17.173,1673,-8.05,38.0,13.4,28,2392,7.04,-39.800000000000004,14.1,28,-11.889,-0.614,0,
B-B-low-1,2.11745,1790320838.1508,const,17.5904,5.5896,0.374,0.2,2.6,-1,-12.541,-0.3348,17.171,1672,-8.05,38.0,13.4,28,2394,7.55,-38.1,14.1,28,-11.966,-0.575,0,
B-B-low-1,2.11945,1790320838.1528,const,17.5904,5.5896,0.374,0.2,2.6,-1,-12.58,-0.3348,17.168,1671,-7.55,38.900000000000006,13.4,28,2394,6.54,-40.7,14.1,28,-11.966,-0.614,0,
B-B-low-1,2.12145,1790320838.1548,const,17.5904,5.5896,0.374,0.2,2.6,-1,-12.618,-0.3346,17.165,1670,-7.55,38.900000000000006,13.4,28,2395,7.04,-39.800000000000004,14.1,28,-12.004,-0.614,0,
B-B-low-1,2.12346,1790320838.1568,const,17.5904,5.5896,0.374,0.2,2.6,-1,-12.656,-0.3338,17.163,1669,-7.55,38.900000000000006,13.4,28,2396,6.04,-42.300000000000004,14.1,28,-12.043,-0.614,0,
B-B-low-1,2.12545,1790320838.1588,const,17.5904,5.5896,0.374,0.2,2.6,-1,-12.695,-0.3356,17.16,1668,-7.55,38.900000000000006,13.4,28,2397,6.54,-41.5,14.1,28,-12.081,-0.614,0,
B-B-low-1,2.12745,1790320838.1608,const,17.5904,5.5896,0.374,0.2,2.6,-1,-12.695,0.0,17.16,1668,-7.04,40.6,13.4,28,2398,6.54,-41.5,14.1,28,-12.119,-0.575,0,
B-B-low-1,2.12946,1790320838.1628,const,17.5904,5.5896,0.374,0.2,2.6,-1,-12.771,-0.669,17.155,1666,-7.04,40.6,13.4,28,2399,6.54,-41.5,14.1,28,-12.158,-0.614,0,
B-B-low-1,2.13145,1790320838.1648,const,17.5904,5.5896,0.374,0.2,2.6,-1,-12.81,-0.3351,17.153,1665,-7.04,40.6,13.4,28,2400,6.54,-41.5,14.1,28,-12.196,-0.614,0,
B-B-low-1,2.13345,1790320838.1668,const,17.5904,5.5896,0.374,0.2,2.6,-1,-12.848,-0.3347,17.15,1664,-7.55,39.7,13.4,28,2401,6.54,-41.5,14.1,28,-12.234,-0.614,0,
B-B-low-1,2.13545,1790320838.1688,const,17.5904,5.5896,0.374,0.2,2.6,-1,-12.886,-0.3344,17.147,1663,-7.55,39.7,13.4,28,2402,6.54,-41.5,14.1,28,-12.273,-0.614,0,
B-B-low-1,2.13745,1790320838.1708,const,17.5904,5.5896,0.374,0.2,2.6,-1,-12.963,-0.6693,17.142,1661,-8.05,38.800000000000004,13.4,28,2403,6.54,-41.5,14.1,28,-12.311,-0.652,0,
B-B-low-1,2.13945,1790320838.1728,const,17.5904,5.5896,0.374,0.2,2.6,-1,-12.963,0.0,17.142,1661,-7.04,41.400000000000006,13.4,28,2405,7.04,-39.800000000000004,14.1,28,-12.388,-0.575,0,
B-B-low-1,2.14145,1790320838.1748,const,17.5904,5.5896,0.374,0.2,2.6,-1,-13.04,-0.6697,17.137,1659,-7.55,39.7,13.4,28,2406,7.55,-38.900000000000006,14.1,28,-12.426,-0.614,0,
B-B-low-1,2.14345,1790320838.1768,const,17.5904,5.5896,0.374,0.2,2.6,-1,-13.078,-0.3347,17.134,1658,-7.55,39.7,13.4,28,2406,7.04,-40.6,14.1,28,-12.426,-0.652,0,
B-B-low-1,2.14545,1790320838.1788,const,17.5904,5.5896,0.374,0.2,2.6,-1,-13.116,-0.3346,17.131,1657,-7.55,39.7,13.4,28,2408,8.05,-38.0,14.1,28,-12.503,-0.614,0,
B-B-low-1,2.14745,1790320838.1808,const,17.5904,5.5896,0.374,0.2,2.6,-1,-13.155,-0.3347,17.129,1656,-7.55,39.7,13.4,28,2410,8.05,-38.0,14.1,28,-12.58,-0.575,0,
B-B-low-1,2.14946,1790320838.1828,const,17.5904,5.5896,0.374,0.2,2.6,-1,-13.193,-0.3341,17.126,1655,-8.05,38.800000000000004,13.4,28,2410,7.55,-39.7,14.1,28,-12.58,-0.614,0,
B-B-low-1,2.15145,1790320838.1848,const,17.5904,5.5896,0.374,0.2,2.6,-1,-13.27,-0.6711,17.121,1653,-8.55,37.2,13.4,28,2412,8.55,-37.2,14.1,28,-12.656,-0.614,0,
B-B-low-1,2.15345,1790320838.1868,const,17.5904,5.5896,0.374,0.2,2.6,-1,-13.308,-0.3345,17.118,1652,-8.55,37.2,13.4,28,2413,8.55,-37.2,14.1,28,-12.695,-0.614,0,
B-B-low-1,2.15545,1790320838.1888,const,17.5904,5.5896,0.374,0.2,2.6,-1,-13.347,-0.3349,17.115,1651,-8.55,37.2,13.4,28,2414,8.05,-38.0,14.1,28,-12.733,-0.614,0,
B-B-low-1,2.15745,1790320838.1908,const,17.5904,5.5896,0.374,0.2,2.6,-1,-13.385,-0.3344,17.113,1650,-8.55,37.2,13.4,28,2415,8.05,-38.0,14.1,28,-12.771,-0.614,0,
B-B-low-1,2.15945,1790320838.1928,const,17.5904,5.5896,0.374,0.2,2.6,-1,-13.423,-0.3349,17.11,1649,-8.55,37.2,13.4,28,2416,8.05,-38.0,14.1,28,-12.81,-0.614,0,
B-B-low-1,2.16145,1790320838.1948,const,17.5904,5.5896,0.374,0.2,2.6,-1,-13.462,-0.3347,17.107,1648,-8.05,38.800000000000004,13.4,28,2417,8.55,-37.2,14.1,28,-12.848,-0.614,0,
B-B-low-1,2.16345,1790320838.1968,const,17.5904,5.5896,0.374,0.2,2.6,-1,-13.5,-0.3348,17.104,1647,-8.55,38.0,13.4,28,2418,8.05,-38.0,14.1,28,-12.886,-0.614,0,
B-B-low-1,2.16545,1790320838.1988,const,17.5904,5.5896,0.374,0.2,2.6,-1,-13.577,-0.6696,17.099,1645,-9.06,36.300000000000004,13.4,28,2420,8.55,-37.2,14.1,28,-12.963,-0.614,0,
B-B-low-1,2.16745,1790320838.2008,const,17.5904,5.5896,0.374,0.2,2.6,-1,-13.615,-0.3345,17.096,1644,-8.55,37.2,13.4,28,2421,8.55,-37.2,14.1,28,-13.001,-0.614,0,
B-B-low-1,2.16946,1790320838.2028,const,17.5904,5.5896,0.374,0.2,2.6,-1,-13.653,-0.3339,17.093,1643,-8.55,37.2,13.4,28,2422,8.55,-37.2,14.1,28,-13.04,-0.614,0,
B-B-low-1,2.17146,1790320838.2048,const,17.5904,5.5896,0.374,0.2,2.6,-1,-13.692,-0.335,17.09,1642,-8.55,37.2,13.4,28,2423,8.55,-37.2,14.1,28,-13.078,-0.614,0,
B-B-low-1,2.17346,1790320838.2068,const,17.5904,5.5896,0.374,0.2,2.6,-1,-13.73,-0.3347,17.088,1641,-8.05,38.0,13.4,28,2424,8.55,-37.2,14.1,28,-13.116,-0.614,0,
B-B-low-1,2.17545,1790320838.2088,const,17.5904,5.5896,0.374,0.2,2.6,-1,-13.807,-0.6699,17.082,1639,-9.06,36.300000000000004,13.4,28,2425,8.05,-38.0,14.1,28,-13.155,-0.652,0,
B-B-low-1,2.17746,1790320838.2108,const,17.5904,5.5896,0.374,0.2,2.6,-1,-13.845,-0.3346,17.079,1638,-9.06,36.300000000000004,13.4,28,2426,8.05,-38.0,14.1,28,-13.193,-0.652,0,
B-B-low-1,2.17946,1790320838.2128,const,17.5904,5.5896,0.374,0.2,2.6,-1,-13.884,-0.3344,17.076,1637,-8.55,37.2,13.4,28,2428,8.55,-36.4,14.1,28,-13.27,-0.614,0,
B-B-low-1,2.18146,1790320838.2148,const,17.5904,5.5896,0.374,0.2,2.6,-1,-13.922,-0.335,17.074,1636,-8.55,37.2,13.4,28,2429,8.55,-36.4,14.1,28,-13.308,-0.614,0,
B-B-low-1,2.18346,1790320838.2168,const,17.5904,5.5896,0.374,0.2,2.6,-1,-13.96,-0.3348,17.071,1635,-8.55,37.2,13.4,28,2430,8.55,-36.4,14.1,28,-13.347,-0.614,0,
B-B-low-1,2.18546,1790320838.2188,const,17.5904,5.5896,0.374,0.2,2.6,-1,-13.999,-0.3347,17.068,1634,-8.05,38.0,13.4,28,2431,8.55,-36.4,14.1,28,-13.385,-0.614,0,
B-B-low-1,2.18745,1790320838.2208,const,17.5904,5.5896,0.374,0.2,2.6,-1,-14.037,-0.3351,17.065,1633,-8.05,38.800000000000004,13.4,28,2432,8.05,-38.0,14.1,28,-13.423,-0.614,0,
B-B-low-1,2.18945,1790320838.2228,const,17.5904,5.5896,0.374,0.2,2.6,-1,-14.075,-0.3345,17.062,1632,-8.55,37.2,13.4,28,2433,8.05,-38.0,14.1,28,-13.462,-0.614,0,
B-B-low-1,2.19145,1790320838.2248,const,17.5904,5.5896,0.374,0.2,2.6,-1,-14.114,-0.3347,17.059,1631,-8.55,37.2,13.4,28,2434,8.05,-38.0,14.1,28,-13.5,-0.614,0,
B-B-low-1,2.19345,1790320838.2268,const,17.5904,5.5896,0.374,0.2,2.6,-1,-14.19,-0.6692,17.054,1629,-8.55,37.2,13.4,28,2435,8.05,-38.0,14.1,28,-13.538,-0.652,0,
B-B-low-1,2.19545,1790320838.2288,const,17.5904,5.5896,0.374,0.2,2.6,-1,-14.19,0.0,17.054,1629,-8.05,38.800000000000004,13.4,28,2436,8.05,-38.0,14.1,28,-13.577,-0.614,0,
B-B-low-1,2.19745,1790320838.2308,const,17.5904,5.5896,0.374,0.2,2.6,-1,-14.229,-0.3347,17.051,1628,-8.05,38.800000000000004,13.4,28,2437,8.05,-38.0,14.1,28,-13.615,-0.614,0,
B-B-low-1,2.19945,1790320838.2328,const,17.5904,5.5896,0.374,0.2,2.6,-1,-14.267,-0.3348,17.048,1627,-8.05,38.800000000000004,13.4,28,2438,8.05,-38.0,14.1,28,-13.653,-0.614,0,
B-B-low-1,2.20145,1790320838.2348,const,17.5904,5.5896,0.374,0.2,2.6,-1,-14.305,-0.3345,17.045,1626,-8.05,38.800000000000004,13.4,28,2439,7.55,-38.900000000000006,14.1,28,-13.692,-0.614,0,
B-B-low-1,2.20345,1790320838.2368,const,17.5904,5.5896,0.374,0.2,2.6,-1,-14.344,-0.335,17.042,1625,-7.55,39.7,13.4,28,2440,7.55,-39.7,14.1,28,-13.73,-0.614,0,
B-B-low-1,2.20545,1790320838.2388,const,17.5904,5.5896,0.374,0.2,2.6,-1,-14.382,-0.3346,17.039,1624,-7.55,39.7,13.4,28,2441,7.55,-39.7,14.1,28,-13.768,-0.614,0,
B-B-low-1,2.20745,1790320838.2408,const,17.5904,5.5896,0.374,0.2,2.6,-1,-14.42,-0.3347,17.036,1623,-7.55,39.7,13.4,28,2442,7.55,-39.7,14.1,28,-13.807,-0.614,0,
B-B-low-1,2.20945,1790320838.2428,const,17.5904,5.5896,0.374,0.2,2.6,-1,-14.459,-0.3346,17.033,1622,-7.55,39.7,13.4,28,2443,7.55,-39.7,14.1,28,-13.845,-0.614,0,
B-B-low-1,2.21144,1790320838.2448,const,17.5904,5.5896,0.374,0.2,2.6,-1,-14.497,-0.3372,17.03,1621,-7.55,40.5,13.4,28,2444,7.55,-39.7,14.1,28,-13.884,-0.614,0,
B-B-low-1,2.21345,1790320838.2468,const,17.5904,5.5896,0.374,0.2,2.6,-1,-14.536,-0.3323,17.027,1620,-7.04,41.400000000000006,13.4,28,2445,7.55,-39.7,14.1,28,-13.922,-0.614,0,
B-B-low-1,2.21545,1790320838.2488,const,17.5904,5.5896,0.374,0.2,2.6,-1,-14.574,-0.3348,17.024,1619,-7.04,41.400000000000006,13.4,28,2446,7.04,-41.400000000000006,14.1,28,-13.96,-0.614,0,
B-B-low-1,2.21745,1790320838.2508,const,17.5904,5.5896,0.374,0.2,2.6,-1,-14.612,-0.3347,17.021,1618,-7.55,40.5,13.4,28,2446,7.04,-41.400000000000006,14.1,28,-13.96,-0.652,0,
B-B-low-1,2.21945,1790320838.2528,const,17.5904,5.5896,0.374,0.2,2.6,-1,-14.651,-0.3347,17.018,1617,-7.04,42.2,15.8,28,2447,6.54,-43.1,14.2,28,-13.999,-0.652,0,
B-B-low-1,2.22145,1790320838.2548,const,17.5904,5.5896,0.374,0.2,2.6,-1,-14.689,-0.3348,17.015,1616,-7.04,42.2,15.8,28,2448,7.04,-42.2,14.2,28,-14.037,-0.652,0,
B-B-low-1,2.22345,1790320838.2568,const,17.5904,5.5896,0.374,0.2,2.6,-1,-14.727,-0.3343,17.012,1615,-7.04,42.2,15.8,28,2449,7.04,-42.2,14.2,28,-14.075,-0.652,0,
B-B-low-1,2.22545,1790320838.2588,const,17.5904,5.5896,0.374,0.2,2.6,-1,-14.766,-0.3348,17.009,1614,-7.04,42.2,15.8,28,2450,7.04,-42.2,14.2,28,-14.114,-0.652,0,
B-B-low-1,2.22745,1790320838.2608,const,17.5904,5.5896,0.374,0.2,2.6,-1,-14.804,-0.335,17.006,1613,-7.55,41.300000000000004,15.8,28,2450,6.54,-43.900000000000006,14.2,28,-14.114,-0.69,0,
B-B-low-1,2.22945,1790320838.2628,const,17.5904,5.5896,0.374,0.2,2.6,-1,-14.842,-0.3349,17.003,1612,-7.04,42.2,15.8,28,2452,7.04,-42.2,14.2,28,-14.19,-0.652,0,
B-B-low-1,2.23145,1790320838.2648,const,17.5904,5.5896,0.374,0.2,2.6,-1,-14.919,-0.6693,16.997,1610,-7.55,40.5,15.8,28,2453,6.54,-43.1,14.2,28,-14.229,-0.69,0,
B-B-low-1,2.23345,1790320838.2668,const,17.5904,5.5896,0.374,0.2,2.6,-1,-14.919,0.0,16.997,1610,-7.04,42.2,15.8,28,2454,7.04,-42.2,14.2,28,-14.267,-0.652,0,
B-B-low-1,2.23545,1790320838.2688,const,17.5904,5.5896,0.374,0.2,2.6,-1,-14.996,-0.6695,16.991,1608,-8.05,39.6,15.8,28,2455,7.04,-42.2,14.2,28,-14.305,-0.69,0,
B-B-low-1,2.23745,1790320838.2708,const,17.5904,5.5896,0.374,0.2,2.6,-1,-15.034,-0.3346,16.988,1607,-8.05,39.6,15.8,28,2456,7.04,-43.0,14.2,28,-14.344,-0.69,0,
B-B-low-1,2.23945,1790320838.2728,const,17.5904,5.5896,0.374,0.2,2.6,-1,-15.034,0.0,16.988,1607,-7.55,41.300000000000004,15.8,28,2457,7.04,-43.0,14.2,28,-14.382,-0.652,0,
B-B-low-1,2.24145,1790320838.2748,const,17.5904,5.5896,0.374,0.2,2.6,-1,-15.072,-0.3347,16.985,1606,-7.55,41.300000000000004,15.8,28,2458,7.04,-43.0,14.2,28,-14.42,-0.652,0,
B-B-low-1,2.24345,1790320838.2768,const,17.5904,5.5896,0.374,0.2,2.6,-1,-15.149,-0.6692,16.979,1604,-7.55,41.300000000000004,15.8,28,2459,7.04,-43.0,14.2,28,-14.459,-0.69,0,
B-B-low-1,2.24545,1790320838.2788,const,17.5904,5.5896,0.374,0.2,2.6,-1,-15.188,-0.3346,16.976,1603,-8.05,40.400000000000006,15.8,28,2460,7.04,-43.0,14.2,28,-14.497,-0.69,0,
B-B-low-1,2.24745,1790320838.2808,const,17.5904,5.5896,0.374,0.2,2.6,-1,-15.226,-0.3349,16.973,1602,-7.55,41.300000000000004,15.8,28,2462,7.55,-41.300000000000004,14.2,28,-14.574,-0.652,0,
B-B-low-1,2.24945,1790320838.2828,const,17.5904,5.5896,0.374,0.2,2.6,-1,-15.264,-0.3346,16.97,1601,-8.05,40.400000000000006,15.8,28,2463,7.55,-41.300000000000004,14.2,28,-14.612,-0.652,0,
B-B-low-1,2.25147,1790320838.2848,const,17.5904,5.5896,0.374,0.2,2.6,-1,-15.303,-0.3314,16.967,1600,-8.05,40.400000000000006,15.8,28,2464,8.05,-40.400000000000006,14.2,28,-14.651,-0.652,0,
B-B-low-1,2.25345,1790320838.2868,const,17.5904,5.5896,0.374,0.2,2.6,-1,-15.341,-0.3382,16.964,1599,-8.05,40.400000000000006,15.8,28,2465,8.05,-40.400000000000006,14.2,28,-14.689,-0.652,0,
B-B-low-1,2.25545,1790320838.2888,const,17.5904,5.5896,0.374,0.2,2.6,-1,-15.379,-0.3347,16.96,1598,-8.05,40.400000000000006,15.8,28,2467,8.55,-39.6,14.2,28,-14.766,-0.614,0,
B-B-low-1,2.25745,1790320838.2908,const,17.5904,5.5896,0.374,0.2,2.6,-1,-15.418,-0.3346,16.957,1597,-8.05,40.400000000000006,15.8,28,2469,8.55,-38.800000000000004,14.2,28,-14.842,-0.575,0,
B-B-low-1,2.25945,1790320838.2928,const,17.5904,5.5896,0.374,0.2,2.6,-1,-15.494,-0.6697,16.951,1595,-9.06,37.9,15.8,28,2470,8.55,-38.800000000000004,14.2,28,-14.881,-0.614,0,
B-B-low-1,2.26145,1790320838.2948,const,17.5904,5.5896,0.374,0.2,2.6,-1,-15.533,-0.3346,16.948,1594,-8.55,38.800000000000004,15.8,28,2470,8.55,-39.6,14.2,28,-14.881,-0.652,0,
B-B-low-1,2.26345,1790320838.2968,const,17.5904,5.5896,0.374,0.2,2.6,-1,-15.571,-0.3348,16.945,1593,-8.55,38.800000000000004,15.8,28,2472,8.55,-38.800000000000004,14.2,28,-14.957,-0.614,0,
B-B-low-1,2.26545,1790320838.2988,const,17.5904,5.5896,0.374,0.2,2.6,-1,-15.609,-0.3347,16.942,1592,-8.55,38.800000000000004,15.8,28,2473,8.55,-38.800000000000004,14.2,28,-14.996,-0.614,0,
B-B-low-1,2.26745,1790320838.3008,const,17.5904,5.5896,0.374,0.2,2.6,-1,-15.648,-0.3345,16.938,1591,-8.55,38.800000000000004,15.8,28,2474,9.06,-37.9,14.2,28,-15.034,-0.614,0,
B-B-low-1,2.26945,1790320838.3028,const,17.5904,5.5896,0.374,0.2,2.6,-1,-15.724,-0.6698,16.932,1589,-9.06,37.9,15.8,28,2476,9.06,-37.1,14.2,28,-15.111,-0.614,0,
B-B-low-1,2.27145,1790320838.3048,const,17.5904,5.5896,0.374,0.2,2.6,-1,-15.763,-0.3346,16.929,1588,-9.06,37.9,15.8,28,2477,9.56,-36.2,14.2,28,-15.149,-0.614,0,
B-B-low-1,2.27345,1790320838.3068,const,17.5904,5.5896,0.374,0.2,2.6,-1,-15.801,-0.3349,16.926,1587,-9.06,37.9,15.8,28,2478,9.56,-36.2,14.2,28,-15.188,-0.614,0,
B-B-low-1,2.27545,1790320838.3088,const,17.5904,5.5896,0.374,0.2,2.6,-1,-15.801,0.0,16.926,1587,-8.05,40.400000000000006,15.8,28,2478,8.55,-38.800000000000004,14.2,28,-15.188,-0.614,0,
B-B-low-1,2.27745,1790320838.3108,const,17.5904,5.5896,0.374,0.2,2.6,-1,-15.878,-0.6694,16.919,1585,-8.55,38.800000000000004,15.8,28,2480,9.06,-37.1,14.2,27,-15.264,-0.614,0,
B-B-low-1,2.27945,1790320838.3128,const,17.5904,5.5896,0.374,0.2,2.6,-1,-15.916,-0.335,16.916,1584,-9.06,37.1,15.8,28,2482,9.06,-37.1,14.2,27,-15.341,-0.575,0,
B-B-low-1,2.28145,1790320838.3148,const,17.5904,5.5896,0.374,0.2,2.6,-1,-15.955,-0.3347,16.913,1583,-9.06,37.1,15.8,28,2483,9.06,-37.1,14.2,27,-15.379,-0.575,0,
B-B-low-1,2.28345,1790320838.3168,const,17.5904,5.5896,0.374,0.2,2.6,-1,-16.031,-0.6687,16.906,1581,-8.55,38.0,15.8,28,2484,9.06,-37.1,14.2,27,-15.418,-0.614,0,
B-B-low-1,2.28545,1790320838.3188,const,17.5904,5.5896,0.374,0.2,2.6,-1,-16.07,-0.335,16.903,1580,-8.55,38.0,15.8,28,2485,9.06,-37.1,14.2,27,-15.456,-0.614,0,
B-B-low-1,2.28745,1790320838.3208,const,17.5904,5.5896,0.374,0.2,2.6,-1,-16.108,-0.3347,16.9,1579,-8.55,38.0,15.8,28,2487,9.06,-36.300000000000004,14.2,27,-15.533,-0.575,0,
B-B-low-1,2.28945,1790320838.3228,const,17.5904,5.5896,0.374,0.2,2.6,-1,-16.146,-0.3344,16.896,1578,-8.55,38.0,15.8,28,2488,9.06,-36.300000000000004,14.2,27,-15.571,-0.575,0,
B-B-low-1,2.29145,1790320838.3248,const,17.5904,5.5896,0.374,0.2,2.6,-1,-16.185,-0.3349,16.893,1577,-8.55,38.800000000000004,15.8,28,2489,9.06,-36.300000000000004,14.2,27,-15.609,-0.575,0,
B-B-low-1,2.29345,1790320838.3268,const,17.5904,5.5896,0.374,0.2,2.6,-1,-16.223,-0.3347,16.89,1576,-8.05,39.6,15.8,28,2490,9.06,-36.300000000000004,14.2,27,-15.648,-0.575,0,
B-B-low-1,2.29545,1790320838.3288,const,17.5904,5.5896,0.374,0.2,2.6,-1,-16.3,-0.6692,16.883,1574,-8.55,38.0,15.8,28,2491,9.06,-36.300000000000004,14.2,27,-15.686,-0.614,0,
B-B-low-1,2.29745,1790320838.3308,const,17.5904,5.5896,0.374,0.2,2.6,-1,-16.3,0.0,16.883,1574,-8.05,39.6,15.8,28,2493,8.55,-37.2,14.2,27,-15.763,-0.537,0,
B-B-low-1,2.29945,1790320838.3328,const,17.5904,5.5896,0.374,0.2,2.6,-1,-16.338,-0.3346,16.88,1573,-8.05,39.6,15.8,28,2494,9.06,-36.300000000000004,14.2,27,-15.801,-0.537,0,
B-B-low-1,2.30145,1790320838.3348,const,17.5904,5.5896,0.374,0.2,2.6,-1,-16.415,-0.6696,16.873,1571,-8.55,38.800000000000004,15.8,28,2494,8.55,-38.0,14.2,27,-15.801,-0.614,0,
B-B-low-1,2.30345,1790320838.3368,const,17.5904,5.5896,0.374,0.2,2.6,-1,-16.453,-0.3347,16.87,1570,-8.55,38.800000000000004,15.8,28,2495,8.55,-38.0,14.2,27,-15.839,-0.614,0,
B-B-low-1,2.30545,1790320838.3388,const,17.5904,5.5896,0.374,0.2,2.6,-1,-16.491,-0.3347,16.867,1569,-8.55,38.800000000000004,15.8,28,2496,8.05,-38.800000000000004,14.2,27,-15.878,-0.614,0,
B-B-low-1,2.30745,1790320838.3408,const,17.5904,5.5896,0.374,0.2,2.6,-1,-16.491,0.0,16.867,1569,-7.55,41.300000000000004,15.8,28,2497,8.05,-38.800000000000004,14.2,27,-15.916,-0.575,0,
B-B-low-1,2.30945,1790320838.3428,const,17.5904,5.5896,0.374,0.2,2.6,-1,-16.568,-0.6693,16.86,1567,-8.05,39.6,15.8,28,2498,7.55,-39.7,14.2,27,-15.955,-0.614,0,
B-B-low-1,2.31145,1790320838.3448,const,17.5904,5.5896,0.374,0.2,2.6,-1,-16.607,-0.3345,16.857,1566,-8.05,39.6,15.8,28,2498,7.04,-41.400000000000006,14.2,27,-15.955,-0.652,0,
B-B-low-1,2.31345,1790320838.3468,const,17.5904,5.5896,0.374,0.2,2.6,-1,-16.645,-0.3348,16.853,1565,-8.05,39.6,15.8,28,2500,7.55,-39.7,14.2,27,-16.031,-0.614,0,
B-B-low-1,2.31545,1790320838.3488,const,17.5904,5.5896,0.374,0.2,2.6,-1,-16.683,-0.335,16.85,1564,-8.05,39.6,15.8,28,2501,7.55,-39.7,14.2,27,-16.07,-0.614,0,
B-B-low-1,2.31745,1790320838.3508,const,17.5904,5.5896,0.374,0.2,2.6,-1,-16.722,-0.3346,16.846,1563,-8.05,39.6,15.8,28,2501,7.04,-41.400000000000006,14.2,27,-16.07,-0.652,0,
B-B-low-1,2.31945,1790320838.3528,const,17.5904,5.5896,0.374,0.2,2.6,-1,-16.798,-0.6696,16.84,1561,-8.05,39.6,15.8,28,2503,7.04,-41.400000000000006,14.2,27,-16.146,-0.652,0,
B-B-low-1,2.32145,1790320838.3548,const,17.5904,5.5896,0.374,0.2,2.6,-1,-16.837,-0.3348,16.836,1560,-8.05,39.6,15.8,28,2504,7.55,-40.5,14.2,27,-16.185,-0.652,0,
B-B-low-1,2.32345,1790320838.3568,const,17.5904,5.5896,0.374,0.2,2.6,-1,-16.875,-0.3348,16.833,1559,-8.05,39.6,15.8,28,2506,7.55,-39.7,14.2,27,-16.261,-0.614,0,
B-B-low-1,2.32545,1790320838.3588,const,17.5904,5.5896,0.374,0.2,2.6,-1,-16.913,-0.3346,16.829,1558,-8.05,39.6,15.8,28,2506,7.55,-40.5,14.2,27,-16.261,-0.652,0,
B-B-low-1,2.32745,1790320838.3608,const,17.5904,5.5896,0.374,0.2,2.6,-1,-16.952,-0.3348,16.826,1557,-8.05,39.6,15.8,28,2507,7.04,-41.400000000000006,14.2,27,-16.3,-0.652,0,
B-B-low-1,2.32944,1790320838.3628,const,17.5904,5.5896,0.374,0.2,2.6,-1,-16.99,-0.3349,16.823,1556,-8.05,39.6,15.8,28,2509,7.55,-40.5,14.2,27,-16.376,-0.614,0,
B-B-low-1,2.33145,1790320838.3648,const,17.5904,5.5896,0.374,0.2,2.6,-1,-17.028,-0.3343,16.819,1555,-8.05,39.6,15.8,28,2511,8.05,-38.800000000000004,14.2,27,-16.453,-0.575,0,
B-B-low-1,2.33345,1790320838.3668,const,17.5904,5.5896,0.374,0.2,2.6,-1,-17.105,-0.669,16.812,1553,-8.55,38.800000000000004,15.8,28,2512,8.05,-38.800000000000004,14.2,27,-16.491,-0.614,0,
B-B-low-1,2.33545,1790320838.3688,const,17.5904,5.5896,0.374,0.2,2.6,-1,-17.143,-0.3352,16.809,1552,-8.55,38.800000000000004,15.8,28,2513,8.55,-38.0,14.2,27,-16.53,-0.614,0,
B-B-low-1,2.33745,1790320838.3708,const,17.5904,5.5896,0.374,0.2,2.6,-1,-17.182,-0.3347,16.805,1551,-8.05,39.6,16.0,28,2514,8.05,-38.800000000000004,14.1,27,-16.568,-0.614,0,
B-B-low-1,2.33945,1790320838.3728,const,17.5904,5.5896,0.374,0.2,2.6,-1,-17.22,-0.3347,16.802,1550,-8.55,38.800000000000004,16.0,28,2516,9.06,-36.300000000000004,14.1,27,-16.645,-0.575,0,
B-B-low-1,2.34145,1790320838.3748,const,17.5904,5.5896,0.374,0.2,2.6,-1,-17.259,-0.3347,16.798,1549,-8.55,38.800000000000004,16.0,28,2516,8.55,-38.0,14.1,27,-16.645,-0.614,0,
B-B-low-1,2.34344,1790320838.3768,const,17.5904,5.5896,0.374,0.2,2.6,-1,-17.335,-0.6697,16.791,1547,-8.55,38.0,16.0,28,2518,9.06,-36.300000000000004,14.1,27,-16.722,-0.614,0,
B-B-low-1,2.34544,1790320838.3788,const,17.5904,5.5896,0.374,0.2,2.6,-1,-17.412,-0.6693,16.784,1545,-9.56,35.4,16.0,28,2519,9.06,-36.300000000000004,14.1,27,-16.76,-0.652,0,
B-B-low-1,2.34744,1790320838.3808,const,17.5904,5.5896,0.374,0.2,2.6,-1,-17.412,0.0,16.784,1545,-8.55,38.0,16.0,28,2520,8.55,-38.0,14.1,27,-16.798,-0.614,0,
B-B-low-1,2.34944,1790320838.3828,const,17.5904,5.5896,0.374,0.2,2.6,-1,-17.489,-0.6694,16.777,1543,-9.06,36.300000000000004,16.0,28,2522,9.56,-35.4,14.1,27,-16.875,-0.614,0,
B-B-low-1,2.35144,1790320838.3848,const,17.5904,5.5896,0.374,0.2,2.6,-1,-17.527,-0.3348,16.774,1542,-9.06,37.1,16.0,28,2522,8.55,-38.0,14.1,27,-16.875,-0.652,0,
B-B-low-1,2.35344,1790320838.3868,const,17.5904,5.5896,0.374,0.2,2.6,-1,-17.565,-0.3349,16.77,1541,-9.06,37.1,16.0,28,2524,9.06,-36.300000000000004,14.1,27,-16.952,-0.614,0,
B-B-low-1,2.35545,1790320838.3888,const,17.5904,5.5896,0.374,0.2,2.6,-1,-17.642,-0.6681,16.763,1539,-9.56,35.4,16.0,28,2525,9.06,-36.300000000000004,14.1,27,-16.99,-0.652,0,
B-B-low-1,2.35744,1790320838.3908,const,17.5904,5.5896,0.374,0.2,2.6,-1,-17.68,-0.3352,16.759,1538,-9.06,36.300000000000004,16.0,28,2527,9.56,-34.6,14.1,27,-17.067,-0.614,0,
B-B-low-1,2.35944,1790320838.3928,const,17.5904,5.5896,0.374,0.2,2.6,-1,-17.719,-0.3346,16.756,1537,-9.56,35.4,16.0,28,2527,9.06,-36.300000000000004,14.1,27,-17.067,-0.652,0,
B-B-low-1,2.36144,1790320838.3948,const,17.5904,5.5896,0.374,0.2,2.6,-1,-17.795,-0.6695,16.749,1535,-9.56,34.6,16.0,28,2529,9.06,-35.5,14.1,27,-17.143,-0.652,0,
B-B-low-1,2.36344,1790320838.3968,const,17.5904,5.5896,0.374,0.2,2.6,-1,-17.834,-0.3349,16.745,1534,-9.06,35.5,16.0,28,2530,9.06,-35.5,14.1,27,-17.182,-0.652,0,
B-B-low-1,2.36544,1790320838.3988,const,17.5904,5.5896,0.374,0.2,2.6,-1,-17.872,-0.3346,16.741,1533,-9.56,34.6,16.0,28,2532,9.56,-33.800000000000004,14.1,27,-17.259,-0.614,0,
B-B-low-1,2.36744,1790320838.4008,const,17.5904,5.5896,0.374,0.2,2.6,-1,-17.949,-0.6694,16.734,1531,-10.06,32.9,16.0,28,2533,9.56,-33.800000000000004,14.1,27,-17.297,-0.652,0,
B-B-low-1,2.36944,1790320838.4028,const,17.5904,5.5896,0.374,0.2,2.6,-1,-17.949,0.0,16.734,1531,-9.06,36.300000000000004,16.0,28,2534,9.06,-35.5,14.1,27,-17.335,-0.614,0,
B-B-low-1,2.37144,1790320838.4048,const,17.5904,5.5896,0.374,0.2,2.6,-1,-18.026,-0.6701,16.727,1529,-9.56,34.6,16.0,28,2535,9.06,-35.5,14.1,27,-17.374,-0.652,0,
B-B-low-1,2.37344,1790320838.4068,const,17.5904,5.5896,0.374,0.2,2.6,-1,-18.064,-0.3347,16.723,1528,-9.56,34.6,16.0,28,2536,9.06,-35.5,14.1,27,-17.412,-0.652,0,
B-B-low-1,2.37542,1790320838.4088,const,17.5904,5.5896,0.374,0.2,2.6,-1,-18.102,-0.3379,16.72,1527,-9.06,35.5,16.0,28,2538,9.56,-33.800000000000004,14.1,27,-17.489,-0.614,0,
B-B-low-1,2.37744,1790320838.4108,const,17.5904,5.5896,0.374,0.2,2.6,-1,-18.141,-0.3311,16.716,1526,-9.06,35.5,16.0,28,2538,9.06,-35.5,14.1,27,-17.489,-0.652,0,
B-B-low-1,2.37944,1790320838.4128,const,17.5904,5.5896,0.374,0.2,2.6,-1,-18.179,-0.335,16.712,1525,-8.55,36.4,16.0,28,2540,9.06,-34.7,14.1,27,-17.565,-0.614,0,
B-B-low-1,2.38144,1790320838.4148,const,17.5904,5.5896,0.374,0.2,2.6,-1,-18.217,-0.3349,16.709,1524,-9.06,35.5,16.0,28,2541,9.06,-34.7,14.1,27,-17.604,-0.614,0,
B-B-low-1,2.38344,1790320838.4168,const,17.5904,5.5896,0.374,0.2,2.6,-1,-18.294,-0.6691,16.701,1522,-9.06,35.5,16.0,28,2542,9.06,-34.7,14.1,27,-17.642,-0.652,0,
B-B-low-1,2.38542,1790320838.4188,const,17.5904,5.5896,0.374,0.2,2.6,-1,-18.332,-0.3385,16.698,1521,-8.55,36.4,16.0,28,2543,8.55,-35.6,14.1,27,-17.68,-0.652,0,
B-B-low-1,2.38742,1790320838.4208,const,17.5904,5.5896,0.374,0.2,2.6,-1,-18.371,-0.3345,16.694,1520,-9.06,35.5,16.0,28,2545,9.06,-34.7,14.1,27,-17.757,-0.614,0,
B-B-low-1,2.38942,1790320838.4228,const,17.5904,5.5896,0.374,0.2,2.6,-1,-18.409,-0.3349,16.69,1519,-9.06,35.5,16.0,28,2546,9.06,-34.7,14.1,27,-17.795,-0.614,0,
B-B-low-1,2.39142,1790320838.4248,const,17.5904,5.5896,0.374,0.2,2.6,-1,-18.447,-0.3346,16.686,1518,-8.55,36.4,16.0,28,2548,9.06,-33.9,14.1,27,-17.872,-0.575,0,
B-B-low-1,2.39342,1790320838.4268,const,17.5904,5.5896,0.374,0.2,2.6,-1,-18.524,-0.6695,16.679,1516,-8.55,35.6,16.0,28,2548,8.55,-35.6,14.1,27,-17.872,-0.652,0,
B-B-low-1,2.39542,1790320838.4288,const,17.5904,5.5896,0.374,0.2,2.6,-1,-18.562,-0.3346,16.675,1515,-8.55,35.6,16.0,28,2549,8.55,-35.6,14.1,28,-17.911,-0.652,0,
B-B-low-1,2.39742,1790320838.4308,const,17.5904,5.5896,0.374,0.2,2.6,-1,-18.601,-0.3349,16.671,1514,-8.55,35.6,16.0,28,2550,8.05,-36.4,14.1,28,-17.949,-0.652,0,
B-B-low-1,2.39942,1790320838.4328,const,17.5904,5.5896,0.374,0.2,2.6,-1,-18.639,-0.3344,16.668,1513,-8.55,35.6,16.0,28,2551,8.05,-36.4,14.1,28,-17.987,-0.652,0,
B-B-low-1,2.40142,1790320838.4348,const,17.5904,5.5896,0.374,0.2,2.6,-1,-18.678,-0.3348,16.664,1512,-8.05,37.2,16.0,28,2553,8.55,-34.800000000000004,14.1,28,-18.064,-0.614,0,
B-B-low-1,2.40342,1790320838.4368,const,17.5904,5.5896,0.374,0.2,2.6,-1,-18.716,-0.3349,16.66,1511,-8.05,37.2,16.0,28,2553,8.05,-36.4,14.1,28,-18.064,-0.652,0,
B-B-low-1,2.40542,1790320838.4388,const,17.5904,5.5896,0.374,0.2,2.6,-1,-18.793,-0.6685,16.653,1509,-8.55,35.6,16.0,28,2555,8.55,-34.800000000000004,14.1,28,-18.141,-0.652,0,
B-B-low-1,2.40744,1790320838.4408,const,17.5904,5.5896,0.374,0.2,2.6,-1,-18.793,0.0,16.653,1509,-8.05,37.2,16.0,28,2555,8.05,-36.4,14.1,28,-18.141,-0.652,0,
B-B-low-1,2.40944,1790320838.4428,const,17.5904,5.5896,0.374,0.2,2.6,-1,-18.831,-0.3344,16.649,1508,-8.05,37.2,16.0,28,2555,7.55,-38.1,14.1,28,-18.141,-0.69,0,
B-B-low-1,2.41144,1790320838.4448,const,17.5904,5.5896,0.374,0.2,2.6,-1,-18.908,-0.6701,16.641,1506,-8.55,36.4,16.0,28,2557,7.55,-38.1,14.1,28,-18.217,-0.69,0,
B-B-low-1,2.41344,1790320838.4468,const,17.5904,5.5896,0.374,0.2,2.6,-1,-18.946,-0.3335,16.637,1505,-8.05,37.2,16.0,28,2558,7.55,-38.1,14.1,28,-18.256,-0.69,0,
B-B-low-1,2.41544,1790320838.4488,const,17.5904,5.5896,0.374,0.2,2.6,-1,-18.984,-0.336,16.634,1504,-8.05,37.2,16.0,28,2559,7.55,-38.1,14.1,28,-18.294,-0.69,0,
B-B-low-1,2.41744,1790320838.4508,const,17.5904,5.5896,0.374,0.2,2.6,-1,-19.061,-0.6692,16.626,1502,-8.55,35.6,16.0,28,2560,7.55,-38.1,14.1,28,-18.332,-0.729,0,
B-B-low-1,2.41944,1790320838.4528,const,17.5904,5.5896,0.374,0.2,2.6,-1,-19.061,0.0,16.626,1502,-8.05,37.2,16.0,28,2561,7.04,-39.0,14.1,28,-18.371,-0.69,0,
B-B-low-1,2.42144,1790320838.4548,const,17.5904,5.5896,0.374,0.2,2.6,-1,-19.099,-0.3346,16.622,1501,-8.05,37.2,16.0,28,2562,7.04,-39.0,14.1,28,-18.409,-0.69,0,
B-B-low-1,2.42344,1790320838.4568,const,17.5904,5.5896,0.374,0.2,2.6,-1,-19.138,-0.3348,16.618,1500,-8.05,37.2,16.0,28,2563,7.04,-39.0,14.1,28,-18.447,-0.69,0,
B-B-low-1,2.42542,1790320838.4588,const,17.5904,5.5896,0.374,0.2,2.6,-1,-19.176,-0.3382,16.614,1499,-7.55,38.1,16.0,28,2564,7.04,-39.0,14.1,28,-18.486,-0.69,0,
B-B-low-1,2.42741,1790320838.4608,const,17.5904,5.5896,0.374,0.2,2.6,-1,-19.253,-0.6701,16.607,1497,-8.55,35.6,16.0,28,2565,7.55,-38.1,14.1,28,-18.524,-0.729,0,
B-B-low-1,2.42941,1790320838.4628,const,17.5904,5.5896,0.374,0.2,2.6,-1,-19.291,-0.3348,16.603,1496,-8.05,36.4,16.0,28,2567,7.55,-38.1,14.1,28,-18.601,-0.69,0,
B-B-low-1,2.43141,1790320838.4648,const,17.5904,5.5896,0.374,0.2,2.6,-1,-19.33,-0.3347,16.599,1495,-8.55,35.6,16.0,28,2568,7.55,-38.1,14.1,28,-18.639,-0.69,0,
B-B-low-1,2.43341,1790320838.4668,const,17.5904,5.5896,0.374,0.2,2.6,-1,-19.368,-0.3347,16.595,1494,-8.05,37.2,16.0,28,2569,7.55,-38.1,14.1,28,-18.678,-0.69,0,
B-B-low-1,2.43541,1790320838.4688,const,17.5904,5.5896,0.374,0.2,2.6,-1,-19.406,-0.3358,16.591,1493,-8.05,37.2,16.0,28,2569,7.04,-39.800000000000004,14.1,28,-18.678,-0.729,0,
B-B-low-1,2.43741,1790320838.4708,const,17.5904,5.5896,0.374,0.2,2.6,-1,-19.445,-0.3337,16.587,1492,-8.05,37.2,16.0,28,2571,8.05,-38.0,14.1,28,-18.754,-0.69,0,
B-B-low-1,2.43942,1790320838.4728,const,17.5904,5.5896,0.374,0.2,2.6,-1,-19.483,-0.3344,16.583,1491,-8.05,37.2,16.0,28,2572,8.05,-38.0,14.1,28,-18.793,-0.69,0,
B-B-low-1,2.44142,1790320838.4748,const,17.5904,5.5896,0.374,0.2,2.6,-1,-19.521,-0.3346,16.579,1490,-8.05,37.2,16.0,28,2574,8.55,-36.4,14.1,28,-18.869,-0.652,0,
B-B-low-1,2.44342,1790320838.4768,const,17.5904,5.5896,0.374,0.2,2.6,-1,-19.598,-0.6687,16.571,1488,-8.05,36.4,16.0,28,2574,8.05,-38.0,14.1,28,-18.869,-0.729,0,
B-B-low-1,2.44542,1790320838.4788,const,17.5904,5.5896,0.374,0.2,2.6,-1,-19.636,-0.335,16.567,1487,-8.55,36.4,16.0,28,2575,8.05,-38.0,14.1,28,-18.908,-0.729,0,
B-B-low-1,2.44742,1790320838.4808,const,17.5904,5.5896,0.374,0.2,2.6,-1,-19.675,-0.3347,16.563,1486,-8.55,36.4,16.0,28,2576,8.05,-38.0,14.1,28,-18.946,-0.729,0,
B-B-low-1,2.44942,1790320838.4828,const,17.5904,5.5896,0.374,0.2,2.6,-1,-19.713,-0.3349,16.559,1485,-8.55,36.4,16.0,28,2577,8.05,-38.0,14.1,28,-18.984,-0.729,0,
B-B-low-1,2.45142,1790320838.4848,const,17.5904,5.5896,0.374,0.2,2.6,-1,-19.751,-0.3345,16.555,1484,-8.05,37.2,16.0,28,2579,8.55,-36.4,14.1,28,-19.061,-0.69,0,
B-B-low-1,2.45342,1790320838.4868,const,17.5904,5.5896,0.374,0.2,2.6,-1,-19.79,-0.3347,16.551,1483,-8.05,37.2,14.2,28,2581,9.06,-34.7,14.1,28,-19.138,-0.652,0,
B-B-low-1,2.45542,1790320838.4888,const,17.5904,5.5896,0.374,0.2,2.6,-1,-19.828,-0.3348,16.547,1482,-8.05,37.2,14.2,28,2581,8.05,-37.2,14.1,28,-19.138,-0.69,0,
B-B-low-1,2.45742,1790320838.4908,const,17.5904,5.5896,0.374,0.2,2.6,-1,-19.866,-0.3348,16.543,1481,-8.05,37.2,14.2,28,2583,9.06,-34.7,14.1,28,-19.214,-0.652,0,
B-B-low-1,2.45942,1790320838.4928,const,17.5904,5.5896,0.374,0.2,2.6,-1,-19.905,-0.3348,16.539,1480,-8.05,37.2,14.2,28,2584,8.55,-35.6,14.1,28,-19.253,-0.652,0,
B-B-low-1,2.46142,1790320838.4948,const,17.5904,5.5896,0.374,0.2,2.6,-1,-19.982,-0.6686,16.531,1478,-8.55,35.6,14.2,28,2585,8.55,-36.4,14.1,28,-19.291,-0.69,0,
B-B-low-1,2.46342,1790320838.4968,const,17.5904,5.5896,0.374,0.2,2.6,-1,-20.02,-0.3349,16.527,1477,-8.55,35.6,14.2,28,2587,9.06,-34.7,14.1,28,-19.368,-0.652,0,
B-B-low-1,2.46542,1790320838.4988,const,17.5904,5.5896,0.374,0.2,2.6,-1,-20.058,-0.3346,16.523,1476,-8.05,37.2,14.2,28,2588,9.06,-34.7,14.1,28,-19.406,-0.652,0,
B-B-low-1,2.46742,1790320838.5008,const,17.5904,5.5896,0.374,0.2,2.6,-1,-20.135,-0.6698,16.515,1474,-8.55,35.6,14.2,28,2589,9.06,-34.7,14.1,28,-19.445,-0.69,0,
B-B-low-1,2.46942,1790320838.5028,const,17.5904,5.5896,0.374,0.2,2.6,-1,-20.135,0.0,16.515,1474,-8.05,37.2,14.2,28,2591,9.06,-33.9,14.1,28,-19.521,-0.614,0,
B-B-low-1,2.47142,1790320838.5048,const,17.5904,5.5896,0.374,0.2,2.6,-1,-20.173,-0.3348,16.511,1473,-8.05,37.2,14.2,28,2592,9.56,-33.0,14.1,28,-19.56,-0.614,0,
B-B-low-1,2.47342,1790320838.5068,const,17.5904,5.5896,0.374,0.2,2.6,-1,-20.212,-0.3346,16.507,1472,-8.05,37.2,14.2,28,2593,9.06,-33.9,14.1,28,-19.598,-0.614,0,
B-B-low-1,2.47541,1790320838.5088,const,17.5904,5.5896,0.374,0.2,2.6,-1,-20.25,-0.3348,16.503,1471,-8.55,35.6,14.2,28,2594,9.06,-33.9,14.1,28,-19.636,-0.614,0,
B-B-low-1,2.47741,1790320838.5108,const,17.5904,5.5896,0.374,0.2,2.6,-1,-20.288,-0.3347,16.499,1470,-8.55,35.6,14.2,28,2595,9.06,-33.9,14.1,28,-19.675,-0.614,0,
B-B-low-1,2.47941,1790320838.5128,const,17.5904,5.5896,0.374,0.2,2.6,-1,-20.327,-0.3348,16.495,1469,-8.55,35.6,14.2,28,2596,8.55,-35.6,14.1,28,-19.713,-0.614,0,
B-B-low-1,2.48141,1790320838.5148,const,17.5904,5.5896,0.374,0.2,2.6,-1,-20.327,0.0,16.495,1469,-8.05,37.2,14.2,28,2597,8.55,-35.6,14.1,28,-19.751,-0.575,0,
B-B-low-1,2.4834,1790320838.5168,const,17.5904,5.5896,0.374,0.2,2.6,-1,-20.403,-0.673,16.487,1467,-8.05,37.2,14.2,28,2598,8.55,-35.6,14.1,28,-19.79,-0.614,0,
B-B-low-1,2.48541,1790320838.5188,const,17.5904,5.5896,0.374,0.2,2.6,-1,-20.442,-0.3328,16.483,1466,-8.05,37.2,14.2,28,2599,8.55,-35.6,14.1,28,-19.828,-0.614,0,
B-B-low-1,2.48742,1790320838.5208,const,17.5904,5.5896,0.374,0.2,2.6,-1,-20.48,-0.3346,16.478,1465,-8.05,37.2,14.2,28,2600,8.55,-34.800000000000004,14.1,28,-19.866,-0.614,0,
B-B-low-1,2.48941,1790320838.5228,const,17.5904,5.5896,0.374,0.2,2.6,-1,-20.518,-0.3351,16.474,1464,-8.05,37.2,14.2,28,2601,8.55,-35.6,14.1,28,-19.905,-0.614,0,
B-B-low-1,2.49141,1790320838.5248,const,17.5904,5.5896,0.374,0.2,2.6,-1,-20.557,-0.3345,16.47,1463,-8.05,37.2,14.2,28,2602,8.55,-35.6,14.1,28,-19.943,-0.614,0,
B-B-low-1,2.49341,1790320838.5268,const,17.5904,5.5896,0.374,0.2,2.6,-1,-20.595,-0.3348,16.466,1462,-7.55,38.900000000000006,14.2,28,2604,8.55,-34.800000000000004,14.1,28,-20.02,-0.575,0,
B-B-low-1,2.49541,1790320838.5288,const,17.5904,5.5896,0.374,0.2,2.6,-1,-20.634,-0.3348,16.462,1461,-7.55,38.900000000000006,14.2,28,2604,8.05,-36.4,14.1,28,-20.02,-0.614,0,
B-B-low-1,2.49741,1790320838.5308,const,17.5904,5.5896,0.374,0.2,2.6,-1,-20.672,-0.3345,16.458,1460,-7.55,38.900000000000006,14.2,28,2605,7.55,-37.300000000000004,14.1,28,-20.058,-0.614,0,
B-B-low-1,2.49941,1790320838.5328,const,17.5904,5.5896,0.374,0.2,2.6,-1,-20.71,-0.3349,16.454,1459,-7.55,38.900000000000006,14.2,28,2606,7.55,-37.300000000000004,14.1,28,-20.097,-0.614,0,
B-B-low-1,2.50141,1790320838.5348,const,17.5904,5.5896,0.374,0.2,2.6,-1,-20.787,-0.6695,16.445,1457,-8.05,37.2,14.2,28,2607,7.55,-38.1,14.1,28,-20.135,-0.652,0,
B-B-low-1,2.50341,1790320838.5368,const,17.5904,5.5896,0.374,0.2,2.6,-1,-20.787,0.0,16.445,1457,-7.55,38.900000000000006,14.2,28,2608,7.55,-38.1,14.1,28,-20.173,-0.614,0,
B-B-low-1,2.50541,1790320838.5388,const,17.5904,5.5896,0.374,0.2,2.6,-1,-20.825,-0.335,16.441,1456,-7.55,38.900000000000006,14.2,28,2609,7.04,-39.0,14.1,28,-20.212,-0.614,0,
B-B-low-1,2.50741,1790320838.5408,const,17.5904,5.5896,0.374,0.2,2.6,-1,-20.864,-0.3346,16.437,1455,-7.04,39.800000000000004,14.2,28,2610,7.04,-39.0,14.1,28,-20.25,-0.614,0,
B-B-low-1,2.50941,1790320838.5428,const,17.5904,5.5896,0.374,0.2,2.6,-1,-20.902,-0.3346,16.433,1454,-7.04,39.800000000000004,14.2,28,2611,7.55,-38.1,14.1,28,-20.288,-0.614,0,
B-B-low-1,2.51141,1790320838.5448,const,17.5904,5.5896,0.374,0.2,2.6,-1,-20.94,-0.3348,16.429,1453,-7.55,38.900000000000006,14.2,28,2612,7.04,-39.0,14.1,28,-20.327,-0.614,0,
B-B-low-1,2.51341,1790320838.5468,const,17.5904,5.5896,0.374,0.2,2.6,-1,-20.979,-0.3347,16.424,1452,-7.55,38.900000000000006,14.2,28,2613,7.55,-38.1,14.1,28,-20.365,-0.614,0,
B-B-low-1,2.51541,1790320838.5488,const,17.5904,5.5896,0.374,0.2,2.6,-1,-21.017,-0.3346,16.42,1451,-7.55,39.7,14.2,28,2614,7.55,-38.1,14.1,28,-20.403,-0.614,0,
B-B-low-1,2.51741,1790320838.5508,const,17.5904,5.5896,0.374,0.2,2.6,-1,-21.055,-0.3349,16.416,1450,-7.04,40.6,14.2,28,2615,7.04,-39.0,14.1,28,-20.442,-0.614,0,
B-B-low-1,2.51941,1790320838.5528,const,17.5904,5.5896,0.374,0.2,2.6,-1,-21.094,-0.3347,16.412,1449,-7.55,39.7,14.2,28,2616,7.04,-39.800000000000004,14.1,28,-20.48,-0.614,0,
B-B-low-1,2.52141,1790320838.5548,const,17.5904,5.5896,0.374,0.2,2.6,-1,-21.132,-0.3348,16.407,1448,-7.55,39.7,14.2,28,2617,7.04,-39.800000000000004,14.1,28,-20.518,-0.614,0,
B-B-low-1,2.52341,1790320838.5568,const,17.5904,5.5896,0.374,0.2,2.6,-1,-21.17,-0.3347,16.403,1447,-7.55,39.7,14.2,28,2618,7.04,-39.800000000000004,14.1,28,-20.557,-0.614,0,
B-B-low-1,2.52541,1790320838.5588,const,17.5904,5.5896,0.374,0.2,2.6,-1,-21.209,-0.3344,16.399,1446,-7.55,40.5,14.2,28,2619,7.04,-39.800000000000004,14.1,28,-20.595,-0.614,0,
B-B-low-1,2.52741,1790320838.5608,const,17.5904,5.5896,0.374,0.2,2.6,-1,-21.286,-0.6701,16.39,1444,-8.05,38.800000000000004,14.2,28,2619,7.04,-40.6,14.1,28,-20.595,-0.69,0,
B-B-low-1,2.52941,1790320838.5628,const,17.5904,5.5896,0.374,0.2,2.6,-1,-21.286,0.0,16.39,1444,-7.55,40.5,14.2,28,2621,7.04,-39.800000000000004,14.1,28,-20.672,-0.614,0,
B-B-low-1,2.53142,1790320838.5648,const,17.5904,5.5896,0.374,0.2,2.6,-1,-21.362,-0.6681,16.382,1442,-7.55,39.7,14.2,28,2622,7.04,-39.800000000000004,14.1,28,-20.71,-0.652,0,
B-B-low-1,2.53341,1790320838.5668,const,17.5904,5.5896,0.374,0.2,2.6,-1,-21.401,-0.3354,16.377,1441,-7.55,39.7,14.2,28,2624,7.04,-39.800000000000004,14.1,28,-20.787,-0.614,0,
B-B-low-1,2.53541,1790320838.5688,const,17.5904,5.5896,0.374,0.2,2.6,-1,-21.439,-0.3353,16.373,1440,-8.05,38.800000000000004,14.2,28,2624,7.55,-38.900000000000006,14.1,28,-20.787,-0.652,0,
B-B-low-1,2.53741,1790320838.5708,const,17.5904,5.5896,0.374,0.2,2.6,-1,-21.477,-0.334,16.369,1439,-8.05,38.800000000000004,14.2,28,2625,7.04,-39.800000000000004,14.1,28,-20.825,-0.652,0,
B-B-low-1,2.53941,1790320838.5728,const,17.5904,5.5896,0.374,0.2,2.6,-1,-21.554,-0.6701,16.36,1437,-8.05,38.0,14.2,28,2626,7.55,-38.900000000000006,14.1,28,-20.864,-0.69,0,
B-B-low-1,2.54141,1790320838.5748,const,17.5904,5.5896,0.374,0.2,2.6,-1,-21.592,-0.335,16.356,1436,-8.55,37.2,14.2,28,2627,7.55,-38.900000000000006,14.1,28,-20.902,-0.69,0,
B-B-low-1,2.54341,1790320838.5768,const,17.5904,5.5896,0.374,0.2,2.6,-1,-21.631,-0.3347,16.352,1435,-8.05,38.800000000000004,14.2,28,2628,7.55,-39.7,14.1,28,-20.94,-0.69,0,
B-B-low-1,2.54541,1790320838.5788,const,17.5904,5.5896,0.374,0.2,2.6,-1,-21.707,-0.6693,16.343,1433,-9.06,36.300000000000004,14.2,28,2629,7.55,-39.7,14.1,28,-20.979,-0.729,0,
B-B-low-1,2.54741,1790320838.5808,const,17.5904,5.5896,0.374,0.2,2.6,-1,-21.746,-0.3342,16.339,1432,-8.55,37.2,14.2,28,2631,8.05,-38.0,14.1,28,-21.055,-0.69,0,
B-B-low-1,2.54941,1790320838.5828,const,17.5904,5.5896,0.374,0.2,2.6,-1,-21.784,-0.3348,16.334,1431,-9.06,36.300000000000004,14.2,28,2632,8.05,-38.0,14.1,28,-21.094,-0.69,0,
B-B-low-1,2.55141,1790320838.5848,const,17.5904,5.5896,0.374,0.2,2.6,-1,-21.822,-0.3346,16.33,1430,-8.55,37.2,14.2,28,2633,7.55,-38.900000000000006,14.1,28,-21.132,-0.69,0,
B-B-low-1,2.55341,1790320838.5868,const,17.5904,5.5896,0.374,0.2,2.6,-1,-21.861,-0.3348,16.325,1429,-9.06,36.300000000000004,14.2,28,2634,8.05,-38.800000000000004,14.1,28,-21.17,-0.69,0,
B-B-low-1,2.55541,1790320838.5888,const,17.5904,5.5896,0.374,0.2,2.6,-1,-21.899,-0.3348,16.321,1428,-9.06,36.300000000000004,14.2,28,2635,8.05,-38.800000000000004,14.1,28,-21.209,-0.69,0,
B-B-low-1,2.55741,1790320838.5908,const,17.5904,5.5896,0.374,0.2,2.6,-1,-21.938,-0.3348,16.317,1427,-8.55,37.2,14.2,28,2636,8.05,-38.800000000000004,14.1,28,-21.247,-0.69,0,
B-B-low-1,2.55941,1790320838.5928,const,17.5904,5.5896,0.374,0.2,2.6,-1,-21.976,-0.3348,16.312,1426,-8.55,37.2,14.2,28,2637,8.05,-38.800000000000004,14.1,28,-21.286,-0.69,0,
B-B-low-1,2.56141,1790320838.5948,const,17.5904,5.5896,0.374,0.2,2.6,-1,-22.014,-0.3346,16.308,1425,-8.55,37.2,14.2,28,2639,8.55,-37.2,14.1,28,-21.362,-0.652,0,
B-B-low-1,2.56341,1790320838.5968,const,17.5904,5.5896,0.374,0.2,2.6,-1,-22.091,-0.6695,16.299,1423,-9.06,36.300000000000004,14.2,28,2640,8.55,-37.2,14.1,28,-21.401,-0.69,0,
B-B-low-1,2.56541,1790320838.5988,const,17.5904,5.5896,0.374,0.2,2.6,-1,-22.129,-0.3348,16.295,1422,-8.55,37.2,14.2,28,2641,8.55,-37.2,14.1,28,-21.439,-0.69,0,
B-B-low-1,2.56741,1790320838.6008,const,17.5904,5.5896,0.374,0.2,2.6,-1,-22.168,-0.3346,16.29,1421,-8.55,37.2,14.2,28,2642,8.55,-37.2,14.1,28,-21.477,-0.69,0,
B-B-low-1,2.56941,1790320838.6028,const,17.5904,5.5896,0.374,0.2,2.6,-1,-22.206,-0.3348,16.286,1420,-8.55,37.2,14.2,28,2644,8.55,-37.2,14.1,28,-21.554,-0.652,0,
B-B-low-1,2.57141,1790320838.6048,const,17.5904,5.5896,0.374,0.2,2.6,-1,-22.244,-0.3347,16.281,1419,-8.05,38.0,14.2,28,2645,8.55,-37.2,14.1,28,-21.592,-0.652,0,
B-B-low-1,2.57341,1790320838.6068,const,17.5904,5.5896,0.374,0.2,2.6,-1,-22.283,-0.3348,16.277,1418,-8.55,37.2,14.2,28,2646,8.55,-37.2,14.1,28,-21.631,-0.652,0,
B-B-low-1,2.57541,1790320838.6088,const,17.5904,5.5896,0.374,0.2,2.6,-1,-22.359,-0.6687,16.268,1416,-8.55,37.2,14.2,28,2647,8.55,-37.2,14.1,28,-21.669,-0.69,0,
B-B-low-1,2.57741,1790320838.6108,const,17.5904,5.5896,0.374,0.2,2.6,-1,-22.436,-0.67,16.259,1414,-9.06,35.5,14.2,28,2648,8.55,-37.2,14.1,28,-21.707,-0.729,0,
B-B-low-1,2.57941,1790320838.6128,const,17.5904,5.5896,0.374,0.2,2.6,-1,-22.436,0.0,16.259,1414,-8.55,37.2,14.2,28,2649,8.55,-37.2,14.1,28,-21.746,-0.69,0,
B-B-low-1,2.58141,1790320838.6148,const,17.5904,5.5896,0.374,0.2,2.6,-1,-22.513,-0.6694,16.25,1412,-9.06,35.5,14.2,28,2650,8.55,-37.2,14.1,28,-21.784,-0.729,0,
B-B-low-1,2.58341,1790320838.6168,const,17.5904,5.5896,0.374,0.2,2.6,-1,-22.513,0.0,16.25,1412,-8.05,38.0,14.2,28,2652,9.06,-35.5,14.1,28,-21.861,-0.652,0,
B-B-low-1,2.58541,1790320838.6188,const,17.5904,5.5896,0.374,0.2,2.6,-1,-22.589,-0.6695,16.241,1410,-8.55,36.4,14.2,28,2652,8.55,-37.2,14.1,28,-21.861,-0.729,0,
B-B-low-1,2.58741,1790320838.6208,const,17.5904,5.5896,0.374,0.2,2.6,-1,-22.628,-0.3348,16.236,1409,-8.55,36.4,14.2,28,2654,8.55,-36.4,14.1,28,-21.938,-0.69,0,
B-B-low-1,2.58941,1790320838.6228,const,17.5904,5.5896,0.374,0.2,2.6,-1,-22.666,-0.3349,16.232,1408,-8.55,36.4,14.2,28,2654,8.05,-38.0,14.1,28,-21.938,-0.729,0,
B-B-low-1,2.59141,1790320838.6248,const,17.5904,5.5896,0.374,0.2,2.6,-1,-22.666,0.0,16.232,1408,-8.55,36.4,14.2,28,2656,8.55,-36.4,14.1,28,-22.014,-0.652,0,
B-B-low-1,2.59341,1790320838.6268,const,17.5904,5.5896,0.374,0.2,2.6,-1,-22.705,-0.3346,16.227,1407,-8.05,38.0,14.2,28,2657,8.55,-37.2,14.1,28,-22.053,-0.652,0,
B-B-low-1,2.59541,1790320838.6288,const,17.5904,5.5896,0.374,0.2,2.6,-1,-22.743,-0.3347,16.223,1406,-8.05,38.0,14.2,28,2658,8.55,-37.2,14.1,28,-22.091,-0.652,0,
B-B-low-1,2.59741,1790320838.6308,const,17.5904,5.5896,0.374,0.2,2.6,-1,-22.781,-0.3346,16.218,1405,-8.05,38.0,14.2,28,2658,8.05,-38.800000000000004,14.1,28,-22.091,-0.69,0,
B-B-low-1,2.5994,1790320838.6328,const,17.5904,5.5896,0.374,0.2,2.6,-1,-22.82,-0.3356,16.214,1404,-8.05,38.0,14.2,28,2659,7.55,-39.7,14.1,28,-22.129,-0.69,0,
B-B-low-1,2.6014,1790320838.6348,const,17.5904,5.5896,0.374,0.2,2.6,-1,-22.858,-0.3347,16.209,1403,-8.05,38.0,14.2,28,2661,8.05,-38.0,14.1,28,-22.206,-0.652,0,
B-B-low-1,2.6034,1790320838.6368,const,17.5904,5.5896,0.374,0.2,2.6,-1,-22.896,-0.3346,16.204,1402,-8.05,38.0,14.2,28,2662,8.05,-38.0,14.1,28,-22.244,-0.652,0,
B-B-low-1,2.6054,1790320838.6388,const,17.5904,5.5896,0.374,0.2,2.6,-1,-22.973,-0.6696,16.195,1400,-8.55,36.4,14.2,28,2663,8.05,-38.0,14.1,28,-22.283,-0.69,0,
B-B-low-1,2.6074,1790320838.6408,const,17.5904,5.5896,0.374,0.2,2.6,-1,-23.011,-0.3345,16.191,1399,-8.05,38.0,14.2,28,2663,7.04,-40.6,14.1,28,-22.283,-0.729,0,
B-B-low-1,2.6094,1790320838.6428,const,17.5904,5.5896,0.374,0.2,2.6,-1,-23.05,-0.3349,16.186,1398,-8.05,38.0,14.2,28,2665,8.05,-38.0,14.1,28,-22.359,-0.69,0,
B-B-low-1,2.6114,1790320838.6448,const,17.5904,5.5896,0.374,0.2,2.6,-1,-23.088,-0.3349,16.181,1397,-8.05,38.0,14.2,28,2666,7.55,-39.7,14.1,28,-22.398,-0.69,0,
B-B-low-1,2.6134,1790320838.6468,const,17.5904,5.5896,0.374,0.2,2.6,-1,-23.165,-0.6696,16.172,1395,-9.06,35.5,14.2,28,2667,7.55,-39.7,14.1,28,-22.436,-0.729,0,
B-B-low-1,2.6154,1790320838.6488,const,17.5904,5.5896,0.374,0.2,2.6,-1,-23.203,-0.3346,16.167,1394,-8.55,36.4,14.2,28,2668,7.55,-39.7,14.1,28,-22.474,-0.729,0,
B-B-low-1,2.6174,1790320838.6508,const,17.5904,5.5896,0.374,0.2,2.6,-1,-23.241,-0.335,16.163,1393,-8.55,36.4,14.2,28,2669,7.55,-39.7,14.1,28,-22.513,-0.729,0,
B-B-low-1,2.6194,1790320838.6528,const,17.5904,5.5896,0.374,0.2,2.6,-1,-23.28,-0.3343,16.158,1392,-8.05,37.2,14.2,28,2670,7.04,-40.6,14.1,28,-22.551,-0.729,0,
B-B-low-1,2.6214,1790320838.6548,const,17.5904,5.5896,0.374,0.2,2.6,-1,-23.318,-0.335,16.154,1391,-8.55,36.4,14.2,28,2672,8.05,-38.0,14.1,28,-22.628,-0.69,0,
B-B-low-1,2.6234,1790320838.6568,const,17.5904,5.5896,0.374,0.2,2.6,-1,-23.357,-0.3347,16.149,1390,-8.55,36.4,14.2,28,2673,8.05,-38.0,14.1,28,-22.666,-0.69,0,
B-B-low-1,2.62541,1790320838.6588,const,17.5904,5.5896,0.374,0.2,2.6,-1,-23.433,-0.6678,16.14,1388,-8.55,36.4,14.2,28,2674,7.55,-38.900000000000006,14.1,28,-22.705,-0.729,0,
B-B-low-1,2.6274,1790320838.6608,const,17.5904,5.5896,0.374,0.2,2.6,-1,-23.472,-0.3352,16.135,1387,-8.55,36.4,14.2,28,2675,8.05,-38.0,14.1,27,-22.743,-0.729,0,
B-B-low-1,2.6294,1790320838.6628,const,17.5904,5.5896,0.374,0.2,2.6,-1,-23.51,-0.3349,16.13,1386,-8.55,36.4,14.2,28,2676,8.55,-37.2,14.1,27,-22.781,-0.729,0,
B-B-low-1,2.6314,1790320838.6648,const,17.5904,5.5896,0.374,0.2,2.6,-1,-23.548,-0.3345,16.125,1385,-8.55,36.4,14.2,28,2677,8.05,-38.0,14.1,27,-22.82,-0.729,0,
B-B-low-1,2.63343,1790320838.6668,const,17.5904,5.5896,0.374,0.2,2.6,-1,-23.625,-0.6608,16.116,1383,-8.55,35.6,14.2,28,2679,8.55,-37.2,14.1,27,-22.896,-0.729,0,
B-B-low-1,2.63541,1790320838.6688,const,17.5904,5.5896,0.374,0.2,2.6,-1,-23.663,-0.3386,16.111,1382,-8.55,35.6,14.2,28,2680,8.55,-37.2,14.1,27,-22.935,-0.729,0,
B-B-low-1,2.6374,1790320838.6708,const,17.5904,5.5896,0.374,0.2,2.6,-1,-23.702,-0.3347,16.107,1381,-9.06,34.7,14.2,28,2682,9.06,-35.5,14.1,27,-23.011,-0.69,0,
B-B-low-1,2.63941,1790320838.6728,const,17.5904,5.5896,0.374,0.2,2.6,-1,-23.74,-0.3346,16.102,1380,-8.55,35.6,14.2,28,2683,9.06,-35.5,14.1,27,-23.05,-0.69,0,
B-B-low-1,2.64141,1790320838.6748,const,17.5904,5.5896,0.374,0.2,2.6,-1,-23.817,-0.6687,16.092,1378,-9.06,34.7,14.2,28,2684,9.06,-35.5,14.1,27,-23.088,-0.729,0,
B-B-low-1,2.64341,1790320838.6768,const,17.5904,5.5896,0.374,0.2,2.6,-1,-23.817,0.0,16.092,1378,-8.55,36.4,14.2,28,2686,9.06,-34.7,14.1,27,-23.165,-0.652,0,
B-B-low-1,2.64541,1790320838.6788,const,17.5904,5.5896,0.374,0.2,2.6,-1,-23.893,-0.6692,16.083,1376,-9.06,34.7,14.2,28,2688,9.56,-33.0,14.1,27,-23.241,-0.652,0,
B-B-low-1,2.64741,1790320838.6808,const,17.5904,5.5896,0.374,0.2,2.6,-1,-23.932,-0.3346,16.078,1375,-9.06,34.7,14.2,28,2688,9.06,-34.7,14.1,27,-23.241,-0.69,0,
B-B-low-1,2.6494,1790320838.6828,const,17.5904,5.5896,0.374,0.2,2.6,-1,-24.009,-0.6701,16.068,1373,-9.56,33.0,14.2,28,2690,10.06,-32.1,14.1,27,-23.318,-0.69,0,
B-B-low-1,2.65141,1790320838.6848,const,17.5904,5.5896,0.374,0.2,2.6,-1,-24.047,-0.3344,16.064,1372,-9.06,33.9,14.2,28,2691,9.56,-33.800000000000004,14.1,27,-23.357,-0.69,0,
B-B-low-1,2.6534,1790320838.6868,const,17.5904,5.5896,0.374,0.2,2.6,-1,-24.085,-0.335,16.059,1371,-9.06,33.9,14.2,28,2692,9.06,-34.7,14.1,27,-23.395,-0.69,0,
B-B-low-1,2.6554,1790320838.6888,const,17.5904,5.5896,0.374,0.2,2.6,-1,-24.124,-0.3348,16.054,1370,-9.06,33.9,14.2,28,2694,9.56,-33.0,14.1,27,-23.472,-0.652,0,
B-B-low-1,2.6574,1790320838.6908,const,17.5904,5.5896,0.374,0.2,2.6,-1,-24.162,-0.3346,16.049,1369,-8.55,35.6,14.2,28,2695,9.56,-33.0,14.1,27,-23.51,-0.652,0,
B-B-low-1,2.6594,1790320838.6928,const,17.5904,5.5896,0.374,0.2,2.6,-1,-24.239,-0.6694,16.04,1367,-9.56,33.0,14.2,28,2696,10.06,-32.1,14.1,27,-23.548,-0.69,0,
B-B-low-1,2.6614,1790320838.6948,const,17.5904,5.5896,0.374,0.2,2.6,-1,-24.239,0.0,16.04,1367,-8.55,35.6,14.2,28,2698,10.06,-31.3,14.1,27,-23.625,-0.614,0,
B-B-low-1,2.6634,1790320838.6968,const,17.5904,5.5896,0.374,0.2,2.6,-1,-24.315,-0.6689,16.03,1365,-9.06,33.9,14.2,28,2699,9.56,-32.2,14.1,27,-23.663,-0.652,0,
B-B-low-1,2.6654,1790320838.6988,const,17.5904,5.5896,0.374,0.2,2.6,-1,-24.354,-0.3349,16.025,1364,-8.55,34.800000000000004,14.2,28,2700,9.56,-32.2,14.1,27,-23.702,-0.652,0,
B-B-low-1,2.6674,1790320838.7008,const,17.5904,5.5896,0.374,0.2,2.6,-1,-24.392,-0.3347,16.02,1363,-8.55,34.800000000000004,14.2,28,2702,10.06,-30.5,14.1,27,-23.778,-0.614,0,
B-B-low-1,2.6694,1790320838.7028,const,17.5904,5.5896,0.374,0.2,2.6,-1,-24.43,-0.3347,16.015,1362,-8.55,34.800000000000004,14.2,28,2703,10.06,-31.3,14.1,27,-23.817,-0.614,0,
B-B-low-1,2.6714,1790320838.7048,const,17.5904,5.5896,0.374,0.2,2.6,-1,-24.469,-0.3346,16.01,1361,-8.55,34.800000000000004,14.2,28,2704,10.06,-31.3,14.1,27,-23.855,-0.614,0,
B-B-low-1,2.67338,1790320838.7067,const,17.5904,5.5896,0.374,0.2,2.6,-1,-24.545,-0.6768,16.001,1359,-9.06,33.1,14.2,28,2705,9.56,-32.2,14.1,27,-23.893,-0.652,0,
B-B-low-1,2.67546,1790320838.7088,const,17.5904,5.5896,0.374,0.2,2.6,-1,-24.584,-0.322,15.996,1358,-8.55,34.800000000000004,14.2,28,2707,9.56,-31.400000000000002,14.1,27,-23.97,-0.614,0,
B-B-low-1,2.67748,1790320838.7108,const,17.5904,5.5896,0.374,0.2,2.6,-1,-24.622,-0.3323,15.991,1357,-8.55,34.800000000000004,14.2,28,2708,9.56,-31.400000000000002,14.1,27,-24.009,-0.614,0,
B-B-low-1,2.67947,1790320838.7128,const,17.5904,5.5896,0.374,0.2,2.6,-1,-24.661,-0.3348,15.986,1356,-8.55,34.800000000000004,14.2,28,2709,9.56,-31.400000000000002,14.1,27,-24.047,-0.614,0,
B-B-low-1,2.68138,1790320838.7148,const,17.5904,5.5896,0.374,0.2,2.6,-1,-24.699,-0.3505,15.981,1355,-8.55,34.800000000000004,14.2,28,2710,9.56,-31.400000000000002,14.1,27,-24.085,-0.614,0,
B-B-low-1,2.68338,1790320838.7168,const,17.5904,5.5896,0.374,0.2,2.6,-1,-24.737,-0.335,15.976,1354,-8.05,36.4,14.2,28,2711,9.06,-33.1,14.1,27,-24.124,-0.614,0,
B-B-low-1,2.68539,1790320838.7188,const,17.5904,5.5896,0.374,0.2,2.6,-1,-24.814,-0.6681,15.966,1352,-8.55,34.800000000000004,15.9,28,2712,9.06,-33.1,14.1,27,-24.162,-0.652,0,
B-B-low-1,2.68738,1790320838.7207,const,17.5904,5.5896,0.374,0.2,2.6,-1,-24.852,-0.336,15.961,1351,-8.55,34.800000000000004,15.9,28,2713,8.55,-34.0,14.1,27,-24.2,-0.652,0,
B-B-low-1,2.68938,1790320838.7227,const,17.5904,5.5896,0.374,0.2,2.6,-1,-24.852,0.0,15.961,1351,-7.55,37.300000000000004,15.9,28,2714,8.55,-34.0,14.1,27,-24.239,-0.614,0,
B-B-low-1,2.69138,1790320838.7247,const,17.5904,5.5896,0.374,0.2,2.6,-1,-24.891,-0.3349,15.956,1350,-8.05,36.4,15.9,28,2715,8.55,-34.0,14.1,27,-24.277,-0.614,0,
B-B-low-1,2.69338,1790320838.7267,const,17.5904,5.5896,0.374,0.2,2.6,-1,-24.929,-0.3346,15.951,1349,-8.05,36.4,15.9,28,2717,8.55,-33.2,14.1,27,-24.354,-0.575,0,
B-B-low-1,2.69538,1790320838.7287,const,17.5904,5.5896,0.374,0.2,2.6,-1,-24.967,-0.3346,15.946,1348,-8.05,36.4,15.9,28,2717,8.05,-34.800000000000004,14.1,27,-24.354,-0.614,0,
B-B-low-1,2.69738,1790320838.7307,const,17.5904,5.5896,0.374,0.2,2.6,-1,-25.006,-0.3346,15.941,1347,-7.55,37.300000000000004,15.9,28,2718,8.05,-34.800000000000004,14.1,27,-24.392,-0.614,0,
B-B-low-1,2.69938,1790320838.7327,const,17.5904,5.5896,0.374,0.2,2.6,-1,-25.082,-0.67,15.932,1345,-8.05,35.6,15.9,28,2719,8.05,-34.800000000000004,14.1,27,-24.43,-0.652,0,
B-B-low-1,2.70137,1790320838.7347,const,17.5904,5.5896,0.374,0.2,2.6,-1,-25.082,0.0,15.932,1345,-7.55,37.300000000000004,15.9,28,2720,7.55,-36.5,14.1,27,-24.469,-0.614,0,
B-B-low-1,2.70338,1790320838.7367,const,17.5904,5.5896,0.374,0.2,2.6,-1,-25.121,-0.3345,15.927,1344,-7.55,37.300000000000004,15.9,28,2721,7.55,-36.5,14.1,27,-24.507,-0.614,0,
B-B-low-1,2.70537,1790320838.7387,const,17.5904,5.5896,0.374,0.2,2.6,-1,-25.159,-0.3348,15.922,1343,-8.05,35.6,15.9,28,2722,7.55,-36.5,14.1,27,-24.545,-0.614,0,
B-B-low-1,2.70738,1790320838.7407,const,17.5904,5.5896,0.374,0.2,2.6,-1,-25.197,-0.3346,15.917,1342,-7.55,37.300000000000004,15.9,28,2723,7.55,-36.5,14.1,27,-24.584,-0.614,0,
B-B-low-1,2.70938,1790320838.7427,const,17.5904,5.5896,0.374,0.2,2.6,-1,-25.236,-0.3347,15.912,1341,-7.55,37.300000000000004,15.9,28,2724,7.55,-36.5,14.1,27,-24.622,-0.614,0,
B-B-low-1,2.71137,1790320838.7447,const,17.5904,5.5896,0.374,0.2,2.6,-1,-25.274,-0.3349,15.906,1340,-8.05,36.4,15.9,28,2726,7.55,-35.7,14.1,27,-24.699,-0.575,0,
B-B-low-1,2.71338,1790320838.7467,const,17.5904,5.5896,0.374,0.2,2.6,-1,-25.351,-0.669,15.896,1338,-8.55,34.800000000000004,15.9,28,2727,7.55,-35.7,14.1,27,-24.737,-0.614,0,
B-B-low-1,2.71538,1790320838.7487,const,17.5904,5.5896,0.374,0.2,2.6,-1,-25.389,-0.3346,15.891,1337,-8.05,35.6,15.9,28,2728,8.05,-34.800000000000004,14.1,27,-24.776,-0.614,0,
B-B-low-1,2.71737,1790320838.7507,const,17.5904,5.5896,0.374,0.2,2.6,-1,-25.428,-0.335,15.886,1336,-8.05,36.4,15.9,28,2728,7.55,-36.5,14.1,27,-24.776,-0.652,0,
B-B-low-1,2.71938,1790320838.7527,const,17.5904,5.5896,0.374,0.2,2.6,-1,-25.466,-0.3344,15.881,1335,-8.05,36.4,15.9,28,2730,7.55,-35.7,14.1,27,-24.852,-0.614,0,
B-B-low-1,2.72137,1790320838.7547,const,17.5904,5.5896,0.374,0.2,2.6,-1,-25.504,-0.3351,15.876,1334,-8.05,36.4,15.9,28,2731,7.55,-35.7,14.1,27,-24.891,-0.614,0,
B-B-low-1,2.72337,1790320838.7567,const,17.5904,5.5896,0.374,0.2,2.6,-1,-25.581,-0.6693,15.866,1332,-8.55,34.800000000000004,15.9,28,2732,7.55,-35.7,14.1,27,-24.929,-0.652,0,
B-B-low-1,2.72537,1790320838.7587,const,17.5904,5.5896,0.374,0.2,2.6,-1,-25.619,-0.3346,15.861,1331,-8.55,34.800000000000004,15.9,28,2733,7.55,-36.5,14.1,27,-24.967,-0.652,0,
B-B-low-1,2.72737,1790320838.7607,const,17.5904,5.5896,0.374,0.2,2.6,-1,-25.658,-0.3348,15.856,1330,-8.55,34.800000000000004,15.9,28,2734,7.55,-36.5,14.1,27,-25.006,-0.652,0,
B-B-low-1,2.72937,1790320838.7627,const,17.5904,5.5896,0.374,0.2,2.6,-1,-25.696,-0.3346,15.851,1329,-8.55,34.800000000000004,15.9,28,2735,7.55,-36.5,14.1,27,-25.044,-0.652,0,
B-B-low-1,2.73137,1790320838.7647,const,17.5904,5.5896,0.374,0.2,2.6,-1,-25.734,-0.3346,15.846,1328,-8.55,34.800000000000004,15.9,28,2736,8.05,-35.6,14.1,27,-25.082,-0.652,0,
B-B-low-1,2.73338,1790320838.7667,const,17.5904,5.5896,0.374,0.2,2.6,-1,-25.773,-0.3346,15.841,1327,-8.55,34.800000000000004,15.9,28,2738,8.55,-34.0,14.1,27,-25.159,-0.614,0,
B-B-low-1,2.73537,1790320838.7687,const,17.5904,5.5896,0.374,0.2,2.6,-1,-25.811,-0.3349,15.835,1326,-8.55,34.800000000000004,15.9,28,2738,8.05,-35.6,14.1,27,-25.159,-0.652,0,
B-B-low-1,2.73737,1790320838.7707,const,17.5904,5.5896,0.374,0.2,2.6,-1,-25.888,-0.6694,15.825,1324,-9.06,33.1,15.9,28,2739,7.55,-36.5,14.1,27,-25.197,-0.69,0,
B-B-low-1,2.73938,1790320838.7727,const,17.5904,5.5896,0.374,0.2,2.6,-1,-25.926,-0.3343,15.82,1323,-8.55,34.800000000000004,15.9,28,2740,7.55,-36.5,14.1,27,-25.236,-0.69,0,
B-B-low-1,2.74137,1790320838.7747,const,17.5904,5.5896,0.374,0.2,2.6,-1,-25.964,-0.335,15.815,1322,-8.55,34.800000000000004,15.9,28,2742,8.05,-34.800000000000004,14.1,27,-25.312,-0.652,0,
B-B-low-1,2.74337,1790320838.7767,const,17.5904,5.5896,0.374,0.2,2.6,-1,-26.003,-0.3349,15.81,1321,-8.55,34.800000000000004,15.9,28,2743,8.05,-35.6,14.1,28,-25.351,-0.652,0,
B-B-low-1,2.74537,1790320838.7787,const,17.5904,5.5896,0.374,0.2,2.6,-1,-26.041,-0.3347,15.805,1320,-8.55,34.800000000000004,15.9,28,2744,8.05,-35.6,14.1,28,-25.389,-0.652,0,
B-B-low-1,2.74737,1790320838.7807,const,17.5904,5.5896,0.374,0.2,2.6,-1,-26.08,-0.3346,15.799,1319,-8.55,34.800000000000004,15.9,28,2745,8.05,-35.6,14.1,28,-25.428,-0.652,0,
B-B-low-1,2.74937,1790320838.7827,const,17.5904,5.5896,0.374,0.2,2.6,-1,-26.156,-0.6696,15.789,1317,-8.55,34.0,15.9,28,2746,8.05,-35.6,14.1,28,-25.466,-0.69,0,
B-B-low-1,2.75137,1790320838.7847,const,17.5904,5.5896,0.374,0.2,2.6,-1,-26.233,-0.6694,15.779,1315,-9.06,32.300000000000004,15.9,28,2747,7.55,-36.5,14.1,28,-25.504,-0.729,0,
B-B-low-1,2.75337,1790320838.7867,const,17.5904,5.5896,0.374,0.2,2.6,-1,-26.233,0.0,15.779,1315,-8.55,34.0,15.9,28,2749,8.55,-34.0,14.1,28,-25.581,-0.652,0,
B-B-low-1,2.75537,1790320838.7887,const,17.5904,5.5896,0.374,0.2,2.6,-1,-26.271,-0.3348,15.773,1314,-8.55,34.0,15.9,28,2750,8.05,-34.800000000000004,14.1,28,-25.619,-0.652,0,
B-B-low-1,2.75737,1790320838.7907,const,17.5904,5.5896,0.374,0.2,2.6,-1,-26.348,-0.6693,15.763,1312,-8.55,34.0,15.9,28,2751,8.05,-34.800000000000004,14.1,28,-25.658,-0.69,0,
B-B-low-1,2.75937,1790320838.7927,const,17.5904,5.5896,0.374,0.2,2.6,-1,-26.386,-0.3348,15.758,1311,-9.06,33.1,15.9,28,2753,9.06,-32.300000000000004,14.1,28,-25.734,-0.652,0,
B-B-low-1,2.76137,1790320838.7947,const,17.5904,5.5896,0.374,0.2,2.6,-1,-26.425,-0.3348,15.752,1310,-9.06,33.1,15.9,28,2753,8.55,-34.0,14.1,28,-25.734,-0.69,0,
B-B-low-1,2.76337,1790320838.7967,const,17.5904,5.5896,0.374,0.2,2.6,-1,-26.463,-0.3342,15.747,1309,-8.55,34.0,15.9,28,2754,8.05,-34.800000000000004,14.1,28,-25.773,-0.69,0,
B-B-low-1,2.76537,1790320838.7987,const,17.5904,5.5896,0.374,0.2,2.6,-1,-26.501,-0.3351,15.742,1308,-8.05,35.6,15.9,28,2756,8.55,-34.0,14.1,28,-25.849,-0.652,0,
B-B-low-1,2.76737,1790320838.8007,const,17.5904,5.5896,0.374,0.2,2.6,-1,-26.54,-0.3346,15.737,1307,-8.55,34.800000000000004,15.9,28,2757,8.55,-34.0,14.1,28,-25.888,-0.652,0,
B-B-low-1,2.76937,1790320838.8027,const,17.5904,5.5896,0.374,0.2,2.6,-1,-26.578,-0.3349,15.731,1306,-8.05,35.6,15.9,28,2758,8.55,-34.0,14.1,28,-25.926,-0.652,0,
B-B-low-1,2.77137,1790320838.8047,const,17.5904,5.5896,0.374,0.2,2.6,-1,-26.616,-0.3346,15.726,1305,-8.55,34.800000000000004,15.9,28,2759,8.55,-34.0,14.1,28,-25.964,-0.652,0,
B-B-low-1,2.77337,1790320838.8067,const,17.5904,5.5896,0.374,0.2,2.6,-1,-26.655,-0.3349,15.721,1304,-8.05,35.6,15.9,28,2760,8.55,-34.0,14.1,28,-26.003,-0.652,0,
B-B-low-1,2.77538,1790320838.8087,const,17.5904,5.5896,0.374,0.2,2.6,-1,-26.693,-0.3334,15.716,1303,-8.05,35.6,15.9,28,2761,8.55,-34.0,14.1,28,-26.041,-0.652,0,
B-B-low-1,2.77737,1790320838.8107,const,17.5904,5.5896,0.374,0.2,2.6,-1,-26.77,-0.6716,15.705,1301,-8.55,34.0,15.9,28,2762,8.55,-34.0,14.1,28,-26.08,-0.69,0,
B-B-low-1,2.77938,1790320838.8127,const,17.5904,5.5896,0.374,0.2,2.6,-1,-26.77,0.0,15.705,1301,-7.55,36.5,15.9,28,2763,8.55,-34.0,14.1,28,-26.118,-0.652,0,
B-B-low-1,2.78137,1790320838.8147,const,17.5904,5.5896,0.374,0.2,2.6,-1,-26.808,-0.3352,15.7,1300,-7.55,36.5,15.9,28,2764,8.55,-34.0,14.1,28,-26.156,-0.652,0,
B-B-low-1,2.78338,1790320838.8167,const,17.5904,5.5896,0.374,0.2,2.6,-1,-26.847,-0.3346,15.694,1299,-7.55,36.5,15.9,28,2765,8.05,-35.6,14.1,28,-26.195,-0.652,0,
B-B-low-1,2.78537,1790320838.8187,const,17.5904,5.5896,0.374,0.2,2.6,-1,-26.885,-0.3352,15.689,1298,-7.55,36.5,15.9,28,2766,8.05,-35.6,14.1,28,-26.233,-0.652,0,
B-B-low-1,2.78737,1790320838.8207,const,17.5904,5.5896,0.374,0.2,2.6,-1,-26.923,-0.3344,15.684,1297,-7.55,36.5,15.9,28,2767,7.55,-36.5,14.1,28,-26.271,-0.652,0,
B-B-low-1,2.78937,1790320838.8227,const,17.5904,5.5896,0.374,0.2,2.6,-1,-27.0,-0.6694,15.673,1295,-7.55,36.5,15.9,28,2768,7.55,-36.5,14.1,28,-26.31,-0.69,0,
B-B-low-1,2.79137,1790320838.8247,const,17.5904,5.5896,0.374,0.2,2.6,-1,-27.038,-0.3353,15.668,1294,-7.55,36.5,15.9,28,2769,7.55,-36.5,14.1,28,-26.348,-0.69,0,
B-B-low-1,2.79337,1790320838.8267,const,17.5904,5.5896,0.374,0.2,2.6,-1,-27.077,-0.3342,15.662,1293,-7.55,36.5,15.9,28,2771,8.05,-35.6,14.1,28,-26.425,-0.652,0,
B-B-low-1,2.79537,1790320838.8287,const,17.5904,5.5896,0.374,0.2,2.6,-1,-27.115,-0.335,15.657,1292,-8.05,35.6,15.9,28,2772,8.05,-35.6,14.1,28,-26.463,-0.652,0,
B-B-low-1,2.79737,1790320838.8307,const,17.5904,5.5896,0.374,0.2,2.6,-1,-27.153,-0.3348,15.652,1291,-7.55,36.5,15.9,28,2772,7.55,-37.300000000000004,14.1,28,-26.463,-0.69,0,
B-B-low-1,2.79937,1790320838.8327,const,17.5904,5.5896,0.374,0.2,2.6,-1,-27.192,-0.3344,15.646,1290,-7.55,36.5,15.9,28,2773,7.04,-38.2,14.1,28,-26.501,-0.69,0,
B-B-low-1,2.80137,1790320838.8347,decel,17.5904,5.5896,0.374,0.2,2.6,-1,-27.23,-0.3344,15.641,1289,-8.05,35.6,15.9,28,2775,7.55,-36.5,14.0,28,-26.578,-0.652,0,
B-B-low-1,2.80337,1790320838.8367,decel,17.5904,5.5896,0.374,0.2,2.6,-1,-27.268,-0.3351,15.635,1288,-7.55,35.7,14.2,28,2775,7.55,-37.300000000000004,14.0,28,-26.578,-0.69,0,
B-B-low-1,2.80537,1790320838.8387,decel,17.5904,5.5896,0.374,0.2,2.6,-1,-27.307,-0.335,15.63,1287,-8.05,34.800000000000004,14.2,28,2776,7.55,-37.300000000000004,14.0,28,-26.616,-0.69,0,
B-B-low-1,2.80737,1790320838.8407,decel,17.5904,5.5896,0.374,0.2,2.6,-1,-27.307,0.0,15.63,1287,-7.04,37.4,14.2,28,2778,8.05,-35.6,14.0,28,-26.693,-0.614,0,
B-B-low-1,2.80937,1790320838.8427,decel,17.5904,5.5896,0.374,0.2,2.6,-1,-27.345,-0.3351,15.625,1286,-7.04,37.4,14.2,28,2778,7.04,-38.2,14.0,28,-26.693,-0.652,0,
B-B-low-1,2.81137,1790320838.8447,decel,17.5904,5.5896,0.374,0.2,2.6,-1,-27.384,-0.3348,15.619,1285,-7.04,36.6,14.2,28,2779,7.04,-38.2,14.0,28,-26.732,-0.652,0,
B-B-low-1,2.81337,1790320838.8467,decel,17.5904,5.5896,0.374,0.2,2.6,-1,-27.422,-0.3341,15.614,1284,-7.04,36.6,14.2,28,2781,8.05,-35.6,14.0,28,-26.808,-0.614,0,
B-B-low-1,2.81537,1790320838.8487,decel,17.5904,5.5896,0.374,0.2,2.6,-1,-27.499,-0.6719,15.603,1282,-7.55,34.9,14.2,28,2781,7.04,-39.0,14.0,28,-26.808,-0.69,0,
B-B-low-1,2.81737,1790320838.8507,decel,17.5904,5.5896,0.374,0.2,2.6,-1,-27.499,0.0,15.603,1282,-6.54,36.7,14.2,28,2782,7.55,-38.1,14.0,28,-26.847,-0.652,0,
B-B-low-1,2.81937,1790320838.8527,decel,17.5904,5.5896,0.374,0.2,2.6,-1,-27.575,-0.669,15.592,1280,-7.04,35.0,14.2,28,2783,7.04,-39.0,14.0,28,-26.885,-0.69,0,
B-B-low-1,2.82137,1790320838.8547,decel,17.5904,5.5896,0.374,0.2,2.6,-1,-27.575,0.0,15.592,1280,-7.04,35.0,14.2,28,2784,7.04,-39.0,14.0,28,-26.923,-0.652,0,
B-B-low-1,2.82337,1790320838.8567,decel,17.5904,5.5896,0.374,0.2,2.6,-1,-27.614,-0.3346,15.587,1279,-7.04,35.0,14.2,28,2786,7.55,-37.300000000000004,14.0,28,-27.0,-0.614,0,
B-B-low-1,2.82537,1790320838.8587,decel,17.5904,5.5896,0.374,0.2,2.6,-1,-27.652,-0.3349,15.581,1278,-7.04,34.2,14.2,28,2787,7.55,-37.300000000000004,14.0,28,-27.038,-0.614,0,
B-B-low-1,2.82737,1790320838.8607,decel,17.5904,5.5896,0.374,0.2,2.6,-1,-27.69,-0.3347,15.576,1277,-7.04,34.2,14.2,28,2788,7.55,-37.300000000000004,14.0,28,-27.077,-0.614,0,
B-B-low-1,2.82937,1790320838.8627,decel,17.5904,5.5896,0.374,0.2,2.6,-1,-27.729,-0.3348,15.57,1276,-7.04,33.4,14.2,28,2789,7.55,-37.300000000000004,14.0,28,-27.115,-0.614,0,
B-B-low-1,2.83137,1790320838.8647,decel,17.5904,5.5896,0.374,0.2,2.6,-1,-27.767,-0.3353,15.565,1275,-7.04,33.4,14.2,28,2790,7.55,-37.300000000000004,14.0,28,-27.153,-0.614,0,
B-B-low-1,2.83337,1790320838.8667,decel,17.5904,5.5896,0.374,0.2,2.6,-1,-27.805,-0.3343,15.559,1274,-7.04,32.6,14.2,28,2792,8.05,-35.6,14.0,28,-27.23,-0.575,0,
B-B-low-1,2.83535,1790320838.8687,decel,17.5904,5.5896,0.374,0.2,2.6,-1,-27.844,-0.3376,15.554,1273,-7.04,31.8,14.2,28,2793,8.05,-35.6,14.0,28,-27.268,-0.575,0,
B-B-low-1,2.83737,1790320838.8707,decel,17.5904,5.5896,0.374,0.2,2.6,-1,-27.882,-0.3315,15.548,1272,-7.55,30.1,14.2,28,2794,8.05,-34.800000000000004,14.0,28,-27.307,-0.575,0,
B-B-low-1,2.83947,1790320838.8728,decel,17.5904,5.5896,0.374,0.2,2.6,-1,-27.92,-0.3193,15.543,1271,-7.04,31.0,14.2,28,2795,8.05,-34.800000000000004,14.0,28,-27.345,-0.575,0,
B-B-low-1,2.84146,1790320838.8748,decel,17.5904,5.5896,0.374,0.2,2.6,-1,-27.959,-0.3348,15.537,1270,-7.04,30.200000000000003,14.2,28,2796,8.55,-34.0,14.0,28,-27.384,-0.575,0,
B-B-low-1,2.84344,1790320838.8768,decel,17.5904,5.5896,0.374,0.2,2.6,-1,-27.959,0.0,15.537,1270,-6.54,31.1,14.2,28,2797,8.05,-34.800000000000004,14.0,28,-27.422,-0.537,0,
B-B-low-1,2.84545,1790320838.8788,decel,17.5904,5.5896,0.374,0.2,2.6,-1,-27.997,-0.3337,15.532,1269,-6.54,30.3,14.2,28,2799,8.55,-32.4,14.0,28,-27.499,-0.499,0,
B-B-low-1,2.84744,1790320838.8808,decel,17.5904,5.5896,0.374,0.2,2.6,-1,-28.036,-0.3365,15.526,1268,-6.54,29.5,14.2,28,2799,8.05,-34.0,14.0,28,-27.499,-0.537,0,
B-B-low-1,2.84946,1790320838.8828,decel,17.5904,5.5896,0.374,0.2,2.6,-1,-28.036,0.0,15.526,1268,-6.04,30.3,14.2,28,2800,8.05,-34.0,14.0,28,-27.537,-0.499,0,
B-B-low-1,2.85146,1790320838.8848,decel,17.5904,5.5896,0.374,0.2,2.6,-1,-28.074,-0.3358,15.521,1267,-6.54,28.700000000000003,14.2,28,2801,8.05,-33.2,14.0,28,-27.575,-0.499,0,
B-B-low-1,2.85346,1790320838.8868,decel,17.5904,5.5896,0.374,0.2,2.6,-1,-28.112,-0.334,15.515,1266,-6.54,27.900000000000002,14.2,28,2801,7.55,-34.9,14.0,28,-27.575,-0.537,0,
B-B-low-1,2.85545,1790320838.8888,decel,17.5904,5.5896,0.374,0.2,2.6,-1,-28.151,-0.337,15.51,1265,-6.04,27.900000000000002,14.2,28,2802,7.55,-34.1,14.0,28,-27.614,-0.537,0,
B-B-low-1,2.85745,1790320838.8908,decel,17.5904,5.5896,0.374,0.2,2.6,-1,-28.151,0.0,15.51,1265,-5.54,28.8,14.2,28,2803,7.04,-35.0,14.0,28,-27.652,-0.499,0,
B-B-low-1,2.85944,1790320838.8928,decel,17.5904,5.5896,0.374,0.2,2.6,-1,-28.189,-0.337,15.504,1264,-5.54,28.0,14.2,28,2804,7.04,-34.2,14.0,28,-27.69,-0.499,0,
B-B-low-1,2.8614,1790320838.8948,decel,17.5904,5.5896,0.374,0.2,2.6,-1,-28.189,0.0,15.504,1264,-5.03,28.900000000000002,14.2,28,2805,7.04,-34.2,14.0,28,-27.729,-0.46,0,
B-B-low-1,2.86346,1790320838.8968,decel,17.5904,5.5896,0.374,0.2,2.6,-1,-28.227,-0.3256,15.498,1263,-5.03,28.1,14.2,28,2806,7.04,-33.4,14.0,28,-27.767,-0.46,0,
B-B-low-1,2.86544,1790320838.8988,decel,17.5904,5.5896,0.374,0.2,2.6,-1,-28.227,0.0,15.498,1263,-5.03,27.3,14.2,28,2807,7.04,-32.6,14.0,28,-27.805,-0.422,0,
B-B-low-1,2.86745,1790320838.9008,decel,17.5904,5.5896,0.374,0.2,2.6,-1,-28.266,-0.3332,15.493,1262,-5.54,25.6,14.2,28,2808,7.04,-32.6,14.0,28,-27.844,-0.422,0,
B-B-low-1,2.86945,1790320838.9028,decel,17.5904,5.5896,0.374,0.2,2.6,-1,-28.266,0.0,15.493,1262,-5.03,26.5,14.2,28,2809,7.04,-31.8,14.0,28,-27.882,-0.384,0,
B-B-low-1,2.87143,1790320838.9048,decel,17.5904,5.5896,0.374,0.2,2.6,-1,-28.304,-0.3373,15.487,1261,-4.53,27.400000000000002,14.2,28,2810,7.04,-31.0,14.0,28,-27.92,-0.384,0,
B-B-low-1,2.87345,1790320838.9068,decel,17.5904,5.5896,0.374,0.2,2.6,-1,-28.342,-0.3317,15.482,1260,-4.53,26.6,14.2,28,2810,6.54,-31.900000000000002,14.0,28,-27.92,-0.422,0,
B-B-low-1,2.87546,1790320838.9088,decel,17.5904,5.5896,0.374,0.2,2.6,-1,-28.342,0.0,15.482,1260,-4.53,26.6,14.2,28,2811,6.04,-31.900000000000002,14.0,28,-27.959,-0.384,0,
B-B-low-1,2.87745,1790320838.9108,decel,17.5904,5.5896,0.374,0.2,2.6,-1,-28.381,-0.3355,15.476,1259,-4.53,25.8,14.2,28,2812,6.04,-31.1,14.0,28,-27.997,-0.384,0,
B-B-low-1,2.87944,1790320838.9128,decel,17.5904,5.5896,0.374,0.2,2.6,-1,-28.419,-0.3368,15.471,1258,-4.53,25.0,14.2,28,2812,6.04,-31.1,14.0,28,-27.997,-0.422,0,
B-B-low-1,2.88146,1790320838.9148,decel,17.5904,5.5896,0.374,0.2,2.6,-1,-28.419,0.0,15.471,1258,-4.53,25.0,14.2,28,2812,5.54,-32.0,14.0,28,-27.997,-0.422,0,
B-B-low-1,2.88344,1790320838.9168,decel,17.5904,5.5896,0.374,0.2,2.6,-1,-28.419,0.0,15.471,1258,-4.03,25.8,14.2,28,2813,5.54,-31.200000000000003,14.0,28,-28.036,-0.384,0,
B-B-low-1,2.88544,1790320838.9188,decel,17.5904,5.5896,0.374,0.2,2.6,-1,-28.457,-0.3348,15.465,1257,-4.03,25.0,14.2,28,2814,5.54,-30.400000000000002,14.0,28,-28.074,-0.384,0,
B-B-low-1,2.88746,1790320838.9208,decel,17.5904,5.5896,0.374,0.2,2.6,-1,-28.457,0.0,15.465,1257,-4.03,25.0,14.2,28,2814,5.03,-31.3,14.0,28,-28.074,-0.384,0,
B-B-low-1,2.88945,1790320838.9228,decel,17.5904,5.5896,0.374,0.2,2.6,-1,-28.496,-0.336,15.459,1256,-4.03,24.200000000000003,14.2,28,2814,4.53,-32.2,14.0,28,-28.074,-0.422,0,
B-B-low-1,2.89145,1790320838.9248,decel,17.5904,5.5896,0.374,0.2,2.6,-1,-28.496,0.0,15.459,1256,-4.03,24.200000000000003,14.2,28,2814,4.53,-32.2,14.0,28,-28.074,-0.422,0,
B-B-low-1,2.89345,1790320838.9268,decel,17.5904,5.5896,0.374,0.2,2.6,-1,-28.496,0.0,15.459,1256,-3.52,25.1,14.2,28,2815,4.03,-32.2,14.0,28,-28.112,-0.384,0,
B-B-low-1,2.89546,1790320838.9288,decel,17.5904,5.5896,0.374,0.2,2.6,-1,-28.534,-0.3332,15.454,1255,-3.52,24.3,14.2,28,2815,4.53,-30.6,14.0,28,-28.112,-0.422,0,
B-B-low-1,2.89743,1790320838.9308,decel,17.5904,5.5896,0.374,0.2,2.6,-1,-28.534,0.0,15.454,1255,-3.52,24.3,14.2,28,2816,4.03,-31.400000000000002,14.0,28,-28.151,-0.384,0,
B-B-low-1,2.89944,1790320838.9328,decel,17.5904,5.5896,0.374,0.2,2.6,-1,-28.572,-0.3323,15.448,1254,-3.52,23.5,14.2,28,2816,3.52,-32.300000000000004,14.0,28,-28.151,-0.422,0,
B-B-low-1,2.90144,1790320838.9348,decel,17.5904,5.5896,0.374,0.2,2.6,-1,-28.572,0.0,15.448,1254,-3.52,23.5,14.2,28,2817,3.52,-31.5,14.0,28,-28.189,-0.384,0,
B-B-low-1,2.90345,1790320838.9368,decel,17.5904,5.5896,0.374,0.2,2.6,-1,-28.572,0.0,15.448,1254,-3.02,24.400000000000002,14.2,28,2817,3.52,-31.5,14.0,28,-28.189,-0.384,0,
B-B-low-1,2.90543,1790320838.9388,decel,17.5904,5.5896,0.374,0.2,2.6,-1,-28.572,0.0,15.448,1254,-2.52,25.3,14.2,28,2817,3.02,-32.4,14.0,28,-28.189,-0.384,0,
B-B-low-1,2.90745,1790320838.9408,decel,17.5904,5.5896,0.374,0.2,2.6,-1,-28.572,0.0,15.448,1254,-2.01,26.1,14.2,28,2817,2.52,-33.300000000000004,14.0,28,-28.189,-0.384,0,
B-B-low-1,2.90945,1790320838.9428,decel,17.5904,5.5896,0.374,0.2,2.6,-1,-28.611,-0.3339,15.442,1253,-2.52,24.5,14.2,28,2817,2.52,-33.300000000000004,14.0,28,-28.189,-0.422,0,
B-B-low-1,2.91145,1790320838.9448,decel,17.5904,5.5896,0.374,0.2,2.6,-1,-28.611,0.0,15.442,1253,-2.52,24.5,14.2,28,2817,2.01,-34.1,14.0,28,-28.189,-0.422,0,
B-B-low-1,2.91344,1790320838.9468,decel,17.5904,5.5896,0.374,0.2,2.6,-1,-28.611,0.0,15.442,1253,-2.52,24.5,14.2,28,2817,2.01,-34.1,14.0,28,-28.189,-0.422,0,
B-B-low-1,2.91545,1790320838.9488,decel,17.5904,5.5896,0.374,0.2,2.6,-1,-28.611,0.0,15.442,1253,-2.01,25.3,14.2,28,2817,1.51,-35.0,14.0,28,-28.189,-0.422,0,
B-B-low-1,2.91744,1790320838.9508,decel,17.5904,5.5896,0.374,0.2,2.6,-1,-28.611,0.0,15.442,1253,-2.01,25.3,14.2,28,2818,2.01,-33.300000000000004,14.0,28,-28.227,-0.384,0,
B-B-low-1,2.91944,1790320838.9528,decel,17.5904,5.5896,0.374,0.2,2.6,-1,-28.611,0.0,15.442,1253,-1.51,26.200000000000003,14.1,28,2818,2.01,-33.300000000000004,13.9,28,-28.227,-0.384,0,
B-B-low-1,2.92145,1790320838.9548,decel,17.5904,5.5896,0.374,0.2,2.6,-1,-28.611,0.0,15.442,1253,-1.51,26.200000000000003,14.1,28,2818,1.51,-34.2,13.9,28,-28.227,-0.384,0,
B-B-low-1,2.92345,1790320838.9568,decel,17.5904,5.5896,0.374,0.2,2.6,-1,-28.611,0.0,15.442,1253,-1.51,26.200000000000003,14.1,28,2818,1.51,-34.2,13.9,28,-28.227,-0.384,0,
B-B-low-1,2.92544,1790320838.9588,decel,17.5904,5.5896,0.374,0.2,2.6,-1,-28.611,0.0,15.442,1253,-1.51,26.200000000000003,14.1,28,2818,1.01,-35.1,13.9,28,-28.227,-0.384,0,
B-B-low-1,2.92746,1790320838.9608,decel,17.5904,5.5896,0.374,0.2,2.6,-1,-28.649,-0.3311,15.437,1252,-1.51,25.400000000000002,14.1,28,2819,1.51,-33.4,13.9,28,-28.266,-0.384,0,
B-B-low-1,2.92944,1790320838.9628,decel,17.5904,5.5896,0.374,0.2,2.6,-1,-28.649,0.0,15.437,1252,-1.51,25.400000000000002,14.1,28,2819,1.51,-33.4,13.9,28,-28.266,-0.384,0,
B-B-low-1,2.93145,1790320838.9648,decel,17.5904,5.5896,0.374,0.2,2.6,-1,-28.649,0.0,15.437,1252,-1.01,26.3,14.1,28,2819,1.51,-33.4,13.9,28,-28.266,-0.384,0,
B-B-low-1,2.93344,1790320838.9668,decel,17.5904,5.5896,0.374,0.2,2.6,-1,-28.649,0.0,15.437,1252,-1.01,26.3,14.1,28,2819,1.01,-34.300000000000004,13.9,28,-28.266,-0.384,0,
B-B-low-1,2.93543,1790320838.9688,decel,17.5904,5.5896,0.374,0.2,2.6,-1,-28.649,0.0,15.437,1252,-1.01,26.3,14.1,28,2819,1.01,-34.300000000000004,13.9,28,-28.266,-0.384,0,
B-B-low-1,2.93745,1790320838.9708,decel,17.5904,5.5896,0.374,0.2,2.6,-1,-28.649,0.0,15.437,1252,-1.01,26.3,14.1,28,2819,1.01,-34.300000000000004,13.9,28,-28.266,-0.384,0,
B-B-low-1,2.93944,1790320838.9728,decel,17.5904,5.5896,0.374,0.2,2.6,-1,-28.649,0.0,15.437,1252,0.0,28.0,14.1,28,2819,1.01,-34.300000000000004,13.9,28,-28.266,-0.384,0,
B-B-low-1,2.94144,1790320838.9748,decel,17.5904,5.5896,0.374,0.2,2.6,-1,-28.649,0.0,15.437,1252,0.0,28.0,14.1,28,2819,1.01,-34.300000000000004,13.9,28,-28.266,-0.384,0,
B-B-low-1,2.94345,1790320838.9768,decel,17.5904,5.5896,0.374,0.2,2.6,-1,-28.649,0.0,15.437,1252,0.0,28.0,14.1,28,2819,1.01,-34.300000000000004,13.9,28,-28.266,-0.384,0,
B-B-low-1,2.94543,1790320838.9788,decel,17.5904,5.5896,0.374,0.2,2.6,-1,-28.649,0.0,15.437,1252,0.0,28.0,14.1,28,2819,1.01,-34.300000000000004,13.9,28,-28.266,-0.384,0,
B-B-low-1,2.94744,1790320838.9808,decel,17.5904,5.5896,0.374,0.2,2.6,-1,-28.649,0.0,15.437,1252,0.0,28.0,14.1,28,2819,0.0,-36.0,13.9,28,-28.266,-0.384,0,
B-B-low-1,2.94947,1790320838.9828,decel,17.5904,5.5896,0.374,0.2,2.6,-1,-28.649,0.0,15.437,1252,0.0,28.0,14.1,28,2819,0.0,-36.0,13.9,28,-28.266,-0.384,0,
B-B-low-1,2.95146,1790320838.9848,decel,17.5904,5.5896,0.374,0.2,2.6,-1,-28.649,0.0,15.437,1252,0.0,28.0,14.1,28,2819,0.0,-36.0,13.9,28,-28.266,-0.384,0,
B-B-low-1,2.95345,1790320838.9868,decel,17.5904,5.5896,0.374,0.2,2.6,-1,-28.649,0.0,15.437,1252,0.0,28.0,14.1,28,2819,0.0,-36.0,13.9,28,-28.266,-0.384,0,
B-B-low-1,2.95545,1790320838.9888,decel,17.5904,5.5896,0.374,0.2,2.6,-1,-28.649,0.0,15.437,1252,0.0,28.0,14.1,28,2819,0.0,-36.0,13.9,28,-28.266,-0.384,0,
B-B-low-1,2.95744,1790320838.9908,decel,17.5904,5.5896,0.374,0.2,2.6,-1,-28.649,0.0,15.437,1252,0.0,28.0,14.1,28,2819,0.0,-36.0,13.9,28,-28.266,-0.384,0,
B-B-low-1,2.95944,1790320838.9928,decel,17.5904,5.5896,0.374,0.2,2.6,-1,-28.649,0.0,15.437,1252,0.0,28.0,14.1,28,2819,0.0,-36.0,13.9,28,-28.266,-0.384,0,
B-B-low-1,2.96143,1790320838.9948,decel,17.5904,5.5896,0.374,0.2,2.6,-1,-28.649,0.0,15.437,1252,0.0,28.0,14.1,28,2819,0.0,-36.0,13.9,28,-28.266,-0.384,0,
B-B-low-1,2.9634,1790320838.9968,decel,17.5904,5.5896,0.374,0.2,2.6,-1,-28.649,0.0,15.437,1252,0.0,28.0,14.1,28,2819,0.0,-36.0,13.9,28,-28.266,-0.384,0,
B-B-low-1,2.96542,1790320838.9988,decel,17.5904,5.5896,0.374,0.2,2.6,-1,-28.649,0.0,15.437,1252,0.0,28.0,14.1,28,2819,0.0,-36.0,13.9,28,-28.266,-0.384,0,
B-B-low-1,2.96742,1790320839.0008,decel,17.5904,5.5896,0.374,0.2,2.6,-1,-28.649,0.0,15.437,1252,0.0,28.0,14.1,28,2818,0.0,-36.800000000000004,13.9,28,-28.227,-0.422,0,
B-B-low-1,2.96942,1790320839.0028,decel,17.5904,5.5896,0.374,0.2,2.6,-1,-28.649,0.0,15.437,1252,0.0,28.0,14.1,28,2819,0.0,-36.0,13.9,28,-28.266,-0.384,0,
B-B-low-1,2.97143,1790320839.0048,decel,17.5904,5.5896,0.374,0.2,2.6,-1,-28.649,0.0,15.437,1252,0.0,28.0,14.1,28,2819,0.0,-36.0,13.9,28,-28.266,-0.384,0,
B-B-low-1,2.97343,1790320839.0068,decel,17.5904,5.5896,0.374,0.2,2.6,-1,-28.649,0.0,15.437,1252,0.0,28.0,14.1,28,2819,0.0,-36.0,13.9,28,-28.266,-0.384,0,
B-B-low-1,2.97542,1790320839.0088,decel,17.5904,5.5896,0.374,0.2,2.6,-1,-28.649,0.0,15.437,1252,0.0,28.0,14.1,28,2819,0.0,-36.0,13.9,28,-28.266,-0.384,0,
B-B-low-1,2.97742,1790320839.0108,decel,17.5904,5.5896,0.374,0.2,2.6,-1,-28.649,0.0,15.437,1252,0.0,28.0,14.1,28,2819,0.0,-36.0,13.9,28,-28.266,-0.384,0,
B-B-low-1,2.97943,1790320839.0128,decel,17.5904,5.5896,0.374,0.2,2.6,-1,-28.649,0.0,15.437,1252,0.0,28.0,14.1,28,2819,0.0,-36.0,13.9,28,-28.266,-0.384,0,
B-B-low-1,2.98142,1790320839.0148,decel,17.5904,5.5896,0.374,0.2,2.6,-1,-28.649,0.0,15.437,1252,0.0,28.0,14.1,28,2819,0.0,-36.0,13.9,28,-28.266,-0.384,0,
B-B-low-1,2.98343,1790320839.0168,decel,17.5904,5.5896,0.374,0.2,2.6,-1,-28.649,0.0,15.437,1252,0.0,28.0,14.1,28,2819,0.0,-36.800000000000004,13.9,28,-28.266,-0.384,0,
B-B-low-1,2.98544,1790320839.0188,decel,17.5904,5.5896,0.374,0.2,2.6,-1,-28.649,0.0,15.437,1252,0.0,28.0,14.1,28,2818,0.0,-36.0,13.9,28,-28.227,-0.422,0,
B-B-low-1,2.98746,1790320839.0208,decel,17.5904,5.5896,0.374,0.2,2.6,-1,-28.649,0.0,15.437,1252,0.0,28.0,14.1,28,2818,0.0,-36.800000000000004,13.9,28,-28.227,-0.422,0,
B-B-low-1,2.98943,1790320839.0228,decel,17.5904,5.5896,0.374,0.2,2.6,-1,-28.649,0.0,15.437,1252,0.0,28.0,14.1,28,2818,0.0,-36.800000000000004,13.9,28,-28.227,-0.422,0,
B-B-low-1,2.99143,1790320839.0248,decel,17.5904,5.5896,0.374,0.2,2.6,-1,-28.649,0.0,15.437,1252,0.0,28.0,14.1,28,2818,0.0,-36.800000000000004,13.9,28,-28.227,-0.422,0,
B-B-low-1,2.99344,1790320839.0268,decel,17.5904,5.5896,0.374,0.2,2.6,-1,-28.649,0.0,15.437,1252,0.0,28.0,14.1,28,2818,0.0,-36.800000000000004,13.9,28,-28.227,-0.422,0,
B-B-low-1,2.99545,1790320839.0288,decel,17.5904,5.5896,0.374,0.2,2.6,-1,-28.649,0.0,15.437,1252,0.0,28.0,14.1,28,2818,0.0,-36.800000000000004,13.9,28,-28.227,-0.422,0,
B-B-low-1,2.99748,1790320839.0308,decel,17.5904,5.5896,0.374,0.2,2.6,-1,-28.649,0.0,15.437,1252,0.0,28.0,14.1,28,2818,0.0,-36.800000000000004,13.9,28,-28.227,-0.422,0,
B-B-low-1,2.99943,1790320839.0328,decel,17.5904,5.5896,0.374,0.2,2.6,-1,-28.649,0.0,15.437,1252,0.0,28.0,14.1,28,2818,0.0,-36.800000000000004,13.9,28,-28.227,-0.422,0,
B-B-low-1,3.00144,1790320839.0348,decel,17.5904,5.5896,0.374,0.2,2.6,-1,-28.611,0.334,15.442,1253,0.0,28.8,14.1,28,2818,0.0,-36.800000000000004,13.9,28,-28.227,-0.384,0,
B-B-low-1,3.00344,1790320839.0368,decel,17.5904,5.5896,0.374,0.2,2.6,-1,-28.649,-0.3352,15.437,1252,0.0,28.0,14.1,28,2818,0.0,-36.800000000000004,13.9,28,-28.227,-0.422,0,
B-B-low-1,3.00543,1790320839.0388,decel,17.5904,5.5896,0.374,0.2,2.6,-1,-28.611,0.3354,15.442,1253,0.0,28.8,14.1,28,2818,0.0,-36.800000000000004,13.9,28,-28.227,-0.384,0,
B-B-low-1,3.00734,1790320839.0407,decel,17.5904,5.5896,0.374,0.2,2.6,-1,-28.611,0.0,15.442,1253,0.0,28.8,14.1,28,2818,0.0,-36.800000000000004,13.9,28,-28.227,-0.384,0,
B-B-low-1,3.00934,1790320839.0427,decel,17.5904,5.5896,0.374,0.2,2.6,-1,-28.611,0.0,15.442,1253,0.0,28.8,14.1,28,2818,0.0,-36.800000000000004,13.9,28,-28.227,-0.384,0,
B-B-low-1,3.01135,1790320839.0447,decel,17.5904,5.5896,0.374,0.2,2.6,-1,-28.611,0.0,15.442,1253,0.0,28.8,14.1,28,2818,0.0,-36.800000000000004,13.9,28,-28.227,-0.384,0,
B-B-low-1,3.01333,1790320839.0467,decel,17.5904,5.5896,0.374,0.2,2.6,-1,-28.649,-0.3381,15.437,1252,0.0,28.0,14.1,28,2818,0.0,-36.800000000000004,13.9,28,-28.227,-0.422,0,
B-B-low-1,3.01533,1790320839.0487,decel,17.5904,5.5896,0.374,0.2,2.6,-1,-28.611,0.3346,15.442,1253,0.0,28.8,14.1,28,2817,0.0,-37.6,13.9,28,-28.189,-0.422,0,
B-B-low-1,3.01734,1790320839.0507,decel,17.5904,5.5896,0.374,0.2,2.6,-1,-28.611,0.0,15.442,1253,0.0,28.8,14.1,28,2817,0.0,-37.6,13.9,28,-28.189,-0.422,0,
B-B-low-1,3.01934,1790320839.0527,decel,17.5904,5.5896,0.374,0.2,2.6,-1,-28.611,0.0,15.442,1253,0.0,28.8,14.1,28,2818,0.0,-36.800000000000004,13.9,28,-28.227,-0.384,0,
B-B-low-1,3.02134,1790320839.0547,decel,17.5904,5.5896,0.374,0.2,2.6,-1,-28.611,0.0,15.442,1253,0.0,28.8,14.1,28,2817,0.0,-37.6,13.9,28,-28.189,-0.422,0,
B-B-low-1,3.02334,1790320839.0567,decel,17.5904,5.5896,0.374,0.2,2.6,-1,-28.611,0.0,15.442,1253,0.0,28.8,14.1,28,2817,0.0,-37.6,13.9,28,-28.189,-0.422,0,
B-B-low-1,3.02534,1790320839.0587,decel,17.5904,5.5896,0.374,0.2,2.6,-1,-28.611,0.0,15.442,1253,0.0,28.8,14.1,28,2817,0.0,-37.6,13.9,28,-28.189,-0.422,0,
B-B-low-1,3.02734,1790320839.0607,decel,17.5904,5.5896,0.374,0.2,2.6,-1,-28.611,0.0,15.442,1253,0.0,28.8,14.1,28,2817,0.0,-37.6,13.9,28,-28.189,-0.422,0,
B-B-low-1,3.02934,1790320839.0627,decel,17.5904,5.5896,0.374,0.2,2.6,-1,-28.611,0.0,15.442,1253,0.0,28.8,14.1,28,2817,0.0,-37.6,13.9,28,-28.189,-0.422,0,
B-B-low-1,3.03134,1790320839.0647,decel,17.5904,5.5896,0.374,0.2,2.6,-1,-28.649,-0.3348,15.437,1252,0.0,28.0,14.1,28,2817,0.0,-37.6,13.9,28,-28.189,-0.46,0,
B-B-low-1,3.03334,1790320839.0667,decel,17.5904,5.5896,0.374,0.2,2.6,-1,-28.611,0.3346,15.442,1253,0.0,28.8,14.1,28,2817,0.0,-37.6,13.9,28,-28.189,-0.422,0,
B-B-low-1,3.03534,1790320839.0687,decel,17.5904,5.5896,0.374,0.2,2.6,-1,-28.611,0.0,15.442,1253,0.0,28.8,14.2,28,2817,0.0,-37.6,13.8,28,-28.189,-0.422,0,
B-B-low-1,3.03734,1790320839.0707,decel,17.5904,5.5896,0.374,0.2,2.6,-1,-28.611,0.0,15.442,1253,0.0,28.8,14.2,28,2817,0.0,-37.6,13.8,28,-28.189,-0.422,0,
B-B-low-1,3.03934,1790320839.0727,decel,17.5904,5.5896,0.374,0.2,2.6,-1,-28.611,0.0,15.442,1253,0.0,28.8,14.2,28,2817,0.0,-37.6,13.8,28,-28.189,-0.422,0,
B-B-low-1,3.04134,1790320839.0747,decel,17.5904,5.5896,0.374,0.2,2.6,-1,-28.611,0.0,15.442,1253,0.0,28.8,14.2,28,2817,0.0,-37.6,13.8,28,-28.189,-0.422,0,
B-B-low-1,3.04334,1790320839.0767,decel,17.5904,5.5896,0.374,0.2,2.6,-1,-28.611,0.0,15.442,1253,0.0,28.8,14.2,28,2817,0.0,-37.6,13.8,28,-28.189,-0.422,0,
B-B-low-1,3.04534,1790320839.0787,decel,17.5904,5.5896,0.374,0.2,2.6,-1,-28.649,-0.3348,15.437,1252,0.0,28.0,14.2,28,2817,0.0,-37.6,13.8,28,-28.189,-0.46,0,
B-B-low-1,3.04734,1790320839.0807,decel,17.5904,5.5896,0.374,0.2,2.6,-1,-28.611,0.3348,15.442,1253,0.0,28.8,14.2,28,2817,0.0,-37.6,13.8,28,-28.189,-0.422,0,
B-B-low-1,3.04934,1790320839.0827,decel,17.5904,5.5896,0.374,0.2,2.6,-1,-28.611,0.0,15.442,1253,0.0,28.8,14.2,28,2817,0.0,-37.6,13.8,28,-28.189,-0.422,0,
B-B-low-1,3.05134,1790320839.0847,decel,17.5904,5.5896,0.374,0.2,2.6,-1,-28.611,0.0,15.442,1253,0.0,28.8,14.2,28,2817,0.0,-37.6,13.8,28,-28.189,-0.422,0,
B-B-low-1,3.05334,1790320839.0867,decel,17.5904,5.5896,0.374,0.2,2.6,-1,-28.611,0.0,15.442,1253,0.0,28.8,14.2,28,2817,0.0,-37.6,13.8,28,-28.189,-0.422,0,
B-B-low-1,3.05534,1790320839.0887,decel,17.5904,5.5896,0.374,0.2,2.6,-1,-28.611,0.0,15.442,1253,0.0,28.8,14.2,28,2817,0.0,-37.6,13.8,28,-28.189,-0.422,0,
B-B-low-1,3.05734,1790320839.0907,decel,17.5904,5.5896,0.374,0.2,2.6,-1,-28.611,0.0,15.442,1253,0.0,28.8,14.2,28,2817,0.0,-37.6,13.8,28,-28.189,-0.422,0,
B-B-low-1,3.05934,1790320839.0927,decel,17.5904,5.5896,0.374,0.2,2.6,-1,-28.611,0.0,15.442,1253,0.0,28.8,14.2,28,2817,0.0,-37.6,13.8,28,-28.189,-0.422,0,
B-B-low-1,3.06134,1790320839.0947,decel,17.5904,5.5896,0.374,0.2,2.6,-1,-28.611,0.0,15.442,1253,0.0,28.8,14.2,28,2817,0.0,-37.6,13.8,28,-28.189,-0.422,0,
B-B-low-1,3.06334,1790320839.0967,decel,17.5904,5.5896,0.374,0.2,2.6,-1,-28.611,0.0,15.442,1253,0.0,28.8,14.2,28,2817,0.0,-37.6,13.8,28,-28.189,-0.422,0,
B-B-low-1,3.06534,1790320839.0987,decel,17.5904,5.5896,0.374,0.2,2.6,-1,-28.611,0.0,15.442,1253,0.0,28.8,14.2,28,2817,0.0,-37.6,13.8,28,-28.189,-0.422,0,
B-B-low-1,3.06734,1790320839.1007,decel,17.5904,5.5896,0.374,0.2,2.6,-1,-28.611,0.0,15.442,1253,0.0,28.8,14.2,28,2817,0.0,-37.6,13.8,28,-28.189,-0.422,0,
B-B-low-1,3.06934,1790320839.1027,decel,17.5904,5.5896,0.374,0.2,2.6,-1,-28.611,0.0,15.442,1253,0.0,28.8,14.2,28,2817,0.0,-37.6,13.8,28,-28.189,-0.422,0,
B-B-low-1,3.07134,1790320839.1047,decel,17.5904,5.5896,0.374,0.2,2.6,-1,-28.611,0.0,15.442,1253,0.0,28.8,14.2,28,2817,0.0,-37.6,13.8,28,-28.189,-0.422,0,
B-B-low-1,3.07334,1790320839.1067,decel,17.5904,5.5896,0.374,0.2,2.6,-1,-28.611,0.0,15.442,1253,0.0,28.8,14.2,28,2817,0.0,-37.6,13.8,28,-28.189,-0.422,0,
B-B-low-1,3.07534,1790320839.1087,decel,17.5904,5.5896,0.374,0.2,2.6,-1,-28.611,0.0,15.442,1253,0.0,28.8,14.2,28,2817,0.0,-37.6,13.8,28,-28.189,-0.422,0,
B-B-low-1,3.07734,1790320839.1107,decel,17.5904,5.5896,0.374,0.2,2.6,-1,-28.649,-0.3348,15.437,1252,0.0,28.0,14.2,28,2817,0.0,-37.6,13.8,28,-28.189,-0.46,0,
B-B-low-1,3.07934,1790320839.1127,decel,17.5904,5.5896,0.374,0.2,2.6,-1,-28.611,0.3347,15.442,1253,0.0,28.8,14.2,28,2817,0.0,-37.6,13.8,28,-28.189,-0.422,0,
B-B-low-1,3.08134,1790320839.1147,decel,17.5904,5.5896,0.374,0.2,2.6,-1,-28.611,0.0,15.442,1253,0.0,28.8,14.2,28,2817,0.0,-37.6,13.8,28,-28.189,-0.422,0,
B-B-low-1,3.08334,1790320839.1167,decel,17.5904,5.5896,0.374,0.2,2.6,-1,-28.611,0.0,15.442,1253,0.0,28.8,14.2,28,2817,0.0,-37.6,13.8,28,-28.189,-0.422,0,
B-B-low-1,3.08534,1790320839.1187,decel,17.5904,5.5896,0.374,0.2,2.6,-1,-28.611,0.0,15.442,1253,0.0,28.8,14.2,28,2817,0.0,-37.6,13.8,28,-28.189,-0.422,0,
B-B-low-1,3.08734,1790320839.1207,decel,17.5904,5.5896,0.374,0.2,2.6,-1,-28.611,0.0,15.442,1253,0.0,28.8,14.2,28,2817,0.0,-37.6,13.8,28,-28.189,-0.422,0,
B-B-low-1,3.08934,1790320839.1227,decel,17.5904,5.5896,0.374,0.2,2.6,-1,-28.611,0.0,15.442,1253,0.0,28.8,14.2,28,2817,0.0,-37.6,13.8,28,-28.189,-0.422,0,
B-B-low-1,3.09134,1790320839.1247,decel,17.5904,5.5896,0.374,0.2,2.6,-1,-28.611,0.0,15.442,1253,0.0,28.8,14.2,28,2817,0.0,-37.6,13.8,28,-28.189,-0.422,0,
B-B-low-1,3.09334,1790320839.1267,decel,17.5904,5.5896,0.374,0.2,2.6,-1,-28.611,0.0,15.442,1253,0.0,28.8,14.2,28,2817,0.0,-37.6,13.8,27,-28.189,-0.422,0,
B-B-low-1,3.09533,1790320839.1287,decel,17.5904,5.5896,0.374,0.2,2.6,-1,-28.611,0.0,15.442,1253,0.0,28.8,14.2,28,2817,0.0,-37.6,13.8,27,-28.189,-0.422,0,
B-B-low-1,3.09733,1790320839.1307,decel,17.5904,5.5896,0.374,0.2,2.6,-1,-28.611,0.0,15.442,1253,0.0,28.8,14.2,28,2817,0.0,-37.6,13.8,27,-28.189,-0.422,0,
B-B-low-1,3.09933,1790320839.1327,decel,17.5904,5.5896,0.374,0.2,2.6,-1,-28.611,0.0,15.442,1253,0.0,28.8,14.2,28,2817,0.0,-37.6,13.8,27,-28.189,-0.422,0,
B-B-low-1,3.10133,1790320839.1347,decel,17.5904,5.5896,0.374,0.2,2.6,-1,-28.611,0.0,15.442,1253,0.0,28.8,14.2,28,2817,0.0,-37.6,13.8,27,-28.189,-0.422,0,
B-B-low-1,3.10333,1790320839.1367,decel,17.5904,5.5896,0.374,0.2,2.6,-1,-28.649,-0.3346,15.437,1252,0.0,28.0,14.2,28,2817,0.0,-37.6,13.8,27,-28.189,-0.46,0,
B-B-low-1,3.10533,1790320839.1387,decel,17.5904,5.5896,0.374,0.2,2.6,-1,-28.611,0.3348,15.442,1253,0.0,28.8,14.2,28,2817,0.0,-37.6,13.8,27,-28.189,-0.422,0,
B-B-low-1,3.10733,1790320839.1407,decel,17.5904,5.5896,0.374,0.2,2.6,-1,-28.611,0.0,15.442,1253,0.0,28.8,14.2,28,2817,0.0,-37.6,13.8,27,-28.189,-0.422,0,
B-B-low-1,3.10933,1790320839.1427,decel,17.5904,5.5896,0.374,0.2,2.6,-1,-28.611,0.0,15.442,1253,0.0,28.8,14.2,28,2817,0.0,-37.6,13.8,27,-28.189,-0.422,0,
B-B-low-1,3.11133,1790320839.1447,decel,17.5904,5.5896,0.374,0.2,2.6,-1,-28.611,0.0,15.442,1253,0.0,28.8,14.2,28,2818,0.0,-36.800000000000004,13.8,27,-28.227,-0.384,0,
B-B-low-1,3.11333,1790320839.1467,decel,17.5904,5.5896,0.374,0.2,2.6,-1,-28.649,-0.3349,15.437,1252,0.0,28.0,14.2,28,2818,0.0,-36.800000000000004,13.8,27,-28.227,-0.422,0,
B-B-low-1,3.11534,1790320839.1487,decel,17.5904,5.5896,0.374,0.2,2.6,-1,-28.611,0.3342,15.442,1253,0.0,28.8,14.2,28,2818,0.0,-36.800000000000004,13.8,27,-28.227,-0.384,0,
B-B-low-1,3.11733,1790320839.1507,decel,17.5904,5.5896,0.374,0.2,2.6,-1,-28.649,-0.335,15.437,1252,0.0,28.0,14.2,28,2818,0.0,-36.800000000000004,13.8,27,-28.227,-0.422,0,
B-B-low-1,3.11933,1790320839.1527,decel,17.5904,5.5896,0.374,0.2,2.6,-1,-28.649,0.0,15.437,1252,0.0,28.0,14.2,28,2818,0.0,-36.800000000000004,13.8,27,-28.227,-0.422,0,
B-B-low-1,3.12133,1790320839.1547,decel,17.5904,5.5896,0.374,0.2,2.6,-1,-28.649,0.0,15.437,1252,0.0,28.0,14.2,28,2818,0.0,-36.800000000000004,13.8,27,-28.227,-0.422,0,
B-B-low-1,3.12333,1790320839.1567,decel,17.5904,5.5896,0.374,0.2,2.6,-1,-28.611,0.3348,15.442,1253,0.0,28.8,14.2,28,2818,0.0,-36.800000000000004,13.8,27,-28.227,-0.384,0,
B-B-low-1,3.12533,1790320839.1587,decel,17.5904,5.5896,0.374,0.2,2.6,-1,-28.649,-0.3346,15.437,1252,0.0,28.0,14.2,28,2818,0.0,-36.800000000000004,13.8,27,-28.227,-0.422,0,
B-B-low-1,3.12733,1790320839.1607,decel,17.5904,5.5896,0.374,0.2,2.6,-1,-28.611,0.3347,15.442,1253,0.0,28.8,14.2,28,2818,0.0,-36.800000000000004,13.8,27,-28.227,-0.384,0,
B-B-low-1,3.12933,1790320839.1627,decel,17.5904,5.5896,0.374,0.2,2.6,-1,-28.649,-0.3346,15.437,1252,0.0,28.0,14.2,28,2818,0.0,-36.800000000000004,13.8,27,-28.227,-0.422,0,
B-B-low-1,3.13133,1790320839.1647,decel,17.5904,5.5896,0.374,0.2,2.6,-1,-28.649,0.0,15.437,1252,0.0,28.0,14.2,28,2818,0.0,-36.800000000000004,13.8,27,-28.227,-0.422,0,
B-B-low-1,3.13333,1790320839.1667,decel,17.5904,5.5896,0.374,0.2,2.6,-1,-28.649,0.0,15.437,1252,0.0,28.0,14.2,28,2818,0.0,-36.800000000000004,13.8,27,-28.227,-0.422,0,
B-B-low-1,3.13533,1790320839.1687,decel,17.5904,5.5896,0.374,0.2,2.6,-1,-28.649,0.0,15.437,1252,0.0,28.0,14.2,28,2818,0.0,-36.800000000000004,13.8,27,-28.227,-0.422,0,
B-B-low-1,3.13733,1790320839.1707,decel,17.5904,5.5896,0.374,0.2,2.6,-1,-28.649,0.0,15.437,1252,0.0,28.0,14.2,28,2818,0.0,-36.800000000000004,13.8,27,-28.227,-0.422,0,
B-B-low-1,3.13933,1790320839.1727,decel,17.5904,5.5896,0.374,0.2,2.6,-1,-28.649,0.0,15.437,1252,0.0,28.0,14.2,28,2818,0.0,-36.800000000000004,13.8,27,-28.227,-0.422,0,
B-B-low-1,3.14133,1790320839.1747,decel,17.5904,5.5896,0.374,0.2,2.6,-1,-28.649,0.0,15.437,1252,0.0,28.0,14.2,28,2818,0.0,-36.800000000000004,13.8,27,-28.227,-0.422,0,
B-B-low-1,3.14333,1790320839.1767,decel,17.5904,5.5896,0.374,0.2,2.6,-1,-28.649,0.0,15.437,1252,0.0,28.0,14.2,28,2818,0.0,-36.800000000000004,13.8,27,-28.227,-0.422,0,
B-B-low-1,3.14533,1790320839.1787,decel,17.5904,5.5896,0.374,0.2,2.6,-1,-28.611,0.3347,15.442,1253,0.0,28.8,14.2,28,2818,0.0,-36.800000000000004,13.8,27,-28.227,-0.384,0,
B-B-low-1,3.14733,1790320839.1807,decel,17.5904,5.5896,0.374,0.2,2.6,-1,-28.649,-0.3348,15.437,1252,0.0,28.0,14.2,28,2818,0.0,-36.800000000000004,13.8,27,-28.227,-0.422,0,
B-B-low-1,3.14933,1790320839.1827,decel,17.5904,5.5896,0.374,0.2,2.6,-1,-28.649,0.0,15.437,1252,0.0,28.0,14.2,28,2818,0.0,-36.800000000000004,13.8,27,-28.227,-0.422,0,
B-B-low-1,3.15133,1790320839.1847,decel,17.5904,5.5896,0.374,0.2,2.6,-1,-28.649,0.0,15.437,1252,0.0,28.0,13.9,28,2818,0.0,-36.800000000000004,13.7,27,-28.227,-0.422,0,
B-B-low-1,3.15333,1790320839.1867,decel,17.5904,5.5896,0.374,0.2,2.6,-1,-28.649,0.0,15.437,1252,0.0,28.0,13.9,28,2819,0.0,-36.0,13.7,27,-28.266,-0.384,0,
B-B-low-1,3.15533,1790320839.1887,decel,17.5904,5.5896,0.374,0.2,2.6,-1,-28.649,0.0,15.437,1252,0.0,28.0,13.9,28,2818,0.0,-36.800000000000004,13.7,27,-28.227,-0.422,0,
B-B-low-1,3.15733,1790320839.1907,decel,17.5904,5.5896,0.374,0.2,2.6,-1,-28.649,0.0,15.437,1252,0.0,28.0,13.9,28,2818,0.0,-36.800000000000004,13.7,27,-28.227,-0.422,0,
B-B-low-1,3.15933,1790320839.1927,decel,17.5904,5.5896,0.374,0.2,2.6,-1,-28.611,0.3346,15.442,1253,0.0,28.8,13.9,28,2818,0.0,-36.800000000000004,13.7,27,-28.227,-0.384,0,
B-B-low-1,3.16133,1790320839.1947,decel,17.5904,5.5896,0.374,0.2,2.6,-1,-28.611,0.0,15.442,1253,0.0,28.8,13.9,28,2818,0.0,-36.800000000000004,13.7,27,-28.227,-0.384,0,
B-B-low-1,3.16333,1790320839.1967,decel,17.5904,5.5896,0.374,0.2,2.6,-1,-28.649,-0.3347,15.437,1252,0.0,28.0,13.9,28,2818,0.0,-36.800000000000004,13.7,27,-28.227,-0.422,0,
B-B-low-1,3.16533,1790320839.1987,decel,17.5904,5.5896,0.374,0.2,2.6,-1,-28.649,0.0,15.437,1252,0.0,28.0,13.9,28,2818,0.0,-36.800000000000004,13.7,27,-28.227,-0.422,0,
B-B-low-1,3.16733,1790320839.2007,decel,17.5904,5.5896,0.374,0.2,2.6,-1,-28.649,0.0,15.437,1252,0.0,28.0,13.9,28,2818,0.0,-36.800000000000004,13.7,27,-28.227,-0.422,0,
B-B-low-1,3.16933,1790320839.2027,decel,17.5904,5.5896,0.374,0.2,2.6,-1,-28.649,0.0,15.437,1252,0.0,28.0,13.9,28,2818,0.0,-36.800000000000004,13.7,27,-28.227,-0.422,0,
B-B-low-1,3.17133,1790320839.2047,decel,17.5904,5.5896,0.374,0.2,2.6,-1,-28.649,0.0,15.437,1252,0.0,28.0,13.9,28,2818,0.0,-36.800000000000004,13.7,27,-28.227,-0.422,0,
B-B-low-1,3.17333,1790320839.2067,decel,17.5904,5.5896,0.374,0.2,2.6,-1,-28.649,0.0,15.437,1252,0.0,28.0,13.9,28,2818,0.0,-36.800000000000004,13.7,27,-28.227,-0.422,0,
B-B-low-1,3.17533,1790320839.2087,decel,17.5904,5.5896,0.374,0.2,2.6,-1,-28.649,0.0,15.437,1252,0.0,28.0,13.9,28,2818,0.0,-36.800000000000004,13.7,27,-28.227,-0.422,0,
B-B-low-1,3.17733,1790320839.2107,decel,17.5904,5.5896,0.374,0.2,2.6,-1,-28.649,0.0,15.437,1252,0.0,28.0,13.9,28,2818,0.0,-36.800000000000004,13.7,27,-28.227,-0.422,0,
B-B-low-1,3.17933,1790320839.2127,decel,17.5904,5.5896,0.374,0.2,2.6,-1,-28.649,0.0,15.437,1252,0.0,28.0,13.9,28,2818,0.0,-36.800000000000004,13.7,27,-28.227,-0.422,0,
B-B-low-1,3.18133,1790320839.2147,decel,17.5904,5.5896,0.374,0.2,2.6,-1,-28.649,0.0,15.437,1252,0.0,28.0,13.9,28,2818,0.0,-36.800000000000004,13.7,27,-28.227,-0.422,0,
B-B-low-1,3.18333,1790320839.2167,decel,17.5904,5.5896,0.374,0.2,2.6,-1,-28.649,0.0,15.437,1252,0.0,28.0,13.9,28,2818,0.0,-36.800000000000004,13.7,27,-28.227,-0.422,0,
B-B-low-1,3.18533,1790320839.2187,decel,17.5904,5.5896,0.374,0.2,2.6,-1,-28.649,0.0,15.437,1252,0.0,28.0,13.9,28,2818,0.0,-36.800000000000004,13.7,27,-28.227,-0.422,0,
B-B-low-1,3.18741,1790320839.2208,decel,17.5904,5.5896,0.374,0.2,2.6,-1,-28.649,0.0,15.437,1252,0.0,28.0,13.9,28,2818,0.0,-36.800000000000004,13.7,27,-28.227,-0.422,0,
B-B-low-1,3.18939,1790320839.2228,decel,17.5904,5.5896,0.374,0.2,2.6,-1,-28.611,0.3387,15.442,1253,0.0,28.8,13.9,28,2818,0.0,-36.800000000000004,13.7,27,-28.227,-0.384,0,
B-B-low-1,3.1914,1790320839.2248,decel,17.5904,5.5896,0.374,0.2,2.6,-1,-28.649,-0.3324,15.437,1252,0.0,28.0,13.9,28,2818,0.0,-36.800000000000004,13.7,27,-28.227,-0.422,0,
B-B-low-1,3.19339,1790320839.2268,decel,17.5904,5.5896,0.374,0.2,2.6,-1,-28.649,0.0,15.437,1252,0.0,28.0,13.9,28,2818,0.0,-36.800000000000004,13.7,27,-28.227,-0.422,0,
B-B-low-1,3.19539,1790320839.2288,decel,17.5904,5.5896,0.374,0.2,2.6,-1,-28.649,0.0,15.437,1252,0.0,28.0,13.9,28,2818,0.0,-36.800000000000004,13.7,27,-28.227,-0.422,0,
B-B-low-1,3.19739,1790320839.2308,decel,17.5904,5.5896,0.374,0.2,2.6,-1,-28.611,0.3345,15.442,1253,0.0,28.8,13.9,28,2817,0.0,-37.6,13.7,27,-28.189,-0.422,0,
B-B-low-1,3.1994,1790320839.2328,decel,17.5904,5.5896,0.374,0.2,2.6,-1,-28.649,-0.3321,15.437,1252,0.0,28.0,13.9,28,2818,0.0,-36.800000000000004,13.7,27,-28.227,-0.422,0,
B-B-low-1,3.20139,1790320839.2348,decel,17.5904,5.5896,0.374,0.2,2.6,-1,-28.611,0.3363,15.442,1253,0.0,28.8,13.9,28,2818,0.0,-36.800000000000004,13.7,27,-28.227,-0.384,0,
B-B-low-1,3.2034,1790320839.2368,decel,17.5904,5.5896,0.374,0.2,2.6,-1,-28.649,-0.3333,15.437,1252,0.0,28.0,13.9,28,2818,0.0,-36.800000000000004,13.7,27,-28.227,-0.422,0,
B-B-low-1,3.2054,1790320839.2388,decel,17.5904,5.5896,0.374,0.2,2.6,-1,-28.649,0.0,15.437,1252,0.0,28.0,13.9,28,2818,0.0,-36.800000000000004,13.7,27,-28.227,-0.422,0,
B-B-low-1,3.20739,1790320839.2408,decel,17.5904,5.5896,0.374,0.2,2.6,-1,-28.649,0.0,15.437,1252,0.0,28.0,13.9,28,2818,0.0,-36.800000000000004,13.7,27,-28.227,-0.422,0,
B-B-low-1,3.20939,1790320839.2428,decel,17.5904,5.5896,0.374,0.2,2.6,-1,-28.649,0.0,15.437,1252,0.0,28.0,13.9,28,2818,0.0,-36.800000000000004,13.7,28,-28.227,-0.422,0,
B-B-low-1,3.21139,1790320839.2448,decel,17.5904,5.5896,0.374,0.2,2.6,-1,-28.649,0.0,15.437,1252,0.0,28.0,13.9,28,2818,0.0,-36.800000000000004,13.7,28,-28.227,-0.422,0,
B-B-low-1,3.21339,1790320839.2468,decel,17.5904,5.5896,0.374,0.2,2.6,-1,-28.649,0.0,15.437,1252,0.0,28.0,13.9,28,2818,0.0,-36.800000000000004,13.7,28,-28.227,-0.422,0,
B-B-low-1,3.2154,1790320839.2488,decel,17.5904,5.5896,0.374,0.2,2.6,-1,-28.649,0.0,15.437,1252,0.0,28.0,13.9,28,2818,0.0,-36.800000000000004,13.7,28,-28.227,-0.422,0,
B-B-low-1,3.21739,1790320839.2508,decel,17.5904,5.5896,0.374,0.2,2.6,-1,-28.611,0.3363,15.442,1253,0.0,28.8,13.9,28,2818,0.0,-36.800000000000004,13.7,28,-28.227,-0.384,0,
B-B-low-1,3.21939,1790320839.2528,decel,17.5904,5.5896,0.374,0.2,2.6,-1,-28.649,-0.3352,15.437,1252,0.0,28.0,13.9,28,2818,0.0,-36.800000000000004,13.7,28,-28.227,-0.422,0,
B-B-low-1,3.22139,1790320839.2548,decel,17.5904,5.5896,0.374,0.2,2.6,-1,-28.649,0.0,15.437,1252,0.0,28.0,13.9,28,2818,0.0,-36.800000000000004,13.7,28,-28.227,-0.422,0,
B-B-low-1,3.22339,1790320839.2568,decel,17.5904,5.5896,0.374,0.2,2.6,-1,-28.649,0.0,15.437,1252,0.0,28.0,13.9,28,2817,0.0,-37.6,13.7,28,-28.189,-0.46,0,
B-B-low-1,3.22539,1790320839.2588,decel,17.5904,5.5896,0.374,0.2,2.6,-1,-28.611,0.3337,15.442,1253,0.0,28.8,13.9,28,2818,0.0,-36.800000000000004,13.7,28,-28.227,-0.384,0,
B-B-low-1,3.22739,1790320839.2608,decel,17.5904,5.5896,0.374,0.2,2.6,-1,-28.611,0.0,15.442,1253,0.0,28.8,13.9,28,2817,0.0,-37.6,13.7,28,-28.189,-0.422,0,
B-B-low-1,3.2294,1790320839.2628,decel,17.5904,5.5896,0.374,0.2,2.6,-1,-28.611,0.0,15.442,1253,0.0,28.8,13.9,28,2817,0.0,-37.6,13.7,28,-28.189,-0.422,0,
B-B-low-1,3.23139,1790320839.2648,decel,17.5904,5.5896,0.374,0.2,2.6,-1,-28.611,0.0,15.442,1253,0.0,28.8,13.9,28,2817,0.0,-37.6,13.7,28,-28.189,-0.422,0,
B-B-low-1,3.23339,1790320839.2668,decel,17.5904,5.5896,0.374,0.2,2.6,-1,-28.611,0.0,15.442,1253,0.0,28.8,13.9,28,2818,0.0,-36.800000000000004,13.7,28,-28.227,-0.384,0,
B-B-low-1,3.23539,1790320839.2688,decel,17.5904,5.5896,0.374,0.2,2.6,-1,-28.611,0.0,15.442,1253,0.0,28.8,13.9,28,2818,0.0,-36.800000000000004,13.7,28,-28.227,-0.384,0,
B-B-low-1,3.2374,1790320839.2708,decel,17.5904,5.5896,0.374,0.2,2.6,-1,-28.611,0.0,15.442,1253,0.0,28.8,13.9,28,2817,0.0,-37.6,13.7,28,-28.189,-0.422,0,
B-B-low-1,3.23939,1790320839.2728,decel,17.5904,5.5896,0.374,0.2,2.6,-1,-28.611,0.0,15.442,1253,0.0,28.8,13.9,28,2817,0.0,-37.6,13.7,28,-28.189,-0.422,0,
B-B-low-1,3.24138,1790320839.2748,decel,17.5904,5.5896,0.374,0.2,2.6,-1,-28.611,0.0,15.442,1253,0.0,28.8,13.9,28,2817,0.0,-37.6,13.7,28,-28.189,-0.422,0,
B-B-low-1,3.24339,1790320839.2768,decel,17.5904,5.5896,0.374,0.2,2.6,-1,-28.611,0.0,15.442,1253,0.0,28.8,13.9,28,2817,0.0,-37.6,13.7,28,-28.189,-0.422,0,
B-B-low-1,3.2454,1790320839.2788,decel,17.5904,5.5896,0.374,0.2,2.6,-1,-28.611,0.0,15.442,1253,0.0,28.8,13.9,28,2817,0.0,-37.6,13.7,28,-28.189,-0.422,0,
B-B-low-1,3.2474,1790320839.2808,decel,17.5904,5.5896,0.374,0.2,2.6,-1,-28.611,0.0,15.442,1253,0.0,28.8,13.9,28,2817,0.0,-37.6,13.7,28,-28.189,-0.422,0,
B-B-low-1,3.24933,1790320839.2827,decel,17.5904,5.5896,0.374,0.2,2.6,-1,-28.649,-0.3471,15.437,1252,0.0,28.0,13.9,28,2818,0.0,-36.800000000000004,13.7,28,-28.227,-0.422,0,
B-B-low-1,3.2513,1790320839.2847,decel,17.5904,5.5896,0.374,0.2,2.6,-1,-28.611,0.3383,15.442,1253,0.0,28.8,13.9,28,2817,0.0,-37.6,13.7,28,-28.189,-0.422,0,
B-B-low-1,3.2533,1790320839.2867,decel,17.5904,5.5896,0.374,0.2,2.6,-1,-28.611,0.0,15.442,1253,0.0,28.8,13.9,28,2817,0.0,-37.6,13.7,28,-28.189,-0.422,0,
B-B-low-1,3.25531,1790320839.2887,decel,17.5904,5.5896,0.374,0.2,2.6,-1,-28.611,0.0,15.442,1253,0.0,28.8,13.9,28,2817,0.0,-37.6,13.7,28,-28.189,-0.422,0,
B-B-low-1,3.2573,1790320839.2907,decel,17.5904,5.5896,0.374,0.2,2.6,-1,-28.611,0.0,15.442,1253,0.0,28.8,13.9,28,2817,0.0,-37.6,13.7,28,-28.189,-0.422,0,
B-B-low-1,3.2593,1790320839.2927,decel,17.5904,5.5896,0.374,0.2,2.6,-1,-28.611,0.0,15.442,1253,0.0,28.8,13.9,28,2817,0.0,-37.6,13.7,28,-28.189,-0.422,0,
B-B-low-1,3.2613,1790320839.2947,decel,17.5904,5.5896,0.374,0.2,2.6,-1,-28.611,0.0,15.442,1253,0.0,28.8,13.9,28,2817,0.0,-37.6,13.7,28,-28.189,-0.422,0,
B-B-low-1,3.2633,1790320839.2967,decel,17.5904,5.5896,0.374,0.2,2.6,-1,-28.611,0.0,15.442,1253,0.0,28.8,13.9,28,2817,0.0,-37.6,13.7,28,-28.189,-0.422,0,
B-B-low-1,3.2653,1790320839.2987,decel,17.5904,5.5896,0.374,0.2,2.6,-1,-28.611,0.0,15.442,1253,0.0,28.8,13.9,28,2817,0.0,-37.6,13.7,28,-28.189,-0.422,0,
B-B-low-1,3.2673,1790320839.3007,decel,17.5904,5.5896,0.374,0.2,2.6,-1,-28.611,0.0,15.442,1253,0.0,28.8,13.9,28,2817,0.0,-37.6,13.7,28,-28.189,-0.422,0,
B-B-low-1,3.2693,1790320839.3027,decel,17.5904,5.5896,0.374,0.2,2.6,-1,-28.611,0.0,15.442,1253,0.0,28.8,14.1,28,2817,0.0,-37.6,13.7,28,-28.189,-0.422,0,
B-B-low-1,3.2713,1790320839.3047,decel,17.5904,5.5896,0.374,0.2,2.6,-1,-28.611,0.0,15.442,1253,0.0,28.8,14.1,28,2817,0.0,-37.6,13.7,28,-28.189,-0.422,0,
B-B-low-1,3.2733,1790320839.3067,decel,17.5904,5.5896,0.374,0.2,2.6,-1,-28.611,0.0,15.442,1253,0.0,28.8,14.1,28,2817,0.0,-37.6,13.7,28,-28.189,-0.422,0,
B-B-low-1,3.2753,1790320839.3087,decel,17.5904,5.5896,0.374,0.2,2.6,-1,-28.611,0.0,15.442,1253,0.0,28.8,14.1,28,2817,0.0,-37.6,13.7,28,-28.189,-0.422,0,
B-B-low-1,3.2773,1790320839.3107,decel,17.5904,5.5896,0.374,0.2,2.6,-1,-28.611,0.0,15.442,1253,0.0,28.8,14.1,28,2817,0.0,-37.6,13.7,28,-28.189,-0.422,0,
B-B-low-1,3.2793,1790320839.3127,decel,17.5904,5.5896,0.374,0.2,2.6,-1,-28.611,0.0,15.442,1253,0.0,28.8,14.1,28,2817,0.0,-37.6,13.7,28,-28.189,-0.422,0,
B-B-low-1,3.2813,1790320839.3147,decel,17.5904,5.5896,0.374,0.2,2.6,-1,-28.611,0.0,15.442,1253,0.0,28.8,14.1,28,2817,0.0,-37.6,13.7,28,-28.189,-0.422,0,
B-B-low-1,3.2833,1790320839.3167,decel,17.5904,5.5896,0.374,0.2,2.6,-1,-28.611,0.0,15.442,1253,0.0,28.8,14.1,28,2817,0.0,-37.6,13.7,28,-28.189,-0.422,0,
B-B-low-1,3.2853,1790320839.3187,decel,17.5904,5.5896,0.374,0.2,2.6,-1,-28.611,0.0,15.442,1253,0.0,28.8,14.1,28,2817,0.0,-37.6,13.7,28,-28.189,-0.422,0,
B-B-low-1,3.2873,1790320839.3207,decel,17.5904,5.5896,0.374,0.2,2.6,-1,-28.611,0.0,15.442,1253,0.0,28.8,14.1,28,2817,0.0,-37.6,13.7,28,-28.189,-0.422,0,
B-B-low-1,3.2893,1790320839.3227,decel,17.5904,5.5896,0.374,0.2,2.6,-1,-28.649,-0.3347,15.437,1252,0.0,28.0,14.1,28,2817,0.0,-37.6,13.7,28,-28.189,-0.46,0,
B-B-low-1,3.2913,1790320839.3247,decel,17.5904,5.5896,0.374,0.2,2.6,-1,-28.611,0.3345,15.442,1253,0.0,28.8,14.1,28,2817,0.0,-37.6,13.7,28,-28.189,-0.422,0,
B-B-low-1,3.2933,1790320839.3267,decel,17.5904,5.5896,0.374,0.2,2.6,-1,-28.611,0.0,15.442,1253,0.0,28.8,14.1,28,2817,0.0,-37.6,13.7,28,-28.189,-0.422,0,
B-B-low-1,3.2953,1790320839.3287,decel,17.5904,5.5896,0.374,0.2,2.6,-1,-28.611,0.0,15.442,1253,0.0,28.8,14.1,28,2817,0.0,-37.6,13.7,28,-28.189,-0.422,0,
B-B-low-1,3.2973,1790320839.3307,decel,17.5904,5.5896,0.374,0.2,2.6,-1,-28.611,0.0,15.442,1253,0.0,28.8,14.1,28,2818,0.0,-36.800000000000004,13.7,28,-28.227,-0.384,0,
B-B-low-1,3.2993,1790320839.3327,decel,17.5904,5.5896,0.374,0.2,2.6,-1,-28.611,0.0,15.442,1253,0.0,28.8,14.1,28,2817,0.0,-37.6,13.7,28,-28.189,-0.422,0,
B-B-low-1,3.3013,1790320839.3347,decel,17.5904,5.5896,0.374,0.2,2.6,-1,-28.611,0.0,15.442,1253,0.0,28.8,14.1,28,2817,0.0,-37.6,13.7,28,-28.189,-0.422,0,
B-B-low-1,3.3033,1790320839.3367,decel,17.5904,5.5896,0.374,0.2,2.6,-1,-28.649,-0.3344,15.437,1252,0.0,28.0,14.1,28,2818,0.0,-36.800000000000004,13.7,28,-28.227,-0.422,0,
B-B-low-1,3.3053,1790320839.3387,decel,17.5904,5.5896,0.374,0.2,2.6,-1,-28.611,0.335,15.442,1253,0.0,28.8,14.1,28,2817,0.0,-37.6,13.7,28,-28.189,-0.422,0,
B-B-low-1,3.3073,1790320839.3407,decel,17.5904,5.5896,0.374,0.2,2.6,-1,-28.649,-0.3346,15.437,1252,0.0,28.0,14.1,28,2817,0.0,-37.6,13.7,28,-28.189,-0.46,0,
B-B-low-1,3.3093,1790320839.3427,decel,17.5904,5.5896,0.374,0.2,2.6,-1,-28.649,0.0,15.437,1252,0.0,28.0,14.1,28,2818,0.0,-36.800000000000004,13.7,28,-28.227,-0.422,0,
B-B-low-1,3.3113,1790320839.3447,decel,17.5904,5.5896,0.374,0.2,2.6,-1,-28.611,0.3348,15.442,1253,0.0,28.8,14.1,28,2817,0.0,-37.6,13.7,28,-28.189,-0.422,0,
B-B-low-1,3.3133,1790320839.3467,decel,17.5904,5.5896,0.374,0.2,2.6,-1,-28.649,-0.3347,15.437,1252,0.0,28.0,14.1,28,2817,0.0,-37.6,13.7,28,-28.189,-0.46,0,
B-B-low-1,3.3153,1790320839.3487,decel,17.5904,5.5896,0.374,0.2,2.6,-1,-28.649,0.0,15.437,1252,0.0,28.0,14.1,28,2817,0.0,-37.6,13.7,28,-28.189,-0.46,0,
B-B-low-1,3.3173,1790320839.3507,decel,17.5904,5.5896,0.374,0.2,2.6,-1,-28.649,0.0,15.437,1252,0.0,28.0,14.1,28,2818,0.0,-36.800000000000004,13.7,28,-28.227,-0.422,0,
B-B-low-1,3.3193,1790320839.3527,decel,17.5904,5.5896,0.374,0.2,2.6,-1,-28.649,0.0,15.437,1252,0.0,28.0,14.1,28,2818,0.0,-36.800000000000004,13.7,28,-28.227,-0.422,0,
B-B-low-1,3.3213,1790320839.3547,decel,17.5904,5.5896,0.374,0.2,2.6,-1,-28.611,0.3346,15.442,1253,0.0,28.8,14.1,28,2817,0.0,-37.6,13.7,28,-28.189,-0.422,0,
B-B-low-1,3.3233,1790320839.3567,decel,17.5904,5.5896,0.374,0.2,2.6,-1,-28.649,-0.3348,15.437,1252,0.0,28.0,14.1,28,2818,0.0,-36.800000000000004,13.7,28,-28.227,-0.422,0,
B-B-low-1,3.3253,1790320839.3587,decel,17.5904,5.5896,0.374,0.2,2.6,-1,-28.611,0.3346,15.442,1253,0.0,28.8,14.1,28,2818,0.0,-36.800000000000004,13.7,28,-28.227,-0.384,0,
B-B-low-1,3.3273,1790320839.3607,decel,17.5904,5.5896,0.374,0.2,2.6,-1,-28.649,-0.3346,15.437,1252,0.0,28.0,14.1,28,2818,0.0,-36.800000000000004,13.7,28,-28.227,-0.422,0,
B-B-low-1,3.3293,1790320839.3627,decel,17.5904,5.5896,0.374,0.2,2.6,-1,-28.611,0.3349,15.442,1253,0.0,28.8,14.1,28,2818,0.0,-36.800000000000004,13.7,28,-28.227,-0.384,0,
B-B-low-1,3.3313,1790320839.3647,decel,17.5904,5.5896,0.374,0.2,2.6,-1,-28.649,-0.3348,15.437,1252,0.0,28.0,14.1,28,2818,0.0,-36.800000000000004,13.7,28,-28.227,-0.422,0,
B-B-low-1,3.3333,1790320839.3667,decel,17.5904,5.5896,0.374,0.2,2.6,-1,-28.611,0.3347,15.442,1253,0.0,28.8,14.1,28,2818,0.0,-36.800000000000004,13.7,28,-28.227,-0.384,0,
B-B-low-1,3.3353,1790320839.3687,decel,17.5904,5.5896,0.374,0.2,2.6,-1,-28.649,-0.3347,15.437,1252,0.0,28.0,14.1,28,2818,0.0,-36.800000000000004,13.7,28,-28.227,-0.422,0,
B-B-low-1,3.3373,1790320839.3707,decel,17.5904,5.5896,0.374,0.2,2.6,-1,-28.611,0.3347,15.442,1253,0.0,28.8,14.1,28,2818,0.0,-36.800000000000004,13.7,28,-28.227,-0.384,0,
B-B-low-1,3.3393,1790320839.3727,decel,17.5904,5.5896,0.374,0.2,2.6,-1,-28.649,-0.3348,15.437,1252,0.0,28.0,14.1,28,2817,0.0,-37.6,13.7,28,-28.189,-0.46,0,
B-B-low-1,3.3413,1790320839.3747,decel,17.5904,5.5896,0.374,0.2,2.6,-1,-28.649,0.0,15.437,1252,0.0,28.0,14.1,28,2818,0.0,-36.800000000000004,13.7,28,-28.227,-0.422,0,
B-B-low-1,3.3433,1790320839.3767,decel,17.5904,5.5896,0.374,0.2,2.6,-1,-28.611,0.335,15.442,1253,0.0,28.8,14.1,28,2818,0.0,-36.800000000000004,13.7,28,-28.227,-0.384,0,
B-B-low-1,3.3453,1790320839.3787,decel,17.5904,5.5896,0.374,0.2,2.6,-1,-28.649,-0.3347,15.437,1252,0.0,28.0,14.1,28,2818,0.0,-36.800000000000004,13.7,28,-28.227,-0.422,0,
B-B-low-1,3.3473,1790320839.3807,decel,17.5904,5.5896,0.374,0.2,2.6,-1,-28.649,0.0,15.437,1252,0.0,28.0,14.1,28,2818,0.0,-36.800000000000004,13.7,28,-28.227,-0.422,0,
B-B-low-1,3.3493,1790320839.3827,decel,17.5904,5.5896,0.374,0.2,2.6,-1,-28.649,0.0,15.437,1252,0.0,28.0,14.1,28,2817,0.0,-37.6,13.7,28,-28.189,-0.46,0,
B-B-low-1,3.3513,1790320839.3847,decel,17.5904,5.5896,0.374,0.2,2.6,-1,-28.649,0.0,15.437,1252,0.0,28.0,14.1,28,2818,0.0,-36.800000000000004,13.7,28,-28.227,-0.422,0,
B-B-low-1,3.3533,1790320839.3867,decel,17.5904,5.5896,0.374,0.2,2.6,-1,-28.649,0.0,15.437,1252,0.0,28.0,14.1,28,2818,0.0,-36.800000000000004,13.7,28,-28.227,-0.422,0,
B-B-low-1,3.35529,1790320839.3887,decel,17.5904,5.5896,0.374,0.2,2.6,-1,-28.649,0.0,15.437,1252,0.0,28.0,14.1,28,2818,0.0,-36.800000000000004,13.7,28,-28.227,-0.422,0,
B-B-low-1,3.35729,1790320839.3907,decel,17.5904,5.5896,0.374,0.2,2.6,-1,-28.649,0.0,15.437,1252,0.0,28.0,14.1,28,2818,0.0,-36.800000000000004,13.7,28,-28.227,-0.422,0,
B-B-low-1,3.3593,1790320839.3927,decel,17.5904,5.5896,0.374,0.2,2.6,-1,-28.649,0.0,15.437,1252,0.0,28.0,14.1,28,2818,0.0,-36.800000000000004,13.7,28,-28.227,-0.422,0,
B-B-low-1,3.36129,1790320839.3947,decel,17.5904,5.5896,0.374,0.2,2.6,-1,-28.649,0.0,15.437,1252,0.0,28.0,14.1,28,2817,0.0,-37.6,13.7,28,-28.189,-0.46,0,
B-B-low-1,3.36329,1790320839.3967,decel,17.5904,5.5896,0.374,0.2,2.6,-1,-28.649,0.0,15.437,1252,0.0,28.8,14.1,28,2818,0.0,-36.800000000000004,13.7,28,-28.227,-0.422,0,
B-B-low-1,3.36529,1790320839.3987,decel,17.5904,5.5896,0.374,0.2,2.6,-1,-28.649,0.0,15.437,1252,0.0,28.0,14.1,28,2818,0.0,-36.800000000000004,13.7,28,-28.227,-0.422,0,
B-B-low-1,3.36729,1790320839.4007,decel,17.5904,5.5896,0.374,0.2,2.6,-1,-28.649,0.0,15.437,1252,0.0,28.0,14.1,28,2818,0.0,-36.800000000000004,13.7,28,-28.227,-0.422,0,
B-B-low-1,3.3693,1790320839.4027,decel,17.5904,5.5896,0.374,0.2,2.6,-1,-28.649,0.0,15.437,1252,0.0,28.0,14.1,28,2818,0.0,-36.800000000000004,13.7,28,-28.227,-0.422,0,
B-B-low-1,3.37129,1790320839.4047,decel,17.5904,5.5896,0.374,0.2,2.6,-1,-28.649,0.0,15.437,1252,0.0,28.0,14.1,28,2818,0.0,-36.800000000000004,13.7,28,-28.227,-0.422,0,
B-B-low-1,3.3733,1790320839.4067,decel,17.5904,5.5896,0.374,0.2,2.6,-1,-28.611,0.3345,15.442,1253,0.0,28.8,14.1,28,2818,0.0,-36.800000000000004,13.7,28,-28.227,-0.384,0,
B-B-low-1,3.37529,1790320839.4087,decel,17.5904,5.5896,0.374,0.2,2.6,-1,-28.611,0.0,15.442,1253,0.0,28.8,14.1,28,2818,0.0,-36.800000000000004,13.7,28,-28.227,-0.384,0,
B-B-low-1,3.3773,1790320839.4107,decel,17.5904,5.5896,0.374,0.2,2.6,-1,-28.649,-0.3344,15.437,1252,0.0,28.0,14.1,28,2818,0.0,-36.800000000000004,13.7,28,-28.227,-0.422,0,
B-B-low-1,3.37929,1790320839.4127,decel,17.5904,5.5896,0.374,0.2,2.6,-1,-28.649,0.0,15.437,1252,0.0,28.0,14.1,28,2817,0.0,-37.6,13.7,28,-28.189,-0.46,0,
B-B-low-1,3.38127,1790320839.4146,decel,17.5904,5.5896,0.374,0.2,2.6,-1,-28.649,0.0,15.437,1252,0.0,28.0,14.1,28,2818,0.0,-36.800000000000004,13.7,28,-28.227,-0.422,0,
B-B-low-1,3.38329,1790320839.4167,decel,17.5904,5.5896,0.374,0.2,2.6,-1,-28.649,0.0,15.437,1252,0.0,28.0,14.1,28,2818,0.0,-36.800000000000004,13.7,28,-28.227,-0.422,0,
B-B-low-1,3.38529,1790320839.4187,decel,17.5904,5.5896,0.374,0.2,2.6,-1,-28.649,0.0,15.437,1252,0.0,28.0,14.1,28,2818,0.0,-36.800000000000004,14.9,28,-28.227,-0.422,0,
B-B-low-1,3.38729,1790320839.4207,decel,17.5904,5.5896,0.374,0.2,2.6,-1,-28.649,0.0,15.437,1252,0.0,28.0,14.1,28,2818,0.0,-36.800000000000004,14.9,28,-28.227,-0.422,0,
B-B-low-1,3.38929,1790320839.4227,decel,17.5904,5.5896,0.374,0.2,2.6,-1,-28.649,0.0,15.437,1252,0.0,28.0,14.1,28,2818,0.0,-36.800000000000004,14.9,28,-28.227,-0.422,0,
B-B-low-1,3.39129,1790320839.4247,decel,17.5904,5.5896,0.374,0.2,2.6,-1,-28.649,0.0,15.437,1252,0.0,28.0,14.1,28,2817,0.0,-36.800000000000004,14.9,28,-28.189,-0.46,0,
B-B-low-1,3.39329,1790320839.4267,decel,17.5904,5.5896,0.374,0.2,2.6,-1,-28.649,0.0,15.437,1252,0.0,28.0,14.1,28,2818,0.0,-36.800000000000004,14.9,28,-28.227,-0.422,0,
B-B-low-1,3.39529,1790320839.4287,decel,17.5904,5.5896,0.374,0.2,2.6,-1,-28.649,0.0,15.437,1252,0.0,28.0,14.1,28,2818,0.0,-36.800000000000004,14.9,28,-28.227,-0.422,0,
B-B-low-1,3.39729,1790320839.4307,decel,17.5904,5.5896,0.374,0.2,2.6,-1,-28.649,0.0,15.437,1252,0.0,28.0,14.1,28,2817,0.0,-37.6,14.9,28,-28.189,-0.46,0,
B-B-low-1,3.39929,1790320839.4327,decel,17.5904,5.5896,0.374,0.2,2.6,-1,-28.649,0.0,15.437,1252,0.0,28.0,14.1,28,2818,0.0,-36.800000000000004,14.9,28,-28.227,-0.422,0,
B-B-low-1,3.40129,1790320839.4347,decel,17.5904,5.5896,0.374,0.2,2.6,-1,-28.611,0.3349,15.442,1253,0.0,28.8,14.1,28,2818,0.0,-36.800000000000004,14.9,28,-28.227,-0.384,0,
B-B-low-1,3.40329,1790320839.4367,decel,17.5904,5.5896,0.374,0.2,2.6,-1,-28.649,-0.3348,15.437,1252,0.0,28.0,14.1,28,2818,0.0,-36.800000000000004,14.9,28,-28.227,-0.422,0,
B-B-low-1,3.40529,1790320839.4387,decel,17.5904,5.5896,0.374,0.2,2.6,-1,-28.649,0.0,15.437,1252,0.0,28.0,14.1,28,2818,0.0,-36.800000000000004,14.9,28,-28.227,-0.422,0,
B-B-low-1,3.40729,1790320839.4407,decel,17.5904,5.5896,0.374,0.2,2.6,-1,-28.649,0.0,15.437,1252,0.0,28.0,14.1,28,2817,0.0,-37.6,14.9,28,-28.189,-0.46,0,
B-B-low-1,3.40929,1790320839.4427,decel,17.5904,5.5896,0.374,0.2,2.6,-1,-28.611,0.3348,15.442,1253,0.0,28.8,14.1,28,2818,0.0,-36.800000000000004,14.9,28,-28.227,-0.384,0,
B-B-low-1,3.41129,1790320839.4447,decel,17.5904,5.5896,0.374,0.2,2.6,-1,-28.649,-0.3348,15.437,1252,0.0,28.0,14.1,28,2818,0.0,-36.800000000000004,14.9,28,-28.227,-0.422,0,
B-B-low-1,3.41329,1790320839.4467,decel,17.5904,5.5896,0.374,0.2,2.6,-1,-28.649,0.0,15.437,1252,0.0,28.0,14.1,28,2818,0.0,-36.800000000000004,14.9,28,-28.227,-0.422,0,
B-B-low-1,3.41529,1790320839.4487,decel,17.5904,5.5896,0.374,0.2,2.6,-1,-28.611,0.335,15.442,1253,0.0,28.8,14.1,28,2818,0.0,-36.800000000000004,14.9,28,-28.227,-0.384,0,
B-B-low-1,3.41729,1790320839.4507,decel,17.5904,5.5896,0.374,0.2,2.6,-1,-28.649,-0.3347,15.437,1252,0.0,28.0,14.1,28,2818,0.0,-36.800000000000004,14.9,28,-28.227,-0.422,0,
B-B-low-1,3.41929,1790320839.4527,decel,17.5904,5.5896,0.374,0.2,2.6,-1,-28.611,0.3344,15.442,1253,0.0,28.8,14.1,28,2818,0.0,-36.800000000000004,14.9,28,-28.227,-0.384,0,
B-B-low-1,3.42129,1790320839.4547,decel,17.5904,5.5896,0.374,0.2,2.6,-1,-28.649,-0.3348,15.437,1252,0.0,28.0,14.1,28,2818,0.0,-36.800000000000004,14.9,28,-28.227,-0.422,0,
B-B-low-1,3.42329,1790320839.4567,decel,17.5904,5.5896,0.374,0.2,2.6,-1,-28.611,0.3348,15.442,1253,0.0,28.8,14.1,28,2818,0.0,-36.800000000000004,14.9,28,-28.227,-0.384,0,
B-B-low-1,3.42529,1790320839.4587,decel,17.5904,5.5896,0.374,0.2,2.6,-1,-28.611,0.0,15.442,1253,0.0,28.8,14.1,28,2818,0.0,-36.800000000000004,14.9,28,-28.227,-0.384,0,
B-B-low-1,3.42729,1790320839.4607,decel,17.5904,5.5896,0.374,0.2,2.6,-1,-28.649,-0.3345,15.437,1252,0.0,28.0,14.1,28,2817,0.0,-37.6,14.9,28,-28.189,-0.46,0,
B-B-low-1,3.42929,1790320839.4627,decel,17.5904,5.5896,0.374,0.2,2.6,-1,-28.649,0.0,15.437,1252,0.0,28.0,14.1,28,2817,0.0,-37.6,14.9,28,-28.189,-0.46,0,
B-B-low-1,3.43129,1790320839.4647,decel,17.5904,5.5896,0.374,0.2,2.6,-1,-28.649,0.0,15.437,1252,0.0,28.0,14.1,28,2818,0.0,-36.800000000000004,14.9,28,-28.227,-0.422,0,
B-B-low-1,3.43329,1790320839.4667,decel,17.5904,5.5896,0.374,0.2,2.6,-1,-28.649,0.0,15.437,1252,0.0,28.0,14.1,28,2818,0.0,-36.800000000000004,14.9,28,-28.227,-0.422,0,
B-B-low-1,3.43529,1790320839.4687,decel,17.5904,5.5896,0.374,0.2,2.6,-1,-28.611,0.3344,15.442,1253,0.0,28.8,14.1,28,2817,0.0,-37.6,14.9,28,-28.189,-0.422,0,
B-B-low-1,3.43729,1790320839.4707,decel,17.5904,5.5896,0.374,0.2,2.6,-1,-28.649,-0.3351,15.437,1252,0.0,28.0,14.1,28,2817,0.0,-37.6,14.9,28,-28.189,-0.46,0,
B-B-low-1,3.43929,1790320839.4727,decel,17.5904,5.5896,0.374,0.2,2.6,-1,-28.611,0.3348,15.442,1253,0.0,28.8,14.1,28,2817,0.0,-37.6,14.9,28,-28.189,-0.422,0,
B-B-low-1,3.44129,1790320839.4747,decel,17.5904,5.5896,0.374,0.2,2.6,-1,-28.611,0.0,15.442,1253,0.0,28.8,14.1,28,2817,0.0,-37.6,14.9,28,-28.189,-0.422,0,
B-B-low-1,3.44329,1790320839.4767,decel,17.5904,5.5896,0.374,0.2,2.6,-1,-28.649,-0.3347,15.437,1252,0.0,28.0,14.1,28,2817,0.0,-37.6,14.9,28,-28.189,-0.46,0,
B-B-low-1,3.44529,1790320839.4787,decel,17.5904,5.5896,0.374,0.2,2.6,-1,-28.611,0.335,15.442,1253,0.0,28.8,14.1,28,2817,0.0,-37.6,14.9,28,-28.189,-0.422,0,
B-B-low-1,3.44729,1790320839.4807,decel,17.5904,5.5896,0.374,0.2,2.6,-1,-28.611,0.0,15.442,1253,0.0,28.8,14.1,28,2817,0.0,-37.6,14.9,28,-28.189,-0.422,0,
B-B-low-1,3.44929,1790320839.4827,decel,17.5904,5.5896,0.374,0.2,2.6,-1,-28.611,0.0,15.442,1253,0.0,28.8,14.1,28,2817,0.0,-37.6,14.9,28,-28.189,-0.422,0,
B-B-low-1,3.45129,1790320839.4847,decel,17.5904,5.5896,0.374,0.2,2.6,-1,-28.611,0.0,15.442,1253,0.0,28.8,14.1,28,2818,0.0,-36.800000000000004,14.9,28,-28.227,-0.384,0,
B-B-low-1,3.45329,1790320839.4867,decel,17.5904,5.5896,0.374,0.2,2.6,-1,-28.611,0.0,15.442,1253,0.0,28.8,14.1,28,2817,0.0,-37.6,14.9,28,-28.189,-0.422,0,
B-B-low-1,3.45529,1790320839.4887,decel,17.5904,5.5896,0.374,0.2,2.6,-1,-28.611,0.0,15.442,1253,0.0,28.8,14.1,28,2817,0.0,-37.6,14.9,28,-28.189,-0.422,0,
B-B-low-1,3.45729,1790320839.4907,decel,17.5904,5.5896,0.374,0.2,2.6,-1,-28.649,-0.3345,15.437,1252,0.0,28.0,14.1,28,2817,0.0,-37.6,14.9,28,-28.189,-0.46,0,
B-B-low-1,3.45929,1790320839.4927,decel,17.5904,5.5896,0.374,0.2,2.6,-1,-28.611,0.335,15.442,1253,0.0,28.8,14.1,28,2817,0.0,-37.6,14.9,28,-28.189,-0.422,0,
B-B-low-1,3.46129,1790320839.4947,decel,17.5904,5.5896,0.374,0.2,2.6,-1,-28.611,0.0,15.442,1253,0.0,28.8,14.1,28,2817,0.0,-37.6,14.9,28,-28.189,-0.422,0,
B-B-low-1,3.46329,1790320839.4967,decel,17.5904,5.5896,0.374,0.2,2.6,-1,-28.611,0.0,15.442,1253,0.0,28.8,14.1,28,2818,0.0,-36.800000000000004,14.9,28,-28.227,-0.384,0,
B-B-low-1,3.46529,1790320839.4987,decel,17.5904,5.5896,0.374,0.2,2.6,-1,-28.611,0.0,15.442,1253,0.0,28.8,14.1,28,2817,0.0,-37.6,14.9,28,-28.189,-0.422,0,
B-B-low-1,3.46729,1790320839.5007,decel,17.5904,5.5896,0.374,0.2,2.6,-1,-28.611,0.0,15.442,1253,0.0,28.8,14.1,28,2817,0.0,-37.6,14.9,28,-28.189,-0.422,0,
B-B-low-1,3.46929,1790320839.5027,decel,17.5904,5.5896,0.374,0.2,2.6,-1,-28.649,-0.3347,15.437,1252,0.0,28.0,14.1,28,2817,0.0,-37.6,14.9,28,-28.189,-0.46,0,
B-B-low-1,3.47129,1790320839.5047,decel,17.5904,5.5896,0.374,0.2,2.6,-1,-28.611,0.3348,15.442,1253,0.0,28.8,14.1,28,2817,0.0,-37.6,14.9,28,-28.189,-0.422,0,
B-B-low-1,3.47329,1790320839.5067,decel,17.5904,5.5896,0.374,0.2,2.6,-1,-28.611,0.0,15.442,1253,0.0,28.8,14.1,28,2818,0.0,-36.800000000000004,14.9,28,-28.227,-0.384,0,
B-B-low-1,3.47529,1790320839.5087,decel,17.5904,5.5896,0.374,0.2,2.6,-1,-28.611,0.0,15.442,1253,0.0,28.8,14.1,28,2817,0.0,-37.6,14.9,28,-28.189,-0.422,0,
B-B-low-1,3.47729,1790320839.5107,decel,17.5904,5.5896,0.374,0.2,2.6,-1,-28.611,0.0,15.442,1253,0.0,28.8,14.1,28,2818,0.0,-36.800000000000004,14.9,28,-28.227,-0.384,0,
B-B-low-1,3.47929,1790320839.5127,decel,17.5904,5.5896,0.374,0.2,2.6,-1,-28.611,0.0,15.442,1253,0.0,28.8,14.1,28,2818,0.0,-37.6,14.9,28,-28.227,-0.384,0,
B-B-low-1,3.48129,1790320839.5147,decel,17.5904,5.5896,0.374,0.2,2.6,-1,-28.611,0.0,15.442,1253,0.0,28.8,14.1,28,2817,0.0,-36.800000000000004,14.9,28,-28.189,-0.422,0,
B-B-low-1,3.48329,1790320839.5167,decel,17.5904,5.5896,0.374,0.2,2.6,-1,-28.611,0.0,15.442,1253,0.0,28.8,14.1,28,2817,0.0,-36.800000000000004,14.9,28,-28.189,-0.422,0,
B-B-low-1,3.48529,1790320839.5187,decel,17.5904,5.5896,0.374,0.2,2.6,-1,-28.611,0.0,15.442,1253,0.0,28.8,14.1,28,2817,0.0,-37.6,14.9,28,-28.189,-0.422,0,
B-B-low-1,3.48729,1790320839.5207,decel,17.5904,5.5896,0.374,0.2,2.6,-1,-28.649,-0.3348,15.437,1252,0.0,28.0,14.1,28,2817,0.0,-37.6,14.9,28,-28.189,-0.46,0,
B-B-low-1,3.48929,1790320839.5227,decel,17.5904,5.5896,0.374,0.2,2.6,-1,-28.611,0.3347,15.442,1253,0.0,28.8,14.1,28,2817,0.0,-37.6,14.9,28,-28.189,-0.422,0,
B-B-low-1,3.49129,1790320839.5247,decel,17.5904,5.5896,0.374,0.2,2.6,-1,-28.611,0.0,15.442,1253,0.0,28.8,14.1,28,2818,0.0,-36.800000000000004,14.9,28,-28.227,-0.384,0,
B-B-low-1,3.49329,1790320839.5267,decel,17.5904,5.5896,0.374,0.2,2.6,-1,-28.611,0.0,15.442,1253,0.0,28.8,14.1,28,2818,0.0,-36.800000000000004,14.9,28,-28.227,-0.384,0,
B-B-low-1,3.49529,1790320839.5287,decel,17.5904,5.5896,0.374,0.2,2.6,-1,-28.611,0.0,15.442,1253,0.0,28.8,14.1,28,2818,0.0,-36.800000000000004,14.9,28,-28.227,-0.384,0,
B-B-low-1,3.49729,1790320839.5307,decel,17.5904,5.5896,0.374,0.2,2.6,-1,-28.611,0.0,15.442,1253,0.0,28.8,14.1,28,2817,0.0,-37.6,14.9,28,-28.189,-0.422,0,
B-B-low-1,3.49929,1790320839.5327,decel,17.5904,5.5896,0.374,0.2,2.6,-1,-28.611,0.0,15.442,1253,0.0,28.8,14.1,28,2817,0.0,-37.6,14.9,28,-28.189,-0.422,0,
B-B-low-1,3.50129,1790320839.5347,decel,17.5904,5.5896,0.374,0.2,2.6,-1,-28.611,0.0,15.442,1253,0.0,28.8,14.1,28,2817,0.0,-37.6,15.0,28,-28.189,-0.422,0,
B-B-low-1,3.50329,1790320839.5367,decel,17.5904,5.5896,0.374,0.2,2.6,-1,-28.611,0.0,15.442,1253,0.0,28.8,14.1,28,2818,0.0,-36.800000000000004,15.0,28,-28.227,-0.384,0,
B-B-low-1,3.50529,1790320839.5387,decel,17.5904,5.5896,0.374,0.2,2.6,-1,-28.611,0.0,15.442,1253,0.0,28.8,14.1,28,2817,0.0,-37.6,15.0,28,-28.189,-0.422,0,
B-B-low-1,3.50729,1790320839.5407,decel,17.5904,5.5896,0.374,0.2,2.6,-1,-28.611,0.0,15.442,1253,0.0,28.8,14.1,28,2817,0.0,-37.6,15.0,28,-28.189,-0.422,0,
B-B-low-1,3.50929,1790320839.5427,decel,17.5904,5.5896,0.374,0.2,2.6,-1,-28.649,-0.3349,15.437,1252,0.0,28.0,14.1,28,2817,0.0,-37.6,15.0,28,-28.189,-0.46,0,
B-B-low-1,3.51129,1790320839.5447,decel,17.5904,5.5896,0.374,0.2,2.6,-1,-28.611,0.3345,15.442,1253,0.0,28.8,14.1,28,2817,0.0,-37.6,15.0,28,-28.189,-0.422,0,
B-B-low-1,3.51329,1790320839.5467,decel,17.5904,5.5896,0.374,0.2,2.6,-1,-28.611,0.0,15.442,1253,0.0,28.8,14.1,28,2818,0.0,-36.800000000000004,15.0,28,-28.227,-0.384,0,
B-B-low-1,3.51529,1790320839.5487,decel,17.5904,5.5896,0.374,0.2,2.6,-1,-28.611,0.0,15.442,1253,0.0,28.8,14.1,28,2817,0.0,-37.6,15.0,28,-28.189,-0.422,0,
B-B-low-1,3.51729,1790320839.5507,decel,17.5904,5.5896,0.374,0.2,2.6,-1,-28.611,0.0,15.442,1253,0.0,28.8,14.1,28,2818,0.0,-36.800000000000004,15.0,28,-28.227,-0.384,0,
B-B-low-1,3.51929,1790320839.5527,decel,17.5904,5.5896,0.374,0.2,2.6,-1,-28.649,-0.3348,15.437,1252,0.0,28.0,14.1,28,2817,0.0,-37.6,15.0,28,-28.189,-0.46,0,
B-B-low-1,3.52129,1790320839.5547,decel,17.5904,5.5896,0.374,0.2,2.6,-1,-28.611,0.3345,15.442,1253,0.0,28.8,14.1,28,2817,0.0,-37.6,15.0,28,-28.189,-0.422,0,
B-B-low-1,3.52329,1790320839.5567,decel,17.5904,5.5896,0.374,0.2,2.6,-1,-28.611,0.0,15.442,1253,0.0,28.8,14.1,28,2817,0.0,-37.6,15.0,28,-28.189,-0.422,0,
B-B-low-1,3.52529,1790320839.5587,decel,17.5904,5.5896,0.374,0.2,2.6,-1,-28.611,0.0,15.442,1253,0.0,28.8,14.1,28,2817,0.0,-37.6,15.0,28,-28.189,-0.422,0,
B-B-low-1,3.52729,1790320839.5607,decel,17.5904,5.5896,0.374,0.2,2.6,-1,-28.649,-0.3345,15.437,1252,0.0,28.0,14.1,28,2818,0.0,-36.800000000000004,15.0,28,-28.227,-0.422,0,
B-B-low-1,3.52929,1790320839.5627,decel,17.5904,5.5896,0.374,0.2,2.6,-1,-28.611,0.3346,15.442,1253,0.0,28.8,14.1,28,2818,0.0,-36.800000000000004,15.0,28,-28.227,-0.384,0,
B-B-low-1,3.53129,1790320839.5647,decel,17.5904,5.5896,0.374,0.2,2.6,-1,-28.649,-0.3347,15.437,1252,0.0,28.0,14.1,28,2817,0.0,-37.6,15.0,28,-28.189,-0.46,0,
B-B-low-1,3.53329,1790320839.5667,decel,17.5904,5.5896,0.374,0.2,2.6,-1,-28.649,0.0,15.437,1252,0.0,28.0,14.1,28,2818,0.0,-36.800000000000004,15.0,28,-28.227,-0.422,0,
B-B-low-1,3.53529,1790320839.5687,decel,17.5904,5.5896,0.374,0.2,2.6,-1,-28.649,0.0,15.437,1252,0.0,28.0,14.1,28,2818,0.0,-36.800000000000004,15.0,28,-28.227,-0.422,0,
B-B-low-1,3.53729,1790320839.5707,decel,17.5904,5.5896,0.374,0.2,2.6,-1,-28.649,0.0,15.437,1252,0.0,28.0,14.1,28,2818,0.0,-36.800000000000004,15.0,28,-28.227,-0.422,0,
B-B-low-1,3.53929,1790320839.5727,decel,17.5904,5.5896,0.374,0.2,2.6,-1,-28.611,0.3352,15.442,1253,0.0,28.8,14.1,28,2818,0.0,-36.800000000000004,15.0,28,-28.227,-0.384,0,
B-B-low-1,3.54127,1790320839.5746,decel,17.5904,5.5896,0.374,0.2,2.6,-1,-28.611,0.0,15.442,1253,0.0,28.8,14.1,28,2818,0.0,-36.800000000000004,15.0,28,-28.227,-0.384,0,
B-B-low-1,3.54327,1790320839.5766,decel,17.5904,5.5896,0.374,0.2,2.6,-1,-28.649,-0.3345,15.437,1252,0.0,28.0,14.1,28,2817,0.0,-37.6,15.0,28,-28.189,-0.46,0,
B-B-low-1,3.54527,1790320839.5786,decel,17.5904,5.5896,0.374,0.2,2.6,-1,-28.649,0.0,15.437,1252,0.0,28.0,14.1,28,2817,0.0,-37.6,15.0,28,-28.189,-0.46,0,
B-B-low-1,3.54727,1790320839.5806,decel,17.5904,5.5896,0.374,0.2,2.6,-1,-28.649,0.0,15.437,1252,0.0,28.0,14.1,28,2818,0.0,-36.800000000000004,15.0,28,-28.227,-0.422,0,
B-B-low-1,3.54927,1790320839.5826,decel,17.5904,5.5896,0.374,0.2,2.6,-1,-28.649,0.0,15.437,1252,0.0,28.0,14.1,28,2817,0.0,-37.6,15.0,28,-28.189,-0.46,0,
B-B-low-1,3.55127,1790320839.5846,decel,17.5904,5.5896,0.374,0.2,2.6,-1,-28.649,0.0,15.437,1252,0.0,28.0,14.1,28,2818,0.0,-36.800000000000004,15.0,28,-28.227,-0.422,0,
B-B-low-1,3.55327,1790320839.5866,decel,17.5904,5.5896,0.374,0.2,2.6,-1,-28.611,0.3347,15.442,1253,0.0,28.8,14.1,28,2817,0.0,-37.6,15.0,28,-28.189,-0.422,0,
B-B-low-1,3.55527,1790320839.5886,decel,17.5904,5.5896,0.374,0.2,2.6,-1,-28.649,-0.335,15.437,1252,0.0,28.0,14.1,28,2817,0.0,-37.6,15.0,28,-28.189,-0.46,0,
B-B-low-1,3.55727,1790320839.5906,decel,17.5904,5.5896,0.374,0.2,2.6,-1,-28.611,0.3346,15.442,1253,0.0,28.8,14.1,28,2817,0.0,-37.6,15.0,28,-28.189,-0.422,0,
B-B-low-1,3.55927,1790320839.5926,decel,17.5904,5.5896,0.374,0.2,2.6,-1,-28.649,-0.3347,15.437,1252,0.0,28.0,14.1,28,2817,0.0,-37.6,15.0,28,-28.189,-0.46,0,
B-B-low-1,3.56127,1790320839.5946,decel,17.5904,5.5896,0.374,0.2,2.6,-1,-28.649,0.0,15.437,1252,0.0,28.0,14.1,28,2818,0.0,-36.800000000000004,15.0,28,-28.227,-0.422,0,
B-B-low-1,3.56327,1790320839.5966,decel,17.5904,5.5896,0.374,0.2,2.6,-1,-28.611,0.3346,15.442,1253,0.0,28.8,14.1,28,2818,0.0,-36.800000000000004,15.0,28,-28.227,-0.384,0,
B-B-low-1,3.56527,1790320839.5986,decel,17.5904,5.5896,0.374,0.2,2.6,-1,-28.611,0.0,15.442,1253,0.0,28.8,14.1,28,2818,0.0,-36.800000000000004,15.0,28,-28.227,-0.384,0,
B-B-low-1,3.56727,1790320839.6006,decel,17.5904,5.5896,0.374,0.2,2.6,-1,-28.611,0.0,15.442,1253,0.0,28.8,14.1,28,2818,0.0,-36.800000000000004,15.0,28,-28.227,-0.384,0,
B-B-low-1,3.56929,1790320839.6027,decel,17.5904,5.5896,0.374,0.2,2.6,-1,-28.611,0.0,15.442,1253,0.0,28.8,14.1,28,2818,0.0,-36.800000000000004,15.0,28,-28.227,-0.384,0,
B-B-low-1,3.57126,1790320839.6046,decel,17.5904,5.5896,0.374,0.2,2.6,-1,-28.611,0.0,15.442,1253,0.0,28.8,14.1,28,2818,0.0,-36.800000000000004,15.0,28,-28.227,-0.384,0,
B-B-low-1,3.57326,1790320839.6066,decel,17.5904,5.5896,0.374,0.2,2.6,-1,-28.649,-0.3346,15.437,1252,0.0,28.0,14.1,28,2818,0.0,-36.800000000000004,15.0,28,-28.227,-0.422,0,
B-B-low-1,3.57528,1790320839.6087,decel,17.5904,5.5896,0.374,0.2,2.6,-1,-28.649,0.0,15.437,1252,0.0,28.0,14.1,28,2818,0.0,-36.800000000000004,15.0,28,-28.227,-0.422,0,
B-B-low-1,3.57726,1790320839.6106,decel,17.5904,5.5896,0.374,0.2,2.6,-1,-28.611,0.3381,15.442,1253,0.0,28.8,14.1,28,2818,0.0,-36.800000000000004,15.0,28,-28.227,-0.384,0,
B-B-low-1,3.57926,1790320839.6126,decel,17.5904,5.5896,0.374,0.2,2.6,-1,-28.611,0.0,15.442,1253,0.0,28.8,14.1,28,2817,0.0,-37.6,15.0,28,-28.189,-0.422,0,
B-B-low-1,3.58127,1790320839.6146,decel,17.5904,5.5896,0.374,0.2,2.6,-1,-28.649,-0.3344,15.437,1252,0.0,28.0,14.1,28,2817,0.0,-37.6,15.0,28,-28.189,-0.46,0,
B-B-low-1,3.58327,1790320839.6166,decel,17.5904,5.5896,0.374,0.2,2.6,-1,-28.649,0.0,15.437,1252,0.0,28.0,14.1,28,2818,0.0,-36.800000000000004,15.0,28,-28.227,-0.422,0,
B-B-low-1,3.58527,1790320839.6186,decel,17.5904,5.5896,0.374,0.2,2.6,-1,-28.611,0.3346,15.442,1253,0.0,28.8,14.1,28,2817,0.0,-37.6,15.0,28,-28.189,-0.422,0,
B-B-low-1,3.58727,1790320839.6206,decel,17.5904,5.5896,0.374,0.2,2.6,-1,-28.649,-0.3348,15.437,1252,0.0,28.0,14.1,28,2817,0.0,-37.6,15.0,28,-28.189,-0.46,0,
B-B-low-1,3.58927,1790320839.6226,decel,17.5904,5.5896,0.374,0.2,2.6,-1,-28.611,0.3346,15.442,1253,0.0,28.8,14.1,28,2818,0.0,-36.800000000000004,15.0,28,-28.227,-0.384,0,
B-B-low-1,3.59126,1790320839.6246,decel,17.5904,5.5896,0.374,0.2,2.6,-1,-28.611,0.0,15.442,1253,0.0,28.8,14.1,28,2818,0.0,-36.800000000000004,15.0,28,-28.227,-0.384,0,
B-B-low-1,3.59327,1790320839.6266,decel,17.5904,5.5896,0.374,0.2,2.6,-1,-28.611,0.0,15.442,1253,0.0,28.8,14.1,28,2818,0.0,-36.800000000000004,15.0,28,-28.227,-0.384,0,
B-B-low-1,3.59526,1790320839.6286,decel,17.5904,5.5896,0.374,0.2,2.6,-1,-28.611,0.0,15.442,1253,0.0,28.8,14.1,28,2818,0.0,-36.800000000000004,15.0,28,-28.227,-0.384,0,
B-B-low-1,3.59726,1790320839.6306,decel,17.5904,5.5896,0.374,0.2,2.6,-1,-28.649,-0.3348,15.437,1252,0.0,28.0,14.1,28,2817,0.0,-37.6,15.0,28,-28.189,-0.46,0,
B-B-low-1,3.59926,1790320839.6326,decel,17.5904,5.5896,0.374,0.2,2.6,-1,-28.611,0.3347,15.442,1253,0.0,28.8,14.1,28,2817,0.0,-37.6,15.0,28,-28.189,-0.422,0,
B-B-low-1,3.60126,1790320839.6346,decel,17.5904,5.5896,0.374,0.2,2.6,-1,-28.611,0.0,15.442,1253,0.0,28.8,14.1,28,2818,0.0,-36.800000000000004,15.0,28,-28.227,-0.384,0,
B-B-low-1,3.60326,1790320839.6366,decel,17.5904,5.5896,0.374,0.2,2.6,-1,-28.649,-0.3348,15.437,1252,0.0,28.0,14.1,28,2817,0.0,-37.6,15.0,28,-28.189,-0.46,0,
B-B-low-1,3.60526,1790320839.6386,decel,17.5904,5.5896,0.374,0.2,2.6,-1,-28.611,0.3347,15.442,1253,0.0,28.8,14.1,28,2818,0.0,-36.800000000000004,15.0,28,-28.227,-0.384,0,
B-B-low-1,3.60726,1790320839.6406,decel,17.5904,5.5896,0.374,0.2,2.6,-1,-28.611,0.0,15.442,1253,0.0,28.8,14.1,28,2817,0.0,-37.6,15.0,28,-28.189,-0.422,0,
B-B-low-1,3.60933,1790320839.6427,decel,17.5904,5.5896,0.374,0.2,2.6,-1,-28.649,-0.3238,15.437,1252,0.0,28.0,14.1,28,2818,0.0,-36.800000000000004,15.0,28,-28.227,-0.422,0,
B-B-low-1,3.61137,1790320839.6447,decel,17.5904,5.5896,0.374,0.2,2.6,-1,-28.649,0.0,15.437,1252,0.0,28.0,14.1,28,2817,0.0,-37.6,15.0,28,-28.189,-0.46,0,
B-B-low-1,3.61337,1790320839.6467,decel,17.5904,5.5896,0.374,0.2,2.6,-1,-28.611,0.3351,15.442,1253,0.0,28.8,14.1,28,2817,0.0,-37.6,15.0,28,-28.189,-0.422,0,
B-B-low-1,3.61533,1790320839.6487,decel,17.5904,5.5896,0.374,0.2,2.6,-1,-28.649,-0.3412,15.437,1252,0.0,28.0,14.1,28,2818,0.0,-36.800000000000004,15.0,28,-28.227,-0.422,0,
B-B-low-1,3.61735,1790320839.6507,decel,17.5904,5.5896,0.374,0.2,2.6,-1,-28.649,0.0,15.437,1252,0.0,28.0,15.1,28,2817,0.0,-37.6,15.5,28,-28.189,-0.46,0,
B-B-low-1,3.61935,1790320839.6527,decel,17.5904,5.5896,0.374,0.2,2.6,-1,-28.611,0.334,15.442,1253,0.0,28.8,15.1,28,2818,0.0,-36.800000000000004,15.5,28,-28.227,-0.384,0,
B-B-low-1,3.62135,1790320839.6547,decel,17.5904,5.5896,0.374,0.2,2.6,-1,-28.649,-0.3344,15.437,1252,0.0,28.0,15.1,28,2818,0.0,-36.800000000000004,15.5,28,-28.227,-0.422,0,
B-B-low-1,3.62336,1790320839.6567,decel,17.5904,5.5896,0.374,0.2,2.6,-1,-28.611,0.3333,15.442,1253,0.0,28.8,15.1,28,2817,0.0,-37.6,15.5,28,-28.189,-0.422,0,
B-B-low-1,3.62533,1790320839.6587,decel,17.5904,5.5896,0.374,0.2,2.6,-1,-28.611,0.0,15.442,1253,0.0,28.8,15.1,28,2818,0.0,-36.800000000000004,15.5,28,-28.227,-0.384,0,
B-B-low-1,3.62733,1790320839.6607,decel,17.5904,5.5896,0.374,0.2,2.6,-1,-28.611,0.0,15.442,1253,0.0,28.8,15.1,28,2818,0.0,-36.800000000000004,15.5,28,-28.227,-0.384,0,
B-B-low-1,3.62934,1790320839.6627,decel,17.5904,5.5896,0.374,0.2,2.6,-1,-28.649,-0.3324,15.437,1252,0.0,28.0,15.1,28,2818,0.0,-36.800000000000004,15.5,28,-28.227,-0.422,0,
B-B-low-1,3.63135,1790320839.6647,decel,17.5904,5.5896,0.374,0.2,2.6,-1,-28.611,0.3337,15.442,1253,0.0,28.8,15.1,28,2818,0.0,-36.800000000000004,15.5,28,-28.227,-0.384,0,
B-B-low-1,3.63334,1790320839.6667,decel,17.5904,5.5896,0.374,0.2,2.6,-1,-28.611,0.0,15.442,1253,0.0,28.8,15.1,28,2817,0.0,-37.6,15.5,28,-28.189,-0.422,0,
B-B-low-1,3.63534,1790320839.6687,decel,17.5904,5.5896,0.374,0.2,2.6,-1,-28.611,0.0,15.442,1253,0.0,28.8,15.1,28,2817,0.0,-37.6,15.5,28,-28.189,-0.422,0,
B-B-low-1,3.63735,1790320839.6707,decel,17.5904,5.5896,0.374,0.2,2.6,-1,-28.611,0.0,15.442,1253,0.0,28.8,15.1,28,2817,0.0,-37.6,15.5,28,-28.189,-0.422,0,
B-B-low-1,3.63934,1790320839.6727,decel,17.5904,5.5896,0.374,0.2,2.6,-1,-28.649,-0.3361,15.437,1252,0.0,28.0,15.1,28,2817,0.0,-37.6,15.5,28,-28.189,-0.46,0,
B-B-low-1,3.64134,1790320839.6747,decel,17.5904,5.5896,0.374,0.2,2.6,-1,-28.611,0.3348,15.442,1253,0.0,28.8,15.1,28,2818,0.0,-36.800000000000004,15.5,28,-28.227,-0.384,0,
B-B-low-1,3.64334,1790320839.6767,decel,17.5904,5.5896,0.374,0.2,2.6,-1,-28.611,0.0,15.442,1253,0.0,28.8,15.1,28,2817,0.0,-37.6,15.5,28,-28.189,-0.422,0,
B-B-low-1,3.64534,1790320839.6787,decel,17.5904,5.5896,0.374,0.2,2.6,-1,-28.611,0.0,15.442,1253,0.0,28.8,15.1,28,2817,0.0,-37.6,15.5,28,-28.189,-0.422,0,
B-B-low-1,3.64734,1790320839.6807,decel,17.5904,5.5896,0.374,0.2,2.6,-1,-28.611,0.0,15.442,1253,0.0,28.8,15.1,28,2817,0.0,-37.6,15.5,28,-28.189,-0.422,0,
B-B-low-1,3.64934,1790320839.6827,decel,17.5904,5.5896,0.374,0.2,2.6,-1,-28.611,0.0,15.442,1253,0.0,28.8,15.1,28,2817,0.0,-37.6,15.5,28,-28.189,-0.422,0,
B-B-low-1,3.65134,1790320839.6847,decel,17.5904,5.5896,0.374,0.2,2.6,-1,-28.649,-0.3349,15.437,1252,0.0,28.0,15.1,28,2818,0.0,-36.800000000000004,15.5,28,-28.227,-0.422,0,
B-B-low-1,3.65333,1790320839.6867,decel,17.5904,5.5896,0.374,0.2,2.6,-1,-28.611,0.3352,15.442,1253,0.0,28.8,15.1,28,2817,0.0,-37.6,15.5,28,-28.189,-0.422,0,
B-B-low-1,3.65533,1790320839.6887,decel,17.5904,5.5896,0.374,0.2,2.6,-1,-28.649,-0.3345,15.437,1252,0.0,28.0,15.1,28,2817,0.0,-37.6,15.5,28,-28.189,-0.46,0,
B-B-low-1,3.65734,1790320839.6907,decel,17.5904,5.5896,0.374,0.2,2.6,-1,-28.649,0.0,15.437,1252,0.0,28.0,15.1,28,2817,0.0,-37.6,15.5,28,-28.189,-0.46,0,
B-B-low-1,3.65934,1790320839.6927,decel,17.5904,5.5896,0.374,0.2,2.6,-1,-28.611,0.335,15.442,1253,0.0,28.8,15.1,28,2817,0.0,-37.6,15.5,28,-28.189,-0.422,0,
B-B-low-1,3.66136,1790320839.6947,decel,17.5904,5.5896,0.374,0.2,2.6,-1,-28.611,0.0,15.442,1253,0.0,28.8,15.1,28,2817,0.0,-37.6,15.5,28,-28.189,-0.422,0,
B-B-low-1,3.66334,1790320839.6967,decel,17.5904,5.5896,0.374,0.2,2.6,-1,-28.611,0.0,15.442,1253,0.0,28.8,15.1,28,2818,0.0,-36.800000000000004,15.5,28,-28.227,-0.384,0,
B-B-low-1,3.66534,1790320839.6987,decel,17.5904,5.5896,0.374,0.2,2.6,-1,-28.611,0.0,15.442,1253,0.0,28.8,15.1,28,2817,0.0,-37.6,15.5,28,-28.189,-0.422,0,
B-B-low-1,3.66735,1790320839.7007,decel,17.5904,5.5896,0.374,0.2,2.6,-1,-28.611,0.0,15.442,1253,0.0,28.8,15.1,28,2818,0.0,-36.800000000000004,15.5,28,-28.227,-0.384,0,
B-B-low-1,3.66934,1790320839.7027,decel,17.5904,5.5896,0.374,0.2,2.6,-1,-28.611,0.0,15.442,1253,0.0,28.8,15.1,28,2818,0.0,-36.800000000000004,15.5,28,-28.227,-0.384,0,
B-B-low-1,3.67133,1790320839.7047,decel,17.5904,5.5896,0.374,0.2,2.6,-1,-28.611,0.0,15.442,1253,0.0,28.8,15.1,28,2818,0.0,-36.800000000000004,15.5,28,-28.227,-0.384,0,
B-B-low-1,3.67334,1790320839.7067,decel,17.5904,5.5896,0.374,0.2,2.6,-1,-28.611,0.0,15.442,1253,0.0,28.8,15.1,28,2818,0.0,-36.800000000000004,15.5,28,-28.227,-0.384,0,
B-B-low-1,3.67533,1790320839.7087,decel,17.5904,5.5896,0.374,0.2,2.6,-1,-28.611,0.0,15.442,1253,0.0,28.8,15.1,28,2817,0.0,-37.6,15.5,28,-28.189,-0.422,0,
B-B-low-1,3.67735,1790320839.7107,decel,17.5904,5.5896,0.374,0.2,2.6,-1,-28.611,0.0,15.442,1253,0.0,28.8,15.1,28,2817,0.0,-37.6,15.5,28,-28.189,-0.422,0,
B-B-low-1,3.67934,1790320839.7127,decel,17.5904,5.5896,0.374,0.2,2.6,-1,-28.611,0.0,15.442,1253,0.0,28.8,15.1,28,2818,0.0,-36.800000000000004,15.5,28,-28.227,-0.384,0,
B-B-low-1,3.68133,1790320839.7147,decel,17.5904,5.5896,0.374,0.2,2.6,-1,-28.649,-0.3363,15.437,1252,0.0,28.0,15.1,28,2817,0.0,-37.6,15.5,28,-28.189,-0.46,0,
B-B-low-1,3.68334,1790320839.7167,decel,17.5904,5.5896,0.374,0.2,2.6,-1,-28.611,0.3342,15.442,1253,0.0,28.8,15.1,28,2817,0.0,-37.6,15.5,28,-28.189,-0.422,0,
B-B-low-1,3.68535,1790320839.7187,decel,17.5904,5.5896,0.374,0.2,2.6,-1,-28.649,-0.3328,15.437,1252,0.0,28.0,15.1,28,2818,0.0,-36.800000000000004,15.5,28,-28.227,-0.422,0,
B-B-low-1,3.68734,1790320839.7207,decel,17.5904,5.5896,0.374,0.2,2.6,-1,-28.611,0.3356,15.442,1253,0.0,28.8,15.1,28,2817,0.0,-37.6,15.5,28,-28.189,-0.422,0,
B-B-low-1,3.68935,1790320839.7227,decel,17.5904,5.5896,0.374,0.2,2.6,-1,-28.649,-0.3335,15.437,1252,0.0,28.0,15.1,28,2817,0.0,-37.6,15.5,28,-28.189,-0.46,0,
B-B-low-1,3.69134,1790320839.7247,decel,17.5904,5.5896,0.374,0.2,2.6,-1,-28.649,0.0,15.437,1252,0.0,28.0,15.1,28,2818,0.0,-36.800000000000004,15.5,28,-28.227,-0.422,0,
B-B-low-1,3.69333,1790320839.7267,decel,17.5904,5.5896,0.374,0.2,2.6,-1,-28.611,0.3358,15.442,1253,0.0,28.8,15.1,28,2817,0.0,-37.6,15.5,28,-28.189,-0.422,0,
B-B-low-1,3.69535,1790320839.7287,decel,17.5904,5.5896,0.374,0.2,2.6,-1,-28.649,-0.3321,15.437,1252,0.0,28.0,15.1,28,2818,0.0,-36.800000000000004,15.5,28,-28.227,-0.422,0,
B-B-low-1,3.69734,1790320839.7307,decel,17.5904,5.5896,0.374,0.2,2.6,-1,-28.611,0.3354,15.442,1253,0.0,28.8,15.1,28,2817,0.0,-37.6,15.5,28,-28.189,-0.422,0,
B-B-low-1,3.69934,1790320839.7327,decel,17.5904,5.5896,0.374,0.2,2.6,-1,-28.649,-0.3351,15.437,1252,0.0,28.0,15.1,28,2818,0.0,-36.800000000000004,15.5,28,-28.227,-0.422,0,
B-B-low-1,3.70133,1790320839.7347,decel,17.5904,5.5896,0.374,0.2,2.6,-1,-28.649,0.0,15.437,1252,0.0,28.0,15.1,28,2817,0.0,-37.6,15.5,28,-28.189,-0.46,0,
B-B-low-1,3.70333,1790320839.7367,decel,17.5904,5.5896,0.374,0.2,2.6,-1,-28.611,0.3349,15.442,1253,0.0,28.8,15.1,28,2817,0.0,-37.6,15.5,28,-28.189,-0.422,0,
B-B-low-1,3.70535,1790320839.7387,decel,17.5904,5.5896,0.374,0.2,2.6,-1,-28.611,0.0,15.442,1253,0.0,28.8,15.1,28,2818,0.0,-36.800000000000004,15.5,28,-28.227,-0.384,0,
B-B-low-1,3.70735,1790320839.7407,decel,17.5904,5.5896,0.374,0.2,2.6,-1,-28.649,-0.3357,15.437,1252,0.0,28.0,15.1,28,2818,0.0,-36.800000000000004,15.5,28,-28.227,-0.422,0,
B-B-low-1,3.70935,1790320839.7427,decel,17.5904,5.5896,0.374,0.2,2.6,-1,-28.611,0.3348,15.442,1253,0.0,28.8,15.1,28,2817,0.0,-37.6,15.5,28,-28.189,-0.422,0,
B-B-low-1,3.71134,1790320839.7447,decel,17.5904,5.5896,0.374,0.2,2.6,-1,-28.611,0.0,15.442,1253,0.0,28.8,15.1,28,2817,0.0,-37.6,15.5,28,-28.189,-0.422,0,
B-B-low-1,3.71335,1790320839.7467,decel,17.5904,5.5896,0.374,0.2,2.6,-1,-28.611,0.0,15.442,1253,0.0,28.8,15.1,28,2818,0.0,-36.800000000000004,15.5,28,-28.227,-0.384,0,
B-B-low-1,3.71533,1790320839.7487,decel,17.5904,5.5896,0.374,0.2,2.6,-1,-28.649,-0.3376,15.437,1252,0.0,28.0,15.1,28,2817,0.0,-37.6,15.5,28,-28.189,-0.46,0,
B-B-low-1,3.71733,1790320839.7507,decel,17.5904,5.5896,0.374,0.2,2.6,-1,-28.649,0.0,15.437,1252,0.0,28.0,15.1,28,2818,0.0,-36.800000000000004,15.5,28,-28.227,-0.422,0,
B-B-low-1,3.71933,1790320839.7527,decel,17.5904,5.5896,0.374,0.2,2.6,-1,-28.611,0.3342,15.442,1253,0.0,28.8,15.1,28,2818,0.0,-36.800000000000004,15.5,28,-28.227,-0.384,0,
B-B-low-1,3.72134,1790320839.7547,decel,17.5904,5.5896,0.374,0.2,2.6,-1,-28.611,0.0,15.442,1253,0.0,28.8,15.1,28,2818,0.0,-36.800000000000004,15.5,28,-28.227,-0.384,0,
B-B-low-1,3.72335,1790320839.7567,decel,17.5904,5.5896,0.374,0.2,2.6,-1,-28.649,-0.3333,15.437,1252,0.0,28.0,15.1,28,2817,0.0,-37.6,15.5,28,-28.189,-0.46,0,
B-B-low-1,3.72535,1790320839.7587,decel,17.5904,5.5896,0.374,0.2,2.6,-1,-28.649,0.0,15.437,1252,0.0,28.0,15.1,28,2817,0.0,-37.6,15.5,28,-28.189,-0.46,0,
B-B-low-1,3.72732,1790320839.7607,decel,17.5904,5.5896,0.374,0.2,2.6,-1,-28.611,0.3394,15.442,1253,0.0,28.8,15.1,28,2818,0.0,-36.800000000000004,15.5,28,-28.227,-0.384,0,
B-B-low-1,3.72935,1790320839.7627,decel,17.5904,5.5896,0.374,0.2,2.6,-1,-28.649,-0.3309,15.437,1252,0.0,28.0,15.1,28,2817,0.0,-37.6,15.5,28,-28.189,-0.46,0,
B-B-low-1,3.73135,1790320839.7647,decel,17.5904,5.5896,0.374,0.2,2.6,-1,-28.611,0.3338,15.442,1253,0.0,28.8,15.1,28,2818,0.0,-36.800000000000004,15.5,28,-28.227,-0.384,0,
B-B-low-1,3.73333,1790320839.7667,decel,17.5904,5.5896,0.374,0.2,2.6,-1,-28.649,-0.3377,15.437,1252,0.0,28.0,15.1,28,2817,0.0,-37.6,15.5,28,-28.189,-0.46,0,
B-B-low-1,3.73533,1790320839.7687,decel,17.5904,5.5896,0.374,0.2,2.6,-1,-28.649,0.0,15.437,1252,0.0,28.0,14.0,28,2818,0.0,-36.800000000000004,13.9,28,-28.227,-0.422,0,
B-B-low-1,3.73734,1790320839.7707,decel,17.5904,5.5896,0.374,0.2,2.6,-1,-28.649,0.0,15.437,1252,0.0,28.0,14.0,28,2817,0.0,-37.6,13.9,28,-28.189,-0.46,0,
B-B-low-1,3.73933,1790320839.7727,decel,17.5904,5.5896,0.374,0.2,2.6,-1,-28.649,0.0,15.437,1252,0.0,28.0,14.0,28,2818,0.0,-36.800000000000004,13.9,28,-28.227,-0.422,0,
B-B-low-1,3.74135,1790320839.7747,decel,17.5904,5.5896,0.374,0.2,2.6,-1,-28.611,0.3327,15.442,1253,0.0,28.8,14.0,28,2818,0.0,-36.800000000000004,13.9,28,-28.227,-0.384,0,
B-B-low-1,3.74326,1790320839.7766,decel,17.5904,5.5896,0.374,0.2,2.6,-1,-28.649,-0.3489,15.437,1252,0.0,28.0,14.0,28,2818,0.0,-36.800000000000004,13.9,28,-28.227,-0.422,0,
B-B-low-1,3.74526,1790320839.7786,decel,17.5904,5.5896,0.374,0.2,2.6,-1,-28.649,0.0,15.437,1252,0.0,28.0,14.0,28,2818,0.0,-36.800000000000004,13.9,28,-28.227,-0.422,0,
B-B-low-1,3.74726,1790320839.7806,decel,17.5904,5.5896,0.374,0.2,2.6,-1,-28.649,0.0,15.437,1252,0.0,28.0,14.0,28,2818,0.0,-36.800000000000004,13.9,28,-28.227,-0.422,0,
B-B-low-1,3.74925,1790320839.7826,decel,17.5904,5.5896,0.374,0.2,2.6,-1,-28.611,0.3351,15.442,1253,0.0,28.8,14.0,28,2818,0.0,-36.800000000000004,13.9,28,-28.227,-0.384,0,
B-B-low-1,3.75125,1790320839.7846,decel,17.5904,5.5896,0.374,0.2,2.6,-1,-28.649,-0.335,15.437,1252,0.0,28.0,14.0,28,2817,0.0,-37.6,13.9,28,-28.189,-0.46,0,
B-B-low-1,3.75325,1790320839.7866,decel,17.5904,5.5896,0.374,0.2,2.6,-1,-28.611,0.3346,15.442,1253,0.0,28.8,14.0,28,2818,0.0,-36.800000000000004,13.9,28,-28.227,-0.384,0,
B-B-low-1,3.75527,1790320839.7886,decel,17.5904,5.5896,0.374,0.2,2.6,-1,-28.649,-0.3314,15.437,1252,0.0,28.0,14.0,28,2818,0.0,-36.800000000000004,13.9,28,-28.227,-0.422,0,
B-B-low-1,3.75725,1790320839.7906,decel,17.5904,5.5896,0.374,0.2,2.6,-1,-28.649,0.0,15.437,1252,0.0,28.0,14.0,28,2817,0.0,-37.6,13.9,28,-28.189,-0.46,0,
B-B-low-1,3.75925,1790320839.7926,decel,17.5904,5.5896,0.374,0.2,2.6,-1,-28.611,0.3345,15.442,1253,0.0,28.8,14.0,28,2818,0.0,-36.800000000000004,13.9,28,-28.227,-0.384,0,
B-B-low-1,3.76125,1790320839.7946,decel,17.5904,5.5896,0.374,0.2,2.6,-1,-28.611,0.0,15.442,1253,0.0,28.8,14.0,28,2818,0.0,-36.800000000000004,13.9,28,-28.227,-0.384,0,
B-B-low-1,3.76325,1790320839.7966,decel,17.5904,5.5896,0.374,0.2,2.6,-1,-28.649,-0.3344,15.437,1252,0.0,28.0,14.0,28,2818,0.0,-36.800000000000004,13.9,28,-28.227,-0.422,0,
B-B-low-1,3.76525,1790320839.7986,decel,17.5904,5.5896,0.374,0.2,2.6,-1,-28.649,0.0,15.437,1252,0.0,28.0,14.0,28,2817,0.0,-37.6,13.9,28,-28.189,-0.46,0,
B-B-low-1,3.76725,1790320839.8006,decel,17.5904,5.5896,0.374,0.2,2.6,-1,-28.611,0.3348,15.442,1253,0.0,28.0,14.0,28,2817,0.0,-37.6,13.9,28,-28.189,-0.422,0,
B-B-low-1,3.76925,1790320839.8026,decel,17.5904,5.5896,0.374,0.2,2.6,-1,-28.649,-0.335,15.437,1252,0.0,28.0,14.0,28,2817,0.0,-37.6,13.9,28,-28.189,-0.46,0,
B-B-low-1,3.77125,1790320839.8046,decel,17.5904,5.5896,0.374,0.2,2.6,-1,-28.649,0.0,15.437,1252,0.0,28.0,14.0,28,2818,0.0,-36.800000000000004,13.9,28,-28.227,-0.422,0,
B-B-low-1,3.77325,1790320839.8066,decel,17.5904,5.5896,0.374,0.2,2.6,-1,-28.611,0.3345,15.442,1253,0.0,28.8,14.0,28,2818,0.0,-36.800000000000004,13.9,28,-28.227,-0.384,0,
B-B-low-1,3.77525,1790320839.8086,decel,17.5904,5.5896,0.374,0.2,2.6,-1,-28.649,-0.3351,15.437,1252,0.0,28.0,14.0,28,2817,0.0,-37.6,13.9,28,-28.189,-0.46,0,
B-B-low-1,3.77725,1790320839.8106,decel,17.5904,5.5896,0.374,0.2,2.6,-1,-28.611,0.3344,15.442,1253,0.0,28.8,14.0,28,2818,0.0,-36.800000000000004,13.9,28,-28.227,-0.384,0,
B-B-low-1,3.77925,1790320839.8126,decel,17.5904,5.5896,0.374,0.2,2.6,-1,-28.649,-0.3349,15.437,1252,0.0,28.0,14.0,28,2818,0.0,-36.800000000000004,13.9,28,-28.227,-0.422,0,
B-B-low-1,3.78125,1790320839.8146,decel,17.5904,5.5896,0.374,0.2,2.6,-1,-28.611,0.3351,15.442,1253,0.0,28.8,14.0,28,2817,0.0,-37.6,13.9,28,-28.189,-0.422,0,
B-B-low-1,3.78325,1790320839.8166,decel,17.5904,5.5896,0.374,0.2,2.6,-1,-28.611,0.0,15.442,1253,0.0,28.8,14.0,28,2818,0.0,-36.800000000000004,13.9,28,-28.227,-0.384,0,
B-B-low-1,3.78525,1790320839.8186,decel,17.5904,5.5896,0.374,0.2,2.6,-1,-28.649,-0.3348,15.437,1252,0.0,28.0,14.0,28,2817,0.0,-37.6,13.9,28,-28.189,-0.46,0,
B-B-low-1,3.78725,1790320839.8206,decel,17.5904,5.5896,0.374,0.2,2.6,-1,-28.611,0.3343,15.442,1253,0.0,28.8,14.0,28,2817,0.0,-37.6,13.9,28,-28.189,-0.422,0,
B-B-low-1,3.78925,1790320839.8226,decel,17.5904,5.5896,0.374,0.2,2.6,-1,-28.649,-0.3347,15.437,1252,0.0,28.0,14.0,28,2818,0.0,-36.800000000000004,13.9,28,-28.227,-0.422,0,
B-B-low-1,3.79125,1790320839.8246,decel,17.5904,5.5896,0.374,0.2,2.6,-1,-28.611,0.3348,15.442,1253,0.0,28.8,14.0,28,2818,0.0,-36.800000000000004,13.9,28,-28.227,-0.384,0,
B-B-low-1,3.79325,1790320839.8266,decel,17.5904,5.5896,0.374,0.2,2.6,-1,-28.611,0.0,15.442,1253,0.0,28.8,14.0,28,2818,0.0,-37.6,13.9,28,-28.227,-0.384,0,
B-B-low-1,3.79525,1790320839.8286,decel,17.5904,5.5896,0.374,0.2,2.6,-1,-28.649,-0.3346,15.437,1252,0.0,28.0,14.0,28,2817,0.0,-36.800000000000004,13.9,28,-28.189,-0.46,0,
B-B-low-1,3.79725,1790320839.8306,decel,17.5904,5.5896,0.374,0.2,2.6,-1,-28.611,0.3348,15.442,1253,0.0,28.8,14.0,28,2818,0.0,-36.800000000000004,13.9,28,-28.227,-0.384,0,
B-B-low-1,3.79926,1790320839.8326,decel,17.5904,5.5896,0.374,0.2,2.6,-1,-28.649,-0.3343,15.437,1252,0.0,28.0,14.0,28,2818,0.0,-36.800000000000004,13.9,28,-28.227,-0.422,0,
B-B-low-1,3.80125,1790320839.8346,decel,17.5904,5.5896,0.374,0.2,2.6,-1,-28.611,0.335,15.442,1253,0.0,28.8,14.0,28,2818,0.0,-36.800000000000004,13.9,28,-28.227,-0.384,0,
B-B-low-1,3.80323,1790320839.8366,decel,17.5904,5.5896,0.374,0.2,2.6,-1,-28.611,0.0,15.442,1253,0.0,28.8,14.0,28,2818,0.0,-36.800000000000004,13.9,28,-28.227,-0.384,0,
B-B-low-1,3.80525,1790320839.8386,decel,17.5904,5.5896,0.374,0.2,2.6,-1,-28.649,-0.3315,15.437,1252,0.0,28.0,14.0,28,2818,0.0,-36.800000000000004,13.9,28,-28.227,-0.422,0,
B-B-low-1,3.80725,1790320839.8406,decel,17.5904,5.5896,0.374,0.2,2.6,-1,-28.649,0.0,15.437,1252,0.0,28.0,14.0,28,2818,0.0,-36.800000000000004,13.9,28,-28.227,-0.422,0,
B-B-low-1,3.80925,1790320839.8426,decel,17.5904,5.5896,0.374,0.2,2.6,-1,-28.611,0.3346,15.442,1253,0.0,28.8,14.0,28,2817,0.0,-37.6,13.9,28,-28.189,-0.422,0,
B-B-low-1,3.81125,1790320839.8446,decel,17.5904,5.5896,0.374,0.2,2.6,-1,-28.611,0.0,15.442,1253,0.0,28.8,14.0,28,2818,0.0,-36.800000000000004,13.9,28,-28.227,-0.384,0,
B-B-low-1,3.81325,1790320839.8466,decel,17.5904,5.5896,0.374,0.2,2.6,-1,-28.611,0.0,15.442,1253,0.0,28.8,14.0,28,2818,0.0,-36.800000000000004,13.9,28,-28.227,-0.384,0,
B-B-low-1,3.81525,1790320839.8486,decel,17.5904,5.5896,0.374,0.2,2.6,-1,-28.611,0.0,15.442,1253,0.0,28.8,14.0,28,2817,0.0,-37.6,13.9,28,-28.189,-0.422,0,
B-B-low-1,3.81723,1790320839.8506,decel,17.5904,5.5896,0.374,0.2,2.6,-1,-28.649,-0.3383,15.437,1252,0.0,28.0,14.0,28,2817,0.0,-37.6,13.9,28,-28.189,-0.46,0,
B-B-low-1,3.81923,1790320839.8526,decel,17.5904,5.5896,0.374,0.2,2.6,-1,-28.611,0.3347,15.442,1253,0.0,28.8,14.0,28,2818,0.0,-36.800000000000004,13.9,28,-28.227,-0.384,0,
B-B-low-1,3.82123,1790320839.8546,decel,17.5904,5.5896,0.374,0.2,2.6,-1,-28.611,0.0,15.442,1253,0.0,28.8,14.0,28,2817,0.0,-37.6,13.9,28,-28.189,-0.422,0,
B-B-low-1,3.82323,1790320839.8566,decel,17.5904,5.5896,0.374,0.2,2.6,-1,-28.649,-0.3348,15.437,1252,0.0,28.0,14.0,28,2818,0.0,-36.800000000000004,13.9,28,-28.227,-0.422,0,
B-B-low-1,3.82523,1790320839.8586,decel,17.5904,5.5896,0.374,0.2,2.6,-1,-28.611,0.3347,15.442,1253,0.0,28.8,14.0,28,2818,0.0,-36.800000000000004,13.9,28,-28.227,-0.384,0,
B-B-low-1,3.82723,1790320839.8606,decel,17.5904,5.5896,0.374,0.2,2.6,-1,-28.649,-0.3348,15.437,1252,0.0,28.0,14.0,28,2817,0.0,-37.6,13.9,28,-28.189,-0.46,0,
B-B-low-1,3.82923,1790320839.8626,decel,17.5904,5.5896,0.374,0.2,2.6,-1,-28.611,0.3347,15.442,1253,0.0,28.8,14.0,28,2818,0.0,-36.800000000000004,13.9,28,-28.227,-0.384,0,
B-B-low-1,3.83123,1790320839.8646,decel,17.5904,5.5896,0.374,0.2,2.6,-1,-28.649,-0.3347,15.437,1252,0.0,28.0,14.0,28,2817,0.0,-37.6,13.9,28,-28.189,-0.46,0,
B-B-low-1,3.83323,1790320839.8666,decel,17.5904,5.5896,0.374,0.2,2.6,-1,-28.649,0.0,15.437,1252,0.0,28.0,14.0,28,2818,0.0,-36.800000000000004,13.9,28,-28.227,-0.422,0,
B-B-low-1,3.83523,1790320839.8686,decel,17.5904,5.5896,0.374,0.2,2.6,-1,-28.611,0.3347,15.442,1253,0.0,28.8,14.0,28,2818,0.0,-36.800000000000004,13.9,28,-28.227,-0.384,0,
B-B-low-1,3.83723,1790320839.8706,decel,17.5904,5.5896,0.374,0.2,2.6,-1,-28.649,-0.3348,15.437,1252,0.0,28.0,14.0,28,2817,0.0,-37.6,13.9,28,-28.189,-0.46,0,
B-B-low-1,3.83923,1790320839.8726,decel,17.5904,5.5896,0.374,0.2,2.6,-1,-28.611,0.3347,15.442,1253,0.0,28.8,14.0,28,2818,0.0,-36.800000000000004,13.9,28,-28.227,-0.384,0,
B-B-low-1,3.84123,1790320839.8746,decel,17.5904,5.5896,0.374,0.2,2.6,-1,-28.611,0.0,15.442,1253,0.0,28.8,14.0,28,2817,0.0,-37.6,13.9,28,-28.189,-0.422,0,
B-B-low-1,3.84323,1790320839.8766,decel,17.5904,5.5896,0.374,0.2,2.6,-1,-28.611,0.0,15.442,1253,0.0,28.8,14.0,28,2818,0.0,-36.800000000000004,13.9,28,-28.227,-0.384,0,
B-B-low-1,3.84523,1790320839.8786,decel,17.5904,5.5896,0.374,0.2,2.6,-1,-28.611,0.0,15.442,1253,0.0,28.8,14.0,28,2817,0.0,-37.6,13.9,28,-28.189,-0.422,0,
B-B-low-1,3.84723,1790320839.8806,decel,17.5904,5.5896,0.374,0.2,2.6,-1,-28.611,0.0,15.442,1253,0.0,28.8,14.0,28,2818,0.0,-36.800000000000004,13.9,28,-28.227,-0.384,0,
B-B-low-1,3.84923,1790320839.8826,decel,17.5904,5.5896,0.374,0.2,2.6,-1,-28.611,0.0,15.442,1253,0.0,28.8,14.0,28,2817,0.0,-37.6,13.9,28,-28.189,-0.422,0,
B-B-low-1,3.85123,1790320839.8846,decel,17.5904,5.5896,0.374,0.2,2.6,-1,-28.611,0.0,15.442,1253,0.0,28.8,14.0,28,2817,0.0,-37.6,15.9,28,-28.189,-0.422,0,
B-B-low-1,3.85323,1790320839.8866,decel,17.5904,5.5896,0.374,0.2,2.6,-1,-28.611,0.0,15.442,1253,0.0,28.8,14.0,28,2817,0.0,-37.6,15.9,28,-28.189,-0.422,0,
B-B-low-1,3.85523,1790320839.8886,decel,17.5904,5.5896,0.374,0.2,2.6,-1,-28.611,0.0,15.442,1253,0.0,28.8,14.0,28,2817,0.0,-37.6,15.9,28,-28.189,-0.422,0,
B-B-low-1,3.85723,1790320839.8906,decel,17.5904,5.5896,0.374,0.2,2.6,-1,-28.611,0.0,15.442,1253,0.0,28.8,14.0,28,2817,0.0,-37.6,15.9,28,-28.189,-0.422,0,
B-B-low-1,3.85923,1790320839.8926,decel,17.5904,5.5896,0.374,0.2,2.6,-1,-28.611,0.0,15.442,1253,0.0,28.8,14.0,28,2817,0.0,-37.6,15.9,28,-28.189,-0.422,0,
B-B-low-1,3.86123,1790320839.8946,decel,17.5904,5.5896,0.374,0.2,2.6,-1,-28.649,-0.3346,15.437,1252,0.0,28.0,14.0,28,2817,0.0,-37.6,15.9,28,-28.189,-0.46,0,
B-B-low-1,3.86323,1790320839.8966,decel,17.5904,5.5896,0.374,0.2,2.6,-1,-28.611,0.3346,15.442,1253,0.0,28.8,14.0,28,2818,0.0,-36.800000000000004,15.9,28,-28.227,-0.384,0,
B-B-low-1,3.86523,1790320839.8986,decel,17.5904,5.5896,0.374,0.2,2.6,-1,-28.649,-0.3343,15.437,1252,0.0,28.0,14.0,28,2817,0.0,-37.6,15.9,28,-28.189,-0.46,0,
B-B-low-1,3.86723,1790320839.9006,decel,17.5904,5.5896,0.374,0.2,2.6,-1,-28.611,0.3354,15.442,1253,0.0,28.8,14.0,28,2818,0.0,-36.800000000000004,15.9,28,-28.227,-0.384,0,
B-B-low-1,3.86923,1790320839.9026,decel,17.5904,5.5896,0.374,0.2,2.6,-1,-28.611,0.0,15.442,1253,0.0,28.8,14.0,28,2817,0.0,-37.6,15.9,28,-28.189,-0.422,0,
B-B-low-1,3.87123,1790320839.9046,decel,17.5904,5.5896,0.374,0.2,2.6,-1,-28.611,0.0,15.442,1253,0.0,28.8,14.0,28,2817,0.0,-37.6,15.9,28,-28.189,-0.422,0,
B-B-low-1,3.87323,1790320839.9066,decel,17.5904,5.5896,0.374,0.2,2.6,-1,-28.611,0.0,15.442,1253,0.0,28.8,14.0,28,2818,0.0,-36.800000000000004,15.9,28,-28.227,-0.384,0,
B-B-low-1,3.87523,1790320839.9086,decel,17.5904,5.5896,0.374,0.2,2.6,-1,-28.649,-0.3349,15.437,1252,0.0,28.0,14.0,28,2818,0.0,-36.800000000000004,15.9,28,-28.227,-0.422,0,
B-B-low-1,3.87723,1790320839.9106,decel,17.5904,5.5896,0.374,0.2,2.6,-1,-28.611,0.3344,15.442,1253,0.0,28.8,14.0,28,2817,0.0,-37.6,15.9,28,-28.189,-0.422,0,
B-B-low-1,3.87923,1790320839.9126,decel,17.5904,5.5896,0.374,0.2,2.6,-1,-28.611,0.0,15.442,1253,0.0,28.8,14.0,28,2818,0.0,-36.800000000000004,15.9,28,-28.227,-0.384,0,
B-B-low-1,3.88123,1790320839.9146,decel,17.5904,5.5896,0.374,0.2,2.6,-1,-28.649,-0.3345,15.437,1252,0.0,28.0,14.0,28,2817,0.0,-37.6,15.9,28,-28.189,-0.46,0,
B-B-low-1,3.88323,1790320839.9166,decel,17.5904,5.5896,0.374,0.2,2.6,-1,-28.611,0.3349,15.442,1253,0.0,28.8,14.0,28,2817,0.0,-37.6,15.9,28,-28.189,-0.422,0,
B-B-low-1,3.88523,1790320839.9186,decel,17.5904,5.5896,0.374,0.2,2.6,-1,-28.649,-0.3341,15.437,1252,0.0,28.0,14.0,28,2818,0.0,-37.6,15.9,28,-28.227,-0.422,0,
B-B-low-1,3.88723,1790320839.9206,decel,17.5904,5.5896,0.374,0.2,2.6,-1,-28.611,0.3351,15.442,1253,0.0,28.8,14.0,28,2818,0.0,-36.800000000000004,15.9,28,-28.227,-0.384,0,
B-B-low-1,3.88923,1790320839.9226,decel,17.5904,5.5896,0.374,0.2,2.6,-1,-28.611,0.0,15.442,1253,0.0,28.8,14.0,28,2817,0.0,-37.6,15.9,28,-28.189,-0.422,0,
B-B-low-1,3.89125,1790320839.9246,decel,17.5904,5.5896,0.374,0.2,2.6,-1,-28.611,0.0,15.442,1253,0.0,28.8,14.0,28,2818,0.0,-36.800000000000004,15.9,28,-28.227,-0.384,0,
B-B-low-1,3.89323,1790320839.9266,decel,17.5904,5.5896,0.374,0.2,2.6,-1,-28.611,0.0,15.442,1253,0.0,28.8,14.0,28,2818,0.0,-36.800000000000004,15.9,28,-28.227,-0.384,0,
B-B-low-1,3.89523,1790320839.9286,decel,17.5904,5.5896,0.374,0.2,2.6,-1,-28.611,0.0,15.442,1253,0.0,28.8,14.0,28,2817,0.0,-37.6,15.9,28,-28.189,-0.422,0,
B-B-low-1,3.89725,1790320839.9306,decel,17.5904,5.5896,0.374,0.2,2.6,-1,-28.611,0.0,15.442,1253,0.0,28.8,14.0,28,2817,0.0,-37.6,15.9,28,-28.189,-0.422,0,
B-B-low-1,3.89923,1790320839.9326,decel,17.5904,5.5896,0.374,0.2,2.6,-1,-28.649,-0.3388,15.437,1252,0.0,28.0,14.0,28,2817,0.0,-37.6,15.9,28,-28.189,-0.46,0,
B-B-low-1,3.90122,1790320839.9346,decel,17.5904,5.5896,0.374,0.2,2.6,-1,-28.611,0.3354,15.442,1253,0.0,28.8,14.0,28,2818,0.0,-36.800000000000004,15.9,28,-28.227,-0.384,0,
B-B-low-1,3.90322,1790320839.9366,decel,17.5904,5.5896,0.374,0.2,2.6,-1,-28.611,0.0,15.442,1253,0.0,28.8,14.0,28,2818,0.0,-36.800000000000004,15.9,28,-28.227,-0.384,0,
B-B-low-1,3.90522,1790320839.9386,decel,17.5904,5.5896,0.374,0.2,2.6,-1,-28.649,-0.3348,15.437,1252,0.0,28.0,14.0,28,2817,0.0,-37.6,15.9,28,-28.189,-0.46,0,
B-B-low-1,3.90722,1790320839.9406,decel,17.5904,5.5896,0.374,0.2,2.6,-1,-28.611,0.3348,15.442,1253,0.0,28.8,14.0,28,2818,0.0,-36.800000000000004,15.9,28,-28.227,-0.384,0,
B-B-low-1,3.90923,1790320839.9426,decel,17.5904,5.5896,0.374,0.2,2.6,-1,-28.611,0.0,15.442,1253,0.0,28.8,14.0,28,2817,0.0,-37.6,15.9,28,-28.189,-0.422,0,
B-B-low-1,3.91122,1790320839.9446,decel,17.5904,5.5896,0.374,0.2,2.6,-1,-28.649,-0.3352,15.437,1252,0.0,28.0,14.0,28,2817,0.0,-37.6,15.9,28,-28.189,-0.46,0,
B-B-low-1,3.91322,1790320839.9466,decel,17.5904,5.5896,0.374,0.2,2.6,-1,-28.611,0.3347,15.442,1253,0.0,28.8,14.0,28,2817,0.0,-37.6,15.9,28,-28.189,-0.422,0,
B-B-low-1,3.91522,1790320839.9486,decel,17.5904,5.5896,0.374,0.2,2.6,-1,-28.611,0.0,15.442,1253,0.0,28.8,14.0,28,2817,0.0,-37.6,15.9,28,-28.189,-0.422,0,
B-B-low-1,3.91722,1790320839.9506,decel,17.5904,5.5896,0.374,0.2,2.6,-1,-28.611,0.0,15.442,1253,0.0,28.8,14.0,28,2818,0.0,-36.800000000000004,15.9,28,-28.227,-0.384,0,
B-B-low-1,3.91922,1790320839.9526,decel,17.5904,5.5896,0.374,0.2,2.6,-1,-28.649,-0.335,15.437,1252,0.0,28.0,14.0,28,2818,0.0,-36.800000000000004,15.9,28,-28.227,-0.422,0,
B-B-low-1,3.92122,1790320839.9546,decel,17.5904,5.5896,0.374,0.2,2.6,-1,-28.611,0.3346,15.442,1253,0.0,28.8,14.0,28,2817,0.0,-37.6,15.9,28,-28.189,-0.422,0,
B-B-low-1,3.92322,1790320839.9566,decel,17.5904,5.5896,0.374,0.2,2.6,-1,-28.611,0.0,15.442,1253,0.0,28.8,14.0,28,2818,0.0,-36.800000000000004,15.9,28,-28.227,-0.384,0,
B-B-low-1,3.92522,1790320839.9586,decel,17.5904,5.5896,0.374,0.2,2.6,-1,-28.649,-0.3346,15.437,1252,0.0,28.0,14.0,28,2818,0.0,-36.800000000000004,15.9,28,-28.227,-0.422,0,
B-B-low-1,3.92722,1790320839.9606,decel,17.5904,5.5896,0.374,0.2,2.6,-1,-28.611,0.3346,15.442,1253,0.0,28.8,14.0,28,2817,0.0,-37.6,15.9,28,-28.189,-0.422,0,
B-B-low-1,3.92922,1790320839.9626,decel,17.5904,5.5896,0.374,0.2,2.6,-1,-28.649,-0.3348,15.437,1252,0.0,28.0,14.0,28,2817,0.0,-37.6,15.9,28,-28.189,-0.46,0,
B-B-low-1,3.93122,1790320839.9646,decel,17.5904,5.5896,0.374,0.2,2.6,-1,-28.611,0.3344,15.442,1253,0.0,28.8,14.0,28,2818,0.0,-36.800000000000004,15.9,28,-28.227,-0.384,0,
B-B-low-1,3.93322,1790320839.9666,decel,17.5904,5.5896,0.374,0.2,2.6,-1,-28.649,-0.3352,15.437,1252,0.0,28.0,14.0,28,2818,0.0,-36.800000000000004,15.9,28,-28.227,-0.422,0,
B-B-low-1,3.93522,1790320839.9686,decel,17.5904,5.5896,0.374,0.2,2.6,-1,-28.611,0.3344,15.442,1253,0.0,28.8,14.0,28,2818,0.0,-36.800000000000004,15.9,28,-28.227,-0.384,0,
B-B-low-1,3.93722,1790320839.9706,decel,17.5904,5.5896,0.374,0.2,2.6,-1,-28.611,0.0,15.442,1253,0.0,28.8,14.0,28,2817,0.0,-37.6,15.9,28,-28.189,-0.422,0,
B-B-low-1,3.93922,1790320839.9726,decel,17.5904,5.5896,0.374,0.2,2.6,-1,-28.649,-0.3348,15.437,1252,0.0,28.0,14.0,28,2818,0.0,-36.800000000000004,15.9,28,-28.227,-0.422,0,
B-B-low-1,3.94122,1790320839.9746,decel,17.5904,5.5896,0.374,0.2,2.6,-1,-28.649,0.0,15.437,1252,0.0,28.0,14.0,28,2817,0.0,-37.6,15.9,28,-28.189,-0.46,0,
B-B-low-1,3.94322,1790320839.9766,decel,17.5904,5.5896,0.374,0.2,2.6,-1,-28.649,0.0,15.437,1252,0.0,28.0,14.0,28,2818,0.0,-36.800000000000004,15.9,28,-28.227,-0.422,0,
B-B-low-1,3.94522,1790320839.9786,decel,17.5904,5.5896,0.374,0.2,2.6,-1,-28.649,0.0,15.437,1252,0.0,28.0,14.0,28,2817,0.0,-37.6,15.9,28,-28.189,-0.46,0,
B-B-low-1,3.94722,1790320839.9806,decel,17.5904,5.5896,0.374,0.2,2.6,-1,-28.649,0.0,15.437,1252,0.0,28.0,14.0,28,2818,0.0,-36.800000000000004,15.9,28,-28.227,-0.422,0,
B-B-low-1,3.9493,1790320839.9827,decel,17.5904,5.5896,0.374,0.2,2.6,-1,-28.649,0.0,15.437,1252,0.0,28.0,14.0,28,2818,0.0,-36.800000000000004,15.9,28,-28.227,-0.422,0,
B-B-low-1,3.95133,1790320839.9847,decel,17.5904,5.5896,0.374,0.2,2.6,-1,-28.649,0.0,15.437,1252,0.0,28.0,14.0,28,2818,0.0,-36.800000000000004,15.9,28,-28.227,-0.422,0,
B-B-low-1,3.95322,1790320839.9866,decel,17.5904,5.5896,0.374,0.2,2.6,-1,-28.649,0.0,15.437,1252,0.0,28.0,14.0,28,2817,0.0,-37.6,15.9,28,-28.189,-0.46,0,
B-B-low-1,3.95522,1790320839.9886,decel,17.5904,5.5896,0.374,0.2,2.6,-1,-28.649,0.0,15.437,1252,0.0,28.0,14.0,28,2817,0.0,-37.6,15.9,28,-28.189,-0.46,0,
B-B-low-1,3.95722,1790320839.9906,decel,17.5904,5.5896,0.374,0.2,2.6,-1,-28.649,0.0,15.437,1252,0.0,28.0,14.0,28,2818,0.0,-36.800000000000004,15.9,28,-28.227,-0.422,0,
B-B-low-1,3.95922,1790320839.9926,decel,17.5904,5.5896,0.374,0.2,2.6,-1,-28.649,0.0,15.437,1252,0.0,28.0,14.0,28,2818,0.0,-36.800000000000004,15.9,28,-28.227,-0.422,0,
B-B-low-1,3.96121,1790320839.9946,decel,17.5904,5.5896,0.374,0.2,2.6,-1,-28.611,0.3351,15.442,1253,0.0,28.8,14.0,28,2818,0.0,-36.800000000000004,15.9,28,-28.227,-0.384,0,
B-B-low-1,3.96321,1790320839.9966,decel,17.5904,5.5896,0.374,0.2,2.6,-1,-28.611,0.0,15.442,1253,0.0,28.8,14.0,28,2817,0.0,-37.6,15.9,28,-28.189,-0.422,0,
B-B-low-1,3.96522,1790320839.9986,decel,17.5904,5.5896,0.374,0.2,2.6,-1,-28.649,-0.3339,15.437,1252,0.0,28.0,14.0,28,2817,0.0,-37.6,15.9,28,-28.189,-0.46,0,
B-B-low-1,3.96722,1790320840.0006,decel,17.5904,5.5896,0.374,0.2,2.6,-1,-28.649,0.0,15.437,1252,0.0,28.0,15.6,28,2818,0.0,-36.800000000000004,15.6,28,-28.227,-0.422,0,
B-B-low-1,3.96922,1790320840.0026,decel,17.5904,5.5896,0.374,0.2,2.6,-1,-28.611,0.3345,15.442,1253,0.0,28.8,15.6,28,2817,0.0,-37.6,15.6,28,-28.189,-0.422,0,
B-B-low-1,3.97122,1790320840.0046,decel,17.5904,5.5896,0.374,0.2,2.6,-1,-28.649,-0.3343,15.437,1252,0.0,28.0,15.6,28,2818,0.0,-36.800000000000004,15.6,28,-28.227,-0.422,0,
B-B-low-1,3.97322,1790320840.0066,decel,17.5904,5.5896,0.374,0.2,2.6,-1,-28.649,0.0,15.437,1252,0.0,28.0,15.6,28,2818,0.0,-36.800000000000004,15.6,28,-28.227,-0.422,0,
B-B-low-1,3.97522,1790320840.0086,decel,17.5904,5.5896,0.374,0.2,2.6,-1,-28.611,0.3344,15.442,1253,0.0,28.8,15.6,28,2817,0.0,-37.6,15.6,28,-28.189,-0.422,0,
B-B-low-1,3.97722,1790320840.0106,decel,17.5904,5.5896,0.374,0.2,2.6,-1,-28.649,-0.3349,15.437,1252,0.0,28.0,15.6,28,2817,0.0,-36.800000000000004,15.6,28,-28.189,-0.46,0,
B-B-low-1,3.97921,1790320840.0126,decel,17.5904,5.5896,0.374,0.2,2.6,-1,-28.611,0.3357,15.442,1253,0.0,28.8,15.6,28,2817,0.0,-37.6,15.6,28,-28.189,-0.422,0,
B-B-low-1,3.98122,1790320840.0146,decel,17.5904,5.5896,0.374,0.2,2.6,-1,-28.611,0.0,15.442,1253,0.0,28.8,15.6,28,2817,0.0,-37.6,15.6,28,-28.189,-0.422,0,
B-B-low-1,3.98322,1790320840.0166,decel,17.5904,5.5896,0.374,0.2,2.6,-1,-28.649,-0.335,15.437,1252,0.0,28.0,15.6,28,2818,0.0,-36.800000000000004,15.6,28,-28.227,-0.422,0,
B-B-low-1,3.98522,1790320840.0186,decel,17.5904,5.5896,0.374,0.2,2.6,-1,-28.611,0.3347,15.442,1253,0.0,28.8,15.6,28,2818,0.0,-36.800000000000004,15.6,28,-28.227,-0.384,0,
B-B-low-1,3.98722,1790320840.0206,decel,17.5904,5.5896,0.374,0.2,2.6,-1,-28.649,-0.3344,15.437,1252,0.0,28.0,15.6,28,2818,0.0,-36.800000000000004,15.6,28,-28.227,-0.422,0,
B-B-low-1,3.98922,1790320840.0226,decel,17.5904,5.5896,0.374,0.2,2.6,-1,-28.649,0.0,15.437,1252,0.0,28.0,15.6,28,2818,0.0,-36.800000000000004,15.6,28,-28.227,-0.422,0,
B-B-low-1,3.99122,1790320840.0246,decel,17.5904,5.5896,0.374,0.2,2.6,-1,-28.649,0.0,15.437,1252,0.0,28.0,15.6,28,2818,0.0,-36.800000000000004,15.6,28,-28.227,-0.422,0,
B-B-low-1,3.9932,1790320840.0266,decel,17.5904,5.5896,0.374,0.2,2.6,-1,-28.649,0.0,15.437,1252,0.0,28.0,15.6,28,2818,0.0,-36.800000000000004,15.6,28,-28.227,-0.422,0,
B-B-low-1,3.99523,1790320840.0286,decel,17.5904,5.5896,0.374,0.2,2.6,-1,-28.611,0.331,15.442,1253,0.0,28.8,15.6,28,2817,0.0,-37.6,15.6,28,-28.189,-0.422,0,
B-B-low-1,3.99722,1790320840.0306,decel,17.5904,5.5896,0.374,0.2,2.6,-1,-28.649,-0.3352,15.437,1252,0.0,28.0,15.6,28,2817,0.0,-37.6,15.6,28,-28.189,-0.46,0,
B-B-low-1,3.99922,1790320840.0326,decel,17.5904,5.5896,0.374,0.2,2.6,-1,-28.611,0.3351,15.442,1253,0.0,28.8,15.6,28,2818,0.0,-36.800000000000004,15.6,28,-28.227,-0.384,0,
