run_id,t_s,wall_time,phase,load_target_Nm,payload_kg,speed_target_rad_s,t_acc_s,t_const_s,dir,q_deg,q_dot_rad_s,tau_grav_Nm,pos1,spd1_rpm,load1_pct,volt1,temp1_C,pos2,spd2_rpm,load2_pct,volt2,temp2_C,q2_deg,dq12_deg,comm_fail,note
B-A-star-1,0.00124,1789903067.7711,accel,11.7275,3.6226,2.18,0.2,0.2,1,-24.047,0.0,10.709,1372,0.0,20.0,14.8,34,2702,0.0,-24.8,14.7,36,-23.778,-0.268,0,
B-A-star-1,0.00323,1789903067.7731,accel,11.7275,3.6226,2.18,0.2,0.2,1,-24.047,0.0,10.709,1372,0.0,20.0,14.8,34,2702,0.0,-24.8,14.7,36,-23.778,-0.268,0,
B-A-star-1,0.00523,1789903067.7751,accel,11.7275,3.6226,2.18,0.2,0.2,1,-24.047,0.0,10.709,1372,0.0,19.200000000000003,14.8,34,2702,0.0,-24.0,14.7,36,-23.778,-0.268,0,
B-A-star-1,0.00724,1789903067.7771,accel,11.7275,3.6226,2.18,0.2,0.2,1,-24.047,0.0,10.709,1372,0.0,19.200000000000003,14.8,34,2702,0.0,-24.0,14.7,36,-23.778,-0.268,0,
B-A-star-1,0.00923,1789903067.7791,accel,11.7275,3.6226,2.18,0.2,0.2,1,-24.085,-0.3359,10.706,1371,0.0,17.6,14.8,34,2702,0.0,-23.200000000000003,14.7,36,-23.778,-0.307,0,
B-A-star-1,0.01123,1789903067.7811,accel,11.7275,3.6226,2.18,0.2,0.2,1,-24.047,0.3352,10.709,1372,0.0,17.6,14.8,34,2702,0.0,-22.400000000000002,14.7,36,-23.778,-0.268,0,
B-A-star-1,0.0132,1789903067.7831,accel,11.7275,3.6226,2.18,0.2,0.2,1,-24.047,0.0,10.709,1372,0.0,16.8,14.8,34,2702,0.0,-21.6,14.7,36,-23.778,-0.268,0,
B-A-star-1,0.0152,1789903067.7851,accel,11.7275,3.6226,2.18,0.2,0.2,1,-24.047,0.0,10.709,1372,0.0,16.0,14.8,34,2702,0.0,-20.0,14.7,36,-23.778,-0.268,0,
B-A-star-1,0.0172,1789903067.7871,accel,11.7275,3.6226,2.18,0.2,0.2,1,-24.047,0.0,10.709,1372,0.0,14.4,14.8,34,2702,0.0,-19.200000000000003,14.7,36,-23.778,-0.268,0,
B-A-star-1,0.01919,1789903067.7891,accel,11.7275,3.6226,2.18,0.2,0.2,1,-24.047,0.0,10.709,1372,0.0,13.600000000000001,14.8,34,2702,0.0,-17.6,14.7,36,-23.778,-0.268,0,
B-A-star-1,0.0212,1789903067.7911,accel,11.7275,3.6226,2.18,0.2,0.2,1,-24.047,0.0,10.709,1372,0.0,12.0,14.8,34,2702,0.0,-16.8,14.7,36,-23.778,-0.268,0,
B-A-star-1,0.0232,1789903067.7931,accel,11.7275,3.6226,2.18,0.2,0.2,1,-24.047,0.0,10.709,1372,0.0,10.4,14.8,34,2702,0.0,-14.4,14.7,36,-23.778,-0.268,0,
B-A-star-1,0.0252,1789903067.7951,accel,11.7275,3.6226,2.18,0.2,0.2,1,-24.047,0.0,10.709,1372,0.0,8.8,14.8,34,2702,0.0,-12.0,14.7,36,-23.778,-0.268,0,
B-A-star-1,0.0272,1789903067.7971,accel,11.7275,3.6226,2.18,0.2,0.2,1,-24.085,-0.3343,10.706,1371,0.0,4.800000000000001,14.8,34,2702,0.0,-10.4,14.7,36,-23.778,-0.307,0,
B-A-star-1,0.02923,1789903067.7991,accel,11.7275,3.6226,2.18,0.2,0.2,1,-24.047,0.3293,10.709,1372,0.0,4.0,14.8,34,2702,0.0,-8.8,14.7,36,-23.778,-0.268,0,
B-A-star-1,0.0312,1789903067.8011,accel,11.7275,3.6226,2.18,0.2,0.2,1,-24.047,0.0,10.709,1372,0.0,1.6,14.8,34,2702,0.0,-5.6000000000000005,14.7,36,-23.778,-0.268,0,
B-A-star-1,0.03318,1789903067.8030,accel,11.7275,3.6226,2.18,0.2,0.2,1,-24.047,0.0,10.709,1372,0.0,-0.8,14.8,34,2702,0.0,-3.2,14.7,36,-23.778,-0.268,0,
B-A-star-1,0.0352,1789903067.8051,accel,11.7275,3.6226,2.18,0.2,0.2,1,-24.047,0.0,10.709,1372,0.0,-3.2,14.8,34,2701,0.0,-1.6,14.7,36,-23.74,-0.307,0,
B-A-star-1,0.03719,1789903067.8071,accel,11.7275,3.6226,2.18,0.2,0.2,1,-24.047,0.0,10.709,1372,0.0,-6.4,14.8,34,2701,0.0,1.6,14.7,36,-23.74,-0.307,0,
B-A-star-1,0.0392,1789903067.8091,accel,11.7275,3.6226,2.18,0.2,0.2,1,-24.009,0.3346,10.713,1373,0.91,-7.1000000000000005,14.8,34,2701,0.0,4.0,14.7,36,-23.74,-0.268,0,
B-A-star-1,0.0412,1789903067.8111,accel,11.7275,3.6226,2.18,0.2,0.2,1,-24.009,0.0,10.713,1373,0.0,-11.200000000000001,14.8,34,2701,-0.91,5.5,14.7,36,-23.74,-0.268,0,
B-A-star-1,0.04319,1789903067.8131,accel,11.7275,3.6226,2.18,0.2,0.2,1,-23.97,0.3348,10.716,1374,0.91,-11.9,14.8,34,2700,-0.91,8.700000000000001,14.7,36,-23.702,-0.268,0,
B-A-star-1,0.0452,1789903067.8151,accel,11.7275,3.6226,2.18,0.2,0.2,1,-23.932,0.3346,10.719,1375,1.37,-15.0,14.8,34,2699,-1.37,10.200000000000001,14.7,36,-23.663,-0.268,0,
B-A-star-1,0.04719,1789903067.8171,accel,11.7275,3.6226,2.18,0.2,0.2,1,-23.855,0.6695,10.725,1377,2.28,-14.9,14.8,34,2698,-1.82,11.700000000000001,14.7,36,-23.625,-0.23,0,
B-A-star-1,0.0492,1789903067.8191,accel,11.7275,3.6226,2.18,0.2,0.2,1,-23.817,0.3342,10.729,1378,3.19,-15.5,14.8,34,2697,-2.28,14.100000000000001,14.7,36,-23.587,-0.23,0,
B-A-star-1,0.0512,1789903067.8211,accel,11.7275,3.6226,2.18,0.2,0.2,1,-23.817,0.0,10.729,1378,2.74,-20.400000000000002,14.8,34,2696,-2.74,15.600000000000001,14.7,36,-23.548,-0.268,0,
B-A-star-1,0.0532,1789903067.8231,accel,11.7275,3.6226,2.18,0.2,0.2,1,-23.74,0.6689,10.735,1380,3.65,-20.200000000000003,14.8,34,2695,-3.19,17.900000000000002,14.7,36,-23.51,-0.23,0,
B-A-star-1,0.0552,1789903067.8251,accel,11.7275,3.6226,2.18,0.2,0.2,1,-23.663,0.6698,10.741,1382,5.02,-21.6,14.8,34,2693,-4.1,20.200000000000003,14.7,36,-23.433,-0.23,0,
B-A-star-1,0.0572,1789903067.8271,accel,11.7275,3.6226,2.18,0.2,0.2,1,-23.587,0.6695,10.748,1384,5.47,-23.1,14.8,34,2691,-5.02,20.8,14.7,36,-23.357,-0.23,0,
B-A-star-1,0.0592,1789903067.8291,accel,11.7275,3.6226,2.18,0.2,0.2,1,-23.51,0.6701,10.754,1386,6.38,-24.6,14.8,34,2689,-5.93,21.5,14.7,36,-23.28,-0.23,0,
B-A-star-1,0.0612,1789903067.8311,accel,11.7275,3.6226,2.18,0.2,0.2,1,-23.433,0.6691,10.76,1388,7.3,-25.200000000000003,14.8,34,2687,-6.84,22.1,14.7,36,-23.203,-0.23,0,
B-A-star-1,0.0632,1789903067.8331,accel,11.7275,3.6226,2.18,0.2,0.2,1,-23.318,1.0043,10.769,1391,8.66,-26.6,14.8,34,2684,-8.21,24.3,14.7,36,-23.088,-0.23,0,
B-A-star-1,0.06519,1789903067.8351,accel,11.7275,3.6226,2.18,0.2,0.2,1,-23.241,0.6697,10.776,1393,10.03,-26.400000000000002,14.8,34,2682,-8.66,25.8,14.7,36,-23.011,-0.23,0,
B-A-star-1,0.0672,1789903067.8371,accel,11.7275,3.6226,2.18,0.2,0.2,1,-23.165,0.6693,10.782,1395,10.94,-27.0,14.8,34,2679,-10.03,25.6,14.7,36,-22.896,-0.268,0,
B-A-star-1,0.0692,1789903067.8391,accel,11.7275,3.6226,2.18,0.2,0.2,1,-23.011,1.3379,10.794,1399,11.86,-28.5,14.8,34,2677,-10.49,27.900000000000002,14.7,36,-22.82,-0.192,0,
B-A-star-1,0.0712,1789903067.8411,accel,11.7275,3.6226,2.18,0.2,0.2,1,-22.896,1.0045,10.803,1402,12.77,-29.1,14.8,34,2673,-12.31,26.8,14.7,36,-22.666,-0.23,0,
B-A-star-1,0.0732,1789903067.8431,accel,11.7275,3.6226,2.18,0.2,0.2,1,-22.781,1.0032,10.812,1405,13.68,-30.6,14.8,34,2669,-13.68,28.200000000000003,14.7,36,-22.513,-0.268,0,
B-A-star-1,0.0752,1789903067.8451,accel,11.7275,3.6226,2.18,0.2,0.2,1,-22.666,1.0034,10.822,1408,15.5,-28.700000000000003,14.8,34,2666,-14.59,29.6,14.7,36,-22.398,-0.268,0,
B-A-star-1,0.0772,1789903067.8471,accel,11.7275,3.6226,2.18,0.2,0.2,1,-22.474,1.6736,10.837,1413,16.87,-30.0,14.8,34,2663,-15.96,30.200000000000003,14.7,36,-22.283,-0.192,0,
B-A-star-1,0.0792,1789903067.8491,accel,11.7275,3.6226,2.18,0.2,0.2,1,-22.321,1.3371,10.849,1417,18.24,-29.0,14.8,34,2659,-17.33,29.200000000000003,14.7,36,-22.129,-0.192,0,
B-A-star-1,0.0812,1789903067.8511,accel,11.7275,3.6226,2.18,0.2,0.2,1,-22.168,1.3417,10.86,1421,19.61,-28.8,14.8,34,2653,-19.15,28.900000000000002,14.7,36,-21.899,-0.268,0,
B-A-star-1,0.0832,1789903067.8531,accel,11.7275,3.6226,2.18,0.2,0.2,1,-22.053,1.0044,10.869,1424,20.06,-31.1,14.8,34,2649,-20.06,29.5,14.7,36,-21.746,-0.307,0,
B-A-star-1,0.0852,1789903067.8551,accel,11.7275,3.6226,2.18,0.2,0.2,1,-21.899,1.3377,10.881,1428,21.43,-30.1,14.8,34,2645,-20.98,29.400000000000002,14.7,36,-21.592,-0.307,0,
B-A-star-1,0.0872,1789903067.8571,accel,11.7275,3.6226,2.18,0.2,0.2,1,-21.707,1.6742,10.896,1433,22.34,-32.300000000000004,14.8,34,2642,-21.43,31.700000000000003,14.7,36,-21.477,-0.23,0,
B-A-star-1,0.0892,1789903067.8591,accel,11.7275,3.6226,2.18,0.2,0.2,1,-21.554,1.339,10.907,1437,23.26,-33.0,14.8,34,2637,-23.71,28.1,14.7,36,-21.286,-0.268,0,
B-A-star-1,0.0912,1789903067.8611,accel,11.7275,3.6226,2.18,0.2,0.2,1,-21.401,1.3374,10.919,1441,24.17,-32.800000000000004,14.8,34,2633,-24.17,29.6,14.7,36,-21.132,-0.268,0,
B-A-star-1,0.0932,1789903067.8631,accel,11.7275,3.6226,2.18,0.2,0.2,1,-21.209,1.674,10.933,1446,25.54,-31.8,14.8,34,2628,-25.54,27.8,14.7,36,-20.94,-0.268,0,
B-A-star-1,0.0952,1789903067.8651,accel,11.7275,3.6226,2.18,0.2,0.2,1,-20.979,2.0068,10.95,1452,26.45,-32.5,14.8,34,2624,-26.45,30.1,14.7,36,-20.787,-0.192,0,
B-A-star-1,0.0972,1789903067.8671,accel,11.7275,3.6226,2.18,0.2,0.2,1,-20.787,1.6724,10.964,1457,27.36,-32.300000000000004,14.8,34,2619,-26.9,31.6,14.7,36,-20.595,-0.192,0,
B-A-star-1,0.0992,1789903067.8691,accel,11.7275,3.6226,2.18,0.2,0.2,1,-20.557,2.0109,10.981,1463,28.73,-30.5,14.8,34,2614,-27.82,30.6,14.7,36,-20.403,-0.153,0,
B-A-star-1,0.1012,1789903067.8711,accel,11.7275,3.6226,2.18,0.2,0.2,1,-20.365,1.6718,10.994,1468,29.64,-29.5,14.8,34,2610,-28.27,32.1,14.7,36,-20.25,-0.115,0,
B-A-star-1,0.1032,1789903067.8731,accel,11.7275,3.6226,2.18,0.2,0.2,1,-20.212,1.3403,11.005,1472,30.55,-29.400000000000002,14.8,34,2604,-29.64,30.3,14.7,36,-20.02,-0.192,0,
B-A-star-1,0.1052,1789903067.8751,accel,11.7275,3.6226,2.18,0.2,0.2,1,-19.905,2.6783,11.027,1480,31.46,-29.200000000000003,14.8,34,2596,-30.55,29.400000000000002,14.7,36,-19.713,-0.192,0,
B-A-star-1,0.1072,1789903067.8771,accel,11.7275,3.6226,2.18,0.2,0.2,1,-19.675,2.0071,11.043,1486,32.83,-26.6,14.8,34,2590,-32.38,26.700000000000003,14.7,36,-19.483,-0.192,0,
B-A-star-1,0.1092,1789903067.8791,accel,11.7275,3.6226,2.18,0.2,0.2,1,-19.521,1.3393,11.053,1490,32.83,-29.0,14.8,34,2585,-32.83,27.400000000000002,14.7,36,-19.291,-0.23,0,
B-A-star-1,0.1112,1789903067.8811,accel,11.7275,3.6226,2.18,0.2,0.2,1,-19.253,2.3405,11.071,1497,34.66,-24.700000000000003,14.8,34,2579,-33.74,25.6,14.7,36,-19.061,-0.192,0,
B-A-star-1,0.1132,1789903067.8831,accel,11.7275,3.6226,2.18,0.2,0.2,1,-18.984,2.3455,11.089,1504,36.02,-22.1,14.8,34,2571,-34.66,25.5,14.7,36,-18.754,-0.23,0,
B-A-star-1,0.1152,1789903067.8851,accel,11.7275,3.6226,2.18,0.2,0.2,1,-18.831,1.339,11.1,1508,36.02,-23.700000000000003,14.8,34,2563,-36.94,20.3,14.7,36,-18.447,-0.384,0,
B-A-star-1,0.1172,1789903067.8871,accel,11.7275,3.6226,2.18,0.2,0.2,1,-18.562,2.3427,11.117,1515,37.85,-20.200000000000003,14.8,34,2557,-37.39,19.400000000000002,14.7,36,-18.217,-0.345,0,
B-A-star-1,0.1192,1789903067.8891,accel,11.7275,3.6226,2.18,0.2,0.2,1,-18.256,2.677,11.137,1523,38.3,-20.900000000000002,14.8,34,2552,-37.39,21.0,14.7,36,-18.026,-0.23,0,
B-A-star-1,0.1212,1789903067.8911,accel,11.7275,3.6226,2.18,0.2,0.2,1,-17.987,2.3421,11.154,1530,40.13,-16.6,14.8,34,2545,-39.22,16.7,14.7,36,-17.757,-0.23,0,
B-A-star-1,0.1232,1789903067.8931,accel,11.7275,3.6226,2.18,0.2,0.2,1,-17.757,2.0064,11.169,1536,40.58,-16.5,14.8,34,2536,-40.13,15.8,14.7,36,-17.412,-0.345,0,
B-A-star-1,0.12518,1789903067.8951,accel,11.7275,3.6226,2.18,0.2,0.2,1,-17.489,2.3599,11.185,1543,41.95,-13.100000000000001,14.8,34,2529,-41.95,12.3,14.7,36,-17.143,-0.345,0,
B-A-star-1,0.1272,1789903067.8971,accel,11.7275,3.6226,2.18,0.2,0.2,1,-17.182,2.658,11.204,1551,41.5,-15.5,14.8,34,2525,-41.95,13.9,14.7,36,-16.99,-0.192,0,
B-A-star-1,0.1292,1789903067.8991,accel,11.7275,3.6226,2.18,0.2,0.2,1,-16.913,2.3441,11.22,1558,43.32,-12.0,14.8,34,2517,-43.32,10.4,14.7,36,-16.683,-0.23,0,
B-A-star-1,0.13119,1789903067.9011,accel,11.7275,3.6226,2.18,0.2,0.2,1,-16.645,2.3472,11.236,1565,43.78,-10.4,14.8,34,2511,-43.32,12.0,14.7,36,-16.453,-0.192,0,
B-A-star-1,0.1332,1789903067.9031,accel,11.7275,3.6226,2.18,0.2,0.2,1,-16.453,1.672,11.247,1570,43.32,-12.8,14.8,34,2505,-44.69,7.800000000000001,14.7,36,-16.223,-0.23,0,
B-A-star-1,0.1352,1789903067.9051,accel,11.7275,3.6226,2.18,0.2,0.2,1,-16.185,2.3433,11.262,1577,44.23,-10.3,14.8,34,2498,-45.14,6.9,14.7,36,-15.955,-0.23,0,
B-A-star-1,0.13719,1789903067.9071,accel,11.7275,3.6226,2.18,0.2,0.2,1,-15.839,3.0182,11.282,1586,44.23,-11.100000000000001,14.8,34,2489,-44.23,9.5,14.7,36,-15.609,-0.23,0,
B-A-star-1,0.13927,1789903067.9091,accel,11.7275,3.6226,2.18,0.2,0.2,1,-15.533,2.5754,11.299,1594,46.06,-6.800000000000001,14.8,34,2482,-45.6,6.9,14.7,36,-15.341,-0.192,0,
B-A-star-1,0.14126,1789903067.9111,accel,11.7275,3.6226,2.18,0.2,0.2,1,-15.341,1.6846,11.309,1599,45.14,-9.3,14.8,34,2476,-45.6,7.7,14.7,36,-15.111,-0.23,0,
B-A-star-1,0.14326,1789903067.9131,accel,11.7275,3.6226,2.18,0.2,0.2,1,-15.111,2.0087,11.322,1605,45.6,-8.5,14.8,34,2469,-46.51,5.1000000000000005,14.7,36,-14.842,-0.268,0,
B-A-star-1,0.14526,1789903067.9151,accel,11.7275,3.6226,2.18,0.2,0.2,1,-14.766,3.0074,11.34,1614,45.6,-9.3,14.8,34,2460,-46.06,6.800000000000001,14.7,36,-14.497,-0.268,0,
B-A-star-1,0.14728,1789903067.9171,accel,11.7275,3.6226,2.18,0.2,0.2,1,-14.459,2.6518,11.356,1622,46.97,-5.0,14.8,34,2453,-46.97,5.0,14.7,36,-14.229,-0.23,0,
B-A-star-1,0.14926,1789903067.9191,accel,11.7275,3.6226,2.18,0.2,0.2,1,-14.19,2.3601,11.369,1629,46.97,-5.0,14.8,34,2445,-46.97,3.4000000000000004,14.7,36,-13.922,-0.268,0,
B-A-star-1,0.15128,1789903067.9211,accel,11.7275,3.6226,2.18,0.2,0.2,1,-13.96,1.9968,11.381,1635,46.51,-5.9,14.8,34,2439,-46.51,5.1000000000000005,14.7,36,-13.692,-0.268,0,
B-A-star-1,0.15326,1789903067.9231,accel,11.7275,3.6226,2.18,0.2,0.2,1,-13.653,2.7002,11.396,1643,47.88,-2.5,14.8,34,2432,-47.42,2.6,14.7,36,-13.423,-0.23,0,
B-A-star-1,0.15526,1789903067.9251,accel,11.7275,3.6226,2.18,0.2,0.2,1,-13.462,1.6692,11.405,1648,47.88,-3.3000000000000003,14.7,34,2423,-47.42,3.4000000000000004,14.6,36,-13.078,-0.384,0,
B-A-star-1,0.15726,1789903067.9271,accel,11.7275,3.6226,2.18,0.2,0.2,1,-13.155,2.6786,11.42,1656,48.79,0.1,14.7,34,2415,-47.88,1.7000000000000002,14.6,36,-12.771,-0.384,0,
B-A-star-1,0.15925,1789903067.9291,accel,11.7275,3.6226,2.18,0.2,0.2,1,-12.771,3.3627,11.437,1666,48.34,-1.6,14.7,34,2408,-48.34,0.0,14.6,36,-12.503,-0.268,0,
B-A-star-1,0.16125,1789903067.9311,accel,11.7275,3.6226,2.18,0.2,0.2,1,-12.464,2.679,11.451,1674,49.25,1.7000000000000002,14.7,34,2400,-49.7,-3.4000000000000004,14.6,36,-12.196,-0.268,0,
B-A-star-1,0.16325,1789903067.9331,accel,11.7275,3.6226,2.18,0.2,0.2,1,-12.119,3.0156,11.466,1683,50.16,5.1000000000000005,14.7,34,2389,-49.7,-4.2,14.6,36,-11.774,-0.345,0,
B-A-star-1,0.16527,1789903067.9351,accel,11.7275,3.6226,2.18,0.2,0.2,1,-11.851,2.3211,11.477,1690,50.62,6.0,14.7,34,2381,-50.62,-7.6000000000000005,14.6,36,-11.467,-0.384,0,
B-A-star-1,0.16726,1789903067.9371,accel,11.7275,3.6226,2.18,0.2,0.2,1,-11.544,2.6963,11.49,1698,51.53,9.3,14.7,34,2372,-51.53,-10.9,14.6,36,-11.122,-0.422,0,
B-A-star-1,0.16926,1789903067.9391,accel,11.7275,3.6226,2.18,0.2,0.2,1,-11.161,3.3419,11.505,1708,51.07,8.4,14.7,34,2366,-51.07,-10.0,14.6,36,-10.892,-0.268,0,
B-A-star-1,0.17127,1789903067.9411,accel,11.7275,3.6226,2.18,0.2,0.2,1,-10.854,2.6631,11.517,1716,51.98,11.8,14.7,34,2359,-51.98,-11.8,14.6,36,-10.624,-0.23,0,
B-A-star-1,0.17326,1789903067.9431,accel,11.7275,3.6226,2.18,0.2,0.2,1,-10.624,2.0191,11.526,1722,51.53,10.100000000000001,14.7,34,2349,-51.53,-10.9,14.6,36,-10.24,-0.384,0,
B-A-star-1,0.17528,1789903067.9452,accel,11.7275,3.6226,2.18,0.2,0.2,1,-10.355,2.3135,11.536,1729,52.9,13.5,14.7,34,2341,-52.44,-14.3,14.6,36,-9.933,-0.422,0,
B-A-star-1,0.17726,1789903067.9471,accel,11.7275,3.6226,2.18,0.2,0.2,1,-9.972,3.3953,11.55,1739,51.98,12.600000000000001,14.7,34,2335,-51.98,-12.600000000000001,14.6,36,-9.703,-0.268,0,
B-A-star-1,0.17925,1789903067.9491,accel,11.7275,3.6226,2.18,0.2,0.2,1,-9.703,2.3444,11.559,1746,52.9,14.3,14.7,34,2327,-52.9,-15.9,14.6,36,-9.396,-0.307,0,
B-A-star-1,0.18127,1789903067.9511,accel,11.7275,3.6226,2.18,0.2,0.2,1,-9.396,2.6599,11.57,1754,52.9,15.100000000000001,14.7,34,2319,-53.35,-17.6,14.6,36,-9.089,-0.307,0,
B-A-star-1,0.18325,1789903067.9531,accel,11.7275,3.6226,2.18,0.2,0.2,1,-9.166,2.0218,11.578,1760,52.44,14.3,14.7,34,2313,-52.9,-15.9,14.6,36,-8.859,-0.307,0,
B-A-star-1,0.18525,1789903067.9551,accel,11.7275,3.6226,2.18,0.2,0.2,1,-8.898,2.3427,11.586,1767,52.9,15.100000000000001,14.7,34,2305,-53.81,-19.3,14.6,36,-8.553,-0.345,0,
B-A-star-1,0.18726,1789903067.9571,accel,11.7275,3.6226,2.18,0.2,0.2,1,-8.514,3.33,11.598,1777,51.98,14.200000000000001,14.7,34,2295,-52.9,-17.5,14.6,36,-8.169,-0.345,0,
B-A-star-1,0.18927,1789903067.9591,accel,11.7275,3.6226,2.18,0.2,0.2,1,-8.207,2.6656,11.607,1785,52.9,16.7,14.7,34,2289,-52.44,-15.9,14.6,36,-7.939,-0.268,0,
B-A-star-1,0.19126,1789903067.9611,accel,11.7275,3.6226,2.18,0.2,0.2,1,-7.977,2.0242,11.614,1791,51.98,14.200000000000001,14.7,34,2282,-51.98,-15.8,14.6,36,-7.67,-0.307,0,
B-A-star-1,0.19325,1789903067.9631,accel,11.7275,3.6226,2.18,0.2,0.2,1,-7.709,2.3486,11.621,1798,51.98,15.8,14.7,34,2274,-52.44,-17.5,14.6,36,-7.364,-0.345,0,
B-A-star-1,0.19526,1789903067.9651,accel,11.7275,3.6226,2.18,0.2,0.2,1,-7.364,3.0049,11.631,1807,50.62,12.4,14.7,34,2265,-50.62,-13.200000000000001,14.6,36,-7.018,-0.345,0,
B-A-star-1,0.19727,1789903067.9671,accel,11.7275,3.6226,2.18,0.2,0.2,1,-7.057,2.6602,11.638,1815,51.53,14.9,14.7,34,2257,-51.53,-16.5,14.6,36,-6.712,-0.345,0,
B-A-star-1,0.19926,1789903067.9691,accel,11.7275,3.6226,2.18,0.2,0.2,1,-6.712,3.0308,11.647,1824,51.98,18.2,14.7,34,2249,-51.53,-17.3,14.6,36,-6.405,-0.307,0,
B-A-star-1,0.20125,1789903067.9711,const,11.7275,3.6226,2.18,0.2,0.2,1,-6.52,1.682,11.651,1829,50.62,14.0,14.7,34,2243,-51.07,-16.400000000000002,14.6,36,-6.175,-0.345,0,
B-A-star-1,0.20325,1789903067.9731,const,11.7275,3.6226,2.18,0.2,0.2,1,-6.213,2.6713,11.658,1837,51.53,17.3,14.7,34,2235,-51.98,-19.0,14.6,36,-5.868,-0.345,0,
B-A-star-1,0.20529,1789903067.9752,const,11.7275,3.6226,2.18,0.2,0.2,1,-5.945,2.3024,11.664,1844,51.07,16.400000000000002,14.7,34,2225,-50.62,-16.400000000000002,14.6,36,-5.484,-0.46,0,
B-A-star-1,0.20724,1789903067.9771,const,11.7275,3.6226,2.18,0.2,0.2,1,-5.638,2.7351,11.671,1852,51.98,19.8,14.7,34,2216,-52.44,-22.3,14.6,36,-5.139,-0.499,0,
B-A-star-1,0.20925,1789903067.9791,const,11.7275,3.6226,2.18,0.2,0.2,1,-5.254,3.3372,11.678,1862,51.53,18.900000000000002,14.7,34,2209,-51.98,-21.400000000000002,14.6,36,-4.871,-0.384,0,
B-A-star-1,0.21125,1789903067.9811,const,11.7275,3.6226,2.18,0.2,0.2,1,-4.947,2.6732,11.684,1870,52.44,21.5,14.7,34,2201,-52.9,-24.700000000000003,14.6,36,-4.564,-0.384,0,
B-A-star-1,0.21325,1789903067.9831,const,11.7275,3.6226,2.18,0.2,0.2,1,-4.641,2.6767,11.689,1878,52.9,23.900000000000002,14.7,34,2190,-52.44,-24.700000000000003,14.6,36,-4.142,-0.499,0,
B-A-star-1,0.21528,1789903067.9851,const,11.7275,3.6226,2.18,0.2,0.2,1,-4.411,1.9823,11.693,1884,51.98,21.400000000000002,14.7,34,2182,-53.81,-28.1,14.6,36,-3.835,-0.575,0,
B-A-star-1,0.21726,1789903067.9871,const,11.7275,3.6226,2.18,0.2,0.2,1,-4.065,3.0447,11.698,1893,53.35,26.400000000000002,14.7,34,2173,-54.26,-31.400000000000002,14.6,36,-3.49,-0.575,0,
B-A-star-1,0.21925,1789903067.9891,const,11.7275,3.6226,2.18,0.2,0.2,1,-3.643,3.6915,11.704,1904,52.9,26.3,14.7,34,2166,-53.81,-30.5,14.6,36,-3.222,-0.422,0,
B-A-star-1,0.22125,1789903067.9911,const,11.7275,3.6226,2.18,0.2,0.2,1,-3.298,3.0149,11.708,1913,54.26,30.6,14.7,34,2158,-54.26,-32.2,14.6,36,-2.915,-0.384,0,
B-A-star-1,0.22326,1789903067.9931,const,11.7275,3.6226,2.18,0.2,0.2,1,-3.068,1.9957,11.71,1919,53.81,29.700000000000003,14.7,34,2152,-54.26,-32.2,14.6,36,-2.685,-0.384,0,
B-A-star-1,0.22525,1789903067.9951,const,11.7275,3.6226,2.18,0.2,0.2,1,-2.761,2.6918,11.714,1927,54.72,32.300000000000004,14.7,34,2144,-55.18,-34.7,14.6,36,-2.378,-0.384,0,
B-A-star-1,0.22725,1789903067.9971,const,11.7275,3.6226,2.18,0.2,0.2,1,-2.339,3.6796,11.717,1938,53.81,31.3,14.7,34,2134,-54.26,-33.0,14.6,36,-1.994,-0.345,0,
B-A-star-1,0.22925,1789903067.9991,const,11.7275,3.6226,2.18,0.2,0.2,1,-2.033,2.6802,11.72,1946,55.18,35.5,14.7,34,2125,-55.63,-38.0,14.6,36,-1.649,-0.384,0,
B-A-star-1,0.23126,1789903068.0011,const,11.7275,3.6226,2.18,0.2,0.2,1,-1.688,3.0088,11.722,1955,55.63,38.0,14.7,34,2116,-56.09,-40.5,14.6,36,-1.304,-0.384,0,
B-A-star-1,0.23325,1789903068.0031,const,11.7275,3.6226,2.18,0.2,0.2,1,-1.419,2.3441,11.724,1962,54.72,37.1,14.7,34,2109,-55.18,-39.5,14.6,36,-1.036,-0.384,0,
B-A-star-1,0.23525,1789903068.0051,const,11.7275,3.6226,2.18,0.2,0.2,1,-1.112,2.6767,11.725,1970,56.09,40.5,14.7,34,2100,-57.0,-44.6,14.6,36,-0.69,-0.422,0,
B-A-star-1,0.23727,1789903068.0071,const,11.7275,3.6226,2.18,0.2,0.2,1,-0.652,3.9894,11.727,1982,55.63,41.2,14.7,34,2089,-55.63,-42.800000000000004,14.6,36,-0.268,-0.384,0,
B-A-star-1,0.23926,1789903068.0091,const,11.7275,3.6226,2.18,0.2,0.2,1,-0.345,2.6896,11.727,1990,57.0,46.2,14.7,34,2081,-56.54,-46.2,14.6,36,0.038,-0.384,0,
B-A-star-1,0.24125,1789903068.0111,const,11.7275,3.6226,2.18,0.2,0.2,1,-0.077,2.3542,11.727,1997,56.54,45.400000000000006,14.7,34,2074,-56.09,-45.300000000000004,14.6,36,0.307,-0.384,0,
B-A-star-1,0.24325,1789903068.0131,const,11.7275,3.6226,2.18,0.2,0.2,1,0.268,3.0095,11.727,2006,57.46,49.5,14.7,34,2065,-57.0,-49.400000000000006,14.6,36,0.652,-0.384,0,
B-A-star-1,0.24526,1789903068.0151,const,11.7275,3.6226,2.18,0.2,0.2,1,0.614,2.9974,11.727,2015,58.37,52.900000000000006,14.7,34,2054,-56.09,-48.5,14.6,36,1.074,-0.46,0,
B-A-star-1,0.24728,1789903068.0172,const,11.7275,3.6226,2.18,0.2,0.2,1,0.882,2.3159,11.726,2022,57.46,51.900000000000006,14.7,34,2046,-57.0,-51.0,14.6,36,1.381,-0.499,0,
B-A-star-1,0.24925,1789903068.0191,const,11.7275,3.6226,2.18,0.2,0.2,1,1.189,2.7179,11.725,2030,57.91,53.6,14.7,34,2037,-57.0,-53.400000000000006,14.6,36,1.726,-0.537,0,
B-A-star-1,0.25125,1789903068.0211,const,11.7275,3.6226,2.18,0.2,0.2,1,1.611,3.6897,11.723,2041,57.0,52.6,14.7,34,2031,-56.09,-50.900000000000006,14.6,36,1.956,-0.345,0,
B-A-star-1,0.25326,1789903068.0231,const,11.7275,3.6226,2.18,0.2,0.2,1,1.956,2.9906,11.72,2050,58.37,57.7,14.7,34,2022,-57.46,-55.1,14.6,36,2.301,-0.345,0,
B-A-star-1,0.25525,1789903068.0251,const,11.7275,3.6226,2.18,0.2,0.2,1,2.224,2.3562,11.718,2057,57.91,56.800000000000004,14.7,34,2010,-57.46,-57.5,14.6,36,2.761,-0.537,0,
B-A-star-1,0.25726,1789903068.0271,const,11.7275,3.6226,2.18,0.2,0.2,1,2.531,2.671,11.716,2065,58.37,58.5,14.7,34,2001,-58.82,-61.7,14.6,36,3.107,-0.575,0,
B-A-star-1,0.2594,1789903068.0293,const,11.7275,3.6226,2.18,0.2,0.2,1,2.953,3.4399,11.712,2076,57.91,59.2,14.7,34,1995,-57.46,-58.300000000000004,14.6,36,3.337,-0.384,0,
B-A-star-1,0.26135,1789903068.0312,const,11.7275,3.6226,2.18,0.2,0.2,1,3.26,2.7438,11.708,2084,58.37,60.900000000000006,14.7,34,1987,-57.46,-59.900000000000006,14.6,36,3.643,-0.384,0,
B-A-star-1,0.26339,1789903068.0333,const,11.7275,3.6226,2.18,0.2,0.2,1,3.605,2.9584,11.704,2093,58.37,63.300000000000004,14.7,34,1975,-56.54,-59.0,14.6,36,4.104,-0.499,0,
B-A-star-1,0.26536,1789903068.0352,const,11.7275,3.6226,2.18,0.2,0.2,1,3.874,2.3764,11.7,2100,57.91,62.400000000000006,14.7,34,1967,-57.0,-60.6,14.6,36,4.411,-0.537,0,
B-A-star-1,0.26734,1789903068.0372,const,11.7275,3.6226,2.18,0.2,0.2,1,4.142,2.3687,11.697,2107,57.46,61.5,14.7,34,1959,-57.0,-62.2,14.6,36,4.717,-0.575,0,
B-A-star-1,0.26936,1789903068.0392,const,11.7275,3.6226,2.18,0.2,0.2,1,4.526,3.3077,11.691,2117,56.09,60.5,14.7,34,1953,-55.63,-58.800000000000004,14.6,36,4.947,-0.422,0,
B-A-star-1,0.27127,1789903068.0411,const,11.7275,3.6226,2.18,0.2,0.2,1,4.832,2.7995,11.686,2125,57.0,63.0,17.3,34,1945,-56.54,-62.2,17.2,36,5.254,-0.422,0,
B-A-star-1,0.27326,1789903068.0431,const,11.7275,3.6226,2.18,0.2,0.2,1,5.062,2.0193,11.682,2131,55.63,59.6,17.3,34,1939,-55.18,-58.7,17.2,36,5.484,-0.422,0,
B-A-star-1,0.27525,1789903068.0451,const,11.7275,3.6226,2.18,0.2,0.2,1,5.331,2.3522,11.677,2138,55.63,60.400000000000006,17.3,34,1931,-55.63,-61.2,17.2,36,5.791,-0.46,0,
B-A-star-1,0.27725,1789903068.0471,const,11.7275,3.6226,2.18,0.2,0.2,1,5.714,3.3463,11.669,2148,54.26,57.800000000000004,17.3,34,1922,-53.81,-56.900000000000006,17.2,36,6.136,-0.422,0,
B-A-star-1,0.27927,1789903068.0491,const,11.7275,3.6226,2.18,0.2,0.2,1,5.983,2.325,11.663,2155,54.26,58.6,17.3,34,1915,-54.26,-57.800000000000004,17.2,36,6.405,-0.422,0,
B-A-star-1,0.28126,1789903068.0511,const,11.7275,3.6226,2.18,0.2,0.2,1,6.251,2.3491,11.658,2162,53.81,57.7,17.3,34,1907,-53.81,-58.5,17.2,36,6.712,-0.46,0,
B-A-star-1,0.28325,1789903068.0531,const,11.7275,3.6226,2.18,0.2,0.2,1,6.482,2.0206,11.652,2168,52.44,54.300000000000004,17.3,34,1901,-52.9,-55.900000000000006,17.2,36,6.942,-0.46,0,
B-A-star-1,0.28525,1789903068.0551,const,11.7275,3.6226,2.18,0.2,0.2,1,6.788,2.6735,11.645,2176,53.35,57.6,17.3,34,1893,-52.9,-56.7,17.2,36,7.249,-0.46,0,
B-A-star-1,0.28726,1789903068.0571,const,11.7275,3.6226,2.18,0.2,0.2,1,7.134,3.0045,11.636,2185,51.53,53.300000000000004,17.3,34,1883,-51.98,-55.800000000000004,17.2,36,7.632,-0.499,0,
B-A-star-1,0.28925,1789903068.0591,const,11.7275,3.6226,2.18,0.2,0.2,1,7.402,2.3584,11.63,2192,51.53,53.300000000000004,17.3,34,1876,-51.98,-55.800000000000004,17.2,36,7.901,-0.499,0,
B-A-star-1,0.29127,1789903068.0611,const,11.7275,3.6226,2.18,0.2,0.2,1,7.632,1.9886,11.623,2198,50.16,50.7,17.3,34,1871,-50.62,-51.6,17.2,36,8.092,-0.46,0,
B-A-star-1,0.29326,1789903068.0631,const,11.7275,3.6226,2.18,0.2,0.2,1,7.939,2.6883,11.615,2206,50.62,52.400000000000006,17.3,34,1863,-51.07,-54.0,17.2,36,8.399,-0.46,0,
B-A-star-1,0.29525,1789903068.0651,const,11.7275,3.6226,2.18,0.2,0.2,1,8.207,2.35,11.607,2213,50.62,53.2,17.3,34,1854,-49.7,-50.6,17.2,36,8.744,-0.537,0,
B-A-star-1,0.29726,1789903068.0671,const,11.7275,3.6226,2.18,0.2,0.2,1,8.399,1.671,11.601,2218,48.79,48.1,17.3,34,1847,-50.16,-51.5,17.2,36,9.013,-0.614,0,
B-A-star-1,0.29926,1789903068.0691,const,11.7275,3.6226,2.18,0.2,0.2,1,8.706,2.671,11.592,2226,49.7,51.400000000000006,17.3,34,1840,-49.7,-51.400000000000006,17.2,36,9.281,-0.575,0,
B-A-star-1,0.30125,1789903068.0711,const,11.7275,3.6226,2.18,0.2,0.2,1,9.013,2.6841,11.582,2234,48.34,47.2,17.3,34,1834,-48.79,-48.900000000000006,17.2,36,9.511,-0.499,0,
B-A-star-1,0.30326,1789903068.0731,const,11.7275,3.6226,2.18,0.2,0.2,1,9.32,2.6685,11.572,2242,48.34,47.2,17.3,34,1828,-48.79,-48.900000000000006,17.2,36,9.741,-0.422,0,
B-A-star-1,0.30526,1789903068.0751,const,11.7275,3.6226,2.18,0.2,0.2,1,9.55,2.0111,11.565,2248,47.88,46.300000000000004,17.3,34,1820,-47.42,-44.6,17.2,36,10.048,-0.499,0,
B-A-star-1,0.30726,1789903068.0771,const,11.7275,3.6226,2.18,0.2,0.2,1,9.78,2.0114,11.557,2254,47.88,45.5,17.3,34,1813,-47.88,-45.5,17.2,36,10.317,-0.537,0,
B-A-star-1,0.30927,1789903068.0791,const,11.7275,3.6226,2.18,0.2,0.2,1,10.087,2.658,11.546,2262,46.51,41.300000000000004,17.3,34,1807,-47.42,-44.6,17.2,36,10.547,-0.46,0,
B-A-star-1,0.31126,1789903068.0811,const,11.7275,3.6226,2.18,0.2,0.2,1,10.393,2.6973,11.535,2270,47.88,45.5,17.3,34,1800,-47.88,-45.5,17.2,36,10.815,-0.422,0,
B-A-star-1,0.31327,1789903068.0831,const,11.7275,3.6226,2.18,0.2,0.2,1,10.624,1.9893,11.526,2276,46.97,43.0,17.3,34,1793,-47.42,-45.400000000000006,17.2,36,11.084,-0.46,0,
B-A-star-1,0.31527,1789903068.0851,const,11.7275,3.6226,2.18,0.2,0.2,1,10.854,2.0111,11.517,2282,46.51,42.1,17.3,34,1786,-46.51,-42.900000000000006,17.2,36,11.352,-0.499,0,
B-A-star-1,0.31726,1789903068.0871,const,11.7275,3.6226,2.18,0.2,0.2,1,11.122,2.3604,11.507,2289,46.97,43.0,17.3,34,1779,-46.97,-43.800000000000004,17.2,36,11.621,-0.499,0,
B-A-star-1,0.31927,1789903068.0891,const,11.7275,3.6226,2.18,0.2,0.2,1,11.467,2.9981,11.493,2298,45.6,39.5,17.3,34,1770,-46.51,-42.900000000000006,17.2,36,11.966,-0.499,0,
B-A-star-1,0.32126,1789903068.0911,const,11.7275,3.6226,2.18,0.2,0.2,1,11.736,2.3522,11.482,2305,46.51,42.1,17.3,34,1763,-46.97,-43.800000000000004,17.2,36,12.234,-0.499,0,
B-A-star-1,0.32327,1789903068.0931,const,11.7275,3.6226,2.18,0.2,0.2,1,11.928,1.6646,11.474,2310,45.6,38.7,17.3,34,1757,-46.51,-42.1,17.2,36,12.464,-0.537,0,
B-A-star-1,0.32527,1789903068.0951,const,11.7275,3.6226,2.18,0.2,0.2,1,12.196,2.3394,11.463,2317,46.06,40.400000000000006,17.3,34,1750,-46.97,-43.800000000000004,17.2,36,12.733,-0.537,0,
B-A-star-1,0.32725,1789903068.0971,const,11.7275,3.6226,2.18,0.2,0.2,1,12.541,3.0418,11.447,2326,45.14,37.9,17.3,34,1741,-46.06,-41.2,17.2,36,13.078,-0.537,0,
B-A-star-1,0.32928,1789903068.0991,const,11.7275,3.6226,2.18,0.2,0.2,1,12.81,2.3129,11.435,2333,45.6,38.7,17.3,34,1734,-46.97,-43.0,17.2,36,13.347,-0.537,0,
B-A-star-1,0.33127,1789903068.1011,const,11.7275,3.6226,2.18,0.2,0.2,1,13.078,2.3491,11.423,2340,46.06,40.400000000000006,17.3,34,1728,-46.51,-42.1,17.2,36,13.577,-0.499,0,
B-A-star-1,0.33326,1789903068.1031,const,11.7275,3.6226,2.18,0.2,0.2,1,13.27,1.68,11.414,2345,45.14,37.1,17.3,34,1722,-46.06,-39.6,17.2,36,13.807,-0.537,0,
B-A-star-1,0.33525,1789903068.1051,const,11.7275,3.6226,2.18,0.2,0.2,1,13.538,2.3587,11.401,2352,46.06,39.6,17.3,34,1715,-46.97,-42.2,17.2,36,14.075,-0.537,0,
B-A-star-1,0.33727,1789903068.1071,const,11.7275,3.6226,2.18,0.2,0.2,1,13.73,1.6589,11.392,2357,45.6,37.1,17.3,34,1707,-45.6,-37.9,17.2,36,14.382,-0.652,0,
B-A-star-1,0.33926,1789903068.1091,const,11.7275,3.6226,2.18,0.2,0.2,1,13.96,2.0138,11.381,2363,46.06,37.2,17.3,34,1700,-46.51,-39.7,17.2,36,14.651,-0.69,0,
B-A-star-1,0.34125,1789903068.1111,const,11.7275,3.6226,2.18,0.2,0.2,1,14.305,3.0305,11.364,2372,45.14,35.5,17.3,34,1695,-45.6,-37.1,17.2,36,14.842,-0.537,0,
B-A-star-1,0.34327,1789903068.1131,const,11.7275,3.6226,2.18,0.2,0.2,1,14.574,2.3233,11.35,2379,46.06,37.2,17.3,34,1688,-45.6,-37.1,17.2,36,15.111,-0.537,0,
B-A-star-1,0.34528,1789903068.1151,const,11.7275,3.6226,2.18,0.2,0.2,1,14.842,2.3319,11.336,2386,46.06,38.0,17.3,34,1678,-45.6,-37.1,17.2,36,15.494,-0.652,0,
B-A-star-1,0.34726,1789903068.1171,const,11.7275,3.6226,2.18,0.2,0.2,1,15.034,1.6878,11.326,2391,45.14,34.7,17.3,34,1671,-46.51,-39.7,17.2,36,15.763,-0.729,0,
B-A-star-1,0.34925,1789903068.1191,const,11.7275,3.6226,2.18,0.2,0.2,1,15.303,2.3556,11.311,2398,45.6,35.5,17.3,34,1665,-46.06,-38.0,17.2,36,15.993,-0.69,0,
B-A-star-1,0.35125,1789903068.1211,const,11.7275,3.6226,2.18,0.2,0.2,1,15.648,3.011,11.293,2407,45.14,34.7,17.3,34,1660,-44.69,-34.6,17.2,36,16.185,-0.537,0,
B-A-star-1,0.35323,1789903068.1231,const,11.7275,3.6226,2.18,0.2,0.2,1,15.916,2.3613,11.278,2414,45.6,35.5,17.3,34,1653,-45.6,-36.300000000000004,17.2,36,16.453,-0.537,0,
B-A-star-1,0.35517,1789903068.1250,const,11.7275,3.6226,2.18,0.2,0.2,1,16.108,1.7284,11.267,2419,44.69,32.2,17.3,34,1648,-44.23,-32.1,17.2,36,16.645,-0.537,0,
B-A-star-1,0.35717,1789903068.1270,const,11.7275,3.6226,2.18,0.2,0.2,1,16.338,2.008,11.254,2425,45.14,33.1,17.3,34,1639,-44.69,-33.0,17.2,36,16.99,-0.652,0,
B-A-star-1,0.35917,1789903068.1290,const,11.7275,3.6226,2.18,0.2,0.2,1,16.683,3.0135,11.234,2434,43.78,28.8,17.3,34,1634,-43.78,-29.6,17.2,36,17.182,-0.499,0,
B-A-star-1,0.36117,1789903068.1310,const,11.7275,3.6226,2.18,0.2,0.2,1,16.952,2.3427,11.218,2441,44.69,31.400000000000002,17.3,34,1627,-44.69,-31.400000000000002,17.2,36,17.45,-0.499,0,
B-A-star-1,0.36317,1789903068.1330,const,11.7275,3.6226,2.18,0.2,0.2,1,17.22,2.343,11.202,2448,45.14,32.300000000000004,17.3,34,1620,-44.69,-32.2,17.2,36,17.719,-0.499,0,
B-A-star-1,0.36517,1789903068.1350,const,11.7275,3.6226,2.18,0.2,0.2,1,17.412,1.6716,11.19,2453,44.23,28.900000000000002,17.3,34,1616,-43.78,-28.8,17.2,36,17.872,-0.46,0,
B-A-star-1,0.36717,1789903068.1370,const,11.7275,3.6226,2.18,0.2,0.2,1,17.642,2.0102,11.176,2459,44.69,29.8,17.3,34,1609,-44.69,-31.400000000000002,17.2,36,18.141,-0.499,0,
B-A-star-1,0.36917,1789903068.1390,const,11.7275,3.6226,2.18,0.2,0.2,1,17.949,2.6783,11.157,2467,43.78,27.200000000000003,17.3,34,1601,-43.78,-28.8,17.2,36,18.447,-0.499,0,
B-A-star-1,0.37117,1789903068.1410,const,11.7275,3.6226,2.18,0.2,0.2,1,18.179,2.0085,11.142,2473,43.78,27.200000000000003,17.3,34,1595,-43.78,-28.8,17.2,36,18.678,-0.499,0,
B-A-star-1,0.37319,1789903068.1431,const,11.7275,3.6226,2.18,0.2,0.2,1,18.409,1.9912,11.127,2479,43.32,26.400000000000002,17.3,34,1590,-42.86,-27.1,17.2,36,18.869,-0.46,0,
B-A-star-1,0.37517,1789903068.1450,const,11.7275,3.6226,2.18,0.2,0.2,1,18.639,2.0237,11.112,2485,43.32,26.400000000000002,17.3,34,1583,-43.32,-28.8,17.2,36,19.138,-0.499,0,
B-A-star-1,0.37717,1789903068.1470,const,11.7275,3.6226,2.18,0.2,0.2,1,18.946,2.6767,11.092,2493,42.86,25.5,17.3,34,1575,-42.41,-27.8,17.2,36,19.445,-0.499,0,
B-A-star-1,0.37917,1789903068.1490,const,11.7275,3.6226,2.18,0.2,0.2,1,19.214,2.3452,11.074,2500,42.86,26.3,17.3,34,1569,-42.86,-29.5,17.2,36,19.675,-0.46,0,
B-A-star-1,0.38117,1789903068.1510,const,11.7275,3.6226,2.18,0.2,0.2,1,19.368,1.3385,11.064,2504,42.41,26.200000000000003,17.3,34,1563,-42.41,-29.400000000000002,17.2,36,19.905,-0.537,0,
B-A-star-1,0.38317,1789903068.1530,const,11.7275,3.6226,2.18,0.2,0.2,1,19.675,2.679,11.043,2512,42.41,27.0,17.3,34,1559,-41.5,-26.900000000000002,17.2,36,20.058,-0.384,0,
B-A-star-1,0.38517,1789903068.1550,const,11.7275,3.6226,2.18,0.2,0.2,1,19.866,1.6718,11.029,2517,42.41,27.0,17.3,34,1554,-41.5,-27.700000000000003,17.2,36,20.25,-0.384,0,
B-A-star-1,0.38717,1789903068.1570,const,11.7275,3.6226,2.18,0.2,0.2,1,20.058,1.6748,11.016,2522,41.5,25.3,21.8,34,1547,-40.13,-25.8,21.6,36,20.518,-0.46,0,
B-A-star-1,0.38917,1789903068.1590,const,11.7275,3.6226,2.18,0.2,0.2,1,20.25,1.6732,11.002,2527,41.95,26.900000000000002,21.8,34,1542,-40.58,-26.700000000000003,21.6,36,20.71,-0.46,0,
B-A-star-1,0.39117,1789903068.1610,const,11.7275,3.6226,2.18,0.2,0.2,1,20.518,2.3441,10.983,2534,40.58,25.1,21.8,34,1538,-39.22,-24.900000000000002,21.6,36,20.864,-0.345,0,
B-A-star-1,0.39317,1789903068.1630,const,11.7275,3.6226,2.18,0.2,0.2,1,20.672,1.3387,10.972,2538,40.13,24.200000000000003,21.8,34,1532,-39.22,-25.700000000000003,21.6,36,21.094,-0.422,0,
B-A-star-1,0.39517,1789903068.1650,const,11.7275,3.6226,2.18,0.2,0.2,1,20.864,1.6732,10.958,2543,39.67,24.1,21.8,34,1527,-36.94,-21.3,21.6,36,21.286,-0.422,0,
B-A-star-1,0.39717,1789903068.1670,const,11.7275,3.6226,2.18,0.2,0.2,1,20.979,1.0038,10.95,2546,37.85,19.8,21.8,34,1523,-36.48,-20.400000000000002,21.6,36,21.439,-0.46,0,
B-A-star-1,0.39917,1789903068.1690,const,11.7275,3.6226,2.18,0.2,0.2,1,21.094,1.0033,10.941,2549,36.94,18.1,21.8,34,1520,-35.11,-17.8,21.6,36,21.554,-0.46,0,
B-A-star-1,0.40117,1789903068.1710,decel,11.7275,3.6226,2.18,0.2,0.2,1,21.286,1.6742,10.927,2554,34.66,13.700000000000001,21.8,34,1518,-33.29,-13.5,21.6,36,21.631,-0.345,0,
B-A-star-1,0.40317,1789903068.1730,decel,11.7275,3.6226,2.18,0.2,0.2,1,21.401,1.0046,10.919,2557,33.74,11.200000000000001,21.8,34,1515,-31.92,-10.9,21.6,36,21.746,-0.345,0,
B-A-star-1,0.40517,1789903068.1750,decel,11.7275,3.6226,2.18,0.2,0.2,1,21.554,1.3384,10.907,2561,32.83,10.200000000000001,21.8,34,1511,-31.01,-10.700000000000001,21.6,36,21.899,-0.345,0,
B-A-star-1,0.40717,1789903068.1770,decel,11.7275,3.6226,2.18,0.2,0.2,1,21.669,1.0045,10.899,2564,31.92,9.3,21.8,34,1508,-30.1,-9.0,21.6,36,22.014,-0.345,0,
B-A-star-1,0.40917,1789903068.1790,decel,11.7275,3.6226,2.18,0.2,0.2,1,21.861,1.673,10.884,2569,29.64,5.7,21.8,34,1503,-28.27,-7.1000000000000005,21.6,36,22.206,-0.345,0,
B-A-star-1,0.41117,1789903068.1810,decel,11.7275,3.6226,2.18,0.2,0.2,1,21.938,0.6694,10.878,2571,28.73,3.1,21.8,34,1500,-27.36,-6.1000000000000005,21.6,36,22.321,-0.384,0,
B-A-star-1,0.41317,1789903068.1830,decel,11.7275,3.6226,2.18,0.2,0.2,1,22.091,1.339,10.866,2575,27.82,3.0,21.8,34,1496,-26.9,-6.800000000000001,21.6,36,22.474,-0.384,0,
B-A-star-1,0.41517,1789903068.1850,decel,11.7275,3.6226,2.18,0.2,0.2,1,22.206,1.0041,10.857,2578,26.45,1.1,21.8,34,1494,-25.08,-3.3000000000000003,21.6,36,22.551,-0.345,0,
B-A-star-1,0.41717,1789903068.1870,decel,11.7275,3.6226,2.18,0.2,0.2,1,22.321,1.0041,10.849,2581,25.99,1.1,21.8,34,1490,-25.54,-5.800000000000001,21.6,36,22.705,-0.384,0,
B-A-star-1,0.41917,1789903068.1890,decel,11.7275,3.6226,2.18,0.2,0.2,1,22.474,1.3385,10.837,2585,24.17,-0.8,21.8,34,1487,-23.26,-2.2,21.6,36,22.82,-0.345,0,
B-A-star-1,0.42117,1789903068.1910,decel,11.7275,3.6226,2.18,0.2,0.2,1,22.589,1.0031,10.828,2588,23.71,-0.9,21.8,34,1483,-23.71,-5.5,21.6,36,22.973,-0.384,0,
B-A-star-1,0.42317,1789903068.1930,decel,11.7275,3.6226,2.18,0.2,0.2,1,22.666,0.6698,10.822,2590,22.34,-2.7,21.8,34,1482,-21.89,-2.0,21.6,36,23.011,-0.345,0,
B-A-star-1,0.42517,1789903068.1950,decel,11.7275,3.6226,2.18,0.2,0.2,1,22.781,1.0037,10.812,2593,21.89,-2.0,21.8,34,1479,-21.89,-3.6,21.6,36,23.126,-0.345,0,
B-A-star-1,0.42717,1789903068.1970,decel,11.7275,3.6226,2.18,0.2,0.2,1,22.896,1.0047,10.803,2596,22.34,1.3,21.8,34,1476,-20.98,-4.2,21.6,36,23.241,-0.345,0,
B-A-star-1,0.42917,1789903068.1990,decel,11.7275,3.6226,2.18,0.2,0.2,1,22.973,0.6694,10.797,2598,21.43,1.1,21.8,34,1473,-20.98,-6.6000000000000005,21.6,36,23.357,-0.384,0,
B-A-star-1,0.43117,1789903068.2010,decel,11.7275,3.6226,2.18,0.2,0.2,1,23.05,0.6694,10.791,2600,20.98,1.8,21.8,34,1471,-20.52,-7.4,21.6,36,23.433,-0.384,0,
B-A-star-1,0.43317,1789903068.2030,decel,11.7275,3.6226,2.18,0.2,0.2,1,23.165,1.0039,10.782,2603,19.61,1.6,21.8,34,1469,-19.61,-7.2,21.6,36,23.51,-0.345,0,
B-A-star-1,0.43517,1789903068.2050,decel,11.7275,3.6226,2.18,0.2,0.2,1,23.241,0.6694,10.776,2605,19.61,3.2,21.8,34,1468,-18.7,-6.300000000000001,21.6,36,23.548,-0.307,0,
B-A-star-1,0.43717,1789903068.2070,decel,11.7275,3.6226,2.18,0.2,0.2,1,23.318,0.6685,10.769,2607,19.15,3.9000000000000004,21.8,34,1466,-17.78,-6.1000000000000005,21.6,36,23.625,-0.307,0,
B-A-star-1,0.43917,1789903068.2090,decel,11.7275,3.6226,2.18,0.2,0.2,1,23.395,0.6704,10.763,2609,18.24,3.8000000000000003,21.8,34,1464,-16.87,-6.0,21.6,36,23.702,-0.307,0,
B-A-star-1,0.44117,1789903068.2110,decel,11.7275,3.6226,2.18,0.2,0.2,1,23.472,0.6693,10.757,2611,17.33,3.6,21.8,34,1462,-16.42,-6.7,21.6,36,23.778,-0.307,0,
B-A-star-1,0.44317,1789903068.2130,decel,11.7275,3.6226,2.18,0.2,0.2,1,23.51,0.3345,10.754,2612,16.42,2.7,21.8,34,1461,-15.5,-5.7,21.6,36,23.817,-0.307,0,
B-A-star-1,0.44517,1789903068.2150,decel,11.7275,3.6226,2.18,0.2,0.2,1,23.548,0.3349,10.751,2613,15.5,1.7000000000000002,21.8,34,1460,-13.68,-3.0,21.6,36,23.855,-0.307,0,
B-A-star-1,0.44717,1789903068.2170,decel,11.7275,3.6226,2.18,0.2,0.2,1,23.625,0.6693,10.744,2615,14.59,1.6,21.8,34,1459,-13.22,-2.9000000000000004,21.6,36,23.893,-0.268,0,
B-A-star-1,0.44917,1789903068.2190,decel,11.7275,3.6226,2.18,0.2,0.2,1,23.663,0.3348,10.741,2616,14.14,1.5,21.8,34,1458,-12.77,-3.7,21.6,36,23.932,-0.268,0,
B-A-star-1,0.45117,1789903068.2210,decel,11.7275,3.6226,2.18,0.2,0.2,1,23.702,0.3347,10.738,2617,12.31,-1.2000000000000002,21.8,34,1456,-11.86,-2.7,21.6,36,24.009,-0.307,0,
B-A-star-1,0.45317,1789903068.2230,decel,11.7275,3.6226,2.18,0.2,0.2,1,23.74,0.3348,10.735,2618,11.86,-1.3,21.8,34,1456,-10.94,-1.0,21.6,36,24.009,-0.268,0,
B-A-star-1,0.45517,1789903068.2250,decel,11.7275,3.6226,2.18,0.2,0.2,1,23.778,0.3345,10.732,2619,11.4,-1.4000000000000001,21.8,34,1455,-10.49,-0.9,21.6,36,24.047,-0.268,0,
B-A-star-1,0.45717,1789903068.2270,decel,11.7275,3.6226,2.18,0.2,0.2,1,23.817,0.3348,10.729,2620,10.49,-2.3000000000000003,21.8,34,1454,-10.03,-0.8,21.6,36,24.085,-0.268,0,
B-A-star-1,0.45917,1789903068.2290,decel,11.7275,3.6226,2.18,0.2,0.2,1,23.855,0.3347,10.725,2621,9.58,-3.3000000000000003,21.8,34,1453,-8.66,1.0,21.6,36,24.124,-0.268,0,
B-A-star-1,0.46117,1789903068.2310,decel,11.7275,3.6226,2.18,0.2,0.2,1,23.893,0.3347,10.722,2622,9.12,-3.3000000000000003,21.8,34,1452,-8.21,1.1,21.6,36,24.162,-0.268,0,
B-A-star-1,0.46317,1789903068.2330,decel,11.7275,3.6226,2.18,0.2,0.2,1,23.97,0.6697,10.716,2624,8.66,-3.4000000000000004,21.8,34,1451,-7.75,1.2000000000000002,21.6,36,24.2,-0.23,0,
B-A-star-1,0.46517,1789903068.2350,decel,11.7275,3.6226,2.18,0.2,0.2,1,24.009,0.3342,10.713,2625,8.21,-3.5,21.8,34,1450,-7.3,1.2000000000000002,21.6,36,24.239,-0.23,0,
B-A-star-1,0.46717,1789903068.2370,decel,11.7275,3.6226,2.18,0.2,0.2,1,24.047,0.3352,10.709,2626,7.75,-3.6,21.8,34,1450,-7.3,1.2000000000000002,21.6,36,24.239,-0.192,0,
B-A-star-1,0.46917,1789903068.2390,decel,11.7275,3.6226,2.18,0.2,0.2,1,24.047,0.0,10.709,2626,6.84,-5.300000000000001,21.8,34,1449,-6.38,2.2,21.6,36,24.277,-0.23,0,
B-A-star-1,0.47117,1789903068.2410,decel,11.7275,3.6226,2.18,0.2,0.2,1,24.085,0.3347,10.706,2627,6.84,-4.5,21.8,34,1448,-6.38,1.4000000000000001,21.6,36,24.315,-0.23,0,
B-A-star-1,0.47317,1789903068.2430,decel,11.7275,3.6226,2.18,0.2,0.2,1,24.124,0.3346,10.703,2628,6.38,-4.6000000000000005,21.8,34,1448,-5.93,2.3000000000000003,21.6,36,24.315,-0.192,0,
B-A-star-1,0.47517,1789903068.2450,decel,11.7275,3.6226,2.18,0.2,0.2,1,24.124,0.0,10.703,2628,5.93,-5.5,21.8,34,1447,-5.93,1.5,21.6,36,24.354,-0.23,0,
B-A-star-1,0.47717,1789903068.2470,decel,11.7275,3.6226,2.18,0.2,0.2,1,24.162,0.3346,10.7,2629,5.93,-4.7,21.8,34,1446,-5.47,1.5,21.6,36,24.392,-0.23,0,
B-A-star-1,0.47917,1789903068.2490,decel,11.7275,3.6226,2.18,0.2,0.2,1,24.2,0.3348,10.697,2630,5.93,-3.9000000000000004,21.8,34,1445,-5.47,0.7000000000000001,21.6,36,24.43,-0.23,0,
B-A-star-1,0.48117,1789903068.2510,decel,11.7275,3.6226,2.18,0.2,0.2,1,24.2,0.0,10.697,2630,5.47,-4.7,21.8,34,1445,-5.02,1.6,21.6,36,24.43,-0.23,0,
B-A-star-1,0.48317,1789903068.2530,decel,11.7275,3.6226,2.18,0.2,0.2,1,24.239,0.3348,10.693,2631,5.02,-4.800000000000001,21.8,34,1444,-5.02,0.8,21.6,36,24.469,-0.23,0,
B-A-star-1,0.48517,1789903068.2550,decel,11.7275,3.6226,2.18,0.2,0.2,1,24.239,0.0,10.693,2631,4.56,-5.7,21.8,34,1444,-5.02,0.8,21.6,36,24.469,-0.23,0,
B-A-star-1,0.48717,1789903068.2570,decel,11.7275,3.6226,2.18,0.2,0.2,1,24.277,0.3345,10.69,2632,4.56,-4.9,21.8,34,1443,-4.56,0.9,21.6,36,24.507,-0.23,0,
B-A-star-1,0.48917,1789903068.2590,decel,11.7275,3.6226,2.18,0.2,0.2,1,24.277,0.0,10.69,2632,4.56,-4.9,21.8,34,1443,-4.1,1.8,21.6,36,24.507,-0.23,0,
B-A-star-1,0.49117,1789903068.2610,decel,11.7275,3.6226,2.18,0.2,0.2,1,24.315,0.3348,10.687,2633,4.1,-5.0,21.8,34,1442,-4.56,0.1,21.6,36,24.545,-0.23,0,
B-A-star-1,0.49317,1789903068.2630,decel,11.7275,3.6226,2.18,0.2,0.2,1,24.315,0.0,10.687,2633,3.65,-5.800000000000001,21.8,34,1442,-4.1,1.0,21.6,36,24.545,-0.23,0,
B-A-star-1,0.49517,1789903068.2650,decel,11.7275,3.6226,2.18,0.2,0.2,1,24.315,0.0,10.687,2633,3.65,-5.800000000000001,21.8,34,1441,-4.1,0.2,21.6,36,24.584,-0.268,0,
B-A-star-1,0.49717,1789903068.2670,decel,11.7275,3.6226,2.18,0.2,0.2,1,24.354,0.3348,10.684,2634,3.65,-5.0,21.8,34,1441,-3.65,1.0,21.6,36,24.584,-0.23,0,
B-A-star-1,0.49917,1789903068.2690,decel,11.7275,3.6226,2.18,0.2,0.2,1,24.315,-0.3348,10.687,2633,3.19,-6.7,21.8,34,1441,-3.65,1.0,21.6,36,24.584,-0.268,0,
B-A-star-1,0.50117,1789903068.2710,decel,11.7275,3.6226,2.18,0.2,0.2,1,24.354,0.3347,10.684,2634,2.74,-6.800000000000001,21.8,34,1441,-3.19,1.9000000000000001,21.6,36,24.584,-0.23,0,
B-A-star-1,0.50317,1789903068.2730,decel,11.7275,3.6226,2.18,0.2,0.2,1,24.354,0.0,10.684,2634,2.74,-6.800000000000001,14.4,34,1440,-3.65,0.2,14.2,36,24.622,-0.268,0,
B-A-star-1,0.50517,1789903068.2750,decel,11.7275,3.6226,2.18,0.2,0.2,1,24.354,0.0,10.684,2634,2.28,-7.7,14.4,34,1440,-3.19,1.1,14.2,36,24.622,-0.268,0,
B-A-star-1,0.50717,1789903068.2770,decel,11.7275,3.6226,2.18,0.2,0.2,1,24.354,0.0,10.684,2634,2.28,-7.7,14.4,34,1440,-2.74,2.0,14.2,36,24.622,-0.268,0,
B-A-star-1,0.50917,1789903068.2790,decel,11.7275,3.6226,2.18,0.2,0.2,1,24.392,0.3343,10.681,2635,2.28,-6.9,14.4,34,1440,-2.28,2.9000000000000004,14.2,36,24.622,-0.23,0,
B-A-star-1,0.51117,1789903068.2810,decel,11.7275,3.6226,2.18,0.2,0.2,1,24.354,-0.335,10.684,2634,1.37,-9.4,14.4,34,1440,-2.28,2.9000000000000004,14.2,36,24.622,-0.268,0,
B-A-star-1,0.51317,1789903068.2830,decel,11.7275,3.6226,2.18,0.2,0.2,1,24.354,0.0,10.684,2634,1.37,-9.4,14.4,34,1440,-1.82,3.7,14.2,36,24.622,-0.268,0,
B-A-star-1,0.51517,1789903068.2850,decel,11.7275,3.6226,2.18,0.2,0.2,1,24.354,0.0,10.684,2634,0.91,-10.3,14.4,34,1440,-1.37,4.6000000000000005,14.2,36,24.622,-0.268,0,
B-A-star-1,0.51717,1789903068.2870,decel,11.7275,3.6226,2.18,0.2,0.2,1,24.354,0.0,10.684,2634,0.91,-10.3,14.4,34,1440,-1.37,4.6000000000000005,14.2,36,24.622,-0.268,0,
B-A-star-1,0.51917,1789903068.2890,decel,11.7275,3.6226,2.18,0.2,0.2,1,24.354,0.0,10.684,2634,0.91,-10.3,14.4,34,1440,-0.91,5.5,14.2,36,24.622,-0.268,0,
B-A-star-1,0.52117,1789903068.2910,decel,11.7275,3.6226,2.18,0.2,0.2,1,24.354,0.0,10.684,2634,0.0,-12.0,14.4,34,1440,-0.91,5.5,14.2,36,24.622,-0.268,0,
B-A-star-1,0.52317,1789903068.2930,decel,11.7275,3.6226,2.18,0.2,0.2,1,24.354,0.0,10.684,2634,0.0,-12.0,14.4,34,1439,-0.91,4.7,14.2,36,24.661,-0.307,0,
B-A-star-1,0.52517,1789903068.2950,decel,11.7275,3.6226,2.18,0.2,0.2,1,24.354,0.0,10.684,2634,0.0,-12.0,14.4,34,1440,0.0,7.2,14.2,36,24.622,-0.268,0,
B-A-star-1,0.52717,1789903068.2970,decel,11.7275,3.6226,2.18,0.2,0.2,1,24.354,0.0,10.684,2634,0.0,-12.0,14.4,34,1440,0.0,7.2,14.2,36,24.622,-0.268,0,
B-A-star-1,0.52917,1789903068.2990,decel,11.7275,3.6226,2.18,0.2,0.2,1,24.354,0.0,10.684,2634,0.0,-12.0,14.4,34,1440,0.0,7.2,14.2,36,24.622,-0.268,0,
B-A-star-1,0.53117,1789903068.3010,decel,11.7275,3.6226,2.18,0.2,0.2,1,24.354,0.0,10.684,2634,0.0,-12.0,14.4,34,1440,0.0,7.2,14.2,36,24.622,-0.268,0,
B-A-star-1,0.53317,1789903068.3030,decel,11.7275,3.6226,2.18,0.2,0.2,1,24.354,0.0,10.684,2634,0.0,-12.0,14.4,34,1440,0.0,7.2,14.2,36,24.622,-0.268,0,
B-A-star-1,0.53517,1789903068.3050,decel,11.7275,3.6226,2.18,0.2,0.2,1,24.354,0.0,10.684,2634,0.0,-12.0,14.4,34,1440,0.0,7.2,14.2,36,24.622,-0.268,0,
B-A-star-1,0.53717,1789903068.3070,decel,11.7275,3.6226,2.18,0.2,0.2,1,24.354,0.0,10.684,2634,0.0,-12.0,14.4,34,1440,0.0,7.2,14.2,36,24.622,-0.268,0,
B-A-star-1,0.53917,1789903068.3090,decel,11.7275,3.6226,2.18,0.2,0.2,1,24.392,0.3348,10.681,2635,0.0,-11.200000000000001,14.4,34,1439,0.0,6.4,14.2,36,24.661,-0.268,0,
B-A-star-1,0.54117,1789903068.3110,decel,11.7275,3.6226,2.18,0.2,0.2,1,24.354,-0.3347,10.684,2634,0.0,-12.0,14.4,34,1439,0.0,6.4,14.2,36,24.661,-0.307,0,
B-A-star-1,0.54317,1789903068.3130,decel,11.7275,3.6226,2.18,0.2,0.2,1,24.392,0.3345,10.681,2635,0.0,-11.200000000000001,14.4,34,1440,0.0,7.2,14.2,36,24.622,-0.23,0,
B-A-star-1,0.54517,1789903068.3150,decel,11.7275,3.6226,2.18,0.2,0.2,1,24.354,-0.3346,10.684,2634,0.0,-12.0,14.4,34,1440,0.0,7.2,14.2,36,24.622,-0.268,0,
B-A-star-1,0.54717,1789903068.3170,decel,11.7275,3.6226,2.18,0.2,0.2,1,24.354,0.0,10.684,2634,0.0,-12.0,14.4,34,1440,0.0,7.2,14.2,36,24.622,-0.268,0,
B-A-star-1,0.54917,1789903068.3190,decel,11.7275,3.6226,2.18,0.2,0.2,1,24.392,0.3347,10.681,2635,0.0,-11.200000000000001,14.4,34,1440,0.0,7.2,14.2,36,24.622,-0.23,0,
B-A-star-1,0.55117,1789903068.3210,decel,11.7275,3.6226,2.18,0.2,0.2,1,24.354,-0.3336,10.684,2634,0.0,-12.0,14.4,34,1440,0.0,7.2,14.2,36,24.622,-0.268,0,
B-A-star-1,0.55317,1789903068.3230,decel,11.7275,3.6226,2.18,0.2,0.2,1,24.354,0.0,10.684,2634,0.0,-12.0,14.4,34,1440,0.0,7.2,14.2,36,24.622,-0.268,0,
B-A-star-1,0.55517,1789903068.3250,decel,11.7275,3.6226,2.18,0.2,0.2,1,24.354,0.0,10.684,2634,0.0,-12.0,14.4,34,1440,0.0,7.2,14.2,36,24.622,-0.268,0,
B-A-star-1,0.55717,1789903068.3270,decel,11.7275,3.6226,2.18,0.2,0.2,1,24.354,0.0,10.684,2634,0.0,-12.0,14.4,34,1440,0.0,7.2,14.2,36,24.622,-0.268,0,
B-A-star-1,0.55917,1789903068.3290,decel,11.7275,3.6226,2.18,0.2,0.2,1,24.392,0.3349,10.681,2635,0.0,-11.200000000000001,14.4,34,1440,0.0,7.2,14.2,36,24.622,-0.23,0,
B-A-star-1,0.56117,1789903068.3310,decel,11.7275,3.6226,2.18,0.2,0.2,1,24.354,-0.3349,10.684,2634,0.0,-12.0,14.4,34,1440,0.0,7.2,14.2,35,24.622,-0.268,0,
B-A-star-1,0.56317,1789903068.3330,decel,11.7275,3.6226,2.18,0.2,0.2,1,24.354,0.0,10.684,2634,0.0,-12.0,14.4,34,1440,0.0,7.2,14.2,35,24.622,-0.268,0,
B-A-star-1,0.56517,1789903068.3350,decel,11.7275,3.6226,2.18,0.2,0.2,1,24.392,0.3349,10.681,2635,0.0,-11.200000000000001,14.4,34,1440,0.0,7.2,14.2,35,24.622,-0.23,0,
B-A-star-1,0.56717,1789903068.3370,decel,11.7275,3.6226,2.18,0.2,0.2,1,24.392,0.0,10.681,2635,0.0,-11.200000000000001,14.4,34,1440,0.0,7.2,14.2,35,24.622,-0.23,0,
B-A-star-1,0.56917,1789903068.3390,decel,11.7275,3.6226,2.18,0.2,0.2,1,24.392,0.0,10.681,2635,0.0,-11.200000000000001,14.4,34,1439,0.0,6.4,14.2,35,24.661,-0.268,0,
B-A-star-1,0.57117,1789903068.3410,decel,11.7275,3.6226,2.18,0.2,0.2,1,24.392,0.0,10.681,2635,0.0,-11.200000000000001,14.4,34,1439,0.0,6.4,14.2,35,24.661,-0.268,0,
B-A-star-1,0.57317,1789903068.3430,decel,11.7275,3.6226,2.18,0.2,0.2,1,24.392,0.0,10.681,2635,0.0,-11.200000000000001,14.4,34,1439,0.0,6.4,14.2,35,24.661,-0.268,0,
B-A-star-1,0.57517,1789903068.3450,decel,11.7275,3.6226,2.18,0.2,0.2,1,24.392,0.0,10.681,2635,0.0,-11.200000000000001,14.4,34,1439,0.0,6.4,14.2,35,24.661,-0.268,0,
B-A-star-1,0.57717,1789903068.3470,decel,11.7275,3.6226,2.18,0.2,0.2,1,24.392,0.0,10.681,2635,0.0,-11.200000000000001,14.4,34,1439,0.0,6.4,14.2,35,24.661,-0.268,0,
B-A-star-1,0.57917,1789903068.3490,decel,11.7275,3.6226,2.18,0.2,0.2,1,24.392,0.0,10.681,2635,0.0,-11.200000000000001,14.4,34,1439,0.0,6.4,14.2,35,24.661,-0.268,0,
B-A-star-1,0.58117,1789903068.3510,decel,11.7275,3.6226,2.18,0.2,0.2,1,24.392,0.0,10.681,2635,0.0,-11.200000000000001,14.4,34,1439,0.0,6.4,14.2,35,24.661,-0.268,0,
B-A-star-1,0.58317,1789903068.3530,decel,11.7275,3.6226,2.18,0.2,0.2,1,24.392,0.0,10.681,2635,0.0,-11.200000000000001,14.4,34,1439,0.0,6.4,14.2,35,24.661,-0.268,0,
B-A-star-1,0.58517,1789903068.3550,decel,11.7275,3.6226,2.18,0.2,0.2,1,24.392,0.0,10.681,2635,0.0,-11.200000000000001,14.4,34,1439,0.0,6.4,14.2,35,24.661,-0.268,0,
B-A-star-1,0.58717,1789903068.3570,decel,11.7275,3.6226,2.18,0.2,0.2,1,24.392,0.0,10.681,2635,0.0,-11.200000000000001,14.4,34,1439,0.0,6.4,14.2,35,24.661,-0.268,0,
B-A-star-1,0.58917,1789903068.3590,decel,11.7275,3.6226,2.18,0.2,0.2,1,24.392,0.0,10.681,2635,0.0,-11.200000000000001,14.4,34,1439,0.0,6.4,14.2,35,24.661,-0.268,0,
B-A-star-1,0.59117,1789903068.3610,decel,11.7275,3.6226,2.18,0.2,0.2,1,24.392,0.0,10.681,2635,0.0,-11.200000000000001,14.4,34,1438,-0.91,3.9000000000000004,14.2,35,24.699,-0.307,0,
B-A-star-1,0.59317,1789903068.3630,decel,11.7275,3.6226,2.18,0.2,0.2,1,24.43,0.3344,10.677,2636,0.0,-10.4,14.4,34,1438,-0.91,3.9000000000000004,14.2,35,24.699,-0.268,0,
B-A-star-1,0.59517,1789903068.3650,decel,11.7275,3.6226,2.18,0.2,0.2,1,24.43,0.0,10.677,2636,0.0,-10.4,14.4,34,1438,-0.91,3.9000000000000004,14.2,35,24.699,-0.268,0,
B-A-star-1,0.59717,1789903068.3670,decel,11.7275,3.6226,2.18,0.2,0.2,1,24.43,0.0,10.677,2636,0.0,-10.4,14.4,34,1438,-0.91,3.9000000000000004,14.2,35,24.699,-0.268,0,
B-A-star-1,0.59917,1789903068.3690,decel,11.7275,3.6226,2.18,0.2,0.2,1,24.43,0.0,10.677,2636,0.0,-10.4,14.4,34,1438,0.0,5.6000000000000005,14.2,35,24.699,-0.268,0,
B-A-star-1,0.60117,1789903068.3710,decel,11.7275,3.6226,2.18,0.2,0.2,1,24.43,0.0,10.677,2636,0.91,-8.700000000000001,14.4,34,1438,0.0,5.6000000000000005,14.2,35,24.699,-0.268,0,
B-A-star-1,0.60317,1789903068.3730,decel,11.7275,3.6226,2.18,0.2,0.2,1,24.43,0.0,10.677,2636,0.0,-10.4,14.4,34,1438,0.0,5.6000000000000005,14.2,35,24.699,-0.268,0,
B-A-star-1,0.60516,1789903068.3750,decel,11.7275,3.6226,2.18,0.2,0.2,1,24.43,0.0,10.677,2636,0.0,-10.4,14.4,34,1438,0.0,5.6000000000000005,14.2,35,24.699,-0.268,0,
B-A-star-1,0.60717,1789903068.3770,decel,11.7275,3.6226,2.18,0.2,0.2,1,24.43,0.0,10.677,2636,0.0,-10.4,14.4,34,1437,-0.91,3.1,14.2,35,24.737,-0.307,0,
B-A-star-1,0.60917,1789903068.3790,decel,11.7275,3.6226,2.18,0.2,0.2,1,24.469,0.3348,10.674,2637,0.91,-7.9,14.4,34,1437,-0.91,3.1,14.2,35,24.737,-0.268,0,
B-A-star-1,0.61117,1789903068.3810,decel,11.7275,3.6226,2.18,0.2,0.2,1,24.469,0.0,10.674,2637,0.91,-7.9,14.4,34,1437,-0.91,3.1,14.2,35,24.737,-0.268,0,
B-A-star-1,0.61316,1789903068.3830,decel,11.7275,3.6226,2.18,0.2,0.2,1,24.469,0.0,10.674,2637,0.91,-7.9,14.4,34,1437,-0.91,3.1,14.2,35,24.737,-0.268,0,
B-A-star-1,0.61516,1789903068.3850,decel,11.7275,3.6226,2.18,0.2,0.2,1,24.469,0.0,10.674,2637,0.0,-9.600000000000001,14.4,34,1437,-0.91,3.1,14.2,35,24.737,-0.268,0,
B-A-star-1,0.61716,1789903068.3870,decel,11.7275,3.6226,2.18,0.2,0.2,1,24.469,0.0,10.674,2637,0.91,-7.9,14.4,34,1437,-0.91,3.1,14.2,35,24.737,-0.268,0,
B-A-star-1,0.61917,1789903068.3890,decel,11.7275,3.6226,2.18,0.2,0.2,1,24.469,0.0,10.674,2637,0.0,-9.600000000000001,14.4,34,1437,0.0,4.800000000000001,14.8,35,24.737,-0.268,0,
B-A-star-1,0.62117,1789903068.3910,decel,11.7275,3.6226,2.18,0.2,0.2,1,24.469,0.0,10.674,2637,0.91,-7.9,14.9,34,1437,0.0,4.800000000000001,14.8,35,24.737,-0.268,0,
B-A-star-1,0.62317,1789903068.3930,decel,11.7275,3.6226,2.18,0.2,0.2,1,24.469,0.0,10.674,2637,0.0,-9.600000000000001,14.9,34,1437,0.0,4.800000000000001,14.8,35,24.737,-0.268,0,
B-A-star-1,0.62517,1789903068.3950,decel,11.7275,3.6226,2.18,0.2,0.2,1,24.469,0.0,10.674,2637,0.0,-9.600000000000001,14.9,34,1437,0.0,4.800000000000001,14.8,35,24.737,-0.268,0,
B-A-star-1,0.62716,1789903068.3970,decel,11.7275,3.6226,2.18,0.2,0.2,1,24.469,0.0,10.674,2637,0.0,-9.600000000000001,14.9,34,1437,0.0,4.800000000000001,14.8,35,24.737,-0.268,0,
B-A-star-1,0.62917,1789903068.3990,decel,11.7275,3.6226,2.18,0.2,0.2,1,24.469,0.0,10.674,2637,0.0,-9.600000000000001,14.9,34,1437,0.0,4.800000000000001,14.8,35,24.737,-0.268,0,
B-A-star-1,0.63117,1789903068.4010,decel,11.7275,3.6226,2.18,0.2,0.2,1,24.469,0.0,10.674,2637,0.0,-9.600000000000001,14.9,34,1437,0.0,4.800000000000001,14.8,35,24.737,-0.268,0,
B-A-star-1,0.63316,1789903068.4030,decel,11.7275,3.6226,2.18,0.2,0.2,1,24.469,0.0,10.674,2637,0.0,-9.600000000000001,14.9,34,1437,0.0,4.800000000000001,14.8,35,24.737,-0.268,0,
B-A-star-1,0.63517,1789903068.4050,decel,11.7275,3.6226,2.18,0.2,0.2,1,24.469,0.0,10.674,2637,0.0,-9.600000000000001,14.9,34,1437,0.0,4.800000000000001,14.8,35,24.737,-0.268,0,
B-A-star-1,0.63717,1789903068.4070,decel,11.7275,3.6226,2.18,0.2,0.2,1,24.469,0.0,10.674,2637,0.0,-9.600000000000001,14.9,34,1437,0.0,4.800000000000001,14.8,35,24.737,-0.268,0,
B-A-star-1,0.63916,1789903068.4090,decel,11.7275,3.6226,2.18,0.2,0.2,1,24.469,0.0,10.674,2637,0.0,-9.600000000000001,14.9,34,1437,0.0,4.800000000000001,14.8,35,24.737,-0.268,0,
B-A-star-1,0.64116,1789903068.4110,decel,11.7275,3.6226,2.18,0.2,0.2,1,24.469,0.0,10.674,2637,0.0,-9.600000000000001,14.9,34,1437,0.0,4.800000000000001,14.8,35,24.737,-0.268,0,
B-A-star-1,0.64316,1789903068.4130,decel,11.7275,3.6226,2.18,0.2,0.2,1,24.469,0.0,10.674,2637,0.0,-9.600000000000001,14.9,34,1437,0.0,4.800000000000001,14.8,35,24.737,-0.268,0,
B-A-star-1,0.64516,1789903068.4150,decel,11.7275,3.6226,2.18,0.2,0.2,1,24.469,0.0,10.674,2637,0.0,-9.600000000000001,14.9,34,1437,0.0,4.800000000000001,14.8,35,24.737,-0.268,0,
B-A-star-1,0.64714,1789903068.4170,decel,11.7275,3.6226,2.18,0.2,0.2,1,24.469,0.0,10.674,2637,0.0,-9.600000000000001,14.9,34,1437,0.0,4.800000000000001,14.8,35,24.737,-0.268,0,
B-A-star-1,0.64914,1789903068.4190,decel,11.7275,3.6226,2.18,0.2,0.2,1,24.469,0.0,10.674,2637,0.0,-9.600000000000001,14.9,34,1437,0.0,4.800000000000001,14.8,35,24.737,-0.268,0,
B-A-star-1,0.65115,1789903068.4210,decel,11.7275,3.6226,2.18,0.2,0.2,1,24.469,0.0,10.674,2637,0.0,-9.600000000000001,14.9,34,1437,0.0,4.800000000000001,14.8,35,24.737,-0.268,0,
B-A-star-1,0.65314,1789903068.4230,decel,11.7275,3.6226,2.18,0.2,0.2,1,24.469,0.0,10.674,2637,0.0,-9.600000000000001,14.9,34,1437,0.0,4.800000000000001,14.8,35,24.737,-0.268,0,
B-A-star-1,0.65515,1789903068.4250,decel,11.7275,3.6226,2.18,0.2,0.2,1,24.469,0.0,10.674,2637,0.0,-9.600000000000001,14.9,34,1437,0.0,4.800000000000001,14.8,35,24.737,-0.268,0,
B-A-star-1,0.65715,1789903068.4270,decel,11.7275,3.6226,2.18,0.2,0.2,1,24.469,0.0,10.674,2637,0.0,-9.600000000000001,14.9,34,1437,0.0,4.800000000000001,14.8,35,24.737,-0.268,0,
B-A-star-1,0.65914,1789903068.4290,decel,11.7275,3.6226,2.18,0.2,0.2,1,24.469,0.0,10.674,2637,0.0,-9.600000000000001,14.9,34,1437,0.0,4.800000000000001,14.8,35,24.737,-0.268,0,
B-A-star-1,0.66114,1789903068.4310,decel,11.7275,3.6226,2.18,0.2,0.2,1,24.469,0.0,10.674,2637,0.0,-9.600000000000001,14.9,34,1437,0.0,4.800000000000001,14.8,35,24.737,-0.268,0,
B-A-star-1,0.66314,1789903068.4330,decel,11.7275,3.6226,2.18,0.2,0.2,1,24.469,0.0,10.674,2637,0.0,-9.600000000000001,14.9,34,1437,0.0,4.800000000000001,14.8,35,24.737,-0.268,0,
B-A-star-1,0.66514,1789903068.4350,decel,11.7275,3.6226,2.18,0.2,0.2,1,24.469,0.0,10.674,2637,0.0,-9.600000000000001,14.9,34,1437,0.0,4.800000000000001,14.8,35,24.737,-0.268,0,
B-A-star-1,0.66714,1789903068.4370,decel,11.7275,3.6226,2.18,0.2,0.2,1,24.469,0.0,10.674,2637,0.0,-9.600000000000001,14.9,34,1437,0.0,4.800000000000001,14.8,35,24.737,-0.268,0,
B-A-star-1,0.66914,1789903068.4390,decel,11.7275,3.6226,2.18,0.2,0.2,1,24.469,0.0,10.674,2637,0.0,-9.600000000000001,14.9,34,1437,0.0,4.800000000000001,14.8,35,24.737,-0.268,0,
B-A-star-1,0.67115,1789903068.4410,decel,11.7275,3.6226,2.18,0.2,0.2,1,24.469,0.0,10.674,2637,0.0,-9.600000000000001,14.9,34,1437,0.0,4.800000000000001,14.8,35,24.737,-0.268,0,
B-A-star-1,0.67315,1789903068.4430,decel,11.7275,3.6226,2.18,0.2,0.2,1,24.469,0.0,10.674,2637,0.0,-9.600000000000001,14.9,34,1437,0.0,4.800000000000001,14.8,35,24.737,-0.268,0,
B-A-star-1,0.67515,1789903068.4450,decel,11.7275,3.6226,2.18,0.2,0.2,1,24.469,0.0,10.674,2637,0.0,-9.600000000000001,14.9,34,1437,0.0,4.800000000000001,14.8,35,24.737,-0.268,0,
B-A-star-1,0.67714,1789903068.4470,decel,11.7275,3.6226,2.18,0.2,0.2,1,24.469,0.0,10.674,2637,0.0,-9.600000000000001,14.9,34,1437,0.0,4.800000000000001,14.8,36,24.737,-0.268,0,
B-A-star-1,0.67914,1789903068.4490,decel,11.7275,3.6226,2.18,0.2,0.2,1,24.469,0.0,10.674,2637,0.0,-9.600000000000001,14.9,34,1437,0.0,4.800000000000001,14.8,36,24.737,-0.268,0,
B-A-star-1,0.68114,1789903068.4510,decel,11.7275,3.6226,2.18,0.2,0.2,1,24.469,0.0,10.674,2637,0.0,-9.600000000000001,14.9,34,1437,0.0,4.800000000000001,14.8,36,24.737,-0.268,0,
B-A-star-1,0.68314,1789903068.4530,decel,11.7275,3.6226,2.18,0.2,0.2,1,24.469,0.0,10.674,2637,0.0,-9.600000000000001,14.9,34,1437,0.0,4.800000000000001,14.8,36,24.737,-0.268,0,
B-A-star-1,0.68515,1789903068.4550,decel,11.7275,3.6226,2.18,0.2,0.2,1,24.469,0.0,10.674,2637,0.0,-9.600000000000001,14.9,34,1437,0.0,4.800000000000001,14.8,36,24.737,-0.268,0,
B-A-star-1,0.68715,1789903068.4570,decel,11.7275,3.6226,2.18,0.2,0.2,1,24.469,0.0,10.674,2637,0.0,-9.600000000000001,14.9,34,1437,0.0,4.800000000000001,14.8,36,24.737,-0.268,0,
B-A-star-1,0.68915,1789903068.4590,decel,11.7275,3.6226,2.18,0.2,0.2,1,24.469,0.0,10.674,2637,0.0,-9.600000000000001,14.9,34,1437,0.0,4.800000000000001,14.8,36,24.737,-0.268,0,
B-A-star-1,0.69114,1789903068.4610,decel,11.7275,3.6226,2.18,0.2,0.2,1,24.469,0.0,10.674,2637,0.0,-9.600000000000001,14.9,34,1437,0.0,4.800000000000001,14.8,36,24.737,-0.268,0,
B-A-star-1,0.69315,1789903068.4630,decel,11.7275,3.6226,2.18,0.2,0.2,1,24.469,0.0,10.674,2637,0.0,-9.600000000000001,14.9,34,1437,0.0,4.800000000000001,14.8,36,24.737,-0.268,0,
B-A-star-1,0.69515,1789903068.4650,decel,11.7275,3.6226,2.18,0.2,0.2,1,24.469,0.0,10.674,2637,0.0,-9.600000000000001,14.9,34,1437,0.0,4.800000000000001,14.8,36,24.737,-0.268,0,
B-A-star-1,0.69714,1789903068.4670,decel,11.7275,3.6226,2.18,0.2,0.2,1,24.469,0.0,10.674,2637,0.0,-9.600000000000001,14.9,34,1437,0.0,4.800000000000001,14.8,36,24.737,-0.268,0,
B-A-star-1,0.69914,1789903068.4690,decel,11.7275,3.6226,2.18,0.2,0.2,1,24.469,0.0,10.674,2637,0.0,-9.600000000000001,14.9,34,1437,0.0,4.800000000000001,14.8,36,24.737,-0.268,0,
B-A-star-1,0.70114,1789903068.4710,decel,11.7275,3.6226,2.18,0.2,0.2,1,24.469,0.0,10.674,2637,0.0,-9.600000000000001,14.9,34,1437,0.0,4.800000000000001,14.8,36,24.737,-0.268,0,
B-A-star-1,0.70315,1789903068.4730,decel,11.7275,3.6226,2.18,0.2,0.2,1,24.469,0.0,10.674,2637,0.0,-9.600000000000001,14.9,34,1437,0.0,4.800000000000001,14.8,36,24.737,-0.268,0,
B-A-star-1,0.70514,1789903068.4750,decel,11.7275,3.6226,2.18,0.2,0.2,1,24.469,0.0,10.674,2637,0.0,-9.600000000000001,14.9,34,1437,0.0,4.800000000000001,14.8,36,24.737,-0.268,0,
B-A-star-1,0.70715,1789903068.4770,decel,11.7275,3.6226,2.18,0.2,0.2,1,24.469,0.0,10.674,2637,0.0,-9.600000000000001,14.9,34,1437,0.0,4.800000000000001,14.8,36,24.737,-0.268,0,
B-A-star-1,0.70914,1789903068.4790,decel,11.7275,3.6226,2.18,0.2,0.2,1,24.469,0.0,10.674,2637,0.0,-9.600000000000001,14.9,34,1437,0.0,4.800000000000001,14.8,36,24.737,-0.268,0,
B-A-star-1,0.71114,1789903068.4810,decel,11.7275,3.6226,2.18,0.2,0.2,1,24.469,0.0,10.674,2637,0.0,-9.600000000000001,14.9,34,1437,0.0,4.800000000000001,14.8,36,24.737,-0.268,0,
B-A-star-1,0.71314,1789903068.4830,decel,11.7275,3.6226,2.18,0.2,0.2,1,24.469,0.0,10.674,2637,0.0,-9.600000000000001,14.9,34,1436,0.0,4.0,14.8,36,24.776,-0.307,0,
B-A-star-1,0.71514,1789903068.4850,decel,11.7275,3.6226,2.18,0.2,0.2,1,24.469,0.0,10.674,2637,0.0,-9.600000000000001,14.9,34,1437,0.0,4.800000000000001,14.8,36,24.737,-0.268,0,
B-A-star-1,0.71714,1789903068.4870,decel,11.7275,3.6226,2.18,0.2,0.2,1,24.469,0.0,10.674,2637,0.0,-9.600000000000001,14.9,34,1437,0.0,4.800000000000001,14.8,36,24.737,-0.268,0,
B-A-star-1,0.71914,1789903068.4890,decel,11.7275,3.6226,2.18,0.2,0.2,1,24.469,0.0,10.674,2637,0.0,-9.600000000000001,14.9,34,1437,0.0,4.800000000000001,14.8,36,24.737,-0.268,0,
B-A-star-1,0.72115,1789903068.4910,decel,11.7275,3.6226,2.18,0.2,0.2,1,24.469,0.0,10.674,2637,0.0,-9.600000000000001,14.9,34,1437,0.0,4.800000000000001,14.8,36,24.737,-0.268,0,
B-A-star-1,0.72314,1789903068.4930,decel,11.7275,3.6226,2.18,0.2,0.2,1,24.469,0.0,10.674,2637,0.0,-9.600000000000001,14.9,34,1437,0.0,4.800000000000001,14.8,36,24.737,-0.268,0,
B-A-star-1,0.72514,1789903068.4950,decel,11.7275,3.6226,2.18,0.2,0.2,1,24.469,0.0,10.674,2637,0.0,-9.600000000000001,14.9,34,1437,0.0,4.800000000000001,14.8,36,24.737,-0.268,0,
B-A-star-1,0.72714,1789903068.4970,decel,11.7275,3.6226,2.18,0.2,0.2,1,24.469,0.0,10.674,2637,0.0,-9.600000000000001,14.9,34,1437,0.0,4.800000000000001,14.8,36,24.737,-0.268,0,
B-A-star-1,0.72915,1789903068.4990,decel,11.7275,3.6226,2.18,0.2,0.2,1,24.469,0.0,10.674,2637,0.0,-9.600000000000001,14.9,34,1437,0.0,4.800000000000001,14.8,36,24.737,-0.268,0,
B-A-star-1,0.73114,1789903068.5010,decel,11.7275,3.6226,2.18,0.2,0.2,1,24.469,0.0,10.674,2637,0.0,-9.600000000000001,14.9,34,1437,0.0,4.800000000000001,14.8,36,24.737,-0.268,0,
B-A-star-1,0.73314,1789903068.5030,decel,11.7275,3.6226,2.18,0.2,0.2,1,24.469,0.0,10.674,2637,0.0,-9.600000000000001,14.9,34,1437,0.0,4.800000000000001,14.8,36,24.737,-0.268,0,
B-A-star-1,0.73514,1789903068.5050,decel,11.7275,3.6226,2.18,0.2,0.2,1,24.469,0.0,10.674,2637,0.0,-9.600000000000001,14.9,34,1437,0.0,4.800000000000001,14.8,36,24.737,-0.268,0,
B-A-star-1,0.73714,1789903068.5070,decel,11.7275,3.6226,2.18,0.2,0.2,1,24.469,0.0,10.674,2637,0.0,-9.600000000000001,15.0,34,1437,0.0,4.800000000000001,14.8,36,24.737,-0.268,0,
B-A-star-1,0.73914,1789903068.5090,decel,11.7275,3.6226,2.18,0.2,0.2,1,24.469,0.0,10.674,2637,0.0,-9.600000000000001,15.0,34,1437,0.0,4.800000000000001,14.8,36,24.737,-0.268,0,
B-A-star-1,0.74114,1789903068.5110,decel,11.7275,3.6226,2.18,0.2,0.2,1,24.469,0.0,10.674,2637,0.0,-9.600000000000001,15.0,34,1437,0.0,4.800000000000001,14.8,36,24.737,-0.268,0,
B-A-star-1,0.74314,1789903068.5130,decel,11.7275,3.6226,2.18,0.2,0.2,1,24.469,0.0,10.674,2637,0.0,-9.600000000000001,15.0,34,1437,0.0,4.800000000000001,14.8,36,24.737,-0.268,0,
B-A-star-1,0.74514,1789903068.5150,decel,11.7275,3.6226,2.18,0.2,0.2,1,24.469,0.0,10.674,2637,0.0,-9.600000000000001,15.0,34,1437,0.0,4.800000000000001,14.8,36,24.737,-0.268,0,
B-A-star-1,0.74714,1789903068.5170,decel,11.7275,3.6226,2.18,0.2,0.2,1,24.469,0.0,10.674,2637,0.0,-9.600000000000001,15.0,34,1437,0.0,4.800000000000001,14.8,36,24.737,-0.268,0,
B-A-star-1,0.74914,1789903068.5190,decel,11.7275,3.6226,2.18,0.2,0.2,1,24.469,0.0,10.674,2637,0.0,-9.600000000000001,15.0,34,1437,0.0,4.800000000000001,14.8,36,24.737,-0.268,0,
B-A-star-1,0.75114,1789903068.5210,decel,11.7275,3.6226,2.18,0.2,0.2,1,24.469,0.0,10.674,2637,0.0,-9.600000000000001,15.0,34,1437,0.0,4.800000000000001,14.8,36,24.737,-0.268,0,
B-A-star-1,0.75314,1789903068.5230,decel,11.7275,3.6226,2.18,0.2,0.2,1,24.469,0.0,10.674,2637,0.0,-9.600000000000001,15.0,34,1437,0.0,4.800000000000001,14.8,36,24.737,-0.268,0,
B-A-star-1,0.75514,1789903068.5250,decel,11.7275,3.6226,2.18,0.2,0.2,1,24.469,0.0,10.674,2637,0.0,-9.600000000000001,15.0,34,1437,0.0,4.800000000000001,14.8,36,24.737,-0.268,0,
B-A-star-1,0.75714,1789903068.5270,decel,11.7275,3.6226,2.18,0.2,0.2,1,24.469,0.0,10.674,2637,0.0,-9.600000000000001,15.0,34,1437,0.0,4.800000000000001,14.8,36,24.737,-0.268,0,
B-A-star-1,0.75914,1789903068.5290,decel,11.7275,3.6226,2.18,0.2,0.2,1,24.469,0.0,10.674,2637,0.0,-9.600000000000001,15.0,34,1437,0.0,4.800000000000001,14.8,36,24.737,-0.268,0,
B-A-star-1,0.76114,1789903068.5310,decel,11.7275,3.6226,2.18,0.2,0.2,1,24.469,0.0,10.674,2637,0.0,-9.600000000000001,15.0,34,1437,0.0,4.800000000000001,14.8,36,24.737,-0.268,0,
B-A-star-1,0.76314,1789903068.5330,decel,11.7275,3.6226,2.18,0.2,0.2,1,24.469,0.0,10.674,2637,0.0,-9.600000000000001,15.0,34,1436,0.0,4.800000000000001,14.8,36,24.776,-0.307,0,
B-A-star-1,0.76514,1789903068.5350,decel,11.7275,3.6226,2.18,0.2,0.2,1,24.469,0.0,10.674,2637,0.0,-9.600000000000001,15.0,34,1437,0.0,4.800000000000001,14.8,36,24.737,-0.268,0,
B-A-star-1,0.76714,1789903068.5370,decel,11.7275,3.6226,2.18,0.2,0.2,1,24.469,0.0,10.674,2637,0.0,-9.600000000000001,15.0,34,1437,0.0,4.800000000000001,14.8,36,24.737,-0.268,0,
B-A-star-1,0.76914,1789903068.5390,decel,11.7275,3.6226,2.18,0.2,0.2,1,24.469,0.0,10.674,2637,0.0,-9.600000000000001,15.0,34,1437,0.0,4.800000000000001,14.8,36,24.737,-0.268,0,
B-A-star-1,0.77114,1789903068.5410,decel,11.7275,3.6226,2.18,0.2,0.2,1,24.469,0.0,10.674,2637,0.0,-9.600000000000001,15.0,34,1436,0.0,4.0,14.8,36,24.776,-0.307,0,
B-A-star-1,0.77314,1789903068.5430,decel,11.7275,3.6226,2.18,0.2,0.2,1,24.469,0.0,10.674,2637,0.0,-9.600000000000001,15.0,34,1436,0.0,4.0,14.8,36,24.776,-0.307,0,
B-A-star-1,0.77514,1789903068.5450,decel,11.7275,3.6226,2.18,0.2,0.2,1,24.469,0.0,10.674,2637,0.0,-9.600000000000001,15.0,34,1437,0.0,4.800000000000001,14.8,36,24.737,-0.268,0,
B-A-star-1,0.77714,1789903068.5470,decel,11.7275,3.6226,2.18,0.2,0.2,1,24.469,0.0,10.674,2637,0.0,-9.600000000000001,15.0,34,1436,0.0,4.0,14.8,36,24.776,-0.307,0,
B-A-star-1,0.77914,1789903068.5490,decel,11.7275,3.6226,2.18,0.2,0.2,1,24.469,0.0,10.674,2637,0.0,-9.600000000000001,15.0,34,1437,0.0,4.800000000000001,14.8,36,24.737,-0.268,0,
B-A-star-1,0.78114,1789903068.5510,decel,11.7275,3.6226,2.18,0.2,0.2,1,24.469,0.0,10.674,2637,0.0,-9.600000000000001,15.0,34,1437,0.0,4.800000000000001,14.8,36,24.737,-0.268,0,
B-A-star-1,0.78314,1789903068.5530,decel,11.7275,3.6226,2.18,0.2,0.2,1,24.469,0.0,10.674,2637,0.0,-9.600000000000001,15.0,34,1436,0.0,4.0,14.8,36,24.776,-0.307,0,
B-A-star-1,0.78514,1789903068.5550,decel,11.7275,3.6226,2.18,0.2,0.2,1,24.469,0.0,10.674,2637,0.0,-9.600000000000001,15.0,34,1437,0.0,4.800000000000001,14.8,36,24.737,-0.268,0,
B-A-star-1,0.78714,1789903068.5570,decel,11.7275,3.6226,2.18,0.2,0.2,1,24.469,0.0,10.674,2637,0.0,-9.600000000000001,15.0,34,1437,0.0,4.800000000000001,14.8,36,24.737,-0.268,0,
B-A-star-1,0.78914,1789903068.5590,decel,11.7275,3.6226,2.18,0.2,0.2,1,24.469,0.0,10.674,2637,0.0,-9.600000000000001,15.0,34,1437,0.0,4.800000000000001,14.8,36,24.737,-0.268,0,
B-A-star-1,0.79114,1789903068.5610,decel,11.7275,3.6226,2.18,0.2,0.2,1,24.469,0.0,10.674,2637,0.0,-9.600000000000001,15.0,34,1437,0.0,4.800000000000001,14.8,36,24.737,-0.268,0,
B-A-star-1,0.79314,1789903068.5630,decel,11.7275,3.6226,2.18,0.2,0.2,1,24.469,0.0,10.674,2637,0.0,-9.600000000000001,15.0,34,1436,0.0,4.0,14.8,36,24.776,-0.307,0,
B-A-star-1,0.79514,1789903068.5650,decel,11.7275,3.6226,2.18,0.2,0.2,1,24.469,0.0,10.674,2637,0.0,-9.600000000000001,15.0,34,1437,0.0,4.800000000000001,14.8,36,24.737,-0.268,0,
B-A-star-1,0.79714,1789903068.5670,decel,11.7275,3.6226,2.18,0.2,0.2,1,24.469,0.0,10.674,2637,0.0,-9.600000000000001,15.0,34,1437,0.0,4.800000000000001,14.8,36,24.737,-0.268,0,
B-A-star-1,0.79914,1789903068.5690,decel,11.7275,3.6226,2.18,0.2,0.2,1,24.469,0.0,10.674,2637,0.0,-9.600000000000001,15.0,34,1436,0.0,4.0,14.8,36,24.776,-0.307,0,
B-A-star-1,0.80114,1789903068.5710,decel,11.7275,3.6226,2.18,0.2,0.2,1,24.469,0.0,10.674,2637,0.0,-9.600000000000001,15.0,34,1436,0.0,4.0,14.8,36,24.776,-0.307,0,
B-A-star-1,0.80314,1789903068.5730,decel,11.7275,3.6226,2.18,0.2,0.2,1,24.469,0.0,10.674,2637,0.0,-9.600000000000001,15.0,34,1436,0.0,4.0,14.8,36,24.776,-0.307,0,
B-A-star-1,0.80514,1789903068.5750,decel,11.7275,3.6226,2.18,0.2,0.2,1,24.469,0.0,10.674,2637,0.0,-9.600000000000001,15.0,34,1436,0.0,4.0,14.8,36,24.776,-0.307,0,
B-A-star-1,0.80714,1789903068.5770,decel,11.7275,3.6226,2.18,0.2,0.2,1,24.469,0.0,10.674,2637,0.0,-9.600000000000001,15.0,34,1436,0.0,4.0,14.8,36,24.776,-0.307,0,
B-A-star-1,0.80914,1789903068.5790,decel,11.7275,3.6226,2.18,0.2,0.2,1,24.469,0.0,10.674,2637,0.0,-9.600000000000001,15.0,34,1436,0.0,4.0,14.8,36,24.776,-0.307,0,
B-A-star-1,0.81114,1789903068.5810,decel,11.7275,3.6226,2.18,0.2,0.2,1,24.469,0.0,10.674,2637,0.0,-9.600000000000001,15.0,34,1436,0.0,4.0,14.8,36,24.776,-0.307,0,
B-A-star-1,0.81314,1789903068.5830,decel,11.7275,3.6226,2.18,0.2,0.2,1,24.469,0.0,10.674,2637,0.0,-9.600000000000001,15.0,34,1436,0.0,4.0,14.8,36,24.776,-0.307,0,
B-A-star-1,0.81514,1789903068.5850,decel,11.7275,3.6226,2.18,0.2,0.2,1,24.469,0.0,10.674,2637,0.0,-9.600000000000001,15.0,34,1436,0.0,4.0,14.8,36,24.776,-0.307,0,
B-A-star-1,0.81714,1789903068.5870,decel,11.7275,3.6226,2.18,0.2,0.2,1,24.469,0.0,10.674,2637,0.0,-9.600000000000001,15.0,34,1436,0.0,4.0,14.8,36,24.776,-0.307,0,
B-A-star-1,0.81914,1789903068.5890,decel,11.7275,3.6226,2.18,0.2,0.2,1,24.469,0.0,10.674,2637,0.0,-9.600000000000001,15.0,34,1436,0.0,4.0,14.8,36,24.776,-0.307,0,
B-A-star-1,0.82114,1789903068.5910,decel,11.7275,3.6226,2.18,0.2,0.2,1,24.469,0.0,10.674,2637,0.0,-9.600000000000001,15.0,34,1437,0.0,4.800000000000001,14.8,36,24.737,-0.268,0,
B-A-star-1,0.82314,1789903068.5930,decel,11.7275,3.6226,2.18,0.2,0.2,1,24.469,0.0,10.674,2637,0.0,-9.600000000000001,15.0,34,1436,0.0,4.0,14.8,36,24.776,-0.307,0,
B-A-star-1,0.82514,1789903068.5950,decel,11.7275,3.6226,2.18,0.2,0.2,1,24.469,0.0,10.674,2637,0.0,-9.600000000000001,15.0,34,1436,0.0,4.0,14.8,36,24.776,-0.307,0,
B-A-star-1,0.82714,1789903068.5970,decel,11.7275,3.6226,2.18,0.2,0.2,1,24.469,0.0,10.674,2637,0.0,-9.600000000000001,15.0,34,1436,0.0,4.0,14.8,36,24.776,-0.307,0,
B-A-star-1,0.82914,1789903068.5990,decel,11.7275,3.6226,2.18,0.2,0.2,1,24.469,0.0,10.674,2637,0.0,-9.600000000000001,15.0,34,1436,0.0,4.0,14.8,36,24.776,-0.307,0,
B-A-star-1,0.83114,1789903068.6010,decel,11.7275,3.6226,2.18,0.2,0.2,1,24.469,0.0,10.674,2637,0.0,-9.600000000000001,15.0,34,1436,0.0,4.0,14.8,36,24.776,-0.307,0,
B-A-star-1,0.83314,1789903068.6030,decel,11.7275,3.6226,2.18,0.2,0.2,1,24.469,0.0,10.674,2637,0.0,-9.600000000000001,15.0,34,1436,0.0,4.0,14.8,36,24.776,-0.307,0,
B-A-star-1,0.83514,1789903068.6050,decel,11.7275,3.6226,2.18,0.2,0.2,1,24.469,0.0,10.674,2637,0.0,-9.600000000000001,15.0,34,1436,0.0,4.0,14.8,36,24.776,-0.307,0,
B-A-star-1,0.83714,1789903068.6070,decel,11.7275,3.6226,2.18,0.2,0.2,1,24.469,0.0,10.674,2637,0.0,-9.600000000000001,15.0,34,1436,0.0,4.0,14.8,36,24.776,-0.307,0,
B-A-star-1,0.83914,1789903068.6090,decel,11.7275,3.6226,2.18,0.2,0.2,1,24.469,0.0,10.674,2637,0.0,-9.600000000000001,15.0,34,1436,0.0,4.0,14.8,36,24.776,-0.307,0,
B-A-star-1,0.84114,1789903068.6110,decel,11.7275,3.6226,2.18,0.2,0.2,1,24.507,0.3348,10.671,2638,0.0,-8.8,15.0,34,1436,0.0,4.0,14.8,36,24.776,-0.268,0,
B-A-star-1,0.84314,1789903068.6130,decel,11.7275,3.6226,2.18,0.2,0.2,1,24.469,-0.3348,10.674,2637,0.0,-9.600000000000001,15.0,34,1436,0.0,4.0,14.8,36,24.776,-0.307,0,
B-A-star-1,0.84514,1789903068.6150,decel,11.7275,3.6226,2.18,0.2,0.2,1,24.469,0.0,10.674,2637,0.0,-9.600000000000001,15.0,34,1436,0.0,4.0,14.8,36,24.776,-0.307,0,
B-A-star-1,0.84714,1789903068.6170,decel,11.7275,3.6226,2.18,0.2,0.2,1,24.507,0.3347,10.671,2638,0.0,-8.8,15.0,34,1436,0.0,4.0,14.8,36,24.776,-0.268,0,
B-A-star-1,0.84914,1789903068.6190,decel,11.7275,3.6226,2.18,0.2,0.2,1,24.469,-0.3347,10.674,2637,0.0,-9.600000000000001,15.0,34,1436,0.0,4.0,14.8,36,24.776,-0.307,0,
B-A-star-1,0.85114,1789903068.6210,decel,11.7275,3.6226,2.18,0.2,0.2,1,24.469,0.0,10.674,2637,0.0,-9.600000000000001,15.0,34,1436,0.0,4.0,14.8,36,24.776,-0.307,0,
B-A-star-1,0.85314,1789903068.6230,decel,11.7275,3.6226,2.18,0.2,0.2,1,24.469,0.0,10.674,2637,0.0,-9.600000000000001,14.8,34,1436,0.0,4.0,15.0,36,24.776,-0.307,0,
B-A-star-1,0.85514,1789903068.6250,decel,11.7275,3.6226,2.18,0.2,0.2,1,24.469,0.0,10.674,2637,0.0,-9.600000000000001,14.8,34,1436,0.0,4.0,15.0,36,24.776,-0.307,0,
B-A-star-1,0.85714,1789903068.6270,decel,11.7275,3.6226,2.18,0.2,0.2,1,24.469,0.0,10.674,2637,0.0,-9.600000000000001,14.8,34,1436,0.0,4.0,15.0,36,24.776,-0.307,0,
B-A-star-1,0.85914,1789903068.6290,decel,11.7275,3.6226,2.18,0.2,0.2,1,24.507,0.3347,10.671,2638,0.0,-8.8,14.8,34,1436,0.0,4.0,15.0,36,24.776,-0.268,0,
B-A-star-1,0.86114,1789903068.6310,decel,11.7275,3.6226,2.18,0.2,0.2,1,24.507,0.0,10.671,2638,0.0,-8.8,14.8,34,1436,0.0,4.0,15.0,36,24.776,-0.268,0,
B-A-star-1,0.86314,1789903068.6330,decel,11.7275,3.6226,2.18,0.2,0.2,1,24.469,-0.3352,10.674,2637,0.0,-9.600000000000001,14.8,34,1436,0.0,4.0,15.0,36,24.776,-0.307,0,
B-A-star-1,0.86514,1789903068.6350,decel,11.7275,3.6226,2.18,0.2,0.2,1,24.469,0.0,10.674,2637,0.0,-9.600000000000001,14.8,34,1436,0.0,4.0,15.0,36,24.776,-0.307,0,
B-A-star-1,0.86714,1789903068.6370,decel,11.7275,3.6226,2.18,0.2,0.2,1,24.469,0.0,10.674,2637,0.0,-9.600000000000001,14.8,34,1436,0.0,4.0,15.0,36,24.776,-0.307,0,
B-A-star-1,0.86914,1789903068.6390,decel,11.7275,3.6226,2.18,0.2,0.2,1,24.507,0.3349,10.671,2638,0.0,-8.8,14.8,34,1435,0.0,3.2,15.0,36,24.814,-0.307,0,
B-A-star-1,0.87114,1789903068.6410,decel,11.7275,3.6226,2.18,0.2,0.2,1,24.507,0.0,10.671,2638,0.0,-8.8,14.8,34,1436,0.0,4.0,15.0,36,24.776,-0.268,0,
B-A-star-1,0.87314,1789903068.6430,decel,11.7275,3.6226,2.18,0.2,0.2,1,24.507,0.0,10.671,2638,0.0,-8.8,14.8,34,1435,0.0,3.2,15.0,36,24.814,-0.307,0,
B-A-star-1,0.87514,1789903068.6450,decel,11.7275,3.6226,2.18,0.2,0.2,1,24.507,0.0,10.671,2638,0.0,-8.8,14.8,34,1436,0.0,4.0,15.0,36,24.776,-0.268,0,
B-A-star-1,0.87714,1789903068.6470,decel,11.7275,3.6226,2.18,0.2,0.2,1,24.469,-0.3347,10.674,2637,0.0,-9.600000000000001,14.8,34,1435,0.0,3.2,15.0,36,24.814,-0.345,0,
B-A-star-1,0.87914,1789903068.6490,decel,11.7275,3.6226,2.18,0.2,0.2,1,24.507,0.3347,10.671,2638,0.0,-8.8,14.8,34,1436,0.0,4.0,15.0,36,24.776,-0.268,0,
B-A-star-1,0.88114,1789903068.6510,decel,11.7275,3.6226,2.18,0.2,0.2,1,24.507,0.0,10.671,2638,0.0,-8.8,14.8,34,1436,0.0,4.0,15.0,36,24.776,-0.268,0,
B-A-star-1,0.88314,1789903068.6530,decel,11.7275,3.6226,2.18,0.2,0.2,1,24.507,0.0,10.671,2638,0.0,-8.8,14.8,34,1436,0.0,4.0,15.0,36,24.776,-0.268,0,
B-A-star-1,0.88514,1789903068.6550,decel,11.7275,3.6226,2.18,0.2,0.2,1,24.507,0.0,10.671,2638,0.0,-8.8,14.8,34,1436,0.0,4.0,15.0,36,24.776,-0.268,0,
B-A-star-1,0.88714,1789903068.6570,decel,11.7275,3.6226,2.18,0.2,0.2,1,24.507,0.0,10.671,2638,0.0,-8.8,14.8,34,1435,0.0,3.2,15.0,36,24.814,-0.307,0,
B-A-star-1,0.88914,1789903068.6590,decel,11.7275,3.6226,2.18,0.2,0.2,1,24.507,0.0,10.671,2638,0.0,-8.8,14.8,34,1436,0.0,4.0,15.0,36,24.776,-0.268,0,
B-A-star-1,0.89114,1789903068.6610,decel,11.7275,3.6226,2.18,0.2,0.2,1,24.507,0.0,10.671,2638,0.0,-8.8,14.8,34,1435,0.0,3.2,15.0,36,24.814,-0.307,0,
B-A-star-1,0.89314,1789903068.6630,decel,11.7275,3.6226,2.18,0.2,0.2,1,24.507,0.0,10.671,2638,0.0,-8.8,14.8,34,1435,0.0,3.2,15.0,36,24.814,-0.307,0,
B-A-star-1,0.89514,1789903068.6650,decel,11.7275,3.6226,2.18,0.2,0.2,1,24.507,0.0,10.671,2638,0.0,-8.8,14.8,34,1436,0.0,4.0,15.0,36,24.776,-0.268,0,
B-A-star-1,0.89714,1789903068.6670,decel,11.7275,3.6226,2.18,0.2,0.2,1,24.507,0.0,10.671,2638,0.0,-8.8,14.8,34,1435,0.0,3.2,15.0,36,24.814,-0.307,0,
B-A-star-1,0.89914,1789903068.6690,decel,11.7275,3.6226,2.18,0.2,0.2,1,24.507,0.0,10.671,2638,0.0,-8.8,14.8,34,1435,0.0,3.2,15.0,36,24.814,-0.307,0,
B-A-star-1,0.90114,1789903068.6710,decel,11.7275,3.6226,2.18,0.2,0.2,1,24.507,0.0,10.671,2638,0.0,-8.8,14.8,34,1436,0.0,4.0,15.0,36,24.776,-0.268,0,
B-A-star-1,0.90314,1789903068.6730,decel,11.7275,3.6226,2.18,0.2,0.2,1,24.507,0.0,10.671,2638,0.0,-8.8,14.8,34,1435,0.0,3.2,15.0,36,24.814,-0.307,0,
B-A-star-1,0.90514,1789903068.6750,decel,11.7275,3.6226,2.18,0.2,0.2,1,24.507,0.0,10.671,2638,0.0,-8.8,14.8,34,1435,0.0,3.2,15.0,36,24.814,-0.307,0,
B-A-star-1,0.90714,1789903068.6770,decel,11.7275,3.6226,2.18,0.2,0.2,1,24.507,0.0,10.671,2638,0.0,-8.8,14.8,34,1435,0.0,3.2,15.0,36,24.814,-0.307,0,
B-A-star-1,0.90914,1789903068.6790,decel,11.7275,3.6226,2.18,0.2,0.2,1,24.507,0.0,10.671,2638,0.0,-8.8,14.8,34,1435,0.0,3.2,15.0,36,24.814,-0.307,0,
B-A-star-1,0.91114,1789903068.6810,decel,11.7275,3.6226,2.18,0.2,0.2,1,24.507,0.0,10.671,2638,0.0,-8.8,14.8,34,1435,0.0,3.2,15.0,36,24.814,-0.307,0,
B-A-star-1,0.91314,1789903068.6830,decel,11.7275,3.6226,2.18,0.2,0.2,1,24.507,0.0,10.671,2638,0.0,-8.8,14.8,34,1435,0.0,3.2,15.0,36,24.814,-0.307,0,
B-A-star-1,0.91514,1789903068.6850,decel,11.7275,3.6226,2.18,0.2,0.2,1,24.507,0.0,10.671,2638,0.0,-8.8,14.8,34,1435,0.0,3.2,15.0,36,24.814,-0.307,0,
B-A-star-1,0.91714,1789903068.6870,decel,11.7275,3.6226,2.18,0.2,0.2,1,24.507,0.0,10.671,2638,0.0,-8.8,14.8,34,1435,0.0,3.2,15.0,36,24.814,-0.307,0,
B-A-star-1,0.91914,1789903068.6890,decel,11.7275,3.6226,2.18,0.2,0.2,1,24.507,0.0,10.671,2638,0.0,-8.8,14.8,34,1435,0.0,3.2,15.0,36,24.814,-0.307,0,
B-A-star-1,0.92114,1789903068.6910,decel,11.7275,3.6226,2.18,0.2,0.2,1,24.507,0.0,10.671,2638,0.0,-8.8,14.8,34,1436,0.0,4.0,15.0,36,24.776,-0.268,0,
B-A-star-1,0.92314,1789903068.6930,decel,11.7275,3.6226,2.18,0.2,0.2,1,24.507,0.0,10.671,2638,0.0,-8.8,14.8,34,1435,0.0,3.2,15.0,36,24.814,-0.307,0,
B-A-star-1,0.92514,1789903068.6950,decel,11.7275,3.6226,2.18,0.2,0.2,1,24.507,0.0,10.671,2638,0.0,-8.8,14.8,34,1435,0.0,3.2,15.0,36,24.814,-0.307,0,
B-A-star-1,0.92714,1789903068.6970,decel,11.7275,3.6226,2.18,0.2,0.2,1,24.507,0.0,10.671,2638,0.0,-8.8,14.8,34,1435,0.0,3.2,15.0,36,24.814,-0.307,0,
B-A-star-1,0.92914,1789903068.6990,decel,11.7275,3.6226,2.18,0.2,0.2,1,24.507,0.0,10.671,2638,0.0,-8.8,14.8,34,1435,0.0,3.2,15.0,36,24.814,-0.307,0,
B-A-star-1,0.93114,1789903068.7010,decel,11.7275,3.6226,2.18,0.2,0.2,1,24.507,0.0,10.671,2638,0.0,-8.8,14.8,34,1435,0.0,3.2,15.0,36,24.814,-0.307,0,
B-A-star-1,0.93314,1789903068.7030,decel,11.7275,3.6226,2.18,0.2,0.2,1,24.507,0.0,10.671,2638,0.0,-8.8,14.8,34,1435,0.0,3.2,15.0,36,24.814,-0.307,0,
B-A-star-1,0.93514,1789903068.7050,decel,11.7275,3.6226,2.18,0.2,0.2,1,24.507,0.0,10.671,2638,0.0,-8.8,14.8,34,1435,0.0,3.2,15.0,36,24.814,-0.307,0,
B-A-star-1,0.93714,1789903068.7070,decel,11.7275,3.6226,2.18,0.2,0.2,1,24.507,0.0,10.671,2638,0.0,-8.8,14.8,34,1435,0.0,3.2,15.0,36,24.814,-0.307,0,
B-A-star-1,0.93914,1789903068.7090,decel,11.7275,3.6226,2.18,0.2,0.2,1,24.507,0.0,10.671,2638,0.0,-8.8,14.8,34,1435,0.0,3.2,15.0,36,24.814,-0.307,0,
B-A-star-1,0.94114,1789903068.7110,decel,11.7275,3.6226,2.18,0.2,0.2,1,24.545,0.3349,10.667,2639,0.0,-8.0,14.8,34,1435,0.0,3.2,15.0,36,24.814,-0.268,0,
B-A-star-1,0.94312,1789903068.7130,decel,11.7275,3.6226,2.18,0.2,0.2,1,24.507,-0.3382,10.671,2638,0.0,-8.8,14.8,34,1435,0.0,3.2,15.0,36,24.814,-0.307,0,
B-A-star-1,0.94512,1789903068.7150,decel,11.7275,3.6226,2.18,0.2,0.2,1,24.507,0.0,10.671,2638,0.0,-8.8,14.8,34,1435,0.0,3.2,15.0,36,24.814,-0.307,0,
B-A-star-1,0.94712,1789903068.7170,decel,11.7275,3.6226,2.18,0.2,0.2,1,24.507,0.0,10.671,2638,0.0,-8.8,14.8,34,1435,0.0,3.2,15.0,36,24.814,-0.307,0,
B-A-star-1,0.94912,1789903068.7190,decel,11.7275,3.6226,2.18,0.2,0.2,1,24.507,0.0,10.671,2638,0.0,-8.8,14.8,34,1435,0.0,3.2,15.0,36,24.814,-0.307,0,
B-A-star-1,0.95112,1789903068.7210,decel,11.7275,3.6226,2.18,0.2,0.2,1,24.507,0.0,10.671,2638,0.0,-8.8,14.8,34,1435,0.0,3.2,15.0,36,24.814,-0.307,0,
B-A-star-1,0.95312,1789903068.7230,decel,11.7275,3.6226,2.18,0.2,0.2,1,24.507,0.0,10.671,2638,0.0,-8.8,14.8,34,1435,0.0,3.2,15.0,36,24.814,-0.307,0,
B-A-star-1,0.95512,1789903068.7250,decel,11.7275,3.6226,2.18,0.2,0.2,1,24.507,0.0,10.671,2638,0.0,-8.8,14.8,34,1435,0.0,3.2,15.0,36,24.814,-0.307,0,
B-A-star-1,0.95712,1789903068.7270,decel,11.7275,3.6226,2.18,0.2,0.2,1,24.545,0.3347,10.667,2639,0.0,-8.0,14.8,34,1435,0.0,3.2,15.0,36,24.814,-0.268,0,
B-A-star-1,0.95912,1789903068.7290,decel,11.7275,3.6226,2.18,0.2,0.2,1,24.545,0.0,10.667,2639,0.0,-8.0,14.8,34,1435,0.0,3.2,15.0,36,24.814,-0.268,0,
B-A-star-1,0.96112,1789903068.7310,decel,11.7275,3.6226,2.18,0.2,0.2,1,24.507,-0.3346,10.671,2638,0.0,-8.8,14.8,34,1435,0.0,3.2,15.0,36,24.814,-0.307,0,
B-A-star-1,0.96312,1789903068.7330,decel,11.7275,3.6226,2.18,0.2,0.2,1,24.545,0.3348,10.667,2639,0.0,-8.0,14.8,34,1435,0.0,3.2,15.0,36,24.814,-0.268,0,
B-A-star-1,0.96512,1789903068.7350,decel,11.7275,3.6226,2.18,0.2,0.2,1,24.545,0.0,10.667,2639,0.0,-8.0,14.8,34,1435,0.0,3.2,15.0,36,24.814,-0.268,0,
B-A-star-1,0.96712,1789903068.7370,decel,11.7275,3.6226,2.18,0.2,0.2,1,24.545,0.0,10.667,2639,0.0,-8.0,14.8,34,1435,0.0,3.2,15.0,36,24.814,-0.268,0,
B-A-star-1,0.96912,1789903068.7390,decel,11.7275,3.6226,2.18,0.2,0.2,1,24.545,0.0,10.667,2639,0.0,-8.0,15.0,34,1434,0.0,2.4000000000000004,14.9,36,24.852,-0.307,0,
B-A-star-1,0.97112,1789903068.7410,decel,11.7275,3.6226,2.18,0.2,0.2,1,24.545,0.0,10.667,2639,0.0,-8.0,15.0,34,1434,0.0,2.4000000000000004,14.9,36,24.852,-0.307,0,
B-A-star-1,0.97312,1789903068.7430,decel,11.7275,3.6226,2.18,0.2,0.2,1,24.545,0.0,10.667,2639,0.0,-8.0,15.0,34,1434,0.0,2.4000000000000004,14.9,36,24.852,-0.307,0,
B-A-star-1,0.97512,1789903068.7450,decel,11.7275,3.6226,2.18,0.2,0.2,1,24.545,0.0,10.667,2639,0.0,-8.0,15.0,34,1435,0.0,3.2,14.9,36,24.814,-0.268,0,
B-A-star-1,0.97712,1789903068.7470,decel,11.7275,3.6226,2.18,0.2,0.2,1,24.545,0.0,10.667,2639,0.0,-8.0,15.0,34,1435,0.0,3.2,14.9,36,24.814,-0.268,0,
B-A-star-1,0.97912,1789903068.7490,decel,11.7275,3.6226,2.18,0.2,0.2,1,24.545,0.0,10.667,2639,0.0,-8.0,15.0,34,1435,0.0,3.2,14.9,36,24.814,-0.268,0,
B-A-star-1,0.98112,1789903068.7510,decel,11.7275,3.6226,2.18,0.2,0.2,1,24.545,0.0,10.667,2639,0.0,-8.0,15.0,34,1434,0.0,2.4000000000000004,14.9,36,24.852,-0.307,0,
B-A-star-1,0.98312,1789903068.7530,decel,11.7275,3.6226,2.18,0.2,0.2,1,24.545,0.0,10.667,2639,0.0,-8.0,15.0,34,1434,0.0,2.4000000000000004,14.9,36,24.852,-0.307,0,
B-A-star-1,0.98512,1789903068.7550,decel,11.7275,3.6226,2.18,0.2,0.2,1,24.545,0.0,10.667,2639,0.0,-8.0,15.0,34,1435,0.0,3.2,14.9,36,24.814,-0.268,0,
B-A-star-1,0.98712,1789903068.7570,decel,11.7275,3.6226,2.18,0.2,0.2,1,24.545,0.0,10.667,2639,0.0,-8.0,15.0,34,1435,0.0,3.2,14.9,36,24.814,-0.268,0,
B-A-star-1,0.98912,1789903068.7590,decel,11.7275,3.6226,2.18,0.2,0.2,1,24.545,0.0,10.667,2639,0.0,-8.0,15.0,34,1434,0.0,2.4000000000000004,14.9,36,24.852,-0.307,0,
B-A-star-1,0.99112,1789903068.7610,decel,11.7275,3.6226,2.18,0.2,0.2,1,24.545,0.0,10.667,2639,0.0,-8.0,15.0,34,1435,0.0,3.2,14.9,36,24.814,-0.268,0,
B-A-star-1,0.99312,1789903068.7630,decel,11.7275,3.6226,2.18,0.2,0.2,1,24.545,0.0,10.667,2639,0.0,-8.0,15.0,34,1434,0.0,2.4000000000000004,14.9,36,24.852,-0.307,0,
B-A-star-1,0.99512,1789903068.7650,decel,11.7275,3.6226,2.18,0.2,0.2,1,24.545,0.0,10.667,2639,0.0,-8.0,15.0,34,1435,0.0,3.2,14.9,36,24.814,-0.268,0,
B-A-star-1,0.99712,1789903068.7670,decel,11.7275,3.6226,2.18,0.2,0.2,1,24.545,0.0,10.667,2639,0.0,-8.0,15.0,34,1435,0.0,3.2,14.9,36,24.814,-0.268,0,
B-A-star-1,0.99912,1789903068.7690,decel,11.7275,3.6226,2.18,0.2,0.2,1,24.545,0.0,10.667,2639,0.0,-8.0,15.0,34,1434,0.0,2.4000000000000004,14.9,36,24.852,-0.307,0,
B-A-star-1,1.00112,1789903068.7710,decel,11.7275,3.6226,2.18,0.2,0.2,1,24.545,0.0,10.667,2639,0.0,-8.0,15.0,34,1434,0.0,2.4000000000000004,14.9,36,24.852,-0.307,0,
B-A-star-1,1.00312,1789903068.7730,decel,11.7275,3.6226,2.18,0.2,0.2,1,24.545,0.0,10.667,2639,0.0,-8.0,15.0,34,1434,0.0,2.4000000000000004,14.9,36,24.852,-0.307,0,
B-A-star-1,1.00512,1789903068.7750,decel,11.7275,3.6226,2.18,0.2,0.2,1,24.545,0.0,10.667,2639,0.0,-8.0,15.0,34,1434,0.0,2.4000000000000004,14.9,36,24.852,-0.307,0,
B-A-star-1,1.00712,1789903068.7770,decel,11.7275,3.6226,2.18,0.2,0.2,1,24.545,0.0,10.667,2639,0.0,-8.0,15.0,34,1434,0.0,2.4000000000000004,14.9,36,24.852,-0.307,0,
B-A-star-1,1.00912,1789903068.7790,decel,11.7275,3.6226,2.18,0.2,0.2,1,24.584,0.3353,10.664,2640,0.0,-8.0,15.0,34,1434,0.0,2.4000000000000004,14.9,36,24.852,-0.268,0,
B-A-star-1,1.01112,1789903068.7810,decel,11.7275,3.6226,2.18,0.2,0.2,1,24.545,-0.3347,10.667,2639,0.0,-8.0,15.0,34,1434,0.0,2.4000000000000004,14.9,36,24.852,-0.307,0,
B-A-star-1,1.01312,1789903068.7830,decel,11.7275,3.6226,2.18,0.2,0.2,1,24.545,0.0,10.667,2639,0.0,-8.0,15.0,34,1434,0.0,2.4000000000000004,14.9,36,24.852,-0.307,0,
B-A-star-1,1.01512,1789903068.7850,decel,11.7275,3.6226,2.18,0.2,0.2,1,24.545,0.0,10.667,2639,0.0,-8.0,15.0,34,1434,0.0,2.4000000000000004,14.9,36,24.852,-0.307,0,
B-A-star-1,1.01712,1789903068.7870,decel,11.7275,3.6226,2.18,0.2,0.2,1,24.545,0.0,10.667,2639,0.0,-8.0,15.0,34,1434,0.0,2.4000000000000004,14.9,36,24.852,-0.307,0,
B-A-star-1,1.01912,1789903068.7890,decel,11.7275,3.6226,2.18,0.2,0.2,1,24.545,0.0,10.667,2639,0.0,-8.0,15.0,34,1434,0.0,2.4000000000000004,14.9,36,24.852,-0.307,0,
B-A-star-1,1.02112,1789903068.7910,decel,11.7275,3.6226,2.18,0.2,0.2,1,24.545,0.0,10.667,2639,0.0,-8.0,15.0,34,1434,0.0,2.4000000000000004,14.9,36,24.852,-0.307,0,
B-A-star-1,1.02312,1789903068.7930,decel,11.7275,3.6226,2.18,0.2,0.2,1,24.545,0.0,10.667,2639,0.0,-8.0,15.0,34,1434,0.0,2.4000000000000004,14.9,36,24.852,-0.307,0,
B-A-star-1,1.02512,1789903068.7950,decel,11.7275,3.6226,2.18,0.2,0.2,1,24.545,0.0,10.667,2639,0.0,-8.0,15.0,34,1434,0.0,2.4000000000000004,14.9,36,24.852,-0.307,0,
B-A-star-1,1.02712,1789903068.7970,decel,11.7275,3.6226,2.18,0.2,0.2,1,24.545,0.0,10.667,2639,0.0,-8.0,15.0,34,1434,0.0,2.4000000000000004,14.9,36,24.852,-0.307,0,
B-A-star-1,1.02912,1789903068.7990,decel,11.7275,3.6226,2.18,0.2,0.2,1,24.584,0.3346,10.664,2640,0.0,-7.2,15.0,34,1434,0.0,2.4000000000000004,14.9,36,24.852,-0.268,0,
B-A-star-1,1.03112,1789903068.8010,decel,11.7275,3.6226,2.18,0.2,0.2,1,24.545,-0.3348,10.667,2639,0.0,-8.0,15.0,34,1434,0.0,2.4000000000000004,14.9,36,24.852,-0.307,0,
B-A-star-1,1.03312,1789903068.8030,decel,11.7275,3.6226,2.18,0.2,0.2,1,24.584,0.3347,10.664,2640,0.0,-7.2,15.0,34,1434,0.0,2.4000000000000004,14.9,36,24.852,-0.268,0,
B-A-star-1,1.03512,1789903068.8050,decel,11.7275,3.6226,2.18,0.2,0.2,1,24.545,-0.3347,10.667,2639,0.0,-8.0,15.0,34,1434,0.0,2.4000000000000004,14.9,36,24.852,-0.307,0,
B-A-star-1,1.03712,1789903068.8070,decel,11.7275,3.6226,2.18,0.2,0.2,1,24.545,0.0,10.667,2639,0.0,-8.0,15.0,34,1434,0.0,2.4000000000000004,14.9,36,24.852,-0.307,0,
B-A-star-1,1.03912,1789903068.8090,decel,11.7275,3.6226,2.18,0.2,0.2,1,24.545,0.0,10.667,2639,0.0,-8.0,15.0,34,1434,0.0,2.4000000000000004,14.9,36,24.852,-0.307,0,
B-A-star-1,1.04112,1789903068.8110,decel,11.7275,3.6226,2.18,0.2,0.2,1,24.545,0.0,10.667,2639,0.0,-8.0,15.0,34,1434,0.0,2.4000000000000004,14.9,36,24.852,-0.307,0,
B-A-star-1,1.04312,1789903068.8130,decel,11.7275,3.6226,2.18,0.2,0.2,1,24.584,0.3347,10.664,2640,0.0,-7.2,15.0,34,1434,0.0,2.4000000000000004,14.9,36,24.852,-0.268,0,
B-A-star-1,1.04512,1789903068.8150,decel,11.7275,3.6226,2.18,0.2,0.2,1,24.584,0.0,10.664,2640,0.0,-7.2,15.0,34,1434,0.0,2.4000000000000004,14.9,36,24.852,-0.268,0,
B-A-star-1,1.04712,1789903068.8170,decel,11.7275,3.6226,2.18,0.2,0.2,1,24.584,0.0,10.664,2640,0.0,-7.2,15.0,34,1434,0.0,2.4000000000000004,14.9,36,24.852,-0.268,0,
B-A-star-1,1.04912,1789903068.8190,decel,11.7275,3.6226,2.18,0.2,0.2,1,24.584,0.0,10.664,2640,0.0,-7.2,15.0,34,1434,0.0,2.4000000000000004,14.9,36,24.852,-0.268,0,
B-A-star-1,1.05112,1789903068.8210,decel,11.7275,3.6226,2.18,0.2,0.2,1,24.584,0.0,10.664,2640,0.0,-7.2,15.0,34,1434,0.0,2.4000000000000004,14.9,36,24.852,-0.268,0,
B-A-star-1,1.05312,1789903068.8230,decel,11.7275,3.6226,2.18,0.2,0.2,1,24.545,-0.3348,10.667,2639,0.0,-8.0,15.0,34,1434,0.0,2.4000000000000004,14.9,36,24.852,-0.307,0,
B-A-star-1,1.05512,1789903068.8250,decel,11.7275,3.6226,2.18,0.2,0.2,1,24.545,0.0,10.667,2639,0.0,-8.0,15.0,34,1434,0.0,2.4000000000000004,14.9,36,24.852,-0.307,0,
B-A-star-1,1.05712,1789903068.8270,decel,11.7275,3.6226,2.18,0.2,0.2,1,24.545,0.0,10.667,2639,0.0,-8.0,15.0,34,1434,0.0,2.4000000000000004,14.9,36,24.852,-0.307,0,
B-A-star-1,1.05913,1789903068.8290,decel,11.7275,3.6226,2.18,0.2,0.2,1,24.584,0.3334,10.664,2640,0.0,-7.2,15.0,34,1434,0.0,2.4000000000000004,14.9,36,24.852,-0.268,0,
B-A-star-1,1.06112,1789903068.8310,decel,11.7275,3.6226,2.18,0.2,0.2,1,24.584,0.0,10.664,2640,0.0,-7.2,15.0,34,1434,0.0,2.4000000000000004,14.9,36,24.852,-0.268,0,
B-A-star-1,1.06312,1789903068.8330,decel,11.7275,3.6226,2.18,0.2,0.2,1,24.584,0.0,10.664,2640,0.0,-7.2,15.0,34,1434,0.0,2.4000000000000004,14.9,36,24.852,-0.268,0,
B-A-star-1,1.06512,1789903068.8350,decel,11.7275,3.6226,2.18,0.2,0.2,1,24.584,0.0,10.664,2640,0.0,-7.2,15.0,34,1434,0.0,2.4000000000000004,14.9,36,24.852,-0.268,0,
B-A-star-1,1.06712,1789903068.8370,decel,11.7275,3.6226,2.18,0.2,0.2,1,24.584,0.0,10.664,2640,0.0,-7.2,15.0,34,1434,0.0,2.4000000000000004,14.9,36,24.852,-0.268,0,
B-A-star-1,1.06912,1789903068.8390,decel,11.7275,3.6226,2.18,0.2,0.2,1,24.584,0.0,10.664,2640,0.0,-7.2,15.0,34,1434,0.0,2.4000000000000004,14.9,36,24.852,-0.268,0,
B-A-star-1,1.07112,1789903068.8410,decel,11.7275,3.6226,2.18,0.2,0.2,1,24.584,0.0,10.664,2640,0.0,-7.2,15.0,34,1434,0.0,2.4000000000000004,14.9,36,24.852,-0.268,0,
B-A-star-1,1.07312,1789903068.8430,decel,11.7275,3.6226,2.18,0.2,0.2,1,24.584,0.0,10.664,2640,0.0,-7.2,15.0,34,1434,0.0,2.4000000000000004,14.9,36,24.852,-0.268,0,
B-A-star-1,1.07512,1789903068.8450,decel,11.7275,3.6226,2.18,0.2,0.2,1,24.545,-0.3346,10.667,2639,0.0,-8.0,15.0,34,1434,0.0,2.4000000000000004,14.9,36,24.852,-0.307,0,
B-A-star-1,1.07712,1789903068.8470,decel,11.7275,3.6226,2.18,0.2,0.2,1,24.584,0.3344,10.664,2640,0.0,-7.2,15.0,34,1434,0.0,2.4000000000000004,14.9,36,24.852,-0.268,0,
B-A-star-1,1.07912,1789903068.8490,decel,11.7275,3.6226,2.18,0.2,0.2,1,24.584,0.0,10.664,2640,0.0,-7.2,15.0,34,1434,0.0,2.4000000000000004,14.9,36,24.852,-0.268,0,
B-A-star-1,1.08112,1789903068.8510,decel,11.7275,3.6226,2.18,0.2,0.2,1,24.584,0.0,10.664,2640,0.0,-7.2,15.0,34,1434,0.0,2.4000000000000004,14.9,36,24.852,-0.268,0,
B-A-star-1,1.08312,1789903068.8530,decel,11.7275,3.6226,2.18,0.2,0.2,1,24.584,0.0,10.664,2640,0.0,-7.2,15.0,34,1434,0.0,2.4000000000000004,14.9,36,24.852,-0.268,0,
B-A-star-1,1.08512,1789903068.8550,decel,11.7275,3.6226,2.18,0.2,0.2,1,24.584,0.0,10.664,2640,0.0,-7.2,15.0,34,1434,0.0,2.4000000000000004,14.9,36,24.852,-0.268,0,
B-A-star-1,1.08712,1789903068.8570,decel,11.7275,3.6226,2.18,0.2,0.2,1,24.584,0.0,10.664,2640,0.0,-7.2,15.0,34,1434,0.0,2.4000000000000004,14.9,36,24.852,-0.268,0,
B-A-star-1,1.08912,1789903068.8590,decel,11.7275,3.6226,2.18,0.2,0.2,1,24.584,0.0,10.664,2640,0.0,-7.2,15.0,34,1434,0.0,2.4000000000000004,14.9,36,24.852,-0.268,0,
B-A-star-1,1.09112,1789903068.8610,decel,11.7275,3.6226,2.18,0.2,0.2,1,24.584,0.0,10.664,2640,0.0,-7.2,15.0,34,1434,0.0,2.4000000000000004,14.9,36,24.852,-0.268,0,
B-A-star-1,1.09312,1789903068.8630,decel,11.7275,3.6226,2.18,0.2,0.2,1,24.584,0.0,10.664,2640,0.0,-7.2,15.0,34,1433,0.0,1.6,14.9,36,24.891,-0.307,0,
B-A-star-1,1.09512,1789903068.8650,decel,11.7275,3.6226,2.18,0.2,0.2,1,24.584,0.0,10.664,2640,0.0,-7.2,15.0,34,1434,0.0,2.4000000000000004,14.9,36,24.852,-0.268,0,
B-A-star-1,1.09712,1789903068.8670,decel,11.7275,3.6226,2.18,0.2,0.2,1,24.584,0.0,10.664,2640,0.0,-7.2,15.0,34,1434,0.0,2.4000000000000004,14.9,36,24.852,-0.268,0,
B-A-star-1,1.09912,1789903068.8690,decel,11.7275,3.6226,2.18,0.2,0.2,1,24.584,0.0,10.664,2640,0.0,-7.2,15.0,34,1433,0.0,1.6,14.9,36,24.891,-0.307,0,
B-A-star-1,1.10112,1789903068.8710,decel,11.7275,3.6226,2.18,0.2,0.2,1,24.584,0.0,10.664,2640,0.0,-7.2,15.0,34,1433,0.0,1.6,14.9,36,24.891,-0.307,0,
B-A-star-1,1.10312,1789903068.8730,decel,11.7275,3.6226,2.18,0.2,0.2,1,24.584,0.0,10.664,2640,0.0,-7.2,15.0,34,1433,0.0,1.6,14.9,36,24.891,-0.307,0,
B-A-star-1,1.10512,1789903068.8750,decel,11.7275,3.6226,2.18,0.2,0.2,1,24.584,0.0,10.664,2640,0.0,-7.2,15.0,34,1433,0.0,1.6,14.9,36,24.891,-0.307,0,
B-A-star-1,1.10712,1789903068.8770,decel,11.7275,3.6226,2.18,0.2,0.2,1,24.584,0.0,10.664,2640,0.0,-7.2,15.0,34,1433,0.0,1.6,14.9,36,24.891,-0.307,0,
B-A-star-1,1.10912,1789903068.8790,decel,11.7275,3.6226,2.18,0.2,0.2,1,24.584,0.0,10.664,2640,0.0,-7.2,15.0,34,1434,0.0,2.4000000000000004,14.9,36,24.852,-0.268,0,
B-A-star-1,1.11112,1789903068.8810,decel,11.7275,3.6226,2.18,0.2,0.2,1,24.584,0.0,10.664,2640,0.0,-7.2,15.0,34,1433,0.0,1.6,14.9,36,24.891,-0.307,0,
B-A-star-1,1.11312,1789903068.8830,decel,11.7275,3.6226,2.18,0.2,0.2,1,24.584,0.0,10.664,2640,0.0,-7.2,15.0,34,1433,0.0,1.6,14.9,36,24.891,-0.307,0,
B-A-star-1,1.11512,1789903068.8850,decel,11.7275,3.6226,2.18,0.2,0.2,1,24.584,0.0,10.664,2640,0.0,-7.2,15.0,34,1433,0.0,1.6,14.9,36,24.891,-0.307,0,
B-A-star-1,1.11712,1789903068.8870,decel,11.7275,3.6226,2.18,0.2,0.2,1,24.584,0.0,10.664,2640,0.0,-7.2,15.0,34,1433,0.0,1.6,14.9,36,24.891,-0.307,0,
B-A-star-1,1.11912,1789903068.8890,decel,11.7275,3.6226,2.18,0.2,0.2,1,24.584,0.0,10.664,2640,0.0,-7.2,15.0,34,1433,0.0,1.6,14.9,36,24.891,-0.307,0,
B-A-star-1,1.12112,1789903068.8910,decel,11.7275,3.6226,2.18,0.2,0.2,1,24.584,0.0,10.664,2640,0.0,-7.2,15.0,34,1433,0.0,1.6,14.9,36,24.891,-0.307,0,
B-A-star-1,1.12312,1789903068.8930,decel,11.7275,3.6226,2.18,0.2,0.2,1,24.584,0.0,10.664,2640,0.0,-7.2,15.0,34,1434,0.0,2.4000000000000004,14.9,36,24.852,-0.268,0,
B-A-star-1,1.12512,1789903068.8950,decel,11.7275,3.6226,2.18,0.2,0.2,1,24.584,0.0,10.664,2640,0.0,-7.2,15.0,34,1433,0.0,1.6,14.9,36,24.891,-0.307,0,
B-A-star-1,1.12712,1789903068.8970,decel,11.7275,3.6226,2.18,0.2,0.2,1,24.584,0.0,10.664,2640,0.0,-7.2,15.0,34,1433,0.0,1.6,14.9,36,24.891,-0.307,0,
B-A-star-1,1.12912,1789903068.8990,decel,11.7275,3.6226,2.18,0.2,0.2,1,24.584,0.0,10.664,2640,0.0,-7.2,15.0,34,1433,0.0,1.6,14.9,36,24.891,-0.307,0,
B-A-star-1,1.13112,1789903068.9010,decel,11.7275,3.6226,2.18,0.2,0.2,1,24.584,0.0,10.664,2640,0.0,-7.2,15.0,34,1433,0.0,1.6,14.9,36,24.891,-0.307,0,
B-A-star-1,1.13312,1789903068.9030,decel,11.7275,3.6226,2.18,0.2,0.2,1,24.584,0.0,10.664,2640,0.0,-7.2,15.0,34,1433,0.0,1.6,14.9,36,24.891,-0.307,0,
B-A-star-1,1.13512,1789903068.9050,decel,11.7275,3.6226,2.18,0.2,0.2,1,24.584,0.0,10.664,2640,0.0,-7.2,15.0,34,1433,0.0,1.6,14.9,36,24.891,-0.307,0,
B-A-star-1,1.13712,1789903068.9070,decel,11.7275,3.6226,2.18,0.2,0.2,1,24.584,0.0,10.664,2640,0.0,-7.2,15.0,34,1433,0.0,1.6,14.9,36,24.891,-0.307,0,
B-A-star-1,1.13912,1789903068.9090,decel,11.7275,3.6226,2.18,0.2,0.2,1,24.584,0.0,10.664,2640,0.0,-7.2,15.0,34,1433,0.0,1.6,14.9,36,24.891,-0.307,0,
B-A-star-1,1.14112,1789903068.9110,decel,11.7275,3.6226,2.18,0.2,0.2,1,24.584,0.0,10.664,2640,0.0,-7.2,15.0,34,1433,0.0,1.6,14.9,36,24.891,-0.307,0,
B-A-star-1,1.14312,1789903068.9130,decel,11.7275,3.6226,2.18,0.2,0.2,1,24.584,0.0,10.664,2640,0.0,-7.2,15.0,34,1433,0.0,1.6,14.9,36,24.891,-0.307,0,
B-A-star-1,1.14512,1789903068.9150,decel,11.7275,3.6226,2.18,0.2,0.2,1,24.584,0.0,10.664,2640,0.0,-7.2,15.0,34,1433,0.0,1.6,14.9,36,24.891,-0.307,0,
B-A-star-1,1.14712,1789903068.9170,decel,11.7275,3.6226,2.18,0.2,0.2,1,24.584,0.0,10.664,2640,0.0,-7.2,15.0,34,1433,0.0,1.6,14.9,36,24.891,-0.307,0,
B-A-star-1,1.14912,1789903068.9190,decel,11.7275,3.6226,2.18,0.2,0.2,1,24.584,0.0,10.664,2640,0.0,-7.2,15.0,34,1433,0.0,1.6,14.9,36,24.891,-0.307,0,
B-A-star-1,1.15112,1789903068.9210,decel,11.7275,3.6226,2.18,0.2,0.2,1,24.584,0.0,10.664,2640,0.0,-7.2,15.0,34,1434,0.0,2.4000000000000004,14.9,36,24.852,-0.268,0,
B-A-star-1,1.15312,1789903068.9230,decel,11.7275,3.6226,2.18,0.2,0.2,1,24.584,0.0,10.664,2640,0.0,-7.2,15.0,34,1433,0.0,1.6,14.9,36,24.891,-0.307,0,
B-A-star-1,1.15512,1789903068.9250,decel,11.7275,3.6226,2.18,0.2,0.2,1,24.584,0.0,10.664,2640,0.0,-7.2,15.0,34,1433,0.0,1.6,14.9,36,24.891,-0.307,0,
B-A-star-1,1.15712,1789903068.9270,decel,11.7275,3.6226,2.18,0.2,0.2,1,24.584,0.0,10.664,2640,0.0,-7.2,15.0,34,1433,0.0,1.6,14.9,36,24.891,-0.307,0,
B-A-star-1,1.15912,1789903068.9290,decel,11.7275,3.6226,2.18,0.2,0.2,1,24.584,0.0,10.664,2640,0.0,-7.2,15.0,34,1433,0.0,1.6,14.9,36,24.891,-0.307,0,
B-A-star-1,1.16112,1789903068.9310,decel,11.7275,3.6226,2.18,0.2,0.2,1,24.584,0.0,10.664,2640,0.0,-7.2,15.0,34,1433,0.0,1.6,14.9,36,24.891,-0.307,0,
B-A-star-1,1.16318,1789903068.9330,decel,11.7275,3.6226,2.18,0.2,0.2,1,24.584,0.0,10.664,2640,0.0,-7.2,15.0,34,1433,0.0,1.6,14.9,36,24.891,-0.307,0,
B-A-star-1,1.16519,1789903068.9351,decel,11.7275,3.6226,2.18,0.2,0.2,1,24.584,0.0,10.664,2640,0.0,-7.2,15.0,34,1433,0.0,1.6,14.9,36,24.891,-0.307,0,
B-A-star-1,1.16719,1789903068.9371,decel,11.7275,3.6226,2.18,0.2,0.2,1,24.584,0.0,10.664,2640,0.0,-7.2,15.0,34,1433,0.0,1.6,14.9,36,24.891,-0.307,0,
B-A-star-1,1.1692,1789903068.9391,decel,11.7275,3.6226,2.18,0.2,0.2,1,24.584,0.0,10.664,2640,0.0,-7.2,15.0,34,1433,0.0,1.6,14.9,36,24.891,-0.307,0,
B-A-star-1,1.17118,1789903068.9410,decel,11.7275,3.6226,2.18,0.2,0.2,1,24.584,0.0,10.664,2640,0.0,-7.2,15.0,34,1433,0.0,1.6,14.9,36,24.891,-0.307,0,
B-A-star-1,1.17318,1789903068.9431,decel,11.7275,3.6226,2.18,0.2,0.2,1,24.584,0.0,10.664,2640,0.0,-7.2,15.0,34,1433,0.0,1.6,14.9,36,24.891,-0.307,0,
B-A-star-1,1.17518,1789903068.9450,decel,11.7275,3.6226,2.18,0.2,0.2,1,24.584,0.0,10.664,2640,0.0,-7.2,15.0,34,1433,0.0,1.6,14.9,36,24.891,-0.307,0,
B-A-star-1,1.17718,1789903068.9470,decel,11.7275,3.6226,2.18,0.2,0.2,1,24.584,0.0,10.664,2640,0.0,-7.2,15.0,34,1433,0.0,1.6,14.9,36,24.891,-0.307,0,
B-A-star-1,1.17917,1789903068.9490,decel,11.7275,3.6226,2.18,0.2,0.2,1,24.584,0.0,10.664,2640,0.0,-7.2,15.0,34,1433,0.0,1.6,14.9,36,24.891,-0.307,0,
B-A-star-1,1.18118,1789903068.9510,decel,11.7275,3.6226,2.18,0.2,0.2,1,24.584,0.0,10.664,2640,0.0,-7.2,15.0,34,1433,0.0,1.6,14.9,36,24.891,-0.307,0,
B-A-star-1,1.18319,1789903068.9531,decel,11.7275,3.6226,2.18,0.2,0.2,1,24.584,0.0,10.664,2640,0.0,-7.2,15.0,34,1433,0.0,1.6,14.9,36,24.891,-0.307,0,
B-A-star-1,1.18518,1789903068.9550,decel,11.7275,3.6226,2.18,0.2,0.2,1,24.584,0.0,10.664,2640,0.0,-7.2,15.0,34,1433,0.0,1.6,14.9,36,24.891,-0.307,0,
B-A-star-1,1.18718,1789903068.9570,decel,11.7275,3.6226,2.18,0.2,0.2,1,24.584,0.0,10.664,2640,0.0,-7.2,15.0,34,1433,0.0,1.6,14.9,36,24.891,-0.307,0,
B-A-star-1,1.18918,1789903068.9590,decel,11.7275,3.6226,2.18,0.2,0.2,1,24.584,0.0,10.664,2640,0.0,-7.2,15.0,34,1433,0.0,1.6,14.9,36,24.891,-0.307,0,
B-A-star-1,1.19119,1789903068.9611,decel,11.7275,3.6226,2.18,0.2,0.2,1,24.584,0.0,10.664,2640,0.0,-7.2,15.0,34,1433,0.0,1.6,14.9,36,24.891,-0.307,0,
B-A-star-1,1.19318,1789903068.9630,decel,11.7275,3.6226,2.18,0.2,0.2,1,24.584,0.0,10.664,2640,0.0,-7.2,15.0,34,1433,0.0,1.6,14.9,36,24.891,-0.307,0,
B-A-star-1,1.19518,1789903068.9651,decel,11.7275,3.6226,2.18,0.2,0.2,1,24.584,0.0,10.664,2640,0.0,-7.2,15.0,34,1433,0.0,1.6,14.9,36,24.891,-0.307,0,
B-A-star-1,1.19717,1789903068.9670,decel,11.7275,3.6226,2.18,0.2,0.2,1,24.622,0.3364,10.661,2641,0.0,-6.4,15.0,34,1433,0.0,1.6,14.9,36,24.891,-0.268,0,
B-A-star-1,1.19918,1789903068.9690,decel,11.7275,3.6226,2.18,0.2,0.2,1,24.584,-0.3342,10.664,2640,0.0,-7.2,15.0,34,1433,0.0,1.6,14.9,36,24.891,-0.307,0,
B-A-star-1,1.20118,1789903068.9711,decel,11.7275,3.6226,2.18,0.2,0.2,1,24.584,0.0,10.664,2640,0.0,-7.2,15.0,34,1433,0.0,1.6,14.9,36,24.891,-0.307,0,
B-A-star-1,1.20319,1789903068.9731,decel,11.7275,3.6226,2.18,0.2,0.2,1,24.622,0.3338,10.661,2641,0.0,-6.4,15.0,34,1433,0.0,1.6,14.9,36,24.891,-0.268,0,
B-A-star-1,1.20519,1789903068.9751,decel,11.7275,3.6226,2.18,0.2,0.2,1,24.622,0.0,10.661,2641,0.0,-6.4,15.0,34,1432,0.0,0.8,14.9,36,24.929,-0.307,0,
B-A-star-1,1.20722,1789903068.9771,decel,11.7275,3.6226,2.18,0.2,0.2,1,24.622,0.0,10.661,2641,0.0,-6.4,15.0,34,1432,0.0,0.8,14.9,36,24.929,-0.307,0,
B-A-star-1,1.20922,1789903068.9791,decel,11.7275,3.6226,2.18,0.2,0.2,1,24.622,0.0,10.661,2641,0.0,-6.4,15.0,34,1432,0.0,0.8,14.9,36,24.929,-0.307,0,
B-A-star-1,1.21122,1789903068.9811,decel,11.7275,3.6226,2.18,0.2,0.2,1,24.622,0.0,10.661,2641,0.0,-6.4,15.0,34,1433,0.0,1.6,14.9,36,24.891,-0.268,0,
B-A-star-1,1.21319,1789903068.9831,decel,11.7275,3.6226,2.18,0.2,0.2,1,24.622,0.0,10.661,2641,0.0,-6.4,15.0,34,1433,0.0,1.6,14.9,36,24.891,-0.268,0,
B-A-star-1,1.2152,1789903068.9851,decel,11.7275,3.6226,2.18,0.2,0.2,1,24.622,0.0,10.661,2641,0.0,-6.4,15.0,34,1432,0.0,0.8,14.9,36,24.929,-0.307,0,
B-A-star-1,1.21719,1789903068.9871,decel,11.7275,3.6226,2.18,0.2,0.2,1,24.622,0.0,10.661,2641,0.0,-6.4,15.0,34,1432,0.0,0.8,14.9,36,24.929,-0.307,0,
B-A-star-1,1.21919,1789903068.9891,decel,11.7275,3.6226,2.18,0.2,0.2,1,24.622,0.0,10.661,2641,0.0,-6.4,15.0,34,1432,0.0,0.8,14.9,36,24.929,-0.307,0,
B-A-star-1,1.22119,1789903068.9911,decel,11.7275,3.6226,2.18,0.2,0.2,1,24.622,0.0,10.661,2641,0.0,-6.4,15.0,34,1432,0.0,0.8,14.9,36,24.929,-0.307,0,
B-A-star-1,1.22318,1789903068.9930,decel,11.7275,3.6226,2.18,0.2,0.2,1,24.622,0.0,10.661,2641,0.0,-6.4,15.0,34,1432,0.0,0.8,14.9,36,24.929,-0.307,0,
B-A-star-1,1.22516,1789903068.9950,decel,11.7275,3.6226,2.18,0.2,0.2,1,24.622,0.0,10.661,2641,0.0,-6.4,15.0,34,1432,0.0,0.8,14.9,36,24.929,-0.307,0,
B-A-star-1,1.22719,1789903068.9971,decel,11.7275,3.6226,2.18,0.2,0.2,1,24.622,0.0,10.661,2641,0.0,-6.4,15.0,34,1432,0.0,0.8,14.9,36,24.929,-0.307,0,
B-A-star-1,1.22919,1789903068.9991,decel,11.7275,3.6226,2.18,0.2,0.2,1,24.622,0.0,10.661,2641,0.0,-6.4,15.0,34,1432,0.0,0.8,14.9,36,24.929,-0.307,0,
B-A-star-1,1.23119,1789903069.0011,decel,11.7275,3.6226,2.18,0.2,0.2,1,24.622,0.0,10.661,2641,0.0,-6.4,15.0,34,1432,0.0,0.8,14.9,36,24.929,-0.307,0,
B-A-star-1,1.23319,1789903069.0031,decel,11.7275,3.6226,2.18,0.2,0.2,1,24.622,0.0,10.661,2641,0.0,-6.4,15.0,34,1432,0.0,0.8,14.9,36,24.929,-0.307,0,
B-A-star-1,1.23519,1789903069.0051,decel,11.7275,3.6226,2.18,0.2,0.2,1,24.622,0.0,10.661,2641,0.0,-6.4,15.0,34,1432,0.0,0.8,14.9,36,24.929,-0.307,0,
B-A-star-1,1.23718,1789903069.0071,decel,11.7275,3.6226,2.18,0.2,0.2,1,24.622,0.0,10.661,2641,0.0,-6.4,15.0,34,1432,0.0,0.8,14.9,36,24.929,-0.307,0,
B-A-star-1,1.23916,1789903069.0090,decel,11.7275,3.6226,2.18,0.2,0.2,1,24.622,0.0,10.661,2641,0.0,-6.4,15.0,34,1432,0.0,0.8,14.9,36,24.929,-0.307,0,
B-A-star-1,1.24119,1789903069.0111,decel,11.7275,3.6226,2.18,0.2,0.2,1,24.622,0.0,10.661,2641,0.0,-6.4,15.0,34,1432,0.0,0.8,14.9,36,24.929,-0.307,0,
B-A-star-1,1.24317,1789903069.0130,decel,11.7275,3.6226,2.18,0.2,0.2,1,24.622,0.0,10.661,2641,0.0,-6.4,15.0,34,1432,0.0,0.8,14.9,36,24.929,-0.307,0,
B-A-star-1,1.24516,1789903069.0150,decel,11.7275,3.6226,2.18,0.2,0.2,1,24.622,0.0,10.661,2641,0.0,-6.4,15.0,34,1432,0.0,0.8,14.9,36,24.929,-0.307,0,
B-A-star-1,1.24715,1789903069.0170,decel,11.7275,3.6226,2.18,0.2,0.2,1,24.622,0.0,10.661,2641,0.0,-6.4,15.0,34,1432,0.0,0.8,14.9,36,24.929,-0.307,0,
B-A-star-1,1.24918,1789903069.0190,decel,11.7275,3.6226,2.18,0.2,0.2,1,24.622,0.0,10.661,2641,0.0,-6.4,15.0,34,1432,0.0,0.8,14.9,36,24.929,-0.307,0,
B-A-star-1,1.25115,1789903069.0210,decel,11.7275,3.6226,2.18,0.2,0.2,1,24.622,0.0,10.661,2641,0.0,-6.4,15.0,34,1432,0.0,0.8,14.9,36,24.929,-0.307,0,
B-A-star-1,1.25315,1789903069.0230,decel,11.7275,3.6226,2.18,0.2,0.2,1,24.622,0.0,10.661,2641,0.0,-6.4,15.0,34,1432,0.0,0.8,14.9,36,24.929,-0.307,0,
B-A-star-1,1.25515,1789903069.0250,decel,11.7275,3.6226,2.18,0.2,0.2,1,24.622,0.0,10.661,2641,0.0,-6.4,15.0,34,1432,0.0,0.8,14.9,36,24.929,-0.307,0,
B-A-star-1,1.25718,1789903069.0271,decel,11.7275,3.6226,2.18,0.2,0.2,1,24.622,0.0,10.661,2641,0.0,-6.4,15.0,34,1432,0.0,0.8,14.9,36,24.929,-0.307,0,
B-A-star-1,1.25916,1789903069.0290,decel,11.7275,3.6226,2.18,0.2,0.2,1,24.622,0.0,10.661,2641,0.0,-6.4,15.0,34,1432,0.0,0.8,14.9,36,24.929,-0.307,0,
B-A-star-1,1.26117,1789903069.0310,decel,11.7275,3.6226,2.18,0.2,0.2,1,24.622,0.0,10.661,2641,0.0,-6.4,15.0,34,1432,0.0,0.8,14.9,36,24.929,-0.307,0,
B-A-star-1,1.26315,1789903069.0330,decel,11.7275,3.6226,2.18,0.2,0.2,1,24.622,0.0,10.661,2641,0.0,-6.4,15.0,34,1432,0.0,0.8,14.9,36,24.929,-0.307,0,
B-A-star-1,1.26516,1789903069.0350,decel,11.7275,3.6226,2.18,0.2,0.2,1,24.622,0.0,10.661,2641,0.0,-6.4,15.0,34,1432,0.0,0.8,14.9,36,24.929,-0.307,0,
B-A-star-1,1.26715,1789903069.0370,decel,11.7275,3.6226,2.18,0.2,0.2,1,24.622,0.0,10.661,2641,0.0,-6.4,15.0,34,1432,0.0,0.8,14.9,36,24.929,-0.307,0,
B-A-star-1,1.2692,1789903069.0391,decel,11.7275,3.6226,2.18,0.2,0.2,1,24.622,0.0,10.661,2641,0.0,-6.4,15.0,34,1432,0.0,0.8,14.9,36,24.929,-0.307,0,
B-A-star-1,1.27115,1789903069.0410,decel,11.7275,3.6226,2.18,0.2,0.2,1,24.622,0.0,10.661,2641,0.0,-6.4,15.0,34,1432,0.0,0.8,14.9,36,24.929,-0.307,0,
B-A-star-1,1.27317,1789903069.0430,decel,11.7275,3.6226,2.18,0.2,0.2,1,24.622,0.0,10.661,2641,0.0,-6.4,15.0,34,1432,0.0,0.8,14.9,36,24.929,-0.307,0,
B-A-star-1,1.27516,1789903069.0450,decel,11.7275,3.6226,2.18,0.2,0.2,1,24.661,0.3366,10.658,2642,0.0,-5.6000000000000005,15.0,34,1432,0.0,0.8,14.9,36,24.929,-0.268,0,
B-A-star-1,1.27715,1789903069.0470,decel,11.7275,3.6226,2.18,0.2,0.2,1,24.622,-0.3356,10.661,2641,0.0,-6.4,15.0,34,1432,0.0,0.8,14.9,36,24.929,-0.307,0,
B-A-star-1,1.27916,1789903069.0490,decel,11.7275,3.6226,2.18,0.2,0.2,1,24.622,0.0,10.661,2641,0.0,-6.4,15.0,34,1432,0.0,0.8,14.9,36,24.929,-0.307,0,
B-A-star-1,1.28117,1789903069.0510,decel,11.7275,3.6226,2.18,0.2,0.2,1,24.622,0.0,10.661,2641,0.0,-6.4,15.0,34,1431,0.0,0.0,14.9,36,24.967,-0.345,0,
B-A-star-1,1.28315,1789903069.0530,decel,11.7275,3.6226,2.18,0.2,0.2,1,24.622,0.0,10.661,2641,0.0,-6.4,15.0,34,1432,0.0,0.8,14.9,36,24.929,-0.307,0,
B-A-star-1,1.28515,1789903069.0550,decel,11.7275,3.6226,2.18,0.2,0.2,1,24.661,0.3343,10.658,2642,0.0,-5.6000000000000005,15.0,34,1432,0.0,0.8,14.9,36,24.929,-0.268,0,
B-A-star-1,1.28716,1789903069.0570,decel,11.7275,3.6226,2.18,0.2,0.2,1,24.622,-0.334,10.661,2641,0.0,-6.4,15.0,34,1432,0.0,0.8,14.9,36,24.929,-0.307,0,
B-A-star-1,1.28917,1789903069.0590,decel,11.7275,3.6226,2.18,0.2,0.2,1,24.622,0.0,10.661,2641,0.0,-6.4,15.0,34,1432,0.0,0.8,14.9,36,24.929,-0.307,0,
B-A-star-1,1.29116,1789903069.0610,decel,11.7275,3.6226,2.18,0.2,0.2,1,24.622,0.0,10.661,2641,0.0,-6.4,15.0,34,1432,0.0,0.8,14.9,36,24.929,-0.307,0,
B-A-star-1,1.29315,1789903069.0630,decel,11.7275,3.6226,2.18,0.2,0.2,1,24.661,0.3353,10.658,2642,0.0,-5.6000000000000005,15.0,34,1431,0.0,0.0,14.9,36,24.967,-0.307,0,
B-A-star-1,1.29515,1789903069.0650,decel,11.7275,3.6226,2.18,0.2,0.2,1,24.622,-0.3348,10.661,2641,0.0,-6.4,15.0,34,1432,0.0,0.8,14.9,36,24.929,-0.307,0,
B-A-star-1,1.29716,1789903069.0670,decel,11.7275,3.6226,2.18,0.2,0.2,1,24.661,0.3339,10.658,2642,0.0,-5.6000000000000005,15.0,34,1432,0.0,0.8,14.9,36,24.929,-0.268,0,
B-A-star-1,1.29915,1789903069.0690,decel,11.7275,3.6226,2.18,0.2,0.2,1,24.661,0.0,10.658,2642,0.0,-5.6000000000000005,15.0,34,1432,0.0,0.8,14.9,36,24.929,-0.268,0,
B-A-star-1,1.30116,1789903069.0710,decel,11.7275,3.6226,2.18,0.2,0.2,1,24.661,0.0,10.658,2642,0.0,-5.6000000000000005,15.0,34,1432,0.0,0.8,14.9,36,24.929,-0.268,0,
B-A-star-1,1.30316,1789903069.0730,decel,11.7275,3.6226,2.18,0.2,0.2,1,24.661,0.0,10.658,2642,0.0,-5.6000000000000005,15.0,34,1431,0.0,0.0,14.9,36,24.967,-0.307,0,
B-A-star-1,1.30516,1789903069.0750,decel,11.7275,3.6226,2.18,0.2,0.2,1,24.622,-0.3349,10.661,2641,0.0,-6.4,15.0,34,1432,0.0,0.8,14.9,36,24.929,-0.307,0,
B-A-star-1,1.30716,1789903069.0770,decel,11.7275,3.6226,2.18,0.2,0.2,1,24.622,0.0,10.661,2641,0.0,-6.4,15.0,34,1432,0.0,0.8,14.9,36,24.929,-0.307,0,
B-A-star-1,1.30917,1789903069.0790,decel,11.7275,3.6226,2.18,0.2,0.2,1,24.661,0.3323,10.658,2642,0.0,-5.6000000000000005,15.0,34,1432,0.0,0.8,14.9,36,24.929,-0.268,0,
B-A-star-1,1.31117,1789903069.0810,decel,11.7275,3.6226,2.18,0.2,0.2,1,24.661,0.0,10.658,2642,0.0,-5.6000000000000005,15.0,34,1431,0.0,0.0,14.9,36,24.967,-0.307,0,
B-A-star-1,1.31316,1789903069.0830,decel,11.7275,3.6226,2.18,0.2,0.2,1,24.622,-0.3366,10.661,2641,0.0,-6.4,15.0,34,1432,0.0,0.8,14.9,36,24.929,-0.307,0,
B-A-star-1,1.31517,1789903069.0850,decel,11.7275,3.6226,2.18,0.2,0.2,1,24.622,0.0,10.661,2641,0.0,-6.4,15.0,34,1432,0.0,0.8,14.9,36,24.929,-0.307,0,
B-A-star-1,1.31719,1789903069.0871,decel,11.7275,3.6226,2.18,0.2,0.2,1,24.622,0.0,10.661,2641,0.0,-6.4,15.0,34,1432,0.0,0.8,14.9,36,24.929,-0.307,0,
B-A-star-1,1.31916,1789903069.0890,decel,11.7275,3.6226,2.18,0.2,0.2,1,24.622,0.0,10.661,2641,0.0,-6.4,15.0,34,1432,0.0,0.8,14.9,36,24.929,-0.307,0,
B-A-star-1,1.32116,1789903069.0910,decel,11.7275,3.6226,2.18,0.2,0.2,1,24.661,0.3354,10.658,2642,0.0,-5.6000000000000005,15.0,34,1431,0.0,0.0,14.9,36,24.967,-0.307,0,
B-A-star-1,1.32316,1789903069.0930,decel,11.7275,3.6226,2.18,0.2,0.2,1,24.661,0.0,10.658,2642,0.0,-5.6000000000000005,15.0,34,1431,0.0,0.0,14.9,36,24.967,-0.307,0,
B-A-star-1,1.32517,1789903069.0950,decel,11.7275,3.6226,2.18,0.2,0.2,1,24.622,-0.3332,10.661,2641,0.0,-6.4,15.0,34,1432,0.0,0.8,14.9,36,24.929,-0.307,0,
B-A-star-1,1.32716,1789903069.0970,decel,11.7275,3.6226,2.18,0.2,0.2,1,24.622,0.0,10.661,2641,0.0,-6.4,15.0,34,1431,0.0,0.0,14.9,36,24.967,-0.345,0,
B-A-star-1,1.32916,1789903069.0990,decel,11.7275,3.6226,2.18,0.2,0.2,1,24.661,0.3363,10.658,2642,0.0,-5.6000000000000005,15.0,34,1431,0.0,0.0,14.9,36,24.967,-0.307,0,
B-A-star-1,1.33116,1789903069.1010,decel,11.7275,3.6226,2.18,0.2,0.2,1,24.661,0.0,10.658,2642,0.0,-5.6000000000000005,15.0,34,1431,0.0,0.0,14.9,36,24.967,-0.307,0,
B-A-star-1,1.33317,1789903069.1030,decel,11.7275,3.6226,2.18,0.2,0.2,1,24.661,0.0,10.658,2642,0.0,-5.6000000000000005,15.0,34,1431,0.0,0.0,14.9,36,24.967,-0.307,0,
B-A-star-1,1.33515,1789903069.1050,decel,11.7275,3.6226,2.18,0.2,0.2,1,24.661,0.0,10.658,2642,0.0,-5.6000000000000005,15.0,34,1431,0.0,0.0,14.9,36,24.967,-0.307,0,
B-A-star-1,1.33715,1789903069.1070,decel,11.7275,3.6226,2.18,0.2,0.2,1,24.661,0.0,10.658,2642,0.0,-5.6000000000000005,15.0,34,1431,0.0,0.0,14.9,36,24.967,-0.307,0,
B-A-star-1,1.33917,1789903069.1090,decel,11.7275,3.6226,2.18,0.2,0.2,1,24.661,0.0,10.658,2642,0.0,-5.6000000000000005,15.0,34,1431,0.0,0.0,14.9,36,24.967,-0.307,0,
B-A-star-1,1.34115,1789903069.1110,decel,11.7275,3.6226,2.18,0.2,0.2,1,24.622,-0.3372,10.661,2641,0.0,-6.4,15.0,34,1431,0.0,0.0,14.9,36,24.967,-0.345,0,
B-A-star-1,1.34315,1789903069.1130,decel,11.7275,3.6226,2.18,0.2,0.2,1,24.622,0.0,10.661,2641,0.0,-6.4,15.0,34,1431,0.0,0.0,14.9,36,24.967,-0.345,0,
B-A-star-1,1.34516,1789903069.1150,decel,11.7275,3.6226,2.18,0.2,0.2,1,24.661,0.3334,10.658,2642,0.0,-5.6000000000000005,15.0,34,1431,0.0,0.0,14.9,36,24.967,-0.307,0,
B-A-star-1,1.34715,1789903069.1170,decel,11.7275,3.6226,2.18,0.2,0.2,1,24.661,0.0,10.658,2642,0.0,-5.6000000000000005,15.0,34,1431,0.0,0.0,14.9,36,24.967,-0.307,0,
B-A-star-1,1.34916,1789903069.1190,decel,11.7275,3.6226,2.18,0.2,0.2,1,24.622,-0.3341,10.661,2641,0.0,-6.4,15.0,34,1431,0.0,0.0,14.9,36,24.967,-0.345,0,
B-A-star-1,1.35116,1789903069.1210,decel,11.7275,3.6226,2.18,0.2,0.2,1,24.661,0.3332,10.658,2642,0.0,-5.6000000000000005,15.0,34,1431,0.0,0.0,14.9,36,24.967,-0.307,0,
B-A-star-1,1.35315,1789903069.1230,decel,11.7275,3.6226,2.18,0.2,0.2,1,24.661,0.0,10.658,2642,0.0,-5.6000000000000005,15.0,34,1431,0.0,0.0,14.9,36,24.967,-0.307,0,
B-A-star-1,1.35516,1789903069.1250,decel,11.7275,3.6226,2.18,0.2,0.2,1,24.661,0.0,10.658,2642,0.0,-5.6000000000000005,15.0,34,1431,0.0,0.0,14.9,36,24.967,-0.307,0,
B-A-star-1,1.35715,1789903069.1270,decel,11.7275,3.6226,2.18,0.2,0.2,1,24.661,0.0,10.658,2642,0.0,-5.6000000000000005,15.0,34,1431,0.0,0.0,14.9,36,24.967,-0.307,0,
B-A-star-1,1.35917,1789903069.1290,decel,11.7275,3.6226,2.18,0.2,0.2,1,24.661,0.0,10.658,2642,0.0,-5.6000000000000005,15.0,34,1431,0.0,0.0,14.9,36,24.967,-0.307,0,
B-A-star-1,1.36115,1789903069.1310,decel,11.7275,3.6226,2.18,0.2,0.2,1,24.661,0.0,10.658,2642,0.0,-5.6000000000000005,15.0,34,1431,0.0,0.0,14.9,36,24.967,-0.307,0,
B-A-star-1,1.36315,1789903069.1330,decel,11.7275,3.6226,2.18,0.2,0.2,1,24.661,0.0,10.658,2642,0.0,-5.6000000000000005,15.0,34,1431,0.0,0.0,14.9,36,24.967,-0.307,0,
B-A-star-1,1.36517,1789903069.1350,decel,11.7275,3.6226,2.18,0.2,0.2,1,24.661,0.0,10.658,2642,0.0,-5.6000000000000005,15.0,34,1431,0.0,0.0,14.9,36,24.967,-0.307,0,
B-A-star-1,1.36716,1789903069.1370,decel,11.7275,3.6226,2.18,0.2,0.2,1,24.661,0.0,10.658,2642,0.0,-5.6000000000000005,15.0,34,1431,0.0,0.0,14.9,36,24.967,-0.307,0,
B-A-star-1,1.36916,1789903069.1390,decel,11.7275,3.6226,2.18,0.2,0.2,1,24.661,0.0,10.658,2642,0.0,-5.6000000000000005,15.0,34,1431,0.0,0.0,14.9,36,24.967,-0.307,0,
B-A-star-1,1.37116,1789903069.1410,decel,11.7275,3.6226,2.18,0.2,0.2,1,24.661,0.0,10.658,2642,0.0,-5.6000000000000005,15.0,34,1431,0.0,0.0,14.9,36,24.967,-0.307,0,
B-A-star-1,1.37316,1789903069.1430,decel,11.7275,3.6226,2.18,0.2,0.2,1,24.661,0.0,10.658,2642,0.0,-5.6000000000000005,15.0,34,1431,0.0,0.0,14.9,36,24.967,-0.307,0,
B-A-star-1,1.37516,1789903069.1450,decel,11.7275,3.6226,2.18,0.2,0.2,1,24.661,0.0,10.658,2642,0.0,-5.6000000000000005,15.0,34,1431,0.0,0.0,14.9,36,24.967,-0.307,0,
B-A-star-1,1.37716,1789903069.1470,decel,11.7275,3.6226,2.18,0.2,0.2,1,24.661,0.0,10.658,2642,0.0,-5.6000000000000005,15.0,34,1431,0.0,0.0,14.9,36,24.967,-0.307,0,
B-A-star-1,1.37915,1789903069.1490,decel,11.7275,3.6226,2.18,0.2,0.2,1,24.622,-0.3362,10.661,2641,0.0,-6.4,15.0,34,1431,0.0,0.0,14.9,36,24.967,-0.345,0,
B-A-star-1,1.38117,1789903069.1510,decel,11.7275,3.6226,2.18,0.2,0.2,1,24.661,0.3319,10.658,2642,0.0,-5.6000000000000005,15.0,34,1431,0.0,0.0,14.9,36,24.967,-0.307,0,
B-A-star-1,1.38316,1789903069.1530,decel,11.7275,3.6226,2.18,0.2,0.2,1,24.661,0.0,10.658,2642,0.0,-5.6000000000000005,15.0,34,1431,0.0,0.0,14.9,36,24.967,-0.307,0,
B-A-star-1,1.38516,1789903069.1550,decel,11.7275,3.6226,2.18,0.2,0.2,1,24.661,0.0,10.658,2642,0.0,-5.6000000000000005,15.0,34,1431,0.0,0.0,14.9,36,24.967,-0.307,0,
B-A-star-1,1.38715,1789903069.1570,decel,11.7275,3.6226,2.18,0.2,0.2,1,24.661,0.0,10.658,2642,0.0,-5.6000000000000005,15.0,34,1431,0.0,0.0,14.9,36,24.967,-0.307,0,
B-A-star-1,1.38915,1789903069.1590,decel,11.7275,3.6226,2.18,0.2,0.2,1,24.661,0.0,10.658,2642,0.0,-5.6000000000000005,15.0,34,1431,0.0,0.0,14.9,36,24.967,-0.307,0,
B-A-star-1,1.39116,1789903069.1610,decel,11.7275,3.6226,2.18,0.2,0.2,1,24.661,0.0,10.658,2642,0.0,-5.6000000000000005,15.0,34,1431,0.0,0.0,14.9,36,24.967,-0.307,0,
B-A-star-1,1.39315,1789903069.1630,decel,11.7275,3.6226,2.18,0.2,0.2,1,24.661,0.0,10.658,2642,0.0,-5.6000000000000005,15.0,34,1431,0.0,0.0,14.9,36,24.967,-0.307,0,
B-A-star-1,1.39515,1789903069.1650,decel,11.7275,3.6226,2.18,0.2,0.2,1,24.661,0.0,10.658,2642,0.0,-5.6000000000000005,15.0,34,1431,0.0,0.0,14.9,36,24.967,-0.307,0,
B-A-star-1,1.39716,1789903069.1670,decel,11.7275,3.6226,2.18,0.2,0.2,1,24.661,0.0,10.658,2642,0.0,-5.6000000000000005,15.0,34,1431,0.0,0.0,14.9,36,24.967,-0.307,0,
B-A-star-1,1.39917,1789903069.1690,decel,11.7275,3.6226,2.18,0.2,0.2,1,24.661,0.0,10.658,2642,0.0,-5.6000000000000005,15.0,34,1431,0.0,0.0,14.9,36,24.967,-0.307,0,
B-A-star-1,1.40116,1789903069.1710,decel,11.7275,3.6226,2.18,0.2,0.2,1,24.661,0.0,10.658,2642,0.0,-5.6000000000000005,15.0,34,1431,0.0,0.0,14.9,36,24.967,-0.307,0,
B-A-star-1,1.40315,1789903069.1730,decel,11.7275,3.6226,2.18,0.2,0.2,1,24.661,0.0,10.658,2642,0.0,-5.6000000000000005,15.0,34,1431,0.0,0.0,14.9,36,24.967,-0.307,0,
B-A-star-1,1.40515,1789903069.1750,decel,11.7275,3.6226,2.18,0.2,0.2,1,24.661,0.0,10.658,2642,0.0,-5.6000000000000005,15.0,34,1431,0.0,0.0,14.9,36,24.967,-0.307,0,
B-A-star-1,1.40717,1789903069.1770,decel,11.7275,3.6226,2.18,0.2,0.2,1,24.661,0.0,10.658,2642,0.0,-5.6000000000000005,15.0,34,1431,0.0,0.0,14.9,36,24.967,-0.307,0,
B-A-star-1,1.40915,1789903069.1790,decel,11.7275,3.6226,2.18,0.2,0.2,1,24.661,0.0,10.658,2642,0.0,-5.6000000000000005,15.0,34,1431,0.0,0.0,14.9,36,24.967,-0.307,0,
B-A-star-1,1.41115,1789903069.1810,decel,11.7275,3.6226,2.18,0.2,0.2,1,24.661,0.0,10.658,2642,0.0,-5.6000000000000005,15.0,34,1431,0.0,0.0,14.9,36,24.967,-0.307,0,
B-A-star-1,1.41315,1789903069.1830,decel,11.7275,3.6226,2.18,0.2,0.2,1,24.661,0.0,10.658,2642,0.0,-5.6000000000000005,15.0,34,1431,0.0,0.0,14.9,36,24.967,-0.307,0,
B-A-star-1,1.41516,1789903069.1850,decel,11.7275,3.6226,2.18,0.2,0.2,1,24.661,0.0,10.658,2642,0.0,-5.6000000000000005,15.0,34,1431,0.0,0.0,14.9,36,24.967,-0.307,0,
B-A-star-1,1.41716,1789903069.1870,decel,11.7275,3.6226,2.18,0.2,0.2,1,24.661,0.0,10.658,2642,0.0,-5.6000000000000005,15.0,34,1431,0.0,0.0,14.9,36,24.967,-0.307,0,
B-A-star-1,1.41915,1789903069.1890,decel,11.7275,3.6226,2.18,0.2,0.2,1,24.661,0.0,10.658,2642,0.0,-5.6000000000000005,15.0,34,1431,0.0,0.0,14.9,36,24.967,-0.307,0,
B-A-star-1,1.42115,1789903069.1910,decel,11.7275,3.6226,2.18,0.2,0.2,1,24.661,0.0,10.658,2642,0.0,-5.6000000000000005,15.0,34,1430,0.0,-0.8,14.9,36,25.006,-0.345,0,
B-A-star-1,1.42318,1789903069.1930,decel,11.7275,3.6226,2.18,0.2,0.2,1,24.661,0.0,10.658,2642,0.0,-5.6000000000000005,15.0,34,1431,0.0,0.0,14.9,36,24.967,-0.307,0,
B-A-star-1,1.42516,1789903069.1950,decel,11.7275,3.6226,2.18,0.2,0.2,1,24.661,0.0,10.658,2642,0.0,-5.6000000000000005,15.0,34,1430,0.0,-0.8,14.9,36,25.006,-0.345,0,
B-A-star-1,1.42716,1789903069.1970,decel,11.7275,3.6226,2.18,0.2,0.2,1,24.661,0.0,10.658,2642,0.0,-5.6000000000000005,15.0,34,1431,0.0,0.0,14.9,36,24.967,-0.307,0,
B-A-star-1,1.42915,1789903069.1990,decel,11.7275,3.6226,2.18,0.2,0.2,1,24.661,0.0,10.658,2642,0.0,-5.6000000000000005,15.0,34,1431,0.0,0.0,14.9,36,24.967,-0.307,0,
B-A-star-1,1.43117,1789903069.2010,decel,11.7275,3.6226,2.18,0.2,0.2,1,24.661,0.0,10.658,2642,0.0,-5.6000000000000005,15.0,34,1431,0.0,0.0,14.9,36,24.967,-0.307,0,
B-A-star-1,1.43317,1789903069.2030,decel,11.7275,3.6226,2.18,0.2,0.2,1,24.661,0.0,10.658,2642,0.0,-5.6000000000000005,15.0,34,1431,0.0,0.0,14.9,36,24.967,-0.307,0,
B-A-star-1,1.43516,1789903069.2050,decel,11.7275,3.6226,2.18,0.2,0.2,1,24.661,0.0,10.658,2642,0.0,-5.6000000000000005,15.0,34,1431,0.0,0.0,14.9,36,24.967,-0.307,0,
B-A-star-1,1.43716,1789903069.2070,decel,11.7275,3.6226,2.18,0.2,0.2,1,24.661,0.0,10.658,2642,0.0,-5.6000000000000005,15.0,34,1431,0.0,0.0,14.9,36,24.967,-0.307,0,
B-A-star-1,1.43915,1789903069.2090,decel,11.7275,3.6226,2.18,0.2,0.2,1,24.661,0.0,10.658,2642,0.0,-5.6000000000000005,15.0,34,1430,0.0,-0.8,14.9,36,25.006,-0.345,0,
B-A-star-1,1.44118,1789903069.2110,decel,11.7275,3.6226,2.18,0.2,0.2,1,24.661,0.0,10.658,2642,0.0,-5.6000000000000005,15.0,34,1431,0.0,0.0,14.9,36,24.967,-0.307,0,
B-A-star-1,1.44315,1789903069.2130,decel,11.7275,3.6226,2.18,0.2,0.2,1,24.661,0.0,10.658,2642,0.0,-5.6000000000000005,15.0,34,1431,0.0,0.0,14.9,36,24.967,-0.307,0,
B-A-star-1,1.44514,1789903069.2150,decel,11.7275,3.6226,2.18,0.2,0.2,1,24.661,0.0,10.658,2642,0.0,-5.6000000000000005,15.0,34,1430,0.0,-0.8,14.9,36,25.006,-0.345,0,
B-A-star-1,1.44715,1789903069.2170,decel,11.7275,3.6226,2.18,0.2,0.2,1,24.661,0.0,10.658,2642,0.0,-5.6000000000000005,15.0,34,1431,0.0,0.0,14.9,36,24.967,-0.307,0,
B-A-star-1,1.44915,1789903069.2190,decel,11.7275,3.6226,2.18,0.2,0.2,1,24.661,0.0,10.658,2642,0.0,-5.6000000000000005,15.0,34,1431,0.0,0.0,14.9,36,24.967,-0.307,0,
B-A-star-1,1.45115,1789903069.2210,decel,11.7275,3.6226,2.18,0.2,0.2,1,24.699,0.3338,10.654,2643,0.0,-4.800000000000001,15.0,34,1431,0.0,0.0,14.9,36,24.967,-0.268,0,
B-A-star-1,1.45315,1789903069.2230,decel,11.7275,3.6226,2.18,0.2,0.2,1,24.661,-0.335,10.658,2642,0.0,-5.6000000000000005,15.0,34,1431,0.0,0.0,14.9,36,24.967,-0.307,0,
B-A-star-1,1.45515,1789903069.2250,decel,11.7275,3.6226,2.18,0.2,0.2,1,24.661,0.0,10.658,2642,0.0,-5.6000000000000005,15.0,34,1431,0.0,0.0,14.9,36,24.967,-0.307,0,
B-A-star-1,1.45716,1789903069.2270,decel,11.7275,3.6226,2.18,0.2,0.2,1,24.661,0.0,10.658,2642,0.0,-5.6000000000000005,15.0,34,1430,0.0,-0.8,14.9,36,25.006,-0.345,0,
B-A-star-1,1.45918,1789903069.2290,decel,11.7275,3.6226,2.18,0.2,0.2,1,24.661,0.0,10.658,2642,0.0,-5.6000000000000005,15.0,34,1430,0.0,-0.8,14.9,36,25.006,-0.345,0,
B-A-star-1,1.46118,1789903069.2310,decel,11.7275,3.6226,2.18,0.2,0.2,1,24.661,0.0,10.658,2642,0.0,-5.6000000000000005,15.0,34,1431,0.0,0.0,14.9,36,24.967,-0.307,0,
B-A-star-1,1.46316,1789903069.2330,decel,11.7275,3.6226,2.18,0.2,0.2,1,24.661,0.0,10.658,2642,0.0,-5.6000000000000005,15.0,34,1431,0.0,0.0,14.9,36,24.967,-0.307,0,
B-A-star-1,1.46515,1789903069.2350,decel,11.7275,3.6226,2.18,0.2,0.2,1,24.661,0.0,10.658,2642,0.0,-5.6000000000000005,15.0,34,1431,0.0,0.0,14.9,36,24.967,-0.307,0,
B-A-star-1,1.46716,1789903069.2370,decel,11.7275,3.6226,2.18,0.2,0.2,1,24.661,0.0,10.658,2642,0.0,-5.6000000000000005,15.0,34,1431,0.0,0.0,14.9,36,24.967,-0.307,0,
B-A-star-1,1.46917,1789903069.2390,decel,11.7275,3.6226,2.18,0.2,0.2,1,24.661,0.0,10.658,2642,0.0,-5.6000000000000005,15.0,34,1430,0.0,-0.8,14.9,36,25.006,-0.345,0,
B-A-star-1,1.47115,1789903069.2410,decel,11.7275,3.6226,2.18,0.2,0.2,1,24.661,0.0,10.658,2642,0.0,-5.6000000000000005,15.0,34,1431,0.0,0.0,14.9,36,24.967,-0.307,0,
B-A-star-1,1.47316,1789903069.2430,decel,11.7275,3.6226,2.18,0.2,0.2,1,24.661,0.0,10.658,2642,0.0,-5.6000000000000005,15.0,34,1431,0.0,0.0,14.9,36,24.967,-0.307,0,
B-A-star-1,1.47516,1789903069.2450,decel,11.7275,3.6226,2.18,0.2,0.2,1,24.661,0.0,10.658,2642,0.0,-5.6000000000000005,15.0,34,1430,0.0,-0.8,14.9,36,25.006,-0.345,0,
B-A-star-1,1.47715,1789903069.2470,decel,11.7275,3.6226,2.18,0.2,0.2,1,24.661,0.0,10.658,2642,0.0,-5.6000000000000005,15.0,34,1430,0.0,-0.8,14.9,36,25.006,-0.345,0,
B-A-star-1,1.47916,1789903069.2490,decel,11.7275,3.6226,2.18,0.2,0.2,1,24.661,0.0,10.658,2642,0.0,-5.6000000000000005,15.0,34,1431,0.0,-0.8,14.9,36,24.967,-0.307,0,
B-A-star-1,1.48117,1789903069.2510,decel,11.7275,3.6226,2.18,0.2,0.2,1,24.661,0.0,10.658,2642,0.0,-5.6000000000000005,15.0,34,1430,0.0,-0.8,14.9,36,25.006,-0.345,0,
B-A-star-1,1.48317,1789903069.2530,decel,11.7275,3.6226,2.18,0.2,0.2,1,24.661,0.0,10.658,2642,0.0,-5.6000000000000005,15.0,34,1430,0.0,-0.8,14.9,36,25.006,-0.345,0,
B-A-star-1,1.48515,1789903069.2550,decel,11.7275,3.6226,2.18,0.2,0.2,1,24.699,0.3375,10.654,2643,0.0,-4.800000000000001,15.0,34,1431,0.0,0.0,14.9,36,24.967,-0.268,0,
B-A-star-1,1.48715,1789903069.2570,decel,11.7275,3.6226,2.18,0.2,0.2,1,24.661,-0.3344,10.658,2642,0.0,-5.6000000000000005,15.0,34,1430,0.0,-0.8,14.9,36,25.006,-0.345,0,
B-A-star-1,1.48918,1789903069.2590,decel,11.7275,3.6226,2.18,0.2,0.2,1,24.699,0.3305,10.654,2643,0.0,-4.800000000000001,15.0,34,1430,0.0,-0.8,14.9,36,25.006,-0.307,0,
B-A-star-1,1.49115,1789903069.2610,decel,11.7275,3.6226,2.18,0.2,0.2,1,24.661,-0.3397,10.658,2642,0.0,-5.6000000000000005,15.0,34,1430,0.0,-0.8,14.9,36,25.006,-0.345,0,
B-A-star-1,1.49313,1789903069.2630,decel,11.7275,3.6226,2.18,0.2,0.2,1,24.661,0.0,10.658,2642,0.0,-5.6000000000000005,15.0,34,1431,0.0,0.0,14.9,36,24.967,-0.307,0,
B-A-star-1,1.49515,1789903069.2650,decel,11.7275,3.6226,2.18,0.2,0.2,1,24.661,0.0,10.658,2642,0.0,-5.6000000000000005,15.0,34,1430,0.0,-0.8,14.9,36,25.006,-0.345,0,
B-A-star-1,1.49717,1789903069.2670,decel,11.7275,3.6226,2.18,0.2,0.2,1,24.699,0.331,10.654,2643,0.0,-4.800000000000001,15.0,34,1430,0.0,-0.8,14.9,36,25.006,-0.307,0,
B-A-star-1,1.49916,1789903069.2690,decel,11.7275,3.6226,2.18,0.2,0.2,1,24.699,0.0,10.654,2643,0.0,-4.800000000000001,15.0,34,1430,0.0,-0.8,14.9,36,25.006,-0.307,0,
B-A-star-1,1.50113,1789903069.2710,decel,11.7275,3.6226,2.18,0.2,0.2,1,24.661,-0.3393,10.658,2642,0.0,-5.6000000000000005,15.0,34,1430,0.0,-0.8,14.9,36,25.006,-0.345,0,
B-A-star-1,1.50314,1789903069.2730,decel,11.7275,3.6226,2.18,0.2,0.2,1,24.699,0.3338,10.654,2643,0.0,-4.800000000000001,15.0,34,1430,0.0,-0.8,14.9,36,25.006,-0.307,0,
B-A-star-1,1.50514,1789903069.2750,decel,11.7275,3.6226,2.18,0.2,0.2,1,24.661,-0.3342,10.658,2642,0.0,-5.6000000000000005,15.0,34,1430,0.0,-0.8,14.9,36,25.006,-0.345,0,
B-A-star-1,1.50713,1789903069.2770,decel,11.7275,3.6226,2.18,0.2,0.2,1,24.699,0.3359,10.654,2643,0.0,-4.800000000000001,15.0,34,1430,0.0,-0.8,14.9,36,25.006,-0.307,0,
B-A-star-1,1.50913,1789903069.2790,decel,11.7275,3.6226,2.18,0.2,0.2,1,24.699,0.0,10.654,2643,0.0,-4.800000000000001,15.0,34,1430,0.0,-0.8,14.9,36,25.006,-0.307,0,
B-A-star-1,1.51115,1789903069.2810,decel,11.7275,3.6226,2.18,0.2,0.2,1,24.661,-0.3317,10.658,2642,0.0,-5.6000000000000005,15.0,34,1431,0.0,0.0,14.9,36,24.967,-0.307,0,
B-A-star-1,1.51316,1789903069.2830,decel,11.7275,3.6226,2.18,0.2,0.2,1,24.699,0.334,10.654,2643,0.0,-4.800000000000001,15.0,34,1430,0.0,-0.8,14.9,36,25.006,-0.307,0,
B-A-star-1,1.51514,1789903069.2850,decel,11.7275,3.6226,2.18,0.2,0.2,1,24.699,0.0,10.654,2643,0.0,-4.800000000000001,15.0,34,1430,0.0,-0.8,14.9,36,25.006,-0.307,0,
B-A-star-1,1.51714,1789903069.2870,decel,11.7275,3.6226,2.18,0.2,0.2,1,24.699,0.0,10.654,2643,0.0,-4.800000000000001,15.0,34,1430,0.0,-0.8,14.9,36,25.006,-0.307,0,
B-A-star-1,1.51916,1789903069.2890,decel,11.7275,3.6226,2.18,0.2,0.2,1,24.699,0.0,10.654,2643,0.0,-4.800000000000001,15.0,34,1430,0.0,-0.8,14.9,36,25.006,-0.307,0,
B-A-star-1,1.52115,1789903069.2910,decel,11.7275,3.6226,2.18,0.2,0.2,1,24.699,0.0,10.654,2643,0.0,-4.800000000000001,15.0,34,1430,0.0,-0.8,14.9,36,25.006,-0.307,0,
B-A-star-1,1.52315,1789903069.2930,decel,11.7275,3.6226,2.18,0.2,0.2,1,24.699,0.0,10.654,2643,0.0,-4.800000000000001,15.0,34,1430,0.0,-0.8,14.9,36,25.006,-0.307,0,
B-A-star-1,1.52513,1789903069.2950,decel,11.7275,3.6226,2.18,0.2,0.2,1,24.699,0.0,10.654,2643,0.0,-4.800000000000001,15.0,34,1430,0.0,-0.8,14.9,36,25.006,-0.307,0,
B-A-star-1,1.52713,1789903069.2970,decel,11.7275,3.6226,2.18,0.2,0.2,1,24.699,0.0,10.654,2643,0.0,-4.800000000000001,15.0,34,1430,0.0,-0.8,14.9,36,25.006,-0.307,0,
B-A-star-1,1.52914,1789903069.2990,decel,11.7275,3.6226,2.18,0.2,0.2,1,24.661,-0.3335,10.658,2642,0.0,-5.6000000000000005,15.0,34,1430,0.0,-0.8,14.9,36,25.006,-0.345,0,
B-A-star-1,1.53113,1789903069.3010,decel,11.7275,3.6226,2.18,0.2,0.2,1,24.661,0.0,10.658,2642,0.0,-5.6000000000000005,15.0,34,1430,0.0,-0.8,14.9,36,25.006,-0.345,0,
B-A-star-1,1.53313,1789903069.3030,decel,11.7275,3.6226,2.18,0.2,0.2,1,24.699,0.3348,10.654,2643,0.0,-4.800000000000001,15.0,34,1430,0.0,-0.8,14.9,36,25.006,-0.307,0,
B-A-star-1,1.53515,1789903069.3050,decel,11.7275,3.6226,2.18,0.2,0.2,1,24.699,0.0,10.654,2643,0.0,-4.800000000000001,15.0,34,1430,0.0,-0.8,14.9,36,25.006,-0.307,0,
B-A-star-1,1.53714,1789903069.3070,decel,11.7275,3.6226,2.18,0.2,0.2,1,24.699,0.0,10.654,2643,0.0,-4.800000000000001,15.0,34,1430,0.0,-0.8,14.9,36,25.006,-0.307,0,
B-A-star-1,1.53913,1789903069.3090,decel,11.7275,3.6226,2.18,0.2,0.2,1,24.699,0.0,10.654,2643,0.0,-4.800000000000001,15.0,34,1430,0.0,-0.8,14.9,36,25.006,-0.307,0,
B-A-star-1,1.54114,1789903069.3110,decel,11.7275,3.6226,2.18,0.2,0.2,1,24.661,-0.3334,10.658,2642,0.0,-5.6000000000000005,15.0,34,1430,0.0,-0.8,14.9,36,25.006,-0.345,0,
B-A-star-1,1.54314,1789903069.3130,decel,11.7275,3.6226,2.18,0.2,0.2,1,24.699,0.3352,10.654,2643,0.0,-4.800000000000001,15.0,34,1430,0.0,-0.8,14.9,36,25.006,-0.307,0,
B-A-star-1,1.54518,1789903069.3150,decel,11.7275,3.6226,2.18,0.2,0.2,1,24.699,0.0,10.654,2643,0.0,-4.800000000000001,15.0,34,1430,0.0,-0.8,14.9,36,25.006,-0.307,0,
B-A-star-1,1.54714,1789903069.3170,decel,11.7275,3.6226,2.18,0.2,0.2,1,24.699,0.0,10.654,2643,0.0,-4.800000000000001,15.0,34,1430,0.0,-0.8,14.9,36,25.006,-0.307,0,
B-A-star-1,1.54914,1789903069.3190,decel,11.7275,3.6226,2.18,0.2,0.2,1,24.699,0.0,10.654,2643,0.0,-4.800000000000001,15.0,34,1430,0.0,-0.8,14.9,36,25.006,-0.307,0,
B-A-star-1,1.55114,1789903069.3210,decel,11.7275,3.6226,2.18,0.2,0.2,1,24.699,0.0,10.654,2643,0.0,-4.800000000000001,14.8,34,1430,0.0,-0.8,14.9,36,25.006,-0.307,0,
B-A-star-1,1.55313,1789903069.3230,decel,11.7275,3.6226,2.18,0.2,0.2,1,24.699,0.0,10.654,2643,0.0,-4.800000000000001,14.8,34,1430,0.0,-0.8,14.9,36,25.006,-0.307,0,
B-A-star-1,1.55513,1789903069.3250,decel,11.7275,3.6226,2.18,0.2,0.2,1,24.699,0.0,10.654,2643,0.0,-4.800000000000001,14.8,34,1430,0.0,-0.8,14.9,36,25.006,-0.307,0,
B-A-star-1,1.55714,1789903069.3270,decel,11.7275,3.6226,2.18,0.2,0.2,1,24.699,0.0,10.654,2643,0.0,-4.800000000000001,14.8,34,1430,0.0,-0.8,14.9,36,25.006,-0.307,0,
B-A-star-1,1.55914,1789903069.3290,decel,11.7275,3.6226,2.18,0.2,0.2,1,24.661,-0.3362,10.658,2642,0.0,-5.6000000000000005,14.8,34,1430,0.0,-0.8,14.9,36,25.006,-0.345,0,
B-A-star-1,1.56113,1789903069.3310,decel,11.7275,3.6226,2.18,0.2,0.2,1,24.699,0.335,10.654,2643,0.0,-4.800000000000001,14.8,34,1430,0.0,-0.8,14.9,36,25.006,-0.307,0,
B-A-star-1,1.56315,1789903069.3330,decel,11.7275,3.6226,2.18,0.2,0.2,1,24.699,0.0,10.654,2643,0.0,-4.800000000000001,14.8,34,1430,0.0,-0.8,14.9,36,25.006,-0.307,0,
B-A-star-1,1.56513,1789903069.3350,decel,11.7275,3.6226,2.18,0.2,0.2,1,24.699,0.0,10.654,2643,0.0,-4.800000000000001,14.8,34,1430,0.0,-0.8,14.9,36,25.006,-0.307,0,
B-A-star-1,1.56715,1789903069.3370,decel,11.7275,3.6226,2.18,0.2,0.2,1,24.699,0.0,10.654,2643,0.0,-4.800000000000001,14.8,34,1430,0.0,-0.8,14.9,36,25.006,-0.307,0,
B-A-star-1,1.56915,1789903069.3390,decel,11.7275,3.6226,2.18,0.2,0.2,1,24.699,0.0,10.654,2643,0.0,-4.800000000000001,14.8,34,1430,0.0,-0.8,14.9,36,25.006,-0.307,0,
B-A-star-1,1.57113,1789903069.3410,decel,11.7275,3.6226,2.18,0.2,0.2,1,24.699,0.0,10.654,2643,0.0,-4.800000000000001,14.8,34,1430,0.0,-0.8,14.9,36,25.006,-0.307,0,
B-A-star-1,1.57313,1789903069.3430,decel,11.7275,3.6226,2.18,0.2,0.2,1,24.699,0.0,10.654,2643,0.0,-4.800000000000001,14.8,34,1430,0.0,-0.8,14.9,36,25.006,-0.307,0,
B-A-star-1,1.57513,1789903069.3450,decel,11.7275,3.6226,2.18,0.2,0.2,1,24.699,0.0,10.654,2643,0.0,-4.800000000000001,14.8,34,1430,0.0,-0.8,14.9,36,25.006,-0.307,0,
B-A-star-1,1.57714,1789903069.3470,decel,11.7275,3.6226,2.18,0.2,0.2,1,24.699,0.0,10.654,2643,0.0,-4.800000000000001,14.8,34,1430,0.0,-0.8,14.9,36,25.006,-0.307,0,
B-A-star-1,1.57913,1789903069.3490,decel,11.7275,3.6226,2.18,0.2,0.2,1,24.699,0.0,10.654,2643,0.0,-4.800000000000001,14.8,34,1430,0.0,-0.8,14.9,36,25.006,-0.307,0,
B-A-star-1,1.58114,1789903069.3510,decel,11.7275,3.6226,2.18,0.2,0.2,1,24.699,0.0,10.654,2643,0.0,-4.800000000000001,14.8,34,1430,0.0,-0.8,14.9,36,25.006,-0.307,0,
B-A-star-1,1.58313,1789903069.3530,decel,11.7275,3.6226,2.18,0.2,0.2,1,24.699,0.0,10.654,2643,0.0,-4.800000000000001,14.8,34,1430,0.0,-0.8,14.9,36,25.006,-0.307,0,
B-A-star-1,1.58516,1789903069.3550,decel,11.7275,3.6226,2.18,0.2,0.2,1,24.699,0.0,10.654,2643,0.0,-4.800000000000001,14.8,34,1430,0.0,-0.8,14.9,36,25.006,-0.307,0,
B-A-star-1,1.58714,1789903069.3570,decel,11.7275,3.6226,2.18,0.2,0.2,1,24.699,0.0,10.654,2643,0.0,-4.800000000000001,14.8,34,1430,0.0,-0.8,14.9,36,25.006,-0.307,0,
B-A-star-1,1.58914,1789903069.3590,decel,11.7275,3.6226,2.18,0.2,0.2,1,24.699,0.0,10.654,2643,0.0,-4.800000000000001,14.8,34,1430,0.0,-0.8,14.9,36,25.006,-0.307,0,
B-A-star-1,1.59113,1789903069.3610,decel,11.7275,3.6226,2.18,0.2,0.2,1,24.699,0.0,10.654,2643,0.0,-4.800000000000001,14.8,34,1430,0.0,-0.8,14.9,36,25.006,-0.307,0,
B-A-star-1,1.59316,1789903069.3630,decel,11.7275,3.6226,2.18,0.2,0.2,1,24.699,0.0,10.654,2643,0.0,-4.800000000000001,14.8,34,1430,0.0,-0.8,14.9,36,25.006,-0.307,0,
B-A-star-1,1.59514,1789903069.3650,decel,11.7275,3.6226,2.18,0.2,0.2,1,24.699,0.0,10.654,2643,0.0,-4.800000000000001,14.8,34,1430,0.0,-0.8,14.9,36,25.006,-0.307,0,
B-A-star-1,1.59714,1789903069.3670,decel,11.7275,3.6226,2.18,0.2,0.2,1,24.699,0.0,10.654,2643,0.0,-4.800000000000001,14.8,34,1430,0.0,-0.8,14.9,36,25.006,-0.307,0,
B-A-star-1,1.59913,1789903069.3690,decel,11.7275,3.6226,2.18,0.2,0.2,1,24.699,0.0,10.654,2643,0.0,-4.800000000000001,14.8,34,1430,0.0,-0.8,14.9,36,25.006,-0.307,0,
