run_id,t_s,wall_time,phase,load_target_Nm,payload_kg,speed_target_rad_s,t_acc_s,t_const_s,dir,q_deg,q_dot_rad_s,tau_grav_Nm,pos1,spd1_rpm,load1_pct,volt1,temp1_C,pos2,spd2_rpm,load2_pct,volt2,temp2_C,q2_deg,dq12_deg,comm_fail,note
B-C-low-3,0.002,1790323577.4403,accel,23.3934,7.5596,0.374,0.2,2.6,-1,31.832,0.0,19.875,2829,0.0,38.400000000000006,14.7,39,1244,0.0,-44.800000000000004,15.1,40,32.139,-0.307,0,
B-C-low-3,0.00302,1790323577.4413,accel,23.3934,7.5596,0.374,0.2,2.6,-1,31.832,0.0,19.875,2829,0.0,38.400000000000006,14.7,39,1244,0.0,-44.800000000000004,15.1,40,32.139,-0.307,0,
B-C-low-3,0.00492,1790323577.4432,accel,23.3934,7.5596,0.374,0.2,2.6,-1,31.832,0.0,19.875,2829,0.0,38.400000000000006,14.7,39,1244,0.0,-44.800000000000004,15.1,40,32.139,-0.307,0,
B-C-low-3,0.00691,1790323577.4452,accel,23.3934,7.5596,0.374,0.2,2.6,-1,31.832,0.0,19.875,2829,0.0,38.400000000000006,14.7,39,1244,0.0,-44.800000000000004,15.1,40,32.139,-0.307,0,
B-C-low-3,0.00893,1790323577.4472,accel,23.3934,7.5596,0.374,0.2,2.6,-1,31.832,0.0,19.875,2829,0.0,38.400000000000006,14.7,39,1244,0.0,-44.800000000000004,15.1,40,32.139,-0.307,0,
B-C-low-3,0.01092,1790323577.4492,accel,23.3934,7.5596,0.374,0.2,2.6,-1,31.832,0.0,19.875,2829,0.0,39.2,14.7,39,1244,0.0,-45.6,15.1,40,32.139,-0.307,0,
B-C-low-3,0.01284,1790323577.4512,accel,23.3934,7.5596,0.374,0.2,2.6,-1,31.832,0.0,19.875,2829,0.0,39.2,14.7,39,1244,0.0,-45.6,15.1,40,32.139,-0.307,0,
B-C-low-3,0.01484,1790323577.4532,accel,23.3934,7.5596,0.374,0.2,2.6,-1,31.832,0.0,19.875,2829,0.0,39.2,14.7,39,1244,0.0,-45.6,15.1,40,32.139,-0.307,0,
B-C-low-3,0.01683,1790323577.4551,accel,23.3934,7.5596,0.374,0.2,2.6,-1,31.832,0.0,19.875,2829,0.0,39.2,14.7,39,1244,0.0,-45.6,15.1,40,32.139,-0.307,0,
B-C-low-3,0.01883,1790323577.4571,accel,23.3934,7.5596,0.374,0.2,2.6,-1,31.832,0.0,19.875,2829,0.0,40.0,14.5,39,1244,0.0,-45.6,15.2,40,32.139,-0.307,0,
B-C-low-3,0.02083,1790323577.4591,accel,23.3934,7.5596,0.374,0.2,2.6,-1,31.832,0.0,19.875,2829,0.0,40.0,14.5,39,1244,0.0,-46.400000000000006,15.2,40,32.139,-0.307,0,
B-C-low-3,0.02283,1790323577.4611,accel,23.3934,7.5596,0.374,0.2,2.6,-1,31.832,0.0,19.875,2829,0.0,40.0,14.5,39,1244,0.0,-46.400000000000006,15.2,40,32.139,-0.307,0,
B-C-low-3,0.02483,1790323577.4631,accel,23.3934,7.5596,0.374,0.2,2.6,-1,31.832,0.0,19.875,2829,0.0,40.800000000000004,14.5,39,1244,0.0,-47.2,15.2,40,32.139,-0.307,0,
B-C-low-3,0.02683,1790323577.4651,accel,23.3934,7.5596,0.374,0.2,2.6,-1,31.832,0.0,19.875,2829,0.0,40.800000000000004,14.5,39,1244,0.0,-47.2,15.2,40,32.139,-0.307,0,
B-C-low-3,0.02883,1790323577.4671,accel,23.3934,7.5596,0.374,0.2,2.6,-1,31.832,0.0,19.875,2829,0.0,41.6,14.5,39,1244,0.0,-48.0,15.2,40,32.139,-0.307,0,
B-C-low-3,0.03083,1790323577.4691,accel,23.3934,7.5596,0.374,0.2,2.6,-1,31.832,0.0,19.875,2829,0.0,41.6,14.5,39,1244,0.0,-48.0,15.2,40,32.139,-0.307,0,
B-C-low-3,0.03283,1790323577.4711,accel,23.3934,7.5596,0.374,0.2,2.6,-1,31.832,0.0,19.875,2829,0.0,42.400000000000006,14.5,39,1244,0.0,-48.800000000000004,15.2,40,32.139,-0.307,0,
B-C-low-3,0.03483,1790323577.4731,accel,23.3934,7.5596,0.374,0.2,2.6,-1,31.832,0.0,19.875,2829,0.0,42.400000000000006,14.5,39,1244,0.0,-48.800000000000004,15.2,40,32.139,-0.307,0,
B-C-low-3,0.03683,1790323577.4752,accel,23.3934,7.5596,0.374,0.2,2.6,-1,31.832,0.0,19.875,2829,0.0,43.2,14.5,39,1244,0.0,-49.6,15.2,40,32.139,-0.307,0,
B-C-low-3,0.03883,1790323577.4771,accel,23.3934,7.5596,0.374,0.2,2.6,-1,31.832,0.0,19.875,2829,0.0,44.0,14.5,39,1245,0.0,-50.400000000000006,15.2,40,32.101,-0.268,0,
B-C-low-3,0.04083,1790323577.4792,accel,23.3934,7.5596,0.374,0.2,2.6,-1,31.832,0.0,19.875,2829,0.0,44.0,14.5,39,1244,0.0,-50.400000000000006,15.2,40,32.139,-0.307,0,
B-C-low-3,0.04283,1790323577.4811,accel,23.3934,7.5596,0.374,0.2,2.6,-1,31.832,0.0,19.875,2829,0.0,44.800000000000004,14.5,39,1245,0.0,-50.400000000000006,15.2,40,32.101,-0.268,0,
B-C-low-3,0.04483,1790323577.4832,accel,23.3934,7.5596,0.374,0.2,2.6,-1,31.832,0.0,19.875,2829,0.0,45.6,14.5,39,1244,0.0,-51.2,15.2,40,32.139,-0.307,0,
B-C-low-3,0.04683,1790323577.4852,accel,23.3934,7.5596,0.374,0.2,2.6,-1,31.832,0.0,19.875,2829,0.0,46.400000000000006,14.5,39,1244,0.0,-52.0,15.2,40,32.139,-0.307,0,
B-C-low-3,0.04883,1790323577.4872,accel,23.3934,7.5596,0.374,0.2,2.6,-1,31.832,0.0,19.875,2829,0.0,46.400000000000006,14.5,39,1244,0.0,-52.800000000000004,15.2,40,32.139,-0.307,0,
B-C-low-3,0.05083,1790323577.4892,accel,23.3934,7.5596,0.374,0.2,2.6,-1,31.832,0.0,19.875,2829,0.0,47.2,14.5,39,1245,0.0,-52.800000000000004,15.2,40,32.101,-0.268,0,
B-C-low-3,0.05283,1790323577.4911,accel,23.3934,7.5596,0.374,0.2,2.6,-1,31.832,0.0,19.875,2829,0.0,48.0,14.5,39,1244,0.0,-54.400000000000006,15.2,40,32.139,-0.307,0,
B-C-low-3,0.05488,1790323577.4932,accel,23.3934,7.5596,0.374,0.2,2.6,-1,31.832,0.0,19.875,2829,0.0,48.800000000000004,14.5,39,1245,0.0,-54.400000000000006,15.2,40,32.101,-0.268,0,
B-C-low-3,0.05685,1790323577.4952,accel,23.3934,7.5596,0.374,0.2,2.6,-1,31.832,0.0,19.875,2829,0.0,49.6,14.5,39,1245,0.0,-55.2,15.2,40,32.101,-0.268,0,
B-C-low-3,0.05885,1790323577.4972,accel,23.3934,7.5596,0.374,0.2,2.6,-1,31.794,-0.3346,19.883,2828,0.0,49.6,14.5,39,1245,0.0,-55.2,15.2,40,32.101,-0.307,0,
B-C-low-3,0.06085,1790323577.4992,accel,23.3934,7.5596,0.374,0.2,2.6,-1,31.794,0.0,19.883,2828,0.0,50.400000000000006,14.5,39,1245,0.0,-56.800000000000004,15.2,40,32.101,-0.307,0,
B-C-low-3,0.06285,1790323577.5012,accel,23.3934,7.5596,0.374,0.2,2.6,-1,31.794,0.0,19.883,2828,0.0,51.2,14.5,39,1245,0.0,-57.6,15.2,40,32.101,-0.307,0,
B-C-low-3,0.06484,1790323577.5032,accel,23.3934,7.5596,0.374,0.2,2.6,-1,31.794,0.0,19.883,2828,0.0,52.0,14.5,39,1245,0.0,-58.400000000000006,15.2,40,32.101,-0.307,0,
B-C-low-3,0.06684,1790323577.5052,accel,23.3934,7.5596,0.374,0.2,2.6,-1,31.794,0.0,19.883,2828,0.0,52.800000000000004,14.5,39,1245,0.0,-59.2,15.2,40,32.101,-0.307,0,
B-C-low-3,0.06884,1790323577.5072,accel,23.3934,7.5596,0.374,0.2,2.6,-1,31.756,-0.3342,19.891,2827,-1.01,51.1,14.5,39,1245,0.0,-60.0,15.2,40,32.101,-0.345,0,
B-C-low-3,0.07084,1790323577.5092,accel,23.3934,7.5596,0.374,0.2,2.6,-1,31.756,0.0,19.891,2827,-1.01,52.7,14.5,39,1245,0.0,-60.800000000000004,15.2,40,32.101,-0.345,0,
B-C-low-3,0.07284,1790323577.5112,accel,23.3934,7.5596,0.374,0.2,2.6,-1,31.717,-0.3348,19.9,2826,-1.51,51.800000000000004,14.5,39,1245,0.0,-61.6,15.2,40,32.101,-0.384,0,
B-C-low-3,0.07484,1790323577.5132,accel,23.3934,7.5596,0.374,0.2,2.6,-1,31.717,0.0,19.9,2826,-1.51,52.6,14.5,39,1246,1.01,-59.900000000000006,15.2,40,32.062,-0.345,0,
B-C-low-3,0.07693,1790323577.5152,accel,23.3934,7.5596,0.374,0.2,2.6,-1,31.717,0.0,19.9,2826,-1.51,53.400000000000006,14.5,39,1246,1.01,-60.7,15.2,40,32.062,-0.345,0,
B-C-low-3,0.07893,1790323577.5172,accel,23.3934,7.5596,0.374,0.2,2.6,-1,31.717,0.0,19.9,2826,-1.51,54.2,14.5,39,1246,0.0,-64.0,15.2,40,32.062,-0.345,0,
B-C-low-3,0.08093,1790323577.5192,accel,23.3934,7.5596,0.374,0.2,2.6,-1,31.717,0.0,19.9,2826,-1.51,55.0,14.5,39,1247,1.01,-62.300000000000004,15.2,40,32.024,-0.307,0,
B-C-low-3,0.08292,1790323577.5212,accel,23.3934,7.5596,0.374,0.2,2.6,-1,31.679,-0.3362,19.908,2825,-2.01,54.1,14.5,39,1248,2.01,-60.5,15.2,40,31.986,-0.307,0,
B-C-low-3,0.08492,1790323577.5232,accel,23.3934,7.5596,0.374,0.2,2.6,-1,31.679,0.0,19.908,2825,-2.01,55.7,14.5,39,1248,1.51,-62.2,15.2,40,31.986,-0.307,0,
B-C-low-3,0.08693,1790323577.5253,accel,23.3934,7.5596,0.374,0.2,2.6,-1,31.641,-0.3326,19.916,2824,-2.52,54.900000000000006,14.5,39,1249,2.01,-61.300000000000004,15.2,40,31.947,-0.307,0,
B-C-low-3,0.08896,1790323577.5273,accel,23.3934,7.5596,0.374,0.2,2.6,-1,31.641,0.0,19.916,2824,-2.01,56.5,14.5,39,1249,2.01,-62.1,15.2,40,31.947,-0.307,0,
B-C-low-3,0.09085,1790323577.5292,accel,23.3934,7.5596,0.374,0.2,2.6,-1,31.602,-0.3538,19.924,2823,-2.52,55.7,14.5,39,1250,2.52,-61.300000000000004,15.2,40,31.909,-0.307,0,
B-C-low-3,0.09284,1790323577.5312,accel,23.3934,7.5596,0.374,0.2,2.6,-1,31.564,-0.3363,19.932,2822,-3.02,54.800000000000004,14.5,39,1250,2.52,-62.1,15.2,40,31.909,-0.345,0,
B-C-low-3,0.09485,1790323577.5332,accel,23.3934,7.5596,0.374,0.2,2.6,-1,31.564,0.0,19.932,2822,-3.02,55.6,14.5,39,1251,3.02,-61.2,15.2,40,31.871,-0.307,0,
B-C-low-3,0.09684,1790323577.5352,accel,23.3934,7.5596,0.374,0.2,2.6,-1,31.564,0.0,19.932,2822,-3.02,56.400000000000006,14.5,39,1252,3.52,-60.300000000000004,15.2,40,31.832,-0.268,0,
B-C-low-3,0.09884,1790323577.5372,accel,23.3934,7.5596,0.374,0.2,2.6,-1,31.526,-0.3351,19.941,2821,-3.02,56.400000000000006,14.5,39,1253,4.03,-59.400000000000006,15.2,40,31.794,-0.268,0,
B-C-low-3,0.10084,1790323577.5392,accel,23.3934,7.5596,0.374,0.2,2.6,-1,31.487,-0.3348,19.949,2820,-3.52,55.5,14.5,39,1254,4.53,-58.6,15.2,40,31.756,-0.268,0,
B-C-low-3,0.10284,1790323577.5412,accel,23.3934,7.5596,0.374,0.2,2.6,-1,31.487,0.0,19.949,2820,-3.02,58.0,14.5,39,1254,4.03,-61.0,15.2,40,31.756,-0.268,0,
B-C-low-3,0.10484,1790323577.5432,accel,23.3934,7.5596,0.374,0.2,2.6,-1,31.449,-0.3346,19.957,2819,-3.52,57.1,14.5,39,1255,5.03,-59.300000000000004,15.2,40,31.717,-0.268,0,
B-C-low-3,0.10684,1790323577.5452,accel,23.3934,7.5596,0.374,0.2,2.6,-1,31.411,-0.3348,19.965,2818,-4.03,56.2,14.5,39,1256,5.03,-59.300000000000004,15.2,40,31.679,-0.268,0,
B-C-low-3,0.10884,1790323577.5472,accel,23.3934,7.5596,0.374,0.2,2.6,-1,31.411,0.0,19.965,2818,-4.03,57.0,14.5,39,1257,5.54,-58.400000000000006,15.2,40,31.641,-0.23,0,
B-C-low-3,0.11084,1790323577.5492,accel,23.3934,7.5596,0.374,0.2,2.6,-1,31.372,-0.3342,19.973,2817,-4.03,57.0,14.5,39,1257,5.03,-60.900000000000006,15.2,40,31.641,-0.268,0,
B-C-low-3,0.11284,1790323577.5512,accel,23.3934,7.5596,0.374,0.2,2.6,-1,31.334,-0.3349,19.981,2816,-4.53,56.2,14.5,39,1257,5.03,-61.7,15.2,40,31.641,-0.307,0,
B-C-low-3,0.11484,1790323577.5532,accel,23.3934,7.5596,0.374,0.2,2.6,-1,31.257,-0.6693,19.998,2814,-5.03,56.1,14.5,39,1258,5.03,-61.7,15.2,40,31.602,-0.345,0,
B-C-low-3,0.11684,1790323577.5552,accel,23.3934,7.5596,0.374,0.2,2.6,-1,31.219,-0.3346,20.006,2813,-5.03,56.1,14.5,39,1259,5.03,-61.7,15.2,40,31.564,-0.345,0,
B-C-low-3,0.11884,1790323577.5572,accel,23.3934,7.5596,0.374,0.2,2.6,-1,31.18,-0.3348,20.014,2812,-5.03,56.1,14.5,39,1259,4.53,-63.400000000000006,15.2,40,31.564,-0.384,0,
B-C-low-3,0.12084,1790323577.5592,accel,23.3934,7.5596,0.374,0.2,2.6,-1,31.142,-0.3346,20.022,2811,-5.54,55.2,14.5,39,1260,5.03,-62.5,15.2,40,31.526,-0.384,0,
B-C-low-3,0.12284,1790323577.5612,accel,23.3934,7.5596,0.374,0.2,2.6,-1,31.104,-0.3348,20.03,2810,-5.54,55.2,14.5,39,1261,5.03,-62.5,15.2,40,31.487,-0.384,0,
B-C-low-3,0.12484,1790323577.5632,accel,23.3934,7.5596,0.374,0.2,2.6,-1,31.104,0.0,20.03,2810,-5.54,56.0,14.5,39,1262,5.03,-62.5,15.2,40,31.449,-0.345,0,
B-C-low-3,0.12684,1790323577.5652,accel,23.3934,7.5596,0.374,0.2,2.6,-1,31.065,-0.3344,20.038,2809,-5.54,56.0,14.5,39,1263,5.54,-61.6,15.2,40,31.411,-0.345,0,
B-C-low-3,0.12884,1790323577.5672,accel,23.3934,7.5596,0.374,0.2,2.6,-1,31.027,-0.3348,20.046,2808,-6.04,55.1,14.5,39,1264,5.54,-61.6,15.2,40,31.372,-0.345,0,
B-C-low-3,0.13084,1790323577.5692,accel,23.3934,7.5596,0.374,0.2,2.6,-1,30.989,-0.3347,20.054,2807,-6.04,55.1,14.5,39,1265,5.54,-61.6,15.2,40,31.334,-0.345,0,
B-C-low-3,0.13284,1790323577.5712,accel,23.3934,7.5596,0.374,0.2,2.6,-1,30.95,-0.3347,20.062,2806,-6.54,54.300000000000004,14.5,39,1266,6.04,-60.7,15.2,40,31.295,-0.345,0,
B-C-low-3,0.13484,1790323577.5732,accel,23.3934,7.5596,0.374,0.2,2.6,-1,30.912,-0.3348,20.07,2805,-6.54,55.1,14.3,39,1267,5.54,-62.400000000000006,13.2,40,31.257,-0.345,0,
B-C-low-3,0.13684,1790323577.5752,accel,23.3934,7.5596,0.374,0.2,2.6,-1,30.874,-0.3344,20.079,2804,-6.54,55.1,14.3,39,1268,6.04,-61.5,13.2,40,31.219,-0.345,0,
B-C-low-3,0.13884,1790323577.5772,accel,23.3934,7.5596,0.374,0.2,2.6,-1,30.835,-0.3351,20.087,2803,-7.04,54.2,14.3,39,1268,5.54,-63.2,13.2,40,31.219,-0.384,0,
B-C-low-3,0.14084,1790323577.5792,accel,23.3934,7.5596,0.374,0.2,2.6,-1,30.835,0.0,20.087,2803,-6.54,55.900000000000006,14.3,39,1270,6.54,-60.7,13.2,40,31.142,-0.307,0,
B-C-low-3,0.14284,1790323577.5812,accel,23.3934,7.5596,0.374,0.2,2.6,-1,30.759,-0.6697,20.103,2801,-6.54,55.1,14.3,39,1271,6.54,-60.7,13.2,40,31.104,-0.345,0,
B-C-low-3,0.14484,1790323577.5832,accel,23.3934,7.5596,0.374,0.2,2.6,-1,30.72,-0.3348,20.111,2800,-6.54,55.1,14.3,39,1272,7.04,-59.800000000000004,13.2,40,31.065,-0.345,0,
B-C-low-3,0.14684,1790323577.5852,accel,23.3934,7.5596,0.374,0.2,2.6,-1,30.682,-0.3345,20.119,2799,-7.04,54.2,14.3,39,1272,6.54,-61.5,13.2,40,31.065,-0.384,0,
B-C-low-3,0.14884,1790323577.5872,accel,23.3934,7.5596,0.374,0.2,2.6,-1,30.643,-0.3348,20.127,2798,-6.54,55.1,14.3,39,1273,6.54,-61.5,13.2,40,31.027,-0.384,0,
B-C-low-3,0.15084,1790323577.5892,accel,23.3934,7.5596,0.374,0.2,2.6,-1,30.605,-0.335,20.135,2797,-7.04,54.2,14.3,39,1274,7.04,-60.6,13.2,40,30.989,-0.384,0,
B-C-low-3,0.15284,1790323577.5912,accel,23.3934,7.5596,0.374,0.2,2.6,-1,30.528,-0.6686,20.15,2795,-7.55,53.300000000000004,14.3,39,1276,7.04,-60.6,13.2,40,30.912,-0.384,0,
B-C-low-3,0.15484,1790323577.5932,accel,23.3934,7.5596,0.374,0.2,2.6,-1,30.49,-0.3346,20.158,2794,-8.05,52.400000000000006,14.3,39,1276,6.54,-62.300000000000004,13.2,40,30.912,-0.422,0,
B-C-low-3,0.15684,1790323577.5952,accel,23.3934,7.5596,0.374,0.2,2.6,-1,30.452,-0.3351,20.166,2793,-7.55,53.300000000000004,14.3,39,1277,7.04,-61.400000000000006,13.2,40,30.874,-0.422,0,
B-C-low-3,0.15884,1790323577.5972,accel,23.3934,7.5596,0.374,0.2,2.6,-1,30.413,-0.3344,20.174,2792,-8.05,52.400000000000006,14.3,39,1278,7.04,-61.400000000000006,13.2,40,30.835,-0.422,0,
B-C-low-3,0.16084,1790323577.5992,accel,23.3934,7.5596,0.374,0.2,2.6,-1,30.375,-0.3347,20.182,2791,-8.05,52.400000000000006,14.3,39,1279,6.54,-62.300000000000004,13.2,40,30.797,-0.422,0,
B-C-low-3,0.16284,1790323577.6012,accel,23.3934,7.5596,0.374,0.2,2.6,-1,30.337,-0.3348,20.19,2790,-8.05,52.400000000000006,14.3,39,1280,6.54,-62.300000000000004,13.2,40,30.759,-0.422,0,
B-C-low-3,0.16584,1790323577.6042,accel,23.3934,7.5596,0.374,0.2,2.6,-1,30.26,-0.4466,20.206,2788,-8.05,52.400000000000006,14.3,39,1282,7.04,-61.400000000000006,13.2,40,30.682,-0.422,0,
B-C-low-3,0.16684,1790323577.6052,accel,23.3934,7.5596,0.374,0.2,2.6,-1,30.26,0.0,20.206,2788,-7.55,54.1,14.3,39,1283,7.55,-59.7,13.2,40,30.643,-0.384,0,
B-C-low-3,0.16884,1790323577.6072,accel,23.3934,7.5596,0.374,0.2,2.6,-1,30.183,-0.6699,20.222,2786,-8.55,51.6,14.3,39,1285,8.05,-58.0,13.2,40,30.567,-0.384,0,
B-C-low-3,0.17084,1790323577.6092,accel,23.3934,7.5596,0.374,0.2,2.6,-1,30.145,-0.3346,20.23,2785,-8.55,51.6,14.3,39,1286,7.55,-59.7,13.2,40,30.528,-0.384,0,
B-C-low-3,0.17284,1790323577.6112,accel,23.3934,7.5596,0.374,0.2,2.6,-1,30.107,-0.3346,20.237,2784,-8.55,51.6,14.3,39,1288,8.55,-57.2,13.2,40,30.452,-0.345,0,
B-C-low-3,0.17484,1790323577.6132,accel,23.3934,7.5596,0.374,0.2,2.6,-1,30.03,-0.6693,20.253,2782,-8.55,50.800000000000004,14.3,39,1289,8.55,-57.2,13.2,40,30.413,-0.384,0,
B-C-low-3,0.17684,1790323577.6152,accel,23.3934,7.5596,0.374,0.2,2.6,-1,29.991,-0.3348,20.261,2781,-9.06,49.900000000000006,14.3,39,1290,9.06,-56.300000000000004,13.2,40,30.375,-0.384,0,
B-C-low-3,0.17884,1790323577.6172,accel,23.3934,7.5596,0.374,0.2,2.6,-1,29.953,-0.3344,20.269,2780,-9.06,49.900000000000006,14.3,39,1292,9.06,-55.5,13.2,40,30.298,-0.345,0,
B-C-low-3,0.18084,1790323577.6192,accel,23.3934,7.5596,0.374,0.2,2.6,-1,29.915,-0.3345,20.277,2779,-9.06,49.900000000000006,14.3,39,1292,9.06,-56.300000000000004,13.2,40,30.298,-0.384,0,
B-C-low-3,0.18284,1790323577.6212,accel,23.3934,7.5596,0.374,0.2,2.6,-1,29.876,-0.3348,20.284,2778,-8.55,50.800000000000004,14.3,39,1293,8.55,-57.2,13.2,40,30.26,-0.384,0,
B-C-low-3,0.18484,1790323577.6232,accel,23.3934,7.5596,0.374,0.2,2.6,-1,29.8,-0.6693,20.3,2776,-9.06,49.900000000000006,14.3,39,1295,9.06,-55.5,13.2,40,30.183,-0.384,0,
B-C-low-3,0.18684,1790323577.6252,accel,23.3934,7.5596,0.374,0.2,2.6,-1,29.723,-0.6697,20.316,2774,-9.56,48.2,14.3,39,1296,9.06,-55.5,13.2,40,30.145,-0.422,0,
B-C-low-3,0.18884,1790323577.6272,accel,23.3934,7.5596,0.374,0.2,2.6,-1,29.685,-0.3345,20.323,2773,-9.06,49.1,14.3,39,1298,10.06,-52.900000000000006,13.2,40,30.068,-0.384,0,
B-C-low-3,0.19084,1790323577.6292,accel,23.3934,7.5596,0.374,0.2,2.6,-1,29.646,-0.3347,20.331,2772,-9.06,49.1,14.3,39,1299,10.06,-52.900000000000006,13.2,40,30.03,-0.384,0,
B-C-low-3,0.19284,1790323577.6312,accel,23.3934,7.5596,0.374,0.2,2.6,-1,29.57,-0.6692,20.346,2770,-9.56,48.2,14.3,39,1300,9.56,-54.6,13.2,40,29.991,-0.422,0,
B-C-low-3,0.19484,1790323577.6332,accel,23.3934,7.5596,0.374,0.2,2.6,-1,29.531,-0.3348,20.354,2769,-9.56,48.2,14.3,39,1301,9.56,-54.6,13.2,40,29.953,-0.422,0,
B-C-low-3,0.19684,1790323577.6352,accel,23.3934,7.5596,0.374,0.2,2.6,-1,29.455,-0.6696,20.37,2767,-9.56,47.400000000000006,14.3,39,1303,9.56,-53.800000000000004,13.2,40,29.876,-0.422,0,
B-C-low-3,0.19884,1790323577.6372,accel,23.3934,7.5596,0.374,0.2,2.6,-1,29.416,-0.3345,20.377,2766,-9.56,47.400000000000006,14.3,39,1304,9.56,-53.800000000000004,13.2,40,29.838,-0.422,0,
B-C-low-3,0.20083,1790323577.6391,const,23.3934,7.5596,0.374,0.2,2.6,-1,29.378,-0.3375,20.385,2765,-9.56,47.400000000000006,14.3,39,1306,10.06,-52.1,13.2,40,29.761,-0.384,0,
B-C-low-3,0.20283,1790323577.6411,const,23.3934,7.5596,0.374,0.2,2.6,-1,29.301,-0.669,20.4,2763,-10.06,45.7,14.3,39,1307,9.56,-53.0,13.2,40,29.723,-0.422,0,
B-C-low-3,0.20482,1790323577.6431,const,23.3934,7.5596,0.374,0.2,2.6,-1,29.263,-0.3354,20.408,2762,-10.06,45.7,14.3,39,1309,10.06,-51.300000000000004,13.2,40,29.646,-0.384,0,
B-C-low-3,0.20682,1790323577.6451,const,23.3934,7.5596,0.374,0.2,2.6,-1,29.224,-0.3348,20.416,2761,-9.56,46.6,14.3,39,1310,9.56,-52.2,13.2,40,29.608,-0.384,0,
B-C-low-3,0.20882,1790323577.6471,const,23.3934,7.5596,0.374,0.2,2.6,-1,29.186,-0.3347,20.423,2760,-10.06,45.7,14.3,39,1311,9.56,-52.2,13.2,40,29.57,-0.384,0,
B-C-low-3,0.21082,1790323577.6491,const,23.3934,7.5596,0.374,0.2,2.6,-1,29.109,-0.6693,20.439,2758,-10.06,44.900000000000006,14.3,39,1314,10.57,-49.7,13.2,40,29.455,-0.345,0,
B-C-low-3,0.21282,1790323577.6511,const,23.3934,7.5596,0.374,0.2,2.6,-1,29.071,-0.335,20.446,2757,-10.06,44.900000000000006,14.3,39,1315,10.06,-50.5,13.2,40,29.416,-0.345,0,
B-C-low-3,0.21482,1790323577.6531,const,23.3934,7.5596,0.374,0.2,2.6,-1,28.994,-0.6686,20.461,2755,-10.57,43.300000000000004,14.3,39,1316,10.06,-50.5,13.2,40,29.378,-0.384,0,
B-C-low-3,0.21682,1790323577.6551,const,23.3934,7.5596,0.374,0.2,2.6,-1,28.918,-0.6694,20.477,2753,-10.57,43.300000000000004,14.3,39,1318,10.57,-48.900000000000006,13.2,40,29.301,-0.384,0,
B-C-low-3,0.21882,1790323577.6571,const,23.3934,7.5596,0.374,0.2,2.6,-1,28.841,-0.6696,20.492,2751,-11.07,41.6,14.3,39,1319,10.57,-48.900000000000006,13.2,40,29.263,-0.422,0,
B-C-low-3,0.22082,1790323577.6591,const,23.3934,7.5596,0.374,0.2,2.6,-1,28.803,-0.3346,20.499,2750,-10.57,42.5,14.3,39,1321,11.07,-47.2,13.2,40,29.186,-0.384,0,
B-C-low-3,0.22282,1790323577.6611,const,23.3934,7.5596,0.374,0.2,2.6,-1,28.764,-0.3349,20.507,2749,-10.57,42.5,14.3,39,1322,11.07,-47.2,13.2,40,29.148,-0.384,0,
B-C-low-3,0.22482,1790323577.6631,const,23.3934,7.5596,0.374,0.2,2.6,-1,28.688,-0.669,20.522,2747,-10.57,41.7,14.3,39,1324,11.07,-47.2,13.2,40,29.071,-0.384,0,
B-C-low-3,0.22682,1790323577.6651,const,23.3934,7.5596,0.374,0.2,2.6,-1,28.611,-0.6697,20.537,2745,-11.07,40.0,14.3,39,1326,11.57,-45.5,13.2,40,28.994,-0.384,0,
B-C-low-3,0.22882,1790323577.6671,const,23.3934,7.5596,0.374,0.2,2.6,-1,28.534,-0.6693,20.552,2743,-11.07,39.2,14.3,39,1328,11.57,-44.7,13.2,40,28.918,-0.384,0,
B-C-low-3,0.23082,1790323577.6691,const,23.3934,7.5596,0.374,0.2,2.6,-1,28.496,-0.3346,20.559,2742,-11.07,39.2,14.3,39,1329,11.57,-44.7,13.2,40,28.879,-0.384,0,
B-C-low-3,0.23282,1790323577.6711,const,23.3934,7.5596,0.374,0.2,2.6,-1,28.419,-0.6693,20.574,2740,-11.57,38.300000000000004,14.3,39,1331,12.08,-43.0,13.2,40,28.803,-0.384,0,
B-C-low-3,0.23482,1790323577.6731,const,23.3934,7.5596,0.374,0.2,2.6,-1,28.381,-0.335,20.582,2739,-11.07,39.2,14.3,39,1333,11.57,-43.1,13.2,40,28.726,-0.345,0,
B-C-low-3,0.23682,1790323577.6751,const,23.3934,7.5596,0.374,0.2,2.6,-1,28.304,-0.6692,20.597,2737,-11.57,37.5,14.3,39,1335,12.08,-41.400000000000006,13.2,40,28.649,-0.345,0,
B-C-low-3,0.23882,1790323577.6771,const,23.3934,7.5596,0.374,0.2,2.6,-1,28.266,-0.3343,20.604,2736,-11.57,37.5,14.3,39,1336,12.08,-41.400000000000006,13.2,40,28.611,-0.345,0,
B-C-low-3,0.24082,1790323577.6791,const,23.3934,7.5596,0.374,0.2,2.6,-1,28.189,-0.6702,20.619,2734,-12.08,35.800000000000004,14.3,39,1338,12.08,-40.6,13.2,40,28.534,-0.345,0,
B-C-low-3,0.24282,1790323577.6811,const,23.3934,7.5596,0.374,0.2,2.6,-1,28.112,-0.6689,20.634,2732,-11.57,36.7,14.3,39,1340,12.58,-39.800000000000004,13.2,40,28.457,-0.345,0,
B-C-low-3,0.24482,1790323577.6831,const,23.3934,7.5596,0.374,0.2,2.6,-1,28.036,-0.6689,20.648,2730,-12.08,35.0,14.3,39,1342,12.58,-39.0,13.2,40,28.381,-0.345,0,
B-C-low-3,0.24684,1790323577.6852,const,23.3934,7.5596,0.374,0.2,2.6,-1,27.997,-0.3314,20.656,2729,-11.57,35.9,14.3,39,1343,12.58,-39.0,13.2,40,28.342,-0.345,0,
B-C-low-3,0.24882,1790323577.6871,const,23.3934,7.5596,0.374,0.2,2.6,-1,27.92,-0.6762,20.67,2727,-11.57,35.1,14.3,39,1344,12.08,-39.800000000000004,13.2,40,28.304,-0.384,0,
B-C-low-3,0.25082,1790323577.6891,const,23.3934,7.5596,0.374,0.2,2.6,-1,27.882,-0.3348,20.678,2726,-11.57,35.1,14.3,39,1346,12.58,-38.2,13.2,40,28.227,-0.345,0,
B-C-low-3,0.25282,1790323577.6911,const,23.3934,7.5596,0.374,0.2,2.6,-1,27.805,-0.6699,20.692,2724,-12.08,33.4,14.9,39,1348,12.08,-38.2,14.4,40,28.151,-0.345,0,
B-C-low-3,0.25482,1790323577.6931,const,23.3934,7.5596,0.374,0.2,2.6,-1,27.767,-0.3342,20.7,2723,-12.08,33.4,14.9,39,1349,12.08,-38.2,14.4,40,28.112,-0.345,0,
B-C-low-3,0.25682,1790323577.6951,const,23.3934,7.5596,0.374,0.2,2.6,-1,27.69,-0.6698,20.714,2721,-11.57,33.5,14.9,39,1350,11.57,-39.1,14.4,40,28.074,-0.384,0,
B-C-low-3,0.25882,1790323577.6971,const,23.3934,7.5596,0.374,0.2,2.6,-1,27.652,-0.3347,20.721,2720,-11.57,33.5,14.9,39,1352,12.08,-37.4,14.4,40,27.997,-0.345,0,
B-C-low-3,0.26082,1790323577.6991,const,23.3934,7.5596,0.374,0.2,2.6,-1,27.614,-0.3346,20.729,2719,-11.07,34.4,14.9,39,1354,11.57,-38.300000000000004,14.4,40,27.92,-0.307,0,
B-C-low-3,0.26282,1790323577.7011,const,23.3934,7.5596,0.374,0.2,2.6,-1,27.575,-0.3346,20.736,2718,-11.07,34.4,14.9,39,1355,11.57,-38.300000000000004,14.4,40,27.882,-0.307,0,
B-C-low-3,0.26482,1790323577.7031,const,23.3934,7.5596,0.374,0.2,2.6,-1,27.499,-0.6693,20.75,2716,-11.57,32.7,14.9,39,1356,11.57,-37.5,14.4,40,27.844,-0.345,0,
B-C-low-3,0.26682,1790323577.7051,const,23.3934,7.5596,0.374,0.2,2.6,-1,27.46,-0.3349,20.758,2715,-10.57,35.300000000000004,14.9,39,1357,10.57,-40.1,14.4,40,27.805,-0.345,0,
B-C-low-3,0.26882,1790323577.7071,const,23.3934,7.5596,0.374,0.2,2.6,-1,27.384,-0.6694,20.772,2713,-11.07,33.6,14.9,39,1359,11.07,-38.400000000000006,14.4,40,27.729,-0.345,0,
B-C-low-3,0.27082,1790323577.7091,const,23.3934,7.5596,0.374,0.2,2.6,-1,27.345,-0.3345,20.779,2712,-10.57,34.5,14.9,39,1360,10.57,-39.300000000000004,14.4,40,27.69,-0.345,0,
B-C-low-3,0.27282,1790323577.7111,const,23.3934,7.5596,0.374,0.2,2.6,-1,27.345,0.0,20.779,2712,-10.06,36.1,14.9,39,1361,10.57,-39.300000000000004,14.4,40,27.652,-0.307,0,
B-C-low-3,0.27482,1790323577.7131,const,23.3934,7.5596,0.374,0.2,2.6,-1,27.268,-0.6693,20.794,2710,-9.56,37.0,14.9,39,1362,10.06,-40.1,14.4,40,27.614,-0.345,0,
B-C-low-3,0.27683,1790323577.7151,const,23.3934,7.5596,0.374,0.2,2.6,-1,27.192,-0.6674,20.808,2708,-10.06,35.300000000000004,14.9,39,1363,9.56,-41.0,14.4,40,27.575,-0.384,0,
B-C-low-3,0.27882,1790323577.7171,const,23.3934,7.5596,0.374,0.2,2.6,-1,27.153,-0.3357,20.815,2707,-9.56,36.2,14.9,39,1365,10.06,-39.300000000000004,14.4,40,27.499,-0.345,0,
B-C-low-3,0.28083,1790323577.7191,const,23.3934,7.5596,0.374,0.2,2.6,-1,27.115,-0.3343,20.822,2706,-9.56,36.2,14.9,39,1366,9.56,-40.2,14.4,40,27.46,-0.345,0,
B-C-low-3,0.28283,1790323577.7211,const,23.3934,7.5596,0.374,0.2,2.6,-1,27.077,-0.3348,20.829,2705,-9.56,36.2,14.9,39,1367,9.56,-40.2,14.4,40,27.422,-0.345,0,
B-C-low-3,0.28482,1790323577.7231,const,23.3934,7.5596,0.374,0.2,2.6,-1,27.038,-0.3348,20.836,2704,-9.06,37.1,14.9,39,1368,9.06,-41.900000000000006,14.4,40,27.384,-0.345,0,
B-C-low-3,0.28683,1790323577.7251,const,23.3934,7.5596,0.374,0.2,2.6,-1,27.0,-0.3346,20.844,2703,-8.55,38.0,14.9,39,1369,8.55,-42.800000000000004,14.4,40,27.345,-0.345,0,
B-C-low-3,0.28883,1790323577.7271,const,23.3934,7.5596,0.374,0.2,2.6,-1,26.962,-0.3346,20.851,2702,-8.55,38.0,14.9,39,1370,8.55,-42.800000000000004,14.4,40,27.307,-0.345,0,
B-C-low-3,0.29082,1790323577.7291,const,23.3934,7.5596,0.374,0.2,2.6,-1,26.885,-0.6703,20.865,2700,-9.06,36.300000000000004,14.9,39,1372,9.06,-41.1,14.4,40,27.23,-0.345,0,
B-C-low-3,0.29283,1790323577.7311,const,23.3934,7.5596,0.374,0.2,2.6,-1,26.847,-0.3343,20.872,2699,-8.55,38.0,14.9,39,1373,8.55,-42.0,14.4,40,27.192,-0.345,0,
B-C-low-3,0.29482,1790323577.7331,const,23.3934,7.5596,0.374,0.2,2.6,-1,26.808,-0.335,20.879,2698,-8.55,38.0,14.9,39,1375,9.56,-39.400000000000006,14.4,40,27.115,-0.307,0,
B-C-low-3,0.29683,1790323577.7351,const,23.3934,7.5596,0.374,0.2,2.6,-1,26.77,-0.3342,20.886,2697,-8.55,38.0,14.9,39,1376,9.06,-40.300000000000004,14.4,40,27.077,-0.307,0,
B-C-low-3,0.29883,1790323577.7371,const,23.3934,7.5596,0.374,0.2,2.6,-1,26.732,-0.3349,20.893,2696,-8.55,38.0,14.9,39,1377,9.06,-40.300000000000004,14.4,40,27.038,-0.307,0,
B-C-low-3,0.30083,1790323577.7391,const,23.3934,7.5596,0.374,0.2,2.6,-1,26.655,-0.6696,20.907,2694,-9.06,36.300000000000004,14.9,39,1378,9.06,-40.300000000000004,14.4,40,27.0,-0.345,0,
B-C-low-3,0.30283,1790323577.7411,const,23.3934,7.5596,0.374,0.2,2.6,-1,26.616,-0.3346,20.914,2693,-9.06,36.300000000000004,14.9,39,1379,8.55,-42.0,14.4,40,26.962,-0.345,0,
B-C-low-3,0.30483,1790323577.7431,const,23.3934,7.5596,0.374,0.2,2.6,-1,26.578,-0.3346,20.921,2692,-9.06,36.300000000000004,14.9,39,1381,9.06,-40.300000000000004,14.4,40,26.885,-0.307,0,
B-C-low-3,0.30682,1790323577.7451,const,23.3934,7.5596,0.374,0.2,2.6,-1,26.501,-0.6701,20.935,2690,-9.06,35.5,14.9,39,1381,8.55,-42.0,14.4,40,26.885,-0.384,0,
B-C-low-3,0.30883,1790323577.7471,const,23.3934,7.5596,0.374,0.2,2.6,-1,26.463,-0.3343,20.942,2689,-9.06,35.5,14.9,39,1383,9.06,-40.300000000000004,14.4,40,26.808,-0.345,0,
B-C-low-3,0.31083,1790323577.7491,const,23.3934,7.5596,0.374,0.2,2.6,-1,26.425,-0.3346,20.949,2688,-8.55,37.2,14.9,39,1384,9.06,-40.300000000000004,14.4,40,26.77,-0.345,0,
B-C-low-3,0.31283,1790323577.7511,const,23.3934,7.5596,0.374,0.2,2.6,-1,26.348,-0.669,20.963,2686,-9.06,36.300000000000004,14.9,39,1384,8.55,-42.0,14.4,40,26.77,-0.422,0,
B-C-low-3,0.31483,1790323577.7531,const,23.3934,7.5596,0.374,0.2,2.6,-1,26.31,-0.335,20.97,2685,-9.06,36.300000000000004,14.9,39,1386,9.06,-40.300000000000004,14.4,40,26.693,-0.384,0,
B-C-low-3,0.31683,1790323577.7551,const,23.3934,7.5596,0.374,0.2,2.6,-1,26.233,-0.6694,20.984,2683,-9.06,35.5,14.9,39,1387,8.55,-41.2,14.4,40,26.655,-0.422,0,
B-C-low-3,0.31883,1790323577.7571,const,23.3934,7.5596,0.374,0.2,2.6,-1,26.195,-0.3348,20.991,2682,-9.06,35.5,14.9,39,1389,9.06,-39.5,14.4,40,26.578,-0.384,0,
B-C-low-3,0.32083,1790323577.7591,const,23.3934,7.5596,0.374,0.2,2.6,-1,26.156,-0.3347,20.998,2681,-9.06,35.5,14.9,39,1390,9.06,-39.5,14.4,40,26.54,-0.384,0,
B-C-low-3,0.32282,1790323577.7611,const,23.3934,7.5596,0.374,0.2,2.6,-1,26.118,-0.3348,21.005,2680,-9.06,35.5,14.9,39,1391,9.06,-39.5,14.4,40,26.501,-0.384,0,
B-C-low-3,0.32483,1790323577.7631,const,23.3934,7.5596,0.374,0.2,2.6,-1,26.041,-0.6685,21.018,2678,-9.06,35.5,14.9,39,1392,8.55,-41.2,14.4,40,26.463,-0.422,0,
B-C-low-3,0.32683,1790323577.7651,const,23.3934,7.5596,0.374,0.2,2.6,-1,26.003,-0.3348,21.025,2677,-9.06,35.5,14.9,39,1393,8.55,-41.2,14.4,40,26.425,-0.422,0,
B-C-low-3,0.32883,1790323577.7671,const,23.3934,7.5596,0.374,0.2,2.6,-1,25.964,-0.3344,21.032,2676,-9.06,35.5,14.9,39,1395,9.06,-39.5,14.4,40,26.348,-0.384,0,
B-C-low-3,0.33083,1790323577.7691,const,23.3934,7.5596,0.374,0.2,2.6,-1,25.964,0.0,21.032,2676,-8.55,37.2,14.9,39,1396,9.06,-39.5,14.4,40,26.31,-0.345,0,
B-C-low-3,0.33283,1790323577.7711,const,23.3934,7.5596,0.374,0.2,2.6,-1,25.888,-0.6693,21.046,2674,-9.06,35.5,14.9,39,1397,9.06,-39.5,14.4,40,26.271,-0.384,0,
B-C-low-3,0.33483,1790323577.7731,const,23.3934,7.5596,0.374,0.2,2.6,-1,25.811,-0.6694,21.059,2672,-9.06,34.7,14.9,39,1398,8.55,-40.400000000000006,14.4,40,26.233,-0.422,0,
B-C-low-3,0.33683,1790323577.7751,const,23.3934,7.5596,0.374,0.2,2.6,-1,25.811,0.0,21.059,2672,-8.55,36.4,14.9,39,1399,8.55,-40.400000000000006,14.4,40,26.195,-0.384,0,
B-C-low-3,0.33883,1790323577.7771,const,23.3934,7.5596,0.374,0.2,2.6,-1,25.773,-0.3344,21.066,2671,-8.55,36.4,14.9,39,1400,8.55,-41.2,14.4,40,26.156,-0.384,0,
B-C-low-3,0.34083,1790323577.7791,const,23.3934,7.5596,0.374,0.2,2.6,-1,25.734,-0.3347,21.073,2670,-8.05,37.2,14.9,39,1400,8.05,-42.800000000000004,14.4,40,26.156,-0.422,0,
B-C-low-3,0.34283,1790323577.7811,const,23.3934,7.5596,0.374,0.2,2.6,-1,25.696,-0.3346,21.08,2669,-8.05,37.2,14.9,39,1402,8.05,-42.0,14.4,40,26.08,-0.384,0,
B-C-low-3,0.34483,1790323577.7831,const,23.3934,7.5596,0.374,0.2,2.6,-1,25.658,-0.3349,21.087,2668,-8.05,37.2,14.9,39,1403,8.05,-42.0,14.4,40,26.041,-0.384,0,
B-C-low-3,0.34683,1790323577.7851,const,23.3934,7.5596,0.374,0.2,2.6,-1,25.619,-0.3344,21.093,2667,-8.05,37.2,14.9,39,1403,7.55,-43.7,14.4,40,26.041,-0.422,0,
B-C-low-3,0.34883,1790323577.7871,const,23.3934,7.5596,0.374,0.2,2.6,-1,25.581,-0.335,21.1,2666,-7.55,38.900000000000006,14.9,39,1405,8.05,-42.0,14.4,40,25.964,-0.384,0,
B-C-low-3,0.35083,1790323577.7891,const,23.3934,7.5596,0.374,0.2,2.6,-1,25.543,-0.3344,21.107,2665,-7.55,38.900000000000006,14.9,39,1405,7.55,-43.7,14.4,40,25.964,-0.422,0,
B-C-low-3,0.35283,1790323577.7911,const,23.3934,7.5596,0.374,0.2,2.6,-1,25.504,-0.3347,21.114,2664,-7.55,38.900000000000006,14.9,39,1406,7.55,-43.7,14.4,40,25.926,-0.422,0,
B-C-low-3,0.35483,1790323577.7931,const,23.3934,7.5596,0.374,0.2,2.6,-1,25.466,-0.3348,21.12,2663,-7.55,38.900000000000006,14.9,39,1406,7.04,-45.400000000000006,14.4,40,25.926,-0.46,0,
B-C-low-3,0.35683,1790323577.7951,const,23.3934,7.5596,0.374,0.2,2.6,-1,25.428,-0.3349,21.127,2662,-7.55,39.7,14.9,39,1408,7.04,-45.400000000000006,14.4,40,25.849,-0.422,0,
B-C-low-3,0.35883,1790323577.7971,const,23.3934,7.5596,0.374,0.2,2.6,-1,25.389,-0.3344,21.134,2661,-7.55,39.7,14.9,39,1409,7.04,-45.400000000000006,14.4,40,25.811,-0.422,0,
B-C-low-3,0.36083,1790323577.7991,const,23.3934,7.5596,0.374,0.2,2.6,-1,25.389,0.0,21.134,2661,-7.04,41.400000000000006,14.9,39,1409,6.54,-47.1,14.4,40,25.811,-0.422,0,
B-C-low-3,0.36283,1790323577.8011,const,23.3934,7.5596,0.374,0.2,2.6,-1,25.312,-0.6697,21.147,2659,-7.55,39.7,14.9,39,1410,6.54,-47.1,14.4,40,25.773,-0.46,0,
B-C-low-3,0.36483,1790323577.8031,const,23.3934,7.5596,0.374,0.2,2.6,-1,25.312,0.0,21.147,2659,-6.54,42.300000000000004,14.9,39,1411,6.54,-47.1,14.4,40,25.734,-0.422,0,
B-C-low-3,0.36683,1790323577.8051,const,23.3934,7.5596,0.374,0.2,2.6,-1,25.274,-0.335,21.154,2658,-6.54,42.300000000000004,14.9,39,1412,6.54,-47.1,14.4,40,25.696,-0.422,0,
B-C-low-3,0.36883,1790323577.8071,const,23.3934,7.5596,0.374,0.2,2.6,-1,25.274,0.0,21.154,2658,-6.04,43.900000000000006,13.8,39,1412,6.04,-48.7,14.3,40,25.696,-0.422,0,
B-C-low-3,0.37083,1790323577.8091,const,23.3934,7.5596,0.374,0.2,2.6,-1,25.236,-0.3349,21.161,2657,-6.04,43.900000000000006,13.8,39,1413,6.04,-48.7,14.3,40,25.658,-0.422,0,
B-C-low-3,0.37283,1790323577.8111,const,23.3934,7.5596,0.374,0.2,2.6,-1,25.197,-0.3344,21.167,2656,-6.54,43.1,13.8,39,1414,6.04,-48.7,14.3,40,25.619,-0.422,0,
B-C-low-3,0.37483,1790323577.8131,const,23.3934,7.5596,0.374,0.2,2.6,-1,25.159,-0.335,21.174,2655,-6.04,44.7,13.8,39,1415,6.04,-49.5,14.3,40,25.581,-0.422,0,
B-C-low-3,0.37683,1790323577.8151,const,23.3934,7.5596,0.374,0.2,2.6,-1,25.159,0.0,21.174,2655,-5.54,46.400000000000006,13.8,39,1415,5.54,-51.2,14.3,40,25.581,-0.422,0,
B-C-low-3,0.37883,1790323577.8171,const,23.3934,7.5596,0.374,0.2,2.6,-1,25.121,-0.335,21.181,2654,-5.54,46.400000000000006,13.8,39,1416,5.54,-51.2,14.3,40,25.543,-0.422,0,
B-C-low-3,0.38083,1790323577.8191,const,23.3934,7.5596,0.374,0.2,2.6,-1,25.082,-0.3343,21.187,2653,-6.04,45.5,13.8,39,1417,5.54,-51.2,14.3,40,25.504,-0.422,0,
B-C-low-3,0.38283,1790323577.8211,const,23.3934,7.5596,0.374,0.2,2.6,-1,25.044,-0.3348,21.194,2652,-5.54,46.400000000000006,13.8,39,1417,5.54,-52.0,14.3,40,25.504,-0.46,0,
B-C-low-3,0.38483,1790323577.8231,const,23.3934,7.5596,0.374,0.2,2.6,-1,25.044,0.0,21.194,2652,-5.03,48.1,13.8,39,1418,5.54,-52.0,14.3,40,25.466,-0.422,0,
B-C-low-3,0.38683,1790323577.8251,const,23.3934,7.5596,0.374,0.2,2.6,-1,25.006,-0.3349,21.201,2651,-5.54,48.0,13.8,39,1419,5.54,-52.0,14.3,40,25.428,-0.422,0,
B-C-low-3,0.38883,1790323577.8271,const,23.3934,7.5596,0.374,0.2,2.6,-1,24.967,-0.3346,21.207,2650,-5.54,48.0,13.8,39,1419,5.03,-53.7,14.3,40,25.428,-0.46,0,
B-C-low-3,0.39083,1790323577.8291,const,23.3934,7.5596,0.374,0.2,2.6,-1,24.929,-0.3348,21.214,2649,-5.54,48.0,13.8,39,1420,5.03,-53.7,14.3,40,25.389,-0.46,0,
B-C-low-3,0.39283,1790323577.8311,const,23.3934,7.5596,0.374,0.2,2.6,-1,24.891,-0.3346,21.22,2648,-6.04,47.1,13.8,39,1421,5.03,-54.5,14.3,40,25.351,-0.46,0,
B-C-low-3,0.39483,1790323577.8331,const,23.3934,7.5596,0.374,0.2,2.6,-1,24.891,0.0,21.22,2648,-5.54,48.800000000000004,13.8,39,1422,5.54,-53.6,14.3,40,25.312,-0.422,0,
B-C-low-3,0.39683,1790323577.8351,const,23.3934,7.5596,0.374,0.2,2.6,-1,24.852,-0.3348,21.227,2647,-5.54,48.800000000000004,13.8,39,1423,5.54,-53.6,14.3,40,25.274,-0.422,0,
B-C-low-3,0.39883,1790323577.8371,const,23.3934,7.5596,0.374,0.2,2.6,-1,24.852,0.0,21.227,2647,-5.03,50.5,13.8,39,1423,5.03,-55.300000000000004,14.3,40,25.274,-0.422,0,
B-C-low-3,0.40083,1790323577.8391,const,23.3934,7.5596,0.374,0.2,2.6,-1,24.814,-0.3348,21.234,2646,-5.03,50.5,13.8,39,1424,5.03,-55.300000000000004,14.3,40,25.236,-0.422,0,
B-C-low-3,0.40283,1790323577.8411,const,23.3934,7.5596,0.374,0.2,2.6,-1,24.814,0.0,21.234,2646,-4.53,52.2,13.8,39,1425,5.54,-54.400000000000006,14.3,40,25.197,-0.384,0,
B-C-low-3,0.40483,1790323577.8431,const,23.3934,7.5596,0.374,0.2,2.6,-1,24.776,-0.3347,21.24,2645,-5.03,51.300000000000004,13.8,39,1426,5.54,-54.400000000000006,14.3,40,25.159,-0.384,0,
B-C-low-3,0.40683,1790323577.8451,const,23.3934,7.5596,0.374,0.2,2.6,-1,24.737,-0.3347,21.247,2644,-5.03,52.1,13.8,39,1427,5.54,-54.400000000000006,14.3,40,25.121,-0.384,0,
B-C-low-3,0.40883,1790323577.8471,const,23.3934,7.5596,0.374,0.2,2.6,-1,24.699,-0.3347,21.253,2643,-5.54,51.2,13.8,39,1427,5.54,-55.2,14.3,40,25.121,-0.422,0,
B-C-low-3,0.41083,1790323577.8491,const,23.3934,7.5596,0.374,0.2,2.6,-1,24.661,-0.3348,21.26,2642,-5.03,52.1,13.8,39,1429,6.04,-53.5,14.3,40,25.044,-0.384,0,
B-C-low-3,0.41283,1790323577.8511,const,23.3934,7.5596,0.374,0.2,2.6,-1,24.661,0.0,21.26,2642,-5.03,52.900000000000006,13.8,39,1429,5.54,-55.2,14.3,40,25.044,-0.384,0,
B-C-low-3,0.41483,1790323577.8531,const,23.3934,7.5596,0.374,0.2,2.6,-1,24.622,-0.3346,21.266,2641,-5.54,52.0,13.8,39,1430,6.04,-54.300000000000004,14.3,40,25.006,-0.384,0,
B-C-low-3,0.41683,1790323577.8551,const,23.3934,7.5596,0.374,0.2,2.6,-1,24.584,-0.3347,21.273,2640,-5.03,52.900000000000006,13.8,39,1431,6.04,-55.1,14.3,40,24.967,-0.384,0,
B-C-low-3,0.41883,1790323577.8571,const,23.3934,7.5596,0.374,0.2,2.6,-1,24.545,-0.3342,21.279,2639,-5.54,52.0,13.8,39,1432,6.04,-55.1,14.3,40,24.929,-0.384,0,
B-C-low-3,0.42083,1790323577.8591,const,23.3934,7.5596,0.374,0.2,2.6,-1,24.507,-0.335,21.286,2638,-5.54,52.0,13.8,39,1433,6.54,-54.300000000000004,14.3,40,24.891,-0.384,0,
B-C-low-3,0.42283,1790323577.8611,const,23.3934,7.5596,0.374,0.2,2.6,-1,24.469,-0.335,21.292,2637,-5.54,52.0,13.8,39,1433,6.04,-55.900000000000006,14.3,40,24.891,-0.422,0,
B-C-low-3,0.42483,1790323577.8632,const,23.3934,7.5596,0.374,0.2,2.6,-1,24.43,-0.3341,21.299,2636,-5.54,52.800000000000004,13.8,39,1434,6.04,-55.900000000000006,14.3,40,24.852,-0.422,0,
B-C-low-3,0.42683,1790323577.8651,const,23.3934,7.5596,0.374,0.2,2.6,-1,24.392,-0.3352,21.305,2635,-6.04,51.900000000000006,13.8,39,1435,6.04,-55.900000000000006,14.3,40,24.814,-0.422,0,
B-C-low-3,0.42883,1790323577.8671,const,23.3934,7.5596,0.374,0.2,2.6,-1,24.354,-0.3343,21.312,2634,-6.04,51.900000000000006,13.8,39,1436,6.04,-55.900000000000006,14.3,40,24.776,-0.422,0,
B-C-low-3,0.43083,1790323577.8691,const,23.3934,7.5596,0.374,0.2,2.6,-1,24.315,-0.335,21.318,2633,-6.54,51.1,13.8,39,1436,5.54,-57.6,14.3,40,24.776,-0.46,0,
B-C-low-3,0.43283,1790323577.8711,const,23.3934,7.5596,0.374,0.2,2.6,-1,24.277,-0.3346,21.325,2632,-6.54,51.1,13.8,39,1438,6.54,-55.1,14.3,40,24.699,-0.422,0,
B-C-low-3,0.43483,1790323577.8731,const,23.3934,7.5596,0.374,0.2,2.6,-1,24.239,-0.3349,21.331,2631,-6.54,51.1,13.8,39,1438,5.54,-58.400000000000006,14.3,40,24.699,-0.46,0,
B-C-low-3,0.43683,1790323577.8751,const,23.3934,7.5596,0.374,0.2,2.6,-1,24.2,-0.3346,21.337,2630,-7.04,50.2,13.8,39,1440,6.54,-55.900000000000006,14.3,40,24.622,-0.422,0,
B-C-low-3,0.43883,1790323577.8771,const,23.3934,7.5596,0.374,0.2,2.6,-1,24.162,-0.3345,21.344,2629,-7.04,51.0,13.8,39,1440,6.04,-57.5,14.3,40,24.622,-0.46,0,
B-C-low-3,0.44083,1790323577.8791,const,23.3934,7.5596,0.374,0.2,2.6,-1,24.124,-0.335,21.35,2628,-7.04,51.0,13.8,39,1441,6.04,-57.5,14.3,40,24.584,-0.46,0,
B-C-low-3,0.44283,1790323577.8811,const,23.3934,7.5596,0.374,0.2,2.6,-1,24.085,-0.3345,21.357,2627,-7.04,51.0,13.8,39,1441,5.54,-59.2,14.3,40,24.584,-0.499,0,
B-C-low-3,0.44483,1790323577.8831,const,23.3934,7.5596,0.374,0.2,2.6,-1,24.047,-0.3348,21.363,2626,-7.04,51.0,13.8,39,1443,6.04,-57.5,14.3,40,24.507,-0.46,0,
B-C-low-3,0.44683,1790323577.8851,const,23.3934,7.5596,0.374,0.2,2.6,-1,24.009,-0.3344,21.369,2625,-7.55,50.1,13.8,39,1443,6.04,-58.300000000000004,14.3,40,24.507,-0.499,0,
B-C-low-3,0.44883,1790323577.8871,const,23.3934,7.5596,0.374,0.2,2.6,-1,23.97,-0.3347,21.376,2624,-7.55,50.1,13.8,39,1444,6.04,-58.300000000000004,14.3,40,24.469,-0.499,0,
B-C-low-3,0.45083,1790323577.8891,const,23.3934,7.5596,0.374,0.2,2.6,-1,23.893,-0.6695,21.389,2622,-7.55,50.1,13.8,39,1446,6.54,-56.7,14.3,40,24.392,-0.499,0,
B-C-low-3,0.45283,1790323577.8911,const,23.3934,7.5596,0.374,0.2,2.6,-1,23.893,0.0,21.389,2622,-6.54,52.7,13.8,39,1446,6.04,-58.300000000000004,14.3,40,24.392,-0.499,0,
B-C-low-3,0.45483,1790323577.8931,const,23.3934,7.5596,0.374,0.2,2.6,-1,23.855,-0.3345,21.395,2621,-7.04,51.800000000000004,13.8,39,1447,6.54,-57.5,14.3,40,24.354,-0.499,0,
B-C-low-3,0.45683,1790323577.8951,const,23.3934,7.5596,0.374,0.2,2.6,-1,23.817,-0.3352,21.401,2620,-6.54,53.5,13.8,39,1448,6.04,-59.1,14.3,40,24.315,-0.499,0,
B-C-low-3,0.45883,1790323577.8971,const,23.3934,7.5596,0.374,0.2,2.6,-1,23.778,-0.3343,21.407,2619,-6.54,53.5,13.8,39,1449,6.54,-58.300000000000004,14.3,40,24.277,-0.499,0,
B-C-low-3,0.46083,1790323577.8991,const,23.3934,7.5596,0.374,0.2,2.6,-1,23.74,-0.3347,21.414,2618,-6.54,53.5,13.8,39,1451,7.04,-56.6,14.3,40,24.2,-0.46,0,
B-C-low-3,0.46283,1790323577.9011,const,23.3934,7.5596,0.374,0.2,2.6,-1,23.702,-0.3348,21.42,2617,-6.54,53.5,13.8,39,1451,6.54,-58.300000000000004,14.3,40,24.2,-0.499,0,
B-C-low-3,0.46483,1790323577.9031,const,23.3934,7.5596,0.374,0.2,2.6,-1,23.663,-0.3344,21.426,2616,-6.54,53.5,13.8,39,1453,7.55,-55.7,14.3,40,24.124,-0.46,0,
B-C-low-3,0.46683,1790323577.9051,const,23.3934,7.5596,0.374,0.2,2.6,-1,23.625,-0.3351,21.433,2615,-7.04,53.400000000000006,13.8,39,1454,7.04,-57.400000000000006,14.3,40,24.085,-0.46,0,
B-C-low-3,0.46883,1790323577.9071,const,23.3934,7.5596,0.374,0.2,2.6,-1,23.587,-0.3344,21.439,2614,-6.54,54.300000000000004,13.8,39,1455,7.55,-56.5,14.3,40,24.047,-0.46,0,
B-C-low-3,0.47083,1790323577.9091,const,23.3934,7.5596,0.374,0.2,2.6,-1,23.548,-0.3348,21.445,2613,-7.04,53.400000000000006,13.8,39,1455,7.04,-58.2,14.3,40,24.047,-0.499,0,
B-C-low-3,0.47283,1790323577.9111,const,23.3934,7.5596,0.374,0.2,2.6,-1,23.51,-0.3347,21.451,2612,-7.04,53.400000000000006,13.8,39,1456,7.04,-58.2,14.3,40,24.009,-0.499,0,
B-C-low-3,0.47483,1790323577.9131,const,23.3934,7.5596,0.374,0.2,2.6,-1,23.472,-0.3348,21.458,2611,-6.54,54.300000000000004,13.8,39,1457,7.04,-58.2,14.3,40,23.97,-0.499,0,
B-C-low-3,0.47683,1790323577.9151,const,23.3934,7.5596,0.374,0.2,2.6,-1,23.472,0.0,21.458,2611,-7.04,53.400000000000006,13.8,39,1458,7.04,-58.2,14.3,40,23.932,-0.46,0,
B-C-low-3,0.47883,1790323577.9171,const,23.3934,7.5596,0.374,0.2,2.6,-1,23.433,-0.3349,21.464,2610,-7.04,53.400000000000006,13.8,39,1459,7.04,-58.2,14.3,40,23.893,-0.46,0,
B-C-low-3,0.48083,1790323577.9192,const,23.3934,7.5596,0.374,0.2,2.6,-1,23.357,-0.6688,21.476,2608,-7.04,53.400000000000006,13.8,39,1460,7.04,-58.2,14.3,40,23.855,-0.499,0,
B-C-low-3,0.48283,1790323577.9211,const,23.3934,7.5596,0.374,0.2,2.6,-1,23.318,-0.3348,21.483,2607,-7.04,53.400000000000006,13.8,39,1461,7.55,-57.300000000000004,14.3,40,23.817,-0.499,0,
B-C-low-3,0.48483,1790323577.9231,const,23.3934,7.5596,0.374,0.2,2.6,-1,23.318,0.0,21.483,2607,-7.04,54.2,15.3,39,1462,7.04,-59.0,14.3,40,23.778,-0.46,0,
B-C-low-3,0.48683,1790323577.9252,const,23.3934,7.5596,0.374,0.2,2.6,-1,23.241,-0.6688,21.495,2605,-7.55,52.5,15.3,39,1462,6.54,-60.7,14.3,40,23.778,-0.537,0,
B-C-low-3,0.48883,1790323577.9271,const,23.3934,7.5596,0.374,0.2,2.6,-1,23.203,-0.3349,21.501,2604,-7.04,54.2,15.3,39,1463,6.54,-60.7,14.3,40,23.74,-0.537,0,
B-C-low-3,0.49081,1790323577.9291,const,23.3934,7.5596,0.374,0.2,2.6,-1,23.203,0.0,21.501,2604,-7.04,55.0,15.3,39,1464,6.54,-60.7,14.3,40,23.702,-0.499,0,
B-C-low-3,0.49281,1790323577.9311,const,23.3934,7.5596,0.374,0.2,2.6,-1,23.165,-0.3342,21.507,2603,-7.04,55.0,15.3,39,1465,6.54,-60.7,14.3,40,23.663,-0.499,0,
B-C-low-3,0.49481,1790323577.9331,const,23.3934,7.5596,0.374,0.2,2.6,-1,23.126,-0.3351,21.513,2602,-7.04,55.0,15.3,39,1466,6.54,-60.7,14.3,40,23.625,-0.499,0,
B-C-low-3,0.49681,1790323577.9351,const,23.3934,7.5596,0.374,0.2,2.6,-1,23.088,-0.3346,21.52,2601,-7.04,55.0,15.3,39,1467,6.54,-60.7,14.3,40,23.587,-0.499,0,
B-C-low-3,0.49881,1790323577.9371,const,23.3934,7.5596,0.374,0.2,2.6,-1,23.05,-0.3347,21.526,2600,-6.54,55.900000000000006,15.3,39,1469,7.04,-59.0,14.3,40,23.51,-0.46,0,
B-C-low-3,0.50081,1790323577.9391,const,23.3934,7.5596,0.374,0.2,2.6,-1,23.011,-0.3351,21.532,2599,-6.54,55.900000000000006,15.3,39,1470,7.04,-59.0,14.3,40,23.472,-0.46,0,
B-C-low-3,0.50281,1790323577.9411,const,23.3934,7.5596,0.374,0.2,2.6,-1,22.973,-0.3343,21.538,2598,-7.04,55.0,15.3,39,1470,7.04,-59.800000000000004,14.3,40,23.472,-0.499,0,
B-C-low-3,0.50481,1790323577.9431,const,23.3934,7.5596,0.374,0.2,2.6,-1,22.935,-0.3345,21.544,2597,-7.04,55.800000000000004,15.3,39,1472,7.55,-58.1,14.3,40,23.395,-0.46,0,
B-C-low-3,0.50681,1790323577.9451,const,23.3934,7.5596,0.374,0.2,2.6,-1,22.858,-0.6697,21.556,2595,-7.55,54.1,15.3,39,1473,7.55,-58.900000000000006,14.3,40,23.357,-0.499,0,
B-C-low-3,0.50881,1790323577.9471,const,23.3934,7.5596,0.374,0.2,2.6,-1,22.82,-0.3345,21.562,2594,-7.55,54.1,15.3,39,1474,7.55,-58.900000000000006,14.3,40,23.318,-0.499,0,
B-C-low-3,0.51081,1790323577.9491,const,23.3934,7.5596,0.374,0.2,2.6,-1,22.781,-0.3349,21.568,2593,-7.55,54.1,15.3,39,1476,8.05,-57.2,14.3,40,23.241,-0.46,0,
B-C-low-3,0.51281,1790323577.9511,const,23.3934,7.5596,0.374,0.2,2.6,-1,22.743,-0.3347,21.574,2592,-7.55,54.1,15.3,39,1476,7.55,-58.900000000000006,14.3,40,23.241,-0.499,0,
B-C-low-3,0.51481,1790323577.9531,const,23.3934,7.5596,0.374,0.2,2.6,-1,22.666,-0.6693,21.587,2590,-8.05,52.400000000000006,15.3,39,1477,7.55,-58.900000000000006,14.3,40,23.203,-0.537,0,
B-C-low-3,0.51681,1790323577.9551,const,23.3934,7.5596,0.374,0.2,2.6,-1,22.628,-0.3347,21.593,2589,-8.05,53.2,15.3,39,1479,8.05,-57.2,14.3,40,23.126,-0.499,0,
B-C-low-3,0.51881,1790323577.9571,const,23.3934,7.5596,0.374,0.2,2.6,-1,22.589,-0.3346,21.599,2588,-8.05,53.2,15.3,39,1480,8.55,-56.400000000000006,14.3,40,23.088,-0.499,0,
B-C-low-3,0.52081,1790323577.9591,const,23.3934,7.5596,0.374,0.2,2.6,-1,22.551,-0.3348,21.605,2587,-8.05,53.2,15.3,39,1481,8.05,-57.2,14.3,40,23.05,-0.499,0,
B-C-low-3,0.52281,1790323577.9611,const,23.3934,7.5596,0.374,0.2,2.6,-1,22.474,-0.6697,21.617,2585,-9.06,50.7,15.3,39,1483,9.06,-54.7,14.3,40,22.973,-0.499,0,
B-C-low-3,0.52481,1790323577.9631,const,23.3934,7.5596,0.374,0.2,2.6,-1,22.436,-0.3345,21.623,2584,-9.06,50.7,15.3,39,1484,8.55,-56.400000000000006,14.3,40,22.935,-0.499,0,
B-C-low-3,0.52681,1790323577.9651,const,23.3934,7.5596,0.374,0.2,2.6,-1,22.398,-0.3346,21.629,2583,-8.55,51.6,15.3,39,1485,8.55,-56.400000000000006,14.3,40,22.896,-0.499,0,
B-C-low-3,0.52882,1790323577.9671,const,23.3934,7.5596,0.374,0.2,2.6,-1,22.321,-0.6688,21.64,2581,-9.56,49.0,15.3,39,1487,9.06,-54.7,14.3,40,22.82,-0.499,0,
B-C-low-3,0.53081,1790323577.9691,const,23.3934,7.5596,0.374,0.2,2.6,-1,22.244,-0.67,21.652,2579,-9.56,48.2,15.3,39,1488,9.06,-54.7,14.3,40,22.781,-0.537,0,
B-C-low-3,0.53281,1790323577.9711,const,23.3934,7.5596,0.374,0.2,2.6,-1,22.206,-0.3348,21.658,2578,-9.56,48.2,15.3,39,1490,9.56,-53.0,14.3,40,22.705,-0.499,0,
B-C-low-3,0.53581,1790323577.9741,const,23.3934,7.5596,0.374,0.2,2.6,-1,22.168,-0.2236,21.664,2577,-9.56,48.2,15.3,39,1491,9.56,-53.0,14.3,40,22.666,-0.499,0,
B-C-low-3,0.53681,1790323577.9751,const,23.3934,7.5596,0.374,0.2,2.6,-1,22.091,-1.3303,21.676,2575,-10.06,46.5,15.3,39,1493,10.06,-51.300000000000004,14.3,40,22.589,-0.499,0,
B-C-low-3,0.53881,1790323577.9771,const,23.3934,7.5596,0.374,0.2,2.6,-1,22.014,-0.6693,21.688,2573,-10.06,46.5,15.3,39,1495,10.06,-50.5,14.3,40,22.513,-0.499,0,
B-C-low-3,0.54081,1790323577.9791,const,23.3934,7.5596,0.374,0.2,2.6,-1,21.976,-0.3347,21.694,2572,-10.57,45.7,15.3,39,1496,10.06,-50.5,14.3,40,22.474,-0.499,0,
B-C-low-3,0.54281,1790323577.9811,const,23.3934,7.5596,0.374,0.2,2.6,-1,21.899,-0.6693,21.705,2570,-10.57,44.900000000000006,15.3,39,1497,10.06,-50.5,14.3,40,22.436,-0.537,0,
B-C-low-3,0.54481,1790323577.9831,const,23.3934,7.5596,0.374,0.2,2.6,-1,21.861,-0.3348,21.711,2569,-10.57,44.900000000000006,15.3,39,1498,10.57,-49.7,14.3,40,22.398,-0.537,0,
B-C-low-3,0.54681,1790323577.9851,const,23.3934,7.5596,0.374,0.2,2.6,-1,21.822,-0.3346,21.717,2568,-10.57,44.900000000000006,15.3,39,1500,10.57,-48.900000000000006,14.3,40,22.321,-0.499,0,
B-C-low-3,0.54881,1790323577.9871,const,23.3934,7.5596,0.374,0.2,2.6,-1,21.746,-0.669,21.729,2566,-10.57,44.900000000000006,15.3,39,1502,10.57,-48.900000000000006,14.3,40,22.244,-0.499,0,
B-C-low-3,0.55081,1790323577.9891,const,23.3934,7.5596,0.374,0.2,2.6,-1,21.707,-0.3348,21.734,2565,-10.57,44.900000000000006,15.3,39,1503,10.57,-48.900000000000006,14.3,40,22.206,-0.499,0,
B-C-low-3,0.55281,1790323577.9911,const,23.3934,7.5596,0.374,0.2,2.6,-1,21.669,-0.3346,21.74,2564,-10.06,45.7,15.3,39,1504,10.57,-48.900000000000006,14.3,40,22.168,-0.499,0,
B-C-low-3,0.55481,1790323577.9931,const,23.3934,7.5596,0.374,0.2,2.6,-1,21.592,-0.6697,21.752,2562,-10.57,44.1,15.3,39,1505,10.57,-48.900000000000006,14.3,40,22.129,-0.537,0,
B-C-low-3,0.55682,1790323577.9951,const,23.3934,7.5596,0.374,0.2,2.6,-1,21.554,-0.3338,21.757,2561,-10.06,44.900000000000006,15.3,39,1507,10.57,-48.1,14.3,40,22.053,-0.499,0,
B-C-low-3,0.55881,1790323577.9971,const,23.3934,7.5596,0.374,0.2,2.6,-1,21.477,-0.6708,21.769,2559,-10.57,43.300000000000004,15.3,39,1509,10.57,-47.300000000000004,14.3,40,21.976,-0.499,0,
B-C-low-3,0.56081,1790323577.9991,const,23.3934,7.5596,0.374,0.2,2.6,-1,21.439,-0.3347,21.775,2558,-10.57,43.300000000000004,15.3,39,1510,10.57,-47.300000000000004,14.3,40,21.938,-0.499,0,
B-C-low-3,0.56281,1790323578.0011,const,23.3934,7.5596,0.374,0.2,2.6,-1,21.401,-0.3346,21.78,2557,-10.06,44.1,15.3,39,1511,10.57,-47.300000000000004,14.3,40,21.899,-0.499,0,
B-C-low-3,0.56481,1790323578.0031,const,23.3934,7.5596,0.374,0.2,2.6,-1,21.362,-0.3346,21.786,2556,-10.06,44.1,15.3,39,1513,10.57,-46.5,14.3,40,21.822,-0.46,0,
B-C-low-3,0.56681,1790323578.0051,const,23.3934,7.5596,0.374,0.2,2.6,-1,21.324,-0.335,21.792,2555,-10.06,44.1,15.3,39,1514,10.06,-48.1,14.3,40,21.784,-0.46,0,
B-C-low-3,0.56881,1790323578.0071,const,23.3934,7.5596,0.374,0.2,2.6,-1,21.247,-0.6689,21.803,2553,-10.06,43.300000000000004,15.3,39,1515,10.06,-48.1,14.3,40,21.746,-0.499,0,
B-C-low-3,0.57081,1790323578.0091,const,23.3934,7.5596,0.374,0.2,2.6,-1,21.209,-0.3348,21.809,2552,-9.56,45.0,15.3,39,1516,9.56,-49.0,14.3,40,21.707,-0.499,0,
B-C-low-3,0.57281,1790323578.0111,const,23.3934,7.5596,0.374,0.2,2.6,-1,21.132,-0.669,21.82,2550,-10.06,43.300000000000004,15.3,39,1518,10.06,-47.300000000000004,14.3,40,21.631,-0.499,0,
B-C-low-3,0.57481,1790323578.0131,const,23.3934,7.5596,0.374,0.2,2.6,-1,21.094,-0.3348,21.826,2549,-10.06,43.300000000000004,15.3,39,1519,10.06,-47.300000000000004,14.3,40,21.592,-0.499,0,
B-C-low-3,0.57681,1790323578.0151,const,23.3934,7.5596,0.374,0.2,2.6,-1,21.055,-0.3346,21.831,2548,-10.06,43.300000000000004,15.3,39,1520,9.56,-48.2,14.3,40,21.554,-0.499,0,
B-C-low-3,0.57981,1790323578.0181,const,23.3934,7.5596,0.374,0.2,2.6,-1,21.017,-0.2235,21.837,2547,-9.56,44.2,15.3,39,1520,9.06,-49.900000000000006,14.3,40,21.554,-0.537,0,
B-C-low-3,0.58082,1790323578.0191,const,23.3934,7.5596,0.374,0.2,2.6,-1,20.979,-0.6656,21.843,2546,-9.06,45.900000000000006,15.3,39,1522,9.06,-49.900000000000006,14.3,40,21.477,-0.499,0,
B-C-low-3,0.58282,1790323578.0211,const,23.3934,7.5596,0.374,0.2,2.6,-1,20.94,-0.3347,21.848,2545,-9.06,45.900000000000006,15.3,39,1523,9.06,-49.900000000000006,14.3,40,21.439,-0.499,0,
B-C-low-3,0.58481,1790323578.0231,const,23.3934,7.5596,0.374,0.2,2.6,-1,20.902,-0.3348,21.854,2544,-9.06,45.900000000000006,15.3,39,1525,9.56,-48.2,14.3,40,21.362,-0.46,0,
B-C-low-3,0.58682,1790323578.0251,const,23.3934,7.5596,0.374,0.2,2.6,-1,20.864,-0.3346,21.859,2543,-9.06,45.900000000000006,15.3,39,1525,9.06,-49.900000000000006,14.3,40,21.362,-0.499,0,
B-C-low-3,0.58881,1790323578.0271,const,23.3934,7.5596,0.374,0.2,2.6,-1,20.825,-0.335,21.865,2542,-8.55,46.800000000000004,15.3,39,1527,9.06,-49.1,14.3,40,21.286,-0.46,0,
B-C-low-3,0.59082,1790323578.0291,const,23.3934,7.5596,0.374,0.2,2.6,-1,20.787,-0.3344,21.871,2541,-8.05,47.6,15.3,39,1528,9.06,-49.1,14.3,40,21.247,-0.46,0,
B-C-low-3,0.59282,1790323578.0311,const,23.3934,7.5596,0.374,0.2,2.6,-1,20.749,-0.3346,21.876,2540,-8.05,47.6,15.3,39,1529,8.55,-50.0,14.3,40,21.209,-0.46,0,
B-C-low-3,0.59482,1790323578.0331,const,23.3934,7.5596,0.374,0.2,2.6,-1,20.71,-0.3346,21.882,2539,-8.05,47.6,15.3,39,1530,8.55,-50.0,14.3,40,21.17,-0.46,0,
B-C-low-3,0.59681,1790323578.0351,const,23.3934,7.5596,0.374,0.2,2.6,-1,20.634,-0.6699,21.893,2537,-8.55,46.0,15.3,39,1532,9.06,-48.300000000000004,14.3,40,21.094,-0.46,0,
B-C-low-3,0.59881,1790323578.0371,const,23.3934,7.5596,0.374,0.2,2.6,-1,20.595,-0.3347,21.898,2536,-8.05,47.6,15.3,39,1534,9.06,-48.300000000000004,14.3,40,21.017,-0.422,0,
B-C-low-3,0.60082,1790323578.0391,const,23.3934,7.5596,0.374,0.2,2.6,-1,20.557,-0.3344,21.904,2535,-8.05,47.6,15.4,39,1536,9.06,-48.300000000000004,13.4,40,20.94,-0.384,0,
B-C-low-3,0.60282,1790323578.0411,const,23.3934,7.5596,0.374,0.2,2.6,-1,20.518,-0.3348,21.909,2534,-8.05,47.6,15.4,39,1537,9.06,-48.300000000000004,13.4,40,20.902,-0.384,0,
B-C-low-3,0.60482,1790323578.0431,const,23.3934,7.5596,0.374,0.2,2.6,-1,20.442,-0.6693,21.92,2532,-8.55,46.0,15.4,39,1539,9.56,-46.6,13.4,40,20.825,-0.384,0,
B-C-low-3,0.60682,1790323578.0451,const,23.3934,7.5596,0.374,0.2,2.6,-1,20.403,-0.3347,21.926,2531,-8.05,46.800000000000004,15.4,39,1540,9.56,-46.6,13.4,40,20.787,-0.384,0,
B-C-low-3,0.60881,1790323578.0471,const,23.3934,7.5596,0.374,0.2,2.6,-1,20.365,-0.335,21.931,2530,-9.06,44.300000000000004,15.4,39,1541,9.06,-47.5,13.4,40,20.749,-0.384,0,
B-C-low-3,0.61081,1790323578.0491,const,23.3934,7.5596,0.374,0.2,2.6,-1,20.288,-0.6693,21.942,2528,-8.55,45.2,15.4,39,1542,9.06,-47.5,13.4,40,20.71,-0.422,0,
B-C-low-3,0.61282,1790323578.0511,const,23.3934,7.5596,0.374,0.2,2.6,-1,20.25,-0.3344,21.947,2527,-8.55,45.2,15.4,39,1543,9.06,-47.5,13.4,40,20.672,-0.422,0,
B-C-low-3,0.61482,1790323578.0531,const,23.3934,7.5596,0.374,0.2,2.6,-1,20.212,-0.3346,21.953,2526,-9.06,44.300000000000004,15.4,39,1545,9.56,-45.800000000000004,13.4,40,20.595,-0.384,0,
B-C-low-3,0.61682,1790323578.0551,const,23.3934,7.5596,0.374,0.2,2.6,-1,20.173,-0.3346,21.958,2525,-9.06,44.300000000000004,15.4,39,1547,9.56,-45.800000000000004,13.4,40,20.518,-0.345,0,
B-C-low-3,0.61882,1790323578.0571,const,23.3934,7.5596,0.374,0.2,2.6,-1,20.135,-0.3347,21.964,2524,-9.06,44.300000000000004,15.4,39,1548,9.56,-45.800000000000004,13.4,40,20.48,-0.345,0,
B-C-low-3,0.62081,1790323578.0591,const,23.3934,7.5596,0.374,0.2,2.6,-1,20.058,-0.6705,21.974,2522,-9.06,44.300000000000004,15.4,39,1549,9.56,-45.800000000000004,13.4,40,20.442,-0.384,0,
B-C-low-3,0.62282,1790323578.0611,const,23.3934,7.5596,0.374,0.2,2.6,-1,19.982,-0.6681,21.985,2520,-9.56,42.6,15.4,39,1550,9.56,-45.800000000000004,13.4,40,20.403,-0.422,0,
B-C-low-3,0.62482,1790323578.0631,const,23.3934,7.5596,0.374,0.2,2.6,-1,19.943,-0.3347,21.99,2519,-9.56,42.6,15.4,39,1551,9.56,-45.800000000000004,13.4,40,20.365,-0.422,0,
B-C-low-3,0.62682,1790323578.0651,const,23.3934,7.5596,0.374,0.2,2.6,-1,19.943,0.0,21.99,2519,-9.06,44.300000000000004,15.4,39,1552,9.06,-46.7,13.4,40,20.327,-0.384,0,
B-C-low-3,0.62882,1790323578.0671,const,23.3934,7.5596,0.374,0.2,2.6,-1,19.905,-0.3346,21.996,2518,-9.06,44.300000000000004,15.4,39,1554,9.56,-45.0,13.4,40,20.25,-0.345,0,
B-C-low-3,0.63082,1790323578.0691,const,23.3934,7.5596,0.374,0.2,2.6,-1,19.828,-0.6698,22.006,2516,-9.06,44.300000000000004,15.4,39,1556,9.56,-44.2,13.4,40,20.173,-0.345,0,
B-C-low-3,0.63282,1790323578.0711,const,23.3934,7.5596,0.374,0.2,2.6,-1,19.751,-0.6694,22.017,2514,-9.56,42.6,15.4,39,1557,9.56,-44.2,13.4,40,20.135,-0.384,0,
B-C-low-3,0.63482,1790323578.0731,const,23.3934,7.5596,0.374,0.2,2.6,-1,19.751,0.0,22.017,2514,-9.06,44.300000000000004,15.4,39,1558,9.56,-44.2,13.4,40,20.097,-0.345,0,
B-C-low-3,0.63682,1790323578.0751,const,23.3934,7.5596,0.374,0.2,2.6,-1,19.675,-0.67,22.028,2512,-9.56,42.6,15.4,39,1559,9.56,-44.2,13.4,40,20.058,-0.384,0,
B-C-low-3,0.63882,1790323578.0771,const,23.3934,7.5596,0.374,0.2,2.6,-1,19.636,-0.3344,22.033,2511,-9.06,43.5,15.4,39,1561,9.56,-44.2,13.4,40,19.982,-0.345,0,
B-C-low-3,0.64082,1790323578.0791,const,23.3934,7.5596,0.374,0.2,2.6,-1,19.56,-0.6694,22.043,2509,-9.56,41.800000000000004,15.4,39,1561,9.06,-45.900000000000006,13.4,40,19.982,-0.422,0,
B-C-low-3,0.64282,1790323578.0811,const,23.3934,7.5596,0.374,0.2,2.6,-1,19.521,-0.3347,22.049,2508,-9.06,42.7,15.4,39,1562,8.55,-46.800000000000004,13.4,40,19.943,-0.422,0,
B-C-low-3,0.64482,1790323578.0831,const,23.3934,7.5596,0.374,0.2,2.6,-1,19.483,-0.3347,22.054,2507,-9.06,42.7,15.4,39,1564,9.06,-45.1,13.4,40,19.866,-0.384,0,
B-C-low-3,0.64682,1790323578.0851,const,23.3934,7.5596,0.374,0.2,2.6,-1,19.445,-0.3342,22.059,2506,-9.06,42.7,15.4,39,1564,8.55,-46.800000000000004,13.4,40,19.866,-0.422,0,
B-C-low-3,0.64883,1790323578.0871,const,23.3934,7.5596,0.374,0.2,2.6,-1,19.406,-0.3337,22.064,2505,-8.55,44.400000000000006,15.4,39,1565,8.55,-46.800000000000004,13.4,40,19.828,-0.422,0,
B-C-low-3,0.65082,1790323578.0891,const,23.3934,7.5596,0.374,0.2,2.6,-1,19.368,-0.3356,22.069,2504,-8.55,44.400000000000006,15.4,39,1567,9.06,-45.1,13.4,40,19.751,-0.384,0,
B-C-low-3,0.65282,1790323578.0911,const,23.3934,7.5596,0.374,0.2,2.6,-1,19.33,-0.3352,22.075,2503,-8.55,44.400000000000006,15.4,39,1568,8.55,-46.0,13.4,40,19.713,-0.384,0,
B-C-low-3,0.65482,1790323578.0931,const,23.3934,7.5596,0.374,0.2,2.6,-1,19.291,-0.3349,22.08,2502,-8.55,44.400000000000006,15.4,39,1569,8.55,-46.0,13.4,40,19.675,-0.384,0,
B-C-low-3,0.65682,1790323578.0951,const,23.3934,7.5596,0.374,0.2,2.6,-1,19.214,-0.6689,22.09,2500,-9.06,42.7,15.4,39,1569,7.55,-49.300000000000004,13.4,40,19.675,-0.46,0,
B-C-low-3,0.65882,1790323578.0971,const,23.3934,7.5596,0.374,0.2,2.6,-1,19.214,0.0,22.09,2500,-8.55,44.400000000000006,15.4,39,1570,8.05,-48.400000000000006,13.4,40,19.636,-0.422,0,
B-C-low-3,0.66082,1790323578.0991,const,23.3934,7.5596,0.374,0.2,2.6,-1,19.176,-0.3347,22.095,2499,-8.55,44.400000000000006,15.4,39,1571,7.55,-49.300000000000004,13.4,40,19.598,-0.422,0,
B-C-low-3,0.66282,1790323578.1011,const,23.3934,7.5596,0.374,0.2,2.6,-1,19.138,-0.335,22.1,2498,-8.05,46.0,15.4,39,1572,7.55,-49.300000000000004,13.4,40,19.56,-0.422,0,
B-C-low-3,0.66482,1790323578.1031,const,23.3934,7.5596,0.374,0.2,2.6,-1,19.061,-0.6691,22.111,2496,-8.55,44.400000000000006,15.4,39,1573,7.55,-49.300000000000004,13.4,40,19.521,-0.46,0,
B-C-low-3,0.66682,1790323578.1051,const,23.3934,7.5596,0.374,0.2,2.6,-1,19.061,0.0,22.111,2496,-8.05,46.0,15.4,39,1574,7.04,-50.2,13.4,40,19.483,-0.422,0,
B-C-low-3,0.66981,1790323578.1081,const,23.3934,7.5596,0.374,0.2,2.6,-1,18.984,-0.4476,22.121,2494,-8.05,46.0,15.4,39,1575,7.04,-50.2,13.4,40,19.445,-0.46,0,
B-C-low-3,0.67082,1790323578.1091,const,23.3934,7.5596,0.374,0.2,2.6,-1,18.946,-0.6629,22.126,2493,-7.55,46.900000000000006,15.4,39,1576,7.04,-50.2,13.4,40,19.406,-0.46,0,
B-C-low-3,0.67282,1790323578.1111,const,23.3934,7.5596,0.374,0.2,2.6,-1,18.908,-0.3346,22.131,2492,-7.55,46.900000000000006,15.4,39,1577,7.04,-50.2,13.4,40,19.368,-0.46,0,
B-C-low-3,0.67482,1790323578.1131,const,23.3934,7.5596,0.374,0.2,2.6,-1,18.869,-0.3348,22.136,2491,-7.04,47.800000000000004,15.4,39,1578,7.04,-50.2,13.4,40,19.33,-0.46,0,
B-C-low-3,0.67682,1790323578.1151,const,23.3934,7.5596,0.374,0.2,2.6,-1,18.831,-0.3348,22.141,2490,-7.04,47.800000000000004,15.4,39,1579,7.04,-50.2,13.4,40,19.291,-0.46,0,
B-C-low-3,0.67882,1790323578.1171,const,23.3934,7.5596,0.374,0.2,2.6,-1,18.831,0.0,22.141,2490,-7.04,48.6,15.4,39,1579,7.04,-51.0,13.4,40,19.291,-0.46,0,
B-C-low-3,0.68082,1790323578.1191,const,23.3934,7.5596,0.374,0.2,2.6,-1,18.754,-0.6702,22.151,2488,-7.04,48.6,15.4,39,1581,7.04,-51.0,13.4,40,19.214,-0.46,0,
B-C-low-3,0.68282,1790323578.1211,const,23.3934,7.5596,0.374,0.2,2.6,-1,18.716,-0.3346,22.156,2487,-7.04,48.6,15.4,39,1582,7.04,-51.0,13.4,40,19.176,-0.46,0,
B-C-low-3,0.68482,1790323578.1231,const,23.3934,7.5596,0.374,0.2,2.6,-1,18.716,0.0,22.156,2487,-6.54,50.300000000000004,15.4,39,1582,6.54,-52.7,13.4,40,19.176,-0.46,0,
B-C-low-3,0.68682,1790323578.1251,const,23.3934,7.5596,0.374,0.2,2.6,-1,18.639,-0.67,22.166,2485,-7.04,48.6,15.4,39,1583,7.04,-51.800000000000004,13.4,40,19.138,-0.499,0,
B-C-low-3,0.68882,1790323578.1271,const,23.3934,7.5596,0.374,0.2,2.6,-1,18.601,-0.3348,22.171,2484,-7.04,48.6,15.4,39,1584,6.54,-53.5,13.4,40,19.099,-0.499,0,
B-C-low-3,0.69082,1790323578.1291,const,23.3934,7.5596,0.374,0.2,2.6,-1,18.562,-0.3344,22.176,2483,-7.55,47.7,15.4,39,1585,6.54,-53.5,13.4,40,19.061,-0.499,0,
B-C-low-3,0.69282,1790323578.1311,const,23.3934,7.5596,0.374,0.2,2.6,-1,18.524,-0.3347,22.181,2482,-7.55,47.7,15.4,39,1586,6.54,-53.5,13.4,40,19.023,-0.499,0,
B-C-low-3,0.69482,1790323578.1331,const,23.3934,7.5596,0.374,0.2,2.6,-1,18.524,0.0,22.181,2482,-6.54,50.300000000000004,15.4,39,1587,6.54,-53.5,13.4,40,18.984,-0.46,0,
B-C-low-3,0.69682,1790323578.1351,const,23.3934,7.5596,0.374,0.2,2.6,-1,18.486,-0.3346,22.186,2481,-7.04,49.400000000000006,15.4,39,1588,7.04,-52.6,13.4,40,18.946,-0.46,0,
B-C-low-3,0.69882,1790323578.1371,const,23.3934,7.5596,0.374,0.2,2.6,-1,18.447,-0.335,22.191,2480,-7.55,48.5,15.4,39,1589,6.54,-53.5,13.4,40,18.908,-0.46,0,
B-C-low-3,0.70082,1790323578.1391,const,23.3934,7.5596,0.374,0.2,2.6,-1,18.409,-0.3345,22.196,2479,-7.04,50.2,15.4,39,1590,7.04,-52.6,13.4,40,18.869,-0.46,0,
B-C-low-3,0.70282,1790323578.1411,const,23.3934,7.5596,0.374,0.2,2.6,-1,18.371,-0.3348,22.201,2478,-6.54,51.1,15.4,39,1591,7.04,-52.6,13.4,40,18.831,-0.46,0,
B-C-low-3,0.70482,1790323578.1431,const,23.3934,7.5596,0.374,0.2,2.6,-1,18.332,-0.3345,22.206,2477,-7.04,50.2,15.4,39,1592,7.04,-52.6,13.4,40,18.793,-0.46,0,
B-C-low-3,0.70781,1790323578.1461,const,23.3934,7.5596,0.374,0.2,2.6,-1,18.294,-0.224,22.211,2476,-7.04,50.2,15.4,39,1594,7.55,-51.7,13.4,40,18.716,-0.422,0,
B-C-low-3,0.70981,1790323578.1481,const,23.3934,7.5596,0.374,0.2,2.6,-1,18.256,-0.3347,22.216,2475,-7.04,50.2,15.4,39,1595,7.04,-52.6,13.4,40,18.678,-0.422,0,
B-C-low-3,0.71181,1790323578.1501,const,23.3934,7.5596,0.374,0.2,2.6,-1,18.256,0.0,22.216,2475,-6.54,51.900000000000006,15.4,39,1596,7.55,-51.7,13.4,40,18.639,-0.384,0,
B-C-low-3,0.71282,1790323578.1511,const,23.3934,7.5596,0.374,0.2,2.6,-1,18.179,-1.3231,22.226,2473,-7.04,51.0,15.4,39,1596,7.04,-53.400000000000006,13.4,40,18.639,-0.46,0,
B-C-low-3,0.71482,1790323578.1531,const,23.3934,7.5596,0.374,0.2,2.6,-1,18.141,-0.3351,22.231,2472,-7.04,51.0,15.4,39,1598,7.55,-51.7,13.4,40,18.562,-0.422,0,
B-C-low-3,0.71682,1790323578.1551,const,23.3934,7.5596,0.374,0.2,2.6,-1,18.102,-0.3344,22.235,2471,-7.04,51.0,15.4,39,1598,7.55,-52.5,14.4,40,18.562,-0.46,0,
B-C-low-3,0.71882,1790323578.1571,const,23.3934,7.5596,0.374,0.2,2.6,-1,18.064,-0.3348,22.24,2470,-7.04,51.0,13.6,39,1599,7.55,-52.5,14.4,40,18.524,-0.46,0,
B-C-low-3,0.72082,1790323578.1591,const,23.3934,7.5596,0.374,0.2,2.6,-1,18.026,-0.335,22.245,2469,-7.04,51.0,13.6,39,1601,8.05,-50.800000000000004,14.4,40,18.447,-0.422,0,
B-C-low-3,0.72282,1790323578.1611,const,23.3934,7.5596,0.374,0.2,2.6,-1,17.949,-0.6687,22.255,2467,-7.55,49.300000000000004,13.6,39,1602,8.05,-50.800000000000004,14.4,40,18.409,-0.46,0,
B-C-low-3,0.72482,1790323578.1631,const,23.3934,7.5596,0.374,0.2,2.6,-1,17.949,0.0,22.255,2467,-7.04,51.0,13.6,39,1603,8.05,-50.800000000000004,14.4,40,18.371,-0.422,0,
B-C-low-3,0.72682,1790323578.1651,const,23.3934,7.5596,0.374,0.2,2.6,-1,17.911,-0.3343,22.26,2466,-7.04,51.0,13.6,39,1604,8.05,-50.800000000000004,14.4,40,18.332,-0.422,0,
B-C-low-3,0.72882,1790323578.1671,const,23.3934,7.5596,0.374,0.2,2.6,-1,17.834,-0.6705,22.269,2464,-7.55,49.300000000000004,13.6,39,1604,7.55,-52.5,14.4,40,18.332,-0.499,0,
B-C-low-3,0.73082,1790323578.1691,const,23.3934,7.5596,0.374,0.2,2.6,-1,17.795,-0.3344,22.274,2463,-7.55,50.1,13.6,39,1606,7.55,-52.5,14.4,40,18.256,-0.46,0,
B-C-low-3,0.73282,1790323578.1711,const,23.3934,7.5596,0.374,0.2,2.6,-1,17.757,-0.3345,22.279,2462,-8.05,49.2,13.6,39,1607,7.55,-52.5,14.4,40,18.217,-0.46,0,
B-C-low-3,0.73482,1790323578.1731,const,23.3934,7.5596,0.374,0.2,2.6,-1,17.719,-0.3348,22.284,2461,-7.55,50.1,13.6,39,1608,7.55,-52.5,14.4,40,18.179,-0.46,0,
B-C-low-3,0.73682,1790323578.1751,const,23.3934,7.5596,0.374,0.2,2.6,-1,17.719,0.0,22.284,2461,-7.55,50.900000000000006,13.6,39,1609,7.55,-52.5,14.4,40,18.141,-0.422,0,
B-C-low-3,0.73882,1790323578.1771,const,23.3934,7.5596,0.374,0.2,2.6,-1,17.68,-0.3347,22.288,2460,-7.55,51.7,13.6,39,1611,7.55,-51.7,14.4,40,18.064,-0.384,0,
B-C-low-3,0.74082,1790323578.1791,const,23.3934,7.5596,0.374,0.2,2.6,-1,17.642,-0.3346,22.293,2459,-7.04,52.6,13.6,39,1611,7.55,-52.5,14.4,40,18.064,-0.422,0,
B-C-low-3,0.74282,1790323578.1811,const,23.3934,7.5596,0.374,0.2,2.6,-1,17.565,-0.669,22.303,2457,-7.55,50.900000000000006,13.6,39,1612,7.55,-52.5,14.4,40,18.026,-0.46,0,
B-C-low-3,0.74482,1790323578.1831,const,23.3934,7.5596,0.374,0.2,2.6,-1,17.565,0.0,22.303,2457,-7.04,52.6,13.6,39,1613,7.55,-52.5,14.4,40,17.987,-0.422,0,
B-C-low-3,0.74682,1790323578.1851,const,23.3934,7.5596,0.374,0.2,2.6,-1,17.527,-0.3348,22.307,2456,-7.55,51.7,13.6,39,1614,7.55,-52.5,14.4,40,17.949,-0.422,0,
B-C-low-3,0.74882,1790323578.1871,const,23.3934,7.5596,0.374,0.2,2.6,-1,17.45,-0.6688,22.317,2454,-7.55,50.900000000000006,13.6,39,1615,7.55,-53.300000000000004,14.4,40,17.911,-0.46,0,
B-C-low-3,0.75082,1790323578.1891,const,23.3934,7.5596,0.374,0.2,2.6,-1,17.45,0.0,22.317,2454,-7.55,51.7,13.6,39,1616,7.55,-53.300000000000004,14.4,40,17.872,-0.422,0,
B-C-low-3,0.75282,1790323578.1911,const,23.3934,7.5596,0.374,0.2,2.6,-1,17.374,-0.6696,22.326,2452,-7.55,50.900000000000006,13.6,39,1617,7.55,-53.300000000000004,14.4,40,17.834,-0.46,0,
B-C-low-3,0.75482,1790323578.1931,const,23.3934,7.5596,0.374,0.2,2.6,-1,17.335,-0.3348,22.331,2451,-7.55,50.900000000000006,13.6,39,1617,7.04,-55.0,14.4,40,17.834,-0.499,0,
B-C-low-3,0.75781,1790323578.1961,const,23.3934,7.5596,0.374,0.2,2.6,-1,17.297,-0.2239,22.335,2450,-7.55,50.900000000000006,13.6,39,1618,7.04,-55.0,14.4,40,17.795,-0.499,0,
B-C-low-3,0.75982,1790323578.1981,const,23.3934,7.5596,0.374,0.2,2.6,-1,17.259,-0.3336,22.34,2449,-7.55,50.900000000000006,13.6,39,1618,6.54,-56.7,14.4,40,17.795,-0.537,0,
B-C-low-3,0.76181,1790323578.2001,const,23.3934,7.5596,0.374,0.2,2.6,-1,17.22,-0.3356,22.345,2448,-7.55,50.900000000000006,13.6,39,1619,6.54,-56.7,14.4,40,17.757,-0.537,0,
B-C-low-3,0.76282,1790323578.2011,const,23.3934,7.5596,0.374,0.2,2.6,-1,17.182,-0.6615,22.349,2447,-7.04,52.6,13.6,39,1620,6.54,-56.7,14.4,40,17.719,-0.537,0,
B-C-low-3,0.76526,1790323578.2036,const,23.3934,7.5596,0.374,0.2,2.6,-1,17.143,-0.2747,22.354,2446,-7.55,51.7,13.6,39,1621,6.54,-56.7,14.4,40,17.68,-0.537,0,
B-C-low-3,0.76681,1790323578.2051,const,23.3934,7.5596,0.374,0.2,2.6,-1,17.143,0.0,22.354,2446,-7.04,53.400000000000006,13.6,39,1622,6.04,-57.5,14.4,40,17.642,-0.499,0,
B-C-low-3,0.76882,1790323578.2071,const,23.3934,7.5596,0.374,0.2,2.6,-1,17.067,-0.6671,22.363,2444,-8.05,50.800000000000004,13.6,39,1623,6.04,-57.5,14.4,40,17.604,-0.537,0,
B-C-low-3,0.77083,1790323578.2091,const,23.3934,7.5596,0.374,0.2,2.6,-1,17.028,-0.3328,22.368,2443,-7.55,51.7,13.6,39,1624,6.04,-58.300000000000004,14.4,40,17.565,-0.537,0,
B-C-low-3,0.77282,1790323578.2111,const,23.3934,7.5596,0.374,0.2,2.6,-1,16.99,-0.3366,22.372,2442,-7.55,51.7,13.6,39,1624,5.54,-60.0,14.4,40,17.565,-0.575,0,
B-C-low-3,0.77482,1790323578.2131,const,23.3934,7.5596,0.374,0.2,2.6,-1,16.99,0.0,22.372,2442,-7.04,53.400000000000006,13.6,39,1625,5.54,-60.0,14.4,40,17.527,-0.537,0,
B-C-low-3,0.77682,1790323578.2151,const,23.3934,7.5596,0.374,0.2,2.6,-1,16.952,-0.3351,22.377,2441,-7.04,54.2,13.6,39,1626,5.54,-60.0,14.4,40,17.489,-0.537,0,
B-C-low-3,0.77882,1790323578.2171,const,23.3934,7.5596,0.374,0.2,2.6,-1,16.913,-0.3344,22.381,2440,-7.04,54.2,13.6,39,1627,6.04,-59.1,14.4,40,17.45,-0.537,0,
B-C-low-3,0.7808,1790323578.2191,const,23.3934,7.5596,0.374,0.2,2.6,-1,16.875,-0.3381,22.386,2439,-6.54,55.1,13.6,39,1628,6.04,-59.1,14.4,40,17.412,-0.537,0,
B-C-low-3,0.7828,1790323578.2211,const,23.3934,7.5596,0.374,0.2,2.6,-1,16.875,0.0,22.386,2439,-6.54,55.900000000000006,13.6,39,1629,6.04,-59.1,14.4,40,17.374,-0.499,0,
B-C-low-3,0.7848,1790323578.2231,const,23.3934,7.5596,0.374,0.2,2.6,-1,16.837,-0.3348,22.391,2438,-6.54,55.900000000000006,13.6,39,1630,6.04,-59.1,14.4,40,17.335,-0.499,0,
B-C-low-3,0.7868,1790323578.2251,const,23.3934,7.5596,0.374,0.2,2.6,-1,16.798,-0.3349,22.395,2437,-6.54,55.900000000000006,13.6,39,1632,7.04,-56.6,14.4,40,17.259,-0.46,0,
B-C-low-3,0.7888,1790323578.2271,const,23.3934,7.5596,0.374,0.2,2.6,-1,16.76,-0.3346,22.4,2436,-6.04,57.5,13.6,39,1632,6.54,-59.1,14.4,40,17.259,-0.499,0,
B-C-low-3,0.7908,1790323578.2291,const,23.3934,7.5596,0.374,0.2,2.6,-1,16.722,-0.3348,22.404,2435,-6.54,55.900000000000006,13.6,39,1634,7.04,-57.400000000000006,14.4,40,17.182,-0.46,0,
B-C-low-3,0.7928,1790323578.2311,const,23.3934,7.5596,0.374,0.2,2.6,-1,16.683,-0.3347,22.409,2434,-7.04,55.0,13.6,39,1635,7.55,-56.5,14.4,40,17.143,-0.46,0,
B-C-low-3,0.7948,1790323578.2331,const,23.3934,7.5596,0.374,0.2,2.6,-1,16.645,-0.3347,22.413,2433,-6.54,56.7,13.6,39,1636,7.55,-56.5,14.4,40,17.105,-0.46,0,
B-C-low-3,0.7968,1790323578.2351,const,23.3934,7.5596,0.374,0.2,2.6,-1,16.607,-0.3346,22.418,2432,-6.54,56.7,13.6,39,1636,7.04,-58.2,14.4,40,17.105,-0.499,0,
B-C-low-3,0.79981,1790323578.2381,const,23.3934,7.5596,0.374,0.2,2.6,-1,16.53,-0.4446,22.427,2430,-6.54,56.7,13.6,39,1637,7.55,-56.5,14.4,40,17.067,-0.537,0,
B-C-low-3,0.80181,1790323578.2401,const,23.3934,7.5596,0.374,0.2,2.6,-1,16.491,-0.3346,22.431,2429,-6.54,56.7,13.6,39,1638,7.55,-56.5,14.4,40,17.028,-0.537,0,
B-C-low-3,0.8028,1790323578.2411,const,23.3934,7.5596,0.374,0.2,2.6,-1,16.415,-1.3527,22.44,2427,-7.04,55.0,13.6,39,1639,7.04,-58.2,14.4,40,16.99,-0.575,0,
B-C-low-3,0.80481,1790323578.2431,const,23.3934,7.5596,0.374,0.2,2.6,-1,16.376,-0.3344,22.444,2426,-7.55,54.1,13.6,39,1641,8.05,-56.400000000000006,14.4,40,16.913,-0.537,0,
B-C-low-3,0.8068,1790323578.2451,const,23.3934,7.5596,0.374,0.2,2.6,-1,16.338,-0.335,22.449,2425,-7.55,54.1,13.6,39,1642,8.05,-56.400000000000006,14.4,40,16.875,-0.537,0,
B-C-low-3,0.8088,1790323578.2471,const,23.3934,7.5596,0.374,0.2,2.6,-1,16.3,-0.3346,22.453,2424,-7.55,54.1,13.6,39,1643,8.05,-56.400000000000006,14.4,40,16.837,-0.537,0,
B-C-low-3,0.8108,1790323578.2491,const,23.3934,7.5596,0.374,0.2,2.6,-1,16.261,-0.3349,22.457,2423,-7.55,54.1,13.6,39,1644,8.05,-56.400000000000006,14.4,40,16.798,-0.537,0,
B-C-low-3,0.8128,1790323578.2511,const,23.3934,7.5596,0.374,0.2,2.6,-1,16.185,-0.669,22.466,2421,-8.05,53.2,13.6,39,1646,8.05,-55.6,14.4,40,16.722,-0.537,0,
B-C-low-3,0.8148,1790323578.2531,const,23.3934,7.5596,0.374,0.2,2.6,-1,16.146,-0.3345,22.471,2420,-8.05,53.2,13.6,39,1646,7.55,-57.300000000000004,14.4,40,16.722,-0.575,0,
B-C-low-3,0.8168,1790323578.2551,const,23.3934,7.5596,0.374,0.2,2.6,-1,16.108,-0.335,22.475,2419,-8.55,52.400000000000006,13.6,39,1648,8.05,-55.6,14.4,40,16.645,-0.537,0,
B-C-low-3,0.8188,1790323578.2571,const,23.3934,7.5596,0.374,0.2,2.6,-1,16.07,-0.3345,22.479,2418,-8.55,52.400000000000006,13.6,39,1649,8.55,-54.800000000000004,14.4,40,16.607,-0.537,0,
B-C-low-3,0.8208,1790323578.2591,const,23.3934,7.5596,0.374,0.2,2.6,-1,16.031,-0.3348,22.484,2417,-8.05,54.0,13.6,39,1651,8.55,-54.800000000000004,14.4,40,16.53,-0.499,0,
B-C-low-3,0.8228,1790323578.2611,const,23.3934,7.5596,0.374,0.2,2.6,-1,15.993,-0.3346,22.488,2416,-8.05,54.0,13.6,39,1652,8.55,-54.800000000000004,14.4,40,16.491,-0.499,0,
B-C-low-3,0.8248,1790323578.2631,const,23.3934,7.5596,0.374,0.2,2.6,-1,15.916,-0.6696,22.497,2414,-8.55,52.400000000000006,13.6,39,1653,8.55,-54.800000000000004,14.4,40,16.453,-0.537,0,
B-C-low-3,0.8268,1790323578.2651,const,23.3934,7.5596,0.374,0.2,2.6,-1,15.878,-0.3346,22.501,2413,-8.55,52.400000000000006,13.6,39,1654,8.55,-54.800000000000004,14.4,40,16.415,-0.537,0,
B-C-low-3,0.8288,1790323578.2671,const,23.3934,7.5596,0.374,0.2,2.6,-1,15.839,-0.3346,22.505,2412,-8.55,52.400000000000006,13.6,39,1655,8.55,-54.800000000000004,14.4,40,16.376,-0.537,0,
B-C-low-3,0.8308,1790323578.2691,const,23.3934,7.5596,0.374,0.2,2.6,-1,15.801,-0.3353,22.509,2411,-8.05,53.2,13.6,39,1657,9.06,-53.1,14.4,40,16.3,-0.499,0,
B-C-low-3,0.8328,1790323578.2711,const,23.3934,7.5596,0.374,0.2,2.6,-1,15.724,-0.6696,22.518,2409,-8.55,51.6,13.6,39,1658,9.06,-53.1,14.4,40,16.261,-0.537,0,
B-C-low-3,0.8348,1790323578.2731,const,23.3934,7.5596,0.374,0.2,2.6,-1,15.686,-0.3344,22.522,2408,-8.55,51.6,15.7,39,1659,9.06,-53.1,14.3,40,16.223,-0.537,0,
B-C-low-3,0.8368,1790323578.2751,const,23.3934,7.5596,0.374,0.2,2.6,-1,15.648,-0.3348,22.526,2407,-9.06,50.7,15.7,39,1660,9.06,-53.1,14.3,40,16.185,-0.537,0,
B-C-low-3,0.83979,1790323578.2781,const,23.3934,7.5596,0.374,0.2,2.6,-1,15.609,-0.2239,22.531,2406,-8.55,51.6,15.7,39,1661,8.55,-54.800000000000004,14.3,40,16.146,-0.537,0,
B-C-low-3,0.8408,1790323578.2791,const,23.3934,7.5596,0.374,0.2,2.6,-1,15.533,-1.3256,22.539,2404,-9.06,49.900000000000006,15.7,39,1663,9.06,-53.1,14.3,40,16.07,-0.537,0,
B-C-low-3,0.84379,1790323578.2821,const,23.3934,7.5596,0.374,0.2,2.6,-1,15.533,0.0,22.539,2404,-8.55,51.6,15.7,39,1664,9.06,-53.1,14.3,40,16.031,-0.499,0,
B-C-low-3,0.8448,1790323578.2831,const,23.3934,7.5596,0.374,0.2,2.6,-1,15.456,-1.3234,22.547,2402,-9.06,50.7,15.7,39,1665,9.06,-53.1,14.3,40,15.993,-0.537,0,
B-C-low-3,0.84681,1790323578.2851,const,23.3934,7.5596,0.374,0.2,2.6,-1,15.418,-0.3343,22.551,2401,-9.06,50.7,15.7,39,1666,9.06,-53.1,14.3,40,15.955,-0.537,0,
B-C-low-3,0.8488,1790323578.2871,const,23.3934,7.5596,0.374,0.2,2.6,-1,15.379,-0.3348,22.556,2400,-9.06,50.7,15.7,39,1667,8.55,-54.0,14.3,40,15.916,-0.537,0,
B-C-low-3,0.85081,1790323578.2891,const,23.3934,7.5596,0.374,0.2,2.6,-1,15.341,-0.3346,22.56,2399,-9.06,50.7,15.7,39,1668,8.55,-54.0,14.3,40,15.878,-0.537,0,
B-C-low-3,0.85281,1790323578.2911,const,23.3934,7.5596,0.374,0.2,2.6,-1,15.264,-0.6692,22.568,2397,-9.06,50.7,15.7,39,1669,8.05,-54.800000000000004,14.3,40,15.839,-0.575,0,
B-C-low-3,0.8548,1790323578.2931,const,23.3934,7.5596,0.374,0.2,2.6,-1,15.226,-0.3348,22.572,2396,-9.06,50.7,15.7,39,1671,9.06,-52.300000000000004,14.3,40,15.763,-0.537,0,
B-C-low-3,0.8568,1790323578.2951,const,23.3934,7.5596,0.374,0.2,2.6,-1,15.188,-0.3347,22.576,2395,-9.06,50.7,15.7,39,1672,9.06,-52.300000000000004,14.3,40,15.724,-0.537,0,
B-C-low-3,0.8588,1790323578.2971,const,23.3934,7.5596,0.374,0.2,2.6,-1,15.149,-0.3348,22.58,2394,-8.55,51.6,15.7,39,1673,8.55,-53.2,14.3,40,15.686,-0.537,0,
B-C-low-3,0.8608,1790323578.2991,const,23.3934,7.5596,0.374,0.2,2.6,-1,15.072,-0.6694,22.589,2392,-9.56,49.0,15.7,39,1674,8.55,-53.2,14.3,40,15.648,-0.575,0,
B-C-low-3,0.8628,1790323578.3011,const,23.3934,7.5596,0.374,0.2,2.6,-1,15.034,-0.3347,22.593,2391,-9.06,49.900000000000006,15.7,39,1675,8.05,-54.800000000000004,14.3,40,15.609,-0.575,0,
B-C-low-3,0.8648,1790323578.3031,const,23.3934,7.5596,0.374,0.2,2.6,-1,14.996,-0.3357,22.597,2390,-8.55,50.800000000000004,15.7,39,1677,8.55,-53.2,14.3,40,15.533,-0.537,0,
B-C-low-3,0.86681,1790323578.3051,const,23.3934,7.5596,0.374,0.2,2.6,-1,14.957,-0.3333,22.601,2389,-8.55,50.800000000000004,15.7,39,1677,8.55,-54.0,14.3,40,15.533,-0.575,0,
B-C-low-3,0.86881,1790323578.3071,const,23.3934,7.5596,0.374,0.2,2.6,-1,14.881,-0.6694,22.609,2387,-9.06,49.1,15.7,39,1678,8.55,-54.0,14.3,40,15.494,-0.614,0,
B-C-low-3,0.87081,1790323578.3091,const,23.3934,7.5596,0.374,0.2,2.6,-1,14.881,0.0,22.609,2387,-8.55,51.6,15.7,39,1680,8.55,-53.2,14.3,40,15.418,-0.537,0,
B-C-low-3,0.87281,1790323578.3111,const,23.3934,7.5596,0.374,0.2,2.6,-1,14.842,-0.3344,22.613,2386,-8.05,52.400000000000006,15.7,39,1681,8.55,-53.2,14.3,40,15.379,-0.537,0,
B-C-low-3,0.87481,1790323578.3131,const,23.3934,7.5596,0.374,0.2,2.6,-1,14.766,-0.6697,22.621,2384,-9.06,49.900000000000006,15.7,39,1682,8.55,-53.2,14.3,40,15.341,-0.575,0,
B-C-low-3,0.8768,1790323578.3151,const,23.3934,7.5596,0.374,0.2,2.6,-1,14.766,0.0,22.621,2384,-8.05,52.400000000000006,15.7,39,1683,8.05,-54.0,14.3,40,15.303,-0.537,0,
B-C-low-3,0.87881,1790323578.3171,const,23.3934,7.5596,0.374,0.2,2.6,-1,14.727,-0.3343,22.625,2383,-8.05,52.400000000000006,15.7,39,1684,8.05,-54.0,14.3,40,15.264,-0.537,0,
B-C-low-3,0.88081,1790323578.3191,const,23.3934,7.5596,0.374,0.2,2.6,-1,14.689,-0.3349,22.629,2382,-8.05,52.400000000000006,15.7,39,1685,8.05,-54.800000000000004,14.3,40,15.226,-0.537,0,
B-C-low-3,0.88281,1790323578.3211,const,23.3934,7.5596,0.374,0.2,2.6,-1,14.651,-0.3348,22.633,2381,-8.05,52.400000000000006,15.7,39,1686,8.05,-54.800000000000004,14.3,40,15.188,-0.537,0,
B-C-low-3,0.88481,1790323578.3231,const,23.3934,7.5596,0.374,0.2,2.6,-1,14.612,-0.3346,22.637,2380,-7.55,53.300000000000004,15.7,39,1687,8.05,-54.800000000000004,14.3,40,15.149,-0.537,0,
B-C-low-3,0.88681,1790323578.3251,const,23.3934,7.5596,0.374,0.2,2.6,-1,14.574,-0.3342,22.641,2379,-7.55,53.300000000000004,15.7,39,1688,8.05,-54.800000000000004,14.3,40,15.111,-0.537,0,
B-C-low-3,0.8898,1790323578.3281,const,23.3934,7.5596,0.374,0.2,2.6,-1,14.536,-0.224,22.645,2378,-7.55,53.300000000000004,15.7,39,1689,8.05,-54.0,14.3,40,15.072,-0.537,0,
B-C-low-3,0.8918,1790323578.3301,const,23.3934,7.5596,0.374,0.2,2.6,-1,14.497,-0.3348,22.648,2377,-7.55,53.300000000000004,15.7,39,1690,7.55,-55.7,14.3,40,15.034,-0.537,0,
B-C-low-3,0.8938,1790323578.3321,const,23.3934,7.5596,0.374,0.2,2.6,-1,14.459,-0.3348,22.652,2376,-7.55,54.1,15.7,39,1692,8.55,-53.2,14.3,40,14.957,-0.499,0,
B-C-low-3,0.89481,1790323578.3331,const,23.3934,7.5596,0.374,0.2,2.6,-1,14.42,-0.6622,22.656,2375,-7.55,54.1,15.7,39,1693,8.05,-54.0,14.3,40,14.919,-0.499,0,
B-C-low-3,0.89681,1790323578.3351,const,23.3934,7.5596,0.374,0.2,2.6,-1,14.344,-0.6697,22.664,2373,-8.05,52.400000000000006,15.7,39,1695,8.55,-52.400000000000006,14.3,40,14.842,-0.499,0,
B-C-low-3,0.89881,1790323578.3371,const,23.3934,7.5596,0.374,0.2,2.6,-1,14.305,-0.3348,22.668,2372,-7.55,53.300000000000004,15.7,39,1696,8.55,-52.400000000000006,14.3,40,14.804,-0.499,0,
B-C-low-3,0.90081,1790323578.3391,const,23.3934,7.5596,0.374,0.2,2.6,-1,14.267,-0.3344,22.672,2371,-8.05,52.400000000000006,15.7,39,1696,8.05,-54.0,14.3,40,14.804,-0.537,0,
B-C-low-3,0.90281,1790323578.3411,const,23.3934,7.5596,0.374,0.2,2.6,-1,14.19,-0.6695,22.68,2369,-8.05,52.400000000000006,15.7,39,1698,8.55,-53.2,14.3,40,14.727,-0.537,0,
B-C-low-3,0.90481,1790323578.3431,const,23.3934,7.5596,0.374,0.2,2.6,-1,14.152,-0.3347,22.683,2368,-8.05,52.400000000000006,15.7,39,1699,8.55,-53.2,14.3,40,14.689,-0.537,0,
B-C-low-3,0.90681,1790323578.3451,const,23.3934,7.5596,0.374,0.2,2.6,-1,14.114,-0.3346,22.687,2367,-8.05,52.400000000000006,15.7,39,1701,9.06,-51.5,14.3,40,14.612,-0.499,0,
B-C-low-3,0.90881,1790323578.3471,const,23.3934,7.5596,0.374,0.2,2.6,-1,14.037,-0.6698,22.695,2365,-8.55,50.800000000000004,15.7,39,1702,9.06,-51.5,14.3,40,14.574,-0.537,0,
B-C-low-3,0.91081,1790323578.3491,const,23.3934,7.5596,0.374,0.2,2.6,-1,13.999,-0.3346,22.699,2364,-9.06,49.900000000000006,15.7,39,1703,9.06,-51.5,14.3,40,14.536,-0.537,0,
B-C-low-3,0.91281,1790323578.3511,const,23.3934,7.5596,0.374,0.2,2.6,-1,13.922,-0.6693,22.706,2362,-9.06,49.1,15.7,39,1704,9.06,-51.5,14.3,40,14.497,-0.575,0,
B-C-low-3,0.91481,1790323578.3531,const,23.3934,7.5596,0.374,0.2,2.6,-1,13.884,-0.3346,22.71,2361,-9.06,49.1,15.7,39,1706,9.06,-50.7,14.3,40,14.42,-0.537,0,
B-C-low-3,0.91681,1790323578.3551,const,23.3934,7.5596,0.374,0.2,2.6,-1,13.845,-0.335,22.714,2360,-9.06,49.1,15.7,39,1707,9.06,-50.7,14.3,40,14.382,-0.537,0,
B-C-low-3,0.91881,1790323578.3571,const,23.3934,7.5596,0.374,0.2,2.6,-1,13.807,-0.3344,22.717,2359,-9.06,49.1,15.7,39,1708,9.06,-50.7,14.3,40,14.344,-0.537,0,
B-C-low-3,0.92081,1790323578.3591,const,23.3934,7.5596,0.374,0.2,2.6,-1,13.73,-0.6699,22.725,2357,-9.56,48.2,15.7,39,1710,9.06,-50.7,14.3,40,14.267,-0.537,0,
B-C-low-3,0.92281,1790323578.3611,const,23.3934,7.5596,0.374,0.2,2.6,-1,13.692,-0.3344,22.729,2356,-9.56,48.2,15.7,39,1711,9.06,-50.7,14.3,40,14.229,-0.537,0,
B-C-low-3,0.92481,1790323578.3631,const,23.3934,7.5596,0.374,0.2,2.6,-1,13.653,-0.3347,22.732,2355,-10.06,46.5,15.7,39,1712,9.06,-50.7,14.3,40,14.19,-0.537,0,
B-C-low-3,0.92681,1790323578.3651,const,23.3934,7.5596,0.374,0.2,2.6,-1,13.615,-0.3346,22.736,2354,-9.06,49.1,15.7,39,1714,9.56,-49.0,14.3,40,14.114,-0.499,0,
B-C-low-3,0.92881,1790323578.3671,const,23.3934,7.5596,0.374,0.2,2.6,-1,13.538,-0.6699,22.743,2352,-10.06,46.5,15.7,39,1715,9.56,-49.0,14.3,40,14.075,-0.537,0,
B-C-low-3,0.9318,1790323578.3701,const,23.3934,7.5596,0.374,0.2,2.6,-1,13.5,-0.2239,22.747,2351,-9.56,47.400000000000006,15.7,39,1717,9.56,-49.0,14.3,40,13.999,-0.499,0,
B-C-low-3,0.9338,1790323578.3721,const,23.3934,7.5596,0.374,0.2,2.6,-1,13.462,-0.3344,22.751,2350,-9.56,47.400000000000006,15.7,39,1718,9.56,-49.0,14.3,40,13.96,-0.499,0,
B-C-low-3,0.93481,1790323578.3731,const,23.3934,7.5596,0.374,0.2,2.6,-1,13.385,-1.3228,22.758,2348,-10.06,46.5,15.7,39,1719,9.56,-49.0,14.3,40,13.922,-0.537,0,
B-C-low-3,0.93681,1790323578.3751,const,23.3934,7.5596,0.374,0.2,2.6,-1,13.347,-0.3348,22.761,2347,-9.56,47.400000000000006,15.7,39,1720,9.56,-49.0,14.3,40,13.884,-0.537,0,
B-C-low-3,0.93882,1790323578.3771,const,23.3934,7.5596,0.374,0.2,2.6,-1,13.27,-0.6644,22.769,2345,-10.06,45.7,15.7,39,1722,10.06,-47.300000000000004,14.3,40,13.807,-0.537,0,
B-C-low-3,0.94081,1790323578.3791,const,23.3934,7.5596,0.374,0.2,2.6,-1,13.232,-0.3377,22.772,2344,-9.56,46.6,15.7,39,1723,10.06,-47.300000000000004,14.3,40,13.768,-0.537,0,
B-C-low-3,0.94281,1790323578.3811,const,23.3934,7.5596,0.374,0.2,2.6,-1,13.193,-0.3347,22.776,2343,-9.56,46.6,15.7,39,1724,10.06,-47.300000000000004,14.3,40,13.73,-0.537,0,
B-C-low-3,0.94481,1790323578.3831,const,23.3934,7.5596,0.374,0.2,2.6,-1,13.116,-0.6689,22.783,2341,-10.06,44.900000000000006,15.7,39,1725,9.56,-48.2,14.3,40,13.692,-0.575,0,
B-C-low-3,0.94681,1790323578.3851,const,23.3934,7.5596,0.374,0.2,2.6,-1,13.078,-0.3345,22.787,2340,-9.56,45.800000000000004,15.7,39,1726,9.56,-48.2,14.3,40,13.653,-0.575,0,
B-C-low-3,0.94881,1790323578.3871,const,23.3934,7.5596,0.374,0.2,2.6,-1,13.04,-0.3346,22.79,2339,-9.56,45.800000000000004,15.7,39,1728,9.06,-49.1,14.3,40,13.577,-0.537,0,
B-C-low-3,0.95081,1790323578.3891,const,23.3934,7.5596,0.374,0.2,2.6,-1,12.963,-0.6693,22.797,2337,-10.06,44.1,15.8,39,1729,9.06,-49.1,14.5,40,13.538,-0.575,0,
B-C-low-3,0.95281,1790323578.3911,const,23.3934,7.5596,0.374,0.2,2.6,-1,12.925,-0.3351,22.801,2336,-9.56,45.800000000000004,15.8,39,1731,9.06,-49.1,14.5,40,13.462,-0.537,0,
B-C-low-3,0.95481,1790323578.3931,const,23.3934,7.5596,0.374,0.2,2.6,-1,12.886,-0.3346,22.804,2335,-9.56,45.800000000000004,15.8,39,1732,9.06,-49.1,14.5,40,13.423,-0.537,0,
B-C-low-3,0.95681,1790323578.3951,const,23.3934,7.5596,0.374,0.2,2.6,-1,12.848,-0.3346,22.808,2334,-9.56,45.800000000000004,15.8,39,1733,9.06,-49.1,14.5,40,13.385,-0.537,0,
B-C-low-3,0.95881,1790323578.3971,const,23.3934,7.5596,0.374,0.2,2.6,-1,12.81,-0.3346,22.811,2333,-9.06,46.7,15.8,39,1734,8.55,-50.0,14.5,40,13.347,-0.537,0,
B-C-low-3,0.96081,1790323578.3991,const,23.3934,7.5596,0.374,0.2,2.6,-1,12.771,-0.3347,22.815,2332,-9.06,46.7,15.8,39,1736,9.06,-48.300000000000004,14.5,40,13.27,-0.499,0,
B-C-low-3,0.96281,1790323578.4011,const,23.3934,7.5596,0.374,0.2,2.6,-1,12.733,-0.3347,22.818,2331,-8.55,47.6,15.8,39,1737,9.06,-48.300000000000004,14.5,40,13.232,-0.499,0,
B-C-low-3,0.96481,1790323578.4031,const,23.3934,7.5596,0.374,0.2,2.6,-1,12.695,-0.3345,22.821,2330,-8.55,47.6,15.8,39,1738,9.06,-48.300000000000004,14.5,40,13.193,-0.499,0,
B-C-low-3,0.96681,1790323578.4051,const,23.3934,7.5596,0.374,0.2,2.6,-1,12.656,-0.3348,22.825,2329,-8.55,47.6,15.8,39,1739,8.55,-49.2,14.5,40,13.155,-0.499,0,
B-C-low-3,0.96881,1790323578.4071,const,23.3934,7.5596,0.374,0.2,2.6,-1,12.618,-0.3347,22.828,2328,-8.55,47.6,15.8,39,1739,8.05,-50.800000000000004,14.5,40,13.155,-0.537,0,
B-C-low-3,0.97081,1790323578.4091,const,23.3934,7.5596,0.374,0.2,2.6,-1,12.58,-0.3347,22.832,2327,-8.05,49.2,15.8,39,1741,8.05,-50.800000000000004,14.5,40,13.078,-0.499,0,
B-C-low-3,0.97281,1790323578.4111,const,23.3934,7.5596,0.374,0.2,2.6,-1,12.541,-0.3347,22.835,2326,-8.05,49.2,15.8,39,1742,8.55,-50.0,14.5,40,13.04,-0.499,0,
B-C-low-3,0.97481,1790323578.4131,const,23.3934,7.5596,0.374,0.2,2.6,-1,12.503,-0.3349,22.839,2325,-8.05,49.2,15.8,39,1743,8.05,-50.800000000000004,14.5,40,13.001,-0.499,0,
B-C-low-3,0.97681,1790323578.4151,const,23.3934,7.5596,0.374,0.2,2.6,-1,12.464,-0.3343,22.842,2324,-7.55,50.1,15.8,39,1743,7.55,-52.5,14.5,40,13.001,-0.537,0,
B-C-low-3,0.97881,1790323578.4171,const,23.3934,7.5596,0.374,0.2,2.6,-1,12.426,-0.3348,22.845,2323,-7.55,50.1,15.8,39,1744,7.55,-52.5,14.5,40,12.963,-0.537,0,
B-C-low-3,0.9818,1790323578.4201,const,23.3934,7.5596,0.374,0.2,2.6,-1,12.388,-0.2239,22.849,2322,-7.55,50.1,15.8,39,1745,7.55,-52.5,14.5,40,12.925,-0.537,0,
B-C-low-3,0.9838,1790323578.4221,const,23.3934,7.5596,0.374,0.2,2.6,-1,12.349,-0.3344,22.852,2321,-7.55,50.1,15.8,39,1746,7.55,-52.5,14.5,40,12.886,-0.537,0,
B-C-low-3,0.98481,1790323578.4231,const,23.3934,7.5596,0.374,0.2,2.6,-1,12.311,-0.6631,22.855,2320,-7.55,50.900000000000006,15.8,39,1747,7.04,-53.400000000000006,14.5,40,12.848,-0.537,0,
B-C-low-3,0.98681,1790323578.4251,const,23.3934,7.5596,0.374,0.2,2.6,-1,12.273,-0.3351,22.859,2319,-7.55,50.900000000000006,15.8,39,1749,7.55,-51.7,14.5,40,12.771,-0.499,0,
B-C-low-3,0.98881,1790323578.4271,const,23.3934,7.5596,0.374,0.2,2.6,-1,12.234,-0.3344,22.862,2318,-7.55,50.900000000000006,15.8,39,1750,7.55,-51.7,14.5,40,12.733,-0.499,0,
B-C-low-3,0.99081,1790323578.4291,const,23.3934,7.5596,0.374,0.2,2.6,-1,12.196,-0.3346,22.865,2317,-7.55,50.900000000000006,15.8,39,1751,7.55,-51.7,14.5,40,12.695,-0.499,0,
B-C-low-3,0.99281,1790323578.4311,const,23.3934,7.5596,0.374,0.2,2.6,-1,12.196,0.0,22.865,2317,-7.04,52.6,15.8,39,1752,7.55,-51.7,14.5,40,12.656,-0.46,0,
B-C-low-3,0.99481,1790323578.4331,const,23.3934,7.5596,0.374,0.2,2.6,-1,12.119,-0.6697,22.872,2315,-7.04,51.800000000000004,15.8,39,1754,7.55,-51.7,14.5,40,12.58,-0.46,0,
B-C-low-3,0.99681,1790323578.4351,const,23.3934,7.5596,0.374,0.2,2.6,-1,12.081,-0.3346,22.875,2314,-7.55,50.900000000000006,15.8,39,1754,7.55,-52.5,14.5,40,12.58,-0.499,0,
B-C-low-3,0.99882,1790323578.4371,const,23.3934,7.5596,0.374,0.2,2.6,-1,12.043,-0.3335,22.878,2313,-7.04,51.800000000000004,15.8,39,1755,7.55,-52.5,14.5,40,12.541,-0.499,0,
B-C-low-3,1.00081,1790323578.4391,const,23.3934,7.5596,0.374,0.2,2.6,-1,12.004,-0.3356,22.882,2312,-7.04,51.800000000000004,15.8,39,1757,8.05,-50.800000000000004,14.5,40,12.464,-0.46,0,
B-C-low-3,1.00281,1790323578.4411,const,23.3934,7.5596,0.374,0.2,2.6,-1,11.928,-0.6695,22.888,2310,-7.55,50.900000000000006,15.8,39,1758,8.05,-50.800000000000004,14.5,40,12.426,-0.499,0,
B-C-low-3,1.00481,1790323578.4431,const,23.3934,7.5596,0.374,0.2,2.6,-1,11.889,-0.3347,22.891,2309,-7.55,50.900000000000006,15.8,39,1759,8.05,-50.800000000000004,14.5,40,12.388,-0.499,0,
B-C-low-3,1.00681,1790323578.4451,const,23.3934,7.5596,0.374,0.2,2.6,-1,11.851,-0.3347,22.895,2308,-8.05,50.0,15.8,39,1760,8.05,-50.800000000000004,14.5,40,12.349,-0.499,0,
B-C-low-3,1.00881,1790323578.4471,const,23.3934,7.5596,0.374,0.2,2.6,-1,11.812,-0.3349,22.898,2307,-7.55,50.900000000000006,15.8,39,1761,8.05,-50.800000000000004,14.5,40,12.311,-0.499,0,
B-C-low-3,1.01081,1790323578.4491,const,23.3934,7.5596,0.374,0.2,2.6,-1,11.774,-0.3345,22.901,2306,-8.05,50.0,15.8,39,1762,8.05,-50.800000000000004,14.5,40,12.273,-0.499,0,
B-C-low-3,1.01281,1790323578.4511,const,23.3934,7.5596,0.374,0.2,2.6,-1,11.736,-0.3345,22.904,2305,-8.05,50.0,15.8,39,1763,8.05,-51.6,14.5,40,12.234,-0.499,0,
B-C-low-3,1.01481,1790323578.4531,const,23.3934,7.5596,0.374,0.2,2.6,-1,11.697,-0.335,22.907,2304,-7.55,51.7,15.8,39,1764,8.05,-51.6,14.5,40,12.196,-0.499,0,
B-C-low-3,1.01681,1790323578.4551,const,23.3934,7.5596,0.374,0.2,2.6,-1,11.659,-0.3343,22.911,2303,-8.05,50.800000000000004,15.8,39,1765,8.05,-51.6,14.5,40,12.158,-0.499,0,
B-C-low-3,1.01881,1790323578.4571,const,23.3934,7.5596,0.374,0.2,2.6,-1,11.582,-0.67,22.917,2301,-8.55,49.2,15.8,39,1766,8.05,-51.6,14.5,40,12.119,-0.537,0,
B-C-low-3,1.0218,1790323578.4601,const,23.3934,7.5596,0.374,0.2,2.6,-1,11.544,-0.2238,22.92,2300,-8.55,49.2,15.8,39,1768,8.05,-50.800000000000004,14.5,40,12.043,-0.499,0,
B-C-low-3,1.0238,1790323578.4621,const,23.3934,7.5596,0.374,0.2,2.6,-1,11.506,-0.3348,22.923,2299,-8.55,49.2,15.8,39,1769,8.05,-50.800000000000004,14.5,40,12.004,-0.499,0,
B-C-low-3,1.0258,1790323578.4641,const,23.3934,7.5596,0.374,0.2,2.6,-1,11.467,-0.3347,22.926,2298,-8.55,49.2,15.8,39,1770,8.05,-50.800000000000004,14.5,40,11.966,-0.499,0,
B-C-low-3,1.02681,1790323578.4651,const,23.3934,7.5596,0.374,0.2,2.6,-1,11.429,-0.6623,22.929,2297,-8.05,50.0,15.8,39,1771,8.05,-50.800000000000004,14.5,40,11.928,-0.499,0,
B-C-low-3,1.02881,1790323578.4671,const,23.3934,7.5596,0.374,0.2,2.6,-1,11.391,-0.3346,22.933,2296,-8.55,49.2,15.8,39,1773,8.55,-49.2,14.5,40,11.851,-0.46,0,
B-C-low-3,1.03081,1790323578.4691,const,23.3934,7.5596,0.374,0.2,2.6,-1,11.391,0.0,22.933,2296,-7.55,51.7,15.8,39,1773,8.05,-50.800000000000004,14.5,40,11.851,-0.46,0,
B-C-low-3,1.03281,1790323578.4711,const,23.3934,7.5596,0.374,0.2,2.6,-1,11.314,-0.6691,22.939,2294,-8.05,50.0,15.8,39,1775,8.55,-49.2,14.5,40,11.774,-0.46,0,
B-C-low-3,1.03481,1790323578.4731,const,23.3934,7.5596,0.374,0.2,2.6,-1,11.276,-0.3346,22.942,2293,-8.05,50.800000000000004,15.8,39,1775,7.55,-52.5,14.5,40,11.774,-0.499,0,
B-C-low-3,1.03681,1790323578.4751,const,23.3934,7.5596,0.374,0.2,2.6,-1,11.237,-0.3347,22.945,2292,-7.55,51.7,15.8,39,1777,8.05,-50.800000000000004,14.5,40,11.697,-0.46,0,
B-C-low-3,1.03881,1790323578.4771,const,23.3934,7.5596,0.374,0.2,2.6,-1,11.199,-0.3347,22.948,2291,-7.55,51.7,15.8,39,1778,8.55,-50.0,14.5,40,11.659,-0.46,0,
B-C-low-3,1.04081,1790323578.4791,const,23.3934,7.5596,0.374,0.2,2.6,-1,11.161,-0.3347,22.951,2290,-7.55,51.7,15.8,39,1778,7.55,-52.5,14.5,40,11.659,-0.499,0,
B-C-low-3,1.04281,1790323578.4811,const,23.3934,7.5596,0.374,0.2,2.6,-1,11.122,-0.3349,22.954,2289,-7.55,51.7,15.8,39,1780,8.55,-50.0,14.5,40,11.582,-0.46,0,
B-C-low-3,1.04481,1790323578.4831,const,23.3934,7.5596,0.374,0.2,2.6,-1,11.045,-0.6683,22.96,2287,-8.05,50.0,15.8,39,1781,8.05,-51.6,14.5,40,11.544,-0.499,0,
B-C-low-3,1.04681,1790323578.4851,const,23.3934,7.5596,0.374,0.2,2.6,-1,11.007,-0.3353,22.963,2286,-8.05,50.800000000000004,15.8,39,1781,7.55,-53.300000000000004,14.5,40,11.544,-0.537,0,
B-C-low-3,1.04881,1790323578.4871,const,23.3934,7.5596,0.374,0.2,2.6,-1,11.007,0.0,22.963,2286,-7.55,52.5,15.8,39,1782,7.55,-53.300000000000004,14.5,40,11.506,-0.499,0,
B-C-low-3,1.05081,1790323578.4891,const,23.3934,7.5596,0.374,0.2,2.6,-1,10.93,-0.6694,22.969,2284,-8.05,50.800000000000004,15.8,39,1783,7.55,-53.300000000000004,14.5,40,11.467,-0.537,0,
B-C-low-3,1.05281,1790323578.4911,const,23.3934,7.5596,0.374,0.2,2.6,-1,10.93,0.0,22.969,2284,-7.04,53.400000000000006,15.8,39,1784,7.04,-54.2,14.5,40,11.429,-0.499,0,
B-C-low-3,1.05481,1790323578.4931,const,23.3934,7.5596,0.374,0.2,2.6,-1,10.892,-0.3345,22.972,2283,-7.55,52.5,15.8,39,1785,7.04,-54.2,14.5,40,11.391,-0.499,0,
B-C-low-3,1.05681,1790323578.4951,const,23.3934,7.5596,0.374,0.2,2.6,-1,10.854,-0.3347,22.975,2282,-7.55,52.5,15.8,39,1786,7.55,-53.300000000000004,14.5,40,11.352,-0.499,0,
B-C-low-3,1.05879,1790323578.4971,const,23.3934,7.5596,0.374,0.2,2.6,-1,10.815,-0.3382,22.978,2281,-7.55,52.5,15.8,39,1786,6.54,-55.900000000000006,14.5,40,11.352,-0.537,0,
B-C-low-3,1.06079,1790323578.4991,const,23.3934,7.5596,0.374,0.2,2.6,-1,10.777,-0.3348,22.981,2280,-7.55,52.5,15.8,39,1787,6.54,-55.900000000000006,14.5,40,11.314,-0.537,0,
B-C-low-3,1.0638,1790323578.5021,const,23.3934,7.5596,0.374,0.2,2.6,-1,10.777,0.0,22.981,2280,-6.54,55.1,15.8,39,1788,6.54,-56.7,14.5,40,11.276,-0.499,0,
B-C-low-3,1.0658,1790323578.5041,const,23.3934,7.5596,0.374,0.2,2.6,-1,10.739,-0.3342,22.984,2279,-7.04,54.2,15.8,39,1788,6.04,-58.300000000000004,14.5,40,11.276,-0.537,0,
B-C-low-3,1.06679,1790323578.5051,const,23.3934,7.5596,0.374,0.2,2.6,-1,10.7,-0.6777,22.987,2278,-6.54,55.900000000000006,13.7,39,1789,6.04,-58.300000000000004,13.5,40,11.237,-0.537,0,
B-C-low-3,1.06879,1790323578.5071,const,23.3934,7.5596,0.374,0.2,2.6,-1,10.662,-0.3346,22.989,2277,-6.54,55.900000000000006,13.7,39,1790,6.04,-58.300000000000004,13.5,40,11.199,-0.537,0,
B-C-low-3,1.07079,1790323578.5091,const,23.3934,7.5596,0.374,0.2,2.6,-1,10.624,-0.3347,22.992,2276,-7.04,55.0,13.7,39,1792,6.04,-58.300000000000004,13.5,40,11.122,-0.499,0,
B-C-low-3,1.0738,1790323578.5121,const,23.3934,7.5596,0.374,0.2,2.6,-1,10.585,-0.2224,22.995,2275,-6.54,55.900000000000006,13.7,39,1793,6.04,-58.300000000000004,13.5,40,11.084,-0.499,0,
B-C-low-3,1.07479,1790323578.5131,const,23.3934,7.5596,0.374,0.2,2.6,-1,10.585,0.0,22.995,2275,-6.04,57.5,13.7,39,1793,5.54,-60.0,13.5,40,11.084,-0.499,0,
B-C-low-3,1.07679,1790323578.5151,const,23.3934,7.5596,0.374,0.2,2.6,-1,10.547,-0.3348,22.998,2274,-6.04,57.5,13.7,39,1794,5.54,-60.0,13.5,40,11.045,-0.499,0,
B-C-low-3,1.07879,1790323578.5171,const,23.3934,7.5596,0.374,0.2,2.6,-1,10.47,-0.6687,23.004,2272,-6.54,55.900000000000006,13.7,39,1795,6.04,-59.1,13.5,40,11.007,-0.537,0,
B-C-low-3,1.08079,1790323578.5191,const,23.3934,7.5596,0.374,0.2,2.6,-1,10.47,0.0,23.004,2272,-6.04,57.5,13.7,39,1796,6.04,-59.1,13.5,40,10.969,-0.499,0,
B-C-low-3,1.08279,1790323578.5211,const,23.3934,7.5596,0.374,0.2,2.6,-1,10.393,-0.6695,23.009,2270,-7.04,55.0,13.7,39,1797,6.04,-59.1,13.5,40,10.93,-0.537,0,
B-C-low-3,1.08479,1790323578.5231,const,23.3934,7.5596,0.374,0.2,2.6,-1,10.355,-0.3347,23.012,2269,-7.04,55.800000000000004,13.7,39,1798,5.54,-60.800000000000004,13.5,40,10.892,-0.537,0,
B-C-low-3,1.08679,1790323578.5251,const,23.3934,7.5596,0.374,0.2,2.6,-1,10.355,0.0,23.012,2269,-6.04,58.300000000000004,13.7,39,1799,6.04,-59.900000000000006,13.5,40,10.854,-0.499,0,
B-C-low-3,1.08879,1790323578.5271,const,23.3934,7.5596,0.374,0.2,2.6,-1,10.317,-0.3343,23.015,2268,-6.54,57.5,13.7,39,1800,6.54,-59.1,13.5,40,10.815,-0.499,0,
B-C-low-3,1.09079,1790323578.5291,const,23.3934,7.5596,0.374,0.2,2.6,-1,10.24,-0.6695,23.021,2266,-7.04,55.800000000000004,13.7,39,1801,6.54,-59.1,13.5,40,10.777,-0.537,0,
B-C-low-3,1.09279,1790323578.5311,const,23.3934,7.5596,0.374,0.2,2.6,-1,10.202,-0.3345,23.023,2265,-7.04,55.800000000000004,13.7,39,1802,6.54,-59.1,13.5,40,10.739,-0.537,0,
B-C-low-3,1.09479,1790323578.5331,const,23.3934,7.5596,0.374,0.2,2.6,-1,10.163,-0.3347,23.026,2264,-7.04,56.6,13.7,39,1803,6.54,-59.1,13.5,40,10.7,-0.537,0,
B-C-low-3,1.09679,1790323578.5351,const,23.3934,7.5596,0.374,0.2,2.6,-1,10.125,-0.335,23.029,2263,-7.04,56.6,13.7,39,1804,6.54,-59.1,13.5,40,10.662,-0.537,0,
B-C-low-3,1.09879,1790323578.5371,const,23.3934,7.5596,0.374,0.2,2.6,-1,10.087,-0.3349,23.032,2262,-7.55,55.7,13.7,39,1804,6.54,-59.900000000000006,13.5,40,10.662,-0.575,0,
B-C-low-3,1.10079,1790323578.5391,const,23.3934,7.5596,0.374,0.2,2.6,-1,10.048,-0.3343,23.034,2261,-7.55,55.7,13.7,39,1806,7.04,-58.2,13.5,40,10.585,-0.537,0,
B-C-low-3,1.10279,1790323578.5411,const,23.3934,7.5596,0.374,0.2,2.6,-1,10.01,-0.3347,23.037,2260,-7.55,55.7,13.7,39,1807,7.04,-59.0,13.5,40,10.547,-0.537,0,
B-C-low-3,1.10479,1790323578.5431,const,23.3934,7.5596,0.374,0.2,2.6,-1,10.01,0.0,23.037,2260,-7.04,57.400000000000006,13.7,39,1808,7.04,-59.0,13.5,40,10.509,-0.499,0,
B-C-low-3,1.10679,1790323578.5451,const,23.3934,7.5596,0.374,0.2,2.6,-1,9.933,-0.6688,23.043,2258,-8.05,54.800000000000004,13.7,39,1810,7.55,-57.300000000000004,13.5,40,10.432,-0.499,0,
B-C-low-3,1.10879,1790323578.5471,const,23.3934,7.5596,0.374,0.2,2.6,-1,9.857,-0.6697,23.048,2256,-8.05,54.0,13.7,39,1811,7.55,-57.300000000000004,13.5,40,10.393,-0.537,0,
B-C-low-3,1.11079,1790323578.5491,const,23.3934,7.5596,0.374,0.2,2.6,-1,9.818,-0.3346,23.051,2255,-8.05,54.0,13.7,39,1812,8.05,-56.400000000000006,13.5,40,10.355,-0.537,0,
B-C-low-3,1.11378,1790323578.5521,const,23.3934,7.5596,0.374,0.2,2.6,-1,9.78,-0.2239,23.053,2254,-8.05,54.0,13.7,39,1813,8.05,-55.6,13.5,40,10.317,-0.537,0,
B-C-low-3,1.11578,1790323578.5541,const,23.3934,7.5596,0.374,0.2,2.6,-1,9.741,-0.3348,23.056,2253,-8.05,54.0,13.7,39,1814,8.05,-56.400000000000006,13.5,40,10.278,-0.537,0,
B-C-low-3,1.1168,1790323578.5551,const,23.3934,7.5596,0.374,0.2,2.6,-1,9.703,-0.6614,23.059,2252,-8.05,54.800000000000004,13.7,39,1816,8.05,-55.6,13.5,40,10.202,-0.499,0,
B-C-low-3,1.1188,1790323578.5571,const,23.3934,7.5596,0.374,0.2,2.6,-1,9.626,-0.6693,23.064,2250,-8.55,53.2,13.7,39,1817,8.55,-54.800000000000004,13.5,40,10.163,-0.537,0,
B-C-low-3,1.12079,1790323578.5591,const,23.3934,7.5596,0.374,0.2,2.6,-1,9.588,-0.3353,23.067,2249,-8.55,53.2,13.7,39,1818,8.55,-54.800000000000004,13.5,40,10.125,-0.537,0,
B-C-low-3,1.12279,1790323578.5611,const,23.3934,7.5596,0.374,0.2,2.6,-1,9.55,-0.3343,23.069,2248,-8.55,53.2,13.7,39,1819,8.55,-54.800000000000004,13.5,40,10.087,-0.537,0,
B-C-low-3,1.1248,1790323578.5631,const,23.3934,7.5596,0.374,0.2,2.6,-1,9.511,-0.3345,23.072,2247,-8.55,53.2,13.7,39,1820,8.55,-54.800000000000004,13.5,40,10.048,-0.537,0,
B-C-low-3,1.12679,1790323578.5651,const,23.3934,7.5596,0.374,0.2,2.6,-1,9.435,-0.6702,23.077,2245,-8.55,53.2,13.7,39,1822,9.06,-53.900000000000006,13.5,40,9.972,-0.537,0,
B-C-low-3,1.12879,1790323578.5671,const,23.3934,7.5596,0.374,0.2,2.6,-1,9.396,-0.3344,23.079,2244,-8.55,53.2,13.7,39,1823,9.06,-53.900000000000006,13.5,40,9.933,-0.537,0,
B-C-low-3,1.1308,1790323578.5691,const,23.3934,7.5596,0.374,0.2,2.6,-1,9.358,-0.3346,23.082,2243,-8.55,53.2,13.7,39,1824,9.06,-53.900000000000006,13.5,40,9.895,-0.537,0,
B-C-low-3,1.13279,1790323578.5711,const,23.3934,7.5596,0.374,0.2,2.6,-1,9.32,-0.3348,23.085,2242,-9.06,52.300000000000004,13.7,39,1825,9.06,-53.900000000000006,13.5,40,9.857,-0.537,0,
B-C-low-3,1.13479,1790323578.5731,const,23.3934,7.5596,0.374,0.2,2.6,-1,9.243,-0.6693,23.09,2240,-9.06,51.5,13.7,39,1826,8.55,-54.800000000000004,13.5,40,9.818,-0.575,0,
B-C-low-3,1.1368,1790323578.5751,const,23.3934,7.5596,0.374,0.2,2.6,-1,9.166,-0.6689,23.095,2238,-9.06,51.5,13.7,39,1828,9.06,-53.1,13.5,40,9.741,-0.575,0,
B-C-low-3,1.1388,1790323578.5771,const,23.3934,7.5596,0.374,0.2,2.6,-1,9.128,-0.3348,23.097,2237,-9.06,51.5,13.7,39,1828,8.55,-54.800000000000004,13.5,40,9.741,-0.614,0,
B-C-low-3,1.1408,1790323578.5791,const,23.3934,7.5596,0.374,0.2,2.6,-1,9.089,-0.3348,23.1,2236,-9.06,51.5,13.7,39,1830,9.06,-53.1,13.5,40,9.665,-0.575,0,
B-C-low-3,1.14279,1790323578.5811,const,23.3934,7.5596,0.374,0.2,2.6,-1,9.051,-0.3348,23.102,2235,-9.06,51.5,13.7,39,1831,8.55,-54.0,13.5,40,9.626,-0.575,0,
B-C-low-3,1.1448,1790323578.5831,const,23.3934,7.5596,0.374,0.2,2.6,-1,8.974,-0.6689,23.107,2233,-9.06,51.5,13.7,39,1832,8.55,-54.800000000000004,13.5,40,9.588,-0.614,0,
B-C-low-3,1.14679,1790323578.5851,const,23.3934,7.5596,0.374,0.2,2.6,-1,8.936,-0.335,23.109,2232,-9.06,51.5,13.7,39,1834,9.06,-53.1,13.5,40,9.511,-0.575,0,
B-C-low-3,1.1488,1790323578.5871,const,23.3934,7.5596,0.374,0.2,2.6,-1,8.898,-0.3344,23.112,2231,-8.55,52.400000000000006,13.7,39,1835,8.55,-54.0,13.5,40,9.473,-0.575,0,
B-C-low-3,1.1508,1790323578.5891,const,23.3934,7.5596,0.374,0.2,2.6,-1,8.859,-0.3348,23.114,2230,-9.06,51.5,13.7,39,1836,9.06,-53.1,13.5,40,9.435,-0.575,0,
B-C-low-3,1.15378,1790323578.5921,const,23.3934,7.5596,0.374,0.2,2.6,-1,8.821,-0.224,23.117,2229,-8.55,52.400000000000006,13.7,39,1837,8.55,-54.0,13.5,40,9.396,-0.575,0,
B-C-low-3,1.15579,1790323578.5941,const,23.3934,7.5596,0.374,0.2,2.6,-1,8.783,-0.3345,23.119,2228,-8.55,52.400000000000006,13.7,39,1838,8.55,-54.800000000000004,13.5,40,9.358,-0.575,0,
B-C-low-3,1.15779,1790323578.5961,const,23.3934,7.5596,0.374,0.2,2.6,-1,8.744,-0.3348,23.121,2227,-8.55,52.400000000000006,13.7,39,1839,8.55,-54.800000000000004,13.5,40,9.32,-0.575,0,
B-C-low-3,1.1588,1790323578.5971,const,23.3934,7.5596,0.374,0.2,2.6,-1,8.706,-0.6618,23.124,2226,-8.05,53.2,13.7,39,1840,8.05,-55.6,13.5,40,9.281,-0.575,0,
B-C-low-3,1.1608,1790323578.5991,const,23.3934,7.5596,0.374,0.2,2.6,-1,8.668,-0.3347,23.126,2225,-8.05,53.2,13.7,39,1841,8.55,-54.800000000000004,13.5,40,9.243,-0.575,0,
B-C-low-3,1.1628,1790323578.6011,const,23.3934,7.5596,0.374,0.2,2.6,-1,8.629,-0.3347,23.129,2224,-8.05,53.2,13.7,39,1842,8.55,-54.800000000000004,13.5,40,9.205,-0.575,0,
B-C-low-3,1.16479,1790323578.6031,const,23.3934,7.5596,0.374,0.2,2.6,-1,8.591,-0.335,23.131,2223,-8.05,54.0,13.7,39,1843,8.55,-54.800000000000004,13.5,40,9.166,-0.575,0,
B-C-low-3,1.1668,1790323578.6051,const,23.3934,7.5596,0.374,0.2,2.6,-1,8.553,-0.3345,23.133,2222,-8.05,54.0,13.7,39,1844,8.05,-55.6,13.5,40,9.128,-0.575,0,
B-C-low-3,1.1688,1790323578.6071,const,23.3934,7.5596,0.374,0.2,2.6,-1,8.514,-0.3345,23.136,2221,-7.55,54.900000000000006,13.7,39,1845,8.05,-55.6,13.5,40,9.089,-0.575,0,
B-C-low-3,1.1708,1790323578.6091,const,23.3934,7.5596,0.374,0.2,2.6,-1,8.476,-0.3348,23.138,2220,-7.55,54.900000000000006,13.7,39,1846,7.55,-56.5,13.5,40,9.051,-0.575,0,
B-C-low-3,1.1728,1790323578.6111,const,23.3934,7.5596,0.374,0.2,2.6,-1,8.438,-0.3348,23.14,2219,-7.55,54.900000000000006,13.7,39,1846,7.04,-58.2,13.5,40,9.051,-0.614,0,
B-C-low-3,1.1748,1790323578.6131,const,23.3934,7.5596,0.374,0.2,2.6,-1,8.438,0.0,23.14,2219,-7.04,56.6,13.7,39,1847,7.55,-57.300000000000004,13.5,40,9.013,-0.575,0,
B-C-low-3,1.1768,1790323578.6151,const,23.3934,7.5596,0.374,0.2,2.6,-1,8.399,-0.3347,23.142,2218,-6.54,58.300000000000004,13.7,39,1849,7.55,-57.300000000000004,13.5,40,8.936,-0.537,0,
B-C-low-3,1.1788,1790323578.6171,const,23.3934,7.5596,0.374,0.2,2.6,-1,8.361,-0.3343,23.145,2217,-7.04,57.400000000000006,13.7,39,1850,7.55,-57.300000000000004,13.5,40,8.898,-0.537,0,
B-C-low-3,1.1808,1790323578.6191,const,23.3934,7.5596,0.374,0.2,2.6,-1,8.322,-0.335,23.147,2216,-6.54,58.300000000000004,13.7,39,1851,7.55,-57.300000000000004,13.5,40,8.859,-0.537,0,
B-C-low-3,1.1828,1790323578.6211,const,23.3934,7.5596,0.374,0.2,2.6,-1,8.284,-0.3347,23.149,2215,-7.04,57.400000000000006,13.7,39,1852,7.55,-57.300000000000004,13.5,40,8.821,-0.537,0,
B-C-low-3,1.1848,1790323578.6231,const,23.3934,7.5596,0.374,0.2,2.6,-1,8.246,-0.3348,23.151,2214,-6.54,58.300000000000004,13.7,39,1854,7.55,-56.5,13.5,40,8.744,-0.499,0,
B-C-low-3,1.18679,1790323578.6251,const,23.3934,7.5596,0.374,0.2,2.6,-1,8.207,-0.335,23.154,2213,-6.54,58.300000000000004,13.7,39,1855,7.55,-56.5,13.5,40,8.706,-0.499,0,
B-C-low-3,1.1888,1790323578.6271,const,23.3934,7.5596,0.374,0.2,2.6,-1,8.169,-0.3343,23.156,2212,-6.54,58.300000000000004,13.7,39,1856,8.05,-55.6,13.5,40,8.668,-0.499,0,
B-C-low-3,1.1908,1790323578.6291,const,23.3934,7.5596,0.374,0.2,2.6,-1,8.131,-0.3347,23.158,2211,-6.54,58.300000000000004,13.7,39,1857,8.05,-55.6,13.5,40,8.629,-0.499,0,
B-C-low-3,1.1928,1790323578.6311,const,23.3934,7.5596,0.374,0.2,2.6,-1,8.092,-0.3348,23.16,2210,-6.54,58.300000000000004,13.7,39,1858,8.05,-55.6,13.5,40,8.591,-0.499,0,
B-C-low-3,1.19579,1790323578.6341,const,23.3934,7.5596,0.374,0.2,2.6,-1,8.054,-0.2239,23.163,2209,-7.04,57.400000000000006,13.7,39,1859,8.05,-56.400000000000006,13.5,40,8.553,-0.499,0,
B-C-low-3,1.19779,1790323578.6361,const,23.3934,7.5596,0.374,0.2,2.6,-1,8.016,-0.3347,23.165,2208,-7.04,57.400000000000006,13.7,39,1861,8.55,-54.800000000000004,13.5,40,8.476,-0.46,0,
B-C-low-3,1.1988,1790323578.6371,const,23.3934,7.5596,0.374,0.2,2.6,-1,7.939,-1.3243,23.169,2206,-7.04,57.400000000000006,13.7,39,1862,8.55,-54.800000000000004,13.5,40,8.438,-0.499,0,
B-C-low-3,1.2008,1790323578.6391,const,23.3934,7.5596,0.374,0.2,2.6,-1,7.901,-0.3344,23.171,2205,-7.55,56.5,13.7,39,1863,8.55,-54.800000000000004,13.5,40,8.399,-0.499,0,
B-C-low-3,1.20379,1790323578.6421,const,23.3934,7.5596,0.374,0.2,2.6,-1,7.862,-0.224,23.173,2204,-7.55,56.5,13.7,39,1864,8.55,-54.800000000000004,13.5,40,8.361,-0.499,0,
B-C-low-3,1.20579,1790323578.6441,const,23.3934,7.5596,0.374,0.2,2.6,-1,7.824,-0.3345,23.176,2203,-7.55,56.5,13.7,39,1865,8.55,-54.800000000000004,13.5,40,8.322,-0.499,0,
B-C-low-3,1.20779,1790323578.6461,const,23.3934,7.5596,0.374,0.2,2.6,-1,7.747,-0.6697,23.18,2201,-8.55,54.0,13.7,39,1866,8.55,-54.800000000000004,13.5,40,8.284,-0.537,0,
B-C-low-3,1.2088,1790323578.6471,const,23.3934,7.5596,0.374,0.2,2.6,-1,7.709,-0.6629,23.182,2200,-8.05,55.6,13.7,39,1867,8.05,-55.6,13.5,40,8.246,-0.537,0,
B-C-low-3,1.2108,1790323578.6491,const,23.3934,7.5596,0.374,0.2,2.6,-1,7.632,-0.6691,23.186,2198,-9.06,53.1,13.7,39,1868,8.05,-55.6,13.5,40,8.207,-0.575,0,
B-C-low-3,1.2128,1790323578.6511,const,23.3934,7.5596,0.374,0.2,2.6,-1,7.632,0.0,23.186,2198,-8.55,54.800000000000004,13.7,39,1869,8.05,-55.6,13.5,40,8.169,-0.537,0,
B-C-low-3,1.2148,1790323578.6531,const,23.3934,7.5596,0.374,0.2,2.6,-1,7.555,-0.6696,23.19,2196,-9.06,53.1,13.7,39,1871,8.55,-54.0,13.5,40,8.092,-0.537,0,
B-C-low-3,1.2168,1790323578.6551,const,23.3934,7.5596,0.374,0.2,2.6,-1,7.517,-0.3347,23.192,2195,-8.55,54.0,13.7,39,1872,8.55,-54.800000000000004,13.5,40,8.054,-0.537,0,
B-C-low-3,1.2188,1790323578.6571,const,23.3934,7.5596,0.374,0.2,2.6,-1,7.479,-0.3343,23.194,2194,-8.55,54.0,13.7,39,1874,9.06,-53.1,13.5,40,7.977,-0.499,0,
B-C-low-3,1.2208,1790323578.6591,const,23.3934,7.5596,0.374,0.2,2.6,-1,7.402,-0.6689,23.198,2192,-9.56,51.400000000000006,13.7,39,1875,8.55,-54.0,13.5,40,7.939,-0.537,0,
B-C-low-3,1.2228,1790323578.6611,const,23.3934,7.5596,0.374,0.2,2.6,-1,7.364,-0.3353,23.2,2191,-9.06,52.300000000000004,13.7,39,1876,8.55,-54.0,13.5,40,7.901,-0.537,0,
B-C-low-3,1.2248,1790323578.6631,const,23.3934,7.5596,0.374,0.2,2.6,-1,7.325,-0.3346,23.202,2190,-9.06,52.300000000000004,13.7,39,1877,9.06,-53.1,13.5,40,7.862,-0.537,0,
B-C-low-3,1.2268,1790323578.6651,const,23.3934,7.5596,0.374,0.2,2.6,-1,7.249,-0.6695,23.206,2188,-9.06,52.300000000000004,13.7,39,1878,8.55,-54.0,13.5,40,7.824,-0.575,0,
B-C-low-3,1.2288,1790323578.6671,const,23.3934,7.5596,0.374,0.2,2.6,-1,7.21,-0.3342,23.208,2187,-9.06,52.300000000000004,13.7,39,1880,9.06,-52.300000000000004,13.5,40,7.747,-0.537,0,
B-C-low-3,1.2308,1790323578.6691,const,23.3934,7.5596,0.374,0.2,2.6,-1,7.21,0.0,23.208,2187,-8.55,54.0,13.7,39,1880,8.55,-54.0,13.5,40,7.747,-0.537,0,
B-C-low-3,1.2328,1790323578.6711,const,23.3934,7.5596,0.374,0.2,2.6,-1,7.134,-0.6688,23.212,2185,-9.06,52.300000000000004,13.7,39,1881,8.55,-54.0,13.5,40,7.709,-0.575,0,
B-C-low-3,1.2348,1790323578.6731,const,23.3934,7.5596,0.374,0.2,2.6,-1,7.095,-0.3346,23.214,2184,-9.06,52.300000000000004,13.7,39,1883,8.55,-54.0,13.5,40,7.632,-0.537,0,
B-C-low-3,1.2368,1790323578.6751,const,23.3934,7.5596,0.374,0.2,2.6,-1,7.057,-0.3348,23.216,2183,-9.06,52.300000000000004,13.7,39,1884,8.55,-54.0,13.5,40,7.594,-0.537,0,
B-C-low-3,1.2388,1790323578.6771,const,23.3934,7.5596,0.374,0.2,2.6,-1,7.018,-0.3346,23.218,2182,-9.06,51.5,13.7,39,1886,9.06,-52.300000000000004,13.5,40,7.517,-0.499,0,
B-C-low-3,1.2408,1790323578.6791,const,23.3934,7.5596,0.374,0.2,2.6,-1,6.942,-0.6696,23.222,2180,-9.06,51.5,13.7,39,1886,8.55,-54.0,13.5,40,7.517,-0.575,0,
B-C-low-3,1.2428,1790323578.6811,const,23.3934,7.5596,0.374,0.2,2.6,-1,6.903,-0.3345,23.224,2179,-9.06,52.300000000000004,13.7,39,1887,8.55,-54.0,13.5,40,7.479,-0.575,0,
B-C-low-3,1.24579,1790323578.6841,const,23.3934,7.5596,0.374,0.2,2.6,-1,6.865,-0.224,23.226,2178,-9.06,52.300000000000004,13.7,39,1889,8.55,-53.2,13.5,40,7.402,-0.537,0,
B-C-low-3,1.24779,1790323578.6861,const,23.3934,7.5596,0.374,0.2,2.6,-1,6.827,-0.3346,23.227,2177,-9.06,52.300000000000004,13.7,39,1889,8.05,-54.800000000000004,13.5,40,7.402,-0.575,0,
B-C-low-3,1.2488,1790323578.6871,const,23.3934,7.5596,0.374,0.2,2.6,-1,6.788,-0.6617,23.229,2176,-8.55,53.2,13.7,39,1890,8.05,-54.800000000000004,13.5,40,7.364,-0.575,0,
B-C-low-3,1.2508,1790323578.6891,const,23.3934,7.5596,0.374,0.2,2.6,-1,6.712,-0.6699,23.233,2174,-9.06,51.5,13.7,39,1891,8.05,-54.800000000000004,13.5,40,7.325,-0.614,0,
B-C-low-3,1.2528,1790323578.6911,const,23.3934,7.5596,0.374,0.2,2.6,-1,6.712,0.0,23.233,2174,-8.55,53.2,13.7,39,1892,8.05,-54.800000000000004,13.5,40,7.287,-0.575,0,
B-C-low-3,1.25579,1790323578.6941,const,23.3934,7.5596,0.374,0.2,2.6,-1,6.673,-0.2239,23.235,2173,-8.55,53.2,13.7,39,1893,7.55,-55.7,13.5,40,7.249,-0.575,0,
B-C-low-3,1.2568,1790323578.6951,const,23.3934,7.5596,0.374,0.2,2.6,-1,6.635,-0.6626,23.237,2172,-8.05,54.0,13.7,39,1894,8.05,-54.800000000000004,13.5,40,7.21,-0.575,0,
B-C-low-3,1.2588,1790323578.6971,const,23.3934,7.5596,0.374,0.2,2.6,-1,6.558,-0.6692,23.24,2170,-8.55,53.2,13.7,39,1896,8.05,-54.800000000000004,13.5,40,7.134,-0.575,0,
B-C-low-3,1.2608,1790323578.6991,const,23.3934,7.5596,0.374,0.2,2.6,-1,6.52,-0.3346,23.242,2169,-8.05,54.0,13.7,39,1896,7.55,-56.5,13.5,40,7.134,-0.614,0,
B-C-low-3,1.2628,1790323578.7011,const,23.3934,7.5596,0.374,0.2,2.6,-1,6.52,0.0,23.242,2169,-8.05,54.800000000000004,13.7,39,1897,7.55,-56.5,13.5,40,7.095,-0.575,0,
B-C-low-3,1.2648,1790323578.7031,const,23.3934,7.5596,0.374,0.2,2.6,-1,6.443,-0.6693,23.246,2167,-8.55,53.2,13.7,39,1898,7.55,-56.5,13.5,40,7.057,-0.614,0,
B-C-low-3,1.2668,1790323578.7051,const,23.3934,7.5596,0.374,0.2,2.6,-1,6.405,-0.3347,23.247,2166,-8.05,54.0,13.7,39,1900,7.55,-55.7,13.5,40,6.98,-0.575,0,
B-C-low-3,1.26878,1790323578.7071,const,23.3934,7.5596,0.374,0.2,2.6,-1,6.366,-0.3376,23.249,2165,-8.05,54.0,13.7,39,1901,7.55,-55.7,13.5,40,6.942,-0.575,0,
B-C-low-3,1.2708,1790323578.7091,const,23.3934,7.5596,0.374,0.2,2.6,-1,6.328,-0.3316,23.251,2164,-8.05,54.0,13.7,39,1902,7.55,-56.5,13.5,40,6.903,-0.575,0,
B-C-low-3,1.2728,1790323578.7111,const,23.3934,7.5596,0.374,0.2,2.6,-1,6.29,-0.3349,23.253,2163,-7.55,54.900000000000006,13.7,39,1902,7.04,-58.2,13.5,40,6.903,-0.614,0,
B-C-low-3,1.2748,1790323578.7131,const,23.3934,7.5596,0.374,0.2,2.6,-1,6.251,-0.335,23.254,2162,-7.55,54.900000000000006,13.7,39,1903,7.04,-58.2,13.5,40,6.865,-0.614,0,
B-C-low-3,1.2768,1790323578.7151,const,23.3934,7.5596,0.374,0.2,2.6,-1,6.213,-0.3342,23.256,2161,-7.55,55.7,13.7,39,1905,7.55,-56.5,13.5,40,6.788,-0.575,0,
B-C-low-3,1.2788,1790323578.7171,const,23.3934,7.5596,0.374,0.2,2.6,-1,6.136,-0.6699,23.259,2159,-8.05,54.0,13.7,39,1906,7.55,-56.5,13.5,40,6.75,-0.614,0,
B-C-low-3,1.2808,1790323578.7191,const,23.3934,7.5596,0.374,0.2,2.6,-1,6.136,0.0,23.259,2159,-7.55,55.7,13.7,39,1906,7.04,-58.2,13.5,40,6.75,-0.614,0,
B-C-low-3,1.2828,1790323578.7211,const,23.3934,7.5596,0.374,0.2,2.6,-1,6.06,-0.6701,23.263,2157,-8.05,54.0,13.7,39,1908,7.55,-56.5,13.5,40,6.673,-0.614,0,
B-C-low-3,1.28579,1790323578.7241,const,23.3934,7.5596,0.374,0.2,2.6,-1,6.021,-0.2239,23.264,2156,-8.05,54.0,13.7,39,1909,7.55,-57.300000000000004,13.5,40,6.635,-0.614,0,
B-C-low-3,1.28779,1790323578.7261,const,23.3934,7.5596,0.374,0.2,2.6,-1,6.021,0.0,23.264,2156,-7.55,55.7,13.7,39,1910,7.55,-57.300000000000004,13.5,40,6.597,-0.575,0,
B-C-low-3,1.28979,1790323578.7281,const,23.3934,7.5596,0.374,0.2,2.6,-1,5.983,-0.3348,23.266,2155,-7.55,55.7,13.7,39,1911,7.55,-57.300000000000004,13.5,40,6.558,-0.575,0,
B-C-low-3,1.2908,1790323578.7291,const,23.3934,7.5596,0.374,0.2,2.6,-1,5.906,-1.3256,23.269,2153,-8.05,54.800000000000004,13.7,39,1912,7.55,-57.300000000000004,13.5,40,6.52,-0.614,0,
B-C-low-3,1.2928,1790323578.7311,const,23.3934,7.5596,0.374,0.2,2.6,-1,5.868,-0.3345,23.271,2152,-8.05,54.800000000000004,13.7,39,1913,7.55,-57.300000000000004,13.5,40,6.482,-0.614,0,
B-C-low-3,1.2948,1790323578.7331,const,23.3934,7.5596,0.374,0.2,2.6,-1,5.83,-0.3348,23.272,2151,-8.05,54.800000000000004,13.7,39,1915,8.05,-55.6,13.5,40,6.405,-0.575,0,
B-C-low-3,1.29779,1790323578.7361,const,23.3934,7.5596,0.374,0.2,2.6,-1,5.791,-0.2238,23.274,2150,-8.05,54.800000000000004,13.7,39,1916,8.05,-55.6,13.5,40,6.366,-0.575,0,
B-C-low-3,1.2988,1790323578.7371,const,23.3934,7.5596,0.374,0.2,2.6,-1,5.714,-1.324,23.277,2148,-8.05,54.0,13.7,39,1917,8.05,-55.6,13.5,40,6.328,-0.614,0,
B-C-low-3,1.3008,1790323578.7391,const,23.3934,7.5596,0.374,0.2,2.6,-1,5.676,-0.3348,23.279,2147,-8.55,53.2,14.9,39,1918,8.05,-55.6,15.5,40,6.29,-0.614,0,
B-C-low-3,1.3028,1790323578.7411,const,23.3934,7.5596,0.374,0.2,2.6,-1,5.638,-0.3348,23.28,2146,-8.55,53.2,14.9,39,1920,8.55,-54.0,15.5,40,6.213,-0.575,0,
B-C-low-3,1.3048,1790323578.7431,const,23.3934,7.5596,0.374,0.2,2.6,-1,5.599,-0.3345,23.282,2145,-8.05,54.0,14.9,39,1921,8.55,-54.0,15.5,40,6.175,-0.575,0,
B-C-low-3,1.3068,1790323578.7451,const,23.3934,7.5596,0.374,0.2,2.6,-1,5.523,-0.6697,23.285,2143,-9.06,51.5,14.9,39,1922,8.55,-54.0,15.5,40,6.136,-0.614,0,
B-C-low-3,1.3088,1790323578.7471,const,23.3934,7.5596,0.374,0.2,2.6,-1,5.446,-0.6697,23.288,2141,-9.06,51.5,14.9,39,1924,9.06,-53.1,15.5,40,6.06,-0.614,0,
B-C-low-3,1.3108,1790323578.7491,const,23.3934,7.5596,0.374,0.2,2.6,-1,5.408,-0.3342,23.289,2140,-9.06,51.5,14.9,39,1924,8.55,-54.800000000000004,15.5,40,6.06,-0.652,0,
B-C-low-3,1.3128,1790323578.7511,const,23.3934,7.5596,0.374,0.2,2.6,-1,5.369,-0.3348,23.291,2139,-9.06,51.5,14.9,39,1925,8.55,-54.800000000000004,15.5,40,6.021,-0.652,0,
B-C-low-3,1.3148,1790323578.7531,const,23.3934,7.5596,0.374,0.2,2.6,-1,5.369,0.0,23.291,2139,-8.55,53.2,14.9,39,1926,8.55,-54.800000000000004,15.5,40,5.983,-0.614,0,
B-C-low-3,1.3168,1790323578.7551,const,23.3934,7.5596,0.374,0.2,2.6,-1,5.293,-0.6694,23.294,2137,-9.06,51.5,14.9,39,1928,9.06,-53.1,15.5,40,5.906,-0.614,0,
B-C-low-3,1.3188,1790323578.7571,const,23.3934,7.5596,0.374,0.2,2.6,-1,5.216,-0.6698,23.296,2135,-9.56,50.6,14.9,39,1930,9.56,-51.400000000000006,15.5,40,5.83,-0.614,0,
B-C-low-3,1.3208,1790323578.7591,const,23.3934,7.5596,0.374,0.2,2.6,-1,5.178,-0.3343,23.298,2134,-9.56,50.6,14.9,39,1931,9.06,-52.300000000000004,15.5,40,5.791,-0.614,0,
B-C-low-3,1.3228,1790323578.7611,const,23.3934,7.5596,0.374,0.2,2.6,-1,5.139,-0.335,23.299,2133,-9.06,51.5,14.9,39,1932,9.06,-52.300000000000004,15.5,40,5.753,-0.614,0,
B-C-low-3,1.3248,1790323578.7631,const,23.3934,7.5596,0.374,0.2,2.6,-1,5.101,-0.3344,23.301,2132,-9.56,50.6,14.9,39,1933,9.06,-52.300000000000004,15.5,40,5.714,-0.614,0,
B-C-low-3,1.32779,1790323578.7661,const,23.3934,7.5596,0.374,0.2,2.6,-1,5.062,-0.2239,23.302,2131,-9.06,51.5,14.9,39,1935,9.06,-52.300000000000004,15.5,40,5.638,-0.575,0,
B-C-low-3,1.32979,1790323578.7681,const,23.3934,7.5596,0.374,0.2,2.6,-1,4.986,-0.6697,23.305,2129,-9.56,49.800000000000004,14.9,39,1936,9.06,-52.300000000000004,15.5,40,5.599,-0.614,0,
B-C-low-3,1.3308,1790323578.7691,const,23.3934,7.5596,0.374,0.2,2.6,-1,4.947,-0.6611,23.306,2128,-9.06,50.7,14.9,39,1937,9.06,-52.300000000000004,15.5,40,5.561,-0.614,0,
B-C-low-3,1.3328,1790323578.7711,const,23.3934,7.5596,0.374,0.2,2.6,-1,4.909,-0.3344,23.308,2127,-9.06,50.7,14.9,39,1938,9.06,-52.300000000000004,15.5,40,5.523,-0.614,0,
B-C-low-3,1.33579,1790323578.7741,const,23.3934,7.5596,0.374,0.2,2.6,-1,4.871,-0.2241,23.309,2126,-9.06,50.7,14.9,39,1940,9.06,-51.5,15.5,40,5.446,-0.575,0,
B-C-low-3,1.33779,1790323578.7761,const,23.3934,7.5596,0.374,0.2,2.6,-1,4.832,-0.3348,23.31,2125,-8.55,51.6,14.9,39,1941,9.06,-51.5,15.5,40,5.408,-0.575,0,
B-C-low-3,1.33979,1790323578.7781,const,23.3934,7.5596,0.374,0.2,2.6,-1,4.756,-0.6695,23.313,2123,-9.06,49.900000000000006,14.9,39,1941,9.06,-51.5,15.5,40,5.408,-0.652,0,
B-C-low-3,1.34078,1790323578.7791,const,23.3934,7.5596,0.374,0.2,2.6,-1,4.717,-0.6765,23.314,2122,-9.06,50.7,14.9,39,1943,9.06,-51.5,15.5,40,5.331,-0.614,0,
B-C-low-3,1.3428,1790323578.7811,const,23.3934,7.5596,0.374,0.2,2.6,-1,4.679,-0.3309,23.315,2121,-9.06,50.7,14.9,39,1944,9.06,-51.5,15.5,40,5.293,-0.614,0,
B-C-low-3,1.34579,1790323578.7841,const,23.3934,7.5596,0.374,0.2,2.6,-1,4.641,-0.224,23.317,2120,-9.06,50.7,14.9,39,1945,9.06,-51.5,15.5,40,5.254,-0.614,0,
B-C-low-3,1.34678,1790323578.7851,const,23.3934,7.5596,0.374,0.2,2.6,-1,4.602,-0.6751,23.318,2119,-9.06,50.7,14.9,39,1945,8.55,-53.2,15.5,40,5.254,-0.652,0,
B-C-low-3,1.34878,1790323578.7871,const,23.3934,7.5596,0.374,0.2,2.6,-1,4.564,-0.335,23.319,2118,-8.55,51.6,14.9,39,1947,8.55,-53.2,15.5,40,5.178,-0.614,0,
B-C-low-3,1.35078,1790323578.7891,const,23.3934,7.5596,0.374,0.2,2.6,-1,4.564,0.0,23.319,2118,-7.55,54.1,14.9,39,1948,8.55,-53.2,15.5,40,5.139,-0.575,0,
B-C-low-3,1.35278,1790323578.7911,const,23.3934,7.5596,0.374,0.2,2.6,-1,4.487,-0.6691,23.322,2116,-8.05,52.400000000000006,14.9,39,1948,8.05,-54.800000000000004,15.5,40,5.139,-0.652,0,
B-C-low-3,1.35478,1790323578.7931,const,23.3934,7.5596,0.374,0.2,2.6,-1,4.487,0.0,23.322,2116,-7.55,54.1,14.9,39,1950,8.55,-53.2,15.5,40,5.062,-0.575,0,
B-C-low-3,1.35678,1790323578.7951,const,23.3934,7.5596,0.374,0.2,2.6,-1,4.487,0.0,23.322,2116,-7.04,55.800000000000004,14.9,39,1951,8.05,-54.0,15.5,40,5.024,-0.537,0,
B-C-low-3,1.35878,1790323578.7971,const,23.3934,7.5596,0.374,0.2,2.6,-1,4.411,-0.6696,23.324,2114,-7.04,55.800000000000004,14.9,39,1952,7.55,-54.900000000000006,15.5,40,4.986,-0.575,0,
B-C-low-3,1.36078,1790323578.7991,const,23.3934,7.5596,0.374,0.2,2.6,-1,4.372,-0.3343,23.325,2113,-7.04,55.800000000000004,14.9,39,1953,7.55,-54.900000000000006,15.5,40,4.947,-0.575,0,
B-C-low-3,1.36278,1790323578.8011,const,23.3934,7.5596,0.374,0.2,2.6,-1,4.372,0.0,23.325,2113,-6.54,57.5,14.9,39,1953,7.04,-56.6,15.5,40,4.947,-0.575,0,
B-C-low-3,1.36478,1790323578.8031,const,23.3934,7.5596,0.374,0.2,2.6,-1,4.334,-0.3342,23.326,2112,-6.54,57.5,14.9,39,1954,7.04,-56.6,15.5,40,4.909,-0.575,0,
B-C-low-3,1.36778,1790323578.8061,const,23.3934,7.5596,0.374,0.2,2.6,-1,4.334,0.0,23.326,2112,-6.04,59.1,14.9,39,1955,7.04,-57.400000000000006,15.5,40,4.871,-0.537,0,
B-C-low-3,1.36979,1790323578.8081,const,23.3934,7.5596,0.374,0.2,2.6,-1,4.295,-0.3336,23.328,2111,-6.54,58.300000000000004,14.9,39,1956,7.04,-57.400000000000006,15.5,40,4.832,-0.537,0,
B-C-low-3,1.37179,1790323578.8101,const,23.3934,7.5596,0.374,0.2,2.6,-1,4.257,-0.3348,23.329,2110,-6.04,59.1,14.9,39,1957,7.04,-57.400000000000006,15.5,40,4.794,-0.537,0,
B-C-low-3,1.37277,1790323578.8111,const,23.3934,7.5596,0.374,0.2,2.6,-1,4.257,0.0,23.329,2110,-5.54,60.800000000000004,14.9,39,1958,7.04,-57.400000000000006,15.5,40,4.756,-0.499,0,
B-C-low-3,1.37478,1790323578.8131,const,23.3934,7.5596,0.374,0.2,2.6,-1,4.18,-0.6668,23.331,2108,-6.54,58.300000000000004,14.9,39,1959,7.04,-57.400000000000006,15.5,40,4.717,-0.537,0,
B-C-low-3,1.37779,1790323578.8161,const,23.3934,7.5596,0.374,0.2,2.6,-1,4.142,-0.2224,23.332,2107,-6.54,58.300000000000004,14.9,39,1960,7.04,-57.400000000000006,15.5,40,4.679,-0.537,0,
B-C-low-3,1.37979,1790323578.8181,const,23.3934,7.5596,0.374,0.2,2.6,-1,4.104,-0.3343,23.333,2106,-6.54,58.300000000000004,14.9,39,1960,6.54,-59.1,15.5,40,4.679,-0.575,0,
B-C-low-3,1.38078,1790323578.8191,const,23.3934,7.5596,0.374,0.2,2.6,-1,4.065,-0.6762,23.334,2105,-6.54,58.300000000000004,14.9,39,1961,6.54,-59.1,15.5,40,4.641,-0.575,0,
B-C-low-3,1.38278,1790323578.8211,const,23.3934,7.5596,0.374,0.2,2.6,-1,4.027,-0.3347,23.336,2104,-7.04,57.400000000000006,14.9,39,1962,6.54,-59.1,15.5,40,4.602,-0.575,0,
B-C-low-3,1.3858,1790323578.8241,const,23.3934,7.5596,0.374,0.2,2.6,-1,3.989,-0.2222,23.337,2103,-7.04,57.400000000000006,14.9,39,1963,6.54,-59.1,15.5,40,4.564,-0.575,0,
B-C-low-3,1.38779,1790323578.8261,const,23.3934,7.5596,0.374,0.2,2.6,-1,3.95,-0.3352,23.338,2102,-7.04,57.400000000000006,14.9,39,1964,6.54,-59.1,15.5,40,4.526,-0.575,0,
B-C-low-3,1.38977,1790323578.8281,const,23.3934,7.5596,0.374,0.2,2.6,-1,3.912,-0.3384,23.339,2101,-7.04,57.400000000000006,14.9,39,1965,6.54,-59.900000000000006,15.5,40,4.487,-0.575,0,
B-C-low-3,1.39078,1790323578.8291,const,23.3934,7.5596,0.374,0.2,2.6,-1,3.874,-0.6618,23.34,2100,-7.04,58.2,14.9,39,1966,6.54,-59.900000000000006,15.5,40,4.449,-0.575,0,
B-C-low-3,1.39278,1790323578.8311,const,23.3934,7.5596,0.374,0.2,2.6,-1,3.835,-0.3345,23.341,2099,-7.55,57.300000000000004,14.9,39,1967,6.54,-59.900000000000006,15.5,40,4.411,-0.575,0,
B-C-low-3,1.39478,1790323578.8331,const,23.3934,7.5596,0.374,0.2,2.6,-1,3.797,-0.3348,23.342,2098,-7.55,57.300000000000004,14.9,39,1968,7.04,-59.0,15.5,40,4.372,-0.575,0,
B-C-low-3,1.39678,1790323578.8351,const,23.3934,7.5596,0.374,0.2,2.6,-1,3.759,-0.3346,23.343,2097,-7.55,57.300000000000004,14.9,39,1969,7.04,-59.0,15.5,40,4.334,-0.575,0,
B-C-low-3,1.39878,1790323578.8371,const,23.3934,7.5596,0.374,0.2,2.6,-1,3.682,-0.6693,23.345,2095,-8.05,56.400000000000006,14.9,39,1971,7.04,-59.0,15.5,40,4.257,-0.575,0,
B-C-low-3,1.40078,1790323578.8391,const,23.3934,7.5596,0.374,0.2,2.6,-1,3.643,-0.3348,23.346,2094,-8.05,56.400000000000006,14.9,39,1972,7.55,-58.1,15.5,40,4.219,-0.575,0,
B-C-low-3,1.40278,1790323578.8411,const,23.3934,7.5596,0.374,0.2,2.6,-1,3.605,-0.3344,23.347,2093,-8.05,56.400000000000006,14.9,39,1974,8.05,-56.400000000000006,15.5,40,4.142,-0.537,0,
B-C-low-3,1.40479,1790323578.8431,const,23.3934,7.5596,0.374,0.2,2.6,-1,3.605,0.0,23.347,2093,-7.55,58.1,14.9,39,1974,7.55,-58.1,15.5,40,4.142,-0.537,0,
B-C-low-3,1.40678,1790323578.8451,const,23.3934,7.5596,0.374,0.2,2.6,-1,3.528,-0.6705,23.349,2091,-8.05,56.400000000000006,14.9,39,1976,8.05,-56.400000000000006,15.5,40,4.065,-0.537,0,
B-C-low-3,1.40879,1790323578.8471,const,23.3934,7.5596,0.374,0.2,2.6,-1,3.452,-0.6684,23.351,2089,-8.05,55.6,14.9,39,1978,9.06,-53.900000000000006,15.5,40,3.989,-0.537,0,
B-C-low-3,1.41079,1790323578.8491,const,23.3934,7.5596,0.374,0.2,2.6,-1,3.413,-0.3346,23.352,2088,-8.05,55.6,14.9,39,1979,9.06,-53.900000000000006,15.5,40,3.95,-0.537,0,
B-C-low-3,1.41278,1790323578.8511,const,23.3934,7.5596,0.374,0.2,2.6,-1,3.375,-0.3352,23.353,2087,-8.05,55.6,14.9,39,1980,8.55,-54.800000000000004,15.5,40,3.912,-0.537,0,
B-C-low-3,1.41479,1790323578.8531,const,23.3934,7.5596,0.374,0.2,2.6,-1,3.298,-0.6686,23.355,2085,-9.06,53.1,14.9,39,1981,9.06,-53.900000000000006,15.5,40,3.874,-0.575,0,
B-C-low-3,1.41777,1790323578.8561,const,23.3934,7.5596,0.374,0.2,2.6,-1,3.26,-0.224,23.355,2084,-8.55,54.0,13.6,39,1982,8.55,-55.6,13.3,40,3.835,-0.575,0,
B-C-low-3,1.41977,1790323578.8581,const,23.3934,7.5596,0.374,0.2,2.6,-1,3.26,0.0,23.355,2084,-8.55,54.800000000000004,13.6,39,1984,8.55,-55.6,13.3,40,3.759,-0.499,0,
B-C-low-3,1.42177,1790323578.8601,const,23.3934,7.5596,0.374,0.2,2.6,-1,3.222,-0.3348,23.356,2083,-8.55,54.800000000000004,13.6,39,1985,8.55,-55.6,13.3,40,3.72,-0.499,0,
B-C-low-3,1.42279,1790323578.8611,const,23.3934,7.5596,0.374,0.2,2.6,-1,3.145,-1.3237,23.358,2081,-8.55,54.800000000000004,13.6,39,1986,8.55,-55.6,13.3,40,3.682,-0.537,0,
B-C-low-3,1.42478,1790323578.8631,const,23.3934,7.5596,0.374,0.2,2.6,-1,3.107,-0.335,23.359,2080,-9.06,53.900000000000006,13.6,39,1988,9.06,-53.900000000000006,13.3,40,3.605,-0.499,0,
B-C-low-3,1.42777,1790323578.8661,const,23.3934,7.5596,0.374,0.2,2.6,-1,3.068,-0.2238,23.36,2079,-8.55,54.800000000000004,13.6,39,1988,8.55,-55.6,13.3,40,3.605,-0.537,0,
B-C-low-3,1.42978,1790323578.8681,const,23.3934,7.5596,0.374,0.2,2.6,-1,3.03,-0.3345,23.361,2078,-8.55,54.800000000000004,13.6,39,1989,8.55,-55.6,13.3,40,3.567,-0.537,0,
B-C-low-3,1.43078,1790323578.8691,const,23.3934,7.5596,0.374,0.2,2.6,-1,2.953,-1.3268,23.362,2076,-9.06,53.1,13.6,39,1991,8.55,-54.800000000000004,13.3,40,3.49,-0.537,0,
B-C-low-3,1.43278,1790323578.8711,const,23.3934,7.5596,0.374,0.2,2.6,-1,2.915,-0.3347,23.363,2075,-9.06,53.1,13.6,39,1992,8.55,-54.800000000000004,13.3,40,3.452,-0.537,0,
B-C-low-3,1.43478,1790323578.8731,const,23.3934,7.5596,0.374,0.2,2.6,-1,2.876,-0.3346,23.364,2074,-8.55,54.0,13.6,39,1993,8.55,-54.800000000000004,13.3,40,3.413,-0.537,0,
B-C-low-3,1.43678,1790323578.8751,const,23.3934,7.5596,0.374,0.2,2.6,-1,2.838,-0.3347,23.365,2073,-8.55,54.800000000000004,13.6,39,1994,8.05,-55.6,13.3,40,3.375,-0.537,0,
B-C-low-3,1.43977,1790323578.8781,const,23.3934,7.5596,0.374,0.2,2.6,-1,2.8,-0.224,23.365,2072,-8.55,54.800000000000004,13.6,39,1996,8.55,-54.0,13.3,40,3.298,-0.499,0,
B-C-low-3,1.44079,1790323578.8791,const,23.3934,7.5596,0.374,0.2,2.6,-1,2.761,-0.6618,23.366,2071,-8.55,54.800000000000004,13.6,39,1996,8.05,-56.400000000000006,13.3,40,3.298,-0.537,0,
B-C-low-3,1.44279,1790323578.8811,const,23.3934,7.5596,0.374,0.2,2.6,-1,2.723,-0.3346,23.367,2070,-8.05,55.6,13.6,39,1998,8.55,-54.800000000000004,13.3,40,3.222,-0.499,0,
B-C-low-3,1.44479,1790323578.8831,const,23.3934,7.5596,0.374,0.2,2.6,-1,2.646,-0.6693,23.368,2068,-8.55,54.0,13.6,39,1998,8.05,-56.400000000000006,13.3,40,3.222,-0.575,0,
B-C-low-3,1.44679,1790323578.8851,const,23.3934,7.5596,0.374,0.2,2.6,-1,2.608,-0.334,23.369,2067,-8.55,54.0,13.6,39,1999,8.05,-56.400000000000006,13.3,40,3.183,-0.575,0,
B-C-low-3,1.44879,1790323578.8871,const,23.3934,7.5596,0.374,0.2,2.6,-1,2.531,-0.6693,23.37,2065,-9.06,53.1,13.6,39,2000,7.55,-57.300000000000004,13.3,40,3.145,-0.614,0,
B-C-low-3,1.45079,1790323578.8891,const,23.3934,7.5596,0.374,0.2,2.6,-1,2.493,-0.3346,23.371,2064,-8.55,54.0,13.6,39,2001,8.05,-56.400000000000006,13.3,40,3.107,-0.614,0,
B-C-low-3,1.45278,1790323578.8911,const,23.3934,7.5596,0.374,0.2,2.6,-1,2.493,0.0,23.371,2064,-8.05,55.6,13.6,39,2002,7.55,-57.300000000000004,13.3,40,3.068,-0.575,0,
B-C-low-3,1.45479,1790323578.8931,const,23.3934,7.5596,0.374,0.2,2.6,-1,2.455,-0.3344,23.372,2063,-8.05,55.6,13.6,39,2003,7.55,-57.300000000000004,13.3,40,3.03,-0.575,0,
B-C-low-3,1.45678,1790323578.8951,const,23.3934,7.5596,0.374,0.2,2.6,-1,2.416,-0.335,23.373,2062,-8.05,55.6,13.6,39,2003,7.04,-59.0,13.3,40,3.03,-0.614,0,
B-C-low-3,1.45978,1790323578.8981,const,23.3934,7.5596,0.374,0.2,2.6,-1,2.378,-0.2237,23.373,2061,-8.05,55.6,13.6,39,2005,7.04,-59.0,13.3,40,2.953,-0.575,0,
B-C-low-3,1.46178,1790323578.9001,const,23.3934,7.5596,0.374,0.2,2.6,-1,2.339,-0.3348,23.374,2060,-8.55,54.0,13.6,39,2005,7.04,-59.800000000000004,13.3,40,2.953,-0.614,0,
B-C-low-3,1.46279,1790323578.9011,const,23.3934,7.5596,0.374,0.2,2.6,-1,2.301,-0.6612,23.374,2059,-8.05,55.6,13.6,39,2006,6.54,-60.7,13.3,40,2.915,-0.614,0,
B-C-low-3,1.46479,1790323578.9031,const,23.3934,7.5596,0.374,0.2,2.6,-1,2.263,-0.3351,23.375,2058,-8.05,55.6,13.6,39,2008,7.04,-59.0,13.3,40,2.838,-0.575,0,
B-C-low-3,1.46778,1790323578.9061,const,23.3934,7.5596,0.374,0.2,2.6,-1,2.224,-0.2238,23.376,2057,-7.55,56.5,13.6,39,2008,6.04,-61.5,13.3,40,2.838,-0.614,0,
B-C-low-3,1.46978,1790323578.9081,const,23.3934,7.5596,0.374,0.2,2.6,-1,2.186,-0.3348,23.376,2056,-7.55,56.5,13.6,39,2009,6.54,-60.7,13.3,40,2.8,-0.614,0,
B-C-low-3,1.47178,1790323578.9101,const,23.3934,7.5596,0.374,0.2,2.6,-1,2.148,-0.3346,23.377,2055,-8.05,55.6,13.6,39,2010,6.54,-60.7,13.3,40,2.761,-0.614,0,
B-C-low-3,1.47279,1790323578.9111,const,23.3934,7.5596,0.374,0.2,2.6,-1,2.109,-0.6629,23.377,2054,-7.55,57.300000000000004,13.6,39,2011,6.54,-60.7,13.3,40,2.723,-0.614,0,
B-C-low-3,1.47479,1790323578.9131,const,23.3934,7.5596,0.374,0.2,2.6,-1,2.071,-0.3345,23.378,2053,-7.55,57.300000000000004,13.6,39,2012,6.54,-60.7,13.3,40,2.685,-0.614,0,
B-C-low-3,1.47778,1790323578.9161,const,23.3934,7.5596,0.374,0.2,2.6,-1,2.033,-0.2238,23.379,2052,-7.04,58.2,13.6,39,2013,6.54,-60.7,13.3,40,2.646,-0.614,0,
B-C-low-3,1.47978,1790323578.9181,const,23.3934,7.5596,0.374,0.2,2.6,-1,1.994,-0.335,23.379,2051,-7.04,58.2,13.6,39,2014,7.04,-59.800000000000004,13.3,40,2.608,-0.614,0,
B-C-low-3,1.48079,1790323578.9191,const,23.3934,7.5596,0.374,0.2,2.6,-1,1.956,-0.6612,23.38,2050,-7.04,59.0,13.6,39,2016,7.04,-59.800000000000004,13.3,40,2.531,-0.575,0,
B-C-low-3,1.48279,1790323578.9211,const,23.3934,7.5596,0.374,0.2,2.6,-1,1.918,-0.3348,23.38,2049,-7.04,59.0,13.6,39,2017,7.04,-59.800000000000004,13.3,40,2.493,-0.575,0,
B-C-low-3,1.48479,1790323578.9231,const,23.3934,7.5596,0.374,0.2,2.6,-1,1.841,-0.6697,23.381,2047,-8.05,56.400000000000006,13.6,39,2018,7.55,-58.900000000000006,13.3,40,2.455,-0.614,0,
B-C-low-3,1.48679,1790323578.9251,const,23.3934,7.5596,0.374,0.2,2.6,-1,1.841,0.0,23.381,2047,-7.04,59.0,13.6,39,2018,7.04,-60.6,13.3,40,2.455,-0.614,0,
B-C-low-3,1.48879,1790323578.9271,const,23.3934,7.5596,0.374,0.2,2.6,-1,1.764,-0.6692,23.382,2045,-8.05,56.400000000000006,13.6,39,2020,7.55,-58.900000000000006,13.3,40,2.378,-0.614,0,
B-C-low-3,1.49079,1790323578.9291,const,23.3934,7.5596,0.374,0.2,2.6,-1,1.688,-0.6697,23.383,2043,-8.05,55.6,13.6,39,2021,7.55,-58.900000000000006,13.3,40,2.339,-0.652,0,
B-C-low-3,1.49279,1790323578.9311,const,23.3934,7.5596,0.374,0.2,2.6,-1,1.688,0.0,23.383,2043,-7.55,57.300000000000004,13.6,39,2023,8.05,-57.2,13.3,40,2.263,-0.575,0,
B-C-low-3,1.49479,1790323578.9331,const,23.3934,7.5596,0.374,0.2,2.6,-1,1.649,-0.3348,23.384,2042,-7.55,57.300000000000004,13.6,39,2024,8.55,-56.400000000000006,13.3,40,2.224,-0.575,0,
B-C-low-3,1.49679,1790323578.9351,const,23.3934,7.5596,0.374,0.2,2.6,-1,1.572,-0.6691,23.385,2040,-8.55,54.800000000000004,13.6,39,2025,8.55,-56.400000000000006,13.3,40,2.186,-0.614,0,
B-C-low-3,1.49978,1790323578.9381,const,23.3934,7.5596,0.374,0.2,2.6,-1,1.534,-0.2239,23.385,2039,-8.05,56.400000000000006,13.6,39,2026,8.05,-58.0,13.3,40,2.148,-0.614,0,
B-C-low-3,1.50178,1790323578.9401,const,23.3934,7.5596,0.374,0.2,2.6,-1,1.496,-0.3348,23.385,2038,-8.55,55.6,13.6,39,2027,8.55,-57.2,13.3,40,2.109,-0.614,0,
B-C-low-3,1.50378,1790323578.9421,const,23.3934,7.5596,0.374,0.2,2.6,-1,1.419,-0.6693,23.386,2036,-8.55,54.800000000000004,13.6,39,2029,9.06,-55.5,13.3,40,2.033,-0.614,0,
B-C-low-3,1.50479,1790323578.9431,const,23.3934,7.5596,0.374,0.2,2.6,-1,1.419,0.0,23.386,2036,-8.05,56.400000000000006,13.6,39,2029,8.05,-58.0,13.3,40,2.033,-0.614,0,
B-C-low-3,1.50679,1790323578.9451,const,23.3934,7.5596,0.374,0.2,2.6,-1,1.381,-0.3346,23.387,2035,-8.55,55.6,13.6,39,2031,8.55,-56.400000000000006,13.3,40,1.956,-0.575,0,
B-C-low-3,1.50978,1790323578.9481,const,23.3934,7.5596,0.374,0.2,2.6,-1,1.304,-0.4478,23.387,2033,-8.55,54.800000000000004,13.6,39,2033,9.06,-55.5,13.3,40,1.879,-0.575,0,
B-C-low-3,1.51178,1790323578.9501,const,23.3934,7.5596,0.374,0.2,2.6,-1,1.266,-0.3347,23.388,2032,-9.06,53.900000000000006,13.6,39,2034,9.06,-55.5,13.3,40,1.841,-0.575,0,
B-C-low-3,1.51279,1790323578.9511,const,23.3934,7.5596,0.374,0.2,2.6,-1,1.189,-1.3234,23.388,2030,-9.06,53.900000000000006,13.6,39,2035,9.06,-55.5,13.3,40,1.803,-0.614,0,
B-C-low-3,1.51479,1790323578.9531,const,23.3934,7.5596,0.374,0.2,2.6,-1,1.151,-0.3352,23.389,2029,-9.06,53.900000000000006,13.6,39,2037,9.56,-53.800000000000004,13.3,40,1.726,-0.575,0,
B-C-low-3,1.51778,1790323578.9561,const,23.3934,7.5596,0.374,0.2,2.6,-1,1.112,-0.2237,23.389,2028,-9.06,53.900000000000006,13.6,39,2038,9.56,-53.800000000000004,13.3,40,1.688,-0.575,0,
B-C-low-3,1.51978,1790323578.9581,const,23.3934,7.5596,0.374,0.2,2.6,-1,1.036,-0.6693,23.389,2026,-9.56,52.2,13.6,39,2039,9.56,-53.800000000000004,13.3,40,1.649,-0.614,0,
B-C-low-3,1.52178,1790323578.9601,const,23.3934,7.5596,0.374,0.2,2.6,-1,0.997,-0.3348,23.39,2025,-9.06,53.1,13.6,39,2041,10.06,-52.1,13.3,40,1.572,-0.575,0,
B-C-low-3,1.52279,1790323578.9611,const,23.3934,7.5596,0.374,0.2,2.6,-1,0.959,-0.662,23.39,2024,-9.06,53.1,13.6,39,2042,9.06,-53.900000000000006,13.3,40,1.534,-0.575,0,
B-C-low-3,1.52479,1790323578.9631,const,23.3934,7.5596,0.374,0.2,2.6,-1,0.882,-0.6694,23.391,2022,-9.56,51.400000000000006,13.6,39,2044,10.06,-51.300000000000004,13.3,40,1.457,-0.575,0,
B-C-low-3,1.52679,1790323578.9651,const,23.3934,7.5596,0.374,0.2,2.6,-1,0.882,0.0,23.391,2022,-9.06,53.1,13.6,39,2045,10.06,-51.300000000000004,13.3,40,1.419,-0.537,0,
B-C-low-3,1.52879,1790323578.9671,const,23.3934,7.5596,0.374,0.2,2.6,-1,0.805,-0.6693,23.391,2020,-9.56,51.400000000000006,13.6,39,2046,10.06,-51.300000000000004,13.3,40,1.381,-0.575,0,
B-C-low-3,1.53079,1790323578.9691,const,23.3934,7.5596,0.374,0.2,2.6,-1,0.729,-0.6695,23.391,2018,-9.56,51.400000000000006,13.6,39,2047,9.56,-53.0,13.3,40,1.342,-0.614,0,
B-C-low-3,1.53279,1790323578.9711,const,23.3934,7.5596,0.374,0.2,2.6,-1,0.69,-0.3344,23.392,2017,-9.56,51.400000000000006,13.7,39,2048,9.56,-53.0,13.4,40,1.304,-0.614,0,
B-C-low-3,1.53479,1790323578.9731,const,23.3934,7.5596,0.374,0.2,2.6,-1,0.652,-0.335,23.392,2016,-9.56,51.400000000000006,13.7,39,2050,10.06,-51.300000000000004,13.4,40,1.227,-0.575,0,
B-C-low-3,1.53679,1790323578.9751,const,23.3934,7.5596,0.374,0.2,2.6,-1,0.614,-0.3347,23.392,2015,-9.56,51.400000000000006,13.7,39,2051,9.56,-52.2,13.4,40,1.189,-0.575,0,
B-C-low-3,1.53879,1790323578.9771,const,23.3934,7.5596,0.374,0.2,2.6,-1,0.575,-0.3348,23.392,2014,-9.06,52.300000000000004,13.7,39,2052,9.56,-52.2,13.4,40,1.151,-0.575,0,
B-C-low-3,1.54079,1790323578.9791,const,23.3934,7.5596,0.374,0.2,2.6,-1,0.537,-0.3347,23.392,2013,-8.55,53.2,13.7,39,2053,9.06,-53.1,13.4,40,1.112,-0.575,0,
B-C-low-3,1.54279,1790323578.9811,const,23.3934,7.5596,0.374,0.2,2.6,-1,0.499,-0.3345,23.392,2012,-8.55,53.2,13.7,39,2054,9.06,-53.1,13.4,40,1.074,-0.575,0,
B-C-low-3,1.54479,1790323578.9831,const,23.3934,7.5596,0.374,0.2,2.6,-1,0.46,-0.3347,23.393,2011,-8.55,53.2,13.7,39,2055,8.55,-54.0,13.4,40,1.036,-0.575,0,
B-C-low-3,1.54679,1790323578.9851,const,23.3934,7.5596,0.374,0.2,2.6,-1,0.422,-0.3348,23.393,2010,-8.55,53.2,13.7,39,2056,8.55,-54.0,13.4,40,0.997,-0.575,0,
B-C-low-3,1.54978,1790323578.9881,const,23.3934,7.5596,0.374,0.2,2.6,-1,0.384,-0.2239,23.393,2009,-8.55,53.2,13.7,39,2057,8.05,-55.6,13.4,40,0.959,-0.575,0,
B-C-low-3,1.55178,1790323578.9901,const,23.3934,7.5596,0.374,0.2,2.6,-1,0.384,0.0,23.393,2009,-8.05,54.800000000000004,13.7,39,2059,8.55,-54.0,13.4,40,0.882,-0.499,0,
B-C-low-3,1.55378,1790323578.9921,const,23.3934,7.5596,0.374,0.2,2.6,-1,0.345,-0.3348,23.393,2008,-8.05,55.6,13.7,39,2060,8.55,-54.0,13.4,40,0.844,-0.499,0,
B-C-low-3,1.55479,1790323578.9931,const,23.3934,7.5596,0.374,0.2,2.6,-1,0.307,-0.6625,23.393,2007,-7.55,56.5,13.7,39,2060,8.05,-55.6,13.4,40,0.844,-0.537,0,
B-C-low-3,1.55679,1790323578.9951,const,23.3934,7.5596,0.374,0.2,2.6,-1,0.23,-0.6695,23.393,2005,-8.05,54.800000000000004,13.7,39,2061,8.05,-55.6,13.4,40,0.805,-0.575,0,
B-C-low-3,1.55978,1790323578.9981,const,23.3934,7.5596,0.374,0.2,2.6,-1,0.23,0.0,23.393,2005,-7.04,57.400000000000006,13.7,39,2062,7.55,-56.5,13.4,40,0.767,-0.537,0,
B-C-low-3,1.56178,1790323579.0001,const,23.3934,7.5596,0.374,0.2,2.6,-1,0.153,-0.6685,23.393,2003,-7.55,55.7,13.7,39,2063,7.55,-56.5,13.4,40,0.729,-0.575,0,
B-C-low-3,1.5628,1790323579.0011,const,23.3934,7.5596,0.374,0.2,2.6,-1,0.115,-0.6564,23.393,2002,-7.04,57.400000000000006,13.7,39,2064,7.55,-56.5,13.4,40,0.69,-0.575,0,
B-C-low-3,1.56479,1790323579.0031,const,23.3934,7.5596,0.374,0.2,2.6,-1,0.115,0.0,23.393,2002,-7.04,58.2,13.7,39,2065,7.55,-56.5,13.4,40,0.652,-0.537,0,
B-C-low-3,1.56778,1790323579.0061,const,23.3934,7.5596,0.374,0.2,2.6,-1,0.077,-0.2242,23.393,2001,-7.04,58.2,13.7,39,2066,7.55,-56.5,13.4,40,0.614,-0.537,0,
B-C-low-3,1.56978,1790323579.0081,const,23.3934,7.5596,0.374,0.2,2.6,-1,0.038,-0.3348,23.393,2000,-7.04,58.2,13.7,39,2066,7.04,-58.2,13.4,40,0.614,-0.575,0,
B-C-low-3,1.57178,1790323579.0101,const,23.3934,7.5596,0.374,0.2,2.6,-1,0.0,-0.3347,23.393,1999,-7.04,58.2,13.7,39,2067,7.04,-58.2,13.4,40,0.575,-0.575,0,
B-C-low-3,1.57279,1790323579.0111,const,23.3934,7.5596,0.374,0.2,2.6,-1,-0.038,-0.6612,23.393,1998,-7.04,58.2,13.7,39,2068,6.54,-59.900000000000006,13.4,40,0.537,-0.575,0,
B-C-low-3,1.57479,1790323579.0131,const,23.3934,7.5596,0.374,0.2,2.6,-1,-0.115,-0.6696,23.393,1996,-7.55,56.5,13.7,39,2070,7.04,-58.2,13.4,40,0.46,-0.575,0,
B-C-low-3,1.57679,1790323579.0151,const,23.3934,7.5596,0.374,0.2,2.6,-1,-0.115,0.0,23.393,1996,-6.54,59.1,13.7,39,2070,6.54,-59.900000000000006,13.4,40,0.46,-0.575,0,
B-C-low-3,1.57879,1790323579.0171,const,23.3934,7.5596,0.374,0.2,2.6,-1,-0.153,-0.3348,23.393,1995,-7.04,58.2,13.7,39,2072,7.55,-57.300000000000004,13.4,40,0.384,-0.537,0,
B-C-low-3,1.58079,1790323579.0191,const,23.3934,7.5596,0.374,0.2,2.6,-1,-0.192,-0.3344,23.393,1994,-7.04,59.0,13.7,39,2074,7.04,-57.400000000000006,13.4,40,0.307,-0.499,0,
B-C-low-3,1.58279,1790323579.0211,const,23.3934,7.5596,0.374,0.2,2.6,-1,-0.23,-0.335,23.393,1993,-7.04,59.0,13.7,39,2074,7.04,-58.2,13.4,40,0.307,-0.537,0,
B-C-low-3,1.58479,1790323579.0231,const,23.3934,7.5596,0.374,0.2,2.6,-1,-0.307,-0.6694,23.393,1991,-7.55,57.300000000000004,13.7,39,2075,7.55,-57.300000000000004,13.4,40,0.268,-0.575,0,
B-C-low-3,1.58679,1790323579.0251,const,23.3934,7.5596,0.374,0.2,2.6,-1,-0.307,0.0,23.393,1991,-7.04,59.0,13.7,39,2076,7.55,-57.300000000000004,13.4,40,0.23,-0.537,0,
B-C-low-3,1.58879,1790323579.0271,const,23.3934,7.5596,0.374,0.2,2.6,-1,-0.345,-0.3347,23.393,1990,-7.04,59.0,13.7,39,2077,7.55,-57.300000000000004,13.4,40,0.192,-0.537,0,
B-C-low-3,1.59178,1790323579.0301,const,23.3934,7.5596,0.374,0.2,2.6,-1,-0.422,-0.4477,23.393,1988,-7.55,58.1,13.7,39,2079,7.55,-57.300000000000004,13.4,40,0.115,-0.537,0,
B-C-low-3,1.59378,1790323579.0321,const,23.3934,7.5596,0.374,0.2,2.6,-1,-0.46,-0.3349,23.393,1987,-7.55,58.1,13.7,39,2080,8.05,-56.400000000000006,13.4,40,0.077,-0.537,0,
B-C-low-3,1.59479,1790323579.0331,const,23.3934,7.5596,0.374,0.2,2.6,-1,-0.499,-0.6615,23.392,1986,-7.55,58.1,13.7,39,2081,8.05,-56.400000000000006,13.4,40,0.038,-0.537,0,
B-C-low-3,1.59679,1790323579.0351,const,23.3934,7.5596,0.374,0.2,2.6,-1,-0.575,-0.6693,23.392,1984,-8.05,56.400000000000006,13.7,39,2082,8.05,-56.400000000000006,13.4,40,0.0,-0.575,0,
B-C-low-3,1.59978,1790323579.0381,const,23.3934,7.5596,0.374,0.2,2.6,-1,-0.575,0.0,23.392,1984,-8.55,55.6,13.7,39,2084,8.55,-54.800000000000004,13.4,40,-0.077,-0.499,0,
B-C-low-3,1.60178,1790323579.0401,const,23.3934,7.5596,0.374,0.2,2.6,-1,-0.614,-0.3347,23.392,1983,-8.05,56.400000000000006,13.7,39,2085,8.55,-54.800000000000004,13.4,40,-0.115,-0.499,0,
B-C-low-3,1.60378,1790323579.0421,const,23.3934,7.5596,0.374,0.2,2.6,-1,-0.652,-0.3348,23.392,1982,-8.55,55.6,13.7,39,2086,8.55,-54.800000000000004,13.4,40,-0.153,-0.499,0,
B-C-low-3,1.60479,1790323579.0431,const,23.3934,7.5596,0.374,0.2,2.6,-1,-0.729,-1.3243,23.391,1980,-8.55,54.800000000000004,13.7,39,2087,8.55,-54.800000000000004,13.4,40,-0.192,-0.537,0,
B-C-low-3,1.60679,1790323579.0451,const,23.3934,7.5596,0.374,0.2,2.6,-1,-0.767,-0.3346,23.391,1979,-9.06,53.900000000000006,13.7,39,2088,8.55,-54.800000000000004,13.4,40,-0.23,-0.537,0,
B-C-low-3,1.60978,1790323579.0481,const,23.3934,7.5596,0.374,0.2,2.6,-1,-0.805,-0.224,23.391,1978,-8.55,54.800000000000004,13.7,39,2088,7.55,-57.300000000000004,13.4,40,-0.23,-0.575,0,
B-C-low-3,1.61178,1790323579.0501,const,23.3934,7.5596,0.374,0.2,2.6,-1,-0.844,-0.3344,23.391,1977,-9.06,53.900000000000006,13.7,39,2090,8.05,-55.6,13.4,40,-0.307,-0.537,0,
B-C-low-3,1.61279,1790323579.0511,const,23.3934,7.5596,0.374,0.2,2.6,-1,-0.882,-0.6628,23.391,1976,-8.55,55.6,13.7,39,2092,8.55,-54.800000000000004,13.4,40,-0.384,-0.499,0,
B-C-low-3,1.61479,1790323579.0531,const,23.3934,7.5596,0.374,0.2,2.6,-1,-0.959,-0.6693,23.39,1974,-9.56,53.0,13.7,39,2093,8.55,-54.800000000000004,13.4,40,-0.422,-0.537,0,
B-C-low-3,1.61679,1790323579.0551,const,23.3934,7.5596,0.374,0.2,2.6,-1,-0.959,0.0,23.39,1974,-8.55,55.6,13.7,39,2094,8.55,-54.800000000000004,13.4,40,-0.46,-0.499,0,
B-C-low-3,1.61879,1790323579.0571,const,23.3934,7.5596,0.374,0.2,2.6,-1,-0.997,-0.335,23.39,1973,-8.55,55.6,13.7,39,2095,8.55,-54.800000000000004,13.4,40,-0.499,-0.499,0,
B-C-low-3,1.62079,1790323579.0591,const,23.3934,7.5596,0.374,0.2,2.6,-1,-1.074,-0.6693,23.389,1971,-9.06,53.900000000000006,13.7,39,2096,8.55,-54.800000000000004,13.4,40,-0.537,-0.537,0,
B-C-low-3,1.62279,1790323579.0611,const,23.3934,7.5596,0.374,0.2,2.6,-1,-1.112,-0.3349,23.389,1970,-8.55,54.800000000000004,13.7,39,2098,8.55,-54.800000000000004,13.4,40,-0.614,-0.499,0,
B-C-low-3,1.62479,1790323579.0631,const,23.3934,7.5596,0.374,0.2,2.6,-1,-1.151,-0.3345,23.389,1969,-8.55,54.800000000000004,13.7,39,2099,9.06,-53.900000000000006,13.4,40,-0.652,-0.499,0,
B-C-low-3,1.62679,1790323579.0651,const,23.3934,7.5596,0.374,0.2,2.6,-1,-1.189,-0.3348,23.388,1968,-8.55,54.800000000000004,13.7,39,2100,8.55,-54.800000000000004,13.4,40,-0.69,-0.499,0,
B-C-low-3,1.62879,1790323579.0671,const,23.3934,7.5596,0.374,0.2,2.6,-1,-1.227,-0.3344,23.388,1967,-8.05,55.6,13.7,39,2101,8.55,-54.800000000000004,13.4,40,-0.729,-0.499,0,
B-C-low-3,1.63079,1790323579.0691,const,23.3934,7.5596,0.374,0.2,2.6,-1,-1.266,-0.3348,23.388,1966,-8.05,56.400000000000006,13.7,39,2102,8.55,-54.800000000000004,13.4,40,-0.767,-0.499,0,
B-C-low-3,1.63279,1790323579.0711,const,23.3934,7.5596,0.374,0.2,2.6,-1,-1.342,-0.6693,23.387,1964,-8.55,54.800000000000004,13.7,39,2102,8.05,-56.400000000000006,13.4,40,-0.767,-0.575,0,
B-C-low-3,1.63479,1790323579.0731,const,23.3934,7.5596,0.374,0.2,2.6,-1,-1.381,-0.3346,23.387,1963,-8.55,54.800000000000004,13.7,39,2103,8.05,-56.400000000000006,13.4,40,-0.805,-0.575,0,
B-C-low-3,1.63679,1790323579.0751,const,23.3934,7.5596,0.374,0.2,2.6,-1,-1.419,-0.3347,23.386,1962,-8.05,55.6,13.7,39,2105,8.55,-54.800000000000004,13.4,40,-0.882,-0.537,0,
B-C-low-3,1.63877,1790323579.0771,const,23.3934,7.5596,0.374,0.2,2.6,-1,-1.457,-0.3382,23.386,1961,-8.55,54.800000000000004,13.7,39,2105,8.05,-56.400000000000006,13.4,40,-0.882,-0.575,0,
B-C-low-3,1.64178,1790323579.0801,const,23.3934,7.5596,0.374,0.2,2.6,-1,-1.496,-0.2223,23.385,1960,-8.05,55.6,13.7,39,2107,8.05,-56.400000000000006,13.4,40,-0.959,-0.537,0,
B-C-low-3,1.64378,1790323579.0821,const,23.3934,7.5596,0.374,0.2,2.6,-1,-1.534,-0.3348,23.385,1959,-8.55,54.800000000000004,13.7,39,2107,7.55,-58.1,13.4,40,-0.959,-0.575,0,
B-C-low-3,1.64477,1790323579.0831,const,23.3934,7.5596,0.374,0.2,2.6,-1,-1.534,0.0,23.385,1959,-7.55,58.1,13.7,39,2108,7.55,-58.1,13.4,40,-0.997,-0.537,0,
B-C-low-3,1.64677,1790323579.0851,const,23.3934,7.5596,0.374,0.2,2.6,-1,-1.572,-0.3348,23.385,1958,-7.55,58.1,13.7,39,2109,7.55,-58.1,13.4,40,-1.036,-0.537,0,
B-C-low-3,1.64979,1790323579.0881,const,23.3934,7.5596,0.374,0.2,2.6,-1,-1.611,-0.222,23.384,1957,-7.55,58.1,13.8,39,2109,7.04,-59.800000000000004,15.3,40,-1.036,-0.575,0,
B-C-low-3,1.65178,1790323579.0901,const,23.3934,7.5596,0.374,0.2,2.6,-1,-1.611,0.0,23.384,1957,-7.04,59.800000000000004,13.8,39,2110,7.04,-59.800000000000004,15.3,40,-1.074,-0.537,0,
B-C-low-3,1.65378,1790323579.0921,const,23.3934,7.5596,0.374,0.2,2.6,-1,-1.649,-0.3342,23.384,1956,-7.04,59.800000000000004,13.8,39,2111,6.54,-60.7,15.3,40,-1.112,-0.537,0,
B-C-low-3,1.65477,1790323579.0931,const,23.3934,7.5596,0.374,0.2,2.6,-1,-1.726,-1.3547,23.383,1954,-7.04,59.0,13.8,39,2112,6.54,-60.7,15.3,40,-1.151,-0.575,0,
B-C-low-3,1.65677,1790323579.0951,const,23.3934,7.5596,0.374,0.2,2.6,-1,-1.726,0.0,23.383,1954,-6.54,60.7,13.8,39,2113,6.54,-60.7,15.3,40,-1.189,-0.537,0,
B-C-low-3,1.65877,1790323579.0971,const,23.3934,7.5596,0.374,0.2,2.6,-1,-1.764,-0.3346,23.382,1953,-6.54,60.7,13.8,39,2114,6.54,-60.7,15.3,40,-1.227,-0.537,0,
B-C-low-3,1.66178,1790323579.1001,const,23.3934,7.5596,0.374,0.2,2.6,-1,-1.803,-0.2223,23.382,1952,-7.04,59.800000000000004,13.8,39,2114,6.04,-62.300000000000004,15.3,40,-1.227,-0.575,0,
B-C-low-3,1.66277,1790323579.1011,const,23.3934,7.5596,0.374,0.2,2.6,-1,-1.841,-0.6759,23.381,1951,-6.54,61.5,13.8,39,2116,6.54,-61.5,15.3,40,-1.304,-0.537,0,
B-C-low-3,1.66477,1790323579.1031,const,23.3934,7.5596,0.374,0.2,2.6,-1,-1.841,0.0,23.381,1951,-6.04,63.1,13.8,39,2116,6.04,-63.1,15.3,40,-1.304,-0.537,0,
B-C-low-3,1.66677,1790323579.1051,const,23.3934,7.5596,0.374,0.2,2.6,-1,-1.918,-0.6694,23.38,1949,-6.54,61.5,13.8,39,2117,6.04,-63.1,15.3,40,-1.342,-0.575,0,
B-C-low-3,1.66877,1790323579.1071,const,23.3934,7.5596,0.374,0.2,2.6,-1,-1.956,-0.3346,23.38,1948,-6.04,62.300000000000004,13.8,39,2118,6.54,-62.300000000000004,15.3,40,-1.381,-0.575,0,
B-C-low-3,1.67077,1790323579.1091,const,23.3934,7.5596,0.374,0.2,2.6,-1,-1.994,-0.335,23.379,1947,-6.04,62.300000000000004,13.8,39,2119,6.04,-63.1,15.3,40,-1.419,-0.575,0,
B-C-low-3,1.67277,1790323579.1111,const,23.3934,7.5596,0.374,0.2,2.6,-1,-2.033,-0.3342,23.379,1946,-6.54,62.300000000000004,13.8,39,2121,7.04,-60.6,15.3,40,-1.496,-0.537,0,
B-C-low-3,1.67477,1790323579.1131,const,23.3934,7.5596,0.374,0.2,2.6,-1,-2.071,-0.3349,23.378,1945,-6.54,62.300000000000004,13.8,39,2122,7.04,-60.6,15.3,40,-1.534,-0.537,0,
B-C-low-3,1.67677,1790323579.1151,const,23.3934,7.5596,0.374,0.2,2.6,-1,-2.109,-0.3344,23.377,1944,-6.54,62.300000000000004,13.8,39,2122,6.54,-62.300000000000004,15.3,40,-1.534,-0.575,0,
B-C-low-3,1.67878,1790323579.1171,const,23.3934,7.5596,0.374,0.2,2.6,-1,-2.148,-0.3341,23.377,1943,-6.54,62.300000000000004,13.8,39,2123,6.54,-62.300000000000004,15.3,40,-1.572,-0.575,0,
B-C-low-3,1.68176,1790323579.1201,const,23.3934,7.5596,0.374,0.2,2.6,-1,-2.224,-0.4487,23.376,1941,-7.55,59.7,13.8,39,2124,6.54,-63.1,15.3,40,-1.611,-0.614,0,
B-C-low-3,1.68376,1790323579.1221,const,23.3934,7.5596,0.374,0.2,2.6,-1,-2.224,0.0,23.376,1941,-7.55,59.7,13.8,39,2125,7.04,-62.2,15.3,40,-1.649,-0.575,0,
B-C-low-3,1.68576,1790323579.1241,const,23.3934,7.5596,0.374,0.2,2.6,-1,-2.301,-0.6695,23.374,1939,-7.55,59.7,13.8,39,2126,7.04,-62.2,15.3,40,-1.688,-0.614,0,
B-C-low-3,1.68677,1790323579.1251,const,23.3934,7.5596,0.374,0.2,2.6,-1,-2.339,-0.6618,23.374,1938,-7.55,59.7,13.8,39,2127,7.04,-62.2,15.3,40,-1.726,-0.614,0,
B-C-low-3,1.68877,1790323579.1271,const,23.3934,7.5596,0.374,0.2,2.6,-1,-2.378,-0.3348,23.373,1937,-8.05,58.800000000000004,13.8,39,2128,6.54,-63.1,15.3,40,-1.764,-0.614,0,
B-C-low-3,1.69176,1790323579.1301,const,23.3934,7.5596,0.374,0.2,2.6,-1,-2.416,-0.2239,23.373,1936,-8.05,58.800000000000004,13.8,39,2129,6.54,-63.1,15.3,40,-1.803,-0.614,0,
B-C-low-3,1.69377,1790323579.1321,const,23.3934,7.5596,0.374,0.2,2.6,-1,-2.416,0.0,23.373,1936,-7.55,60.5,13.8,39,2130,7.04,-62.2,15.3,40,-1.841,-0.575,0,
B-C-low-3,1.69477,1790323579.1331,const,23.3934,7.5596,0.374,0.2,2.6,-1,-2.493,-1.3262,23.371,1934,-8.05,59.6,13.8,39,2131,7.04,-62.2,15.3,40,-1.879,-0.614,0,
B-C-low-3,1.69677,1790323579.1351,const,23.3934,7.5596,0.374,0.2,2.6,-1,-2.531,-0.3349,23.37,1933,-8.05,59.6,13.8,39,2132,7.04,-62.2,15.3,40,-1.918,-0.614,0,
B-C-low-3,1.69976,1790323579.1381,const,23.3934,7.5596,0.374,0.2,2.6,-1,-2.608,-0.4477,23.369,1931,-8.55,58.0,13.8,39,2133,7.04,-62.2,15.3,40,-1.956,-0.652,0,
B-C-low-3,1.70176,1790323579.1401,const,23.3934,7.5596,0.374,0.2,2.6,-1,-2.646,-0.3348,23.368,1930,-8.55,58.0,13.8,39,2134,7.04,-62.2,15.3,40,-1.994,-0.652,0,
B-C-low-3,1.70376,1790323579.1421,const,23.3934,7.5596,0.374,0.2,2.6,-1,-2.685,-0.3347,23.368,1929,-8.55,58.0,13.8,39,2136,7.55,-60.5,15.3,40,-2.071,-0.614,0,
B-C-low-3,1.70477,1790323579.1431,const,23.3934,7.5596,0.374,0.2,2.6,-1,-2.761,-1.3234,23.366,1927,-9.06,56.300000000000004,13.8,39,2137,7.55,-61.300000000000004,15.3,40,-2.109,-0.652,0,
B-C-low-3,1.70677,1790323579.1451,const,23.3934,7.5596,0.374,0.2,2.6,-1,-2.8,-0.3349,23.365,1926,-8.55,57.2,13.8,39,2138,7.55,-61.300000000000004,15.3,40,-2.148,-0.652,0,
B-C-low-3,1.70888,1790323579.1472,const,23.3934,7.5596,0.374,0.2,2.6,-1,-2.838,-0.318,23.365,1925,-8.55,58.0,13.8,39,2139,8.05,-60.400000000000006,15.3,40,-2.186,-0.652,0,
B-C-low-3,1.71084,1790323579.1492,const,23.3934,7.5596,0.374,0.2,2.6,-1,-2.876,-0.3413,23.364,1924,-8.55,58.0,13.8,39,2141,8.55,-58.800000000000004,15.3,40,-2.263,-0.614,0,
B-C-low-3,1.71283,1790323579.1512,const,23.3934,7.5596,0.374,0.2,2.6,-1,-2.953,-0.6714,23.362,1922,-8.55,57.2,13.8,39,2142,8.05,-59.6,15.3,40,-2.301,-0.652,0,
B-C-low-3,1.71486,1790323579.1532,const,23.3934,7.5596,0.374,0.2,2.6,-1,-3.03,-0.661,23.361,1920,-9.56,54.6,13.8,39,2144,9.06,-57.1,15.3,40,-2.378,-0.652,0,
B-C-low-3,1.71684,1790323579.1552,const,23.3934,7.5596,0.374,0.2,2.6,-1,-3.068,-0.3371,23.36,1919,-9.56,54.6,13.8,39,2145,9.06,-57.1,15.3,40,-2.416,-0.652,0,
B-C-low-3,1.71886,1790323579.1572,const,23.3934,7.5596,0.374,0.2,2.6,-1,-3.107,-0.3328,23.359,1918,-9.56,54.6,13.8,39,2145,8.55,-58.800000000000004,15.3,40,-2.416,-0.69,0,
B-C-low-3,1.72084,1790323579.1592,const,23.3934,7.5596,0.374,0.2,2.6,-1,-3.145,-0.3375,23.358,1917,-9.56,54.6,13.8,39,2146,8.55,-58.800000000000004,15.3,40,-2.455,-0.69,0,
B-C-low-3,1.72383,1790323579.1622,const,23.3934,7.5596,0.374,0.2,2.6,-1,-3.183,-0.2235,23.357,1916,-9.06,56.300000000000004,13.8,39,2148,9.06,-57.900000000000006,15.3,40,-2.531,-0.652,0,
B-C-low-3,1.72583,1790323579.1641,const,23.3934,7.5596,0.374,0.2,2.6,-1,-3.222,-0.3355,23.356,1915,-9.06,56.300000000000004,13.8,39,2149,9.06,-57.900000000000006,15.3,40,-2.57,-0.652,0,
B-C-low-3,1.72686,1790323579.1652,const,23.3934,7.5596,0.374,0.2,2.6,-1,-3.26,-0.6491,23.355,1914,-9.06,56.300000000000004,13.8,39,2150,9.06,-57.900000000000006,15.3,40,-2.608,-0.652,0,
B-C-low-3,1.72884,1790323579.1672,const,23.3934,7.5596,0.374,0.2,2.6,-1,-3.298,-0.3375,23.355,1913,-9.06,56.300000000000004,13.8,39,2152,9.56,-56.2,15.3,40,-2.685,-0.614,0,
B-C-low-3,1.73185,1790323579.1702,const,23.3934,7.5596,0.374,0.2,2.6,-1,-3.375,-0.4459,23.353,1911,-9.56,54.6,13.8,39,2153,8.55,-58.0,15.3,40,-2.723,-0.652,0,
B-C-low-3,1.73382,1790323579.1721,const,23.3934,7.5596,0.374,0.2,2.6,-1,-3.375,0.0,23.353,1911,-8.55,57.2,13.8,39,2154,8.55,-58.0,15.3,40,-2.761,-0.614,0,
B-C-low-3,1.73583,1790323579.1741,const,23.3934,7.5596,0.374,0.2,2.6,-1,-3.413,-0.334,23.352,1910,-8.55,57.2,13.8,39,2156,9.06,-56.300000000000004,15.3,40,-2.838,-0.575,0,
B-C-low-3,1.73684,1790323579.1752,const,23.3934,7.5596,0.374,0.2,2.6,-1,-3.49,-1.3206,23.35,1908,-8.55,56.400000000000006,13.8,39,2157,9.06,-57.1,15.3,40,-2.876,-0.614,0,
B-C-low-3,1.73885,1790323579.1772,const,23.3934,7.5596,0.374,0.2,2.6,-1,-3.528,-0.3331,23.349,1907,-8.55,56.400000000000006,13.8,39,2158,9.06,-57.1,15.3,40,-2.915,-0.614,0,
B-C-low-3,1.74184,1790323579.1802,const,23.3934,7.5596,0.374,0.2,2.6,-1,-3.567,-0.2236,23.348,1906,-8.55,56.400000000000006,13.8,39,2159,9.06,-57.1,15.3,40,-2.953,-0.614,0,
B-C-low-3,1.74384,1790323579.1822,const,23.3934,7.5596,0.374,0.2,2.6,-1,-3.605,-0.3355,23.347,1905,-8.55,56.400000000000006,13.8,39,2160,9.06,-57.1,15.3,40,-2.991,-0.614,0,
B-C-low-3,1.74484,1790323579.1832,const,23.3934,7.5596,0.374,0.2,2.6,-1,-3.682,-1.3427,23.345,1903,-8.55,56.400000000000006,13.8,39,2162,9.06,-56.300000000000004,15.3,40,-3.068,-0.614,0,
B-C-low-3,1.74683,1790323579.1852,const,23.3934,7.5596,0.374,0.2,2.6,-1,-3.682,0.0,23.345,1903,-8.05,58.0,13.8,39,2163,9.06,-56.300000000000004,15.3,40,-3.107,-0.575,0,
B-C-low-3,1.74885,1790323579.1872,const,23.3934,7.5596,0.374,0.2,2.6,-1,-3.759,-0.6654,23.343,1901,-8.55,56.400000000000006,13.8,39,2164,9.06,-56.300000000000004,15.3,40,-3.145,-0.614,0,
B-C-low-3,1.75084,1790323579.1892,const,23.3934,7.5596,0.374,0.2,2.6,-1,-3.759,0.0,23.343,1901,-8.05,58.0,13.8,39,2164,8.55,-58.0,15.3,40,-3.145,-0.614,0,
B-C-low-3,1.75284,1790323579.1912,const,23.3934,7.5596,0.374,0.2,2.6,-1,-3.797,-0.3352,23.342,1900,-8.05,58.0,13.8,39,2165,8.55,-58.0,15.3,40,-3.183,-0.614,0,
B-C-low-3,1.75483,1790323579.1932,const,23.3934,7.5596,0.374,0.2,2.6,-1,-3.835,-0.3359,23.341,1899,-7.55,59.7,13.8,39,2166,8.05,-59.6,15.3,40,-3.222,-0.614,0,
B-C-low-3,1.75686,1790323579.1952,const,23.3934,7.5596,0.374,0.2,2.6,-1,-3.874,-0.331,23.34,1898,-7.55,59.7,13.8,39,2167,8.05,-59.6,15.3,40,-3.26,-0.614,0,
B-C-low-3,1.75885,1790323579.1972,const,23.3934,7.5596,0.374,0.2,2.6,-1,-3.912,-0.3355,23.339,1897,-7.55,59.7,13.8,39,2167,7.55,-61.300000000000004,15.3,40,-3.26,-0.652,0,
B-C-low-3,1.76085,1790323579.1992,const,23.3934,7.5596,0.374,0.2,2.6,-1,-3.95,-0.3359,23.338,1896,-7.55,59.7,13.8,39,2169,8.05,-59.6,15.3,40,-3.337,-0.614,0,
B-C-low-3,1.76284,1790323579.2012,const,23.3934,7.5596,0.374,0.2,2.6,-1,-3.989,-0.3354,23.337,1895,-7.55,59.7,13.8,39,2170,7.04,-61.400000000000006,15.3,40,-3.375,-0.614,0,
B-C-low-3,1.76483,1790323579.2031,const,23.3934,7.5596,0.374,0.2,2.6,-1,-4.027,-0.3364,23.336,1894,-7.55,59.7,13.8,39,2171,7.55,-60.5,15.3,40,-3.413,-0.614,0,
B-C-low-3,1.76684,1790323579.2052,const,23.3934,7.5596,0.374,0.2,2.6,-1,-4.065,-0.3332,23.334,1893,-7.55,59.7,13.8,39,2172,7.04,-61.400000000000006,14.5,40,-3.452,-0.614,0,
B-C-low-3,1.76887,1790323579.2072,const,23.3934,7.5596,0.374,0.2,2.6,-1,-4.065,0.0,23.334,1893,-6.54,62.300000000000004,13.8,39,2173,7.04,-61.400000000000006,14.5,40,-3.49,-0.575,0,
B-C-low-3,1.77085,1790323579.2092,const,23.3934,7.5596,0.374,0.2,2.6,-1,-4.104,-0.3387,23.333,1892,-6.54,62.300000000000004,13.8,39,2174,7.55,-60.5,14.5,40,-3.528,-0.575,0,
B-C-low-3,1.77384,1790323579.2122,const,23.3934,7.5596,0.374,0.2,2.6,-1,-4.18,-0.4476,23.331,1890,-7.04,61.400000000000006,13.8,39,2175,7.04,-62.2,14.5,40,-3.567,-0.614,0,
B-C-low-3,1.77583,1790323579.2141,const,23.3934,7.5596,0.374,0.2,2.6,-1,-4.219,-0.3363,23.33,1889,-7.04,60.6,13.8,39,2176,7.04,-62.2,14.5,40,-3.605,-0.614,0,
B-C-low-3,1.77685,1790323579.2152,const,23.3934,7.5596,0.374,0.2,2.6,-1,-4.257,-0.654,23.329,1888,-7.04,61.400000000000006,13.8,39,2177,7.04,-62.2,14.5,40,-3.643,-0.614,0,
B-C-low-3,1.77884,1790323579.2172,const,23.3934,7.5596,0.374,0.2,2.6,-1,-4.295,-0.337,23.328,1887,-7.04,61.400000000000006,13.8,39,2178,7.04,-62.2,14.5,40,-3.682,-0.614,0,
B-C-low-3,1.78184,1790323579.2202,const,23.3934,7.5596,0.374,0.2,2.6,-1,-4.334,-0.2228,23.326,1886,-7.04,61.400000000000006,13.8,39,2179,7.55,-60.5,14.5,40,-3.72,-0.614,0,
B-C-low-3,1.78384,1790323579.2222,const,23.3934,7.5596,0.374,0.2,2.6,-1,-4.372,-0.3347,23.325,1885,-7.04,61.400000000000006,13.8,39,2180,7.55,-60.5,14.5,40,-3.759,-0.614,0,
B-C-low-3,1.78583,1790323579.2241,const,23.3934,7.5596,0.374,0.2,2.6,-1,-4.449,-0.6743,23.323,1883,-8.05,58.800000000000004,13.8,39,2181,7.04,-62.2,14.5,40,-3.797,-0.652,0,
B-C-low-3,1.78684,1790323579.2252,const,23.3934,7.5596,0.374,0.2,2.6,-1,-4.487,-0.6592,23.322,1882,-7.55,60.5,13.8,39,2183,8.05,-59.6,14.5,40,-3.874,-0.614,0,
B-C-low-3,1.78884,1790323579.2272,const,23.3934,7.5596,0.374,0.2,2.6,-1,-4.526,-0.3356,23.32,1881,-8.05,59.6,13.8,39,2183,7.55,-61.300000000000004,14.5,40,-3.874,-0.652,0,
B-C-low-3,1.79185,1790323579.2302,const,23.3934,7.5596,0.374,0.2,2.6,-1,-4.564,-0.2222,23.319,1880,-8.05,59.6,13.8,39,2185,8.05,-59.6,14.5,40,-3.95,-0.614,0,
B-C-low-3,1.79383,1790323579.2321,const,23.3934,7.5596,0.374,0.2,2.6,-1,-4.641,-0.6767,23.317,1878,-8.55,58.0,13.8,39,2186,8.05,-59.6,14.5,40,-3.989,-0.652,0,
B-C-low-3,1.79484,1790323579.2332,const,23.3934,7.5596,0.374,0.2,2.6,-1,-4.679,-0.6594,23.315,1877,-8.55,58.0,13.8,39,2187,7.55,-61.300000000000004,14.5,40,-4.027,-0.652,0,
B-C-low-3,1.79684,1790323579.2352,const,23.3934,7.5596,0.374,0.2,2.6,-1,-4.756,-0.6702,23.313,1875,-9.06,56.300000000000004,13.8,39,2188,7.55,-61.300000000000004,14.5,40,-4.065,-0.69,0,
B-C-low-3,1.79884,1790323579.2372,const,23.3934,7.5596,0.374,0.2,2.6,-1,-4.794,-0.3348,23.311,1874,-9.06,56.300000000000004,13.8,39,2190,8.55,-58.800000000000004,14.5,40,-4.142,-0.652,0,
B-C-low-3,1.80084,1790323579.2392,const,23.3934,7.5596,0.374,0.2,2.6,-1,-4.794,0.0,23.311,1874,-8.05,58.800000000000004,13.8,39,2191,8.55,-58.800000000000004,14.5,40,-4.18,-0.614,0,
B-C-low-3,1.80284,1790323579.2412,const,23.3934,7.5596,0.374,0.2,2.6,-1,-4.871,-0.6686,23.309,1872,-9.06,56.300000000000004,13.8,39,2192,8.55,-58.800000000000004,14.5,40,-4.219,-0.652,0,
B-C-low-3,1.80484,1790323579.2432,const,23.3934,7.5596,0.374,0.2,2.6,-1,-4.947,-0.6698,23.306,1870,-9.06,56.300000000000004,13.8,39,2194,8.55,-58.0,14.5,40,-4.295,-0.652,0,
B-C-low-3,1.80686,1790323579.2452,const,23.3934,7.5596,0.374,0.2,2.6,-1,-4.986,-0.3319,23.305,1869,-9.56,55.400000000000006,13.8,39,2196,9.06,-56.300000000000004,14.5,40,-4.372,-0.614,0,
B-C-low-3,1.80884,1790323579.2472,const,23.3934,7.5596,0.374,0.2,2.6,-1,-5.024,-0.3373,23.303,1868,-9.06,56.300000000000004,13.8,39,2197,9.06,-56.300000000000004,14.5,40,-4.411,-0.614,0,
B-C-low-3,1.81084,1790323579.2492,const,23.3934,7.5596,0.374,0.2,2.6,-1,-5.062,-0.3352,23.302,1867,-9.06,56.300000000000004,13.8,39,2198,9.06,-56.300000000000004,14.5,40,-4.449,-0.614,0,
B-C-low-3,1.81383,1790323579.2521,const,23.3934,7.5596,0.374,0.2,2.6,-1,-5.139,-0.4479,23.299,1865,-9.06,55.5,13.8,39,2200,9.56,-55.400000000000006,14.5,40,-4.526,-0.614,0,
B-C-low-3,1.81583,1790323579.2542,const,23.3934,7.5596,0.374,0.2,2.6,-1,-5.178,-0.3338,23.298,1864,-9.06,55.5,13.8,39,2201,9.56,-55.400000000000006,14.5,40,-4.564,-0.614,0,
B-C-low-3,1.81783,1790323579.2561,const,23.3934,7.5596,0.374,0.2,2.6,-1,-5.254,-0.6717,23.295,1862,-9.56,53.800000000000004,13.8,39,2203,10.06,-53.7,14.5,40,-4.641,-0.614,0,
B-C-low-3,1.81884,1790323579.2572,const,23.3934,7.5596,0.374,0.2,2.6,-1,-5.293,-0.6577,23.294,1861,-9.56,53.800000000000004,13.8,39,2203,9.56,-55.400000000000006,14.5,40,-4.641,-0.652,0,
B-C-low-3,1.82084,1790323579.2592,const,23.3934,7.5596,0.374,0.2,2.6,-1,-5.331,-0.3356,23.292,1860,-9.56,53.800000000000004,13.8,39,2205,10.06,-53.7,14.5,40,-4.717,-0.614,0,
B-C-low-3,1.82383,1790323579.2621,const,23.3934,7.5596,0.374,0.2,2.6,-1,-5.369,-0.2239,23.291,1859,-9.56,53.800000000000004,13.8,39,2206,9.56,-54.6,14.5,40,-4.756,-0.614,0,
B-C-low-3,1.82584,1790323579.2642,const,23.3934,7.5596,0.374,0.2,2.6,-1,-5.446,-0.6647,23.288,1857,-10.06,52.900000000000006,13.8,39,2208,10.06,-52.900000000000006,14.5,40,-4.832,-0.614,0,
B-C-low-3,1.82684,1790323579.2652,const,23.3934,7.5596,0.374,0.2,2.6,-1,-5.484,-0.6715,23.286,1856,-9.56,53.800000000000004,13.8,39,2208,9.56,-54.6,14.5,40,-4.832,-0.652,0,
B-C-low-3,1.82884,1790323579.2672,const,23.3934,7.5596,0.374,0.2,2.6,-1,-5.561,-0.668,23.283,1854,-10.06,52.1,13.8,39,2209,9.56,-54.6,14.5,40,-4.871,-0.69,0,
B-C-low-3,1.83183,1790323579.2701,const,23.3934,7.5596,0.374,0.2,2.6,-1,-5.599,-0.2242,23.282,1853,-10.06,52.1,13.8,39,2210,9.06,-55.5,14.5,40,-4.909,-0.69,0,
B-C-low-3,1.83384,1790323579.2722,const,23.3934,7.5596,0.374,0.2,2.6,-1,-5.599,0.0,23.282,1853,-9.06,54.7,13.8,39,2211,9.06,-55.5,14.5,40,-4.947,-0.652,0,
B-C-low-3,1.83577,1790323579.2741,const,23.3934,7.5596,0.374,0.2,2.6,-1,-5.638,-0.3482,23.28,1852,-9.06,54.7,13.8,39,2212,9.06,-55.5,14.5,40,-4.986,-0.652,0,
B-C-low-3,1.83678,1790323579.2751,const,23.3934,7.5596,0.374,0.2,2.6,-1,-5.714,-1.3221,23.277,1850,-9.06,54.7,13.8,39,2213,8.55,-57.2,14.5,40,-5.024,-0.69,0,
B-C-low-3,1.83878,1790323579.2771,const,23.3934,7.5596,0.374,0.2,2.6,-1,-5.753,-0.3348,23.275,1849,-9.06,54.7,13.8,39,2214,8.05,-58.0,14.5,40,-5.062,-0.69,0,
B-C-low-3,1.84078,1790323579.2791,const,23.3934,7.5596,0.374,0.2,2.6,-1,-5.83,-0.6694,23.272,1847,-9.56,53.0,13.8,39,2215,8.05,-58.0,14.5,40,-5.101,-0.729,0,
B-C-low-3,1.84377,1790323579.2821,const,23.3934,7.5596,0.374,0.2,2.6,-1,-5.83,0.0,23.272,1847,-9.06,54.7,13.8,39,2216,8.05,-58.0,14.5,40,-5.139,-0.69,0,
B-C-low-3,1.84478,1790323579.2831,const,23.3934,7.5596,0.374,0.2,2.6,-1,-5.868,-0.6622,23.271,1846,-8.55,55.6,13.8,39,2217,7.55,-58.900000000000006,14.5,40,-5.178,-0.69,0,
B-C-low-3,1.84678,1790323579.2851,const,23.3934,7.5596,0.374,0.2,2.6,-1,-5.945,-0.6693,23.268,1844,-9.06,53.900000000000006,13.8,39,2218,7.55,-58.900000000000006,14.5,40,-5.216,-0.729,0,
B-C-low-3,1.84977,1790323579.2881,const,23.3934,7.5596,0.374,0.2,2.6,-1,-5.983,-0.224,23.266,1843,-8.55,54.800000000000004,13.8,39,2219,7.55,-58.900000000000006,14.5,40,-5.254,-0.729,0,
B-C-low-3,1.85177,1790323579.2901,const,23.3934,7.5596,0.374,0.2,2.6,-1,-6.021,-0.3347,23.264,1842,-8.55,54.800000000000004,13.8,39,2220,7.55,-58.900000000000006,14.5,40,-5.293,-0.729,0,
B-C-low-3,1.85278,1790323579.2911,const,23.3934,7.5596,0.374,0.2,2.6,-1,-6.06,-0.6618,23.263,1841,-8.55,54.800000000000004,13.8,39,2221,7.55,-58.900000000000006,14.5,40,-5.331,-0.729,0,
B-C-low-3,1.85577,1790323579.2941,const,23.3934,7.5596,0.374,0.2,2.6,-1,-6.098,-0.224,23.261,1840,-8.05,56.400000000000006,13.8,39,2222,7.04,-60.6,14.5,40,-5.369,-0.729,0,
B-C-low-3,1.85777,1790323579.2961,const,23.3934,7.5596,0.374,0.2,2.6,-1,-6.136,-0.3347,23.259,1839,-8.05,56.400000000000006,13.8,39,2223,7.55,-59.7,14.5,40,-5.408,-0.729,0,
B-C-low-3,1.85878,1790323579.2971,const,23.3934,7.5596,0.374,0.2,2.6,-1,-6.175,-0.6612,23.258,1838,-8.05,56.400000000000006,13.8,39,2224,7.04,-60.6,14.5,40,-5.446,-0.729,0,
B-C-low-3,1.86177,1790323579.3001,const,23.3934,7.5596,0.374,0.2,2.6,-1,-6.175,0.0,23.258,1838,-7.55,58.1,13.8,39,2225,7.04,-60.6,14.5,40,-5.484,-0.69,0,
B-C-low-3,1.86377,1790323579.3021,const,23.3934,7.5596,0.374,0.2,2.6,-1,-6.251,-0.6689,23.254,1836,-8.05,56.400000000000006,13.8,39,2226,7.04,-61.400000000000006,14.5,40,-5.523,-0.729,0,
B-C-low-3,1.86577,1790323579.3041,const,23.3934,7.5596,0.374,0.2,2.6,-1,-6.251,0.0,23.254,1836,-7.55,58.1,13.8,39,2227,7.04,-61.400000000000006,14.5,40,-5.561,-0.69,0,
B-C-low-3,1.86777,1790323579.3061,const,23.3934,7.5596,0.374,0.2,2.6,-1,-6.328,-0.6695,23.251,1834,-8.05,56.400000000000006,13.8,39,2228,7.04,-61.400000000000006,14.5,40,-5.599,-0.729,0,
B-C-low-3,1.86878,1790323579.3071,const,23.3934,7.5596,0.374,0.2,2.6,-1,-6.366,-0.662,23.249,1833,-7.55,58.1,13.8,39,2229,7.04,-61.400000000000006,14.5,40,-5.638,-0.729,0,
B-C-low-3,1.87078,1790323579.3091,const,23.3934,7.5596,0.374,0.2,2.6,-1,-6.405,-0.3348,23.247,1832,-7.55,58.1,13.8,39,2230,7.04,-61.400000000000006,14.5,40,-5.676,-0.729,0,
B-C-low-3,1.87377,1790323579.3121,const,23.3934,7.5596,0.374,0.2,2.6,-1,-6.443,-0.2238,23.246,1831,-7.55,58.1,13.8,39,2230,7.04,-61.400000000000006,14.5,40,-5.676,-0.767,0,
B-C-low-3,1.87577,1790323579.3141,const,23.3934,7.5596,0.374,0.2,2.6,-1,-6.482,-0.3347,23.244,1830,-8.05,57.2,13.8,39,2232,7.55,-59.7,14.5,40,-5.753,-0.729,0,
B-C-low-3,1.87678,1790323579.3151,const,23.3934,7.5596,0.374,0.2,2.6,-1,-6.558,-1.3237,23.24,1828,-8.05,56.400000000000006,13.8,39,2233,7.04,-61.400000000000006,14.5,40,-5.791,-0.767,0,
B-C-low-3,1.87977,1790323579.3181,const,23.3934,7.5596,0.374,0.2,2.6,-1,-6.597,-0.2241,23.238,1827,-8.05,56.400000000000006,13.8,39,2235,7.55,-59.7,14.5,40,-5.868,-0.729,0,
B-C-low-3,1.88078,1790323579.3191,const,23.3934,7.5596,0.374,0.2,2.6,-1,-6.673,-1.324,23.235,1825,-8.55,54.800000000000004,13.8,39,2236,7.55,-59.7,14.5,40,-5.906,-0.767,0,
B-C-low-3,1.88377,1790323579.3221,const,23.3934,7.5596,0.374,0.2,2.6,-1,-6.673,0.0,23.235,1825,-8.05,56.400000000000006,14.4,39,2237,7.55,-59.7,13.4,40,-5.945,-0.729,0,
B-C-low-3,1.88478,1790323579.3231,const,23.3934,7.5596,0.374,0.2,2.6,-1,-6.712,-0.6617,23.233,1824,-8.05,56.400000000000006,14.4,39,2238,8.05,-58.800000000000004,13.4,40,-5.983,-0.729,0,
B-C-low-3,1.88678,1790323579.3251,const,23.3934,7.5596,0.374,0.2,2.6,-1,-6.827,-1.0039,23.227,1821,-9.06,53.900000000000006,14.4,39,2240,8.05,-58.800000000000004,13.4,40,-6.06,-0.767,0,
B-C-low-3,1.88977,1790323579.3281,const,23.3934,7.5596,0.374,0.2,2.6,-1,-6.865,-0.224,23.226,1820,-9.06,53.900000000000006,14.4,39,2242,9.06,-56.300000000000004,13.4,40,-6.136,-0.729,0,
B-C-low-3,1.89078,1790323579.3291,const,23.3934,7.5596,0.374,0.2,2.6,-1,-6.903,-0.6615,23.224,1819,-9.06,53.900000000000006,14.4,39,2243,9.06,-56.300000000000004,13.4,40,-6.175,-0.729,0,
B-C-low-3,1.89377,1790323579.3321,const,23.3934,7.5596,0.374,0.2,2.6,-1,-6.942,-0.224,23.222,1818,-9.06,53.900000000000006,14.4,39,2244,9.06,-56.300000000000004,13.4,40,-6.213,-0.729,0,
B-C-low-3,1.89577,1790323579.3341,const,23.3934,7.5596,0.374,0.2,2.6,-1,-7.018,-0.6693,23.218,1816,-9.06,53.1,14.4,39,2246,9.06,-55.5,13.4,40,-6.29,-0.729,0,
B-C-low-3,1.89678,1790323579.3351,const,23.3934,7.5596,0.374,0.2,2.6,-1,-7.095,-1.3224,23.214,1814,-10.06,50.5,14.4,39,2247,9.56,-54.6,13.4,40,-6.328,-0.767,0,
B-C-low-3,1.89977,1790323579.3381,const,23.3934,7.5596,0.374,0.2,2.6,-1,-7.134,-0.2239,23.212,1813,-9.56,51.400000000000006,14.4,39,2249,10.06,-52.900000000000006,13.4,40,-6.405,-0.729,0,
B-C-low-3,1.90177,1790323579.3401,const,23.3934,7.5596,0.374,0.2,2.6,-1,-7.172,-0.3344,23.21,1812,-10.06,50.5,14.4,39,2250,10.06,-52.900000000000006,13.4,40,-6.443,-0.729,0,
B-C-low-3,1.90278,1790323579.3411,const,23.3934,7.5596,0.374,0.2,2.6,-1,-7.21,-0.6636,23.208,1811,-9.56,52.2,14.4,39,2251,10.06,-52.900000000000006,13.4,40,-6.482,-0.729,0,
B-C-low-3,1.90577,1790323579.3441,const,23.3934,7.5596,0.374,0.2,2.6,-1,-7.287,-0.448,23.204,1809,-10.06,50.5,14.4,39,2252,9.56,-54.6,13.4,40,-6.52,-0.767,0,
B-C-low-3,1.90777,1790323579.3461,const,23.3934,7.5596,0.374,0.2,2.6,-1,-7.364,-0.6693,23.2,1807,-10.06,49.7,14.4,39,2254,10.06,-52.900000000000006,13.4,40,-6.597,-0.767,0,
B-C-low-3,1.90878,1790323579.3471,const,23.3934,7.5596,0.374,0.2,2.6,-1,-7.364,0.0,23.2,1807,-9.56,51.400000000000006,14.4,39,2255,10.06,-52.900000000000006,13.4,40,-6.635,-0.729,0,
B-C-low-3,1.91177,1790323579.3501,const,23.3934,7.5596,0.374,0.2,2.6,-1,-7.44,-0.4482,23.196,1805,-10.06,49.7,14.4,39,2257,10.57,-51.300000000000004,13.4,40,-6.712,-0.729,0,
B-C-low-3,1.91377,1790323579.3521,const,23.3934,7.5596,0.374,0.2,2.6,-1,-7.479,-0.3342,23.194,1804,-10.06,49.7,14.4,39,2258,10.06,-52.1,13.4,40,-6.75,-0.729,0,
B-C-low-3,1.91577,1790323579.3541,const,23.3934,7.5596,0.374,0.2,2.6,-1,-7.517,-0.3348,23.192,1803,-10.06,49.7,14.4,39,2260,10.06,-51.300000000000004,13.4,40,-6.827,-0.69,0,
B-C-low-3,1.91777,1790323579.3561,const,23.3934,7.5596,0.374,0.2,2.6,-1,-7.594,-0.6683,23.188,1801,-10.06,48.900000000000006,14.4,39,2262,10.57,-49.7,13.4,40,-6.903,-0.69,0,
B-C-low-3,1.91878,1790323579.3571,const,23.3934,7.5596,0.374,0.2,2.6,-1,-7.632,-0.6672,23.186,1800,-9.56,50.6,14.4,39,2263,10.57,-49.7,13.4,40,-6.942,-0.69,0,
B-C-low-3,1.92078,1790323579.3591,const,23.3934,7.5596,0.374,0.2,2.6,-1,-7.67,-0.3347,23.184,1799,-9.56,50.6,14.4,39,2264,10.57,-49.7,13.4,40,-6.98,-0.69,0,
B-C-low-3,1.92375,1790323579.3621,const,23.3934,7.5596,0.374,0.2,2.6,-1,-7.709,-0.225,23.182,1798,-9.56,50.6,14.4,39,2265,10.06,-50.5,13.4,40,-7.018,-0.69,0,
B-C-low-3,1.92575,1790323579.3641,const,23.3934,7.5596,0.374,0.2,2.6,-1,-7.747,-0.3347,23.18,1797,-9.56,50.6,14.4,39,2265,9.56,-52.2,13.4,40,-7.018,-0.729,0,
B-C-low-3,1.92678,1790323579.3651,const,23.3934,7.5596,0.374,0.2,2.6,-1,-7.786,-0.6525,23.178,1796,-9.06,51.5,14.4,39,2267,9.56,-52.2,13.4,40,-7.095,-0.69,0,
B-C-low-3,1.92878,1790323579.3671,const,23.3934,7.5596,0.374,0.2,2.6,-1,-7.824,-0.3346,23.176,1795,-9.06,51.5,14.4,39,2268,9.56,-52.2,13.4,40,-7.134,-0.69,0,
B-C-low-3,1.93078,1790323579.3691,const,23.3934,7.5596,0.374,0.2,2.6,-1,-7.862,-0.3347,23.173,1794,-9.06,51.5,14.4,39,2269,9.56,-52.2,13.4,40,-7.172,-0.69,0,
B-C-low-3,1.93278,1790323579.3711,const,23.3934,7.5596,0.374,0.2,2.6,-1,-7.901,-0.3348,23.171,1793,-8.55,52.400000000000006,14.4,39,2270,9.56,-52.2,13.4,40,-7.21,-0.69,0,
B-C-low-3,1.93478,1790323579.3731,const,23.3934,7.5596,0.374,0.2,2.6,-1,-7.901,0.0,23.171,1793,-8.05,54.0,14.4,39,2270,9.06,-53.900000000000006,13.4,40,-7.21,-0.69,0,
B-C-low-3,1.93678,1790323579.3751,const,23.3934,7.5596,0.374,0.2,2.6,-1,-7.939,-0.3347,23.169,1792,-7.55,55.7,14.4,39,2272,8.55,-54.0,13.4,40,-7.287,-0.652,0,
B-C-low-3,1.93878,1790323579.3771,const,23.3934,7.5596,0.374,0.2,2.6,-1,-7.939,0.0,23.169,1792,-7.55,55.7,14.4,39,2273,8.55,-54.0,13.4,40,-7.325,-0.614,0,
B-C-low-3,1.94078,1790323579.3791,const,23.3934,7.5596,0.374,0.2,2.6,-1,-7.977,-0.3346,23.167,1791,-7.04,56.6,14.4,39,2273,8.05,-55.6,13.4,40,-7.325,-0.652,0,
B-C-low-3,1.94278,1790323579.3811,const,23.3934,7.5596,0.374,0.2,2.6,-1,-8.016,-0.3346,23.165,1790,-7.55,55.7,14.4,39,2274,8.05,-55.6,13.4,40,-7.364,-0.652,0,
B-C-low-3,1.94575,1790323579.3841,const,23.3934,7.5596,0.374,0.2,2.6,-1,-8.054,-0.2251,23.163,1789,-6.54,58.300000000000004,14.4,39,2275,7.04,-58.2,13.4,40,-7.402,-0.652,0,
B-C-low-3,1.94777,1790323579.3861,const,23.3934,7.5596,0.374,0.2,2.6,-1,-8.054,0.0,23.163,1789,-6.54,59.1,14.4,39,2276,7.04,-58.2,13.4,40,-7.44,-0.614,0,
B-C-low-3,1.94977,1790323579.3881,const,23.3934,7.5596,0.374,0.2,2.6,-1,-8.131,-0.6689,23.158,1787,-7.04,57.400000000000006,14.4,39,2277,6.54,-59.1,13.4,40,-7.479,-0.652,0,
B-C-low-3,1.95076,1790323579.3891,const,23.3934,7.5596,0.374,0.2,2.6,-1,-8.131,0.0,23.158,1787,-6.04,59.900000000000006,14.4,39,2278,6.54,-59.1,13.4,40,-7.517,-0.614,0,
B-C-low-3,1.95377,1790323579.3921,const,23.3934,7.5596,0.374,0.2,2.6,-1,-8.169,-0.2224,23.156,1786,-6.54,59.1,14.4,39,2279,6.54,-59.1,13.4,40,-7.555,-0.614,0,
B-C-low-3,1.95577,1790323579.3941,const,23.3934,7.5596,0.374,0.2,2.6,-1,-8.207,-0.3346,23.154,1785,-6.54,59.1,14.4,39,2280,6.54,-59.1,13.4,40,-7.594,-0.614,0,
B-C-low-3,1.95775,1790323579.3961,const,23.3934,7.5596,0.374,0.2,2.6,-1,-8.246,-0.3374,23.151,1784,-6.54,59.1,14.4,39,2281,7.04,-58.2,13.4,40,-7.632,-0.614,0,
B-C-low-3,1.95878,1790323579.3971,const,23.3934,7.5596,0.374,0.2,2.6,-1,-8.284,-0.6537,23.149,1783,-6.54,59.1,14.4,39,2281,6.54,-59.900000000000006,13.4,40,-7.632,-0.652,0,
B-C-low-3,1.96175,1790323579.4001,const,23.3934,7.5596,0.374,0.2,2.6,-1,-8.322,-0.225,23.147,1782,-6.54,59.1,14.4,39,2282,6.54,-59.900000000000006,13.4,40,-7.67,-0.652,0,
B-C-low-3,1.96375,1790323579.4021,const,23.3934,7.5596,0.374,0.2,2.6,-1,-8.361,-0.3344,23.145,1781,-7.04,58.2,14.4,39,2283,6.54,-59.900000000000006,13.4,40,-7.709,-0.652,0,
B-C-low-3,1.96576,1790323579.4041,const,23.3934,7.5596,0.374,0.2,2.6,-1,-8.399,-0.3344,23.142,1780,-6.54,59.1,14.4,39,2283,6.04,-61.5,13.4,40,-7.709,-0.69,0,
B-C-low-3,1.96775,1790323579.4061,const,23.3934,7.5596,0.374,0.2,2.6,-1,-8.438,-0.3356,23.14,1779,-7.04,58.2,14.4,39,2284,6.54,-60.7,13.4,40,-7.747,-0.69,0,
B-C-low-3,1.96975,1790323579.4081,const,23.3934,7.5596,0.374,0.2,2.6,-1,-8.476,-0.3351,23.138,1778,-6.54,59.900000000000006,14.4,39,2286,6.54,-60.7,13.4,40,-7.824,-0.652,0,
B-C-low-3,1.97076,1790323579.4091,const,23.3934,7.5596,0.374,0.2,2.6,-1,-8.514,-0.6633,23.136,1777,-7.04,59.0,14.4,39,2286,6.04,-62.300000000000004,13.4,40,-7.824,-0.69,0,
B-C-low-3,1.97275,1790323579.4111,const,23.3934,7.5596,0.374,0.2,2.6,-1,-8.553,-0.3357,23.133,1776,-7.04,59.0,14.4,39,2287,6.04,-62.300000000000004,13.4,40,-7.862,-0.69,0,
B-C-low-3,1.97476,1790323579.4131,const,23.3934,7.5596,0.374,0.2,2.6,-1,-8.591,-0.3337,23.131,1775,-7.04,59.0,14.4,39,2288,6.54,-61.5,13.4,40,-7.901,-0.69,0,
B-C-low-3,1.97676,1790323579.4151,const,23.3934,7.5596,0.374,0.2,2.6,-1,-8.629,-0.3347,23.129,1774,-7.04,59.0,14.4,39,2289,6.04,-63.1,13.4,40,-7.939,-0.69,0,
B-C-low-3,1.97876,1790323579.4171,const,23.3934,7.5596,0.374,0.2,2.6,-1,-8.629,0.0,23.129,1774,-6.54,61.5,14.4,39,2290,6.54,-62.300000000000004,13.4,40,-7.977,-0.652,0,
B-C-low-3,1.98076,1790323579.4191,const,23.3934,7.5596,0.374,0.2,2.6,-1,-8.706,-0.6693,23.124,1772,-7.04,59.800000000000004,14.4,39,2291,6.04,-63.1,13.4,40,-8.016,-0.69,0,
B-C-low-3,1.98375,1790323579.4221,const,23.3934,7.5596,0.374,0.2,2.6,-1,-8.744,-0.2235,23.121,1771,-7.04,59.800000000000004,14.4,39,2292,6.54,-62.300000000000004,13.4,40,-8.054,-0.69,0,
B-C-low-3,1.98575,1790323579.4241,const,23.3934,7.5596,0.374,0.2,2.6,-1,-8.783,-0.3345,23.119,1770,-7.04,59.800000000000004,14.4,39,2293,6.54,-62.300000000000004,13.4,40,-8.092,-0.69,0,
B-C-low-3,1.98775,1790323579.4261,const,23.3934,7.5596,0.374,0.2,2.6,-1,-8.821,-0.3349,23.117,1769,-7.04,59.800000000000004,14.4,39,2295,7.04,-60.6,13.4,40,-8.169,-0.652,0,
B-C-low-3,1.98876,1790323579.4271,const,23.3934,7.5596,0.374,0.2,2.6,-1,-8.859,-0.6669,23.114,1768,-7.04,59.800000000000004,14.4,39,2296,7.04,-60.6,13.4,40,-8.207,-0.652,0,
B-C-low-3,1.99175,1790323579.4301,const,23.3934,7.5596,0.374,0.2,2.6,-1,-8.898,-0.2234,23.112,1767,-7.04,59.800000000000004,14.4,39,2297,7.04,-60.6,13.4,40,-8.246,-0.652,0,
B-C-low-3,1.99375,1790323579.4321,const,23.3934,7.5596,0.374,0.2,2.6,-1,-8.974,-0.6693,23.107,1765,-7.55,58.1,14.4,39,2298,7.55,-59.7,13.4,40,-8.284,-0.69,0,
B-C-low-3,1.99575,1790323579.4341,const,23.3934,7.5596,0.374,0.2,2.6,-1,-9.013,-0.3348,23.104,1764,-7.55,58.1,14.4,39,2300,8.05,-58.800000000000004,13.4,40,-8.361,-0.652,0,
B-C-low-3,1.99775,1790323579.4361,const,23.3934,7.5596,0.374,0.2,2.6,-1,-9.051,-0.3347,23.102,1763,-8.55,56.400000000000006,14.4,39,2301,8.05,-58.800000000000004,13.4,40,-8.399,-0.652,0,
B-C-low-3,1.99975,1790323579.4381,const,23.3934,7.5596,0.374,0.2,2.6,-1,-9.089,-0.3346,23.1,1762,-8.05,57.2,13.7,39,2302,8.05,-58.800000000000004,13.4,40,-8.438,-0.652,0,
B-C-low-3,2.00076,1790323579.4391,const,23.3934,7.5596,0.374,0.2,2.6,-1,-9.166,-1.3322,23.095,1760,-8.05,57.2,13.7,39,2302,8.05,-59.6,13.4,40,-8.438,-0.729,0,
B-C-low-3,2.00376,1790323579.4421,const,23.3934,7.5596,0.374,0.2,2.6,-1,-9.205,-0.2234,23.092,1759,-8.55,56.400000000000006,13.7,39,2304,8.55,-58.0,13.4,40,-8.514,-0.69,0,
B-C-low-3,2.00576,1790323579.4441,const,23.3934,7.5596,0.374,0.2,2.6,-1,-9.243,-0.3346,23.09,1758,-8.55,56.400000000000006,13.7,39,2305,8.05,-58.800000000000004,13.4,40,-8.553,-0.69,0,
B-C-low-3,2.00776,1790323579.4461,const,23.3934,7.5596,0.374,0.2,2.6,-1,-9.281,-0.3347,23.087,1757,-8.55,56.400000000000006,13.7,39,2306,8.55,-58.0,13.4,40,-8.591,-0.69,0,
B-C-low-3,2.00876,1790323579.4471,const,23.3934,7.5596,0.374,0.2,2.6,-1,-9.358,-1.3357,23.082,1755,-9.06,54.7,13.7,39,2306,7.55,-60.5,13.4,40,-8.591,-0.767,0,
B-C-low-3,2.01176,1790323579.4501,const,23.3934,7.5596,0.374,0.2,2.6,-1,-9.396,-0.2234,23.079,1754,-9.06,54.7,13.7,39,2307,8.05,-59.6,13.4,40,-8.629,-0.767,0,
B-C-low-3,2.01376,1790323579.4521,const,23.3934,7.5596,0.374,0.2,2.6,-1,-9.435,-0.3347,23.077,1753,-9.06,54.7,13.7,39,2309,8.05,-58.800000000000004,13.4,40,-8.706,-0.729,0,
B-C-low-3,2.01575,1790323579.4541,const,23.3934,7.5596,0.374,0.2,2.6,-1,-9.473,-0.3355,23.074,1752,-8.55,55.6,13.7,39,2310,8.55,-58.0,13.4,40,-8.744,-0.729,0,
B-C-low-3,2.01775,1790323579.4561,const,23.3934,7.5596,0.374,0.2,2.6,-1,-9.511,-0.3346,23.072,1751,-9.06,54.7,13.7,39,2310,7.55,-60.5,13.4,40,-8.744,-0.767,0,
B-C-low-3,2.01876,1790323579.4571,const,23.3934,7.5596,0.374,0.2,2.6,-1,-9.588,-1.3218,23.067,1749,-9.06,54.7,13.7,39,2312,7.55,-60.5,13.4,40,-8.821,-0.767,0,
B-C-low-3,2.02175,1790323579.4601,const,23.3934,7.5596,0.374,0.2,2.6,-1,-9.626,-0.224,23.064,1748,-9.06,54.7,13.7,39,2313,7.55,-60.5,13.4,40,-8.859,-0.767,0,
B-C-low-3,2.02375,1790323579.4621,const,23.3934,7.5596,0.374,0.2,2.6,-1,-9.665,-0.3348,23.061,1747,-8.55,55.6,13.7,39,2314,7.55,-60.5,13.4,40,-8.898,-0.767,0,
B-C-low-3,2.02476,1790323579.4631,const,23.3934,7.5596,0.374,0.2,2.6,-1,-9.703,-0.6614,23.059,1746,-8.55,55.6,13.7,39,2315,7.55,-60.5,13.4,40,-8.936,-0.767,0,
B-C-low-3,2.02775,1790323579.4661,const,23.3934,7.5596,0.374,0.2,2.6,-1,-9.78,-0.448,23.053,1744,-9.06,54.7,13.7,39,2317,8.05,-58.800000000000004,13.4,40,-9.013,-0.767,0,
B-C-low-3,2.02876,1790323579.4671,const,23.3934,7.5596,0.374,0.2,2.6,-1,-9.818,-0.6622,23.051,1743,-9.06,54.7,13.7,39,2318,8.05,-58.800000000000004,13.4,40,-9.051,-0.767,0,
B-C-low-3,2.03175,1790323579.4701,const,23.3934,7.5596,0.374,0.2,2.6,-1,-9.857,-0.224,23.048,1742,-9.06,54.7,13.7,39,2319,8.05,-58.800000000000004,13.4,40,-9.089,-0.767,0,
B-C-low-3,2.03375,1790323579.4721,const,23.3934,7.5596,0.374,0.2,2.6,-1,-9.895,-0.3346,23.045,1741,-8.55,55.6,13.7,39,2320,8.05,-58.800000000000004,13.4,40,-9.128,-0.767,0,
B-C-low-3,2.03476,1790323579.4731,const,23.3934,7.5596,0.374,0.2,2.6,-1,-9.895,0.0,23.045,1741,-8.05,57.2,13.7,39,2321,8.05,-58.800000000000004,13.4,40,-9.166,-0.729,0,
B-C-low-3,2.03775,1790323579.4761,const,23.3934,7.5596,0.374,0.2,2.6,-1,-9.972,-0.448,23.04,1739,-8.05,56.400000000000006,13.7,39,2322,8.05,-59.6,13.4,40,-9.205,-0.767,0,
B-C-low-3,2.03975,1790323579.4781,const,23.3934,7.5596,0.374,0.2,2.6,-1,-9.972,0.0,23.04,1739,-8.05,57.2,13.7,39,2323,8.05,-59.6,13.4,40,-9.243,-0.729,0,
B-C-low-3,2.04175,1790323579.4801,const,23.3934,7.5596,0.374,0.2,2.6,-1,-10.01,-0.3347,23.037,1738,-8.05,57.2,13.7,39,2323,7.55,-61.300000000000004,13.4,40,-9.243,-0.767,0,
B-C-low-3,2.04276,1790323579.4811,const,23.3934,7.5596,0.374,0.2,2.6,-1,-10.048,-0.662,23.034,1737,-8.05,57.2,13.7,39,2325,8.05,-59.6,13.4,40,-9.32,-0.729,0,
B-C-low-3,2.04575,1790323579.4841,const,23.3934,7.5596,0.374,0.2,2.6,-1,-10.087,-0.224,23.032,1736,-8.05,57.2,13.7,39,2325,7.55,-61.300000000000004,13.4,40,-9.32,-0.767,0,
B-C-low-3,2.04776,1790323579.4861,const,23.3934,7.5596,0.374,0.2,2.6,-1,-10.125,-0.3338,23.029,1735,-7.55,58.1,13.7,39,2326,7.55,-61.300000000000004,13.4,40,-9.358,-0.767,0,
B-C-low-3,2.04976,1790323579.4881,const,23.3934,7.5596,0.374,0.2,2.6,-1,-10.163,-0.3348,23.026,1734,-7.55,58.1,13.7,39,2328,7.55,-60.5,13.4,40,-9.435,-0.729,0,
B-C-low-3,2.05076,1790323579.4891,const,23.3934,7.5596,0.374,0.2,2.6,-1,-10.202,-0.6661,23.023,1733,-7.55,58.900000000000006,13.7,39,2328,7.04,-62.2,13.4,40,-9.435,-0.767,0,
B-C-low-3,2.05376,1790323579.4921,const,23.3934,7.5596,0.374,0.2,2.6,-1,-10.202,0.0,23.023,1733,-7.04,60.6,13.7,39,2329,7.04,-62.2,13.4,40,-9.473,-0.729,0,
B-C-low-3,2.05576,1790323579.4941,const,23.3934,7.5596,0.374,0.2,2.6,-1,-10.24,-0.3343,23.021,1732,-7.04,60.6,13.7,39,2329,6.54,-63.900000000000006,13.4,40,-9.473,-0.767,0,
B-C-low-3,2.05776,1790323579.4961,const,23.3934,7.5596,0.374,0.2,2.6,-1,-10.278,-0.335,23.018,1731,-6.54,61.5,13.7,39,2330,6.54,-63.900000000000006,13.4,40,-9.511,-0.767,0,
B-C-low-3,2.05976,1790323579.4981,const,23.3934,7.5596,0.374,0.2,2.6,-1,-10.317,-0.3348,23.015,1730,-6.54,62.300000000000004,13.7,39,2331,6.04,-65.5,13.4,40,-9.55,-0.767,0,
B-C-low-3,2.06176,1790323579.5001,const,23.3934,7.5596,0.374,0.2,2.6,-1,-10.393,-0.669,23.009,1728,-7.04,60.6,13.7,39,2333,7.04,-63.0,13.4,40,-9.626,-0.767,0,
B-C-low-3,2.06376,1790323579.5021,const,23.3934,7.5596,0.374,0.2,2.6,-1,-10.393,0.0,23.009,1728,-7.04,60.6,13.7,39,2334,7.04,-63.0,13.4,40,-9.665,-0.729,0,
B-C-low-3,2.06476,1790323579.5031,const,23.3934,7.5596,0.374,0.2,2.6,-1,-10.432,-0.6669,23.007,1727,-7.04,60.6,13.7,39,2335,7.04,-63.0,13.4,40,-9.703,-0.729,0,
B-C-low-3,2.06776,1790323579.5061,const,23.3934,7.5596,0.374,0.2,2.6,-1,-10.47,-0.2234,23.004,1726,-7.04,60.6,13.7,39,2336,7.04,-63.0,13.4,40,-9.741,-0.729,0,
B-C-low-3,2.06976,1790323579.5081,const,23.3934,7.5596,0.374,0.2,2.6,-1,-10.547,-0.6689,22.998,1724,-7.55,58.900000000000006,13.7,39,2337,7.04,-63.0,13.4,40,-9.78,-0.767,0,
B-C-low-3,2.07176,1790323579.5101,const,23.3934,7.5596,0.374,0.2,2.6,-1,-10.585,-0.3348,22.995,1723,-7.55,58.900000000000006,13.7,39,2338,7.04,-63.0,13.4,40,-9.818,-0.767,0,
B-C-low-3,2.07376,1790323579.5121,const,23.3934,7.5596,0.374,0.2,2.6,-1,-10.624,-0.3346,22.992,1722,-7.55,58.900000000000006,13.7,39,2339,7.04,-63.0,13.4,40,-9.857,-0.767,0,
B-C-low-3,2.07476,1790323579.5131,const,23.3934,7.5596,0.374,0.2,2.6,-1,-10.662,-0.6662,22.989,1721,-8.05,58.0,13.7,39,2341,8.05,-60.400000000000006,13.4,40,-9.933,-0.729,0,
B-C-low-3,2.07776,1790323579.5161,const,23.3934,7.5596,0.374,0.2,2.6,-1,-10.739,-0.447,22.984,1719,-8.05,58.0,13.7,39,2342,7.55,-62.1,13.4,40,-9.972,-0.767,0,
B-C-low-3,2.07976,1790323579.5181,const,23.3934,7.5596,0.374,0.2,2.6,-1,-10.777,-0.3346,22.981,1718,-8.55,57.2,13.7,39,2343,8.05,-61.2,13.4,40,-10.01,-0.767,0,
B-C-low-3,2.08175,1790323579.5201,const,23.3934,7.5596,0.374,0.2,2.6,-1,-10.854,-0.6706,22.975,1716,-9.06,55.5,13.7,39,2344,8.05,-61.2,13.4,40,-10.048,-0.805,0,
B-C-low-3,2.08375,1790323579.5221,const,23.3934,7.5596,0.374,0.2,2.6,-1,-10.854,0.0,22.975,1716,-8.55,57.2,13.7,39,2345,8.05,-61.2,13.4,40,-10.087,-0.767,0,
B-C-low-3,2.08575,1790323579.5241,const,23.3934,7.5596,0.374,0.2,2.6,-1,-10.93,-0.6697,22.969,1714,-9.06,55.5,13.7,39,2346,8.55,-60.400000000000006,13.4,40,-10.125,-0.805,0,
B-C-low-3,2.08775,1790323579.5261,const,23.3934,7.5596,0.374,0.2,2.6,-1,-10.969,-0.3345,22.966,1713,-9.06,53.800000000000004,13.7,39,2348,8.05,-61.2,13.4,40,-10.202,-0.767,0,
B-C-low-3,2.08975,1790323579.5281,const,23.3934,7.5596,0.374,0.2,2.6,-1,-11.007,-0.3347,22.963,1712,-9.56,54.6,13.7,39,2349,8.55,-60.400000000000006,13.4,40,-10.24,-0.767,0,
B-C-low-3,2.09175,1790323579.5301,const,23.3934,7.5596,0.374,0.2,2.6,-1,-11.084,-0.6691,22.957,1710,-9.56,53.800000000000004,13.7,39,2350,8.55,-60.400000000000006,13.4,40,-10.278,-0.805,0,
B-C-low-3,2.09277,1790323579.5311,const,23.3934,7.5596,0.374,0.2,2.6,-1,-11.122,-0.6622,22.954,1709,-9.56,53.800000000000004,13.7,39,2352,9.06,-58.7,13.4,40,-10.355,-0.767,0,
B-C-low-3,2.09576,1790323579.5341,const,23.3934,7.5596,0.374,0.2,2.6,-1,-11.199,-0.4477,22.948,1707,-10.06,52.1,13.7,39,2353,8.55,-59.6,13.4,40,-10.393,-0.805,0,
B-C-low-3,2.09776,1790323579.5361,const,23.3934,7.5596,0.374,0.2,2.6,-1,-11.237,-0.3347,22.945,1706,-10.06,52.900000000000006,13.7,39,2354,9.06,-57.900000000000006,13.4,40,-10.432,-0.805,0,
B-C-low-3,2.09976,1790323579.5381,const,23.3934,7.5596,0.374,0.2,2.6,-1,-11.276,-0.3348,22.942,1705,-9.56,53.800000000000004,13.7,39,2356,9.06,-57.900000000000006,13.4,40,-10.509,-0.767,0,
B-C-low-3,2.10175,1790323579.5401,const,23.3934,7.5596,0.374,0.2,2.6,-1,-11.314,-0.335,22.939,1704,-9.06,54.7,13.7,39,2357,9.06,-57.900000000000006,13.4,40,-10.547,-0.767,0,
B-C-low-3,2.10375,1790323579.5421,const,23.3934,7.5596,0.374,0.2,2.6,-1,-11.391,-0.6693,22.933,1702,-9.56,53.0,13.7,39,2359,9.56,-56.2,13.4,40,-10.624,-0.767,0,
B-C-low-3,2.10576,1790323579.5441,const,23.3934,7.5596,0.374,0.2,2.6,-1,-11.429,-0.3345,22.929,1701,-9.56,53.0,13.7,39,2360,9.56,-56.2,13.4,40,-10.662,-0.767,0,
B-C-low-3,2.10775,1790323579.5461,const,23.3934,7.5596,0.374,0.2,2.6,-1,-11.467,-0.3348,22.926,1700,-9.56,53.0,13.7,39,2362,10.06,-54.5,13.4,40,-10.739,-0.729,0,
B-C-low-3,2.10975,1790323579.5481,const,23.3934,7.5596,0.374,0.2,2.6,-1,-11.506,-0.3346,22.923,1699,-9.56,53.800000000000004,13.7,39,2364,10.06,-54.5,13.4,40,-10.815,-0.69,0,
B-C-low-3,2.11176,1790323579.5501,const,23.3934,7.5596,0.374,0.2,2.6,-1,-11.582,-0.6693,22.917,1697,-10.06,52.1,13.7,39,2365,10.57,-53.7,13.4,40,-10.854,-0.729,0,
B-C-low-3,2.11376,1790323579.5521,const,23.3934,7.5596,0.374,0.2,2.6,-1,-11.621,-0.3344,22.914,1696,-9.56,53.0,13.7,39,2367,10.57,-52.900000000000006,13.4,40,-10.93,-0.69,0,
B-C-low-3,2.11477,1790323579.5531,const,23.3934,7.5596,0.374,0.2,2.6,-1,-11.659,-0.6626,22.911,1695,-9.56,53.0,13.7,39,2367,10.06,-54.5,13.4,40,-10.93,-0.729,0,
B-C-low-3,2.11775,1790323579.5561,const,23.3934,7.5596,0.374,0.2,2.6,-1,-11.697,-0.224,22.907,1694,-9.06,53.900000000000006,14.8,39,2369,10.57,-52.900000000000006,13.4,40,-11.007,-0.69,0,
B-C-low-3,2.11975,1790323579.5581,const,23.3934,7.5596,0.374,0.2,2.6,-1,-11.774,-0.6694,22.901,1692,-9.56,52.2,14.8,39,2371,10.57,-52.1,13.4,40,-11.084,-0.69,0,
B-C-low-3,2.12176,1790323579.5601,const,23.3934,7.5596,0.374,0.2,2.6,-1,-11.812,-0.3344,22.898,1691,-9.56,52.2,14.8,39,2372,10.57,-52.1,13.4,40,-11.122,-0.69,0,
B-C-low-3,2.12277,1790323579.5611,const,23.3934,7.5596,0.374,0.2,2.6,-1,-11.812,0.0,22.898,1691,-8.55,54.800000000000004,14.8,39,2373,10.57,-52.1,13.4,40,-11.161,-0.652,0,
B-C-low-3,2.12576,1790323579.5641,const,23.3934,7.5596,0.374,0.2,2.6,-1,-11.889,-0.4481,22.891,1689,-9.06,53.1,14.8,39,2375,11.07,-50.400000000000006,13.4,40,-11.237,-0.652,0,
B-C-low-3,2.12776,1790323579.5661,const,23.3934,7.5596,0.374,0.2,2.6,-1,-11.928,-0.3349,22.888,1688,-8.55,54.800000000000004,14.8,39,2376,10.06,-52.900000000000006,13.4,40,-11.276,-0.652,0,
B-C-low-3,2.12976,1790323579.5681,const,23.3934,7.5596,0.374,0.2,2.6,-1,-11.966,-0.334,22.885,1687,-8.55,54.800000000000004,14.8,39,2378,11.07,-50.400000000000006,13.4,40,-11.352,-0.614,0,
B-C-low-3,2.13176,1790323579.5701,const,23.3934,7.5596,0.374,0.2,2.6,-1,-12.004,-0.3348,22.882,1686,-8.55,54.800000000000004,14.8,39,2379,10.57,-51.300000000000004,13.4,40,-11.391,-0.614,0,
B-C-low-3,2.13376,1790323579.5721,const,23.3934,7.5596,0.374,0.2,2.6,-1,-12.043,-0.3345,22.878,1685,-8.55,54.800000000000004,14.8,39,2380,10.06,-52.1,13.4,40,-11.429,-0.614,0,
B-C-low-3,2.13576,1790323579.5741,const,23.3934,7.5596,0.374,0.2,2.6,-1,-12.081,-0.3347,22.875,1684,-8.05,55.6,14.8,39,2381,10.06,-52.1,13.4,40,-11.467,-0.614,0,
B-C-low-3,2.13776,1790323579.5761,const,23.3934,7.5596,0.374,0.2,2.6,-1,-12.081,0.0,22.875,1684,-7.55,57.300000000000004,14.8,39,2382,9.06,-53.900000000000006,13.4,40,-11.506,-0.575,0,
B-C-low-3,2.13976,1790323579.5781,const,23.3934,7.5596,0.374,0.2,2.6,-1,-12.119,-0.3346,22.872,1683,-8.05,56.400000000000006,14.8,39,2382,9.06,-54.7,13.4,40,-11.506,-0.614,0,
B-C-low-3,2.14176,1790323579.5801,const,23.3934,7.5596,0.374,0.2,2.6,-1,-12.196,-0.6701,22.865,1681,-8.05,56.400000000000006,14.8,39,2384,9.06,-53.900000000000006,13.4,40,-11.582,-0.614,0,
B-C-low-3,2.14376,1790323579.5821,const,23.3934,7.5596,0.374,0.2,2.6,-1,-12.234,-0.3346,22.862,1680,-7.55,57.300000000000004,14.8,39,2385,9.06,-53.900000000000006,13.4,40,-11.621,-0.614,0,
B-C-low-3,2.14576,1790323579.5841,const,23.3934,7.5596,0.374,0.2,2.6,-1,-12.273,-0.3348,22.859,1679,-8.05,56.400000000000006,14.8,39,2385,8.55,-55.6,13.4,40,-11.621,-0.652,0,
B-C-low-3,2.14776,1790323579.5861,const,23.3934,7.5596,0.374,0.2,2.6,-1,-12.311,-0.3353,22.855,1678,-8.05,56.400000000000006,14.8,39,2385,7.55,-58.1,13.4,40,-11.621,-0.69,0,
B-C-low-3,2.14976,1790323579.5881,const,23.3934,7.5596,0.374,0.2,2.6,-1,-12.311,0.0,22.855,1678,-7.04,59.0,14.8,39,2386,7.55,-58.1,13.4,40,-11.659,-0.652,0,
B-C-low-3,2.15176,1790323579.5901,const,23.3934,7.5596,0.374,0.2,2.6,-1,-12.349,-0.3339,22.852,1677,-7.04,59.0,14.8,39,2387,7.04,-59.800000000000004,13.4,40,-11.697,-0.652,0,
B-C-low-3,2.15376,1790323579.5921,const,23.3934,7.5596,0.374,0.2,2.6,-1,-12.388,-0.3349,22.849,1676,-7.04,59.0,14.8,39,2388,7.04,-59.800000000000004,13.4,40,-11.736,-0.652,0,
B-C-low-3,2.15576,1790323579.5941,const,23.3934,7.5596,0.374,0.2,2.6,-1,-12.426,-0.3346,22.845,1675,-7.04,59.0,14.8,39,2389,7.04,-59.800000000000004,13.4,40,-11.774,-0.652,0,
B-C-low-3,2.15776,1790323579.5961,const,23.3934,7.5596,0.374,0.2,2.6,-1,-12.464,-0.3345,22.842,1674,-7.04,59.0,14.8,39,2390,7.04,-59.800000000000004,13.4,40,-11.812,-0.652,0,
B-C-low-3,2.15976,1790323579.5981,const,23.3934,7.5596,0.374,0.2,2.6,-1,-12.541,-0.6712,22.835,1672,-7.04,59.0,14.8,39,2391,6.54,-60.7,13.4,40,-11.851,-0.69,0,
B-C-low-3,2.16176,1790323579.6001,const,23.3934,7.5596,0.374,0.2,2.6,-1,-12.58,-0.3346,22.832,1671,-7.04,59.0,14.8,39,2392,6.54,-60.7,13.4,40,-11.889,-0.69,0,
B-C-low-3,2.16376,1790323579.6021,const,23.3934,7.5596,0.374,0.2,2.6,-1,-12.618,-0.3347,22.828,1670,-7.55,58.1,14.8,39,2393,6.54,-60.7,13.4,40,-11.928,-0.69,0,
B-C-low-3,2.16576,1790323579.6041,const,23.3934,7.5596,0.374,0.2,2.6,-1,-12.618,0.0,22.828,1670,-7.04,59.800000000000004,14.8,39,2394,6.54,-60.7,13.4,40,-11.966,-0.652,0,
B-C-low-3,2.16776,1790323579.6061,const,23.3934,7.5596,0.374,0.2,2.6,-1,-12.656,-0.3348,22.825,1669,-7.04,59.800000000000004,14.8,39,2395,6.54,-60.7,13.4,40,-12.004,-0.652,0,
B-C-low-3,2.16976,1790323579.6081,const,23.3934,7.5596,0.374,0.2,2.6,-1,-12.733,-0.6689,22.818,1667,-7.55,58.1,14.8,39,2397,7.04,-59.800000000000004,13.4,40,-12.081,-0.652,0,
B-C-low-3,2.17176,1790323579.6101,const,23.3934,7.5596,0.374,0.2,2.6,-1,-12.81,-0.6697,22.811,1665,-8.05,56.400000000000006,14.8,39,2398,7.04,-59.800000000000004,13.4,40,-12.119,-0.69,0,
B-C-low-3,2.17376,1790323579.6121,const,23.3934,7.5596,0.374,0.2,2.6,-1,-12.81,0.0,22.811,1665,-7.55,58.1,14.8,39,2399,7.04,-59.800000000000004,13.4,40,-12.158,-0.652,0,
B-C-low-3,2.17576,1790323579.6141,const,23.3934,7.5596,0.374,0.2,2.6,-1,-12.848,-0.335,22.808,1664,-7.55,58.900000000000006,14.8,39,2400,7.55,-58.900000000000006,13.4,48,-12.196,-0.652,0,
B-C-low-3,2.17776,1790323579.6161,const,23.3934,7.5596,0.374,0.2,2.6,-1,-12.925,-0.6689,22.801,1662,-8.05,57.2,14.8,39,2402,8.05,-57.2,13.4,48,-12.273,-0.652,0,
B-C-low-3,2.17976,1790323579.6181,const,23.3934,7.5596,0.374,0.2,2.6,-1,-12.963,-0.3346,22.797,1661,-8.05,57.2,14.8,39,2403,8.05,-57.2,13.4,48,-12.311,-0.652,0,
B-C-low-3,2.18176,1790323579.6201,const,23.3934,7.5596,0.374,0.2,2.6,-1,-13.001,-0.3348,22.794,1660,-8.55,56.400000000000006,14.8,39,2404,8.05,-57.2,13.4,48,-12.349,-0.652,0,
B-C-low-3,2.18376,1790323579.6221,const,23.3934,7.5596,0.374,0.2,2.6,-1,-13.078,-0.6697,22.787,1658,-8.55,55.6,14.8,39,2405,8.05,-57.2,13.4,48,-12.388,-0.69,0,
B-C-low-3,2.18576,1790323579.6241,const,23.3934,7.5596,0.374,0.2,2.6,-1,-13.116,-0.3347,22.783,1657,-8.55,55.6,14.8,39,2406,8.55,-56.400000000000006,13.4,48,-12.426,-0.69,0,
B-C-low-3,2.18776,1790323579.6261,const,23.3934,7.5596,0.374,0.2,2.6,-1,-13.193,-0.6685,22.776,1655,-9.06,53.900000000000006,14.8,39,2407,8.55,-56.400000000000006,13.4,48,-12.464,-0.729,0,
B-C-low-3,2.18976,1790323579.6281,const,23.3934,7.5596,0.374,0.2,2.6,-1,-13.232,-0.3346,22.772,1654,-9.06,53.900000000000006,14.8,39,2409,9.06,-54.7,13.4,48,-12.541,-0.69,0,
B-C-low-3,2.19176,1790323579.6301,const,23.3934,7.5596,0.374,0.2,2.6,-1,-13.308,-0.67,22.765,1652,-9.56,53.0,14.8,39,2410,8.55,-56.400000000000006,13.4,48,-12.58,-0.729,0,
B-C-low-3,2.19376,1790323579.6321,const,23.3934,7.5596,0.374,0.2,2.6,-1,-13.347,-0.3346,22.761,1651,-9.56,53.0,14.8,39,2411,9.06,-55.5,13.4,48,-12.618,-0.729,0,
B-C-low-3,2.19576,1790323579.6341,const,23.3934,7.5596,0.374,0.2,2.6,-1,-13.385,-0.3347,22.758,1650,-9.56,53.0,14.8,39,2412,9.06,-55.5,13.4,48,-12.656,-0.729,0,
B-C-low-3,2.19776,1790323579.6361,const,23.3934,7.5596,0.374,0.2,2.6,-1,-13.423,-0.3348,22.754,1649,-9.56,53.0,14.8,39,2413,8.55,-56.400000000000006,13.4,48,-12.695,-0.729,0,
B-C-low-3,2.19976,1790323579.6381,const,23.3934,7.5596,0.374,0.2,2.6,-1,-13.462,-0.3346,22.751,1648,-9.56,53.0,14.8,39,2414,8.55,-56.400000000000006,13.4,48,-12.733,-0.729,0,
B-C-low-3,2.20176,1790323579.6401,const,23.3934,7.5596,0.374,0.2,2.6,-1,-13.538,-0.669,22.743,1646,-9.56,52.2,14.8,39,2415,8.05,-57.2,13.4,48,-12.771,-0.767,0,
B-C-low-3,2.20376,1790323579.6421,const,23.3934,7.5596,0.374,0.2,2.6,-1,-13.615,-0.6694,22.736,1644,-10.06,50.5,14.8,39,2417,9.06,-55.5,13.4,48,-12.848,-0.767,0,
B-C-low-3,2.20576,1790323579.6441,const,23.3934,7.5596,0.374,0.2,2.6,-1,-13.653,-0.3349,22.732,1643,-10.06,50.5,14.8,39,2418,8.55,-56.400000000000006,13.4,48,-12.886,-0.767,0,
B-C-low-3,2.20776,1790323579.6461,const,23.3934,7.5596,0.374,0.2,2.6,-1,-13.692,-0.3345,22.729,1642,-10.06,50.5,14.8,39,2419,8.55,-56.400000000000006,13.4,48,-12.925,-0.767,0,
B-C-low-3,2.20977,1790323579.6481,const,23.3934,7.5596,0.374,0.2,2.6,-1,-13.73,-0.3325,22.725,1641,-9.56,52.2,14.8,39,2421,8.55,-55.6,13.4,48,-13.001,-0.729,0,
B-C-low-3,2.21176,1790323579.6501,const,23.3934,7.5596,0.374,0.2,2.6,-1,-13.807,-0.6739,22.717,1639,-10.06,50.5,14.8,39,2422,8.55,-55.6,13.4,48,-13.04,-0.767,0,
B-C-low-3,2.21376,1790323579.6521,const,23.3934,7.5596,0.374,0.2,2.6,-1,-13.845,-0.3346,22.714,1638,-9.56,51.400000000000006,14.8,39,2423,8.55,-55.6,13.4,48,-13.078,-0.767,0,
B-C-low-3,2.21576,1790323579.6541,const,23.3934,7.5596,0.374,0.2,2.6,-1,-13.884,-0.3348,22.71,1637,-9.56,51.400000000000006,14.8,39,2424,8.55,-55.6,13.4,48,-13.116,-0.767,0,
B-C-low-3,2.21776,1790323579.6561,const,23.3934,7.5596,0.374,0.2,2.6,-1,-13.922,-0.3347,22.706,1636,-9.06,52.300000000000004,14.8,39,2425,8.55,-55.6,13.4,48,-13.155,-0.767,0,
B-C-low-3,2.21976,1790323579.6581,const,23.3934,7.5596,0.374,0.2,2.6,-1,-13.922,0.0,22.706,1636,-9.06,53.1,14.8,39,2427,9.06,-54.7,13.4,48,-13.232,-0.69,0,
B-C-low-3,2.22176,1790323579.6601,const,23.3934,7.5596,0.374,0.2,2.6,-1,-13.999,-0.6689,22.699,1634,-9.56,51.400000000000006,14.8,39,2428,8.55,-55.6,13.4,48,-13.27,-0.729,0,
B-C-low-3,2.22376,1790323579.6621,const,23.3934,7.5596,0.374,0.2,2.6,-1,-14.037,-0.3346,22.695,1633,-9.06,53.1,14.8,39,2428,8.55,-56.400000000000006,13.4,48,-13.27,-0.767,0,
B-C-low-3,2.22576,1790323579.6641,const,23.3934,7.5596,0.374,0.2,2.6,-1,-14.075,-0.3349,22.691,1632,-9.06,53.1,14.8,39,2429,8.05,-57.2,13.4,48,-13.308,-0.767,0,
B-C-low-3,2.22776,1790323579.6661,const,23.3934,7.5596,0.374,0.2,2.6,-1,-14.114,-0.3344,22.687,1631,-8.55,54.0,14.8,39,2431,8.55,-55.6,13.4,48,-13.385,-0.729,0,
B-C-low-3,2.22976,1790323579.6681,const,23.3934,7.5596,0.374,0.2,2.6,-1,-14.152,-0.3345,22.683,1630,-8.55,54.0,14.8,39,2431,8.05,-57.2,13.4,48,-13.385,-0.767,0,
B-C-low-3,2.23176,1790323579.6701,const,23.3934,7.5596,0.374,0.2,2.6,-1,-14.19,-0.3348,22.68,1629,-8.55,54.0,14.8,39,2433,8.55,-55.6,13.4,48,-13.462,-0.729,0,
B-C-low-3,2.23376,1790323579.6721,const,23.3934,7.5596,0.374,0.2,2.6,-1,-14.229,-0.3348,22.676,1628,-8.05,54.800000000000004,15.5,39,2433,7.55,-58.1,14.3,48,-13.462,-0.767,0,
B-C-low-3,2.23576,1790323579.6741,const,23.3934,7.5596,0.374,0.2,2.6,-1,-14.267,-0.3346,22.672,1627,-8.05,54.800000000000004,15.5,39,2434,7.55,-58.1,14.3,48,-13.5,-0.767,0,
B-C-low-3,2.23776,1790323579.6761,const,23.3934,7.5596,0.374,0.2,2.6,-1,-14.267,0.0,22.672,1627,-7.55,56.5,15.5,39,2435,7.55,-58.1,14.3,48,-13.538,-0.729,0,
B-C-low-3,2.23976,1790323579.6781,const,23.3934,7.5596,0.374,0.2,2.6,-1,-14.305,-0.3349,22.668,1626,-7.55,56.5,15.5,39,2436,7.55,-58.1,14.3,48,-13.577,-0.729,0,
B-C-low-3,2.24176,1790323579.6801,const,23.3934,7.5596,0.374,0.2,2.6,-1,-14.382,-0.6689,22.66,1624,-7.55,56.5,15.5,39,2437,7.55,-58.900000000000006,14.3,48,-13.615,-0.767,0,
B-C-low-3,2.24376,1790323579.6821,const,23.3934,7.5596,0.374,0.2,2.6,-1,-14.42,-0.3347,22.656,1623,-7.55,56.5,15.5,39,2438,7.04,-59.800000000000004,14.3,48,-13.653,-0.767,0,
B-C-low-3,2.24576,1790323579.6841,const,23.3934,7.5596,0.374,0.2,2.6,-1,-14.459,-0.3346,22.652,1622,-7.04,57.400000000000006,15.5,39,2439,7.04,-59.800000000000004,14.3,48,-13.692,-0.767,0,
B-C-low-3,2.24776,1790323579.6861,const,23.3934,7.5596,0.374,0.2,2.6,-1,-14.497,-0.3349,22.648,1621,-7.55,56.5,15.5,39,2440,7.04,-59.800000000000004,14.3,48,-13.73,-0.767,0,
B-C-low-3,2.24976,1790323579.6881,const,23.3934,7.5596,0.374,0.2,2.6,-1,-14.536,-0.3346,22.645,1620,-7.55,56.5,15.5,39,2441,7.04,-59.800000000000004,14.3,48,-13.768,-0.767,0,
B-C-low-3,2.25176,1790323579.6901,const,23.3934,7.5596,0.374,0.2,2.6,-1,-14.574,-0.3347,22.641,1619,-7.04,58.2,15.5,39,2442,7.04,-59.800000000000004,14.3,48,-13.807,-0.767,0,
B-C-low-3,2.25376,1790323579.6921,const,23.3934,7.5596,0.374,0.2,2.6,-1,-14.612,-0.3347,22.637,1618,-7.04,58.2,15.5,39,2443,7.04,-59.800000000000004,14.3,48,-13.845,-0.767,0,
B-C-low-3,2.25576,1790323579.6941,const,23.3934,7.5596,0.374,0.2,2.6,-1,-14.651,-0.3348,22.633,1617,-7.55,57.300000000000004,15.5,39,2444,7.04,-59.800000000000004,14.3,48,-13.884,-0.767,0,
B-C-low-3,2.25776,1790323579.6961,const,23.3934,7.5596,0.374,0.2,2.6,-1,-14.689,-0.3347,22.629,1616,-7.55,57.300000000000004,15.5,39,2445,7.04,-59.800000000000004,14.3,48,-13.922,-0.767,0,
B-C-low-3,2.25976,1790323579.6981,const,23.3934,7.5596,0.374,0.2,2.6,-1,-14.727,-0.3345,22.625,1615,-7.04,58.2,15.5,39,2446,7.04,-60.6,14.3,48,-13.96,-0.767,0,
B-C-low-3,2.26174,1790323579.7001,const,23.3934,7.5596,0.374,0.2,2.6,-1,-14.766,-0.3383,22.621,1614,-7.55,57.300000000000004,15.5,39,2447,7.04,-60.6,14.3,48,-13.999,-0.767,0,
B-C-low-3,2.26374,1790323579.7021,const,23.3934,7.5596,0.374,0.2,2.6,-1,-14.804,-0.3348,22.617,1613,-7.55,57.300000000000004,15.5,39,2448,7.04,-60.6,14.3,48,-14.037,-0.767,0,
B-C-low-3,2.26574,1790323579.7041,const,23.3934,7.5596,0.374,0.2,2.6,-1,-14.842,-0.3346,22.613,1612,-7.55,57.300000000000004,15.5,39,2448,6.54,-62.300000000000004,14.3,48,-14.037,-0.805,0,
B-C-low-3,2.26774,1790323579.7061,const,23.3934,7.5596,0.374,0.2,2.6,-1,-14.881,-0.3344,22.609,1611,-7.55,57.300000000000004,15.5,39,2449,7.04,-61.400000000000006,14.3,48,-14.075,-0.805,0,
B-C-low-3,2.26974,1790323579.7081,const,23.3934,7.5596,0.374,0.2,2.6,-1,-14.919,-0.3346,22.605,1610,-7.55,57.300000000000004,15.5,39,2450,6.54,-62.300000000000004,14.3,48,-14.114,-0.805,0,
B-C-low-3,2.27174,1790323579.7101,const,23.3934,7.5596,0.374,0.2,2.6,-1,-14.957,-0.3346,22.601,1609,-7.55,57.300000000000004,15.5,39,2451,6.54,-62.300000000000004,14.3,48,-14.152,-0.805,0,
B-C-low-3,2.27374,1790323579.7121,const,23.3934,7.5596,0.374,0.2,2.6,-1,-15.034,-0.6701,22.593,1607,-8.05,56.400000000000006,15.5,39,2452,6.54,-62.300000000000004,14.3,48,-14.19,-0.844,0,
B-C-low-3,2.27574,1790323579.7141,const,23.3934,7.5596,0.374,0.2,2.6,-1,-15.072,-0.3347,22.589,1606,-8.05,56.400000000000006,15.5,39,2453,7.04,-61.400000000000006,14.3,48,-14.229,-0.844,0,
B-C-low-3,2.27774,1790323579.7161,const,23.3934,7.5596,0.374,0.2,2.6,-1,-15.111,-0.3343,22.584,1605,-8.05,56.400000000000006,15.5,39,2454,7.04,-61.400000000000006,14.3,48,-14.267,-0.844,0,
B-C-low-3,2.27974,1790323579.7181,const,23.3934,7.5596,0.374,0.2,2.6,-1,-15.149,-0.3347,22.58,1604,-8.05,56.400000000000006,15.5,39,2456,7.55,-59.7,14.3,48,-14.344,-0.805,0,
B-C-low-3,2.28174,1790323579.7201,const,23.3934,7.5596,0.374,0.2,2.6,-1,-15.188,-0.3347,22.576,1603,-8.05,56.400000000000006,15.5,39,2457,7.55,-59.7,14.3,48,-14.382,-0.805,0,
B-C-low-3,2.28374,1790323579.7221,const,23.3934,7.5596,0.374,0.2,2.6,-1,-15.264,-0.6701,22.568,1601,-8.05,55.6,15.5,39,2458,7.55,-60.5,14.3,48,-14.42,-0.844,0,
B-C-low-3,2.28574,1790323579.7241,const,23.3934,7.5596,0.374,0.2,2.6,-1,-15.303,-0.3346,22.564,1600,-8.55,54.800000000000004,15.5,39,2460,8.05,-58.800000000000004,14.3,48,-14.497,-0.805,0,
B-C-low-3,2.28774,1790323579.7261,const,23.3934,7.5596,0.374,0.2,2.6,-1,-15.303,0.0,22.564,1600,-7.55,57.300000000000004,15.5,39,2461,8.05,-58.800000000000004,14.3,48,-14.536,-0.767,0,
B-C-low-3,2.28974,1790323579.7281,const,23.3934,7.5596,0.374,0.2,2.6,-1,-15.341,-0.3348,22.56,1599,-8.55,54.800000000000004,15.5,39,2462,8.05,-58.800000000000004,14.3,48,-14.574,-0.767,0,
B-C-low-3,2.29174,1790323579.7301,const,23.3934,7.5596,0.374,0.2,2.6,-1,-15.418,-0.6695,22.551,1597,-8.55,54.800000000000004,15.5,39,2464,8.55,-57.2,14.3,40,-14.651,-0.767,0,
B-C-low-3,2.29374,1790323579.7321,const,23.3934,7.5596,0.374,0.2,2.6,-1,-15.418,0.0,22.551,1597,-8.05,56.400000000000006,15.5,39,2465,8.55,-57.2,14.3,40,-14.689,-0.729,0,
B-C-low-3,2.29574,1790323579.7341,const,23.3934,7.5596,0.374,0.2,2.6,-1,-15.494,-0.6693,22.543,1595,-9.06,53.900000000000006,15.5,39,2466,8.55,-57.2,14.3,40,-14.727,-0.767,0,
B-C-low-3,2.29774,1790323579.7361,const,23.3934,7.5596,0.374,0.2,2.6,-1,-15.533,-0.3348,22.539,1594,-8.55,54.800000000000004,15.5,39,2467,8.55,-57.2,14.3,40,-14.766,-0.767,0,
B-C-low-3,2.29974,1790323579.7381,const,23.3934,7.5596,0.374,0.2,2.6,-1,-15.533,0.0,22.539,1594,-8.05,56.400000000000006,15.5,39,2469,9.56,-54.6,14.3,40,-14.842,-0.69,0,
B-C-low-3,2.30174,1790323579.7401,const,23.3934,7.5596,0.374,0.2,2.6,-1,-15.609,-0.6689,22.531,1592,-8.55,55.6,15.5,39,2470,9.06,-56.300000000000004,14.3,40,-14.881,-0.729,0,
B-C-low-3,2.30374,1790323579.7421,const,23.3934,7.5596,0.374,0.2,2.6,-1,-15.648,-0.3348,22.526,1591,-8.55,55.6,15.5,39,2471,9.56,-55.400000000000006,14.3,40,-14.919,-0.729,0,
B-C-low-3,2.30574,1790323579.7441,const,23.3934,7.5596,0.374,0.2,2.6,-1,-15.648,0.0,22.526,1591,-8.05,57.2,15.5,39,2472,9.06,-56.300000000000004,14.3,40,-14.957,-0.69,0,
B-C-low-3,2.30774,1790323579.7461,const,23.3934,7.5596,0.374,0.2,2.6,-1,-15.724,-0.6689,22.518,1589,-8.55,55.6,15.5,39,2473,9.06,-56.300000000000004,14.3,40,-14.996,-0.729,0,
B-C-low-3,2.30974,1790323579.7481,const,23.3934,7.5596,0.374,0.2,2.6,-1,-15.763,-0.3342,22.514,1588,-8.55,54.800000000000004,15.5,39,2476,9.56,-53.800000000000004,14.3,40,-15.111,-0.652,0,
B-C-low-3,2.31174,1790323579.7501,const,23.3934,7.5596,0.374,0.2,2.6,-1,-15.801,-0.335,22.509,1587,-8.05,56.400000000000006,15.5,39,2477,9.56,-53.800000000000004,14.3,40,-15.149,-0.652,0,
B-C-low-3,2.31374,1790323579.7521,const,23.3934,7.5596,0.374,0.2,2.6,-1,-15.839,-0.3348,22.505,1586,-8.05,56.400000000000006,15.5,39,2477,9.06,-55.5,14.3,40,-15.149,-0.69,0,
B-C-low-3,2.31574,1790323579.7541,const,23.3934,7.5596,0.374,0.2,2.6,-1,-15.916,-0.6695,22.497,1584,-8.55,54.800000000000004,15.5,39,2479,9.06,-54.7,14.3,40,-15.226,-0.69,0,
B-C-low-3,2.31774,1790323579.7561,const,23.3934,7.5596,0.374,0.2,2.6,-1,-15.916,0.0,22.497,1584,-8.05,56.400000000000006,15.5,39,2480,9.06,-54.7,14.3,40,-15.264,-0.652,0,
B-C-low-3,2.31974,1790323579.7581,const,23.3934,7.5596,0.374,0.2,2.6,-1,-15.955,-0.3344,22.492,1583,-7.55,57.300000000000004,15.5,39,2481,9.06,-55.5,14.3,40,-15.303,-0.652,0,
B-C-low-3,2.32174,1790323579.7601,const,23.3934,7.5596,0.374,0.2,2.6,-1,-15.993,-0.3347,22.488,1582,-7.55,57.300000000000004,15.5,39,2481,8.55,-56.400000000000006,14.3,40,-15.303,-0.69,0,
B-C-low-3,2.32374,1790323579.7621,const,23.3934,7.5596,0.374,0.2,2.6,-1,-16.07,-0.6699,22.479,1580,-8.05,56.400000000000006,15.5,39,2483,8.55,-56.400000000000006,14.3,40,-15.379,-0.69,0,
B-C-low-3,2.32574,1790323579.7641,const,23.3934,7.5596,0.374,0.2,2.6,-1,-16.108,-0.3348,22.475,1579,-8.05,56.400000000000006,15.5,39,2484,8.55,-56.400000000000006,14.3,40,-15.418,-0.69,0,
B-C-low-3,2.32774,1790323579.7661,const,23.3934,7.5596,0.374,0.2,2.6,-1,-16.146,-0.3348,22.471,1578,-8.05,56.400000000000006,15.5,39,2485,8.55,-56.400000000000006,14.3,40,-15.456,-0.69,0,
B-C-low-3,2.32974,1790323579.7681,const,23.3934,7.5596,0.374,0.2,2.6,-1,-16.185,-0.3346,22.466,1577,-8.05,56.400000000000006,15.5,39,2485,8.05,-58.0,14.3,40,-15.456,-0.729,0,
B-C-low-3,2.33174,1790323579.7701,const,23.3934,7.5596,0.374,0.2,2.6,-1,-16.185,0.0,22.466,1577,-7.55,58.1,15.5,39,2486,8.05,-58.0,14.3,40,-15.494,-0.69,0,
B-C-low-3,2.33374,1790323579.7721,const,23.3934,7.5596,0.374,0.2,2.6,-1,-16.223,-0.3346,22.462,1576,-7.55,58.900000000000006,15.5,39,2487,7.55,-59.7,14.3,40,-15.533,-0.69,0,
B-C-low-3,2.33574,1790323579.7741,const,23.3934,7.5596,0.374,0.2,2.6,-1,-16.261,-0.3349,22.457,1575,-7.04,59.800000000000004,15.5,39,2488,7.55,-59.7,14.3,40,-15.571,-0.69,0,
B-C-low-3,2.33774,1790323579.7761,const,23.3934,7.5596,0.374,0.2,2.6,-1,-16.3,-0.3346,22.453,1574,-7.55,58.900000000000006,15.5,39,2489,7.55,-59.7,14.3,40,-15.609,-0.69,0,
B-C-low-3,2.33974,1790323579.7781,const,23.3934,7.5596,0.374,0.2,2.6,-1,-16.338,-0.3347,22.449,1573,-7.04,59.800000000000004,15.5,39,2490,7.04,-60.6,14.3,40,-15.648,-0.69,0,
B-C-low-3,2.34174,1790323579.7801,const,23.3934,7.5596,0.374,0.2,2.6,-1,-16.376,-0.3346,22.444,1572,-7.04,59.800000000000004,15.5,39,2491,7.04,-60.6,14.3,40,-15.686,-0.69,0,
B-C-low-3,2.34374,1790323579.7821,const,23.3934,7.5596,0.374,0.2,2.6,-1,-16.415,-0.3347,22.44,1571,-7.04,59.800000000000004,15.5,39,2491,6.54,-62.300000000000004,14.3,40,-15.686,-0.729,0,
B-C-low-3,2.34575,1790323579.7841,const,23.3934,7.5596,0.374,0.2,2.6,-1,-16.415,0.0,22.44,1571,-6.54,61.5,15.5,39,2492,6.54,-62.300000000000004,14.3,40,-15.724,-0.69,0,
B-C-low-3,2.34774,1790323579.7861,const,23.3934,7.5596,0.374,0.2,2.6,-1,-16.453,-0.3351,22.435,1570,-6.54,61.5,15.5,39,2493,6.54,-62.300000000000004,14.3,40,-15.763,-0.69,0,
B-C-low-3,2.34974,1790323579.7881,const,23.3934,7.5596,0.374,0.2,2.6,-1,-16.491,-0.3347,22.431,1569,-6.54,61.5,15.5,39,2494,6.54,-62.300000000000004,14.3,40,-15.801,-0.69,0,
B-C-low-3,2.35174,1790323579.7901,const,23.3934,7.5596,0.374,0.2,2.6,-1,-16.568,-0.6694,22.422,1567,-6.54,61.5,15.5,39,2495,6.04,-63.900000000000006,14.3,40,-15.839,-0.729,0,
B-C-low-3,2.35374,1790323579.7921,const,23.3934,7.5596,0.374,0.2,2.6,-1,-16.607,-0.3348,22.418,1566,-7.04,60.6,15.5,39,2496,6.54,-63.1,14.3,40,-15.878,-0.729,0,
B-C-low-3,2.35574,1790323579.7941,const,23.3934,7.5596,0.374,0.2,2.6,-1,-16.607,0.0,22.418,1566,-6.54,62.300000000000004,15.5,39,2497,6.54,-63.1,14.3,40,-15.916,-0.69,0,
B-C-low-3,2.35774,1790323579.7961,const,23.3934,7.5596,0.374,0.2,2.6,-1,-16.645,-0.335,22.413,1565,-6.54,62.300000000000004,15.5,39,2498,6.54,-63.1,14.3,40,-15.955,-0.69,0,
B-C-low-3,2.35975,1790323579.7981,const,23.3934,7.5596,0.374,0.2,2.6,-1,-16.722,-0.6685,22.404,1563,-7.04,60.6,15.5,39,2499,6.54,-63.1,14.3,40,-15.993,-0.729,0,
B-C-low-3,2.36174,1790323579.8001,const,23.3934,7.5596,0.374,0.2,2.6,-1,-16.76,-0.3348,22.4,1562,-7.04,60.6,15.5,39,2501,7.04,-61.400000000000006,14.3,40,-16.07,-0.69,0,
B-C-low-3,2.36374,1790323579.8021,const,23.3934,7.5596,0.374,0.2,2.6,-1,-16.798,-0.3346,22.395,1561,-7.55,59.7,15.5,39,2501,6.54,-63.1,14.3,40,-16.07,-0.729,0,
B-C-low-3,2.36574,1790323579.8041,const,23.3934,7.5596,0.374,0.2,2.6,-1,-16.875,-0.6701,22.386,1559,-7.55,58.900000000000006,15.5,39,2503,7.04,-61.400000000000006,14.3,40,-16.146,-0.729,0,
B-C-low-3,2.36774,1790323579.8061,const,23.3934,7.5596,0.374,0.2,2.6,-1,-16.875,0.0,22.386,1559,-7.55,59.7,15.5,39,2503,7.04,-62.2,14.3,40,-16.146,-0.729,0,
B-C-low-3,2.36975,1790323579.8081,const,23.3934,7.5596,0.374,0.2,2.6,-1,-16.913,-0.3344,22.381,1558,-7.55,60.5,15.5,39,2504,7.04,-62.2,14.3,40,-16.185,-0.729,0,
B-C-low-3,2.37174,1790323579.8101,const,23.3934,7.5596,0.374,0.2,2.6,-1,-16.952,-0.3349,22.377,1557,-7.55,60.5,15.5,39,2505,7.04,-62.2,14.3,40,-16.223,-0.729,0,
B-C-low-3,2.37374,1790323579.8121,const,23.3934,7.5596,0.374,0.2,2.6,-1,-17.028,-0.6695,22.368,1555,-8.05,58.800000000000004,15.5,39,2507,8.05,-60.400000000000006,14.3,40,-16.3,-0.729,0,
B-C-low-3,2.37574,1790323579.8141,const,23.3934,7.5596,0.374,0.2,2.6,-1,-17.067,-0.3348,22.363,1554,-8.05,58.800000000000004,15.5,39,2507,7.55,-62.1,14.3,40,-16.3,-0.767,0,
B-C-low-3,2.37774,1790323579.8161,const,23.3934,7.5596,0.374,0.2,2.6,-1,-17.105,-0.3345,22.359,1553,-8.05,58.800000000000004,15.5,39,2509,8.05,-60.400000000000006,14.3,40,-16.376,-0.729,0,
B-C-low-3,2.37974,1790323579.8181,const,23.3934,7.5596,0.374,0.2,2.6,-1,-17.143,-0.3347,22.354,1552,-8.05,58.800000000000004,15.5,39,2510,8.05,-60.400000000000006,14.3,40,-16.415,-0.729,0,
B-C-low-3,2.38174,1790323579.8201,const,23.3934,7.5596,0.374,0.2,2.6,-1,-17.182,-0.3346,22.349,1551,-8.05,58.800000000000004,15.5,39,2511,8.05,-60.400000000000006,14.3,40,-16.453,-0.729,0,
B-C-low-3,2.38374,1790323579.8221,const,23.3934,7.5596,0.374,0.2,2.6,-1,-17.259,-0.6697,22.34,1549,-8.55,58.0,15.5,39,2512,8.05,-60.400000000000006,14.3,40,-16.491,-0.767,0,
B-C-low-3,2.38574,1790323579.8241,const,23.3934,7.5596,0.374,0.2,2.6,-1,-17.297,-0.3347,22.335,1548,-8.55,58.0,15.5,39,2513,8.05,-60.400000000000006,14.3,40,-16.53,-0.767,0,
B-C-low-3,2.38774,1790323579.8261,const,23.3934,7.5596,0.374,0.2,2.6,-1,-17.335,-0.3346,22.331,1547,-8.55,58.0,15.5,39,2514,8.05,-60.400000000000006,14.3,40,-16.568,-0.767,0,
B-C-low-3,2.38974,1790323579.8281,const,23.3934,7.5596,0.374,0.2,2.6,-1,-17.412,-0.6694,22.321,1545,-9.06,56.300000000000004,15.5,39,2515,8.05,-60.400000000000006,14.3,40,-16.607,-0.805,0,
B-C-low-3,2.39174,1790323579.8301,const,23.3934,7.5596,0.374,0.2,2.6,-1,-17.45,-0.3347,22.317,1544,-8.55,57.2,15.5,39,2517,8.05,-60.400000000000006,14.3,40,-16.683,-0.767,0,
B-C-low-3,2.39374,1790323579.8321,const,23.3934,7.5596,0.374,0.2,2.6,-1,-17.527,-0.6692,22.307,1542,-9.06,55.5,15.5,39,2519,8.55,-58.800000000000004,14.3,40,-16.76,-0.767,0,
B-C-low-3,2.39574,1790323579.8341,const,23.3934,7.5596,0.374,0.2,2.6,-1,-17.565,-0.3346,22.303,1541,-9.06,55.5,15.5,39,2520,8.55,-58.800000000000004,14.3,40,-16.798,-0.767,0,
B-C-low-3,2.39774,1790323579.8361,const,23.3934,7.5596,0.374,0.2,2.6,-1,-17.604,-0.3347,22.298,1540,-9.06,55.5,15.5,39,2521,8.55,-58.800000000000004,14.3,40,-16.837,-0.767,0,
B-C-low-3,2.39975,1790323579.8381,const,23.3934,7.5596,0.374,0.2,2.6,-1,-17.68,-0.6689,22.288,1538,-9.56,53.800000000000004,15.5,39,2522,8.55,-58.800000000000004,14.3,40,-16.875,-0.805,0,
B-C-low-3,2.40174,1790323579.8401,const,23.3934,7.5596,0.374,0.2,2.6,-1,-17.68,0.0,22.288,1538,-9.06,55.5,15.5,39,2523,8.55,-58.800000000000004,14.3,40,-16.913,-0.767,0,
B-C-low-3,2.40375,1790323579.8421,const,23.3934,7.5596,0.374,0.2,2.6,-1,-17.757,-0.6687,22.279,1536,-9.56,53.800000000000004,15.5,39,2525,9.06,-57.1,14.3,40,-16.99,-0.767,0,
B-C-low-3,2.40574,1790323579.8441,const,23.3934,7.5596,0.374,0.2,2.6,-1,-17.834,-0.6701,22.269,1534,-9.56,53.800000000000004,15.5,39,2526,9.06,-57.1,14.3,40,-17.028,-0.805,0,
B-C-low-3,2.40774,1790323579.8461,const,23.3934,7.5596,0.374,0.2,2.6,-1,-17.872,-0.3346,22.264,1533,-9.56,53.800000000000004,15.5,39,2527,9.06,-57.1,14.3,40,-17.067,-0.805,0,
B-C-low-3,2.40975,1790323579.8481,const,23.3934,7.5596,0.374,0.2,2.6,-1,-17.911,-0.3343,22.26,1532,-9.56,53.800000000000004,15.5,39,2528,8.55,-58.800000000000004,14.3,40,-17.105,-0.805,0,
B-C-low-3,2.41175,1790323579.8501,const,23.3934,7.5596,0.374,0.2,2.6,-1,-17.949,-0.3346,22.255,1531,-9.56,53.800000000000004,15.5,39,2529,9.06,-57.1,14.3,40,-17.143,-0.805,0,
B-C-low-3,2.41375,1790323579.8521,const,23.3934,7.5596,0.374,0.2,2.6,-1,-17.987,-0.3346,22.25,1530,-9.56,53.800000000000004,15.5,39,2530,9.06,-57.1,14.3,40,-17.182,-0.805,0,
B-C-low-3,2.41574,1790323579.8541,const,23.3934,7.5596,0.374,0.2,2.6,-1,-18.026,-0.3353,22.245,1529,-9.06,55.5,15.5,39,2532,9.06,-57.1,14.3,40,-17.259,-0.767,0,
B-C-low-3,2.41774,1790323579.8561,const,23.3934,7.5596,0.374,0.2,2.6,-1,-18.064,-0.3346,22.24,1528,-9.06,55.5,15.5,39,2533,9.06,-57.1,14.3,40,-17.297,-0.767,0,
B-C-low-3,2.41974,1790323579.8581,const,23.3934,7.5596,0.374,0.2,2.6,-1,-18.141,-0.6694,22.231,1526,-9.56,53.800000000000004,15.5,39,2534,9.06,-57.1,14.3,40,-17.335,-0.805,0,
B-C-low-3,2.42175,1790323579.8601,const,23.3934,7.5596,0.374,0.2,2.6,-1,-18.141,0.0,22.231,1526,-9.06,55.5,15.5,39,2535,9.06,-57.1,14.3,40,-17.374,-0.767,0,
B-C-low-3,2.42375,1790323579.8621,const,23.3934,7.5596,0.374,0.2,2.6,-1,-18.217,-0.6699,22.221,1524,-8.55,55.6,15.5,39,2536,8.55,-58.0,14.3,40,-17.412,-0.805,0,
B-C-low-3,2.42575,1790323579.8641,const,23.3934,7.5596,0.374,0.2,2.6,-1,-18.256,-0.3347,22.216,1523,-8.55,55.6,15.5,39,2538,9.06,-56.300000000000004,14.3,40,-17.489,-0.767,0,
B-C-low-3,2.42775,1790323579.8661,const,23.3934,7.5596,0.374,0.2,2.6,-1,-18.294,-0.3348,22.211,1522,-8.55,55.6,15.5,39,2539,8.55,-57.2,14.3,40,-17.527,-0.767,0,
B-C-low-3,2.42975,1790323579.8681,const,23.3934,7.5596,0.374,0.2,2.6,-1,-18.332,-0.3346,22.206,1521,-8.55,55.6,15.5,39,2541,9.56,-54.6,14.3,40,-17.604,-0.729,0,
B-C-low-3,2.43175,1790323579.8701,const,23.3934,7.5596,0.374,0.2,2.6,-1,-18.409,-0.6693,22.196,1519,-9.06,53.900000000000006,15.5,39,2541,9.06,-56.300000000000004,14.3,40,-17.604,-0.805,0,
B-C-low-3,2.43375,1790323579.8721,const,23.3934,7.5596,0.374,0.2,2.6,-1,-18.447,-0.3345,22.191,1518,-8.55,55.6,15.5,39,2543,9.06,-56.300000000000004,14.3,40,-17.68,-0.767,0,
B-C-low-3,2.43575,1790323579.8741,const,23.3934,7.5596,0.374,0.2,2.6,-1,-18.486,-0.335,22.186,1517,-8.55,55.6,15.5,39,2545,9.06,-55.5,14.3,40,-17.757,-0.729,0,
B-C-low-3,2.43775,1790323579.8761,const,23.3934,7.5596,0.374,0.2,2.6,-1,-18.524,-0.3345,22.181,1516,-8.55,55.6,15.5,39,2545,9.06,-56.300000000000004,14.3,40,-17.757,-0.767,0,
B-C-low-3,2.43975,1790323579.8781,const,23.3934,7.5596,0.374,0.2,2.6,-1,-18.562,-0.3348,22.176,1515,-8.55,55.6,15.5,39,2546,9.06,-56.300000000000004,14.3,40,-17.795,-0.767,0,
B-C-low-3,2.44175,1790323579.8801,const,23.3934,7.5596,0.374,0.2,2.6,-1,-18.639,-0.6687,22.166,1513,-8.55,54.800000000000004,15.5,39,2548,9.06,-56.300000000000004,14.3,40,-17.872,-0.767,0,
B-C-low-3,2.44375,1790323579.8821,const,23.3934,7.5596,0.374,0.2,2.6,-1,-18.639,0.0,22.166,1513,-8.05,56.400000000000006,15.5,39,2548,8.55,-58.0,14.3,40,-17.872,-0.767,0,
B-C-low-3,2.44575,1790323579.8841,const,23.3934,7.5596,0.374,0.2,2.6,-1,-18.716,-0.6699,22.156,1511,-8.55,55.6,15.5,39,2550,9.06,-56.300000000000004,14.3,40,-17.949,-0.767,0,
B-C-low-3,2.44775,1790323579.8861,const,23.3934,7.5596,0.374,0.2,2.6,-1,-18.754,-0.335,22.151,1510,-8.55,55.6,15.5,39,2551,9.06,-56.300000000000004,14.3,40,-17.987,-0.767,0,
B-C-low-3,2.44975,1790323579.8881,const,23.3934,7.5596,0.374,0.2,2.6,-1,-18.793,-0.3348,22.146,1509,-8.55,55.6,15.5,39,2551,8.55,-58.0,14.3,40,-17.987,-0.805,0,
B-C-low-3,2.45175,1790323579.8901,const,23.3934,7.5596,0.374,0.2,2.6,-1,-18.831,-0.3343,22.141,1508,-8.05,56.400000000000006,15.5,39,2553,8.55,-57.2,14.3,40,-18.064,-0.767,0,
B-C-low-3,2.45375,1790323579.8921,const,23.3934,7.5596,0.374,0.2,2.6,-1,-18.869,-0.3346,22.136,1507,-8.55,55.6,15.5,39,2554,8.05,-58.0,14.3,40,-18.102,-0.767,0,
B-C-low-3,2.45577,1790323579.8941,const,23.3934,7.5596,0.374,0.2,2.6,-1,-18.946,-0.6639,22.126,1505,-8.55,54.800000000000004,15.5,39,2555,8.55,-57.2,14.3,40,-18.141,-0.805,0,
B-C-low-3,2.45775,1790323579.8961,const,23.3934,7.5596,0.374,0.2,2.6,-1,-18.984,-0.3376,22.121,1504,-8.55,54.800000000000004,15.5,39,2556,8.05,-58.0,14.3,40,-18.179,-0.805,0,
B-C-low-3,2.45975,1790323579.8981,const,23.3934,7.5596,0.374,0.2,2.6,-1,-19.061,-0.6695,22.111,1502,-9.06,53.1,15.5,39,2557,8.05,-58.0,14.3,40,-18.217,-0.844,0,
B-C-low-3,2.46175,1790323579.9001,const,23.3934,7.5596,0.374,0.2,2.6,-1,-19.061,0.0,22.111,1502,-8.55,54.800000000000004,15.5,39,2558,8.05,-58.0,14.3,40,-18.256,-0.805,0,
B-C-low-3,2.46375,1790323579.9021,const,23.3934,7.5596,0.374,0.2,2.6,-1,-19.099,-0.3346,22.106,1501,-8.55,54.800000000000004,15.5,39,2559,8.05,-58.0,14.3,40,-18.294,-0.805,0,
B-C-low-3,2.46575,1790323579.9041,const,23.3934,7.5596,0.374,0.2,2.6,-1,-19.176,-0.6689,22.095,1499,-8.55,54.800000000000004,13.7,39,2561,8.05,-58.0,13.5,40,-18.371,-0.805,0,
B-C-low-3,2.46775,1790323579.9061,const,23.3934,7.5596,0.374,0.2,2.6,-1,-19.214,-0.3348,22.09,1498,-9.06,53.900000000000006,13.7,39,2562,8.05,-58.0,13.5,40,-18.409,-0.805,0,
B-C-low-3,2.46975,1790323579.9081,const,23.3934,7.5596,0.374,0.2,2.6,-1,-19.253,-0.3347,22.085,1497,-8.55,54.800000000000004,13.7,39,2563,8.05,-58.0,13.5,40,-18.447,-0.805,0,
B-C-low-3,2.47175,1790323579.9101,const,23.3934,7.5596,0.374,0.2,2.6,-1,-19.33,-0.6693,22.075,1495,-9.06,53.1,13.7,39,2564,8.05,-58.0,13.5,40,-18.486,-0.844,0,
B-C-low-3,2.47375,1790323579.9121,const,23.3934,7.5596,0.374,0.2,2.6,-1,-19.368,-0.335,22.069,1494,-9.06,53.1,13.7,39,2566,8.55,-56.400000000000006,13.5,40,-18.562,-0.805,0,
B-C-low-3,2.47575,1790323579.9141,const,23.3934,7.5596,0.374,0.2,2.6,-1,-19.406,-0.3346,22.064,1493,-8.55,54.0,13.7,39,2567,8.55,-56.400000000000006,13.5,40,-18.601,-0.805,0,
B-C-low-3,2.47775,1790323579.9161,const,23.3934,7.5596,0.374,0.2,2.6,-1,-19.483,-0.6693,22.054,1491,-9.56,51.400000000000006,13.7,39,2568,8.55,-56.400000000000006,13.5,40,-18.639,-0.844,0,
B-C-low-3,2.47975,1790323579.9181,const,23.3934,7.5596,0.374,0.2,2.6,-1,-19.483,0.0,22.054,1491,-9.06,53.1,13.7,39,2569,8.55,-56.400000000000006,13.5,40,-18.678,-0.805,0,
B-C-low-3,2.48175,1790323579.9201,const,23.3934,7.5596,0.374,0.2,2.6,-1,-19.56,-0.6692,22.043,1489,-9.56,51.400000000000006,13.7,39,2570,8.55,-56.400000000000006,13.5,40,-18.716,-0.844,0,
B-C-low-3,2.48375,1790323579.9221,const,23.3934,7.5596,0.374,0.2,2.6,-1,-19.598,-0.3347,22.038,1488,-9.06,53.1,13.7,39,2572,8.55,-56.400000000000006,13.5,40,-18.793,-0.805,0,
B-C-low-3,2.48575,1790323579.9241,const,23.3934,7.5596,0.374,0.2,2.6,-1,-19.675,-0.6693,22.028,1486,-9.56,51.400000000000006,13.7,39,2574,9.56,-53.800000000000004,13.5,40,-18.869,-0.805,0,
B-C-low-3,2.48775,1790323579.9261,const,23.3934,7.5596,0.374,0.2,2.6,-1,-19.713,-0.3346,22.022,1485,-9.06,52.300000000000004,13.7,39,2575,9.56,-53.800000000000004,13.5,40,-18.908,-0.805,0,
B-C-low-3,2.48975,1790323579.9281,const,23.3934,7.5596,0.374,0.2,2.6,-1,-19.751,-0.3348,22.017,1484,-9.06,52.300000000000004,13.7,39,2576,9.06,-54.7,13.5,40,-18.946,-0.805,0,
B-C-low-3,2.49175,1790323579.9301,const,23.3934,7.5596,0.374,0.2,2.6,-1,-19.79,-0.3344,22.012,1483,-9.06,52.300000000000004,13.7,39,2578,9.56,-53.0,13.5,40,-19.023,-0.767,0,
B-C-low-3,2.49375,1790323579.9321,const,23.3934,7.5596,0.374,0.2,2.6,-1,-19.828,-0.3348,22.006,1482,-9.06,52.300000000000004,13.7,39,2580,10.06,-51.300000000000004,13.5,40,-19.099,-0.729,0,
B-C-low-3,2.49575,1790323579.9341,const,23.3934,7.5596,0.374,0.2,2.6,-1,-19.866,-0.3345,22.001,1481,-9.06,52.300000000000004,13.7,39,2581,10.06,-51.300000000000004,13.5,40,-19.138,-0.729,0,
B-C-low-3,2.49775,1790323579.9361,const,23.3934,7.5596,0.374,0.2,2.6,-1,-19.943,-0.6699,21.99,1479,-9.06,52.300000000000004,13.7,39,2583,10.57,-49.7,13.5,40,-19.214,-0.729,0,
B-C-low-3,2.49975,1790323579.9381,const,23.3934,7.5596,0.374,0.2,2.6,-1,-19.982,-0.3346,21.985,1478,-9.06,52.300000000000004,13.7,39,2584,10.57,-49.7,13.5,40,-19.253,-0.729,0,
B-C-low-3,2.50175,1790323579.9401,const,23.3934,7.5596,0.374,0.2,2.6,-1,-20.02,-0.3342,21.98,1477,-9.06,52.300000000000004,13.7,39,2585,10.06,-50.5,13.5,40,-19.291,-0.729,0,
B-C-low-3,2.50375,1790323579.9421,const,23.3934,7.5596,0.374,0.2,2.6,-1,-20.097,-0.6687,21.969,1475,-9.56,50.6,13.7,39,2587,10.57,-48.900000000000006,13.5,40,-19.368,-0.729,0,
B-C-low-3,2.50573,1790323579.9440,const,23.3934,7.5596,0.374,0.2,2.6,-1,-20.135,-0.3385,21.964,1474,-9.06,51.5,13.7,39,2588,10.57,-49.7,13.5,40,-19.406,-0.729,0,
B-C-low-3,2.50775,1790323579.9461,const,23.3934,7.5596,0.374,0.2,2.6,-1,-20.173,-0.3319,21.958,1473,-9.06,51.5,13.7,39,2589,10.06,-50.5,13.5,40,-19.445,-0.729,0,
B-C-low-3,2.50975,1790323579.9481,const,23.3934,7.5596,0.374,0.2,2.6,-1,-20.212,-0.3344,21.953,1472,-9.06,51.5,13.7,39,2590,10.06,-50.5,13.5,40,-19.483,-0.729,0,
B-C-low-3,2.51175,1790323579.9501,const,23.3934,7.5596,0.374,0.2,2.6,-1,-20.212,0.0,21.953,1472,-9.06,51.5,13.7,39,2591,10.06,-50.5,13.5,40,-19.521,-0.69,0,
B-C-low-3,2.51375,1790323579.9521,const,23.3934,7.5596,0.374,0.2,2.6,-1,-20.25,-0.3349,21.947,1471,-9.06,51.5,13.7,39,2592,10.06,-50.5,13.5,40,-19.56,-0.69,0,
B-C-low-3,2.51575,1790323579.9541,const,23.3934,7.5596,0.374,0.2,2.6,-1,-20.327,-0.6693,21.937,1469,-9.06,51.5,13.7,39,2593,9.06,-52.300000000000004,13.5,40,-19.598,-0.729,0,
B-C-low-3,2.51775,1790323579.9561,const,23.3934,7.5596,0.374,0.2,2.6,-1,-20.365,-0.3347,21.931,1468,-9.06,51.5,13.7,39,2595,9.56,-50.6,13.5,40,-19.675,-0.69,0,
B-C-low-3,2.51975,1790323579.9581,const,23.3934,7.5596,0.374,0.2,2.6,-1,-20.403,-0.3346,21.926,1467,-9.06,51.5,13.7,39,2596,9.56,-50.6,13.5,40,-19.713,-0.69,0,
B-C-low-3,2.52173,1790323579.9600,const,23.3934,7.5596,0.374,0.2,2.6,-1,-20.442,-0.338,21.92,1466,-9.06,51.5,13.7,39,2597,9.56,-50.6,13.5,40,-19.751,-0.69,0,
B-C-low-3,2.52375,1790323579.9621,const,23.3934,7.5596,0.374,0.2,2.6,-1,-20.48,-0.3317,21.915,1465,-8.55,53.2,13.7,39,2598,8.55,-53.2,13.5,40,-19.79,-0.69,0,
B-C-low-3,2.52575,1790323579.9641,const,23.3934,7.5596,0.374,0.2,2.6,-1,-20.518,-0.3345,21.909,1464,-8.55,53.2,13.7,39,2599,8.55,-53.2,13.5,40,-19.828,-0.69,0,
B-C-low-3,2.52775,1790323579.9661,const,23.3934,7.5596,0.374,0.2,2.6,-1,-20.557,-0.3346,21.904,1463,-8.05,54.0,13.7,39,2601,9.06,-51.5,13.5,40,-19.905,-0.652,0,
B-C-low-3,2.52975,1790323579.9681,const,23.3934,7.5596,0.374,0.2,2.6,-1,-20.595,-0.3347,21.898,1462,-8.05,54.0,13.7,39,2601,8.05,-54.0,13.5,40,-19.905,-0.69,0,
B-C-low-3,2.53175,1790323579.9701,const,23.3934,7.5596,0.374,0.2,2.6,-1,-20.634,-0.3344,21.893,1461,-8.05,54.0,13.7,39,2602,8.55,-53.2,13.5,40,-19.943,-0.69,0,
B-C-low-3,2.53375,1790323579.9721,const,23.3934,7.5596,0.374,0.2,2.6,-1,-20.634,0.0,21.893,1461,-8.05,54.0,13.7,39,2603,7.55,-54.900000000000006,13.5,40,-19.982,-0.652,0,
B-C-low-3,2.53573,1790323579.9740,const,23.3934,7.5596,0.374,0.2,2.6,-1,-20.672,-0.3381,21.887,1460,-7.55,55.7,13.7,39,2604,7.55,-54.900000000000006,13.5,40,-20.02,-0.652,0,
B-C-low-3,2.53775,1790323579.9761,const,23.3934,7.5596,0.374,0.2,2.6,-1,-20.71,-0.3319,21.882,1459,-7.55,55.7,13.7,39,2605,7.55,-54.900000000000006,13.5,40,-20.058,-0.652,0,
B-C-low-3,2.53973,1790323579.9780,const,23.3934,7.5596,0.374,0.2,2.6,-1,-20.787,-0.6757,21.871,1457,-7.55,54.900000000000006,13.7,39,2606,7.55,-54.900000000000006,13.5,40,-20.097,-0.69,0,
B-C-low-3,2.54173,1790323579.9800,const,23.3934,7.5596,0.374,0.2,2.6,-1,-20.825,-0.3345,21.865,1456,-7.55,54.900000000000006,13.7,39,2607,7.55,-55.7,13.5,40,-20.135,-0.69,0,
B-C-low-3,2.54373,1790323579.9821,const,23.3934,7.5596,0.374,0.2,2.6,-1,-20.864,-0.3344,21.859,1455,-7.55,54.900000000000006,13.7,39,2607,7.04,-57.400000000000006,13.5,40,-20.135,-0.729,0,
B-C-low-3,2.54575,1790323579.9841,const,23.3934,7.5596,0.374,0.2,2.6,-1,-20.902,-0.3318,21.854,1454,-7.55,54.900000000000006,13.7,39,2608,7.55,-55.7,13.5,40,-20.173,-0.729,0,
B-C-low-3,2.54773,1790323579.9860,const,23.3934,7.5596,0.374,0.2,2.6,-1,-20.94,-0.3382,21.848,1453,-7.55,55.7,13.7,39,2610,7.55,-55.7,13.5,40,-20.25,-0.69,0,
B-C-low-3,2.54973,1790323579.9880,const,23.3934,7.5596,0.374,0.2,2.6,-1,-20.979,-0.3344,21.843,1452,-7.55,55.7,13.7,39,2610,7.04,-57.400000000000006,13.5,40,-20.25,-0.729,0,
B-C-low-3,2.55175,1790323579.9901,const,23.3934,7.5596,0.374,0.2,2.6,-1,-21.017,-0.3317,21.837,1451,-7.55,55.7,13.7,39,2611,7.04,-57.400000000000006,13.5,40,-20.288,-0.729,0,
B-C-low-3,2.55373,1790323579.9920,const,23.3934,7.5596,0.374,0.2,2.6,-1,-21.017,0.0,21.837,1451,-7.04,57.400000000000006,13.7,39,2612,7.04,-57.400000000000006,13.5,40,-20.327,-0.69,0,
B-C-low-3,2.55573,1790323579.9941,const,23.3934,7.5596,0.374,0.2,2.6,-1,-21.094,-0.6689,21.826,1449,-7.55,55.7,13.7,39,2613,7.04,-58.2,13.5,40,-20.365,-0.729,0,
B-C-low-3,2.55775,1790323579.9961,const,23.3934,7.5596,0.374,0.2,2.6,-1,-21.132,-0.3319,21.82,1448,-7.55,55.7,13.7,39,2614,7.04,-58.2,13.5,40,-20.403,-0.729,0,
B-C-low-3,2.55973,1790323579.9980,const,23.3934,7.5596,0.374,0.2,2.6,-1,-21.17,-0.3379,21.815,1447,-7.55,55.7,13.7,39,2615,7.04,-58.2,13.5,40,-20.442,-0.729,0,
B-C-low-3,2.56173,1790323580.0001,const,23.3934,7.5596,0.374,0.2,2.6,-1,-21.209,-0.3342,21.809,1446,-7.55,55.7,13.7,39,2616,6.54,-59.1,13.5,40,-20.48,-0.729,0,
B-C-low-3,2.56375,1790323580.0021,const,23.3934,7.5596,0.374,0.2,2.6,-1,-21.247,-0.3319,21.803,1445,-7.55,56.5,13.7,39,2617,7.04,-58.2,13.5,40,-20.518,-0.729,0,
B-C-low-3,2.56573,1790323580.0040,const,23.3934,7.5596,0.374,0.2,2.6,-1,-21.324,-0.6759,21.792,1443,-7.55,55.7,13.7,39,2619,7.55,-56.5,13.5,40,-20.595,-0.729,0,
B-C-low-3,2.56773,1790323580.0061,const,23.3934,7.5596,0.374,0.2,2.6,-1,-21.362,-0.3344,21.786,1442,-8.05,54.800000000000004,13.7,39,2620,7.55,-56.5,13.5,40,-20.634,-0.729,0,
B-C-low-3,2.56973,1790323580.0080,const,23.3934,7.5596,0.374,0.2,2.6,-1,-21.401,-0.3356,21.78,1441,-8.05,54.800000000000004,13.7,39,2621,7.55,-56.5,13.5,40,-20.672,-0.729,0,
B-C-low-3,2.57175,1790323580.0101,const,23.3934,7.5596,0.374,0.2,2.6,-1,-21.439,-0.331,21.775,1440,-8.05,54.800000000000004,13.7,39,2622,7.55,-56.5,13.5,40,-20.71,-0.729,0,
B-C-low-3,2.57373,1790323580.0120,const,23.3934,7.5596,0.374,0.2,2.6,-1,-21.516,-0.6772,21.763,1438,-8.05,54.800000000000004,13.7,39,2624,7.55,-57.300000000000004,13.5,40,-20.787,-0.729,0,
B-C-low-3,2.57574,1790323580.0141,const,23.3934,7.5596,0.374,0.2,2.6,-1,-21.592,-0.6663,21.752,1436,-8.55,53.2,13.7,39,2625,8.05,-55.6,13.5,40,-20.825,-0.767,0,
B-C-low-3,2.57775,1790323580.0161,const,23.3934,7.5596,0.374,0.2,2.6,-1,-21.631,-0.3323,21.746,1435,-9.06,52.300000000000004,13.7,39,2626,8.05,-55.6,13.5,40,-20.864,-0.767,0,
B-C-low-3,2.57973,1790323580.0180,const,23.3934,7.5596,0.374,0.2,2.6,-1,-21.669,-0.3379,21.74,1434,-9.06,52.300000000000004,13.7,39,2627,8.05,-55.6,13.5,40,-20.902,-0.767,0,
B-C-low-3,2.58173,1790323580.0201,const,23.3934,7.5596,0.374,0.2,2.6,-1,-21.707,-0.3342,21.734,1433,-9.06,52.300000000000004,13.7,39,2628,8.55,-54.800000000000004,13.5,40,-20.94,-0.767,0,
B-C-low-3,2.58375,1790323580.0221,const,23.3934,7.5596,0.374,0.2,2.6,-1,-21.707,0.0,21.734,1433,-8.55,54.0,14.4,39,2629,8.05,-55.6,13.5,40,-20.979,-0.729,0,
B-C-low-3,2.58574,1790323580.0241,const,23.3934,7.5596,0.374,0.2,2.6,-1,-21.784,-0.6755,21.723,1431,-9.06,52.300000000000004,14.4,39,2630,8.05,-55.6,13.5,40,-21.017,-0.767,0,
B-C-low-3,2.58774,1790323580.0261,const,23.3934,7.5596,0.374,0.2,2.6,-1,-21.861,-0.6695,21.711,1429,-9.06,51.5,14.4,39,2631,8.55,-54.800000000000004,13.5,40,-21.055,-0.805,0,
B-C-low-3,2.58975,1790323580.0281,const,23.3934,7.5596,0.374,0.2,2.6,-1,-21.861,0.0,21.711,1429,-9.06,52.300000000000004,14.4,39,2632,8.55,-54.800000000000004,13.5,40,-21.094,-0.767,0,
B-C-low-3,2.59173,1790323580.0300,const,23.3934,7.5596,0.374,0.2,2.6,-1,-21.938,-0.6753,21.699,1427,-9.56,50.6,14.4,39,2633,8.05,-55.6,13.5,40,-21.132,-0.805,0,
B-C-low-3,2.59374,1790323580.0321,const,23.3934,7.5596,0.374,0.2,2.6,-1,-21.976,-0.3342,21.694,1426,-9.06,51.5,14.4,39,2634,8.05,-55.6,13.5,40,-21.17,-0.805,0,
B-C-low-3,2.59577,1790323580.0341,const,23.3934,7.5596,0.374,0.2,2.6,-1,-22.014,-0.3288,21.688,1425,-9.06,51.5,14.4,39,2635,8.05,-55.6,13.5,40,-21.209,-0.805,0,
B-C-low-3,2.59773,1790323580.0361,const,23.3934,7.5596,0.374,0.2,2.6,-1,-22.053,-0.3413,21.682,1424,-8.55,53.2,14.4,39,2636,7.55,-57.300000000000004,13.5,40,-21.247,-0.805,0,
B-C-low-3,2.59973,1790323580.0381,const,23.3934,7.5596,0.374,0.2,2.6,-1,-22.091,-0.3344,21.676,1423,-8.55,53.2,14.4,39,2637,7.55,-57.300000000000004,13.5,40,-21.286,-0.805,0,
B-C-low-3,2.60175,1790323580.0401,const,23.3934,7.5596,0.374,0.2,2.6,-1,-22.168,-0.6638,21.664,1421,-9.06,51.5,14.4,39,2639,8.55,-54.800000000000004,13.5,40,-21.362,-0.805,0,
B-C-low-3,2.60373,1790323580.0420,const,23.3934,7.5596,0.374,0.2,2.6,-1,-22.206,-0.3378,21.658,1420,-9.06,51.5,14.4,39,2640,8.55,-54.800000000000004,13.5,40,-21.401,-0.805,0,
B-C-low-3,2.60573,1790323580.0441,const,23.3934,7.5596,0.374,0.2,2.6,-1,-22.244,-0.3344,21.652,1419,-8.55,53.2,14.4,39,2641,7.55,-56.5,13.5,40,-21.439,-0.805,0,
B-C-low-3,2.60775,1790323580.0461,const,23.3934,7.5596,0.374,0.2,2.6,-1,-22.283,-0.3318,21.646,1418,-8.05,54.0,14.4,39,2642,8.05,-55.6,13.5,40,-21.477,-0.805,0,
B-C-low-3,2.60973,1790323580.0480,const,23.3934,7.5596,0.374,0.2,2.6,-1,-22.321,-0.338,21.64,1417,-8.05,54.0,14.4,39,2643,7.55,-56.5,13.5,40,-21.516,-0.805,0,
B-C-low-3,2.61174,1790323580.0501,const,23.3934,7.5596,0.374,0.2,2.6,-1,-22.359,-0.3342,21.635,1416,-8.05,54.0,14.4,39,2644,7.55,-56.5,13.5,40,-21.554,-0.805,0,
B-C-low-3,2.61375,1790323580.0521,const,23.3934,7.5596,0.374,0.2,2.6,-1,-22.398,-0.332,21.629,1415,-8.55,53.2,14.4,39,2645,8.05,-55.6,13.5,40,-21.592,-0.805,0,
B-C-low-3,2.61573,1790323580.0541,const,23.3934,7.5596,0.374,0.2,2.6,-1,-22.436,-0.3378,21.623,1414,-8.05,54.0,14.4,39,2647,8.05,-55.6,13.5,40,-21.669,-0.767,0,
B-C-low-3,2.61774,1790323580.0561,const,23.3934,7.5596,0.374,0.2,2.6,-1,-22.474,-0.3342,21.617,1413,-8.05,54.0,14.4,39,2648,8.05,-55.6,13.5,40,-21.707,-0.767,0,
B-C-low-3,2.61975,1790323580.0581,const,23.3934,7.5596,0.374,0.2,2.6,-1,-22.513,-0.3319,21.611,1412,-8.05,54.0,14.4,39,2648,7.55,-57.300000000000004,13.5,40,-21.707,-0.805,0,
B-C-low-3,2.62173,1790323580.0601,const,23.3934,7.5596,0.374,0.2,2.6,-1,-22.551,-0.3381,21.605,1411,-8.05,54.0,14.4,39,2649,8.05,-56.400000000000006,13.5,40,-21.746,-0.805,0,
B-C-low-3,2.62374,1790323580.0621,const,23.3934,7.5596,0.374,0.2,2.6,-1,-22.589,-0.334,21.599,1410,-8.05,54.0,14.4,39,2650,7.55,-57.300000000000004,13.5,40,-21.784,-0.805,0,
B-C-low-3,2.62575,1790323580.0641,const,23.3934,7.5596,0.374,0.2,2.6,-1,-22.628,-0.3319,21.593,1409,-8.05,54.0,14.4,39,2652,8.05,-55.6,13.5,40,-21.861,-0.767,0,
B-C-low-3,2.62774,1790323580.0661,const,23.3934,7.5596,0.374,0.2,2.6,-1,-22.666,-0.3379,21.587,1408,-8.05,54.0,14.4,39,2652,7.55,-57.300000000000004,13.5,40,-21.861,-0.805,0,
B-C-low-3,2.62974,1790323580.0681,const,23.3934,7.5596,0.374,0.2,2.6,-1,-22.666,0.0,21.587,1408,-7.55,55.7,14.4,39,2653,7.55,-57.300000000000004,13.5,40,-21.899,-0.767,0,
B-C-low-3,2.63175,1790323580.0701,const,23.3934,7.5596,0.374,0.2,2.6,-1,-22.705,-0.3319,21.581,1407,-7.55,55.7,14.4,39,2654,7.55,-57.300000000000004,13.5,40,-21.938,-0.767,0,
B-C-low-3,2.63374,1790323580.0721,const,23.3934,7.5596,0.374,0.2,2.6,-1,-22.743,-0.3376,21.574,1406,-7.55,55.7,14.4,39,2654,6.54,-60.7,13.5,40,-21.938,-0.805,0,
B-C-low-3,2.63574,1790323580.0741,const,23.3934,7.5596,0.374,0.2,2.6,-1,-22.781,-0.3344,21.568,1405,-7.55,55.7,14.4,39,2655,7.55,-58.1,13.5,40,-21.976,-0.805,0,
B-C-low-3,2.63775,1790323580.0761,const,23.3934,7.5596,0.374,0.2,2.6,-1,-22.82,-0.3321,21.562,1404,-7.04,56.6,14.4,39,2656,7.04,-59.800000000000004,13.5,40,-22.014,-0.805,0,
B-C-low-3,2.63973,1790323580.0781,const,23.3934,7.5596,0.374,0.2,2.6,-1,-22.896,-0.6755,21.55,1402,-7.55,54.900000000000006,14.4,39,2657,7.04,-59.800000000000004,13.5,40,-22.053,-0.844,0,
B-C-low-3,2.64173,1790323580.0801,const,23.3934,7.5596,0.374,0.2,2.6,-1,-22.935,-0.3347,21.544,1401,-7.55,55.7,14.4,39,2658,6.54,-60.7,13.5,40,-22.091,-0.844,0,
B-C-low-3,2.64373,1790323580.0821,const,23.3934,7.5596,0.374,0.2,2.6,-1,-22.973,-0.3348,21.538,1400,-7.55,55.7,14.4,39,2659,6.54,-60.7,13.5,40,-22.129,-0.844,0,
B-C-low-3,2.64574,1790323580.0841,const,23.3934,7.5596,0.374,0.2,2.6,-1,-23.011,-0.3344,21.532,1399,-8.05,54.800000000000004,14.4,39,2660,6.54,-60.7,13.5,40,-22.168,-0.844,0,
B-C-low-3,2.64775,1790323580.0861,const,23.3934,7.5596,0.374,0.2,2.6,-1,-23.05,-0.3318,21.526,1398,-7.55,55.7,14.4,39,2661,6.54,-60.7,13.5,40,-22.206,-0.844,0,
B-C-low-3,2.64973,1790323580.0881,const,23.3934,7.5596,0.374,0.2,2.6,-1,-23.088,-0.338,21.52,1397,-7.55,55.7,14.4,39,2663,7.04,-59.0,13.5,40,-22.283,-0.805,0,
B-C-low-3,2.65174,1790323580.0901,const,23.3934,7.5596,0.374,0.2,2.6,-1,-23.126,-0.3344,21.513,1396,-7.55,55.7,14.4,39,2663,6.54,-60.7,13.5,40,-22.283,-0.844,0,
B-C-low-3,2.65373,1790323580.0921,const,23.3934,7.5596,0.374,0.2,2.6,-1,-23.203,-0.6697,21.501,1394,-8.55,53.2,14.4,39,2665,7.55,-58.1,13.5,40,-22.359,-0.844,0,
B-C-low-3,2.65574,1790323580.0941,const,23.3934,7.5596,0.374,0.2,2.6,-1,-23.241,-0.3343,21.495,1393,-8.05,54.800000000000004,14.4,39,2666,7.04,-59.800000000000004,13.5,40,-22.398,-0.844,0,
B-C-low-3,2.65775,1790323580.0961,const,23.3934,7.5596,0.374,0.2,2.6,-1,-23.28,-0.3319,21.489,1392,-8.05,54.800000000000004,14.4,39,2667,7.55,-58.900000000000006,13.5,40,-22.436,-0.844,0,
B-C-low-3,2.65973,1790323580.0981,const,23.3934,7.5596,0.374,0.2,2.6,-1,-23.318,-0.3379,21.483,1391,-8.05,54.800000000000004,14.4,39,2668,7.55,-58.900000000000006,13.5,40,-22.474,-0.844,0,
B-C-low-3,2.66174,1790323580.1001,const,23.3934,7.5596,0.374,0.2,2.6,-1,-23.357,-0.3343,21.476,1390,-8.05,54.800000000000004,14.4,39,2669,7.55,-58.900000000000006,13.5,40,-22.513,-0.844,0,
B-C-low-3,2.66375,1790323580.1021,const,23.3934,7.5596,0.374,0.2,2.6,-1,-23.395,-0.3317,21.47,1389,-8.55,54.0,14.4,39,2670,8.05,-58.0,13.5,40,-22.551,-0.844,0,
B-C-low-3,2.66574,1790323580.1041,const,23.3934,7.5596,0.374,0.2,2.6,-1,-23.433,-0.3377,21.464,1388,-8.05,54.800000000000004,14.4,39,2671,7.55,-58.900000000000006,13.5,40,-22.589,-0.844,0,
B-C-low-3,2.66774,1790323580.1061,const,23.3934,7.5596,0.374,0.2,2.6,-1,-23.51,-0.6686,21.451,1386,-8.55,53.2,14.4,39,2673,8.55,-56.400000000000006,13.5,40,-22.666,-0.844,0,
B-C-low-3,2.66975,1790323580.1081,const,23.3934,7.5596,0.374,0.2,2.6,-1,-23.548,-0.3322,21.445,1385,-8.55,53.2,14.4,39,2674,8.05,-58.0,13.5,40,-22.705,-0.844,0,
B-C-low-3,2.67174,1790323580.1101,const,23.3934,7.5596,0.374,0.2,2.6,-1,-23.587,-0.3377,21.439,1384,-8.55,53.2,14.4,39,2675,8.55,-57.2,13.5,40,-22.743,-0.844,0,
B-C-low-3,2.67374,1790323580.1121,const,23.3934,7.5596,0.374,0.2,2.6,-1,-23.625,-0.3346,21.433,1383,-8.55,53.2,14.4,39,2677,8.55,-56.400000000000006,13.5,40,-22.82,-0.805,0,
B-C-low-3,2.67574,1790323580.1141,const,23.3934,7.5596,0.374,0.2,2.6,-1,-23.663,-0.3343,21.426,1382,-8.55,53.2,14.4,39,2678,8.55,-56.400000000000006,13.5,40,-22.858,-0.805,0,
B-C-low-3,2.67776,1790323580.1161,const,23.3934,7.5596,0.374,0.2,2.6,-1,-23.702,-0.3319,21.42,1381,-8.55,53.2,14.4,39,2680,9.06,-54.7,13.5,40,-22.935,-0.767,0,
B-C-low-3,2.67974,1790323580.1181,const,23.3934,7.5596,0.374,0.2,2.6,-1,-23.778,-0.676,21.407,1379,-8.55,53.2,14.4,39,2681,9.06,-54.7,13.5,40,-22.973,-0.805,0,
B-C-low-3,2.68174,1790323580.1201,const,23.3934,7.5596,0.374,0.2,2.6,-1,-23.817,-0.3348,21.401,1378,-8.55,53.2,14.4,39,2683,9.56,-53.0,13.5,40,-23.05,-0.767,0,
B-C-low-3,2.68374,1790323580.1221,const,23.3934,7.5596,0.374,0.2,2.6,-1,-23.855,-0.3346,21.395,1377,-8.55,53.2,14.4,39,2683,9.06,-54.7,13.5,40,-23.05,-0.805,0,
B-C-low-3,2.68574,1790323580.1241,const,23.3934,7.5596,0.374,0.2,2.6,-1,-23.893,-0.3347,21.389,1376,-8.55,53.2,14.4,39,2685,9.56,-53.0,13.5,40,-23.126,-0.767,0,
B-C-low-3,2.68774,1790323580.1261,const,23.3934,7.5596,0.374,0.2,2.6,-1,-23.932,-0.3343,21.382,1375,-8.55,54.0,14.4,39,2687,9.56,-53.0,13.5,40,-23.203,-0.729,0,
B-C-low-3,2.68974,1790323580.1281,const,23.3934,7.5596,0.374,0.2,2.6,-1,-24.009,-0.6697,21.369,1373,-9.06,52.300000000000004,14.4,39,2688,9.56,-53.0,13.5,40,-23.241,-0.767,0,
B-C-low-3,2.69176,1790323580.1301,const,23.3934,7.5596,0.374,0.2,2.6,-1,-24.047,-0.3302,21.363,1372,-8.55,53.2,14.4,39,2689,10.06,-52.1,13.5,40,-23.28,-0.767,0,
B-C-low-3,2.69374,1790323580.1321,const,23.3934,7.5596,0.374,0.2,2.6,-1,-24.085,-0.3395,21.357,1371,-9.06,52.300000000000004,14.4,39,2690,9.56,-53.0,13.5,40,-23.318,-0.767,0,
B-C-low-3,2.69574,1790323580.1341,const,23.3934,7.5596,0.374,0.2,2.6,-1,-24.124,-0.3344,21.35,1370,-9.06,52.300000000000004,14.4,39,2692,10.57,-50.5,13.5,40,-23.395,-0.729,0,
B-C-low-3,2.69775,1790323580.1361,const,23.3934,7.5596,0.374,0.2,2.6,-1,-24.162,-0.332,21.344,1369,-8.55,53.2,14.4,39,2694,10.57,-49.7,13.5,40,-23.472,-0.69,0,
B-C-low-3,2.69974,1790323580.1381,const,23.3934,7.5596,0.374,0.2,2.6,-1,-24.2,-0.3378,21.337,1368,-8.55,53.2,14.6,39,2695,10.57,-49.7,14.5,40,-23.51,-0.69,0,
B-C-low-3,2.70174,1790323580.1401,const,23.3934,7.5596,0.374,0.2,2.6,-1,-24.239,-0.3344,21.331,1367,-8.55,53.2,14.6,39,2696,10.57,-49.7,14.5,40,-23.548,-0.69,0,
B-C-low-3,2.70375,1790323580.1421,const,23.3934,7.5596,0.374,0.2,2.6,-1,-24.315,-0.6636,21.318,1365,-8.55,52.400000000000006,14.6,39,2697,10.06,-50.5,14.5,40,-23.587,-0.729,0,
B-C-low-3,2.70574,1790323580.1441,const,23.3934,7.5596,0.374,0.2,2.6,-1,-24.354,-0.3377,21.312,1364,-8.55,53.2,14.6,39,2698,9.56,-52.2,14.5,40,-23.625,-0.729,0,
B-C-low-3,2.70774,1790323580.1461,const,23.3934,7.5596,0.374,0.2,2.6,-1,-24.392,-0.3341,21.305,1363,-8.05,54.0,14.6,39,2699,9.56,-52.2,14.5,40,-23.663,-0.729,0,
B-C-low-3,2.70975,1790323580.1481,const,23.3934,7.5596,0.374,0.2,2.6,-1,-24.43,-0.3322,21.299,1362,-8.05,54.0,14.6,39,2701,9.56,-51.400000000000006,14.5,40,-23.74,-0.69,0,
B-C-low-3,2.71174,1790323580.1501,const,23.3934,7.5596,0.374,0.2,2.6,-1,-24.469,-0.3378,21.292,1361,-8.55,53.2,14.6,39,2701,9.06,-53.1,14.5,40,-23.74,-0.729,0,
B-C-low-3,2.71374,1790323580.1521,const,23.3934,7.5596,0.374,0.2,2.6,-1,-24.507,-0.3344,21.286,1360,-8.05,54.0,14.6,39,2703,9.56,-51.400000000000006,14.5,40,-23.817,-0.69,0,
B-C-low-3,2.71576,1790323580.1541,const,23.3934,7.5596,0.374,0.2,2.6,-1,-24.545,-0.3315,21.279,1359,-8.05,54.0,14.6,39,2704,8.55,-53.2,14.5,40,-23.855,-0.69,0,
B-C-low-3,2.71774,1790323580.1561,const,23.3934,7.5596,0.374,0.2,2.6,-1,-24.545,0.0,21.279,1359,-8.05,54.800000000000004,14.6,39,2705,8.55,-53.2,14.5,40,-23.893,-0.652,0,
B-C-low-3,2.71974,1790323580.1581,const,23.3934,7.5596,0.374,0.2,2.6,-1,-24.584,-0.3345,21.273,1358,-7.55,56.5,14.6,39,2706,8.55,-53.2,14.5,40,-23.932,-0.652,0,
B-C-low-3,2.72176,1790323580.1601,const,23.3934,7.5596,0.374,0.2,2.6,-1,-24.661,-0.664,21.26,1356,-7.55,55.7,14.6,39,2707,8.55,-53.2,14.5,40,-23.97,-0.69,0,
B-C-low-3,2.72374,1790323580.1621,const,23.3934,7.5596,0.374,0.2,2.6,-1,-24.699,-0.3373,21.253,1355,-8.05,54.800000000000004,14.6,39,2708,8.55,-53.2,14.5,40,-24.009,-0.69,0,
B-C-low-3,2.72574,1790323580.1641,const,23.3934,7.5596,0.374,0.2,2.6,-1,-24.699,0.0,21.253,1355,-7.55,56.5,14.6,39,2709,8.55,-53.2,14.5,40,-24.047,-0.652,0,
B-C-low-3,2.72776,1790323580.1661,const,23.3934,7.5596,0.374,0.2,2.6,-1,-24.737,-0.332,21.247,1354,-7.55,56.5,14.6,39,2710,8.05,-54.0,14.5,40,-24.085,-0.652,0,
B-C-low-3,2.72974,1790323580.1681,const,23.3934,7.5596,0.374,0.2,2.6,-1,-24.776,-0.3379,21.24,1353,-7.04,57.400000000000006,14.6,39,2710,7.55,-56.5,14.5,40,-24.085,-0.69,0,
B-C-low-3,2.73174,1790323580.1701,const,23.3934,7.5596,0.374,0.2,2.6,-1,-24.814,-0.3344,21.234,1352,-7.04,57.400000000000006,14.6,39,2711,7.04,-57.400000000000006,14.5,40,-24.124,-0.69,0,
B-C-low-3,2.73376,1790323580.1721,const,23.3934,7.5596,0.374,0.2,2.6,-1,-24.852,-0.3319,21.227,1351,-6.54,58.300000000000004,14.6,39,2712,7.55,-56.5,14.5,40,-24.162,-0.69,0,
B-C-low-3,2.73574,1790323580.1741,const,23.3934,7.5596,0.374,0.2,2.6,-1,-24.891,-0.3379,21.22,1350,-7.04,57.400000000000006,14.6,39,2713,7.55,-56.5,14.5,40,-24.2,-0.69,0,
B-C-low-3,2.73774,1790323580.1761,const,23.3934,7.5596,0.374,0.2,2.6,-1,-24.929,-0.3344,21.214,1349,-7.04,58.2,14.6,39,2714,7.04,-57.400000000000006,14.5,40,-24.239,-0.69,0,
B-C-low-3,2.73976,1790323580.1781,const,23.3934,7.5596,0.374,0.2,2.6,-1,-24.967,-0.3317,21.207,1348,-7.04,58.2,14.6,39,2715,7.04,-57.400000000000006,14.5,40,-24.277,-0.69,0,
B-C-low-3,2.74174,1790323580.1801,const,23.3934,7.5596,0.374,0.2,2.6,-1,-25.006,-0.3381,21.201,1347,-7.04,58.2,14.6,39,2716,7.04,-57.400000000000006,14.5,40,-24.315,-0.69,0,
B-C-low-3,2.74374,1790323580.1821,const,23.3934,7.5596,0.374,0.2,2.6,-1,-25.044,-0.3342,21.194,1346,-7.04,58.2,14.6,39,2717,7.04,-57.400000000000006,14.5,40,-24.354,-0.69,0,
B-C-low-3,2.74576,1790323580.1841,const,23.3934,7.5596,0.374,0.2,2.6,-1,-25.082,-0.332,21.187,1345,-7.04,58.2,14.6,39,2718,7.04,-57.400000000000006,14.5,40,-24.392,-0.69,0,
B-C-low-3,2.74774,1790323580.1861,const,23.3934,7.5596,0.374,0.2,2.6,-1,-25.121,-0.3379,21.181,1344,-7.04,58.2,14.6,39,2719,7.04,-58.2,14.5,40,-24.43,-0.69,0,
B-C-low-3,2.74974,1790323580.1881,const,23.3934,7.5596,0.374,0.2,2.6,-1,-25.159,-0.3344,21.174,1343,-7.55,56.5,14.6,39,2720,6.54,-59.1,14.5,40,-24.469,-0.69,0,
B-C-low-3,2.75176,1790323580.1901,const,23.3934,7.5596,0.374,0.2,2.6,-1,-25.197,-0.3315,21.167,1342,-7.55,56.5,14.6,39,2721,7.04,-58.2,14.5,40,-24.507,-0.69,0,
B-C-low-3,2.75374,1790323580.1921,const,23.3934,7.5596,0.374,0.2,2.6,-1,-25.236,-0.3382,21.161,1341,-8.05,55.6,14.6,39,2723,7.55,-56.5,14.5,40,-24.584,-0.652,0,
B-C-low-3,2.75574,1790323580.1941,const,23.3934,7.5596,0.374,0.2,2.6,-1,-25.274,-0.3341,21.154,1340,-8.05,55.6,14.6,39,2724,7.04,-57.400000000000006,14.5,40,-24.622,-0.652,0,
B-C-low-3,2.75776,1790323580.1961,const,23.3934,7.5596,0.374,0.2,2.6,-1,-25.351,-0.6636,21.141,1338,-8.05,55.6,14.6,39,2725,7.55,-56.5,14.5,40,-24.661,-0.69,0,
B-C-low-3,2.75976,1790323580.1981,const,23.3934,7.5596,0.374,0.2,2.6,-1,-25.389,-0.3342,21.134,1337,-8.05,55.6,14.6,39,2726,7.55,-56.5,14.5,40,-24.699,-0.69,0,
B-C-low-3,2.76174,1790323580.2001,const,23.3934,7.5596,0.374,0.2,2.6,-1,-25.428,-0.3382,21.127,1336,-8.05,55.6,14.6,39,2727,7.55,-56.5,14.5,40,-24.737,-0.69,0,
B-C-low-3,2.76376,1790323580.2021,const,23.3934,7.5596,0.374,0.2,2.6,-1,-25.466,-0.3319,21.12,1335,-8.55,54.800000000000004,14.6,39,2728,8.05,-55.6,14.5,40,-24.776,-0.69,0,
B-C-low-3,2.76574,1790323580.2041,const,23.3934,7.5596,0.374,0.2,2.6,-1,-25.543,-0.6751,21.107,1333,-9.06,53.1,14.6,39,2730,8.05,-55.6,14.5,40,-24.852,-0.69,0,
B-C-low-3,2.76774,1790323580.2061,const,23.3934,7.5596,0.374,0.2,2.6,-1,-25.581,-0.3343,21.1,1332,-9.06,53.1,14.6,39,2731,8.55,-54.800000000000004,14.5,40,-24.891,-0.69,0,
B-C-low-3,2.76976,1790323580.2081,const,23.3934,7.5596,0.374,0.2,2.6,-1,-25.658,-0.6644,21.087,1330,-9.56,52.2,14.6,39,2731,8.05,-56.400000000000006,14.5,40,-24.891,-0.767,0,
B-C-low-3,2.77174,1790323580.2101,const,23.3934,7.5596,0.374,0.2,2.6,-1,-25.696,-0.338,21.08,1329,-9.56,52.2,14.6,39,2732,8.05,-56.400000000000006,14.5,40,-24.929,-0.767,0,
B-C-low-3,2.77374,1790323580.2121,const,23.3934,7.5596,0.374,0.2,2.6,-1,-25.734,-0.3344,21.073,1328,-9.56,52.2,14.6,39,2734,8.05,-55.6,14.5,40,-25.006,-0.729,0,
B-C-low-3,2.77574,1790323580.2141,const,23.3934,7.5596,0.374,0.2,2.6,-1,-25.773,-0.3349,21.066,1327,-9.56,52.2,14.6,39,2734,8.05,-56.400000000000006,14.5,40,-25.006,-0.767,0,
B-C-low-3,2.77774,1790323580.2161,const,23.3934,7.5596,0.374,0.2,2.6,-1,-25.849,-0.6694,21.053,1325,-10.06,50.5,14.6,39,2735,8.05,-56.400000000000006,14.5,40,-25.044,-0.805,0,
B-C-low-3,2.77974,1790323580.2181,const,23.3934,7.5596,0.374,0.2,2.6,-1,-25.926,-0.6694,21.039,1323,-10.06,49.7,14.6,39,2737,8.05,-55.6,14.5,40,-25.121,-0.805,0,
B-C-low-3,2.78174,1790323580.2201,const,23.3934,7.5596,0.374,0.2,2.6,-1,-25.964,-0.3347,21.032,1322,-10.06,49.7,14.6,39,2738,8.05,-55.6,14.5,40,-25.159,-0.805,0,
B-C-low-3,2.78374,1790323580.2221,const,23.3934,7.5596,0.374,0.2,2.6,-1,-25.964,0.0,21.032,1322,-9.06,52.300000000000004,14.6,39,2739,8.05,-55.6,14.5,40,-25.197,-0.767,0,
B-C-low-3,2.78574,1790323580.2241,const,23.3934,7.5596,0.374,0.2,2.6,-1,-26.041,-0.6693,21.018,1320,-9.56,50.6,14.6,39,2740,8.05,-55.6,14.5,40,-25.236,-0.805,0,
B-C-low-3,2.78774,1790323580.2261,const,23.3934,7.5596,0.374,0.2,2.6,-1,-26.118,-0.6693,21.005,1318,-9.56,50.6,14.6,39,2742,8.55,-54.800000000000004,14.5,40,-25.312,-0.805,0,
B-C-low-3,2.78974,1790323580.2281,const,23.3934,7.5596,0.374,0.2,2.6,-1,-26.156,-0.3348,20.998,1317,-9.56,50.6,14.6,39,2743,8.55,-54.800000000000004,14.5,40,-25.351,-0.805,0,
B-C-low-3,2.79174,1790323580.2301,const,23.3934,7.5596,0.374,0.2,2.6,-1,-26.195,-0.3344,20.991,1316,-9.56,50.6,14.6,39,2744,8.05,-55.6,14.5,40,-25.389,-0.805,0,
B-C-low-3,2.79374,1790323580.2321,const,23.3934,7.5596,0.374,0.2,2.6,-1,-26.233,-0.3349,20.984,1315,-9.56,50.6,14.6,39,2746,8.55,-54.0,14.5,40,-25.466,-0.767,0,
B-C-low-3,2.79574,1790323580.2341,const,23.3934,7.5596,0.374,0.2,2.6,-1,-26.271,-0.3346,20.977,1314,-9.56,50.6,14.6,39,2747,8.55,-54.0,14.5,40,-25.504,-0.767,0,
B-C-low-3,2.79774,1790323580.2361,const,23.3934,7.5596,0.374,0.2,2.6,-1,-26.348,-0.6684,20.963,1312,-9.06,50.7,14.6,39,2748,8.55,-54.800000000000004,14.5,40,-25.543,-0.805,0,
B-C-low-3,2.79974,1790323580.2381,const,23.3934,7.5596,0.374,0.2,2.6,-1,-26.386,-0.3349,20.956,1311,-9.56,49.800000000000004,14.6,39,2750,9.06,-53.1,14.5,40,-25.619,-0.767,0,
B-C-low-3,2.80174,1790323580.2401,decel,23.3934,7.5596,0.374,0.2,2.6,-1,-26.425,-0.335,20.949,1310,-9.06,50.7,14.6,39,2751,9.06,-53.1,14.5,40,-25.658,-0.767,0,
B-C-low-3,2.80374,1790323580.2421,decel,23.3934,7.5596,0.374,0.2,2.6,-1,-26.463,-0.3348,20.942,1309,-9.06,49.900000000000006,14.6,39,2752,9.06,-53.1,14.5,40,-25.696,-0.767,0,
B-C-low-3,2.80574,1790323580.2441,decel,23.3934,7.5596,0.374,0.2,2.6,-1,-26.501,-0.3343,20.935,1308,-9.06,49.900000000000006,14.6,39,2754,9.56,-51.400000000000006,14.5,40,-25.773,-0.729,0,
B-C-low-3,2.80774,1790323580.2461,decel,23.3934,7.5596,0.374,0.2,2.6,-1,-26.54,-0.3342,20.928,1307,-9.06,49.900000000000006,14.6,39,2755,9.56,-51.400000000000006,14.5,40,-25.811,-0.729,0,
B-C-low-3,2.80974,1790323580.2481,decel,23.3934,7.5596,0.374,0.2,2.6,-1,-26.578,-0.3347,20.921,1306,-8.55,50.0,14.6,39,2756,9.56,-51.400000000000006,14.5,40,-25.849,-0.729,0,
B-C-low-3,2.81174,1790323580.2501,decel,23.3934,7.5596,0.374,0.2,2.6,-1,-26.616,-0.3352,20.914,1305,-8.55,50.0,14.6,39,2757,9.56,-51.400000000000006,14.5,40,-25.888,-0.729,0,
B-C-low-3,2.81374,1790323580.2521,decel,23.3934,7.5596,0.374,0.2,2.6,-1,-26.693,-0.6697,20.9,1303,-9.06,48.300000000000004,14.6,39,2758,9.56,-51.400000000000006,14.5,40,-25.926,-0.767,0,
B-C-low-3,2.81574,1790323580.2541,decel,23.3934,7.5596,0.374,0.2,2.6,-1,-26.693,0.0,20.9,1303,-8.05,50.800000000000004,13.7,39,2759,9.06,-52.300000000000004,13.5,40,-25.964,-0.729,0,
B-C-low-3,2.81774,1790323580.2561,decel,23.3934,7.5596,0.374,0.2,2.6,-1,-26.77,-0.669,20.886,1301,-8.55,48.400000000000006,13.7,39,2760,9.06,-52.300000000000004,13.5,40,-26.003,-0.767,0,
B-C-low-3,2.81974,1790323580.2581,decel,23.3934,7.5596,0.374,0.2,2.6,-1,-26.808,-0.3352,20.879,1300,-8.55,48.400000000000006,13.7,39,2761,8.55,-54.0,13.5,40,-26.041,-0.767,0,
B-C-low-3,2.82174,1790323580.2601,decel,23.3934,7.5596,0.374,0.2,2.6,-1,-26.808,0.0,20.879,1300,-7.55,50.1,13.7,39,2763,9.06,-52.300000000000004,13.5,40,-26.118,-0.69,0,
B-C-low-3,2.82374,1790323580.2621,decel,23.3934,7.5596,0.374,0.2,2.6,-1,-26.885,-0.6689,20.865,1298,-8.05,48.400000000000006,13.7,39,2764,9.06,-52.300000000000004,13.5,40,-26.156,-0.729,0,
B-C-low-3,2.82574,1790323580.2641,decel,23.3934,7.5596,0.374,0.2,2.6,-1,-26.923,-0.3347,20.858,1297,-8.05,47.6,13.7,39,2765,8.55,-53.2,13.5,40,-26.195,-0.729,0,
B-C-low-3,2.82774,1790323580.2661,decel,23.3934,7.5596,0.374,0.2,2.6,-1,-26.923,0.0,20.858,1297,-7.55,49.300000000000004,13.7,39,2766,9.06,-51.5,13.5,40,-26.233,-0.69,0,
B-C-low-3,2.82972,1790323580.2680,decel,23.3934,7.5596,0.374,0.2,2.6,-1,-27.0,-0.6765,20.844,1295,-8.05,46.800000000000004,13.7,39,2767,8.05,-54.0,13.5,40,-26.271,-0.729,0,
B-C-low-3,2.83172,1790323580.2700,decel,23.3934,7.5596,0.374,0.2,2.6,-1,-27.038,-0.3346,20.836,1294,-8.05,46.800000000000004,13.7,39,2768,8.55,-53.2,13.5,40,-26.31,-0.729,0,
B-C-low-3,2.83372,1790323580.2720,decel,23.3934,7.5596,0.374,0.2,2.6,-1,-27.038,0.0,20.836,1294,-7.04,48.6,13.7,39,2769,8.05,-53.2,13.5,40,-26.348,-0.69,0,
B-C-low-3,2.83572,1790323580.2740,decel,23.3934,7.5596,0.374,0.2,2.6,-1,-27.077,-0.3348,20.829,1293,-7.55,46.900000000000006,13.7,39,2770,8.05,-53.2,13.5,40,-26.386,-0.69,0,
B-C-low-3,2.83772,1790323580.2760,decel,23.3934,7.5596,0.374,0.2,2.6,-1,-27.115,-0.3346,20.822,1292,-7.04,47.0,13.7,39,2771,8.05,-53.2,13.5,40,-26.425,-0.69,0,
B-C-low-3,2.83972,1790323580.2780,decel,23.3934,7.5596,0.374,0.2,2.6,-1,-27.153,-0.3345,20.815,1291,-7.04,47.0,13.7,39,2772,8.05,-53.2,13.5,40,-26.463,-0.69,0,
B-C-low-3,2.84172,1790323580.2800,decel,23.3934,7.5596,0.374,0.2,2.6,-1,-27.153,0.0,20.815,1291,-6.54,47.900000000000006,13.7,39,2773,8.05,-53.2,13.5,40,-26.501,-0.652,0,
B-C-low-3,2.84372,1790323580.2820,decel,23.3934,7.5596,0.374,0.2,2.6,-1,-27.192,-0.3348,20.808,1290,-6.54,47.1,13.7,39,2774,8.05,-53.2,13.5,40,-26.54,-0.652,0,
B-C-low-3,2.84572,1790323580.2840,decel,23.3934,7.5596,0.374,0.2,2.6,-1,-27.192,0.0,20.808,1290,-6.04,47.900000000000006,13.7,39,2774,7.04,-55.0,13.5,40,-26.54,-0.652,0,
B-C-low-3,2.84773,1790323580.2860,decel,23.3934,7.5596,0.374,0.2,2.6,-1,-27.23,-0.3337,20.801,1289,-6.04,47.1,13.7,39,2775,7.04,-55.0,13.5,40,-26.578,-0.652,0,
B-C-low-3,2.84973,1790323580.2880,decel,23.3934,7.5596,0.374,0.2,2.6,-1,-27.268,-0.3347,20.794,1288,-6.04,46.300000000000004,13.7,39,2776,7.04,-55.0,13.5,40,-26.616,-0.652,0,
B-C-low-3,2.85172,1790323580.2900,decel,23.3934,7.5596,0.374,0.2,2.6,-1,-27.307,-0.335,20.786,1287,-6.04,45.5,13.7,39,2777,7.04,-54.2,13.5,40,-26.655,-0.652,0,
B-C-low-3,2.85372,1790323580.2920,decel,23.3934,7.5596,0.374,0.2,2.6,-1,-27.307,0.0,20.786,1287,-5.54,46.400000000000006,13.7,39,2778,6.54,-55.1,13.5,40,-26.693,-0.614,0,
B-C-low-3,2.85573,1790323580.2940,decel,23.3934,7.5596,0.374,0.2,2.6,-1,-27.307,0.0,20.786,1287,-5.03,47.300000000000004,13.7,39,2779,6.54,-54.300000000000004,13.5,40,-26.732,-0.575,0,
B-C-low-3,2.85773,1790323580.2960,decel,23.3934,7.5596,0.374,0.2,2.6,-1,-27.345,-0.3345,20.779,1286,-5.03,46.5,13.7,39,2780,6.54,-54.300000000000004,13.5,40,-26.77,-0.575,0,
B-C-low-3,2.85973,1790323580.2980,decel,23.3934,7.5596,0.374,0.2,2.6,-1,-27.384,-0.3348,20.772,1285,-5.03,45.7,13.7,39,2781,6.54,-53.5,13.5,40,-26.808,-0.575,0,
B-C-low-3,2.86173,1790323580.3000,decel,23.3934,7.5596,0.374,0.2,2.6,-1,-27.422,-0.3348,20.765,1284,-5.03,44.900000000000006,13.7,39,2782,7.04,-52.6,13.5,40,-26.847,-0.575,0,
B-C-low-3,2.86373,1790323580.3020,decel,23.3934,7.5596,0.374,0.2,2.6,-1,-27.422,0.0,20.765,1284,-5.03,44.900000000000006,13.7,39,2783,7.04,-51.800000000000004,13.5,40,-26.885,-0.537,0,
B-C-low-3,2.86573,1790323580.3040,decel,23.3934,7.5596,0.374,0.2,2.6,-1,-27.46,-0.3348,20.758,1283,-5.03,44.1,13.7,39,2784,7.04,-51.0,13.5,40,-26.923,-0.537,0,
B-C-low-3,2.86772,1790323580.3060,decel,23.3934,7.5596,0.374,0.2,2.6,-1,-27.499,-0.3348,20.75,1282,-5.03,43.300000000000004,13.7,39,2785,7.04,-51.0,13.5,40,-26.962,-0.537,0,
B-C-low-3,2.86973,1790323580.3080,decel,23.3934,7.5596,0.374,0.2,2.6,-1,-27.499,0.0,20.75,1282,-4.53,44.2,13.7,39,2786,7.04,-50.2,13.5,40,-27.0,-0.499,0,
B-C-low-3,2.87173,1790323580.3100,decel,23.3934,7.5596,0.374,0.2,2.6,-1,-27.537,-0.3348,20.743,1281,-5.03,42.5,13.7,39,2786,6.54,-51.1,13.5,40,-27.0,-0.537,0,
B-C-low-3,2.87373,1790323580.3120,decel,23.3934,7.5596,0.374,0.2,2.6,-1,-27.575,-0.3346,20.736,1280,-5.03,41.7,13.7,39,2787,6.54,-50.300000000000004,13.5,40,-27.038,-0.537,0,
B-C-low-3,2.87573,1790323580.3140,decel,23.3934,7.5596,0.374,0.2,2.6,-1,-27.575,0.0,20.736,1280,-4.53,42.6,13.7,39,2788,6.54,-49.5,13.5,40,-27.077,-0.499,0,
B-C-low-3,2.87773,1790323580.3160,decel,23.3934,7.5596,0.374,0.2,2.6,-1,-27.614,-0.3346,20.729,1279,-5.03,40.900000000000006,13.7,39,2788,6.54,-49.5,13.5,40,-27.077,-0.537,0,
B-C-low-3,2.87973,1790323580.3180,decel,23.3934,7.5596,0.374,0.2,2.6,-1,-27.652,-0.3348,20.721,1278,-5.03,40.1,13.7,39,2789,6.54,-48.7,13.5,40,-27.115,-0.537,0,
B-C-low-3,2.88173,1790323580.3200,decel,23.3934,7.5596,0.374,0.2,2.6,-1,-27.652,0.0,20.721,1278,-4.53,41.0,13.7,39,2789,5.54,-50.400000000000006,13.5,40,-27.115,-0.537,0,
B-C-low-3,2.88373,1790323580.3220,decel,23.3934,7.5596,0.374,0.2,2.6,-1,-27.652,0.0,20.721,1278,-4.53,41.0,13.7,39,2790,6.04,-48.7,13.5,40,-27.153,-0.499,0,
B-C-low-3,2.88573,1790323580.3240,decel,23.3934,7.5596,0.374,0.2,2.6,-1,-27.69,-0.3348,20.714,1277,-4.53,40.2,13.7,39,2791,6.04,-47.900000000000006,13.5,40,-27.192,-0.499,0,
B-C-low-3,2.88773,1790323580.3260,decel,23.3934,7.5596,0.374,0.2,2.6,-1,-27.69,0.0,20.714,1277,-4.03,41.0,13.7,39,2791,5.03,-49.7,13.5,40,-27.192,-0.499,0,
B-C-low-3,2.88973,1790323580.3280,decel,23.3934,7.5596,0.374,0.2,2.6,-1,-27.729,-0.3346,20.707,1276,-4.03,40.2,13.7,39,2792,5.54,-48.0,13.5,40,-27.23,-0.499,0,
B-C-low-3,2.89173,1790323580.3300,decel,23.3934,7.5596,0.374,0.2,2.6,-1,-27.729,0.0,20.707,1276,-4.03,40.2,13.7,39,2792,5.03,-48.900000000000006,13.5,40,-27.23,-0.499,0,
B-C-low-3,2.89373,1790323580.3320,decel,23.3934,7.5596,0.374,0.2,2.6,-1,-27.729,0.0,20.707,1276,-4.03,40.2,13.7,39,2792,4.03,-50.6,13.5,40,-27.23,-0.499,0,
B-C-low-3,2.89573,1790323580.3340,decel,23.3934,7.5596,0.374,0.2,2.6,-1,-27.729,0.0,20.707,1276,-3.02,42.0,13.7,39,2793,4.53,-49.0,13.5,40,-27.268,-0.46,0,
B-C-low-3,2.89773,1790323580.3360,decel,23.3934,7.5596,0.374,0.2,2.6,-1,-27.767,-0.3344,20.7,1275,-3.52,40.300000000000004,13.7,39,2793,3.52,-50.7,13.5,40,-27.268,-0.499,0,
B-C-low-3,2.89973,1790323580.3380,decel,23.3934,7.5596,0.374,0.2,2.6,-1,-27.767,0.0,20.7,1275,-3.52,40.300000000000004,13.7,39,2793,3.52,-50.7,13.5,40,-27.268,-0.499,0,
B-C-low-3,2.90173,1790323580.3400,decel,23.3934,7.5596,0.374,0.2,2.6,-1,-27.805,-0.3351,20.692,1274,-3.52,39.5,13.7,39,2793,3.02,-51.6,13.5,40,-27.268,-0.537,0,
B-C-low-3,2.90373,1790323580.3420,decel,23.3934,7.5596,0.374,0.2,2.6,-1,-27.805,0.0,20.692,1274,-3.02,40.400000000000006,13.7,39,2794,3.52,-49.900000000000006,13.5,40,-27.307,-0.499,0,
B-C-low-3,2.90573,1790323580.3440,decel,23.3934,7.5596,0.374,0.2,2.6,-1,-27.805,0.0,20.692,1274,-3.02,40.400000000000006,13.7,39,2794,3.02,-50.800000000000004,13.5,40,-27.307,-0.499,0,
B-C-low-3,2.90773,1790323580.3460,decel,23.3934,7.5596,0.374,0.2,2.6,-1,-27.805,0.0,20.692,1274,-2.52,41.300000000000004,13.7,39,2794,2.52,-51.7,13.5,40,-27.307,-0.499,0,
B-C-low-3,2.90973,1790323580.3480,decel,23.3934,7.5596,0.374,0.2,2.6,-1,-27.805,0.0,20.692,1274,-2.01,42.1,13.7,39,2794,2.52,-51.7,13.5,40,-27.307,-0.499,0,
B-C-low-3,2.91173,1790323580.3500,decel,23.3934,7.5596,0.374,0.2,2.6,-1,-27.844,-0.3347,20.685,1273,-2.52,40.5,13.7,39,2795,2.52,-50.900000000000006,13.5,40,-27.345,-0.499,0,
B-C-low-3,2.91373,1790323580.3520,decel,23.3934,7.5596,0.374,0.2,2.6,-1,-27.844,0.0,20.685,1273,-2.52,40.5,13.7,39,2795,2.52,-50.900000000000006,13.5,40,-27.345,-0.499,0,
B-C-low-3,2.91573,1790323580.3540,decel,23.3934,7.5596,0.374,0.2,2.6,-1,-27.844,0.0,20.685,1273,-2.01,41.300000000000004,13.7,39,2795,2.01,-51.7,13.5,40,-27.345,-0.499,0,
B-C-low-3,2.91773,1790323580.3560,decel,23.3934,7.5596,0.374,0.2,2.6,-1,-27.844,0.0,20.685,1273,-2.01,41.300000000000004,13.7,39,2795,2.01,-51.7,13.5,40,-27.345,-0.499,0,
B-C-low-3,2.91973,1790323580.3580,decel,23.3934,7.5596,0.374,0.2,2.6,-1,-27.844,0.0,20.685,1273,-1.51,42.2,13.7,39,2795,1.51,-52.6,13.5,40,-27.345,-0.499,0,
B-C-low-3,2.92173,1790323580.3600,decel,23.3934,7.5596,0.374,0.2,2.6,-1,-27.844,0.0,20.685,1273,-1.51,42.2,13.7,39,2796,2.01,-50.900000000000006,13.5,40,-27.384,-0.46,0,
B-C-low-3,2.92373,1790323580.3620,decel,23.3934,7.5596,0.374,0.2,2.6,-1,-27.844,0.0,20.685,1273,-1.51,42.2,13.7,39,2796,1.51,-51.800000000000004,13.5,40,-27.384,-0.46,0,
B-C-low-3,2.92573,1790323580.3640,decel,23.3934,7.5596,0.374,0.2,2.6,-1,-27.844,0.0,20.685,1273,-1.51,42.2,13.7,39,2796,1.51,-51.800000000000004,13.5,40,-27.384,-0.46,0,
B-C-low-3,2.92773,1790323580.3660,decel,23.3934,7.5596,0.374,0.2,2.6,-1,-27.844,0.0,20.685,1273,-1.01,43.1,13.7,39,2796,1.51,-51.800000000000004,13.5,40,-27.384,-0.46,0,
B-C-low-3,2.92973,1790323580.3680,decel,23.3934,7.5596,0.374,0.2,2.6,-1,-27.844,0.0,20.685,1273,-1.01,43.1,13.7,39,2796,1.51,-51.800000000000004,13.5,40,-27.384,-0.46,0,
B-C-low-3,2.93173,1790323580.3700,decel,23.3934,7.5596,0.374,0.2,2.6,-1,-27.844,0.0,20.685,1273,0.0,44.800000000000004,14.4,39,2796,1.51,-51.800000000000004,14.4,40,-27.384,-0.46,0,
B-C-low-3,2.93373,1790323580.3720,decel,23.3934,7.5596,0.374,0.2,2.6,-1,-27.844,0.0,20.685,1273,0.0,44.800000000000004,14.4,39,2796,1.01,-52.7,14.4,40,-27.384,-0.46,0,
B-C-low-3,2.93573,1790323580.3740,decel,23.3934,7.5596,0.374,0.2,2.6,-1,-27.844,0.0,20.685,1273,0.0,44.800000000000004,14.4,39,2796,1.01,-52.7,14.4,40,-27.384,-0.46,0,
B-C-low-3,2.93773,1790323580.3760,decel,23.3934,7.5596,0.374,0.2,2.6,-1,-27.844,0.0,20.685,1273,0.0,44.800000000000004,14.4,39,2796,1.01,-52.7,14.4,40,-27.384,-0.46,0,
B-C-low-3,2.93973,1790323580.3780,decel,23.3934,7.5596,0.374,0.2,2.6,-1,-27.844,0.0,20.685,1273,0.0,44.800000000000004,14.4,39,2797,1.51,-51.0,14.4,40,-27.422,-0.422,0,
B-C-low-3,2.94173,1790323580.3800,decel,23.3934,7.5596,0.374,0.2,2.6,-1,-27.844,0.0,20.685,1273,0.0,44.800000000000004,14.4,39,2796,0.0,-54.400000000000006,14.4,40,-27.384,-0.46,0,
B-C-low-3,2.94373,1790323580.3820,decel,23.3934,7.5596,0.374,0.2,2.6,-1,-27.844,0.0,20.685,1273,0.0,44.800000000000004,14.4,39,2797,1.01,-51.900000000000006,14.4,40,-27.422,-0.422,0,
B-C-low-3,2.94573,1790323580.3840,decel,23.3934,7.5596,0.374,0.2,2.6,-1,-27.844,0.0,20.685,1273,0.0,44.800000000000004,14.4,39,2797,1.01,-51.900000000000006,14.4,40,-27.422,-0.422,0,
B-C-low-3,2.94773,1790323580.3860,decel,23.3934,7.5596,0.374,0.2,2.6,-1,-27.844,0.0,20.685,1273,0.0,44.800000000000004,14.4,39,2796,0.0,-54.400000000000006,14.4,40,-27.384,-0.46,0,
B-C-low-3,2.94973,1790323580.3880,decel,23.3934,7.5596,0.374,0.2,2.6,-1,-27.844,0.0,20.685,1273,0.0,44.800000000000004,14.4,39,2796,0.0,-54.400000000000006,14.4,40,-27.384,-0.46,0,
B-C-low-3,2.95173,1790323580.3900,decel,23.3934,7.5596,0.374,0.2,2.6,-1,-27.844,0.0,20.685,1273,0.0,44.800000000000004,14.4,39,2796,0.0,-54.400000000000006,14.4,40,-27.384,-0.46,0,
B-C-low-3,2.95373,1790323580.3920,decel,23.3934,7.5596,0.374,0.2,2.6,-1,-27.844,0.0,20.685,1273,0.0,44.800000000000004,14.4,39,2796,0.0,-54.400000000000006,14.4,40,-27.384,-0.46,0,
B-C-low-3,2.95573,1790323580.3940,decel,23.3934,7.5596,0.374,0.2,2.6,-1,-27.844,0.0,20.685,1273,0.0,44.800000000000004,14.4,39,2796,0.0,-54.400000000000006,14.4,40,-27.384,-0.46,0,
B-C-low-3,2.95773,1790323580.3960,decel,23.3934,7.5596,0.374,0.2,2.6,-1,-27.844,0.0,20.685,1273,0.0,44.800000000000004,14.4,39,2796,0.0,-54.400000000000006,14.4,40,-27.384,-0.46,0,
B-C-low-3,2.95973,1790323580.3980,decel,23.3934,7.5596,0.374,0.2,2.6,-1,-27.844,0.0,20.685,1273,0.0,44.800000000000004,14.4,39,2797,0.0,-53.6,14.4,40,-27.422,-0.422,0,
B-C-low-3,2.96173,1790323580.4000,decel,23.3934,7.5596,0.374,0.2,2.6,-1,-27.844,0.0,20.685,1273,0.0,44.800000000000004,14.4,39,2797,0.0,-53.6,14.4,40,-27.422,-0.422,0,
B-C-low-3,2.96373,1790323580.4020,decel,23.3934,7.5596,0.374,0.2,2.6,-1,-27.844,0.0,20.685,1273,0.0,44.800000000000004,14.4,39,2797,0.0,-53.6,14.4,40,-27.422,-0.422,0,
B-C-low-3,2.96573,1790323580.4040,decel,23.3934,7.5596,0.374,0.2,2.6,-1,-27.844,0.0,20.685,1273,0.0,44.800000000000004,14.4,39,2796,0.0,-54.400000000000006,14.4,40,-27.384,-0.46,0,
B-C-low-3,2.96773,1790323580.4060,decel,23.3934,7.5596,0.374,0.2,2.6,-1,-27.844,0.0,20.685,1273,0.0,44.800000000000004,14.4,39,2796,0.0,-54.400000000000006,14.4,40,-27.384,-0.46,0,
B-C-low-3,2.96973,1790323580.4080,decel,23.3934,7.5596,0.374,0.2,2.6,-1,-27.844,0.0,20.685,1273,0.0,44.800000000000004,14.4,39,2796,0.0,-54.400000000000006,14.4,40,-27.384,-0.46,0,
B-C-low-3,2.97173,1790323580.4100,decel,23.3934,7.5596,0.374,0.2,2.6,-1,-27.844,0.0,20.685,1273,0.0,44.800000000000004,14.4,39,2796,0.0,-54.400000000000006,14.4,40,-27.384,-0.46,0,
B-C-low-3,2.97373,1790323580.4120,decel,23.3934,7.5596,0.374,0.2,2.6,-1,-27.844,0.0,20.685,1273,0.0,44.800000000000004,14.4,39,2796,0.0,-54.400000000000006,14.4,40,-27.384,-0.46,0,
B-C-low-3,2.97573,1790323580.4140,decel,23.3934,7.5596,0.374,0.2,2.6,-1,-27.844,0.0,20.685,1273,0.0,44.800000000000004,14.4,39,2796,0.0,-54.400000000000006,14.4,40,-27.384,-0.46,0,
B-C-low-3,2.97773,1790323580.4160,decel,23.3934,7.5596,0.374,0.2,2.6,-1,-27.844,0.0,20.685,1273,0.0,44.800000000000004,14.4,39,2797,0.0,-53.6,14.4,40,-27.422,-0.422,0,
B-C-low-3,2.97973,1790323580.4180,decel,23.3934,7.5596,0.374,0.2,2.6,-1,-27.844,0.0,20.685,1273,0.0,44.800000000000004,14.4,39,2796,0.0,-54.400000000000006,14.4,40,-27.384,-0.46,0,
B-C-low-3,2.98173,1790323580.4200,decel,23.3934,7.5596,0.374,0.2,2.6,-1,-27.844,0.0,20.685,1273,0.0,44.800000000000004,14.4,39,2796,0.0,-54.400000000000006,14.4,40,-27.384,-0.46,0,
B-C-low-3,2.98373,1790323580.4220,decel,23.3934,7.5596,0.374,0.2,2.6,-1,-27.844,0.0,20.685,1273,0.0,44.800000000000004,14.4,39,2796,0.0,-54.400000000000006,14.4,40,-27.384,-0.46,0,
B-C-low-3,2.98573,1790323580.4240,decel,23.3934,7.5596,0.374,0.2,2.6,-1,-27.844,0.0,20.685,1273,0.0,44.800000000000004,14.4,39,2796,0.0,-54.400000000000006,14.4,40,-27.384,-0.46,0,
B-C-low-3,2.98773,1790323580.4260,decel,23.3934,7.5596,0.374,0.2,2.6,-1,-27.844,0.0,20.685,1273,0.0,44.800000000000004,14.4,39,2796,0.0,-54.400000000000006,14.4,40,-27.384,-0.46,0,
B-C-low-3,2.98973,1790323580.4280,decel,23.3934,7.5596,0.374,0.2,2.6,-1,-27.844,0.0,20.685,1273,0.0,44.800000000000004,14.4,39,2796,0.0,-54.400000000000006,14.4,40,-27.384,-0.46,0,
B-C-low-3,2.99173,1790323580.4300,decel,23.3934,7.5596,0.374,0.2,2.6,-1,-27.844,0.0,20.685,1273,0.0,44.800000000000004,14.4,39,2796,0.0,-54.400000000000006,14.4,40,-27.384,-0.46,0,
B-C-low-3,2.99373,1790323580.4320,decel,23.3934,7.5596,0.374,0.2,2.6,-1,-27.844,0.0,20.685,1273,0.0,44.800000000000004,14.4,39,2796,0.0,-54.400000000000006,14.4,40,-27.384,-0.46,0,
B-C-low-3,2.99573,1790323580.4340,decel,23.3934,7.5596,0.374,0.2,2.6,-1,-27.844,0.0,20.685,1273,0.0,44.800000000000004,14.4,39,2796,0.0,-54.400000000000006,14.4,40,-27.384,-0.46,0,
B-C-low-3,2.99773,1790323580.4360,decel,23.3934,7.5596,0.374,0.2,2.6,-1,-27.844,0.0,20.685,1273,0.0,44.800000000000004,14.4,39,2796,0.0,-54.400000000000006,14.4,40,-27.384,-0.46,0,
B-C-low-3,2.99973,1790323580.4380,decel,23.3934,7.5596,0.374,0.2,2.6,-1,-27.844,0.0,20.685,1273,0.0,44.800000000000004,14.4,39,2796,0.0,-54.400000000000006,14.4,40,-27.384,-0.46,0,
B-C-low-3,3.00173,1790323580.4400,decel,23.3934,7.5596,0.374,0.2,2.6,-1,-27.844,0.0,20.685,1273,0.0,44.800000000000004,14.4,39,2796,0.0,-54.400000000000006,14.4,40,-27.384,-0.46,0,
B-C-low-3,3.00373,1790323580.4420,decel,23.3934,7.5596,0.374,0.2,2.6,-1,-27.844,0.0,20.685,1273,0.0,44.800000000000004,14.4,39,2796,0.0,-54.400000000000006,14.4,40,-27.384,-0.46,0,
B-C-low-3,3.00573,1790323580.4440,decel,23.3934,7.5596,0.374,0.2,2.6,-1,-27.844,0.0,20.685,1273,0.0,44.800000000000004,14.4,39,2796,0.0,-54.400000000000006,14.4,40,-27.384,-0.46,0,
B-C-low-3,3.00773,1790323580.4460,decel,23.3934,7.5596,0.374,0.2,2.6,-1,-27.844,0.0,20.685,1273,0.0,44.800000000000004,14.4,39,2796,0.0,-54.400000000000006,14.4,40,-27.384,-0.46,0,
B-C-low-3,3.00973,1790323580.4480,decel,23.3934,7.5596,0.374,0.2,2.6,-1,-27.844,0.0,20.685,1273,0.0,44.800000000000004,14.4,39,2796,0.0,-54.400000000000006,14.4,40,-27.384,-0.46,0,
B-C-low-3,3.01173,1790323580.4500,decel,23.3934,7.5596,0.374,0.2,2.6,-1,-27.844,0.0,20.685,1273,0.0,44.800000000000004,14.4,39,2796,0.0,-54.400000000000006,14.4,40,-27.384,-0.46,0,
B-C-low-3,3.01373,1790323580.4520,decel,23.3934,7.5596,0.374,0.2,2.6,-1,-27.805,0.3346,20.692,1274,0.0,45.6,14.4,39,2796,0.0,-54.400000000000006,14.4,40,-27.384,-0.422,0,
B-C-low-3,3.01573,1790323580.4540,decel,23.3934,7.5596,0.374,0.2,2.6,-1,-27.844,-0.3344,20.685,1273,0.0,44.800000000000004,14.4,39,2796,0.0,-54.400000000000006,14.4,40,-27.384,-0.46,0,
B-C-low-3,3.01773,1790323580.4560,decel,23.3934,7.5596,0.374,0.2,2.6,-1,-27.844,0.0,20.685,1273,0.0,44.800000000000004,14.4,39,2796,0.0,-54.400000000000006,14.4,40,-27.384,-0.46,0,
B-C-low-3,3.01973,1790323580.4581,decel,23.3934,7.5596,0.374,0.2,2.6,-1,-27.844,0.0,20.685,1273,0.0,44.800000000000004,14.4,39,2796,0.0,-54.400000000000006,14.4,40,-27.384,-0.46,0,
B-C-low-3,3.02173,1790323580.4601,decel,23.3934,7.5596,0.374,0.2,2.6,-1,-27.805,0.3347,20.692,1274,0.0,45.6,14.4,39,2796,0.0,-54.400000000000006,14.4,40,-27.384,-0.422,0,
B-C-low-3,3.02373,1790323580.4620,decel,23.3934,7.5596,0.374,0.2,2.6,-1,-27.844,-0.3348,20.685,1273,0.0,44.800000000000004,14.4,39,2796,0.0,-54.400000000000006,14.4,40,-27.384,-0.46,0,
B-C-low-3,3.02573,1790323580.4640,decel,23.3934,7.5596,0.374,0.2,2.6,-1,-27.844,0.0,20.685,1273,0.0,44.800000000000004,14.4,39,2796,0.0,-54.400000000000006,14.4,40,-27.384,-0.46,0,
B-C-low-3,3.02773,1790323580.4660,decel,23.3934,7.5596,0.374,0.2,2.6,-1,-27.844,0.0,20.685,1273,0.0,44.800000000000004,14.4,39,2796,0.0,-54.400000000000006,14.4,40,-27.384,-0.46,0,
B-C-low-3,3.02973,1790323580.4681,decel,23.3934,7.5596,0.374,0.2,2.6,-1,-27.805,0.3342,20.692,1274,0.0,45.6,14.4,39,2796,0.0,-54.400000000000006,14.4,40,-27.384,-0.422,0,
B-C-low-3,3.03173,1790323580.4701,decel,23.3934,7.5596,0.374,0.2,2.6,-1,-27.844,-0.3348,20.685,1273,0.0,44.800000000000004,14.4,39,2796,0.0,-54.400000000000006,14.4,40,-27.384,-0.46,0,
B-C-low-3,3.03373,1790323580.4720,decel,23.3934,7.5596,0.374,0.2,2.6,-1,-27.805,0.335,20.692,1274,0.0,45.6,14.4,39,2796,0.0,-54.400000000000006,14.4,40,-27.384,-0.422,0,
B-C-low-3,3.03573,1790323580.4740,decel,23.3934,7.5596,0.374,0.2,2.6,-1,-27.805,0.0,20.692,1274,0.0,45.6,14.4,39,2796,0.0,-54.400000000000006,14.4,40,-27.384,-0.422,0,
B-C-low-3,3.03774,1790323580.4761,decel,23.3934,7.5596,0.374,0.2,2.6,-1,-27.805,0.0,20.692,1274,0.0,45.6,14.4,39,2796,0.0,-54.400000000000006,14.4,40,-27.384,-0.422,0,
B-C-low-3,3.03973,1790323580.4781,decel,23.3934,7.5596,0.374,0.2,2.6,-1,-27.805,0.0,20.692,1274,0.0,45.6,14.4,39,2796,0.0,-54.400000000000006,14.4,40,-27.384,-0.422,0,
B-C-low-3,3.04173,1790323580.4801,decel,23.3934,7.5596,0.374,0.2,2.6,-1,-27.805,0.0,20.692,1274,0.0,45.6,14.4,39,2796,0.0,-54.400000000000006,14.4,40,-27.384,-0.422,0,
B-C-low-3,3.04373,1790323580.4820,decel,23.3934,7.5596,0.374,0.2,2.6,-1,-27.805,0.0,20.692,1274,0.0,45.6,14.4,39,2796,0.0,-54.400000000000006,14.4,40,-27.384,-0.422,0,
B-C-low-3,3.04573,1790323580.4840,decel,23.3934,7.5596,0.374,0.2,2.6,-1,-27.805,0.0,20.692,1274,0.0,45.6,14.4,39,2796,0.0,-54.400000000000006,14.4,40,-27.384,-0.422,0,
B-C-low-3,3.04773,1790323580.4860,decel,23.3934,7.5596,0.374,0.2,2.6,-1,-27.844,-0.3348,20.685,1273,0.0,44.800000000000004,14.4,39,2796,0.0,-54.400000000000006,14.4,40,-27.384,-0.46,0,
B-C-low-3,3.04973,1790323580.4880,decel,23.3934,7.5596,0.374,0.2,2.6,-1,-27.844,0.0,20.685,1273,0.0,44.800000000000004,14.4,39,2796,0.0,-54.400000000000006,15.0,40,-27.384,-0.46,0,
B-C-low-3,3.05173,1790323580.4900,decel,23.3934,7.5596,0.374,0.2,2.6,-1,-27.805,0.3347,20.692,1274,0.0,45.6,14.4,39,2795,0.0,-55.2,15.0,40,-27.345,-0.46,0,
B-C-low-3,3.05373,1790323580.4921,decel,23.3934,7.5596,0.374,0.2,2.6,-1,-27.805,0.0,20.692,1274,0.0,45.6,14.4,39,2795,0.0,-55.2,15.0,40,-27.345,-0.46,0,
B-C-low-3,3.05573,1790323580.4940,decel,23.3934,7.5596,0.374,0.2,2.6,-1,-27.805,0.0,20.692,1274,0.0,45.6,14.4,39,2796,0.0,-54.400000000000006,15.0,40,-27.384,-0.422,0,
B-C-low-3,3.05773,1790323580.4960,decel,23.3934,7.5596,0.374,0.2,2.6,-1,-27.805,0.0,20.692,1274,0.0,45.6,14.4,39,2796,0.0,-54.400000000000006,15.0,40,-27.384,-0.422,0,
B-C-low-3,3.05973,1790323580.4981,decel,23.3934,7.5596,0.374,0.2,2.6,-1,-27.805,0.0,20.692,1274,0.0,45.6,14.4,39,2796,0.0,-54.400000000000006,15.0,40,-27.384,-0.422,0,
B-C-low-3,3.06173,1790323580.5000,decel,23.3934,7.5596,0.374,0.2,2.6,-1,-27.805,0.0,20.692,1274,0.0,45.6,14.4,39,2796,0.0,-54.400000000000006,15.0,40,-27.384,-0.422,0,
B-C-low-3,3.06371,1790323580.5020,decel,23.3934,7.5596,0.374,0.2,2.6,-1,-27.805,0.0,20.692,1274,0.0,45.6,14.4,39,2796,0.0,-54.400000000000006,15.0,40,-27.384,-0.422,0,
B-C-low-3,3.06571,1790323580.5040,decel,23.3934,7.5596,0.374,0.2,2.6,-1,-27.805,0.0,20.692,1274,0.0,45.6,14.4,39,2795,0.0,-55.2,15.0,40,-27.345,-0.46,0,
B-C-low-3,3.06771,1790323580.5060,decel,23.3934,7.5596,0.374,0.2,2.6,-1,-27.805,0.0,20.692,1274,0.0,45.6,14.4,39,2796,0.0,-54.400000000000006,15.0,40,-27.384,-0.422,0,
B-C-low-3,3.06971,1790323580.5080,decel,23.3934,7.5596,0.374,0.2,2.6,-1,-27.805,0.0,20.692,1274,0.0,45.6,14.4,39,2796,0.0,-54.400000000000006,15.0,40,-27.384,-0.422,0,
B-C-low-3,3.07171,1790323580.5100,decel,23.3934,7.5596,0.374,0.2,2.6,-1,-27.805,0.0,20.692,1274,0.0,45.6,14.4,39,2796,0.0,-54.400000000000006,15.0,40,-27.384,-0.422,0,
B-C-low-3,3.07371,1790323580.5120,decel,23.3934,7.5596,0.374,0.2,2.6,-1,-27.805,0.0,20.692,1274,0.0,45.6,14.4,39,2795,0.0,-55.2,15.0,40,-27.345,-0.46,0,
B-C-low-3,3.07571,1790323580.5140,decel,23.3934,7.5596,0.374,0.2,2.6,-1,-27.805,0.0,20.692,1274,0.0,45.6,14.4,39,2795,0.0,-55.2,15.0,40,-27.345,-0.46,0,
B-C-low-3,3.07771,1790323580.5160,decel,23.3934,7.5596,0.374,0.2,2.6,-1,-27.805,0.0,20.692,1274,0.0,45.6,14.4,39,2795,0.0,-55.2,15.0,40,-27.345,-0.46,0,
B-C-low-3,3.07971,1790323580.5180,decel,23.3934,7.5596,0.374,0.2,2.6,-1,-27.805,0.0,20.692,1274,0.0,45.6,14.4,39,2796,0.0,-54.400000000000006,15.0,40,-27.384,-0.422,0,
B-C-low-3,3.08172,1790323580.5200,decel,23.3934,7.5596,0.374,0.2,2.6,-1,-27.844,-0.3345,20.685,1273,0.0,44.800000000000004,14.4,39,2795,0.0,-55.2,15.0,40,-27.345,-0.499,0,
B-C-low-3,3.08371,1790323580.5220,decel,23.3934,7.5596,0.374,0.2,2.6,-1,-27.805,0.3352,20.692,1274,0.0,45.6,14.4,39,2796,0.0,-54.400000000000006,15.0,40,-27.384,-0.422,0,
B-C-low-3,3.08571,1790323580.5240,decel,23.3934,7.5596,0.374,0.2,2.6,-1,-27.805,0.0,20.692,1274,0.0,45.6,14.4,39,2796,0.0,-54.400000000000006,15.0,40,-27.384,-0.422,0,
B-C-low-3,3.08771,1790323580.5260,decel,23.3934,7.5596,0.374,0.2,2.6,-1,-27.805,0.0,20.692,1274,0.0,45.6,14.4,39,2795,0.0,-55.2,15.0,40,-27.345,-0.46,0,
B-C-low-3,3.08971,1790323580.5280,decel,23.3934,7.5596,0.374,0.2,2.6,-1,-27.805,0.0,20.692,1274,0.0,45.6,14.4,39,2796,0.0,-54.400000000000006,15.0,40,-27.384,-0.422,0,
B-C-low-3,3.09171,1790323580.5300,decel,23.3934,7.5596,0.374,0.2,2.6,-1,-27.805,0.0,20.692,1274,0.0,45.6,14.4,39,2795,0.0,-55.2,15.0,40,-27.345,-0.46,0,
B-C-low-3,3.09371,1790323580.5320,decel,23.3934,7.5596,0.374,0.2,2.6,-1,-27.805,0.0,20.692,1274,0.0,45.6,14.4,39,2796,0.0,-54.400000000000006,15.0,40,-27.384,-0.422,0,
B-C-low-3,3.09571,1790323580.5340,decel,23.3934,7.5596,0.374,0.2,2.6,-1,-27.805,0.0,20.692,1274,0.0,45.6,14.4,39,2795,0.0,-55.2,15.0,40,-27.345,-0.46,0,
B-C-low-3,3.09771,1790323580.5360,decel,23.3934,7.5596,0.374,0.2,2.6,-1,-27.805,0.0,20.692,1274,0.0,45.6,14.4,39,2795,0.0,-55.2,15.0,40,-27.345,-0.46,0,
B-C-low-3,3.09971,1790323580.5380,decel,23.3934,7.5596,0.374,0.2,2.6,-1,-27.844,-0.3348,20.685,1273,0.0,44.800000000000004,14.4,39,2795,0.0,-55.2,15.0,40,-27.345,-0.499,0,
B-C-low-3,3.10171,1790323580.5400,decel,23.3934,7.5596,0.374,0.2,2.6,-1,-27.805,0.3347,20.692,1274,0.0,45.6,14.4,39,2796,0.0,-54.400000000000006,15.0,40,-27.384,-0.422,0,
B-C-low-3,3.10371,1790323580.5420,decel,23.3934,7.5596,0.374,0.2,2.6,-1,-27.805,0.0,20.692,1274,0.0,45.6,14.4,39,2796,0.0,-54.400000000000006,15.0,40,-27.384,-0.422,0,
B-C-low-3,3.10571,1790323580.5440,decel,23.3934,7.5596,0.374,0.2,2.6,-1,-27.805,0.0,20.692,1274,0.0,45.6,14.4,39,2795,0.0,-55.2,15.0,40,-27.345,-0.46,0,
B-C-low-3,3.10771,1790323580.5460,decel,23.3934,7.5596,0.374,0.2,2.6,-1,-27.805,0.0,20.692,1274,0.0,45.6,14.4,39,2796,0.0,-54.400000000000006,15.0,40,-27.384,-0.422,0,
B-C-low-3,3.10971,1790323580.5480,decel,23.3934,7.5596,0.374,0.2,2.6,-1,-27.805,0.0,20.692,1274,0.0,45.6,14.4,39,2796,0.0,-54.400000000000006,15.0,40,-27.384,-0.422,0,
B-C-low-3,3.11172,1790323580.5500,decel,23.3934,7.5596,0.374,0.2,2.6,-1,-27.805,0.0,20.692,1274,0.0,45.6,14.4,39,2795,0.0,-55.2,15.0,40,-27.345,-0.46,0,
B-C-low-3,3.11372,1790323580.5520,decel,23.3934,7.5596,0.374,0.2,2.6,-1,-27.805,0.0,20.692,1274,0.0,45.6,14.4,39,2796,0.0,-54.400000000000006,15.0,40,-27.384,-0.422,0,
B-C-low-3,3.11571,1790323580.5540,decel,23.3934,7.5596,0.374,0.2,2.6,-1,-27.805,0.0,20.692,1274,0.0,45.6,14.4,39,2796,0.0,-54.400000000000006,15.0,40,-27.384,-0.422,0,
B-C-low-3,3.11771,1790323580.5560,decel,23.3934,7.5596,0.374,0.2,2.6,-1,-27.805,0.0,20.692,1274,0.0,45.6,14.4,39,2796,0.0,-54.400000000000006,15.0,40,-27.384,-0.422,0,
B-C-low-3,3.11972,1790323580.5580,decel,23.3934,7.5596,0.374,0.2,2.6,-1,-27.805,0.0,20.692,1274,0.0,45.6,14.4,39,2796,0.0,-54.400000000000006,15.0,40,-27.384,-0.422,0,
B-C-low-3,3.12172,1790323580.5600,decel,23.3934,7.5596,0.374,0.2,2.6,-1,-27.805,0.0,20.692,1274,0.0,45.6,14.4,39,2796,0.0,-54.400000000000006,15.0,40,-27.384,-0.422,0,
B-C-low-3,3.12372,1790323580.5620,decel,23.3934,7.5596,0.374,0.2,2.6,-1,-27.844,-0.3346,20.685,1273,0.0,44.800000000000004,14.4,39,2796,0.0,-54.400000000000006,15.0,40,-27.384,-0.46,0,
B-C-low-3,3.12572,1790323580.5640,decel,23.3934,7.5596,0.374,0.2,2.6,-1,-27.805,0.3348,20.692,1274,0.0,45.6,14.4,39,2796,0.0,-54.400000000000006,15.0,40,-27.384,-0.422,0,
B-C-low-3,3.12771,1790323580.5660,decel,23.3934,7.5596,0.374,0.2,2.6,-1,-27.844,-0.335,20.685,1273,0.0,44.800000000000004,14.4,39,2796,0.0,-54.400000000000006,15.0,40,-27.384,-0.46,0,
B-C-low-3,3.12971,1790323580.5680,decel,23.3934,7.5596,0.374,0.2,2.6,-1,-27.844,0.0,20.685,1273,0.0,44.800000000000004,14.4,39,2796,0.0,-54.400000000000006,15.0,40,-27.384,-0.46,0,
B-C-low-3,3.13171,1790323580.5700,decel,23.3934,7.5596,0.374,0.2,2.6,-1,-27.805,0.3347,20.692,1274,0.0,45.6,14.4,39,2796,0.0,-54.400000000000006,15.0,40,-27.384,-0.422,0,
B-C-low-3,3.13371,1790323580.5720,decel,23.3934,7.5596,0.374,0.2,2.6,-1,-27.805,0.0,20.692,1274,0.0,45.6,14.4,39,2796,0.0,-54.400000000000006,15.0,40,-27.384,-0.422,0,
B-C-low-3,3.13571,1790323580.5740,decel,23.3934,7.5596,0.374,0.2,2.6,-1,-27.844,-0.3347,20.685,1273,0.0,44.800000000000004,14.4,39,2795,0.0,-55.2,15.0,40,-27.345,-0.499,0,
B-C-low-3,3.13771,1790323580.5760,decel,23.3934,7.5596,0.374,0.2,2.6,-1,-27.844,0.0,20.685,1273,0.0,44.800000000000004,14.4,39,2796,0.0,-54.400000000000006,15.0,40,-27.384,-0.46,0,
B-C-low-3,3.13972,1790323580.5780,decel,23.3934,7.5596,0.374,0.2,2.6,-1,-27.844,0.0,20.685,1273,0.0,44.800000000000004,14.4,39,2796,0.0,-54.400000000000006,15.0,40,-27.384,-0.46,0,
B-C-low-3,3.14172,1790323580.5800,decel,23.3934,7.5596,0.374,0.2,2.6,-1,-27.805,0.3348,20.692,1274,0.0,45.6,14.4,39,2796,0.0,-54.400000000000006,15.0,40,-27.384,-0.422,0,
B-C-low-3,3.14372,1790323580.5820,decel,23.3934,7.5596,0.374,0.2,2.6,-1,-27.844,-0.3348,20.685,1273,0.0,44.800000000000004,14.4,39,2796,0.0,-54.400000000000006,15.0,40,-27.384,-0.46,0,
B-C-low-3,3.14572,1790323580.5840,decel,23.3934,7.5596,0.374,0.2,2.6,-1,-27.805,0.3344,20.692,1274,0.0,45.6,14.4,39,2796,0.0,-54.400000000000006,15.0,40,-27.384,-0.422,0,
B-C-low-3,3.14772,1790323580.5860,decel,23.3934,7.5596,0.374,0.2,2.6,-1,-27.844,-0.335,20.685,1273,0.0,44.800000000000004,14.4,39,2796,0.0,-54.400000000000006,15.0,40,-27.384,-0.46,0,
B-C-low-3,3.14972,1790323580.5880,decel,23.3934,7.5596,0.374,0.2,2.6,-1,-27.844,0.0,20.685,1273,0.0,44.800000000000004,14.4,39,2796,0.0,-54.400000000000006,15.0,40,-27.384,-0.46,0,
B-C-low-3,3.15172,1790323580.5900,decel,23.3934,7.5596,0.374,0.2,2.6,-1,-27.844,0.0,20.685,1273,0.0,44.800000000000004,14.4,39,2796,0.0,-54.400000000000006,15.0,40,-27.384,-0.46,0,
B-C-low-3,3.15372,1790323580.5920,decel,23.3934,7.5596,0.374,0.2,2.6,-1,-27.844,0.0,20.685,1273,0.0,44.800000000000004,14.4,39,2796,0.0,-54.400000000000006,15.0,40,-27.384,-0.46,0,
B-C-low-3,3.15572,1790323580.5940,decel,23.3934,7.5596,0.374,0.2,2.6,-1,-27.844,0.0,20.685,1273,0.0,44.800000000000004,14.4,39,2796,0.0,-54.400000000000006,15.0,40,-27.384,-0.46,0,
B-C-low-3,3.15771,1790323580.5960,decel,23.3934,7.5596,0.374,0.2,2.6,-1,-27.844,0.0,20.685,1273,0.0,44.800000000000004,14.4,39,2796,0.0,-54.400000000000006,15.0,40,-27.384,-0.46,0,
B-C-low-3,3.15972,1790323580.5980,decel,23.3934,7.5596,0.374,0.2,2.6,-1,-27.844,0.0,20.685,1273,0.0,44.800000000000004,14.4,39,2796,0.0,-54.400000000000006,15.0,40,-27.384,-0.46,0,
B-C-low-3,3.16172,1790323580.6000,decel,23.3934,7.5596,0.374,0.2,2.6,-1,-27.844,0.0,20.685,1273,0.0,44.800000000000004,14.4,39,2796,0.0,-54.400000000000006,15.0,40,-27.384,-0.46,0,
B-C-low-3,3.16372,1790323580.6020,decel,23.3934,7.5596,0.374,0.2,2.6,-1,-27.844,0.0,20.685,1273,0.0,44.800000000000004,14.4,39,2796,0.0,-54.400000000000006,15.0,40,-27.384,-0.46,0,
B-C-low-3,3.16572,1790323580.6040,decel,23.3934,7.5596,0.374,0.2,2.6,-1,-27.844,0.0,20.685,1273,0.0,44.800000000000004,14.3,39,2796,0.0,-54.400000000000006,13.3,40,-27.384,-0.46,0,
B-C-low-3,3.16772,1790323580.6060,decel,23.3934,7.5596,0.374,0.2,2.6,-1,-27.844,0.0,20.685,1273,0.0,44.800000000000004,14.3,39,2796,0.0,-54.400000000000006,13.3,40,-27.384,-0.46,0,
B-C-low-3,3.16972,1790323580.6080,decel,23.3934,7.5596,0.374,0.2,2.6,-1,-27.844,0.0,20.685,1273,0.0,44.800000000000004,14.3,39,2796,0.0,-54.400000000000006,13.3,40,-27.384,-0.46,0,
B-C-low-3,3.17172,1790323580.6100,decel,23.3934,7.5596,0.374,0.2,2.6,-1,-27.844,0.0,20.685,1273,0.0,44.800000000000004,14.3,39,2796,0.0,-54.400000000000006,13.3,40,-27.384,-0.46,0,
B-C-low-3,3.17372,1790323580.6120,decel,23.3934,7.5596,0.374,0.2,2.6,-1,-27.844,0.0,20.685,1273,0.0,44.800000000000004,14.3,39,2796,0.0,-54.400000000000006,13.3,40,-27.384,-0.46,0,
B-C-low-3,3.17572,1790323580.6140,decel,23.3934,7.5596,0.374,0.2,2.6,-1,-27.844,0.0,20.685,1273,0.0,44.800000000000004,14.3,39,2796,0.0,-54.400000000000006,13.3,40,-27.384,-0.46,0,
B-C-low-3,3.17772,1790323580.6160,decel,23.3934,7.5596,0.374,0.2,2.6,-1,-27.844,0.0,20.685,1273,0.0,44.800000000000004,14.3,39,2796,0.0,-54.400000000000006,13.3,40,-27.384,-0.46,0,
B-C-low-3,3.17972,1790323580.6180,decel,23.3934,7.5596,0.374,0.2,2.6,-1,-27.844,0.0,20.685,1273,0.0,44.800000000000004,14.3,39,2796,0.0,-54.400000000000006,13.3,40,-27.384,-0.46,0,
B-C-low-3,3.18172,1790323580.6200,decel,23.3934,7.5596,0.374,0.2,2.6,-1,-27.844,0.0,20.685,1273,0.0,44.800000000000004,14.3,39,2796,0.0,-54.400000000000006,13.3,40,-27.384,-0.46,0,
B-C-low-3,3.18372,1790323580.6220,decel,23.3934,7.5596,0.374,0.2,2.6,-1,-27.844,0.0,20.685,1273,0.0,44.800000000000004,14.3,39,2796,0.0,-54.400000000000006,13.3,40,-27.384,-0.46,0,
B-C-low-3,3.18571,1790323580.6240,decel,23.3934,7.5596,0.374,0.2,2.6,-1,-27.844,0.0,20.685,1273,0.0,44.800000000000004,14.3,39,2796,0.0,-54.400000000000006,13.3,40,-27.384,-0.46,0,
B-C-low-3,3.18772,1790323580.6260,decel,23.3934,7.5596,0.374,0.2,2.6,-1,-27.844,0.0,20.685,1273,0.0,44.800000000000004,14.3,39,2796,0.0,-54.400000000000006,13.3,40,-27.384,-0.46,0,
B-C-low-3,3.18972,1790323580.6280,decel,23.3934,7.5596,0.374,0.2,2.6,-1,-27.844,0.0,20.685,1273,0.0,44.800000000000004,14.3,39,2796,0.0,-54.400000000000006,13.3,40,-27.384,-0.46,0,
B-C-low-3,3.19174,1790323580.6301,decel,23.3934,7.5596,0.374,0.2,2.6,-1,-27.844,0.0,20.685,1273,0.0,44.800000000000004,14.3,39,2796,0.0,-54.400000000000006,13.3,40,-27.384,-0.46,0,
B-C-low-3,3.19372,1790323580.6320,decel,23.3934,7.5596,0.374,0.2,2.6,-1,-27.844,0.0,20.685,1273,0.0,44.800000000000004,14.3,39,2796,0.0,-54.400000000000006,13.3,40,-27.384,-0.46,0,
B-C-low-3,3.19572,1790323580.6340,decel,23.3934,7.5596,0.374,0.2,2.6,-1,-27.844,0.0,20.685,1273,0.0,44.800000000000004,14.3,39,2796,0.0,-54.400000000000006,13.3,40,-27.384,-0.46,0,
B-C-low-3,3.19772,1790323580.6360,decel,23.3934,7.5596,0.374,0.2,2.6,-1,-27.844,0.0,20.685,1273,0.0,44.800000000000004,14.3,39,2796,0.0,-54.400000000000006,13.3,40,-27.384,-0.46,0,
B-C-low-3,3.19972,1790323580.6380,decel,23.3934,7.5596,0.374,0.2,2.6,-1,-27.844,0.0,20.685,1273,0.0,44.800000000000004,14.3,39,2796,0.0,-54.400000000000006,13.3,40,-27.384,-0.46,0,
B-C-low-3,3.20172,1790323580.6400,decel,23.3934,7.5596,0.374,0.2,2.6,-1,-27.844,0.0,20.685,1273,0.0,44.800000000000004,14.3,39,2796,0.0,-54.400000000000006,13.3,40,-27.384,-0.46,0,
B-C-low-3,3.20372,1790323580.6420,decel,23.3934,7.5596,0.374,0.2,2.6,-1,-27.844,0.0,20.685,1273,0.0,44.800000000000004,14.3,39,2796,0.0,-54.400000000000006,13.3,40,-27.384,-0.46,0,
B-C-low-3,3.20572,1790323580.6440,decel,23.3934,7.5596,0.374,0.2,2.6,-1,-27.844,0.0,20.685,1273,0.0,44.800000000000004,14.3,39,2796,0.0,-54.400000000000006,13.3,40,-27.384,-0.46,0,
B-C-low-3,3.20772,1790323580.6460,decel,23.3934,7.5596,0.374,0.2,2.6,-1,-27.844,0.0,20.685,1273,0.0,44.800000000000004,14.3,39,2796,0.0,-54.400000000000006,13.3,40,-27.384,-0.46,0,
B-C-low-3,3.20972,1790323580.6480,decel,23.3934,7.5596,0.374,0.2,2.6,-1,-27.844,0.0,20.685,1273,0.0,44.800000000000004,14.3,39,2796,0.0,-54.400000000000006,13.3,40,-27.384,-0.46,0,
B-C-low-3,3.21172,1790323580.6500,decel,23.3934,7.5596,0.374,0.2,2.6,-1,-27.844,0.0,20.685,1273,0.0,44.800000000000004,14.3,39,2796,0.0,-54.400000000000006,13.3,40,-27.384,-0.46,0,
B-C-low-3,3.21372,1790323580.6520,decel,23.3934,7.5596,0.374,0.2,2.6,-1,-27.844,0.0,20.685,1273,0.0,44.800000000000004,14.3,39,2796,0.0,-54.400000000000006,13.3,40,-27.384,-0.46,0,
B-C-low-3,3.21572,1790323580.6540,decel,23.3934,7.5596,0.374,0.2,2.6,-1,-27.844,0.0,20.685,1273,0.0,44.800000000000004,14.3,39,2796,0.0,-54.400000000000006,13.3,40,-27.384,-0.46,0,
B-C-low-3,3.21772,1790323580.6560,decel,23.3934,7.5596,0.374,0.2,2.6,-1,-27.844,0.0,20.685,1273,0.0,44.800000000000004,14.3,39,2796,0.0,-54.400000000000006,13.3,40,-27.384,-0.46,0,
B-C-low-3,3.21972,1790323580.6580,decel,23.3934,7.5596,0.374,0.2,2.6,-1,-27.844,0.0,20.685,1273,0.0,44.800000000000004,14.3,39,2796,0.0,-54.400000000000006,13.3,40,-27.384,-0.46,0,
B-C-low-3,3.22172,1790323580.6600,decel,23.3934,7.5596,0.374,0.2,2.6,-1,-27.844,0.0,20.685,1273,0.0,44.800000000000004,14.3,39,2796,0.0,-54.400000000000006,13.3,40,-27.384,-0.46,0,
B-C-low-3,3.22372,1790323580.6620,decel,23.3934,7.5596,0.374,0.2,2.6,-1,-27.844,0.0,20.685,1273,0.0,44.800000000000004,14.3,39,2796,0.0,-54.400000000000006,13.3,40,-27.384,-0.46,0,
B-C-low-3,3.22571,1790323580.6640,decel,23.3934,7.5596,0.374,0.2,2.6,-1,-27.844,0.0,20.685,1273,0.0,44.800000000000004,14.3,39,2796,0.0,-54.400000000000006,13.3,40,-27.384,-0.46,0,
B-C-low-3,3.22772,1790323580.6660,decel,23.3934,7.5596,0.374,0.2,2.6,-1,-27.844,0.0,20.685,1273,0.0,44.800000000000004,14.3,39,2796,0.0,-54.400000000000006,13.3,40,-27.384,-0.46,0,
B-C-low-3,3.22972,1790323580.6680,decel,23.3934,7.5596,0.374,0.2,2.6,-1,-27.844,0.0,20.685,1273,0.0,44.800000000000004,14.3,39,2796,0.0,-54.400000000000006,13.3,40,-27.384,-0.46,0,
B-C-low-3,3.23172,1790323580.6700,decel,23.3934,7.5596,0.374,0.2,2.6,-1,-27.844,0.0,20.685,1273,0.0,44.800000000000004,14.3,39,2796,0.0,-54.400000000000006,13.3,40,-27.384,-0.46,0,
B-C-low-3,3.23372,1790323580.6720,decel,23.3934,7.5596,0.374,0.2,2.6,-1,-27.844,0.0,20.685,1273,0.0,44.800000000000004,14.3,39,2796,0.0,-54.400000000000006,13.3,40,-27.384,-0.46,0,
B-C-low-3,3.23572,1790323580.6740,decel,23.3934,7.5596,0.374,0.2,2.6,-1,-27.844,0.0,20.685,1273,0.0,44.800000000000004,14.3,39,2796,0.0,-54.400000000000006,13.3,40,-27.384,-0.46,0,
B-C-low-3,3.23772,1790323580.6760,decel,23.3934,7.5596,0.374,0.2,2.6,-1,-27.844,0.0,20.685,1273,0.0,44.800000000000004,14.3,39,2796,0.0,-54.400000000000006,13.3,40,-27.384,-0.46,0,
B-C-low-3,3.23972,1790323580.6780,decel,23.3934,7.5596,0.374,0.2,2.6,-1,-27.844,0.0,20.685,1273,0.0,44.800000000000004,14.3,39,2796,0.0,-54.400000000000006,13.3,40,-27.384,-0.46,0,
B-C-low-3,3.24172,1790323580.6800,decel,23.3934,7.5596,0.374,0.2,2.6,-1,-27.844,0.0,20.685,1273,0.0,44.800000000000004,14.3,39,2796,0.0,-54.400000000000006,13.3,40,-27.384,-0.46,0,
B-C-low-3,3.24372,1790323580.6820,decel,23.3934,7.5596,0.374,0.2,2.6,-1,-27.844,0.0,20.685,1273,0.0,44.800000000000004,14.3,39,2796,0.0,-54.400000000000006,13.3,40,-27.384,-0.46,0,
B-C-low-3,3.24572,1790323580.6840,decel,23.3934,7.5596,0.374,0.2,2.6,-1,-27.844,0.0,20.685,1273,0.0,44.800000000000004,14.3,39,2796,0.0,-54.400000000000006,13.3,40,-27.384,-0.46,0,
B-C-low-3,3.24772,1790323580.6860,decel,23.3934,7.5596,0.374,0.2,2.6,-1,-27.805,0.3351,20.692,1274,0.0,45.6,14.3,39,2796,0.0,-54.400000000000006,13.3,40,-27.384,-0.422,0,
B-C-low-3,3.24972,1790323580.6880,decel,23.3934,7.5596,0.374,0.2,2.6,-1,-27.844,-0.3343,20.685,1273,0.0,44.800000000000004,14.3,39,2796,0.0,-54.400000000000006,13.3,40,-27.384,-0.46,0,
B-C-low-3,3.25172,1790323580.6900,decel,23.3934,7.5596,0.374,0.2,2.6,-1,-27.844,0.0,20.685,1273,0.0,44.800000000000004,14.3,39,2796,0.0,-54.400000000000006,13.3,40,-27.384,-0.46,0,
B-C-low-3,3.25372,1790323580.6920,decel,23.3934,7.5596,0.374,0.2,2.6,-1,-27.805,0.3348,20.692,1274,0.0,45.6,14.3,39,2796,0.0,-54.400000000000006,13.3,40,-27.384,-0.422,0,
B-C-low-3,3.25572,1790323580.6940,decel,23.3934,7.5596,0.374,0.2,2.6,-1,-27.844,-0.3348,20.685,1273,0.0,44.800000000000004,14.3,39,2796,0.0,-54.400000000000006,13.3,40,-27.384,-0.46,0,
B-C-low-3,3.25772,1790323580.6960,decel,23.3934,7.5596,0.374,0.2,2.6,-1,-27.805,0.3344,20.692,1274,0.0,45.6,14.3,39,2796,0.0,-54.400000000000006,13.3,40,-27.384,-0.422,0,
B-C-low-3,3.25972,1790323580.6980,decel,23.3934,7.5596,0.374,0.2,2.6,-1,-27.844,-0.3348,20.685,1273,0.0,44.800000000000004,14.3,39,2796,0.0,-54.400000000000006,13.3,40,-27.384,-0.46,0,
B-C-low-3,3.26172,1790323580.7000,decel,23.3934,7.5596,0.374,0.2,2.6,-1,-27.844,0.0,20.685,1273,0.0,44.800000000000004,14.3,39,2796,0.0,-54.400000000000006,13.3,40,-27.384,-0.46,0,
B-C-low-3,3.26372,1790323580.7020,decel,23.3934,7.5596,0.374,0.2,2.6,-1,-27.844,0.0,20.685,1273,0.0,44.800000000000004,14.3,39,2796,0.0,-54.400000000000006,13.3,40,-27.384,-0.46,0,
B-C-low-3,3.26572,1790323580.7040,decel,23.3934,7.5596,0.374,0.2,2.6,-1,-27.805,0.3346,20.692,1274,0.0,45.6,14.3,39,2796,0.0,-54.400000000000006,13.3,40,-27.384,-0.422,0,
B-C-low-3,3.26772,1790323580.7060,decel,23.3934,7.5596,0.374,0.2,2.6,-1,-27.844,-0.3347,20.685,1273,0.0,44.800000000000004,14.3,39,2796,0.0,-54.400000000000006,13.3,40,-27.384,-0.46,0,
B-C-low-3,3.26972,1790323580.7080,decel,23.3934,7.5596,0.374,0.2,2.6,-1,-27.844,0.0,20.685,1273,0.0,44.800000000000004,14.3,39,2796,0.0,-54.400000000000006,13.3,40,-27.384,-0.46,0,
B-C-low-3,3.27172,1790323580.7100,decel,23.3934,7.5596,0.374,0.2,2.6,-1,-27.805,0.3346,20.692,1274,0.0,45.6,14.3,39,2796,0.0,-54.400000000000006,13.3,40,-27.384,-0.422,0,
B-C-low-3,3.27372,1790323580.7120,decel,23.3934,7.5596,0.374,0.2,2.6,-1,-27.844,-0.3346,20.685,1273,0.0,44.800000000000004,14.3,39,2796,0.0,-54.400000000000006,13.3,40,-27.384,-0.46,0,
B-C-low-3,3.27572,1790323580.7140,decel,23.3934,7.5596,0.374,0.2,2.6,-1,-27.844,0.0,20.685,1273,0.0,44.800000000000004,14.3,39,2796,0.0,-54.400000000000006,13.3,40,-27.384,-0.46,0,
B-C-low-3,3.27772,1790323580.7160,decel,23.3934,7.5596,0.374,0.2,2.6,-1,-27.805,0.3347,20.692,1274,0.0,45.6,14.3,39,2796,0.0,-54.400000000000006,13.3,40,-27.384,-0.422,0,
B-C-low-3,3.27972,1790323580.7180,decel,23.3934,7.5596,0.374,0.2,2.6,-1,-27.805,0.0,20.692,1274,0.0,45.6,14.3,39,2796,0.0,-54.400000000000006,13.3,40,-27.384,-0.422,0,
B-C-low-3,3.28172,1790323580.7200,decel,23.3934,7.5596,0.374,0.2,2.6,-1,-27.844,-0.3347,20.685,1273,0.0,44.800000000000004,14.4,39,2796,0.0,-54.400000000000006,13.4,40,-27.384,-0.46,0,
B-C-low-3,3.28372,1790323580.7220,decel,23.3934,7.5596,0.374,0.2,2.6,-1,-27.844,0.0,20.685,1273,0.0,44.800000000000004,14.4,39,2796,0.0,-54.400000000000006,13.4,40,-27.384,-0.46,0,
B-C-low-3,3.28572,1790323580.7240,decel,23.3934,7.5596,0.374,0.2,2.6,-1,-27.805,0.3347,20.692,1274,0.0,45.6,14.4,39,2796,0.0,-54.400000000000006,13.4,40,-27.384,-0.422,0,
B-C-low-3,3.28772,1790323580.7260,decel,23.3934,7.5596,0.374,0.2,2.6,-1,-27.844,-0.3348,20.685,1273,0.0,44.800000000000004,14.4,39,2796,0.0,-54.400000000000006,13.4,40,-27.384,-0.46,0,
B-C-low-3,3.28972,1790323580.7280,decel,23.3934,7.5596,0.374,0.2,2.6,-1,-27.805,0.3347,20.692,1274,0.0,45.6,14.4,39,2796,0.0,-54.400000000000006,13.4,40,-27.384,-0.422,0,
B-C-low-3,3.29172,1790323580.7300,decel,23.3934,7.5596,0.374,0.2,2.6,-1,-27.805,0.0,20.692,1274,0.0,45.6,14.4,39,2796,0.0,-54.400000000000006,13.4,40,-27.384,-0.422,0,
B-C-low-3,3.29372,1790323580.7320,decel,23.3934,7.5596,0.374,0.2,2.6,-1,-27.805,0.0,20.692,1274,0.0,44.800000000000004,14.4,39,2796,0.0,-54.400000000000006,13.4,40,-27.384,-0.422,0,
B-C-low-3,3.29572,1790323580.7340,decel,23.3934,7.5596,0.374,0.2,2.6,-1,-27.805,0.0,20.692,1274,0.0,44.800000000000004,14.4,39,2796,0.0,-54.400000000000006,13.4,40,-27.384,-0.422,0,
B-C-low-3,3.29772,1790323580.7360,decel,23.3934,7.5596,0.374,0.2,2.6,-1,-27.844,-0.3346,20.685,1273,0.0,44.800000000000004,14.4,39,2795,0.0,-55.2,13.4,40,-27.345,-0.499,0,
B-C-low-3,3.29972,1790323580.7380,decel,23.3934,7.5596,0.374,0.2,2.6,-1,-27.844,0.0,20.685,1273,0.0,44.800000000000004,14.4,39,2796,0.0,-54.400000000000006,13.4,40,-27.384,-0.46,0,
B-C-low-3,3.30172,1790323580.7400,decel,23.3934,7.5596,0.374,0.2,2.6,-1,-27.805,0.3346,20.692,1274,0.0,45.6,14.4,39,2796,0.0,-54.400000000000006,13.4,40,-27.384,-0.422,0,
B-C-low-3,3.30372,1790323580.7420,decel,23.3934,7.5596,0.374,0.2,2.6,-1,-27.805,0.0,20.692,1274,0.0,45.6,14.4,39,2796,0.0,-54.400000000000006,13.4,40,-27.384,-0.422,0,
B-C-low-3,3.30572,1790323580.7440,decel,23.3934,7.5596,0.374,0.2,2.6,-1,-27.805,0.0,20.692,1274,0.0,45.6,14.4,39,2796,0.0,-54.400000000000006,13.4,40,-27.384,-0.422,0,
B-C-low-3,3.30772,1790323580.7460,decel,23.3934,7.5596,0.374,0.2,2.6,-1,-27.844,-0.3346,20.685,1273,0.0,44.800000000000004,14.4,39,2796,0.0,-54.400000000000006,13.4,40,-27.384,-0.46,0,
B-C-low-3,3.30972,1790323580.7480,decel,23.3934,7.5596,0.374,0.2,2.6,-1,-27.805,0.3348,20.692,1274,0.0,45.6,14.4,39,2796,0.0,-54.400000000000006,13.4,40,-27.384,-0.422,0,
B-C-low-3,3.31172,1790323580.7500,decel,23.3934,7.5596,0.374,0.2,2.6,-1,-27.844,-0.3347,20.685,1273,0.0,44.800000000000004,14.4,39,2796,0.0,-54.400000000000006,13.4,40,-27.384,-0.46,0,
B-C-low-3,3.31372,1790323580.7520,decel,23.3934,7.5596,0.374,0.2,2.6,-1,-27.805,0.3347,20.692,1274,0.0,45.6,14.4,39,2795,0.0,-55.2,13.4,40,-27.345,-0.46,0,
B-C-low-3,3.31572,1790323580.7540,decel,23.3934,7.5596,0.374,0.2,2.6,-1,-27.844,-0.3355,20.685,1273,0.0,44.800000000000004,14.4,39,2796,0.0,-54.400000000000006,13.4,40,-27.384,-0.46,0,
B-C-low-3,3.31772,1790323580.7560,decel,23.3934,7.5596,0.374,0.2,2.6,-1,-27.805,0.3341,20.692,1274,0.0,45.6,14.4,39,2796,0.0,-54.400000000000006,13.4,40,-27.384,-0.422,0,
B-C-low-3,3.31972,1790323580.7580,decel,23.3934,7.5596,0.374,0.2,2.6,-1,-27.844,-0.3344,20.685,1273,0.0,44.800000000000004,14.4,39,2796,0.0,-54.400000000000006,13.4,40,-27.384,-0.46,0,
B-C-low-3,3.32172,1790323580.7600,decel,23.3934,7.5596,0.374,0.2,2.6,-1,-27.805,0.3347,20.692,1274,0.0,45.6,14.4,39,2796,0.0,-54.400000000000006,13.4,40,-27.384,-0.422,0,
B-C-low-3,3.32372,1790323580.7620,decel,23.3934,7.5596,0.374,0.2,2.6,-1,-27.844,-0.3345,20.685,1273,0.0,44.800000000000004,14.4,39,2796,0.0,-54.400000000000006,13.4,40,-27.384,-0.46,0,
B-C-low-3,3.32572,1790323580.7640,decel,23.3934,7.5596,0.374,0.2,2.6,-1,-27.805,0.3349,20.692,1274,0.0,45.6,14.4,39,2796,0.0,-54.400000000000006,13.4,40,-27.384,-0.422,0,
B-C-low-3,3.32772,1790323580.7660,decel,23.3934,7.5596,0.374,0.2,2.6,-1,-27.805,0.0,20.692,1274,0.0,45.6,14.4,39,2796,0.0,-54.400000000000006,13.4,40,-27.384,-0.422,0,
B-C-low-3,3.32972,1790323580.7680,decel,23.3934,7.5596,0.374,0.2,2.6,-1,-27.844,-0.3348,20.685,1273,0.0,44.800000000000004,14.4,39,2796,0.0,-54.400000000000006,13.4,40,-27.384,-0.46,0,
B-C-low-3,3.33172,1790323580.7700,decel,23.3934,7.5596,0.374,0.2,2.6,-1,-27.805,0.3346,20.692,1274,0.0,45.6,14.4,39,2796,0.0,-54.400000000000006,13.4,40,-27.384,-0.422,0,
B-C-low-3,3.33372,1790323580.7720,decel,23.3934,7.5596,0.374,0.2,2.6,-1,-27.805,0.0,20.692,1274,0.0,45.6,14.4,39,2796,0.0,-54.400000000000006,13.4,40,-27.384,-0.422,0,
B-C-low-3,3.33572,1790323580.7740,decel,23.3934,7.5596,0.374,0.2,2.6,-1,-27.805,0.0,20.692,1274,0.0,45.6,14.4,39,2796,0.0,-54.400000000000006,13.4,40,-27.384,-0.422,0,
B-C-low-3,3.33772,1790323580.7760,decel,23.3934,7.5596,0.374,0.2,2.6,-1,-27.805,0.0,20.692,1274,0.0,45.6,14.4,39,2796,0.0,-54.400000000000006,13.4,40,-27.384,-0.422,0,
B-C-low-3,3.33972,1790323580.7780,decel,23.3934,7.5596,0.374,0.2,2.6,-1,-27.805,0.0,20.692,1274,0.0,45.6,14.4,39,2796,0.0,-54.400000000000006,13.4,40,-27.384,-0.422,0,
B-C-low-3,3.34172,1790323580.7800,decel,23.3934,7.5596,0.374,0.2,2.6,-1,-27.805,0.0,20.692,1274,0.0,45.6,14.4,39,2796,0.0,-54.400000000000006,13.4,40,-27.384,-0.422,0,
B-C-low-3,3.34372,1790323580.7820,decel,23.3934,7.5596,0.374,0.2,2.6,-1,-27.844,-0.3347,20.685,1273,0.0,44.800000000000004,14.4,39,2796,0.0,-54.400000000000006,13.4,40,-27.384,-0.46,0,
B-C-low-3,3.34573,1790323580.7840,decel,23.3934,7.5596,0.374,0.2,2.6,-1,-27.844,0.0,20.685,1273,0.0,44.800000000000004,14.4,39,2796,0.0,-54.400000000000006,13.4,40,-27.384,-0.46,0,
B-C-low-3,3.34772,1790323580.7860,decel,23.3934,7.5596,0.374,0.2,2.6,-1,-27.805,0.335,20.692,1274,0.0,45.6,14.4,39,2796,0.0,-54.400000000000006,13.4,40,-27.384,-0.422,0,
B-C-low-3,3.34972,1790323580.7880,decel,23.3934,7.5596,0.374,0.2,2.6,-1,-27.805,0.0,20.692,1274,0.0,45.6,14.4,39,2796,0.0,-54.400000000000006,13.4,40,-27.384,-0.422,0,
B-C-low-3,3.35173,1790323580.7900,decel,23.3934,7.5596,0.374,0.2,2.6,-1,-27.805,0.0,20.692,1274,0.0,45.6,14.4,39,2796,0.0,-54.400000000000006,13.4,40,-27.384,-0.422,0,
B-C-low-3,3.35373,1790323580.7920,decel,23.3934,7.5596,0.374,0.2,2.6,-1,-27.844,-0.3347,20.685,1273,0.0,44.800000000000004,14.4,39,2796,0.0,-54.400000000000006,13.4,40,-27.384,-0.46,0,
B-C-low-3,3.3557,1790323580.7940,decel,23.3934,7.5596,0.374,0.2,2.6,-1,-27.805,0.3382,20.692,1274,0.0,45.6,14.4,39,2796,0.0,-54.400000000000006,13.4,40,-27.384,-0.422,0,
B-C-low-3,3.3577,1790323580.7960,decel,23.3934,7.5596,0.374,0.2,2.6,-1,-27.805,0.0,20.692,1274,0.0,45.6,14.4,39,2796,0.0,-54.400000000000006,13.4,40,-27.384,-0.422,0,
B-C-low-3,3.3597,1790323580.7980,decel,23.3934,7.5596,0.374,0.2,2.6,-1,-27.844,-0.3347,20.685,1273,0.0,44.800000000000004,14.4,39,2796,0.0,-54.400000000000006,13.4,40,-27.384,-0.46,0,
B-C-low-3,3.36171,1790323580.8000,decel,23.3934,7.5596,0.374,0.2,2.6,-1,-27.844,0.0,20.685,1273,0.0,44.800000000000004,14.4,39,2796,0.0,-54.400000000000006,13.4,40,-27.384,-0.46,0,
B-C-low-3,3.36371,1790323580.8020,decel,23.3934,7.5596,0.374,0.2,2.6,-1,-27.844,0.0,20.685,1273,0.0,44.800000000000004,14.4,39,2796,0.0,-54.400000000000006,13.4,40,-27.384,-0.46,0,
B-C-low-3,3.3657,1790323580.8040,decel,23.3934,7.5596,0.374,0.2,2.6,-1,-27.844,0.0,20.685,1273,0.0,44.800000000000004,14.4,39,2796,0.0,-54.400000000000006,13.4,40,-27.384,-0.46,0,
B-C-low-3,3.36771,1790323580.8060,decel,23.3934,7.5596,0.374,0.2,2.6,-1,-27.805,0.3345,20.692,1274,0.0,45.6,14.4,39,2796,0.0,-54.400000000000006,13.4,40,-27.384,-0.422,0,
B-C-low-3,3.3697,1790323580.8080,decel,23.3934,7.5596,0.374,0.2,2.6,-1,-27.844,-0.3349,20.685,1273,0.0,44.800000000000004,14.4,39,2796,0.0,-54.400000000000006,13.4,40,-27.384,-0.46,0,
B-C-low-3,3.3717,1790323580.8100,decel,23.3934,7.5596,0.374,0.2,2.6,-1,-27.844,0.0,20.685,1273,0.0,44.800000000000004,14.4,39,2796,0.0,-54.400000000000006,13.4,40,-27.384,-0.46,0,
B-C-low-3,3.3737,1790323580.8120,decel,23.3934,7.5596,0.374,0.2,2.6,-1,-27.844,0.0,20.685,1273,0.0,44.800000000000004,14.4,39,2796,0.0,-54.400000000000006,13.4,40,-27.384,-0.46,0,
B-C-low-3,3.3757,1790323580.8140,decel,23.3934,7.5596,0.374,0.2,2.6,-1,-27.844,0.0,20.685,1273,0.0,44.800000000000004,14.4,39,2796,0.0,-54.400000000000006,13.4,40,-27.384,-0.46,0,
B-C-low-3,3.3777,1790323580.8160,decel,23.3934,7.5596,0.374,0.2,2.6,-1,-27.805,0.3347,20.692,1274,0.0,45.6,14.4,39,2796,0.0,-54.400000000000006,13.4,40,-27.384,-0.422,0,
B-C-low-3,3.3797,1790323580.8180,decel,23.3934,7.5596,0.374,0.2,2.6,-1,-27.844,-0.3346,20.685,1273,0.0,44.800000000000004,14.4,39,2796,0.0,-54.400000000000006,13.4,40,-27.384,-0.46,0,
B-C-low-3,3.3817,1790323580.8200,decel,23.3934,7.5596,0.374,0.2,2.6,-1,-27.805,0.3347,20.692,1274,0.0,45.6,14.4,39,2796,0.0,-54.400000000000006,13.4,40,-27.384,-0.422,0,
B-C-low-3,3.3837,1790323580.8220,decel,23.3934,7.5596,0.374,0.2,2.6,-1,-27.844,-0.3347,20.685,1273,0.0,44.800000000000004,14.4,39,2796,0.0,-54.400000000000006,13.4,40,-27.384,-0.46,0,
B-C-low-3,3.3857,1790323580.8240,decel,23.3934,7.5596,0.374,0.2,2.6,-1,-27.805,0.3347,20.692,1274,0.0,45.6,14.4,39,2796,0.0,-54.400000000000006,13.4,40,-27.384,-0.422,0,
B-C-low-3,3.38771,1790323580.8260,decel,23.3934,7.5596,0.374,0.2,2.6,-1,-27.844,-0.3346,20.685,1273,0.0,44.800000000000004,14.4,39,2796,0.0,-54.400000000000006,13.4,40,-27.384,-0.46,0,
B-C-low-3,3.38971,1790323580.8280,decel,23.3934,7.5596,0.374,0.2,2.6,-1,-27.805,0.3345,20.692,1274,0.0,45.6,14.4,39,2796,0.0,-54.400000000000006,13.4,40,-27.384,-0.422,0,
B-C-low-3,3.3917,1790323580.8300,decel,23.3934,7.5596,0.374,0.2,2.6,-1,-27.805,0.0,20.692,1274,0.0,45.6,14.4,39,2796,0.0,-54.400000000000006,13.4,40,-27.384,-0.422,0,
B-C-low-3,3.3937,1790323580.8320,decel,23.3934,7.5596,0.374,0.2,2.6,-1,-27.844,-0.3346,20.685,1273,0.0,44.800000000000004,14.4,39,2796,0.0,-54.400000000000006,13.4,40,-27.384,-0.46,0,
B-C-low-3,3.39571,1790323580.8340,decel,23.3934,7.5596,0.374,0.2,2.6,-1,-27.844,0.0,20.685,1273,0.0,44.800000000000004,14.4,39,2796,0.0,-54.400000000000006,13.4,40,-27.384,-0.46,0,
B-C-low-3,3.39771,1790323580.8360,decel,23.3934,7.5596,0.374,0.2,2.6,-1,-27.844,0.0,20.685,1273,0.0,44.800000000000004,14.6,39,2796,0.0,-54.400000000000006,15.3,40,-27.384,-0.46,0,
B-C-low-3,3.39971,1790323580.8380,decel,23.3934,7.5596,0.374,0.2,2.6,-1,-27.844,0.0,20.685,1273,0.0,44.800000000000004,14.6,39,2796,0.0,-54.400000000000006,15.3,40,-27.384,-0.46,0,
B-C-low-3,3.40171,1790323580.8400,decel,23.3934,7.5596,0.374,0.2,2.6,-1,-27.844,0.0,20.685,1273,0.0,44.800000000000004,14.6,39,2796,0.0,-54.400000000000006,15.3,40,-27.384,-0.46,0,
B-C-low-3,3.40371,1790323580.8420,decel,23.3934,7.5596,0.374,0.2,2.6,-1,-27.844,0.0,20.685,1273,0.0,44.800000000000004,14.6,39,2796,0.0,-54.400000000000006,15.3,40,-27.384,-0.46,0,
B-C-low-3,3.40571,1790323580.8440,decel,23.3934,7.5596,0.374,0.2,2.6,-1,-27.844,0.0,20.685,1273,0.0,44.800000000000004,14.6,39,2796,0.0,-54.400000000000006,15.3,40,-27.384,-0.46,0,
B-C-low-3,3.40771,1790323580.8460,decel,23.3934,7.5596,0.374,0.2,2.6,-1,-27.844,0.0,20.685,1273,0.0,44.800000000000004,14.6,39,2796,0.0,-54.400000000000006,15.3,40,-27.384,-0.46,0,
B-C-low-3,3.40971,1790323580.8480,decel,23.3934,7.5596,0.374,0.2,2.6,-1,-27.844,0.0,20.685,1273,0.0,44.800000000000004,14.6,39,2796,0.0,-54.400000000000006,15.3,40,-27.384,-0.46,0,
B-C-low-3,3.41172,1790323580.8500,decel,23.3934,7.5596,0.374,0.2,2.6,-1,-27.844,0.0,20.685,1273,0.0,44.800000000000004,14.6,39,2796,0.0,-54.400000000000006,15.3,40,-27.384,-0.46,0,
B-C-low-3,3.4137,1790323580.8520,decel,23.3934,7.5596,0.374,0.2,2.6,-1,-27.844,0.0,20.685,1273,0.0,44.800000000000004,14.6,39,2796,0.0,-54.400000000000006,15.3,40,-27.384,-0.46,0,
B-C-low-3,3.4157,1790323580.8540,decel,23.3934,7.5596,0.374,0.2,2.6,-1,-27.844,0.0,20.685,1273,0.0,44.800000000000004,14.6,39,2796,0.0,-54.400000000000006,15.3,40,-27.384,-0.46,0,
B-C-low-3,3.4177,1790323580.8560,decel,23.3934,7.5596,0.374,0.2,2.6,-1,-27.844,0.0,20.685,1273,0.0,44.800000000000004,14.6,39,2796,0.0,-54.400000000000006,15.3,40,-27.384,-0.46,0,
B-C-low-3,3.4197,1790323580.8580,decel,23.3934,7.5596,0.374,0.2,2.6,-1,-27.844,0.0,20.685,1273,0.0,44.800000000000004,14.6,39,2796,0.0,-54.400000000000006,15.3,40,-27.384,-0.46,0,
B-C-low-3,3.42171,1790323580.8600,decel,23.3934,7.5596,0.374,0.2,2.6,-1,-27.844,0.0,20.685,1273,0.0,44.800000000000004,14.6,39,2796,0.0,-54.400000000000006,15.3,40,-27.384,-0.46,0,
B-C-low-3,3.42371,1790323580.8620,decel,23.3934,7.5596,0.374,0.2,2.6,-1,-27.844,0.0,20.685,1273,0.0,44.800000000000004,14.6,39,2796,0.0,-54.400000000000006,15.3,40,-27.384,-0.46,0,
B-C-low-3,3.42571,1790323580.8640,decel,23.3934,7.5596,0.374,0.2,2.6,-1,-27.844,0.0,20.685,1273,0.0,44.800000000000004,14.6,39,2796,0.0,-54.400000000000006,15.3,40,-27.384,-0.46,0,
B-C-low-3,3.42771,1790323580.8660,decel,23.3934,7.5596,0.374,0.2,2.6,-1,-27.844,0.0,20.685,1273,0.0,44.800000000000004,14.6,39,2796,0.0,-54.400000000000006,15.3,40,-27.384,-0.46,0,
B-C-low-3,3.42971,1790323580.8680,decel,23.3934,7.5596,0.374,0.2,2.6,-1,-27.844,0.0,20.685,1273,0.0,44.800000000000004,14.6,39,2796,0.0,-54.400000000000006,15.3,40,-27.384,-0.46,0,
B-C-low-3,3.43171,1790323580.8700,decel,23.3934,7.5596,0.374,0.2,2.6,-1,-27.844,0.0,20.685,1273,0.0,44.800000000000004,14.6,39,2796,0.0,-54.400000000000006,15.3,40,-27.384,-0.46,0,
B-C-low-3,3.4337,1790323580.8720,decel,23.3934,7.5596,0.374,0.2,2.6,-1,-27.844,0.0,20.685,1273,0.0,44.800000000000004,14.6,39,2796,0.0,-54.400000000000006,15.3,40,-27.384,-0.46,0,
B-C-low-3,3.4357,1790323580.8740,decel,23.3934,7.5596,0.374,0.2,2.6,-1,-27.844,0.0,20.685,1273,0.0,44.800000000000004,14.6,39,2796,0.0,-54.400000000000006,15.3,40,-27.384,-0.46,0,
B-C-low-3,3.43772,1790323580.8760,decel,23.3934,7.5596,0.374,0.2,2.6,-1,-27.844,0.0,20.685,1273,0.0,44.800000000000004,14.6,39,2796,0.0,-54.400000000000006,15.3,40,-27.384,-0.46,0,
B-C-low-3,3.43971,1790323580.8780,decel,23.3934,7.5596,0.374,0.2,2.6,-1,-27.844,0.0,20.685,1273,0.0,44.800000000000004,14.6,39,2796,0.0,-54.400000000000006,15.3,40,-27.384,-0.46,0,
B-C-low-3,3.44171,1790323580.8800,decel,23.3934,7.5596,0.374,0.2,2.6,-1,-27.844,0.0,20.685,1273,0.0,44.800000000000004,14.6,39,2796,0.0,-54.400000000000006,15.3,40,-27.384,-0.46,0,
B-C-low-3,3.44371,1790323580.8820,decel,23.3934,7.5596,0.374,0.2,2.6,-1,-27.844,0.0,20.685,1273,0.0,44.800000000000004,14.6,39,2796,0.0,-54.400000000000006,15.3,40,-27.384,-0.46,0,
B-C-low-3,3.4457,1790323580.8840,decel,23.3934,7.5596,0.374,0.2,2.6,-1,-27.844,0.0,20.685,1273,0.0,44.800000000000004,14.6,39,2796,0.0,-54.400000000000006,15.3,40,-27.384,-0.46,0,
B-C-low-3,3.4477,1790323580.8860,decel,23.3934,7.5596,0.374,0.2,2.6,-1,-27.844,0.0,20.685,1273,0.0,44.800000000000004,14.6,39,2796,0.0,-54.400000000000006,15.3,40,-27.384,-0.46,0,
B-C-low-3,3.44971,1790323580.8880,decel,23.3934,7.5596,0.374,0.2,2.6,-1,-27.844,0.0,20.685,1273,0.0,44.800000000000004,14.6,39,2796,0.0,-54.400000000000006,15.3,40,-27.384,-0.46,0,
B-C-low-3,3.45171,1790323580.8900,decel,23.3934,7.5596,0.374,0.2,2.6,-1,-27.844,0.0,20.685,1273,0.0,44.800000000000004,14.6,39,2796,0.0,-54.400000000000006,15.3,40,-27.384,-0.46,0,
B-C-low-3,3.45371,1790323580.8920,decel,23.3934,7.5596,0.374,0.2,2.6,-1,-27.844,0.0,20.685,1273,0.0,44.800000000000004,14.6,39,2796,0.0,-54.400000000000006,15.3,40,-27.384,-0.46,0,
B-C-low-3,3.45571,1790323580.8940,decel,23.3934,7.5596,0.374,0.2,2.6,-1,-27.805,0.3345,20.692,1274,0.0,45.6,14.6,39,2796,0.0,-54.400000000000006,15.3,40,-27.384,-0.422,0,
B-C-low-3,3.45771,1790323580.8960,decel,23.3934,7.5596,0.374,0.2,2.6,-1,-27.844,-0.3349,20.685,1273,0.0,44.800000000000004,14.6,39,2796,0.0,-54.400000000000006,15.3,40,-27.384,-0.46,0,
B-C-low-3,3.45971,1790323580.8980,decel,23.3934,7.5596,0.374,0.2,2.6,-1,-27.844,0.0,20.685,1273,0.0,44.800000000000004,14.6,39,2796,0.0,-54.400000000000006,15.3,40,-27.384,-0.46,0,
B-C-low-3,3.46171,1790323580.9000,decel,23.3934,7.5596,0.374,0.2,2.6,-1,-27.844,0.0,20.685,1273,0.0,44.800000000000004,14.6,39,2796,0.0,-54.400000000000006,15.3,40,-27.384,-0.46,0,
B-C-low-3,3.46371,1790323580.9020,decel,23.3934,7.5596,0.374,0.2,2.6,-1,-27.844,0.0,20.685,1273,0.0,44.800000000000004,14.6,39,2796,0.0,-54.400000000000006,15.3,40,-27.384,-0.46,0,
B-C-low-3,3.46571,1790323580.9040,decel,23.3934,7.5596,0.374,0.2,2.6,-1,-27.805,0.3346,20.692,1274,0.0,45.6,14.6,39,2796,0.0,-54.400000000000006,15.3,40,-27.384,-0.422,0,
B-C-low-3,3.4677,1790323580.9060,decel,23.3934,7.5596,0.374,0.2,2.6,-1,-27.844,-0.3355,20.685,1273,0.0,44.800000000000004,14.6,39,2796,0.0,-54.400000000000006,15.3,40,-27.384,-0.46,0,
B-C-low-3,3.4697,1790323580.9080,decel,23.3934,7.5596,0.374,0.2,2.6,-1,-27.844,0.0,20.685,1273,0.0,44.800000000000004,14.6,39,2796,0.0,-54.400000000000006,15.3,40,-27.384,-0.46,0,
B-C-low-3,3.47171,1790323580.9100,decel,23.3934,7.5596,0.374,0.2,2.6,-1,-27.844,0.0,20.685,1273,0.0,44.800000000000004,14.6,39,2796,0.0,-54.400000000000006,15.3,40,-27.384,-0.46,0,
B-C-low-3,3.47371,1790323580.9120,decel,23.3934,7.5596,0.374,0.2,2.6,-1,-27.844,0.0,20.685,1273,0.0,44.800000000000004,14.6,39,2796,0.0,-54.400000000000006,15.3,40,-27.384,-0.46,0,
B-C-low-3,3.47571,1790323580.9140,decel,23.3934,7.5596,0.374,0.2,2.6,-1,-27.844,0.0,20.685,1273,0.0,44.800000000000004,14.6,39,2796,0.0,-54.400000000000006,15.3,40,-27.384,-0.46,0,
B-C-low-3,3.47771,1790323580.9160,decel,23.3934,7.5596,0.374,0.2,2.6,-1,-27.844,0.0,20.685,1273,0.0,44.800000000000004,14.6,39,2796,0.0,-54.400000000000006,15.3,40,-27.384,-0.46,0,
B-C-low-3,3.4797,1790323580.9180,decel,23.3934,7.5596,0.374,0.2,2.6,-1,-27.805,0.3356,20.692,1274,0.0,45.6,14.6,39,2796,0.0,-54.400000000000006,15.3,40,-27.384,-0.422,0,
B-C-low-3,3.4817,1790323580.9200,decel,23.3934,7.5596,0.374,0.2,2.6,-1,-27.844,-0.3346,20.685,1273,0.0,44.800000000000004,14.6,39,2796,0.0,-54.400000000000006,15.3,40,-27.384,-0.46,0,
B-C-low-3,3.4837,1790323580.9220,decel,23.3934,7.5596,0.374,0.2,2.6,-1,-27.844,0.0,20.685,1273,0.0,44.800000000000004,14.6,39,2796,0.0,-54.400000000000006,15.3,40,-27.384,-0.46,0,
B-C-low-3,3.48571,1790323580.9240,decel,23.3934,7.5596,0.374,0.2,2.6,-1,-27.805,0.334,20.692,1274,0.0,45.6,14.6,39,2796,0.0,-54.400000000000006,15.3,40,-27.384,-0.422,0,
B-C-low-3,3.48771,1790323580.9260,decel,23.3934,7.5596,0.374,0.2,2.6,-1,-27.844,-0.3346,20.685,1273,0.0,44.800000000000004,14.6,39,2796,0.0,-54.400000000000006,15.3,40,-27.384,-0.46,0,
B-C-low-3,3.4897,1790323580.9280,decel,23.3934,7.5596,0.374,0.2,2.6,-1,-27.844,0.0,20.685,1273,0.0,44.800000000000004,14.6,39,2796,0.0,-54.400000000000006,15.3,40,-27.384,-0.46,0,
B-C-low-3,3.49171,1790323580.9300,decel,23.3934,7.5596,0.374,0.2,2.6,-1,-27.844,0.0,20.685,1273,0.0,44.800000000000004,14.6,39,2796,0.0,-54.400000000000006,15.3,40,-27.384,-0.46,0,
B-C-low-3,3.49371,1790323580.9320,decel,23.3934,7.5596,0.374,0.2,2.6,-1,-27.844,0.0,20.685,1273,0.0,44.800000000000004,14.6,39,2796,0.0,-54.400000000000006,15.3,40,-27.384,-0.46,0,
B-C-low-3,3.49571,1790323580.9340,decel,23.3934,7.5596,0.374,0.2,2.6,-1,-27.805,0.3344,20.692,1274,0.0,45.6,14.6,39,2796,0.0,-54.400000000000006,15.3,40,-27.384,-0.422,0,
B-C-low-3,3.4977,1790323580.9360,decel,23.3934,7.5596,0.374,0.2,2.6,-1,-27.805,0.0,20.692,1274,0.0,45.6,14.6,39,2796,0.0,-54.400000000000006,15.3,40,-27.384,-0.422,0,
B-C-low-3,3.49971,1790323580.9380,decel,23.3934,7.5596,0.374,0.2,2.6,-1,-27.844,-0.3342,20.685,1273,0.0,44.800000000000004,14.6,39,2796,0.0,-54.400000000000006,15.3,40,-27.384,-0.46,0,
B-C-low-3,3.50171,1790323580.9400,decel,23.3934,7.5596,0.374,0.2,2.6,-1,-27.844,0.0,20.685,1273,0.0,44.800000000000004,14.6,39,2796,0.0,-54.400000000000006,15.3,40,-27.384,-0.46,0,
B-C-low-3,3.50371,1790323580.9420,decel,23.3934,7.5596,0.374,0.2,2.6,-1,-27.844,0.0,20.685,1273,0.0,44.800000000000004,14.6,39,2796,0.0,-54.400000000000006,15.3,40,-27.384,-0.46,0,
B-C-low-3,3.50571,1790323580.9440,decel,23.3934,7.5596,0.374,0.2,2.6,-1,-27.805,0.3348,20.692,1274,0.0,45.6,14.6,39,2796,0.0,-54.400000000000006,15.3,40,-27.384,-0.422,0,
B-C-low-3,3.50771,1790323580.9460,decel,23.3934,7.5596,0.374,0.2,2.6,-1,-27.805,0.0,20.692,1274,0.0,45.6,14.6,39,2796,0.0,-54.400000000000006,15.3,40,-27.384,-0.422,0,
B-C-low-3,3.50971,1790323580.9480,decel,23.3934,7.5596,0.374,0.2,2.6,-1,-27.844,-0.3348,20.685,1273,0.0,44.800000000000004,14.6,39,2796,0.0,-54.400000000000006,15.3,40,-27.384,-0.46,0,
B-C-low-3,3.5117,1790323580.9500,decel,23.3934,7.5596,0.374,0.2,2.6,-1,-27.844,0.0,20.685,1273,0.0,44.800000000000004,14.6,39,2796,0.0,-54.400000000000006,15.3,40,-27.384,-0.46,0,
B-C-low-3,3.51371,1790323580.9520,decel,23.3934,7.5596,0.374,0.2,2.6,-1,-27.844,0.0,20.685,1273,0.0,44.800000000000004,14.6,39,2796,0.0,-54.400000000000006,15.3,40,-27.384,-0.46,0,
B-C-low-3,3.51571,1790323580.9540,decel,23.3934,7.5596,0.374,0.2,2.6,-1,-27.844,0.0,20.685,1273,0.0,45.6,15.2,39,2795,0.0,-55.2,14.1,40,-27.345,-0.499,0,
B-C-low-3,3.51771,1790323580.9560,decel,23.3934,7.5596,0.374,0.2,2.6,-1,-27.805,0.3348,20.692,1274,0.0,45.6,15.2,39,2796,0.0,-54.400000000000006,14.1,40,-27.384,-0.422,0,
B-C-low-3,3.51971,1790323580.9580,decel,23.3934,7.5596,0.374,0.2,2.6,-1,-27.805,0.0,20.692,1274,0.0,44.800000000000004,15.2,39,2796,0.0,-54.400000000000006,14.1,40,-27.384,-0.422,0,
B-C-low-3,3.52171,1790323580.9600,decel,23.3934,7.5596,0.374,0.2,2.6,-1,-27.844,-0.334,20.685,1273,0.0,44.800000000000004,15.2,39,2796,0.0,-54.400000000000006,14.1,40,-27.384,-0.46,0,
B-C-low-3,3.52371,1790323580.9620,decel,23.3934,7.5596,0.374,0.2,2.6,-1,-27.805,0.3348,20.692,1274,0.0,45.6,15.2,39,2796,0.0,-54.400000000000006,14.1,40,-27.384,-0.422,0,
B-C-low-3,3.52571,1790323580.9640,decel,23.3934,7.5596,0.374,0.2,2.6,-1,-27.844,-0.3348,20.685,1273,0.0,44.800000000000004,15.2,39,2796,0.0,-54.400000000000006,14.1,40,-27.384,-0.46,0,
B-C-low-3,3.52771,1790323580.9660,decel,23.3934,7.5596,0.374,0.2,2.6,-1,-27.844,0.0,20.685,1273,0.0,44.800000000000004,15.2,39,2796,0.0,-54.400000000000006,14.1,40,-27.384,-0.46,0,
B-C-low-3,3.52971,1790323580.9680,decel,23.3934,7.5596,0.374,0.2,2.6,-1,-27.844,0.0,20.685,1273,0.0,44.800000000000004,15.2,39,2796,0.0,-54.400000000000006,14.1,40,-27.384,-0.46,0,
B-C-low-3,3.53171,1790323580.9700,decel,23.3934,7.5596,0.374,0.2,2.6,-1,-27.844,0.0,20.685,1273,0.0,44.800000000000004,15.2,39,2796,0.0,-54.400000000000006,14.1,40,-27.384,-0.46,0,
B-C-low-3,3.53371,1790323580.9720,decel,23.3934,7.5596,0.374,0.2,2.6,-1,-27.805,0.3356,20.692,1274,0.0,45.6,15.2,39,2796,0.0,-54.400000000000006,14.1,40,-27.384,-0.422,0,
B-C-low-3,3.53571,1790323580.9740,decel,23.3934,7.5596,0.374,0.2,2.6,-1,-27.805,0.0,20.692,1274,0.0,45.6,15.2,39,2796,0.0,-54.400000000000006,14.1,40,-27.384,-0.422,0,
B-C-low-3,3.53771,1790323580.9760,decel,23.3934,7.5596,0.374,0.2,2.6,-1,-27.805,0.0,20.692,1274,0.0,45.6,15.2,39,2796,0.0,-54.400000000000006,14.1,40,-27.384,-0.422,0,
B-C-low-3,3.53971,1790323580.9780,decel,23.3934,7.5596,0.374,0.2,2.6,-1,-27.844,-0.3346,20.685,1273,0.0,44.800000000000004,15.2,39,2796,0.0,-54.400000000000006,14.1,40,-27.384,-0.46,0,
B-C-low-3,3.54171,1790323580.9800,decel,23.3934,7.5596,0.374,0.2,2.6,-1,-27.844,0.0,20.685,1273,0.0,44.800000000000004,15.2,39,2796,0.0,-54.400000000000006,14.1,40,-27.384,-0.46,0,
B-C-low-3,3.54371,1790323580.9820,decel,23.3934,7.5596,0.374,0.2,2.6,-1,-27.805,0.3344,20.692,1274,0.0,45.6,15.2,39,2796,0.0,-54.400000000000006,14.1,40,-27.384,-0.422,0,
B-C-low-3,3.54571,1790323580.9840,decel,23.3934,7.5596,0.374,0.2,2.6,-1,-27.805,0.0,20.692,1274,0.0,45.6,15.2,39,2795,0.0,-55.2,14.1,40,-27.345,-0.46,0,
B-C-low-3,3.54771,1790323580.9860,decel,23.3934,7.5596,0.374,0.2,2.6,-1,-27.844,-0.3344,20.685,1273,0.0,44.800000000000004,15.2,39,2796,0.0,-54.400000000000006,14.1,40,-27.384,-0.46,0,
B-C-low-3,3.54971,1790323580.9880,decel,23.3934,7.5596,0.374,0.2,2.6,-1,-27.805,0.3347,20.692,1274,0.0,45.6,15.2,39,2796,0.0,-54.400000000000006,14.1,40,-27.384,-0.422,0,
B-C-low-3,3.55171,1790323580.9900,decel,23.3934,7.5596,0.374,0.2,2.6,-1,-27.805,0.0,20.692,1274,0.0,45.6,15.2,39,2796,0.0,-54.400000000000006,14.1,40,-27.384,-0.422,0,
B-C-low-3,3.55371,1790323580.9920,decel,23.3934,7.5596,0.374,0.2,2.6,-1,-27.844,-0.334,20.685,1273,0.0,44.800000000000004,15.2,39,2796,0.0,-54.400000000000006,14.1,40,-27.384,-0.46,0,
B-C-low-3,3.55571,1790323580.9940,decel,23.3934,7.5596,0.374,0.2,2.6,-1,-27.805,0.3345,20.692,1274,0.0,45.6,15.2,39,2796,0.0,-54.400000000000006,14.1,40,-27.384,-0.422,0,
B-C-low-3,3.55771,1790323580.9960,decel,23.3934,7.5596,0.374,0.2,2.6,-1,-27.805,0.0,20.692,1274,0.0,45.6,15.2,39,2796,0.0,-54.400000000000006,14.1,40,-27.384,-0.422,0,
B-C-low-3,3.55971,1790323580.9980,decel,23.3934,7.5596,0.374,0.2,2.6,-1,-27.805,0.0,20.692,1274,0.0,45.6,15.2,39,2795,0.0,-55.2,14.1,40,-27.345,-0.46,0,
B-C-low-3,3.56171,1790323581.0000,decel,23.3934,7.5596,0.374,0.2,2.6,-1,-27.805,0.0,20.692,1274,0.0,45.6,15.2,39,2796,0.0,-54.400000000000006,14.1,40,-27.384,-0.422,0,
B-C-low-3,3.56371,1790323581.0020,decel,23.3934,7.5596,0.374,0.2,2.6,-1,-27.844,-0.3344,20.685,1273,0.0,44.800000000000004,15.2,39,2796,0.0,-54.400000000000006,14.1,40,-27.384,-0.46,0,
B-C-low-3,3.56571,1790323581.0040,decel,23.3934,7.5596,0.374,0.2,2.6,-1,-27.844,0.0,20.685,1273,0.0,44.800000000000004,15.2,39,2796,0.0,-54.400000000000006,14.1,40,-27.384,-0.46,0,
B-C-low-3,3.56771,1790323581.0060,decel,23.3934,7.5596,0.374,0.2,2.6,-1,-27.844,0.0,20.685,1273,0.0,44.800000000000004,15.2,39,2796,0.0,-54.400000000000006,14.1,40,-27.384,-0.46,0,
B-C-low-3,3.56971,1790323581.0080,decel,23.3934,7.5596,0.374,0.2,2.6,-1,-27.844,0.0,20.685,1273,0.0,44.800000000000004,15.2,39,2796,0.0,-54.400000000000006,14.1,40,-27.384,-0.46,0,
B-C-low-3,3.57171,1790323581.0100,decel,23.3934,7.5596,0.374,0.2,2.6,-1,-27.844,0.0,20.685,1273,0.0,44.800000000000004,15.2,39,2796,0.0,-54.400000000000006,14.1,40,-27.384,-0.46,0,
B-C-low-3,3.57371,1790323581.0120,decel,23.3934,7.5596,0.374,0.2,2.6,-1,-27.805,0.3356,20.692,1274,0.0,45.6,15.2,39,2796,0.0,-54.400000000000006,14.1,40,-27.384,-0.422,0,
B-C-low-3,3.57572,1790323581.0140,decel,23.3934,7.5596,0.374,0.2,2.6,-1,-27.805,0.0,20.692,1274,0.0,45.6,15.2,39,2796,0.0,-54.400000000000006,14.1,40,-27.384,-0.422,0,
B-C-low-3,3.57771,1790323581.0160,decel,23.3934,7.5596,0.374,0.2,2.6,-1,-27.844,-0.3362,20.685,1273,0.0,44.800000000000004,15.2,39,2796,0.0,-54.400000000000006,14.1,40,-27.384,-0.46,0,
B-C-low-3,3.57971,1790323581.0180,decel,23.3934,7.5596,0.374,0.2,2.6,-1,-27.805,0.3346,20.692,1274,0.0,45.6,15.2,39,2796,0.0,-54.400000000000006,14.1,40,-27.384,-0.422,0,
B-C-low-3,3.58171,1790323581.0200,decel,23.3934,7.5596,0.374,0.2,2.6,-1,-27.844,-0.3347,20.685,1273,0.0,44.800000000000004,15.2,39,2796,0.0,-54.400000000000006,14.1,40,-27.384,-0.46,0,
B-C-low-3,3.58371,1790323581.0220,decel,23.3934,7.5596,0.374,0.2,2.6,-1,-27.805,0.3346,20.692,1274,0.0,45.6,15.2,39,2796,0.0,-54.400000000000006,14.1,40,-27.384,-0.422,0,
B-C-low-3,3.58571,1790323581.0240,decel,23.3934,7.5596,0.374,0.2,2.6,-1,-27.805,0.0,20.692,1274,0.0,45.6,15.2,39,2796,0.0,-54.400000000000006,14.1,40,-27.384,-0.422,0,
B-C-low-3,3.58771,1790323581.0260,decel,23.3934,7.5596,0.374,0.2,2.6,-1,-27.844,-0.3345,20.685,1273,0.0,44.800000000000004,15.2,39,2796,0.0,-54.400000000000006,14.1,40,-27.384,-0.46,0,
B-C-low-3,3.58971,1790323581.0280,decel,23.3934,7.5596,0.374,0.2,2.6,-1,-27.844,0.0,20.685,1273,0.0,44.800000000000004,15.2,39,2796,0.0,-54.400000000000006,14.1,40,-27.384,-0.46,0,
B-C-low-3,3.59171,1790323581.0300,decel,23.3934,7.5596,0.374,0.2,2.6,-1,-27.844,0.0,20.685,1273,0.0,44.800000000000004,15.2,39,2796,0.0,-54.400000000000006,14.1,40,-27.384,-0.46,0,
B-C-low-3,3.59371,1790323581.0320,decel,23.3934,7.5596,0.374,0.2,2.6,-1,-27.805,0.3346,20.692,1274,0.0,45.6,15.2,39,2796,0.0,-54.400000000000006,14.1,40,-27.384,-0.422,0,
B-C-low-3,3.59571,1790323581.0340,decel,23.3934,7.5596,0.374,0.2,2.6,-1,-27.844,-0.334,20.685,1273,0.0,44.800000000000004,15.2,39,2796,0.0,-54.400000000000006,14.1,40,-27.384,-0.46,0,
B-C-low-3,3.59771,1790323581.0360,decel,23.3934,7.5596,0.374,0.2,2.6,-1,-27.844,0.0,20.685,1273,0.0,44.800000000000004,15.2,39,2796,0.0,-54.400000000000006,14.1,40,-27.384,-0.46,0,
B-C-low-3,3.59971,1790323581.0380,decel,23.3934,7.5596,0.374,0.2,2.6,-1,-27.844,0.0,20.685,1273,0.0,44.800000000000004,15.2,39,2796,0.0,-54.400000000000006,14.1,40,-27.384,-0.46,0,
B-C-low-3,3.60171,1790323581.0400,decel,23.3934,7.5596,0.374,0.2,2.6,-1,-27.844,0.0,20.685,1273,0.0,44.800000000000004,15.2,39,2796,0.0,-54.400000000000006,14.1,40,-27.384,-0.46,0,
B-C-low-3,3.60371,1790323581.0420,decel,23.3934,7.5596,0.374,0.2,2.6,-1,-27.805,0.3346,20.692,1274,0.0,45.6,15.2,39,2796,0.0,-54.400000000000006,14.1,40,-27.384,-0.422,0,
B-C-low-3,3.60571,1790323581.0440,decel,23.3934,7.5596,0.374,0.2,2.6,-1,-27.805,0.0,20.692,1274,0.0,45.6,15.2,39,2796,0.0,-54.400000000000006,14.1,40,-27.384,-0.422,0,
B-C-low-3,3.60771,1790323581.0460,decel,23.3934,7.5596,0.374,0.2,2.6,-1,-27.844,-0.334,20.685,1273,0.0,44.800000000000004,15.2,39,2796,0.0,-54.400000000000006,14.1,40,-27.384,-0.46,0,
B-C-low-3,3.60971,1790323581.0480,decel,23.3934,7.5596,0.374,0.2,2.6,-1,-27.805,0.3346,20.692,1274,0.0,45.6,15.2,39,2796,0.0,-54.400000000000006,14.1,40,-27.384,-0.422,0,
B-C-low-3,3.61171,1790323581.0500,decel,23.3934,7.5596,0.374,0.2,2.6,-1,-27.805,0.0,20.692,1274,0.0,45.6,15.2,39,2796,0.0,-54.400000000000006,14.1,40,-27.384,-0.422,0,
B-C-low-3,3.61371,1790323581.0520,decel,23.3934,7.5596,0.374,0.2,2.6,-1,-27.805,0.0,20.692,1274,0.0,45.6,15.2,39,2796,0.0,-54.400000000000006,14.1,40,-27.384,-0.422,0,
B-C-low-3,3.61571,1790323581.0540,decel,23.3934,7.5596,0.374,0.2,2.6,-1,-27.805,0.0,20.692,1274,0.0,45.6,15.2,39,2796,0.0,-54.400000000000006,14.1,40,-27.384,-0.422,0,
B-C-low-3,3.61771,1790323581.0560,decel,23.3934,7.5596,0.374,0.2,2.6,-1,-27.844,-0.3347,20.685,1273,0.0,44.800000000000004,15.2,39,2796,0.0,-54.400000000000006,14.1,40,-27.384,-0.46,0,
B-C-low-3,3.61971,1790323581.0580,decel,23.3934,7.5596,0.374,0.2,2.6,-1,-27.844,0.0,20.685,1273,0.0,44.800000000000004,15.2,39,2796,0.0,-54.400000000000006,14.1,40,-27.384,-0.46,0,
B-C-low-3,3.62171,1790323581.0600,decel,23.3934,7.5596,0.374,0.2,2.6,-1,-27.844,0.0,20.685,1273,0.0,44.800000000000004,15.2,39,2796,0.0,-54.400000000000006,14.1,40,-27.384,-0.46,0,
B-C-low-3,3.62371,1790323581.0620,decel,23.3934,7.5596,0.374,0.2,2.6,-1,-27.844,0.0,20.685,1273,0.0,44.800000000000004,15.2,39,2796,0.0,-54.400000000000006,14.1,40,-27.384,-0.46,0,
B-C-low-3,3.62571,1790323581.0640,decel,23.3934,7.5596,0.374,0.2,2.6,-1,-27.844,0.0,20.685,1273,0.0,44.800000000000004,15.2,39,2796,0.0,-54.400000000000006,14.1,40,-27.384,-0.46,0,
B-C-low-3,3.62771,1790323581.0660,decel,23.3934,7.5596,0.374,0.2,2.6,-1,-27.844,0.0,20.685,1273,0.0,44.800000000000004,15.2,39,2796,0.0,-54.400000000000006,14.1,40,-27.384,-0.46,0,
B-C-low-3,3.62971,1790323581.0680,decel,23.3934,7.5596,0.374,0.2,2.6,-1,-27.844,0.0,20.685,1273,0.0,44.800000000000004,15.2,39,2796,0.0,-54.400000000000006,14.1,40,-27.384,-0.46,0,
B-C-low-3,3.63171,1790323581.0700,decel,23.3934,7.5596,0.374,0.2,2.6,-1,-27.844,0.0,20.685,1273,0.0,44.800000000000004,15.1,39,2796,0.0,-54.400000000000006,13.5,40,-27.384,-0.46,0,
B-C-low-3,3.63371,1790323581.0720,decel,23.3934,7.5596,0.374,0.2,2.6,-1,-27.844,0.0,20.685,1273,0.0,44.800000000000004,15.1,39,2796,0.0,-54.400000000000006,13.5,40,-27.384,-0.46,0,
B-C-low-3,3.63571,1790323581.0740,decel,23.3934,7.5596,0.374,0.2,2.6,-1,-27.844,0.0,20.685,1273,0.0,44.800000000000004,15.1,39,2796,0.0,-54.400000000000006,13.5,40,-27.384,-0.46,0,
B-C-low-3,3.63771,1790323581.0760,decel,23.3934,7.5596,0.374,0.2,2.6,-1,-27.844,0.0,20.685,1273,0.0,44.800000000000004,15.1,39,2796,0.0,-54.400000000000006,13.5,40,-27.384,-0.46,0,
B-C-low-3,3.63971,1790323581.0780,decel,23.3934,7.5596,0.374,0.2,2.6,-1,-27.844,0.0,20.685,1273,0.0,44.800000000000004,15.1,39,2796,0.0,-54.400000000000006,13.5,40,-27.384,-0.46,0,
B-C-low-3,3.64171,1790323581.0800,decel,23.3934,7.5596,0.374,0.2,2.6,-1,-27.844,0.0,20.685,1273,0.0,44.800000000000004,15.1,39,2796,0.0,-54.400000000000006,13.5,40,-27.384,-0.46,0,
B-C-low-3,3.64371,1790323581.0820,decel,23.3934,7.5596,0.374,0.2,2.6,-1,-27.844,0.0,20.685,1273,0.0,44.800000000000004,15.1,39,2796,0.0,-54.400000000000006,13.5,40,-27.384,-0.46,0,
B-C-low-3,3.64571,1790323581.0840,decel,23.3934,7.5596,0.374,0.2,2.6,-1,-27.844,0.0,20.685,1273,0.0,44.800000000000004,15.1,39,2796,0.0,-54.400000000000006,13.5,40,-27.384,-0.46,0,
B-C-low-3,3.64771,1790323581.0860,decel,23.3934,7.5596,0.374,0.2,2.6,-1,-27.844,0.0,20.685,1273,0.0,44.800000000000004,15.1,39,2796,0.0,-54.400000000000006,13.5,40,-27.384,-0.46,0,
B-C-low-3,3.64971,1790323581.0880,decel,23.3934,7.5596,0.374,0.2,2.6,-1,-27.844,0.0,20.685,1273,0.0,44.800000000000004,15.1,39,2796,0.0,-54.400000000000006,13.5,40,-27.384,-0.46,0,
B-C-low-3,3.65171,1790323581.0900,decel,23.3934,7.5596,0.374,0.2,2.6,-1,-27.844,0.0,20.685,1273,0.0,44.800000000000004,15.1,39,2796,0.0,-54.400000000000006,13.5,40,-27.384,-0.46,0,
B-C-low-3,3.65371,1790323581.0920,decel,23.3934,7.5596,0.374,0.2,2.6,-1,-27.844,0.0,20.685,1273,0.0,44.800000000000004,15.1,39,2796,0.0,-54.400000000000006,13.5,40,-27.384,-0.46,0,
B-C-low-3,3.65571,1790323581.0940,decel,23.3934,7.5596,0.374,0.2,2.6,-1,-27.805,0.3349,20.692,1274,0.0,45.6,15.1,39,2796,0.0,-54.400000000000006,13.5,40,-27.384,-0.422,0,
B-C-low-3,3.65771,1790323581.0960,decel,23.3934,7.5596,0.374,0.2,2.6,-1,-27.844,-0.3346,20.685,1273,0.0,44.800000000000004,15.1,39,2796,0.0,-54.400000000000006,13.5,40,-27.384,-0.46,0,
B-C-low-3,3.65971,1790323581.0980,decel,23.3934,7.5596,0.374,0.2,2.6,-1,-27.844,0.0,20.685,1273,0.0,44.800000000000004,15.1,39,2796,0.0,-54.400000000000006,13.5,40,-27.384,-0.46,0,
B-C-low-3,3.66171,1790323581.1000,decel,23.3934,7.5596,0.374,0.2,2.6,-1,-27.844,0.0,20.685,1273,0.0,44.800000000000004,15.1,39,2796,0.0,-54.400000000000006,13.5,40,-27.384,-0.46,0,
B-C-low-3,3.66371,1790323581.1020,decel,23.3934,7.5596,0.374,0.2,2.6,-1,-27.844,0.0,20.685,1273,0.0,44.800000000000004,15.1,39,2796,0.0,-54.400000000000006,13.5,40,-27.384,-0.46,0,
B-C-low-3,3.66571,1790323581.1040,decel,23.3934,7.5596,0.374,0.2,2.6,-1,-27.844,0.0,20.685,1273,0.0,44.800000000000004,15.1,39,2796,0.0,-54.400000000000006,13.5,40,-27.384,-0.46,0,
B-C-low-3,3.66771,1790323581.1060,decel,23.3934,7.5596,0.374,0.2,2.6,-1,-27.844,0.0,20.685,1273,0.0,44.800000000000004,15.1,39,2796,0.0,-54.400000000000006,13.5,40,-27.384,-0.46,0,
B-C-low-3,3.66971,1790323581.1080,decel,23.3934,7.5596,0.374,0.2,2.6,-1,-27.844,0.0,20.685,1273,0.0,44.800000000000004,15.1,39,2796,0.0,-54.400000000000006,13.5,40,-27.384,-0.46,0,
B-C-low-3,3.67171,1790323581.1100,decel,23.3934,7.5596,0.374,0.2,2.6,-1,-27.844,0.0,20.685,1273,0.0,44.800000000000004,15.1,39,2796,0.0,-54.400000000000006,13.5,40,-27.384,-0.46,0,
B-C-low-3,3.67371,1790323581.1120,decel,23.3934,7.5596,0.374,0.2,2.6,-1,-27.844,0.0,20.685,1273,0.0,44.800000000000004,15.1,39,2796,0.0,-54.400000000000006,13.5,40,-27.384,-0.46,0,
B-C-low-3,3.67571,1790323581.1140,decel,23.3934,7.5596,0.374,0.2,2.6,-1,-27.844,0.0,20.685,1273,0.0,44.800000000000004,15.1,39,2796,0.0,-54.400000000000006,13.5,40,-27.384,-0.46,0,
B-C-low-3,3.67771,1790323581.1160,decel,23.3934,7.5596,0.374,0.2,2.6,-1,-27.844,0.0,20.685,1273,0.0,44.800000000000004,15.1,39,2796,0.0,-54.400000000000006,13.5,40,-27.384,-0.46,0,
B-C-low-3,3.67971,1790323581.1180,decel,23.3934,7.5596,0.374,0.2,2.6,-1,-27.805,0.3347,20.692,1274,0.0,45.6,15.1,39,2796,0.0,-54.400000000000006,13.5,40,-27.384,-0.422,0,
B-C-low-3,3.68171,1790323581.1200,decel,23.3934,7.5596,0.374,0.2,2.6,-1,-27.844,-0.3345,20.685,1273,0.0,44.800000000000004,15.1,39,2796,0.0,-54.400000000000006,13.5,40,-27.384,-0.46,0,
B-C-low-3,3.68371,1790323581.1220,decel,23.3934,7.5596,0.374,0.2,2.6,-1,-27.844,0.0,20.685,1273,0.0,44.800000000000004,15.1,39,2796,0.0,-54.400000000000006,13.5,40,-27.384,-0.46,0,
B-C-low-3,3.68571,1790323581.1240,decel,23.3934,7.5596,0.374,0.2,2.6,-1,-27.844,0.0,20.685,1273,0.0,44.800000000000004,15.1,39,2796,0.0,-54.400000000000006,13.5,40,-27.384,-0.46,0,
B-C-low-3,3.68771,1790323581.1260,decel,23.3934,7.5596,0.374,0.2,2.6,-1,-27.844,0.0,20.685,1273,0.0,44.800000000000004,15.1,39,2796,0.0,-54.400000000000006,13.5,40,-27.384,-0.46,0,
B-C-low-3,3.68971,1790323581.1280,decel,23.3934,7.5596,0.374,0.2,2.6,-1,-27.844,0.0,20.685,1273,0.0,44.800000000000004,15.1,39,2796,0.0,-54.400000000000006,13.5,40,-27.384,-0.46,0,
B-C-low-3,3.69171,1790323581.1300,decel,23.3934,7.5596,0.374,0.2,2.6,-1,-27.844,0.0,20.685,1273,0.0,44.800000000000004,15.1,39,2796,0.0,-54.400000000000006,13.5,40,-27.384,-0.46,0,
B-C-low-3,3.69371,1790323581.1320,decel,23.3934,7.5596,0.374,0.2,2.6,-1,-27.844,0.0,20.685,1273,0.0,44.800000000000004,15.1,39,2796,0.0,-54.400000000000006,13.5,40,-27.384,-0.46,0,
B-C-low-3,3.69571,1790323581.1340,decel,23.3934,7.5596,0.374,0.2,2.6,-1,-27.844,0.0,20.685,1273,0.0,44.800000000000004,15.1,39,2796,0.0,-54.400000000000006,13.5,40,-27.384,-0.46,0,
B-C-low-3,3.69772,1790323581.1360,decel,23.3934,7.5596,0.374,0.2,2.6,-1,-27.844,0.0,20.685,1273,0.0,44.800000000000004,15.1,39,2796,0.0,-54.400000000000006,13.5,40,-27.384,-0.46,0,
B-C-low-3,3.69972,1790323581.1380,decel,23.3934,7.5596,0.374,0.2,2.6,-1,-27.844,0.0,20.685,1273,0.0,44.800000000000004,15.1,39,2796,0.0,-54.400000000000006,13.5,40,-27.384,-0.46,0,
B-C-low-3,3.70169,1790323581.1400,decel,23.3934,7.5596,0.374,0.2,2.6,-1,-27.844,0.0,20.685,1273,0.0,44.800000000000004,15.1,39,2796,0.0,-54.400000000000006,13.5,40,-27.384,-0.46,0,
B-C-low-3,3.70369,1790323581.1420,decel,23.3934,7.5596,0.374,0.2,2.6,-1,-27.805,0.3346,20.692,1274,0.0,45.6,15.1,39,2796,0.0,-54.400000000000006,13.5,40,-27.384,-0.422,0,
B-C-low-3,3.70569,1790323581.1440,decel,23.3934,7.5596,0.374,0.2,2.6,-1,-27.844,-0.3351,20.685,1273,0.0,44.800000000000004,15.1,39,2796,0.0,-54.400000000000006,13.5,40,-27.384,-0.46,0,
B-C-low-3,3.70769,1790323581.1460,decel,23.3934,7.5596,0.374,0.2,2.6,-1,-27.844,0.0,20.685,1273,0.0,44.800000000000004,15.1,39,2796,0.0,-54.400000000000006,13.5,40,-27.384,-0.46,0,
B-C-low-3,3.70969,1790323581.1480,decel,23.3934,7.5596,0.374,0.2,2.6,-1,-27.844,0.0,20.685,1273,0.0,44.800000000000004,15.1,39,2796,0.0,-54.400000000000006,13.5,40,-27.384,-0.46,0,
B-C-low-3,3.71169,1790323581.1500,decel,23.3934,7.5596,0.374,0.2,2.6,-1,-27.805,0.3347,20.692,1274,0.0,45.6,15.1,39,2796,0.0,-54.400000000000006,13.5,40,-27.384,-0.422,0,
B-C-low-3,3.71369,1790323581.1520,decel,23.3934,7.5596,0.374,0.2,2.6,-1,-27.844,-0.3346,20.685,1273,0.0,44.800000000000004,15.1,39,2796,0.0,-54.400000000000006,13.5,40,-27.384,-0.46,0,
B-C-low-3,3.71569,1790323581.1540,decel,23.3934,7.5596,0.374,0.2,2.6,-1,-27.844,0.0,20.685,1273,0.0,44.800000000000004,15.1,39,2796,0.0,-54.400000000000006,13.5,40,-27.384,-0.46,0,
B-C-low-3,3.71769,1790323581.1560,decel,23.3934,7.5596,0.374,0.2,2.6,-1,-27.805,0.3346,20.692,1274,0.0,45.6,15.1,39,2796,0.0,-54.400000000000006,13.5,40,-27.384,-0.422,0,
B-C-low-3,3.71969,1790323581.1580,decel,23.3934,7.5596,0.374,0.2,2.6,-1,-27.844,-0.3345,20.685,1273,0.0,44.800000000000004,15.1,39,2796,0.0,-54.400000000000006,13.5,40,-27.384,-0.46,0,
B-C-low-3,3.72169,1790323581.1600,decel,23.3934,7.5596,0.374,0.2,2.6,-1,-27.805,0.335,20.692,1274,0.0,45.6,15.1,39,2796,0.0,-54.400000000000006,13.5,40,-27.384,-0.422,0,
B-C-low-3,3.72369,1790323581.1620,decel,23.3934,7.5596,0.374,0.2,2.6,-1,-27.805,0.0,20.692,1274,0.0,45.6,15.1,39,2796,0.0,-54.400000000000006,13.5,40,-27.384,-0.422,0,
B-C-low-3,3.72569,1790323581.1640,decel,23.3934,7.5596,0.374,0.2,2.6,-1,-27.805,0.0,20.692,1274,0.0,45.6,15.1,39,2796,0.0,-54.400000000000006,13.5,40,-27.384,-0.422,0,
B-C-low-3,3.72769,1790323581.1660,decel,23.3934,7.5596,0.374,0.2,2.6,-1,-27.844,-0.3346,20.685,1273,0.0,44.800000000000004,15.1,39,2796,0.0,-54.400000000000006,13.5,40,-27.384,-0.46,0,
B-C-low-3,3.72969,1790323581.1680,decel,23.3934,7.5596,0.374,0.2,2.6,-1,-27.844,0.0,20.685,1273,0.0,44.800000000000004,15.1,39,2796,0.0,-54.400000000000006,13.5,40,-27.384,-0.46,0,
B-C-low-3,3.73169,1790323581.1700,decel,23.3934,7.5596,0.374,0.2,2.6,-1,-27.805,0.3346,20.692,1274,0.0,45.6,15.1,39,2796,0.0,-54.400000000000006,13.5,40,-27.384,-0.422,0,
B-C-low-3,3.73369,1790323581.1720,decel,23.3934,7.5596,0.374,0.2,2.6,-1,-27.844,-0.3347,20.685,1273,0.0,44.800000000000004,15.1,39,2796,0.0,-54.400000000000006,13.5,40,-27.384,-0.46,0,
B-C-low-3,3.73569,1790323581.1740,decel,23.3934,7.5596,0.374,0.2,2.6,-1,-27.805,0.3346,20.692,1274,0.0,45.6,15.1,39,2796,0.0,-54.400000000000006,13.5,40,-27.384,-0.422,0,
B-C-low-3,3.73769,1790323581.1760,decel,23.3934,7.5596,0.374,0.2,2.6,-1,-27.844,-0.3346,20.685,1273,0.0,44.800000000000004,15.1,39,2796,0.0,-54.400000000000006,13.5,40,-27.384,-0.46,0,
B-C-low-3,3.73969,1790323581.1780,decel,23.3934,7.5596,0.374,0.2,2.6,-1,-27.805,0.3347,20.692,1274,0.0,45.6,15.1,39,2796,0.0,-54.400000000000006,13.5,40,-27.384,-0.422,0,
B-C-low-3,3.74169,1790323581.1800,decel,23.3934,7.5596,0.374,0.2,2.6,-1,-27.844,-0.3345,20.685,1273,0.0,44.800000000000004,15.1,39,2796,0.0,-54.400000000000006,13.5,40,-27.384,-0.46,0,
B-C-low-3,3.74369,1790323581.1820,decel,23.3934,7.5596,0.374,0.2,2.6,-1,-27.844,0.0,20.685,1273,0.0,44.800000000000004,15.1,39,2796,0.0,-54.400000000000006,13.5,40,-27.384,-0.46,0,
B-C-low-3,3.74569,1790323581.1840,decel,23.3934,7.5596,0.374,0.2,2.6,-1,-27.844,0.0,20.685,1273,0.0,44.800000000000004,15.1,39,2796,0.0,-54.400000000000006,13.5,40,-27.384,-0.46,0,
B-C-low-3,3.74769,1790323581.1860,decel,23.3934,7.5596,0.374,0.2,2.6,-1,-27.805,0.3347,20.692,1274,0.0,45.6,14.1,39,2796,0.0,-54.400000000000006,14.1,40,-27.384,-0.422,0,
B-C-low-3,3.74969,1790323581.1880,decel,23.3934,7.5596,0.374,0.2,2.6,-1,-27.805,0.0,20.692,1274,0.0,45.6,14.1,39,2796,0.0,-54.400000000000006,14.1,40,-27.384,-0.422,0,
B-C-low-3,3.75169,1790323581.1900,decel,23.3934,7.5596,0.374,0.2,2.6,-1,-27.805,0.0,20.692,1274,0.0,45.6,14.1,39,2796,0.0,-54.400000000000006,14.1,40,-27.384,-0.422,0,
B-C-low-3,3.75369,1790323581.1920,decel,23.3934,7.5596,0.374,0.2,2.6,-1,-27.805,0.0,20.692,1274,0.0,45.6,14.1,39,2796,0.0,-54.400000000000006,14.1,40,-27.384,-0.422,0,
B-C-low-3,3.75569,1790323581.1940,decel,23.3934,7.5596,0.374,0.2,2.6,-1,-27.844,-0.3346,20.685,1273,0.0,44.800000000000004,14.1,39,2796,0.0,-54.400000000000006,14.1,40,-27.384,-0.46,0,
B-C-low-3,3.75769,1790323581.1960,decel,23.3934,7.5596,0.374,0.2,2.6,-1,-27.805,0.3348,20.692,1274,0.0,45.6,14.1,39,2796,0.0,-54.400000000000006,14.1,40,-27.384,-0.422,0,
B-C-low-3,3.75969,1790323581.1980,decel,23.3934,7.5596,0.374,0.2,2.6,-1,-27.805,0.0,20.692,1274,0.0,45.6,14.1,39,2796,0.0,-54.400000000000006,14.1,40,-27.384,-0.422,0,
B-C-low-3,3.76169,1790323581.2000,decel,23.3934,7.5596,0.374,0.2,2.6,-1,-27.844,-0.3346,20.685,1273,0.0,44.800000000000004,14.1,39,2796,0.0,-54.400000000000006,14.1,40,-27.384,-0.46,0,
B-C-low-3,3.7637,1790323581.2020,decel,23.3934,7.5596,0.374,0.2,2.6,-1,-27.805,0.3345,20.692,1274,0.0,45.6,14.1,39,2796,0.0,-54.400000000000006,14.1,40,-27.384,-0.422,0,
B-C-low-3,3.76569,1790323581.2040,decel,23.3934,7.5596,0.374,0.2,2.6,-1,-27.844,-0.3348,20.685,1273,0.0,44.800000000000004,14.1,39,2795,0.0,-55.2,14.1,40,-27.345,-0.499,0,
B-C-low-3,3.76769,1790323581.2060,decel,23.3934,7.5596,0.374,0.2,2.6,-1,-27.805,0.3349,20.692,1274,0.0,45.6,14.1,39,2796,0.0,-54.400000000000006,14.1,40,-27.384,-0.422,0,
B-C-low-3,3.76969,1790323581.2080,decel,23.3934,7.5596,0.374,0.2,2.6,-1,-27.805,0.0,20.692,1274,0.0,45.6,14.1,39,2796,0.0,-54.400000000000006,14.1,40,-27.384,-0.422,0,
B-C-low-3,3.77169,1790323581.2100,decel,23.3934,7.5596,0.374,0.2,2.6,-1,-27.844,-0.335,20.685,1273,0.0,44.800000000000004,14.1,39,2796,0.0,-54.400000000000006,14.1,40,-27.384,-0.46,0,
B-C-low-3,3.77369,1790323581.2120,decel,23.3934,7.5596,0.374,0.2,2.6,-1,-27.844,0.0,20.685,1273,0.0,44.800000000000004,14.1,39,2796,0.0,-54.400000000000006,14.1,40,-27.384,-0.46,0,
B-C-low-3,3.77569,1790323581.2140,decel,23.3934,7.5596,0.374,0.2,2.6,-1,-27.805,0.3347,20.692,1274,0.0,45.6,14.1,39,2796,0.0,-54.400000000000006,14.1,40,-27.384,-0.422,0,
B-C-low-3,3.77769,1790323581.2160,decel,23.3934,7.5596,0.374,0.2,2.6,-1,-27.805,0.0,20.692,1274,0.0,45.6,14.1,39,2796,0.0,-54.400000000000006,14.1,40,-27.384,-0.422,0,
B-C-low-3,3.77969,1790323581.2180,decel,23.3934,7.5596,0.374,0.2,2.6,-1,-27.844,-0.3346,20.685,1273,0.0,44.800000000000004,14.1,39,2796,0.0,-54.400000000000006,14.1,40,-27.384,-0.46,0,
B-C-low-3,3.78169,1790323581.2200,decel,23.3934,7.5596,0.374,0.2,2.6,-1,-27.844,0.0,20.685,1273,0.0,44.800000000000004,14.1,39,2796,0.0,-54.400000000000006,14.1,40,-27.384,-0.46,0,
B-C-low-3,3.78369,1790323581.2220,decel,23.3934,7.5596,0.374,0.2,2.6,-1,-27.844,0.0,20.685,1273,0.0,44.800000000000004,14.1,39,2796,0.0,-54.400000000000006,14.1,40,-27.384,-0.46,0,
B-C-low-3,3.7857,1790323581.2240,decel,23.3934,7.5596,0.374,0.2,2.6,-1,-27.805,0.3344,20.692,1274,0.0,45.6,14.1,39,2796,0.0,-54.400000000000006,14.1,40,-27.384,-0.422,0,
B-C-low-3,3.7877,1790323581.2260,decel,23.3934,7.5596,0.374,0.2,2.6,-1,-27.805,0.0,20.692,1274,0.0,45.6,14.1,39,2796,0.0,-54.400000000000006,14.1,40,-27.384,-0.422,0,
B-C-low-3,3.7897,1790323581.2280,decel,23.3934,7.5596,0.374,0.2,2.6,-1,-27.844,-0.3348,20.685,1273,0.0,44.800000000000004,14.1,39,2796,0.0,-54.400000000000006,14.1,40,-27.384,-0.46,0,
B-C-low-3,3.79169,1790323581.2300,decel,23.3934,7.5596,0.374,0.2,2.6,-1,-27.844,0.0,20.685,1273,0.0,44.800000000000004,14.1,39,2796,0.0,-54.400000000000006,14.1,40,-27.384,-0.46,0,
B-C-low-3,3.7937,1790323581.2320,decel,23.3934,7.5596,0.374,0.2,2.6,-1,-27.844,0.0,20.685,1273,0.0,44.800000000000004,14.1,39,2796,0.0,-54.400000000000006,14.1,40,-27.384,-0.46,0,
B-C-low-3,3.7957,1790323581.2340,decel,23.3934,7.5596,0.374,0.2,2.6,-1,-27.805,0.3346,20.692,1274,0.0,45.6,14.1,39,2796,0.0,-54.400000000000006,14.1,40,-27.384,-0.422,0,
B-C-low-3,3.7977,1790323581.2360,decel,23.3934,7.5596,0.374,0.2,2.6,-1,-27.844,-0.3347,20.685,1273,0.0,44.800000000000004,14.1,39,2796,0.0,-54.400000000000006,14.1,40,-27.384,-0.46,0,
B-C-low-3,3.79969,1790323581.2380,decel,23.3934,7.5596,0.374,0.2,2.6,-1,-27.844,0.0,20.685,1273,0.0,44.800000000000004,14.1,39,2796,0.0,-54.400000000000006,14.1,40,-27.384,-0.46,0,
B-C-low-3,3.8017,1790323581.2400,decel,23.3934,7.5596,0.374,0.2,2.6,-1,-27.805,0.3343,20.692,1274,0.0,45.6,14.1,39,2796,0.0,-54.400000000000006,14.1,40,-27.384,-0.422,0,
B-C-low-3,3.8037,1790323581.2420,decel,23.3934,7.5596,0.374,0.2,2.6,-1,-27.805,0.0,20.692,1274,0.0,45.6,14.1,39,2796,0.0,-54.400000000000006,14.1,40,-27.384,-0.422,0,
B-C-low-3,3.8057,1790323581.2440,decel,23.3934,7.5596,0.374,0.2,2.6,-1,-27.805,0.0,20.692,1274,0.0,45.6,14.1,39,2796,0.0,-54.400000000000006,14.1,40,-27.384,-0.422,0,
B-C-low-3,3.8077,1790323581.2460,decel,23.3934,7.5596,0.374,0.2,2.6,-1,-27.844,-0.3346,20.685,1273,0.0,44.800000000000004,14.1,39,2796,0.0,-54.400000000000006,14.1,40,-27.384,-0.46,0,
B-C-low-3,3.8097,1790323581.2480,decel,23.3934,7.5596,0.374,0.2,2.6,-1,-27.844,0.0,20.685,1273,0.0,44.800000000000004,14.1,39,2796,0.0,-54.400000000000006,14.1,40,-27.384,-0.46,0,
B-C-low-3,3.8117,1790323581.2500,decel,23.3934,7.5596,0.374,0.2,2.6,-1,-27.844,0.0,20.685,1273,0.0,44.800000000000004,14.1,39,2796,0.0,-54.400000000000006,14.1,40,-27.384,-0.46,0,
B-C-low-3,3.8137,1790323581.2520,decel,23.3934,7.5596,0.374,0.2,2.6,-1,-27.844,0.0,20.685,1273,0.0,44.800000000000004,14.1,39,2796,0.0,-54.400000000000006,14.1,40,-27.384,-0.46,0,
B-C-low-3,3.8157,1790323581.2540,decel,23.3934,7.5596,0.374,0.2,2.6,-1,-27.844,0.0,20.685,1273,0.0,44.800000000000004,14.1,39,2796,0.0,-54.400000000000006,14.1,40,-27.384,-0.46,0,
B-C-low-3,3.8177,1790323581.2560,decel,23.3934,7.5596,0.374,0.2,2.6,-1,-27.844,0.0,20.685,1273,0.0,44.800000000000004,14.1,39,2796,0.0,-54.400000000000006,14.1,40,-27.384,-0.46,0,
B-C-low-3,3.8197,1790323581.2580,decel,23.3934,7.5596,0.374,0.2,2.6,-1,-27.805,0.3345,20.692,1274,0.0,45.6,14.1,39,2796,0.0,-54.400000000000006,14.1,40,-27.384,-0.422,0,
B-C-low-3,3.8217,1790323581.2600,decel,23.3934,7.5596,0.374,0.2,2.6,-1,-27.844,-0.3352,20.685,1273,0.0,44.800000000000004,14.1,39,2796,0.0,-54.400000000000006,14.1,40,-27.384,-0.46,0,
B-C-low-3,3.8237,1790323581.2620,decel,23.3934,7.5596,0.374,0.2,2.6,-1,-27.805,0.3347,20.692,1274,0.0,45.6,14.1,39,2796,0.0,-54.400000000000006,14.1,40,-27.384,-0.422,0,
B-C-low-3,3.8257,1790323581.2640,decel,23.3934,7.5596,0.374,0.2,2.6,-1,-27.844,-0.3346,20.685,1273,0.0,44.800000000000004,14.1,39,2796,0.0,-54.400000000000006,14.1,40,-27.384,-0.46,0,
B-C-low-3,3.8277,1790323581.2660,decel,23.3934,7.5596,0.374,0.2,2.6,-1,-27.805,0.3347,20.692,1274,0.0,45.6,14.1,39,2796,0.0,-54.400000000000006,14.1,40,-27.384,-0.422,0,
B-C-low-3,3.8297,1790323581.2680,decel,23.3934,7.5596,0.374,0.2,2.6,-1,-27.844,-0.3338,20.685,1273,0.0,44.800000000000004,14.1,39,2796,0.0,-54.400000000000006,14.1,40,-27.384,-0.46,0,
B-C-low-3,3.8317,1790323581.2700,decel,23.3934,7.5596,0.374,0.2,2.6,-1,-27.805,0.3358,20.692,1274,0.0,45.6,14.1,39,2796,0.0,-54.400000000000006,14.1,40,-27.384,-0.422,0,
B-C-low-3,3.8337,1790323581.2720,decel,23.3934,7.5596,0.374,0.2,2.6,-1,-27.805,0.0,20.692,1274,0.0,45.6,14.1,39,2796,0.0,-54.400000000000006,14.1,40,-27.384,-0.422,0,
B-C-low-3,3.8357,1790323581.2740,decel,23.3934,7.5596,0.374,0.2,2.6,-1,-27.805,0.0,20.692,1274,0.0,45.6,14.1,39,2796,0.0,-54.400000000000006,14.1,40,-27.384,-0.422,0,
B-C-low-3,3.8377,1790323581.2760,decel,23.3934,7.5596,0.374,0.2,2.6,-1,-27.844,-0.3347,20.685,1273,0.0,44.800000000000004,14.1,39,2795,0.0,-55.2,14.1,40,-27.345,-0.499,0,
B-C-low-3,3.8397,1790323581.2780,decel,23.3934,7.5596,0.374,0.2,2.6,-1,-27.805,0.3342,20.692,1274,0.0,45.6,14.1,39,2796,0.0,-54.400000000000006,14.1,40,-27.384,-0.422,0,
B-C-low-3,3.8417,1790323581.2800,decel,23.3934,7.5596,0.374,0.2,2.6,-1,-27.844,-0.3353,20.685,1273,0.0,44.800000000000004,14.1,39,2796,0.0,-54.400000000000006,14.1,40,-27.384,-0.46,0,
B-C-low-3,3.8437,1790323581.2820,decel,23.3934,7.5596,0.374,0.2,2.6,-1,-27.844,0.0,20.685,1273,0.0,44.800000000000004,14.1,39,2796,0.0,-54.400000000000006,14.1,40,-27.384,-0.46,0,
B-C-low-3,3.8457,1790323581.2840,decel,23.3934,7.5596,0.374,0.2,2.6,-1,-27.844,0.0,20.685,1273,0.0,44.800000000000004,14.1,39,2796,0.0,-54.400000000000006,14.1,40,-27.384,-0.46,0,
B-C-low-3,3.8477,1790323581.2860,decel,23.3934,7.5596,0.374,0.2,2.6,-1,-27.844,0.0,20.685,1273,0.0,44.800000000000004,14.1,39,2796,0.0,-54.400000000000006,14.1,40,-27.384,-0.46,0,
B-C-low-3,3.8497,1790323581.2880,decel,23.3934,7.5596,0.374,0.2,2.6,-1,-27.844,0.0,20.685,1273,0.0,44.800000000000004,14.1,39,2796,0.0,-54.400000000000006,14.1,40,-27.384,-0.46,0,
B-C-low-3,3.8517,1790323581.2900,decel,23.3934,7.5596,0.374,0.2,2.6,-1,-27.844,0.0,20.685,1273,0.0,44.800000000000004,14.1,39,2796,0.0,-54.400000000000006,14.1,40,-27.384,-0.46,0,
B-C-low-3,3.8537,1790323581.2920,decel,23.3934,7.5596,0.374,0.2,2.6,-1,-27.844,0.0,20.685,1273,0.0,44.800000000000004,14.1,39,2796,0.0,-54.400000000000006,14.1,40,-27.384,-0.46,0,
B-C-low-3,3.8557,1790323581.2940,decel,23.3934,7.5596,0.374,0.2,2.6,-1,-27.844,0.0,20.685,1273,0.0,44.800000000000004,14.1,39,2796,0.0,-54.400000000000006,14.1,40,-27.384,-0.46,0,
B-C-low-3,3.8577,1790323581.2960,decel,23.3934,7.5596,0.374,0.2,2.6,-1,-27.844,0.0,20.685,1273,0.0,44.800000000000004,14.1,39,2796,0.0,-54.400000000000006,14.1,40,-27.384,-0.46,0,
B-C-low-3,3.8597,1790323581.2980,decel,23.3934,7.5596,0.374,0.2,2.6,-1,-27.805,0.3348,20.692,1274,0.0,45.6,14.1,39,2796,0.0,-54.400000000000006,14.1,40,-27.384,-0.422,0,
B-C-low-3,3.8617,1790323581.3000,decel,23.3934,7.5596,0.374,0.2,2.6,-1,-27.844,-0.3346,20.685,1273,0.0,44.800000000000004,14.1,39,2796,0.0,-54.400000000000006,14.1,40,-27.384,-0.46,0,
B-C-low-3,3.8637,1790323581.3020,decel,23.3934,7.5596,0.374,0.2,2.6,-1,-27.805,0.3347,20.692,1274,0.0,45.6,13.6,39,2796,0.0,-54.400000000000006,15.3,40,-27.384,-0.422,0,
B-C-low-3,3.8657,1790323581.3040,decel,23.3934,7.5596,0.374,0.2,2.6,-1,-27.844,-0.3347,20.685,1273,0.0,44.800000000000004,13.6,39,2796,0.0,-54.400000000000006,15.3,40,-27.384,-0.46,0,
B-C-low-3,3.8677,1790323581.3060,decel,23.3934,7.5596,0.374,0.2,2.6,-1,-27.844,0.0,20.685,1273,0.0,44.800000000000004,13.6,39,2796,0.0,-54.400000000000006,15.3,40,-27.384,-0.46,0,
B-C-low-3,3.8697,1790323581.3080,decel,23.3934,7.5596,0.374,0.2,2.6,-1,-27.844,0.0,20.685,1273,0.0,44.800000000000004,13.6,39,2796,0.0,-54.400000000000006,15.3,40,-27.384,-0.46,0,
B-C-low-3,3.8717,1790323581.3100,decel,23.3934,7.5596,0.374,0.2,2.6,-1,-27.844,0.0,20.685,1273,0.0,44.800000000000004,13.6,39,2796,0.0,-54.400000000000006,15.3,40,-27.384,-0.46,0,
B-C-low-3,3.8737,1790323581.3120,decel,23.3934,7.5596,0.374,0.2,2.6,-1,-27.844,0.0,20.685,1273,0.0,44.800000000000004,13.6,39,2796,0.0,-54.400000000000006,15.3,40,-27.384,-0.46,0,
B-C-low-3,3.8757,1790323581.3140,decel,23.3934,7.5596,0.374,0.2,2.6,-1,-27.844,0.0,20.685,1273,0.0,44.800000000000004,13.6,39,2796,0.0,-54.400000000000006,15.3,40,-27.384,-0.46,0,
B-C-low-3,3.8777,1790323581.3160,decel,23.3934,7.5596,0.374,0.2,2.6,-1,-27.844,0.0,20.685,1273,0.0,44.800000000000004,13.6,39,2796,0.0,-54.400000000000006,15.3,40,-27.384,-0.46,0,
B-C-low-3,3.8797,1790323581.3180,decel,23.3934,7.5596,0.374,0.2,2.6,-1,-27.844,0.0,20.685,1273,0.0,44.800000000000004,13.6,39,2796,0.0,-54.400000000000006,15.3,40,-27.384,-0.46,0,
B-C-low-3,3.8817,1790323581.3200,decel,23.3934,7.5596,0.374,0.2,2.6,-1,-27.844,0.0,20.685,1273,0.0,44.800000000000004,13.6,39,2796,0.0,-54.400000000000006,15.3,40,-27.384,-0.46,0,
B-C-low-3,3.8837,1790323581.3220,decel,23.3934,7.5596,0.374,0.2,2.6,-1,-27.844,0.0,20.685,1273,0.0,44.800000000000004,13.6,39,2796,0.0,-54.400000000000006,15.3,40,-27.384,-0.46,0,
B-C-low-3,3.8857,1790323581.3240,decel,23.3934,7.5596,0.374,0.2,2.6,-1,-27.805,0.3353,20.692,1274,0.0,45.6,13.6,39,2796,0.0,-54.400000000000006,15.3,40,-27.384,-0.422,0,
B-C-low-3,3.8877,1790323581.3260,decel,23.3934,7.5596,0.374,0.2,2.6,-1,-27.844,-0.3347,20.685,1273,0.0,44.800000000000004,13.6,39,2796,0.0,-54.400000000000006,15.3,40,-27.384,-0.46,0,
B-C-low-3,3.8897,1790323581.3280,decel,23.3934,7.5596,0.374,0.2,2.6,-1,-27.844,0.0,20.685,1273,0.0,44.800000000000004,13.6,39,2796,0.0,-54.400000000000006,15.3,40,-27.384,-0.46,0,
B-C-low-3,3.8917,1790323581.3300,decel,23.3934,7.5596,0.374,0.2,2.6,-1,-27.844,0.0,20.685,1273,0.0,44.800000000000004,13.6,39,2796,0.0,-54.400000000000006,15.3,40,-27.384,-0.46,0,
B-C-low-3,3.8937,1790323581.3320,decel,23.3934,7.5596,0.374,0.2,2.6,-1,-27.844,0.0,20.685,1273,0.0,44.800000000000004,13.6,39,2796,0.0,-54.400000000000006,15.3,40,-27.384,-0.46,0,
B-C-low-3,3.8957,1790323581.3340,decel,23.3934,7.5596,0.374,0.2,2.6,-1,-27.844,0.0,20.685,1273,0.0,44.800000000000004,13.6,39,2796,0.0,-54.400000000000006,15.3,40,-27.384,-0.46,0,
B-C-low-3,3.8977,1790323581.3360,decel,23.3934,7.5596,0.374,0.2,2.6,-1,-27.844,0.0,20.685,1273,0.0,44.800000000000004,13.6,39,2796,0.0,-54.400000000000006,15.3,40,-27.384,-0.46,0,
B-C-low-3,3.8997,1790323581.3380,decel,23.3934,7.5596,0.374,0.2,2.6,-1,-27.844,0.0,20.685,1273,0.0,44.800000000000004,13.6,39,2796,0.0,-54.400000000000006,15.3,40,-27.384,-0.46,0,
B-C-low-3,3.9017,1790323581.3400,decel,23.3934,7.5596,0.374,0.2,2.6,-1,-27.844,0.0,20.685,1273,0.0,44.800000000000004,13.6,39,2796,0.0,-54.400000000000006,15.3,40,-27.384,-0.46,0,
B-C-low-3,3.9037,1790323581.3420,decel,23.3934,7.5596,0.374,0.2,2.6,-1,-27.844,0.0,20.685,1273,0.0,44.800000000000004,13.6,39,2796,0.0,-54.400000000000006,15.3,40,-27.384,-0.46,0,
B-C-low-3,3.9057,1790323581.3440,decel,23.3934,7.5596,0.374,0.2,2.6,-1,-27.844,0.0,20.685,1273,0.0,44.800000000000004,13.6,39,2796,0.0,-54.400000000000006,15.3,40,-27.384,-0.46,0,
B-C-low-3,3.9077,1790323581.3460,decel,23.3934,7.5596,0.374,0.2,2.6,-1,-27.805,0.3346,20.692,1274,0.0,45.6,13.6,39,2796,0.0,-54.400000000000006,15.3,40,-27.384,-0.422,0,
B-C-low-3,3.9097,1790323581.3480,decel,23.3934,7.5596,0.374,0.2,2.6,-1,-27.844,-0.3346,20.685,1273,0.0,44.800000000000004,13.6,39,2796,0.0,-54.400000000000006,15.3,40,-27.384,-0.46,0,
B-C-low-3,3.9117,1790323581.3500,decel,23.3934,7.5596,0.374,0.2,2.6,-1,-27.805,0.3342,20.692,1274,0.0,45.6,13.6,39,2796,0.0,-54.400000000000006,15.3,40,-27.384,-0.422,0,
B-C-low-3,3.91371,1790323581.3520,decel,23.3934,7.5596,0.374,0.2,2.6,-1,-27.844,-0.3341,20.685,1273,0.0,44.800000000000004,13.6,39,2796,0.0,-54.400000000000006,15.3,40,-27.384,-0.46,0,
B-C-low-3,3.9157,1790323581.3540,decel,23.3934,7.5596,0.374,0.2,2.6,-1,-27.805,0.3351,20.692,1274,0.0,45.6,13.6,39,2796,0.0,-54.400000000000006,15.3,40,-27.384,-0.422,0,
B-C-low-3,3.91771,1790323581.3560,decel,23.3934,7.5596,0.374,0.2,2.6,-1,-27.844,-0.3342,20.685,1273,0.0,44.800000000000004,13.6,39,2796,0.0,-54.400000000000006,15.3,40,-27.384,-0.46,0,
B-C-low-3,3.9197,1790323581.3580,decel,23.3934,7.5596,0.374,0.2,2.6,-1,-27.844,0.0,20.685,1273,0.0,44.800000000000004,13.6,39,2796,0.0,-54.400000000000006,15.3,40,-27.384,-0.46,0,
B-C-low-3,3.92171,1790323581.3600,decel,23.3934,7.5596,0.374,0.2,2.6,-1,-27.844,0.0,20.685,1273,0.0,44.800000000000004,13.6,39,2796,0.0,-54.400000000000006,15.3,40,-27.384,-0.46,0,
B-C-low-3,3.92371,1790323581.3620,decel,23.3934,7.5596,0.374,0.2,2.6,-1,-27.844,0.0,20.685,1273,0.0,44.800000000000004,13.6,39,2796,0.0,-54.400000000000006,15.3,40,-27.384,-0.46,0,
B-C-low-3,3.9257,1790323581.3640,decel,23.3934,7.5596,0.374,0.2,2.6,-1,-27.844,0.0,20.685,1273,0.0,44.800000000000004,13.6,39,2796,0.0,-54.400000000000006,15.3,40,-27.384,-0.46,0,
B-C-low-3,3.9277,1790323581.3660,decel,23.3934,7.5596,0.374,0.2,2.6,-1,-27.844,0.0,20.685,1273,0.0,44.800000000000004,13.6,39,2796,0.0,-54.400000000000006,15.3,40,-27.384,-0.46,0,
B-C-low-3,3.92971,1790323581.3680,decel,23.3934,7.5596,0.374,0.2,2.6,-1,-27.844,0.0,20.685,1273,0.0,44.800000000000004,13.6,39,2796,0.0,-54.400000000000006,15.3,40,-27.384,-0.46,0,
B-C-low-3,3.93171,1790323581.3700,decel,23.3934,7.5596,0.374,0.2,2.6,-1,-27.805,0.3352,20.692,1274,0.0,45.6,13.6,39,2796,0.0,-54.400000000000006,15.3,40,-27.384,-0.422,0,
B-C-low-3,3.93371,1790323581.3720,decel,23.3934,7.5596,0.374,0.2,2.6,-1,-27.805,0.0,20.692,1274,0.0,45.6,13.6,39,2796,0.0,-54.400000000000006,15.3,40,-27.384,-0.422,0,
B-C-low-3,3.93568,1790323581.3740,decel,23.3934,7.5596,0.374,0.2,2.6,-1,-27.805,0.0,20.692,1274,0.0,45.6,13.6,39,2796,0.0,-54.400000000000006,15.3,40,-27.384,-0.422,0,
B-C-low-3,3.93768,1790323581.3760,decel,23.3934,7.5596,0.374,0.2,2.6,-1,-27.844,-0.3347,20.685,1273,0.0,44.800000000000004,13.6,39,2796,0.0,-54.400000000000006,15.3,40,-27.384,-0.46,0,
B-C-low-3,3.93969,1790323581.3780,decel,23.3934,7.5596,0.374,0.2,2.6,-1,-27.844,0.0,20.685,1273,0.0,44.800000000000004,13.6,39,2796,0.0,-54.400000000000006,15.3,40,-27.384,-0.46,0,
B-C-low-3,3.94168,1790323581.3800,decel,23.3934,7.5596,0.374,0.2,2.6,-1,-27.844,0.0,20.685,1273,0.0,44.800000000000004,13.6,39,2796,0.0,-54.400000000000006,15.3,40,-27.384,-0.46,0,
B-C-low-3,3.94368,1790323581.3820,decel,23.3934,7.5596,0.374,0.2,2.6,-1,-27.844,0.0,20.685,1273,0.0,44.800000000000004,13.6,39,2796,0.0,-54.400000000000006,15.3,40,-27.384,-0.46,0,
B-C-low-3,3.94568,1790323581.3840,decel,23.3934,7.5596,0.374,0.2,2.6,-1,-27.844,0.0,20.685,1273,0.0,44.800000000000004,13.6,39,2796,0.0,-54.400000000000006,15.3,40,-27.384,-0.46,0,
B-C-low-3,3.94768,1790323581.3860,decel,23.3934,7.5596,0.374,0.2,2.6,-1,-27.805,0.3347,20.692,1274,0.0,45.6,13.6,39,2796,0.0,-54.400000000000006,15.3,40,-27.384,-0.422,0,
B-C-low-3,3.94968,1790323581.3880,decel,23.3934,7.5596,0.374,0.2,2.6,-1,-27.844,-0.3348,20.685,1273,0.0,44.800000000000004,13.6,39,2796,0.0,-54.400000000000006,15.3,40,-27.384,-0.46,0,
B-C-low-3,3.95168,1790323581.3900,decel,23.3934,7.5596,0.374,0.2,2.6,-1,-27.844,0.0,20.685,1273,0.0,44.800000000000004,13.6,39,2796,0.0,-54.400000000000006,15.3,40,-27.384,-0.46,0,
B-C-low-3,3.95368,1790323581.3920,decel,23.3934,7.5596,0.374,0.2,2.6,-1,-27.805,0.3347,20.692,1274,0.0,45.6,13.6,39,2796,0.0,-54.400000000000006,15.3,40,-27.384,-0.422,0,
B-C-low-3,3.95568,1790323581.3940,decel,23.3934,7.5596,0.374,0.2,2.6,-1,-27.844,-0.3346,20.685,1273,0.0,44.800000000000004,13.6,39,2796,0.0,-54.400000000000006,15.3,40,-27.384,-0.46,0,
B-C-low-3,3.95768,1790323581.3960,decel,23.3934,7.5596,0.374,0.2,2.6,-1,-27.844,0.0,20.685,1273,0.0,44.800000000000004,13.6,39,2796,0.0,-54.400000000000006,15.3,40,-27.384,-0.46,0,
B-C-low-3,3.95968,1790323581.3980,decel,23.3934,7.5596,0.374,0.2,2.6,-1,-27.805,0.3347,20.692,1274,0.0,45.6,13.6,39,2796,0.0,-54.400000000000006,15.3,40,-27.384,-0.422,0,
B-C-low-3,3.96169,1790323581.4000,decel,23.3934,7.5596,0.374,0.2,2.6,-1,-27.805,0.0,20.692,1274,0.0,45.6,13.6,39,2796,0.0,-54.400000000000006,15.3,40,-27.384,-0.422,0,
B-C-low-3,3.96369,1790323581.4020,decel,23.3934,7.5596,0.374,0.2,2.6,-1,-27.805,0.0,20.692,1274,0.0,45.6,13.6,39,2796,0.0,-54.400000000000006,15.3,40,-27.384,-0.422,0,
B-C-low-3,3.96569,1790323581.4040,decel,23.3934,7.5596,0.374,0.2,2.6,-1,-27.844,-0.3346,20.685,1273,0.0,44.800000000000004,13.6,39,2796,0.0,-54.400000000000006,15.3,40,-27.384,-0.46,0,
B-C-low-3,3.96769,1790323581.4060,decel,23.3934,7.5596,0.374,0.2,2.6,-1,-27.844,0.0,20.685,1273,0.0,44.800000000000004,13.6,39,2796,0.0,-54.400000000000006,15.3,40,-27.384,-0.46,0,
B-C-low-3,3.96969,1790323581.4080,decel,23.3934,7.5596,0.374,0.2,2.6,-1,-27.844,0.0,20.685,1273,0.0,44.800000000000004,13.6,39,2796,0.0,-54.400000000000006,15.3,40,-27.384,-0.46,0,
B-C-low-3,3.97169,1790323581.4100,decel,23.3934,7.5596,0.374,0.2,2.6,-1,-27.844,0.0,20.685,1273,0.0,44.800000000000004,13.6,39,2796,0.0,-54.400000000000006,15.3,40,-27.384,-0.46,0,
B-C-low-3,3.97369,1790323581.4120,decel,23.3934,7.5596,0.374,0.2,2.6,-1,-27.805,0.3347,20.692,1274,0.0,45.6,13.6,39,2796,0.0,-54.400000000000006,15.3,40,-27.384,-0.422,0,
B-C-low-3,3.97568,1790323581.4140,decel,23.3934,7.5596,0.374,0.2,2.6,-1,-27.805,0.0,20.692,1274,0.0,45.6,13.6,39,2796,0.0,-54.400000000000006,15.3,40,-27.384,-0.422,0,
B-C-low-3,3.97769,1790323581.4160,decel,23.3934,7.5596,0.374,0.2,2.6,-1,-27.844,-0.3346,20.685,1273,0.0,44.800000000000004,13.6,39,2796,0.0,-54.400000000000006,15.3,40,-27.384,-0.46,0,
B-C-low-3,3.97969,1790323581.4180,decel,23.3934,7.5596,0.374,0.2,2.6,-1,-27.844,0.0,20.685,1273,0.0,44.800000000000004,13.6,39,2796,0.0,-54.400000000000006,13.4,40,-27.384,-0.46,0,
B-C-low-3,3.98169,1790323581.4200,decel,23.3934,7.5596,0.374,0.2,2.6,-1,-27.844,0.0,20.685,1273,0.0,44.800000000000004,15.2,39,2796,0.0,-54.400000000000006,13.4,40,-27.384,-0.46,0,
B-C-low-3,3.98369,1790323581.4220,decel,23.3934,7.5596,0.374,0.2,2.6,-1,-27.844,0.0,20.685,1273,0.0,44.800000000000004,15.2,39,2795,0.0,-55.2,13.4,40,-27.345,-0.499,0,
B-C-low-3,3.98569,1790323581.4240,decel,23.3934,7.5596,0.374,0.2,2.6,-1,-27.844,0.0,20.685,1273,0.0,44.800000000000004,15.2,39,2796,0.0,-54.400000000000006,13.4,40,-27.384,-0.46,0,
B-C-low-3,3.98769,1790323581.4260,decel,23.3934,7.5596,0.374,0.2,2.6,-1,-27.844,0.0,20.685,1273,0.0,44.800000000000004,15.2,39,2796,0.0,-54.400000000000006,13.4,40,-27.384,-0.46,0,
B-C-low-3,3.98969,1790323581.4280,decel,23.3934,7.5596,0.374,0.2,2.6,-1,-27.844,0.0,20.685,1273,0.0,44.800000000000004,15.2,39,2796,0.0,-54.400000000000006,13.4,40,-27.384,-0.46,0,
B-C-low-3,3.99169,1790323581.4300,decel,23.3934,7.5596,0.374,0.2,2.6,-1,-27.844,0.0,20.685,1273,0.0,44.800000000000004,15.2,39,2796,0.0,-54.400000000000006,13.4,40,-27.384,-0.46,0,
B-C-low-3,3.99369,1790323581.4320,decel,23.3934,7.5596,0.374,0.2,2.6,-1,-27.805,0.3347,20.692,1274,0.0,45.6,15.2,39,2795,0.0,-55.2,13.4,40,-27.345,-0.46,0,
B-C-low-3,3.99569,1790323581.4340,decel,23.3934,7.5596,0.374,0.2,2.6,-1,-27.844,-0.3346,20.685,1273,0.0,44.800000000000004,15.2,39,2796,0.0,-54.400000000000006,13.4,40,-27.384,-0.46,0,
B-C-low-3,3.99769,1790323581.4360,decel,23.3934,7.5596,0.374,0.2,2.6,-1,-27.805,0.3346,20.692,1274,0.0,45.6,15.2,39,2796,0.0,-54.400000000000006,13.4,40,-27.384,-0.422,0,
B-C-low-3,3.99969,1790323581.4380,decel,23.3934,7.5596,0.374,0.2,2.6,-1,-27.844,-0.3347,20.685,1273,0.0,44.800000000000004,15.2,39,2796,0.0,-54.400000000000006,13.4,40,-27.384,-0.46,0,
