run_id,t_s,wall_time,phase,load_target_Nm,payload_kg,speed_target_rad_s,t_acc_s,t_const_s,dir,q_deg,q_dot_rad_s,tau_grav_Nm,pos1,spd1_rpm,load1_pct,volt1,temp1_C,pos2,spd2_rpm,load2_pct,volt2,temp2_C,q2_deg,dq12_deg,comm_fail,note
B-A-low-6,0.00171,1789994593.7916,accel,11.7275,3.6226,0.374,0.2,2.6,-1,30.26,0.0,10.129,2788,0.0,6.4,14.9,37,1285,0.0,-12.0,14.8,38,30.567,-0.307,0,
B-A-low-6,0.00369,1789994593.7936,accel,11.7275,3.6226,0.374,0.2,2.6,-1,30.26,0.0,10.129,2788,0.0,6.4,14.9,37,1285,0.0,-12.0,14.8,38,30.567,-0.307,0,
B-A-low-6,0.00567,1789994593.7955,accel,11.7275,3.6226,0.374,0.2,2.6,-1,30.26,0.0,10.129,2788,0.0,6.4,14.9,37,1285,0.0,-12.0,14.8,38,30.567,-0.307,0,
B-A-low-6,0.00767,1789994593.7975,accel,11.7275,3.6226,0.374,0.2,2.6,-1,30.26,0.0,10.129,2788,0.0,6.4,14.9,37,1285,0.0,-12.0,14.8,38,30.567,-0.307,0,
B-A-low-6,0.00961,1789994593.7995,accel,11.7275,3.6226,0.374,0.2,2.6,-1,30.26,0.0,10.129,2788,0.0,6.4,14.9,37,1285,0.0,-12.0,14.8,38,30.567,-0.307,0,
B-A-low-6,0.01161,1789994593.8015,accel,11.7275,3.6226,0.374,0.2,2.6,-1,30.26,0.0,10.129,2788,0.0,7.2,14.9,37,1285,0.0,-12.0,14.8,38,30.567,-0.307,0,
B-A-low-6,0.01358,1789994593.8034,accel,11.7275,3.6226,0.374,0.2,2.6,-1,30.26,0.0,10.129,2788,0.0,7.2,14.9,37,1285,0.0,-12.8,14.8,38,30.567,-0.307,0,
B-A-low-6,0.01572,1789994593.8056,accel,11.7275,3.6226,0.374,0.2,2.6,-1,30.26,0.0,10.129,2788,0.0,7.2,14.9,37,1285,0.0,-12.8,14.8,38,30.567,-0.307,0,
B-A-low-6,0.01772,1789994593.8076,accel,11.7275,3.6226,0.374,0.2,2.6,-1,30.26,0.0,10.129,2788,0.0,7.2,14.9,37,1285,0.0,-12.8,14.8,38,30.567,-0.307,0,
B-A-low-6,0.01954,1789994593.8094,accel,11.7275,3.6226,0.374,0.2,2.6,-1,30.26,0.0,10.129,2788,0.0,7.2,14.9,37,1285,0.0,-12.8,14.8,38,30.567,-0.307,0,
B-A-low-6,0.02154,1789994593.8114,accel,11.7275,3.6226,0.374,0.2,2.6,-1,30.26,0.0,10.129,2788,0.0,8.0,14.9,37,1285,0.0,-13.600000000000001,14.8,38,30.567,-0.307,0,
B-A-low-6,0.02353,1789994593.8134,accel,11.7275,3.6226,0.374,0.2,2.6,-1,30.26,0.0,10.129,2788,0.0,8.0,14.9,37,1285,0.0,-13.600000000000001,14.8,38,30.567,-0.307,0,
B-A-low-6,0.02555,1789994593.8154,accel,11.7275,3.6226,0.374,0.2,2.6,-1,30.26,0.0,10.129,2788,0.0,8.8,14.9,37,1285,0.0,-13.600000000000001,14.8,38,30.567,-0.307,0,
B-A-low-6,0.02753,1789994593.8174,accel,11.7275,3.6226,0.374,0.2,2.6,-1,30.26,0.0,10.129,2788,0.0,8.8,14.9,37,1285,0.0,-14.4,14.8,38,30.567,-0.307,0,
B-A-low-6,0.02952,1789994593.8194,accel,11.7275,3.6226,0.374,0.2,2.6,-1,30.26,0.0,10.129,2788,0.0,9.600000000000001,14.9,37,1285,0.0,-14.4,14.8,38,30.567,-0.307,0,
B-A-low-6,0.03153,1789994593.8214,accel,11.7275,3.6226,0.374,0.2,2.6,-1,30.26,0.0,10.129,2788,0.0,9.600000000000001,14.9,37,1285,0.0,-15.200000000000001,14.8,38,30.567,-0.307,0,
B-A-low-6,0.03352,1789994593.8234,accel,11.7275,3.6226,0.374,0.2,2.6,-1,30.26,0.0,10.129,2788,0.0,10.4,14.9,37,1285,0.0,-15.200000000000001,14.8,38,30.567,-0.307,0,
B-A-low-6,0.03552,1789994593.8254,accel,11.7275,3.6226,0.374,0.2,2.6,-1,30.26,0.0,10.129,2788,0.0,10.4,14.9,37,1285,0.0,-16.0,14.8,38,30.567,-0.307,0,
B-A-low-6,0.03752,1789994593.8274,accel,11.7275,3.6226,0.374,0.2,2.6,-1,30.26,0.0,10.129,2788,0.0,11.200000000000001,14.9,37,1285,0.0,-16.8,14.8,38,30.567,-0.307,0,
B-A-low-6,0.03954,1789994593.8294,accel,11.7275,3.6226,0.374,0.2,2.6,-1,30.26,0.0,10.129,2788,0.0,12.0,14.9,37,1285,0.0,-16.8,14.8,38,30.567,-0.307,0,
B-A-low-6,0.04153,1789994593.8314,accel,11.7275,3.6226,0.374,0.2,2.6,-1,30.26,0.0,10.129,2788,0.0,12.0,14.9,37,1285,0.0,-17.6,14.8,38,30.567,-0.307,0,
B-A-low-6,0.04353,1789994593.8334,accel,11.7275,3.6226,0.374,0.2,2.6,-1,30.26,0.0,10.129,2788,0.0,12.8,14.9,37,1285,0.0,-17.6,14.8,38,30.567,-0.307,0,
B-A-low-6,0.04553,1789994593.8354,accel,11.7275,3.6226,0.374,0.2,2.6,-1,30.26,0.0,10.129,2788,0.0,12.8,14.9,37,1285,0.0,-18.400000000000002,14.8,38,30.567,-0.307,0,
B-A-low-6,0.04753,1789994593.8374,accel,11.7275,3.6226,0.374,0.2,2.6,-1,30.26,0.0,10.129,2788,0.0,14.4,14.9,37,1285,0.0,-19.200000000000003,14.8,38,30.567,-0.307,0,
B-A-low-6,0.04953,1789994593.8394,accel,11.7275,3.6226,0.374,0.2,2.6,-1,30.26,0.0,10.129,2788,0.0,14.4,14.9,37,1285,0.0,-20.0,14.8,38,30.567,-0.307,0,
B-A-low-6,0.05153,1789994593.8414,accel,11.7275,3.6226,0.374,0.2,2.6,-1,30.26,0.0,10.129,2788,0.0,15.200000000000001,14.9,37,1285,0.0,-20.8,14.8,38,30.567,-0.307,0,
B-A-low-6,0.05353,1789994593.8434,accel,11.7275,3.6226,0.374,0.2,2.6,-1,30.26,0.0,10.129,2788,0.0,16.0,14.9,37,1285,0.0,-20.8,14.8,38,30.567,-0.307,0,
B-A-low-6,0.05552,1789994593.8454,accel,11.7275,3.6226,0.374,0.2,2.6,-1,30.26,0.0,10.129,2788,0.0,16.8,14.9,37,1285,0.0,-21.6,14.8,38,30.567,-0.307,0,
B-A-low-6,0.05753,1789994593.8474,accel,11.7275,3.6226,0.374,0.2,2.6,-1,30.26,0.0,10.129,2788,0.0,17.6,14.9,37,1285,0.0,-22.400000000000002,14.8,38,30.567,-0.307,0,
B-A-low-6,0.05953,1789994593.8494,accel,11.7275,3.6226,0.374,0.2,2.6,-1,30.26,0.0,10.129,2788,0.0,18.400000000000002,14.9,37,1285,0.0,-23.200000000000003,14.8,38,30.567,-0.307,0,
B-A-low-6,0.06152,1789994593.8514,accel,11.7275,3.6226,0.374,0.2,2.6,-1,30.26,0.0,10.129,2788,0.0,19.200000000000003,14.9,37,1285,0.0,-24.0,14.8,38,30.567,-0.307,0,
B-A-low-6,0.06352,1789994593.8534,accel,11.7275,3.6226,0.374,0.2,2.6,-1,30.26,0.0,10.129,2788,0.0,20.0,14.9,37,1285,0.0,-24.8,14.8,38,30.567,-0.307,0,
B-A-low-6,0.06553,1789994593.8554,accel,11.7275,3.6226,0.374,0.2,2.6,-1,30.26,0.0,10.129,2788,0.0,20.8,14.9,37,1285,0.0,-25.6,14.8,38,30.567,-0.307,0,
B-A-low-6,0.06753,1789994593.8574,accel,11.7275,3.6226,0.374,0.2,2.6,-1,30.26,0.0,10.129,2788,0.0,21.6,14.9,37,1285,0.0,-27.200000000000003,14.8,38,30.567,-0.307,0,
B-A-low-6,0.06953,1789994593.8594,accel,11.7275,3.6226,0.374,0.2,2.6,-1,30.26,0.0,10.129,2788,0.0,22.400000000000002,14.9,37,1285,0.0,-28.0,14.8,38,30.567,-0.307,0,
B-A-low-6,0.07152,1789994593.8614,accel,11.7275,3.6226,0.374,0.2,2.6,-1,30.26,0.0,10.129,2788,0.0,23.200000000000003,14.9,37,1285,0.0,-28.8,14.8,38,30.567,-0.307,0,
B-A-low-6,0.07352,1789994593.8634,accel,11.7275,3.6226,0.374,0.2,2.6,-1,30.26,0.0,10.129,2788,0.0,24.0,14.9,37,1285,0.0,-29.6,14.8,38,30.567,-0.307,0,
B-A-low-6,0.07552,1789994593.8654,accel,11.7275,3.6226,0.374,0.2,2.6,-1,30.222,-0.3347,10.133,2787,0.0,24.0,14.9,37,1286,0.0,-29.6,14.8,38,30.528,-0.307,0,
B-A-low-6,0.07751,1789994593.8674,accel,11.7275,3.6226,0.374,0.2,2.6,-1,30.26,0.3374,10.129,2788,0.0,25.6,14.9,37,1286,0.0,-30.400000000000002,14.8,38,30.528,-0.268,0,
B-A-low-6,0.07954,1789994593.8694,accel,11.7275,3.6226,0.374,0.2,2.6,-1,30.26,0.0,10.129,2788,0.0,27.200000000000003,14.9,37,1286,0.0,-31.200000000000003,14.8,38,30.528,-0.268,0,
B-A-low-6,0.08153,1789994593.8714,accel,11.7275,3.6226,0.374,0.2,2.6,-1,30.222,-0.3369,10.133,2787,0.0,27.200000000000003,14.9,37,1286,0.0,-32.0,14.8,38,30.528,-0.307,0,
B-A-low-6,0.08353,1789994593.8734,accel,11.7275,3.6226,0.374,0.2,2.6,-1,30.222,0.0,10.133,2787,0.0,28.0,14.9,37,1286,0.0,-32.800000000000004,14.8,38,30.528,-0.307,0,
B-A-low-6,0.08553,1789994593.8754,accel,11.7275,3.6226,0.374,0.2,2.6,-1,30.222,0.0,10.133,2787,0.0,28.8,14.9,37,1286,0.0,-33.6,14.8,38,30.528,-0.307,0,
B-A-low-6,0.08752,1789994593.8774,accel,11.7275,3.6226,0.374,0.2,2.6,-1,30.183,-0.3363,10.137,2786,-1.01,27.1,14.9,37,1286,0.0,-34.4,14.8,38,30.528,-0.345,0,
B-A-low-6,0.08952,1789994593.8794,accel,11.7275,3.6226,0.374,0.2,2.6,-1,30.183,0.0,10.137,2786,-1.01,28.700000000000003,14.9,37,1287,1.01,-32.7,14.8,38,30.49,-0.307,0,
B-A-low-6,0.09152,1789994593.8814,accel,11.7275,3.6226,0.374,0.2,2.6,-1,30.183,0.0,10.137,2786,-1.01,29.5,14.9,37,1287,1.01,-34.300000000000004,14.8,38,30.49,-0.307,0,
B-A-low-6,0.09352,1789994593.8834,accel,11.7275,3.6226,0.374,0.2,2.6,-1,30.183,0.0,10.137,2786,-1.01,30.3,14.9,37,1287,1.01,-35.1,14.8,38,30.49,-0.307,0,
B-A-low-6,0.0955,1789994593.8854,accel,11.7275,3.6226,0.374,0.2,2.6,-1,30.145,-0.3378,10.141,2785,-1.51,29.400000000000002,14.9,37,1287,1.01,-35.9,14.8,38,30.49,-0.345,0,
B-A-low-6,0.09751,1789994593.8874,accel,11.7275,3.6226,0.374,0.2,2.6,-1,30.145,0.0,10.141,2785,-1.51,30.200000000000003,14.9,37,1288,1.51,-35.0,14.8,38,30.452,-0.307,0,
B-A-low-6,0.0995,1789994593.8894,accel,11.7275,3.6226,0.374,0.2,2.6,-1,30.145,0.0,10.141,2785,-1.51,31.0,14.9,37,1288,1.51,-35.800000000000004,14.8,38,30.452,-0.307,0,
B-A-low-6,0.1015,1789994593.8914,accel,11.7275,3.6226,0.374,0.2,2.6,-1,30.145,0.0,10.141,2785,-1.51,31.8,14.9,37,1289,2.01,-34.9,14.8,38,30.413,-0.268,0,
B-A-low-6,0.1035,1789994593.8934,accel,11.7275,3.6226,0.374,0.2,2.6,-1,30.107,-0.3353,10.145,2784,-2.01,30.900000000000002,14.9,37,1290,2.52,-34.1,14.8,38,30.375,-0.268,0,
B-A-low-6,0.1055,1789994593.8954,accel,11.7275,3.6226,0.374,0.2,2.6,-1,30.107,0.0,10.145,2784,-2.01,31.700000000000003,14.9,37,1290,2.01,-35.7,14.8,38,30.375,-0.268,0,
B-A-low-6,0.1075,1789994593.8974,accel,11.7275,3.6226,0.374,0.2,2.6,-1,30.068,-0.3344,10.149,2783,-2.52,30.900000000000002,14.9,37,1290,2.01,-37.300000000000004,14.8,38,30.375,-0.307,0,
B-A-low-6,0.1095,1789994593.8994,accel,11.7275,3.6226,0.374,0.2,2.6,-1,30.068,0.0,10.149,2783,-2.52,31.700000000000003,14.9,37,1291,2.52,-36.5,14.8,38,30.337,-0.268,0,
B-A-low-6,0.1115,1789994593.9014,accel,11.7275,3.6226,0.374,0.2,2.6,-1,30.068,0.0,10.149,2783,-1.51,35.0,14.9,37,1291,2.52,-37.300000000000004,14.8,38,30.337,-0.268,0,
B-A-low-6,0.1135,1789994593.9034,accel,11.7275,3.6226,0.374,0.2,2.6,-1,30.03,-0.3348,10.153,2782,-2.52,33.300000000000004,14.9,37,1292,3.02,-36.4,14.8,38,30.298,-0.268,0,
B-A-low-6,0.1155,1789994593.9054,accel,11.7275,3.6226,0.374,0.2,2.6,-1,30.03,0.0,10.153,2782,-2.01,34.9,14.9,37,1292,3.02,-37.2,14.8,38,30.298,-0.268,0,
B-A-low-6,0.1175,1789994593.9074,accel,11.7275,3.6226,0.374,0.2,2.6,-1,29.991,-0.3347,10.157,2781,-2.52,34.1,14.9,37,1293,3.02,-38.0,14.8,38,30.26,-0.268,0,
B-A-low-6,0.1195,1789994593.9094,accel,11.7275,3.6226,0.374,0.2,2.6,-1,29.991,0.0,10.157,2781,-2.52,34.9,14.9,37,1294,4.03,-36.2,14.8,38,30.222,-0.23,0,
B-A-low-6,0.1215,1789994593.9114,accel,11.7275,3.6226,0.374,0.2,2.6,-1,29.953,-0.3345,10.161,2780,-3.02,34.800000000000004,14.9,37,1295,4.03,-36.2,14.8,38,30.183,-0.23,0,
B-A-low-6,0.1235,1789994593.9134,accel,11.7275,3.6226,0.374,0.2,2.6,-1,29.953,0.0,10.161,2780,-3.02,35.6,14.9,37,1295,4.03,-37.0,14.8,38,30.183,-0.23,0,
B-A-low-6,0.1255,1789994593.9154,accel,11.7275,3.6226,0.374,0.2,2.6,-1,29.915,-0.3348,10.165,2779,-3.02,35.6,14.9,37,1296,4.03,-37.0,14.8,38,30.145,-0.23,0,
B-A-low-6,0.1275,1789994593.9174,accel,11.7275,3.6226,0.374,0.2,2.6,-1,29.876,-0.3347,10.169,2778,-3.52,34.7,14.9,37,1297,4.53,-36.2,14.8,38,30.107,-0.23,0,
B-A-low-6,0.1295,1789994593.9194,accel,11.7275,3.6226,0.374,0.2,2.6,-1,29.838,-0.3347,10.173,2777,-4.03,33.800000000000004,14.9,37,1298,4.53,-36.2,14.8,38,30.068,-0.23,0,
B-A-low-6,0.1315,1789994593.9214,accel,11.7275,3.6226,0.374,0.2,2.6,-1,29.8,-0.3347,10.177,2776,-4.53,33.0,14.9,37,1299,5.03,-35.300000000000004,14.8,38,30.03,-0.23,0,
B-A-low-6,0.1335,1789994593.9234,accel,11.7275,3.6226,0.374,0.2,2.6,-1,29.8,0.0,10.177,2776,-4.03,34.6,14.9,37,1299,4.53,-37.0,14.8,38,30.03,-0.23,0,
B-A-low-6,0.1355,1789994593.9254,accel,11.7275,3.6226,0.374,0.2,2.6,-1,29.761,-0.3347,10.18,2775,-4.03,34.6,14.9,37,1300,5.03,-36.1,14.8,38,29.991,-0.23,0,
B-A-low-6,0.1375,1789994593.9274,accel,11.7275,3.6226,0.374,0.2,2.6,-1,29.723,-0.3348,10.184,2774,-4.53,33.800000000000004,14.9,37,1300,5.03,-36.9,14.8,38,29.991,-0.268,0,
B-A-low-6,0.1395,1789994593.9294,accel,11.7275,3.6226,0.374,0.2,2.6,-1,29.685,-0.334,10.188,2773,-5.03,33.7,14.9,37,1301,5.03,-36.9,14.8,38,29.953,-0.268,0,
B-A-low-6,0.14151,1789994593.9314,accel,11.7275,3.6226,0.374,0.2,2.6,-1,29.646,-0.3345,10.192,2772,-5.03,33.7,14.9,37,1302,5.03,-37.7,14.8,38,29.915,-0.268,0,
B-A-low-6,0.1435,1789994593.9334,accel,11.7275,3.6226,0.374,0.2,2.6,-1,29.608,-0.3356,10.196,2771,-5.54,32.800000000000004,14.9,37,1303,5.54,-36.800000000000004,14.3,38,29.876,-0.268,0,
B-A-low-6,0.1455,1789994593.9354,accel,11.7275,3.6226,0.374,0.2,2.6,-1,29.57,-0.3348,10.2,2770,-6.04,31.900000000000002,14.9,37,1304,6.04,-35.9,14.3,38,29.838,-0.268,0,
B-A-low-6,0.1475,1789994593.9374,accel,11.7275,3.6226,0.374,0.2,2.6,-1,29.531,-0.334,10.204,2769,-6.04,31.900000000000002,14.9,37,1304,5.54,-37.6,14.3,38,29.838,-0.307,0,
B-A-low-6,0.1495,1789994593.9394,accel,11.7275,3.6226,0.374,0.2,2.6,-1,29.493,-0.3346,10.208,2768,-6.04,31.900000000000002,14.9,37,1306,6.04,-35.9,14.3,38,29.761,-0.268,0,
B-A-low-6,0.1515,1789994593.9414,accel,11.7275,3.6226,0.374,0.2,2.6,-1,29.455,-0.3348,10.211,2767,-6.54,31.1,14.9,37,1306,5.54,-37.6,14.3,38,29.761,-0.307,0,
B-A-low-6,0.1535,1789994593.9434,accel,11.7275,3.6226,0.374,0.2,2.6,-1,29.416,-0.3348,10.215,2766,-6.54,31.1,14.9,37,1307,5.54,-37.6,14.3,38,29.723,-0.307,0,
B-A-low-6,0.1555,1789994593.9454,accel,11.7275,3.6226,0.374,0.2,2.6,-1,29.378,-0.3352,10.219,2765,-6.54,31.900000000000002,14.9,37,1308,6.04,-36.7,14.3,38,29.685,-0.307,0,
B-A-low-6,0.1575,1789994593.9474,accel,11.7275,3.6226,0.374,0.2,2.6,-1,29.339,-0.3347,10.223,2764,-7.04,31.0,14.9,37,1309,6.04,-36.7,14.3,38,29.646,-0.307,0,
B-A-low-6,0.1595,1789994593.9494,accel,11.7275,3.6226,0.374,0.2,2.6,-1,29.301,-0.3346,10.227,2763,-7.04,31.0,14.9,37,1310,5.54,-38.400000000000006,14.3,38,29.608,-0.307,0,
B-A-low-6,0.1615,1789994593.9514,accel,11.7275,3.6226,0.374,0.2,2.6,-1,29.263,-0.3347,10.231,2762,-7.04,31.0,14.9,37,1311,6.04,-37.5,14.3,38,29.57,-0.307,0,
B-A-low-6,0.1635,1789994593.9534,accel,11.7275,3.6226,0.374,0.2,2.6,-1,29.224,-0.3346,10.235,2761,-7.04,31.0,14.9,37,1312,6.04,-37.5,14.3,38,29.531,-0.307,0,
B-A-low-6,0.1655,1789994593.9554,accel,11.7275,3.6226,0.374,0.2,2.6,-1,29.186,-0.335,10.238,2760,-7.04,31.0,14.9,37,1314,7.04,-35.0,14.3,38,29.455,-0.268,0,
B-A-low-6,0.1675,1789994593.9574,accel,11.7275,3.6226,0.374,0.2,2.6,-1,29.148,-0.3346,10.242,2759,-7.55,30.1,14.9,37,1315,7.04,-35.0,14.3,38,29.416,-0.268,0,
B-A-low-6,0.1695,1789994593.9594,accel,11.7275,3.6226,0.374,0.2,2.6,-1,29.109,-0.3347,10.246,2758,-7.55,30.1,14.9,37,1316,7.04,-35.0,14.3,38,29.378,-0.268,0,
B-A-low-6,0.1715,1789994593.9614,accel,11.7275,3.6226,0.374,0.2,2.6,-1,29.033,-0.6695,10.254,2756,-7.55,30.1,14.9,37,1318,8.05,-32.4,14.3,38,29.301,-0.268,0,
B-A-low-6,0.1735,1789994593.9634,accel,11.7275,3.6226,0.374,0.2,2.6,-1,28.994,-0.3346,10.257,2755,-8.05,29.200000000000003,14.9,37,1319,8.05,-32.4,14.3,38,29.263,-0.268,0,
B-A-low-6,0.1755,1789994593.9654,accel,11.7275,3.6226,0.374,0.2,2.6,-1,28.956,-0.3348,10.261,2754,-8.05,29.200000000000003,14.9,37,1320,8.05,-32.4,14.3,38,29.224,-0.268,0,
B-A-low-6,0.1775,1789994593.9674,accel,11.7275,3.6226,0.374,0.2,2.6,-1,28.879,-0.669,10.269,2752,-8.55,27.6,14.9,37,1321,8.05,-32.4,14.3,38,29.186,-0.307,0,
B-A-low-6,0.17951,1789994593.9694,accel,11.7275,3.6226,0.374,0.2,2.6,-1,28.841,-0.3334,10.273,2751,-8.05,28.400000000000002,14.9,37,1322,8.05,-32.4,14.3,38,29.148,-0.307,0,
B-A-low-6,0.18151,1789994593.9714,accel,11.7275,3.6226,0.374,0.2,2.6,-1,28.764,-0.6698,10.28,2749,-9.06,25.900000000000002,14.9,37,1324,8.55,-31.6,14.3,38,29.071,-0.307,0,
B-A-low-6,0.1835,1789994593.9734,accel,11.7275,3.6226,0.374,0.2,2.6,-1,28.726,-0.3353,10.284,2748,-8.55,26.8,14.9,37,1325,9.06,-30.700000000000003,14.3,38,29.033,-0.307,0,
B-A-low-6,0.1855,1789994593.9754,accel,11.7275,3.6226,0.374,0.2,2.6,-1,28.688,-0.335,10.288,2747,-8.55,26.8,14.9,37,1327,9.56,-29.0,14.3,38,28.956,-0.268,0,
B-A-low-6,0.1875,1789994593.9774,accel,11.7275,3.6226,0.374,0.2,2.6,-1,28.649,-0.3349,10.292,2746,-8.55,26.8,14.9,37,1328,9.06,-29.900000000000002,14.3,38,28.918,-0.268,0,
B-A-low-6,0.1895,1789994593.9794,accel,11.7275,3.6226,0.374,0.2,2.6,-1,28.611,-0.3342,10.295,2745,-8.55,26.8,14.9,37,1330,10.06,-27.3,14.3,38,28.841,-0.23,0,
B-A-low-6,0.1915,1789994593.9814,accel,11.7275,3.6226,0.374,0.2,2.6,-1,28.534,-0.6695,10.303,2743,-9.56,24.200000000000003,14.9,37,1332,10.06,-26.5,14.3,38,28.764,-0.23,0,
B-A-low-6,0.1935,1789994593.9834,accel,11.7275,3.6226,0.374,0.2,2.6,-1,28.457,-0.6702,10.31,2741,-9.56,24.200000000000003,14.9,37,1333,10.06,-26.5,14.3,38,28.726,-0.268,0,
B-A-low-6,0.1955,1789994593.9854,accel,11.7275,3.6226,0.374,0.2,2.6,-1,28.419,-0.3348,10.314,2740,-9.56,24.200000000000003,14.9,37,1334,10.06,-26.5,14.3,38,28.688,-0.268,0,
B-A-low-6,0.1975,1789994593.9874,accel,11.7275,3.6226,0.374,0.2,2.6,-1,28.342,-0.6684,10.321,2738,-10.06,22.5,14.9,37,1336,10.57,-24.900000000000002,14.3,38,28.611,-0.268,0,
B-A-low-6,0.1995,1789994593.9894,accel,11.7275,3.6226,0.374,0.2,2.6,-1,28.304,-0.3346,10.325,2737,-10.06,22.5,14.9,37,1338,10.57,-24.900000000000002,14.3,38,28.534,-0.23,0,
B-A-low-6,0.2015,1789994593.9914,const,11.7275,3.6226,0.374,0.2,2.6,-1,28.266,-0.3347,10.329,2736,-10.06,22.5,14.9,37,1340,11.07,-23.200000000000003,14.3,38,28.457,-0.192,0,
B-A-low-6,0.2035,1789994593.9934,const,11.7275,3.6226,0.374,0.2,2.6,-1,28.189,-0.6703,10.336,2734,-10.06,22.5,14.9,37,1341,11.07,-23.200000000000003,14.3,38,28.419,-0.23,0,
B-A-low-6,0.2055,1789994593.9954,const,11.7275,3.6226,0.374,0.2,2.6,-1,28.151,-0.3348,10.34,2733,-10.57,21.700000000000003,14.9,37,1342,10.57,-24.1,14.3,38,28.381,-0.23,0,
B-A-low-6,0.2075,1789994593.9974,const,11.7275,3.6226,0.374,0.2,2.6,-1,28.112,-0.3346,10.344,2732,-10.06,22.5,14.9,37,1344,11.07,-22.400000000000002,14.3,38,28.304,-0.192,0,
B-A-low-6,0.2095,1789994593.9994,const,11.7275,3.6226,0.374,0.2,2.6,-1,28.036,-0.6697,10.351,2730,-10.57,20.900000000000002,14.9,37,1346,11.07,-21.6,14.3,38,28.227,-0.192,0,
B-A-low-6,0.2115,1789994594.0014,const,11.7275,3.6226,0.374,0.2,2.6,-1,27.959,-0.6691,10.359,2728,-10.57,20.1,14.9,37,1347,11.07,-21.6,14.3,38,28.189,-0.23,0,
B-A-low-6,0.2135,1789994594.0034,const,11.7275,3.6226,0.374,0.2,2.6,-1,27.92,-0.335,10.362,2727,-10.57,20.1,14.9,37,1348,10.57,-22.5,14.3,38,28.151,-0.23,0,
B-A-low-6,0.2155,1789994594.0054,const,11.7275,3.6226,0.374,0.2,2.6,-1,27.844,-0.6693,10.37,2725,-11.07,18.400000000000002,14.9,37,1350,11.57,-19.900000000000002,14.3,38,28.074,-0.23,0,
B-A-low-6,0.2175,1789994594.0074,const,11.7275,3.6226,0.374,0.2,2.6,-1,27.805,-0.3347,10.373,2724,-10.57,19.3,14.9,37,1351,11.07,-20.8,14.3,38,28.036,-0.23,0,
B-A-low-6,0.2195,1789994594.0094,const,11.7275,3.6226,0.374,0.2,2.6,-1,27.767,-0.3346,10.377,2723,-10.57,19.3,14.9,37,1352,11.07,-20.8,14.3,38,27.997,-0.23,0,
B-A-low-6,0.2215,1789994594.0114,const,11.7275,3.6226,0.374,0.2,2.6,-1,27.69,-0.6697,10.384,2721,-10.57,19.3,14.9,37,1353,10.57,-21.700000000000003,14.3,38,27.959,-0.268,0,
B-A-low-6,0.2235,1789994594.0134,const,11.7275,3.6226,0.374,0.2,2.6,-1,27.614,-0.6691,10.391,2719,-10.57,18.5,14.9,37,1356,11.07,-20.0,14.3,38,27.844,-0.23,0,
B-A-low-6,0.2255,1789994594.0154,const,11.7275,3.6226,0.374,0.2,2.6,-1,27.575,-0.3348,10.395,2718,-11.07,17.6,14.9,37,1357,11.07,-20.0,14.3,38,27.805,-0.23,0,
B-A-low-6,0.2275,1789994594.0174,const,11.7275,3.6226,0.374,0.2,2.6,-1,27.537,-0.3347,10.399,2717,-10.57,18.5,14.9,37,1358,10.57,-20.900000000000002,14.3,38,27.767,-0.23,0,
B-A-low-6,0.2295,1789994594.0194,const,11.7275,3.6226,0.374,0.2,2.6,-1,27.499,-0.3343,10.402,2716,-10.57,17.7,14.9,37,1359,10.57,-20.900000000000002,14.3,38,27.729,-0.23,0,
B-A-low-6,0.2315,1789994594.0214,const,11.7275,3.6226,0.374,0.2,2.6,-1,27.422,-0.6696,10.41,2714,-10.06,18.5,14.9,37,1361,10.57,-20.900000000000002,14.3,38,27.652,-0.23,0,
B-A-low-6,0.2335,1789994594.0234,const,11.7275,3.6226,0.374,0.2,2.6,-1,27.384,-0.3346,10.413,2713,-10.57,17.7,14.9,37,1362,10.57,-20.900000000000002,14.3,38,27.614,-0.23,0,
B-A-low-6,0.2355,1789994594.0254,const,11.7275,3.6226,0.374,0.2,2.6,-1,27.345,-0.3356,10.417,2712,-10.06,19.3,14.9,37,1363,10.06,-21.700000000000003,14.3,38,27.575,-0.23,0,
B-A-low-6,0.2375,1789994594.0274,const,11.7275,3.6226,0.374,0.2,2.6,-1,27.268,-0.6691,10.424,2710,-10.57,17.7,14.9,37,1365,10.06,-20.900000000000002,14.3,38,27.499,-0.23,0,
B-A-low-6,0.2395,1789994594.0294,const,11.7275,3.6226,0.374,0.2,2.6,-1,27.23,-0.3342,10.428,2709,-10.06,18.5,14.9,37,1366,10.06,-20.900000000000002,14.3,38,27.46,-0.23,0,
B-A-low-6,0.2415,1789994594.0314,const,11.7275,3.6226,0.374,0.2,2.6,-1,27.192,-0.3347,10.431,2708,-10.06,18.5,14.9,37,1367,9.56,-21.8,14.3,38,27.422,-0.23,0,
B-A-low-6,0.2435,1789994594.0334,const,11.7275,3.6226,0.374,0.2,2.6,-1,27.115,-0.6688,10.438,2706,-10.06,17.7,14.9,37,1369,10.06,-20.1,14.3,38,27.345,-0.23,0,
B-A-low-6,0.2455,1789994594.0354,const,11.7275,3.6226,0.374,0.2,2.6,-1,27.077,-0.3353,10.442,2705,-10.06,17.7,14.9,37,1370,10.06,-20.1,14.3,38,27.307,-0.23,0,
B-A-low-6,0.2475,1789994594.0374,const,11.7275,3.6226,0.374,0.2,2.6,-1,27.038,-0.3346,10.446,2704,-10.06,17.7,14.9,37,1370,9.56,-21.8,14.3,38,27.307,-0.268,0,
B-A-low-6,0.2495,1789994594.0394,const,11.7275,3.6226,0.374,0.2,2.6,-1,27.0,-0.3348,10.449,2703,-9.56,18.6,14.9,37,1372,9.56,-21.8,14.3,38,27.23,-0.23,0,
B-A-low-6,0.2515,1789994594.0414,const,11.7275,3.6226,0.374,0.2,2.6,-1,26.923,-0.6691,10.456,2701,-10.06,16.900000000000002,14.9,37,1374,9.56,-21.0,14.3,38,27.153,-0.23,0,
B-A-low-6,0.2535,1789994594.0434,const,11.7275,3.6226,0.374,0.2,2.6,-1,26.885,-0.3349,10.46,2700,-9.56,18.6,14.9,37,1375,9.56,-21.0,14.3,38,27.115,-0.23,0,
B-A-low-6,0.2555,1789994594.0454,const,11.7275,3.6226,0.374,0.2,2.6,-1,26.847,-0.3346,10.463,2699,-9.56,18.6,14.9,37,1376,9.56,-21.0,14.3,38,27.077,-0.23,0,
B-A-low-6,0.2575,1789994594.0474,const,11.7275,3.6226,0.374,0.2,2.6,-1,26.808,-0.3352,10.467,2698,-9.06,19.5,14.9,37,1377,9.06,-21.900000000000002,14.3,38,27.038,-0.23,0,
B-A-low-6,0.2595,1789994594.0494,const,11.7275,3.6226,0.374,0.2,2.6,-1,26.77,-0.3346,10.47,2697,-9.06,19.5,13.8,37,1379,9.06,-21.1,15.2,38,26.962,-0.192,0,
B-A-low-6,0.2615,1789994594.0514,const,11.7275,3.6226,0.374,0.2,2.6,-1,26.693,-0.6693,10.477,2695,-9.06,18.7,13.8,37,1380,9.06,-21.1,15.2,38,26.923,-0.23,0,
B-A-low-6,0.2635,1789994594.0534,const,11.7275,3.6226,0.374,0.2,2.6,-1,26.655,-0.3347,10.481,2694,-9.06,18.7,13.8,37,1381,9.06,-21.1,15.2,38,26.885,-0.23,0,
B-A-low-6,0.26549,1789994594.0554,const,11.7275,3.6226,0.374,0.2,2.6,-1,26.616,-0.3348,10.484,2693,-9.06,18.7,13.8,37,1382,9.56,-20.200000000000003,15.2,38,26.847,-0.23,0,
B-A-low-6,0.2675,1789994594.0574,const,11.7275,3.6226,0.374,0.2,2.6,-1,26.578,-0.3346,10.488,2692,-9.06,18.7,13.8,37,1384,9.56,-19.400000000000002,15.2,38,26.77,-0.192,0,
B-A-low-6,0.2695,1789994594.0594,const,11.7275,3.6226,0.374,0.2,2.6,-1,26.501,-0.6695,10.495,2690,-9.56,17.0,13.8,37,1384,9.06,-21.1,15.2,38,26.77,-0.268,0,
B-A-low-6,0.2715,1789994594.0614,const,11.7275,3.6226,0.374,0.2,2.6,-1,26.463,-0.3338,10.499,2689,-9.06,18.7,13.8,37,1385,9.06,-21.1,15.2,38,26.732,-0.268,0,
B-A-low-6,0.2735,1789994594.0634,const,11.7275,3.6226,0.374,0.2,2.6,-1,26.425,-0.3342,10.502,2688,-8.55,19.6,13.8,37,1387,9.06,-21.1,15.2,38,26.655,-0.23,0,
B-A-low-6,0.2755,1789994594.0654,const,11.7275,3.6226,0.374,0.2,2.6,-1,26.348,-0.6711,10.509,2686,-8.55,19.6,13.8,37,1388,9.06,-21.1,15.2,38,26.616,-0.268,0,
B-A-low-6,0.2775,1789994594.0674,const,11.7275,3.6226,0.374,0.2,2.6,-1,26.31,-0.3349,10.512,2685,-8.55,19.6,13.8,37,1389,8.55,-22.0,15.2,38,26.578,-0.268,0,
B-A-low-6,0.2795,1789994594.0694,const,11.7275,3.6226,0.374,0.2,2.6,-1,26.233,-0.6682,10.519,2683,-9.06,17.900000000000002,13.8,37,1390,9.06,-21.1,15.2,38,26.54,-0.307,0,
B-A-low-6,0.2815,1789994594.0714,const,11.7275,3.6226,0.374,0.2,2.6,-1,26.233,0.0,10.519,2683,-8.55,19.6,13.8,37,1391,8.05,-22.8,15.2,38,26.501,-0.268,0,
B-A-low-6,0.2835,1789994594.0734,const,11.7275,3.6226,0.374,0.2,2.6,-1,26.156,-0.6696,10.526,2681,-9.06,17.900000000000002,13.8,37,1393,9.06,-20.3,15.2,38,26.425,-0.268,0,
B-A-low-6,0.28549,1789994594.0754,const,11.7275,3.6226,0.374,0.2,2.6,-1,26.118,-0.3359,10.53,2680,-8.55,19.6,13.8,37,1394,8.55,-21.200000000000003,15.2,38,26.386,-0.268,0,
B-A-low-6,0.2875,1789994594.0774,const,11.7275,3.6226,0.374,0.2,2.6,-1,26.08,-0.334,10.533,2679,-8.55,19.6,13.8,37,1395,9.06,-20.3,15.2,38,26.348,-0.268,0,
B-A-low-6,0.2895,1789994594.0794,const,11.7275,3.6226,0.374,0.2,2.6,-1,26.041,-0.334,10.537,2678,-8.55,19.6,13.8,37,1395,8.05,-22.8,15.2,38,26.348,-0.307,0,
B-A-low-6,0.2915,1789994594.0814,const,11.7275,3.6226,0.374,0.2,2.6,-1,26.003,-0.3347,10.54,2677,-8.55,19.6,13.8,37,1397,8.55,-22.0,15.2,38,26.271,-0.268,0,
B-A-low-6,0.2935,1789994594.0834,const,11.7275,3.6226,0.374,0.2,2.6,-1,25.964,-0.3353,10.544,2676,-8.05,20.400000000000002,13.8,37,1398,8.55,-22.0,15.2,38,26.233,-0.268,0,
B-A-low-6,0.2955,1789994594.0854,const,11.7275,3.6226,0.374,0.2,2.6,-1,25.926,-0.3345,10.547,2675,-8.55,19.6,13.8,37,1398,7.55,-24.5,15.2,38,26.233,-0.307,0,
B-A-low-6,0.2975,1789994594.0874,const,11.7275,3.6226,0.374,0.2,2.6,-1,25.888,-0.335,10.55,2674,-8.05,20.400000000000002,13.8,37,1400,8.55,-22.0,15.2,38,26.156,-0.268,0,
B-A-low-6,0.29949,1789994594.0894,const,11.7275,3.6226,0.374,0.2,2.6,-1,25.849,-0.3355,10.554,2673,-8.05,20.400000000000002,13.8,37,1401,8.05,-22.8,15.2,38,26.118,-0.268,0,
B-A-low-6,0.30149,1789994594.0914,const,11.7275,3.6226,0.374,0.2,2.6,-1,25.811,-0.3346,10.557,2672,-8.05,20.400000000000002,13.8,37,1402,8.05,-22.8,15.2,38,26.08,-0.268,0,
B-A-low-6,0.3035,1789994594.0934,const,11.7275,3.6226,0.374,0.2,2.6,-1,25.773,-0.3339,10.561,2671,-7.55,22.1,13.8,37,1403,8.05,-22.8,15.2,38,26.041,-0.268,0,
B-A-low-6,0.3055,1789994594.0954,const,11.7275,3.6226,0.374,0.2,2.6,-1,25.734,-0.3347,10.564,2670,-7.55,22.1,13.8,37,1404,8.05,-22.8,15.2,38,26.003,-0.268,0,
B-A-low-6,0.30749,1789994594.0974,const,11.7275,3.6226,0.374,0.2,2.6,-1,25.696,-0.3351,10.568,2669,-7.55,22.1,13.8,37,1405,7.55,-23.700000000000003,15.2,38,25.964,-0.268,0,
B-A-low-6,0.3095,1789994594.0994,const,11.7275,3.6226,0.374,0.2,2.6,-1,25.696,0.0,10.568,2669,-7.04,23.8,13.8,37,1405,7.04,-25.400000000000002,15.2,38,25.964,-0.268,0,
B-A-low-6,0.3115,1789994594.1014,const,11.7275,3.6226,0.374,0.2,2.6,-1,25.619,-0.6683,10.574,2667,-7.04,23.8,13.8,37,1406,7.55,-24.5,15.2,38,25.926,-0.307,0,
B-A-low-6,0.31349,1789994594.1034,const,11.7275,3.6226,0.374,0.2,2.6,-1,25.581,-0.3356,10.578,2666,-7.55,22.900000000000002,13.8,37,1407,7.04,-26.200000000000003,15.2,38,25.888,-0.307,0,
B-A-low-6,0.31549,1789994594.1054,const,11.7275,3.6226,0.374,0.2,2.6,-1,25.543,-0.3349,10.581,2665,-7.55,22.900000000000002,13.8,37,1408,7.04,-26.200000000000003,15.2,38,25.849,-0.307,0,
B-A-low-6,0.3175,1789994594.1074,const,11.7275,3.6226,0.374,0.2,2.6,-1,25.504,-0.334,10.584,2664,-7.04,23.8,13.8,37,1409,7.04,-26.200000000000003,15.2,38,25.811,-0.307,0,
B-A-low-6,0.3195,1789994594.1094,const,11.7275,3.6226,0.374,0.2,2.6,-1,25.504,0.0,10.584,2664,-6.54,25.5,13.8,37,1409,6.54,-27.900000000000002,15.2,38,25.811,-0.307,0,
B-A-low-6,0.3215,1789994594.1114,const,11.7275,3.6226,0.374,0.2,2.6,-1,25.466,-0.3346,10.588,2663,-6.54,25.5,13.8,37,1410,6.54,-27.900000000000002,15.2,38,25.773,-0.307,0,
B-A-low-6,0.3235,1789994594.1134,const,11.7275,3.6226,0.374,0.2,2.6,-1,25.428,-0.3348,10.591,2662,-7.04,23.8,13.8,37,1411,6.54,-27.900000000000002,15.2,38,25.734,-0.307,0,
B-A-low-6,0.3255,1789994594.1154,const,11.7275,3.6226,0.374,0.2,2.6,-1,25.389,-0.3348,10.595,2661,-6.54,25.5,13.8,37,1412,6.54,-27.900000000000002,15.2,38,25.696,-0.307,0,
B-A-low-6,0.32749,1789994594.1174,const,11.7275,3.6226,0.374,0.2,2.6,-1,25.351,-0.3348,10.598,2660,-7.04,24.6,13.8,37,1413,6.54,-27.900000000000002,15.2,38,25.658,-0.307,0,
B-A-low-6,0.3295,1789994594.1194,const,11.7275,3.6226,0.374,0.2,2.6,-1,25.312,-0.3346,10.601,2659,-7.04,24.6,13.8,37,1413,6.04,-29.5,15.2,38,25.658,-0.345,0,
B-A-low-6,0.3315,1789994594.1214,const,11.7275,3.6226,0.374,0.2,2.6,-1,25.274,-0.3346,10.605,2658,-7.04,24.6,13.8,37,1415,6.04,-29.5,15.2,38,25.581,-0.307,0,
B-A-low-6,0.3335,1789994594.1234,const,11.7275,3.6226,0.374,0.2,2.6,-1,25.274,0.0,10.605,2658,-6.54,26.3,13.8,37,1415,5.54,-31.200000000000003,15.2,38,25.581,-0.307,0,
B-A-low-6,0.33549,1789994594.1254,const,11.7275,3.6226,0.374,0.2,2.6,-1,25.236,-0.3348,10.608,2657,-6.54,27.1,13.8,37,1416,6.04,-30.3,15.2,38,25.543,-0.307,0,
B-A-low-6,0.3375,1789994594.1274,const,11.7275,3.6226,0.374,0.2,2.6,-1,25.159,-0.6692,10.615,2655,-7.04,25.400000000000002,13.8,37,1417,6.04,-30.3,15.2,38,25.504,-0.345,0,
B-A-low-6,0.3395,1789994594.1294,const,11.7275,3.6226,0.374,0.2,2.6,-1,25.159,0.0,10.615,2655,-6.54,27.1,13.8,37,1418,6.54,-29.5,15.2,38,25.466,-0.307,0,
B-A-low-6,0.34149,1789994594.1314,const,11.7275,3.6226,0.374,0.2,2.6,-1,25.121,-0.335,10.618,2654,-6.54,27.1,13.8,37,1419,6.04,-31.1,15.2,38,25.428,-0.307,0,
B-A-low-6,0.34349,1789994594.1334,const,11.7275,3.6226,0.374,0.2,2.6,-1,25.082,-0.3348,10.621,2653,-6.54,27.1,13.8,37,1420,6.54,-30.3,15.2,38,25.389,-0.307,0,
B-A-low-6,0.34549,1789994594.1354,const,11.7275,3.6226,0.374,0.2,2.6,-1,25.044,-0.3346,10.625,2652,-6.54,27.1,13.8,37,1420,6.04,-31.900000000000002,15.2,38,25.389,-0.345,0,
B-A-low-6,0.3475,1789994594.1374,const,11.7275,3.6226,0.374,0.2,2.6,-1,25.006,-0.3346,10.628,2651,-6.54,27.1,13.8,37,1421,6.04,-31.900000000000002,15.2,38,25.351,-0.345,0,
B-A-low-6,0.34949,1789994594.1394,const,11.7275,3.6226,0.374,0.2,2.6,-1,25.006,0.0,10.628,2651,-6.04,29.5,13.8,37,1422,6.04,-31.900000000000002,15.2,38,25.312,-0.307,0,
B-A-low-6,0.35149,1789994594.1414,const,11.7275,3.6226,0.374,0.2,2.6,-1,24.929,-0.6693,10.635,2649,-7.04,27.0,13.8,37,1423,6.04,-31.900000000000002,15.2,38,25.274,-0.345,0,
B-A-low-6,0.35349,1789994594.1434,const,11.7275,3.6226,0.374,0.2,2.6,-1,24.891,-0.3347,10.638,2648,-6.54,27.900000000000002,13.8,37,1424,6.04,-31.900000000000002,15.2,38,25.236,-0.345,0,
B-A-low-6,0.35549,1789994594.1454,const,11.7275,3.6226,0.374,0.2,2.6,-1,24.852,-0.3347,10.641,2647,-7.04,27.0,13.8,37,1425,6.04,-31.900000000000002,15.2,38,25.197,-0.345,0,
B-A-low-6,0.3575,1789994594.1474,const,11.7275,3.6226,0.374,0.2,2.6,-1,24.852,0.0,10.641,2647,-6.04,29.5,13.8,37,1426,6.54,-31.1,15.2,38,25.159,-0.307,0,
B-A-low-6,0.3595,1789994594.1494,const,11.7275,3.6226,0.374,0.2,2.6,-1,24.814,-0.3346,10.645,2646,-6.54,28.700000000000003,13.8,37,1427,6.54,-31.1,15.2,38,25.121,-0.307,0,
B-A-low-6,0.3615,1789994594.1514,const,11.7275,3.6226,0.374,0.2,2.6,-1,24.737,-0.6693,10.651,2644,-7.04,27.8,13.8,37,1428,6.54,-31.1,15.2,38,25.082,-0.345,0,
B-A-low-6,0.36349,1789994594.1534,const,11.7275,3.6226,0.374,0.2,2.6,-1,24.699,-0.3349,10.654,2643,-7.04,27.8,13.8,37,1429,6.54,-31.900000000000002,15.2,38,25.044,-0.345,0,
B-A-low-6,0.36549,1789994594.1554,const,11.7275,3.6226,0.374,0.2,2.6,-1,24.661,-0.3348,10.658,2642,-7.04,27.8,13.8,37,1430,7.04,-31.0,15.2,38,25.006,-0.345,0,
B-A-low-6,0.3675,1789994594.1574,const,11.7275,3.6226,0.374,0.2,2.6,-1,24.661,0.0,10.658,2642,-6.54,29.5,13.8,37,1431,7.04,-31.0,15.2,38,24.967,-0.307,0,
B-A-low-6,0.36949,1789994594.1594,const,11.7275,3.6226,0.374,0.2,2.6,-1,24.584,-0.6695,10.664,2640,-7.55,26.900000000000002,13.8,37,1432,7.04,-31.0,15.2,38,24.929,-0.345,0,
B-A-low-6,0.3715,1789994594.1614,const,11.7275,3.6226,0.374,0.2,2.6,-1,24.584,0.0,10.664,2640,-7.04,28.6,13.8,37,1433,7.04,-31.0,15.2,38,24.891,-0.307,0,
B-A-low-6,0.37349,1789994594.1634,const,11.7275,3.6226,0.374,0.2,2.6,-1,24.507,-0.6696,10.671,2638,-7.55,26.900000000000002,13.8,37,1434,7.04,-31.0,15.2,38,24.852,-0.345,0,
B-A-low-6,0.37549,1789994594.1654,const,11.7275,3.6226,0.374,0.2,2.6,-1,24.469,-0.3346,10.674,2637,-7.55,26.900000000000002,15.0,37,1435,7.04,-31.0,15.2,38,24.814,-0.345,0,
B-A-low-6,0.37749,1789994594.1674,const,11.7275,3.6226,0.374,0.2,2.6,-1,24.43,-0.335,10.677,2636,-7.55,26.900000000000002,15.0,37,1437,7.55,-29.3,14.8,38,24.737,-0.307,0,
B-A-low-6,0.37949,1789994594.1694,const,11.7275,3.6226,0.374,0.2,2.6,-1,24.392,-0.3346,10.681,2635,-7.55,26.900000000000002,15.0,37,1438,8.05,-28.400000000000002,14.8,38,24.699,-0.307,0,
B-A-low-6,0.38149,1789994594.1714,const,11.7275,3.6226,0.374,0.2,2.6,-1,24.354,-0.3347,10.684,2634,-7.55,26.900000000000002,15.0,37,1439,7.55,-30.1,14.8,38,24.661,-0.307,0,
B-A-low-6,0.3835,1789994594.1734,const,11.7275,3.6226,0.374,0.2,2.6,-1,24.315,-0.3343,10.687,2633,-7.55,26.900000000000002,15.0,37,1441,8.55,-27.6,14.8,38,24.584,-0.268,0,
B-A-low-6,0.38549,1789994594.1754,const,11.7275,3.6226,0.374,0.2,2.6,-1,24.277,-0.335,10.69,2632,-7.55,27.700000000000003,15.0,37,1442,8.05,-28.400000000000002,14.8,38,24.545,-0.268,0,
B-A-low-6,0.38749,1789994594.1774,const,11.7275,3.6226,0.374,0.2,2.6,-1,24.239,-0.3347,10.693,2631,-7.55,27.700000000000003,15.0,37,1443,8.05,-28.400000000000002,14.8,38,24.507,-0.268,0,
B-A-low-6,0.38949,1789994594.1794,const,11.7275,3.6226,0.374,0.2,2.6,-1,24.162,-0.6695,10.7,2629,-8.05,26.0,15.0,37,1444,8.55,-27.6,14.8,38,24.469,-0.307,0,
B-A-low-6,0.39149,1789994594.1814,const,11.7275,3.6226,0.374,0.2,2.6,-1,24.124,-0.3346,10.703,2628,-8.05,26.0,15.0,37,1445,8.05,-28.400000000000002,14.8,38,24.43,-0.307,0,
B-A-low-6,0.39349,1789994594.1834,const,11.7275,3.6226,0.374,0.2,2.6,-1,24.085,-0.3347,10.706,2627,-7.55,27.700000000000003,15.0,37,1447,9.06,-25.900000000000002,14.8,38,24.354,-0.268,0,
B-A-low-6,0.39549,1789994594.1854,const,11.7275,3.6226,0.374,0.2,2.6,-1,24.047,-0.3347,10.709,2626,-8.05,26.8,15.0,37,1448,9.06,-25.900000000000002,14.8,38,24.315,-0.268,0,
B-A-low-6,0.39749,1789994594.1874,const,11.7275,3.6226,0.374,0.2,2.6,-1,24.009,-0.3348,10.713,2625,-8.05,26.8,15.0,37,1448,8.55,-27.6,14.8,38,24.315,-0.307,0,
B-A-low-6,0.39949,1789994594.1894,const,11.7275,3.6226,0.374,0.2,2.6,-1,23.893,-1.0041,10.722,2622,-8.55,25.200000000000003,15.0,37,1450,9.06,-25.900000000000002,14.8,38,24.239,-0.345,0,
B-A-low-6,0.40149,1789994594.1914,const,11.7275,3.6226,0.374,0.2,2.6,-1,23.855,-0.3347,10.725,2621,-8.55,25.200000000000003,15.0,37,1451,8.55,-26.8,14.8,38,24.2,-0.345,0,
B-A-low-6,0.4035,1789994594.1934,const,11.7275,3.6226,0.374,0.2,2.6,-1,23.817,-0.334,10.729,2620,-8.55,25.200000000000003,15.0,37,1452,9.06,-25.900000000000002,14.8,38,24.162,-0.345,0,
B-A-low-6,0.40549,1789994594.1954,const,11.7275,3.6226,0.374,0.2,2.6,-1,23.74,-0.6705,10.735,2618,-9.06,23.5,15.0,37,1454,9.06,-25.900000000000002,14.8,38,24.085,-0.345,0,
B-A-low-6,0.40749,1789994594.1974,const,11.7275,3.6226,0.374,0.2,2.6,-1,23.74,0.0,10.735,2618,-8.55,25.200000000000003,15.0,37,1455,9.06,-25.900000000000002,14.8,38,24.047,-0.307,0,
B-A-low-6,0.40949,1789994594.1994,const,11.7275,3.6226,0.374,0.2,2.6,-1,23.702,-0.3348,10.738,2617,-8.55,25.200000000000003,15.0,37,1456,8.55,-26.8,14.8,38,24.009,-0.307,0,
B-A-low-6,0.41149,1789994594.2014,const,11.7275,3.6226,0.374,0.2,2.6,-1,23.625,-0.6689,10.744,2615,-8.55,25.200000000000003,15.0,37,1457,9.06,-25.900000000000002,14.8,38,23.97,-0.345,0,
B-A-low-6,0.41349,1789994594.2034,const,11.7275,3.6226,0.374,0.2,2.6,-1,23.587,-0.3347,10.748,2614,-9.06,23.5,15.0,37,1458,8.55,-26.8,14.8,38,23.932,-0.345,0,
B-A-low-6,0.41549,1789994594.2054,const,11.7275,3.6226,0.374,0.2,2.6,-1,23.548,-0.3347,10.751,2613,-9.06,23.5,15.0,37,1460,9.06,-25.1,14.8,38,23.855,-0.307,0,
B-A-low-6,0.41749,1789994594.2074,const,11.7275,3.6226,0.374,0.2,2.6,-1,23.472,-0.6692,10.757,2611,-9.06,23.5,15.0,37,1461,9.06,-25.1,14.8,38,23.817,-0.345,0,
B-A-low-6,0.41949,1789994594.2094,const,11.7275,3.6226,0.374,0.2,2.6,-1,23.433,-0.3349,10.76,2610,-9.06,23.5,15.0,37,1462,8.55,-26.0,14.8,38,23.778,-0.345,0,
B-A-low-6,0.42149,1789994594.2114,const,11.7275,3.6226,0.374,0.2,2.6,-1,23.395,-0.3348,10.763,2609,-9.06,23.5,15.0,37,1463,9.06,-25.1,14.8,38,23.74,-0.345,0,
B-A-low-6,0.42349,1789994594.2134,const,11.7275,3.6226,0.374,0.2,2.6,-1,23.357,-0.3345,10.766,2608,-9.06,23.5,15.0,37,1465,9.06,-25.1,14.8,38,23.663,-0.307,0,
B-A-low-6,0.42549,1789994594.2154,const,11.7275,3.6226,0.374,0.2,2.6,-1,23.28,-0.6697,10.772,2606,-9.06,22.700000000000003,15.0,37,1466,9.06,-25.1,14.8,38,23.625,-0.345,0,
B-A-low-6,0.4275,1789994594.2174,const,11.7275,3.6226,0.374,0.2,2.6,-1,23.241,-0.3343,10.776,2605,-9.06,23.5,15.0,37,1467,9.06,-25.1,14.8,38,23.587,-0.345,0,
B-A-low-6,0.42949,1789994594.2194,const,11.7275,3.6226,0.374,0.2,2.6,-1,23.203,-0.335,10.779,2604,-9.06,23.5,15.0,37,1468,9.06,-25.1,14.8,38,23.548,-0.345,0,
B-A-low-6,0.43149,1789994594.2214,const,11.7275,3.6226,0.374,0.2,2.6,-1,23.165,-0.3351,10.782,2603,-9.06,23.5,15.0,37,1469,8.55,-26.0,14.8,38,23.51,-0.345,0,
B-A-low-6,0.43349,1789994594.2234,const,11.7275,3.6226,0.374,0.2,2.6,-1,23.126,-0.3344,10.785,2602,-9.06,23.5,15.0,37,1470,8.55,-26.0,14.8,38,23.472,-0.345,0,
B-A-low-6,0.43549,1789994594.2254,const,11.7275,3.6226,0.374,0.2,2.6,-1,23.088,-0.3346,10.788,2601,-8.55,24.400000000000002,15.0,37,1472,9.06,-24.3,14.8,38,23.395,-0.307,0,
B-A-low-6,0.43749,1789994594.2274,const,11.7275,3.6226,0.374,0.2,2.6,-1,23.011,-0.6697,10.794,2599,-9.06,22.700000000000003,15.0,37,1472,8.55,-26.0,14.8,38,23.395,-0.384,0,
B-A-low-6,0.43947,1789994594.2293,const,11.7275,3.6226,0.374,0.2,2.6,-1,23.011,0.0,10.794,2599,-8.55,24.400000000000002,15.0,37,1473,8.55,-26.0,14.8,38,23.357,-0.345,0,
B-A-low-6,0.44147,1789994594.2313,const,11.7275,3.6226,0.374,0.2,2.6,-1,22.935,-0.6694,10.8,2597,-9.06,22.700000000000003,15.0,37,1474,8.55,-26.0,14.8,38,23.318,-0.384,0,
B-A-low-6,0.44347,1789994594.2333,const,11.7275,3.6226,0.374,0.2,2.6,-1,22.896,-0.335,10.803,2596,-8.55,24.400000000000002,15.0,37,1475,8.55,-26.0,14.8,38,23.28,-0.384,0,
B-A-low-6,0.44547,1789994594.2353,const,11.7275,3.6226,0.374,0.2,2.6,-1,22.858,-0.3347,10.806,2595,-8.55,24.400000000000002,15.0,37,1477,8.05,-26.8,14.8,38,23.203,-0.345,0,
B-A-low-6,0.44747,1789994594.2373,const,11.7275,3.6226,0.374,0.2,2.6,-1,22.781,-0.6693,10.812,2593,-9.06,22.700000000000003,15.0,37,1478,8.05,-26.8,14.8,38,23.165,-0.384,0,
B-A-low-6,0.44947,1789994594.2393,const,11.7275,3.6226,0.374,0.2,2.6,-1,22.781,0.0,10.812,2593,-8.55,24.400000000000002,15.0,37,1479,8.05,-26.8,14.8,38,23.126,-0.345,0,
B-A-low-6,0.45147,1789994594.2413,const,11.7275,3.6226,0.374,0.2,2.6,-1,22.705,-0.6693,10.818,2591,-9.06,22.700000000000003,15.0,37,1480,8.05,-26.8,14.8,38,23.088,-0.384,0,
B-A-low-6,0.45347,1789994594.2433,const,11.7275,3.6226,0.374,0.2,2.6,-1,22.666,-0.3348,10.822,2590,-8.55,23.6,15.0,37,1481,8.05,-26.8,14.8,38,23.05,-0.384,0,
B-A-low-6,0.45547,1789994594.2453,const,11.7275,3.6226,0.374,0.2,2.6,-1,22.628,-0.3349,10.825,2589,-8.55,23.6,15.0,37,1483,8.55,-25.200000000000003,14.8,38,22.973,-0.345,0,
B-A-low-6,0.45747,1789994594.2473,const,11.7275,3.6226,0.374,0.2,2.6,-1,22.589,-0.3343,10.828,2588,-8.05,24.400000000000002,15.0,37,1484,8.55,-26.0,14.8,38,22.935,-0.345,0,
B-A-low-6,0.45947,1789994594.2493,const,11.7275,3.6226,0.374,0.2,2.6,-1,22.551,-0.3348,10.831,2587,-8.55,23.6,15.0,37,1485,8.55,-26.0,14.8,38,22.896,-0.345,0,
B-A-low-6,0.46147,1789994594.2513,const,11.7275,3.6226,0.374,0.2,2.6,-1,22.474,-0.6691,10.837,2585,-9.06,21.900000000000002,15.0,37,1486,8.55,-26.0,14.8,38,22.858,-0.384,0,
B-A-low-6,0.46347,1789994594.2533,const,11.7275,3.6226,0.374,0.2,2.6,-1,22.474,0.0,10.837,2585,-8.05,24.400000000000002,15.0,37,1488,8.55,-25.200000000000003,14.8,38,22.781,-0.307,0,
B-A-low-6,0.46547,1789994594.2553,const,11.7275,3.6226,0.374,0.2,2.6,-1,22.398,-0.6697,10.843,2583,-9.06,21.900000000000002,15.0,37,1489,9.06,-24.3,14.8,38,22.743,-0.345,0,
B-A-low-6,0.46747,1789994594.2573,const,11.7275,3.6226,0.374,0.2,2.6,-1,22.359,-0.3346,10.846,2582,-8.55,23.6,15.0,37,1490,8.55,-25.200000000000003,14.8,38,22.705,-0.345,0,
B-A-low-6,0.46947,1789994594.2593,const,11.7275,3.6226,0.374,0.2,2.6,-1,22.321,-0.3347,10.849,2581,-8.55,23.6,15.0,37,1491,8.55,-25.200000000000003,14.8,38,22.666,-0.345,0,
B-A-low-6,0.47147,1789994594.2613,const,11.7275,3.6226,0.374,0.2,2.6,-1,22.283,-0.3344,10.852,2580,-8.55,23.6,15.0,37,1492,8.55,-25.200000000000003,14.8,38,22.628,-0.345,0,
B-A-low-6,0.47347,1789994594.2633,const,11.7275,3.6226,0.374,0.2,2.6,-1,22.206,-0.6701,10.857,2578,-9.06,21.900000000000002,15.0,37,1494,8.55,-25.200000000000003,14.8,38,22.551,-0.345,0,
B-A-low-6,0.47547,1789994594.2653,const,11.7275,3.6226,0.374,0.2,2.6,-1,22.168,-0.3346,10.86,2577,-8.55,23.6,15.0,37,1495,8.55,-25.200000000000003,14.8,38,22.513,-0.345,0,
B-A-low-6,0.47747,1789994594.2673,const,11.7275,3.6226,0.374,0.2,2.6,-1,22.129,-0.3348,10.863,2576,-8.55,23.6,15.0,37,1496,8.55,-25.200000000000003,14.8,38,22.474,-0.345,0,
B-A-low-6,0.47947,1789994594.2693,const,11.7275,3.6226,0.374,0.2,2.6,-1,22.053,-0.6691,10.869,2574,-9.06,21.900000000000002,15.0,37,1498,9.56,-22.6,14.8,38,22.398,-0.345,0,
B-A-low-6,0.48147,1789994594.2713,const,11.7275,3.6226,0.374,0.2,2.6,-1,22.053,0.0,10.869,2574,-8.55,23.6,15.0,37,1499,9.06,-23.5,14.8,38,22.359,-0.307,0,
B-A-low-6,0.48347,1789994594.2733,const,11.7275,3.6226,0.374,0.2,2.6,-1,22.014,-0.3345,10.872,2573,-8.55,23.6,15.0,37,1501,9.56,-21.8,14.8,38,22.283,-0.268,0,
B-A-low-6,0.48547,1789994594.2753,const,11.7275,3.6226,0.374,0.2,2.6,-1,21.938,-0.6697,10.878,2571,-8.55,22.8,15.0,37,1501,9.06,-23.5,14.8,38,22.283,-0.345,0,
B-A-low-6,0.48747,1789994594.2773,const,11.7275,3.6226,0.374,0.2,2.6,-1,21.899,-0.3347,10.881,2570,-8.55,22.8,15.0,37,1503,9.56,-21.8,14.8,38,22.206,-0.307,0,
B-A-low-6,0.48947,1789994594.2793,const,11.7275,3.6226,0.374,0.2,2.6,-1,21.861,-0.3346,10.884,2569,-8.55,22.8,15.0,37,1504,9.06,-22.700000000000003,14.8,38,22.168,-0.307,0,
B-A-low-6,0.49147,1789994594.2813,const,11.7275,3.6226,0.374,0.2,2.6,-1,21.822,-0.3347,10.887,2568,-8.55,22.8,15.0,37,1505,9.06,-22.700000000000003,14.8,38,22.129,-0.307,0,
B-A-low-6,0.49347,1789994594.2833,const,11.7275,3.6226,0.374,0.2,2.6,-1,21.746,-0.6693,10.893,2566,-8.55,22.8,15.0,37,1506,9.06,-22.700000000000003,14.8,38,22.091,-0.345,0,
B-A-low-6,0.49547,1789994594.2853,const,11.7275,3.6226,0.374,0.2,2.6,-1,21.707,-0.3349,10.896,2565,-9.06,21.900000000000002,15.0,37,1507,8.55,-24.400000000000002,14.8,38,22.053,-0.345,0,
B-A-low-6,0.49747,1789994594.2873,const,11.7275,3.6226,0.374,0.2,2.6,-1,21.669,-0.3347,10.899,2564,-8.55,22.8,15.0,37,1508,9.06,-23.5,14.8,38,22.014,-0.345,0,
B-A-low-6,0.49947,1789994594.2893,const,11.7275,3.6226,0.374,0.2,2.6,-1,21.631,-0.3346,10.901,2563,-8.55,22.8,15.0,37,1509,8.55,-24.400000000000002,14.8,38,21.976,-0.345,0,
B-A-low-6,0.50147,1789994594.2913,const,11.7275,3.6226,0.374,0.2,2.6,-1,21.592,-0.3348,10.904,2562,-8.55,22.8,15.0,37,1510,8.55,-24.400000000000002,14.8,38,21.938,-0.345,0,
B-A-low-6,0.50347,1789994594.2933,const,11.7275,3.6226,0.374,0.2,2.6,-1,21.554,-0.3347,10.907,2561,-8.55,22.8,15.0,37,1511,8.55,-24.400000000000002,14.8,38,21.899,-0.345,0,
B-A-low-6,0.50547,1789994594.2953,const,11.7275,3.6226,0.374,0.2,2.6,-1,21.554,0.0,10.907,2561,-8.05,24.400000000000002,15.0,37,1512,8.05,-25.200000000000003,14.8,38,21.861,-0.307,0,
B-A-low-6,0.50747,1789994594.2973,const,11.7275,3.6226,0.374,0.2,2.6,-1,21.477,-0.6696,10.913,2559,-8.05,24.400000000000002,15.0,37,1513,8.05,-25.200000000000003,14.8,38,21.822,-0.345,0,
B-A-low-6,0.50947,1789994594.2993,const,11.7275,3.6226,0.374,0.2,2.6,-1,21.439,-0.3346,10.916,2558,-8.05,24.400000000000002,15.0,37,1515,8.55,-23.6,14.8,38,21.746,-0.307,0,
B-A-low-6,0.51147,1789994594.3013,const,11.7275,3.6226,0.374,0.2,2.6,-1,21.401,-0.3347,10.919,2557,-8.05,24.400000000000002,15.0,37,1515,8.05,-25.200000000000003,14.8,38,21.746,-0.345,0,
B-A-low-6,0.51347,1789994594.3033,const,11.7275,3.6226,0.374,0.2,2.6,-1,21.362,-0.3346,10.922,2556,-8.05,24.400000000000002,15.0,37,1517,8.05,-25.200000000000003,14.8,38,21.669,-0.307,0,
B-A-low-6,0.51548,1789994594.3053,const,11.7275,3.6226,0.374,0.2,2.6,-1,21.324,-0.3338,10.924,2555,-8.05,24.400000000000002,15.0,37,1518,8.05,-25.200000000000003,14.8,38,21.631,-0.307,0,
B-A-low-6,0.51747,1789994594.3073,const,11.7275,3.6226,0.374,0.2,2.6,-1,21.286,-0.3358,10.927,2554,-7.55,25.3,15.0,37,1519,8.05,-25.200000000000003,14.8,38,21.592,-0.307,0,
B-A-low-6,0.51947,1789994594.3093,const,11.7275,3.6226,0.374,0.2,2.6,-1,21.247,-0.3347,10.93,2553,-7.55,25.3,15.0,37,1520,8.05,-25.200000000000003,14.8,38,21.554,-0.307,0,
B-A-low-6,0.52147,1789994594.3113,const,11.7275,3.6226,0.374,0.2,2.6,-1,21.209,-0.3346,10.933,2552,-7.55,25.3,15.0,37,1521,8.05,-25.200000000000003,14.8,38,21.516,-0.307,0,
B-A-low-6,0.52347,1789994594.3133,const,11.7275,3.6226,0.374,0.2,2.6,-1,21.132,-0.6693,10.939,2550,-8.05,23.6,15.0,37,1522,7.55,-26.1,14.8,38,21.477,-0.345,0,
B-A-low-6,0.52547,1789994594.3153,const,11.7275,3.6226,0.374,0.2,2.6,-1,21.094,-0.3348,10.941,2549,-8.05,24.400000000000002,15.0,37,1523,8.05,-25.200000000000003,14.8,38,21.439,-0.345,0,
B-A-low-6,0.52747,1789994594.3173,const,11.7275,3.6226,0.374,0.2,2.6,-1,21.055,-0.3347,10.944,2548,-8.05,24.400000000000002,15.0,37,1524,7.55,-26.1,14.8,38,21.401,-0.345,0,
B-A-low-6,0.52947,1789994594.3193,const,11.7275,3.6226,0.374,0.2,2.6,-1,21.017,-0.3347,10.947,2547,-8.05,24.400000000000002,15.0,37,1525,7.55,-26.1,14.8,38,21.362,-0.345,0,
B-A-low-6,0.53147,1789994594.3213,const,11.7275,3.6226,0.374,0.2,2.6,-1,21.017,0.0,10.947,2547,-7.55,26.1,15.0,37,1526,7.55,-26.1,14.8,38,21.324,-0.307,0,
B-A-low-6,0.53347,1789994594.3233,const,11.7275,3.6226,0.374,0.2,2.6,-1,20.979,-0.3345,10.95,2546,-7.55,26.1,15.0,37,1527,7.55,-26.900000000000002,14.8,38,21.286,-0.307,0,
B-A-low-6,0.53547,1789994594.3253,const,11.7275,3.6226,0.374,0.2,2.6,-1,20.94,-0.3349,10.953,2545,-7.04,27.0,15.0,37,1528,8.05,-25.200000000000003,14.8,38,21.247,-0.307,0,
B-A-low-6,0.53747,1789994594.3273,const,11.7275,3.6226,0.374,0.2,2.6,-1,20.864,-0.6687,10.958,2543,-7.55,25.3,15.0,37,1529,7.55,-26.900000000000002,14.8,38,21.209,-0.345,0,
B-A-low-6,0.53947,1789994594.3293,const,11.7275,3.6226,0.374,0.2,2.6,-1,20.864,0.0,10.958,2543,-7.04,27.0,15.0,37,1530,7.55,-26.900000000000002,14.8,38,21.17,-0.307,0,
B-A-low-6,0.54147,1789994594.3313,const,11.7275,3.6226,0.374,0.2,2.6,-1,20.787,-0.669,10.964,2541,-7.55,25.3,15.0,37,1530,7.04,-28.6,14.8,38,21.17,-0.384,0,
B-A-low-6,0.54347,1789994594.3333,const,11.7275,3.6226,0.374,0.2,2.6,-1,20.749,-0.3348,10.967,2540,-7.55,26.1,15.0,37,1532,7.55,-26.900000000000002,14.8,38,21.094,-0.345,0,
B-A-low-6,0.54547,1789994594.3353,const,11.7275,3.6226,0.374,0.2,2.6,-1,20.71,-0.3346,10.969,2539,-7.55,26.1,15.0,37,1533,7.04,-27.8,14.8,38,21.055,-0.345,0,
B-A-low-6,0.54747,1789994594.3373,const,11.7275,3.6226,0.374,0.2,2.6,-1,20.71,0.0,10.969,2539,-7.04,27.8,15.0,37,1534,7.55,-26.900000000000002,14.8,38,21.017,-0.307,0,
B-A-low-6,0.54947,1789994594.3393,const,11.7275,3.6226,0.374,0.2,2.6,-1,20.672,-0.3348,10.972,2538,-7.04,27.8,15.0,37,1537,7.55,-26.1,14.8,38,20.902,-0.23,0,
B-A-low-6,0.55147,1789994594.3413,const,11.7275,3.6226,0.374,0.2,2.6,-1,20.595,-0.6695,10.978,2536,-7.55,26.1,15.0,37,1537,7.04,-27.8,14.8,37,20.902,-0.307,0,
B-A-low-6,0.55347,1789994594.3433,const,11.7275,3.6226,0.374,0.2,2.6,-1,20.595,0.0,10.978,2536,-7.04,27.8,15.0,37,1538,7.55,-26.900000000000002,14.8,37,20.864,-0.268,0,
B-A-low-6,0.55547,1789994594.3453,const,11.7275,3.6226,0.374,0.2,2.6,-1,20.518,-0.6687,10.983,2534,-7.55,26.1,15.0,37,1540,7.55,-26.900000000000002,14.8,37,20.787,-0.268,0,
B-A-low-6,0.55747,1789994594.3473,const,11.7275,3.6226,0.374,0.2,2.6,-1,20.48,-0.3349,10.986,2533,-7.55,26.900000000000002,15.0,37,1540,7.04,-28.6,14.8,37,20.787,-0.307,0,
B-A-low-6,0.55947,1789994594.3493,const,11.7275,3.6226,0.374,0.2,2.6,-1,20.48,0.0,10.986,2533,-7.04,28.6,15.0,37,1541,7.55,-27.700000000000003,14.8,37,20.749,-0.268,0,
B-A-low-6,0.56147,1789994594.3513,const,11.7275,3.6226,0.374,0.2,2.6,-1,20.403,-0.6685,10.992,2531,-7.55,26.900000000000002,15.0,37,1543,8.05,-26.0,14.8,37,20.672,-0.268,0,
B-A-low-6,0.56347,1789994594.3533,const,11.7275,3.6226,0.374,0.2,2.6,-1,20.403,0.0,10.992,2531,-7.04,28.6,15.0,37,1544,7.55,-26.900000000000002,14.8,37,20.634,-0.23,0,
B-A-low-6,0.56547,1789994594.3553,const,11.7275,3.6226,0.374,0.2,2.6,-1,20.327,-0.6694,10.997,2529,-8.05,26.0,15.0,37,1545,8.05,-26.0,14.8,37,20.595,-0.268,0,
B-A-low-6,0.56747,1789994594.3573,const,11.7275,3.6226,0.374,0.2,2.6,-1,20.288,-0.3347,11.0,2528,-7.55,26.900000000000002,15.0,37,1547,8.55,-24.400000000000002,14.8,37,20.518,-0.23,0,
B-A-low-6,0.56947,1789994594.3593,const,11.7275,3.6226,0.374,0.2,2.6,-1,20.25,-0.3346,11.002,2527,-7.55,26.900000000000002,15.0,37,1547,8.05,-26.0,14.8,37,20.518,-0.268,0,
B-A-low-6,0.57147,1789994594.3613,const,11.7275,3.6226,0.374,0.2,2.6,-1,20.212,-0.3356,11.005,2526,-7.55,26.900000000000002,15.0,37,1548,8.05,-26.0,14.8,37,20.48,-0.268,0,
B-A-low-6,0.57347,1789994594.3633,const,11.7275,3.6226,0.374,0.2,2.6,-1,20.173,-0.3342,11.008,2525,-7.55,26.900000000000002,15.0,37,1550,8.05,-26.0,14.8,37,20.403,-0.23,0,
B-A-low-6,0.57548,1789994594.3653,const,11.7275,3.6226,0.374,0.2,2.6,-1,20.097,-0.6662,11.013,2523,-8.05,26.0,15.0,37,1551,8.55,-25.200000000000003,14.8,37,20.365,-0.268,0,
B-A-low-6,0.57747,1789994594.3673,const,11.7275,3.6226,0.374,0.2,2.6,-1,20.058,-0.3368,11.016,2522,-8.05,26.0,15.0,37,1552,8.05,-26.0,14.8,37,20.327,-0.268,0,
B-A-low-6,0.57947,1789994594.3693,const,11.7275,3.6226,0.374,0.2,2.6,-1,20.02,-0.3348,11.019,2521,-8.05,26.0,15.0,37,1553,8.55,-25.200000000000003,14.8,37,20.288,-0.268,0,
B-A-low-6,0.58147,1789994594.3713,const,11.7275,3.6226,0.374,0.2,2.6,-1,19.982,-0.3346,11.021,2520,-8.05,26.0,15.0,37,1554,8.05,-26.0,14.8,37,20.25,-0.268,0,
B-A-low-6,0.58347,1789994594.3733,const,11.7275,3.6226,0.374,0.2,2.6,-1,19.943,-0.3348,11.024,2519,-8.05,26.0,15.0,37,1555,8.05,-26.0,14.8,37,20.212,-0.268,0,
B-A-low-6,0.58547,1789994594.3753,const,11.7275,3.6226,0.374,0.2,2.6,-1,19.866,-0.6695,11.029,2517,-8.55,25.200000000000003,15.0,37,1556,8.05,-26.0,14.8,37,20.173,-0.307,0,
B-A-low-6,0.58747,1789994594.3773,const,11.7275,3.6226,0.374,0.2,2.6,-1,19.828,-0.3347,11.032,2516,-8.55,25.200000000000003,15.0,37,1558,8.55,-25.200000000000003,14.8,37,20.097,-0.268,0,
B-A-low-6,0.58947,1789994594.3793,const,11.7275,3.6226,0.374,0.2,2.6,-1,19.828,0.0,11.032,2516,-8.05,26.8,15.0,37,1559,8.55,-25.200000000000003,14.8,37,20.058,-0.23,0,
B-A-low-6,0.59147,1789994594.3813,const,11.7275,3.6226,0.374,0.2,2.6,-1,19.751,-0.6689,11.037,2514,-8.55,25.200000000000003,15.0,37,1560,8.55,-25.200000000000003,14.8,37,20.02,-0.268,0,
B-A-low-6,0.59347,1789994594.3833,const,11.7275,3.6226,0.374,0.2,2.6,-1,19.713,-0.3349,11.04,2513,-8.55,25.200000000000003,15.0,37,1561,8.55,-25.200000000000003,14.8,37,19.982,-0.268,0,
B-A-low-6,0.59547,1789994594.3853,const,11.7275,3.6226,0.374,0.2,2.6,-1,19.675,-0.3348,11.043,2512,-8.55,25.200000000000003,15.0,37,1563,8.55,-24.400000000000002,14.8,37,19.905,-0.23,0,
B-A-low-6,0.59747,1789994594.3873,const,11.7275,3.6226,0.374,0.2,2.6,-1,19.636,-0.3343,11.045,2511,-8.55,25.200000000000003,15.0,37,1564,8.55,-24.400000000000002,14.8,37,19.866,-0.23,0,
B-A-low-6,0.59947,1789994594.3893,const,11.7275,3.6226,0.374,0.2,2.6,-1,19.598,-0.3346,11.048,2510,-8.05,26.0,15.0,37,1565,8.55,-24.400000000000002,14.8,37,19.828,-0.23,0,
B-A-low-6,0.60148,1789994594.3913,const,11.7275,3.6226,0.374,0.2,2.6,-1,19.521,-0.6684,11.053,2508,-8.55,24.400000000000002,15.0,37,1566,8.55,-24.400000000000002,14.8,37,19.79,-0.268,0,
B-A-low-6,0.60347,1789994594.3933,const,11.7275,3.6226,0.374,0.2,2.6,-1,19.483,-0.3352,11.056,2507,-9.06,23.5,15.0,37,1567,8.55,-24.400000000000002,14.8,37,19.751,-0.268,0,
B-A-low-6,0.60548,1789994594.3953,const,11.7275,3.6226,0.374,0.2,2.6,-1,19.445,-0.3334,11.058,2506,-8.55,24.400000000000002,15.0,37,1569,9.06,-23.5,14.8,37,19.675,-0.23,0,
B-A-low-6,0.60747,1789994594.3973,const,11.7275,3.6226,0.374,0.2,2.6,-1,19.406,-0.3369,11.061,2505,-8.55,25.200000000000003,13.7,37,1569,8.55,-25.200000000000003,14.8,37,19.675,-0.268,0,
B-A-low-6,0.60947,1789994594.3993,const,11.7275,3.6226,0.374,0.2,2.6,-1,19.368,-0.3345,11.064,2504,-8.55,25.200000000000003,13.7,37,1570,8.05,-26.0,13.6,37,19.636,-0.268,0,
B-A-low-6,0.61147,1789994594.4013,const,11.7275,3.6226,0.374,0.2,2.6,-1,19.291,-0.6699,11.069,2502,-8.55,24.400000000000002,13.7,37,1572,9.06,-23.5,13.6,37,19.56,-0.268,0,
B-A-low-6,0.61347,1789994594.4033,const,11.7275,3.6226,0.374,0.2,2.6,-1,19.291,0.0,11.069,2502,-8.05,26.0,13.7,37,1573,8.55,-24.400000000000002,13.6,37,19.521,-0.23,0,
B-A-low-6,0.61547,1789994594.4053,const,11.7275,3.6226,0.374,0.2,2.6,-1,19.214,-0.6697,11.074,2500,-8.55,24.400000000000002,13.7,37,1574,8.55,-24.400000000000002,13.6,37,19.483,-0.268,0,
B-A-low-6,0.61747,1789994594.4073,const,11.7275,3.6226,0.374,0.2,2.6,-1,19.176,-0.3342,11.077,2499,-8.55,24.400000000000002,13.7,37,1575,8.05,-25.200000000000003,13.6,37,19.445,-0.268,0,
B-A-low-6,0.61947,1789994594.4093,const,11.7275,3.6226,0.374,0.2,2.6,-1,19.138,-0.3357,11.079,2498,-8.55,24.400000000000002,13.7,37,1576,8.05,-25.200000000000003,13.6,37,19.406,-0.268,0,
B-A-low-6,0.62147,1789994594.4113,const,11.7275,3.6226,0.374,0.2,2.6,-1,19.099,-0.3344,11.082,2497,-8.05,26.0,13.7,37,1577,8.05,-25.200000000000003,13.6,37,19.368,-0.268,0,
B-A-low-6,0.62347,1789994594.4133,const,11.7275,3.6226,0.374,0.2,2.6,-1,19.061,-0.3348,11.084,2496,-8.55,25.200000000000003,13.7,37,1578,8.05,-25.200000000000003,13.6,37,19.33,-0.268,0,
B-A-low-6,0.62547,1789994594.4153,const,11.7275,3.6226,0.374,0.2,2.6,-1,18.984,-0.6689,11.089,2494,-8.05,26.0,13.7,37,1578,7.55,-26.900000000000002,13.6,37,19.33,-0.345,0,
B-A-low-6,0.62747,1789994594.4173,const,11.7275,3.6226,0.374,0.2,2.6,-1,18.946,-0.335,11.092,2493,-8.05,26.0,13.7,37,1580,8.05,-26.0,13.6,37,19.253,-0.307,0,
B-A-low-6,0.62947,1789994594.4193,const,11.7275,3.6226,0.374,0.2,2.6,-1,18.908,-0.334,11.094,2492,-8.05,26.0,13.7,37,1581,8.05,-26.0,13.6,37,19.214,-0.307,0,
B-A-low-6,0.63147,1789994594.4213,const,11.7275,3.6226,0.374,0.2,2.6,-1,18.869,-0.3353,11.097,2491,-8.05,26.0,13.7,37,1582,7.55,-26.900000000000002,13.6,37,19.176,-0.307,0,
B-A-low-6,0.63347,1789994594.4233,const,11.7275,3.6226,0.374,0.2,2.6,-1,18.831,-0.3342,11.1,2490,-8.05,26.0,13.7,37,1583,8.05,-26.0,13.6,37,19.138,-0.307,0,
B-A-low-6,0.63547,1789994594.4253,const,11.7275,3.6226,0.374,0.2,2.6,-1,18.793,-0.3346,11.102,2489,-7.55,27.700000000000003,13.7,37,1584,7.55,-26.900000000000002,13.6,37,19.099,-0.307,0,
B-A-low-6,0.63747,1789994594.4273,const,11.7275,3.6226,0.374,0.2,2.6,-1,18.754,-0.3349,11.105,2488,-7.55,27.700000000000003,13.7,37,1585,7.55,-26.900000000000002,13.6,37,19.061,-0.307,0,
B-A-low-6,0.63947,1789994594.4293,const,11.7275,3.6226,0.374,0.2,2.6,-1,18.716,-0.3351,11.107,2487,-7.55,27.700000000000003,13.7,37,1586,7.55,-26.900000000000002,13.6,37,19.023,-0.307,0,
B-A-low-6,0.64147,1789994594.4313,const,11.7275,3.6226,0.374,0.2,2.6,-1,18.678,-0.3347,11.11,2486,-7.55,27.700000000000003,13.7,37,1587,7.55,-26.900000000000002,13.6,37,18.984,-0.307,0,
B-A-low-6,0.64347,1789994594.4333,const,11.7275,3.6226,0.374,0.2,2.6,-1,18.639,-0.3346,11.112,2485,-7.55,27.700000000000003,13.7,37,1588,7.55,-26.900000000000002,13.6,37,18.946,-0.307,0,
B-A-low-6,0.64547,1789994594.4353,const,11.7275,3.6226,0.374,0.2,2.6,-1,18.601,-0.3348,11.115,2484,-7.55,27.700000000000003,13.7,37,1589,7.04,-28.6,13.6,37,18.908,-0.307,0,
B-A-low-6,0.64747,1789994594.4373,const,11.7275,3.6226,0.374,0.2,2.6,-1,18.562,-0.3344,11.117,2483,-7.55,27.700000000000003,13.7,37,1590,7.04,-28.6,13.6,37,18.869,-0.307,0,
B-A-low-6,0.64947,1789994594.4393,const,11.7275,3.6226,0.374,0.2,2.6,-1,18.486,-0.6701,11.122,2481,-7.55,26.900000000000002,13.7,37,1591,7.55,-27.700000000000003,13.6,37,18.831,-0.345,0,
B-A-low-6,0.65147,1789994594.4413,const,11.7275,3.6226,0.374,0.2,2.6,-1,18.447,-0.3346,11.125,2480,-7.55,26.900000000000002,13.7,37,1592,7.55,-27.700000000000003,13.6,37,18.793,-0.345,0,
B-A-low-6,0.65347,1789994594.4433,const,11.7275,3.6226,0.374,0.2,2.6,-1,18.409,-0.3346,11.127,2479,-7.55,26.900000000000002,13.7,37,1593,7.55,-27.700000000000003,13.6,37,18.754,-0.345,0,
B-A-low-6,0.65547,1789994594.4453,const,11.7275,3.6226,0.374,0.2,2.6,-1,18.371,-0.3346,11.13,2478,-8.05,26.0,13.7,37,1595,7.55,-26.900000000000002,13.6,37,18.678,-0.307,0,
B-A-low-6,0.65747,1789994594.4473,const,11.7275,3.6226,0.374,0.2,2.6,-1,18.332,-0.3351,11.132,2477,-7.55,27.700000000000003,13.7,37,1596,8.05,-26.0,13.6,37,18.639,-0.307,0,
B-A-low-6,0.65947,1789994594.4493,const,11.7275,3.6226,0.374,0.2,2.6,-1,18.294,-0.3344,11.135,2476,-8.05,26.8,13.7,37,1596,7.04,-28.6,13.6,37,18.639,-0.345,0,
B-A-low-6,0.66147,1789994594.4513,const,11.7275,3.6226,0.374,0.2,2.6,-1,18.256,-0.3349,11.137,2475,-8.05,26.8,13.7,37,1597,7.55,-27.700000000000003,13.6,37,18.601,-0.345,0,
B-A-low-6,0.66347,1789994594.4533,const,11.7275,3.6226,0.374,0.2,2.6,-1,18.217,-0.334,11.139,2474,-7.55,27.700000000000003,13.7,37,1599,7.55,-27.700000000000003,13.6,37,18.524,-0.307,0,
B-A-low-6,0.66547,1789994594.4553,const,11.7275,3.6226,0.374,0.2,2.6,-1,18.179,-0.3346,11.142,2473,-8.05,26.8,13.7,37,1601,8.55,-25.200000000000003,13.6,37,18.447,-0.268,0,
B-A-low-6,0.66747,1789994594.4573,const,11.7275,3.6226,0.374,0.2,2.6,-1,18.141,-0.3358,11.144,2472,-7.55,28.5,13.7,37,1602,8.55,-25.200000000000003,13.6,38,18.409,-0.268,0,
B-A-low-6,0.66947,1789994594.4593,const,11.7275,3.6226,0.374,0.2,2.6,-1,18.102,-0.3342,11.147,2471,-8.05,27.6,13.7,37,1602,7.55,-27.700000000000003,13.6,38,18.409,-0.307,0,
B-A-low-6,0.67147,1789994594.4613,const,11.7275,3.6226,0.374,0.2,2.6,-1,18.064,-0.3352,11.149,2470,-7.55,28.5,13.7,37,1604,8.55,-25.200000000000003,13.6,38,18.332,-0.268,0,
B-A-low-6,0.67347,1789994594.4633,const,11.7275,3.6226,0.374,0.2,2.6,-1,18.026,-0.3345,11.152,2469,-7.55,28.5,13.7,37,1604,8.05,-26.8,13.6,38,18.332,-0.307,0,
B-A-low-6,0.67547,1789994594.4653,const,11.7275,3.6226,0.374,0.2,2.6,-1,17.987,-0.3347,11.154,2468,-7.55,28.5,13.7,37,1606,8.55,-25.200000000000003,13.6,38,18.256,-0.268,0,
B-A-low-6,0.67747,1789994594.4673,const,11.7275,3.6226,0.374,0.2,2.6,-1,17.911,-0.6694,11.159,2466,-8.05,26.8,13.7,37,1606,8.05,-26.8,13.6,38,18.256,-0.345,0,
B-A-low-6,0.67947,1789994594.4693,const,11.7275,3.6226,0.374,0.2,2.6,-1,17.872,-0.3346,11.161,2465,-8.05,26.8,13.7,37,1608,8.05,-26.0,13.6,38,18.179,-0.307,0,
B-A-low-6,0.68147,1789994594.4713,const,11.7275,3.6226,0.374,0.2,2.6,-1,17.834,-0.3349,11.164,2464,-8.05,26.8,13.7,37,1609,8.05,-26.0,13.6,38,18.141,-0.307,0,
B-A-low-6,0.68347,1789994594.4733,const,11.7275,3.6226,0.374,0.2,2.6,-1,17.795,-0.3347,11.166,2463,-8.05,26.8,13.7,37,1610,8.05,-26.0,13.6,38,18.102,-0.307,0,
B-A-low-6,0.68547,1789994594.4753,const,11.7275,3.6226,0.374,0.2,2.6,-1,17.795,0.0,11.166,2463,-7.55,28.5,13.7,37,1611,8.05,-26.0,13.6,38,18.064,-0.268,0,
B-A-low-6,0.68747,1789994594.4773,const,11.7275,3.6226,0.374,0.2,2.6,-1,17.719,-0.6697,11.171,2461,-8.05,26.8,13.7,37,1612,8.05,-26.8,13.6,38,18.026,-0.307,0,
B-A-low-6,0.68947,1789994594.4793,const,11.7275,3.6226,0.374,0.2,2.6,-1,17.68,-0.3351,11.173,2460,-7.55,28.5,13.7,37,1614,8.55,-25.200000000000003,13.6,38,17.949,-0.268,0,
B-A-low-6,0.69147,1789994594.4813,const,11.7275,3.6226,0.374,0.2,2.6,-1,17.642,-0.3343,11.176,2459,-8.05,27.6,13.7,37,1615,8.55,-25.200000000000003,13.6,38,17.911,-0.268,0,
B-A-low-6,0.69347,1789994594.4833,const,11.7275,3.6226,0.374,0.2,2.6,-1,17.604,-0.3349,11.178,2458,-8.05,27.6,13.7,37,1615,8.05,-26.8,13.6,38,17.911,-0.307,0,
B-A-low-6,0.69547,1789994594.4853,const,11.7275,3.6226,0.374,0.2,2.6,-1,17.527,-0.6694,11.183,2456,-8.55,26.0,13.7,37,1617,8.05,-26.8,13.6,38,17.834,-0.307,0,
B-A-low-6,0.69747,1789994594.4873,const,11.7275,3.6226,0.374,0.2,2.6,-1,17.527,0.0,11.183,2456,-8.05,27.6,13.7,37,1618,8.05,-26.8,13.6,38,17.795,-0.268,0,
B-A-low-6,0.69947,1789994594.4893,const,11.7275,3.6226,0.374,0.2,2.6,-1,17.45,-0.6697,11.188,2454,-8.55,26.8,13.7,37,1619,8.05,-26.8,13.6,38,17.757,-0.307,0,
B-A-low-6,0.70147,1789994594.4913,const,11.7275,3.6226,0.374,0.2,2.6,-1,17.412,-0.3346,11.19,2453,-8.05,27.6,13.7,37,1620,8.05,-26.8,13.6,38,17.719,-0.307,0,
B-A-low-6,0.70347,1789994594.4933,const,11.7275,3.6226,0.374,0.2,2.6,-1,17.412,0.0,11.19,2453,-8.05,28.400000000000002,13.7,37,1621,8.05,-26.8,13.6,38,17.68,-0.268,0,
B-A-low-6,0.70547,1789994594.4953,const,11.7275,3.6226,0.374,0.2,2.6,-1,17.374,-0.3346,11.192,2452,-8.05,28.400000000000002,13.7,37,1622,7.55,-27.700000000000003,13.6,38,17.642,-0.268,0,
B-A-low-6,0.70747,1789994594.4973,const,11.7275,3.6226,0.374,0.2,2.6,-1,17.297,-0.6697,11.197,2450,-8.05,27.6,13.7,37,1624,8.05,-26.0,13.6,38,17.565,-0.268,0,
B-A-low-6,0.70947,1789994594.4993,const,11.7275,3.6226,0.374,0.2,2.6,-1,17.259,-0.3347,11.199,2449,-8.05,27.6,13.7,37,1624,7.55,-27.700000000000003,13.6,38,17.565,-0.307,0,
B-A-low-6,0.71147,1789994594.5013,const,11.7275,3.6226,0.374,0.2,2.6,-1,17.182,-0.6692,11.204,2447,-8.55,26.0,13.7,37,1625,7.55,-27.700000000000003,13.6,38,17.527,-0.345,0,
B-A-low-6,0.71347,1789994594.5033,const,11.7275,3.6226,0.374,0.2,2.6,-1,17.182,0.0,11.204,2447,-8.05,27.6,13.7,37,1626,7.55,-27.700000000000003,13.6,38,17.489,-0.307,0,
B-A-low-6,0.71547,1789994594.5053,const,11.7275,3.6226,0.374,0.2,2.6,-1,17.143,-0.3352,11.206,2446,-8.05,27.6,13.7,37,1627,7.55,-27.700000000000003,13.6,38,17.45,-0.307,0,
B-A-low-6,0.71747,1789994594.5073,const,11.7275,3.6226,0.374,0.2,2.6,-1,17.067,-0.6693,11.211,2444,-8.05,27.6,13.7,37,1628,8.05,-26.8,13.6,38,17.412,-0.345,0,
B-A-low-6,0.71947,1789994594.5093,const,11.7275,3.6226,0.374,0.2,2.6,-1,17.028,-0.3348,11.213,2443,-8.05,27.6,13.7,37,1629,7.55,-28.5,13.6,38,17.374,-0.345,0,
B-A-low-6,0.72147,1789994594.5113,const,11.7275,3.6226,0.374,0.2,2.6,-1,16.99,-0.3346,11.215,2442,-8.05,27.6,13.7,37,1630,7.55,-28.5,13.6,38,17.335,-0.345,0,
B-A-low-6,0.72347,1789994594.5133,const,11.7275,3.6226,0.374,0.2,2.6,-1,16.952,-0.3348,11.218,2441,-8.05,27.6,13.7,37,1631,7.55,-28.5,13.6,38,17.297,-0.345,0,
B-A-low-6,0.72547,1789994594.5153,const,11.7275,3.6226,0.374,0.2,2.6,-1,16.913,-0.3342,11.22,2440,-8.05,27.6,13.8,37,1632,7.55,-28.5,13.6,38,17.259,-0.345,0,
B-A-low-6,0.72745,1789994594.5173,const,11.7275,3.6226,0.374,0.2,2.6,-1,16.913,0.0,11.22,2440,-7.55,28.5,13.8,37,1633,7.55,-28.5,13.6,38,17.22,-0.307,0,
B-A-low-6,0.72945,1789994594.5193,const,11.7275,3.6226,0.374,0.2,2.6,-1,16.837,-0.6695,11.225,2438,-8.05,27.6,13.8,37,1634,7.04,-29.400000000000002,13.6,38,17.182,-0.345,0,
B-A-low-6,0.73144,1789994594.5213,const,11.7275,3.6226,0.374,0.2,2.6,-1,16.798,-0.335,11.227,2437,-8.05,27.6,13.8,37,1635,7.55,-28.5,13.6,38,17.143,-0.345,0,
B-A-low-6,0.73345,1789994594.5233,const,11.7275,3.6226,0.374,0.2,2.6,-1,16.76,-0.3346,11.229,2436,-8.05,27.6,13.8,37,1636,7.55,-28.5,13.6,38,17.105,-0.345,0,
B-A-low-6,0.73545,1789994594.5253,const,11.7275,3.6226,0.374,0.2,2.6,-1,16.722,-0.3348,11.231,2435,-8.05,27.6,13.8,37,1637,7.55,-28.5,13.6,38,17.067,-0.345,0,
B-A-low-6,0.73744,1789994594.5273,const,11.7275,3.6226,0.374,0.2,2.6,-1,16.683,-0.3349,11.234,2434,-8.05,27.6,13.8,37,1639,7.55,-28.5,13.6,38,16.99,-0.307,0,
B-A-low-6,0.73944,1789994594.5293,const,11.7275,3.6226,0.374,0.2,2.6,-1,16.645,-0.3347,11.236,2433,-7.55,29.3,13.8,37,1640,7.55,-28.5,13.6,38,16.952,-0.307,0,
B-A-low-6,0.74144,1789994594.5313,const,11.7275,3.6226,0.374,0.2,2.6,-1,16.607,-0.3346,11.238,2432,-7.55,29.3,13.8,37,1641,7.55,-28.5,13.6,38,16.913,-0.307,0,
B-A-low-6,0.74344,1789994594.5333,const,11.7275,3.6226,0.374,0.2,2.6,-1,16.53,-0.6693,11.243,2430,-8.05,28.400000000000002,13.8,37,1641,7.55,-29.3,13.6,38,16.913,-0.384,0,
B-A-low-6,0.74544,1789994594.5353,const,11.7275,3.6226,0.374,0.2,2.6,-1,16.491,-0.3347,11.245,2429,-7.55,29.3,13.8,37,1643,7.55,-28.5,13.6,38,16.837,-0.345,0,
B-A-low-6,0.74744,1789994594.5373,const,11.7275,3.6226,0.374,0.2,2.6,-1,16.453,-0.3347,11.247,2428,-7.55,29.3,13.8,37,1644,7.55,-28.5,13.6,38,16.798,-0.345,0,
B-A-low-6,0.74944,1789994594.5393,const,11.7275,3.6226,0.374,0.2,2.6,-1,16.376,-0.6696,11.251,2426,-8.05,28.400000000000002,13.8,37,1645,7.55,-28.5,13.6,38,16.76,-0.384,0,
B-A-low-6,0.75144,1789994594.5413,const,11.7275,3.6226,0.374,0.2,2.6,-1,16.3,-0.6692,11.256,2424,-8.55,26.8,13.8,37,1646,7.55,-28.5,13.6,38,16.722,-0.422,0,
B-A-low-6,0.75344,1789994594.5433,const,11.7275,3.6226,0.374,0.2,2.6,-1,16.3,0.0,11.256,2424,-7.55,29.3,13.8,37,1647,8.05,-27.6,13.6,38,16.683,-0.384,0,
B-A-low-6,0.75544,1789994594.5453,const,11.7275,3.6226,0.374,0.2,2.6,-1,16.223,-0.6693,11.26,2422,-8.55,26.8,13.8,37,1649,8.55,-26.8,13.6,38,16.607,-0.384,0,
B-A-low-6,0.75745,1789994594.5473,const,11.7275,3.6226,0.374,0.2,2.6,-1,16.185,-0.3345,11.262,2421,-8.05,27.6,13.8,37,1650,8.55,-26.8,13.6,38,16.568,-0.384,0,
B-A-low-6,0.75944,1789994594.5493,const,11.7275,3.6226,0.374,0.2,2.6,-1,16.108,-0.6702,11.267,2419,-8.55,26.0,13.8,37,1651,8.55,-26.8,13.6,38,16.53,-0.422,0,
B-A-low-6,0.76144,1789994594.5513,const,11.7275,3.6226,0.374,0.2,2.6,-1,16.07,-0.3346,11.269,2418,-9.06,25.1,13.8,37,1652,8.55,-26.8,13.6,38,16.491,-0.422,0,
B-A-low-6,0.76344,1789994594.5533,const,11.7275,3.6226,0.374,0.2,2.6,-1,16.07,0.0,11.269,2418,-8.05,27.6,13.8,37,1653,8.55,-26.8,13.6,38,16.453,-0.384,0,
B-A-low-6,0.76544,1789994594.5553,const,11.7275,3.6226,0.374,0.2,2.6,-1,16.031,-0.3347,11.271,2417,-8.05,27.6,13.8,37,1655,8.55,-26.0,13.6,38,16.376,-0.345,0,
B-A-low-6,0.76745,1789994594.5573,const,11.7275,3.6226,0.374,0.2,2.6,-1,15.955,-0.6687,11.276,2415,-8.55,26.8,13.8,37,1656,8.55,-26.0,13.6,38,16.338,-0.384,0,
B-A-low-6,0.76945,1789994594.5593,const,11.7275,3.6226,0.374,0.2,2.6,-1,15.916,-0.3347,11.278,2414,-8.55,26.8,13.8,37,1658,9.06,-24.3,13.6,38,16.261,-0.345,0,
B-A-low-6,0.77144,1789994594.5613,const,11.7275,3.6226,0.374,0.2,2.6,-1,15.839,-0.6702,11.282,2412,-9.06,25.1,13.8,37,1659,9.06,-24.3,13.6,38,16.223,-0.384,0,
B-A-low-6,0.77344,1789994594.5633,const,11.7275,3.6226,0.374,0.2,2.6,-1,15.801,-0.3347,11.284,2411,-9.06,25.1,13.8,37,1660,9.06,-24.3,13.6,38,16.185,-0.384,0,
B-A-low-6,0.77545,1789994594.5653,const,11.7275,3.6226,0.374,0.2,2.6,-1,15.763,-0.3343,11.286,2410,-9.06,25.1,13.8,37,1661,9.06,-24.3,13.6,38,16.146,-0.384,0,
B-A-low-6,0.77745,1789994594.5673,const,11.7275,3.6226,0.374,0.2,2.6,-1,15.724,-0.3338,11.288,2409,-9.06,25.1,13.8,37,1663,9.06,-24.3,13.6,38,16.07,-0.345,0,
B-A-low-6,0.77945,1789994594.5693,const,11.7275,3.6226,0.374,0.2,2.6,-1,15.686,-0.3353,11.291,2408,-9.06,25.1,13.8,37,1664,9.06,-24.3,13.6,38,16.031,-0.345,0,
B-A-low-6,0.78145,1789994594.5713,const,11.7275,3.6226,0.374,0.2,2.6,-1,15.609,-0.6698,11.295,2406,-9.06,25.1,13.8,37,1665,9.56,-23.400000000000002,13.6,38,15.993,-0.384,0,
B-A-low-6,0.78344,1789994594.5733,const,11.7275,3.6226,0.374,0.2,2.6,-1,15.571,-0.335,11.297,2405,-9.06,25.1,13.8,37,1666,9.06,-24.3,13.6,38,15.955,-0.384,0,
B-A-low-6,0.78544,1789994594.5753,const,11.7275,3.6226,0.374,0.2,2.6,-1,15.533,-0.3348,11.299,2404,-9.06,25.1,13.8,37,1668,9.56,-22.6,13.6,38,15.878,-0.345,0,
B-A-low-6,0.78744,1789994594.5773,const,11.7275,3.6226,0.374,0.2,2.6,-1,15.494,-0.3348,11.301,2403,-9.06,25.1,13.8,37,1669,9.56,-22.6,13.6,38,15.839,-0.345,0,
B-A-low-6,0.78944,1789994594.5793,const,11.7275,3.6226,0.374,0.2,2.6,-1,15.418,-0.6692,11.305,2401,-9.06,24.3,13.8,37,1670,9.06,-23.5,13.6,38,15.801,-0.384,0,
B-A-low-6,0.79144,1789994594.5813,const,11.7275,3.6226,0.374,0.2,2.6,-1,15.379,-0.3347,11.307,2400,-9.06,24.3,13.8,37,1671,9.06,-23.5,13.6,38,15.763,-0.384,0,
B-A-low-6,0.79344,1789994594.5833,const,11.7275,3.6226,0.374,0.2,2.6,-1,15.303,-0.6693,11.311,2398,-9.56,22.6,13.8,37,1673,9.56,-21.8,13.6,38,15.686,-0.384,0,
B-A-low-6,0.79544,1789994594.5853,const,11.7275,3.6226,0.374,0.2,2.6,-1,15.303,0.0,11.311,2398,-9.06,24.3,13.8,37,1674,9.06,-23.5,13.6,38,15.648,-0.345,0,
B-A-low-6,0.79744,1789994594.5873,const,11.7275,3.6226,0.374,0.2,2.6,-1,15.264,-0.3347,11.314,2397,-9.06,24.3,13.8,37,1675,9.06,-23.5,13.6,38,15.609,-0.345,0,
B-A-low-6,0.79944,1789994594.5893,const,11.7275,3.6226,0.374,0.2,2.6,-1,15.226,-0.3348,11.316,2396,-8.55,26.0,13.8,37,1676,9.06,-23.5,13.6,38,15.571,-0.345,0,
B-A-low-6,0.80144,1789994594.5913,const,11.7275,3.6226,0.374,0.2,2.6,-1,15.149,-0.6691,11.32,2394,-9.06,24.3,13.8,37,1677,8.55,-24.400000000000002,13.6,38,15.533,-0.384,0,
B-A-low-6,0.80344,1789994594.5933,const,11.7275,3.6226,0.374,0.2,2.6,-1,15.111,-0.3349,11.322,2393,-9.06,24.3,13.8,37,1678,9.06,-23.5,13.6,38,15.494,-0.384,0,
B-A-low-6,0.80544,1789994594.5953,const,11.7275,3.6226,0.374,0.2,2.6,-1,15.072,-0.3346,11.324,2392,-9.06,24.3,13.8,37,1679,8.55,-24.400000000000002,13.6,38,15.456,-0.384,0,
B-A-low-6,0.80744,1789994594.5973,const,11.7275,3.6226,0.374,0.2,2.6,-1,14.996,-0.6694,11.328,2390,-9.06,23.5,13.8,37,1681,9.06,-22.700000000000003,13.6,38,15.379,-0.384,0,
B-A-low-6,0.80944,1789994594.5993,const,11.7275,3.6226,0.374,0.2,2.6,-1,14.996,0.0,11.328,2390,-8.55,25.200000000000003,13.8,37,1682,8.55,-24.400000000000002,13.6,38,15.341,-0.345,0,
B-A-low-6,0.81144,1789994594.6013,const,11.7275,3.6226,0.374,0.2,2.6,-1,14.919,-0.6692,11.332,2388,-8.55,24.400000000000002,13.8,37,1683,8.55,-24.400000000000002,13.6,38,15.303,-0.384,0,
B-A-low-6,0.81344,1789994594.6033,const,11.7275,3.6226,0.374,0.2,2.6,-1,14.919,0.0,11.332,2388,-8.05,26.0,13.8,37,1684,8.55,-24.400000000000002,13.6,38,15.264,-0.345,0,
B-A-low-6,0.81544,1789994594.6053,const,11.7275,3.6226,0.374,0.2,2.6,-1,14.842,-0.6694,11.336,2386,-9.06,24.3,13.8,37,1685,8.55,-24.400000000000002,13.6,38,15.226,-0.384,0,
B-A-low-6,0.81745,1789994594.6073,const,11.7275,3.6226,0.374,0.2,2.6,-1,14.804,-0.3344,11.338,2385,-8.55,25.200000000000003,13.8,37,1686,8.55,-24.400000000000002,13.6,38,15.188,-0.384,0,
B-A-low-6,0.81946,1789994594.6093,const,11.7275,3.6226,0.374,0.2,2.6,-1,14.766,-0.332,11.34,2384,-8.55,25.200000000000003,13.8,37,1688,8.55,-23.6,13.6,38,15.111,-0.345,0,
B-A-low-6,0.82144,1789994594.6113,const,11.7275,3.6226,0.374,0.2,2.6,-1,14.727,-0.3378,11.342,2383,-8.05,26.0,13.8,37,1689,8.55,-23.6,13.6,38,15.072,-0.345,0,
B-A-low-6,0.82345,1789994594.6133,const,11.7275,3.6226,0.374,0.2,2.6,-1,14.689,-0.3343,11.344,2382,-8.05,26.0,13.8,37,1689,8.05,-25.200000000000003,13.6,38,15.072,-0.384,0,
B-A-low-6,0.82544,1789994594.6153,const,11.7275,3.6226,0.374,0.2,2.6,-1,14.651,-0.3352,11.346,2381,-8.05,26.0,13.8,37,1690,8.05,-25.200000000000003,13.6,38,15.034,-0.384,0,
B-A-low-6,0.82744,1789994594.6173,const,11.7275,3.6226,0.374,0.2,2.6,-1,14.612,-0.3347,11.348,2380,-8.05,26.0,13.8,37,1691,7.55,-26.900000000000002,13.6,38,14.996,-0.384,0,
B-A-low-6,0.82944,1789994594.6193,const,11.7275,3.6226,0.374,0.2,2.6,-1,14.574,-0.3348,11.35,2379,-8.55,25.200000000000003,13.8,37,1693,8.05,-25.200000000000003,13.6,38,14.919,-0.345,0,
B-A-low-6,0.83144,1789994594.6213,const,11.7275,3.6226,0.374,0.2,2.6,-1,14.497,-0.6694,11.354,2377,-8.05,26.0,13.8,37,1694,8.05,-25.200000000000003,13.6,38,14.881,-0.384,0,
B-A-low-6,0.83344,1789994594.6233,const,11.7275,3.6226,0.374,0.2,2.6,-1,14.459,-0.3347,11.356,2376,-8.55,25.200000000000003,13.8,37,1695,8.05,-25.200000000000003,13.6,38,14.842,-0.384,0,
B-A-low-6,0.83544,1789994594.6253,const,11.7275,3.6226,0.374,0.2,2.6,-1,14.459,0.0,11.356,2376,-8.05,26.8,13.8,37,1695,7.55,-26.900000000000002,13.6,38,14.842,-0.384,0,
B-A-low-6,0.83744,1789994594.6273,const,11.7275,3.6226,0.374,0.2,2.6,-1,14.382,-0.6689,11.36,2374,-8.05,26.0,13.8,37,1696,7.04,-27.8,13.6,38,14.804,-0.422,0,
B-A-low-6,0.83944,1789994594.6293,const,11.7275,3.6226,0.374,0.2,2.6,-1,14.344,-0.3349,11.362,2373,-8.05,26.0,13.8,37,1698,8.05,-25.200000000000003,13.6,38,14.727,-0.384,0,
B-A-low-6,0.84144,1789994594.6313,const,11.7275,3.6226,0.374,0.2,2.6,-1,14.305,-0.3348,11.364,2372,-8.05,26.0,15.1,37,1698,7.55,-26.900000000000002,13.6,38,14.727,-0.422,0,
B-A-low-6,0.84344,1789994594.6333,const,11.7275,3.6226,0.374,0.2,2.6,-1,14.267,-0.3347,11.366,2371,-8.05,26.0,15.1,37,1700,8.05,-25.200000000000003,14.9,38,14.651,-0.384,0,
B-A-low-6,0.84544,1789994594.6353,const,11.7275,3.6226,0.374,0.2,2.6,-1,14.229,-0.3345,11.368,2370,-8.05,26.0,15.1,37,1701,7.55,-26.900000000000002,14.9,38,14.612,-0.384,0,
B-A-low-6,0.84744,1789994594.6373,const,11.7275,3.6226,0.374,0.2,2.6,-1,14.19,-0.3344,11.369,2369,-8.05,26.0,15.1,37,1702,8.05,-25.200000000000003,14.9,38,14.574,-0.384,0,
B-A-low-6,0.84945,1789994594.6393,const,11.7275,3.6226,0.374,0.2,2.6,-1,14.152,-0.3343,11.371,2368,-7.55,27.700000000000003,15.1,37,1703,8.05,-25.200000000000003,14.9,38,14.536,-0.384,0,
B-A-low-6,0.85145,1789994594.6413,const,11.7275,3.6226,0.374,0.2,2.6,-1,14.114,-0.3348,11.373,2367,-7.55,27.700000000000003,15.1,37,1705,8.05,-25.200000000000003,14.9,38,14.459,-0.345,0,
B-A-low-6,0.85345,1789994594.6433,const,11.7275,3.6226,0.374,0.2,2.6,-1,14.075,-0.3347,11.375,2366,-7.55,27.700000000000003,15.1,37,1706,8.05,-25.200000000000003,14.9,38,14.42,-0.345,0,
B-A-low-6,0.85545,1789994594.6453,const,11.7275,3.6226,0.374,0.2,2.6,-1,14.037,-0.3347,11.377,2365,-8.05,26.8,15.1,37,1707,8.55,-24.400000000000002,14.9,38,14.382,-0.345,0,
B-A-low-6,0.85745,1789994594.6473,const,11.7275,3.6226,0.374,0.2,2.6,-1,13.96,-0.6691,11.381,2363,-8.05,26.8,15.1,37,1708,8.55,-24.400000000000002,14.9,38,14.344,-0.384,0,
B-A-low-6,0.85945,1789994594.6493,const,11.7275,3.6226,0.374,0.2,2.6,-1,13.922,-0.3348,11.383,2362,-8.05,26.8,15.1,37,1709,8.05,-25.200000000000003,14.9,38,14.305,-0.384,0,
B-A-low-6,0.86145,1789994594.6513,const,11.7275,3.6226,0.374,0.2,2.6,-1,13.884,-0.3347,11.385,2361,-8.05,26.8,15.1,37,1710,8.05,-25.200000000000003,14.9,38,14.267,-0.384,0,
B-A-low-6,0.86345,1789994594.6533,const,11.7275,3.6226,0.374,0.2,2.6,-1,13.884,0.0,11.385,2361,-7.55,28.5,15.1,37,1711,8.05,-25.200000000000003,14.9,38,14.229,-0.345,0,
B-A-low-6,0.86545,1789994594.6553,const,11.7275,3.6226,0.374,0.2,2.6,-1,13.807,-0.6693,11.388,2359,-8.05,26.8,15.1,37,1712,8.05,-25.200000000000003,14.9,38,14.19,-0.384,0,
B-A-low-6,0.86745,1789994594.6573,const,11.7275,3.6226,0.374,0.2,2.6,-1,13.768,-0.3344,11.39,2358,-8.05,26.8,15.1,37,1713,8.55,-24.400000000000002,14.9,38,14.152,-0.384,0,
B-A-low-6,0.86945,1789994594.6593,const,11.7275,3.6226,0.374,0.2,2.6,-1,13.73,-0.3348,11.392,2357,-8.05,26.8,15.1,37,1714,8.05,-26.0,14.9,38,14.114,-0.384,0,
B-A-low-6,0.87145,1789994594.6613,const,11.7275,3.6226,0.374,0.2,2.6,-1,13.692,-0.3349,11.394,2356,-7.55,27.700000000000003,15.1,37,1716,8.55,-24.400000000000002,14.9,38,14.037,-0.345,0,
B-A-low-6,0.87345,1789994594.6633,const,11.7275,3.6226,0.374,0.2,2.6,-1,13.653,-0.3347,11.396,2355,-7.55,27.700000000000003,15.1,37,1716,8.05,-26.0,14.9,38,14.037,-0.384,0,
B-A-low-6,0.87545,1789994594.6653,const,11.7275,3.6226,0.374,0.2,2.6,-1,13.615,-0.3348,11.398,2354,-8.05,26.8,15.1,37,1717,8.05,-26.0,14.9,38,13.999,-0.384,0,
B-A-low-6,0.87744,1789994594.6673,const,11.7275,3.6226,0.374,0.2,2.6,-1,13.577,-0.3348,11.4,2353,-7.55,27.700000000000003,15.1,37,1718,7.55,-26.900000000000002,14.9,38,13.96,-0.384,0,
B-A-low-6,0.87944,1789994594.6693,const,11.7275,3.6226,0.374,0.2,2.6,-1,13.5,-0.6706,11.403,2351,-8.55,25.200000000000003,15.1,37,1720,8.05,-25.200000000000003,14.9,38,13.884,-0.384,0,
B-A-low-6,0.88144,1789994594.6713,const,11.7275,3.6226,0.374,0.2,2.6,-1,13.462,-0.3347,11.405,2350,-8.05,26.8,15.1,37,1720,7.55,-26.900000000000002,14.9,38,13.884,-0.422,0,
B-A-low-6,0.88344,1789994594.6733,const,11.7275,3.6226,0.374,0.2,2.6,-1,13.423,-0.3342,11.407,2349,-8.05,26.8,15.1,37,1722,8.05,-25.200000000000003,14.9,38,13.807,-0.384,0,
B-A-low-6,0.88545,1789994594.6753,const,11.7275,3.6226,0.374,0.2,2.6,-1,13.385,-0.3344,11.409,2348,-8.05,26.8,15.1,37,1723,8.05,-25.200000000000003,14.9,38,13.768,-0.384,0,
B-A-low-6,0.88744,1789994594.6773,const,11.7275,3.6226,0.374,0.2,2.6,-1,13.347,-0.3349,11.411,2347,-8.05,26.8,15.1,37,1724,7.55,-26.900000000000002,14.9,38,13.73,-0.384,0,
B-A-low-6,0.88945,1789994594.6793,const,11.7275,3.6226,0.374,0.2,2.6,-1,13.308,-0.3341,11.412,2346,-8.05,26.8,15.1,37,1726,8.05,-25.200000000000003,14.9,38,13.653,-0.345,0,
B-A-low-6,0.89145,1789994594.6813,const,11.7275,3.6226,0.374,0.2,2.6,-1,13.232,-0.6685,11.416,2344,-8.55,25.200000000000003,15.1,37,1726,8.05,-26.0,14.9,38,13.653,-0.422,0,
B-A-low-6,0.89344,1789994594.6833,const,11.7275,3.6226,0.374,0.2,2.6,-1,13.232,0.0,11.416,2344,-8.05,27.6,15.1,37,1728,8.05,-26.0,14.9,38,13.577,-0.345,0,
B-A-low-6,0.89544,1789994594.6853,const,11.7275,3.6226,0.374,0.2,2.6,-1,13.155,-0.6695,11.42,2342,-8.05,26.8,15.1,37,1729,8.05,-26.0,14.9,38,13.538,-0.384,0,
B-A-low-6,0.89744,1789994594.6873,const,11.7275,3.6226,0.374,0.2,2.6,-1,13.116,-0.3346,11.421,2341,-8.05,26.8,15.1,37,1730,8.05,-26.0,14.9,38,13.5,-0.384,0,
B-A-low-6,0.89945,1789994594.6893,const,11.7275,3.6226,0.374,0.2,2.6,-1,13.078,-0.3346,11.423,2340,-8.05,26.8,15.1,37,1731,8.05,-26.0,14.9,38,13.462,-0.384,0,
B-A-low-6,0.90145,1789994594.6913,const,11.7275,3.6226,0.374,0.2,2.6,-1,13.04,-0.3345,11.425,2339,-8.05,26.8,15.1,37,1732,7.55,-26.900000000000002,14.9,38,13.423,-0.384,0,
B-A-low-6,0.90344,1789994594.6933,const,11.7275,3.6226,0.374,0.2,2.6,-1,13.001,-0.3351,11.427,2338,-8.05,26.8,15.1,37,1734,8.05,-25.200000000000003,14.9,38,13.347,-0.345,0,
B-A-low-6,0.90545,1789994594.6953,const,11.7275,3.6226,0.374,0.2,2.6,-1,12.925,-0.669,11.43,2336,-8.55,25.200000000000003,15.1,37,1734,7.55,-26.900000000000002,14.9,38,13.347,-0.422,0,
B-A-low-6,0.90745,1789994594.6973,const,11.7275,3.6226,0.374,0.2,2.6,-1,12.886,-0.3347,11.432,2335,-8.55,25.200000000000003,15.1,37,1735,8.05,-26.0,14.9,38,13.308,-0.422,0,
B-A-low-6,0.90945,1789994594.6993,const,11.7275,3.6226,0.374,0.2,2.6,-1,12.886,0.0,11.432,2335,-8.05,26.8,15.1,37,1737,8.05,-26.0,14.9,38,13.232,-0.345,0,
B-A-low-6,0.91145,1789994594.7013,const,11.7275,3.6226,0.374,0.2,2.6,-1,12.81,-0.6689,11.435,2333,-8.55,25.200000000000003,15.1,37,1738,8.05,-26.0,14.9,38,13.193,-0.384,0,
B-A-low-6,0.91344,1789994594.7033,const,11.7275,3.6226,0.374,0.2,2.6,-1,12.771,-0.3358,11.437,2332,-8.05,26.8,15.1,37,1739,7.55,-26.900000000000002,14.9,38,13.155,-0.384,0,
B-A-low-6,0.91544,1789994594.7053,const,11.7275,3.6226,0.374,0.2,2.6,-1,12.733,-0.3348,11.439,2331,-8.05,26.8,15.1,37,1740,8.05,-26.0,14.9,38,13.116,-0.384,0,
B-A-low-6,0.91744,1789994594.7073,const,11.7275,3.6226,0.374,0.2,2.6,-1,12.695,-0.3347,11.441,2330,-8.55,26.0,15.1,37,1741,8.05,-26.0,14.9,38,13.078,-0.384,0,
B-A-low-6,0.91944,1789994594.7093,const,11.7275,3.6226,0.374,0.2,2.6,-1,12.656,-0.3345,11.442,2329,-8.55,26.0,15.1,37,1742,7.55,-26.900000000000002,14.9,38,13.04,-0.384,0,
B-A-low-6,0.92144,1789994594.7113,const,11.7275,3.6226,0.374,0.2,2.6,-1,12.618,-0.3348,11.444,2328,-8.05,26.8,15.1,37,1743,7.55,-26.900000000000002,14.9,38,13.001,-0.384,0,
B-A-low-6,0.92345,1789994594.7133,const,11.7275,3.6226,0.374,0.2,2.6,-1,12.58,-0.333,11.446,2327,-8.05,26.8,15.1,37,1744,7.55,-27.700000000000003,14.9,38,12.963,-0.384,0,
B-A-low-6,0.92544,1789994594.7153,const,11.7275,3.6226,0.374,0.2,2.6,-1,12.541,-0.3365,11.447,2326,-7.55,27.700000000000003,15.1,37,1745,7.55,-27.700000000000003,14.9,38,12.925,-0.384,0,
B-A-low-6,0.92744,1789994594.7173,const,11.7275,3.6226,0.374,0.2,2.6,-1,12.503,-0.3346,11.449,2325,-7.55,27.700000000000003,15.1,37,1746,7.55,-27.700000000000003,14.9,38,12.886,-0.384,0,
B-A-low-6,0.92944,1789994594.7193,const,11.7275,3.6226,0.374,0.2,2.6,-1,12.464,-0.335,11.451,2324,-8.05,26.8,15.1,37,1747,7.55,-27.700000000000003,14.9,38,12.848,-0.384,0,
B-A-low-6,0.93144,1789994594.7213,const,11.7275,3.6226,0.374,0.2,2.6,-1,12.426,-0.3346,11.453,2323,-7.55,28.5,15.1,37,1748,7.55,-27.700000000000003,14.9,38,12.81,-0.384,0,
B-A-low-6,0.93344,1789994594.7233,const,11.7275,3.6226,0.374,0.2,2.6,-1,12.349,-0.6695,11.456,2321,-8.05,26.8,15.1,37,1749,7.55,-27.700000000000003,14.9,38,12.771,-0.422,0,
B-A-low-6,0.93544,1789994594.7253,const,11.7275,3.6226,0.374,0.2,2.6,-1,12.349,0.0,11.456,2321,-7.55,28.5,15.1,37,1750,7.55,-27.700000000000003,14.9,38,12.733,-0.384,0,
B-A-low-6,0.93744,1789994594.7273,const,11.7275,3.6226,0.374,0.2,2.6,-1,12.311,-0.3346,11.458,2320,-7.55,28.5,15.1,37,1751,7.55,-27.700000000000003,14.9,38,12.695,-0.384,0,
B-A-low-6,0.93944,1789994594.7293,const,11.7275,3.6226,0.374,0.2,2.6,-1,12.273,-0.3349,11.459,2319,-7.04,30.200000000000003,15.1,37,1752,7.55,-27.700000000000003,14.9,38,12.656,-0.384,0,
B-A-low-6,0.94144,1789994594.7313,const,11.7275,3.6226,0.374,0.2,2.6,-1,12.234,-0.3343,11.461,2318,-7.55,29.3,15.1,37,1753,7.04,-29.400000000000002,14.9,38,12.618,-0.384,0,
B-A-low-6,0.94344,1789994594.7333,const,11.7275,3.6226,0.374,0.2,2.6,-1,12.158,-0.6695,11.464,2316,-8.05,27.6,15.1,37,1754,7.55,-28.5,14.9,38,12.58,-0.422,0,
B-A-low-6,0.94544,1789994594.7353,const,11.7275,3.6226,0.374,0.2,2.6,-1,12.158,0.0,11.464,2316,-7.04,30.200000000000003,15.1,37,1755,7.55,-28.5,14.9,38,12.541,-0.384,0,
B-A-low-6,0.94744,1789994594.7373,const,11.7275,3.6226,0.374,0.2,2.6,-1,12.119,-0.3349,11.466,2315,-7.55,29.3,15.1,37,1756,7.04,-29.400000000000002,14.9,38,12.503,-0.384,0,
B-A-low-6,0.94944,1789994594.7393,const,11.7275,3.6226,0.374,0.2,2.6,-1,12.043,-0.6685,11.469,2313,-7.55,28.5,15.1,37,1758,8.05,-26.8,14.9,38,12.426,-0.384,0,
B-A-low-6,0.95144,1789994594.7413,const,11.7275,3.6226,0.374,0.2,2.6,-1,12.004,-0.3346,11.471,2312,-7.55,28.5,15.1,37,1759,7.55,-27.700000000000003,14.9,38,12.388,-0.384,0,
B-A-low-6,0.95344,1789994594.7433,const,11.7275,3.6226,0.374,0.2,2.6,-1,11.966,-0.3352,11.472,2311,-7.55,28.5,15.1,37,1761,8.05,-26.0,14.9,38,12.311,-0.345,0,
B-A-low-6,0.95544,1789994594.7453,const,11.7275,3.6226,0.374,0.2,2.6,-1,11.928,-0.3343,11.474,2310,-7.55,28.5,15.1,37,1762,8.55,-25.200000000000003,14.9,38,12.273,-0.345,0,
B-A-low-6,0.95744,1789994594.7473,const,11.7275,3.6226,0.374,0.2,2.6,-1,11.889,-0.335,11.476,2309,-7.55,28.5,13.9,37,1763,8.55,-25.200000000000003,14.9,38,12.234,-0.345,0,
B-A-low-6,0.95944,1789994594.7493,const,11.7275,3.6226,0.374,0.2,2.6,-1,11.851,-0.3348,11.477,2308,-8.05,27.6,13.9,37,1764,8.55,-26.0,13.6,38,12.196,-0.345,0,
B-A-low-6,0.96144,1789994594.7513,const,11.7275,3.6226,0.374,0.2,2.6,-1,11.774,-0.6697,11.481,2306,-8.55,26.0,13.9,37,1765,8.55,-26.0,13.6,38,12.158,-0.384,0,
B-A-low-6,0.96344,1789994594.7533,const,11.7275,3.6226,0.374,0.2,2.6,-1,11.736,-0.3344,11.482,2305,-8.05,27.6,13.9,37,1767,8.55,-25.200000000000003,13.6,38,12.081,-0.345,0,
B-A-low-6,0.96542,1789994594.7553,const,11.7275,3.6226,0.374,0.2,2.6,-1,11.697,-0.338,11.484,2304,-8.05,27.6,13.9,37,1768,8.55,-25.200000000000003,13.6,38,12.043,-0.345,0,
B-A-low-6,0.96744,1789994594.7573,const,11.7275,3.6226,0.374,0.2,2.6,-1,11.659,-0.3317,11.485,2303,-8.05,27.6,13.9,37,1768,8.55,-26.0,13.6,38,12.043,-0.384,0,
B-A-low-6,0.96944,1789994594.7593,const,11.7275,3.6226,0.374,0.2,2.6,-1,11.582,-0.6696,11.488,2301,-9.06,25.1,13.9,37,1770,8.55,-25.200000000000003,13.6,38,11.966,-0.384,0,
B-A-low-6,0.97144,1789994594.7613,const,11.7275,3.6226,0.374,0.2,2.6,-1,11.544,-0.3347,11.49,2300,-8.55,26.8,13.9,37,1771,8.55,-25.200000000000003,13.6,38,11.928,-0.384,0,
B-A-low-6,0.97344,1789994594.7633,const,11.7275,3.6226,0.374,0.2,2.6,-1,11.506,-0.3342,11.492,2299,-8.55,26.8,13.9,37,1772,8.55,-25.200000000000003,13.6,38,11.889,-0.384,0,
B-A-low-6,0.97542,1789994594.7653,const,11.7275,3.6226,0.374,0.2,2.6,-1,11.467,-0.3376,11.493,2298,-8.55,26.8,13.9,37,1773,8.55,-25.200000000000003,13.6,38,11.851,-0.384,0,
B-A-low-6,0.97744,1789994594.7673,const,11.7275,3.6226,0.374,0.2,2.6,-1,11.429,-0.3317,11.495,2297,-8.55,26.8,13.9,37,1775,8.55,-25.200000000000003,13.6,38,11.774,-0.345,0,
B-A-low-6,0.97944,1789994594.7693,const,11.7275,3.6226,0.374,0.2,2.6,-1,11.391,-0.3352,11.496,2296,-8.55,26.8,13.9,37,1776,9.06,-24.3,13.6,38,11.736,-0.345,0,
B-A-low-6,0.98144,1789994594.7713,const,11.7275,3.6226,0.374,0.2,2.6,-1,11.314,-0.6689,11.499,2294,-8.55,26.0,13.9,37,1777,8.55,-25.200000000000003,13.6,38,11.697,-0.384,0,
B-A-low-6,0.98342,1789994594.7733,const,11.7275,3.6226,0.374,0.2,2.6,-1,11.276,-0.3379,11.501,2293,-9.06,25.1,13.9,37,1778,8.55,-25.200000000000003,13.6,38,11.659,-0.384,0,
B-A-low-6,0.98544,1789994594.7753,const,11.7275,3.6226,0.374,0.2,2.6,-1,11.237,-0.3314,11.502,2292,-8.55,26.0,13.9,37,1779,8.55,-25.200000000000003,13.6,38,11.621,-0.384,0,
B-A-low-6,0.98744,1789994594.7773,const,11.7275,3.6226,0.374,0.2,2.6,-1,11.199,-0.3351,11.504,2291,-9.06,25.1,13.9,37,1780,8.55,-25.200000000000003,13.6,38,11.582,-0.384,0,
B-A-low-6,0.98944,1789994594.7793,const,11.7275,3.6226,0.374,0.2,2.6,-1,11.161,-0.3342,11.505,2290,-8.05,27.6,13.9,37,1782,9.06,-23.5,13.6,38,11.506,-0.345,0,
B-A-low-6,0.99142,1789994594.7813,const,11.7275,3.6226,0.374,0.2,2.6,-1,11.084,-0.6755,11.509,2288,-9.06,25.1,13.9,37,1783,8.55,-24.400000000000002,13.6,38,11.467,-0.384,0,
B-A-low-6,0.99342,1789994594.7833,const,11.7275,3.6226,0.374,0.2,2.6,-1,11.045,-0.3345,11.51,2287,-9.06,25.1,13.9,37,1784,8.55,-24.400000000000002,13.6,38,11.429,-0.384,0,
B-A-low-6,0.99542,1789994594.7853,const,11.7275,3.6226,0.374,0.2,2.6,-1,11.007,-0.3349,11.512,2286,-8.55,26.0,13.9,37,1786,9.06,-22.700000000000003,13.6,38,11.352,-0.345,0,
B-A-low-6,0.99744,1789994594.7873,const,11.7275,3.6226,0.374,0.2,2.6,-1,10.969,-0.3319,11.513,2285,-9.06,25.1,13.9,37,1786,8.55,-24.400000000000002,13.6,38,11.352,-0.384,0,
B-A-low-6,0.99944,1789994594.7893,const,11.7275,3.6226,0.374,0.2,2.6,-1,10.93,-0.3344,11.515,2284,-8.55,26.0,13.9,37,1787,8.55,-24.400000000000002,13.6,38,11.314,-0.384,0,
B-A-low-6,1.00144,1789994594.7913,const,11.7275,3.6226,0.374,0.2,2.6,-1,10.892,-0.3349,11.516,2283,-8.55,26.0,13.9,37,1789,8.55,-24.400000000000002,13.6,38,11.237,-0.345,0,
B-A-low-6,1.00342,1789994594.7933,const,11.7275,3.6226,0.374,0.2,2.6,-1,10.854,-0.3374,11.517,2282,-8.05,26.8,13.9,37,1790,8.55,-24.400000000000002,13.6,38,11.199,-0.345,0,
B-A-low-6,1.00544,1789994594.7953,const,11.7275,3.6226,0.374,0.2,2.6,-1,10.777,-0.6628,11.52,2280,-9.06,24.3,13.9,37,1790,8.05,-26.0,13.6,38,11.199,-0.422,0,
B-A-low-6,1.00744,1789994594.7973,const,11.7275,3.6226,0.374,0.2,2.6,-1,10.777,0.0,11.52,2280,-8.55,26.0,13.9,37,1792,8.05,-26.0,13.6,38,11.122,-0.345,0,
B-A-low-6,1.00942,1789994594.7993,const,11.7275,3.6226,0.374,0.2,2.6,-1,10.7,-0.6778,11.523,2278,-8.55,25.200000000000003,13.9,37,1794,8.05,-25.200000000000003,13.6,38,11.045,-0.345,0,
B-A-low-6,1.01142,1789994594.8013,const,11.7275,3.6226,0.374,0.2,2.6,-1,10.662,-0.3337,11.525,2277,-8.55,26.0,13.9,37,1795,8.55,-24.400000000000002,13.6,38,11.007,-0.345,0,
B-A-low-6,1.01344,1789994594.8033,const,11.7275,3.6226,0.374,0.2,2.6,-1,10.624,-0.3321,11.526,2276,-8.05,26.8,13.9,37,1795,7.55,-26.900000000000002,13.6,38,11.007,-0.384,0,
B-A-low-6,1.01542,1789994594.8053,const,11.7275,3.6226,0.374,0.2,2.6,-1,10.585,-0.3385,11.528,2275,-8.55,26.0,13.9,37,1797,8.05,-25.200000000000003,13.6,38,10.93,-0.345,0,
B-A-low-6,1.01742,1789994594.8073,const,11.7275,3.6226,0.374,0.2,2.6,-1,10.547,-0.3345,11.529,2274,-8.05,26.8,13.9,37,1797,7.55,-26.900000000000002,13.6,38,10.93,-0.384,0,
B-A-low-6,1.01942,1789994594.8093,const,11.7275,3.6226,0.374,0.2,2.6,-1,10.509,-0.3344,11.531,2273,-8.55,26.0,13.9,37,1798,7.04,-28.6,13.6,38,10.892,-0.384,0,
B-A-low-6,1.02144,1789994594.8113,const,11.7275,3.6226,0.374,0.2,2.6,-1,10.47,-0.3314,11.532,2272,-8.05,27.6,13.9,37,1800,7.55,-26.900000000000002,13.6,38,10.815,-0.345,0,
B-A-low-6,1.02342,1789994594.8133,const,11.7275,3.6226,0.374,0.2,2.6,-1,10.432,-0.3387,11.533,2271,-8.05,27.6,13.9,37,1800,7.04,-28.6,13.6,38,10.815,-0.384,0,
B-A-low-6,1.02542,1789994594.8153,const,11.7275,3.6226,0.374,0.2,2.6,-1,10.393,-0.3342,11.535,2270,-8.05,27.6,13.9,37,1801,7.04,-28.6,13.6,38,10.777,-0.384,0,
B-A-low-6,1.02742,1789994594.8173,const,11.7275,3.6226,0.374,0.2,2.6,-1,10.355,-0.3346,11.536,2269,-7.55,28.5,13.9,37,1802,7.55,-27.700000000000003,13.6,38,10.739,-0.384,0,
B-A-low-6,1.02944,1789994594.8193,const,11.7275,3.6226,0.374,0.2,2.6,-1,10.317,-0.3313,11.538,2268,-8.05,27.6,13.9,37,1803,7.04,-28.6,13.6,38,10.7,-0.384,0,
B-A-low-6,1.03142,1789994594.8213,const,11.7275,3.6226,0.374,0.2,2.6,-1,10.24,-0.6775,11.54,2266,-8.05,26.8,13.9,37,1804,7.04,-28.6,13.6,38,10.662,-0.422,0,
B-A-low-6,1.03342,1789994594.8233,const,11.7275,3.6226,0.374,0.2,2.6,-1,10.202,-0.3342,11.542,2265,-8.05,26.8,13.9,37,1805,7.04,-28.6,13.6,38,10.624,-0.422,0,
B-A-low-6,1.03542,1789994594.8253,const,11.7275,3.6226,0.374,0.2,2.6,-1,10.163,-0.3342,11.543,2264,-8.05,26.8,13.9,37,1807,7.55,-26.900000000000002,13.6,38,10.547,-0.384,0,
B-A-low-6,1.03744,1789994594.8273,const,11.7275,3.6226,0.374,0.2,2.6,-1,10.125,-0.3318,11.545,2263,-8.05,26.8,13.9,37,1807,7.04,-28.6,13.6,38,10.547,-0.422,0,
B-A-low-6,1.03942,1789994594.8293,const,11.7275,3.6226,0.374,0.2,2.6,-1,10.087,-0.3381,11.546,2262,-7.55,28.5,13.9,37,1809,7.55,-27.700000000000003,13.6,38,10.47,-0.384,0,
B-A-low-6,1.04142,1789994594.8313,const,11.7275,3.6226,0.374,0.2,2.6,-1,10.048,-0.3344,11.547,2261,-8.05,27.6,13.9,37,1810,7.55,-27.700000000000003,13.6,38,10.432,-0.384,0,
B-A-low-6,1.04343,1789994594.8333,const,11.7275,3.6226,0.374,0.2,2.6,-1,10.01,-0.3338,11.549,2260,-8.05,27.6,13.9,37,1811,7.55,-27.700000000000003,13.6,38,10.393,-0.384,0,
B-A-low-6,1.04542,1789994594.8353,const,11.7275,3.6226,0.374,0.2,2.6,-1,9.972,-0.3354,11.55,2259,-7.55,28.5,13.9,37,1812,7.55,-27.700000000000003,13.6,38,10.355,-0.384,0,
B-A-low-6,1.04744,1789994594.8373,const,11.7275,3.6226,0.374,0.2,2.6,-1,9.933,-0.3319,11.551,2258,-8.05,27.6,13.9,37,1813,7.55,-27.700000000000003,13.6,38,10.317,-0.384,0,
B-A-low-6,1.04942,1789994594.8393,const,11.7275,3.6226,0.374,0.2,2.6,-1,9.895,-0.3382,11.553,2257,-8.05,27.6,13.9,37,1814,8.05,-26.8,13.6,38,10.278,-0.384,0,
B-A-low-6,1.05142,1789994594.8413,const,11.7275,3.6226,0.374,0.2,2.6,-1,9.857,-0.3346,11.554,2256,-8.05,27.6,13.9,37,1815,7.55,-28.5,13.6,38,10.24,-0.384,0,
B-A-low-6,1.05342,1789994594.8433,const,11.7275,3.6226,0.374,0.2,2.6,-1,9.818,-0.3343,11.556,2255,-7.55,29.3,13.9,37,1817,8.05,-26.8,13.6,38,10.163,-0.345,0,
B-A-low-6,1.05542,1789994594.8453,const,11.7275,3.6226,0.374,0.2,2.6,-1,9.741,-0.6692,11.558,2253,-8.05,27.6,13.9,37,1818,8.05,-26.8,13.6,38,10.125,-0.384,0,
B-A-low-6,1.05744,1789994594.8473,const,11.7275,3.6226,0.374,0.2,2.6,-1,9.703,-0.3319,11.559,2252,-8.05,27.6,13.9,37,1818,7.55,-28.5,13.6,38,10.125,-0.422,0,
B-A-low-6,1.05942,1789994594.8493,const,11.7275,3.6226,0.374,0.2,2.6,-1,9.665,-0.3382,11.561,2251,-8.05,27.6,13.9,37,1820,8.05,-26.8,13.6,38,10.048,-0.384,0,
B-A-low-6,1.06142,1789994594.8513,const,11.7275,3.6226,0.374,0.2,2.6,-1,9.626,-0.3346,11.562,2250,-8.05,27.6,13.9,37,1821,8.05,-26.8,13.6,38,10.01,-0.384,0,
B-A-low-6,1.06342,1789994594.8533,const,11.7275,3.6226,0.374,0.2,2.6,-1,9.55,-0.6685,11.565,2248,-8.55,26.0,13.9,37,1823,8.55,-25.200000000000003,13.6,38,9.933,-0.384,0,
B-A-low-6,1.06544,1789994594.8553,const,11.7275,3.6226,0.374,0.2,2.6,-1,9.55,0.0,11.565,2248,-8.05,27.6,13.9,37,1824,8.55,-25.200000000000003,13.6,38,9.895,-0.345,0,
B-A-low-6,1.06742,1789994594.8573,const,11.7275,3.6226,0.374,0.2,2.6,-1,9.511,-0.3386,11.566,2247,-8.05,27.6,13.9,37,1825,8.55,-25.200000000000003,13.6,38,9.857,-0.345,0,
B-A-low-6,1.06942,1789994594.8593,const,11.7275,3.6226,0.374,0.2,2.6,-1,9.435,-0.6693,11.569,2245,-8.55,26.0,13.9,37,1826,8.05,-26.8,13.6,38,9.818,-0.384,0,
B-A-low-6,1.07142,1789994594.8613,const,11.7275,3.6226,0.374,0.2,2.6,-1,9.396,-0.3342,11.57,2244,-8.05,27.6,13.9,37,1827,8.05,-26.8,13.6,38,9.78,-0.384,0,
B-A-low-6,1.07342,1789994594.8633,const,11.7275,3.6226,0.374,0.2,2.6,-1,9.358,-0.3347,11.571,2243,-8.05,27.6,14.2,37,1828,8.55,-26.0,13.6,38,9.741,-0.384,0,
B-A-low-6,1.07544,1789994594.8653,const,11.7275,3.6226,0.374,0.2,2.6,-1,9.32,-0.332,11.572,2242,-8.05,27.6,14.2,37,1829,8.55,-26.0,13.5,38,9.703,-0.384,0,
B-A-low-6,1.07742,1789994594.8673,const,11.7275,3.6226,0.374,0.2,2.6,-1,9.281,-0.3379,11.574,2241,-8.05,27.6,14.2,37,1831,9.06,-24.3,13.5,38,9.626,-0.345,0,
B-A-low-6,1.07942,1789994594.8693,const,11.7275,3.6226,0.374,0.2,2.6,-1,9.243,-0.3347,11.575,2240,-8.05,27.6,14.2,37,1831,8.05,-26.8,13.5,38,9.626,-0.384,0,
B-A-low-6,1.08143,1789994594.8713,const,11.7275,3.6226,0.374,0.2,2.6,-1,9.128,-1.0006,11.579,2237,-8.55,26.0,14.2,37,1832,8.55,-26.0,13.5,38,9.588,-0.46,0,
B-A-low-6,1.08342,1789994594.8733,const,11.7275,3.6226,0.374,0.2,2.6,-1,9.089,-0.3353,11.58,2236,-8.55,26.0,14.2,37,1834,8.55,-25.200000000000003,13.5,38,9.511,-0.422,0,
B-A-low-6,1.08542,1789994594.8753,const,11.7275,3.6226,0.374,0.2,2.6,-1,9.051,-0.3348,11.581,2235,-8.55,26.0,14.2,37,1835,8.55,-25.200000000000003,13.5,38,9.473,-0.422,0,
B-A-low-6,1.08742,1789994594.8773,const,11.7275,3.6226,0.374,0.2,2.6,-1,9.013,-0.3344,11.582,2234,-8.55,26.8,14.2,37,1836,8.55,-25.200000000000003,13.5,38,9.435,-0.422,0,
B-A-low-6,1.08942,1789994594.8793,const,11.7275,3.6226,0.374,0.2,2.6,-1,8.974,-0.335,11.584,2233,-8.55,26.8,14.2,37,1838,9.06,-23.5,13.5,38,9.358,-0.384,0,
B-A-low-6,1.09142,1789994594.8813,const,11.7275,3.6226,0.374,0.2,2.6,-1,8.936,-0.3349,11.585,2232,-8.05,27.6,14.2,37,1839,8.55,-25.200000000000003,13.5,38,9.32,-0.384,0,
B-A-low-6,1.09342,1789994594.8833,const,11.7275,3.6226,0.374,0.2,2.6,-1,8.898,-0.3346,11.586,2231,-8.05,27.6,14.2,37,1840,8.55,-25.200000000000003,13.5,38,9.281,-0.384,0,
B-A-low-6,1.09544,1789994594.8853,const,11.7275,3.6226,0.374,0.2,2.6,-1,8.859,-0.3321,11.587,2230,-8.05,27.6,14.2,37,1840,8.05,-26.8,13.5,38,9.281,-0.422,0,
B-A-low-6,1.09742,1789994594.8873,const,11.7275,3.6226,0.374,0.2,2.6,-1,8.821,-0.338,11.589,2229,-8.05,27.6,14.2,37,1841,8.05,-26.8,13.5,38,9.243,-0.422,0,
B-A-low-6,1.09942,1789994594.8893,const,11.7275,3.6226,0.374,0.2,2.6,-1,8.783,-0.3346,11.59,2228,-8.05,27.6,14.2,37,1843,8.55,-25.200000000000003,13.5,38,9.166,-0.384,0,
B-A-low-6,1.10142,1789994594.8913,const,11.7275,3.6226,0.374,0.2,2.6,-1,8.744,-0.3342,11.591,2227,-8.05,27.6,14.2,37,1845,8.55,-24.400000000000002,13.5,38,9.089,-0.345,0,
B-A-low-6,1.10342,1789994594.8933,const,11.7275,3.6226,0.374,0.2,2.6,-1,8.706,-0.3347,11.592,2226,-7.55,29.3,14.2,37,1846,8.55,-24.400000000000002,13.5,38,9.051,-0.345,0,
B-A-low-6,1.10544,1789994594.8953,const,11.7275,3.6226,0.374,0.2,2.6,-1,8.629,-0.664,11.595,2224,-8.05,27.6,14.2,37,1846,8.05,-26.0,13.5,38,9.051,-0.422,0,
B-A-low-6,1.10742,1789994594.8973,const,11.7275,3.6226,0.374,0.2,2.6,-1,8.591,-0.3381,11.596,2223,-8.05,27.6,14.2,37,1847,8.05,-26.0,13.5,38,9.013,-0.422,0,
B-A-low-6,1.10942,1789994594.8993,const,11.7275,3.6226,0.374,0.2,2.6,-1,8.553,-0.3342,11.597,2222,-8.05,27.6,14.2,37,1849,8.55,-25.200000000000003,13.5,38,8.936,-0.384,0,
B-A-low-6,1.11142,1789994594.9013,const,11.7275,3.6226,0.374,0.2,2.6,-1,8.514,-0.3348,11.598,2221,-8.05,27.6,14.2,37,1849,8.05,-26.8,13.5,38,8.936,-0.422,0,
B-A-low-6,1.11354,1789994594.9034,const,11.7275,3.6226,0.374,0.2,2.6,-1,8.476,-0.3151,11.599,2220,-7.55,28.5,14.2,37,1851,8.55,-25.200000000000003,13.5,38,8.859,-0.384,0,
B-A-low-6,1.11551,1789994594.9054,const,11.7275,3.6226,0.374,0.2,2.6,-1,8.438,-0.3403,11.6,2219,-7.55,28.5,14.2,37,1851,7.55,-27.700000000000003,13.5,38,8.859,-0.422,0,
B-A-low-6,1.11753,1789994594.9074,const,11.7275,3.6226,0.374,0.2,2.6,-1,8.399,-0.3312,11.601,2218,-8.05,27.6,14.2,37,1852,8.05,-26.8,13.5,38,8.821,-0.422,0,
B-A-low-6,1.11949,1789994594.9094,const,11.7275,3.6226,0.374,0.2,2.6,-1,8.361,-0.3421,11.603,2217,-8.05,27.6,14.2,37,1853,7.55,-27.700000000000003,13.5,38,8.783,-0.422,0,
B-A-low-6,1.1215,1789994594.9114,const,11.7275,3.6226,0.374,0.2,2.6,-1,8.322,-0.3327,11.604,2216,-7.55,29.3,14.2,37,1854,7.55,-27.700000000000003,13.5,38,8.744,-0.422,0,
B-A-low-6,1.1235,1789994594.9134,const,11.7275,3.6226,0.374,0.2,2.6,-1,8.284,-0.3353,11.605,2215,-7.55,29.3,14.2,37,1855,7.55,-27.700000000000003,13.5,38,8.706,-0.422,0,
B-A-low-6,1.12554,1789994594.9154,const,11.7275,3.6226,0.374,0.2,2.6,-1,8.207,-0.6549,11.607,2213,-8.05,27.6,14.2,37,1856,7.55,-27.700000000000003,13.5,38,8.668,-0.46,0,
B-A-low-6,1.12752,1789994594.9174,const,11.7275,3.6226,0.374,0.2,2.6,-1,8.207,0.0,11.607,2213,-7.55,29.3,14.2,37,1857,7.55,-27.700000000000003,13.5,38,8.629,-0.422,0,
B-A-low-6,1.12942,1789994594.9193,const,11.7275,3.6226,0.374,0.2,2.6,-1,8.169,-0.3508,11.608,2212,-7.55,29.3,14.2,37,1858,7.04,-28.6,13.5,38,8.591,-0.422,0,
B-A-low-6,1.13142,1789994594.9213,const,11.7275,3.6226,0.374,0.2,2.6,-1,8.131,-0.3347,11.609,2211,-7.55,30.1,14.2,37,1859,7.04,-28.6,13.5,38,8.553,-0.422,0,
B-A-low-6,1.13342,1789994594.9233,const,11.7275,3.6226,0.374,0.2,2.6,-1,8.092,-0.3351,11.61,2210,-7.55,30.1,14.2,37,1861,7.55,-27.700000000000003,13.5,38,8.476,-0.384,0,
B-A-low-6,1.13542,1789994594.9253,const,11.7275,3.6226,0.374,0.2,2.6,-1,8.054,-0.3348,11.612,2209,-7.55,30.1,14.2,37,1862,7.55,-27.700000000000003,13.5,38,8.438,-0.384,0,
B-A-low-6,1.13742,1789994594.9273,const,11.7275,3.6226,0.374,0.2,2.6,-1,7.977,-0.669,11.614,2207,-8.05,28.400000000000002,14.2,37,1863,7.55,-27.700000000000003,13.5,38,8.399,-0.422,0,
B-A-low-6,1.13942,1789994594.9293,const,11.7275,3.6226,0.374,0.2,2.6,-1,7.939,-0.3349,11.615,2206,-8.05,28.400000000000002,14.2,37,1864,7.55,-27.700000000000003,13.5,38,8.361,-0.422,0,
B-A-low-6,1.14144,1789994594.9313,const,11.7275,3.6226,0.374,0.2,2.6,-1,7.901,-0.3319,11.616,2205,-8.05,28.400000000000002,14.2,37,1865,7.55,-27.700000000000003,13.5,38,8.322,-0.422,0,
B-A-low-6,1.14342,1789994594.9333,const,11.7275,3.6226,0.374,0.2,2.6,-1,7.862,-0.3379,11.617,2204,-8.05,28.400000000000002,14.2,37,1867,8.05,-26.0,13.5,38,8.246,-0.384,0,
B-A-low-6,1.14542,1789994594.9353,const,11.7275,3.6226,0.374,0.2,2.6,-1,7.824,-0.3343,11.618,2203,-8.05,28.400000000000002,14.2,37,1868,8.05,-26.0,13.5,38,8.207,-0.384,0,
B-A-low-6,1.14744,1789994594.9373,const,11.7275,3.6226,0.374,0.2,2.6,-1,7.786,-0.3319,11.619,2202,-8.05,28.400000000000002,14.2,37,1868,7.55,-27.700000000000003,13.5,38,8.207,-0.422,0,
B-A-low-6,1.14942,1789994594.9393,const,11.7275,3.6226,0.374,0.2,2.6,-1,7.747,-0.3375,11.62,2201,-8.05,28.400000000000002,14.2,37,1870,8.55,-25.200000000000003,13.5,38,8.131,-0.384,0,
B-A-low-6,1.15142,1789994594.9413,const,11.7275,3.6226,0.374,0.2,2.6,-1,7.67,-0.6691,11.622,2199,-8.55,26.8,14.2,37,1871,8.05,-26.8,13.5,38,8.092,-0.422,0,
B-A-low-6,1.15342,1789994594.9433,const,11.7275,3.6226,0.374,0.2,2.6,-1,7.632,-0.3345,11.623,2198,-8.05,28.400000000000002,14.2,37,1872,8.05,-26.8,13.5,38,8.054,-0.422,0,
B-A-low-6,1.15544,1789994594.9453,const,11.7275,3.6226,0.374,0.2,2.6,-1,7.594,-0.3322,11.624,2197,-8.55,27.6,14.2,37,1874,9.06,-24.3,13.5,38,7.977,-0.384,0,
B-A-low-6,1.15742,1789994594.9473,const,11.7275,3.6226,0.374,0.2,2.6,-1,7.555,-0.3381,11.625,2196,-8.05,28.400000000000002,14.2,37,1875,9.06,-24.3,13.5,38,7.939,-0.384,0,
B-A-low-6,1.15942,1789994594.9493,const,11.7275,3.6226,0.374,0.2,2.6,-1,7.479,-0.6687,11.628,2194,-9.06,25.900000000000002,14.2,37,1876,8.55,-26.0,13.5,38,7.901,-0.422,0,
B-A-low-6,1.16142,1789994594.9513,const,11.7275,3.6226,0.374,0.2,2.6,-1,7.479,0.0,11.628,2194,-8.55,27.6,14.2,37,1876,8.55,-26.0,13.5,38,7.901,-0.422,0,
B-A-low-6,1.16344,1789994594.9533,const,11.7275,3.6226,0.374,0.2,2.6,-1,7.402,-0.6636,11.63,2192,-8.55,26.8,14.2,37,1878,8.55,-26.0,13.5,38,7.824,-0.422,0,
B-A-low-6,1.16542,1789994594.9553,const,11.7275,3.6226,0.374,0.2,2.6,-1,7.364,-0.3384,11.631,2191,-8.55,27.6,14.2,37,1880,9.06,-24.3,13.5,38,7.747,-0.384,0,
B-A-low-6,1.16742,1789994594.9573,const,11.7275,3.6226,0.374,0.2,2.6,-1,7.325,-0.3342,11.632,2190,-8.55,27.6,14.2,37,1881,9.06,-24.3,13.5,38,7.709,-0.384,0,
B-A-low-6,1.16942,1789994594.9593,const,11.7275,3.6226,0.374,0.2,2.6,-1,7.287,-0.3345,11.633,2189,-8.55,27.6,14.2,37,1882,8.55,-25.200000000000003,13.5,38,7.67,-0.384,0,
B-A-low-6,1.17142,1789994594.9613,const,11.7275,3.6226,0.374,0.2,2.6,-1,7.21,-0.6693,11.635,2187,-8.55,26.8,14.2,37,1882,8.55,-26.0,13.5,38,7.67,-0.46,0,
B-A-low-6,1.17342,1789994594.9633,const,11.7275,3.6226,0.374,0.2,2.6,-1,7.172,-0.3346,11.636,2186,-8.55,26.8,14.2,37,1884,8.55,-25.200000000000003,13.5,38,7.594,-0.422,0,
B-A-low-6,1.17542,1789994594.9653,const,11.7275,3.6226,0.374,0.2,2.6,-1,7.134,-0.3348,11.636,2185,-9.06,25.900000000000002,14.2,37,1886,9.06,-23.5,13.5,38,7.517,-0.384,0,
B-A-low-6,1.17744,1789994594.9673,const,11.7275,3.6226,0.374,0.2,2.6,-1,7.095,-0.332,11.637,2184,-8.55,26.8,14.2,37,1887,9.06,-23.5,13.5,38,7.479,-0.384,0,
B-A-low-6,1.17942,1789994594.9693,const,11.7275,3.6226,0.374,0.2,2.6,-1,7.057,-0.3377,11.638,2183,-8.55,26.8,14.2,37,1888,9.06,-23.5,13.5,38,7.44,-0.384,0,
B-A-low-6,1.18142,1789994594.9713,const,11.7275,3.6226,0.374,0.2,2.6,-1,7.018,-0.3347,11.639,2182,-8.55,26.8,14.2,37,1889,9.06,-23.5,13.5,38,7.402,-0.384,0,
B-A-low-6,1.18342,1789994594.9733,const,11.7275,3.6226,0.374,0.2,2.6,-1,6.98,-0.3348,11.64,2181,-8.55,26.8,14.2,37,1890,8.55,-25.200000000000003,13.5,38,7.364,-0.384,0,
B-A-low-6,1.18544,1789994594.9753,const,11.7275,3.6226,0.374,0.2,2.6,-1,6.903,-0.6636,11.642,2179,-8.55,26.8,14.2,37,1891,8.55,-25.200000000000003,13.5,38,7.325,-0.422,0,
B-A-low-6,1.18741,1789994594.9773,const,11.7275,3.6226,0.374,0.2,2.6,-1,6.865,-0.3381,11.643,2178,-8.55,26.8,14.2,37,1892,8.55,-25.200000000000003,13.5,38,7.287,-0.422,0,
B-A-low-6,1.18942,1789994594.9793,const,11.7275,3.6226,0.374,0.2,2.6,-1,6.827,-0.3341,11.644,2177,-8.55,26.8,14.2,37,1893,8.55,-25.200000000000003,13.5,38,7.249,-0.422,0,
B-A-low-6,1.19142,1789994594.9813,const,11.7275,3.6226,0.374,0.2,2.6,-1,6.788,-0.3346,11.645,2176,-8.55,26.8,15.4,37,1895,8.55,-24.400000000000002,14.8,38,7.172,-0.384,0,
B-A-low-6,1.19342,1789994594.9833,const,11.7275,3.6226,0.374,0.2,2.6,-1,6.75,-0.3346,11.646,2175,-8.55,26.8,15.4,37,1896,8.55,-24.400000000000002,14.8,38,7.134,-0.384,0,
B-A-low-6,1.19544,1789994594.9853,const,11.7275,3.6226,0.374,0.2,2.6,-1,6.712,-0.332,11.647,2174,-8.55,26.8,15.4,37,1896,8.05,-26.0,14.8,38,7.134,-0.422,0,
B-A-low-6,1.19742,1789994594.9873,const,11.7275,3.6226,0.374,0.2,2.6,-1,6.635,-0.6756,11.649,2172,-9.06,25.1,15.4,37,1897,8.05,-26.0,14.8,38,7.095,-0.46,0,
B-A-low-6,1.19942,1789994594.9893,const,11.7275,3.6226,0.374,0.2,2.6,-1,6.597,-0.3349,11.65,2171,-9.06,25.1,15.4,37,1898,8.05,-26.0,14.8,38,7.057,-0.46,0,
B-A-low-6,1.20142,1789994594.9913,const,11.7275,3.6226,0.374,0.2,2.6,-1,6.558,-0.3344,11.651,2170,-8.55,26.0,15.4,37,1900,8.05,-26.0,14.8,38,6.98,-0.422,0,
B-A-low-6,1.20342,1789994594.9933,const,11.7275,3.6226,0.374,0.2,2.6,-1,6.52,-0.3341,11.651,2169,-8.05,27.6,15.4,37,1901,8.05,-26.0,14.8,38,6.942,-0.422,0,
B-A-low-6,1.20542,1789994594.9953,const,11.7275,3.6226,0.374,0.2,2.6,-1,6.482,-0.3352,11.652,2168,-8.55,26.8,15.4,37,1902,8.05,-26.0,14.8,38,6.903,-0.422,0,
B-A-low-6,1.20742,1789994594.9973,const,11.7275,3.6226,0.374,0.2,2.6,-1,6.443,-0.3344,11.653,2167,-8.55,26.8,15.4,37,1903,8.05,-26.0,14.8,38,6.865,-0.422,0,
B-A-low-6,1.20942,1789994594.9993,const,11.7275,3.6226,0.374,0.2,2.6,-1,6.405,-0.3344,11.654,2166,-8.05,27.6,15.4,37,1904,8.05,-26.0,14.8,38,6.827,-0.422,0,
B-A-low-6,1.21142,1789994595.0013,const,11.7275,3.6226,0.374,0.2,2.6,-1,6.366,-0.3352,11.655,2165,-8.55,26.8,15.4,37,1904,7.55,-27.700000000000003,14.8,38,6.827,-0.46,0,
B-A-low-6,1.21342,1789994595.0033,const,11.7275,3.6226,0.374,0.2,2.6,-1,6.328,-0.3346,11.656,2164,-8.05,28.400000000000002,15.4,37,1906,8.05,-26.0,14.8,38,6.75,-0.422,0,
B-A-low-6,1.21542,1789994595.0053,const,11.7275,3.6226,0.374,0.2,2.6,-1,6.251,-0.6695,11.658,2162,-8.05,27.6,15.4,37,1907,7.55,-26.900000000000002,14.8,38,6.712,-0.46,0,
B-A-low-6,1.21743,1789994595.0073,const,11.7275,3.6226,0.374,0.2,2.6,-1,6.251,0.0,11.658,2162,-7.55,29.3,15.4,37,1908,7.55,-26.900000000000002,14.8,38,6.673,-0.422,0,
B-A-low-6,1.21942,1789994595.0093,const,11.7275,3.6226,0.374,0.2,2.6,-1,6.213,-0.338,11.658,2161,-8.05,28.400000000000002,15.4,37,1909,7.55,-26.900000000000002,14.8,38,6.635,-0.422,0,
B-A-low-6,1.22142,1789994595.0113,const,11.7275,3.6226,0.374,0.2,2.6,-1,6.175,-0.3348,11.659,2160,-8.05,28.400000000000002,15.4,37,1910,7.55,-26.900000000000002,14.8,38,6.597,-0.422,0,
B-A-low-6,1.22342,1789994595.0133,const,11.7275,3.6226,0.374,0.2,2.6,-1,6.136,-0.3344,11.66,2159,-7.55,29.3,15.4,37,1911,7.55,-27.700000000000003,14.8,38,6.558,-0.422,0,
B-A-low-6,1.22542,1789994595.0153,const,11.7275,3.6226,0.374,0.2,2.6,-1,6.098,-0.3345,11.661,2158,-8.05,28.400000000000002,15.4,37,1911,7.04,-29.400000000000002,14.8,38,6.558,-0.46,0,
B-A-low-6,1.22742,1789994595.0173,const,11.7275,3.6226,0.374,0.2,2.6,-1,6.021,-0.6693,11.663,2156,-8.05,27.6,15.4,37,1912,7.04,-29.400000000000002,14.8,38,6.52,-0.499,0,
B-A-low-6,1.22942,1789994595.0193,const,11.7275,3.6226,0.374,0.2,2.6,-1,5.983,-0.3348,11.663,2155,-8.05,27.6,15.4,37,1913,7.04,-29.400000000000002,14.8,38,6.482,-0.499,0,
B-A-low-6,1.23142,1789994595.0213,const,11.7275,3.6226,0.374,0.2,2.6,-1,5.983,0.0,11.663,2155,-7.04,30.200000000000003,15.4,37,1915,7.55,-27.700000000000003,14.8,38,6.405,-0.422,0,
B-A-low-6,1.23342,1789994595.0233,const,11.7275,3.6226,0.374,0.2,2.6,-1,5.945,-0.3347,11.664,2154,-7.55,29.3,15.4,37,1916,7.04,-28.6,14.8,38,6.366,-0.422,0,
B-A-low-6,1.23542,1789994595.0253,const,11.7275,3.6226,0.374,0.2,2.6,-1,5.868,-0.6694,11.666,2152,-8.05,28.400000000000002,15.4,37,1917,7.55,-27.700000000000003,14.8,38,6.328,-0.46,0,
B-A-low-6,1.23742,1789994595.0273,const,11.7275,3.6226,0.374,0.2,2.6,-1,5.83,-0.3348,11.667,2151,-8.05,28.400000000000002,15.4,37,1918,7.55,-27.700000000000003,14.8,38,6.29,-0.46,0,
B-A-low-6,1.23942,1789994595.0293,const,11.7275,3.6226,0.374,0.2,2.6,-1,5.791,-0.3344,11.667,2150,-8.05,28.400000000000002,15.4,37,1918,7.04,-29.400000000000002,14.8,38,6.29,-0.499,0,
B-A-low-6,1.24152,1789994595.0314,const,11.7275,3.6226,0.374,0.2,2.6,-1,5.753,-0.3193,11.668,2149,-8.05,28.400000000000002,15.4,37,1920,7.04,-29.400000000000002,14.8,38,6.213,-0.46,0,
B-A-low-6,1.24351,1789994595.0334,const,11.7275,3.6226,0.374,0.2,2.6,-1,5.714,-0.336,11.669,2148,-8.05,28.400000000000002,15.4,37,1921,7.55,-28.5,14.8,38,6.175,-0.46,0,
B-A-low-6,1.24551,1789994595.0354,const,11.7275,3.6226,0.374,0.2,2.6,-1,5.676,-0.3346,11.67,2147,-7.55,30.1,15.4,37,1923,8.05,-26.8,14.8,38,6.098,-0.422,0,
B-A-low-6,1.24748,1789994595.0373,const,11.7275,3.6226,0.374,0.2,2.6,-1,5.638,-0.3396,11.671,2146,-7.55,30.1,15.4,37,1923,7.55,-28.5,14.8,38,6.098,-0.46,0,
B-A-low-6,1.24948,1789994595.0393,const,11.7275,3.6226,0.374,0.2,2.6,-1,5.599,-0.3349,11.671,2145,-7.55,30.1,15.4,37,1925,8.05,-26.8,14.8,38,6.021,-0.422,0,
B-A-low-6,1.25148,1789994595.0413,const,11.7275,3.6226,0.374,0.2,2.6,-1,5.561,-0.334,11.672,2144,-7.55,30.1,15.4,37,1926,8.05,-26.8,14.8,38,5.983,-0.422,0,
B-A-low-6,1.25347,1789994595.0433,const,11.7275,3.6226,0.374,0.2,2.6,-1,5.484,-0.6741,11.674,2142,-8.05,28.400000000000002,15.4,37,1926,8.05,-26.8,14.8,38,5.983,-0.499,0,
B-A-low-6,1.25549,1789994595.0453,const,11.7275,3.6226,0.374,0.2,2.6,-1,5.446,-0.3319,11.674,2141,-8.05,28.400000000000002,15.4,37,1928,8.05,-26.8,14.8,38,5.906,-0.46,0,
B-A-low-6,1.25739,1789994595.0473,const,11.7275,3.6226,0.374,0.2,2.6,-1,5.408,-0.3507,11.675,2140,-8.05,28.400000000000002,15.4,37,1929,8.05,-26.8,14.8,38,5.868,-0.46,0,
B-A-low-6,1.25939,1789994595.0493,const,11.7275,3.6226,0.374,0.2,2.6,-1,5.369,-0.3348,11.676,2139,-8.05,28.400000000000002,15.4,37,1930,8.05,-26.8,14.8,38,5.83,-0.46,0,
B-A-low-6,1.2614,1789994595.0513,const,11.7275,3.6226,0.374,0.2,2.6,-1,5.293,-0.6685,11.677,2137,-8.55,26.8,15.4,37,1931,8.05,-26.8,14.8,38,5.791,-0.499,0,
B-A-low-6,1.2634,1789994595.0533,const,11.7275,3.6226,0.374,0.2,2.6,-1,5.293,0.0,11.677,2137,-7.55,30.1,15.4,37,1932,8.05,-26.8,14.8,38,5.753,-0.46,0,
B-A-low-6,1.2654,1789994595.0553,const,11.7275,3.6226,0.374,0.2,2.6,-1,5.216,-0.6697,11.679,2135,-8.05,28.400000000000002,15.4,37,1933,8.05,-27.6,14.8,38,5.714,-0.499,0,
B-A-low-6,1.26739,1789994595.0573,const,11.7275,3.6226,0.374,0.2,2.6,-1,5.178,-0.3351,11.679,2134,-8.05,28.400000000000002,15.4,37,1935,8.55,-26.0,14.8,38,5.638,-0.46,0,
B-A-low-6,1.26939,1789994595.0593,const,11.7275,3.6226,0.374,0.2,2.6,-1,5.139,-0.3345,11.68,2133,-8.55,27.6,15.4,37,1936,8.55,-26.0,14.8,38,5.599,-0.46,0,
B-A-low-6,1.27139,1789994595.0613,const,11.7275,3.6226,0.374,0.2,2.6,-1,5.101,-0.3348,11.681,2132,-8.55,27.6,15.4,37,1937,8.55,-26.0,14.8,38,5.561,-0.46,0,
B-A-low-6,1.27339,1789994595.0633,const,11.7275,3.6226,0.374,0.2,2.6,-1,5.062,-0.3349,11.682,2131,-8.55,27.6,15.4,37,1938,8.05,-27.6,14.8,38,5.523,-0.46,0,
B-A-low-6,1.27539,1789994595.0653,const,11.7275,3.6226,0.374,0.2,2.6,-1,5.024,-0.3345,11.682,2130,-8.55,27.6,15.4,37,1939,8.05,-27.6,14.8,38,5.484,-0.46,0,
B-A-low-6,1.27739,1789994595.0673,const,11.7275,3.6226,0.374,0.2,2.6,-1,4.986,-0.3349,11.683,2129,-8.55,27.6,15.4,37,1940,8.05,-27.6,14.8,38,5.446,-0.46,0,
B-A-low-6,1.27939,1789994595.0693,const,11.7275,3.6226,0.374,0.2,2.6,-1,4.909,-0.6693,11.684,2127,-9.06,25.900000000000002,15.4,37,1941,8.05,-27.6,14.8,38,5.408,-0.499,0,
B-A-low-6,1.28139,1789994595.0713,const,11.7275,3.6226,0.374,0.2,2.6,-1,4.909,0.0,11.684,2127,-8.05,29.200000000000003,15.4,37,1943,8.55,-26.0,14.8,38,5.331,-0.422,0,
B-A-low-6,1.28339,1789994595.0733,const,11.7275,3.6226,0.374,0.2,2.6,-1,4.871,-0.3348,11.685,2126,-8.05,29.200000000000003,15.4,37,1944,8.05,-26.8,14.8,38,5.293,-0.422,0,
B-A-low-6,1.28539,1789994595.0753,const,11.7275,3.6226,0.374,0.2,2.6,-1,4.794,-0.6691,11.686,2124,-8.55,27.6,15.4,37,1945,8.05,-26.8,14.8,38,5.254,-0.46,0,
B-A-low-6,1.28739,1789994595.0773,const,11.7275,3.6226,0.374,0.2,2.6,-1,4.756,-0.3348,11.687,2123,-8.55,27.6,15.4,37,1946,8.05,-26.8,14.8,38,5.216,-0.46,0,
B-A-low-6,1.28939,1789994595.0793,const,11.7275,3.6226,0.374,0.2,2.6,-1,4.717,-0.3348,11.688,2122,-8.55,27.6,15.4,37,1947,8.05,-26.8,14.8,38,5.178,-0.46,0,
B-A-low-6,1.29139,1789994595.0813,const,11.7275,3.6226,0.374,0.2,2.6,-1,4.679,-0.3346,11.688,2121,-8.05,28.400000000000002,15.4,37,1948,8.05,-27.6,14.8,38,5.139,-0.46,0,
B-A-low-6,1.29339,1789994595.0833,const,11.7275,3.6226,0.374,0.2,2.6,-1,4.641,-0.3349,11.689,2120,-8.55,27.6,15.4,37,1950,8.55,-26.0,14.8,38,5.062,-0.422,0,
B-A-low-6,1.29539,1789994595.0853,const,11.7275,3.6226,0.374,0.2,2.6,-1,4.564,-0.6693,11.69,2118,-8.55,27.6,15.4,37,1951,8.55,-26.0,14.8,38,5.024,-0.46,0,
B-A-low-6,1.29739,1789994595.0873,const,11.7275,3.6226,0.374,0.2,2.6,-1,4.526,-0.3345,11.691,2117,-8.55,27.6,15.4,37,1952,8.55,-26.0,14.8,38,4.986,-0.46,0,
B-A-low-6,1.29939,1789994595.0893,const,11.7275,3.6226,0.374,0.2,2.6,-1,4.487,-0.3349,11.691,2116,-8.55,27.6,15.4,37,1953,8.55,-26.0,14.8,38,4.947,-0.46,0,
B-A-low-6,1.30139,1789994595.0913,const,11.7275,3.6226,0.374,0.2,2.6,-1,4.449,-0.3346,11.692,2115,-8.55,27.6,15.4,37,1954,8.55,-26.0,14.8,38,4.909,-0.46,0,
B-A-low-6,1.30339,1789994595.0933,const,11.7275,3.6226,0.374,0.2,2.6,-1,4.411,-0.3348,11.693,2114,-8.05,28.400000000000002,15.4,37,1954,8.05,-27.6,14.8,38,4.909,-0.499,0,
B-A-low-6,1.3054,1789994595.0953,const,11.7275,3.6226,0.374,0.2,2.6,-1,4.372,-0.334,11.693,2113,-8.55,27.6,15.4,37,1956,8.05,-26.8,14.8,38,4.832,-0.46,0,
B-A-low-6,1.30739,1789994595.0973,const,11.7275,3.6226,0.374,0.2,2.6,-1,4.334,-0.335,11.694,2112,-8.05,28.400000000000002,15.5,37,1957,8.05,-26.8,14.8,38,4.794,-0.46,0,
B-A-low-6,1.30939,1789994595.0993,const,11.7275,3.6226,0.374,0.2,2.6,-1,4.334,0.0,11.694,2112,-8.05,28.400000000000002,15.5,37,1958,8.05,-26.8,15.0,38,4.756,-0.422,0,
B-A-low-6,1.31139,1789994595.1013,const,11.7275,3.6226,0.374,0.2,2.6,-1,4.295,-0.3348,11.694,2111,-8.05,28.400000000000002,15.5,37,1959,8.05,-26.8,15.0,38,4.717,-0.422,0,
B-A-low-6,1.31339,1789994595.1033,const,11.7275,3.6226,0.374,0.2,2.6,-1,4.257,-0.3346,11.695,2110,-8.05,28.400000000000002,15.5,37,1960,8.05,-26.8,15.0,38,4.679,-0.422,0,
B-A-low-6,1.31539,1789994595.1053,const,11.7275,3.6226,0.374,0.2,2.6,-1,4.219,-0.3348,11.695,2109,-8.05,28.400000000000002,15.5,37,1962,8.05,-26.8,15.0,38,4.602,-0.384,0,
B-A-low-6,1.31739,1789994595.1073,const,11.7275,3.6226,0.374,0.2,2.6,-1,4.18,-0.3346,11.696,2108,-7.55,30.1,15.5,37,1963,8.05,-26.8,15.0,38,4.564,-0.384,0,
B-A-low-6,1.31939,1789994595.1093,const,11.7275,3.6226,0.374,0.2,2.6,-1,4.142,-0.3344,11.697,2107,-7.55,30.1,15.5,37,1964,8.05,-26.8,15.0,38,4.526,-0.384,0,
B-A-low-6,1.32139,1789994595.1113,const,11.7275,3.6226,0.374,0.2,2.6,-1,4.104,-0.3348,11.697,2106,-7.55,30.1,15.5,37,1965,8.55,-26.0,15.0,38,4.487,-0.384,0,
B-A-low-6,1.32339,1789994595.1133,const,11.7275,3.6226,0.374,0.2,2.6,-1,4.065,-0.335,11.698,2105,-7.55,30.1,15.5,37,1966,8.05,-26.8,15.0,38,4.449,-0.384,0,
B-A-low-6,1.32539,1789994595.1153,const,11.7275,3.6226,0.374,0.2,2.6,-1,3.989,-0.6689,11.699,2103,-8.05,28.400000000000002,15.5,37,1968,8.55,-25.200000000000003,15.0,38,4.372,-0.384,0,
B-A-low-6,1.32739,1789994595.1173,const,11.7275,3.6226,0.374,0.2,2.6,-1,3.95,-0.3348,11.699,2102,-7.55,30.1,15.5,37,1968,8.05,-26.8,15.0,38,4.372,-0.422,0,
B-A-low-6,1.32939,1789994595.1193,const,11.7275,3.6226,0.374,0.2,2.6,-1,3.874,-0.6693,11.7,2100,-8.55,27.6,15.5,37,1969,8.05,-26.8,15.0,38,4.334,-0.46,0,
B-A-low-6,1.33139,1789994595.1213,const,11.7275,3.6226,0.374,0.2,2.6,-1,3.874,0.0,11.7,2100,-7.55,30.1,15.5,37,1970,8.05,-26.8,15.0,38,4.295,-0.422,0,
B-A-low-6,1.33339,1789994595.1233,const,11.7275,3.6226,0.374,0.2,2.6,-1,3.835,-0.3349,11.701,2099,-8.05,29.200000000000003,15.5,37,1972,8.05,-26.8,15.0,38,4.219,-0.384,0,
B-A-low-6,1.33539,1789994595.1253,const,11.7275,3.6226,0.374,0.2,2.6,-1,3.759,-0.669,11.702,2097,-8.05,28.400000000000002,15.5,37,1973,8.55,-26.0,15.0,38,4.18,-0.422,0,
B-A-low-6,1.33739,1789994595.1273,const,11.7275,3.6226,0.374,0.2,2.6,-1,3.72,-0.3349,11.703,2096,-8.05,28.400000000000002,15.5,37,1974,8.05,-26.8,15.0,38,4.142,-0.422,0,
B-A-low-6,1.33939,1789994595.1293,const,11.7275,3.6226,0.374,0.2,2.6,-1,3.643,-0.6691,11.704,2094,-8.55,26.8,15.5,37,1974,8.05,-27.6,15.0,38,4.142,-0.499,0,
B-A-low-6,1.34139,1789994595.1313,const,11.7275,3.6226,0.374,0.2,2.6,-1,3.605,-0.3347,11.704,2093,-8.55,26.8,15.5,37,1976,8.05,-26.8,15.0,38,4.065,-0.46,0,
B-A-low-6,1.34339,1789994595.1333,const,11.7275,3.6226,0.374,0.2,2.6,-1,3.605,0.0,11.704,2093,-8.55,27.6,15.5,37,1977,8.05,-26.8,15.0,38,4.027,-0.422,0,
B-A-low-6,1.34539,1789994595.1353,const,11.7275,3.6226,0.374,0.2,2.6,-1,3.528,-0.6696,11.705,2091,-8.55,27.6,15.5,37,1978,8.05,-26.8,15.0,38,3.989,-0.46,0,
B-A-low-6,1.34739,1789994595.1373,const,11.7275,3.6226,0.374,0.2,2.6,-1,3.49,-0.3347,11.706,2090,-8.55,27.6,15.5,37,1980,8.55,-25.200000000000003,15.0,38,3.912,-0.422,0,
B-A-low-6,1.34939,1789994595.1393,const,11.7275,3.6226,0.374,0.2,2.6,-1,3.452,-0.3347,11.706,2089,-8.55,27.6,15.5,37,1981,8.55,-25.200000000000003,15.0,38,3.874,-0.422,0,
B-A-low-6,1.35139,1789994595.1413,const,11.7275,3.6226,0.374,0.2,2.6,-1,3.413,-0.3346,11.706,2088,-8.55,27.6,15.5,37,1982,8.05,-26.0,15.0,38,3.835,-0.422,0,
B-A-low-6,1.35339,1789994595.1433,const,11.7275,3.6226,0.374,0.2,2.6,-1,3.337,-0.6693,11.707,2086,-8.55,26.8,15.5,37,1984,8.55,-25.200000000000003,15.0,38,3.759,-0.422,0,
B-A-low-6,1.35539,1789994595.1453,const,11.7275,3.6226,0.374,0.2,2.6,-1,3.298,-0.3345,11.708,2085,-8.55,26.8,15.5,37,1986,8.55,-25.200000000000003,15.0,38,3.682,-0.384,0,
B-A-low-6,1.35739,1789994595.1473,const,11.7275,3.6226,0.374,0.2,2.6,-1,3.26,-0.3347,11.708,2084,-8.55,26.8,15.5,37,1987,8.55,-25.200000000000003,15.0,38,3.643,-0.384,0,
B-A-low-6,1.35939,1789994595.1493,const,11.7275,3.6226,0.374,0.2,2.6,-1,3.222,-0.3352,11.709,2083,-8.55,27.6,15.5,37,1988,8.55,-25.200000000000003,15.0,38,3.605,-0.384,0,
B-A-low-6,1.36139,1789994595.1513,const,11.7275,3.6226,0.374,0.2,2.6,-1,3.145,-0.6693,11.71,2081,-9.06,25.900000000000002,15.5,37,1989,8.55,-25.200000000000003,15.0,38,3.567,-0.422,0,
B-A-low-6,1.36339,1789994595.1533,const,11.7275,3.6226,0.374,0.2,2.6,-1,3.107,-0.3346,11.71,2080,-9.06,25.900000000000002,15.5,37,1990,8.55,-25.200000000000003,15.0,38,3.528,-0.422,0,
B-A-low-6,1.36539,1789994595.1553,const,11.7275,3.6226,0.374,0.2,2.6,-1,3.068,-0.3346,11.71,2079,-9.06,25.900000000000002,15.5,37,1992,8.55,-24.400000000000002,15.0,38,3.452,-0.384,0,
B-A-low-6,1.36739,1789994595.1573,const,11.7275,3.6226,0.374,0.2,2.6,-1,3.03,-0.3349,11.711,2078,-8.55,26.8,15.5,37,1993,9.06,-23.5,15.0,38,3.413,-0.384,0,
B-A-low-6,1.36939,1789994595.1593,const,11.7275,3.6226,0.374,0.2,2.6,-1,2.991,-0.3343,11.711,2077,-8.55,26.8,15.5,37,1994,9.06,-23.5,15.0,38,3.375,-0.384,0,
B-A-low-6,1.37139,1789994595.1613,const,11.7275,3.6226,0.374,0.2,2.6,-1,2.915,-0.6698,11.712,2075,-9.06,25.1,15.5,37,1995,9.06,-23.5,15.0,38,3.337,-0.422,0,
B-A-low-6,1.37339,1789994595.1633,const,11.7275,3.6226,0.374,0.2,2.6,-1,2.915,0.0,11.712,2075,-8.55,26.8,15.5,37,1997,9.06,-23.5,15.0,38,3.26,-0.345,0,
B-A-low-6,1.37539,1789994595.1653,const,11.7275,3.6226,0.374,0.2,2.6,-1,2.838,-0.6697,11.713,2073,-9.06,25.1,15.5,37,1998,9.06,-23.5,15.0,38,3.222,-0.384,0,
B-A-low-6,1.37739,1789994595.1673,const,11.7275,3.6226,0.374,0.2,2.6,-1,2.761,-0.6694,11.714,2071,-9.06,25.1,15.5,37,1999,9.06,-23.5,15.0,38,3.183,-0.422,0,
B-A-low-6,1.37939,1789994595.1693,const,11.7275,3.6226,0.374,0.2,2.6,-1,2.761,0.0,11.714,2071,-8.55,26.8,15.5,37,2000,8.55,-24.400000000000002,15.0,38,3.145,-0.384,0,
B-A-low-6,1.38139,1789994595.1713,const,11.7275,3.6226,0.374,0.2,2.6,-1,2.723,-0.3347,11.714,2070,-8.55,26.8,15.5,37,2001,9.06,-23.5,15.0,38,3.107,-0.384,0,
B-A-low-6,1.3834,1789994595.1733,const,11.7275,3.6226,0.374,0.2,2.6,-1,2.646,-0.6674,11.715,2068,-9.06,25.1,15.5,37,2003,9.06,-22.700000000000003,15.0,38,3.03,-0.384,0,
B-A-low-6,1.38539,1789994595.1753,const,11.7275,3.6226,0.374,0.2,2.6,-1,2.608,-0.3358,11.715,2067,-8.55,26.0,15.5,37,2004,9.06,-22.700000000000003,15.0,38,2.991,-0.384,0,
B-A-low-6,1.38739,1789994595.1773,const,11.7275,3.6226,0.374,0.2,2.6,-1,2.57,-0.3345,11.715,2066,-8.55,26.0,15.5,37,2005,8.55,-23.6,15.0,38,2.953,-0.384,0,
B-A-low-6,1.38939,1789994595.1793,const,11.7275,3.6226,0.374,0.2,2.6,-1,2.531,-0.3348,11.716,2065,-8.55,26.0,15.5,37,2006,8.55,-24.400000000000002,15.0,38,2.915,-0.384,0,
B-A-low-6,1.39139,1789994595.1813,const,11.7275,3.6226,0.374,0.2,2.6,-1,2.493,-0.3345,11.716,2064,-8.55,26.0,15.5,37,2007,9.06,-23.5,15.0,38,2.876,-0.384,0,
B-A-low-6,1.39339,1789994595.1833,const,11.7275,3.6226,0.374,0.2,2.6,-1,2.455,-0.3349,11.717,2063,-8.55,26.0,15.5,37,2008,8.55,-24.400000000000002,15.0,38,2.838,-0.384,0,
B-A-low-6,1.3954,1789994595.1853,const,11.7275,3.6226,0.374,0.2,2.6,-1,2.378,-0.6681,11.717,2061,-8.55,26.0,15.5,37,2009,8.55,-24.400000000000002,15.0,38,2.8,-0.422,0,
B-A-low-6,1.39739,1789994595.1873,const,11.7275,3.6226,0.374,0.2,2.6,-1,2.339,-0.3351,11.717,2060,-8.55,26.0,15.5,37,2010,8.05,-25.200000000000003,15.0,38,2.761,-0.422,0,
B-A-low-6,1.39939,1789994595.1893,const,11.7275,3.6226,0.374,0.2,2.6,-1,2.301,-0.3351,11.718,2059,-8.55,26.0,15.5,37,2011,8.05,-25.200000000000003,15.0,38,2.723,-0.422,0,
B-A-low-6,1.40139,1789994595.1913,const,11.7275,3.6226,0.374,0.2,2.6,-1,2.263,-0.3342,11.718,2058,-8.55,26.0,15.5,37,2012,8.05,-25.200000000000003,15.0,38,2.685,-0.422,0,
B-A-low-6,1.40339,1789994595.1933,const,11.7275,3.6226,0.374,0.2,2.6,-1,2.224,-0.3346,11.718,2057,-8.55,26.0,15.5,37,2013,8.05,-25.200000000000003,15.0,38,2.646,-0.422,0,
B-A-low-6,1.40539,1789994595.1953,const,11.7275,3.6226,0.374,0.2,2.6,-1,2.224,0.0,11.718,2057,-8.05,27.6,15.5,37,2015,8.05,-25.200000000000003,15.0,38,2.57,-0.345,0,
B-A-low-6,1.40739,1789994595.1973,const,11.7275,3.6226,0.374,0.2,2.6,-1,2.186,-0.3347,11.719,2056,-7.55,28.5,15.5,37,2016,8.55,-24.400000000000002,15.0,38,2.531,-0.345,0,
B-A-low-6,1.40939,1789994595.1993,const,11.7275,3.6226,0.374,0.2,2.6,-1,2.109,-0.6695,11.719,2054,-8.05,27.6,15.5,37,2017,8.05,-25.200000000000003,15.0,38,2.493,-0.384,0,
B-A-low-6,1.41139,1789994595.2013,const,11.7275,3.6226,0.374,0.2,2.6,-1,2.071,-0.3345,11.72,2053,-8.05,27.6,15.5,37,2017,7.55,-26.900000000000002,15.0,38,2.493,-0.422,0,
B-A-low-6,1.41339,1789994595.2033,const,11.7275,3.6226,0.374,0.2,2.6,-1,2.033,-0.3348,11.72,2052,-8.05,27.6,15.5,37,2018,7.55,-26.900000000000002,15.0,38,2.455,-0.422,0,
B-A-low-6,1.41539,1789994595.2053,const,11.7275,3.6226,0.374,0.2,2.6,-1,1.994,-0.3348,11.72,2051,-8.05,27.6,15.5,37,2020,8.05,-25.200000000000003,15.0,38,2.378,-0.384,0,
B-A-low-6,1.41739,1789994595.2073,const,11.7275,3.6226,0.374,0.2,2.6,-1,1.956,-0.3345,11.72,2050,-7.55,28.5,15.5,37,2021,8.05,-25.200000000000003,15.0,38,2.339,-0.384,0,
B-A-low-6,1.41939,1789994595.2093,const,11.7275,3.6226,0.374,0.2,2.6,-1,1.918,-0.3349,11.721,2049,-8.05,27.6,15.5,37,2021,7.04,-27.8,15.0,38,2.339,-0.422,0,
B-A-low-6,1.42139,1789994595.2113,const,11.7275,3.6226,0.374,0.2,2.6,-1,1.879,-0.3342,11.721,2048,-7.55,28.5,15.5,37,2023,7.55,-26.1,15.0,38,2.263,-0.384,0,
B-A-low-6,1.42339,1789994595.2133,const,11.7275,3.6226,0.374,0.2,2.6,-1,1.841,-0.3352,11.721,2047,-7.55,28.5,14.6,37,2024,7.55,-26.900000000000002,15.0,38,2.224,-0.384,0,
B-A-low-6,1.42539,1789994595.2153,const,11.7275,3.6226,0.374,0.2,2.6,-1,1.803,-0.3348,11.721,2046,-7.55,28.5,14.6,37,2025,7.55,-26.900000000000002,14.0,38,2.186,-0.384,0,
B-A-low-6,1.42739,1789994595.2173,const,11.7275,3.6226,0.374,0.2,2.6,-1,1.726,-0.6698,11.722,2044,-7.55,28.5,14.6,37,2026,7.55,-26.900000000000002,14.0,38,2.148,-0.422,0,
B-A-low-6,1.42939,1789994595.2193,const,11.7275,3.6226,0.374,0.2,2.6,-1,1.688,-0.3344,11.722,2043,-8.05,27.6,14.6,37,2027,7.55,-26.900000000000002,14.0,38,2.109,-0.422,0,
B-A-low-6,1.43139,1789994595.2213,const,11.7275,3.6226,0.374,0.2,2.6,-1,1.649,-0.3347,11.722,2042,-8.05,27.6,14.6,37,2028,7.55,-26.900000000000002,14.0,38,2.071,-0.422,0,
B-A-low-6,1.43339,1789994595.2233,const,11.7275,3.6226,0.374,0.2,2.6,-1,1.649,0.0,11.722,2042,-7.55,29.3,14.6,37,2029,7.55,-26.900000000000002,14.0,38,2.033,-0.384,0,
B-A-low-6,1.43539,1789994595.2253,const,11.7275,3.6226,0.374,0.2,2.6,-1,1.572,-0.6701,11.723,2040,-8.05,27.6,14.6,37,2030,7.55,-26.900000000000002,14.0,38,1.994,-0.422,0,
B-A-low-6,1.43739,1789994595.2273,const,11.7275,3.6226,0.374,0.2,2.6,-1,1.534,-0.3349,11.723,2039,-8.05,28.400000000000002,14.6,37,2031,7.55,-26.900000000000002,14.0,38,1.956,-0.422,0,
B-A-low-6,1.43939,1789994595.2293,const,11.7275,3.6226,0.374,0.2,2.6,-1,1.457,-0.6705,11.723,2037,-8.55,26.8,14.6,37,2033,8.05,-25.200000000000003,14.0,38,1.879,-0.422,0,
B-A-low-6,1.44139,1789994595.2312,const,11.7275,3.6226,0.374,0.2,2.6,-1,1.457,0.0,11.723,2037,-7.55,29.3,14.6,37,2033,7.55,-26.900000000000002,14.0,38,1.879,-0.422,0,
B-A-low-6,1.44339,1789994595.2333,const,11.7275,3.6226,0.374,0.2,2.6,-1,1.419,-0.3346,11.724,2036,-8.05,28.400000000000002,14.6,37,2035,8.05,-25.200000000000003,14.0,38,1.803,-0.384,0,
B-A-low-6,1.44539,1789994595.2352,const,11.7275,3.6226,0.374,0.2,2.6,-1,1.381,-0.3348,11.724,2035,-8.05,27.6,14.6,37,2035,7.55,-26.900000000000002,14.0,38,1.803,-0.422,0,
B-A-low-6,1.44739,1789994595.2373,const,11.7275,3.6226,0.374,0.2,2.6,-1,1.304,-0.6692,11.724,2033,-8.05,27.6,14.6,37,2037,7.55,-26.900000000000002,14.0,38,1.726,-0.422,0,
B-A-low-6,1.44939,1789994595.2392,const,11.7275,3.6226,0.374,0.2,2.6,-1,1.266,-0.3348,11.724,2032,-8.05,27.6,14.6,37,2038,8.05,-26.0,14.0,38,1.688,-0.422,0,
B-A-low-6,1.45139,1789994595.2413,const,11.7275,3.6226,0.374,0.2,2.6,-1,1.227,-0.3346,11.725,2031,-8.55,26.8,14.6,37,2039,7.55,-26.900000000000002,14.0,38,1.649,-0.422,0,
B-A-low-6,1.45339,1789994595.2432,const,11.7275,3.6226,0.374,0.2,2.6,-1,1.189,-0.3349,11.725,2030,-8.55,26.8,14.6,37,2040,8.05,-26.0,14.0,38,1.611,-0.422,0,
B-A-low-6,1.45539,1789994595.2453,const,11.7275,3.6226,0.374,0.2,2.6,-1,1.151,-0.3344,11.725,2029,-8.05,27.6,14.6,37,2042,8.05,-25.200000000000003,14.0,38,1.534,-0.384,0,
B-A-low-6,1.45739,1789994595.2473,const,11.7275,3.6226,0.374,0.2,2.6,-1,1.112,-0.3342,11.725,2028,-8.05,27.6,14.6,37,2043,8.05,-25.200000000000003,14.0,38,1.496,-0.384,0,
B-A-low-6,1.45939,1789994595.2493,const,11.7275,3.6226,0.374,0.2,2.6,-1,1.036,-0.67,11.725,2026,-8.55,26.8,14.6,37,2044,8.05,-25.200000000000003,14.0,38,1.457,-0.422,0,
B-A-low-6,1.46139,1789994595.2513,const,11.7275,3.6226,0.374,0.2,2.6,-1,1.036,0.0,11.725,2026,-8.05,28.400000000000002,14.6,37,2045,8.05,-25.200000000000003,14.0,38,1.419,-0.384,0,
B-A-low-6,1.46339,1789994595.2533,const,11.7275,3.6226,0.374,0.2,2.6,-1,0.959,-0.6699,11.726,2024,-8.55,26.8,14.6,37,2046,8.05,-25.200000000000003,14.0,38,1.381,-0.422,0,
B-A-low-6,1.46539,1789994595.2553,const,11.7275,3.6226,0.374,0.2,2.6,-1,0.92,-0.3349,11.726,2023,-8.55,26.8,14.6,37,2047,8.05,-26.0,14.0,38,1.342,-0.422,0,
B-A-low-6,1.46739,1789994595.2572,const,11.7275,3.6226,0.374,0.2,2.6,-1,0.882,-0.3351,11.726,2022,-8.05,27.6,14.6,37,2048,8.05,-26.0,14.0,38,1.304,-0.422,0,
B-A-low-6,1.46939,1789994595.2592,const,11.7275,3.6226,0.374,0.2,2.6,-1,0.844,-0.3348,11.726,2021,-8.05,27.6,14.6,37,2049,8.05,-26.0,14.0,38,1.266,-0.422,0,
B-A-low-6,1.47139,1789994595.2613,const,11.7275,3.6226,0.374,0.2,2.6,-1,0.805,-0.3344,11.726,2020,-8.05,27.6,14.6,37,2050,8.05,-26.0,14.0,38,1.227,-0.422,0,
B-A-low-6,1.47339,1789994595.2633,const,11.7275,3.6226,0.374,0.2,2.6,-1,0.767,-0.3346,11.726,2019,-8.05,27.6,14.6,37,2052,8.55,-24.400000000000002,14.0,38,1.151,-0.384,0,
B-A-low-6,1.47539,1789994595.2653,const,11.7275,3.6226,0.374,0.2,2.6,-1,0.69,-0.6695,11.726,2017,-8.55,26.0,14.6,37,2053,8.55,-24.400000000000002,14.0,38,1.112,-0.422,0,
B-A-low-6,1.47739,1789994595.2672,const,11.7275,3.6226,0.374,0.2,2.6,-1,0.652,-0.3349,11.727,2016,-8.05,27.6,14.6,37,2054,8.05,-25.200000000000003,14.0,38,1.074,-0.422,0,
B-A-low-6,1.47939,1789994595.2692,const,11.7275,3.6226,0.374,0.2,2.6,-1,0.614,-0.3347,11.727,2015,-8.55,26.8,14.6,37,2055,8.05,-25.200000000000003,14.0,38,1.036,-0.422,0,
B-A-low-6,1.48139,1789994595.2712,const,11.7275,3.6226,0.374,0.2,2.6,-1,0.575,-0.3345,11.727,2014,-8.05,27.6,14.6,37,2056,8.05,-25.200000000000003,14.0,38,0.997,-0.422,0,
B-A-low-6,1.48339,1789994595.2733,const,11.7275,3.6226,0.374,0.2,2.6,-1,0.537,-0.3345,11.727,2013,-8.05,27.6,14.6,37,2057,8.55,-24.400000000000002,14.0,38,0.959,-0.422,0,
B-A-low-6,1.48539,1789994595.2753,const,11.7275,3.6226,0.374,0.2,2.6,-1,0.499,-0.3347,11.727,2012,-8.05,28.400000000000002,14.6,37,2058,8.05,-25.200000000000003,14.0,38,0.92,-0.422,0,
B-A-low-6,1.48739,1789994595.2773,const,11.7275,3.6226,0.374,0.2,2.6,-1,0.46,-0.3344,11.727,2011,-8.05,28.400000000000002,14.6,37,2059,8.05,-26.0,14.0,38,0.882,-0.422,0,
B-A-low-6,1.48939,1789994595.2793,const,11.7275,3.6226,0.374,0.2,2.6,-1,0.422,-0.3347,11.727,2010,-8.05,28.400000000000002,14.6,37,2060,8.05,-26.0,14.0,38,0.844,-0.422,0,
B-A-low-6,1.49139,1789994595.2813,const,11.7275,3.6226,0.374,0.2,2.6,-1,0.384,-0.3346,11.727,2009,-8.05,28.400000000000002,14.6,37,2061,7.55,-26.900000000000002,14.0,38,0.805,-0.422,0,
B-A-low-6,1.49339,1789994595.2833,const,11.7275,3.6226,0.374,0.2,2.6,-1,0.345,-0.3347,11.727,2008,-8.05,28.400000000000002,14.6,37,2062,8.05,-26.0,14.0,38,0.767,-0.422,0,
B-A-low-6,1.49539,1789994595.2853,const,11.7275,3.6226,0.374,0.2,2.6,-1,0.307,-0.3349,11.727,2007,-7.55,29.3,14.6,37,2063,8.05,-26.0,14.0,38,0.729,-0.422,0,
B-A-low-6,1.49739,1789994595.2873,const,11.7275,3.6226,0.374,0.2,2.6,-1,0.268,-0.3346,11.727,2006,-8.05,28.400000000000002,14.6,37,2065,8.05,-25.200000000000003,14.0,38,0.652,-0.384,0,
B-A-low-6,1.49939,1789994595.2893,const,11.7275,3.6226,0.374,0.2,2.6,-1,0.23,-0.3338,11.727,2005,-7.55,29.3,14.6,37,2065,7.55,-26.900000000000002,14.0,38,0.652,-0.422,0,
B-A-low-6,1.50139,1789994595.2913,const,11.7275,3.6226,0.374,0.2,2.6,-1,0.192,-0.3352,11.727,2004,-8.05,28.400000000000002,14.6,37,2067,8.05,-25.200000000000003,14.0,38,0.575,-0.384,0,
B-A-low-6,1.50339,1789994595.2933,const,11.7275,3.6226,0.374,0.2,2.6,-1,0.153,-0.335,11.727,2003,-7.55,29.3,14.6,37,2067,7.55,-26.900000000000002,14.0,38,0.575,-0.422,0,
B-A-low-6,1.50539,1789994595.2953,const,11.7275,3.6226,0.374,0.2,2.6,-1,0.115,-0.3347,11.727,2002,-7.55,29.3,14.6,37,2069,7.55,-26.900000000000002,14.0,38,0.499,-0.384,0,
B-A-low-6,1.50739,1789994595.2973,const,11.7275,3.6226,0.374,0.2,2.6,-1,0.077,-0.3348,11.727,2001,-7.55,29.3,14.6,37,2070,8.05,-26.0,14.0,38,0.46,-0.384,0,
B-A-low-6,1.50939,1789994595.2993,const,11.7275,3.6226,0.374,0.2,2.6,-1,0.0,-0.6688,11.727,1999,-8.05,28.400000000000002,14.6,37,2071,8.05,-26.0,14.0,38,0.422,-0.422,0,
B-A-low-6,1.51139,1789994595.3013,const,11.7275,3.6226,0.374,0.2,2.6,-1,-0.038,-0.3351,11.727,1998,-8.05,28.400000000000002,14.6,37,2072,8.05,-26.0,14.0,38,0.384,-0.422,0,
B-A-low-6,1.51339,1789994595.3033,const,11.7275,3.6226,0.374,0.2,2.6,-1,-0.077,-0.3346,11.727,1997,-7.55,29.3,14.6,37,2073,8.05,-26.0,14.0,38,0.345,-0.422,0,
B-A-low-6,1.51539,1789994595.3053,const,11.7275,3.6226,0.374,0.2,2.6,-1,-0.115,-0.3348,11.727,1996,-8.05,28.400000000000002,14.6,37,2074,7.55,-27.700000000000003,14.0,38,0.307,-0.422,0,
B-A-low-6,1.51739,1789994595.3073,const,11.7275,3.6226,0.374,0.2,2.6,-1,-0.153,-0.3343,11.727,1995,-7.55,30.1,14.6,37,2075,7.55,-27.700000000000003,14.0,38,0.268,-0.422,0,
B-A-low-6,1.51939,1789994595.3093,const,11.7275,3.6226,0.374,0.2,2.6,-1,-0.192,-0.3351,11.727,1994,-7.55,30.1,14.6,37,2076,7.55,-27.700000000000003,14.0,38,0.23,-0.422,0,
B-A-low-6,1.52139,1789994595.3113,const,11.7275,3.6226,0.374,0.2,2.6,-1,-0.23,-0.3342,11.727,1993,-7.55,30.1,14.6,37,2077,8.05,-26.8,14.0,38,0.192,-0.422,0,
B-A-low-6,1.52339,1789994595.3133,const,11.7275,3.6226,0.374,0.2,2.6,-1,-0.268,-0.3352,11.727,1992,-8.05,29.200000000000003,14.6,37,2078,7.55,-27.700000000000003,14.0,38,0.153,-0.422,0,
B-A-low-6,1.52539,1789994595.3153,const,11.7275,3.6226,0.374,0.2,2.6,-1,-0.307,-0.3346,11.727,1991,-8.05,29.200000000000003,14.6,37,2079,7.55,-27.700000000000003,14.0,38,0.115,-0.422,0,
B-A-low-6,1.52739,1789994595.3173,const,11.7275,3.6226,0.374,0.2,2.6,-1,-0.345,-0.3346,11.727,1990,-7.55,30.1,14.6,37,2080,7.55,-27.700000000000003,14.0,38,0.077,-0.422,0,
B-A-low-6,1.52939,1789994595.3193,const,11.7275,3.6226,0.374,0.2,2.6,-1,-0.384,-0.3347,11.727,1989,-7.55,30.1,14.6,37,2082,8.05,-26.0,14.0,38,0.0,-0.384,0,
B-A-low-6,1.53139,1789994595.3213,const,11.7275,3.6226,0.374,0.2,2.6,-1,-0.422,-0.3348,11.727,1988,-7.55,30.1,14.6,37,2083,8.05,-26.0,14.0,38,-0.038,-0.384,0,
B-A-low-6,1.53339,1789994595.3233,const,11.7275,3.6226,0.374,0.2,2.6,-1,-0.46,-0.3348,11.727,1987,-7.55,30.1,14.6,37,2084,8.05,-26.0,14.0,38,-0.077,-0.384,0,
B-A-low-6,1.53539,1789994595.3253,const,11.7275,3.6226,0.374,0.2,2.6,-1,-0.537,-0.6694,11.727,1985,-8.05,28.400000000000002,14.6,37,2085,8.05,-26.0,14.0,38,-0.115,-0.422,0,
B-A-low-6,1.53739,1789994595.3273,const,11.7275,3.6226,0.374,0.2,2.6,-1,-0.575,-0.3346,11.727,1984,-8.05,29.200000000000003,14.6,37,2086,8.05,-26.8,14.0,38,-0.153,-0.422,0,
B-A-low-6,1.53937,1789994595.3292,const,11.7275,3.6226,0.374,0.2,2.6,-1,-0.575,0.0,11.727,1984,-8.05,29.200000000000003,15.8,37,2088,8.55,-25.200000000000003,14.0,38,-0.23,-0.345,0,
B-A-low-6,1.54137,1789994595.3312,const,11.7275,3.6226,0.374,0.2,2.6,-1,-0.614,-0.3348,11.727,1983,-8.05,29.200000000000003,15.8,37,2088,8.05,-26.8,15.2,38,-0.23,-0.384,0,
B-A-low-6,1.54337,1789994595.3332,const,11.7275,3.6226,0.374,0.2,2.6,-1,-0.69,-0.6689,11.726,1981,-8.55,27.6,15.8,37,2089,8.05,-26.8,15.2,38,-0.268,-0.422,0,
B-A-low-6,1.54537,1789994595.3352,const,11.7275,3.6226,0.374,0.2,2.6,-1,-0.729,-0.3347,11.726,1980,-8.05,28.400000000000002,15.8,37,2091,8.55,-25.200000000000003,15.2,38,-0.345,-0.384,0,
B-A-low-6,1.54737,1789994595.3372,const,11.7275,3.6226,0.374,0.2,2.6,-1,-0.767,-0.3346,11.726,1979,-8.55,27.6,15.8,37,2092,8.05,-26.0,15.2,38,-0.384,-0.384,0,
B-A-low-6,1.54937,1789994595.3392,const,11.7275,3.6226,0.374,0.2,2.6,-1,-0.805,-0.3346,11.726,1978,-8.05,28.400000000000002,15.8,37,2093,8.05,-26.0,15.2,38,-0.422,-0.384,0,
B-A-low-6,1.55137,1789994595.3412,const,11.7275,3.6226,0.374,0.2,2.6,-1,-0.844,-0.3352,11.726,1977,-8.55,27.6,15.8,37,2094,8.05,-26.0,15.2,38,-0.46,-0.384,0,
B-A-low-6,1.55337,1789994595.3432,const,11.7275,3.6226,0.374,0.2,2.6,-1,-0.92,-0.669,11.726,1975,-8.55,27.6,15.8,37,2095,8.55,-25.200000000000003,15.2,38,-0.499,-0.422,0,
B-A-low-6,1.55537,1789994595.3452,const,11.7275,3.6226,0.374,0.2,2.6,-1,-0.959,-0.3342,11.726,1974,-8.55,27.6,15.8,37,2097,8.55,-25.200000000000003,15.2,38,-0.575,-0.384,0,
B-A-low-6,1.55737,1789994595.3472,const,11.7275,3.6226,0.374,0.2,2.6,-1,-0.997,-0.3351,11.725,1973,-9.06,26.700000000000003,15.8,37,2098,8.55,-25.200000000000003,15.2,38,-0.614,-0.384,0,
B-A-low-6,1.55937,1789994595.3492,const,11.7275,3.6226,0.374,0.2,2.6,-1,-1.036,-0.3349,11.725,1972,-8.55,27.6,15.8,37,2099,8.55,-25.200000000000003,15.2,38,-0.652,-0.384,0,
B-A-low-6,1.56137,1789994595.3512,const,11.7275,3.6226,0.374,0.2,2.6,-1,-1.074,-0.3346,11.725,1971,-8.55,27.6,15.8,37,2100,8.55,-25.200000000000003,15.2,38,-0.69,-0.384,0,
B-A-low-6,1.56337,1789994595.3532,const,11.7275,3.6226,0.374,0.2,2.6,-1,-1.112,-0.3349,11.725,1970,-8.55,27.6,15.8,37,2101,8.05,-26.0,15.2,38,-0.729,-0.384,0,
B-A-low-6,1.56537,1789994595.3552,const,11.7275,3.6226,0.374,0.2,2.6,-1,-1.151,-0.3342,11.725,1969,-8.55,27.6,15.8,37,2102,8.05,-26.0,15.2,38,-0.767,-0.384,0,
B-A-low-6,1.56737,1789994595.3572,const,11.7275,3.6226,0.374,0.2,2.6,-1,-1.189,-0.3352,11.725,1968,-8.05,29.200000000000003,15.8,37,2103,8.55,-24.400000000000002,15.2,38,-0.805,-0.384,0,
B-A-low-6,1.56937,1789994595.3592,const,11.7275,3.6226,0.374,0.2,2.6,-1,-1.266,-0.6692,11.724,1966,-9.06,26.700000000000003,15.8,37,2105,8.55,-24.400000000000002,15.2,38,-0.882,-0.384,0,
B-A-low-6,1.57137,1789994595.3612,const,11.7275,3.6226,0.374,0.2,2.6,-1,-1.304,-0.3344,11.724,1965,-8.55,27.6,15.8,37,2106,8.55,-24.400000000000002,15.2,38,-0.92,-0.384,0,
B-A-low-6,1.57338,1789994595.3632,const,11.7275,3.6226,0.374,0.2,2.6,-1,-1.342,-0.3326,11.724,1964,-8.05,28.400000000000002,15.8,37,2107,8.55,-24.400000000000002,15.2,38,-0.959,-0.384,0,
B-A-low-6,1.57538,1789994595.3652,const,11.7275,3.6226,0.374,0.2,2.6,-1,-1.381,-0.3341,11.724,1963,-8.55,27.6,15.8,37,2108,8.05,-25.200000000000003,15.2,38,-0.997,-0.384,0,
B-A-low-6,1.57737,1789994595.3672,const,11.7275,3.6226,0.374,0.2,2.6,-1,-1.419,-0.3371,11.724,1962,-8.05,28.400000000000002,15.8,37,2109,8.55,-24.400000000000002,15.2,38,-1.036,-0.384,0,
B-A-low-6,1.57937,1789994595.3692,const,11.7275,3.6226,0.374,0.2,2.6,-1,-1.496,-0.6698,11.723,1960,-8.55,26.8,15.8,37,2110,8.05,-26.0,15.2,38,-1.074,-0.422,0,
B-A-low-6,1.58137,1789994595.3712,const,11.7275,3.6226,0.374,0.2,2.6,-1,-1.534,-0.3347,11.723,1959,-8.55,26.8,15.8,37,2111,8.05,-26.0,15.2,38,-1.112,-0.422,0,
B-A-low-6,1.58337,1789994595.3732,const,11.7275,3.6226,0.374,0.2,2.6,-1,-1.572,-0.3347,11.723,1958,-8.55,26.8,15.8,37,2112,8.05,-26.0,15.2,38,-1.151,-0.422,0,
B-A-low-6,1.58537,1789994595.3752,const,11.7275,3.6226,0.374,0.2,2.6,-1,-1.611,-0.3346,11.723,1957,-8.55,26.8,15.8,37,2113,8.05,-26.0,15.2,38,-1.189,-0.422,0,
B-A-low-6,1.58737,1789994595.3772,const,11.7275,3.6226,0.374,0.2,2.6,-1,-1.611,0.0,11.723,1957,-8.05,28.400000000000002,15.8,37,2114,8.05,-26.0,15.2,38,-1.227,-0.384,0,
B-A-low-6,1.58937,1789994595.3792,const,11.7275,3.6226,0.374,0.2,2.6,-1,-1.688,-0.6694,11.722,1955,-8.55,26.8,15.8,37,2115,7.55,-26.900000000000002,15.2,38,-1.266,-0.422,0,
B-A-low-6,1.59137,1789994595.3812,const,11.7275,3.6226,0.374,0.2,2.6,-1,-1.726,-0.3344,11.722,1954,-8.55,27.6,15.8,37,2116,7.55,-26.900000000000002,15.2,38,-1.304,-0.422,0,
B-A-low-6,1.59337,1789994595.3832,const,11.7275,3.6226,0.374,0.2,2.6,-1,-1.764,-0.3342,11.722,1953,-8.05,28.400000000000002,15.8,37,2117,7.55,-26.900000000000002,15.2,38,-1.342,-0.422,0,
B-A-low-6,1.59537,1789994595.3852,const,11.7275,3.6226,0.374,0.2,2.6,-1,-1.803,-0.3352,11.721,1952,-8.05,28.400000000000002,15.8,37,2118,8.05,-26.0,15.2,38,-1.381,-0.422,0,
B-A-low-6,1.59737,1789994595.3872,const,11.7275,3.6226,0.374,0.2,2.6,-1,-1.841,-0.3346,11.721,1951,-8.55,27.6,15.8,37,2119,7.55,-27.700000000000003,15.2,38,-1.419,-0.422,0,
B-A-low-6,1.59937,1789994595.3892,const,11.7275,3.6226,0.374,0.2,2.6,-1,-1.879,-0.3343,11.721,1950,-8.05,29.200000000000003,15.8,37,2120,7.04,-28.6,15.2,37,-1.457,-0.422,0,
B-A-low-6,1.60137,1789994595.3912,const,11.7275,3.6226,0.374,0.2,2.6,-1,-1.918,-0.3352,11.721,1949,-8.05,29.200000000000003,15.8,37,2121,7.04,-28.6,15.2,37,-1.496,-0.422,0,
B-A-low-6,1.60337,1789994595.3932,const,11.7275,3.6226,0.374,0.2,2.6,-1,-1.956,-0.3348,11.72,1948,-8.05,29.200000000000003,15.8,37,2122,7.55,-27.700000000000003,15.2,37,-1.534,-0.422,0,
B-A-low-6,1.60537,1789994595.3952,const,11.7275,3.6226,0.374,0.2,2.6,-1,-1.994,-0.3345,11.72,1947,-8.05,29.200000000000003,15.8,37,2123,7.04,-28.6,15.2,37,-1.572,-0.422,0,
B-A-low-6,1.60737,1789994595.3972,const,11.7275,3.6226,0.374,0.2,2.6,-1,-2.033,-0.3348,11.72,1946,-8.05,29.200000000000003,15.8,37,2124,7.04,-28.6,15.2,37,-1.611,-0.422,0,
B-A-low-6,1.60937,1789994595.3992,const,11.7275,3.6226,0.374,0.2,2.6,-1,-2.071,-0.3346,11.72,1945,-7.55,30.1,15.8,37,2125,7.04,-28.6,15.2,37,-1.649,-0.422,0,
B-A-low-6,1.61137,1789994595.4012,const,11.7275,3.6226,0.374,0.2,2.6,-1,-2.109,-0.3348,11.719,1944,-7.55,30.1,15.8,37,2126,7.55,-27.700000000000003,15.2,37,-1.688,-0.422,0,
B-A-low-6,1.61337,1789994595.4032,const,11.7275,3.6226,0.374,0.2,2.6,-1,-2.148,-0.3345,11.719,1943,-7.55,30.1,15.8,37,2127,7.04,-28.6,15.2,37,-1.726,-0.422,0,
B-A-low-6,1.61537,1789994595.4052,const,11.7275,3.6226,0.374,0.2,2.6,-1,-2.148,0.0,11.719,1943,-7.04,31.8,15.8,37,2128,7.04,-28.6,15.2,37,-1.764,-0.384,0,
B-A-low-6,1.61737,1789994595.4072,const,11.7275,3.6226,0.374,0.2,2.6,-1,-2.224,-0.6708,11.718,1941,-7.04,31.8,15.8,37,2129,7.55,-27.700000000000003,15.2,37,-1.803,-0.422,0,
B-A-low-6,1.61937,1789994595.4092,const,11.7275,3.6226,0.374,0.2,2.6,-1,-2.263,-0.3347,11.718,1940,-7.04,31.8,15.8,37,2131,7.55,-27.700000000000003,15.2,37,-1.879,-0.384,0,
B-A-low-6,1.62137,1789994595.4112,const,11.7275,3.6226,0.374,0.2,2.6,-1,-2.339,-0.6691,11.717,1938,-8.05,29.200000000000003,15.8,37,2131,7.55,-28.5,15.2,37,-1.879,-0.46,0,
B-A-low-6,1.62337,1789994595.4132,const,11.7275,3.6226,0.374,0.2,2.6,-1,-2.378,-0.3346,11.717,1937,-8.05,29.200000000000003,15.8,37,2133,7.55,-27.700000000000003,15.2,37,-1.956,-0.422,0,
B-A-low-6,1.62546,1789994595.4153,const,11.7275,3.6226,0.374,0.2,2.6,-1,-2.378,0.0,11.717,1937,-7.55,30.900000000000002,15.8,37,2133,7.55,-28.5,15.2,37,-1.956,-0.422,0,
B-A-low-6,1.62748,1789994595.4173,const,11.7275,3.6226,0.374,0.2,2.6,-1,-2.416,-0.3326,11.717,1936,-7.55,30.900000000000002,15.8,37,2134,7.55,-28.5,15.2,37,-1.994,-0.422,0,
B-A-low-6,1.62946,1789994595.4193,const,11.7275,3.6226,0.374,0.2,2.6,-1,-2.493,-0.6764,11.716,1934,-8.05,29.200000000000003,15.8,37,2135,7.04,-30.200000000000003,15.2,37,-2.033,-0.46,0,
B-A-low-6,1.63146,1789994595.4213,const,11.7275,3.6226,0.374,0.2,2.6,-1,-2.531,-0.3335,11.716,1933,-8.05,30.0,15.8,37,2137,7.55,-28.5,15.2,37,-2.109,-0.422,0,
B-A-low-6,1.63348,1789994595.4233,const,11.7275,3.6226,0.374,0.2,2.6,-1,-2.57,-0.3315,11.715,1932,-8.05,30.0,15.8,37,2138,7.55,-28.5,15.2,37,-2.148,-0.422,0,
B-A-low-6,1.63548,1789994595.4253,const,11.7275,3.6226,0.374,0.2,2.6,-1,-2.608,-0.3354,11.715,1931,-8.05,30.0,15.8,37,2138,7.55,-29.3,15.2,37,-2.148,-0.46,0,
B-A-low-6,1.63745,1789994595.4273,const,11.7275,3.6226,0.374,0.2,2.6,-1,-2.646,-0.3389,11.715,1930,-8.05,30.0,15.8,37,2140,7.55,-28.5,15.2,37,-2.224,-0.422,0,
B-A-low-6,1.63947,1789994595.4293,const,11.7275,3.6226,0.374,0.2,2.6,-1,-2.685,-0.3324,11.714,1929,-8.05,30.0,15.8,37,2141,8.05,-27.6,15.2,37,-2.263,-0.422,0,
B-A-low-6,1.64147,1789994595.4313,const,11.7275,3.6226,0.374,0.2,2.6,-1,-2.761,-0.6693,11.714,1927,-8.05,29.200000000000003,15.8,37,2143,8.55,-26.0,15.2,37,-2.339,-0.422,0,
B-A-low-6,1.64346,1789994595.4333,const,11.7275,3.6226,0.374,0.2,2.6,-1,-2.8,-0.3353,11.713,1926,-8.55,28.400000000000002,15.8,37,2143,7.55,-28.5,15.2,37,-2.339,-0.46,0,
B-A-low-6,1.64547,1789994595.4353,const,11.7275,3.6226,0.374,0.2,2.6,-1,-2.838,-0.3338,11.713,1925,-8.55,28.400000000000002,15.8,37,2144,8.05,-27.6,15.2,37,-2.378,-0.46,0,
B-A-low-6,1.64746,1789994595.4373,const,11.7275,3.6226,0.374,0.2,2.6,-1,-2.876,-0.3352,11.712,1924,-8.55,28.400000000000002,15.8,37,2146,8.05,-27.6,15.2,37,-2.455,-0.422,0,
B-A-low-6,1.64947,1789994595.4393,const,11.7275,3.6226,0.374,0.2,2.6,-1,-2.953,-0.6691,11.712,1922,-8.55,28.400000000000002,15.8,37,2147,8.55,-26.8,15.2,37,-2.493,-0.46,0,
B-A-low-6,1.65147,1789994595.4413,const,11.7275,3.6226,0.374,0.2,2.6,-1,-2.991,-0.3343,11.711,1921,-8.55,28.400000000000002,15.8,37,2148,8.05,-27.6,15.2,37,-2.531,-0.46,0,
B-A-low-6,1.65347,1789994595.4433,const,11.7275,3.6226,0.374,0.2,2.6,-1,-3.068,-0.6689,11.71,1919,-9.06,26.700000000000003,15.8,37,2149,8.05,-27.6,15.2,37,-2.57,-0.499,0,
B-A-low-6,1.65549,1789994595.4454,const,11.7275,3.6226,0.374,0.2,2.6,-1,-3.068,0.0,11.71,1919,-8.55,28.400000000000002,15.8,37,2150,8.05,-27.6,15.2,37,-2.608,-0.46,0,
B-A-low-6,1.65747,1789994595.4473,const,11.7275,3.6226,0.374,0.2,2.6,-1,-3.145,-0.6768,11.71,1917,-9.06,26.700000000000003,15.0,37,2152,8.55,-26.0,15.0,37,-2.685,-0.46,0,
B-A-low-6,1.65945,1789994595.4493,const,11.7275,3.6226,0.374,0.2,2.6,-1,-3.183,-0.3379,11.709,1916,-8.55,27.6,15.0,37,2152,8.55,-26.8,15.0,37,-2.685,-0.499,0,
B-A-low-6,1.66146,1789994595.4513,const,11.7275,3.6226,0.374,0.2,2.6,-1,-3.222,-0.3317,11.709,1915,-9.06,26.700000000000003,15.0,37,2153,8.05,-27.6,15.0,37,-2.723,-0.499,0,
B-A-low-6,1.66345,1789994595.4533,const,11.7275,3.6226,0.374,0.2,2.6,-1,-3.26,-0.3367,11.708,1914,-8.55,27.6,15.0,37,2155,8.55,-26.0,15.0,37,-2.8,-0.46,0,
B-A-low-6,1.66548,1789994595.4553,const,11.7275,3.6226,0.374,0.2,2.6,-1,-3.298,-0.33,11.708,1913,-9.06,26.700000000000003,15.0,37,2156,8.55,-26.0,15.0,37,-2.838,-0.46,0,
B-A-low-6,1.66746,1789994595.4573,const,11.7275,3.6226,0.374,0.2,2.6,-1,-3.375,-0.6778,11.707,1911,-9.06,26.700000000000003,15.0,37,2157,8.55,-26.0,15.0,37,-2.876,-0.499,0,
B-A-low-6,1.66946,1789994595.4593,const,11.7275,3.6226,0.374,0.2,2.6,-1,-3.413,-0.334,11.706,1910,-9.06,26.700000000000003,15.0,37,2159,8.55,-26.0,15.0,37,-2.953,-0.46,0,
B-A-low-6,1.67146,1789994595.4613,const,11.7275,3.6226,0.374,0.2,2.6,-1,-3.452,-0.3345,11.706,1909,-8.55,27.6,15.0,37,2159,8.05,-27.6,15.0,37,-2.953,-0.499,0,
B-A-low-6,1.67348,1789994595.4633,const,11.7275,3.6226,0.374,0.2,2.6,-1,-3.49,-0.3314,11.706,1908,-8.55,27.6,15.0,37,2161,8.55,-26.0,15.0,37,-3.03,-0.46,0,
B-A-low-6,1.67546,1789994595.4653,const,11.7275,3.6226,0.374,0.2,2.6,-1,-3.528,-0.3381,11.705,1907,-8.55,27.6,15.0,37,2162,8.55,-26.0,15.0,37,-3.068,-0.46,0,
B-A-low-6,1.67748,1789994595.4673,const,11.7275,3.6226,0.374,0.2,2.6,-1,-3.567,-0.3324,11.705,1906,-9.06,26.700000000000003,15.0,37,2163,8.55,-26.0,15.0,37,-3.107,-0.46,0,
B-A-low-6,1.67947,1789994595.4693,const,11.7275,3.6226,0.374,0.2,2.6,-1,-3.605,-0.3349,11.704,1905,-8.55,27.6,15.0,37,2165,9.06,-24.3,15.0,37,-3.183,-0.422,0,
B-A-low-6,1.68148,1789994595.4713,const,11.7275,3.6226,0.374,0.2,2.6,-1,-3.682,-0.6682,11.703,1903,-8.55,27.6,15.0,37,2166,9.06,-24.3,15.0,37,-3.222,-0.46,0,
B-A-low-6,1.6835,1789994595.4734,const,11.7275,3.6226,0.374,0.2,2.6,-1,-3.72,-0.3308,11.703,1902,-8.55,27.6,15.0,37,2166,8.55,-26.0,15.0,37,-3.222,-0.499,0,
B-A-low-6,1.68546,1789994595.4753,const,11.7275,3.6226,0.374,0.2,2.6,-1,-3.759,-0.3416,11.702,1901,-8.55,27.6,15.0,37,2168,8.55,-25.200000000000003,15.0,37,-3.298,-0.46,0,
B-A-low-6,1.68746,1789994595.4773,const,11.7275,3.6226,0.374,0.2,2.6,-1,-3.797,-0.3347,11.702,1900,-8.55,27.6,15.0,37,2169,8.55,-26.0,15.0,37,-3.337,-0.46,0,
B-A-low-6,1.68949,1789994595.4793,const,11.7275,3.6226,0.374,0.2,2.6,-1,-3.835,-0.3306,11.701,1899,-8.55,27.6,15.0,37,2171,9.06,-24.3,15.0,37,-3.413,-0.422,0,
B-A-low-6,1.69147,1789994595.4813,const,11.7275,3.6226,0.374,0.2,2.6,-1,-3.874,-0.3378,11.7,1898,-8.05,28.400000000000002,15.0,37,2172,9.06,-24.3,15.0,37,-3.452,-0.422,0,
B-A-low-6,1.69348,1789994595.4833,const,11.7275,3.6226,0.374,0.2,2.6,-1,-3.95,-0.664,11.699,1896,-8.55,26.8,15.0,37,2173,8.55,-25.200000000000003,15.0,37,-3.49,-0.46,0,
B-A-low-6,1.69547,1789994595.4853,const,11.7275,3.6226,0.374,0.2,2.6,-1,-3.989,-0.3364,11.699,1895,-8.55,26.8,15.0,37,2173,8.55,-26.0,15.0,37,-3.49,-0.499,0,
B-A-low-6,1.69746,1789994595.4873,const,11.7275,3.6226,0.374,0.2,2.6,-1,-4.027,-0.3366,11.698,1894,-8.55,26.8,15.0,37,2175,8.55,-25.200000000000003,15.0,37,-3.567,-0.46,0,
B-A-low-6,1.69946,1789994595.4893,const,11.7275,3.6226,0.374,0.2,2.6,-1,-4.065,-0.3348,11.698,1893,-8.55,27.6,15.0,37,2176,8.55,-25.200000000000003,15.0,37,-3.605,-0.46,0,
B-A-low-6,1.70147,1789994595.4913,const,11.7275,3.6226,0.374,0.2,2.6,-1,-4.104,-0.3328,11.697,1892,-8.55,27.6,15.0,37,2177,8.55,-25.200000000000003,15.0,37,-3.643,-0.46,0,
B-A-low-6,1.70348,1789994595.4933,const,11.7275,3.6226,0.374,0.2,2.6,-1,-4.142,-0.3342,11.697,1891,-8.55,27.6,15.0,37,2178,8.55,-25.200000000000003,15.0,37,-3.682,-0.46,0,
B-A-low-6,1.70548,1789994595.4953,const,11.7275,3.6226,0.374,0.2,2.6,-1,-4.219,-0.6694,11.695,1889,-8.55,26.8,15.0,37,2178,8.05,-26.8,15.0,37,-3.682,-0.537,0,
B-A-low-6,1.70746,1789994595.4973,const,11.7275,3.6226,0.374,0.2,2.6,-1,-4.219,0.0,11.695,1889,-8.05,28.400000000000002,15.0,37,2180,8.05,-26.0,15.0,37,-3.759,-0.46,0,
B-A-low-6,1.70948,1789994595.4993,const,11.7275,3.6226,0.374,0.2,2.6,-1,-4.257,-0.3323,11.695,1888,-7.55,30.1,15.0,37,2181,8.05,-26.0,15.0,37,-3.797,-0.46,0,
B-A-low-6,1.71145,1789994595.5013,const,11.7275,3.6226,0.374,0.2,2.6,-1,-4.295,-0.3388,11.694,1887,-8.05,29.200000000000003,15.0,37,2182,8.05,-26.8,15.0,37,-3.835,-0.46,0,
B-A-low-6,1.71347,1789994595.5033,const,11.7275,3.6226,0.374,0.2,2.6,-1,-4.334,-0.3319,11.694,1886,-7.55,30.1,15.0,37,2183,8.05,-26.8,15.0,37,-3.874,-0.46,0,
B-A-low-6,1.71548,1789994595.5053,const,11.7275,3.6226,0.374,0.2,2.6,-1,-4.411,-0.6664,11.693,1884,-8.55,27.6,15.0,37,2184,7.55,-27.700000000000003,15.0,37,-3.912,-0.499,0,
B-A-low-6,1.71747,1789994595.5073,const,11.7275,3.6226,0.374,0.2,2.6,-1,-4.449,-0.3364,11.692,1883,-8.05,28.400000000000002,15.0,37,2186,8.55,-25.200000000000003,15.0,38,-3.989,-0.46,0,
B-A-low-6,1.71946,1789994595.5093,const,11.7275,3.6226,0.374,0.2,2.6,-1,-4.487,-0.3358,11.691,1882,-8.05,28.400000000000002,15.0,37,2187,8.05,-26.0,15.0,38,-4.027,-0.46,0,
B-A-low-6,1.72147,1789994595.5113,const,11.7275,3.6226,0.374,0.2,2.6,-1,-4.526,-0.3342,11.691,1881,-8.55,27.6,15.0,37,2188,8.05,-26.0,15.0,38,-4.065,-0.46,0,
B-A-low-6,1.72348,1789994595.5133,const,11.7275,3.6226,0.374,0.2,2.6,-1,-4.564,-0.3328,11.69,1880,-8.05,28.400000000000002,15.0,37,2189,8.05,-26.0,15.0,38,-4.104,-0.46,0,
B-A-low-6,1.72546,1789994595.5153,const,11.7275,3.6226,0.374,0.2,2.6,-1,-4.602,-0.3368,11.689,1879,-8.05,28.400000000000002,15.0,37,2190,8.05,-26.0,15.0,38,-4.142,-0.46,0,
B-A-low-6,1.72747,1789994595.5173,const,11.7275,3.6226,0.374,0.2,2.6,-1,-4.641,-0.3346,11.689,1878,-8.05,28.400000000000002,15.0,37,2192,8.55,-24.400000000000002,15.0,38,-4.219,-0.422,0,
B-A-low-6,1.72946,1789994595.5193,const,11.7275,3.6226,0.374,0.2,2.6,-1,-4.717,-0.6703,11.688,1876,-8.55,26.8,15.0,37,2193,8.05,-26.0,15.0,38,-4.257,-0.46,0,
B-A-low-6,1.73146,1789994595.5213,const,11.7275,3.6226,0.374,0.2,2.6,-1,-4.756,-0.3349,11.687,1875,-8.55,27.6,15.0,37,2194,8.55,-25.200000000000003,15.0,38,-4.295,-0.46,0,
B-A-low-6,1.73347,1789994595.5233,const,11.7275,3.6226,0.374,0.2,2.6,-1,-4.794,-0.3334,11.686,1874,-8.05,28.400000000000002,15.0,37,2194,8.05,-26.8,15.0,38,-4.295,-0.499,0,
B-A-low-6,1.73547,1789994595.5253,const,11.7275,3.6226,0.374,0.2,2.6,-1,-4.832,-0.3348,11.686,1873,-8.05,28.400000000000002,15.0,37,2196,8.55,-25.200000000000003,15.0,38,-4.372,-0.46,0,
B-A-low-6,1.73747,1789994595.5273,const,11.7275,3.6226,0.374,0.2,2.6,-1,-4.871,-0.3351,11.685,1872,-8.05,28.400000000000002,15.0,37,2197,8.05,-26.8,15.0,38,-4.411,-0.46,0,
B-A-low-6,1.73947,1789994595.5293,const,11.7275,3.6226,0.374,0.2,2.6,-1,-4.947,-0.6694,11.684,1870,-9.06,25.900000000000002,15.0,37,2198,8.55,-26.0,15.0,38,-4.449,-0.499,0,
B-A-low-6,1.74147,1789994595.5313,const,11.7275,3.6226,0.374,0.2,2.6,-1,-4.986,-0.3348,11.683,1869,-8.55,26.8,15.0,37,2200,8.55,-25.200000000000003,15.0,38,-4.526,-0.46,0,
B-A-low-6,1.74346,1789994595.5333,const,11.7275,3.6226,0.374,0.2,2.6,-1,-5.024,-0.3356,11.682,1868,-8.55,26.8,15.0,37,2201,8.55,-25.200000000000003,15.0,38,-4.564,-0.46,0,
B-A-low-6,1.74547,1789994595.5353,const,11.7275,3.6226,0.374,0.2,2.6,-1,-5.062,-0.3333,11.682,1867,-8.55,26.8,15.0,37,2202,8.55,-25.200000000000003,15.0,38,-4.602,-0.46,0,
B-A-low-6,1.74746,1789994595.5373,const,11.7275,3.6226,0.374,0.2,2.6,-1,-5.101,-0.3355,11.681,1866,-8.55,27.6,15.0,37,2203,8.55,-25.200000000000003,15.0,38,-4.641,-0.46,0,
B-A-low-6,1.74948,1789994595.5393,const,11.7275,3.6226,0.374,0.2,2.6,-1,-5.178,-0.6629,11.679,1864,-8.55,26.8,15.0,37,2204,8.55,-25.200000000000003,15.0,38,-4.679,-0.499,0,
B-A-low-6,1.75149,1789994595.5413,const,11.7275,3.6226,0.374,0.2,2.6,-1,-5.216,-0.3342,11.679,1863,-9.06,25.900000000000002,15.0,37,2205,8.05,-26.0,15.0,38,-4.717,-0.499,0,
B-A-low-6,1.75347,1789994595.5433,const,11.7275,3.6226,0.374,0.2,2.6,-1,-5.254,-0.3368,11.678,1862,-8.55,26.8,15.0,37,2207,8.55,-24.400000000000002,15.0,38,-4.794,-0.46,0,
B-A-low-6,1.75546,1789994595.5453,const,11.7275,3.6226,0.374,0.2,2.6,-1,-5.331,-0.6745,11.677,1860,-9.06,25.1,15.0,37,2208,8.55,-24.400000000000002,15.0,38,-4.832,-0.499,0,
B-A-low-6,1.75747,1789994595.5473,const,11.7275,3.6226,0.374,0.2,2.6,-1,-5.369,-0.3327,11.676,1859,-9.06,25.1,15.0,37,2209,8.55,-24.400000000000002,15.0,38,-4.871,-0.499,0,
B-A-low-6,1.75946,1789994595.5493,const,11.7275,3.6226,0.374,0.2,2.6,-1,-5.369,0.0,11.676,1859,-8.55,26.8,15.0,37,2210,8.55,-24.400000000000002,15.0,38,-4.909,-0.46,0,
B-A-low-6,1.76147,1789994595.5513,const,11.7275,3.6226,0.374,0.2,2.6,-1,-5.446,-0.667,11.674,1857,-8.55,26.8,15.0,37,2212,9.06,-23.5,15.0,38,-4.986,-0.46,0,
B-A-low-6,1.76347,1789994595.5533,const,11.7275,3.6226,0.374,0.2,2.6,-1,-5.484,-0.3346,11.674,1856,-8.55,26.8,15.0,37,2213,9.06,-23.5,15.0,38,-5.024,-0.46,0,
B-A-low-6,1.76546,1789994595.5553,const,11.7275,3.6226,0.374,0.2,2.6,-1,-5.523,-0.3359,11.673,1855,-8.55,26.8,15.0,37,2214,8.55,-24.400000000000002,15.0,38,-5.062,-0.46,0,
B-A-low-6,1.76747,1789994595.5573,const,11.7275,3.6226,0.374,0.2,2.6,-1,-5.599,-0.6646,11.671,1853,-9.06,25.1,15.0,37,2215,9.06,-23.5,15.0,38,-5.101,-0.499,0,
B-A-low-6,1.76947,1789994595.5593,const,11.7275,3.6226,0.374,0.2,2.6,-1,-5.638,-0.3353,11.671,1852,-9.06,25.1,15.0,37,2216,8.55,-24.400000000000002,15.0,38,-5.139,-0.499,0,
B-A-low-6,1.77145,1789994595.5613,const,11.7275,3.6226,0.374,0.2,2.6,-1,-5.638,0.0,11.671,1852,-8.55,26.8,15.0,37,2217,8.55,-24.400000000000002,15.0,38,-5.178,-0.46,0,
B-A-low-6,1.77346,1789994595.5633,const,11.7275,3.6226,0.374,0.2,2.6,-1,-5.714,-0.6662,11.669,1850,-8.55,26.0,14.9,37,2218,8.55,-24.400000000000002,15.0,38,-5.216,-0.499,0,
B-A-low-6,1.77546,1789994595.5653,const,11.7275,3.6226,0.374,0.2,2.6,-1,-5.753,-0.3353,11.668,1849,-9.06,25.1,14.9,37,2219,8.55,-24.400000000000002,13.6,38,-5.254,-0.499,0,
B-A-low-6,1.77746,1789994595.5673,const,11.7275,3.6226,0.374,0.2,2.6,-1,-5.791,-0.3339,11.667,1848,-8.55,26.0,14.9,37,2220,8.55,-24.400000000000002,13.6,38,-5.293,-0.499,0,
B-A-low-6,1.77947,1789994595.5693,const,11.7275,3.6226,0.374,0.2,2.6,-1,-5.868,-0.6655,11.666,1846,-9.06,24.3,14.9,37,2222,8.55,-24.400000000000002,13.6,38,-5.369,-0.499,0,
B-A-low-6,1.78146,1789994595.5713,const,11.7275,3.6226,0.374,0.2,2.6,-1,-5.868,0.0,11.666,1846,-8.05,27.6,14.9,37,2222,8.05,-26.0,13.6,38,-5.369,-0.499,0,
B-A-low-6,1.78346,1789994595.5733,const,11.7275,3.6226,0.374,0.2,2.6,-1,-5.906,-0.3348,11.665,1845,-8.05,27.6,14.9,37,2223,8.05,-26.0,13.6,38,-5.408,-0.499,0,
B-A-low-6,1.78547,1789994595.5753,const,11.7275,3.6226,0.374,0.2,2.6,-1,-5.983,-0.664,11.663,1843,-8.55,26.0,14.9,37,2224,8.05,-26.0,13.6,38,-5.446,-0.537,0,
B-A-low-6,1.78746,1789994595.5773,const,11.7275,3.6226,0.374,0.2,2.6,-1,-5.983,0.0,11.663,1843,-8.05,27.6,14.9,37,2225,7.55,-26.900000000000002,13.6,38,-5.484,-0.499,0,
B-A-low-6,1.78946,1789994595.5793,const,11.7275,3.6226,0.374,0.2,2.6,-1,-6.021,-0.3335,11.663,1842,-8.05,27.6,14.9,37,2226,7.55,-26.900000000000002,13.6,38,-5.523,-0.499,0,
B-A-low-6,1.79146,1789994595.5813,const,11.7275,3.6226,0.374,0.2,2.6,-1,-6.098,-0.6692,11.661,1840,-8.05,27.6,14.9,37,2228,8.05,-25.200000000000003,13.6,38,-5.599,-0.499,0,
B-A-low-6,1.79346,1789994595.5833,const,11.7275,3.6226,0.374,0.2,2.6,-1,-6.136,-0.3354,11.66,1839,-8.05,27.6,14.9,37,2228,7.55,-26.900000000000002,13.6,38,-5.599,-0.537,0,
B-A-low-6,1.79546,1789994595.5853,const,11.7275,3.6226,0.374,0.2,2.6,-1,-6.136,0.0,11.66,1839,-7.55,29.3,14.9,37,2229,7.55,-26.900000000000002,13.6,38,-5.638,-0.499,0,
B-A-low-6,1.79748,1789994595.5873,const,11.7275,3.6226,0.374,0.2,2.6,-1,-6.175,-0.332,11.659,1838,-7.55,29.3,14.9,37,2230,7.55,-26.900000000000002,13.6,38,-5.676,-0.499,0,
B-A-low-6,1.79945,1789994595.5893,const,11.7275,3.6226,0.374,0.2,2.6,-1,-6.251,-0.6777,11.658,1836,-8.05,27.6,14.9,37,2231,7.55,-26.900000000000002,13.6,38,-5.714,-0.537,0,
B-A-low-6,1.80146,1789994595.5913,const,11.7275,3.6226,0.374,0.2,2.6,-1,-6.29,-0.3334,11.657,1835,-7.55,28.5,14.9,37,2232,7.55,-27.700000000000003,13.6,38,-5.753,-0.537,0,
B-A-low-6,1.80346,1789994595.5933,const,11.7275,3.6226,0.374,0.2,2.6,-1,-6.328,-0.3342,11.656,1834,-7.55,28.5,14.9,37,2233,7.55,-27.700000000000003,13.6,38,-5.791,-0.537,0,
B-A-low-6,1.80549,1789994595.5954,const,11.7275,3.6226,0.374,0.2,2.6,-1,-6.366,-0.3299,11.655,1833,-7.55,28.5,14.9,37,2234,7.55,-27.700000000000003,13.6,38,-5.83,-0.537,0,
B-A-low-6,1.80749,1789994595.5974,const,11.7275,3.6226,0.374,0.2,2.6,-1,-6.405,-0.3351,11.654,1832,-7.55,28.5,14.9,37,2235,7.55,-27.700000000000003,13.6,38,-5.868,-0.537,0,
B-A-low-6,1.80948,1789994595.5993,const,11.7275,3.6226,0.374,0.2,2.6,-1,-6.443,-0.3359,11.653,1831,-7.55,28.5,14.9,37,2235,6.54,-30.3,13.6,38,-5.868,-0.575,0,
B-A-low-6,1.81147,1789994595.6013,const,11.7275,3.6226,0.374,0.2,2.6,-1,-6.482,-0.3375,11.652,1830,-8.05,27.6,14.9,37,2236,7.04,-29.400000000000002,13.6,38,-5.906,-0.575,0,
B-A-low-6,1.81347,1789994595.6033,const,11.7275,3.6226,0.374,0.2,2.6,-1,-6.52,-0.3342,11.651,1829,-8.05,28.400000000000002,14.9,37,2237,7.04,-29.400000000000002,13.6,38,-5.945,-0.575,0,
B-A-low-6,1.81546,1789994595.6053,const,11.7275,3.6226,0.374,0.2,2.6,-1,-6.558,-0.3367,11.651,1828,-7.55,29.3,14.9,37,2238,6.54,-30.3,13.6,38,-5.983,-0.575,0,
B-A-low-6,1.81747,1789994595.6073,const,11.7275,3.6226,0.374,0.2,2.6,-1,-6.597,-0.3323,11.65,1827,-7.55,29.3,14.9,37,2239,7.04,-29.400000000000002,13.6,38,-6.021,-0.575,0,
B-A-low-6,1.81948,1789994595.6093,const,11.7275,3.6226,0.374,0.2,2.6,-1,-6.635,-0.3327,11.649,1826,-7.55,29.3,14.9,37,2240,6.54,-31.1,13.6,38,-6.06,-0.575,0,
B-A-low-6,1.82148,1789994595.6113,const,11.7275,3.6226,0.374,0.2,2.6,-1,-6.673,-0.3352,11.648,1825,-7.55,29.3,14.9,37,2241,6.54,-31.1,13.6,38,-6.098,-0.575,0,
B-A-low-6,1.82344,1789994595.6133,const,11.7275,3.6226,0.374,0.2,2.6,-1,-6.712,-0.341,11.647,1824,-7.55,29.3,14.9,37,2243,7.04,-29.400000000000002,13.6,38,-6.175,-0.537,0,
B-A-low-6,1.82547,1789994595.6153,const,11.7275,3.6226,0.374,0.2,2.6,-1,-6.75,-0.3294,11.646,1823,-8.05,29.200000000000003,14.9,37,2243,6.54,-31.1,13.6,38,-6.175,-0.575,0,
B-A-low-6,1.82745,1789994595.6173,const,11.7275,3.6226,0.374,0.2,2.6,-1,-6.788,-0.3397,11.645,1822,-7.55,30.1,14.9,37,2244,7.04,-30.200000000000003,13.6,38,-6.213,-0.575,0,
B-A-low-6,1.82944,1789994595.6193,const,11.7275,3.6226,0.374,0.2,2.6,-1,-6.827,-0.335,11.644,1821,-7.55,30.1,14.9,37,2246,7.04,-29.400000000000002,13.6,38,-6.29,-0.537,0,
B-A-low-6,1.83145,1789994595.6213,const,11.7275,3.6226,0.374,0.2,2.6,-1,-6.903,-0.6685,11.642,1819,-7.55,29.3,14.9,37,2247,7.55,-28.5,13.6,38,-6.328,-0.575,0,
B-A-low-6,1.83348,1789994595.6233,const,11.7275,3.6226,0.374,0.2,2.6,-1,-6.942,-0.3293,11.641,1818,-7.55,29.3,14.9,37,2248,7.55,-28.5,13.6,38,-6.366,-0.575,0,
B-A-low-6,1.83544,1789994595.6253,const,11.7275,3.6226,0.374,0.2,2.6,-1,-6.98,-0.3407,11.64,1817,-8.05,28.400000000000002,14.9,37,2250,8.05,-26.8,13.6,38,-6.443,-0.537,0,
B-A-low-6,1.83746,1789994595.6273,const,11.7275,3.6226,0.374,0.2,2.6,-1,-7.018,-0.3327,11.639,1816,-8.05,28.400000000000002,14.9,37,2250,7.55,-28.5,13.6,38,-6.443,-0.575,0,
B-A-low-6,1.83945,1789994595.6293,const,11.7275,3.6226,0.374,0.2,2.6,-1,-7.057,-0.3364,11.638,1815,-8.05,28.400000000000002,14.9,37,2251,7.55,-28.5,13.6,38,-6.482,-0.575,0,
B-A-low-6,1.84144,1789994595.6313,const,11.7275,3.6226,0.374,0.2,2.6,-1,-7.134,-0.6701,11.636,1813,-8.05,28.400000000000002,14.9,37,2252,8.05,-27.6,13.6,38,-6.52,-0.614,0,
B-A-low-6,1.84346,1789994595.6333,const,11.7275,3.6226,0.374,0.2,2.6,-1,-7.172,-0.3328,11.636,1812,-8.55,27.6,14.9,37,2254,8.05,-27.6,13.6,38,-6.597,-0.575,0,
B-A-low-6,1.84545,1789994595.6353,const,11.7275,3.6226,0.374,0.2,2.6,-1,-7.21,-0.3352,11.635,1811,-8.55,27.6,14.9,37,2255,8.55,-26.8,13.6,38,-6.635,-0.575,0,
B-A-low-6,1.84743,1789994595.6373,const,11.7275,3.6226,0.374,0.2,2.6,-1,-7.249,-0.3385,11.634,1810,-8.55,27.6,14.9,37,2256,8.55,-26.8,13.6,38,-6.673,-0.575,0,
B-A-low-6,1.84944,1789994595.6393,const,11.7275,3.6226,0.374,0.2,2.6,-1,-7.287,-0.3327,11.633,1809,-8.05,28.400000000000002,14.9,37,2257,8.55,-26.8,13.6,38,-6.712,-0.575,0,
B-A-low-6,1.85144,1789994595.6413,const,11.7275,3.6226,0.374,0.2,2.6,-1,-7.325,-0.3345,11.632,1808,-8.55,27.6,14.9,37,2258,8.05,-27.6,13.6,38,-6.75,-0.575,0,
B-A-low-6,1.85343,1789994595.6433,const,11.7275,3.6226,0.374,0.2,2.6,-1,-7.364,-0.3361,11.631,1807,-9.06,25.900000000000002,14.9,37,2259,8.05,-27.6,13.6,38,-6.788,-0.575,0,
B-A-low-6,1.85544,1789994595.6453,const,11.7275,3.6226,0.374,0.2,2.6,-1,-7.402,-0.334,11.63,1806,-8.05,28.400000000000002,14.9,37,2260,8.05,-28.400000000000002,13.6,38,-6.827,-0.575,0,
B-A-low-6,1.85744,1789994595.6473,const,11.7275,3.6226,0.374,0.2,2.6,-1,-7.479,-0.6685,11.628,1804,-9.06,25.900000000000002,14.9,37,2261,8.05,-28.400000000000002,13.6,38,-6.865,-0.614,0,
B-A-low-6,1.85944,1789994595.6493,const,11.7275,3.6226,0.374,0.2,2.6,-1,-7.479,0.0,11.628,1804,-8.05,28.400000000000002,14.9,37,2263,8.55,-26.8,13.6,38,-6.942,-0.537,0,
B-A-low-6,1.86144,1789994595.6513,const,11.7275,3.6226,0.374,0.2,2.6,-1,-7.517,-0.3345,11.626,1803,-8.05,28.400000000000002,14.9,37,2264,8.05,-27.6,13.6,38,-6.98,-0.537,0,
B-A-low-6,1.86344,1789994595.6533,const,11.7275,3.6226,0.374,0.2,2.6,-1,-7.555,-0.336,11.625,1802,-8.05,29.200000000000003,14.9,37,2265,8.05,-27.6,13.6,38,-7.018,-0.537,0,
B-A-low-6,1.86543,1789994595.6553,const,11.7275,3.6226,0.374,0.2,2.6,-1,-7.632,-0.6714,11.623,1800,-8.55,27.6,14.9,37,2266,8.05,-27.6,13.6,38,-7.057,-0.575,0,
B-A-low-6,1.86744,1789994595.6573,const,11.7275,3.6226,0.374,0.2,2.6,-1,-7.67,-0.3335,11.622,1799,-8.55,27.6,14.9,37,2267,8.05,-27.6,13.6,38,-7.095,-0.575,0,
B-A-low-6,1.86944,1789994595.6593,const,11.7275,3.6226,0.374,0.2,2.6,-1,-7.709,-0.3348,11.621,1798,-8.05,28.400000000000002,14.9,37,2269,8.55,-26.8,13.6,38,-7.172,-0.537,0,
B-A-low-6,1.87144,1789994595.6613,const,11.7275,3.6226,0.374,0.2,2.6,-1,-7.747,-0.3337,11.62,1797,-8.05,28.400000000000002,14.9,37,2270,8.55,-26.8,13.6,38,-7.21,-0.537,0,
B-A-low-6,1.87345,1789994595.6633,const,11.7275,3.6226,0.374,0.2,2.6,-1,-7.786,-0.3332,11.619,1796,-8.05,29.200000000000003,14.9,37,2272,9.06,-25.1,13.6,38,-7.287,-0.499,0,
B-A-low-6,1.87545,1789994595.6653,const,11.7275,3.6226,0.374,0.2,2.6,-1,-7.824,-0.3359,11.618,1795,-8.05,29.200000000000003,14.9,37,2272,8.55,-26.8,13.6,38,-7.287,-0.537,0,
B-A-low-6,1.87744,1789994595.6673,const,11.7275,3.6226,0.374,0.2,2.6,-1,-7.862,-0.3356,11.617,1794,-8.05,29.200000000000003,14.9,37,2273,8.55,-26.8,13.6,38,-7.325,-0.537,0,
B-A-low-6,1.87944,1789994595.6693,const,11.7275,3.6226,0.374,0.2,2.6,-1,-7.939,-0.6695,11.615,1792,-8.55,27.6,14.9,37,2274,8.55,-26.0,13.6,38,-7.364,-0.575,0,
B-A-low-6,1.88144,1789994595.6713,const,11.7275,3.6226,0.374,0.2,2.6,-1,-7.939,0.0,11.615,1792,-8.05,28.400000000000002,14.9,37,2276,9.06,-25.1,13.6,38,-7.44,-0.499,0,
B-A-low-6,1.88344,1789994595.6733,const,11.7275,3.6226,0.374,0.2,2.6,-1,-7.977,-0.3348,11.614,1791,-8.55,27.6,14.9,37,2277,8.55,-26.0,13.6,38,-7.479,-0.499,0,
B-A-low-6,1.88545,1789994595.6753,const,11.7275,3.6226,0.374,0.2,2.6,-1,-8.016,-0.3342,11.613,1790,-8.05,28.400000000000002,14.9,37,2278,9.06,-25.1,13.6,38,-7.517,-0.499,0,
B-A-low-6,1.88744,1789994595.6773,const,11.7275,3.6226,0.374,0.2,2.6,-1,-8.054,-0.3363,11.612,1789,-8.05,28.400000000000002,14.9,37,2279,8.55,-26.0,13.6,38,-7.555,-0.499,0,
B-A-low-6,1.88944,1789994595.6793,const,11.7275,3.6226,0.374,0.2,2.6,-1,-8.092,-0.3348,11.61,1788,-8.05,28.400000000000002,15.0,37,2280,8.55,-26.0,13.6,38,-7.594,-0.499,0,
B-A-low-6,1.89144,1789994595.6813,const,11.7275,3.6226,0.374,0.2,2.6,-1,-8.131,-0.3346,11.609,1787,-8.05,29.200000000000003,15.0,37,2280,8.05,-27.6,14.3,38,-7.594,-0.537,0,
B-A-low-6,1.89344,1789994595.6833,const,11.7275,3.6226,0.374,0.2,2.6,-1,-8.169,-0.3347,11.608,1786,-8.05,29.200000000000003,15.0,37,2282,8.05,-27.6,14.3,38,-7.67,-0.499,0,
B-A-low-6,1.89544,1789994595.6853,const,11.7275,3.6226,0.374,0.2,2.6,-1,-8.207,-0.3349,11.607,1785,-8.05,29.200000000000003,15.0,37,2283,8.05,-27.6,14.3,38,-7.709,-0.499,0,
B-A-low-6,1.89744,1789994595.6873,const,11.7275,3.6226,0.374,0.2,2.6,-1,-8.246,-0.334,11.606,1784,-8.05,29.200000000000003,15.0,37,2283,7.55,-29.3,14.3,38,-7.709,-0.537,0,
B-A-low-6,1.89944,1789994595.6893,const,11.7275,3.6226,0.374,0.2,2.6,-1,-8.284,-0.3353,11.605,1783,-7.55,30.1,15.0,37,2285,8.05,-27.6,14.3,38,-7.786,-0.499,0,
B-A-low-6,1.90146,1789994595.6913,const,11.7275,3.6226,0.374,0.2,2.6,-1,-8.322,-0.3308,11.604,1782,-7.55,30.1,15.0,37,2286,7.55,-28.5,14.3,38,-7.824,-0.499,0,
B-A-low-6,1.90341,1789994595.6933,const,11.7275,3.6226,0.374,0.2,2.6,-1,-8.361,-0.3438,11.603,1781,-8.05,29.200000000000003,15.0,37,2286,7.04,-30.200000000000003,14.3,38,-7.824,-0.537,0,
B-A-low-6,1.90544,1789994595.6953,const,11.7275,3.6226,0.374,0.2,2.6,-1,-8.438,-0.6574,11.6,1779,-8.05,29.200000000000003,15.0,37,2288,7.55,-28.5,14.3,38,-7.901,-0.537,0,
B-A-low-6,1.90744,1789994595.6973,const,11.7275,3.6226,0.374,0.2,2.6,-1,-8.476,-0.3355,11.599,1778,-8.05,29.200000000000003,15.0,37,2288,7.04,-30.200000000000003,14.3,38,-7.901,-0.575,0,
B-A-low-6,1.90944,1789994595.6993,const,11.7275,3.6226,0.374,0.2,2.6,-1,-8.514,-0.3352,11.598,1777,-8.05,29.200000000000003,15.0,37,2289,7.04,-30.200000000000003,14.3,38,-7.939,-0.575,0,
B-A-low-6,1.91144,1789994595.7013,const,11.7275,3.6226,0.374,0.2,2.6,-1,-8.553,-0.3342,11.597,1776,-8.05,29.200000000000003,15.0,37,2291,7.04,-30.200000000000003,14.3,38,-8.016,-0.537,0,
B-A-low-6,1.91344,1789994595.7033,const,11.7275,3.6226,0.374,0.2,2.6,-1,-8.591,-0.335,11.596,1775,-7.55,30.1,15.0,37,2292,7.55,-29.3,14.3,38,-8.054,-0.537,0,
B-A-low-6,1.91544,1789994595.7053,const,11.7275,3.6226,0.374,0.2,2.6,-1,-8.629,-0.3347,11.595,1774,-8.05,29.200000000000003,15.0,37,2293,7.55,-29.3,14.3,38,-8.092,-0.537,0,
B-A-low-6,1.91744,1789994595.7073,const,11.7275,3.6226,0.374,0.2,2.6,-1,-8.668,-0.3338,11.593,1773,-8.05,29.200000000000003,15.0,37,2294,7.55,-29.3,14.3,38,-8.131,-0.537,0,
B-A-low-6,1.91945,1789994595.7093,const,11.7275,3.6226,0.374,0.2,2.6,-1,-8.706,-0.3329,11.592,1772,-8.05,29.200000000000003,15.0,37,2296,8.05,-27.6,14.3,38,-8.207,-0.499,0,
B-A-low-6,1.92145,1789994595.7113,const,11.7275,3.6226,0.374,0.2,2.6,-1,-8.744,-0.3346,11.591,1771,-8.05,29.200000000000003,15.0,37,2296,7.55,-29.3,14.3,38,-8.207,-0.537,0,
B-A-low-6,1.92344,1789994595.7133,const,11.7275,3.6226,0.374,0.2,2.6,-1,-8.821,-0.6725,11.589,1769,-8.05,29.200000000000003,15.0,37,2298,8.05,-27.6,14.3,38,-8.284,-0.537,0,
B-A-low-6,1.92544,1789994595.7153,const,11.7275,3.6226,0.374,0.2,2.6,-1,-8.859,-0.3358,11.587,1768,-8.05,29.200000000000003,15.0,37,2299,7.55,-28.5,14.3,38,-8.322,-0.537,0,
B-A-low-6,1.92743,1789994595.7173,const,11.7275,3.6226,0.374,0.2,2.6,-1,-8.898,-0.3352,11.586,1767,-8.05,29.200000000000003,15.0,37,2300,8.05,-27.6,14.3,38,-8.361,-0.537,0,
B-A-low-6,1.92943,1789994595.7193,const,11.7275,3.6226,0.374,0.2,2.6,-1,-8.936,-0.3361,11.585,1766,-8.55,28.400000000000002,15.0,37,2300,7.55,-29.3,14.3,38,-8.361,-0.575,0,
B-A-low-6,1.93142,1789994595.7213,const,11.7275,3.6226,0.374,0.2,2.6,-1,-8.974,-0.3354,11.584,1765,-8.05,29.200000000000003,15.0,37,2302,8.05,-27.6,14.3,38,-8.438,-0.537,0,
B-A-low-6,1.93344,1789994595.7233,const,11.7275,3.6226,0.374,0.2,2.6,-1,-9.051,-0.6649,11.581,1763,-8.55,27.6,15.0,37,2304,8.55,-26.8,14.3,38,-8.514,-0.537,0,
B-A-low-6,1.93544,1789994595.7253,const,11.7275,3.6226,0.374,0.2,2.6,-1,-9.089,-0.3341,11.58,1762,-8.55,27.6,15.0,37,2305,8.55,-26.8,14.3,38,-8.553,-0.537,0,
B-A-low-6,1.93746,1789994595.7273,const,11.7275,3.6226,0.374,0.2,2.6,-1,-9.128,-0.331,11.579,1761,-8.55,27.6,15.0,37,2306,8.55,-26.8,14.3,38,-8.591,-0.537,0,
B-A-low-6,1.93944,1789994595.7293,const,11.7275,3.6226,0.374,0.2,2.6,-1,-9.166,-0.3388,11.578,1760,-8.55,27.6,15.0,37,2307,8.55,-26.8,14.3,38,-8.629,-0.537,0,
B-A-low-6,1.94145,1789994595.7313,const,11.7275,3.6226,0.374,0.2,2.6,-1,-9.205,-0.3332,11.576,1759,-8.55,27.6,15.0,37,2309,9.06,-25.1,14.3,38,-8.706,-0.499,0,
B-A-low-6,1.94345,1789994595.7333,const,11.7275,3.6226,0.374,0.2,2.6,-1,-9.281,-0.6685,11.574,1757,-9.06,26.700000000000003,15.0,37,2310,8.55,-26.0,14.3,38,-8.744,-0.537,0,
B-A-low-6,1.94545,1789994595.7353,const,11.7275,3.6226,0.374,0.2,2.6,-1,-9.32,-0.335,11.572,1756,-8.55,27.6,15.0,37,2311,8.55,-26.0,14.3,38,-8.783,-0.537,0,
B-A-low-6,1.94746,1789994595.7373,const,11.7275,3.6226,0.374,0.2,2.6,-1,-9.358,-0.3334,11.571,1755,-8.55,27.6,15.0,37,2312,8.55,-26.0,14.3,38,-8.821,-0.537,0,
B-A-low-6,1.94946,1789994595.7393,const,11.7275,3.6226,0.374,0.2,2.6,-1,-9.396,-0.3342,11.57,1754,-8.55,27.6,15.0,37,2314,9.06,-24.3,14.3,38,-8.898,-0.499,0,
B-A-low-6,1.95144,1789994595.7413,const,11.7275,3.6226,0.374,0.2,2.6,-1,-9.473,-0.6756,11.567,1752,-9.06,25.900000000000002,15.0,37,2315,9.06,-25.1,14.3,38,-8.936,-0.537,0,
B-A-low-6,1.95342,1789994595.7433,const,11.7275,3.6226,0.374,0.2,2.6,-1,-9.511,-0.3374,11.566,1751,-9.06,25.900000000000002,15.0,37,2315,8.55,-26.8,14.3,38,-8.936,-0.575,0,
B-A-low-6,1.95544,1789994595.7453,const,11.7275,3.6226,0.374,0.2,2.6,-1,-9.588,-0.6652,11.563,1749,-9.56,25.0,15.0,37,2317,9.06,-25.1,14.3,38,-9.013,-0.575,0,
B-A-low-6,1.95744,1789994595.7473,const,11.7275,3.6226,0.374,0.2,2.6,-1,-9.626,-0.3347,11.562,1748,-9.56,25.0,15.0,37,2318,9.06,-25.1,14.3,38,-9.051,-0.575,0,
B-A-low-6,1.95944,1789994595.7493,const,11.7275,3.6226,0.374,0.2,2.6,-1,-9.626,0.0,11.562,1748,-9.06,26.700000000000003,15.0,37,2319,9.06,-25.1,14.3,38,-9.089,-0.537,0,
B-A-low-6,1.96143,1789994595.7513,const,11.7275,3.6226,0.374,0.2,2.6,-1,-9.703,-0.6716,11.559,1746,-9.56,25.0,15.0,37,2320,8.55,-26.0,14.3,38,-9.128,-0.575,0,
B-A-low-6,1.96345,1789994595.7533,const,11.7275,3.6226,0.374,0.2,2.6,-1,-9.741,-0.3322,11.558,1745,-9.06,25.900000000000002,15.0,37,2321,8.55,-26.0,14.3,38,-9.166,-0.575,0,
B-A-low-6,1.96543,1789994595.7553,const,11.7275,3.6226,0.374,0.2,2.6,-1,-9.818,-0.6744,11.556,1743,-9.56,24.200000000000003,15.0,37,2322,8.05,-26.8,14.3,38,-9.205,-0.614,0,
B-A-low-6,1.96747,1789994595.7573,const,11.7275,3.6226,0.374,0.2,2.6,-1,-9.857,-0.3297,11.554,1742,-9.56,24.200000000000003,15.0,37,2323,8.05,-26.8,14.3,38,-9.243,-0.614,0,
B-A-low-6,1.96944,1789994595.7593,const,11.7275,3.6226,0.374,0.2,2.6,-1,-9.895,-0.3397,11.553,1741,-9.06,25.1,15.0,37,2325,8.05,-26.8,14.3,38,-9.32,-0.575,0,
B-A-low-6,1.97144,1789994595.7613,const,11.7275,3.6226,0.374,0.2,2.6,-1,-9.933,-0.3344,11.551,1740,-9.06,25.1,15.0,37,2325,8.55,-26.0,14.3,38,-9.32,-0.614,0,
B-A-low-6,1.97344,1789994595.7633,const,11.7275,3.6226,0.374,0.2,2.6,-1,-9.972,-0.335,11.55,1739,-8.55,26.8,15.0,37,2327,8.55,-25.200000000000003,14.3,38,-9.396,-0.575,0,
B-A-low-6,1.97546,1789994595.7653,const,11.7275,3.6226,0.374,0.2,2.6,-1,-10.01,-0.3306,11.549,1738,-8.55,26.8,15.0,37,2328,8.05,-26.8,14.3,38,-9.435,-0.575,0,
B-A-low-6,1.97743,1789994595.7673,const,11.7275,3.6226,0.374,0.2,2.6,-1,-10.048,-0.339,11.547,1737,-8.55,26.8,15.0,37,2329,8.05,-26.8,14.3,38,-9.473,-0.575,0,
B-A-low-6,1.97943,1789994595.7693,const,11.7275,3.6226,0.374,0.2,2.6,-1,-10.125,-0.6693,11.545,1735,-9.06,25.1,15.0,37,2330,8.05,-26.8,14.3,38,-9.511,-0.614,0,
B-A-low-6,1.98143,1789994595.7713,const,11.7275,3.6226,0.374,0.2,2.6,-1,-10.163,-0.3347,11.543,1734,-8.55,26.8,15.0,37,2331,8.05,-26.8,14.3,38,-9.55,-0.614,0,
B-A-low-6,1.98343,1789994595.7733,const,11.7275,3.6226,0.374,0.2,2.6,-1,-10.202,-0.3362,11.542,1733,-8.55,26.8,15.0,37,2333,8.55,-26.0,14.3,38,-9.626,-0.575,0,
B-A-low-6,1.98545,1789994595.7753,const,11.7275,3.6226,0.374,0.2,2.6,-1,-10.24,-0.3304,11.54,1732,-8.55,26.8,15.0,37,2334,8.55,-26.0,14.3,38,-9.665,-0.575,0,
B-A-low-6,1.98743,1789994595.7773,const,11.7275,3.6226,0.374,0.2,2.6,-1,-10.278,-0.3377,11.539,1731,-8.55,26.8,15.0,37,2335,8.55,-26.0,14.3,38,-9.703,-0.575,0,
B-A-low-6,1.98947,1789994595.7793,const,11.7275,3.6226,0.374,0.2,2.6,-1,-10.317,-0.3294,11.538,1730,-8.55,26.8,15.0,37,2336,8.55,-26.0,14.3,38,-9.741,-0.575,0,
B-A-low-6,1.99146,1789994595.7813,const,11.7275,3.6226,0.374,0.2,2.6,-1,-10.355,-0.3354,11.536,1729,-8.55,26.8,15.0,37,2336,8.05,-27.6,14.3,38,-9.741,-0.614,0,
B-A-low-6,1.99344,1789994595.7833,const,11.7275,3.6226,0.374,0.2,2.6,-1,-10.393,-0.3377,11.535,1728,-8.55,26.8,15.0,37,2338,8.05,-26.8,14.3,38,-9.818,-0.575,0,
B-A-low-6,1.99544,1789994595.7853,const,11.7275,3.6226,0.374,0.2,2.6,-1,-10.393,0.0,11.535,1728,-8.05,27.6,15.0,37,2339,8.05,-26.8,14.3,38,-9.857,-0.537,0,
B-A-low-6,1.99744,1789994595.7873,const,11.7275,3.6226,0.374,0.2,2.6,-1,-10.432,-0.3344,11.533,1727,-8.05,27.6,15.0,37,2339,7.55,-28.5,14.3,38,-9.857,-0.575,0,
B-A-low-6,1.99943,1789994595.7893,const,11.7275,3.6226,0.374,0.2,2.6,-1,-10.509,-0.6713,11.531,1725,-8.55,26.0,15.0,37,2341,8.05,-26.8,14.3,38,-9.933,-0.575,0,
B-A-low-6,2.00145,1789994595.7913,const,11.7275,3.6226,0.374,0.2,2.6,-1,-10.509,0.0,11.531,1725,-8.05,27.6,15.0,37,2342,7.55,-28.5,14.3,38,-9.972,-0.537,0,
B-A-low-6,2.00345,1789994595.7933,const,11.7275,3.6226,0.374,0.2,2.6,-1,-10.585,-0.667,11.528,1723,-8.55,26.0,15.0,37,2343,7.55,-28.5,14.3,38,-10.01,-0.575,0,
B-A-low-6,2.00546,1789994595.7953,const,11.7275,3.6226,0.374,0.2,2.6,-1,-10.585,0.0,11.528,1723,-7.55,29.3,13.8,37,2343,7.04,-30.200000000000003,14.3,38,-10.01,-0.575,0,
B-A-low-6,2.00745,1789994595.7973,const,11.7275,3.6226,0.374,0.2,2.6,-1,-10.624,-0.3373,11.526,1722,-7.55,29.3,13.8,37,2344,7.04,-30.200000000000003,14.5,38,-10.048,-0.575,0,
B-A-low-6,2.00943,1789994595.7993,const,11.7275,3.6226,0.374,0.2,2.6,-1,-10.662,-0.337,11.525,1721,-7.55,29.3,13.8,37,2346,7.55,-28.5,14.5,38,-10.125,-0.537,0,
B-A-low-6,2.01144,1789994595.8013,const,11.7275,3.6226,0.374,0.2,2.6,-1,-10.7,-0.3334,11.523,1720,-7.55,29.3,13.8,37,2348,7.55,-27.700000000000003,14.5,38,-10.202,-0.499,0,
B-A-low-6,2.01344,1789994595.8033,const,11.7275,3.6226,0.374,0.2,2.6,-1,-10.777,-0.6709,11.52,1718,-8.05,27.6,13.8,37,2348,7.55,-28.5,14.5,38,-10.202,-0.575,0,
B-A-low-6,2.01544,1789994595.8053,const,11.7275,3.6226,0.374,0.2,2.6,-1,-10.815,-0.3336,11.519,1717,-8.05,27.6,13.8,37,2350,8.05,-26.8,14.5,38,-10.278,-0.537,0,
B-A-low-6,2.01744,1789994595.8073,const,11.7275,3.6226,0.374,0.2,2.6,-1,-10.892,-0.6717,11.516,1715,-8.55,26.0,13.8,37,2350,7.55,-28.5,14.5,38,-10.278,-0.614,0,
B-A-low-6,2.01944,1789994595.8093,const,11.7275,3.6226,0.374,0.2,2.6,-1,-10.892,0.0,11.516,1715,-7.55,29.3,13.8,37,2351,7.55,-28.5,14.5,38,-10.317,-0.575,0,
B-A-low-6,2.02144,1789994595.8113,const,11.7275,3.6226,0.374,0.2,2.6,-1,-10.93,-0.3353,11.515,1714,-8.05,28.400000000000002,13.8,37,2353,8.05,-26.8,14.5,38,-10.393,-0.537,0,
B-A-low-6,2.02344,1789994595.8133,const,11.7275,3.6226,0.374,0.2,2.6,-1,-11.007,-0.6697,11.512,1712,-8.05,27.6,13.8,37,2353,7.55,-28.5,14.5,38,-10.393,-0.614,0,
B-A-low-6,2.02544,1789994595.8153,const,11.7275,3.6226,0.374,0.2,2.6,-1,-11.045,-0.335,11.51,1711,-8.05,27.6,13.8,37,2355,7.55,-28.5,14.5,38,-10.47,-0.575,0,
B-A-low-6,2.02745,1789994595.8173,const,11.7275,3.6226,0.374,0.2,2.6,-1,-11.084,-0.3325,11.509,1710,-8.05,27.6,13.8,37,2356,8.05,-27.6,14.5,38,-10.509,-0.575,0,
B-A-low-6,2.02943,1789994595.8193,const,11.7275,3.6226,0.374,0.2,2.6,-1,-11.122,-0.3379,11.507,1709,-8.55,26.8,13.8,37,2357,8.05,-27.6,14.5,38,-10.547,-0.575,0,
B-A-low-6,2.03143,1789994595.8213,const,11.7275,3.6226,0.374,0.2,2.6,-1,-11.199,-0.6685,11.504,1707,-9.06,25.1,13.8,37,2358,8.05,-27.6,14.5,38,-10.585,-0.614,0,
B-A-low-6,2.03342,1789994595.8233,const,11.7275,3.6226,0.374,0.2,2.6,-1,-11.199,0.0,11.504,1707,-8.05,27.6,13.8,37,2360,8.55,-26.0,14.5,38,-10.662,-0.537,0,
B-A-low-6,2.03545,1789994595.8253,const,11.7275,3.6226,0.374,0.2,2.6,-1,-11.237,-0.3303,11.502,1706,-8.55,26.8,13.8,37,2361,8.55,-26.0,14.5,38,-10.7,-0.537,0,
B-A-low-6,2.03745,1789994595.8273,const,11.7275,3.6226,0.374,0.2,2.6,-1,-11.314,-0.6684,11.499,1704,-8.55,26.8,13.8,37,2363,9.06,-24.3,14.5,38,-10.777,-0.537,0,
B-A-low-6,2.03944,1789994595.8293,const,11.7275,3.6226,0.374,0.2,2.6,-1,-11.352,-0.3365,11.498,1703,-8.55,26.8,13.8,37,2363,8.55,-26.0,14.5,38,-10.777,-0.575,0,
B-A-low-6,2.04144,1789994595.8313,const,11.7275,3.6226,0.374,0.2,2.6,-1,-11.391,-0.3351,11.496,1702,-8.55,26.8,13.8,37,2364,8.05,-26.8,14.5,38,-10.815,-0.575,0,
B-A-low-6,2.04344,1789994595.8333,const,11.7275,3.6226,0.374,0.2,2.6,-1,-11.467,-0.6697,11.493,1700,-9.06,25.1,13.8,37,2366,8.05,-26.8,14.5,38,-10.892,-0.575,0,
B-A-low-6,2.04543,1789994595.8353,const,11.7275,3.6226,0.374,0.2,2.6,-1,-11.506,-0.336,11.492,1699,-8.55,26.0,13.8,37,2367,8.55,-26.0,14.5,38,-10.93,-0.575,0,
B-A-low-6,2.04745,1789994595.8373,const,11.7275,3.6226,0.374,0.2,2.6,-1,-11.544,-0.3318,11.49,1698,-8.55,26.0,13.8,37,2368,8.55,-26.0,14.5,38,-10.969,-0.575,0,
B-A-low-6,2.04943,1789994595.8393,const,11.7275,3.6226,0.374,0.2,2.6,-1,-11.582,-0.337,11.488,1697,-8.55,26.0,13.8,37,2370,9.06,-24.3,14.5,38,-11.045,-0.537,0,
B-A-low-6,2.05143,1789994595.8413,const,11.7275,3.6226,0.374,0.2,2.6,-1,-11.621,-0.3343,11.487,1696,-8.55,26.0,13.8,37,2371,9.06,-24.3,14.5,38,-11.084,-0.537,0,
B-A-low-6,2.05343,1789994595.8433,const,11.7275,3.6226,0.374,0.2,2.6,-1,-11.659,-0.3354,11.485,1695,-8.55,26.0,13.8,37,2372,8.55,-25.200000000000003,14.5,38,-11.122,-0.537,0,
B-A-low-6,2.05543,1789994595.8453,const,11.7275,3.6226,0.374,0.2,2.6,-1,-11.736,-0.6691,11.482,1693,-8.55,26.0,13.8,37,2374,9.06,-23.5,14.5,38,-11.199,-0.537,0,
B-A-low-6,2.05743,1789994595.8473,const,11.7275,3.6226,0.374,0.2,2.6,-1,-11.774,-0.3342,11.481,1692,-8.55,26.0,13.8,37,2375,9.06,-23.5,14.5,38,-11.237,-0.537,0,
B-A-low-6,2.05943,1789994595.8493,const,11.7275,3.6226,0.374,0.2,2.6,-1,-11.812,-0.3352,11.479,1691,-8.55,26.0,13.8,37,2376,9.06,-23.5,14.5,38,-11.276,-0.537,0,
B-A-low-6,2.06144,1789994595.8513,const,11.7275,3.6226,0.374,0.2,2.6,-1,-11.851,-0.333,11.477,1690,-8.55,26.0,13.8,37,2377,9.06,-23.5,14.5,38,-11.314,-0.537,0,
B-A-low-6,2.06344,1789994595.8533,const,11.7275,3.6226,0.374,0.2,2.6,-1,-11.889,-0.3345,11.476,1689,-8.55,26.8,13.8,37,2378,9.06,-23.5,14.5,38,-11.352,-0.537,0,
B-A-low-6,2.06543,1789994595.8553,const,11.7275,3.6226,0.374,0.2,2.6,-1,-11.928,-0.3367,11.474,1688,-8.55,26.8,13.8,37,2379,8.55,-25.200000000000003,14.5,38,-11.391,-0.537,0,
B-A-low-6,2.06743,1789994595.8573,const,11.7275,3.6226,0.374,0.2,2.6,-1,-12.004,-0.6687,11.471,1686,-9.06,25.1,13.8,37,2381,9.06,-23.5,14.5,38,-11.467,-0.537,0,
B-A-low-6,2.06943,1789994595.8593,const,11.7275,3.6226,0.374,0.2,2.6,-1,-12.043,-0.3352,11.469,1685,-9.06,25.1,13.8,37,2381,8.55,-25.200000000000003,14.5,38,-11.467,-0.575,0,
B-A-low-6,2.07145,1789994595.8613,const,11.7275,3.6226,0.374,0.2,2.6,-1,-12.081,-0.3318,11.468,1684,-8.55,26.0,13.8,37,2382,8.55,-25.200000000000003,14.5,38,-11.506,-0.575,0,
B-A-low-6,2.07344,1789994595.8633,const,11.7275,3.6226,0.374,0.2,2.6,-1,-12.119,-0.3354,11.466,1683,-8.05,26.8,13.8,37,2383,8.55,-25.200000000000003,14.5,38,-11.544,-0.575,0,
B-A-low-6,2.07543,1789994595.8653,const,11.7275,3.6226,0.374,0.2,2.6,-1,-12.158,-0.3369,11.464,1682,-8.55,26.0,13.8,37,2385,8.55,-24.400000000000002,14.5,38,-11.621,-0.537,0,
B-A-low-6,2.07743,1789994595.8673,const,11.7275,3.6226,0.374,0.2,2.6,-1,-12.158,0.0,11.464,1682,-8.05,27.6,13.8,37,2386,8.55,-24.400000000000002,14.5,38,-11.659,-0.499,0,
B-A-low-6,2.07945,1789994595.8693,const,11.7275,3.6226,0.374,0.2,2.6,-1,-12.234,-0.6628,11.461,1680,-8.55,26.0,13.8,37,2387,8.55,-24.400000000000002,14.5,38,-11.697,-0.537,0,
B-A-low-6,2.08143,1789994595.8713,const,11.7275,3.6226,0.374,0.2,2.6,-1,-12.273,-0.3383,11.459,1679,-8.05,26.8,13.8,37,2388,8.55,-24.400000000000002,14.5,38,-11.736,-0.537,0,
B-A-low-6,2.08344,1789994595.8733,const,11.7275,3.6226,0.374,0.2,2.6,-1,-12.311,-0.3335,11.458,1678,-8.05,26.8,13.8,37,2389,8.05,-26.0,14.5,38,-11.774,-0.537,0,
B-A-low-6,2.08544,1789994595.8753,const,11.7275,3.6226,0.374,0.2,2.6,-1,-12.349,-0.3343,11.456,1677,-8.05,26.8,13.8,37,2391,8.55,-24.400000000000002,14.5,38,-11.851,-0.499,0,
B-A-low-6,2.08745,1789994595.8773,const,11.7275,3.6226,0.374,0.2,2.6,-1,-12.388,-0.333,11.454,1676,-8.05,27.6,13.8,37,2391,8.05,-26.0,14.5,38,-11.851,-0.537,0,
B-A-low-6,2.08943,1789994595.8793,const,11.7275,3.6226,0.374,0.2,2.6,-1,-12.426,-0.3373,11.453,1675,-8.05,27.6,13.8,37,2392,8.05,-26.0,14.5,38,-11.889,-0.537,0,
B-A-low-6,2.09143,1789994595.8813,const,11.7275,3.6226,0.374,0.2,2.6,-1,-12.464,-0.3348,11.451,1674,-7.55,28.5,13.8,37,2393,8.05,-26.0,14.5,38,-11.928,-0.537,0,
B-A-low-6,2.09343,1789994595.8833,const,11.7275,3.6226,0.374,0.2,2.6,-1,-12.503,-0.3351,11.449,1673,-8.05,27.6,13.8,37,2394,7.55,-27.700000000000003,14.5,38,-11.966,-0.537,0,
B-A-low-6,2.09543,1789994595.8853,const,11.7275,3.6226,0.374,0.2,2.6,-1,-12.58,-0.6687,11.446,1671,-8.05,26.8,13.8,37,2395,7.55,-27.700000000000003,14.5,38,-12.004,-0.575,0,
B-A-low-6,2.09743,1789994595.8873,const,11.7275,3.6226,0.374,0.2,2.6,-1,-12.618,-0.3344,11.444,1670,-8.05,27.6,13.8,37,2396,7.55,-27.700000000000003,14.5,38,-12.043,-0.575,0,
B-A-low-6,2.09943,1789994595.8893,const,11.7275,3.6226,0.374,0.2,2.6,-1,-12.656,-0.3353,11.442,1669,-8.05,27.6,13.8,37,2397,7.55,-27.700000000000003,14.5,38,-12.081,-0.575,0,
B-A-low-6,2.10144,1789994595.8913,const,11.7275,3.6226,0.374,0.2,2.6,-1,-12.695,-0.3332,11.441,1668,-8.05,27.6,13.8,37,2398,7.55,-27.700000000000003,14.5,38,-12.119,-0.575,0,
B-A-low-6,2.10345,1789994595.8933,const,11.7275,3.6226,0.374,0.2,2.6,-1,-12.733,-0.3331,11.439,1667,-8.05,27.6,13.8,37,2399,7.04,-28.6,14.5,38,-12.158,-0.575,0,
B-A-low-6,2.10543,1789994595.8953,const,11.7275,3.6226,0.374,0.2,2.6,-1,-12.771,-0.3372,11.437,1666,-8.05,27.6,13.8,37,2400,7.55,-27.700000000000003,14.5,38,-12.196,-0.575,0,
B-A-low-6,2.10745,1789994595.8973,const,11.7275,3.6226,0.374,0.2,2.6,-1,-12.81,-0.3326,11.435,1665,-8.05,27.6,13.8,37,2400,7.04,-29.400000000000002,14.5,38,-12.196,-0.614,0,
B-A-low-6,2.10943,1789994595.8993,const,11.7275,3.6226,0.374,0.2,2.6,-1,-12.848,-0.3371,11.434,1664,-7.55,28.5,13.8,37,2402,7.04,-28.6,14.5,38,-12.273,-0.575,0,
B-A-low-6,2.11143,1789994595.9013,const,11.7275,3.6226,0.374,0.2,2.6,-1,-12.886,-0.3342,11.432,1663,-8.05,27.6,13.8,37,2402,6.54,-30.3,14.5,38,-12.273,-0.614,0,
B-A-low-6,2.11344,1789994595.9033,const,11.7275,3.6226,0.374,0.2,2.6,-1,-12.925,-0.333,11.43,1662,-7.55,29.3,13.8,37,2404,7.55,-27.700000000000003,14.5,38,-12.349,-0.575,0,
B-A-low-6,2.1154,1789994595.9053,const,11.7275,3.6226,0.374,0.2,2.6,-1,-13.001,-0.6831,11.427,1660,-8.55,26.8,13.8,37,2406,7.55,-27.700000000000003,14.5,38,-12.426,-0.575,0,
B-A-low-6,2.11741,1789994595.9073,const,11.7275,3.6226,0.374,0.2,2.6,-1,-13.04,-0.3329,11.425,1659,-8.05,27.6,13.8,37,2406,7.04,-29.400000000000002,14.5,38,-12.426,-0.614,0,
B-A-low-6,2.11941,1789994595.9093,const,11.7275,3.6226,0.374,0.2,2.6,-1,-13.078,-0.3353,11.423,1658,-8.05,27.6,13.8,37,2408,8.05,-26.8,14.5,38,-12.503,-0.575,0,
B-A-low-6,2.12142,1789994595.9113,const,11.7275,3.6226,0.374,0.2,2.6,-1,-13.116,-0.3325,11.421,1657,-8.05,27.6,13.8,37,2409,8.05,-26.8,14.5,38,-12.541,-0.575,0,
B-A-low-6,2.12341,1789994595.9133,const,11.7275,3.6226,0.374,0.2,2.6,-1,-13.116,0.0,11.421,1657,-7.55,29.3,14.3,37,2410,8.05,-26.8,14.8,38,-12.58,-0.537,0,
B-A-low-6,2.12541,1789994595.9153,const,11.7275,3.6226,0.374,0.2,2.6,-1,-13.193,-0.6691,11.418,1655,-8.05,27.6,14.3,37,2412,8.55,-25.200000000000003,14.8,38,-12.656,-0.537,0,
B-A-low-6,2.12742,1789994595.9173,const,11.7275,3.6226,0.374,0.2,2.6,-1,-13.27,-0.6682,11.414,1653,-8.55,26.0,14.3,37,2413,8.55,-25.200000000000003,14.8,38,-12.695,-0.575,0,
B-A-low-6,2.12941,1789994595.9193,const,11.7275,3.6226,0.374,0.2,2.6,-1,-13.308,-0.3349,11.412,1652,-8.55,26.0,14.3,37,2414,8.55,-25.200000000000003,14.8,38,-12.733,-0.575,0,
B-A-low-6,2.13142,1789994595.9213,const,11.7275,3.6226,0.374,0.2,2.6,-1,-13.347,-0.3332,11.411,1651,-8.55,26.0,14.3,37,2415,8.55,-25.200000000000003,14.8,38,-12.771,-0.575,0,
B-A-low-6,2.13341,1789994595.9233,const,11.7275,3.6226,0.374,0.2,2.6,-1,-13.385,-0.3364,11.409,1650,-8.55,26.0,14.3,37,2416,8.55,-26.0,14.8,38,-12.81,-0.575,0,
B-A-low-6,2.13541,1789994595.9253,const,11.7275,3.6226,0.374,0.2,2.6,-1,-13.423,-0.3348,11.407,1649,-8.55,26.0,14.3,37,2417,8.55,-26.0,14.8,38,-12.848,-0.575,0,
B-A-low-6,2.13742,1789994595.9273,const,11.7275,3.6226,0.374,0.2,2.6,-1,-13.462,-0.3339,11.405,1648,-8.05,27.6,14.3,37,2419,9.06,-24.3,14.8,38,-12.925,-0.537,0,
B-A-low-6,2.13942,1789994595.9293,const,11.7275,3.6226,0.374,0.2,2.6,-1,-13.538,-0.6674,11.401,1646,-9.06,25.1,14.3,37,2419,8.55,-26.0,14.8,38,-12.925,-0.614,0,
B-A-low-6,2.14144,1789994595.9313,const,11.7275,3.6226,0.374,0.2,2.6,-1,-13.577,-0.3327,11.4,1645,-9.06,25.1,14.3,37,2421,9.06,-24.3,14.8,38,-13.001,-0.575,0,
B-A-low-6,2.14341,1789994595.9333,const,11.7275,3.6226,0.374,0.2,2.6,-1,-13.615,-0.339,11.398,1644,-9.06,25.1,14.3,37,2422,8.55,-25.200000000000003,14.8,38,-13.04,-0.575,0,
B-A-low-6,2.14541,1789994595.9353,const,11.7275,3.6226,0.374,0.2,2.6,-1,-13.653,-0.3345,11.396,1643,-8.55,26.8,14.3,37,2424,9.06,-23.5,14.8,38,-13.116,-0.537,0,
B-A-low-6,2.14741,1789994595.9373,const,11.7275,3.6226,0.374,0.2,2.6,-1,-13.692,-0.3348,11.394,1642,-8.55,26.8,14.3,37,2424,8.55,-25.200000000000003,14.8,38,-13.116,-0.575,0,
B-A-low-6,2.14942,1789994595.9393,const,11.7275,3.6226,0.374,0.2,2.6,-1,-13.73,-0.3338,11.392,1641,-8.55,26.8,14.3,37,2426,9.06,-23.5,14.8,38,-13.193,-0.537,0,
B-A-low-6,2.15141,1789994595.9413,const,11.7275,3.6226,0.374,0.2,2.6,-1,-13.768,-0.3364,11.39,1640,-8.55,26.8,14.3,37,2427,9.06,-23.5,14.8,38,-13.232,-0.537,0,
B-A-low-6,2.1534,1789994595.9433,const,11.7275,3.6226,0.374,0.2,2.6,-1,-13.807,-0.3358,11.388,1639,-8.55,26.8,14.3,37,2427,8.05,-26.0,14.8,38,-13.232,-0.575,0,
B-A-low-6,2.15542,1789994595.9453,const,11.7275,3.6226,0.374,0.2,2.6,-1,-13.884,-0.6636,11.385,1637,-8.55,26.0,14.3,37,2428,8.05,-26.0,14.8,38,-13.27,-0.614,0,
B-A-low-6,2.15741,1789994595.9473,const,11.7275,3.6226,0.374,0.2,2.6,-1,-13.922,-0.3359,11.383,1636,-8.55,26.0,14.3,37,2430,8.55,-25.200000000000003,14.8,38,-13.347,-0.575,0,
B-A-low-6,2.15941,1789994595.9493,const,11.7275,3.6226,0.374,0.2,2.6,-1,-13.96,-0.3339,11.381,1635,-8.55,26.0,14.3,37,2431,8.55,-25.200000000000003,14.8,38,-13.385,-0.575,0,
B-A-low-6,2.16143,1789994595.9513,const,11.7275,3.6226,0.374,0.2,2.6,-1,-13.999,-0.3322,11.379,1634,-8.55,26.0,14.3,37,2432,8.05,-26.0,14.8,38,-13.423,-0.575,0,
B-A-low-6,2.1634,1789994595.9533,const,11.7275,3.6226,0.374,0.2,2.6,-1,-14.037,-0.3391,11.377,1633,-8.05,27.6,14.3,37,2433,8.55,-25.200000000000003,14.8,38,-13.462,-0.575,0,
B-A-low-6,2.16542,1789994595.9553,const,11.7275,3.6226,0.374,0.2,2.6,-1,-14.075,-0.3319,11.375,1632,-8.05,27.6,14.3,37,2435,8.05,-25.200000000000003,14.8,38,-13.538,-0.537,0,
B-A-low-6,2.16743,1789994595.9573,const,11.7275,3.6226,0.374,0.2,2.6,-1,-14.114,-0.333,11.373,1631,-8.05,27.6,14.3,37,2436,8.55,-24.400000000000002,14.8,38,-13.577,-0.537,0,
B-A-low-6,2.16943,1789994595.9593,const,11.7275,3.6226,0.374,0.2,2.6,-1,-14.19,-0.6707,11.369,1629,-8.55,26.0,14.3,37,2437,8.55,-24.400000000000002,14.8,38,-13.615,-0.575,0,
B-A-low-6,2.17144,1789994595.9613,const,11.7275,3.6226,0.374,0.2,2.6,-1,-14.19,0.0,11.369,1629,-8.05,27.6,14.3,37,2438,8.55,-24.400000000000002,14.8,38,-13.653,-0.537,0,
B-A-low-6,2.17343,1789994595.9633,const,11.7275,3.6226,0.374,0.2,2.6,-1,-14.229,-0.3376,11.368,1628,-8.05,27.6,14.3,37,2439,8.55,-24.400000000000002,14.8,38,-13.692,-0.537,0,
B-A-low-6,2.1754,1789994595.9653,const,11.7275,3.6226,0.374,0.2,2.6,-1,-14.267,-0.3394,11.366,1627,-8.05,27.6,14.3,37,2440,8.05,-26.0,14.8,38,-13.73,-0.537,0,
B-A-low-6,2.1774,1789994595.9673,const,11.7275,3.6226,0.374,0.2,2.6,-1,-14.305,-0.3343,11.364,1626,-8.05,28.400000000000002,14.3,37,2441,8.05,-26.0,14.8,38,-13.768,-0.537,0,
B-A-low-6,2.17942,1789994595.9693,const,11.7275,3.6226,0.374,0.2,2.6,-1,-14.382,-0.6618,11.36,1624,-8.55,26.8,14.3,37,2441,7.55,-27.700000000000003,14.8,38,-13.768,-0.614,0,
B-A-low-6,2.18142,1789994595.9713,const,11.7275,3.6226,0.374,0.2,2.6,-1,-14.382,0.0,11.36,1624,-7.55,29.3,14.3,37,2442,7.55,-27.700000000000003,14.8,38,-13.807,-0.575,0,
B-A-low-6,2.18341,1789994595.9733,const,11.7275,3.6226,0.374,0.2,2.6,-1,-14.42,-0.3374,11.358,1623,-7.55,29.3,14.3,37,2444,8.05,-26.0,14.8,38,-13.884,-0.537,0,
B-A-low-6,2.18542,1789994595.9753,const,11.7275,3.6226,0.374,0.2,2.6,-1,-14.459,-0.3328,11.356,1622,-7.55,29.3,14.3,37,2445,7.55,-26.900000000000002,14.8,38,-13.922,-0.537,0,
B-A-low-6,2.18741,1789994595.9773,const,11.7275,3.6226,0.374,0.2,2.6,-1,-14.497,-0.3366,11.354,1621,-7.55,29.3,14.3,37,2446,8.05,-26.0,14.8,38,-13.96,-0.537,0,
B-A-low-6,2.18941,1789994595.9793,const,11.7275,3.6226,0.374,0.2,2.6,-1,-14.536,-0.3344,11.352,1620,-7.04,30.200000000000003,14.3,37,2447,7.55,-26.900000000000002,14.8,38,-13.999,-0.537,0,
B-A-low-6,2.19142,1789994595.9813,const,11.7275,3.6226,0.374,0.2,2.6,-1,-14.574,-0.3328,11.35,1619,-7.55,29.3,14.3,37,2448,7.55,-26.900000000000002,14.8,38,-14.037,-0.537,0,
B-A-low-6,2.19341,1789994595.9833,const,11.7275,3.6226,0.374,0.2,2.6,-1,-14.651,-0.6741,11.346,1617,-8.05,27.6,14.3,37,2449,7.04,-28.6,14.8,38,-14.075,-0.575,0,
B-A-low-6,2.19541,1789994595.9853,const,11.7275,3.6226,0.374,0.2,2.6,-1,-14.689,-0.3348,11.344,1616,-7.55,29.3,14.3,37,2449,7.04,-29.400000000000002,14.8,38,-14.075,-0.614,0,
B-A-low-6,2.19741,1789994595.9873,const,11.7275,3.6226,0.374,0.2,2.6,-1,-14.727,-0.3344,11.342,1615,-7.55,29.3,14.3,37,2450,7.04,-29.400000000000002,14.8,38,-14.114,-0.614,0,
B-A-low-6,2.19941,1789994595.9893,const,11.7275,3.6226,0.374,0.2,2.6,-1,-14.766,-0.3342,11.34,1614,-7.55,29.3,14.3,37,2451,7.04,-29.400000000000002,14.8,38,-14.152,-0.614,0,
B-A-low-6,2.20142,1789994595.9913,const,11.7275,3.6226,0.374,0.2,2.6,-1,-14.804,-0.3329,11.338,1613,-7.55,29.3,14.3,37,2453,7.55,-27.700000000000003,14.8,38,-14.229,-0.575,0,
B-A-low-6,2.20341,1789994595.9933,const,11.7275,3.6226,0.374,0.2,2.6,-1,-14.842,-0.3365,11.336,1612,-7.55,29.3,14.3,37,2453,7.04,-29.400000000000002,14.8,38,-14.229,-0.614,0,
B-A-low-6,2.20541,1789994595.9953,const,11.7275,3.6226,0.374,0.2,2.6,-1,-14.919,-0.6707,11.332,1610,-8.05,27.6,14.3,37,2454,7.04,-29.400000000000002,14.8,38,-14.267,-0.652,0,
B-A-low-6,2.20741,1789994595.9973,const,11.7275,3.6226,0.374,0.2,2.6,-1,-14.957,-0.3347,11.33,1609,-8.55,26.8,14.3,37,2456,7.55,-28.5,14.8,38,-14.344,-0.614,0,
B-A-low-6,2.20944,1789994595.9993,const,11.7275,3.6226,0.374,0.2,2.6,-1,-14.957,0.0,11.33,1609,-7.55,29.3,14.3,37,2456,7.04,-30.200000000000003,14.8,38,-14.344,-0.614,0,
B-A-low-6,2.21141,1789994596.0013,const,11.7275,3.6226,0.374,0.2,2.6,-1,-14.996,-0.3391,11.328,1608,-7.55,29.3,14.3,37,2457,7.04,-30.200000000000003,14.8,38,-14.382,-0.614,0,
B-A-low-6,2.21341,1789994596.0033,const,11.7275,3.6226,0.374,0.2,2.6,-1,-15.034,-0.3352,11.326,1607,-7.55,30.1,14.3,37,2458,7.04,-30.200000000000003,14.8,38,-14.42,-0.614,0,
B-A-low-6,2.21542,1789994596.0053,const,11.7275,3.6226,0.374,0.2,2.6,-1,-15.072,-0.3328,11.324,1606,-7.55,30.1,14.3,37,2459,7.04,-30.200000000000003,14.8,38,-14.459,-0.614,0,
B-A-low-6,2.21742,1789994596.0073,const,11.7275,3.6226,0.374,0.2,2.6,-1,-15.111,-0.3347,11.322,1605,-8.05,29.200000000000003,14.3,37,2461,7.55,-28.5,14.8,38,-14.536,-0.575,0,
B-A-low-6,2.21941,1789994596.0093,const,11.7275,3.6226,0.374,0.2,2.6,-1,-15.188,-0.6728,11.318,1603,-8.05,28.400000000000002,14.3,37,2462,7.55,-28.5,14.8,38,-14.574,-0.614,0,
B-A-low-6,2.22141,1789994596.0113,const,11.7275,3.6226,0.374,0.2,2.6,-1,-15.226,-0.3349,11.316,1602,-8.05,28.400000000000002,14.3,37,2463,7.55,-28.5,14.8,38,-14.612,-0.614,0,
B-A-low-6,2.22341,1789994596.0133,const,11.7275,3.6226,0.374,0.2,2.6,-1,-15.226,0.0,11.316,1602,-7.55,30.1,14.3,37,2463,7.04,-30.200000000000003,14.8,38,-14.612,-0.614,0,
B-A-low-6,2.22542,1789994596.0153,const,11.7275,3.6226,0.374,0.2,2.6,-1,-15.303,-0.6655,11.311,1600,-8.05,28.400000000000002,14.3,37,2465,7.55,-29.3,14.8,38,-14.689,-0.614,0,
B-A-low-6,2.22751,1789994596.0174,const,11.7275,3.6226,0.374,0.2,2.6,-1,-15.303,0.0,11.311,1600,-8.05,29.200000000000003,14.3,37,2466,7.55,-29.3,14.8,38,-14.727,-0.575,0,
B-A-low-6,2.22951,1789994596.0194,const,11.7275,3.6226,0.374,0.2,2.6,-1,-15.379,-0.6709,11.307,1598,-8.55,27.6,14.3,37,2467,7.55,-29.3,14.8,38,-14.766,-0.614,0,
B-A-low-6,2.23151,1789994596.0214,const,11.7275,3.6226,0.374,0.2,2.6,-1,-15.418,-0.3334,11.305,1597,-8.05,28.400000000000002,14.3,37,2469,8.55,-26.8,14.8,38,-14.842,-0.575,0,
B-A-low-6,2.23349,1789994596.0234,const,11.7275,3.6226,0.374,0.2,2.6,-1,-15.456,-0.3391,11.303,1596,-8.55,27.6,14.3,37,2470,8.05,-27.6,14.8,38,-14.881,-0.575,0,
B-A-low-6,2.23549,1789994596.0254,const,11.7275,3.6226,0.374,0.2,2.6,-1,-15.494,-0.3336,11.301,1595,-8.05,28.400000000000002,14.3,37,2471,8.05,-27.6,14.8,38,-14.919,-0.575,0,
B-A-low-6,2.23741,1789994596.0273,const,11.7275,3.6226,0.374,0.2,2.6,-1,-15.571,-0.6976,11.297,1593,-8.55,26.8,14.3,37,2473,8.55,-26.0,14.8,38,-14.996,-0.575,0,
B-A-low-6,2.23943,1789994596.0293,const,11.7275,3.6226,0.374,0.2,2.6,-1,-15.609,-0.332,11.295,1592,-8.55,26.8,15.0,37,2474,8.55,-26.0,14.8,38,-15.034,-0.575,0,
B-A-low-6,2.24141,1789994596.0313,const,11.7275,3.6226,0.374,0.2,2.6,-1,-15.648,-0.3377,11.293,1591,-8.55,26.8,15.0,37,2475,9.06,-25.1,14.8,38,-15.072,-0.575,0,
B-A-low-6,2.24343,1789994596.0333,const,11.7275,3.6226,0.374,0.2,2.6,-1,-15.686,-0.3323,11.291,1590,-8.55,26.8,15.0,37,2476,8.55,-26.0,14.8,38,-15.111,-0.575,0,
B-A-low-6,2.24542,1789994596.0353,const,11.7275,3.6226,0.374,0.2,2.6,-1,-15.724,-0.335,11.288,1589,-8.55,27.6,15.0,37,2477,9.06,-25.1,14.8,38,-15.149,-0.575,0,
B-A-low-6,2.24746,1789994596.0373,const,11.7275,3.6226,0.374,0.2,2.6,-1,-15.763,-0.3289,11.286,1588,-8.55,27.6,15.0,37,2478,8.55,-26.8,14.8,38,-15.188,-0.575,0,
B-A-low-6,2.24942,1789994596.0393,const,11.7275,3.6226,0.374,0.2,2.6,-1,-15.801,-0.3407,11.284,1587,-8.55,27.6,15.0,37,2480,9.06,-25.1,14.8,38,-15.264,-0.537,0,
B-A-low-6,2.25142,1789994596.0413,const,11.7275,3.6226,0.374,0.2,2.6,-1,-15.839,-0.3349,11.282,1586,-8.55,27.6,15.0,37,2481,9.06,-25.1,14.8,38,-15.303,-0.537,0,
B-A-low-6,2.25347,1789994596.0433,const,11.7275,3.6226,0.374,0.2,2.6,-1,-15.878,-0.3263,11.28,1585,-8.55,27.6,15.0,37,2482,9.06,-25.1,14.8,38,-15.341,-0.537,0,
B-A-low-6,2.25542,1789994596.0453,const,11.7275,3.6226,0.374,0.2,2.6,-1,-15.916,-0.3432,11.278,1584,-8.55,27.6,15.0,37,2483,9.06,-25.1,14.8,38,-15.379,-0.537,0,
B-A-low-6,2.25742,1789994596.0473,const,11.7275,3.6226,0.374,0.2,2.6,-1,-15.955,-0.3362,11.276,1583,-8.55,27.6,15.0,37,2484,8.55,-26.0,14.8,38,-15.418,-0.537,0,
B-A-low-6,2.25941,1789994596.0493,const,11.7275,3.6226,0.374,0.2,2.6,-1,-16.031,-0.6705,11.271,1581,-8.55,27.6,15.0,37,2485,8.55,-26.0,14.8,38,-15.456,-0.575,0,
B-A-low-6,2.26141,1789994596.0513,const,11.7275,3.6226,0.374,0.2,2.6,-1,-16.07,-0.3352,11.269,1580,-8.55,27.6,15.0,37,2486,8.05,-26.8,14.8,38,-15.494,-0.575,0,
B-A-low-6,2.26341,1789994596.0533,const,11.7275,3.6226,0.374,0.2,2.6,-1,-16.108,-0.3345,11.267,1579,-8.55,27.6,15.0,37,2488,9.06,-24.3,14.8,38,-15.571,-0.537,0,
B-A-low-6,2.26542,1789994596.0553,const,11.7275,3.6226,0.374,0.2,2.6,-1,-16.146,-0.3328,11.265,1578,-8.05,28.400000000000002,15.0,37,2489,8.55,-26.0,14.8,38,-15.609,-0.537,0,
B-A-low-6,2.26741,1789994596.0573,const,11.7275,3.6226,0.374,0.2,2.6,-1,-16.185,-0.3364,11.262,1577,-8.05,28.400000000000002,15.0,37,2491,9.06,-24.3,14.8,38,-15.686,-0.499,0,
B-A-low-6,2.26941,1789994596.0593,const,11.7275,3.6226,0.374,0.2,2.6,-1,-16.261,-0.6691,11.258,1575,-8.55,26.8,15.0,37,2492,9.06,-24.3,14.8,38,-15.724,-0.537,0,
B-A-low-6,2.27141,1789994596.0613,const,11.7275,3.6226,0.374,0.2,2.6,-1,-16.338,-0.6705,11.254,1573,-9.06,25.1,15.0,37,2493,9.06,-24.3,14.8,38,-15.763,-0.575,0,
B-A-low-6,2.27343,1789994596.0633,const,11.7275,3.6226,0.374,0.2,2.6,-1,-16.338,0.0,11.254,1573,-8.55,26.8,15.0,37,2494,9.06,-24.3,14.8,38,-15.801,-0.537,0,
B-A-low-6,2.27541,1789994596.0653,const,11.7275,3.6226,0.374,0.2,2.6,-1,-16.376,-0.3374,11.251,1572,-8.55,26.8,15.0,37,2496,9.06,-23.5,14.8,38,-15.878,-0.499,0,
B-A-low-6,2.27741,1789994596.0673,const,11.7275,3.6226,0.374,0.2,2.6,-1,-16.415,-0.3344,11.249,1571,-8.05,28.400000000000002,15.0,37,2496,8.55,-25.200000000000003,14.8,38,-15.878,-0.537,0,
B-A-low-6,2.27941,1789994596.0693,const,11.7275,3.6226,0.374,0.2,2.6,-1,-16.491,-0.669,11.245,1569,-9.06,25.900000000000002,15.0,37,2497,8.55,-25.200000000000003,14.8,38,-15.916,-0.575,0,
B-A-low-6,2.28142,1789994596.0713,const,11.7275,3.6226,0.374,0.2,2.6,-1,-16.53,-0.3329,11.243,1568,-8.55,26.8,15.0,37,2498,8.55,-25.200000000000003,14.8,38,-15.955,-0.575,0,
B-A-low-6,2.28342,1789994596.0733,const,11.7275,3.6226,0.374,0.2,2.6,-1,-16.568,-0.3354,11.24,1567,-8.55,26.8,15.0,37,2498,8.05,-26.8,14.8,38,-15.955,-0.614,0,
B-A-low-6,2.28541,1789994596.0753,const,11.7275,3.6226,0.374,0.2,2.6,-1,-16.607,-0.3363,11.238,1566,-8.55,26.8,15.0,37,2500,8.05,-26.8,14.8,38,-16.031,-0.575,0,
B-A-low-6,2.28741,1789994596.0773,const,11.7275,3.6226,0.374,0.2,2.6,-1,-16.645,-0.3349,11.236,1565,-8.05,27.6,15.0,37,2501,8.05,-26.8,14.8,38,-16.07,-0.575,0,
B-A-low-6,2.28942,1789994596.0793,const,11.7275,3.6226,0.374,0.2,2.6,-1,-16.683,-0.3323,11.234,1564,-8.05,27.6,15.0,37,2502,8.05,-26.8,14.8,38,-16.108,-0.575,0,
B-A-low-6,2.29142,1789994596.0813,const,11.7275,3.6226,0.374,0.2,2.6,-1,-16.722,-0.3356,11.231,1563,-8.55,27.6,15.0,37,2503,8.05,-26.8,14.8,38,-16.146,-0.575,0,
B-A-low-6,2.29341,1789994596.0833,const,11.7275,3.6226,0.374,0.2,2.6,-1,-16.798,-0.6723,11.227,1561,-8.55,26.8,15.0,37,2504,8.05,-26.8,14.8,38,-16.185,-0.614,0,
B-A-low-6,2.29541,1789994596.0853,const,11.7275,3.6226,0.374,0.2,2.6,-1,-16.837,-0.3343,11.225,1560,-8.55,26.8,15.0,37,2505,8.05,-26.8,14.8,38,-16.223,-0.614,0,
B-A-low-6,2.29742,1789994596.0873,const,11.7275,3.6226,0.374,0.2,2.6,-1,-16.875,-0.3331,11.222,1559,-8.55,26.8,15.0,37,2506,7.55,-27.700000000000003,14.8,38,-16.261,-0.614,0,
B-A-low-6,2.29941,1789994596.0893,const,11.7275,3.6226,0.374,0.2,2.6,-1,-16.913,-0.3364,11.22,1558,-8.05,27.6,15.0,37,2507,7.55,-27.700000000000003,14.8,37,-16.3,-0.614,0,
B-A-low-6,2.30141,1789994596.0913,const,11.7275,3.6226,0.374,0.2,2.6,-1,-16.952,-0.334,11.218,1557,-8.05,27.6,15.0,37,2509,8.05,-26.0,14.8,37,-16.376,-0.575,0,
B-A-low-6,2.30341,1789994596.0933,const,11.7275,3.6226,0.374,0.2,2.6,-1,-16.99,-0.3356,11.215,1556,-8.05,27.6,15.0,37,2510,8.05,-26.0,14.8,37,-16.415,-0.575,0,
B-A-low-6,2.30543,1789994596.0953,const,11.7275,3.6226,0.374,0.2,2.6,-1,-17.067,-0.6611,11.211,1554,-8.55,26.0,15.0,37,2511,7.55,-26.900000000000002,14.8,37,-16.453,-0.614,0,
B-A-low-6,2.30742,1789994596.0973,const,11.7275,3.6226,0.374,0.2,2.6,-1,-17.105,-0.3373,11.209,1553,-9.06,25.1,15.0,37,2512,7.55,-27.700000000000003,14.8,37,-16.491,-0.614,0,
B-A-low-6,2.30941,1789994596.0993,const,11.7275,3.6226,0.374,0.2,2.6,-1,-17.143,-0.3355,11.206,1552,-8.05,27.6,15.0,37,2514,8.05,-26.0,14.8,37,-16.568,-0.575,0,
B-A-low-6,2.31141,1789994596.1013,const,11.7275,3.6226,0.374,0.2,2.6,-1,-17.182,-0.3348,11.204,1551,-8.55,26.8,15.0,37,2514,8.05,-26.8,14.8,37,-16.568,-0.614,0,
B-A-low-6,2.31343,1789994596.1033,const,11.7275,3.6226,0.374,0.2,2.6,-1,-17.22,-0.3315,11.202,1550,-8.05,27.6,15.0,37,2515,8.05,-26.8,14.8,37,-16.607,-0.614,0,
B-A-low-6,2.31541,1789994596.1053,const,11.7275,3.6226,0.374,0.2,2.6,-1,-17.259,-0.3386,11.199,1549,-8.55,26.8,15.0,37,2517,8.05,-26.0,14.8,37,-16.683,-0.575,0,
B-A-low-6,2.31742,1789994596.1073,const,11.7275,3.6226,0.374,0.2,2.6,-1,-17.297,-0.3326,11.197,1548,-8.55,26.8,15.0,37,2519,9.06,-23.5,14.8,37,-16.76,-0.537,0,
B-A-low-6,2.31941,1789994596.1093,const,11.7275,3.6226,0.374,0.2,2.6,-1,-17.374,-0.6738,11.192,1546,-8.55,26.0,15.0,37,2520,9.06,-23.5,14.8,37,-16.798,-0.575,0,
B-A-low-6,2.32141,1789994596.1113,const,11.7275,3.6226,0.374,0.2,2.6,-1,-17.412,-0.3351,11.19,1545,-8.55,26.0,15.0,37,2520,8.05,-26.8,14.8,37,-16.798,-0.614,0,
B-A-low-6,2.32341,1789994596.1133,const,11.7275,3.6226,0.374,0.2,2.6,-1,-17.45,-0.3346,11.188,1544,-8.55,26.0,15.0,37,2522,9.06,-24.3,14.8,37,-16.875,-0.575,0,
B-A-low-6,2.32541,1789994596.1153,const,11.7275,3.6226,0.374,0.2,2.6,-1,-17.489,-0.3334,11.185,1543,-8.55,26.0,15.0,37,2523,8.55,-25.200000000000003,14.8,37,-16.913,-0.575,0,
B-A-low-6,2.32743,1789994596.1173,const,11.7275,3.6226,0.374,0.2,2.6,-1,-17.565,-0.664,11.18,1541,-8.55,26.0,15.0,37,2525,9.06,-23.5,14.8,37,-16.99,-0.575,0,
B-A-low-6,2.32942,1789994596.1193,const,11.7275,3.6226,0.374,0.2,2.6,-1,-17.604,-0.3372,11.178,1540,-8.55,26.0,15.0,37,2525,8.55,-25.200000000000003,14.8,37,-16.99,-0.614,0,
B-A-low-6,2.33141,1789994596.1213,const,11.7275,3.6226,0.374,0.2,2.6,-1,-17.642,-0.3357,11.176,1539,-8.55,26.0,15.0,37,2527,9.06,-23.5,14.8,37,-17.067,-0.575,0,
B-A-low-6,2.33342,1789994596.1233,const,11.7275,3.6226,0.374,0.2,2.6,-1,-17.68,-0.333,11.173,1538,-8.55,26.0,15.0,37,2528,9.06,-23.5,14.8,37,-17.105,-0.575,0,
B-A-low-6,2.33542,1789994596.1253,const,11.7275,3.6226,0.374,0.2,2.6,-1,-17.719,-0.3344,11.171,1537,-8.55,26.0,15.0,37,2529,9.06,-23.5,14.8,37,-17.143,-0.575,0,
B-A-low-6,2.33742,1789994596.1273,const,11.7275,3.6226,0.374,0.2,2.6,-1,-17.795,-0.6704,11.166,1535,-8.55,26.0,15.0,37,2530,9.06,-23.5,14.8,37,-17.182,-0.614,0,
B-A-low-6,2.3394,1789994596.1293,const,11.7275,3.6226,0.374,0.2,2.6,-1,-17.834,-0.3374,11.164,1534,-8.55,26.0,15.0,37,2532,9.06,-23.5,14.8,37,-17.259,-0.575,0,
B-A-low-6,2.34141,1789994596.1313,const,11.7275,3.6226,0.374,0.2,2.6,-1,-17.872,-0.3341,11.161,1533,-8.55,26.0,15.0,37,2533,9.06,-23.5,14.8,37,-17.297,-0.575,0,
B-A-low-6,2.34342,1789994596.1333,const,11.7275,3.6226,0.374,0.2,2.6,-1,-17.949,-0.6655,11.157,1531,-9.06,24.3,15.0,37,2534,8.55,-24.400000000000002,14.8,37,-17.335,-0.614,0,
B-A-low-6,2.34542,1789994596.1353,const,11.7275,3.6226,0.374,0.2,2.6,-1,-17.987,-0.3343,11.154,1530,-9.06,24.3,15.0,37,2535,9.06,-23.5,14.8,37,-17.374,-0.614,0,
B-A-low-6,2.34741,1789994596.1373,const,11.7275,3.6226,0.374,0.2,2.6,-1,-18.026,-0.3369,11.152,1529,-9.06,24.3,15.0,37,2537,9.06,-22.700000000000003,14.8,37,-17.45,-0.575,0,
B-A-low-6,2.34942,1789994596.1393,const,11.7275,3.6226,0.374,0.2,2.6,-1,-18.064,-0.3319,11.149,1528,-9.06,24.3,15.0,37,2538,9.06,-22.700000000000003,14.8,37,-17.489,-0.575,0,
B-A-low-6,2.35141,1789994596.1413,const,11.7275,3.6226,0.374,0.2,2.6,-1,-18.102,-0.3377,11.147,1527,-8.55,25.200000000000003,15.0,37,2539,9.06,-22.700000000000003,14.8,37,-17.527,-0.575,0,
B-A-low-6,2.3534,1789994596.1433,const,11.7275,3.6226,0.374,0.2,2.6,-1,-18.141,-0.336,11.144,1526,-9.06,24.3,15.0,37,2540,9.06,-22.700000000000003,14.8,37,-17.565,-0.575,0,
B-A-low-6,2.35531,1789994596.1452,const,11.7275,3.6226,0.374,0.2,2.6,-1,-18.217,-0.7006,11.139,1524,-9.06,23.5,13.8,37,2541,9.06,-22.700000000000003,14.8,37,-17.604,-0.614,0,
B-A-low-6,2.35741,1789994596.1473,const,11.7275,3.6226,0.374,0.2,2.6,-1,-18.217,0.0,11.139,1524,-8.55,25.200000000000003,13.8,37,2542,8.55,-24.400000000000002,13.6,37,-17.642,-0.575,0,
B-A-low-6,2.35944,1789994596.1493,const,11.7275,3.6226,0.374,0.2,2.6,-1,-18.294,-0.6587,11.135,1522,-8.55,25.200000000000003,13.8,37,2543,8.55,-24.400000000000002,13.6,37,-17.68,-0.614,0,
B-A-low-6,2.36141,1789994596.1513,const,11.7275,3.6226,0.374,0.2,2.6,-1,-18.332,-0.3403,11.132,1521,-8.55,25.200000000000003,13.8,37,2544,8.55,-24.400000000000002,13.6,37,-17.719,-0.614,0,
B-A-low-6,2.3634,1789994596.1533,const,11.7275,3.6226,0.374,0.2,2.6,-1,-18.371,-0.3368,11.13,1520,-8.55,25.200000000000003,13.8,37,2545,8.55,-24.400000000000002,13.6,37,-17.757,-0.614,0,
B-A-low-6,2.36541,1789994596.1553,const,11.7275,3.6226,0.374,0.2,2.6,-1,-18.409,-0.3316,11.127,1519,-8.55,25.200000000000003,13.8,37,2547,8.55,-23.6,13.6,37,-17.834,-0.575,0,
B-A-low-6,2.36742,1789994596.1573,const,11.7275,3.6226,0.374,0.2,2.6,-1,-18.447,-0.3343,11.125,1518,-8.55,25.200000000000003,13.8,37,2548,8.55,-23.6,13.6,37,-17.872,-0.575,0,
B-A-low-6,2.36941,1789994596.1593,const,11.7275,3.6226,0.374,0.2,2.6,-1,-18.486,-0.3353,11.122,1517,-8.05,26.8,13.8,37,2548,8.05,-25.200000000000003,13.6,37,-17.872,-0.614,0,
B-A-low-6,2.37141,1789994596.1613,const,11.7275,3.6226,0.374,0.2,2.6,-1,-18.524,-0.3359,11.12,1516,-8.05,26.8,13.8,37,2549,7.55,-26.1,13.6,37,-17.911,-0.614,0,
B-A-low-6,2.37342,1789994596.1633,const,11.7275,3.6226,0.374,0.2,2.6,-1,-18.562,-0.3329,11.117,1515,-8.05,26.8,13.8,37,2550,8.05,-25.200000000000003,13.6,37,-17.949,-0.614,0,
B-A-low-6,2.37545,1789994596.1653,const,11.7275,3.6226,0.374,0.2,2.6,-1,-18.601,-0.3298,11.115,1514,-8.05,26.8,13.8,37,2551,8.05,-25.200000000000003,13.6,37,-17.987,-0.614,0,
B-A-low-6,2.37742,1789994596.1673,const,11.7275,3.6226,0.374,0.2,2.6,-1,-18.678,-0.6792,11.11,1512,-8.05,26.0,13.8,37,2552,8.05,-25.200000000000003,13.6,37,-18.026,-0.652,0,
B-A-low-6,2.3794,1789994596.1693,const,11.7275,3.6226,0.374,0.2,2.6,-1,-18.716,-0.3377,11.107,1511,-8.05,26.0,13.8,37,2554,8.05,-25.200000000000003,13.6,37,-18.102,-0.614,0,
B-A-low-6,2.38142,1789994596.1713,const,11.7275,3.6226,0.374,0.2,2.6,-1,-18.754,-0.3315,11.105,1510,-8.55,25.200000000000003,13.8,37,2554,7.55,-26.900000000000002,13.6,37,-18.102,-0.652,0,
B-A-low-6,2.3834,1789994596.1733,const,11.7275,3.6226,0.374,0.2,2.6,-1,-18.793,-0.3374,11.102,1509,-8.05,26.0,13.8,37,2555,7.04,-27.8,13.6,37,-18.141,-0.652,0,
B-A-low-6,2.38541,1789994596.1753,const,11.7275,3.6226,0.374,0.2,2.6,-1,-18.831,-0.3337,11.1,1508,-8.05,26.0,13.8,37,2556,7.55,-26.900000000000002,13.6,37,-18.179,-0.652,0,
B-A-low-6,2.38741,1789994596.1773,const,11.7275,3.6226,0.374,0.2,2.6,-1,-18.869,-0.3349,11.097,1507,-8.05,26.8,13.8,37,2557,7.55,-26.900000000000002,13.6,37,-18.217,-0.652,0,
B-A-low-6,2.3894,1789994596.1793,const,11.7275,3.6226,0.374,0.2,2.6,-1,-18.908,-0.3356,11.094,1506,-8.05,26.8,13.8,37,2558,7.04,-27.8,13.6,37,-18.256,-0.652,0,
B-A-low-6,2.39141,1789994596.1813,const,11.7275,3.6226,0.374,0.2,2.6,-1,-18.946,-0.3325,11.092,1505,-8.05,26.8,13.8,37,2559,7.04,-27.8,13.6,37,-18.294,-0.652,0,
B-A-low-6,2.3934,1789994596.1833,const,11.7275,3.6226,0.374,0.2,2.6,-1,-18.984,-0.3372,11.089,1504,-8.05,26.8,13.8,37,2560,7.04,-27.8,13.6,37,-18.332,-0.652,0,
B-A-low-6,2.3954,1789994596.1853,const,11.7275,3.6226,0.374,0.2,2.6,-1,-19.061,-0.6703,11.084,1502,-8.05,26.0,13.8,37,2561,7.04,-27.8,13.6,37,-18.371,-0.69,0,
B-A-low-6,2.39741,1789994596.1873,const,11.7275,3.6226,0.374,0.2,2.6,-1,-19.061,0.0,11.084,1502,-7.55,27.700000000000003,13.8,37,2562,7.04,-28.6,13.6,37,-18.409,-0.652,0,
B-A-low-6,2.39942,1789994596.1893,const,11.7275,3.6226,0.374,0.2,2.6,-1,-19.099,-0.333,11.082,1501,-8.05,26.8,13.8,37,2563,7.04,-28.6,13.6,37,-18.447,-0.652,0,
B-A-low-6,2.4014,1789994596.1913,const,11.7275,3.6226,0.374,0.2,2.6,-1,-19.138,-0.3375,11.079,1500,-7.55,27.700000000000003,13.8,37,2564,7.04,-28.6,13.6,37,-18.486,-0.652,0,
B-A-low-6,2.40341,1789994596.1933,const,11.7275,3.6226,0.374,0.2,2.6,-1,-19.214,-0.6684,11.074,1498,-8.55,25.200000000000003,13.8,37,2565,6.54,-29.5,13.6,37,-18.524,-0.69,0,
B-A-low-6,2.40541,1789994596.1953,const,11.7275,3.6226,0.374,0.2,2.6,-1,-19.253,-0.3347,11.071,1497,-8.05,26.0,13.8,37,2566,7.04,-28.6,13.6,37,-18.562,-0.69,0,
B-A-low-6,2.40743,1789994596.1973,const,11.7275,3.6226,0.374,0.2,2.6,-1,-19.291,-0.3302,11.069,1496,-8.05,26.0,13.8,37,2568,7.04,-27.8,13.6,37,-18.639,-0.652,0,
B-A-low-6,2.40941,1789994596.1993,const,11.7275,3.6226,0.374,0.2,2.6,-1,-19.33,-0.3387,11.066,1495,-7.55,27.700000000000003,13.8,37,2568,7.04,-28.6,13.6,37,-18.639,-0.69,0,
B-A-low-6,2.41141,1789994596.2013,const,11.7275,3.6226,0.374,0.2,2.6,-1,-19.368,-0.3349,11.064,1494,-8.05,26.8,13.8,37,2569,7.04,-28.6,13.6,37,-18.678,-0.69,0,
B-A-low-6,2.41339,1789994596.2033,const,11.7275,3.6226,0.374,0.2,2.6,-1,-19.406,-0.337,11.061,1493,-8.05,26.8,13.8,37,2570,7.04,-28.6,13.6,37,-18.716,-0.69,0,
B-A-low-6,2.41539,1789994596.2053,const,11.7275,3.6226,0.374,0.2,2.6,-1,-19.445,-0.3348,11.058,1492,-8.05,26.8,13.8,37,2572,7.55,-27.700000000000003,13.6,38,-18.793,-0.652,0,
B-A-low-6,2.41742,1789994596.2073,const,11.7275,3.6226,0.374,0.2,2.6,-1,-19.483,-0.331,11.056,1491,-8.05,26.8,13.8,37,2573,7.55,-27.700000000000003,13.6,38,-18.831,-0.652,0,
B-A-low-6,2.4194,1789994596.2093,const,11.7275,3.6226,0.374,0.2,2.6,-1,-19.521,-0.3379,11.053,1490,-7.55,28.5,13.8,37,2574,7.55,-27.700000000000003,13.6,38,-18.869,-0.652,0,
B-A-low-6,2.4214,1789994596.2113,const,11.7275,3.6226,0.374,0.2,2.6,-1,-19.598,-0.6681,11.048,1488,-8.05,26.8,13.8,37,2575,7.55,-27.700000000000003,13.6,38,-18.908,-0.69,0,
B-A-low-6,2.42339,1789994596.2133,const,11.7275,3.6226,0.374,0.2,2.6,-1,-19.598,0.0,11.048,1488,-8.05,27.6,13.8,37,2576,7.55,-27.700000000000003,13.6,38,-18.946,-0.652,0,
B-A-low-6,2.42539,1789994596.2153,const,11.7275,3.6226,0.374,0.2,2.6,-1,-19.675,-0.6709,11.043,1486,-8.05,26.8,13.8,37,2577,7.55,-27.700000000000003,13.6,38,-18.984,-0.69,0,
B-A-low-6,2.42738,1789994596.2172,const,11.7275,3.6226,0.374,0.2,2.6,-1,-19.713,-0.3364,11.04,1485,-8.05,26.8,13.8,37,2578,8.05,-26.8,13.6,38,-19.023,-0.69,0,
B-A-low-6,2.42939,1789994596.2192,const,11.7275,3.6226,0.374,0.2,2.6,-1,-19.751,-0.3333,11.037,1484,-8.05,26.8,13.8,37,2580,8.55,-25.200000000000003,13.6,38,-19.099,-0.652,0,
B-A-low-6,2.43139,1789994596.2213,const,11.7275,3.6226,0.374,0.2,2.6,-1,-19.79,-0.3346,11.035,1483,-8.05,26.8,13.8,37,2581,8.05,-26.0,13.6,38,-19.138,-0.652,0,
B-A-low-6,2.4334,1789994596.2233,const,11.7275,3.6226,0.374,0.2,2.6,-1,-19.828,-0.333,11.032,1482,-8.05,26.8,13.8,37,2582,8.55,-25.200000000000003,13.6,38,-19.176,-0.652,0,
B-A-low-6,2.43539,1789994596.2252,const,11.7275,3.6226,0.374,0.2,2.6,-1,-19.866,-0.3367,11.029,1481,-8.05,26.8,13.8,37,2583,8.55,-25.200000000000003,13.6,38,-19.214,-0.652,0,
B-A-low-6,2.4374,1789994596.2273,const,11.7275,3.6226,0.374,0.2,2.6,-1,-19.905,-0.3324,11.027,1480,-8.05,26.8,13.8,37,2584,8.05,-26.8,13.6,38,-19.253,-0.652,0,
B-A-low-6,2.43939,1789994596.2293,const,11.7275,3.6226,0.374,0.2,2.6,-1,-19.943,-0.3367,11.024,1479,-8.05,26.8,13.8,37,2586,8.55,-25.200000000000003,13.6,38,-19.33,-0.614,0,
B-A-low-6,2.44139,1789994596.2313,const,11.7275,3.6226,0.374,0.2,2.6,-1,-20.02,-0.6676,11.019,1477,-8.05,26.8,13.8,37,2587,8.55,-25.200000000000003,13.6,38,-19.368,-0.652,0,
B-A-low-6,2.44339,1789994596.2333,const,11.7275,3.6226,0.374,0.2,2.6,-1,-20.058,-0.3357,11.016,1476,-8.55,26.0,13.8,37,2588,8.55,-25.200000000000003,13.6,38,-19.406,-0.652,0,
B-A-low-6,2.4454,1789994596.2353,const,11.7275,3.6226,0.374,0.2,2.6,-1,-20.097,-0.3327,11.013,1475,-8.55,26.0,13.8,37,2589,8.55,-25.200000000000003,13.6,38,-19.445,-0.652,0,
B-A-low-6,2.44739,1789994596.2372,const,11.7275,3.6226,0.374,0.2,2.6,-1,-20.135,-0.3368,11.011,1474,-8.05,26.8,13.8,37,2591,9.06,-24.3,13.6,38,-19.521,-0.614,0,
B-A-low-6,2.44939,1789994596.2392,const,11.7275,3.6226,0.374,0.2,2.6,-1,-20.173,-0.3348,11.008,1473,-8.55,26.0,13.8,37,2592,9.06,-24.3,13.6,38,-19.56,-0.614,0,
B-A-low-6,2.45139,1789994596.2412,const,11.7275,3.6226,0.374,0.2,2.6,-1,-20.212,-0.3347,11.005,1472,-8.55,26.0,13.8,37,2593,8.55,-25.200000000000003,13.6,38,-19.598,-0.614,0,
B-A-low-6,2.4534,1789994596.2433,const,11.7275,3.6226,0.374,0.2,2.6,-1,-20.25,-0.3327,11.002,1471,-8.55,26.0,13.8,37,2594,8.55,-25.200000000000003,13.6,38,-19.636,-0.614,0,
B-A-low-6,2.4554,1789994596.2453,const,11.7275,3.6226,0.374,0.2,2.6,-1,-20.288,-0.3348,11.0,1470,-8.55,26.0,13.8,37,2596,9.56,-22.6,13.6,38,-19.713,-0.575,0,
B-A-low-6,2.4574,1789994596.2473,const,11.7275,3.6226,0.374,0.2,2.6,-1,-20.288,0.0,11.0,1470,-8.05,27.6,13.8,37,2597,9.06,-23.5,13.6,38,-19.751,-0.537,0,
B-A-low-6,2.4594,1789994596.2493,const,11.7275,3.6226,0.374,0.2,2.6,-1,-20.365,-0.6701,10.994,1468,-8.05,26.8,13.8,37,2598,9.06,-23.5,13.6,38,-19.79,-0.575,0,
B-A-low-6,2.4614,1789994596.2513,const,11.7275,3.6226,0.374,0.2,2.6,-1,-20.403,-0.3338,10.992,1467,-8.55,26.0,13.8,37,2599,9.06,-23.5,13.6,38,-19.828,-0.575,0,
B-A-low-6,2.46342,1789994596.2533,const,11.7275,3.6226,0.374,0.2,2.6,-1,-20.442,-0.3326,10.989,1466,-8.55,26.0,13.8,37,2600,9.06,-23.5,13.6,38,-19.866,-0.575,0,
B-A-low-6,2.46543,1789994596.2553,const,11.7275,3.6226,0.374,0.2,2.6,-1,-20.48,-0.3332,10.986,1465,-8.05,26.8,13.8,37,2601,9.06,-23.5,13.6,38,-19.905,-0.575,0,
B-A-low-6,2.46739,1789994596.2573,const,11.7275,3.6226,0.374,0.2,2.6,-1,-20.518,-0.3405,10.983,1464,-8.05,26.8,13.8,37,2602,8.55,-24.400000000000002,13.6,38,-19.943,-0.575,0,
B-A-low-6,2.46938,1789994596.2592,const,11.7275,3.6226,0.374,0.2,2.6,-1,-20.557,-0.3362,10.981,1463,-8.05,27.6,13.8,37,2603,8.55,-24.400000000000002,13.6,38,-19.982,-0.575,0,
B-A-low-6,2.47138,1789994596.2612,const,11.7275,3.6226,0.374,0.2,2.6,-1,-20.634,-0.6692,10.975,1461,-8.55,26.0,13.8,37,2604,8.05,-26.0,13.6,38,-20.02,-0.614,0,
B-A-low-6,2.4734,1789994596.2633,const,11.7275,3.6226,0.374,0.2,2.6,-1,-20.634,0.0,10.975,1461,-8.05,27.6,13.8,37,2605,8.55,-25.200000000000003,13.6,38,-20.058,-0.575,0,
B-A-low-6,2.47538,1789994596.2652,const,11.7275,3.6226,0.374,0.2,2.6,-1,-20.672,-0.338,10.972,1460,-8.05,27.6,13.8,37,2606,8.05,-26.0,13.6,38,-20.097,-0.575,0,
B-A-low-6,2.47739,1789994596.2672,const,11.7275,3.6226,0.374,0.2,2.6,-1,-20.749,-0.6672,10.967,1458,-8.05,26.8,13.8,37,2607,8.05,-26.0,13.6,38,-20.135,-0.614,0,
B-A-low-6,2.47934,1789994596.2692,const,11.7275,3.6226,0.374,0.2,2.6,-1,-20.787,-0.3425,10.964,1457,-8.05,26.8,13.8,37,2609,8.05,-25.200000000000003,13.6,38,-20.212,-0.575,0,
B-A-low-6,2.4814,1789994596.2713,const,11.7275,3.6226,0.374,0.2,2.6,-1,-20.825,-0.3258,10.961,1456,-8.05,26.8,13.8,37,2609,7.55,-26.900000000000002,13.6,38,-20.212,-0.614,0,
B-A-low-6,2.48338,1789994596.2732,const,11.7275,3.6226,0.374,0.2,2.6,-1,-20.864,-0.3371,10.958,1455,-8.05,26.8,13.8,37,2611,8.05,-25.200000000000003,13.6,38,-20.288,-0.575,0,
B-A-low-6,2.48538,1789994596.2752,const,11.7275,3.6226,0.374,0.2,2.6,-1,-20.902,-0.3343,10.956,1454,-8.05,27.6,13.8,37,2612,8.05,-25.200000000000003,13.6,38,-20.327,-0.575,0,
B-A-low-6,2.48739,1789994596.2773,const,11.7275,3.6226,0.374,0.2,2.6,-1,-20.94,-0.3339,10.953,1453,-8.05,27.6,13.8,37,2612,7.55,-26.900000000000002,13.6,38,-20.327,-0.614,0,
B-A-low-6,2.48938,1789994596.2792,const,11.7275,3.6226,0.374,0.2,2.6,-1,-20.94,0.0,10.953,1453,-7.55,29.3,13.8,37,2614,8.05,-26.0,13.6,38,-20.403,-0.537,0,
B-A-low-6,2.4914,1789994596.2813,const,11.7275,3.6226,0.374,0.2,2.6,-1,-21.017,-0.665,10.947,1451,-7.55,28.5,13.8,37,2615,8.05,-26.0,13.6,38,-20.442,-0.575,0,
B-A-low-6,2.4934,1789994596.2833,const,11.7275,3.6226,0.374,0.2,2.6,-1,-21.055,-0.3346,10.944,1450,-8.05,27.6,13.8,37,2616,8.05,-26.0,13.6,38,-20.48,-0.575,0,
B-A-low-6,2.49539,1789994596.2852,const,11.7275,3.6226,0.374,0.2,2.6,-1,-21.132,-0.6725,10.939,1448,-8.05,26.8,13.8,37,2616,7.55,-27.700000000000003,13.6,38,-20.48,-0.652,0,
B-A-low-6,2.49739,1789994596.2872,const,11.7275,3.6226,0.374,0.2,2.6,-1,-21.132,0.0,10.939,1448,-7.55,28.5,13.8,37,2618,7.55,-26.900000000000002,13.6,38,-20.557,-0.575,0,
B-A-low-6,2.49939,1789994596.2893,const,11.7275,3.6226,0.374,0.2,2.6,-1,-21.17,-0.3334,10.936,1447,-8.05,27.6,13.8,37,2619,7.55,-26.900000000000002,13.6,38,-20.595,-0.575,0,
B-A-low-6,2.5014,1789994596.2913,const,11.7275,3.6226,0.374,0.2,2.6,-1,-21.247,-0.6671,10.93,1445,-8.05,27.6,13.8,37,2620,7.55,-26.900000000000002,13.6,38,-20.634,-0.614,0,
B-A-low-6,2.50342,1789994596.2933,const,11.7275,3.6226,0.374,0.2,2.6,-1,-21.286,-0.3322,10.927,1444,-8.05,27.6,13.8,37,2621,7.55,-26.900000000000002,13.6,38,-20.672,-0.614,0,
B-A-low-6,2.50538,1789994596.2952,const,11.7275,3.6226,0.374,0.2,2.6,-1,-21.324,-0.3406,10.924,1443,-8.55,26.8,13.8,37,2622,8.05,-26.0,13.6,38,-20.71,-0.614,0,
B-A-low-6,2.5074,1789994596.2973,const,11.7275,3.6226,0.374,0.2,2.6,-1,-21.362,-0.3314,10.922,1442,-8.05,27.6,13.8,37,2624,7.55,-27.700000000000003,13.6,38,-20.787,-0.575,0,
B-A-low-6,2.5094,1789994596.2993,const,11.7275,3.6226,0.374,0.2,2.6,-1,-21.439,-0.6682,10.916,1440,-8.55,26.0,13.8,37,2624,7.55,-27.700000000000003,13.6,38,-20.787,-0.652,0,
B-A-low-6,2.51138,1789994596.3012,const,11.7275,3.6226,0.374,0.2,2.6,-1,-21.477,-0.3397,10.913,1439,-8.55,26.0,13.8,37,2625,7.55,-27.700000000000003,13.6,38,-20.825,-0.652,0,
B-A-low-6,2.51338,1789994596.3032,const,11.7275,3.6226,0.374,0.2,2.6,-1,-21.516,-0.3336,10.91,1438,-8.05,26.8,13.8,37,2626,7.55,-27.700000000000003,13.6,38,-20.864,-0.652,0,
B-A-low-6,2.51541,1789994596.3053,const,11.7275,3.6226,0.374,0.2,2.6,-1,-21.554,-0.3301,10.907,1437,-8.05,26.8,13.8,37,2627,7.55,-27.700000000000003,13.6,38,-20.902,-0.652,0,
B-A-low-6,2.5174,1789994596.3073,const,11.7275,3.6226,0.374,0.2,2.6,-1,-21.592,-0.3359,10.904,1436,-8.55,26.0,13.8,37,2628,8.05,-26.8,13.6,38,-20.94,-0.652,0,
B-A-low-6,2.51941,1789994596.3093,const,11.7275,3.6226,0.374,0.2,2.6,-1,-21.669,-0.6682,10.899,1434,-8.55,26.0,13.8,37,2629,7.55,-27.700000000000003,13.6,38,-20.979,-0.69,0,
B-A-low-6,2.52139,1789994596.3113,const,11.7275,3.6226,0.374,0.2,2.6,-1,-21.707,-0.3367,10.896,1433,-9.06,25.1,13.8,37,2631,8.05,-26.0,13.6,38,-21.055,-0.652,0,
B-A-low-6,2.52338,1789994596.3132,const,11.7275,3.6226,0.374,0.2,2.6,-1,-21.746,-0.337,10.893,1432,-8.55,26.0,13.8,37,2632,8.05,-26.0,13.6,38,-21.094,-0.652,0,
B-A-low-6,2.5254,1789994596.3153,const,11.7275,3.6226,0.374,0.2,2.6,-1,-21.784,-0.3312,10.89,1431,-8.55,26.0,13.8,37,2633,8.05,-26.0,13.6,38,-21.132,-0.652,0,
B-A-low-6,2.52738,1789994596.3172,const,11.7275,3.6226,0.374,0.2,2.6,-1,-21.861,-0.6758,10.884,1429,-9.06,24.3,13.8,37,2634,8.05,-26.0,13.6,38,-21.17,-0.69,0,
B-A-low-6,2.52938,1789994596.3192,const,11.7275,3.6226,0.374,0.2,2.6,-1,-21.861,0.0,10.884,1429,-8.55,26.0,13.8,37,2635,8.05,-26.8,13.6,38,-21.209,-0.652,0,
B-A-low-6,2.53138,1789994596.3212,const,11.7275,3.6226,0.374,0.2,2.6,-1,-21.938,-0.6707,10.878,1427,-9.06,24.3,13.8,37,2637,8.55,-25.200000000000003,13.6,38,-21.286,-0.652,0,
B-A-low-6,2.53338,1789994596.3232,const,11.7275,3.6226,0.374,0.2,2.6,-1,-21.976,-0.3348,10.875,1426,-8.55,26.0,13.8,37,2638,8.55,-25.200000000000003,13.6,38,-21.324,-0.652,0,
B-A-low-6,2.5354,1789994596.3253,const,11.7275,3.6226,0.374,0.2,2.6,-1,-22.014,-0.3311,10.872,1425,-8.55,26.0,13.8,37,2639,8.55,-25.200000000000003,13.6,38,-21.362,-0.652,0,
B-A-low-6,2.53738,1789994596.3272,const,11.7275,3.6226,0.374,0.2,2.6,-1,-22.053,-0.3378,10.869,1424,-9.06,25.1,13.8,37,2640,8.55,-25.200000000000003,13.6,38,-21.401,-0.652,0,
B-A-low-6,2.53939,1789994596.3293,const,11.7275,3.6226,0.374,0.2,2.6,-1,-22.091,-0.3339,10.866,1423,-8.55,26.0,13.8,37,2641,8.05,-26.0,13.6,38,-21.439,-0.652,0,
B-A-low-6,2.54139,1789994596.3313,const,11.7275,3.6226,0.374,0.2,2.6,-1,-22.168,-0.6693,10.86,1421,-9.06,24.3,13.8,37,2642,8.05,-26.0,13.6,38,-21.477,-0.69,0,
B-A-low-6,2.54339,1789994596.3333,const,11.7275,3.6226,0.374,0.2,2.6,-1,-22.206,-0.3338,10.857,1420,-9.06,24.3,13.8,37,2643,8.55,-25.200000000000003,13.6,38,-21.516,-0.69,0,
B-A-low-6,2.5454,1789994596.3353,const,11.7275,3.6226,0.374,0.2,2.6,-1,-22.244,-0.3338,10.855,1419,-8.55,25.200000000000003,13.8,37,2644,8.55,-25.200000000000003,13.6,38,-21.554,-0.69,0,
B-A-low-6,2.54738,1789994596.3372,const,11.7275,3.6226,0.374,0.2,2.6,-1,-22.283,-0.3377,10.852,1418,-8.55,25.200000000000003,13.8,37,2646,8.55,-25.200000000000003,13.6,38,-21.631,-0.652,0,
B-A-low-6,2.54938,1789994596.3392,const,11.7275,3.6226,0.374,0.2,2.6,-1,-22.321,-0.3346,10.849,1417,-8.55,25.200000000000003,13.8,37,2647,8.55,-25.200000000000003,13.6,38,-21.669,-0.652,0,
B-A-low-6,2.55141,1789994596.3413,const,11.7275,3.6226,0.374,0.2,2.6,-1,-22.398,-0.6598,10.843,1415,-8.55,25.200000000000003,13.8,37,2648,8.55,-25.200000000000003,13.6,38,-21.707,-0.69,0,
B-A-low-6,2.55338,1789994596.3432,const,11.7275,3.6226,0.374,0.2,2.6,-1,-22.436,-0.3397,10.84,1414,-9.06,24.3,13.8,37,2649,8.05,-26.0,13.6,38,-21.746,-0.69,0,
B-A-low-6,2.55538,1789994596.3452,const,11.7275,3.6226,0.374,0.2,2.6,-1,-22.474,-0.3348,10.837,1413,-8.55,25.200000000000003,13.8,37,2650,8.55,-25.200000000000003,13.6,38,-21.784,-0.69,0,
B-A-low-6,2.55738,1789994596.3472,const,11.7275,3.6226,0.374,0.2,2.6,-1,-22.513,-0.3347,10.834,1412,-8.55,25.200000000000003,13.8,37,2651,8.55,-25.200000000000003,13.6,38,-21.822,-0.69,0,
B-A-low-6,2.55938,1789994596.3492,const,11.7275,3.6226,0.374,0.2,2.6,-1,-22.551,-0.334,10.831,1411,-8.05,26.0,13.8,37,2653,9.06,-23.5,13.6,38,-21.899,-0.652,0,
B-A-low-6,2.56138,1789994596.3512,const,11.7275,3.6226,0.374,0.2,2.6,-1,-22.628,-0.6693,10.825,1409,-8.55,24.400000000000002,13.8,37,2654,8.55,-25.200000000000003,13.6,38,-21.938,-0.69,0,
B-A-low-6,2.56338,1789994596.3532,const,11.7275,3.6226,0.374,0.2,2.6,-1,-22.628,0.0,10.825,1409,-8.05,26.8,13.8,37,2655,8.55,-25.200000000000003,13.6,38,-21.976,-0.652,0,
B-A-low-6,2.56539,1789994596.3552,const,11.7275,3.6226,0.374,0.2,2.6,-1,-22.666,-0.334,10.822,1408,-8.55,25.200000000000003,13.8,37,2656,8.05,-26.0,13.6,38,-22.014,-0.652,0,
B-A-low-6,2.56738,1789994596.3572,const,11.7275,3.6226,0.374,0.2,2.6,-1,-22.705,-0.3356,10.818,1407,-9.06,24.3,13.8,37,2657,8.05,-26.0,13.6,38,-22.053,-0.652,0,
B-A-low-6,2.56939,1789994596.3593,const,11.7275,3.6226,0.374,0.2,2.6,-1,-22.743,-0.3324,10.815,1406,-8.55,25.200000000000003,13.8,37,2658,8.55,-25.200000000000003,13.6,38,-22.091,-0.652,0,
B-A-low-6,2.57138,1789994596.3612,const,11.7275,3.6226,0.374,0.2,2.6,-1,-22.743,0.0,10.815,1406,-8.55,25.200000000000003,13.8,37,2660,8.55,-24.400000000000002,13.6,38,-22.168,-0.575,0,
B-A-low-6,2.57339,1789994596.3633,const,11.7275,3.6226,0.374,0.2,2.6,-1,-22.82,-0.6671,10.809,1404,-8.05,26.0,13.8,37,2661,8.55,-24.400000000000002,13.6,38,-22.206,-0.614,0,
B-A-low-6,2.57541,1789994596.3653,const,11.7275,3.6226,0.374,0.2,2.6,-1,-22.858,-0.3316,10.806,1403,-8.55,25.200000000000003,13.8,37,2661,8.05,-26.0,13.6,38,-22.206,-0.652,0,
B-A-low-6,2.5774,1789994596.3673,const,11.7275,3.6226,0.374,0.2,2.6,-1,-22.896,-0.3361,10.803,1402,-8.55,25.200000000000003,13.8,37,2662,8.05,-26.0,13.6,38,-22.244,-0.652,0,
B-A-low-6,2.5794,1789994596.3693,const,11.7275,3.6226,0.374,0.2,2.6,-1,-22.935,-0.335,10.8,1401,-8.05,26.0,13.8,37,2663,8.05,-26.8,13.6,38,-22.283,-0.652,0,
B-A-low-6,2.5814,1789994596.3713,const,11.7275,3.6226,0.374,0.2,2.6,-1,-22.973,-0.3343,10.797,1400,-8.05,26.0,13.8,37,2664,8.05,-26.8,13.6,38,-22.321,-0.652,0,
B-A-low-6,2.5834,1789994596.3733,const,11.7275,3.6226,0.374,0.2,2.6,-1,-23.05,-0.6698,10.791,1398,-8.05,26.0,13.8,37,2665,7.55,-27.700000000000003,13.6,38,-22.359,-0.69,0,
B-A-low-6,2.58538,1789994596.3752,const,11.7275,3.6226,0.374,0.2,2.6,-1,-23.088,-0.3376,10.788,1397,-8.55,25.200000000000003,13.8,37,2666,7.55,-27.700000000000003,13.6,38,-22.398,-0.69,0,
B-A-low-6,2.58737,1789994596.3772,const,11.7275,3.6226,0.374,0.2,2.6,-1,-23.088,0.0,10.788,1397,-8.05,26.8,13.8,37,2667,7.55,-27.700000000000003,13.6,38,-22.436,-0.652,0,
B-A-low-6,2.58936,1789994596.3792,const,11.7275,3.6226,0.374,0.2,2.6,-1,-23.165,-0.6721,10.782,1395,-8.55,25.200000000000003,15.2,37,2668,7.04,-28.6,14.4,38,-22.474,-0.69,0,
B-A-low-6,2.59139,1789994596.3813,const,11.7275,3.6226,0.374,0.2,2.6,-1,-23.203,-0.3292,10.779,1394,-8.05,26.0,15.2,37,2670,8.05,-26.0,14.4,38,-22.551,-0.652,0,
B-A-low-6,2.59339,1789994596.3832,const,11.7275,3.6226,0.374,0.2,2.6,-1,-23.241,-0.3358,10.776,1393,-8.05,26.0,15.2,37,2671,7.55,-26.900000000000002,14.4,38,-22.589,-0.652,0,
B-A-low-6,2.5954,1789994596.3853,const,11.7275,3.6226,0.374,0.2,2.6,-1,-23.318,-0.6646,10.769,1391,-8.55,24.400000000000002,15.2,37,2672,7.55,-26.900000000000002,14.4,38,-22.628,-0.69,0,
B-A-low-6,2.59738,1789994596.3872,const,11.7275,3.6226,0.374,0.2,2.6,-1,-23.357,-0.3383,10.766,1390,-8.55,24.400000000000002,15.2,37,2673,7.55,-27.700000000000003,14.4,38,-22.666,-0.69,0,
B-A-low-6,2.5994,1789994596.3893,const,11.7275,3.6226,0.374,0.2,2.6,-1,-23.395,-0.3308,10.763,1389,-8.55,24.400000000000002,15.2,37,2675,8.05,-26.0,14.4,38,-22.743,-0.652,0,
B-A-low-6,2.60138,1789994596.3912,const,11.7275,3.6226,0.374,0.2,2.6,-1,-23.433,-0.3377,10.76,1388,-8.55,25.200000000000003,15.2,37,2675,8.05,-26.0,14.4,38,-22.743,-0.69,0,
B-A-low-6,2.60338,1789994596.3932,const,11.7275,3.6226,0.374,0.2,2.6,-1,-23.51,-0.6701,10.754,1386,-9.06,23.5,15.2,37,2676,7.55,-27.700000000000003,14.4,38,-22.781,-0.729,0,
B-A-low-6,2.60538,1789994596.3952,const,11.7275,3.6226,0.374,0.2,2.6,-1,-23.51,0.0,10.754,1386,-8.05,26.0,15.2,37,2678,8.05,-26.0,14.4,38,-22.858,-0.652,0,
B-A-low-6,2.60738,1789994596.3972,const,11.7275,3.6226,0.374,0.2,2.6,-1,-23.548,-0.3351,10.751,1385,-8.05,26.0,15.2,37,2678,7.55,-27.700000000000003,14.4,38,-22.858,-0.69,0,
B-A-low-6,2.60938,1789994596.3992,const,11.7275,3.6226,0.374,0.2,2.6,-1,-23.587,-0.3347,10.748,1384,-8.05,26.8,15.2,37,2680,8.55,-25.200000000000003,14.4,38,-22.935,-0.652,0,
B-A-low-6,2.61138,1789994596.4012,const,11.7275,3.6226,0.374,0.2,2.6,-1,-23.663,-0.6685,10.741,1382,-8.55,25.200000000000003,15.2,37,2681,8.05,-26.0,14.4,38,-22.973,-0.69,0,
B-A-low-6,2.61338,1789994596.4032,const,11.7275,3.6226,0.374,0.2,2.6,-1,-23.702,-0.3349,10.738,1381,-8.55,25.200000000000003,15.2,37,2683,8.55,-24.400000000000002,14.4,38,-23.05,-0.652,0,
B-A-low-6,2.61538,1789994596.4052,const,11.7275,3.6226,0.374,0.2,2.6,-1,-23.74,-0.3347,10.735,1380,-8.55,25.200000000000003,15.2,37,2684,8.55,-24.400000000000002,14.4,38,-23.088,-0.652,0,
B-A-low-6,2.61738,1789994596.4072,const,11.7275,3.6226,0.374,0.2,2.6,-1,-23.817,-0.6685,10.729,1378,-9.06,23.5,15.2,37,2685,8.55,-24.400000000000002,14.4,38,-23.126,-0.69,0,
B-A-low-6,2.61938,1789994596.4092,const,11.7275,3.6226,0.374,0.2,2.6,-1,-23.817,0.0,10.729,1378,-8.05,26.0,15.2,37,2686,9.06,-23.5,14.4,38,-23.165,-0.652,0,
B-A-low-6,2.62141,1789994596.4113,const,11.7275,3.6226,0.374,0.2,2.6,-1,-23.855,-0.3304,10.725,1377,-8.55,25.200000000000003,15.2,37,2688,9.06,-23.5,14.4,38,-23.241,-0.614,0,
B-A-low-6,2.62339,1789994596.4132,const,11.7275,3.6226,0.374,0.2,2.6,-1,-23.932,-0.6777,10.719,1375,-8.55,24.400000000000002,15.2,37,2689,9.06,-23.5,14.4,38,-23.28,-0.652,0,
B-A-low-6,2.62538,1789994596.4152,const,11.7275,3.6226,0.374,0.2,2.6,-1,-23.97,-0.3356,10.716,1374,-8.55,24.400000000000002,15.2,37,2690,8.55,-24.400000000000002,14.4,38,-23.318,-0.652,0,
B-A-low-6,2.62738,1789994596.4172,const,11.7275,3.6226,0.374,0.2,2.6,-1,-24.009,-0.3348,10.713,1373,-8.55,24.400000000000002,15.2,37,2691,9.06,-23.5,14.4,38,-23.357,-0.652,0,
B-A-low-6,2.62939,1789994596.4193,const,11.7275,3.6226,0.374,0.2,2.6,-1,-24.047,-0.3321,10.709,1372,-8.55,24.400000000000002,15.2,37,2693,9.06,-22.700000000000003,14.4,38,-23.433,-0.614,0,
B-A-low-6,2.63138,1789994596.4212,const,11.7275,3.6226,0.374,0.2,2.6,-1,-24.085,-0.3373,10.706,1371,-8.55,24.400000000000002,15.2,37,2694,9.06,-22.700000000000003,14.4,38,-23.472,-0.614,0,
B-A-low-6,2.6334,1789994596.4233,const,11.7275,3.6226,0.374,0.2,2.6,-1,-24.124,-0.3305,10.703,1370,-8.05,26.0,15.2,37,2695,9.06,-22.700000000000003,14.4,38,-23.51,-0.614,0,
B-A-low-6,2.63538,1789994596.4252,const,11.7275,3.6226,0.374,0.2,2.6,-1,-24.2,-0.6773,10.697,1368,-8.55,24.400000000000002,15.2,37,2697,9.56,-21.0,14.4,38,-23.587,-0.614,0,
B-A-low-6,2.63738,1789994596.4272,const,11.7275,3.6226,0.374,0.2,2.6,-1,-24.239,-0.3342,10.693,1367,-8.55,24.400000000000002,15.2,37,2697,9.06,-22.700000000000003,14.4,38,-23.587,-0.652,0,
B-A-low-6,2.63938,1789994596.4292,const,11.7275,3.6226,0.374,0.2,2.6,-1,-24.277,-0.3352,10.69,1366,-9.06,23.5,15.2,37,2699,9.06,-22.700000000000003,14.4,38,-23.663,-0.614,0,
B-A-low-6,2.64137,1789994596.4312,const,11.7275,3.6226,0.374,0.2,2.6,-1,-24.354,-0.6746,10.684,1364,-8.55,24.400000000000002,15.2,37,2700,9.06,-22.700000000000003,14.4,38,-23.702,-0.652,0,
B-A-low-6,2.6434,1789994596.4333,const,11.7275,3.6226,0.374,0.2,2.6,-1,-24.392,-0.3285,10.681,1363,-9.06,23.5,15.2,37,2701,9.06,-22.700000000000003,14.4,38,-23.74,-0.652,0,
B-A-low-6,2.6454,1789994596.4353,const,11.7275,3.6226,0.374,0.2,2.6,-1,-24.43,-0.336,10.677,1362,-8.55,24.400000000000002,15.2,37,2703,9.56,-21.0,14.4,38,-23.817,-0.614,0,
B-A-low-6,2.64737,1789994596.4372,const,11.7275,3.6226,0.374,0.2,2.6,-1,-24.469,-0.3398,10.674,1361,-8.55,24.400000000000002,15.2,37,2704,9.56,-21.0,14.4,38,-23.855,-0.614,0,
B-A-low-6,2.6494,1789994596.4393,const,11.7275,3.6226,0.374,0.2,2.6,-1,-24.507,-0.3287,10.671,1360,-8.55,24.400000000000002,15.2,37,2705,9.56,-21.0,14.4,38,-23.893,-0.614,0,
B-A-low-6,2.65139,1789994596.4413,const,11.7275,3.6226,0.374,0.2,2.6,-1,-24.545,-0.3364,10.667,1359,-8.05,25.200000000000003,15.2,37,2706,9.06,-21.900000000000002,14.4,38,-23.932,-0.614,0,
B-A-low-6,2.6534,1789994596.4433,const,11.7275,3.6226,0.374,0.2,2.6,-1,-24.622,-0.6674,10.661,1357,-8.55,23.6,15.2,37,2708,9.56,-20.200000000000003,14.4,38,-24.009,-0.614,0,
B-A-low-6,2.65541,1789994596.4453,const,11.7275,3.6226,0.374,0.2,2.6,-1,-24.661,-0.333,10.658,1356,-9.06,22.700000000000003,15.2,37,2708,9.06,-21.900000000000002,14.4,38,-24.009,-0.652,0,
B-A-low-6,2.6574,1789994596.4473,const,11.7275,3.6226,0.374,0.2,2.6,-1,-24.699,-0.3363,10.654,1355,-8.55,23.6,15.2,37,2709,8.55,-22.8,14.4,38,-24.047,-0.652,0,
B-A-low-6,2.65938,1789994596.4492,const,11.7275,3.6226,0.374,0.2,2.6,-1,-24.737,-0.3375,10.651,1354,-8.55,23.6,15.2,37,2710,8.55,-22.8,14.4,38,-24.085,-0.652,0,
B-A-low-6,2.66138,1789994596.4512,const,11.7275,3.6226,0.374,0.2,2.6,-1,-24.776,-0.3348,10.648,1353,-8.55,23.6,15.2,37,2712,8.55,-22.8,14.4,38,-24.162,-0.614,0,
B-A-low-6,2.66338,1789994596.4532,const,11.7275,3.6226,0.374,0.2,2.6,-1,-24.814,-0.3353,10.645,1352,-9.06,22.700000000000003,15.2,37,2713,8.55,-22.8,14.4,38,-24.2,-0.614,0,
B-A-low-6,2.66539,1789994596.4552,const,11.7275,3.6226,0.374,0.2,2.6,-1,-24.852,-0.3331,10.641,1351,-8.05,25.200000000000003,15.2,37,2714,8.55,-22.8,14.4,38,-24.239,-0.614,0,
B-A-low-6,2.66737,1789994596.4572,const,11.7275,3.6226,0.374,0.2,2.6,-1,-24.929,-0.6734,10.635,1349,-8.55,23.6,15.2,37,2715,8.55,-22.8,14.4,38,-24.277,-0.652,0,
B-A-low-6,2.66938,1789994596.4592,const,11.7275,3.6226,0.374,0.2,2.6,-1,-24.929,0.0,10.635,1349,-8.05,25.200000000000003,15.2,37,2716,8.55,-22.8,14.4,38,-24.315,-0.614,0,
B-A-low-6,2.67138,1789994596.4612,const,11.7275,3.6226,0.374,0.2,2.6,-1,-24.967,-0.334,10.631,1348,-8.05,25.200000000000003,15.2,37,2717,8.05,-24.400000000000002,14.4,38,-24.354,-0.614,0,
B-A-low-6,2.67337,1789994596.4632,const,11.7275,3.6226,0.374,0.2,2.6,-1,-25.044,-0.671,10.625,1346,-8.55,23.6,15.2,37,2718,8.05,-24.400000000000002,14.4,38,-24.392,-0.652,0,
B-A-low-6,2.6754,1789994596.4653,const,11.7275,3.6226,0.374,0.2,2.6,-1,-25.082,-0.3308,10.621,1345,-8.55,23.6,15.2,37,2719,7.55,-25.3,14.4,38,-24.43,-0.652,0,
B-A-low-6,2.67739,1789994596.4673,const,11.7275,3.6226,0.374,0.2,2.6,-1,-25.121,-0.3362,10.618,1344,-8.55,23.6,15.2,37,2720,8.05,-24.400000000000002,14.4,38,-24.469,-0.652,0,
B-A-low-6,2.67937,1789994596.4692,const,11.7275,3.6226,0.374,0.2,2.6,-1,-25.121,0.0,10.618,1344,-7.55,26.900000000000002,15.2,37,2721,7.55,-25.3,14.4,38,-24.507,-0.614,0,
B-A-low-6,2.68139,1789994596.4712,const,11.7275,3.6226,0.374,0.2,2.6,-1,-25.121,0.0,10.618,1344,-8.05,26.0,15.2,37,2722,8.05,-24.400000000000002,14.4,38,-24.545,-0.575,0,
B-A-low-6,2.68338,1789994596.4732,const,11.7275,3.6226,0.374,0.2,2.6,-1,-25.197,-0.6713,10.611,1342,-7.55,26.1,15.2,37,2723,7.55,-25.3,14.4,38,-24.584,-0.614,0,
B-A-low-6,2.68535,1789994596.4752,const,11.7275,3.6226,0.374,0.2,2.6,-1,-25.236,-0.3402,10.608,1341,-8.05,25.200000000000003,15.2,37,2724,7.55,-25.3,14.4,38,-24.622,-0.614,0,
B-A-low-6,2.68736,1789994596.4772,const,11.7275,3.6226,0.374,0.2,2.6,-1,-25.274,-0.3332,10.605,1340,-8.05,25.200000000000003,15.2,37,2725,7.55,-25.3,14.4,38,-24.661,-0.614,0,
B-A-low-6,2.68937,1789994596.4792,const,11.7275,3.6226,0.374,0.2,2.6,-1,-25.312,-0.3328,10.601,1339,-8.05,25.200000000000003,15.2,37,2726,7.55,-26.1,14.4,38,-24.699,-0.614,0,
B-A-low-6,2.69139,1789994596.4813,const,11.7275,3.6226,0.374,0.2,2.6,-1,-25.351,-0.3312,10.598,1338,-7.55,26.900000000000002,15.2,37,2727,7.04,-27.0,14.4,38,-24.737,-0.614,0,
B-A-low-6,2.69339,1789994596.4833,const,11.7275,3.6226,0.374,0.2,2.6,-1,-25.389,-0.3348,10.595,1337,-7.55,26.900000000000002,15.2,37,2728,7.55,-26.1,14.4,38,-24.776,-0.614,0,
B-A-low-6,2.69539,1789994596.4853,const,11.7275,3.6226,0.374,0.2,2.6,-1,-25.466,-0.6694,10.588,1335,-8.05,25.200000000000003,15.2,37,2729,7.55,-26.1,14.4,38,-24.814,-0.652,0,
B-A-low-6,2.69737,1789994596.4872,const,11.7275,3.6226,0.374,0.2,2.6,-1,-25.466,0.0,10.588,1335,-7.55,26.900000000000002,15.2,37,2730,7.55,-26.1,14.4,38,-24.852,-0.614,0,
B-A-low-6,2.69938,1789994596.4892,const,11.7275,3.6226,0.374,0.2,2.6,-1,-25.543,-0.6669,10.581,1333,-8.05,25.200000000000003,15.2,37,2731,7.04,-27.0,14.4,38,-24.891,-0.652,0,
B-A-low-6,2.70138,1789994596.4912,const,11.7275,3.6226,0.374,0.2,2.6,-1,-25.581,-0.3348,10.578,1332,-8.05,25.200000000000003,15.2,37,2732,7.55,-26.1,14.4,38,-24.929,-0.652,0,
B-A-low-6,2.70336,1789994596.4932,const,11.7275,3.6226,0.374,0.2,2.6,-1,-25.619,-0.3378,10.574,1331,-8.05,25.200000000000003,15.2,37,2733,7.04,-27.0,14.4,38,-24.967,-0.652,0,
B-A-low-6,2.70529,1789994596.4952,const,11.7275,3.6226,0.374,0.2,2.6,-1,-25.658,-0.3469,10.571,1330,-8.05,25.200000000000003,13.9,37,2735,8.05,-24.400000000000002,14.4,38,-25.044,-0.614,0,
B-A-low-6,2.70728,1789994596.4971,const,11.7275,3.6226,0.374,0.2,2.6,-1,-25.696,-0.3359,10.568,1329,-8.05,25.200000000000003,13.9,37,2736,8.05,-24.400000000000002,13.6,38,-25.082,-0.614,0,
B-A-low-6,2.70926,1789994596.4991,const,11.7275,3.6226,0.374,0.2,2.6,-1,-25.773,-0.676,10.561,1327,-8.55,23.6,13.9,37,2736,7.55,-26.1,13.6,38,-25.082,-0.69,0,
B-A-low-6,2.71128,1789994596.5011,const,11.7275,3.6226,0.374,0.2,2.6,-1,-25.773,0.0,10.561,1327,-8.05,25.200000000000003,13.9,37,2738,8.05,-25.200000000000003,13.6,38,-25.159,-0.614,0,
B-A-low-6,2.71329,1789994596.5031,const,11.7275,3.6226,0.374,0.2,2.6,-1,-25.849,-0.6674,10.554,1325,-8.55,23.6,13.9,37,2739,7.55,-26.1,13.6,38,-25.197,-0.652,0,
B-A-low-6,2.71526,1789994596.5051,const,11.7275,3.6226,0.374,0.2,2.6,-1,-25.888,-0.3389,10.55,1324,-8.55,24.400000000000002,13.9,37,2740,8.05,-25.200000000000003,13.6,38,-25.236,-0.652,0,
B-A-low-6,2.71726,1789994596.5071,const,11.7275,3.6226,0.374,0.2,2.6,-1,-25.926,-0.3346,10.547,1323,-8.55,24.400000000000002,13.9,37,2741,8.05,-25.200000000000003,13.6,38,-25.274,-0.652,0,
B-A-low-6,2.71926,1789994596.5091,const,11.7275,3.6226,0.374,0.2,2.6,-1,-25.964,-0.3344,10.544,1322,-8.55,24.400000000000002,13.9,37,2742,8.05,-25.200000000000003,13.6,38,-25.312,-0.652,0,
B-A-low-6,2.72128,1789994596.5111,const,11.7275,3.6226,0.374,0.2,2.6,-1,-26.003,-0.3317,10.54,1321,-8.55,24.400000000000002,13.9,37,2743,7.55,-26.1,13.6,38,-25.351,-0.652,0,
B-A-low-6,2.72326,1789994596.5131,const,11.7275,3.6226,0.374,0.2,2.6,-1,-26.041,-0.3382,10.537,1320,-8.05,26.0,13.9,37,2745,8.55,-23.6,13.6,38,-25.428,-0.614,0,
B-A-low-6,2.72526,1789994596.5151,const,11.7275,3.6226,0.374,0.2,2.6,-1,-26.08,-0.3342,10.533,1319,-8.55,25.200000000000003,13.9,37,2745,7.55,-26.1,13.6,38,-25.428,-0.652,0,
B-A-low-6,2.72728,1789994596.5171,const,11.7275,3.6226,0.374,0.2,2.6,-1,-26.156,-0.6634,10.526,1317,-8.55,24.400000000000002,13.9,37,2746,7.55,-26.1,13.6,38,-25.466,-0.69,0,
B-A-low-6,2.72928,1789994596.5191,const,11.7275,3.6226,0.374,0.2,2.6,-1,-26.156,0.0,10.526,1317,-8.05,26.0,13.9,37,2748,8.05,-25.200000000000003,13.6,38,-25.543,-0.614,0,
B-A-low-6,2.73126,1789994596.5211,const,11.7275,3.6226,0.374,0.2,2.6,-1,-26.233,-0.6764,10.519,1315,-8.55,24.400000000000002,13.9,37,2749,8.05,-25.200000000000003,13.6,38,-25.581,-0.652,0,
B-A-low-6,2.73326,1789994596.5231,const,11.7275,3.6226,0.374,0.2,2.6,-1,-26.271,-0.3343,10.516,1314,-8.05,25.200000000000003,13.9,37,2749,7.55,-26.900000000000002,13.6,38,-25.581,-0.69,0,
B-A-low-6,2.73526,1789994596.5251,const,11.7275,3.6226,0.374,0.2,2.6,-1,-26.31,-0.3346,10.512,1313,-8.05,25.200000000000003,13.9,37,2750,7.55,-26.900000000000002,13.6,38,-25.619,-0.69,0,
B-A-low-6,2.73726,1789994596.5271,const,11.7275,3.6226,0.374,0.2,2.6,-1,-26.348,-0.3349,10.509,1312,-8.05,25.200000000000003,13.9,37,2752,8.05,-25.200000000000003,13.6,38,-25.696,-0.652,0,
B-A-low-6,2.73926,1789994596.5291,const,11.7275,3.6226,0.374,0.2,2.6,-1,-26.425,-0.6692,10.502,1310,-9.06,22.700000000000003,13.9,37,2753,8.05,-25.200000000000003,13.6,38,-25.734,-0.69,0,
B-A-low-6,2.74126,1789994596.5311,const,11.7275,3.6226,0.374,0.2,2.6,-1,-26.463,-0.3347,10.499,1309,-8.05,25.200000000000003,13.9,37,2754,8.05,-25.200000000000003,13.6,38,-25.773,-0.69,0,
B-A-low-6,2.74326,1789994596.5331,const,11.7275,3.6226,0.374,0.2,2.6,-1,-26.501,-0.3348,10.495,1308,-8.05,25.200000000000003,13.9,37,2755,8.05,-25.200000000000003,13.6,38,-25.811,-0.69,0,
B-A-low-6,2.74526,1789994596.5351,const,11.7275,3.6226,0.374,0.2,2.6,-1,-26.54,-0.3346,10.491,1307,-8.05,25.200000000000003,13.9,37,2756,7.55,-26.1,13.6,38,-25.849,-0.69,0,
B-A-low-6,2.74726,1789994596.5371,const,11.7275,3.6226,0.374,0.2,2.6,-1,-26.54,0.0,10.491,1307,-8.05,26.0,13.9,37,2758,8.05,-24.400000000000002,13.6,38,-25.926,-0.614,0,
B-A-low-6,2.74926,1789994596.5391,const,11.7275,3.6226,0.374,0.2,2.6,-1,-26.616,-0.6689,10.484,1305,-8.55,24.400000000000002,13.9,37,2758,7.55,-26.1,13.6,38,-25.926,-0.69,0,
B-A-low-6,2.75126,1789994596.5411,const,11.7275,3.6226,0.374,0.2,2.6,-1,-26.616,0.0,10.484,1305,-7.55,26.900000000000002,13.9,37,2760,8.55,-23.6,13.6,38,-26.003,-0.614,0,
B-A-low-6,2.75326,1789994596.5431,const,11.7275,3.6226,0.374,0.2,2.6,-1,-26.655,-0.335,10.481,1304,-8.05,26.0,13.9,37,2760,7.55,-26.900000000000002,13.6,38,-26.003,-0.652,0,
B-A-low-6,2.75526,1789994596.5451,const,11.7275,3.6226,0.374,0.2,2.6,-1,-26.693,-0.3345,10.477,1303,-7.55,26.900000000000002,13.9,37,2762,8.05,-25.200000000000003,13.6,38,-26.08,-0.614,0,
B-A-low-6,2.75726,1789994596.5471,const,11.7275,3.6226,0.374,0.2,2.6,-1,-26.732,-0.3345,10.474,1302,-7.55,27.700000000000003,13.9,37,2762,8.05,-26.0,13.6,38,-26.08,-0.652,0,
B-A-low-6,2.75926,1789994596.5491,const,11.7275,3.6226,0.374,0.2,2.6,-1,-26.77,-0.3349,10.47,1301,-7.55,27.700000000000003,13.9,37,2763,7.55,-26.900000000000002,13.6,38,-26.118,-0.652,0,
B-A-low-6,2.76126,1789994596.5511,const,11.7275,3.6226,0.374,0.2,2.6,-1,-26.808,-0.3346,10.467,1300,-7.55,27.700000000000003,13.9,37,2765,8.05,-25.200000000000003,13.6,38,-26.195,-0.614,0,
B-A-low-6,2.76326,1789994596.5531,const,11.7275,3.6226,0.374,0.2,2.6,-1,-26.847,-0.3348,10.463,1299,-7.55,27.700000000000003,13.9,37,2766,8.05,-25.200000000000003,13.6,38,-26.233,-0.614,0,
B-A-low-6,2.76526,1789994596.5551,const,11.7275,3.6226,0.374,0.2,2.6,-1,-26.923,-0.6687,10.456,1297,-7.55,26.900000000000002,13.9,37,2767,8.05,-25.200000000000003,13.6,38,-26.271,-0.652,0,
B-A-low-6,2.76726,1789994596.5571,const,11.7275,3.6226,0.374,0.2,2.6,-1,-26.962,-0.3347,10.453,1296,-7.55,26.900000000000002,13.9,37,2767,7.04,-27.8,13.6,38,-26.271,-0.69,0,
B-A-low-6,2.76926,1789994596.5591,const,11.7275,3.6226,0.374,0.2,2.6,-1,-26.962,0.0,10.453,1296,-7.04,28.6,13.9,37,2769,8.05,-25.200000000000003,13.6,38,-26.348,-0.614,0,
B-A-low-6,2.77126,1789994596.5611,const,11.7275,3.6226,0.374,0.2,2.6,-1,-27.038,-0.6685,10.446,1294,-7.55,26.900000000000002,13.9,37,2770,7.55,-26.900000000000002,13.6,38,-26.386,-0.652,0,
B-A-low-6,2.77326,1789994596.5631,const,11.7275,3.6226,0.374,0.2,2.6,-1,-27.077,-0.335,10.442,1293,-7.55,27.700000000000003,13.9,37,2771,8.05,-26.0,13.6,38,-26.425,-0.652,0,
B-A-low-6,2.77526,1789994596.5651,const,11.7275,3.6226,0.374,0.2,2.6,-1,-27.115,-0.3348,10.438,1292,-7.55,27.700000000000003,13.9,37,2772,7.55,-26.900000000000002,13.6,38,-26.463,-0.652,0,
B-A-low-6,2.77726,1789994596.5671,const,11.7275,3.6226,0.374,0.2,2.6,-1,-27.153,-0.3345,10.435,1291,-7.55,27.700000000000003,13.9,37,2773,7.55,-26.900000000000002,13.6,38,-26.501,-0.652,0,
B-A-low-6,2.77926,1789994596.5691,const,11.7275,3.6226,0.374,0.2,2.6,-1,-27.192,-0.3348,10.431,1290,-7.55,27.700000000000003,13.9,37,2774,7.04,-27.8,13.6,38,-26.54,-0.652,0,
B-A-low-6,2.78126,1789994596.5711,const,11.7275,3.6226,0.374,0.2,2.6,-1,-27.23,-0.3347,10.428,1289,-8.05,26.8,13.9,37,2775,7.55,-26.900000000000002,13.6,38,-26.578,-0.652,0,
B-A-low-6,2.78326,1789994596.5731,const,11.7275,3.6226,0.374,0.2,2.6,-1,-27.268,-0.3347,10.424,1288,-7.55,27.700000000000003,13.9,37,2776,7.55,-26.1,13.6,38,-26.616,-0.652,0,
B-A-low-6,2.78526,1789994596.5751,const,11.7275,3.6226,0.374,0.2,2.6,-1,-27.307,-0.3348,10.42,1287,-7.55,27.700000000000003,13.9,37,2777,7.55,-26.900000000000002,13.6,38,-26.655,-0.652,0,
B-A-low-6,2.78726,1789994596.5771,const,11.7275,3.6226,0.374,0.2,2.6,-1,-27.345,-0.3346,10.417,1286,-7.55,27.700000000000003,13.9,37,2778,7.55,-27.700000000000003,13.6,38,-26.693,-0.652,0,
B-A-low-6,2.78926,1789994596.5791,const,11.7275,3.6226,0.374,0.2,2.6,-1,-27.384,-0.3348,10.413,1285,-7.55,27.700000000000003,13.9,37,2779,7.55,-27.700000000000003,13.6,38,-26.732,-0.652,0,
B-A-low-6,2.79126,1789994596.5811,const,11.7275,3.6226,0.374,0.2,2.6,-1,-27.422,-0.3348,10.41,1284,-7.55,28.5,13.9,37,2780,7.55,-27.700000000000003,13.6,38,-26.77,-0.652,0,
B-A-low-6,2.79326,1789994596.5831,const,11.7275,3.6226,0.374,0.2,2.6,-1,-27.499,-0.6684,10.402,1282,-8.05,26.8,13.9,37,2782,7.55,-26.900000000000002,13.6,38,-26.847,-0.652,0,
B-A-low-6,2.79526,1789994596.5851,const,11.7275,3.6226,0.374,0.2,2.6,-1,-27.499,0.0,10.402,1282,-7.55,28.5,13.9,37,2782,7.55,-27.700000000000003,13.6,38,-26.847,-0.652,0,
B-A-low-6,2.79726,1789994596.5871,const,11.7275,3.6226,0.374,0.2,2.6,-1,-27.537,-0.3348,10.399,1281,-7.55,27.700000000000003,13.9,37,2783,7.55,-27.700000000000003,13.6,38,-26.885,-0.652,0,
B-A-low-6,2.79926,1789994596.5891,const,11.7275,3.6226,0.374,0.2,2.6,-1,-27.575,-0.3347,10.395,1280,-7.55,27.700000000000003,13.9,37,2784,7.04,-28.6,13.6,38,-26.923,-0.652,0,
B-A-low-6,2.80126,1789994596.5911,decel,11.7275,3.6226,0.374,0.2,2.6,-1,-27.614,-0.3347,10.391,1279,-7.55,27.700000000000003,13.9,37,2785,7.55,-27.700000000000003,13.6,38,-26.962,-0.652,0,
B-A-low-6,2.80326,1789994596.5931,decel,11.7275,3.6226,0.374,0.2,2.6,-1,-27.69,-0.6698,10.384,1277,-8.05,26.0,13.9,37,2787,7.55,-27.700000000000003,13.6,38,-27.038,-0.652,0,
B-A-low-6,2.80526,1789994596.5951,decel,11.7275,3.6226,0.374,0.2,2.6,-1,-27.729,-0.3346,10.381,1276,-8.05,26.0,13.9,37,2788,7.55,-27.700000000000003,13.6,38,-27.077,-0.652,0,
B-A-low-6,2.80726,1789994596.5971,decel,11.7275,3.6226,0.374,0.2,2.6,-1,-27.767,-0.3347,10.377,1275,-7.55,26.900000000000002,13.9,37,2788,7.04,-29.400000000000002,13.6,38,-27.077,-0.69,0,
B-A-low-6,2.80926,1789994596.5991,decel,11.7275,3.6226,0.374,0.2,2.6,-1,-27.805,-0.3348,10.373,1274,-8.05,25.200000000000003,13.9,37,2790,8.05,-26.8,13.6,38,-27.153,-0.652,0,
B-A-low-6,2.81126,1789994596.6011,decel,11.7275,3.6226,0.374,0.2,2.6,-1,-27.844,-0.3346,10.37,1273,-8.05,25.200000000000003,13.9,37,2792,8.05,-26.0,13.6,38,-27.23,-0.614,0,
B-A-low-6,2.81326,1789994596.6031,decel,11.7275,3.6226,0.374,0.2,2.6,-1,-27.882,-0.3348,10.366,1272,-8.05,25.200000000000003,13.9,37,2793,8.05,-26.0,13.6,38,-27.268,-0.614,0,
B-A-low-6,2.81526,1789994596.6051,decel,11.7275,3.6226,0.374,0.2,2.6,-1,-27.92,-0.3347,10.362,1271,-7.55,26.1,13.9,37,2794,8.05,-26.0,13.6,38,-27.307,-0.614,0,
B-A-low-6,2.81726,1789994596.6071,decel,11.7275,3.6226,0.374,0.2,2.6,-1,-27.997,-0.6699,10.355,1269,-8.05,23.6,13.9,37,2795,8.05,-26.0,13.6,38,-27.345,-0.652,0,
B-A-low-6,2.81926,1789994596.6091,decel,11.7275,3.6226,0.374,0.2,2.6,-1,-28.036,-0.3343,10.351,1268,-8.05,23.6,13.9,37,2796,8.05,-26.0,13.6,38,-27.384,-0.652,0,
B-A-low-6,2.82126,1789994596.6111,decel,11.7275,3.6226,0.374,0.2,2.6,-1,-28.074,-0.3349,10.347,1267,-8.55,22.0,14.3,37,2798,8.55,-25.200000000000003,13.6,38,-27.46,-0.614,0,
B-A-low-6,2.82326,1789994596.6131,decel,11.7275,3.6226,0.374,0.2,2.6,-1,-28.112,-0.3346,10.344,1266,-8.05,22.8,14.3,37,2799,8.55,-25.200000000000003,13.6,38,-27.499,-0.614,0,
B-A-low-6,2.82526,1789994596.6151,decel,11.7275,3.6226,0.374,0.2,2.6,-1,-28.151,-0.3348,10.34,1265,-8.05,22.0,14.3,37,2800,8.55,-25.200000000000003,13.6,38,-27.537,-0.614,0,
B-A-low-6,2.82726,1789994596.6171,decel,11.7275,3.6226,0.374,0.2,2.6,-1,-28.189,-0.3348,10.336,1264,-8.05,22.0,14.3,37,2801,9.06,-23.5,13.6,38,-27.575,-0.614,0,
B-A-low-6,2.82926,1789994596.6191,decel,11.7275,3.6226,0.374,0.2,2.6,-1,-28.189,0.0,10.336,1264,-7.55,22.900000000000002,14.3,37,2802,8.55,-24.400000000000002,13.6,38,-27.614,-0.575,0,
B-A-low-6,2.83126,1789994596.6211,decel,11.7275,3.6226,0.374,0.2,2.6,-1,-28.227,-0.335,10.333,1263,-7.55,22.1,14.3,37,2803,8.55,-24.400000000000002,13.6,38,-27.652,-0.575,0,
B-A-low-6,2.83326,1789994596.6231,decel,11.7275,3.6226,0.374,0.2,2.6,-1,-28.266,-0.3344,10.329,1262,-7.04,23.0,14.3,37,2804,8.55,-24.400000000000002,13.6,38,-27.69,-0.575,0,
B-A-low-6,2.83526,1789994596.6251,decel,11.7275,3.6226,0.374,0.2,2.6,-1,-28.304,-0.3348,10.325,1261,-7.04,22.200000000000003,14.3,37,2806,9.06,-22.700000000000003,13.6,38,-27.767,-0.537,0,
B-A-low-6,2.83726,1789994596.6271,decel,11.7275,3.6226,0.374,0.2,2.6,-1,-28.342,-0.3343,10.321,1260,-7.04,21.400000000000002,14.3,37,2807,9.06,-22.700000000000003,13.6,38,-27.805,-0.537,0,
B-A-low-6,2.83926,1789994596.6291,decel,11.7275,3.6226,0.374,0.2,2.6,-1,-28.381,-0.3352,10.318,1259,-7.04,21.400000000000002,14.3,37,2808,9.06,-22.700000000000003,13.6,38,-27.844,-0.537,0,
B-A-low-6,2.84126,1789994596.6311,decel,11.7275,3.6226,0.374,0.2,2.6,-1,-28.419,-0.3346,10.314,1258,-7.04,20.6,14.3,37,2809,8.55,-22.8,13.6,38,-27.882,-0.537,0,
B-A-low-6,2.84326,1789994596.6331,decel,11.7275,3.6226,0.374,0.2,2.6,-1,-28.457,-0.3348,10.31,1257,-7.04,19.8,14.3,37,2810,8.55,-23.6,13.6,38,-27.92,-0.537,0,
B-A-low-6,2.84526,1789994596.6351,decel,11.7275,3.6226,0.374,0.2,2.6,-1,-28.496,-0.3346,10.307,1256,-7.55,18.1,14.3,37,2811,8.55,-22.8,13.6,38,-27.959,-0.537,0,
B-A-low-6,2.84726,1789994596.6371,decel,11.7275,3.6226,0.374,0.2,2.6,-1,-28.534,-0.3346,10.303,1255,-7.04,18.2,14.3,37,2812,8.05,-23.6,13.6,38,-27.997,-0.537,0,
B-A-low-6,2.84926,1789994596.6391,decel,11.7275,3.6226,0.374,0.2,2.6,-1,-28.534,0.0,10.303,1255,-6.04,19.900000000000002,14.3,37,2813,8.05,-22.8,13.6,38,-28.036,-0.499,0,
B-A-low-6,2.85126,1789994596.6411,decel,11.7275,3.6226,0.374,0.2,2.6,-1,-28.611,-0.6695,10.295,1253,-7.04,16.6,14.3,37,2814,8.05,-22.8,13.6,38,-28.074,-0.537,0,
B-A-low-6,2.85326,1789994596.6431,decel,11.7275,3.6226,0.374,0.2,2.6,-1,-28.611,0.0,10.295,1253,-6.54,17.5,14.3,37,2816,8.05,-22.0,13.6,38,-28.151,-0.46,0,
B-A-low-6,2.85526,1789994596.6451,decel,11.7275,3.6226,0.374,0.2,2.6,-1,-28.649,-0.3345,10.292,1252,-6.54,16.7,14.3,37,2816,7.55,-22.900000000000002,13.6,38,-28.151,-0.499,0,
B-A-low-6,2.85726,1789994596.6471,decel,11.7275,3.6226,0.374,0.2,2.6,-1,-28.688,-0.3347,10.288,1251,-6.54,15.9,14.3,37,2817,7.55,-22.900000000000002,13.6,38,-28.189,-0.499,0,
B-A-low-6,2.85926,1789994596.6491,decel,11.7275,3.6226,0.374,0.2,2.6,-1,-28.726,-0.3348,10.284,1250,-6.54,15.100000000000001,14.3,37,2818,7.55,-22.1,13.6,38,-28.227,-0.499,0,
B-A-low-6,2.86126,1789994596.6511,decel,11.7275,3.6226,0.374,0.2,2.6,-1,-28.726,0.0,10.284,1250,-6.04,15.9,14.3,37,2820,8.05,-20.400000000000002,13.6,38,-28.304,-0.422,0,
B-A-low-6,2.86326,1789994596.6531,decel,11.7275,3.6226,0.374,0.2,2.6,-1,-28.764,-0.3344,10.28,1249,-6.54,14.3,14.3,37,2821,8.05,-19.6,13.6,38,-28.342,-0.422,0,
B-A-low-6,2.86526,1789994596.6551,decel,11.7275,3.6226,0.374,0.2,2.6,-1,-28.803,-0.3347,10.276,1248,-6.04,14.3,14.3,37,2821,7.55,-20.5,13.6,38,-28.342,-0.46,0,
B-A-low-6,2.86726,1789994596.6571,decel,11.7275,3.6226,0.374,0.2,2.6,-1,-28.803,0.0,10.276,1248,-5.54,15.200000000000001,14.3,37,2822,7.55,-20.5,13.6,38,-28.381,-0.422,0,
B-A-low-6,2.86926,1789994596.6591,decel,11.7275,3.6226,0.374,0.2,2.6,-1,-28.841,-0.3347,10.273,1247,-5.54,14.4,14.3,37,2823,7.04,-20.6,13.6,38,-28.419,-0.422,0,
B-A-low-6,2.87126,1789994596.6611,decel,11.7275,3.6226,0.374,0.2,2.6,-1,-28.841,0.0,10.273,1247,-5.54,14.4,14.3,37,2823,7.04,-20.6,13.6,38,-28.419,-0.422,0,
B-A-low-6,2.87326,1789994596.6631,decel,11.7275,3.6226,0.374,0.2,2.6,-1,-28.879,-0.3348,10.269,1246,-5.03,14.5,14.3,37,2824,7.04,-19.8,13.6,38,-28.457,-0.422,0,
B-A-low-6,2.87526,1789994596.6651,decel,11.7275,3.6226,0.374,0.2,2.6,-1,-28.879,0.0,10.269,1246,-5.03,14.5,14.3,37,2824,6.04,-21.5,13.6,38,-28.457,-0.422,0,
B-A-low-6,2.87726,1789994596.6671,decel,11.7275,3.6226,0.374,0.2,2.6,-1,-28.918,-0.3345,10.265,1245,-5.03,13.700000000000001,14.3,37,2825,6.04,-20.700000000000003,13.6,38,-28.496,-0.422,0,
B-A-low-6,2.87926,1789994596.6691,decel,11.7275,3.6226,0.374,0.2,2.6,-1,-28.918,0.0,10.265,1245,-4.53,14.600000000000001,14.3,37,2826,6.04,-19.900000000000002,13.6,38,-28.534,-0.384,0,
B-A-low-6,2.88126,1789994596.6711,decel,11.7275,3.6226,0.374,0.2,2.6,-1,-28.956,-0.3344,10.261,1244,-4.53,13.8,14.3,37,2826,5.54,-20.8,13.6,38,-28.534,-0.422,0,
B-A-low-6,2.88326,1789994596.6731,decel,11.7275,3.6226,0.374,0.2,2.6,-1,-28.956,0.0,10.261,1244,-4.03,14.600000000000001,14.3,37,2827,5.54,-20.0,13.6,38,-28.572,-0.384,0,
B-A-low-6,2.88526,1789994596.6751,decel,11.7275,3.6226,0.374,0.2,2.6,-1,-28.956,0.0,10.261,1244,-4.03,14.600000000000001,14.3,37,2828,5.54,-19.200000000000003,13.6,38,-28.611,-0.345,0,
B-A-low-6,2.88726,1789994596.6771,decel,11.7275,3.6226,0.374,0.2,2.6,-1,-28.994,-0.3348,10.257,1243,-4.03,13.8,14.3,37,2828,5.03,-20.1,13.6,38,-28.611,-0.384,0,
B-A-low-6,2.88926,1789994596.6791,decel,11.7275,3.6226,0.374,0.2,2.6,-1,-28.994,0.0,10.257,1243,-3.52,14.700000000000001,14.3,37,2828,4.53,-21.0,13.6,38,-28.611,-0.384,0,
B-A-low-6,2.89126,1789994596.6811,decel,11.7275,3.6226,0.374,0.2,2.6,-1,-28.994,0.0,10.257,1243,-3.52,14.700000000000001,14.3,37,2829,4.53,-20.200000000000003,13.6,38,-28.649,-0.345,0,
B-A-low-6,2.89326,1789994596.6831,decel,11.7275,3.6226,0.374,0.2,2.6,-1,-28.994,0.0,10.257,1243,-3.02,15.600000000000001,14.3,37,2829,4.03,-21.0,13.6,38,-28.649,-0.345,0,
B-A-low-6,2.89526,1789994596.6851,decel,11.7275,3.6226,0.374,0.2,2.6,-1,-29.033,-0.3347,10.254,1242,-3.02,14.8,14.3,37,2829,4.03,-21.0,13.6,38,-28.649,-0.384,0,
B-A-low-6,2.89726,1789994596.6871,decel,11.7275,3.6226,0.374,0.2,2.6,-1,-29.071,-0.3346,10.25,1241,-3.52,13.100000000000001,14.3,37,2830,4.03,-20.200000000000003,13.6,38,-28.688,-0.384,0,
B-A-low-6,2.89926,1789994596.6891,decel,11.7275,3.6226,0.374,0.2,2.6,-1,-29.071,0.0,10.25,1241,-3.02,14.0,14.3,37,2830,3.52,-21.1,13.6,38,-28.688,-0.384,0,
B-A-low-6,2.90126,1789994596.6911,decel,11.7275,3.6226,0.374,0.2,2.6,-1,-29.071,0.0,10.25,1241,-2.52,14.9,14.3,37,2830,3.52,-21.1,13.6,38,-28.688,-0.384,0,
B-A-low-6,2.90326,1789994596.6931,decel,11.7275,3.6226,0.374,0.2,2.6,-1,-29.071,0.0,10.25,1241,-2.52,14.9,14.3,37,2830,3.02,-22.0,13.6,38,-28.688,-0.384,0,
B-A-low-6,2.90526,1789994596.6951,decel,11.7275,3.6226,0.374,0.2,2.6,-1,-29.071,0.0,10.25,1241,-2.01,15.700000000000001,14.3,37,2830,2.52,-22.900000000000002,13.6,38,-28.688,-0.384,0,
B-A-low-6,2.90726,1789994596.6971,decel,11.7275,3.6226,0.374,0.2,2.6,-1,-29.109,-0.3348,10.246,1240,-2.52,14.100000000000001,14.3,37,2830,2.52,-22.900000000000002,13.6,38,-28.688,-0.422,0,
B-A-low-6,2.90926,1789994596.6991,decel,11.7275,3.6226,0.374,0.2,2.6,-1,-29.109,0.0,10.246,1240,-2.52,14.100000000000001,14.3,37,2830,2.01,-23.700000000000003,13.6,38,-28.688,-0.422,0,
B-A-low-6,2.91126,1789994596.7011,decel,11.7275,3.6226,0.374,0.2,2.6,-1,-29.109,0.0,10.246,1240,-2.01,14.9,14.3,37,2831,2.01,-22.900000000000002,13.6,38,-28.726,-0.384,0,
B-A-low-6,2.91326,1789994596.7031,decel,11.7275,3.6226,0.374,0.2,2.6,-1,-29.109,0.0,10.246,1240,-2.01,14.9,14.3,37,2831,2.01,-22.900000000000002,13.6,38,-28.726,-0.384,0,
B-A-low-6,2.91526,1789994596.7051,decel,11.7275,3.6226,0.374,0.2,2.6,-1,-29.109,0.0,10.246,1240,-1.51,15.8,14.3,37,2831,1.51,-23.8,13.6,38,-28.726,-0.384,0,
B-A-low-6,2.91726,1789994596.7071,decel,11.7275,3.6226,0.374,0.2,2.6,-1,-29.109,0.0,10.246,1240,-1.51,15.8,14.3,37,2831,1.51,-23.8,13.6,38,-28.726,-0.384,0,
B-A-low-6,2.91926,1789994596.7091,decel,11.7275,3.6226,0.374,0.2,2.6,-1,-29.148,-0.3348,10.242,1239,-2.01,14.100000000000001,14.3,37,2831,1.51,-23.8,13.6,38,-28.726,-0.422,0,
B-A-low-6,2.92126,1789994596.7111,decel,11.7275,3.6226,0.374,0.2,2.6,-1,-29.148,0.0,10.242,1239,-2.01,14.100000000000001,14.3,37,2831,1.51,-23.8,13.6,38,-28.726,-0.422,0,
B-A-low-6,2.92326,1789994596.7131,decel,11.7275,3.6226,0.374,0.2,2.6,-1,-29.148,0.0,10.242,1239,-1.51,15.0,14.3,37,2831,1.01,-24.700000000000003,13.6,38,-28.726,-0.422,0,
B-A-low-6,2.92526,1789994596.7151,decel,11.7275,3.6226,0.374,0.2,2.6,-1,-29.148,0.0,10.242,1239,-1.51,15.0,14.3,37,2831,0.0,-26.400000000000002,13.6,38,-28.726,-0.422,0,
B-A-low-6,2.92728,1789994596.7171,decel,11.7275,3.6226,0.374,0.2,2.6,-1,-29.148,0.0,10.242,1239,-1.51,15.0,14.3,37,2831,1.01,-24.700000000000003,13.6,38,-28.726,-0.422,0,
B-A-low-6,2.92926,1789994596.7191,decel,11.7275,3.6226,0.374,0.2,2.6,-1,-29.148,0.0,10.242,1239,-1.01,15.9,14.3,37,2831,0.0,-26.400000000000002,13.6,38,-28.726,-0.422,0,
B-A-low-6,2.93126,1789994596.7211,decel,11.7275,3.6226,0.374,0.2,2.6,-1,-29.148,0.0,10.242,1239,-1.01,15.9,14.3,37,2831,0.0,-26.400000000000002,13.6,38,-28.726,-0.422,0,
B-A-low-6,2.93326,1789994596.7231,decel,11.7275,3.6226,0.374,0.2,2.6,-1,-29.148,0.0,10.242,1239,-1.01,15.9,14.3,37,2831,0.0,-26.400000000000002,13.6,38,-28.726,-0.422,0,
B-A-low-6,2.93526,1789994596.7251,decel,11.7275,3.6226,0.374,0.2,2.6,-1,-29.148,0.0,10.242,1239,-1.01,15.9,14.3,37,2831,0.0,-26.400000000000002,13.6,38,-28.726,-0.422,0,
B-A-low-6,2.93726,1789994596.7271,decel,11.7275,3.6226,0.374,0.2,2.6,-1,-29.148,0.0,10.242,1239,0.0,17.6,15.2,37,2831,0.0,-26.400000000000002,13.6,38,-28.726,-0.422,0,
B-A-low-6,2.93926,1789994596.7291,decel,11.7275,3.6226,0.374,0.2,2.6,-1,-29.148,0.0,10.242,1239,0.0,17.6,15.2,37,2831,0.0,-26.400000000000002,14.9,38,-28.726,-0.422,0,
B-A-low-6,2.94126,1789994596.7311,decel,11.7275,3.6226,0.374,0.2,2.6,-1,-29.148,0.0,10.242,1239,0.0,17.6,15.2,37,2831,0.0,-26.400000000000002,14.9,38,-28.726,-0.422,0,
B-A-low-6,2.94326,1789994596.7331,decel,11.7275,3.6226,0.374,0.2,2.6,-1,-29.148,0.0,10.242,1239,0.0,17.6,15.2,37,2831,0.0,-26.400000000000002,14.9,38,-28.726,-0.422,0,
B-A-low-6,2.94526,1789994596.7351,decel,11.7275,3.6226,0.374,0.2,2.6,-1,-29.148,0.0,10.242,1239,0.0,17.6,15.2,37,2831,0.0,-26.400000000000002,14.9,38,-28.726,-0.422,0,
B-A-low-6,2.94726,1789994596.7371,decel,11.7275,3.6226,0.374,0.2,2.6,-1,-29.148,0.0,10.242,1239,0.0,17.6,15.2,37,2831,0.0,-26.400000000000002,14.9,38,-28.726,-0.422,0,
B-A-low-6,2.94928,1789994596.7391,decel,11.7275,3.6226,0.374,0.2,2.6,-1,-29.148,0.0,10.242,1239,0.0,17.6,15.2,37,2831,0.0,-26.400000000000002,14.9,38,-28.726,-0.422,0,
B-A-low-6,2.95126,1789994596.7411,decel,11.7275,3.6226,0.374,0.2,2.6,-1,-29.148,0.0,10.242,1239,0.0,17.6,15.2,37,2831,0.0,-26.400000000000002,14.9,38,-28.726,-0.422,0,
B-A-low-6,2.95326,1789994596.7431,decel,11.7275,3.6226,0.374,0.2,2.6,-1,-29.148,0.0,10.242,1239,0.0,17.6,15.2,37,2831,0.0,-26.400000000000002,14.9,38,-28.726,-0.422,0,
B-A-low-6,2.95526,1789994596.7451,decel,11.7275,3.6226,0.374,0.2,2.6,-1,-29.148,0.0,10.242,1239,0.0,17.6,15.2,37,2830,0.0,-27.200000000000003,14.9,38,-28.688,-0.46,0,
B-A-low-6,2.95726,1789994596.7471,decel,11.7275,3.6226,0.374,0.2,2.6,-1,-29.148,0.0,10.242,1239,0.0,17.6,15.2,37,2831,0.0,-26.400000000000002,14.9,38,-28.726,-0.422,0,
B-A-low-6,2.95924,1789994596.7491,decel,11.7275,3.6226,0.374,0.2,2.6,-1,-29.148,0.0,10.242,1239,0.0,17.6,15.2,37,2830,0.0,-27.200000000000003,14.9,38,-28.688,-0.46,0,
B-A-low-6,2.96124,1789994596.7511,decel,11.7275,3.6226,0.374,0.2,2.6,-1,-29.109,0.334,10.246,1240,0.0,18.400000000000002,15.2,37,2830,0.0,-27.200000000000003,14.9,38,-28.688,-0.422,0,
B-A-low-6,2.96325,1789994596.7531,decel,11.7275,3.6226,0.374,0.2,2.6,-1,-29.148,-0.333,10.242,1239,0.0,17.6,15.2,37,2830,0.0,-27.200000000000003,14.9,38,-28.688,-0.46,0,
B-A-low-6,2.96526,1789994596.7551,decel,11.7275,3.6226,0.374,0.2,2.6,-1,-29.148,0.0,10.242,1239,0.0,17.6,15.2,37,2830,0.0,-27.200000000000003,14.9,38,-28.688,-0.46,0,
B-A-low-6,2.96723,1789994596.7571,decel,11.7275,3.6226,0.374,0.2,2.6,-1,-29.148,0.0,10.242,1239,0.0,17.6,15.2,37,2830,0.0,-27.200000000000003,14.9,38,-28.688,-0.46,0,
B-A-low-6,2.96924,1789994596.7591,decel,11.7275,3.6226,0.374,0.2,2.6,-1,-29.148,0.0,10.242,1239,0.0,17.6,15.2,37,2830,0.0,-27.200000000000003,14.9,38,-28.688,-0.46,0,
B-A-low-6,2.97124,1789994596.7611,decel,11.7275,3.6226,0.374,0.2,2.6,-1,-29.148,0.0,10.242,1239,0.0,17.6,15.2,37,2830,0.0,-27.200000000000003,14.9,38,-28.688,-0.46,0,
B-A-low-6,2.97324,1789994596.7631,decel,11.7275,3.6226,0.374,0.2,2.6,-1,-29.148,0.0,10.242,1239,0.0,18.400000000000002,15.2,37,2830,0.0,-27.200000000000003,14.9,38,-28.688,-0.46,0,
B-A-low-6,2.97523,1789994596.7651,decel,11.7275,3.6226,0.374,0.2,2.6,-1,-29.148,0.0,10.242,1239,0.0,17.6,15.2,37,2830,0.0,-27.200000000000003,14.9,38,-28.688,-0.46,0,
B-A-low-6,2.97724,1789994596.7671,decel,11.7275,3.6226,0.374,0.2,2.6,-1,-29.109,0.3341,10.246,1240,0.0,18.400000000000002,15.2,37,2830,0.0,-27.200000000000003,14.9,38,-28.688,-0.422,0,
B-A-low-6,2.97924,1789994596.7691,decel,11.7275,3.6226,0.374,0.2,2.6,-1,-29.109,0.0,10.246,1240,0.0,18.400000000000002,15.2,37,2830,0.0,-27.200000000000003,14.9,38,-28.688,-0.422,0,
B-A-low-6,2.98124,1789994596.7711,decel,11.7275,3.6226,0.374,0.2,2.6,-1,-29.109,0.0,10.246,1240,0.0,18.400000000000002,15.2,37,2830,0.0,-27.200000000000003,14.9,38,-28.688,-0.422,0,
B-A-low-6,2.98324,1789994596.7731,decel,11.7275,3.6226,0.374,0.2,2.6,-1,-29.148,-0.3348,10.242,1239,0.0,17.6,15.2,37,2830,0.0,-27.200000000000003,14.9,38,-28.688,-0.46,0,
B-A-low-6,2.98524,1789994596.7751,decel,11.7275,3.6226,0.374,0.2,2.6,-1,-29.109,0.3347,10.246,1240,0.0,18.400000000000002,15.2,37,2830,0.0,-27.200000000000003,14.9,38,-28.688,-0.422,0,
B-A-low-6,2.98724,1789994596.7771,decel,11.7275,3.6226,0.374,0.2,2.6,-1,-29.109,0.0,10.246,1240,0.0,18.400000000000002,15.2,37,2830,0.0,-27.200000000000003,14.9,38,-28.688,-0.422,0,
B-A-low-6,2.98924,1789994596.7791,decel,11.7275,3.6226,0.374,0.2,2.6,-1,-29.109,0.0,10.246,1240,0.0,18.400000000000002,15.2,37,2830,0.0,-27.200000000000003,14.9,38,-28.688,-0.422,0,
B-A-low-6,2.99124,1789994596.7811,decel,11.7275,3.6226,0.374,0.2,2.6,-1,-29.109,0.0,10.246,1240,0.0,18.400000000000002,15.2,37,2829,0.0,-28.0,14.9,38,-28.649,-0.46,0,
B-A-low-6,2.99324,1789994596.7831,decel,11.7275,3.6226,0.374,0.2,2.6,-1,-29.109,0.0,10.246,1240,0.0,18.400000000000002,15.2,37,2830,0.0,-27.200000000000003,14.9,38,-28.688,-0.422,0,
B-A-low-6,2.99525,1789994596.7851,decel,11.7275,3.6226,0.374,0.2,2.6,-1,-29.109,0.0,10.246,1240,0.0,18.400000000000002,15.2,37,2830,0.0,-27.200000000000003,14.9,38,-28.688,-0.422,0,
B-A-low-6,2.99725,1789994596.7871,decel,11.7275,3.6226,0.374,0.2,2.6,-1,-29.109,0.0,10.246,1240,0.0,18.400000000000002,15.2,37,2830,0.0,-27.200000000000003,14.9,38,-28.688,-0.422,0,
B-A-low-6,2.99925,1789994596.7891,decel,11.7275,3.6226,0.374,0.2,2.6,-1,-29.109,0.0,10.246,1240,0.0,18.400000000000002,15.2,37,2830,0.0,-27.200000000000003,14.9,38,-28.688,-0.422,0,
B-A-low-6,3.00125,1789994596.7911,decel,11.7275,3.6226,0.374,0.2,2.6,-1,-29.109,0.0,10.246,1240,0.0,18.400000000000002,15.2,37,2830,0.0,-27.200000000000003,14.9,38,-28.688,-0.422,0,
B-A-low-6,3.00325,1789994596.7931,decel,11.7275,3.6226,0.374,0.2,2.6,-1,-29.109,0.0,10.246,1240,0.0,18.400000000000002,15.2,37,2829,0.0,-27.200000000000003,14.9,38,-28.649,-0.46,0,
B-A-low-6,3.00526,1789994596.7951,decel,11.7275,3.6226,0.374,0.2,2.6,-1,-29.109,0.0,10.246,1240,0.0,18.400000000000002,15.2,37,2830,0.0,-28.0,14.9,38,-28.688,-0.422,0,
B-A-low-6,3.00725,1789994596.7971,decel,11.7275,3.6226,0.374,0.2,2.6,-1,-29.109,0.0,10.246,1240,0.0,18.400000000000002,15.2,37,2830,0.0,-27.200000000000003,14.9,38,-28.688,-0.422,0,
B-A-low-6,3.00923,1789994596.7991,decel,11.7275,3.6226,0.374,0.2,2.6,-1,-29.109,0.0,10.246,1240,0.0,18.400000000000002,15.2,37,2829,0.0,-28.0,14.9,38,-28.649,-0.46,0,
B-A-low-6,3.01123,1789994596.8011,decel,11.7275,3.6226,0.374,0.2,2.6,-1,-29.148,-0.3351,10.242,1239,0.0,17.6,15.2,37,2829,0.0,-28.0,14.9,38,-28.649,-0.499,0,
B-A-low-6,3.01323,1789994596.8031,decel,11.7275,3.6226,0.374,0.2,2.6,-1,-29.109,0.3346,10.246,1240,0.0,18.400000000000002,15.2,37,2830,0.0,-27.200000000000003,14.9,38,-28.688,-0.422,0,
B-A-low-6,3.01523,1789994596.8051,decel,11.7275,3.6226,0.374,0.2,2.6,-1,-29.109,0.0,10.246,1240,0.0,18.400000000000002,15.2,37,2829,0.0,-28.0,14.9,38,-28.649,-0.46,0,
B-A-low-6,3.01723,1789994596.8071,decel,11.7275,3.6226,0.374,0.2,2.6,-1,-29.109,0.0,10.246,1240,0.0,18.400000000000002,15.2,37,2830,0.0,-27.200000000000003,14.9,38,-28.688,-0.422,0,
B-A-low-6,3.01923,1789994596.8091,decel,11.7275,3.6226,0.374,0.2,2.6,-1,-29.109,0.0,10.246,1240,0.0,18.400000000000002,15.2,37,2830,0.0,-27.200000000000003,14.9,38,-28.688,-0.422,0,
B-A-low-6,3.02123,1789994596.8111,decel,11.7275,3.6226,0.374,0.2,2.6,-1,-29.109,0.0,10.246,1240,0.0,18.400000000000002,15.2,37,2830,0.0,-27.200000000000003,14.9,38,-28.688,-0.422,0,
B-A-low-6,3.02323,1789994596.8131,decel,11.7275,3.6226,0.374,0.2,2.6,-1,-29.109,0.0,10.246,1240,0.0,18.400000000000002,15.2,37,2830,0.0,-27.200000000000003,14.9,38,-28.688,-0.422,0,
B-A-low-6,3.02523,1789994596.8151,decel,11.7275,3.6226,0.374,0.2,2.6,-1,-29.109,0.0,10.246,1240,0.0,18.400000000000002,15.2,37,2830,0.0,-27.200000000000003,14.9,38,-28.688,-0.422,0,
B-A-low-6,3.02723,1789994596.8171,decel,11.7275,3.6226,0.374,0.2,2.6,-1,-29.109,0.0,10.246,1240,0.0,18.400000000000002,15.2,37,2830,0.0,-27.200000000000003,14.9,38,-28.688,-0.422,0,
B-A-low-6,3.02923,1789994596.8191,decel,11.7275,3.6226,0.374,0.2,2.6,-1,-29.109,0.0,10.246,1240,0.0,18.400000000000002,15.2,37,2829,0.0,-28.0,14.9,38,-28.649,-0.46,0,
B-A-low-6,3.03123,1789994596.8211,decel,11.7275,3.6226,0.374,0.2,2.6,-1,-29.109,0.0,10.246,1240,0.0,18.400000000000002,15.2,37,2830,0.0,-27.200000000000003,14.9,38,-28.688,-0.422,0,
B-A-low-6,3.03323,1789994596.8231,decel,11.7275,3.6226,0.374,0.2,2.6,-1,-29.109,0.0,10.246,1240,0.0,18.400000000000002,15.2,37,2830,0.0,-27.200000000000003,14.9,38,-28.688,-0.422,0,
B-A-low-6,3.03524,1789994596.8251,decel,11.7275,3.6226,0.374,0.2,2.6,-1,-29.109,0.0,10.246,1240,0.0,18.400000000000002,15.2,37,2830,0.0,-27.200000000000003,14.9,38,-28.688,-0.422,0,
B-A-low-6,3.03723,1789994596.8271,decel,11.7275,3.6226,0.374,0.2,2.6,-1,-29.109,0.0,10.246,1240,0.0,18.400000000000002,15.2,37,2830,0.0,-27.200000000000003,14.9,38,-28.688,-0.422,0,
B-A-low-6,3.03923,1789994596.8291,decel,11.7275,3.6226,0.374,0.2,2.6,-1,-29.109,0.0,10.246,1240,0.0,18.400000000000002,15.2,37,2830,0.0,-27.200000000000003,14.9,38,-28.688,-0.422,0,
B-A-low-6,3.04123,1789994596.8311,decel,11.7275,3.6226,0.374,0.2,2.6,-1,-29.148,-0.335,10.242,1239,0.0,17.6,15.2,37,2830,0.0,-27.200000000000003,14.9,38,-28.688,-0.46,0,
B-A-low-6,3.04323,1789994596.8331,decel,11.7275,3.6226,0.374,0.2,2.6,-1,-29.109,0.3344,10.246,1240,0.0,18.400000000000002,15.2,37,2830,0.0,-27.200000000000003,14.9,38,-28.688,-0.422,0,
B-A-low-6,3.04523,1789994596.8351,decel,11.7275,3.6226,0.374,0.2,2.6,-1,-29.109,0.0,10.246,1240,0.0,18.400000000000002,15.2,37,2830,0.0,-27.200000000000003,14.9,38,-28.688,-0.422,0,
B-A-low-6,3.04724,1789994596.8371,decel,11.7275,3.6226,0.374,0.2,2.6,-1,-29.109,0.0,10.246,1240,0.0,18.400000000000002,15.2,37,2830,0.0,-27.200000000000003,14.9,38,-28.688,-0.422,0,
B-A-low-6,3.04924,1789994596.8391,decel,11.7275,3.6226,0.374,0.2,2.6,-1,-29.109,0.0,10.246,1240,0.0,18.400000000000002,15.2,37,2830,0.0,-27.200000000000003,14.9,38,-28.688,-0.422,0,
B-A-low-6,3.05124,1789994596.8411,decel,11.7275,3.6226,0.374,0.2,2.6,-1,-29.148,-0.3348,10.242,1239,0.0,17.6,15.2,37,2830,0.0,-27.200000000000003,14.9,38,-28.688,-0.46,0,
B-A-low-6,3.05323,1789994596.8431,decel,11.7275,3.6226,0.374,0.2,2.6,-1,-29.148,0.0,10.242,1239,0.0,17.6,15.2,37,2830,0.0,-27.200000000000003,14.9,38,-28.688,-0.46,0,
B-A-low-6,3.05523,1789994596.8451,decel,11.7275,3.6226,0.374,0.2,2.6,-1,-29.148,0.0,10.242,1239,0.0,17.6,15.0,37,2830,0.0,-27.200000000000003,14.8,38,-28.688,-0.46,0,
B-A-low-6,3.05724,1789994596.8471,decel,11.7275,3.6226,0.374,0.2,2.6,-1,-29.148,0.0,10.242,1239,0.0,17.6,15.0,37,2830,0.0,-27.200000000000003,14.8,38,-28.688,-0.46,0,
B-A-low-6,3.05923,1789994596.8491,decel,11.7275,3.6226,0.374,0.2,2.6,-1,-29.148,0.0,10.242,1239,0.0,17.6,15.0,37,2830,0.0,-27.200000000000003,14.8,38,-28.688,-0.46,0,
B-A-low-6,3.06123,1789994596.8511,decel,11.7275,3.6226,0.374,0.2,2.6,-1,-29.148,0.0,10.242,1239,0.0,17.6,15.0,37,2830,0.0,-27.200000000000003,14.8,38,-28.688,-0.46,0,
B-A-low-6,3.06323,1789994596.8531,decel,11.7275,3.6226,0.374,0.2,2.6,-1,-29.148,0.0,10.242,1239,0.0,17.6,15.0,37,2830,0.0,-27.200000000000003,14.8,38,-28.688,-0.46,0,
B-A-low-6,3.06523,1789994596.8551,decel,11.7275,3.6226,0.374,0.2,2.6,-1,-29.148,0.0,10.242,1239,0.0,17.6,15.0,37,2830,0.0,-27.200000000000003,14.8,38,-28.688,-0.46,0,
B-A-low-6,3.06723,1789994596.8571,decel,11.7275,3.6226,0.374,0.2,2.6,-1,-29.148,0.0,10.242,1239,0.0,17.6,15.0,37,2830,0.0,-27.200000000000003,14.8,38,-28.688,-0.46,0,
B-A-low-6,3.06923,1789994596.8591,decel,11.7275,3.6226,0.374,0.2,2.6,-1,-29.148,0.0,10.242,1239,0.0,17.6,15.0,37,2831,0.0,-26.400000000000002,14.8,38,-28.726,-0.422,0,
B-A-low-6,3.07123,1789994596.8611,decel,11.7275,3.6226,0.374,0.2,2.6,-1,-29.148,0.0,10.242,1239,0.0,17.6,15.0,37,2830,0.0,-27.200000000000003,14.8,38,-28.688,-0.46,0,
B-A-low-6,3.07323,1789994596.8631,decel,11.7275,3.6226,0.374,0.2,2.6,-1,-29.148,0.0,10.242,1239,0.0,17.6,15.0,37,2830,0.0,-27.200000000000003,14.8,38,-28.688,-0.46,0,
B-A-low-6,3.07523,1789994596.8651,decel,11.7275,3.6226,0.374,0.2,2.6,-1,-29.148,0.0,10.242,1239,0.0,17.6,15.0,37,2831,0.0,-26.400000000000002,14.8,38,-28.726,-0.422,0,
B-A-low-6,3.07723,1789994596.8671,decel,11.7275,3.6226,0.374,0.2,2.6,-1,-29.148,0.0,10.242,1239,0.0,17.6,15.0,37,2830,0.0,-27.200000000000003,14.8,38,-28.688,-0.46,0,
B-A-low-6,3.07923,1789994596.8691,decel,11.7275,3.6226,0.374,0.2,2.6,-1,-29.148,0.0,10.242,1239,0.0,17.6,15.0,37,2831,0.0,-26.400000000000002,14.8,38,-28.726,-0.422,0,
B-A-low-6,3.08123,1789994596.8711,decel,11.7275,3.6226,0.374,0.2,2.6,-1,-29.148,0.0,10.242,1239,0.0,17.6,15.0,37,2831,0.0,-26.400000000000002,14.8,38,-28.726,-0.422,0,
B-A-low-6,3.08323,1789994596.8731,decel,11.7275,3.6226,0.374,0.2,2.6,-1,-29.148,0.0,10.242,1239,0.0,17.6,15.0,37,2831,0.0,-26.400000000000002,14.8,38,-28.726,-0.422,0,
B-A-low-6,3.08523,1789994596.8751,decel,11.7275,3.6226,0.374,0.2,2.6,-1,-29.148,0.0,10.242,1239,0.0,17.6,15.0,37,2831,0.0,-26.400000000000002,14.8,38,-28.726,-0.422,0,
B-A-low-6,3.08723,1789994596.8771,decel,11.7275,3.6226,0.374,0.2,2.6,-1,-29.148,0.0,10.242,1239,0.0,17.6,15.0,37,2830,0.0,-27.200000000000003,14.8,38,-28.688,-0.46,0,
B-A-low-6,3.08923,1789994596.8791,decel,11.7275,3.6226,0.374,0.2,2.6,-1,-29.148,0.0,10.242,1239,0.0,17.6,15.0,37,2830,0.0,-27.200000000000003,14.8,38,-28.688,-0.46,0,
B-A-low-6,3.09123,1789994596.8811,decel,11.7275,3.6226,0.374,0.2,2.6,-1,-29.148,0.0,10.242,1239,0.0,17.6,15.0,37,2830,0.0,-27.200000000000003,14.8,38,-28.688,-0.46,0,
B-A-low-6,3.09323,1789994596.8831,decel,11.7275,3.6226,0.374,0.2,2.6,-1,-29.148,0.0,10.242,1239,0.0,17.6,15.0,37,2830,0.0,-27.200000000000003,14.8,38,-28.688,-0.46,0,
B-A-low-6,3.09523,1789994596.8851,decel,11.7275,3.6226,0.374,0.2,2.6,-1,-29.148,0.0,10.242,1239,0.0,17.6,15.0,37,2830,0.0,-27.200000000000003,14.8,38,-28.688,-0.46,0,
B-A-low-6,3.09723,1789994596.8871,decel,11.7275,3.6226,0.374,0.2,2.6,-1,-29.148,0.0,10.242,1239,0.0,17.6,15.0,37,2830,0.0,-27.200000000000003,14.8,38,-28.688,-0.46,0,
B-A-low-6,3.09923,1789994596.8891,decel,11.7275,3.6226,0.374,0.2,2.6,-1,-29.148,0.0,10.242,1239,0.0,17.6,15.0,37,2831,0.0,-26.400000000000002,14.8,38,-28.726,-0.422,0,
B-A-low-6,3.10123,1789994596.8911,decel,11.7275,3.6226,0.374,0.2,2.6,-1,-29.148,0.0,10.242,1239,0.0,17.6,15.0,37,2830,0.0,-27.200000000000003,14.8,38,-28.688,-0.46,0,
B-A-low-6,3.10323,1789994596.8931,decel,11.7275,3.6226,0.374,0.2,2.6,-1,-29.148,0.0,10.242,1239,0.0,17.6,15.0,37,2830,0.0,-27.200000000000003,14.8,38,-28.688,-0.46,0,
B-A-low-6,3.10523,1789994596.8951,decel,11.7275,3.6226,0.374,0.2,2.6,-1,-29.148,0.0,10.242,1239,0.0,17.6,15.0,37,2830,0.0,-27.200000000000003,14.8,38,-28.688,-0.46,0,
B-A-low-6,3.10723,1789994596.8971,decel,11.7275,3.6226,0.374,0.2,2.6,-1,-29.148,0.0,10.242,1239,0.0,17.6,15.0,37,2831,0.0,-26.400000000000002,14.8,38,-28.726,-0.422,0,
B-A-low-6,3.10923,1789994596.8991,decel,11.7275,3.6226,0.374,0.2,2.6,-1,-29.148,0.0,10.242,1239,0.0,17.6,15.0,37,2830,0.0,-27.200000000000003,14.8,38,-28.688,-0.46,0,
B-A-low-6,3.11123,1789994596.9011,decel,11.7275,3.6226,0.374,0.2,2.6,-1,-29.148,0.0,10.242,1239,0.0,17.6,15.0,37,2831,0.0,-26.400000000000002,14.8,38,-28.726,-0.422,0,
B-A-low-6,3.11323,1789994596.9031,decel,11.7275,3.6226,0.374,0.2,2.6,-1,-29.148,0.0,10.242,1239,0.0,17.6,15.0,37,2830,0.0,-27.200000000000003,14.8,38,-28.688,-0.46,0,
B-A-low-6,3.11523,1789994596.9051,decel,11.7275,3.6226,0.374,0.2,2.6,-1,-29.148,0.0,10.242,1239,0.0,17.6,15.0,37,2831,0.0,-26.400000000000002,14.8,38,-28.726,-0.422,0,
B-A-low-6,3.11723,1789994596.9071,decel,11.7275,3.6226,0.374,0.2,2.6,-1,-29.148,0.0,10.242,1239,0.0,17.6,15.0,37,2830,0.0,-27.200000000000003,14.8,38,-28.688,-0.46,0,
B-A-low-6,3.11923,1789994596.9091,decel,11.7275,3.6226,0.374,0.2,2.6,-1,-29.148,0.0,10.242,1239,0.0,17.6,15.0,37,2831,0.0,-26.400000000000002,14.8,38,-28.726,-0.422,0,
B-A-low-6,3.12123,1789994596.9111,decel,11.7275,3.6226,0.374,0.2,2.6,-1,-29.148,0.0,10.242,1239,0.0,17.6,15.0,37,2830,0.0,-27.200000000000003,14.8,38,-28.688,-0.46,0,
B-A-low-6,3.12323,1789994596.9131,decel,11.7275,3.6226,0.374,0.2,2.6,-1,-29.148,0.0,10.242,1239,0.0,17.6,15.0,37,2830,0.0,-27.200000000000003,14.8,38,-28.688,-0.46,0,
B-A-low-6,3.12523,1789994596.9151,decel,11.7275,3.6226,0.374,0.2,2.6,-1,-29.148,0.0,10.242,1239,0.0,17.6,15.0,37,2830,0.0,-27.200000000000003,14.8,38,-28.688,-0.46,0,
B-A-low-6,3.12723,1789994596.9171,decel,11.7275,3.6226,0.374,0.2,2.6,-1,-29.148,0.0,10.242,1239,0.0,17.6,15.0,37,2830,0.0,-27.200000000000003,14.8,38,-28.688,-0.46,0,
B-A-low-6,3.12923,1789994596.9191,decel,11.7275,3.6226,0.374,0.2,2.6,-1,-29.148,0.0,10.242,1239,0.0,17.6,15.0,37,2830,0.0,-27.200000000000003,14.8,38,-28.688,-0.46,0,
B-A-low-6,3.13123,1789994596.9211,decel,11.7275,3.6226,0.374,0.2,2.6,-1,-29.148,0.0,10.242,1239,0.0,17.6,15.0,37,2830,0.0,-27.200000000000003,14.8,38,-28.688,-0.46,0,
B-A-low-6,3.13323,1789994596.9231,decel,11.7275,3.6226,0.374,0.2,2.6,-1,-29.148,0.0,10.242,1239,0.0,17.6,15.0,37,2830,0.0,-27.200000000000003,14.8,38,-28.688,-0.46,0,
B-A-low-6,3.13523,1789994596.9251,decel,11.7275,3.6226,0.374,0.2,2.6,-1,-29.109,0.3347,10.246,1240,0.0,18.400000000000002,15.0,37,2830,0.0,-27.200000000000003,14.8,38,-28.688,-0.422,0,
B-A-low-6,3.13723,1789994596.9271,decel,11.7275,3.6226,0.374,0.2,2.6,-1,-29.109,0.0,10.246,1240,0.0,18.400000000000002,15.0,37,2830,0.0,-27.200000000000003,14.8,38,-28.688,-0.422,0,
B-A-low-6,3.13923,1789994596.9291,decel,11.7275,3.6226,0.374,0.2,2.6,-1,-29.148,-0.3347,10.242,1239,0.0,17.6,15.0,37,2830,0.0,-27.200000000000003,14.8,38,-28.688,-0.46,0,
B-A-low-6,3.14123,1789994596.9311,decel,11.7275,3.6226,0.374,0.2,2.6,-1,-29.109,0.3346,10.246,1240,0.0,18.400000000000002,15.0,37,2830,0.0,-27.200000000000003,14.8,38,-28.688,-0.422,0,
B-A-low-6,3.14323,1789994596.9331,decel,11.7275,3.6226,0.374,0.2,2.6,-1,-29.109,0.0,10.246,1240,0.0,18.400000000000002,15.0,37,2830,0.0,-27.200000000000003,14.8,38,-28.688,-0.422,0,
B-A-low-6,3.14523,1789994596.9351,decel,11.7275,3.6226,0.374,0.2,2.6,-1,-29.109,0.0,10.246,1240,0.0,18.400000000000002,15.0,37,2830,0.0,-27.200000000000003,14.8,38,-28.688,-0.422,0,
B-A-low-6,3.14723,1789994596.9371,decel,11.7275,3.6226,0.374,0.2,2.6,-1,-29.148,-0.3349,10.242,1239,0.0,17.6,15.0,37,2830,0.0,-27.200000000000003,14.8,38,-28.688,-0.46,0,
B-A-low-6,3.14923,1789994596.9391,decel,11.7275,3.6226,0.374,0.2,2.6,-1,-29.109,0.3348,10.246,1240,0.0,18.400000000000002,15.0,37,2830,0.0,-27.200000000000003,14.8,38,-28.688,-0.422,0,
B-A-low-6,3.15123,1789994596.9411,decel,11.7275,3.6226,0.374,0.2,2.6,-1,-29.109,0.0,10.246,1240,0.0,18.400000000000002,15.0,37,2830,0.0,-27.200000000000003,14.8,38,-28.688,-0.422,0,
B-A-low-6,3.15323,1789994596.9431,decel,11.7275,3.6226,0.374,0.2,2.6,-1,-29.148,-0.3349,10.242,1239,0.0,17.6,15.0,37,2830,0.0,-27.200000000000003,14.8,38,-28.688,-0.46,0,
B-A-low-6,3.15523,1789994596.9451,decel,11.7275,3.6226,0.374,0.2,2.6,-1,-29.109,0.3346,10.246,1240,0.0,18.400000000000002,15.0,37,2830,0.0,-27.200000000000003,14.8,38,-28.688,-0.422,0,
B-A-low-6,3.15723,1789994596.9471,decel,11.7275,3.6226,0.374,0.2,2.6,-1,-29.109,0.0,10.246,1240,0.0,18.400000000000002,15.0,37,2830,0.0,-27.200000000000003,14.8,38,-28.688,-0.422,0,
B-A-low-6,3.15923,1789994596.9491,decel,11.7275,3.6226,0.374,0.2,2.6,-1,-29.109,0.0,10.246,1240,0.0,18.400000000000002,15.0,37,2830,0.0,-27.200000000000003,14.8,38,-28.688,-0.422,0,
B-A-low-6,3.16129,1789994596.9512,decel,11.7275,3.6226,0.374,0.2,2.6,-1,-29.109,0.0,10.246,1240,0.0,18.400000000000002,15.0,37,2830,0.0,-27.200000000000003,14.8,38,-28.688,-0.422,0,
B-A-low-6,3.1633,1789994596.9532,decel,11.7275,3.6226,0.374,0.2,2.6,-1,-29.109,0.0,10.246,1240,0.0,18.400000000000002,15.0,37,2830,0.0,-27.200000000000003,14.8,38,-28.688,-0.422,0,
B-A-low-6,3.16529,1789994596.9552,decel,11.7275,3.6226,0.374,0.2,2.6,-1,-29.148,-0.3362,10.242,1239,0.0,17.6,15.0,37,2830,0.0,-27.200000000000003,14.8,38,-28.688,-0.46,0,
B-A-low-6,3.16729,1789994596.9572,decel,11.7275,3.6226,0.374,0.2,2.6,-1,-29.148,0.0,10.242,1239,0.0,17.6,15.0,37,2830,0.0,-27.200000000000003,14.8,38,-28.688,-0.46,0,
B-A-low-6,3.16929,1789994596.9592,decel,11.7275,3.6226,0.374,0.2,2.6,-1,-29.109,0.3344,10.246,1240,0.0,18.400000000000002,15.0,37,2830,0.0,-27.200000000000003,14.8,38,-28.688,-0.422,0,
B-A-low-6,3.1713,1789994596.9612,decel,11.7275,3.6226,0.374,0.2,2.6,-1,-29.148,-0.3324,10.242,1239,0.0,17.6,14.9,37,2830,0.0,-27.200000000000003,14.8,38,-28.688,-0.46,0,
B-A-low-6,3.1733,1789994596.9632,decel,11.7275,3.6226,0.374,0.2,2.6,-1,-29.109,0.3349,10.246,1240,0.0,18.400000000000002,14.9,37,2830,0.0,-27.200000000000003,14.2,38,-28.688,-0.422,0,
B-A-low-6,3.17529,1789994596.9652,decel,11.7275,3.6226,0.374,0.2,2.6,-1,-29.109,0.0,10.246,1240,0.0,18.400000000000002,14.9,37,2830,0.0,-27.200000000000003,14.2,38,-28.688,-0.422,0,
B-A-low-6,3.1773,1789994596.9672,decel,11.7275,3.6226,0.374,0.2,2.6,-1,-29.148,-0.3339,10.242,1239,0.0,17.6,14.9,37,2830,0.0,-27.200000000000003,14.2,38,-28.688,-0.46,0,
B-A-low-6,3.1793,1789994596.9692,decel,11.7275,3.6226,0.374,0.2,2.6,-1,-29.109,0.3337,10.246,1240,0.0,18.400000000000002,14.9,37,2830,0.0,-27.200000000000003,14.2,38,-28.688,-0.422,0,
B-A-low-6,3.1813,1789994596.9712,decel,11.7275,3.6226,0.374,0.2,2.6,-1,-29.148,-0.336,10.242,1239,0.0,17.6,14.9,37,2830,0.0,-27.200000000000003,14.2,38,-28.688,-0.46,0,
B-A-low-6,3.18331,1789994596.9732,decel,11.7275,3.6226,0.374,0.2,2.6,-1,-29.109,0.333,10.246,1240,0.0,18.400000000000002,14.9,37,2830,0.0,-27.200000000000003,14.2,38,-28.688,-0.422,0,
B-A-low-6,3.18529,1789994596.9752,decel,11.7275,3.6226,0.374,0.2,2.6,-1,-29.148,-0.3368,10.242,1239,0.0,17.6,14.9,37,2830,0.0,-27.200000000000003,14.2,38,-28.688,-0.46,0,
B-A-low-6,3.1873,1789994596.9772,decel,11.7275,3.6226,0.374,0.2,2.6,-1,-29.148,0.0,10.242,1239,0.0,17.6,14.9,37,2830,0.0,-27.200000000000003,14.2,38,-28.688,-0.46,0,
B-A-low-6,3.1893,1789994596.9792,decel,11.7275,3.6226,0.374,0.2,2.6,-1,-29.148,0.0,10.242,1239,0.0,17.6,14.9,37,2830,0.0,-27.200000000000003,14.2,38,-28.688,-0.46,0,
B-A-low-6,3.19129,1789994596.9812,decel,11.7275,3.6226,0.374,0.2,2.6,-1,-29.109,0.3373,10.246,1240,0.0,18.400000000000002,14.9,37,2830,0.0,-27.200000000000003,14.2,38,-28.688,-0.422,0,
B-A-low-6,3.19331,1789994596.9832,decel,11.7275,3.6226,0.374,0.2,2.6,-1,-29.109,0.0,10.246,1240,0.0,18.400000000000002,14.9,37,2830,0.0,-27.200000000000003,14.2,38,-28.688,-0.422,0,
B-A-low-6,3.1953,1789994596.9852,decel,11.7275,3.6226,0.374,0.2,2.6,-1,-29.109,0.0,10.246,1240,0.0,18.400000000000002,14.9,37,2830,0.0,-27.200000000000003,14.2,38,-28.688,-0.422,0,
B-A-low-6,3.1973,1789994596.9872,decel,11.7275,3.6226,0.374,0.2,2.6,-1,-29.148,-0.3356,10.242,1239,0.0,17.6,14.9,37,2830,0.0,-27.200000000000003,14.2,38,-28.688,-0.46,0,
B-A-low-6,3.19929,1789994596.9892,decel,11.7275,3.6226,0.374,0.2,2.6,-1,-29.148,0.0,10.242,1239,0.0,17.6,14.9,37,2830,0.0,-27.200000000000003,14.2,38,-28.688,-0.46,0,
B-A-low-6,3.20129,1789994596.9912,decel,11.7275,3.6226,0.374,0.2,2.6,-1,-29.148,0.0,10.242,1239,0.0,17.6,14.9,37,2830,0.0,-27.200000000000003,14.2,38,-28.688,-0.46,0,
B-A-low-6,3.20331,1789994596.9932,decel,11.7275,3.6226,0.374,0.2,2.6,-1,-29.109,0.3316,10.246,1240,0.0,18.400000000000002,14.9,37,2830,0.0,-27.200000000000003,14.2,38,-28.688,-0.422,0,
B-A-low-6,3.20529,1789994596.9952,decel,11.7275,3.6226,0.374,0.2,2.6,-1,-29.148,-0.3377,10.242,1239,0.0,17.6,14.9,37,2830,0.0,-27.200000000000003,14.2,38,-28.688,-0.46,0,
B-A-low-6,3.20729,1789994596.9971,decel,11.7275,3.6226,0.374,0.2,2.6,-1,-29.148,0.0,10.242,1239,0.0,17.6,14.9,37,2830,0.0,-27.200000000000003,14.2,38,-28.688,-0.46,0,
B-A-low-6,3.20929,1789994596.9992,decel,11.7275,3.6226,0.374,0.2,2.6,-1,-29.109,0.3344,10.246,1240,0.0,18.400000000000002,14.9,37,2830,0.0,-27.200000000000003,14.2,38,-28.688,-0.422,0,
B-A-low-6,3.2113,1789994597.0012,decel,11.7275,3.6226,0.374,0.2,2.6,-1,-29.109,0.0,10.246,1240,0.0,18.400000000000002,14.9,37,2830,0.0,-27.200000000000003,14.2,38,-28.688,-0.422,0,
B-A-low-6,3.2133,1789994597.0032,decel,11.7275,3.6226,0.374,0.2,2.6,-1,-29.148,-0.335,10.242,1239,0.0,17.6,14.9,37,2830,0.0,-27.200000000000003,14.2,38,-28.688,-0.46,0,
B-A-low-6,3.21529,1789994597.0052,decel,11.7275,3.6226,0.374,0.2,2.6,-1,-29.109,0.3365,10.246,1240,0.0,18.400000000000002,14.9,37,2830,0.0,-27.200000000000003,14.2,38,-28.688,-0.422,0,
B-A-low-6,3.2173,1789994597.0072,decel,11.7275,3.6226,0.374,0.2,2.6,-1,-29.148,-0.3326,10.242,1239,0.0,17.6,14.9,37,2830,0.0,-27.200000000000003,14.2,38,-28.688,-0.46,0,
B-A-low-6,3.2193,1789994597.0092,decel,11.7275,3.6226,0.374,0.2,2.6,-1,-29.148,0.0,10.242,1239,0.0,17.6,14.9,37,2830,0.0,-27.200000000000003,14.2,38,-28.688,-0.46,0,
B-A-low-6,3.22129,1789994597.0112,decel,11.7275,3.6226,0.374,0.2,2.6,-1,-29.109,0.3364,10.246,1240,0.0,18.400000000000002,14.9,37,2830,0.0,-27.200000000000003,14.2,38,-28.688,-0.422,0,
B-A-low-6,3.22329,1789994597.0132,decel,11.7275,3.6226,0.374,0.2,2.6,-1,-29.148,-0.3353,10.242,1239,0.0,17.6,14.9,37,2830,0.0,-27.200000000000003,14.2,38,-28.688,-0.46,0,
B-A-low-6,3.22529,1789994597.0151,decel,11.7275,3.6226,0.374,0.2,2.6,-1,-29.109,0.3348,10.246,1240,0.0,18.400000000000002,14.9,37,2830,0.0,-27.200000000000003,14.2,38,-28.688,-0.422,0,
B-A-low-6,3.22731,1789994597.0172,decel,11.7275,3.6226,0.374,0.2,2.6,-1,-29.148,-0.3314,10.242,1239,0.0,17.6,14.9,37,2830,0.0,-27.200000000000003,14.2,38,-28.688,-0.46,0,
B-A-low-6,3.22929,1789994597.0192,decel,11.7275,3.6226,0.374,0.2,2.6,-1,-29.109,0.3379,10.246,1240,0.0,18.400000000000002,14.9,37,2830,0.0,-27.200000000000003,14.2,38,-28.688,-0.422,0,
B-A-low-6,3.23129,1789994597.0212,decel,11.7275,3.6226,0.374,0.2,2.6,-1,-29.148,-0.3346,10.242,1239,0.0,17.6,14.9,37,2831,0.0,-26.400000000000002,14.2,38,-28.726,-0.422,0,
B-A-low-6,3.23329,1789994597.0232,decel,11.7275,3.6226,0.374,0.2,2.6,-1,-29.148,0.0,10.242,1239,0.0,17.6,14.9,37,2830,0.0,-27.200000000000003,14.2,38,-28.688,-0.46,0,
B-A-low-6,3.2353,1789994597.0252,decel,11.7275,3.6226,0.374,0.2,2.6,-1,-29.109,0.3333,10.246,1240,0.0,18.400000000000002,14.9,37,2830,0.0,-27.200000000000003,14.2,38,-28.688,-0.422,0,
B-A-low-6,3.23731,1789994597.0272,decel,11.7275,3.6226,0.374,0.2,2.6,-1,-29.148,-0.333,10.242,1239,0.0,17.6,14.9,37,2830,0.0,-27.200000000000003,14.2,38,-28.688,-0.46,0,
B-A-low-6,3.23929,1789994597.0292,decel,11.7275,3.6226,0.374,0.2,2.6,-1,-29.148,0.0,10.242,1239,0.0,17.6,14.9,37,2830,0.0,-27.200000000000003,14.2,38,-28.688,-0.46,0,
B-A-low-6,3.2413,1789994597.0312,decel,11.7275,3.6226,0.374,0.2,2.6,-1,-29.148,0.0,10.242,1239,0.0,17.6,14.9,37,2830,0.0,-27.200000000000003,14.2,38,-28.688,-0.46,0,
B-A-low-6,3.24329,1789994597.0331,decel,11.7275,3.6226,0.374,0.2,2.6,-1,-29.109,0.3373,10.246,1240,0.0,18.400000000000002,14.9,37,2830,0.0,-27.200000000000003,14.2,38,-28.688,-0.422,0,
B-A-low-6,3.24529,1789994597.0351,decel,11.7275,3.6226,0.374,0.2,2.6,-1,-29.109,0.0,10.246,1240,0.0,18.400000000000002,14.9,37,2830,0.0,-27.200000000000003,14.2,38,-28.688,-0.422,0,
B-A-low-6,3.24729,1789994597.0372,decel,11.7275,3.6226,0.374,0.2,2.6,-1,-29.148,-0.3344,10.242,1239,0.0,17.6,14.9,37,2830,0.0,-27.200000000000003,14.2,38,-28.688,-0.46,0,
B-A-low-6,3.2493,1789994597.0392,decel,11.7275,3.6226,0.374,0.2,2.6,-1,-29.148,0.0,10.242,1239,0.0,17.6,14.9,37,2830,0.0,-27.200000000000003,14.2,38,-28.688,-0.46,0,
B-A-low-6,3.25131,1789994597.0412,decel,11.7275,3.6226,0.374,0.2,2.6,-1,-29.109,0.3341,10.246,1240,0.0,18.400000000000002,14.9,37,2830,0.0,-27.200000000000003,14.2,38,-28.688,-0.422,0,
B-A-low-6,3.25329,1789994597.0432,decel,11.7275,3.6226,0.374,0.2,2.6,-1,-29.148,-0.3376,10.242,1239,0.0,17.6,14.9,37,2830,0.0,-27.200000000000003,14.2,38,-28.688,-0.46,0,
B-A-low-6,3.25529,1789994597.0452,decel,11.7275,3.6226,0.374,0.2,2.6,-1,-29.148,0.0,10.242,1239,0.0,17.6,14.9,37,2830,0.0,-27.200000000000003,14.2,38,-28.688,-0.46,0,
B-A-low-6,3.25729,1789994597.0472,decel,11.7275,3.6226,0.374,0.2,2.6,-1,-29.148,0.0,10.242,1239,0.0,17.6,14.9,37,2830,0.0,-27.200000000000003,14.2,38,-28.688,-0.46,0,
B-A-low-6,3.2593,1789994597.0492,decel,11.7275,3.6226,0.374,0.2,2.6,-1,-29.148,0.0,10.242,1239,0.0,17.6,14.9,37,2830,0.0,-27.200000000000003,14.2,38,-28.688,-0.46,0,
B-A-low-6,3.26129,1789994597.0511,decel,11.7275,3.6226,0.374,0.2,2.6,-1,-29.148,0.0,10.242,1239,0.0,17.6,14.9,37,2830,0.0,-27.200000000000003,14.2,38,-28.688,-0.46,0,
B-A-low-6,3.26329,1789994597.0532,decel,11.7275,3.6226,0.374,0.2,2.6,-1,-29.109,0.3342,10.246,1240,0.0,18.400000000000002,14.9,37,2830,0.0,-27.200000000000003,14.2,38,-28.688,-0.422,0,
B-A-low-6,3.2653,1789994597.0552,decel,11.7275,3.6226,0.374,0.2,2.6,-1,-29.109,0.0,10.246,1240,0.0,18.400000000000002,14.9,37,2830,0.0,-27.200000000000003,14.2,38,-28.688,-0.422,0,
B-A-low-6,3.26729,1789994597.0572,decel,11.7275,3.6226,0.374,0.2,2.6,-1,-29.148,-0.3375,10.242,1239,0.0,17.6,14.9,37,2830,0.0,-27.200000000000003,14.2,38,-28.688,-0.46,0,
B-A-low-6,3.26929,1789994597.0592,decel,11.7275,3.6226,0.374,0.2,2.6,-1,-29.148,0.0,10.242,1239,0.0,17.6,14.9,37,2831,0.0,-26.400000000000002,14.2,38,-28.726,-0.422,0,
B-A-low-6,3.27129,1789994597.0611,decel,11.7275,3.6226,0.374,0.2,2.6,-1,-29.148,0.0,10.242,1239,0.0,17.6,14.9,37,2830,0.0,-27.200000000000003,14.2,38,-28.688,-0.46,0,
B-A-low-6,3.2733,1789994597.0632,decel,11.7275,3.6226,0.374,0.2,2.6,-1,-29.109,0.3332,10.246,1240,0.0,18.400000000000002,14.9,37,2830,0.0,-27.200000000000003,14.2,38,-28.688,-0.422,0,
B-A-low-6,3.27529,1789994597.0652,decel,11.7275,3.6226,0.374,0.2,2.6,-1,-29.109,0.0,10.246,1240,0.0,18.400000000000002,14.9,37,2830,0.0,-27.200000000000003,14.2,38,-28.688,-0.422,0,
B-A-low-6,3.27729,1789994597.0672,decel,11.7275,3.6226,0.374,0.2,2.6,-1,-29.148,-0.3349,10.242,1239,0.0,17.6,14.9,37,2830,0.0,-27.200000000000003,14.2,38,-28.688,-0.46,0,
B-A-low-6,3.27929,1789994597.0692,decel,11.7275,3.6226,0.374,0.2,2.6,-1,-29.148,0.0,10.242,1239,0.0,17.6,14.9,37,2830,0.0,-27.200000000000003,14.2,38,-28.688,-0.46,0,
B-A-low-6,3.28132,1789994597.0712,decel,11.7275,3.6226,0.374,0.2,2.6,-1,-29.109,0.3305,10.246,1240,0.0,18.400000000000002,14.9,37,2830,0.0,-27.200000000000003,14.2,38,-28.688,-0.422,0,
B-A-low-6,3.28329,1789994597.0732,decel,11.7275,3.6226,0.374,0.2,2.6,-1,-29.109,0.0,10.246,1240,0.0,18.400000000000002,14.9,37,2830,0.0,-27.200000000000003,14.2,38,-28.688,-0.422,0,
B-A-low-6,3.28529,1789994597.0752,decel,11.7275,3.6226,0.374,0.2,2.6,-1,-29.148,-0.3342,10.242,1239,0.0,17.6,14.9,37,2830,0.0,-27.200000000000003,14.2,38,-28.688,-0.46,0,
B-A-low-6,3.2873,1789994597.0772,decel,11.7275,3.6226,0.374,0.2,2.6,-1,-29.148,0.0,10.242,1239,0.0,17.6,15.3,37,2830,0.0,-27.200000000000003,14.2,38,-28.688,-0.46,0,
B-A-low-6,3.28933,1789994597.0792,decel,11.7275,3.6226,0.374,0.2,2.6,-1,-29.148,0.0,10.242,1239,0.0,17.6,15.3,37,2830,0.0,-27.200000000000003,15.0,38,-28.688,-0.46,0,
B-A-low-6,3.2913,1789994597.0812,decel,11.7275,3.6226,0.374,0.2,2.6,-1,-29.148,0.0,10.242,1239,0.0,17.6,15.3,37,2830,0.0,-27.200000000000003,15.0,38,-28.688,-0.46,0,
B-A-low-6,3.29329,1789994597.0831,decel,11.7275,3.6226,0.374,0.2,2.6,-1,-29.109,0.3363,10.246,1240,0.0,18.400000000000002,15.3,37,2830,0.0,-27.200000000000003,15.0,38,-28.688,-0.422,0,
B-A-low-6,3.29529,1789994597.0852,decel,11.7275,3.6226,0.374,0.2,2.6,-1,-29.148,-0.3344,10.242,1239,0.0,17.6,15.3,37,2830,0.0,-27.200000000000003,15.0,38,-28.688,-0.46,0,
B-A-low-6,3.29726,1789994597.0871,decel,11.7275,3.6226,0.374,0.2,2.6,-1,-29.148,0.0,10.242,1239,0.0,17.6,15.3,37,2830,0.0,-27.200000000000003,15.0,38,-28.688,-0.46,0,
B-A-low-6,3.29927,1789994597.0891,decel,11.7275,3.6226,0.374,0.2,2.6,-1,-29.148,0.0,10.242,1239,0.0,17.6,15.3,37,2830,0.0,-27.200000000000003,15.0,38,-28.688,-0.46,0,
B-A-low-6,3.30128,1789994597.0911,decel,11.7275,3.6226,0.374,0.2,2.6,-1,-29.148,0.0,10.242,1239,0.0,17.6,15.3,37,2830,0.0,-27.200000000000003,15.0,38,-28.688,-0.46,0,
B-A-low-6,3.30327,1789994597.0931,decel,11.7275,3.6226,0.374,0.2,2.6,-1,-29.148,0.0,10.242,1239,0.0,17.6,15.3,37,2830,0.0,-27.200000000000003,15.0,38,-28.688,-0.46,0,
B-A-low-6,3.30526,1789994597.0951,decel,11.7275,3.6226,0.374,0.2,2.6,-1,-29.148,0.0,10.242,1239,0.0,17.6,15.3,37,2830,0.0,-27.200000000000003,15.0,38,-28.688,-0.46,0,
B-A-low-6,3.30728,1789994597.0971,decel,11.7275,3.6226,0.374,0.2,2.6,-1,-29.148,0.0,10.242,1239,0.0,17.6,15.3,37,2830,0.0,-27.200000000000003,15.0,38,-28.688,-0.46,0,
B-A-low-6,3.30928,1789994597.0991,decel,11.7275,3.6226,0.374,0.2,2.6,-1,-29.148,0.0,10.242,1239,0.0,17.6,15.3,37,2830,0.0,-27.200000000000003,15.0,38,-28.688,-0.46,0,
B-A-low-6,3.31126,1789994597.1011,decel,11.7275,3.6226,0.374,0.2,2.6,-1,-29.148,0.0,10.242,1239,0.0,17.6,15.3,37,2830,0.0,-27.200000000000003,15.0,38,-28.688,-0.46,0,
B-A-low-6,3.31328,1789994597.1031,decel,11.7275,3.6226,0.374,0.2,2.6,-1,-29.148,0.0,10.242,1239,0.0,17.6,15.3,37,2830,0.0,-27.200000000000003,15.0,38,-28.688,-0.46,0,
B-A-low-6,3.31528,1789994597.1051,decel,11.7275,3.6226,0.374,0.2,2.6,-1,-29.148,0.0,10.242,1239,0.0,17.6,15.3,37,2830,0.0,-27.200000000000003,15.0,38,-28.688,-0.46,0,
B-A-low-6,3.31728,1789994597.1071,decel,11.7275,3.6226,0.374,0.2,2.6,-1,-29.109,0.3345,10.246,1240,0.0,18.400000000000002,15.3,37,2830,0.0,-27.200000000000003,15.0,38,-28.688,-0.422,0,
B-A-low-6,3.31927,1789994597.1091,decel,11.7275,3.6226,0.374,0.2,2.6,-1,-29.148,-0.3363,10.242,1239,0.0,17.6,15.3,37,2830,0.0,-27.200000000000003,15.0,38,-28.688,-0.46,0,
B-A-low-6,3.32128,1789994597.1111,decel,11.7275,3.6226,0.374,0.2,2.6,-1,-29.148,0.0,10.242,1239,0.0,17.6,15.3,37,2830,0.0,-27.200000000000003,15.0,38,-28.688,-0.46,0,
B-A-low-6,3.32327,1789994597.1131,decel,11.7275,3.6226,0.374,0.2,2.6,-1,-29.148,0.0,10.242,1239,0.0,17.6,15.3,37,2830,0.0,-27.200000000000003,15.0,38,-28.688,-0.46,0,
B-A-low-6,3.32527,1789994597.1151,decel,11.7275,3.6226,0.374,0.2,2.6,-1,-29.109,0.3354,10.246,1240,0.0,18.400000000000002,15.3,37,2830,0.0,-27.200000000000003,15.0,38,-28.688,-0.422,0,
B-A-low-6,3.32727,1789994597.1171,decel,11.7275,3.6226,0.374,0.2,2.6,-1,-29.148,-0.3344,10.242,1239,0.0,17.6,15.3,37,2830,0.0,-27.200000000000003,15.0,38,-28.688,-0.46,0,
B-A-low-6,3.32928,1789994597.1191,decel,11.7275,3.6226,0.374,0.2,2.6,-1,-29.109,0.3325,10.246,1240,0.0,18.400000000000002,15.3,37,2830,0.0,-27.200000000000003,15.0,38,-28.688,-0.422,0,
B-A-low-6,3.33127,1789994597.1211,decel,11.7275,3.6226,0.374,0.2,2.6,-1,-29.148,-0.3365,10.242,1239,0.0,17.6,15.3,37,2830,0.0,-27.200000000000003,15.0,38,-28.688,-0.46,0,
B-A-low-6,3.33327,1789994597.1231,decel,11.7275,3.6226,0.374,0.2,2.6,-1,-29.148,0.0,10.242,1239,0.0,17.6,15.3,37,2830,0.0,-27.200000000000003,15.0,38,-28.688,-0.46,0,
B-A-low-6,3.33527,1789994597.1251,decel,11.7275,3.6226,0.374,0.2,2.6,-1,-29.148,0.0,10.242,1239,0.0,17.6,15.3,37,2830,0.0,-27.200000000000003,15.0,38,-28.688,-0.46,0,
B-A-low-6,3.33727,1789994597.1271,decel,11.7275,3.6226,0.374,0.2,2.6,-1,-29.148,0.0,10.242,1239,0.0,17.6,15.3,37,2830,0.0,-27.200000000000003,15.0,38,-28.688,-0.46,0,
B-A-low-6,3.33927,1789994597.1291,decel,11.7275,3.6226,0.374,0.2,2.6,-1,-29.148,0.0,10.242,1239,0.0,17.6,15.3,37,2830,0.0,-27.200000000000003,15.0,38,-28.688,-0.46,0,
B-A-low-6,3.34126,1789994597.1311,decel,11.7275,3.6226,0.374,0.2,2.6,-1,-29.148,0.0,10.242,1239,0.0,17.6,15.3,37,2830,0.0,-27.200000000000003,15.0,38,-28.688,-0.46,0,
B-A-low-6,3.34327,1789994597.1331,decel,11.7275,3.6226,0.374,0.2,2.6,-1,-29.148,0.0,10.242,1239,0.0,17.6,15.3,37,2830,0.0,-27.200000000000003,15.0,38,-28.688,-0.46,0,
B-A-low-6,3.34527,1789994597.1351,decel,11.7275,3.6226,0.374,0.2,2.6,-1,-29.148,0.0,10.242,1239,0.0,17.6,15.3,37,2830,0.0,-27.200000000000003,15.0,38,-28.688,-0.46,0,
B-A-low-6,3.34727,1789994597.1371,decel,11.7275,3.6226,0.374,0.2,2.6,-1,-29.148,0.0,10.242,1239,0.0,17.6,15.3,37,2830,0.0,-27.200000000000003,15.0,38,-28.688,-0.46,0,
B-A-low-6,3.34926,1789994597.1391,decel,11.7275,3.6226,0.374,0.2,2.6,-1,-29.148,0.0,10.242,1239,0.0,17.6,15.3,37,2830,0.0,-27.200000000000003,15.0,38,-28.688,-0.46,0,
B-A-low-6,3.35126,1789994597.1411,decel,11.7275,3.6226,0.374,0.2,2.6,-1,-29.148,0.0,10.242,1239,0.0,17.6,15.3,37,2830,0.0,-27.200000000000003,15.0,38,-28.688,-0.46,0,
B-A-low-6,3.35329,1789994597.1432,decel,11.7275,3.6226,0.374,0.2,2.6,-1,-29.148,0.0,10.242,1239,0.0,17.6,15.3,37,2830,0.0,-27.200000000000003,15.0,38,-28.688,-0.46,0,
B-A-low-6,3.35527,1789994597.1451,decel,11.7275,3.6226,0.374,0.2,2.6,-1,-29.109,0.3394,10.246,1240,0.0,18.400000000000002,15.3,37,2830,0.0,-27.200000000000003,15.0,38,-28.688,-0.422,0,
B-A-low-6,3.35726,1789994597.1471,decel,11.7275,3.6226,0.374,0.2,2.6,-1,-29.148,-0.3352,10.242,1239,0.0,17.6,15.3,37,2830,0.0,-27.200000000000003,15.0,38,-28.688,-0.46,0,
B-A-low-6,3.35927,1789994597.1491,decel,11.7275,3.6226,0.374,0.2,2.6,-1,-29.109,0.3344,10.246,1240,0.0,18.400000000000002,15.3,37,2830,0.0,-27.200000000000003,15.0,38,-28.688,-0.422,0,
B-A-low-6,3.36129,1789994597.1512,decel,11.7275,3.6226,0.374,0.2,2.6,-1,-29.148,-0.3306,10.242,1239,0.0,17.6,15.3,37,2830,0.0,-27.200000000000003,15.0,38,-28.688,-0.46,0,
B-A-low-6,3.36328,1789994597.1531,decel,11.7275,3.6226,0.374,0.2,2.6,-1,-29.148,0.0,10.242,1239,0.0,17.6,15.3,37,2830,0.0,-27.200000000000003,15.0,38,-28.688,-0.46,0,
B-A-low-6,3.36526,1789994597.1551,decel,11.7275,3.6226,0.374,0.2,2.6,-1,-29.148,0.0,10.242,1239,0.0,17.6,15.3,37,2830,0.0,-27.200000000000003,15.0,38,-28.688,-0.46,0,
B-A-low-6,3.36727,1789994597.1571,decel,11.7275,3.6226,0.374,0.2,2.6,-1,-29.148,0.0,10.242,1239,0.0,17.6,15.3,37,2830,0.0,-27.200000000000003,15.0,38,-28.688,-0.46,0,
B-A-low-6,3.36927,1789994597.1591,decel,11.7275,3.6226,0.374,0.2,2.6,-1,-29.148,0.0,10.242,1239,0.0,17.6,15.3,37,2830,0.0,-27.200000000000003,15.0,38,-28.688,-0.46,0,
B-A-low-6,3.37129,1789994597.1612,decel,11.7275,3.6226,0.374,0.2,2.6,-1,-29.148,0.0,10.242,1239,0.0,17.6,15.3,37,2830,0.0,-27.200000000000003,15.0,38,-28.688,-0.46,0,
B-A-low-6,3.37326,1789994597.1631,decel,11.7275,3.6226,0.374,0.2,2.6,-1,-29.109,0.3399,10.246,1240,0.0,18.400000000000002,15.3,37,2830,0.0,-27.200000000000003,15.0,38,-28.688,-0.422,0,
B-A-low-6,3.37527,1789994597.1651,decel,11.7275,3.6226,0.374,0.2,2.6,-1,-29.148,-0.3333,10.242,1239,0.0,17.6,15.3,37,2830,0.0,-27.200000000000003,15.0,38,-28.688,-0.46,0,
B-A-low-6,3.37727,1789994597.1671,decel,11.7275,3.6226,0.374,0.2,2.6,-1,-29.148,0.0,10.242,1239,0.0,17.6,15.3,37,2830,0.0,-27.200000000000003,15.0,38,-28.688,-0.46,0,
B-A-low-6,3.37926,1789994597.1691,decel,11.7275,3.6226,0.374,0.2,2.6,-1,-29.148,0.0,10.242,1239,0.0,17.6,15.3,37,2830,0.0,-27.200000000000003,15.0,38,-28.688,-0.46,0,
B-A-low-6,3.38127,1789994597.1711,decel,11.7275,3.6226,0.374,0.2,2.6,-1,-29.109,0.3336,10.246,1240,0.0,18.400000000000002,15.3,37,2830,0.0,-27.200000000000003,15.0,38,-28.688,-0.422,0,
B-A-low-6,3.38328,1789994597.1731,decel,11.7275,3.6226,0.374,0.2,2.6,-1,-29.148,-0.3324,10.242,1239,0.0,17.6,15.3,37,2830,0.0,-27.200000000000003,15.0,38,-28.688,-0.46,0,
B-A-low-6,3.38527,1789994597.1751,decel,11.7275,3.6226,0.374,0.2,2.6,-1,-29.109,0.3362,10.246,1240,0.0,18.400000000000002,15.3,37,2830,0.0,-27.200000000000003,15.0,38,-28.688,-0.422,0,
B-A-low-6,3.38727,1789994597.1771,decel,11.7275,3.6226,0.374,0.2,2.6,-1,-29.109,0.0,10.246,1240,0.0,18.400000000000002,15.3,37,2830,0.0,-27.200000000000003,15.0,38,-28.688,-0.422,0,
B-A-low-6,3.38928,1789994597.1791,decel,11.7275,3.6226,0.374,0.2,2.6,-1,-29.109,0.0,10.246,1240,0.0,18.400000000000002,15.3,37,2830,0.0,-27.200000000000003,15.0,38,-28.688,-0.422,0,
B-A-low-6,3.39127,1789994597.1811,decel,11.7275,3.6226,0.374,0.2,2.6,-1,-29.148,-0.336,10.242,1239,0.0,17.6,15.3,37,2830,0.0,-27.200000000000003,15.0,38,-28.688,-0.46,0,
B-A-low-6,3.39326,1789994597.1831,decel,11.7275,3.6226,0.374,0.2,2.6,-1,-29.148,0.0,10.242,1239,0.0,17.6,15.3,37,2830,0.0,-27.200000000000003,15.0,38,-28.688,-0.46,0,
B-A-low-6,3.39528,1789994597.1851,decel,11.7275,3.6226,0.374,0.2,2.6,-1,-29.148,0.0,10.242,1239,0.0,17.6,15.3,37,2830,0.0,-27.200000000000003,15.0,38,-28.688,-0.46,0,
B-A-low-6,3.39728,1789994597.1871,decel,11.7275,3.6226,0.374,0.2,2.6,-1,-29.148,0.0,10.242,1239,0.0,17.6,15.3,37,2830,0.0,-27.200000000000003,15.0,38,-28.688,-0.46,0,
B-A-low-6,3.39927,1789994597.1891,decel,11.7275,3.6226,0.374,0.2,2.6,-1,-29.148,0.0,10.242,1239,0.0,17.6,15.3,37,2830,0.0,-27.200000000000003,15.0,38,-28.688,-0.46,0,
B-A-low-6,3.40127,1789994597.1911,decel,11.7275,3.6226,0.374,0.2,2.6,-1,-29.109,0.3336,10.246,1240,0.0,18.400000000000002,15.3,37,2830,0.0,-27.200000000000003,15.0,38,-28.688,-0.422,0,
B-A-low-6,3.40327,1789994597.1931,decel,11.7275,3.6226,0.374,0.2,2.6,-1,-29.148,-0.335,10.242,1239,0.0,17.6,15.3,37,2830,0.0,-27.200000000000003,15.0,38,-28.688,-0.46,0,
B-A-low-6,3.40528,1789994597.1951,decel,11.7275,3.6226,0.374,0.2,2.6,-1,-29.148,0.0,10.242,1239,0.0,17.6,15.3,37,2830,0.0,-27.200000000000003,15.0,38,-28.688,-0.46,0,
B-A-low-6,3.40727,1789994597.1971,decel,11.7275,3.6226,0.374,0.2,2.6,-1,-29.148,0.0,10.242,1239,0.0,17.6,15.3,37,2830,0.0,-27.200000000000003,15.0,38,-28.688,-0.46,0,
B-A-low-6,3.40927,1789994597.1991,decel,11.7275,3.6226,0.374,0.2,2.6,-1,-29.109,0.3352,10.246,1240,0.0,18.400000000000002,15.3,37,2830,0.0,-27.200000000000003,15.0,38,-28.688,-0.422,0,
B-A-low-6,3.41128,1789994597.2011,decel,11.7275,3.6226,0.374,0.2,2.6,-1,-29.148,-0.3331,10.242,1239,0.0,17.6,15.3,37,2830,0.0,-27.200000000000003,15.0,38,-28.688,-0.46,0,
B-A-low-6,3.41327,1789994597.2031,decel,11.7275,3.6226,0.374,0.2,2.6,-1,-29.109,0.3369,10.246,1240,0.0,18.400000000000002,15.3,37,2830,0.0,-27.200000000000003,15.0,38,-28.688,-0.422,0,
B-A-low-6,3.41527,1789994597.2051,decel,11.7275,3.6226,0.374,0.2,2.6,-1,-29.148,-0.3344,10.242,1239,0.0,17.6,15.3,37,2830,0.0,-27.200000000000003,15.0,38,-28.688,-0.46,0,
B-A-low-6,3.41726,1789994597.2071,decel,11.7275,3.6226,0.374,0.2,2.6,-1,-29.148,0.0,10.242,1239,0.0,17.6,15.3,37,2830,0.0,-27.200000000000003,15.0,38,-28.688,-0.46,0,
B-A-low-6,3.41926,1789994597.2091,decel,11.7275,3.6226,0.374,0.2,2.6,-1,-29.148,0.0,10.242,1239,0.0,17.6,15.3,37,2830,0.0,-27.200000000000003,15.0,38,-28.688,-0.46,0,
B-A-low-6,3.42127,1789994597.2111,decel,11.7275,3.6226,0.374,0.2,2.6,-1,-29.148,0.0,10.242,1239,0.0,17.6,15.3,37,2830,0.0,-27.200000000000003,15.0,38,-28.688,-0.46,0,
B-A-low-6,3.42327,1789994597.2131,decel,11.7275,3.6226,0.374,0.2,2.6,-1,-29.148,0.0,10.242,1239,0.0,17.6,15.3,37,2830,0.0,-27.200000000000003,15.0,38,-28.688,-0.46,0,
B-A-low-6,3.42527,1789994597.2151,decel,11.7275,3.6226,0.374,0.2,2.6,-1,-29.109,0.3355,10.246,1240,0.0,18.400000000000002,15.3,37,2830,0.0,-27.200000000000003,15.0,38,-28.688,-0.422,0,
B-A-low-6,3.42727,1789994597.2171,decel,11.7275,3.6226,0.374,0.2,2.6,-1,-29.148,-0.3337,10.242,1239,0.0,17.6,15.3,37,2830,0.0,-27.200000000000003,15.0,38,-28.688,-0.46,0,
B-A-low-6,3.42926,1789994597.2191,decel,11.7275,3.6226,0.374,0.2,2.6,-1,-29.148,0.0,10.242,1239,0.0,17.6,15.3,37,2830,0.0,-27.200000000000003,15.0,38,-28.688,-0.46,0,
B-A-low-6,3.43126,1789994597.2211,decel,11.7275,3.6226,0.374,0.2,2.6,-1,-29.109,0.3346,10.246,1240,0.0,18.400000000000002,15.3,37,2830,0.0,-27.200000000000003,15.0,38,-28.688,-0.422,0,
B-A-low-6,3.43326,1789994597.2231,decel,11.7275,3.6226,0.374,0.2,2.6,-1,-29.148,-0.3347,10.242,1239,0.0,17.6,15.3,37,2830,0.0,-27.200000000000003,15.0,38,-28.688,-0.46,0,
B-A-low-6,3.43529,1789994597.2252,decel,11.7275,3.6226,0.374,0.2,2.6,-1,-29.148,0.0,10.242,1239,0.0,17.6,15.3,37,2830,0.0,-27.200000000000003,15.0,38,-28.688,-0.46,0,
B-A-low-6,3.43726,1789994597.2271,decel,11.7275,3.6226,0.374,0.2,2.6,-1,-29.148,0.0,10.242,1239,0.0,17.6,15.3,37,2830,0.0,-27.200000000000003,15.0,38,-28.688,-0.46,0,
B-A-low-6,3.43927,1789994597.2291,decel,11.7275,3.6226,0.374,0.2,2.6,-1,-29.148,0.0,10.242,1239,0.0,17.6,15.3,37,2830,0.0,-27.200000000000003,15.0,38,-28.688,-0.46,0,
B-A-low-6,3.44126,1789994597.2311,decel,11.7275,3.6226,0.374,0.2,2.6,-1,-29.148,0.0,10.242,1239,0.0,17.6,15.3,37,2830,0.0,-27.200000000000003,15.0,38,-28.688,-0.46,0,
B-A-low-6,3.44328,1789994597.2331,decel,11.7275,3.6226,0.374,0.2,2.6,-1,-29.148,0.0,10.242,1239,0.0,17.6,15.3,37,2830,0.0,-27.200000000000003,15.0,38,-28.688,-0.46,0,
B-A-low-6,3.44528,1789994597.2351,decel,11.7275,3.6226,0.374,0.2,2.6,-1,-29.148,0.0,10.242,1239,0.0,17.6,15.3,37,2830,0.0,-27.200000000000003,15.0,38,-28.688,-0.46,0,
B-A-low-6,3.44728,1789994597.2371,decel,11.7275,3.6226,0.374,0.2,2.6,-1,-29.148,0.0,10.242,1239,0.0,17.6,15.3,37,2830,0.0,-27.200000000000003,15.0,38,-28.688,-0.46,0,
B-A-low-6,3.44927,1789994597.2391,decel,11.7275,3.6226,0.374,0.2,2.6,-1,-29.148,0.0,10.242,1239,0.0,17.6,15.3,37,2830,0.0,-27.200000000000003,15.0,38,-28.688,-0.46,0,
B-A-low-6,3.45126,1789994597.2411,decel,11.7275,3.6226,0.374,0.2,2.6,-1,-29.148,0.0,10.242,1239,0.0,17.6,15.3,37,2830,0.0,-27.200000000000003,15.0,38,-28.688,-0.46,0,
B-A-low-6,3.45327,1789994597.2431,decel,11.7275,3.6226,0.374,0.2,2.6,-1,-29.148,0.0,10.242,1239,0.0,17.6,15.3,37,2830,0.0,-27.200000000000003,15.0,38,-28.688,-0.46,0,
B-A-low-6,3.45527,1789994597.2451,decel,11.7275,3.6226,0.374,0.2,2.6,-1,-29.148,0.0,10.242,1239,0.0,17.6,15.3,37,2830,0.0,-27.200000000000003,15.0,38,-28.688,-0.46,0,
B-A-low-6,3.45726,1789994597.2471,decel,11.7275,3.6226,0.374,0.2,2.6,-1,-29.148,0.0,10.242,1239,0.0,17.6,15.3,37,2830,0.0,-27.200000000000003,15.0,38,-28.688,-0.46,0,
B-A-low-6,3.45928,1789994597.2491,decel,11.7275,3.6226,0.374,0.2,2.6,-1,-29.148,0.0,10.242,1239,0.0,17.6,15.3,37,2830,0.0,-27.200000000000003,15.0,38,-28.688,-0.46,0,
B-A-low-6,3.46126,1789994597.2511,decel,11.7275,3.6226,0.374,0.2,2.6,-1,-29.148,0.0,10.242,1239,0.0,17.6,15.3,37,2830,0.0,-27.200000000000003,15.0,38,-28.688,-0.46,0,
B-A-low-6,3.46326,1789994597.2531,decel,11.7275,3.6226,0.374,0.2,2.6,-1,-29.109,0.335,10.246,1240,0.0,18.400000000000002,15.3,37,2830,0.0,-27.200000000000003,15.0,38,-28.688,-0.422,0,
B-A-low-6,3.46527,1789994597.2551,decel,11.7275,3.6226,0.374,0.2,2.6,-1,-29.148,-0.3338,10.242,1239,0.0,17.6,15.3,37,2830,0.0,-27.200000000000003,15.0,38,-28.688,-0.46,0,
B-A-low-6,3.46726,1789994597.2571,decel,11.7275,3.6226,0.374,0.2,2.6,-1,-29.148,0.0,10.242,1239,0.0,17.6,15.3,37,2830,0.0,-27.200000000000003,15.0,38,-28.688,-0.46,0,
B-A-low-6,3.46929,1789994597.2591,decel,11.7275,3.6226,0.374,0.2,2.6,-1,-29.148,0.0,10.242,1239,0.0,17.6,15.3,37,2830,0.0,-27.200000000000003,15.0,38,-28.688,-0.46,0,
B-A-low-6,3.47127,1789994597.2611,decel,11.7275,3.6226,0.374,0.2,2.6,-1,-29.148,0.0,10.242,1239,0.0,17.6,15.3,37,2830,0.0,-27.200000000000003,15.0,38,-28.688,-0.46,0,
B-A-low-6,3.47326,1789994597.2631,decel,11.7275,3.6226,0.374,0.2,2.6,-1,-29.148,0.0,10.242,1239,0.0,17.6,15.3,37,2830,0.0,-27.200000000000003,15.0,38,-28.688,-0.46,0,
B-A-low-6,3.47527,1789994597.2651,decel,11.7275,3.6226,0.374,0.2,2.6,-1,-29.109,0.3341,10.246,1240,0.0,18.400000000000002,15.3,37,2830,0.0,-27.200000000000003,15.0,38,-28.688,-0.422,0,
B-A-low-6,3.47729,1789994597.2672,decel,11.7275,3.6226,0.374,0.2,2.6,-1,-29.148,-0.3308,10.242,1239,0.0,17.6,15.3,37,2830,0.0,-27.200000000000003,15.0,38,-28.688,-0.46,0,
B-A-low-6,3.47929,1789994597.2692,decel,11.7275,3.6226,0.374,0.2,2.6,-1,-29.148,0.0,10.242,1239,0.0,17.6,15.3,37,2830,0.0,-27.200000000000003,15.0,38,-28.688,-0.46,0,
B-A-low-6,3.48126,1789994597.2711,decel,11.7275,3.6226,0.374,0.2,2.6,-1,-29.109,0.3392,10.246,1240,0.0,18.400000000000002,15.3,37,2830,0.0,-27.200000000000003,15.0,38,-28.688,-0.422,0,
B-A-low-6,3.48327,1789994597.2731,decel,11.7275,3.6226,0.374,0.2,2.6,-1,-29.148,-0.3341,10.242,1239,0.0,17.6,15.3,37,2830,0.0,-27.200000000000003,15.0,38,-28.688,-0.46,0,
B-A-low-6,3.48528,1789994597.2751,decel,11.7275,3.6226,0.374,0.2,2.6,-1,-29.148,0.0,10.242,1239,0.0,17.6,15.3,37,2830,0.0,-27.200000000000003,15.0,38,-28.688,-0.46,0,
B-A-low-6,3.48726,1789994597.2771,decel,11.7275,3.6226,0.374,0.2,2.6,-1,-29.148,0.0,10.242,1239,0.0,17.6,15.3,37,2830,0.0,-27.200000000000003,15.0,38,-28.688,-0.46,0,
B-A-low-6,3.48926,1789994597.2791,decel,11.7275,3.6226,0.374,0.2,2.6,-1,-29.109,0.3346,10.246,1240,0.0,18.400000000000002,15.3,37,2830,0.0,-27.200000000000003,15.0,38,-28.688,-0.422,0,
B-A-low-6,3.49128,1789994597.2811,decel,11.7275,3.6226,0.374,0.2,2.6,-1,-29.148,-0.3316,10.242,1239,0.0,17.6,15.3,37,2830,0.0,-27.200000000000003,15.0,38,-28.688,-0.46,0,
B-A-low-6,3.49328,1789994597.2831,decel,11.7275,3.6226,0.374,0.2,2.6,-1,-29.148,0.0,10.242,1239,0.0,17.6,15.3,37,2830,0.0,-27.200000000000003,15.0,38,-28.688,-0.46,0,
B-A-low-6,3.49529,1789994597.2851,decel,11.7275,3.6226,0.374,0.2,2.6,-1,-29.148,0.0,10.242,1239,0.0,17.6,15.3,37,2830,0.0,-27.200000000000003,15.0,38,-28.688,-0.46,0,
B-A-low-6,3.49726,1789994597.2871,decel,11.7275,3.6226,0.374,0.2,2.6,-1,-29.148,0.0,10.242,1239,0.0,17.6,15.3,37,2830,0.0,-27.200000000000003,15.0,38,-28.688,-0.46,0,
B-A-low-6,3.49926,1789994597.2891,decel,11.7275,3.6226,0.374,0.2,2.6,-1,-29.109,0.3354,10.246,1240,0.0,18.400000000000002,15.3,37,2830,0.0,-27.200000000000003,15.0,38,-28.688,-0.422,0,
B-A-low-6,3.50127,1789994597.2911,decel,11.7275,3.6226,0.374,0.2,2.6,-1,-29.148,-0.3326,10.242,1239,0.0,17.6,15.3,37,2830,0.0,-27.200000000000003,15.0,38,-28.688,-0.46,0,
B-A-low-6,3.50326,1789994597.2931,decel,11.7275,3.6226,0.374,0.2,2.6,-1,-29.148,0.0,10.242,1239,0.0,17.6,15.3,37,2830,0.0,-27.200000000000003,15.0,38,-28.688,-0.46,0,
B-A-low-6,3.50526,1789994597.2951,decel,11.7275,3.6226,0.374,0.2,2.6,-1,-29.148,0.0,10.242,1239,0.0,17.6,15.3,37,2830,0.0,-27.200000000000003,15.0,38,-28.688,-0.46,0,
B-A-low-6,3.50726,1789994597.2971,decel,11.7275,3.6226,0.374,0.2,2.6,-1,-29.148,0.0,10.242,1239,0.0,17.6,15.3,37,2830,0.0,-27.200000000000003,15.0,38,-28.688,-0.46,0,
B-A-low-6,3.50927,1789994597.2991,decel,11.7275,3.6226,0.374,0.2,2.6,-1,-29.109,0.3327,10.246,1240,0.0,18.400000000000002,15.3,37,2830,0.0,-27.200000000000003,15.0,38,-28.688,-0.422,0,
B-A-low-6,3.51128,1789994597.3011,decel,11.7275,3.6226,0.374,0.2,2.6,-1,-29.109,0.0,10.246,1240,0.0,18.400000000000002,15.3,37,2830,0.0,-27.200000000000003,15.0,38,-28.688,-0.422,0,
B-A-low-6,3.51328,1789994597.3031,decel,11.7275,3.6226,0.374,0.2,2.6,-1,-29.109,0.0,10.246,1240,0.0,18.400000000000002,15.3,37,2830,0.0,-27.200000000000003,15.0,38,-28.688,-0.422,0,
B-A-low-6,3.51527,1789994597.3051,decel,11.7275,3.6226,0.374,0.2,2.6,-1,-29.109,0.0,10.246,1240,0.0,18.400000000000002,15.3,37,2830,0.0,-27.200000000000003,15.0,38,-28.688,-0.422,0,
B-A-low-6,3.51728,1789994597.3071,decel,11.7275,3.6226,0.374,0.2,2.6,-1,-29.109,0.0,10.246,1240,0.0,18.400000000000002,15.3,37,2830,0.0,-27.200000000000003,15.0,38,-28.688,-0.422,0,
B-A-low-6,3.51927,1789994597.3091,decel,11.7275,3.6226,0.374,0.2,2.6,-1,-29.148,-0.3364,10.242,1239,0.0,17.6,14.4,37,2830,0.0,-27.200000000000003,15.0,38,-28.688,-0.46,0,
B-A-low-6,3.52128,1789994597.3111,decel,11.7275,3.6226,0.374,0.2,2.6,-1,-29.148,0.0,10.242,1239,0.0,17.6,14.4,37,2830,0.0,-27.200000000000003,14.4,38,-28.688,-0.46,0,
B-A-low-6,3.5233,1789994597.3132,decel,11.7275,3.6226,0.374,0.2,2.6,-1,-29.148,0.0,10.242,1239,0.0,17.6,14.4,37,2830,0.0,-27.200000000000003,14.4,38,-28.688,-0.46,0,
B-A-low-6,3.52529,1789994597.3151,decel,11.7275,3.6226,0.374,0.2,2.6,-1,-29.148,0.0,10.242,1239,0.0,17.6,14.4,37,2830,0.0,-27.200000000000003,14.4,38,-28.688,-0.46,0,
B-A-low-6,3.52726,1789994597.3171,decel,11.7275,3.6226,0.374,0.2,2.6,-1,-29.109,0.3387,10.246,1240,0.0,18.400000000000002,14.4,37,2830,0.0,-27.200000000000003,14.4,38,-28.688,-0.422,0,
B-A-low-6,3.52928,1789994597.3191,decel,11.7275,3.6226,0.374,0.2,2.6,-1,-29.148,-0.3318,10.242,1239,0.0,17.6,14.4,37,2830,0.0,-27.200000000000003,14.4,38,-28.688,-0.46,0,
B-A-low-6,3.53128,1789994597.3211,decel,11.7275,3.6226,0.374,0.2,2.6,-1,-29.148,0.0,10.242,1239,0.0,17.6,14.4,37,2830,0.0,-27.200000000000003,14.4,38,-28.688,-0.46,0,
B-A-low-6,3.53328,1789994597.3231,decel,11.7275,3.6226,0.374,0.2,2.6,-1,-29.109,0.3345,10.246,1240,0.0,18.400000000000002,14.4,37,2830,0.0,-27.200000000000003,14.4,38,-28.688,-0.422,0,
B-A-low-6,3.53527,1789994597.3251,decel,11.7275,3.6226,0.374,0.2,2.6,-1,-29.148,-0.3358,10.242,1239,0.0,17.6,14.4,37,2830,0.0,-27.200000000000003,14.4,38,-28.688,-0.46,0,
B-A-low-6,3.53727,1789994597.3271,decel,11.7275,3.6226,0.374,0.2,2.6,-1,-29.148,0.0,10.242,1239,0.0,17.6,14.4,37,2830,0.0,-27.200000000000003,14.4,38,-28.688,-0.46,0,
B-A-low-6,3.53929,1789994597.3292,decel,11.7275,3.6226,0.374,0.2,2.6,-1,-29.148,0.0,10.242,1239,0.0,17.6,14.4,37,2830,0.0,-27.200000000000003,14.4,38,-28.688,-0.46,0,
B-A-low-6,3.54127,1789994597.3311,decel,11.7275,3.6226,0.374,0.2,2.6,-1,-29.148,0.0,10.242,1239,0.0,17.6,14.4,37,2830,0.0,-27.200000000000003,14.4,38,-28.688,-0.46,0,
B-A-low-6,3.54328,1789994597.3331,decel,11.7275,3.6226,0.374,0.2,2.6,-1,-29.148,0.0,10.242,1239,0.0,17.6,14.4,37,2830,0.0,-27.200000000000003,14.4,38,-28.688,-0.46,0,
B-A-low-6,3.54526,1789994597.3351,decel,11.7275,3.6226,0.374,0.2,2.6,-1,-29.148,0.0,10.242,1239,0.0,17.6,14.4,37,2830,0.0,-27.200000000000003,14.4,38,-28.688,-0.46,0,
B-A-low-6,3.54727,1789994597.3371,decel,11.7275,3.6226,0.374,0.2,2.6,-1,-29.148,0.0,10.242,1239,0.0,17.6,14.4,37,2830,0.0,-27.200000000000003,14.4,38,-28.688,-0.46,0,
B-A-low-6,3.54928,1789994597.3391,decel,11.7275,3.6226,0.374,0.2,2.6,-1,-29.148,0.0,10.242,1239,0.0,17.6,14.4,37,2830,0.0,-27.200000000000003,14.4,38,-28.688,-0.46,0,
B-A-low-6,3.55126,1789994597.3411,decel,11.7275,3.6226,0.374,0.2,2.6,-1,-29.148,0.0,10.242,1239,0.0,17.6,14.4,37,2830,0.0,-27.200000000000003,14.4,38,-28.688,-0.46,0,
B-A-low-6,3.55327,1789994597.3431,decel,11.7275,3.6226,0.374,0.2,2.6,-1,-29.109,0.333,10.246,1240,0.0,18.400000000000002,14.4,37,2830,0.0,-27.200000000000003,14.4,38,-28.688,-0.422,0,
B-A-low-6,3.55527,1789994597.3451,decel,11.7275,3.6226,0.374,0.2,2.6,-1,-29.148,-0.3347,10.242,1239,0.0,17.6,14.4,37,2830,0.0,-27.200000000000003,14.4,38,-28.688,-0.46,0,
B-A-low-6,3.55727,1789994597.3471,decel,11.7275,3.6226,0.374,0.2,2.6,-1,-29.109,0.3351,10.246,1240,0.0,18.400000000000002,14.4,37,2830,0.0,-27.200000000000003,14.4,38,-28.688,-0.422,0,
B-A-low-6,3.55927,1789994597.3491,decel,11.7275,3.6226,0.374,0.2,2.6,-1,-29.109,0.0,10.246,1240,0.0,18.400000000000002,14.4,37,2830,0.0,-27.200000000000003,14.4,38,-28.688,-0.422,0,
B-A-low-6,3.56127,1789994597.3511,decel,11.7275,3.6226,0.374,0.2,2.6,-1,-29.109,0.0,10.246,1240,0.0,18.400000000000002,14.4,37,2830,0.0,-27.200000000000003,14.4,38,-28.688,-0.422,0,
B-A-low-6,3.56329,1789994597.3531,decel,11.7275,3.6226,0.374,0.2,2.6,-1,-29.109,0.0,10.246,1240,0.0,18.400000000000002,14.4,37,2830,0.0,-27.200000000000003,14.4,38,-28.688,-0.422,0,
B-A-low-6,3.56526,1789994597.3551,decel,11.7275,3.6226,0.374,0.2,2.6,-1,-29.148,-0.3386,10.242,1239,0.0,17.6,14.4,37,2830,0.0,-27.200000000000003,14.4,38,-28.688,-0.46,0,
B-A-low-6,3.56728,1789994597.3571,decel,11.7275,3.6226,0.374,0.2,2.6,-1,-29.148,0.0,10.242,1239,0.0,17.6,14.4,37,2830,0.0,-27.200000000000003,14.4,38,-28.688,-0.46,0,
B-A-low-6,3.56927,1789994597.3591,decel,11.7275,3.6226,0.374,0.2,2.6,-1,-29.148,0.0,10.242,1239,0.0,17.6,14.4,37,2830,0.0,-27.200000000000003,14.4,38,-28.688,-0.46,0,
B-A-low-6,3.57126,1789994597.3611,decel,11.7275,3.6226,0.374,0.2,2.6,-1,-29.148,0.0,10.242,1239,0.0,17.6,14.4,37,2830,0.0,-27.200000000000003,14.4,38,-28.688,-0.46,0,
B-A-low-6,3.57326,1789994597.3631,decel,11.7275,3.6226,0.374,0.2,2.6,-1,-29.148,0.0,10.242,1239,0.0,17.6,14.4,37,2830,0.0,-27.200000000000003,14.4,38,-28.688,-0.46,0,
B-A-low-6,3.57529,1789994597.3652,decel,11.7275,3.6226,0.374,0.2,2.6,-1,-29.148,0.0,10.242,1239,0.0,17.6,14.4,37,2830,0.0,-27.200000000000003,14.4,38,-28.688,-0.46,0,
B-A-low-6,3.57726,1789994597.3671,decel,11.7275,3.6226,0.374,0.2,2.6,-1,-29.148,0.0,10.242,1239,0.0,17.6,14.4,37,2830,0.0,-27.200000000000003,14.4,38,-28.688,-0.46,0,
B-A-low-6,3.57927,1789994597.3691,decel,11.7275,3.6226,0.374,0.2,2.6,-1,-29.148,0.0,10.242,1239,0.0,17.6,14.4,37,2830,0.0,-27.200000000000003,14.4,38,-28.688,-0.46,0,
B-A-low-6,3.58126,1789994597.3711,decel,11.7275,3.6226,0.374,0.2,2.6,-1,-29.148,0.0,10.242,1239,0.0,17.6,14.4,37,2830,0.0,-27.200000000000003,14.4,38,-28.688,-0.46,0,
B-A-low-6,3.58325,1789994597.3731,decel,11.7275,3.6226,0.374,0.2,2.6,-1,-29.148,0.0,10.242,1239,0.0,17.6,14.4,37,2830,0.0,-27.200000000000003,14.4,38,-28.688,-0.46,0,
B-A-low-6,3.58525,1789994597.3751,decel,11.7275,3.6226,0.374,0.2,2.6,-1,-29.148,0.0,10.242,1239,0.0,17.6,14.4,37,2830,0.0,-27.200000000000003,14.4,38,-28.688,-0.46,0,
B-A-low-6,3.58725,1789994597.3771,decel,11.7275,3.6226,0.374,0.2,2.6,-1,-29.109,0.3351,10.246,1240,0.0,18.400000000000002,14.4,37,2830,0.0,-27.200000000000003,14.4,38,-28.688,-0.422,0,
B-A-low-6,3.58928,1789994597.3791,decel,11.7275,3.6226,0.374,0.2,2.6,-1,-29.148,-0.3303,10.242,1239,0.0,17.6,14.4,37,2830,0.0,-27.200000000000003,14.4,38,-28.688,-0.46,0,
B-A-low-6,3.59125,1789994597.3811,decel,11.7275,3.6226,0.374,0.2,2.6,-1,-29.148,0.0,10.242,1239,0.0,17.6,14.4,37,2830,0.0,-27.200000000000003,14.4,38,-28.688,-0.46,0,
B-A-low-6,3.59324,1789994597.3831,decel,11.7275,3.6226,0.374,0.2,2.6,-1,-29.148,0.0,10.242,1239,0.0,17.6,14.4,37,2830,0.0,-27.200000000000003,14.4,38,-28.688,-0.46,0,
B-A-low-6,3.59526,1789994597.3851,decel,11.7275,3.6226,0.374,0.2,2.6,-1,-29.109,0.3317,10.246,1240,0.0,18.400000000000002,14.4,37,2830,0.0,-27.200000000000003,14.4,38,-28.688,-0.422,0,
B-A-low-6,3.59725,1789994597.3871,decel,11.7275,3.6226,0.374,0.2,2.6,-1,-29.148,-0.3368,10.242,1239,0.0,17.6,14.4,37,2830,0.0,-27.200000000000003,14.4,38,-28.688,-0.46,0,
B-A-low-6,3.59924,1789994597.3891,decel,11.7275,3.6226,0.374,0.2,2.6,-1,-29.109,0.336,10.246,1240,0.0,18.400000000000002,14.4,37,2830,0.0,-27.200000000000003,14.4,38,-28.688,-0.422,0,
B-A-low-6,3.60124,1789994597.3911,decel,11.7275,3.6226,0.374,0.2,2.6,-1,-29.148,-0.3349,10.242,1239,0.0,17.6,14.4,37,2830,0.0,-27.200000000000003,14.4,38,-28.688,-0.46,0,
B-A-low-6,3.60324,1789994597.3931,decel,11.7275,3.6226,0.374,0.2,2.6,-1,-29.148,0.0,10.242,1239,0.0,17.6,14.4,37,2830,0.0,-27.200000000000003,14.4,38,-28.688,-0.46,0,
B-A-low-6,3.60525,1789994597.3951,decel,11.7275,3.6226,0.374,0.2,2.6,-1,-29.148,0.0,10.242,1239,0.0,17.6,14.4,37,2830,0.0,-27.200000000000003,14.4,38,-28.688,-0.46,0,
B-A-low-6,3.60725,1789994597.3971,decel,11.7275,3.6226,0.374,0.2,2.6,-1,-29.148,0.0,10.242,1239,0.0,17.6,14.4,37,2830,0.0,-27.200000000000003,14.4,38,-28.688,-0.46,0,
B-A-low-6,3.60925,1789994597.3991,decel,11.7275,3.6226,0.374,0.2,2.6,-1,-29.148,0.0,10.242,1239,0.0,17.6,14.4,37,2830,0.0,-27.200000000000003,14.4,38,-28.688,-0.46,0,
B-A-low-6,3.61125,1789994597.4011,decel,11.7275,3.6226,0.374,0.2,2.6,-1,-29.109,0.3355,10.246,1240,0.0,18.400000000000002,14.4,37,2830,0.0,-27.200000000000003,14.4,38,-28.688,-0.422,0,
B-A-low-6,3.61326,1789994597.4031,decel,11.7275,3.6226,0.374,0.2,2.6,-1,-29.148,-0.3326,10.242,1239,0.0,17.6,14.4,37,2830,0.0,-27.200000000000003,14.4,38,-28.688,-0.46,0,
B-A-low-6,3.61524,1789994597.4051,decel,11.7275,3.6226,0.374,0.2,2.6,-1,-29.148,0.0,10.242,1239,0.0,17.6,14.4,37,2830,0.0,-27.200000000000003,14.4,38,-28.688,-0.46,0,
B-A-low-6,3.61729,1789994597.4072,decel,11.7275,3.6226,0.374,0.2,2.6,-1,-29.148,0.0,10.242,1239,0.0,17.6,14.4,37,2830,0.0,-27.200000000000003,14.4,38,-28.688,-0.46,0,
B-A-low-6,3.61925,1789994597.4091,decel,11.7275,3.6226,0.374,0.2,2.6,-1,-29.148,0.0,10.242,1239,0.0,17.6,14.4,37,2830,0.0,-27.200000000000003,14.4,38,-28.688,-0.46,0,
B-A-low-6,3.62124,1789994597.4111,decel,11.7275,3.6226,0.374,0.2,2.6,-1,-29.148,0.0,10.242,1239,0.0,17.6,14.4,37,2830,0.0,-27.200000000000003,14.4,38,-28.688,-0.46,0,
B-A-low-6,3.62326,1789994597.4131,decel,11.7275,3.6226,0.374,0.2,2.6,-1,-29.109,0.3326,10.246,1240,0.0,18.400000000000002,14.4,37,2830,0.0,-27.200000000000003,14.4,38,-28.688,-0.422,0,
B-A-low-6,3.62525,1789994597.4151,decel,11.7275,3.6226,0.374,0.2,2.6,-1,-29.148,-0.336,10.242,1239,0.0,17.6,14.4,37,2830,0.0,-27.200000000000003,14.4,38,-28.688,-0.46,0,
B-A-low-6,3.62725,1789994597.4171,decel,11.7275,3.6226,0.374,0.2,2.6,-1,-29.148,0.0,10.242,1239,0.0,17.6,14.4,37,2830,0.0,-27.200000000000003,14.4,38,-28.688,-0.46,0,
B-A-low-6,3.62925,1789994597.4191,decel,11.7275,3.6226,0.374,0.2,2.6,-1,-29.109,0.3341,10.246,1240,0.0,18.400000000000002,14.4,37,2830,0.0,-27.200000000000003,14.4,38,-28.688,-0.422,0,
B-A-low-6,3.63125,1789994597.4211,decel,11.7275,3.6226,0.374,0.2,2.6,-1,-29.148,-0.335,10.242,1239,0.0,17.6,14.4,37,2830,0.0,-27.200000000000003,14.4,38,-28.688,-0.46,0,
B-A-low-6,3.63325,1789994597.4231,decel,11.7275,3.6226,0.374,0.2,2.6,-1,-29.109,0.3349,10.246,1240,0.0,18.400000000000002,14.4,37,2830,0.0,-27.200000000000003,14.4,38,-28.688,-0.422,0,
B-A-low-6,3.63526,1789994597.4251,decel,11.7275,3.6226,0.374,0.2,2.6,-1,-29.148,-0.3322,10.242,1239,0.0,17.6,14.4,37,2830,0.0,-27.200000000000003,14.4,38,-28.688,-0.46,0,
B-A-low-6,3.63724,1789994597.4271,decel,11.7275,3.6226,0.374,0.2,2.6,-1,-29.148,0.0,10.242,1239,0.0,17.6,14.9,37,2830,0.0,-27.200000000000003,14.4,38,-28.688,-0.46,0,
B-A-low-6,3.63925,1789994597.4291,decel,11.7275,3.6226,0.374,0.2,2.6,-1,-29.148,0.0,10.242,1239,0.0,17.6,14.9,37,2830,0.0,-27.200000000000003,14.8,38,-28.688,-0.46,0,
B-A-low-6,3.64124,1789994597.4311,decel,11.7275,3.6226,0.374,0.2,2.6,-1,-29.148,0.0,10.242,1239,0.0,17.6,14.9,37,2830,0.0,-27.200000000000003,14.8,38,-28.688,-0.46,0,
B-A-low-6,3.64326,1789994597.4331,decel,11.7275,3.6226,0.374,0.2,2.6,-1,-29.148,0.0,10.242,1239,0.0,17.6,14.9,37,2830,0.0,-27.200000000000003,14.8,38,-28.688,-0.46,0,
B-A-low-6,3.64525,1789994597.4351,decel,11.7275,3.6226,0.374,0.2,2.6,-1,-29.109,0.3365,10.246,1240,0.0,18.400000000000002,14.9,37,2830,0.0,-27.200000000000003,14.8,38,-28.688,-0.422,0,
B-A-low-6,3.64724,1789994597.4371,decel,11.7275,3.6226,0.374,0.2,2.6,-1,-29.148,-0.3352,10.242,1239,0.0,17.6,14.9,37,2830,0.0,-27.200000000000003,14.8,38,-28.688,-0.46,0,
B-A-low-6,3.64924,1789994597.4391,decel,11.7275,3.6226,0.374,0.2,2.6,-1,-29.109,0.3354,10.246,1240,0.0,18.400000000000002,14.9,37,2830,0.0,-27.200000000000003,14.8,38,-28.688,-0.422,0,
B-A-low-6,3.65125,1789994597.4411,decel,11.7275,3.6226,0.374,0.2,2.6,-1,-29.148,-0.3336,10.242,1239,0.0,17.6,14.9,37,2830,0.0,-27.200000000000003,14.8,38,-28.688,-0.46,0,
B-A-low-6,3.65326,1789994597.4431,decel,11.7275,3.6226,0.374,0.2,2.6,-1,-29.148,0.0,10.242,1239,0.0,17.6,14.9,37,2830,0.0,-27.200000000000003,14.8,38,-28.688,-0.46,0,
B-A-low-6,3.65525,1789994597.4451,decel,11.7275,3.6226,0.374,0.2,2.6,-1,-29.148,0.0,10.242,1239,0.0,17.6,14.9,37,2830,0.0,-27.200000000000003,14.8,38,-28.688,-0.46,0,
B-A-low-6,3.65725,1789994597.4471,decel,11.7275,3.6226,0.374,0.2,2.6,-1,-29.148,0.0,10.242,1239,0.0,17.6,14.9,37,2830,0.0,-27.200000000000003,14.8,38,-28.688,-0.46,0,
B-A-low-6,3.65924,1789994597.4491,decel,11.7275,3.6226,0.374,0.2,2.6,-1,-29.109,0.3354,10.246,1240,0.0,18.400000000000002,14.9,37,2830,0.0,-27.200000000000003,14.8,38,-28.688,-0.422,0,
B-A-low-6,3.66125,1789994597.4511,decel,11.7275,3.6226,0.374,0.2,2.6,-1,-29.148,-0.3326,10.242,1239,0.0,17.6,14.9,37,2830,0.0,-27.200000000000003,14.8,38,-28.688,-0.46,0,
B-A-low-6,3.66325,1789994597.4531,decel,11.7275,3.6226,0.374,0.2,2.6,-1,-29.148,0.0,10.242,1239,0.0,17.6,14.9,37,2830,0.0,-27.200000000000003,14.8,38,-28.688,-0.46,0,
B-A-low-6,3.66525,1789994597.4551,decel,11.7275,3.6226,0.374,0.2,2.6,-1,-29.148,0.0,10.242,1239,0.0,17.6,14.9,37,2830,0.0,-27.200000000000003,14.8,38,-28.688,-0.46,0,
B-A-low-6,3.66724,1789994597.4571,decel,11.7275,3.6226,0.374,0.2,2.6,-1,-29.148,0.0,10.242,1239,0.0,17.6,14.9,37,2830,0.0,-27.200000000000003,14.8,38,-28.688,-0.46,0,
B-A-low-6,3.66925,1789994597.4591,decel,11.7275,3.6226,0.374,0.2,2.6,-1,-29.148,0.0,10.242,1239,0.0,17.6,14.9,37,2830,0.0,-27.200000000000003,14.8,38,-28.688,-0.46,0,
B-A-low-6,3.67125,1789994597.4611,decel,11.7275,3.6226,0.374,0.2,2.6,-1,-29.148,0.0,10.242,1239,0.0,17.6,14.9,37,2830,0.0,-27.200000000000003,14.8,38,-28.688,-0.46,0,
B-A-low-6,3.67324,1789994597.4631,decel,11.7275,3.6226,0.374,0.2,2.6,-1,-29.109,0.3363,10.246,1240,0.0,18.400000000000002,14.9,37,2830,0.0,-27.200000000000003,14.8,38,-28.688,-0.422,0,
B-A-low-6,3.67524,1789994597.4651,decel,11.7275,3.6226,0.374,0.2,2.6,-1,-29.148,-0.3355,10.242,1239,0.0,17.6,14.9,37,2830,0.0,-27.200000000000003,14.8,38,-28.688,-0.46,0,
B-A-low-6,3.67724,1789994597.4671,decel,11.7275,3.6226,0.374,0.2,2.6,-1,-29.148,0.0,10.242,1239,0.0,17.6,14.9,37,2830,0.0,-27.200000000000003,14.8,38,-28.688,-0.46,0,
B-A-low-6,3.67925,1789994597.4691,decel,11.7275,3.6226,0.374,0.2,2.6,-1,-29.148,0.0,10.242,1239,0.0,17.6,14.9,37,2830,0.0,-27.200000000000003,14.8,38,-28.688,-0.46,0,
B-A-low-6,3.68123,1789994597.4711,decel,11.7275,3.6226,0.374,0.2,2.6,-1,-29.148,0.0,10.242,1239,0.0,17.6,14.9,37,2830,0.0,-27.200000000000003,14.8,38,-28.688,-0.46,0,
B-A-low-6,3.68324,1789994597.4731,decel,11.7275,3.6226,0.374,0.2,2.6,-1,-29.148,0.0,10.242,1239,0.0,17.6,14.9,37,2830,0.0,-27.200000000000003,14.8,38,-28.688,-0.46,0,
B-A-low-6,3.68524,1789994597.4751,decel,11.7275,3.6226,0.374,0.2,2.6,-1,-29.148,0.0,10.242,1239,0.0,17.6,14.9,37,2830,0.0,-27.200000000000003,14.8,38,-28.688,-0.46,0,
B-A-low-6,3.68724,1789994597.4771,decel,11.7275,3.6226,0.374,0.2,2.6,-1,-29.148,0.0,10.242,1239,0.0,17.6,14.9,37,2830,0.0,-27.200000000000003,14.8,38,-28.688,-0.46,0,
B-A-low-6,3.68927,1789994597.4791,decel,11.7275,3.6226,0.374,0.2,2.6,-1,-29.109,0.3292,10.246,1240,0.0,18.400000000000002,14.9,37,2830,0.0,-27.200000000000003,14.8,38,-28.688,-0.422,0,
B-A-low-6,3.69124,1789994597.4811,decel,11.7275,3.6226,0.374,0.2,2.6,-1,-29.109,0.0,10.246,1240,0.0,18.400000000000002,14.9,37,2830,0.0,-27.200000000000003,14.8,38,-28.688,-0.422,0,
B-A-low-6,3.69325,1789994597.4831,decel,11.7275,3.6226,0.374,0.2,2.6,-1,-29.148,-0.3332,10.242,1239,0.0,18.400000000000002,14.9,37,2830,0.0,-27.200000000000003,14.8,38,-28.688,-0.46,0,
B-A-low-6,3.69524,1789994597.4851,decel,11.7275,3.6226,0.374,0.2,2.6,-1,-29.109,0.3361,10.246,1240,0.0,18.400000000000002,14.9,37,2830,0.0,-27.200000000000003,14.8,38,-28.688,-0.422,0,
B-A-low-6,3.69725,1789994597.4871,decel,11.7275,3.6226,0.374,0.2,2.6,-1,-29.148,-0.3332,10.242,1239,0.0,17.6,14.9,37,2830,0.0,-27.200000000000003,14.8,38,-28.688,-0.46,0,
B-A-low-6,3.69924,1789994597.4891,decel,11.7275,3.6226,0.374,0.2,2.6,-1,-29.148,0.0,10.242,1239,0.0,17.6,14.9,37,2830,0.0,-27.200000000000003,14.8,38,-28.688,-0.46,0,
B-A-low-6,3.70124,1789994597.4911,decel,11.7275,3.6226,0.374,0.2,2.6,-1,-29.148,0.0,10.242,1239,0.0,17.6,14.9,37,2830,0.0,-27.200000000000003,14.8,38,-28.688,-0.46,0,
B-A-low-6,3.70324,1789994597.4931,decel,11.7275,3.6226,0.374,0.2,2.6,-1,-29.109,0.3348,10.246,1240,0.0,18.400000000000002,14.9,37,2830,0.0,-27.200000000000003,14.8,38,-28.688,-0.422,0,
B-A-low-6,3.70524,1789994597.4951,decel,11.7275,3.6226,0.374,0.2,2.6,-1,-29.148,-0.3342,10.242,1239,0.0,17.6,14.9,37,2830,0.0,-27.200000000000003,14.8,38,-28.688,-0.46,0,
B-A-low-6,3.70724,1789994597.4971,decel,11.7275,3.6226,0.374,0.2,2.6,-1,-29.109,0.3355,10.246,1240,0.0,18.400000000000002,14.9,37,2830,0.0,-27.200000000000003,14.8,38,-28.688,-0.422,0,
B-A-low-6,3.70925,1789994597.4991,decel,11.7275,3.6226,0.374,0.2,2.6,-1,-29.109,0.0,10.246,1240,0.0,18.400000000000002,14.9,37,2830,0.0,-27.200000000000003,14.8,38,-28.688,-0.422,0,
B-A-low-6,3.71124,1789994597.5011,decel,11.7275,3.6226,0.374,0.2,2.6,-1,-29.148,-0.3362,10.242,1239,0.0,17.6,14.9,37,2830,0.0,-27.200000000000003,14.8,38,-28.688,-0.46,0,
B-A-low-6,3.71324,1789994597.5031,decel,11.7275,3.6226,0.374,0.2,2.6,-1,-29.148,0.0,10.242,1239,0.0,17.6,14.9,37,2830,0.0,-27.200000000000003,14.8,38,-28.688,-0.46,0,
B-A-low-6,3.71525,1789994597.5051,decel,11.7275,3.6226,0.374,0.2,2.6,-1,-29.148,0.0,10.242,1239,0.0,17.6,14.9,37,2830,0.0,-27.200000000000003,14.8,38,-28.688,-0.46,0,
B-A-low-6,3.71723,1789994597.5071,decel,11.7275,3.6226,0.374,0.2,2.6,-1,-29.148,0.0,10.242,1239,0.0,17.6,14.9,37,2830,0.0,-27.200000000000003,14.8,38,-28.688,-0.46,0,
B-A-low-6,3.71924,1789994597.5091,decel,11.7275,3.6226,0.374,0.2,2.6,-1,-29.148,0.0,10.242,1239,0.0,17.6,14.9,37,2830,0.0,-27.200000000000003,14.8,38,-28.688,-0.46,0,
B-A-low-6,3.72124,1789994597.5111,decel,11.7275,3.6226,0.374,0.2,2.6,-1,-29.109,0.3354,10.246,1240,0.0,18.400000000000002,14.9,37,2830,0.0,-27.200000000000003,14.8,38,-28.688,-0.422,0,
B-A-low-6,3.72328,1789994597.5131,decel,11.7275,3.6226,0.374,0.2,2.6,-1,-29.148,-0.3288,10.242,1239,0.0,17.6,14.9,37,2830,0.0,-27.200000000000003,14.8,38,-28.688,-0.46,0,
B-A-low-6,3.72524,1789994597.5151,decel,11.7275,3.6226,0.374,0.2,2.6,-1,-29.148,0.0,10.242,1239,0.0,17.6,14.9,37,2830,0.0,-27.200000000000003,14.8,38,-28.688,-0.46,0,
B-A-low-6,3.72725,1789994597.5171,decel,11.7275,3.6226,0.374,0.2,2.6,-1,-29.109,0.3333,10.246,1240,0.0,18.400000000000002,14.9,37,2830,0.0,-27.200000000000003,14.8,38,-28.688,-0.422,0,
B-A-low-6,3.72924,1789994597.5191,decel,11.7275,3.6226,0.374,0.2,2.6,-1,-29.109,0.0,10.246,1240,0.0,18.400000000000002,14.9,37,2830,0.0,-27.200000000000003,14.8,38,-28.688,-0.422,0,
B-A-low-6,3.73124,1789994597.5211,decel,11.7275,3.6226,0.374,0.2,2.6,-1,-29.148,-0.3347,10.242,1239,0.0,17.6,14.9,37,2830,0.0,-27.200000000000003,14.8,38,-28.688,-0.46,0,
B-A-low-6,3.73324,1789994597.5231,decel,11.7275,3.6226,0.374,0.2,2.6,-1,-29.109,0.3342,10.246,1240,0.0,18.400000000000002,14.9,37,2830,0.0,-27.200000000000003,14.8,38,-28.688,-0.422,0,
B-A-low-6,3.73526,1789994597.5251,decel,11.7275,3.6226,0.374,0.2,2.6,-1,-29.148,-0.3311,10.242,1239,0.0,17.6,14.9,37,2830,0.0,-27.200000000000003,14.8,38,-28.688,-0.46,0,
B-A-low-6,3.73724,1789994597.5271,decel,11.7275,3.6226,0.374,0.2,2.6,-1,-29.109,0.3376,10.246,1240,0.0,18.400000000000002,14.9,37,2830,0.0,-27.200000000000003,14.8,38,-28.688,-0.422,0,
B-A-low-6,3.73924,1789994597.5291,decel,11.7275,3.6226,0.374,0.2,2.6,-1,-29.148,-0.3352,10.242,1239,0.0,17.6,14.9,37,2830,0.0,-27.200000000000003,14.8,38,-28.688,-0.46,0,
B-A-low-6,3.74124,1789994597.5311,decel,11.7275,3.6226,0.374,0.2,2.6,-1,-29.148,0.0,10.242,1239,0.0,17.6,14.9,37,2830,0.0,-27.200000000000003,14.8,38,-28.688,-0.46,0,
B-A-low-6,3.74325,1789994597.5331,decel,11.7275,3.6226,0.374,0.2,2.6,-1,-29.148,0.0,10.242,1239,0.0,17.6,14.9,37,2830,0.0,-27.200000000000003,14.8,38,-28.688,-0.46,0,
B-A-low-6,3.74525,1789994597.5351,decel,11.7275,3.6226,0.374,0.2,2.6,-1,-29.148,0.0,10.242,1239,0.0,17.6,14.9,37,2830,0.0,-27.200000000000003,14.8,38,-28.688,-0.46,0,
B-A-low-6,3.74723,1789994597.5371,decel,11.7275,3.6226,0.374,0.2,2.6,-1,-29.148,0.0,10.242,1239,0.0,17.6,14.9,37,2830,0.0,-27.200000000000003,14.8,38,-28.688,-0.46,0,
B-A-low-6,3.74924,1789994597.5391,decel,11.7275,3.6226,0.374,0.2,2.6,-1,-29.148,0.0,10.242,1239,0.0,17.6,14.9,37,2830,0.0,-27.200000000000003,14.8,38,-28.688,-0.46,0,
B-A-low-6,3.75125,1789994597.5411,decel,11.7275,3.6226,0.374,0.2,2.6,-1,-29.148,0.0,10.242,1239,0.0,17.6,14.9,37,2830,0.0,-27.200000000000003,14.8,38,-28.688,-0.46,0,
B-A-low-6,3.75324,1789994597.5431,decel,11.7275,3.6226,0.374,0.2,2.6,-1,-29.148,0.0,10.242,1239,0.0,17.6,14.3,37,2830,0.0,-27.200000000000003,14.8,38,-28.688,-0.46,0,
B-A-low-6,3.75526,1789994597.5451,decel,11.7275,3.6226,0.374,0.2,2.6,-1,-29.148,0.0,10.242,1239,0.0,17.6,14.3,37,2830,0.0,-27.200000000000003,15.2,38,-28.688,-0.46,0,
B-A-low-6,3.75724,1789994597.5471,decel,11.7275,3.6226,0.374,0.2,2.6,-1,-29.148,0.0,10.242,1239,0.0,17.6,14.3,37,2830,0.0,-27.200000000000003,15.2,38,-28.688,-0.46,0,
B-A-low-6,3.75926,1789994597.5491,decel,11.7275,3.6226,0.374,0.2,2.6,-1,-29.148,0.0,10.242,1239,0.0,17.6,14.3,37,2830,0.0,-27.200000000000003,15.2,38,-28.688,-0.46,0,
B-A-low-6,3.76124,1789994597.5511,decel,11.7275,3.6226,0.374,0.2,2.6,-1,-29.148,0.0,10.242,1239,0.0,17.6,14.3,37,2830,0.0,-27.200000000000003,15.2,38,-28.688,-0.46,0,
B-A-low-6,3.76324,1789994597.5531,decel,11.7275,3.6226,0.374,0.2,2.6,-1,-29.148,0.0,10.242,1239,0.0,17.6,14.3,37,2830,0.0,-27.200000000000003,15.2,38,-28.688,-0.46,0,
B-A-low-6,3.76525,1789994597.5551,decel,11.7275,3.6226,0.374,0.2,2.6,-1,-29.109,0.333,10.246,1240,0.0,18.400000000000002,14.3,37,2830,0.0,-27.200000000000003,15.2,38,-28.688,-0.422,0,
B-A-low-6,3.76724,1789994597.5571,decel,11.7275,3.6226,0.374,0.2,2.6,-1,-29.148,-0.3364,10.242,1239,0.0,17.6,14.3,37,2830,0.0,-27.200000000000003,15.2,38,-28.688,-0.46,0,
B-A-low-6,3.76924,1789994597.5591,decel,11.7275,3.6226,0.374,0.2,2.6,-1,-29.148,0.0,10.242,1239,0.0,17.6,14.3,37,2830,0.0,-27.200000000000003,15.2,38,-28.688,-0.46,0,
B-A-low-6,3.77123,1789994597.5611,decel,11.7275,3.6226,0.374,0.2,2.6,-1,-29.148,0.0,10.242,1239,0.0,17.6,14.3,37,2830,0.0,-27.200000000000003,15.2,38,-28.688,-0.46,0,
B-A-low-6,3.77323,1789994597.5631,decel,11.7275,3.6226,0.374,0.2,2.6,-1,-29.148,0.0,10.242,1239,0.0,17.6,14.3,37,2830,0.0,-27.200000000000003,15.2,38,-28.688,-0.46,0,
B-A-low-6,3.77525,1789994597.5651,decel,11.7275,3.6226,0.374,0.2,2.6,-1,-29.109,0.3319,10.246,1240,0.0,18.400000000000002,14.3,37,2830,0.0,-27.200000000000003,15.2,38,-28.688,-0.422,0,
B-A-low-6,3.77725,1789994597.5671,decel,11.7275,3.6226,0.374,0.2,2.6,-1,-29.148,-0.3351,10.242,1239,0.0,17.6,14.3,37,2830,0.0,-27.200000000000003,15.2,38,-28.688,-0.46,0,
B-A-low-6,3.77924,1789994597.5691,decel,11.7275,3.6226,0.374,0.2,2.6,-1,-29.109,0.3357,10.246,1240,0.0,18.400000000000002,14.3,37,2830,0.0,-27.200000000000003,15.2,38,-28.688,-0.422,0,
B-A-low-6,3.78124,1789994597.5711,decel,11.7275,3.6226,0.374,0.2,2.6,-1,-29.148,-0.3346,10.242,1239,0.0,17.6,14.3,37,2830,0.0,-27.200000000000003,15.2,38,-28.688,-0.46,0,
B-A-low-6,3.78326,1789994597.5731,decel,11.7275,3.6226,0.374,0.2,2.6,-1,-29.148,0.0,10.242,1239,0.0,17.6,14.3,37,2830,0.0,-27.200000000000003,15.2,38,-28.688,-0.46,0,
B-A-low-6,3.78524,1789994597.5751,decel,11.7275,3.6226,0.374,0.2,2.6,-1,-29.148,0.0,10.242,1239,0.0,17.6,14.3,37,2830,0.0,-27.200000000000003,15.2,38,-28.688,-0.46,0,
B-A-low-6,3.78724,1789994597.5771,decel,11.7275,3.6226,0.374,0.2,2.6,-1,-29.148,0.0,10.242,1239,0.0,17.6,14.3,37,2830,0.0,-27.200000000000003,15.2,38,-28.688,-0.46,0,
B-A-low-6,3.78923,1789994597.5791,decel,11.7275,3.6226,0.374,0.2,2.6,-1,-29.148,0.0,10.242,1239,0.0,17.6,14.3,37,2830,0.0,-27.200000000000003,15.2,38,-28.688,-0.46,0,
B-A-low-6,3.79125,1789994597.5811,decel,11.7275,3.6226,0.374,0.2,2.6,-1,-29.109,0.3326,10.246,1240,0.0,18.400000000000002,14.3,37,2830,0.0,-27.200000000000003,15.2,38,-28.688,-0.422,0,
B-A-low-6,3.79324,1789994597.5831,decel,11.7275,3.6226,0.374,0.2,2.6,-1,-29.148,-0.3366,10.242,1239,0.0,17.6,14.3,37,2830,0.0,-27.200000000000003,15.2,38,-28.688,-0.46,0,
B-A-low-6,3.79524,1789994597.5851,decel,11.7275,3.6226,0.374,0.2,2.6,-1,-29.109,0.3347,10.246,1240,0.0,18.400000000000002,14.3,37,2830,0.0,-27.200000000000003,15.2,38,-28.688,-0.422,0,
B-A-low-6,3.79724,1789994597.5871,decel,11.7275,3.6226,0.374,0.2,2.6,-1,-29.148,-0.3344,10.242,1239,0.0,17.6,14.3,37,2830,0.0,-27.200000000000003,15.2,38,-28.688,-0.46,0,
B-A-low-6,3.79925,1789994597.5891,decel,11.7275,3.6226,0.374,0.2,2.6,-1,-29.148,0.0,10.242,1239,0.0,17.6,14.3,37,2830,0.0,-27.200000000000003,15.2,38,-28.688,-0.46,0,
B-A-low-6,3.80124,1789994597.5911,decel,11.7275,3.6226,0.374,0.2,2.6,-1,-29.109,0.3371,10.246,1240,0.0,18.400000000000002,14.3,37,2830,0.0,-27.200000000000003,15.2,38,-28.688,-0.422,0,
B-A-low-6,3.80323,1789994597.5931,decel,11.7275,3.6226,0.374,0.2,2.6,-1,-29.148,-0.3354,10.242,1239,0.0,17.6,14.3,37,2830,0.0,-27.200000000000003,15.2,38,-28.688,-0.46,0,
B-A-low-6,3.80526,1789994597.5951,decel,11.7275,3.6226,0.374,0.2,2.6,-1,-29.148,0.0,10.242,1239,0.0,17.6,14.3,37,2830,0.0,-27.200000000000003,15.2,38,-28.688,-0.46,0,
B-A-low-6,3.80724,1789994597.5971,decel,11.7275,3.6226,0.374,0.2,2.6,-1,-29.148,0.0,10.242,1239,0.0,17.6,14.3,37,2830,0.0,-27.200000000000003,15.2,38,-28.688,-0.46,0,
B-A-low-6,3.80924,1789994597.5991,decel,11.7275,3.6226,0.374,0.2,2.6,-1,-29.148,0.0,10.242,1239,0.0,17.6,14.3,37,2830,0.0,-27.200000000000003,15.2,38,-28.688,-0.46,0,
B-A-low-6,3.81123,1789994597.6011,decel,11.7275,3.6226,0.374,0.2,2.6,-1,-29.109,0.3355,10.246,1240,0.0,18.400000000000002,14.3,37,2830,0.0,-27.200000000000003,15.2,38,-28.688,-0.422,0,
B-A-low-6,3.81324,1789994597.6031,decel,11.7275,3.6226,0.374,0.2,2.6,-1,-29.148,-0.334,10.242,1239,0.0,17.6,14.3,37,2830,0.0,-27.200000000000003,15.2,38,-28.688,-0.46,0,
B-A-low-6,3.81526,1789994597.6051,decel,11.7275,3.6226,0.374,0.2,2.6,-1,-29.148,0.0,10.242,1239,0.0,17.6,14.3,37,2830,0.0,-27.200000000000003,15.2,38,-28.688,-0.46,0,
B-A-low-6,3.81724,1789994597.6071,decel,11.7275,3.6226,0.374,0.2,2.6,-1,-29.109,0.3377,10.246,1240,0.0,18.400000000000002,14.3,37,2830,0.0,-27.200000000000003,15.2,38,-28.688,-0.422,0,
B-A-low-6,3.81925,1789994597.6091,decel,11.7275,3.6226,0.374,0.2,2.6,-1,-29.148,-0.3334,10.242,1239,0.0,17.6,14.3,37,2830,0.0,-27.200000000000003,15.2,38,-28.688,-0.46,0,
B-A-low-6,3.82123,1789994597.6111,decel,11.7275,3.6226,0.374,0.2,2.6,-1,-29.148,0.0,10.242,1239,0.0,17.6,14.3,37,2830,0.0,-27.200000000000003,15.2,38,-28.688,-0.46,0,
B-A-low-6,3.82326,1789994597.6131,decel,11.7275,3.6226,0.374,0.2,2.6,-1,-29.148,0.0,10.242,1239,0.0,17.6,14.3,37,2830,0.0,-27.200000000000003,15.2,38,-28.688,-0.46,0,
B-A-low-6,3.82526,1789994597.6151,decel,11.7275,3.6226,0.374,0.2,2.6,-1,-29.109,0.3346,10.246,1240,0.0,18.400000000000002,14.3,37,2830,0.0,-27.200000000000003,15.2,38,-28.688,-0.422,0,
B-A-low-6,3.82723,1789994597.6171,decel,11.7275,3.6226,0.374,0.2,2.6,-1,-29.148,-0.339,10.242,1239,0.0,17.6,14.3,37,2830,0.0,-27.200000000000003,15.2,38,-28.688,-0.46,0,
B-A-low-6,3.82924,1789994597.6191,decel,11.7275,3.6226,0.374,0.2,2.6,-1,-29.148,0.0,10.242,1239,0.0,17.6,14.3,37,2830,0.0,-27.200000000000003,15.2,38,-28.688,-0.46,0,
B-A-low-6,3.83125,1789994597.6211,decel,11.7275,3.6226,0.374,0.2,2.6,-1,-29.148,0.0,10.242,1239,0.0,17.6,14.3,37,2830,0.0,-27.200000000000003,15.2,38,-28.688,-0.46,0,
B-A-low-6,3.83325,1789994597.6231,decel,11.7275,3.6226,0.374,0.2,2.6,-1,-29.148,0.0,10.242,1239,0.0,17.6,14.3,37,2830,0.0,-27.200000000000003,15.2,38,-28.688,-0.46,0,
B-A-low-6,3.83524,1789994597.6251,decel,11.7275,3.6226,0.374,0.2,2.6,-1,-29.148,0.0,10.242,1239,0.0,17.6,14.3,37,2830,0.0,-27.200000000000003,15.2,38,-28.688,-0.46,0,
B-A-low-6,3.83724,1789994597.6271,decel,11.7275,3.6226,0.374,0.2,2.6,-1,-29.148,0.0,10.242,1239,0.0,17.6,14.3,37,2830,0.0,-27.200000000000003,15.2,38,-28.688,-0.46,0,
B-A-low-6,3.83924,1789994597.6291,decel,11.7275,3.6226,0.374,0.2,2.6,-1,-29.148,0.0,10.242,1239,0.0,17.6,14.3,37,2830,0.0,-27.200000000000003,15.2,38,-28.688,-0.46,0,
B-A-low-6,3.84125,1789994597.6311,decel,11.7275,3.6226,0.374,0.2,2.6,-1,-29.109,0.3319,10.246,1240,0.0,18.400000000000002,14.3,37,2830,0.0,-27.200000000000003,15.2,38,-28.688,-0.422,0,
B-A-low-6,3.84324,1789994597.6331,decel,11.7275,3.6226,0.374,0.2,2.6,-1,-29.148,-0.3364,10.242,1239,0.0,17.6,14.3,37,2830,0.0,-27.200000000000003,15.2,38,-28.688,-0.46,0,
B-A-low-6,3.84524,1789994597.6351,decel,11.7275,3.6226,0.374,0.2,2.6,-1,-29.109,0.3356,10.246,1240,0.0,18.400000000000002,14.3,37,2830,0.0,-27.200000000000003,15.2,38,-28.688,-0.422,0,
B-A-low-6,3.84724,1789994597.6371,decel,11.7275,3.6226,0.374,0.2,2.6,-1,-29.148,-0.3346,10.242,1239,0.0,17.6,14.3,37,2830,0.0,-27.200000000000003,15.2,38,-28.688,-0.46,0,
B-A-low-6,3.84924,1789994597.6391,decel,11.7275,3.6226,0.374,0.2,2.6,-1,-29.148,0.0,10.242,1239,0.0,17.6,14.3,37,2830,0.0,-27.200000000000003,15.2,38,-28.688,-0.46,0,
B-A-low-6,3.85126,1789994597.6411,decel,11.7275,3.6226,0.374,0.2,2.6,-1,-29.148,0.0,10.242,1239,0.0,17.6,14.3,37,2830,0.0,-27.200000000000003,15.2,38,-28.688,-0.46,0,
B-A-low-6,3.85323,1789994597.6431,decel,11.7275,3.6226,0.374,0.2,2.6,-1,-29.109,0.3389,10.246,1240,0.0,18.400000000000002,14.3,37,2830,0.0,-27.200000000000003,15.2,38,-28.688,-0.422,0,
B-A-low-6,3.85525,1789994597.6451,decel,11.7275,3.6226,0.374,0.2,2.6,-1,-29.109,0.0,10.246,1240,0.0,18.400000000000002,14.3,37,2830,0.0,-27.200000000000003,15.2,38,-28.688,-0.422,0,
B-A-low-6,3.85724,1789994597.6471,decel,11.7275,3.6226,0.374,0.2,2.6,-1,-29.148,-0.3365,10.242,1239,0.0,17.6,14.3,37,2830,0.0,-27.200000000000003,15.2,38,-28.688,-0.46,0,
B-A-low-6,3.85925,1789994597.6491,decel,11.7275,3.6226,0.374,0.2,2.6,-1,-29.148,0.0,10.242,1239,0.0,17.6,14.3,37,2830,0.0,-27.200000000000003,15.2,38,-28.688,-0.46,0,
B-A-low-6,3.86125,1789994597.6511,decel,11.7275,3.6226,0.374,0.2,2.6,-1,-29.148,0.0,10.242,1239,0.0,17.6,14.3,37,2830,0.0,-27.200000000000003,15.2,38,-28.688,-0.46,0,
B-A-low-6,3.86325,1789994597.6531,decel,11.7275,3.6226,0.374,0.2,2.6,-1,-29.148,0.0,10.242,1239,0.0,17.6,14.3,37,2830,0.0,-27.200000000000003,15.2,38,-28.688,-0.46,0,
B-A-low-6,3.86524,1789994597.6551,decel,11.7275,3.6226,0.374,0.2,2.6,-1,-29.148,0.0,10.242,1239,0.0,17.6,14.3,37,2830,0.0,-27.200000000000003,15.2,38,-28.688,-0.46,0,
B-A-low-6,3.86724,1789994597.6571,decel,11.7275,3.6226,0.374,0.2,2.6,-1,-29.148,0.0,10.242,1239,0.0,17.6,14.3,37,2830,0.0,-27.200000000000003,15.2,38,-28.688,-0.46,0,
B-A-low-6,3.86924,1789994597.6591,decel,11.7275,3.6226,0.374,0.2,2.6,-1,-29.109,0.3338,10.246,1240,0.0,18.400000000000002,15.0,37,2830,0.0,-27.200000000000003,15.2,38,-28.688,-0.422,0,
B-A-low-6,3.87123,1789994597.6611,decel,11.7275,3.6226,0.374,0.2,2.6,-1,-29.148,-0.337,10.242,1239,0.0,17.6,15.0,37,2830,0.0,-27.200000000000003,14.8,38,-28.688,-0.46,0,
B-A-low-6,3.87324,1789994597.6631,decel,11.7275,3.6226,0.374,0.2,2.6,-1,-29.148,0.0,10.242,1239,0.0,17.6,15.0,37,2830,0.0,-27.200000000000003,14.8,38,-28.688,-0.46,0,
B-A-low-6,3.87523,1789994597.6651,decel,11.7275,3.6226,0.374,0.2,2.6,-1,-29.109,0.3357,10.246,1240,0.0,18.400000000000002,15.0,37,2830,0.0,-27.200000000000003,14.8,38,-28.688,-0.422,0,
B-A-low-6,3.87722,1789994597.6671,decel,11.7275,3.6226,0.374,0.2,2.6,-1,-29.148,-0.3364,10.242,1239,0.0,17.6,15.0,37,2830,0.0,-27.200000000000003,14.8,38,-28.688,-0.46,0,
B-A-low-6,3.87921,1789994597.6691,decel,11.7275,3.6226,0.374,0.2,2.6,-1,-29.148,0.0,10.242,1239,0.0,17.6,15.0,37,2830,0.0,-27.200000000000003,14.8,38,-28.688,-0.46,0,
B-A-low-6,3.88122,1789994597.6711,decel,11.7275,3.6226,0.374,0.2,2.6,-1,-29.109,0.3335,10.246,1240,0.0,18.400000000000002,15.0,37,2830,0.0,-27.200000000000003,14.8,38,-28.688,-0.422,0,
B-A-low-6,3.88323,1789994597.6731,decel,11.7275,3.6226,0.374,0.2,2.6,-1,-29.148,-0.3315,10.242,1239,0.0,17.6,15.0,37,2830,0.0,-27.200000000000003,14.8,38,-28.688,-0.46,0,
B-A-low-6,3.88525,1789994597.6751,decel,11.7275,3.6226,0.374,0.2,2.6,-1,-29.148,0.0,10.242,1239,0.0,17.6,15.0,37,2830,0.0,-27.200000000000003,14.8,38,-28.688,-0.46,0,
B-A-low-6,3.88721,1789994597.6771,decel,11.7275,3.6226,0.374,0.2,2.6,-1,-29.148,0.0,10.242,1239,0.0,17.6,15.0,37,2830,0.0,-27.200000000000003,14.8,38,-28.688,-0.46,0,
B-A-low-6,3.88921,1789994597.6791,decel,11.7275,3.6226,0.374,0.2,2.6,-1,-29.109,0.3349,10.246,1240,0.0,18.400000000000002,15.0,37,2830,0.0,-27.200000000000003,14.8,38,-28.688,-0.422,0,
B-A-low-6,3.89122,1789994597.6811,decel,11.7275,3.6226,0.374,0.2,2.6,-1,-29.148,-0.3343,10.242,1239,0.0,17.6,15.0,37,2830,0.0,-27.200000000000003,14.8,38,-28.688,-0.46,0,
B-A-low-6,3.89321,1789994597.6831,decel,11.7275,3.6226,0.374,0.2,2.6,-1,-29.148,0.0,10.242,1239,0.0,17.6,15.0,37,2830,0.0,-27.200000000000003,14.8,38,-28.688,-0.46,0,
B-A-low-6,3.89521,1789994597.6851,decel,11.7275,3.6226,0.374,0.2,2.6,-1,-29.148,0.0,10.242,1239,0.0,17.6,15.0,37,2830,0.0,-27.200000000000003,14.8,38,-28.688,-0.46,0,
B-A-low-6,3.89721,1789994597.6871,decel,11.7275,3.6226,0.374,0.2,2.6,-1,-29.148,0.0,10.242,1239,0.0,17.6,15.0,37,2830,0.0,-27.200000000000003,14.8,38,-28.688,-0.46,0,
B-A-low-6,3.89923,1789994597.6891,decel,11.7275,3.6226,0.374,0.2,2.6,-1,-29.109,0.3316,10.246,1240,0.0,18.400000000000002,15.0,37,2830,0.0,-27.200000000000003,14.8,38,-28.688,-0.422,0,
B-A-low-6,3.90123,1789994597.6911,decel,11.7275,3.6226,0.374,0.2,2.6,-1,-29.148,-0.3354,10.242,1239,0.0,17.6,15.0,37,2830,0.0,-27.200000000000003,14.8,38,-28.688,-0.46,0,
B-A-low-6,3.90325,1789994597.6931,decel,11.7275,3.6226,0.374,0.2,2.6,-1,-29.109,0.3318,10.246,1240,0.0,18.400000000000002,15.0,37,2830,0.0,-27.200000000000003,14.8,38,-28.688,-0.422,0,
B-A-low-6,3.90522,1789994597.6951,decel,11.7275,3.6226,0.374,0.2,2.6,-1,-29.109,0.0,10.246,1240,0.0,18.400000000000002,15.0,37,2830,0.0,-27.200000000000003,14.8,38,-28.688,-0.422,0,
B-A-low-6,3.90723,1789994597.6971,decel,11.7275,3.6226,0.374,0.2,2.6,-1,-29.148,-0.3332,10.242,1239,0.0,17.6,15.0,37,2830,0.0,-27.200000000000003,14.8,38,-28.688,-0.46,0,
B-A-low-6,3.90923,1789994597.6991,decel,11.7275,3.6226,0.374,0.2,2.6,-1,-29.148,0.0,10.242,1239,0.0,17.6,15.0,37,2830,0.0,-27.200000000000003,14.8,38,-28.688,-0.46,0,
B-A-low-6,3.91121,1789994597.7011,decel,11.7275,3.6226,0.374,0.2,2.6,-1,-29.109,0.337,10.246,1240,0.0,18.400000000000002,15.0,37,2830,0.0,-27.200000000000003,14.8,38,-28.688,-0.422,0,
B-A-low-6,3.91323,1789994597.7031,decel,11.7275,3.6226,0.374,0.2,2.6,-1,-29.148,-0.3315,10.242,1239,0.0,17.6,15.0,37,2830,0.0,-27.200000000000003,14.8,38,-28.688,-0.46,0,
B-A-low-6,3.91524,1789994597.7051,decel,11.7275,3.6226,0.374,0.2,2.6,-1,-29.109,0.3338,10.246,1240,0.0,18.400000000000002,15.0,37,2830,0.0,-27.200000000000003,14.8,38,-28.688,-0.422,0,
B-A-low-6,3.91721,1789994597.7071,decel,11.7275,3.6226,0.374,0.2,2.6,-1,-29.148,-0.3391,10.242,1239,0.0,17.6,15.0,37,2830,0.0,-27.200000000000003,14.8,38,-28.688,-0.46,0,
B-A-low-6,3.91922,1789994597.7091,decel,11.7275,3.6226,0.374,0.2,2.6,-1,-29.148,0.0,10.242,1239,0.0,17.6,15.0,37,2830,0.0,-27.200000000000003,14.8,38,-28.688,-0.46,0,
B-A-low-6,3.92123,1789994597.7111,decel,11.7275,3.6226,0.374,0.2,2.6,-1,-29.148,0.0,10.242,1239,0.0,17.6,15.0,37,2830,0.0,-27.200000000000003,14.8,38,-28.688,-0.46,0,
B-A-low-6,3.92322,1789994597.7131,decel,11.7275,3.6226,0.374,0.2,2.6,-1,-29.148,0.0,10.242,1239,0.0,17.6,15.0,37,2830,0.0,-27.200000000000003,14.8,38,-28.688,-0.46,0,
B-A-low-6,3.92526,1789994597.7151,decel,11.7275,3.6226,0.374,0.2,2.6,-1,-29.109,0.3279,10.246,1240,0.0,18.400000000000002,15.0,37,2830,0.0,-27.200000000000003,14.8,38,-28.688,-0.422,0,
B-A-low-6,3.92724,1789994597.7171,decel,11.7275,3.6226,0.374,0.2,2.6,-1,-29.148,-0.3379,10.242,1239,0.0,17.6,15.0,37,2830,0.0,-27.200000000000003,14.8,38,-28.688,-0.46,0,
B-A-low-6,3.92921,1789994597.7191,decel,11.7275,3.6226,0.374,0.2,2.6,-1,-29.109,0.339,10.246,1240,0.0,18.400000000000002,15.0,37,2830,0.0,-27.200000000000003,14.8,38,-28.688,-0.422,0,
B-A-low-6,3.93122,1789994597.7211,decel,11.7275,3.6226,0.374,0.2,2.6,-1,-29.148,-0.3338,10.242,1239,0.0,17.6,15.0,37,2830,0.0,-27.200000000000003,14.8,38,-28.688,-0.46,0,
B-A-low-6,3.93323,1789994597.7231,decel,11.7275,3.6226,0.374,0.2,2.6,-1,-29.148,0.0,10.242,1239,0.0,17.6,15.0,37,2830,0.0,-27.200000000000003,14.8,38,-28.688,-0.46,0,
B-A-low-6,3.93522,1789994597.7251,decel,11.7275,3.6226,0.374,0.2,2.6,-1,-29.109,0.3358,10.246,1240,0.0,18.400000000000002,15.0,37,2830,0.0,-27.200000000000003,14.8,38,-28.688,-0.422,0,
B-A-low-6,3.93723,1789994597.7271,decel,11.7275,3.6226,0.374,0.2,2.6,-1,-29.148,-0.3338,10.242,1239,0.0,17.6,15.0,37,2830,0.0,-27.200000000000003,14.8,38,-28.688,-0.46,0,
B-A-low-6,3.93922,1789994597.7291,decel,11.7275,3.6226,0.374,0.2,2.6,-1,-29.148,0.0,10.242,1239,0.0,17.6,15.0,37,2830,0.0,-27.200000000000003,14.8,38,-28.688,-0.46,0,
B-A-low-6,3.94123,1789994597.7311,decel,11.7275,3.6226,0.374,0.2,2.6,-1,-29.148,0.0,10.242,1239,0.0,17.6,15.0,37,2830,0.0,-27.200000000000003,14.8,38,-28.688,-0.46,0,
B-A-low-6,3.94321,1789994597.7331,decel,11.7275,3.6226,0.374,0.2,2.6,-1,-29.148,0.0,10.242,1239,0.0,17.6,15.0,37,2830,0.0,-27.200000000000003,14.8,38,-28.688,-0.46,0,
B-A-low-6,3.94523,1789994597.7351,decel,11.7275,3.6226,0.374,0.2,2.6,-1,-29.109,0.3321,10.246,1240,0.0,18.400000000000002,15.0,37,2830,0.0,-27.200000000000003,14.8,38,-28.688,-0.422,0,
B-A-low-6,3.94722,1789994597.7371,decel,11.7275,3.6226,0.374,0.2,2.6,-1,-29.148,-0.3365,10.242,1239,0.0,17.6,15.0,37,2830,0.0,-27.200000000000003,14.8,38,-28.688,-0.46,0,
B-A-low-6,3.94922,1789994597.7391,decel,11.7275,3.6226,0.374,0.2,2.6,-1,-29.148,0.0,10.242,1239,0.0,17.6,15.0,37,2830,0.0,-27.200000000000003,14.8,38,-28.688,-0.46,0,
B-A-low-6,3.95121,1789994597.7411,decel,11.7275,3.6226,0.374,0.2,2.6,-1,-29.109,0.3364,10.246,1240,0.0,18.400000000000002,15.0,37,2830,0.0,-27.200000000000003,14.8,38,-28.688,-0.422,0,
B-A-low-6,3.95322,1789994597.7431,decel,11.7275,3.6226,0.374,0.2,2.6,-1,-29.109,0.0,10.246,1240,0.0,18.400000000000002,15.0,37,2830,0.0,-27.200000000000003,14.8,38,-28.688,-0.422,0,
B-A-low-6,3.95522,1789994597.7451,decel,11.7275,3.6226,0.374,0.2,2.6,-1,-29.148,-0.3346,10.242,1239,0.0,17.6,15.0,37,2830,0.0,-27.200000000000003,14.8,38,-28.688,-0.46,0,
B-A-low-6,3.95721,1789994597.7471,decel,11.7275,3.6226,0.374,0.2,2.6,-1,-29.148,0.0,10.242,1239,0.0,17.6,15.0,37,2830,0.0,-27.200000000000003,14.8,38,-28.688,-0.46,0,
B-A-low-6,3.95921,1789994597.7491,decel,11.7275,3.6226,0.374,0.2,2.6,-1,-29.109,0.335,10.246,1240,0.0,18.400000000000002,15.0,37,2830,0.0,-27.200000000000003,14.8,38,-28.688,-0.422,0,
B-A-low-6,3.96124,1789994597.7511,decel,11.7275,3.6226,0.374,0.2,2.6,-1,-29.109,0.0,10.246,1240,0.0,18.400000000000002,15.0,37,2830,0.0,-27.200000000000003,14.8,38,-28.688,-0.422,0,
B-A-low-6,3.96321,1789994597.7531,decel,11.7275,3.6226,0.374,0.2,2.6,-1,-29.148,-0.3395,10.242,1239,0.0,17.6,15.0,37,2830,0.0,-27.200000000000003,14.8,38,-28.688,-0.46,0,
B-A-low-6,3.96521,1789994597.7551,decel,11.7275,3.6226,0.374,0.2,2.6,-1,-29.148,0.0,10.242,1239,0.0,17.6,15.0,37,2830,0.0,-27.200000000000003,14.8,38,-28.688,-0.46,0,
B-A-low-6,3.96721,1789994597.7571,decel,11.7275,3.6226,0.374,0.2,2.6,-1,-29.148,0.0,10.242,1239,0.0,17.6,15.0,37,2830,0.0,-27.200000000000003,14.8,38,-28.688,-0.46,0,
B-A-low-6,3.96924,1789994597.7591,decel,11.7275,3.6226,0.374,0.2,2.6,-1,-29.148,0.0,10.242,1239,0.0,17.6,15.0,37,2830,0.0,-27.200000000000003,14.8,38,-28.688,-0.46,0,
B-A-low-6,3.97121,1789994597.7611,decel,11.7275,3.6226,0.374,0.2,2.6,-1,-29.109,0.3384,10.246,1240,0.0,18.400000000000002,15.0,37,2830,0.0,-27.200000000000003,14.8,38,-28.688,-0.422,0,
B-A-low-6,3.97321,1789994597.7631,decel,11.7275,3.6226,0.374,0.2,2.6,-1,-29.148,-0.3353,10.242,1239,0.0,17.6,15.0,37,2830,0.0,-27.200000000000003,14.8,38,-28.688,-0.46,0,
B-A-low-6,3.97521,1789994597.7651,decel,11.7275,3.6226,0.374,0.2,2.6,-1,-29.109,0.3347,10.246,1240,0.0,18.400000000000002,15.0,37,2830,0.0,-27.200000000000003,14.8,38,-28.688,-0.422,0,
B-A-low-6,3.97721,1789994597.7671,decel,11.7275,3.6226,0.374,0.2,2.6,-1,-29.148,-0.3338,10.242,1239,0.0,17.6,15.0,37,2830,0.0,-27.200000000000003,14.8,38,-28.688,-0.46,0,
B-A-low-6,3.97923,1789994597.7691,decel,11.7275,3.6226,0.374,0.2,2.6,-1,-29.109,0.3321,10.246,1240,0.0,18.400000000000002,15.0,37,2830,0.0,-27.200000000000003,14.8,38,-28.688,-0.422,0,
B-A-low-6,3.98121,1789994597.7711,decel,11.7275,3.6226,0.374,0.2,2.6,-1,-29.148,-0.3387,10.242,1239,0.0,17.6,15.0,37,2830,0.0,-27.200000000000003,14.8,38,-28.688,-0.46,0,
B-A-low-6,3.98323,1789994597.7731,decel,11.7275,3.6226,0.374,0.2,2.6,-1,-29.148,0.0,10.242,1239,0.0,17.6,15.0,37,2830,0.0,-27.200000000000003,14.8,38,-28.688,-0.46,0,
B-A-low-6,3.98521,1789994597.7751,decel,11.7275,3.6226,0.374,0.2,2.6,-1,-29.148,0.0,10.242,1239,0.0,17.6,15.0,37,2830,0.0,-27.200000000000003,14.8,38,-28.688,-0.46,0,
B-A-low-6,3.98722,1789994597.7771,decel,11.7275,3.6226,0.374,0.2,2.6,-1,-29.109,0.3332,10.246,1240,0.0,18.400000000000002,15.0,37,2830,0.0,-27.200000000000003,14.3,38,-28.688,-0.422,0,
B-A-low-6,3.98925,1789994597.7791,decel,11.7275,3.6226,0.374,0.2,2.6,-1,-29.148,-0.3296,10.242,1239,0.0,17.6,15.0,37,2830,0.0,-27.200000000000003,14.3,38,-28.688,-0.46,0,
B-A-low-6,3.99123,1789994597.7811,decel,11.7275,3.6226,0.374,0.2,2.6,-1,-29.148,0.0,10.242,1239,0.0,17.6,15.0,37,2830,0.0,-27.200000000000003,14.3,38,-28.688,-0.46,0,
B-A-low-6,3.99321,1789994597.7831,decel,11.7275,3.6226,0.374,0.2,2.6,-1,-29.148,0.0,10.242,1239,0.0,17.6,15.0,37,2830,0.0,-27.200000000000003,14.3,38,-28.688,-0.46,0,
B-A-low-6,3.99522,1789994597.7851,decel,11.7275,3.6226,0.374,0.2,2.6,-1,-29.148,0.0,10.242,1239,0.0,17.6,15.0,37,2830,0.0,-27.200000000000003,14.3,38,-28.688,-0.46,0,
B-A-low-6,3.99724,1789994597.7871,decel,11.7275,3.6226,0.374,0.2,2.6,-1,-29.148,0.0,10.242,1239,0.0,17.6,15.0,37,2830,0.0,-27.200000000000003,14.3,38,-28.688,-0.46,0,
B-A-low-6,3.99924,1789994597.7891,decel,11.7275,3.6226,0.374,0.2,2.6,-1,-29.148,0.0,10.242,1239,0.0,17.6,15.0,37,2830,0.0,-27.200000000000003,14.3,38,-28.688,-0.46,0,
