run_id,t_s,wall_time,phase,load_target_Nm,payload_kg,speed_target_rad_s,t_acc_s,t_const_s,dir,q_deg,q_dot_rad_s,tau_grav_Nm,pos1,spd1_rpm,load1_pct,volt1,temp1_C,pos2,spd2_rpm,load2_pct,volt2,temp2_C,q2_deg,dq12_deg,comm_fail,note
B-A-low-3,0.00122,1789992624.5485,accel,11.7275,3.6226,0.374,0.2,0.2,-1,4.871,0.0,11.685,2126,0.0,12.8,14.9,35,1946,0.0,-18.400000000000002,14.8,35,5.216,-0.345,0,
B-A-low-3,0.00318,1789992624.5505,accel,11.7275,3.6226,0.374,0.2,0.2,-1,4.871,0.0,11.685,2126,0.0,12.8,14.9,35,1945,0.0,-19.200000000000003,14.8,35,5.254,-0.384,0,
B-A-low-3,0.00519,1789992624.5525,accel,11.7275,3.6226,0.374,0.2,0.2,-1,4.871,0.0,11.685,2126,0.0,12.8,14.9,35,1946,0.0,-18.400000000000002,14.8,35,5.216,-0.345,0,
B-A-low-3,0.00719,1789992624.5545,accel,11.7275,3.6226,0.374,0.2,0.2,-1,4.871,0.0,11.685,2126,0.0,12.8,14.9,35,1946,0.0,-18.400000000000002,14.8,35,5.216,-0.345,0,
B-A-low-3,0.00927,1789992624.5566,accel,11.7275,3.6226,0.374,0.2,0.2,-1,4.871,0.0,11.685,2126,0.0,12.8,14.9,35,1946,0.0,-18.400000000000002,14.8,35,5.216,-0.345,0,
B-A-low-3,0.01109,1789992624.5584,accel,11.7275,3.6226,0.374,0.2,0.2,-1,4.871,0.0,11.685,2126,0.0,13.600000000000001,14.9,35,1945,0.0,-19.200000000000003,14.8,35,5.254,-0.384,0,
B-A-low-3,0.0131,1789992624.5604,accel,11.7275,3.6226,0.374,0.2,0.2,-1,4.871,0.0,11.685,2126,0.0,13.600000000000001,14.9,35,1946,0.0,-19.200000000000003,14.8,35,5.216,-0.345,0,
B-A-low-3,0.01509,1789992624.5624,accel,11.7275,3.6226,0.374,0.2,0.2,-1,4.871,0.0,11.685,2126,0.0,13.600000000000001,14.9,35,1945,0.0,-20.0,14.8,35,5.254,-0.384,0,
B-A-low-3,0.01708,1789992624.5644,accel,11.7275,3.6226,0.374,0.2,0.2,-1,4.871,0.0,11.685,2126,0.0,13.600000000000001,14.9,35,1946,0.0,-19.200000000000003,14.8,35,5.216,-0.345,0,
B-A-low-3,0.019,1789992624.5663,accel,11.7275,3.6226,0.374,0.2,0.2,-1,4.871,0.0,11.685,2126,0.0,14.4,14.9,35,1945,0.0,-20.0,14.8,35,5.254,-0.384,0,
B-A-low-3,0.02101,1789992624.5683,accel,11.7275,3.6226,0.374,0.2,0.2,-1,4.871,0.0,11.685,2126,0.0,14.4,14.9,35,1945,0.0,-20.8,14.8,35,5.254,-0.384,0,
B-A-low-3,0.02301,1789992624.5703,accel,11.7275,3.6226,0.374,0.2,0.2,-1,4.871,0.0,11.685,2126,0.0,14.4,14.9,35,1945,0.0,-20.8,14.8,35,5.254,-0.384,0,
B-A-low-3,0.02501,1789992624.5723,accel,11.7275,3.6226,0.374,0.2,0.2,-1,4.832,-0.3341,11.686,2125,0.0,14.4,14.9,35,1945,0.0,-20.8,14.8,35,5.254,-0.422,0,
B-A-low-3,0.02701,1789992624.5743,accel,11.7275,3.6226,0.374,0.2,0.2,-1,4.871,0.335,11.685,2126,0.0,15.200000000000001,14.9,35,1946,0.0,-20.8,14.8,35,5.216,-0.345,0,
B-A-low-3,0.02901,1789992624.5763,accel,11.7275,3.6226,0.374,0.2,0.2,-1,4.871,0.0,11.685,2126,0.0,16.0,14.9,35,1945,0.0,-21.6,14.8,35,5.254,-0.384,0,
B-A-low-3,0.03099,1789992624.5783,accel,11.7275,3.6226,0.374,0.2,0.2,-1,4.871,0.0,11.685,2126,0.0,16.0,14.9,35,1945,0.0,-22.400000000000002,14.8,35,5.254,-0.384,0,
B-A-low-3,0.03301,1789992624.5803,accel,11.7275,3.6226,0.374,0.2,0.2,-1,4.871,0.0,11.685,2126,0.0,16.8,14.9,35,1946,0.0,-21.6,14.8,35,5.216,-0.345,0,
B-A-low-3,0.03501,1789992624.5823,accel,11.7275,3.6226,0.374,0.2,0.2,-1,4.871,0.0,11.685,2126,0.0,16.8,14.9,35,1945,0.0,-23.200000000000003,14.8,35,5.254,-0.384,0,
B-A-low-3,0.03701,1789992624.5843,accel,11.7275,3.6226,0.374,0.2,0.2,-1,4.832,-0.3348,11.686,2125,0.0,16.8,14.9,35,1946,0.0,-22.400000000000002,14.8,35,5.216,-0.384,0,
B-A-low-3,0.039,1789992624.5863,accel,11.7275,3.6226,0.374,0.2,0.2,-1,4.871,0.3369,11.685,2126,0.0,18.400000000000002,14.9,35,1945,0.0,-24.0,14.8,35,5.254,-0.384,0,
B-A-low-3,0.041,1789992624.5883,accel,11.7275,3.6226,0.374,0.2,0.2,-1,4.871,0.0,11.685,2126,0.0,18.400000000000002,14.9,35,1946,0.0,-24.0,14.8,35,5.216,-0.345,0,
B-A-low-3,0.04301,1789992624.5903,accel,11.7275,3.6226,0.374,0.2,0.2,-1,4.871,0.0,11.685,2126,0.0,19.200000000000003,14.9,35,1945,0.0,-24.8,14.8,35,5.254,-0.384,0,
B-A-low-3,0.04501,1789992624.5923,accel,11.7275,3.6226,0.374,0.2,0.2,-1,4.871,0.0,11.685,2126,0.0,20.0,14.9,35,1945,0.0,-25.6,14.8,35,5.254,-0.384,0,
B-A-low-3,0.04701,1789992624.5943,accel,11.7275,3.6226,0.374,0.2,0.2,-1,4.871,0.0,11.685,2126,0.0,20.8,14.9,35,1945,0.0,-26.400000000000002,14.8,35,5.254,-0.384,0,
B-A-low-3,0.04901,1789992624.5963,accel,11.7275,3.6226,0.374,0.2,0.2,-1,4.871,0.0,11.685,2126,0.0,20.8,14.9,35,1946,0.0,-26.400000000000002,14.8,35,5.216,-0.345,0,
B-A-low-3,0.05101,1789992624.5983,accel,11.7275,3.6226,0.374,0.2,0.2,-1,4.871,0.0,11.685,2126,0.0,21.6,14.9,35,1945,0.0,-28.0,14.8,35,5.254,-0.384,0,
B-A-low-3,0.05301,1789992624.6003,accel,11.7275,3.6226,0.374,0.2,0.2,-1,4.871,0.0,11.685,2126,0.0,22.400000000000002,14.9,35,1945,0.0,-28.0,14.8,35,5.254,-0.384,0,
B-A-low-3,0.055,1789992624.6023,accel,11.7275,3.6226,0.374,0.2,0.2,-1,4.871,0.0,11.685,2126,0.0,23.200000000000003,14.9,35,1946,0.0,-28.0,14.8,35,5.216,-0.345,0,
B-A-low-3,0.057,1789992624.6043,accel,11.7275,3.6226,0.374,0.2,0.2,-1,4.871,0.0,11.685,2126,0.0,24.0,14.9,35,1946,0.0,-29.6,14.8,35,5.216,-0.345,0,
B-A-low-3,0.059,1789992624.6063,accel,11.7275,3.6226,0.374,0.2,0.2,-1,4.871,0.0,11.685,2126,0.0,24.8,14.9,35,1945,0.0,-30.400000000000002,14.2,35,5.254,-0.384,0,
B-A-low-3,0.06102,1789992624.6083,accel,11.7275,3.6226,0.374,0.2,0.2,-1,4.871,0.0,11.685,2126,0.0,25.6,14.9,35,1946,0.0,-30.400000000000002,14.2,35,5.216,-0.345,0,
B-A-low-3,0.063,1789992624.6103,accel,11.7275,3.6226,0.374,0.2,0.2,-1,4.871,0.0,11.685,2126,0.0,26.400000000000002,14.9,35,1946,0.0,-31.200000000000003,14.2,35,5.216,-0.345,0,
B-A-low-3,0.065,1789992624.6123,accel,11.7275,3.6226,0.374,0.2,0.2,-1,4.832,-0.3346,11.686,2125,0.0,26.400000000000002,14.9,35,1946,0.0,-32.0,14.2,35,5.216,-0.384,0,
B-A-low-3,0.06699,1789992624.6143,accel,11.7275,3.6226,0.374,0.2,0.2,-1,4.871,0.3372,11.685,2126,0.0,28.0,14.9,35,1946,0.0,-32.800000000000004,14.2,35,5.216,-0.345,0,
B-A-low-3,0.06901,1789992624.6163,accel,11.7275,3.6226,0.374,0.2,0.2,-1,4.871,0.0,11.685,2126,0.0,28.8,14.9,35,1946,0.0,-33.6,14.2,35,5.216,-0.345,0,
B-A-low-3,0.07101,1789992624.6183,accel,11.7275,3.6226,0.374,0.2,0.2,-1,4.871,0.0,11.685,2126,0.0,29.6,14.9,35,1946,0.0,-35.2,14.2,35,5.216,-0.345,0,
B-A-low-3,0.07301,1789992624.6203,accel,11.7275,3.6226,0.374,0.2,0.2,-1,4.832,-0.3347,11.686,2125,0.0,29.6,14.9,35,1946,0.0,-36.0,14.2,35,5.216,-0.384,0,
B-A-low-3,0.07499,1789992624.6223,accel,11.7275,3.6226,0.374,0.2,0.2,-1,4.832,0.0,11.686,2125,0.0,31.200000000000003,14.9,35,1947,1.01,-34.300000000000004,14.2,35,5.178,-0.345,0,
B-A-low-3,0.07701,1789992624.6243,accel,11.7275,3.6226,0.374,0.2,0.2,-1,4.832,0.0,11.686,2125,0.0,32.0,14.9,35,1946,0.0,-37.6,14.2,35,5.216,-0.384,0,
B-A-low-3,0.07901,1789992624.6263,accel,11.7275,3.6226,0.374,0.2,0.2,-1,4.832,0.0,11.686,2125,0.0,32.800000000000004,14.9,35,1946,0.0,-38.400000000000006,14.2,35,5.216,-0.384,0,
B-A-low-3,0.08101,1789992624.6283,accel,11.7275,3.6226,0.374,0.2,0.2,-1,4.794,-0.3346,11.686,2124,-1.01,31.1,14.9,35,1947,1.01,-36.7,14.2,35,5.178,-0.384,0,
B-A-low-3,0.08301,1789992624.6303,accel,11.7275,3.6226,0.374,0.2,0.2,-1,4.794,0.0,11.686,2124,-1.01,31.900000000000002,14.9,35,1947,1.01,-37.5,14.2,35,5.178,-0.384,0,
B-A-low-3,0.08501,1789992624.6323,accel,11.7275,3.6226,0.374,0.2,0.2,-1,4.756,-0.3349,11.687,2123,-1.51,31.8,14.9,35,1947,1.01,-38.300000000000004,14.2,35,5.178,-0.422,0,
B-A-low-3,0.087,1789992624.6343,accel,11.7275,3.6226,0.374,0.2,0.2,-1,4.756,0.0,11.687,2123,-1.51,32.6,14.9,35,1948,1.01,-38.300000000000004,14.2,35,5.139,-0.384,0,
B-A-low-3,0.08899,1789992624.6363,accel,11.7275,3.6226,0.374,0.2,0.2,-1,4.717,-0.3375,11.688,2122,-2.01,31.700000000000003,14.9,35,1948,1.51,-39.0,14.2,35,5.139,-0.422,0,
B-A-low-3,0.091,1789992624.6383,accel,11.7275,3.6226,0.374,0.2,0.2,-1,4.717,0.0,11.688,2122,-2.01,32.5,14.9,35,1949,1.51,-39.0,14.2,35,5.101,-0.384,0,
B-A-low-3,0.093,1789992624.6403,accel,11.7275,3.6226,0.374,0.2,0.2,-1,4.679,-0.3348,11.688,2121,-2.01,32.5,14.9,35,1949,1.51,-39.800000000000004,14.2,35,5.101,-0.422,0,
B-A-low-3,0.09501,1789992624.6423,accel,11.7275,3.6226,0.374,0.2,0.2,-1,4.679,0.0,11.688,2121,-2.52,32.5,14.9,35,1949,1.51,-40.6,14.2,35,5.101,-0.422,0,
B-A-low-3,0.097,1789992624.6443,accel,11.7275,3.6226,0.374,0.2,0.2,-1,4.679,0.0,11.688,2121,-3.02,31.6,14.9,35,1950,2.52,-38.900000000000006,14.2,35,5.062,-0.384,0,
B-A-low-3,0.099,1789992624.6463,accel,11.7275,3.6226,0.374,0.2,0.2,-1,4.641,-0.3346,11.689,2120,-3.02,32.4,14.9,35,1951,2.52,-38.900000000000006,14.2,35,5.024,-0.384,0,
B-A-low-3,0.101,1789992624.6483,accel,11.7275,3.6226,0.374,0.2,0.2,-1,4.641,0.0,11.689,2120,-3.02,33.2,14.9,35,1951,2.52,-39.7,14.2,35,5.024,-0.384,0,
B-A-low-3,0.103,1789992624.6503,accel,11.7275,3.6226,0.374,0.2,0.2,-1,4.602,-0.3347,11.689,2119,-3.02,33.2,14.9,35,1952,3.02,-38.800000000000004,14.2,35,4.986,-0.384,0,
B-A-low-3,0.105,1789992624.6523,accel,11.7275,3.6226,0.374,0.2,0.2,-1,4.564,-0.3347,11.69,2118,-3.52,32.300000000000004,14.9,35,1952,3.02,-39.6,14.2,35,4.986,-0.422,0,
B-A-low-3,0.107,1789992624.6543,accel,11.7275,3.6226,0.374,0.2,0.2,-1,4.526,-0.3346,11.691,2117,-4.03,32.2,14.9,35,1953,3.52,-39.5,14.2,35,4.947,-0.422,0,
B-A-low-3,0.109,1789992624.6563,accel,11.7275,3.6226,0.374,0.2,0.2,-1,4.526,0.0,11.691,2117,-4.03,33.0,14.9,35,1953,3.02,-41.2,14.2,35,4.947,-0.422,0,
B-A-low-3,0.11099,1789992624.6583,accel,11.7275,3.6226,0.374,0.2,0.2,-1,4.487,-0.3375,11.691,2116,-4.03,33.0,14.9,35,1953,3.02,-42.0,14.2,35,4.947,-0.46,0,
B-A-low-3,0.113,1789992624.6603,accel,11.7275,3.6226,0.374,0.2,0.2,-1,4.449,-0.3318,11.692,2115,-4.03,33.0,14.9,35,1954,3.52,-41.1,14.2,35,4.909,-0.46,0,
B-A-low-3,0.115,1789992624.6623,accel,11.7275,3.6226,0.374,0.2,0.2,-1,4.449,0.0,11.692,2115,-4.03,33.800000000000004,14.9,35,1954,3.02,-42.800000000000004,14.2,35,4.909,-0.46,0,
B-A-low-3,0.117,1789992624.6643,accel,11.7275,3.6226,0.374,0.2,0.2,-1,4.411,-0.3362,11.693,2114,-4.53,33.800000000000004,14.9,35,1956,4.03,-40.2,14.2,35,4.832,-0.422,0,
B-A-low-3,0.11902,1789992624.6663,accel,11.7275,3.6226,0.374,0.2,0.2,-1,4.372,-0.331,11.693,2113,-4.53,33.800000000000004,14.9,35,1956,4.03,-41.0,14.2,35,4.832,-0.46,0,
B-A-low-3,0.121,1789992624.6683,accel,11.7275,3.6226,0.374,0.2,0.2,-1,4.372,0.0,11.693,2113,-4.53,34.6,14.9,35,1957,4.03,-41.800000000000004,14.2,35,4.794,-0.422,0,
B-A-low-3,0.123,1789992624.6703,accel,11.7275,3.6226,0.374,0.2,0.2,-1,4.334,-0.3346,11.694,2112,-4.53,34.6,14.9,35,1957,4.03,-42.6,14.2,35,4.794,-0.46,0,
B-A-low-3,0.125,1789992624.6723,accel,11.7275,3.6226,0.374,0.2,0.2,-1,4.334,0.0,11.694,2112,-5.03,33.7,14.9,35,1958,4.03,-42.6,14.2,35,4.756,-0.422,0,
B-A-low-3,0.127,1789992624.6743,accel,11.7275,3.6226,0.374,0.2,0.2,-1,4.334,0.0,11.694,2112,-4.53,35.4,14.9,35,1959,4.53,-41.800000000000004,14.2,35,4.717,-0.384,0,
B-A-low-3,0.129,1789992624.6763,accel,11.7275,3.6226,0.374,0.2,0.2,-1,4.295,-0.3347,11.694,2111,-5.03,34.5,14.9,35,1960,4.53,-41.800000000000004,14.2,35,4.679,-0.384,0,
B-A-low-3,0.131,1789992624.6783,accel,11.7275,3.6226,0.374,0.2,0.2,-1,4.219,-0.6693,11.695,2109,-5.54,32.800000000000004,14.9,35,1961,5.03,-40.900000000000006,14.2,35,4.641,-0.422,0,
B-A-low-3,0.13299,1789992624.6803,accel,11.7275,3.6226,0.374,0.2,0.2,-1,4.219,0.0,11.695,2109,-5.54,33.6,14.9,35,1962,5.03,-40.900000000000006,14.2,35,4.602,-0.384,0,
B-A-low-3,0.13501,1789992624.6823,accel,11.7275,3.6226,0.374,0.2,0.2,-1,4.18,-0.3312,11.696,2108,-5.54,34.4,14.9,35,1963,5.54,-40.0,14.2,35,4.564,-0.384,0,
B-A-low-3,0.137,1789992624.6843,accel,11.7275,3.6226,0.374,0.2,0.2,-1,4.142,-0.335,11.697,2107,-5.54,34.4,14.9,35,1963,5.03,-41.7,14.2,35,4.564,-0.422,0,
B-A-low-3,0.139,1789992624.6863,accel,11.7275,3.6226,0.374,0.2,0.2,-1,4.104,-0.3346,11.697,2106,-5.54,34.4,14.9,35,1965,6.04,-39.900000000000006,14.2,35,4.487,-0.384,0,
B-A-low-3,0.14102,1789992624.6883,accel,11.7275,3.6226,0.374,0.2,0.2,-1,4.065,-0.3319,11.698,2105,-6.04,33.5,14.9,35,1966,6.04,-39.900000000000006,14.2,35,4.449,-0.384,0,
B-A-low-3,0.143,1789992624.6903,accel,11.7275,3.6226,0.374,0.2,0.2,-1,4.027,-0.3383,11.698,2104,-6.04,33.5,14.9,35,1966,6.04,-40.7,14.2,35,4.449,-0.422,0,
B-A-low-3,0.145,1789992624.6923,accel,11.7275,3.6226,0.374,0.2,0.2,-1,4.027,0.0,11.698,2104,-5.54,35.2,14.9,35,1967,6.04,-40.7,14.2,35,4.411,-0.384,0,
B-A-low-3,0.14699,1789992624.6943,accel,11.7275,3.6226,0.374,0.2,0.2,-1,3.989,-0.3368,11.699,2103,-6.04,34.300000000000004,14.9,35,1968,6.04,-40.7,14.2,35,4.372,-0.384,0,
B-A-low-3,0.149,1789992624.6963,accel,11.7275,3.6226,0.374,0.2,0.2,-1,3.912,-0.664,11.7,2101,-6.54,32.7,14.9,35,1969,6.04,-40.7,14.2,35,4.334,-0.422,0,
B-A-low-3,0.151,1789992624.6983,accel,11.7275,3.6226,0.374,0.2,0.2,-1,3.874,-0.3346,11.7,2100,-6.54,32.7,14.9,35,1970,6.04,-40.7,14.2,35,4.295,-0.422,0,
B-A-low-3,0.153,1789992624.7003,accel,11.7275,3.6226,0.374,0.2,0.2,-1,3.874,0.0,11.7,2100,-6.54,33.5,14.9,35,1971,6.54,-39.900000000000006,14.2,35,4.257,-0.384,0,
B-A-low-3,0.155,1789992624.7023,accel,11.7275,3.6226,0.374,0.2,0.2,-1,3.835,-0.3356,11.701,2099,-6.54,34.300000000000004,14.9,35,1972,6.54,-39.900000000000006,14.2,35,4.219,-0.384,0,
B-A-low-3,0.157,1789992624.7043,accel,11.7275,3.6226,0.374,0.2,0.2,-1,3.759,-0.6676,11.702,2097,-7.04,32.6,14.9,35,1973,6.54,-39.900000000000006,14.2,35,4.18,-0.422,0,
B-A-low-3,0.159,1789992624.7063,accel,11.7275,3.6226,0.374,0.2,0.2,-1,3.72,-0.335,11.703,2096,-7.04,32.6,14.9,35,1974,7.04,-39.0,14.2,35,4.142,-0.422,0,
B-A-low-3,0.16098,1789992624.7083,accel,11.7275,3.6226,0.374,0.2,0.2,-1,3.643,-0.6751,11.704,2094,-7.55,30.900000000000002,14.9,35,1975,7.04,-39.0,14.2,35,4.104,-0.46,0,
B-A-low-3,0.163,1789992624.7103,accel,11.7275,3.6226,0.374,0.2,0.2,-1,3.643,0.0,11.704,2094,-7.55,31.700000000000003,14.9,35,1977,7.55,-38.1,14.2,35,4.027,-0.384,0,
B-A-low-3,0.165,1789992624.7123,accel,11.7275,3.6226,0.374,0.2,0.2,-1,3.605,-0.3347,11.704,2093,-7.55,31.700000000000003,14.9,35,1978,7.55,-38.1,14.2,35,3.989,-0.384,0,
B-A-low-3,0.167,1789992624.7143,accel,11.7275,3.6226,0.374,0.2,0.2,-1,3.528,-0.6698,11.705,2091,-8.05,30.8,14.9,35,1980,8.05,-36.4,14.2,35,3.912,-0.384,0,
B-A-low-3,0.16899,1789992624.7163,accel,11.7275,3.6226,0.374,0.2,0.2,-1,3.49,-0.3372,11.706,2090,-8.05,30.8,14.9,35,1981,8.05,-36.4,14.2,35,3.874,-0.384,0,
B-A-low-3,0.171,1789992624.7183,accel,11.7275,3.6226,0.374,0.2,0.2,-1,3.452,-0.3321,11.706,2089,-8.05,30.8,14.9,35,1984,8.55,-34.800000000000004,14.2,35,3.759,-0.307,0,
B-A-low-3,0.173,1789992624.7203,accel,11.7275,3.6226,0.374,0.2,0.2,-1,3.413,-0.3348,11.706,2088,-8.05,30.8,14.9,35,1985,8.55,-34.800000000000004,14.2,35,3.72,-0.307,0,
B-A-low-3,0.175,1789992624.7223,accel,11.7275,3.6226,0.374,0.2,0.2,-1,3.337,-0.6692,11.707,2086,-8.55,29.200000000000003,13.5,35,1987,9.06,-33.1,14.2,35,3.643,-0.307,0,
B-A-low-3,0.177,1789992624.7243,accel,11.7275,3.6226,0.374,0.2,0.2,-1,3.26,-0.6697,11.708,2084,-9.06,27.5,13.5,35,1988,9.56,-32.2,14.7,35,3.605,-0.345,0,
B-A-low-3,0.179,1789992624.7263,accel,11.7275,3.6226,0.374,0.2,0.2,-1,3.26,0.0,11.708,2084,-8.55,29.200000000000003,13.5,35,1989,9.56,-32.2,14.7,35,3.567,-0.307,0,
B-A-low-3,0.18102,1789992624.7283,accel,11.7275,3.6226,0.374,0.2,0.2,-1,3.183,-0.6644,11.709,2082,-9.06,27.5,13.5,35,1991,10.06,-31.3,14.7,35,3.49,-0.307,0,
B-A-low-3,0.18298,1789992624.7303,accel,11.7275,3.6226,0.374,0.2,0.2,-1,3.145,-0.341,11.71,2081,-9.06,27.5,13.5,35,1992,10.06,-31.3,14.7,35,3.452,-0.307,0,
B-A-low-3,0.185,1789992624.7323,accel,11.7275,3.6226,0.374,0.2,0.2,-1,3.107,-0.3315,11.71,2080,-9.06,27.5,13.5,35,1993,9.56,-32.2,14.7,35,3.413,-0.307,0,
B-A-low-3,0.187,1789992624.7343,accel,11.7275,3.6226,0.374,0.2,0.2,-1,3.068,-0.3347,11.71,2079,-9.06,27.5,13.5,35,1995,10.06,-30.5,14.7,35,3.337,-0.268,0,
B-A-low-3,0.189,1789992624.7363,accel,11.7275,3.6226,0.374,0.2,0.2,-1,2.991,-0.6697,11.711,2077,-9.06,27.5,13.5,35,1996,10.06,-30.5,14.7,35,3.298,-0.307,0,
B-A-low-3,0.191,1789992624.7383,accel,11.7275,3.6226,0.374,0.2,0.2,-1,2.915,-0.6692,11.712,2075,-10.06,24.900000000000002,13.5,35,1997,10.06,-30.5,14.7,35,3.26,-0.345,0,
B-A-low-3,0.193,1789992624.7403,accel,11.7275,3.6226,0.374,0.2,0.2,-1,2.876,-0.3346,11.712,2074,-9.56,25.8,13.5,35,1999,10.57,-28.900000000000002,14.7,35,3.183,-0.307,0,
B-A-low-3,0.19502,1789992624.7423,accel,11.7275,3.6226,0.374,0.2,0.2,-1,2.838,-0.3319,11.713,2073,-10.06,24.900000000000002,13.5,35,2000,10.06,-29.700000000000003,14.7,35,3.145,-0.307,0,
B-A-low-3,0.197,1789992624.7443,accel,11.7275,3.6226,0.374,0.2,0.2,-1,2.761,-0.6762,11.714,2071,-10.06,24.1,13.5,35,2002,10.57,-28.1,14.7,35,3.068,-0.307,0,
B-A-low-3,0.199,1789992624.7463,accel,11.7275,3.6226,0.374,0.2,0.2,-1,2.723,-0.3342,11.714,2070,-9.56,25.8,13.5,35,2003,10.57,-28.1,14.7,35,3.03,-0.307,0,
B-A-low-3,0.201,1789992624.7483,const,11.7275,3.6226,0.374,0.2,0.2,-1,2.646,-0.6684,11.715,2068,-10.06,24.1,13.5,35,2004,10.06,-28.900000000000002,14.7,35,2.991,-0.345,0,
B-A-low-3,0.20302,1789992624.7503,const,11.7275,3.6226,0.374,0.2,0.2,-1,2.608,-0.3319,11.715,2067,-10.06,24.1,13.5,35,2006,10.57,-28.1,14.7,35,2.915,-0.307,0,
B-A-low-3,0.20498,1789992624.7523,const,11.7275,3.6226,0.374,0.2,0.2,-1,2.57,-0.3415,11.715,2066,-10.06,24.1,13.5,35,2008,10.57,-27.3,14.7,35,2.838,-0.268,0,
B-A-low-3,0.207,1789992624.7543,const,11.7275,3.6226,0.374,0.2,0.2,-1,2.493,-0.6636,11.716,2064,-10.06,23.3,13.5,35,2009,10.06,-28.1,14.7,35,2.8,-0.307,0,
B-A-low-3,0.209,1789992624.7563,const,11.7275,3.6226,0.374,0.2,0.2,-1,2.455,-0.3344,11.717,2063,-10.06,23.3,13.5,35,2010,10.57,-27.3,14.7,35,2.761,-0.307,0,
B-A-low-3,0.21102,1789992624.7583,const,11.7275,3.6226,0.374,0.2,0.2,-1,2.378,-0.6639,11.717,2061,-10.06,22.5,13.5,35,2011,10.06,-28.1,14.7,35,2.723,-0.345,0,
B-A-low-3,0.213,1789992624.7603,const,11.7275,3.6226,0.374,0.2,0.2,-1,2.339,-0.3379,11.717,2060,-10.06,22.5,13.5,35,2013,10.06,-27.3,14.7,35,2.646,-0.307,0,
B-A-low-3,0.215,1789992624.7623,const,11.7275,3.6226,0.374,0.2,0.2,-1,2.301,-0.3348,11.718,2059,-10.06,22.5,13.5,35,2014,10.06,-27.3,14.7,35,2.608,-0.307,0,
B-A-low-3,0.217,1789992624.7643,const,11.7275,3.6226,0.374,0.2,0.2,-1,2.224,-0.6684,11.718,2057,-10.06,22.5,13.5,35,2015,10.06,-27.3,14.7,35,2.57,-0.345,0,
B-A-low-3,0.21898,1789992624.7663,const,11.7275,3.6226,0.374,0.2,0.2,-1,2.186,-0.3374,11.719,2056,-10.06,22.5,13.5,35,2016,10.06,-27.3,14.7,35,2.531,-0.345,0,
B-A-low-3,0.221,1789992624.7683,const,11.7275,3.6226,0.374,0.2,0.2,-1,2.148,-0.3321,11.719,2055,-10.06,22.5,13.5,35,2018,10.06,-27.3,14.7,35,2.455,-0.307,0,
B-A-low-3,0.223,1789992624.7703,const,11.7275,3.6226,0.374,0.2,0.2,-1,2.071,-0.6692,11.72,2053,-10.06,21.700000000000003,13.5,35,2020,10.06,-26.5,14.7,35,2.378,-0.307,0,
B-A-low-3,0.225,1789992624.7723,const,11.7275,3.6226,0.374,0.2,0.2,-1,1.994,-0.6696,11.72,2051,-10.06,20.900000000000002,13.5,35,2021,10.06,-26.5,14.7,35,2.339,-0.345,0,
B-A-low-3,0.22698,1789992624.7743,const,11.7275,3.6226,0.374,0.2,0.2,-1,1.956,-0.3377,11.72,2050,-10.06,20.900000000000002,13.5,35,2022,9.56,-27.400000000000002,14.7,35,2.301,-0.345,0,
B-A-low-3,0.229,1789992624.7763,const,11.7275,3.6226,0.374,0.2,0.2,-1,1.918,-0.3317,11.721,2049,-10.06,20.900000000000002,13.5,35,2023,10.06,-26.5,14.7,35,2.263,-0.345,0,
B-A-low-3,0.231,1789992624.7783,const,11.7275,3.6226,0.374,0.2,0.2,-1,1.879,-0.3348,11.721,2048,-9.56,21.8,13.5,35,2025,9.56,-27.400000000000002,14.7,35,2.186,-0.307,0,
B-A-low-3,0.233,1789992624.7803,const,11.7275,3.6226,0.374,0.2,0.2,-1,1.841,-0.335,11.721,2047,-9.56,22.6,13.5,35,2026,9.56,-27.400000000000002,14.7,35,2.148,-0.307,0,
B-A-low-3,0.235,1789992624.7823,const,11.7275,3.6226,0.374,0.2,0.2,-1,1.803,-0.3344,11.721,2046,-9.56,22.6,13.5,35,2027,9.56,-27.400000000000002,14.7,36,2.109,-0.307,0,
B-A-low-3,0.237,1789992624.7843,const,11.7275,3.6226,0.374,0.2,0.2,-1,1.726,-0.6696,11.722,2044,-10.06,20.900000000000002,13.5,35,2028,9.06,-28.3,14.7,36,2.071,-0.345,0,
B-A-low-3,0.239,1789992624.7863,const,11.7275,3.6226,0.374,0.2,0.2,-1,1.688,-0.3346,11.722,2043,-9.56,21.8,13.5,35,2030,10.06,-24.900000000000002,14.7,36,1.994,-0.307,0,
B-A-low-3,0.24098,1789992624.7883,const,11.7275,3.6226,0.374,0.2,0.2,-1,1.611,-0.6754,11.723,2041,-10.06,20.1,13.5,35,2031,9.56,-26.6,14.7,36,1.956,-0.345,0,
B-A-low-3,0.243,1789992624.7903,const,11.7275,3.6226,0.374,0.2,0.2,-1,1.572,-0.3319,11.723,2040,-9.56,21.0,13.5,35,2032,9.56,-25.8,14.7,36,1.918,-0.345,0,
B-A-low-3,0.245,1789992624.7923,const,11.7275,3.6226,0.374,0.2,0.2,-1,1.534,-0.3344,11.723,2039,-9.56,21.0,13.5,35,2034,9.56,-25.8,14.7,36,1.841,-0.307,0,
B-A-low-3,0.247,1789992624.7943,const,11.7275,3.6226,0.374,0.2,0.2,-1,1.457,-0.6701,11.723,2037,-10.06,19.3,13.5,35,2035,9.56,-25.8,14.7,36,1.803,-0.345,0,
B-A-low-3,0.249,1789992624.7963,const,11.7275,3.6226,0.374,0.2,0.2,-1,1.419,-0.3348,11.724,2036,-9.56,21.0,13.5,35,2036,9.56,-25.8,14.7,36,1.764,-0.345,0,
B-A-low-3,0.25098,1789992624.7983,const,11.7275,3.6226,0.374,0.2,0.2,-1,1.342,-0.6762,11.724,2034,-10.06,19.3,13.5,35,2038,10.06,-24.1,14.7,36,1.688,-0.345,0,
B-A-low-3,0.25297,1789992624.8003,const,11.7275,3.6226,0.374,0.2,0.2,-1,1.342,0.0,11.724,2034,-9.56,21.0,13.5,35,2039,9.56,-25.8,14.7,36,1.649,-0.307,0,
B-A-low-3,0.25498,1789992624.8023,const,11.7275,3.6226,0.374,0.2,0.2,-1,1.266,-0.6676,11.724,2032,-9.56,20.200000000000003,13.5,35,2040,9.56,-25.8,14.7,36,1.611,-0.345,0,
B-A-low-3,0.25698,1789992624.8043,const,11.7275,3.6226,0.374,0.2,0.2,-1,1.189,-0.6705,11.725,2030,-10.06,18.5,13.5,35,2042,9.56,-25.0,14.7,36,1.534,-0.345,0,
B-A-low-3,0.25898,1789992624.8063,const,11.7275,3.6226,0.374,0.2,0.2,-1,1.151,-0.3347,11.725,2029,-9.56,19.400000000000002,13.5,35,2042,9.06,-26.700000000000003,14.7,36,1.534,-0.384,0,
B-A-low-3,0.26098,1789992624.8083,const,11.7275,3.6226,0.374,0.2,0.2,-1,1.112,-0.3347,11.725,2028,-9.56,19.400000000000002,13.5,35,2044,9.56,-25.0,14.7,36,1.457,-0.345,0,
B-A-low-3,0.26296,1789992624.8103,const,11.7275,3.6226,0.374,0.2,0.2,-1,1.074,-0.3375,11.725,2027,-9.56,19.400000000000002,13.5,35,2045,9.06,-25.900000000000002,14.7,36,1.419,-0.345,0,
B-A-low-3,0.26498,1789992624.8123,const,11.7275,3.6226,0.374,0.2,0.2,-1,1.036,-0.3322,11.725,2026,-9.56,19.400000000000002,13.5,35,2046,9.06,-25.900000000000002,14.7,36,1.381,-0.345,0,
B-A-low-3,0.26698,1789992624.8143,const,11.7275,3.6226,0.374,0.2,0.2,-1,0.959,-0.6689,11.726,2024,-9.56,19.400000000000002,13.5,35,2048,9.06,-25.1,14.7,36,1.304,-0.345,0,
B-A-low-3,0.26898,1789992624.8163,const,11.7275,3.6226,0.374,0.2,0.2,-1,0.92,-0.335,11.726,2023,-9.56,19.400000000000002,13.5,35,2049,9.06,-25.1,14.7,36,1.266,-0.345,0,
B-A-low-3,0.27098,1789992624.8183,const,11.7275,3.6226,0.374,0.2,0.2,-1,0.882,-0.3344,11.726,2022,-9.56,19.400000000000002,13.5,35,2050,9.06,-25.900000000000002,14.7,36,1.227,-0.345,0,
B-A-low-3,0.27298,1789992624.8203,const,11.7275,3.6226,0.374,0.2,0.2,-1,0.844,-0.3348,11.726,2021,-9.56,19.400000000000002,13.5,35,2052,9.56,-24.200000000000003,14.7,36,1.151,-0.307,0,
B-A-low-3,0.27498,1789992624.8223,const,11.7275,3.6226,0.374,0.2,0.2,-1,0.805,-0.3347,11.726,2020,-9.06,20.3,13.5,35,2053,9.56,-24.200000000000003,14.7,36,1.112,-0.307,0,
B-A-low-3,0.27696,1789992624.8243,const,11.7275,3.6226,0.374,0.2,0.2,-1,0.767,-0.3375,11.726,2019,-9.06,20.3,13.5,35,2054,9.06,-25.1,14.7,36,1.074,-0.307,0,
B-A-low-3,0.27898,1789992624.8263,const,11.7275,3.6226,0.374,0.2,0.2,-1,0.729,-0.3319,11.726,2018,-9.06,20.3,13.5,35,2055,9.06,-25.1,14.7,36,1.036,-0.307,0,
B-A-low-3,0.28097,1789992624.8283,const,11.7275,3.6226,0.374,0.2,0.2,-1,0.652,-0.6706,11.727,2016,-9.06,20.3,13.5,35,2056,9.06,-25.1,14.7,36,0.997,-0.345,0,
B-A-low-3,0.28297,1789992624.8303,const,11.7275,3.6226,0.374,0.2,0.2,-1,0.614,-0.3349,11.727,2015,-9.06,20.3,13.5,35,2057,8.55,-26.0,14.7,36,0.959,-0.345,0,
B-A-low-3,0.28497,1789992624.8323,const,11.7275,3.6226,0.374,0.2,0.2,-1,0.614,0.0,11.727,2015,-8.05,22.8,13.5,35,2058,8.55,-26.0,14.7,36,0.92,-0.307,0,
B-A-low-3,0.28697,1789992624.8343,const,11.7275,3.6226,0.374,0.2,0.2,-1,0.537,-0.6672,11.727,2013,-8.55,21.200000000000003,13.5,35,2059,8.55,-26.0,14.7,36,0.882,-0.345,0,
B-A-low-3,0.28897,1789992624.8363,const,11.7275,3.6226,0.374,0.2,0.2,-1,0.499,-0.3344,11.727,2012,-8.55,21.200000000000003,13.5,35,2060,8.55,-26.0,14.7,36,0.844,-0.345,0,
B-A-low-3,0.29096,1789992624.8383,const,11.7275,3.6226,0.374,0.2,0.2,-1,0.46,-0.3379,11.727,2011,-8.55,21.200000000000003,13.5,35,2061,8.05,-26.8,14.7,36,0.805,-0.345,0,
B-A-low-3,0.29297,1789992624.8403,const,11.7275,3.6226,0.374,0.2,0.2,-1,0.384,-0.6637,11.727,2009,-8.55,20.400000000000002,13.9,35,2062,8.55,-26.0,14.6,36,0.767,-0.384,0,
B-A-low-3,0.29498,1789992624.8423,const,11.7275,3.6226,0.374,0.2,0.2,-1,0.384,0.0,11.727,2009,-8.05,22.0,13.9,35,2063,8.05,-27.6,14.6,36,0.729,-0.345,0,
B-A-low-3,0.29697,1789992624.8443,const,11.7275,3.6226,0.374,0.2,0.2,-1,0.345,-0.335,11.727,2008,-8.05,22.0,13.9,35,2064,8.05,-27.6,14.6,36,0.69,-0.345,0,
B-A-low-3,0.29896,1789992624.8463,const,11.7275,3.6226,0.374,0.2,0.2,-1,0.307,-0.3372,11.727,2007,-7.55,23.700000000000003,13.9,35,2065,7.55,-28.5,14.6,36,0.652,-0.345,0,
B-A-low-3,0.30098,1789992624.8483,const,11.7275,3.6226,0.374,0.2,0.2,-1,0.268,-0.3321,11.727,2006,-7.55,23.700000000000003,13.9,35,2066,8.05,-27.6,14.6,36,0.614,-0.345,0,
B-A-low-3,0.30299,1789992624.8503,const,11.7275,3.6226,0.374,0.2,0.2,-1,0.23,-0.3324,11.727,2005,-7.55,23.700000000000003,13.9,35,2067,7.55,-28.5,14.6,36,0.575,-0.345,0,
B-A-low-3,0.30498,1789992624.8523,const,11.7275,3.6226,0.374,0.2,0.2,-1,0.192,-0.337,11.727,2004,-7.55,23.700000000000003,13.9,35,2068,7.55,-28.5,14.6,36,0.537,-0.345,0,
B-A-low-3,0.30697,1789992624.8543,const,11.7275,3.6226,0.374,0.2,0.2,-1,0.153,-0.3348,11.727,2003,-7.55,23.700000000000003,13.9,35,2069,7.55,-28.5,14.6,36,0.499,-0.345,0,
B-A-low-3,0.30897,1789992624.8563,const,11.7275,3.6226,0.374,0.2,0.2,-1,0.115,-0.3348,11.727,2002,-7.04,24.6,13.9,35,2070,7.55,-28.5,14.6,36,0.46,-0.345,0,
B-A-low-3,0.31097,1789992624.8583,const,11.7275,3.6226,0.374,0.2,0.2,-1,0.077,-0.3345,11.727,2001,-7.04,25.400000000000002,13.9,35,2070,7.04,-30.200000000000003,14.6,36,0.46,-0.384,0,
B-A-low-3,0.31296,1789992624.8603,const,11.7275,3.6226,0.374,0.2,0.2,-1,0.038,-0.3378,11.727,2000,-7.04,25.400000000000002,13.9,35,2071,6.54,-31.900000000000002,14.6,36,0.422,-0.384,0,
B-A-low-3,0.31498,1789992624.8623,const,11.7275,3.6226,0.374,0.2,0.2,-1,0.0,-0.3314,11.727,1999,-7.55,24.5,13.9,35,2072,6.54,-31.900000000000002,14.6,36,0.384,-0.384,0,
B-A-low-3,0.31698,1789992624.8643,const,11.7275,3.6226,0.374,0.2,0.2,-1,-0.038,-0.3348,11.727,1998,-7.04,25.400000000000002,13.9,35,2072,6.04,-33.5,14.6,36,0.384,-0.422,0,
B-A-low-3,0.31898,1789992624.8663,const,11.7275,3.6226,0.374,0.2,0.2,-1,-0.077,-0.3347,11.727,1997,-7.04,25.400000000000002,13.9,35,2074,7.04,-31.0,14.6,36,0.307,-0.384,0,
B-A-low-3,0.32097,1789992624.8683,const,11.7275,3.6226,0.374,0.2,0.2,-1,-0.115,-0.3352,11.727,1996,-7.04,25.400000000000002,13.9,35,2075,6.54,-31.900000000000002,14.6,36,0.268,-0.384,0,
B-A-low-3,0.32298,1789992624.8703,const,11.7275,3.6226,0.374,0.2,0.2,-1,-0.153,-0.334,11.727,1995,-7.04,25.400000000000002,13.9,35,2075,6.04,-33.5,14.6,36,0.268,-0.422,0,
B-A-low-3,0.32498,1789992624.8723,const,11.7275,3.6226,0.374,0.2,0.2,-1,-0.192,-0.335,11.727,1994,-7.04,25.400000000000002,13.9,35,2076,6.04,-33.5,14.6,36,0.23,-0.422,0,
B-A-low-3,0.32696,1789992624.8743,const,11.7275,3.6226,0.374,0.2,0.2,-1,-0.192,0.0,11.727,1994,-6.54,27.1,13.9,35,2077,6.04,-33.5,14.6,36,0.192,-0.384,0,
B-A-low-3,0.32897,1789992624.8763,const,11.7275,3.6226,0.374,0.2,0.2,-1,-0.23,-0.3319,11.727,1993,-7.04,26.200000000000003,13.9,35,2078,6.54,-32.7,14.6,36,0.153,-0.384,0,
B-A-low-3,0.33097,1789992624.8783,const,11.7275,3.6226,0.374,0.2,0.2,-1,-0.307,-0.6694,11.727,1991,-7.04,26.200000000000003,13.9,35,2079,6.04,-34.300000000000004,14.6,36,0.115,-0.422,0,
B-A-low-3,0.33297,1789992624.8803,const,11.7275,3.6226,0.374,0.2,0.2,-1,-0.307,0.0,11.727,1991,-6.54,27.900000000000002,13.9,35,2080,6.54,-33.5,14.6,36,0.077,-0.384,0,
B-A-low-3,0.33496,1789992624.8823,const,11.7275,3.6226,0.374,0.2,0.2,-1,-0.345,-0.3376,11.727,1990,-6.54,27.900000000000002,13.9,35,2081,6.04,-34.300000000000004,14.6,36,0.038,-0.384,0,
B-A-low-3,0.33697,1789992624.8843,const,11.7275,3.6226,0.374,0.2,0.2,-1,-0.384,-0.3319,11.727,1989,-7.04,27.0,13.9,35,2082,6.54,-33.5,14.6,36,0.0,-0.384,0,
B-A-low-3,0.33897,1789992624.8863,const,11.7275,3.6226,0.374,0.2,0.2,-1,-0.422,-0.3345,11.727,1988,-6.54,27.900000000000002,13.9,35,2083,6.54,-33.5,14.6,36,-0.038,-0.384,0,
B-A-low-3,0.34097,1789992624.8883,const,11.7275,3.6226,0.374,0.2,0.2,-1,-0.46,-0.335,11.727,1987,-7.04,27.0,13.9,35,2083,6.04,-35.1,14.6,36,-0.038,-0.422,0,
B-A-low-3,0.34297,1789992624.8903,const,11.7275,3.6226,0.374,0.2,0.2,-1,-0.499,-0.3347,11.727,1986,-6.54,27.900000000000002,13.9,35,2085,7.04,-32.6,14.6,36,-0.115,-0.384,0,
B-A-low-3,0.34497,1789992624.8923,const,11.7275,3.6226,0.374,0.2,0.2,-1,-0.499,0.0,11.727,1986,-6.54,28.700000000000003,13.9,35,2087,7.04,-32.6,14.6,36,-0.192,-0.307,0,
B-A-low-3,0.34697,1789992624.8943,const,11.7275,3.6226,0.374,0.2,0.2,-1,-0.537,-0.3349,11.727,1985,-6.54,28.700000000000003,13.9,35,2087,7.04,-33.4,14.6,36,-0.192,-0.345,0,
B-A-low-3,0.34897,1789992624.8963,const,11.7275,3.6226,0.374,0.2,0.2,-1,-0.575,-0.3346,11.727,1984,-6.54,28.700000000000003,13.9,35,2088,7.04,-33.4,14.6,36,-0.23,-0.345,0,
B-A-low-3,0.35097,1789992624.8983,const,11.7275,3.6226,0.374,0.2,0.2,-1,-0.614,-0.3347,11.727,1983,-7.04,27.8,13.9,35,2090,7.55,-31.700000000000003,14.6,36,-0.307,-0.307,0,
B-A-low-3,0.35297,1789992624.9003,const,11.7275,3.6226,0.374,0.2,0.2,-1,-0.652,-0.3348,11.727,1982,-7.04,27.8,13.9,35,2091,7.55,-31.700000000000003,14.6,36,-0.345,-0.307,0,
B-A-low-3,0.35497,1789992624.9023,const,11.7275,3.6226,0.374,0.2,0.2,-1,-0.69,-0.3344,11.726,1981,-7.04,27.8,13.9,35,2092,7.55,-31.700000000000003,14.6,36,-0.384,-0.307,0,
B-A-low-3,0.35697,1789992624.9043,const,11.7275,3.6226,0.374,0.2,0.2,-1,-0.729,-0.3347,11.726,1980,-7.04,28.6,13.9,35,2093,7.55,-31.700000000000003,14.6,36,-0.422,-0.307,0,
B-A-low-3,0.35897,1789992624.9063,const,11.7275,3.6226,0.374,0.2,0.2,-1,-0.767,-0.3349,11.726,1979,-7.04,28.6,13.9,35,2094,8.05,-30.8,14.6,36,-0.46,-0.307,0,
B-A-low-3,0.36097,1789992624.9083,const,11.7275,3.6226,0.374,0.2,0.2,-1,-0.805,-0.3348,11.726,1978,-7.04,28.6,13.9,35,2095,8.05,-30.8,14.6,36,-0.499,-0.307,0,
B-A-low-3,0.36296,1789992624.9103,const,11.7275,3.6226,0.374,0.2,0.2,-1,-0.844,-0.3374,11.726,1977,-7.04,28.6,13.9,35,2096,7.55,-32.5,14.6,36,-0.537,-0.307,0,
B-A-low-3,0.36497,1789992624.9123,const,11.7275,3.6226,0.374,0.2,0.2,-1,-0.882,-0.3322,11.726,1976,-7.55,27.700000000000003,13.9,35,2097,8.05,-31.6,14.6,36,-0.575,-0.307,0,
B-A-low-3,0.36697,1789992624.9143,const,11.7275,3.6226,0.374,0.2,0.2,-1,-0.92,-0.3344,11.726,1975,-7.55,27.700000000000003,13.9,35,2097,7.55,-33.300000000000004,14.6,36,-0.575,-0.345,0,
B-A-low-3,0.36897,1789992624.9163,const,11.7275,3.6226,0.374,0.2,0.2,-1,-0.997,-0.6699,11.725,1973,-8.05,26.0,13.9,35,2099,8.05,-31.6,14.6,36,-0.652,-0.345,0,
B-A-low-3,0.37096,1789992624.9183,const,11.7275,3.6226,0.374,0.2,0.2,-1,-1.036,-0.3372,11.725,1972,-7.55,26.900000000000002,13.9,35,2100,7.55,-32.5,14.6,36,-0.69,-0.345,0,
B-A-low-3,0.37297,1789992624.9203,const,11.7275,3.6226,0.374,0.2,0.2,-1,-1.074,-0.3321,11.725,1971,-8.05,26.0,13.9,35,2101,7.55,-32.5,14.6,36,-0.729,-0.345,0,
B-A-low-3,0.37497,1789992624.9223,const,11.7275,3.6226,0.374,0.2,0.2,-1,-1.112,-0.3349,11.725,1970,-8.05,26.0,13.9,35,2102,7.55,-32.5,14.6,36,-0.767,-0.345,0,
B-A-low-3,0.37697,1789992624.9243,const,11.7275,3.6226,0.374,0.2,0.2,-1,-1.112,0.0,11.725,1970,-7.55,27.700000000000003,13.9,35,2103,7.55,-32.5,14.6,36,-0.805,-0.307,0,
B-A-low-3,0.37897,1789992624.9263,const,11.7275,3.6226,0.374,0.2,0.2,-1,-1.189,-0.6694,11.725,1968,-8.05,26.0,13.9,35,2104,8.05,-31.6,14.6,36,-0.844,-0.345,0,
B-A-low-3,0.38097,1789992624.9283,const,11.7275,3.6226,0.374,0.2,0.2,-1,-1.227,-0.3348,11.725,1967,-7.55,27.700000000000003,13.9,35,2105,7.55,-32.5,14.6,36,-0.882,-0.345,0,
B-A-low-3,0.38297,1789992624.9303,const,11.7275,3.6226,0.374,0.2,0.2,-1,-1.266,-0.3348,11.724,1966,-8.05,26.8,13.9,35,2106,7.55,-32.5,14.6,36,-0.92,-0.345,0,
B-A-low-3,0.38495,1789992624.9323,const,11.7275,3.6226,0.374,0.2,0.2,-1,-1.304,-0.3373,11.724,1965,-7.55,27.700000000000003,13.9,35,2108,8.05,-31.6,14.6,36,-0.997,-0.307,0,
B-A-low-3,0.38697,1789992624.9343,const,11.7275,3.6226,0.374,0.2,0.2,-1,-1.342,-0.3322,11.724,1964,-8.05,26.8,13.9,35,2109,8.05,-31.6,14.6,36,-1.036,-0.307,0,
B-A-low-3,0.38897,1789992624.9363,const,11.7275,3.6226,0.374,0.2,0.2,-1,-1.419,-0.6692,11.724,1962,-8.05,26.8,13.9,35,2110,8.05,-31.6,14.6,36,-1.074,-0.345,0,
B-A-low-3,0.39097,1789992624.9383,const,11.7275,3.6226,0.374,0.2,0.2,-1,-1.457,-0.3343,11.723,1961,-8.05,26.8,13.9,35,2111,8.05,-31.6,14.6,36,-1.112,-0.345,0,
B-A-low-3,0.39297,1789992624.9403,const,11.7275,3.6226,0.374,0.2,0.2,-1,-1.534,-0.6702,11.723,1959,-8.55,25.200000000000003,13.9,35,2111,7.55,-33.300000000000004,14.6,36,-1.112,-0.422,0,
B-A-low-3,0.39497,1789992624.9423,const,11.7275,3.6226,0.374,0.2,0.2,-1,-1.534,0.0,11.723,1959,-8.05,26.8,13.9,35,2113,8.05,-31.6,14.6,36,-1.189,-0.345,0,
B-A-low-3,0.39697,1789992624.9443,const,11.7275,3.6226,0.374,0.2,0.2,-1,-1.572,-0.3344,11.723,1958,-8.05,26.8,13.9,35,2114,8.05,-31.6,14.6,36,-1.227,-0.345,0,
B-A-low-3,0.39895,1789992624.9463,const,11.7275,3.6226,0.374,0.2,0.2,-1,-1.649,-0.6755,11.722,1956,-8.55,25.200000000000003,13.9,35,2114,7.04,-34.2,14.6,36,-1.227,-0.422,0,
B-A-low-3,0.40097,1789992624.9483,decel,11.7275,3.6226,0.374,0.2,0.2,-1,-1.688,-0.3325,11.722,1955,-8.55,25.200000000000003,13.9,35,2116,8.05,-31.6,14.6,36,-1.304,-0.384,0,
B-A-low-3,0.40297,1789992624.9503,decel,11.7275,3.6226,0.374,0.2,0.2,-1,-1.726,-0.3346,11.722,1954,-8.55,25.200000000000003,13.9,35,2117,7.55,-33.300000000000004,14.6,36,-1.342,-0.384,0,
B-A-low-3,0.40497,1789992624.9523,decel,11.7275,3.6226,0.374,0.2,0.2,-1,-1.764,-0.3336,11.722,1953,-8.55,25.200000000000003,13.9,35,2118,7.55,-33.300000000000004,14.6,36,-1.381,-0.384,0,
B-A-low-3,0.40695,1789992624.9543,decel,11.7275,3.6226,0.374,0.2,0.2,-1,-1.803,-0.3384,11.721,1952,-8.05,26.8,13.9,35,2118,7.04,-35.0,14.6,36,-1.381,-0.422,0,
B-A-low-3,0.40897,1789992624.9563,decel,11.7275,3.6226,0.374,0.2,0.2,-1,-1.841,-0.3323,11.721,1951,-8.05,26.0,15.4,35,2120,7.55,-33.300000000000004,14.9,36,-1.457,-0.384,0,
B-A-low-3,0.41097,1789992624.9583,decel,11.7275,3.6226,0.374,0.2,0.2,-1,-1.879,-0.3346,11.721,1950,-8.05,26.0,15.4,35,2121,7.55,-33.300000000000004,14.9,36,-1.496,-0.384,0,
B-A-low-3,0.41297,1789992624.9603,decel,11.7275,3.6226,0.374,0.2,0.2,-1,-1.918,-0.3347,11.721,1949,-8.05,26.0,15.4,35,2122,7.04,-34.2,14.9,36,-1.534,-0.384,0,
B-A-low-3,0.41497,1789992624.9623,decel,11.7275,3.6226,0.374,0.2,0.2,-1,-1.956,-0.3345,11.72,1948,-8.05,26.0,15.4,35,2123,7.04,-34.2,14.9,36,-1.572,-0.384,0,
B-A-low-3,0.41697,1789992624.9643,decel,11.7275,3.6226,0.374,0.2,0.2,-1,-1.994,-0.3349,11.72,1947,-8.05,26.0,15.4,35,2124,7.55,-33.300000000000004,14.9,36,-1.611,-0.384,0,
B-A-low-3,0.41897,1789992624.9663,decel,11.7275,3.6226,0.374,0.2,0.2,-1,-2.033,-0.3347,11.72,1946,-8.05,26.0,15.4,35,2125,7.55,-33.300000000000004,14.9,36,-1.649,-0.384,0,
B-A-low-3,0.42096,1789992624.9683,decel,11.7275,3.6226,0.374,0.2,0.2,-1,-2.071,-0.3366,11.72,1945,-7.55,26.900000000000002,15.4,35,2126,8.05,-31.6,14.9,36,-1.688,-0.384,0,
B-A-low-3,0.42297,1789992624.9703,decel,11.7275,3.6226,0.374,0.2,0.2,-1,-2.109,-0.3325,11.719,1944,-7.55,26.1,15.4,35,2127,8.05,-31.6,14.9,36,-1.726,-0.384,0,
B-A-low-3,0.42497,1789992624.9723,decel,11.7275,3.6226,0.374,0.2,0.2,-1,-2.148,-0.3349,11.719,1943,-8.05,25.200000000000003,15.4,35,2129,8.05,-30.8,14.9,36,-1.803,-0.345,0,
B-A-low-3,0.42695,1789992624.9743,decel,11.7275,3.6226,0.374,0.2,0.2,-1,-2.186,-0.3373,11.719,1942,-7.55,26.1,15.4,35,2130,8.05,-30.8,14.9,36,-1.841,-0.345,0,
B-A-low-3,0.42897,1789992624.9763,decel,11.7275,3.6226,0.374,0.2,0.2,-1,-2.263,-0.664,11.718,1940,-8.05,23.6,15.4,35,2131,8.05,-30.8,14.9,36,-1.879,-0.384,0,
B-A-low-3,0.43097,1789992624.9783,decel,11.7275,3.6226,0.374,0.2,0.2,-1,-2.301,-0.3348,11.718,1939,-7.55,24.5,15.4,35,2132,8.05,-30.0,14.9,36,-1.918,-0.384,0,
B-A-low-3,0.43297,1789992624.9803,decel,11.7275,3.6226,0.374,0.2,0.2,-1,-2.339,-0.3346,11.717,1938,-8.05,23.6,15.4,35,2133,8.05,-30.0,14.9,36,-1.956,-0.384,0,
B-A-low-3,0.43495,1789992624.9823,decel,11.7275,3.6226,0.374,0.2,0.2,-1,-2.378,-0.3379,11.717,1937,-8.05,22.8,15.4,35,2134,8.05,-30.0,14.9,36,-1.994,-0.384,0,
B-A-low-3,0.43697,1789992624.9843,decel,11.7275,3.6226,0.374,0.2,0.2,-1,-2.416,-0.3319,11.717,1936,-8.05,22.8,15.4,35,2135,8.05,-30.0,14.9,36,-2.033,-0.384,0,
B-A-low-3,0.43897,1789992624.9863,decel,11.7275,3.6226,0.374,0.2,0.2,-1,-2.455,-0.3346,11.717,1935,-7.55,22.900000000000002,15.4,35,2136,8.05,-29.200000000000003,14.9,36,-2.071,-0.384,0,
B-A-low-3,0.44095,1789992624.9883,decel,11.7275,3.6226,0.374,0.2,0.2,-1,-2.493,-0.3371,11.716,1934,-8.05,22.0,15.4,35,2137,8.05,-29.200000000000003,14.9,36,-2.109,-0.384,0,
B-A-low-3,0.44297,1789992624.9903,decel,11.7275,3.6226,0.374,0.2,0.2,-1,-2.57,-0.6643,11.715,1932,-8.05,20.400000000000002,15.4,35,2138,8.05,-28.400000000000002,14.9,36,-2.148,-0.422,0,
B-A-low-3,0.44497,1789992624.9923,decel,11.7275,3.6226,0.374,0.2,0.2,-1,-2.57,0.0,11.715,1932,-7.55,22.1,15.4,35,2139,8.05,-28.400000000000002,14.9,36,-2.186,-0.384,0,
B-A-low-3,0.44697,1789992624.9943,decel,11.7275,3.6226,0.374,0.2,0.2,-1,-2.608,-0.3345,11.715,1931,-8.05,20.400000000000002,15.4,35,2141,8.05,-26.8,14.9,36,-2.263,-0.345,0,
B-A-low-3,0.44895,1789992624.9963,decel,11.7275,3.6226,0.374,0.2,0.2,-1,-2.646,-0.3381,11.715,1930,-7.55,20.5,15.4,35,2141,7.55,-28.5,14.9,36,-2.263,-0.384,0,
B-A-low-3,0.45097,1789992624.9983,decel,11.7275,3.6226,0.374,0.2,0.2,-1,-2.685,-0.3318,11.714,1929,-7.55,20.5,15.4,35,2142,7.55,-27.700000000000003,14.9,36,-2.301,-0.384,0,
B-A-low-3,0.45297,1789992625.0003,decel,11.7275,3.6226,0.374,0.2,0.2,-1,-2.723,-0.3347,11.714,1928,-7.55,19.700000000000003,15.4,35,2144,7.55,-26.1,14.9,36,-2.378,-0.345,0,
B-A-low-3,0.45497,1789992625.0023,decel,11.7275,3.6226,0.374,0.2,0.2,-1,-2.761,-0.3346,11.714,1927,-7.55,18.900000000000002,15.4,35,2145,8.05,-25.200000000000003,14.9,36,-2.416,-0.345,0,
B-A-low-3,0.45697,1789992625.0043,decel,11.7275,3.6226,0.374,0.2,0.2,-1,-2.8,-0.3351,11.713,1926,-7.55,18.1,15.4,35,2146,8.05,-24.400000000000002,14.9,36,-2.455,-0.345,0,
B-A-low-3,0.45897,1789992625.0063,decel,11.7275,3.6226,0.374,0.2,0.2,-1,-2.838,-0.3348,11.713,1925,-7.55,17.3,15.4,35,2146,7.55,-25.3,14.9,36,-2.455,-0.384,0,
B-A-low-3,0.46097,1789992625.0083,decel,11.7275,3.6226,0.374,0.2,0.2,-1,-2.838,0.0,11.713,1925,-7.04,18.2,15.4,35,2147,7.55,-24.5,14.9,36,-2.493,-0.345,0,
B-A-low-3,0.46295,1789992625.0103,decel,11.7275,3.6226,0.374,0.2,0.2,-1,-2.876,-0.3375,11.712,1924,-6.54,18.3,15.4,35,2149,7.55,-22.900000000000002,14.9,36,-2.57,-0.307,0,
B-A-low-3,0.46497,1789992625.0123,decel,11.7275,3.6226,0.374,0.2,0.2,-1,-2.953,-0.6633,11.712,1922,-7.55,14.9,15.4,35,2149,7.04,-23.8,14.9,36,-2.57,-0.384,0,
B-A-low-3,0.46697,1789992625.0143,decel,11.7275,3.6226,0.374,0.2,0.2,-1,-2.953,0.0,11.712,1922,-7.04,15.8,15.4,35,2150,7.04,-23.0,14.9,35,-2.608,-0.345,0,
B-A-low-3,0.46897,1789992625.0163,decel,11.7275,3.6226,0.374,0.2,0.2,-1,-2.991,-0.335,11.711,1921,-7.04,15.0,15.4,35,2151,7.55,-21.3,14.9,35,-2.646,-0.345,0,
B-A-low-3,0.47096,1789992625.0183,decel,11.7275,3.6226,0.374,0.2,0.2,-1,-3.03,-0.335,11.711,1920,-6.54,15.100000000000001,15.4,35,2152,7.04,-21.400000000000002,14.9,35,-2.685,-0.345,0,
B-A-low-3,0.47296,1789992625.0203,decel,11.7275,3.6226,0.374,0.2,0.2,-1,-3.068,-0.3348,11.71,1919,-7.04,13.4,15.4,35,2152,7.04,-21.400000000000002,14.9,35,-2.685,-0.384,0,
B-A-low-3,0.47496,1789992625.0223,decel,11.7275,3.6226,0.374,0.2,0.2,-1,-3.107,-0.3346,11.71,1918,-6.54,13.5,15.4,35,2153,7.04,-20.6,14.9,35,-2.723,-0.384,0,
B-A-low-3,0.47695,1789992625.0243,decel,11.7275,3.6226,0.374,0.2,0.2,-1,-3.107,0.0,11.71,1918,-6.54,13.5,15.4,35,2154,6.54,-20.700000000000003,14.9,35,-2.761,-0.345,0,
B-A-low-3,0.47896,1789992625.0263,decel,11.7275,3.6226,0.374,0.2,0.2,-1,-3.107,0.0,11.71,1918,-6.04,14.3,15.4,35,2154,6.04,-21.5,14.9,35,-2.761,-0.345,0,
B-A-low-3,0.48096,1789992625.0283,decel,11.7275,3.6226,0.374,0.2,0.2,-1,-3.145,-0.3347,11.71,1917,-5.54,14.4,15.4,35,2155,6.04,-20.700000000000003,14.9,35,-2.8,-0.345,0,
B-A-low-3,0.48296,1789992625.0303,decel,11.7275,3.6226,0.374,0.2,0.2,-1,-3.183,-0.3346,11.709,1916,-6.04,12.700000000000001,15.4,35,2155,5.54,-21.6,14.9,35,-2.8,-0.384,0,
B-A-low-3,0.48495,1789992625.0323,decel,11.7275,3.6226,0.374,0.2,0.2,-1,-3.183,0.0,11.709,1916,-5.03,14.5,15.4,35,2156,5.54,-20.8,14.9,35,-2.838,-0.345,0,
B-A-low-3,0.48697,1789992625.0343,decel,11.7275,3.6226,0.374,0.2,0.2,-1,-3.222,-0.3315,11.709,1915,-5.54,12.8,15.4,35,2157,5.54,-20.0,14.9,35,-2.876,-0.345,0,
B-A-low-3,0.48897,1789992625.0363,decel,11.7275,3.6226,0.374,0.2,0.2,-1,-3.222,0.0,11.709,1915,-5.03,13.700000000000001,15.4,35,2157,5.03,-20.900000000000002,14.9,35,-2.876,-0.345,0,
B-A-low-3,0.49097,1789992625.0383,decel,11.7275,3.6226,0.374,0.2,0.2,-1,-3.26,-0.3347,11.708,1914,-5.03,12.9,15.4,35,2157,4.53,-21.8,14.9,35,-2.876,-0.384,0,
B-A-low-3,0.49296,1789992625.0403,decel,11.7275,3.6226,0.374,0.2,0.2,-1,-3.26,0.0,11.708,1914,-4.53,13.8,15.4,35,2158,4.53,-21.0,14.9,35,-2.915,-0.345,0,
B-A-low-3,0.49496,1789992625.0423,decel,11.7275,3.6226,0.374,0.2,0.2,-1,-3.26,0.0,11.708,1914,-4.03,14.600000000000001,15.4,35,2158,4.03,-21.8,14.9,35,-2.915,-0.345,0,
B-A-low-3,0.49696,1789992625.0443,decel,11.7275,3.6226,0.374,0.2,0.2,-1,-3.298,-0.3349,11.708,1913,-4.03,13.8,15.4,35,2158,3.52,-22.700000000000003,14.9,35,-2.915,-0.384,0,
B-A-low-3,0.49895,1789992625.0463,decel,11.7275,3.6226,0.374,0.2,0.2,-1,-3.298,0.0,11.708,1913,-3.52,14.700000000000001,15.4,35,2159,3.52,-21.900000000000002,14.9,35,-2.953,-0.345,0,
B-A-low-3,0.50096,1789992625.0483,decel,11.7275,3.6226,0.374,0.2,0.2,-1,-3.298,0.0,11.708,1913,-3.52,14.700000000000001,15.4,35,2159,3.52,-21.900000000000002,14.9,35,-2.953,-0.345,0,
B-A-low-3,0.50296,1789992625.0503,decel,11.7275,3.6226,0.374,0.2,0.2,-1,-3.337,-0.3346,11.707,1912,-3.52,13.9,15.4,35,2159,3.02,-22.8,14.9,35,-2.953,-0.384,0,
B-A-low-3,0.50496,1789992625.0523,decel,11.7275,3.6226,0.374,0.2,0.2,-1,-3.337,0.0,11.707,1912,-3.02,14.8,15.4,35,2159,3.02,-22.8,14.9,35,-2.953,-0.384,0,
B-A-low-3,0.50696,1789992625.0543,decel,11.7275,3.6226,0.374,0.2,0.2,-1,-3.337,0.0,11.707,1912,-3.02,14.8,15.4,35,2159,2.52,-23.700000000000003,14.9,35,-2.953,-0.384,0,
B-A-low-3,0.50897,1789992625.0563,decel,11.7275,3.6226,0.374,0.2,0.2,-1,-3.337,0.0,11.707,1912,-2.52,15.700000000000001,15.4,35,2160,2.52,-22.900000000000002,14.9,35,-2.991,-0.345,0,
B-A-low-3,0.51096,1789992625.0583,decel,11.7275,3.6226,0.374,0.2,0.2,-1,-3.375,-0.3352,11.707,1911,-3.02,14.0,15.4,35,2160,2.52,-22.900000000000002,14.9,35,-2.991,-0.384,0,
B-A-low-3,0.51295,1789992625.0603,decel,11.7275,3.6226,0.374,0.2,0.2,-1,-3.375,0.0,11.707,1911,-2.52,14.9,15.4,35,2160,2.01,-23.700000000000003,14.9,35,-2.991,-0.384,0,
B-A-low-3,0.51496,1789992625.0623,decel,11.7275,3.6226,0.374,0.2,0.2,-1,-3.375,0.0,11.707,1911,-2.52,14.9,15.4,35,2160,2.01,-23.700000000000003,14.9,35,-2.991,-0.384,0,
B-A-low-3,0.51699,1789992625.0643,decel,11.7275,3.6226,0.374,0.2,0.2,-1,-3.375,0.0,11.707,1911,-2.01,15.700000000000001,15.4,35,2160,1.51,-24.6,14.9,35,-2.991,-0.384,0,
B-A-low-3,0.51896,1789992625.0663,decel,11.7275,3.6226,0.374,0.2,0.2,-1,-3.375,0.0,11.707,1911,-2.01,15.700000000000001,15.4,35,2161,2.01,-22.900000000000002,14.9,35,-3.03,-0.345,0,
B-A-low-3,0.52095,1789992625.0683,decel,11.7275,3.6226,0.374,0.2,0.2,-1,-3.375,0.0,11.707,1911,-1.51,16.6,15.4,35,2161,2.01,-22.900000000000002,14.9,35,-3.03,-0.345,0,
B-A-low-3,0.52296,1789992625.0703,decel,11.7275,3.6226,0.374,0.2,0.2,-1,-3.375,0.0,11.707,1911,-1.01,17.5,15.4,35,2161,1.51,-23.8,14.9,35,-3.03,-0.345,0,
B-A-low-3,0.52496,1789992625.0723,decel,11.7275,3.6226,0.374,0.2,0.2,-1,-3.375,0.0,11.707,1911,-1.51,16.6,14.4,35,2161,1.51,-23.8,13.6,35,-3.03,-0.345,0,
B-A-low-3,0.52696,1789992625.0743,decel,11.7275,3.6226,0.374,0.2,0.2,-1,-3.375,0.0,11.707,1911,-1.51,16.6,14.4,35,2161,1.01,-24.700000000000003,13.6,35,-3.03,-0.345,0,
B-A-low-3,0.52905,1789992625.0764,decel,11.7275,3.6226,0.374,0.2,0.2,-1,-3.375,0.0,11.707,1911,-1.01,17.5,14.4,35,2161,1.01,-24.700000000000003,13.6,35,-3.03,-0.345,0,
B-A-low-3,0.53104,1789992625.0783,decel,11.7275,3.6226,0.374,0.2,0.2,-1,-3.375,0.0,11.707,1911,0.0,19.200000000000003,14.4,35,2161,1.01,-24.700000000000003,13.6,35,-3.03,-0.345,0,
B-A-low-3,0.53303,1789992625.0803,decel,11.7275,3.6226,0.374,0.2,0.2,-1,-3.375,0.0,11.707,1911,-1.01,17.5,14.4,35,2161,1.01,-24.700000000000003,13.6,35,-3.03,-0.345,0,
B-A-low-3,0.53504,1789992625.0824,decel,11.7275,3.6226,0.374,0.2,0.2,-1,-3.375,0.0,11.707,1911,0.0,19.200000000000003,14.4,35,2162,1.01,-23.900000000000002,13.6,35,-3.068,-0.307,0,
B-A-low-3,0.53702,1789992625.0843,decel,11.7275,3.6226,0.374,0.2,0.2,-1,-3.375,0.0,11.707,1911,0.0,19.200000000000003,14.4,35,2161,1.01,-24.700000000000003,13.6,35,-3.03,-0.345,0,
B-A-low-3,0.53901,1789992625.0863,decel,11.7275,3.6226,0.374,0.2,0.2,-1,-3.375,0.0,11.707,1911,0.0,19.200000000000003,14.4,35,2161,0.0,-26.400000000000002,13.6,35,-3.03,-0.345,0,
B-A-low-3,0.54101,1789992625.0883,decel,11.7275,3.6226,0.374,0.2,0.2,-1,-3.375,0.0,11.707,1911,0.0,19.200000000000003,14.4,35,2161,1.01,-24.700000000000003,13.6,35,-3.03,-0.345,0,
B-A-low-3,0.54304,1789992625.0904,decel,11.7275,3.6226,0.374,0.2,0.2,-1,-3.375,0.0,11.707,1911,0.0,19.200000000000003,14.4,35,2161,0.0,-26.400000000000002,13.6,35,-3.03,-0.345,0,
B-A-low-3,0.54501,1789992625.0923,decel,11.7275,3.6226,0.374,0.2,0.2,-1,-3.375,0.0,11.707,1911,0.0,19.200000000000003,14.4,35,2161,0.0,-26.400000000000002,13.6,35,-3.03,-0.345,0,
B-A-low-3,0.54701,1789992625.0943,decel,11.7275,3.6226,0.374,0.2,0.2,-1,-3.375,0.0,11.707,1911,0.0,19.200000000000003,14.4,35,2161,0.0,-26.400000000000002,13.6,35,-3.03,-0.345,0,
B-A-low-3,0.549,1789992625.0963,decel,11.7275,3.6226,0.374,0.2,0.2,-1,-3.375,0.0,11.707,1911,0.0,19.200000000000003,14.4,35,2161,0.0,-26.400000000000002,13.6,35,-3.03,-0.345,0,
B-A-low-3,0.55102,1789992625.0983,decel,11.7275,3.6226,0.374,0.2,0.2,-1,-3.375,0.0,11.707,1911,0.0,19.200000000000003,14.4,35,2161,0.0,-26.400000000000002,13.6,35,-3.03,-0.345,0,
B-A-low-3,0.55301,1789992625.1003,decel,11.7275,3.6226,0.374,0.2,0.2,-1,-3.375,0.0,11.707,1911,0.0,19.200000000000003,14.4,35,2161,0.0,-26.400000000000002,13.6,35,-3.03,-0.345,0,
B-A-low-3,0.55499,1789992625.1023,decel,11.7275,3.6226,0.374,0.2,0.2,-1,-3.375,0.0,11.707,1911,0.0,19.200000000000003,14.4,35,2161,0.0,-26.400000000000002,13.6,35,-3.03,-0.345,0,
B-A-low-3,0.55698,1789992625.1043,decel,11.7275,3.6226,0.374,0.2,0.2,-1,-3.375,0.0,11.707,1911,0.0,19.200000000000003,14.4,35,2161,0.0,-26.400000000000002,13.6,35,-3.03,-0.345,0,
B-A-low-3,0.55902,1789992625.1063,decel,11.7275,3.6226,0.374,0.2,0.2,-1,-3.375,0.0,11.707,1911,0.0,19.200000000000003,14.4,35,2161,0.0,-26.400000000000002,13.6,35,-3.03,-0.345,0,
B-A-low-3,0.56101,1789992625.1083,decel,11.7275,3.6226,0.374,0.2,0.2,-1,-3.375,0.0,11.707,1911,0.0,19.200000000000003,14.4,35,2161,0.0,-26.400000000000002,13.6,35,-3.03,-0.345,0,
B-A-low-3,0.56302,1789992625.1103,decel,11.7275,3.6226,0.374,0.2,0.2,-1,-3.375,0.0,11.707,1911,0.0,19.200000000000003,14.4,35,2161,0.0,-26.400000000000002,13.6,35,-3.03,-0.345,0,
B-A-low-3,0.565,1789992625.1123,decel,11.7275,3.6226,0.374,0.2,0.2,-1,-3.375,0.0,11.707,1911,0.0,19.200000000000003,14.4,35,2161,0.0,-26.400000000000002,13.6,35,-3.03,-0.345,0,
B-A-low-3,0.56701,1789992625.1143,decel,11.7275,3.6226,0.374,0.2,0.2,-1,-3.375,0.0,11.707,1911,0.0,19.200000000000003,14.4,35,2161,0.0,-26.400000000000002,13.6,35,-3.03,-0.345,0,
B-A-low-3,0.56901,1789992625.1163,decel,11.7275,3.6226,0.374,0.2,0.2,-1,-3.375,0.0,11.707,1911,0.0,19.200000000000003,14.4,35,2161,0.0,-26.400000000000002,13.6,35,-3.03,-0.345,0,
B-A-low-3,0.57099,1789992625.1183,decel,11.7275,3.6226,0.374,0.2,0.2,-1,-3.337,0.3371,11.707,1912,0.0,20.0,14.4,35,2161,0.0,-26.400000000000002,13.6,35,-3.03,-0.307,0,
B-A-low-3,0.57301,1789992625.1203,decel,11.7275,3.6226,0.374,0.2,0.2,-1,-3.375,-0.3326,11.707,1911,0.0,19.200000000000003,14.4,35,2161,0.0,-26.400000000000002,13.6,35,-3.03,-0.345,0,
B-A-low-3,0.575,1789992625.1223,decel,11.7275,3.6226,0.374,0.2,0.2,-1,-3.375,0.0,11.707,1911,0.0,19.200000000000003,14.4,35,2161,0.0,-26.400000000000002,13.6,35,-3.03,-0.345,0,
B-A-low-3,0.57701,1789992625.1243,decel,11.7275,3.6226,0.374,0.2,0.2,-1,-3.337,0.3336,11.707,1912,0.0,20.0,14.4,35,2161,0.0,-26.400000000000002,13.6,35,-3.03,-0.307,0,
B-A-low-3,0.57902,1789992625.1263,decel,11.7275,3.6226,0.374,0.2,0.2,-1,-3.375,-0.3337,11.707,1911,0.0,19.200000000000003,14.4,35,2161,0.0,-26.400000000000002,13.6,35,-3.03,-0.345,0,
B-A-low-3,0.581,1789992625.1283,decel,11.7275,3.6226,0.374,0.2,0.2,-1,-3.375,0.0,11.707,1911,0.0,19.200000000000003,14.4,35,2161,0.0,-26.400000000000002,13.6,35,-3.03,-0.345,0,
B-A-low-3,0.583,1789992625.1303,decel,11.7275,3.6226,0.374,0.2,0.2,-1,-3.337,0.3347,11.707,1912,0.0,20.0,14.4,35,2160,0.0,-27.200000000000003,13.6,35,-2.991,-0.345,0,
B-A-low-3,0.58503,1789992625.1323,decel,11.7275,3.6226,0.374,0.2,0.2,-1,-3.337,0.0,11.707,1912,0.0,20.0,14.4,35,2160,0.0,-27.200000000000003,13.6,36,-2.991,-0.345,0,
B-A-low-3,0.587,1789992625.1343,decel,11.7275,3.6226,0.374,0.2,0.2,-1,-3.337,0.0,11.707,1912,0.0,20.0,14.4,35,2161,0.0,-26.400000000000002,13.6,36,-3.03,-0.307,0,
B-A-low-3,0.589,1789992625.1363,decel,11.7275,3.6226,0.374,0.2,0.2,-1,-3.337,0.0,11.707,1912,0.0,20.0,14.4,35,2161,0.0,-26.400000000000002,13.6,36,-3.03,-0.307,0,
B-A-low-3,0.59102,1789992625.1383,decel,11.7275,3.6226,0.374,0.2,0.2,-1,-3.337,0.0,11.707,1912,0.0,19.200000000000003,14.4,35,2161,0.0,-26.400000000000002,13.6,36,-3.03,-0.307,0,
B-A-low-3,0.59301,1789992625.1403,decel,11.7275,3.6226,0.374,0.2,0.2,-1,-3.337,0.0,11.707,1912,0.0,19.200000000000003,14.4,35,2161,0.0,-26.400000000000002,13.6,36,-3.03,-0.307,0,
B-A-low-3,0.59513,1789992625.1424,decel,11.7275,3.6226,0.374,0.2,0.2,-1,-3.337,0.0,11.707,1912,0.0,20.0,14.4,35,2161,0.0,-26.400000000000002,13.6,36,-3.03,-0.307,0,
B-A-low-3,0.59708,1789992625.1444,decel,11.7275,3.6226,0.374,0.2,0.2,-1,-3.337,0.0,11.707,1912,0.0,20.0,14.4,35,2160,0.0,-27.200000000000003,13.6,36,-2.991,-0.345,0,
B-A-low-3,0.59901,1789992625.1463,decel,11.7275,3.6226,0.374,0.2,0.2,-1,-3.337,0.0,11.707,1912,0.0,20.0,14.4,35,2161,0.0,-26.400000000000002,13.6,36,-3.03,-0.307,0,
B-A-low-3,0.60111,1789992625.1484,decel,11.7275,3.6226,0.374,0.2,0.2,-1,-3.337,0.0,11.707,1912,0.0,20.0,14.4,35,2160,0.0,-27.200000000000003,13.6,36,-2.991,-0.345,0,
B-A-low-3,0.60301,1789992625.1503,decel,11.7275,3.6226,0.374,0.2,0.2,-1,-3.375,-0.3526,11.707,1911,0.0,19.200000000000003,14.4,35,2160,0.0,-27.200000000000003,13.6,36,-2.991,-0.384,0,
B-A-low-3,0.60503,1789992625.1523,decel,11.7275,3.6226,0.374,0.2,0.2,-1,-3.375,0.0,11.707,1911,0.0,19.200000000000003,14.4,35,2160,0.0,-27.200000000000003,13.6,36,-2.991,-0.384,0,
B-A-low-3,0.60706,1789992625.1544,decel,11.7275,3.6226,0.374,0.2,0.2,-1,-3.337,0.3286,11.707,1912,0.0,20.0,14.4,35,2161,0.0,-26.400000000000002,13.6,36,-3.03,-0.307,0,
B-A-low-3,0.60901,1789992625.1563,decel,11.7275,3.6226,0.374,0.2,0.2,-1,-3.337,0.0,11.707,1912,0.0,20.0,14.4,35,2161,0.0,-26.400000000000002,13.6,36,-3.03,-0.307,0,
B-A-low-3,0.611,1789992625.1583,decel,11.7275,3.6226,0.374,0.2,0.2,-1,-3.337,0.0,11.707,1912,0.0,20.0,14.4,35,2160,0.0,-27.200000000000003,13.6,36,-2.991,-0.345,0,
B-A-low-3,0.61302,1789992625.1603,decel,11.7275,3.6226,0.374,0.2,0.2,-1,-3.375,-0.3315,11.707,1911,0.0,19.200000000000003,14.4,35,2161,0.0,-26.400000000000002,13.6,36,-3.03,-0.345,0,
B-A-low-3,0.61502,1789992625.1623,decel,11.7275,3.6226,0.374,0.2,0.2,-1,-3.375,0.0,11.707,1911,0.0,19.200000000000003,14.4,35,2161,0.0,-26.400000000000002,13.6,36,-3.03,-0.345,0,
B-A-low-3,0.617,1789992625.1643,decel,11.7275,3.6226,0.374,0.2,0.2,-1,-3.337,0.3372,11.707,1912,0.0,20.0,14.4,35,2161,0.0,-26.400000000000002,13.6,36,-3.03,-0.307,0,
B-A-low-3,0.61901,1789992625.1663,decel,11.7275,3.6226,0.374,0.2,0.2,-1,-3.337,0.0,11.707,1912,0.0,20.0,14.4,35,2161,0.0,-26.400000000000002,13.6,36,-3.03,-0.307,0,
B-A-low-3,0.62103,1789992625.1683,decel,11.7275,3.6226,0.374,0.2,0.2,-1,-3.337,0.0,11.707,1912,0.0,20.0,14.4,35,2161,0.0,-26.400000000000002,13.6,36,-3.03,-0.307,0,
B-A-low-3,0.62301,1789992625.1703,decel,11.7275,3.6226,0.374,0.2,0.2,-1,-3.375,-0.339,11.707,1911,0.0,19.200000000000003,14.4,35,2161,0.0,-26.400000000000002,13.6,36,-3.03,-0.345,0,
B-A-low-3,0.62501,1789992625.1723,decel,11.7275,3.6226,0.374,0.2,0.2,-1,-3.375,0.0,11.707,1911,0.0,19.200000000000003,14.4,35,2160,0.0,-27.200000000000003,13.6,36,-2.991,-0.384,0,
B-A-low-3,0.62702,1789992625.1743,decel,11.7275,3.6226,0.374,0.2,0.2,-1,-3.337,0.3322,11.707,1912,0.0,20.0,14.4,35,2161,0.0,-26.400000000000002,13.6,36,-3.03,-0.307,0,
B-A-low-3,0.629,1789992625.1763,decel,11.7275,3.6226,0.374,0.2,0.2,-1,-3.375,-0.3376,11.707,1911,0.0,19.200000000000003,14.4,35,2161,0.0,-26.400000000000002,13.6,36,-3.03,-0.345,0,
B-A-low-3,0.63101,1789992625.1783,decel,11.7275,3.6226,0.374,0.2,0.2,-1,-3.337,0.3332,11.707,1912,0.0,20.0,14.4,35,2161,0.0,-26.400000000000002,13.6,36,-3.03,-0.307,0,
B-A-low-3,0.63301,1789992625.1803,decel,11.7275,3.6226,0.374,0.2,0.2,-1,-3.375,-0.3356,11.707,1911,0.0,19.200000000000003,14.4,35,2160,0.0,-27.200000000000003,13.6,36,-2.991,-0.384,0,
B-A-low-3,0.63501,1789992625.1823,decel,11.7275,3.6226,0.374,0.2,0.2,-1,-3.375,0.0,11.707,1911,0.0,19.200000000000003,14.4,35,2161,0.0,-26.400000000000002,13.6,36,-3.03,-0.345,0,
B-A-low-3,0.637,1789992625.1843,decel,11.7275,3.6226,0.374,0.2,0.2,-1,-3.375,0.0,11.707,1911,0.0,19.200000000000003,14.4,35,2161,0.0,-26.400000000000002,13.6,36,-3.03,-0.345,0,
B-A-low-3,0.639,1789992625.1863,decel,11.7275,3.6226,0.374,0.2,0.2,-1,-3.375,0.0,11.707,1911,0.0,19.200000000000003,14.4,35,2161,0.0,-26.400000000000002,13.6,36,-3.03,-0.345,0,
B-A-low-3,0.64101,1789992625.1883,decel,11.7275,3.6226,0.374,0.2,0.2,-1,-3.375,0.0,11.707,1911,0.0,19.200000000000003,14.4,35,2161,0.0,-26.400000000000002,13.6,36,-3.03,-0.345,0,
B-A-low-3,0.643,1789992625.1903,decel,11.7275,3.6226,0.374,0.2,0.2,-1,-3.375,0.0,11.707,1911,0.0,19.200000000000003,14.4,35,2161,0.0,-26.400000000000002,14.3,36,-3.03,-0.345,0,
B-A-low-3,0.64502,1789992625.1923,decel,11.7275,3.6226,0.374,0.2,0.2,-1,-3.375,0.0,11.707,1911,0.0,19.200000000000003,14.4,35,2161,0.0,-26.400000000000002,14.3,36,-3.03,-0.345,0,
B-A-low-3,0.647,1789992625.1943,decel,11.7275,3.6226,0.374,0.2,0.2,-1,-3.375,0.0,11.707,1911,0.0,19.200000000000003,14.4,35,2161,0.0,-26.400000000000002,14.3,36,-3.03,-0.345,0,
B-A-low-3,0.649,1789992625.1963,decel,11.7275,3.6226,0.374,0.2,0.2,-1,-3.375,0.0,11.707,1911,0.0,19.200000000000003,14.4,35,2161,0.0,-26.400000000000002,14.3,36,-3.03,-0.345,0,
B-A-low-3,0.65099,1789992625.1983,decel,11.7275,3.6226,0.374,0.2,0.2,-1,-3.375,0.0,11.707,1911,0.0,19.200000000000003,14.4,35,2161,0.0,-26.400000000000002,14.3,36,-3.03,-0.345,0,
B-A-low-3,0.653,1789992625.2003,decel,11.7275,3.6226,0.374,0.2,0.2,-1,-3.375,0.0,11.707,1911,0.0,19.200000000000003,14.4,35,2161,0.0,-26.400000000000002,14.3,36,-3.03,-0.345,0,
B-A-low-3,0.65501,1789992625.2023,decel,11.7275,3.6226,0.374,0.2,0.2,-1,-3.375,0.0,11.707,1911,0.0,19.200000000000003,14.4,35,2161,0.0,-26.400000000000002,14.3,36,-3.03,-0.345,0,
B-A-low-3,0.657,1789992625.2043,decel,11.7275,3.6226,0.374,0.2,0.2,-1,-3.375,0.0,11.707,1911,0.0,19.200000000000003,14.4,35,2161,0.0,-26.400000000000002,14.3,36,-3.03,-0.345,0,
B-A-low-3,0.659,1789992625.2063,decel,11.7275,3.6226,0.374,0.2,0.2,-1,-3.375,0.0,11.707,1911,0.0,19.200000000000003,14.4,35,2161,0.0,-26.400000000000002,14.3,36,-3.03,-0.345,0,
B-A-low-3,0.66101,1789992625.2083,decel,11.7275,3.6226,0.374,0.2,0.2,-1,-3.375,0.0,11.707,1911,0.0,19.200000000000003,14.4,35,2161,0.0,-26.400000000000002,14.3,36,-3.03,-0.345,0,
B-A-low-3,0.66302,1789992625.2103,decel,11.7275,3.6226,0.374,0.2,0.2,-1,-3.375,0.0,11.707,1911,0.0,19.200000000000003,14.4,35,2161,0.0,-26.400000000000002,14.3,36,-3.03,-0.345,0,
B-A-low-3,0.66499,1789992625.2123,decel,11.7275,3.6226,0.374,0.2,0.2,-1,-3.375,0.0,11.707,1911,0.0,19.200000000000003,14.4,35,2161,0.0,-26.400000000000002,14.3,36,-3.03,-0.345,0,
B-A-low-3,0.667,1789992625.2143,decel,11.7275,3.6226,0.374,0.2,0.2,-1,-3.375,0.0,11.707,1911,0.0,19.200000000000003,14.4,35,2161,0.0,-26.400000000000002,14.3,36,-3.03,-0.345,0,
B-A-low-3,0.669,1789992625.2163,decel,11.7275,3.6226,0.374,0.2,0.2,-1,-3.375,0.0,11.707,1911,0.0,19.200000000000003,14.4,35,2161,0.0,-26.400000000000002,14.3,36,-3.03,-0.345,0,
B-A-low-3,0.67101,1789992625.2183,decel,11.7275,3.6226,0.374,0.2,0.2,-1,-3.375,0.0,11.707,1911,0.0,19.200000000000003,14.4,35,2161,0.0,-26.400000000000002,14.3,36,-3.03,-0.345,0,
B-A-low-3,0.67301,1789992625.2203,decel,11.7275,3.6226,0.374,0.2,0.2,-1,-3.375,0.0,11.707,1911,0.0,19.200000000000003,14.4,35,2161,0.0,-26.400000000000002,14.3,36,-3.03,-0.345,0,
B-A-low-3,0.67501,1789992625.2223,decel,11.7275,3.6226,0.374,0.2,0.2,-1,-3.375,0.0,11.707,1911,0.0,19.200000000000003,14.4,35,2161,0.0,-26.400000000000002,14.3,36,-3.03,-0.345,0,
B-A-low-3,0.67699,1789992625.2243,decel,11.7275,3.6226,0.374,0.2,0.2,-1,-3.375,0.0,11.707,1911,0.0,19.200000000000003,14.4,35,2161,0.0,-26.400000000000002,14.3,36,-3.03,-0.345,0,
B-A-low-3,0.679,1789992625.2263,decel,11.7275,3.6226,0.374,0.2,0.2,-1,-3.375,0.0,11.707,1911,0.0,19.200000000000003,14.4,35,2161,0.0,-26.400000000000002,14.3,36,-3.03,-0.345,0,
B-A-low-3,0.681,1789992625.2283,decel,11.7275,3.6226,0.374,0.2,0.2,-1,-3.375,0.0,11.707,1911,0.0,19.200000000000003,14.4,35,2161,0.0,-26.400000000000002,14.3,36,-3.03,-0.345,0,
B-A-low-3,0.683,1789992625.2303,decel,11.7275,3.6226,0.374,0.2,0.2,-1,-3.375,0.0,11.707,1911,0.0,19.200000000000003,14.4,35,2161,0.0,-26.400000000000002,14.3,36,-3.03,-0.345,0,
B-A-low-3,0.68501,1789992625.2323,decel,11.7275,3.6226,0.374,0.2,0.2,-1,-3.375,0.0,11.707,1911,0.0,19.200000000000003,14.4,35,2161,0.0,-26.400000000000002,14.3,36,-3.03,-0.345,0,
B-A-low-3,0.68701,1789992625.2343,decel,11.7275,3.6226,0.374,0.2,0.2,-1,-3.375,0.0,11.707,1911,0.0,19.200000000000003,14.4,35,2161,0.0,-26.400000000000002,14.3,36,-3.03,-0.345,0,
B-A-low-3,0.689,1789992625.2363,decel,11.7275,3.6226,0.374,0.2,0.2,-1,-3.375,0.0,11.707,1911,0.0,19.200000000000003,14.4,35,2161,0.0,-26.400000000000002,14.3,36,-3.03,-0.345,0,
B-A-low-3,0.691,1789992625.2383,decel,11.7275,3.6226,0.374,0.2,0.2,-1,-3.375,0.0,11.707,1911,0.0,19.200000000000003,14.4,35,2161,0.0,-26.400000000000002,14.3,36,-3.03,-0.345,0,
B-A-low-3,0.69299,1789992625.2403,decel,11.7275,3.6226,0.374,0.2,0.2,-1,-3.375,0.0,11.707,1911,0.0,19.200000000000003,14.4,35,2161,0.0,-26.400000000000002,14.3,36,-3.03,-0.345,0,
B-A-low-3,0.695,1789992625.2423,decel,11.7275,3.6226,0.374,0.2,0.2,-1,-3.375,0.0,11.707,1911,0.0,19.200000000000003,14.4,35,2161,0.0,-26.400000000000002,14.3,36,-3.03,-0.345,0,
B-A-low-3,0.69701,1789992625.2443,decel,11.7275,3.6226,0.374,0.2,0.2,-1,-3.375,0.0,11.707,1911,0.0,19.200000000000003,14.4,35,2161,0.0,-26.400000000000002,14.3,36,-3.03,-0.345,0,
B-A-low-3,0.69901,1789992625.2463,decel,11.7275,3.6226,0.374,0.2,0.2,-1,-3.375,0.0,11.707,1911,0.0,19.200000000000003,14.4,35,2161,0.0,-26.400000000000002,14.3,36,-3.03,-0.345,0,
B-A-low-3,0.701,1789992625.2483,decel,11.7275,3.6226,0.374,0.2,0.2,-1,-3.375,0.0,11.707,1911,0.0,19.200000000000003,14.4,35,2161,0.0,-26.400000000000002,14.3,35,-3.03,-0.345,0,
B-A-low-3,0.70302,1789992625.2503,decel,11.7275,3.6226,0.374,0.2,0.2,-1,-3.375,0.0,11.707,1911,0.0,19.200000000000003,14.4,35,2161,0.0,-26.400000000000002,14.3,35,-3.03,-0.345,0,
B-A-low-3,0.705,1789992625.2523,decel,11.7275,3.6226,0.374,0.2,0.2,-1,-3.375,0.0,11.707,1911,0.0,19.200000000000003,14.4,35,2161,0.0,-26.400000000000002,14.3,35,-3.03,-0.345,0,
B-A-low-3,0.70699,1789992625.2543,decel,11.7275,3.6226,0.374,0.2,0.2,-1,-3.375,0.0,11.707,1911,0.0,19.200000000000003,14.4,35,2161,0.0,-26.400000000000002,14.3,35,-3.03,-0.345,0,
B-A-low-3,0.70902,1789992625.2563,decel,11.7275,3.6226,0.374,0.2,0.2,-1,-3.375,0.0,11.707,1911,0.0,19.200000000000003,14.4,35,2161,0.0,-26.400000000000002,14.3,35,-3.03,-0.345,0,
B-A-low-3,0.711,1789992625.2583,decel,11.7275,3.6226,0.374,0.2,0.2,-1,-3.375,0.0,11.707,1911,0.0,19.200000000000003,14.4,35,2161,0.0,-26.400000000000002,14.3,35,-3.03,-0.345,0,
B-A-low-3,0.713,1789992625.2603,decel,11.7275,3.6226,0.374,0.2,0.2,-1,-3.375,0.0,11.707,1911,0.0,19.200000000000003,14.4,35,2161,0.0,-26.400000000000002,14.3,35,-3.03,-0.345,0,
B-A-low-3,0.71499,1789992625.2623,decel,11.7275,3.6226,0.374,0.2,0.2,-1,-3.375,0.0,11.707,1911,0.0,19.200000000000003,14.4,35,2161,0.0,-26.400000000000002,14.3,35,-3.03,-0.345,0,
B-A-low-3,0.71701,1789992625.2643,decel,11.7275,3.6226,0.374,0.2,0.2,-1,-3.375,0.0,11.707,1911,0.0,19.200000000000003,14.4,35,2161,0.0,-26.400000000000002,14.3,35,-3.03,-0.345,0,
B-A-low-3,0.71899,1789992625.2663,decel,11.7275,3.6226,0.374,0.2,0.2,-1,-3.375,0.0,11.707,1911,0.0,19.200000000000003,14.4,35,2161,0.0,-26.400000000000002,14.3,35,-3.03,-0.345,0,
B-A-low-3,0.72101,1789992625.2683,decel,11.7275,3.6226,0.374,0.2,0.2,-1,-3.375,0.0,11.707,1911,0.0,19.200000000000003,14.4,35,2161,0.0,-26.400000000000002,14.3,35,-3.03,-0.345,0,
B-A-low-3,0.72301,1789992625.2703,decel,11.7275,3.6226,0.374,0.2,0.2,-1,-3.375,0.0,11.707,1911,0.0,19.200000000000003,14.4,35,2161,0.0,-26.400000000000002,14.3,35,-3.03,-0.345,0,
B-A-low-3,0.72501,1789992625.2723,decel,11.7275,3.6226,0.374,0.2,0.2,-1,-3.375,0.0,11.707,1911,0.0,19.200000000000003,14.4,35,2161,0.0,-26.400000000000002,14.3,35,-3.03,-0.345,0,
B-A-low-3,0.727,1789992625.2743,decel,11.7275,3.6226,0.374,0.2,0.2,-1,-3.375,0.0,11.707,1911,0.0,19.200000000000003,14.4,35,2161,0.0,-26.400000000000002,14.3,35,-3.03,-0.345,0,
B-A-low-3,0.72898,1789992625.2763,decel,11.7275,3.6226,0.374,0.2,0.2,-1,-3.375,0.0,11.707,1911,0.0,19.200000000000003,14.4,35,2161,0.0,-26.400000000000002,14.3,35,-3.03,-0.345,0,
B-A-low-3,0.73102,1789992625.2783,decel,11.7275,3.6226,0.374,0.2,0.2,-1,-3.375,0.0,11.707,1911,0.0,19.200000000000003,14.4,35,2161,0.0,-26.400000000000002,14.3,35,-3.03,-0.345,0,
B-A-low-3,0.73303,1789992625.2803,decel,11.7275,3.6226,0.374,0.2,0.2,-1,-3.375,0.0,11.707,1911,0.0,19.200000000000003,14.4,35,2161,0.0,-26.400000000000002,14.3,35,-3.03,-0.345,0,
B-A-low-3,0.73501,1789992625.2823,decel,11.7275,3.6226,0.374,0.2,0.2,-1,-3.375,0.0,11.707,1911,0.0,19.200000000000003,14.4,35,2161,0.0,-26.400000000000002,14.3,35,-3.03,-0.345,0,
B-A-low-3,0.737,1789992625.2843,decel,11.7275,3.6226,0.374,0.2,0.2,-1,-3.375,0.0,11.707,1911,0.0,19.200000000000003,14.4,35,2161,0.0,-26.400000000000002,14.3,35,-3.03,-0.345,0,
B-A-low-3,0.739,1789992625.2863,decel,11.7275,3.6226,0.374,0.2,0.2,-1,-3.375,0.0,11.707,1911,0.0,19.200000000000003,14.4,35,2160,0.0,-27.200000000000003,14.3,35,-2.991,-0.384,0,
B-A-low-3,0.741,1789992625.2883,decel,11.7275,3.6226,0.374,0.2,0.2,-1,-3.375,0.0,11.707,1911,0.0,19.200000000000003,14.4,35,2161,0.0,-26.400000000000002,14.3,35,-3.03,-0.345,0,
B-A-low-3,0.74299,1789992625.2903,decel,11.7275,3.6226,0.374,0.2,0.2,-1,-3.375,0.0,11.707,1911,0.0,19.200000000000003,14.4,35,2161,0.0,-26.400000000000002,14.3,35,-3.03,-0.345,0,
B-A-low-3,0.745,1789992625.2923,decel,11.7275,3.6226,0.374,0.2,0.2,-1,-3.337,0.3332,11.707,1912,0.0,20.0,14.4,35,2161,0.0,-26.400000000000002,14.3,35,-3.03,-0.307,0,
B-A-low-3,0.74701,1789992625.2943,decel,11.7275,3.6226,0.374,0.2,0.2,-1,-3.337,0.0,11.707,1912,0.0,20.0,14.4,35,2160,0.0,-27.200000000000003,14.3,35,-2.991,-0.345,0,
B-A-low-3,0.749,1789992625.2963,decel,11.7275,3.6226,0.374,0.2,0.2,-1,-3.375,-0.3366,11.707,1911,0.0,19.200000000000003,14.4,35,2161,0.0,-26.400000000000002,14.3,35,-3.03,-0.345,0,
B-A-low-3,0.751,1789992625.2983,decel,11.7275,3.6226,0.374,0.2,0.2,-1,-3.337,0.3341,11.707,1912,0.0,20.0,14.4,35,2161,0.0,-26.400000000000002,14.3,35,-3.03,-0.307,0,
B-A-low-3,0.753,1789992625.3003,decel,11.7275,3.6226,0.374,0.2,0.2,-1,-3.375,-0.3346,11.707,1911,0.0,19.200000000000003,14.4,35,2161,0.0,-26.400000000000002,14.3,35,-3.03,-0.345,0,
B-A-low-3,0.75499,1789992625.3023,decel,11.7275,3.6226,0.374,0.2,0.2,-1,-3.375,0.0,11.707,1911,0.0,19.200000000000003,14.4,35,2161,0.0,-26.400000000000002,14.3,35,-3.03,-0.345,0,
B-A-low-3,0.75698,1789992625.3043,decel,11.7275,3.6226,0.374,0.2,0.2,-1,-3.375,0.0,11.707,1911,0.0,19.200000000000003,14.4,35,2160,0.0,-27.200000000000003,14.3,35,-2.991,-0.384,0,
B-A-low-3,0.75901,1789992625.3063,decel,11.7275,3.6226,0.374,0.2,0.2,-1,-3.375,0.0,11.707,1911,0.0,19.200000000000003,15.0,35,2160,0.0,-27.200000000000003,14.9,35,-2.991,-0.384,0,
B-A-low-3,0.76099,1789992625.3083,decel,11.7275,3.6226,0.374,0.2,0.2,-1,-3.337,0.3387,11.707,1912,0.0,20.0,15.0,35,2161,0.0,-26.400000000000002,14.9,35,-3.03,-0.307,0,
B-A-low-3,0.763,1789992625.3103,decel,11.7275,3.6226,0.374,0.2,0.2,-1,-3.375,-0.3338,11.707,1911,0.0,19.200000000000003,15.0,35,2161,0.0,-26.400000000000002,14.9,35,-3.03,-0.345,0,
B-A-low-3,0.76498,1789992625.3123,decel,11.7275,3.6226,0.374,0.2,0.2,-1,-3.375,0.0,11.707,1911,0.0,19.200000000000003,15.0,35,2161,0.0,-26.400000000000002,14.9,35,-3.03,-0.345,0,
B-A-low-3,0.767,1789992625.3143,decel,11.7275,3.6226,0.374,0.2,0.2,-1,-3.375,0.0,11.707,1911,0.0,19.200000000000003,15.0,35,2161,0.0,-26.400000000000002,14.9,35,-3.03,-0.345,0,
B-A-low-3,0.769,1789992625.3163,decel,11.7275,3.6226,0.374,0.2,0.2,-1,-3.337,0.334,11.707,1912,0.0,20.0,15.0,35,2161,0.0,-26.400000000000002,14.9,35,-3.03,-0.307,0,
B-A-low-3,0.77099,1789992625.3183,decel,11.7275,3.6226,0.374,0.2,0.2,-1,-3.375,-0.336,11.707,1911,0.0,19.200000000000003,15.0,35,2161,0.0,-26.400000000000002,14.9,35,-3.03,-0.345,0,
B-A-low-3,0.77301,1789992625.3203,decel,11.7275,3.6226,0.374,0.2,0.2,-1,-3.375,0.0,11.707,1911,0.0,19.200000000000003,15.0,35,2160,0.0,-27.200000000000003,14.9,35,-2.991,-0.384,0,
B-A-low-3,0.77499,1789992625.3223,decel,11.7275,3.6226,0.374,0.2,0.2,-1,-3.375,0.0,11.707,1911,0.0,19.200000000000003,15.0,35,2161,0.0,-26.400000000000002,14.9,35,-3.03,-0.345,0,
B-A-low-3,0.77701,1789992625.3243,decel,11.7275,3.6226,0.374,0.2,0.2,-1,-3.375,0.0,11.707,1911,0.0,19.200000000000003,15.0,35,2161,0.0,-26.400000000000002,14.9,35,-3.03,-0.345,0,
B-A-low-3,0.77899,1789992625.3263,decel,11.7275,3.6226,0.374,0.2,0.2,-1,-3.337,0.3383,11.707,1912,0.0,20.0,15.0,35,2161,0.0,-26.400000000000002,14.9,35,-3.03,-0.307,0,
B-A-low-3,0.781,1789992625.3283,decel,11.7275,3.6226,0.374,0.2,0.2,-1,-3.337,0.0,11.707,1912,0.0,20.0,15.0,35,2161,0.0,-26.400000000000002,14.9,35,-3.03,-0.307,0,
B-A-low-3,0.78302,1789992625.3303,decel,11.7275,3.6226,0.374,0.2,0.2,-1,-3.375,-0.3307,11.707,1911,0.0,19.200000000000003,15.0,35,2161,0.0,-26.400000000000002,14.9,35,-3.03,-0.345,0,
B-A-low-3,0.78501,1789992625.3323,decel,11.7275,3.6226,0.374,0.2,0.2,-1,-3.375,0.0,11.707,1911,0.0,19.200000000000003,15.0,35,2161,0.0,-26.400000000000002,14.9,35,-3.03,-0.345,0,
B-A-low-3,0.78702,1789992625.3343,decel,11.7275,3.6226,0.374,0.2,0.2,-1,-3.375,0.0,11.707,1911,0.0,19.200000000000003,15.0,35,2161,0.0,-26.400000000000002,14.9,35,-3.03,-0.345,0,
B-A-low-3,0.78898,1789992625.3363,decel,11.7275,3.6226,0.374,0.2,0.2,-1,-3.375,0.0,11.707,1911,0.0,19.200000000000003,15.0,35,2161,0.0,-26.400000000000002,14.9,35,-3.03,-0.345,0,
B-A-low-3,0.79099,1789992625.3383,decel,11.7275,3.6226,0.374,0.2,0.2,-1,-3.375,0.0,11.707,1911,0.0,19.200000000000003,15.0,35,2161,0.0,-26.400000000000002,14.9,35,-3.03,-0.345,0,
B-A-low-3,0.79301,1789992625.3403,decel,11.7275,3.6226,0.374,0.2,0.2,-1,-3.375,0.0,11.707,1911,0.0,19.200000000000003,15.0,35,2161,0.0,-26.400000000000002,14.9,35,-3.03,-0.345,0,
B-A-low-3,0.79499,1789992625.3423,decel,11.7275,3.6226,0.374,0.2,0.2,-1,-3.375,0.0,11.707,1911,0.0,19.200000000000003,15.0,35,2161,0.0,-26.400000000000002,14.9,35,-3.03,-0.345,0,
B-A-low-3,0.79699,1789992625.3443,decel,11.7275,3.6226,0.374,0.2,0.2,-1,-3.375,0.0,11.707,1911,0.0,19.200000000000003,15.0,35,2161,0.0,-26.400000000000002,14.9,35,-3.03,-0.345,0,
B-A-low-3,0.799,1789992625.3463,decel,11.7275,3.6226,0.374,0.2,0.2,-1,-3.375,0.0,11.707,1911,0.0,19.200000000000003,15.0,35,2161,0.0,-26.400000000000002,14.9,35,-3.03,-0.345,0,
B-A-low-3,0.80099,1789992625.3483,decel,11.7275,3.6226,0.374,0.2,0.2,-1,-3.375,0.0,11.707,1911,0.0,19.200000000000003,15.0,35,2161,0.0,-26.400000000000002,14.9,35,-3.03,-0.345,0,
B-A-low-3,0.80301,1789992625.3503,decel,11.7275,3.6226,0.374,0.2,0.2,-1,-3.375,0.0,11.707,1911,0.0,19.200000000000003,15.0,35,2161,0.0,-26.400000000000002,14.9,35,-3.03,-0.345,0,
B-A-low-3,0.805,1789992625.3523,decel,11.7275,3.6226,0.374,0.2,0.2,-1,-3.375,0.0,11.707,1911,0.0,19.200000000000003,15.0,35,2161,0.0,-26.400000000000002,14.9,35,-3.03,-0.345,0,
B-A-low-3,0.80699,1789992625.3543,decel,11.7275,3.6226,0.374,0.2,0.2,-1,-3.375,0.0,11.707,1911,0.0,19.200000000000003,15.0,35,2161,0.0,-26.400000000000002,14.9,35,-3.03,-0.345,0,
B-A-low-3,0.80901,1789992625.3563,decel,11.7275,3.6226,0.374,0.2,0.2,-1,-3.375,0.0,11.707,1911,0.0,19.200000000000003,15.0,35,2161,0.0,-26.400000000000002,14.9,35,-3.03,-0.345,0,
B-A-low-3,0.811,1789992625.3583,decel,11.7275,3.6226,0.374,0.2,0.2,-1,-3.375,0.0,11.707,1911,0.0,19.200000000000003,15.0,35,2161,0.0,-26.400000000000002,14.9,35,-3.03,-0.345,0,
B-A-low-3,0.813,1789992625.3603,decel,11.7275,3.6226,0.374,0.2,0.2,-1,-3.375,0.0,11.707,1911,0.0,19.200000000000003,15.0,35,2161,0.0,-26.400000000000002,14.9,35,-3.03,-0.345,0,
B-A-low-3,0.81498,1789992625.3623,decel,11.7275,3.6226,0.374,0.2,0.2,-1,-3.375,0.0,11.707,1911,0.0,19.200000000000003,15.0,35,2161,0.0,-26.400000000000002,14.9,35,-3.03,-0.345,0,
B-A-low-3,0.81699,1789992625.3643,decel,11.7275,3.6226,0.374,0.2,0.2,-1,-3.375,0.0,11.707,1911,0.0,19.200000000000003,15.0,35,2161,0.0,-26.400000000000002,14.9,35,-3.03,-0.345,0,
B-A-low-3,0.81898,1789992625.3663,decel,11.7275,3.6226,0.374,0.2,0.2,-1,-3.375,0.0,11.707,1911,0.0,19.200000000000003,15.0,35,2161,0.0,-26.400000000000002,14.9,35,-3.03,-0.345,0,
B-A-low-3,0.82101,1789992625.3683,decel,11.7275,3.6226,0.374,0.2,0.2,-1,-3.375,0.0,11.707,1911,0.0,19.200000000000003,15.0,35,2161,0.0,-26.400000000000002,14.9,35,-3.03,-0.345,0,
B-A-low-3,0.82301,1789992625.3703,decel,11.7275,3.6226,0.374,0.2,0.2,-1,-3.337,0.3338,11.707,1912,0.0,20.0,15.0,35,2161,0.0,-26.400000000000002,14.9,35,-3.03,-0.307,0,
B-A-low-3,0.82501,1789992625.3723,decel,11.7275,3.6226,0.374,0.2,0.2,-1,-3.375,-0.3354,11.707,1911,0.0,19.200000000000003,15.0,35,2161,0.0,-26.400000000000002,14.9,35,-3.03,-0.345,0,
B-A-low-3,0.82697,1789992625.3743,decel,11.7275,3.6226,0.374,0.2,0.2,-1,-3.375,0.0,11.707,1911,0.0,19.200000000000003,15.0,35,2161,0.0,-26.400000000000002,14.9,35,-3.03,-0.345,0,
B-A-low-3,0.82898,1789992625.3763,decel,11.7275,3.6226,0.374,0.2,0.2,-1,-3.375,0.0,11.707,1911,0.0,19.200000000000003,15.0,35,2161,0.0,-26.400000000000002,14.9,35,-3.03,-0.345,0,
B-A-low-3,0.83101,1789992625.3783,decel,11.7275,3.6226,0.374,0.2,0.2,-1,-3.375,0.0,11.707,1911,0.0,19.200000000000003,15.0,35,2161,0.0,-26.400000000000002,14.9,35,-3.03,-0.345,0,
B-A-low-3,0.83297,1789992625.3803,decel,11.7275,3.6226,0.374,0.2,0.2,-1,-3.375,0.0,11.707,1911,0.0,19.200000000000003,15.0,35,2161,0.0,-26.400000000000002,14.9,35,-3.03,-0.345,0,
B-A-low-3,0.83497,1789992625.3823,decel,11.7275,3.6226,0.374,0.2,0.2,-1,-3.375,0.0,11.707,1911,0.0,19.200000000000003,15.0,35,2161,0.0,-26.400000000000002,14.9,35,-3.03,-0.345,0,
B-A-low-3,0.83697,1789992625.3843,decel,11.7275,3.6226,0.374,0.2,0.2,-1,-3.337,0.3347,11.707,1912,0.0,20.0,15.0,35,2161,0.0,-26.400000000000002,14.9,35,-3.03,-0.307,0,
B-A-low-3,0.83899,1789992625.3863,decel,11.7275,3.6226,0.374,0.2,0.2,-1,-3.375,-0.3315,11.707,1911,0.0,19.200000000000003,15.0,35,2161,0.0,-26.400000000000002,14.9,35,-3.03,-0.345,0,
B-A-low-3,0.84097,1789992625.3883,decel,11.7275,3.6226,0.374,0.2,0.2,-1,-3.375,0.0,11.707,1911,0.0,19.200000000000003,15.0,35,2161,0.0,-26.400000000000002,14.9,35,-3.03,-0.345,0,
B-A-low-3,0.84297,1789992625.3903,decel,11.7275,3.6226,0.374,0.2,0.2,-1,-3.375,0.0,11.707,1911,0.0,19.200000000000003,15.0,35,2161,0.0,-26.400000000000002,14.9,35,-3.03,-0.345,0,
B-A-low-3,0.84497,1789992625.3923,decel,11.7275,3.6226,0.374,0.2,0.2,-1,-3.375,0.0,11.707,1911,0.0,19.200000000000003,15.0,35,2161,0.0,-26.400000000000002,14.9,35,-3.03,-0.345,0,
B-A-low-3,0.84697,1789992625.3943,decel,11.7275,3.6226,0.374,0.2,0.2,-1,-3.375,0.0,11.707,1911,0.0,19.200000000000003,15.0,35,2161,0.0,-26.400000000000002,14.9,35,-3.03,-0.345,0,
B-A-low-3,0.84899,1789992625.3963,decel,11.7275,3.6226,0.374,0.2,0.2,-1,-3.375,0.0,11.707,1911,0.0,19.200000000000003,15.0,35,2161,0.0,-26.400000000000002,14.9,35,-3.03,-0.345,0,
B-A-low-3,0.85095,1789992625.3983,decel,11.7275,3.6226,0.374,0.2,0.2,-1,-3.375,0.0,11.707,1911,0.0,19.200000000000003,15.0,35,2161,0.0,-26.400000000000002,14.9,35,-3.03,-0.345,0,
B-A-low-3,0.85298,1789992625.4003,decel,11.7275,3.6226,0.374,0.2,0.2,-1,-3.375,0.0,11.707,1911,0.0,19.200000000000003,15.0,35,2161,0.0,-26.400000000000002,14.9,35,-3.03,-0.345,0,
B-A-low-3,0.85497,1789992625.4023,decel,11.7275,3.6226,0.374,0.2,0.2,-1,-3.375,0.0,11.707,1911,0.0,19.200000000000003,15.0,35,2161,0.0,-26.400000000000002,14.9,35,-3.03,-0.345,0,
B-A-low-3,0.85698,1789992625.4043,decel,11.7275,3.6226,0.374,0.2,0.2,-1,-3.375,0.0,11.707,1911,0.0,19.200000000000003,15.0,35,2161,0.0,-26.400000000000002,14.9,35,-3.03,-0.345,0,
B-A-low-3,0.85896,1789992625.4063,decel,11.7275,3.6226,0.374,0.2,0.2,-1,-3.375,0.0,11.707,1911,0.0,19.200000000000003,15.0,35,2161,0.0,-26.400000000000002,14.9,35,-3.03,-0.345,0,
B-A-low-3,0.86099,1789992625.4083,decel,11.7275,3.6226,0.374,0.2,0.2,-1,-3.375,0.0,11.707,1911,0.0,19.200000000000003,15.0,35,2161,0.0,-26.400000000000002,14.9,35,-3.03,-0.345,0,
B-A-low-3,0.86298,1789992625.4103,decel,11.7275,3.6226,0.374,0.2,0.2,-1,-3.375,0.0,11.707,1911,0.0,19.200000000000003,15.0,35,2161,0.0,-26.400000000000002,14.9,35,-3.03,-0.345,0,
B-A-low-3,0.86497,1789992625.4123,decel,11.7275,3.6226,0.374,0.2,0.2,-1,-3.375,0.0,11.707,1911,0.0,19.200000000000003,15.0,35,2161,0.0,-26.400000000000002,14.9,35,-3.03,-0.345,0,
B-A-low-3,0.86697,1789992625.4143,decel,11.7275,3.6226,0.374,0.2,0.2,-1,-3.375,0.0,11.707,1911,0.0,19.200000000000003,15.0,35,2161,0.0,-26.400000000000002,14.9,35,-3.03,-0.345,0,
B-A-low-3,0.86897,1789992625.4163,decel,11.7275,3.6226,0.374,0.2,0.2,-1,-3.375,0.0,11.707,1911,0.0,19.200000000000003,15.0,35,2161,0.0,-26.400000000000002,14.9,35,-3.03,-0.345,0,
B-A-low-3,0.87102,1789992625.4183,decel,11.7275,3.6226,0.374,0.2,0.2,-1,-3.375,0.0,11.707,1911,0.0,19.200000000000003,15.0,35,2161,0.0,-26.400000000000002,14.9,35,-3.03,-0.345,0,
B-A-low-3,0.87298,1789992625.4203,decel,11.7275,3.6226,0.374,0.2,0.2,-1,-3.375,0.0,11.707,1911,0.0,19.200000000000003,15.0,35,2161,0.0,-26.400000000000002,14.9,35,-3.03,-0.345,0,
B-A-low-3,0.87498,1789992625.4223,decel,11.7275,3.6226,0.374,0.2,0.2,-1,-3.375,0.0,11.707,1911,0.0,19.200000000000003,15.3,35,2161,0.0,-26.400000000000002,14.9,35,-3.03,-0.345,0,
B-A-low-3,0.87697,1789992625.4243,decel,11.7275,3.6226,0.374,0.2,0.2,-1,-3.375,0.0,11.707,1911,0.0,19.200000000000003,15.3,35,2161,0.0,-26.400000000000002,14.9,35,-3.03,-0.345,0,
B-A-low-3,0.87898,1789992625.4263,decel,11.7275,3.6226,0.374,0.2,0.2,-1,-3.375,0.0,11.707,1911,0.0,19.200000000000003,15.3,35,2161,0.0,-26.400000000000002,14.9,35,-3.03,-0.345,0,
B-A-low-3,0.88096,1789992625.4283,decel,11.7275,3.6226,0.374,0.2,0.2,-1,-3.375,0.0,11.707,1911,0.0,19.200000000000003,15.3,35,2161,0.0,-26.400000000000002,14.9,35,-3.03,-0.345,0,
B-A-low-3,0.88298,1789992625.4303,decel,11.7275,3.6226,0.374,0.2,0.2,-1,-3.337,0.3318,11.707,1912,0.0,20.0,15.3,35,2161,0.0,-26.400000000000002,14.9,35,-3.03,-0.307,0,
B-A-low-3,0.88498,1789992625.4323,decel,11.7275,3.6226,0.374,0.2,0.2,-1,-3.337,0.0,11.707,1912,0.0,20.0,15.3,35,2161,0.0,-26.400000000000002,14.9,35,-3.03,-0.307,0,
B-A-low-3,0.88698,1789992625.4343,decel,11.7275,3.6226,0.374,0.2,0.2,-1,-3.337,0.0,11.707,1912,0.0,20.0,15.3,35,2161,0.0,-26.400000000000002,14.9,35,-3.03,-0.307,0,
B-A-low-3,0.88897,1789992625.4363,decel,11.7275,3.6226,0.374,0.2,0.2,-1,-3.375,-0.3366,11.707,1911,0.0,19.200000000000003,15.3,35,2161,0.0,-26.400000000000002,14.9,35,-3.03,-0.345,0,
B-A-low-3,0.89097,1789992625.4383,decel,11.7275,3.6226,0.374,0.2,0.2,-1,-3.375,0.0,11.707,1911,0.0,19.200000000000003,15.3,35,2161,0.0,-26.400000000000002,14.9,35,-3.03,-0.345,0,
B-A-low-3,0.89296,1789992625.4403,decel,11.7275,3.6226,0.374,0.2,0.2,-1,-3.375,0.0,11.707,1911,0.0,19.200000000000003,15.3,35,2161,0.0,-26.400000000000002,14.9,35,-3.03,-0.345,0,
B-A-low-3,0.89495,1789992625.4423,decel,11.7275,3.6226,0.374,0.2,0.2,-1,-3.375,0.0,11.707,1911,0.0,19.200000000000003,15.3,35,2161,0.0,-26.400000000000002,14.9,35,-3.03,-0.345,0,
B-A-low-3,0.89698,1789992625.4443,decel,11.7275,3.6226,0.374,0.2,0.2,-1,-3.337,0.3303,11.707,1912,0.0,20.0,15.3,35,2161,0.0,-26.400000000000002,14.9,35,-3.03,-0.307,0,
B-A-low-3,0.89899,1789992625.4463,decel,11.7275,3.6226,0.374,0.2,0.2,-1,-3.375,-0.3332,11.707,1911,0.0,19.200000000000003,15.3,35,2160,0.0,-27.200000000000003,14.9,35,-2.991,-0.384,0,
B-A-low-3,0.90096,1789992625.4483,decel,11.7275,3.6226,0.374,0.2,0.2,-1,-3.375,0.0,11.707,1911,0.0,19.200000000000003,15.3,35,2161,0.0,-26.400000000000002,14.9,35,-3.03,-0.345,0,
B-A-low-3,0.90297,1789992625.4503,decel,11.7275,3.6226,0.374,0.2,0.2,-1,-3.375,0.0,11.707,1911,0.0,19.200000000000003,15.3,35,2161,0.0,-26.400000000000002,14.9,35,-3.03,-0.345,0,
B-A-low-3,0.90497,1789992625.4523,decel,11.7275,3.6226,0.374,0.2,0.2,-1,-3.375,0.0,11.707,1911,0.0,19.200000000000003,15.3,35,2161,0.0,-26.400000000000002,14.9,35,-3.03,-0.345,0,
B-A-low-3,0.90698,1789992625.4543,decel,11.7275,3.6226,0.374,0.2,0.2,-1,-3.375,0.0,11.707,1911,0.0,19.200000000000003,15.3,35,2160,0.0,-27.200000000000003,14.9,35,-2.991,-0.384,0,
B-A-low-3,0.90897,1789992625.4563,decel,11.7275,3.6226,0.374,0.2,0.2,-1,-3.375,0.0,11.707,1911,0.0,19.200000000000003,15.3,35,2161,0.0,-26.400000000000002,14.9,35,-3.03,-0.345,0,
B-A-low-3,0.91097,1789992625.4583,decel,11.7275,3.6226,0.374,0.2,0.2,-1,-3.375,0.0,11.707,1911,0.0,19.200000000000003,15.3,35,2160,0.0,-27.200000000000003,14.9,35,-2.991,-0.384,0,
B-A-low-3,0.91296,1789992625.4603,decel,11.7275,3.6226,0.374,0.2,0.2,-1,-3.375,0.0,11.707,1911,0.0,19.200000000000003,15.3,35,2160,0.0,-27.200000000000003,14.9,35,-2.991,-0.384,0,
B-A-low-3,0.915,1789992625.4623,decel,11.7275,3.6226,0.374,0.2,0.2,-1,-3.375,0.0,11.707,1911,0.0,19.200000000000003,15.3,35,2161,0.0,-26.400000000000002,14.9,35,-3.03,-0.345,0,
B-A-low-3,0.91697,1789992625.4643,decel,11.7275,3.6226,0.374,0.2,0.2,-1,-3.375,0.0,11.707,1911,0.0,19.200000000000003,15.3,35,2161,0.0,-26.400000000000002,14.9,35,-3.03,-0.345,0,
B-A-low-3,0.91898,1789992625.4663,decel,11.7275,3.6226,0.374,0.2,0.2,-1,-3.375,0.0,11.707,1911,0.0,19.200000000000003,15.3,35,2161,0.0,-26.400000000000002,14.9,35,-3.03,-0.345,0,
B-A-low-3,0.92098,1789992625.4683,decel,11.7275,3.6226,0.374,0.2,0.2,-1,-3.375,0.0,11.707,1911,0.0,19.200000000000003,15.3,35,2161,0.0,-26.400000000000002,14.9,35,-3.03,-0.345,0,
B-A-low-3,0.923,1789992625.4703,decel,11.7275,3.6226,0.374,0.2,0.2,-1,-3.375,0.0,11.707,1911,0.0,19.200000000000003,15.3,35,2161,0.0,-26.400000000000002,14.9,35,-3.03,-0.345,0,
B-A-low-3,0.92497,1789992625.4723,decel,11.7275,3.6226,0.374,0.2,0.2,-1,-3.375,0.0,11.707,1911,0.0,19.200000000000003,15.3,35,2161,0.0,-26.400000000000002,14.9,35,-3.03,-0.345,0,
B-A-low-3,0.92696,1789992625.4743,decel,11.7275,3.6226,0.374,0.2,0.2,-1,-3.375,0.0,11.707,1911,0.0,19.200000000000003,15.3,35,2161,0.0,-26.400000000000002,14.9,35,-3.03,-0.345,0,
B-A-low-3,0.92897,1789992625.4763,decel,11.7275,3.6226,0.374,0.2,0.2,-1,-3.375,0.0,11.707,1911,0.0,19.200000000000003,15.3,35,2161,0.0,-26.400000000000002,14.9,35,-3.03,-0.345,0,
B-A-low-3,0.93098,1789992625.4783,decel,11.7275,3.6226,0.374,0.2,0.2,-1,-3.375,0.0,11.707,1911,0.0,19.200000000000003,15.3,35,2161,0.0,-26.400000000000002,14.9,35,-3.03,-0.345,0,
B-A-low-3,0.93296,1789992625.4803,decel,11.7275,3.6226,0.374,0.2,0.2,-1,-3.375,0.0,11.707,1911,0.0,19.200000000000003,15.3,35,2160,0.0,-27.200000000000003,14.9,35,-2.991,-0.384,0,
B-A-low-3,0.935,1789992625.4823,decel,11.7275,3.6226,0.374,0.2,0.2,-1,-3.375,0.0,11.707,1911,0.0,19.200000000000003,15.3,35,2161,0.0,-26.400000000000002,14.9,35,-3.03,-0.345,0,
B-A-low-3,0.93698,1789992625.4843,decel,11.7275,3.6226,0.374,0.2,0.2,-1,-3.375,0.0,11.707,1911,0.0,19.200000000000003,15.3,35,2161,0.0,-26.400000000000002,14.9,35,-3.03,-0.345,0,
B-A-low-3,0.93899,1789992625.4863,decel,11.7275,3.6226,0.374,0.2,0.2,-1,-3.337,0.3328,11.707,1912,0.0,20.0,15.3,35,2161,0.0,-26.400000000000002,14.9,35,-3.03,-0.307,0,
B-A-low-3,0.94098,1789992625.4883,decel,11.7275,3.6226,0.374,0.2,0.2,-1,-3.337,0.0,11.707,1912,0.0,20.0,15.3,35,2161,0.0,-26.400000000000002,14.9,35,-3.03,-0.307,0,
B-A-low-3,0.94297,1789992625.4903,decel,11.7275,3.6226,0.374,0.2,0.2,-1,-3.375,-0.3375,11.707,1911,0.0,19.200000000000003,15.3,35,2161,0.0,-26.400000000000002,14.9,35,-3.03,-0.345,0,
B-A-low-3,0.94495,1789992625.4923,decel,11.7275,3.6226,0.374,0.2,0.2,-1,-3.375,0.0,11.707,1911,0.0,19.200000000000003,15.3,35,2161,0.0,-26.400000000000002,14.9,35,-3.03,-0.345,0,
B-A-low-3,0.94697,1789992625.4943,decel,11.7275,3.6226,0.374,0.2,0.2,-1,-3.375,0.0,11.707,1911,0.0,19.200000000000003,15.3,35,2161,0.0,-26.400000000000002,14.9,35,-3.03,-0.345,0,
B-A-low-3,0.94898,1789992625.4963,decel,11.7275,3.6226,0.374,0.2,0.2,-1,-3.375,0.0,11.707,1911,0.0,19.200000000000003,15.3,35,2161,0.0,-26.400000000000002,14.9,35,-3.03,-0.345,0,
B-A-low-3,0.95096,1789992625.4983,decel,11.7275,3.6226,0.374,0.2,0.2,-1,-3.375,0.0,11.707,1911,0.0,19.200000000000003,15.3,35,2161,0.0,-26.400000000000002,14.9,35,-3.03,-0.345,0,
B-A-low-3,0.95295,1789992625.5003,decel,11.7275,3.6226,0.374,0.2,0.2,-1,-3.375,0.0,11.707,1911,0.0,19.200000000000003,15.3,35,2161,0.0,-26.400000000000002,14.9,35,-3.03,-0.345,0,
B-A-low-3,0.95497,1789992625.5023,decel,11.7275,3.6226,0.374,0.2,0.2,-1,-3.375,0.0,11.707,1911,0.0,19.200000000000003,15.3,35,2161,0.0,-26.400000000000002,14.9,35,-3.03,-0.345,0,
B-A-low-3,0.95696,1789992625.5043,decel,11.7275,3.6226,0.374,0.2,0.2,-1,-3.375,0.0,11.707,1911,0.0,19.200000000000003,15.3,35,2161,0.0,-26.400000000000002,14.9,35,-3.03,-0.345,0,
B-A-low-3,0.959,1789992625.5063,decel,11.7275,3.6226,0.374,0.2,0.2,-1,-3.375,0.0,11.707,1911,0.0,19.200000000000003,15.3,35,2161,0.0,-26.400000000000002,14.9,35,-3.03,-0.345,0,
B-A-low-3,0.96097,1789992625.5083,decel,11.7275,3.6226,0.374,0.2,0.2,-1,-3.337,0.3391,11.707,1912,0.0,20.0,15.3,35,2161,0.0,-26.400000000000002,14.9,35,-3.03,-0.307,0,
B-A-low-3,0.96298,1789992625.5103,decel,11.7275,3.6226,0.374,0.2,0.2,-1,-3.375,-0.334,11.707,1911,0.0,19.200000000000003,15.3,35,2161,0.0,-26.400000000000002,14.9,35,-3.03,-0.345,0,
B-A-low-3,0.96498,1789992625.5123,decel,11.7275,3.6226,0.374,0.2,0.2,-1,-3.375,0.0,11.707,1911,0.0,19.200000000000003,15.3,35,2161,0.0,-26.400000000000002,14.9,35,-3.03,-0.345,0,
B-A-low-3,0.96694,1789992625.5143,decel,11.7275,3.6226,0.374,0.2,0.2,-1,-3.375,0.0,11.707,1911,0.0,19.200000000000003,15.3,35,2161,0.0,-26.400000000000002,14.9,35,-3.03,-0.345,0,
B-A-low-3,0.96896,1789992625.5163,decel,11.7275,3.6226,0.374,0.2,0.2,-1,-3.375,0.0,11.707,1911,0.0,19.200000000000003,15.3,35,2161,0.0,-26.400000000000002,14.9,35,-3.03,-0.345,0,
B-A-low-3,0.97097,1789992625.5183,decel,11.7275,3.6226,0.374,0.2,0.2,-1,-3.375,0.0,11.707,1911,0.0,19.200000000000003,15.3,35,2161,0.0,-26.400000000000002,14.9,35,-3.03,-0.345,0,
B-A-low-3,0.97297,1789992625.5203,decel,11.7275,3.6226,0.374,0.2,0.2,-1,-3.375,0.0,11.707,1911,0.0,19.200000000000003,15.3,35,2161,0.0,-26.400000000000002,14.9,35,-3.03,-0.345,0,
B-A-low-3,0.97497,1789992625.5223,decel,11.7275,3.6226,0.374,0.2,0.2,-1,-3.375,0.0,11.707,1911,0.0,19.200000000000003,15.3,35,2161,0.0,-26.400000000000002,14.9,35,-3.03,-0.345,0,
B-A-low-3,0.97697,1789992625.5243,decel,11.7275,3.6226,0.374,0.2,0.2,-1,-3.375,0.0,11.707,1911,0.0,19.200000000000003,15.3,35,2161,0.0,-26.400000000000002,14.9,35,-3.03,-0.345,0,
B-A-low-3,0.97896,1789992625.5263,decel,11.7275,3.6226,0.374,0.2,0.2,-1,-3.375,0.0,11.707,1911,0.0,19.200000000000003,15.3,35,2161,0.0,-26.400000000000002,14.9,35,-3.03,-0.345,0,
B-A-low-3,0.98097,1789992625.5283,decel,11.7275,3.6226,0.374,0.2,0.2,-1,-3.375,0.0,11.707,1911,0.0,19.200000000000003,15.3,35,2161,0.0,-26.400000000000002,14.9,35,-3.03,-0.345,0,
B-A-low-3,0.98296,1789992625.5303,decel,11.7275,3.6226,0.374,0.2,0.2,-1,-3.337,0.336,11.707,1912,0.0,20.0,15.3,35,2161,0.0,-26.400000000000002,14.9,35,-3.03,-0.307,0,
B-A-low-3,0.98497,1789992625.5323,decel,11.7275,3.6226,0.374,0.2,0.2,-1,-3.375,-0.3329,11.707,1911,0.0,19.200000000000003,15.3,35,2161,0.0,-26.400000000000002,14.9,35,-3.03,-0.345,0,
B-A-low-3,0.98696,1789992625.5343,decel,11.7275,3.6226,0.374,0.2,0.2,-1,-3.375,0.0,11.707,1911,0.0,19.200000000000003,15.3,35,2161,0.0,-26.400000000000002,14.9,35,-3.03,-0.345,0,
B-A-low-3,0.98894,1789992625.5363,decel,11.7275,3.6226,0.374,0.2,0.2,-1,-3.375,0.0,11.707,1911,0.0,19.200000000000003,15.3,35,2161,0.0,-26.400000000000002,14.9,35,-3.03,-0.345,0,
B-A-low-3,0.99098,1789992625.5383,decel,11.7275,3.6226,0.374,0.2,0.2,-1,-3.375,0.0,11.707,1911,0.0,19.200000000000003,14.9,35,2160,0.0,-27.200000000000003,14.1,35,-2.991,-0.384,0,
B-A-low-3,0.99298,1789992625.5403,decel,11.7275,3.6226,0.374,0.2,0.2,-1,-3.375,0.0,11.707,1911,0.0,19.200000000000003,14.9,35,2161,0.0,-26.400000000000002,14.1,35,-3.03,-0.345,0,
B-A-low-3,0.99496,1789992625.5423,decel,11.7275,3.6226,0.374,0.2,0.2,-1,-3.375,0.0,11.707,1911,0.0,19.200000000000003,14.9,35,2161,0.0,-26.400000000000002,14.1,35,-3.03,-0.345,0,
B-A-low-3,0.99697,1789992625.5443,decel,11.7275,3.6226,0.374,0.2,0.2,-1,-3.375,0.0,11.707,1911,0.0,19.200000000000003,14.9,35,2161,0.0,-26.400000000000002,14.1,35,-3.03,-0.345,0,
B-A-low-3,0.99897,1789992625.5463,decel,11.7275,3.6226,0.374,0.2,0.2,-1,-3.375,0.0,11.707,1911,0.0,19.200000000000003,14.9,35,2161,0.0,-26.400000000000002,14.1,35,-3.03,-0.345,0,
B-A-low-3,1.00098,1789992625.5483,decel,11.7275,3.6226,0.374,0.2,0.2,-1,-3.375,0.0,11.707,1911,0.0,19.200000000000003,14.9,35,2161,0.0,-26.400000000000002,14.1,35,-3.03,-0.345,0,
B-A-low-3,1.00296,1789992625.5503,decel,11.7275,3.6226,0.374,0.2,0.2,-1,-3.375,0.0,11.707,1911,0.0,19.200000000000003,14.9,35,2161,0.0,-26.400000000000002,14.1,35,-3.03,-0.345,0,
B-A-low-3,1.00497,1789992625.5523,decel,11.7275,3.6226,0.374,0.2,0.2,-1,-3.375,0.0,11.707,1911,0.0,19.200000000000003,14.9,35,2161,0.0,-26.400000000000002,14.1,35,-3.03,-0.345,0,
B-A-low-3,1.00696,1789992625.5543,decel,11.7275,3.6226,0.374,0.2,0.2,-1,-3.337,0.3363,11.707,1912,0.0,20.0,14.9,35,2161,0.0,-26.400000000000002,14.1,35,-3.03,-0.307,0,
B-A-low-3,1.00896,1789992625.5563,decel,11.7275,3.6226,0.374,0.2,0.2,-1,-3.375,-0.335,11.707,1911,0.0,19.200000000000003,14.9,35,2161,0.0,-26.400000000000002,14.1,35,-3.03,-0.345,0,
B-A-low-3,1.01099,1789992625.5583,decel,11.7275,3.6226,0.374,0.2,0.2,-1,-3.337,0.3305,11.707,1912,0.0,20.0,14.9,35,2161,0.0,-26.400000000000002,14.1,35,-3.03,-0.307,0,
B-A-low-3,1.01296,1789992625.5603,decel,11.7275,3.6226,0.374,0.2,0.2,-1,-3.375,-0.3381,11.707,1911,0.0,19.200000000000003,14.9,35,2161,0.0,-26.400000000000002,14.1,35,-3.03,-0.345,0,
B-A-low-3,1.01496,1789992625.5623,decel,11.7275,3.6226,0.374,0.2,0.2,-1,-3.375,0.0,11.707,1911,0.0,19.200000000000003,14.9,35,2160,0.0,-27.200000000000003,14.1,35,-2.991,-0.384,0,
B-A-low-3,1.01697,1789992625.5643,decel,11.7275,3.6226,0.374,0.2,0.2,-1,-3.337,0.333,11.707,1912,0.0,20.0,14.9,35,2161,0.0,-26.400000000000002,14.1,35,-3.03,-0.307,0,
B-A-low-3,1.01897,1789992625.5663,decel,11.7275,3.6226,0.374,0.2,0.2,-1,-3.375,-0.3353,11.707,1911,0.0,19.200000000000003,14.9,35,2161,0.0,-26.400000000000002,14.1,35,-3.03,-0.345,0,
B-A-low-3,1.02099,1789992625.5683,decel,11.7275,3.6226,0.374,0.2,0.2,-1,-3.375,0.0,11.707,1911,0.0,19.200000000000003,14.9,35,2161,0.0,-26.400000000000002,14.1,35,-3.03,-0.345,0,
B-A-low-3,1.023,1789992625.5703,decel,11.7275,3.6226,0.374,0.2,0.2,-1,-3.337,0.3332,11.707,1912,0.0,20.0,14.9,35,2161,0.0,-26.400000000000002,14.1,35,-3.03,-0.307,0,
B-A-low-3,1.02495,1789992625.5723,decel,11.7275,3.6226,0.374,0.2,0.2,-1,-3.375,-0.3441,11.707,1911,0.0,19.200000000000003,14.9,35,2161,0.0,-26.400000000000002,14.1,35,-3.03,-0.345,0,
B-A-low-3,1.02696,1789992625.5743,decel,11.7275,3.6226,0.374,0.2,0.2,-1,-3.375,0.0,11.707,1911,0.0,19.200000000000003,14.9,35,2161,0.0,-26.400000000000002,14.1,35,-3.03,-0.345,0,
B-A-low-3,1.02896,1789992625.5763,decel,11.7275,3.6226,0.374,0.2,0.2,-1,-3.375,0.0,11.707,1911,0.0,19.200000000000003,14.9,35,2161,0.0,-26.400000000000002,14.1,35,-3.03,-0.345,0,
B-A-low-3,1.03096,1789992625.5783,decel,11.7275,3.6226,0.374,0.2,0.2,-1,-3.375,0.0,11.707,1911,0.0,19.200000000000003,14.9,35,2161,0.0,-26.400000000000002,14.1,35,-3.03,-0.345,0,
B-A-low-3,1.03297,1789992625.5803,decel,11.7275,3.6226,0.374,0.2,0.2,-1,-3.375,0.0,11.707,1911,0.0,19.200000000000003,14.9,35,2161,0.0,-26.400000000000002,14.1,35,-3.03,-0.345,0,
B-A-low-3,1.03495,1789992625.5823,decel,11.7275,3.6226,0.374,0.2,0.2,-1,-3.375,0.0,11.707,1911,0.0,19.200000000000003,14.9,35,2161,0.0,-26.400000000000002,14.1,35,-3.03,-0.345,0,
B-A-low-3,1.03696,1789992625.5843,decel,11.7275,3.6226,0.374,0.2,0.2,-1,-3.375,0.0,11.707,1911,0.0,19.200000000000003,14.9,35,2161,0.0,-26.400000000000002,14.1,35,-3.03,-0.345,0,
B-A-low-3,1.03894,1789992625.5863,decel,11.7275,3.6226,0.374,0.2,0.2,-1,-3.375,0.0,11.707,1911,0.0,19.200000000000003,14.9,35,2161,0.0,-26.400000000000002,14.1,35,-3.03,-0.345,0,
B-A-low-3,1.04099,1789992625.5883,decel,11.7275,3.6226,0.374,0.2,0.2,-1,-3.337,0.3278,11.707,1912,0.0,20.0,14.9,35,2161,0.0,-26.400000000000002,14.1,35,-3.03,-0.307,0,
B-A-low-3,1.04297,1789992625.5903,decel,11.7275,3.6226,0.374,0.2,0.2,-1,-3.375,-0.3371,11.707,1911,0.0,19.200000000000003,14.9,35,2161,0.0,-26.400000000000002,14.1,35,-3.03,-0.345,0,
B-A-low-3,1.04496,1789992625.5923,decel,11.7275,3.6226,0.374,0.2,0.2,-1,-3.337,0.336,11.707,1912,0.0,20.0,14.9,35,2161,0.0,-26.400000000000002,14.1,35,-3.03,-0.307,0,
B-A-low-3,1.04694,1789992625.5943,decel,11.7275,3.6226,0.374,0.2,0.2,-1,-3.375,-0.3379,11.707,1911,0.0,19.200000000000003,14.9,35,2161,0.0,-26.400000000000002,14.1,35,-3.03,-0.345,0,
B-A-low-3,1.04896,1789992625.5963,decel,11.7275,3.6226,0.374,0.2,0.2,-1,-3.375,0.0,11.707,1911,0.0,19.200000000000003,14.9,35,2161,0.0,-26.400000000000002,14.1,36,-3.03,-0.345,0,
B-A-low-3,1.05096,1789992625.5983,decel,11.7275,3.6226,0.374,0.2,0.2,-1,-3.375,0.0,11.707,1911,0.0,19.200000000000003,14.9,35,2160,0.0,-27.200000000000003,14.1,36,-2.991,-0.384,0,
B-A-low-3,1.05298,1789992625.6003,decel,11.7275,3.6226,0.374,0.2,0.2,-1,-3.375,0.0,11.707,1911,0.0,19.200000000000003,14.9,35,2161,0.0,-26.400000000000002,14.1,36,-3.03,-0.345,0,
B-A-low-3,1.05496,1789992625.6023,decel,11.7275,3.6226,0.374,0.2,0.2,-1,-3.375,0.0,11.707,1911,0.0,19.200000000000003,14.9,35,2160,0.0,-27.200000000000003,14.1,36,-2.991,-0.384,0,
B-A-low-3,1.05696,1789992625.6043,decel,11.7275,3.6226,0.374,0.2,0.2,-1,-3.375,0.0,11.707,1911,0.0,19.200000000000003,14.9,35,2161,0.0,-26.400000000000002,14.1,36,-3.03,-0.345,0,
B-A-low-3,1.05895,1789992625.6063,decel,11.7275,3.6226,0.374,0.2,0.2,-1,-3.375,0.0,11.707,1911,0.0,19.200000000000003,14.9,35,2161,0.0,-26.400000000000002,14.1,36,-3.03,-0.345,0,
B-A-low-3,1.06094,1789992625.6083,decel,11.7275,3.6226,0.374,0.2,0.2,-1,-3.375,0.0,11.707,1911,0.0,19.200000000000003,14.9,35,2161,0.0,-26.400000000000002,14.1,36,-3.03,-0.345,0,
B-A-low-3,1.06299,1789992625.6103,decel,11.7275,3.6226,0.374,0.2,0.2,-1,-3.375,0.0,11.707,1911,0.0,19.200000000000003,14.9,35,2161,0.0,-26.400000000000002,14.1,36,-3.03,-0.345,0,
B-A-low-3,1.06496,1789992625.6123,decel,11.7275,3.6226,0.374,0.2,0.2,-1,-3.375,0.0,11.707,1911,0.0,19.200000000000003,14.9,35,2161,0.0,-26.400000000000002,14.1,36,-3.03,-0.345,0,
B-A-low-3,1.06697,1789992625.6143,decel,11.7275,3.6226,0.374,0.2,0.2,-1,-3.375,0.0,11.707,1911,0.0,19.200000000000003,14.9,35,2161,0.0,-26.400000000000002,14.1,36,-3.03,-0.345,0,
B-A-low-3,1.06896,1789992625.6163,decel,11.7275,3.6226,0.374,0.2,0.2,-1,-3.375,0.0,11.707,1911,0.0,19.200000000000003,14.9,35,2161,0.0,-26.400000000000002,14.1,36,-3.03,-0.345,0,
B-A-low-3,1.07096,1789992625.6183,decel,11.7275,3.6226,0.374,0.2,0.2,-1,-3.375,0.0,11.707,1911,0.0,19.200000000000003,14.9,35,2161,0.0,-26.400000000000002,14.1,36,-3.03,-0.345,0,
B-A-low-3,1.07297,1789992625.6203,decel,11.7275,3.6226,0.374,0.2,0.2,-1,-3.375,0.0,11.707,1911,0.0,19.200000000000003,14.9,35,2161,0.0,-26.400000000000002,14.1,36,-3.03,-0.345,0,
B-A-low-3,1.07495,1789992625.6223,decel,11.7275,3.6226,0.374,0.2,0.2,-1,-3.375,0.0,11.707,1911,0.0,19.200000000000003,14.9,35,2161,0.0,-26.400000000000002,14.1,36,-3.03,-0.345,0,
B-A-low-3,1.07696,1789992625.6243,decel,11.7275,3.6226,0.374,0.2,0.2,-1,-3.375,0.0,11.707,1911,0.0,19.200000000000003,14.9,35,2161,0.0,-26.400000000000002,14.1,36,-3.03,-0.345,0,
B-A-low-3,1.07896,1789992625.6263,decel,11.7275,3.6226,0.374,0.2,0.2,-1,-3.375,0.0,11.707,1911,0.0,19.200000000000003,14.9,35,2161,0.0,-26.400000000000002,14.1,36,-3.03,-0.345,0,
B-A-low-3,1.08097,1789992625.6283,decel,11.7275,3.6226,0.374,0.2,0.2,-1,-3.375,0.0,11.707,1911,0.0,19.200000000000003,14.9,35,2161,0.0,-26.400000000000002,14.1,36,-3.03,-0.345,0,
B-A-low-3,1.08296,1789992625.6303,decel,11.7275,3.6226,0.374,0.2,0.2,-1,-3.337,0.3362,11.707,1912,0.0,20.0,14.9,35,2161,0.0,-26.400000000000002,14.1,36,-3.03,-0.307,0,
B-A-low-3,1.08496,1789992625.6323,decel,11.7275,3.6226,0.374,0.2,0.2,-1,-3.375,-0.3344,11.707,1911,0.0,19.200000000000003,14.9,35,2161,0.0,-26.400000000000002,14.1,36,-3.03,-0.345,0,
B-A-low-3,1.08698,1789992625.6343,decel,11.7275,3.6226,0.374,0.2,0.2,-1,-3.375,0.0,11.707,1911,0.0,19.200000000000003,14.9,35,2161,0.0,-26.400000000000002,14.1,36,-3.03,-0.345,0,
B-A-low-3,1.08895,1789992625.6363,decel,11.7275,3.6226,0.374,0.2,0.2,-1,-3.375,0.0,11.707,1911,0.0,19.200000000000003,14.9,35,2161,0.0,-26.400000000000002,14.1,36,-3.03,-0.345,0,
B-A-low-3,1.09096,1789992625.6383,decel,11.7275,3.6226,0.374,0.2,0.2,-1,-3.375,0.0,11.707,1911,0.0,19.200000000000003,14.9,35,2161,0.0,-26.400000000000002,14.1,36,-3.03,-0.345,0,
B-A-low-3,1.09296,1789992625.6403,decel,11.7275,3.6226,0.374,0.2,0.2,-1,-3.375,0.0,11.707,1911,0.0,19.200000000000003,14.9,35,2161,0.0,-26.400000000000002,14.1,36,-3.03,-0.345,0,
B-A-low-3,1.09496,1789992625.6423,decel,11.7275,3.6226,0.374,0.2,0.2,-1,-3.375,0.0,11.707,1911,0.0,19.200000000000003,14.9,35,2161,0.0,-26.400000000000002,14.1,36,-3.03,-0.345,0,
B-A-low-3,1.09698,1789992625.6443,decel,11.7275,3.6226,0.374,0.2,0.2,-1,-3.375,0.0,11.707,1911,0.0,19.200000000000003,14.9,35,2161,0.0,-26.400000000000002,14.1,36,-3.03,-0.345,0,
B-A-low-3,1.09896,1789992625.6463,decel,11.7275,3.6226,0.374,0.2,0.2,-1,-3.375,0.0,11.707,1911,0.0,19.200000000000003,14.9,35,2161,0.0,-26.400000000000002,14.1,36,-3.03,-0.345,0,
B-A-low-3,1.10096,1789992625.6483,decel,11.7275,3.6226,0.374,0.2,0.2,-1,-3.375,0.0,11.707,1911,0.0,19.200000000000003,14.9,35,2161,0.0,-26.400000000000002,14.1,36,-3.03,-0.345,0,
B-A-low-3,1.10296,1789992625.6503,decel,11.7275,3.6226,0.374,0.2,0.2,-1,-3.375,0.0,11.707,1911,0.0,19.200000000000003,14.9,35,2161,0.0,-26.400000000000002,14.1,36,-3.03,-0.345,0,
B-A-low-3,1.10496,1789992625.6523,decel,11.7275,3.6226,0.374,0.2,0.2,-1,-3.375,0.0,11.707,1911,0.0,19.200000000000003,14.9,35,2161,0.0,-26.400000000000002,14.1,36,-3.03,-0.345,0,
B-A-low-3,1.10697,1789992625.6543,decel,11.7275,3.6226,0.374,0.2,0.2,-1,-3.375,0.0,11.707,1911,0.0,19.200000000000003,14.9,35,2161,0.0,-26.400000000000002,14.1,36,-3.03,-0.345,0,
B-A-low-3,1.10896,1789992625.6563,decel,11.7275,3.6226,0.374,0.2,0.2,-1,-3.375,0.0,11.707,1911,0.0,19.200000000000003,15.5,35,2161,0.0,-26.400000000000002,14.9,36,-3.03,-0.345,0,
B-A-low-3,1.11094,1789992625.6583,decel,11.7275,3.6226,0.374,0.2,0.2,-1,-3.375,0.0,11.707,1911,0.0,19.200000000000003,15.5,35,2161,0.0,-26.400000000000002,14.9,36,-3.03,-0.345,0,
B-A-low-3,1.11296,1789992625.6603,decel,11.7275,3.6226,0.374,0.2,0.2,-1,-3.375,0.0,11.707,1911,0.0,19.200000000000003,15.5,35,2161,0.0,-26.400000000000002,14.9,36,-3.03,-0.345,0,
B-A-low-3,1.11495,1789992625.6623,decel,11.7275,3.6226,0.374,0.2,0.2,-1,-3.375,0.0,11.707,1911,0.0,19.200000000000003,15.5,35,2161,0.0,-26.400000000000002,14.9,36,-3.03,-0.345,0,
B-A-low-3,1.11697,1789992625.6643,decel,11.7275,3.6226,0.374,0.2,0.2,-1,-3.375,0.0,11.707,1911,0.0,19.200000000000003,15.5,35,2161,0.0,-26.400000000000002,14.9,36,-3.03,-0.345,0,
B-A-low-3,1.11897,1789992625.6663,decel,11.7275,3.6226,0.374,0.2,0.2,-1,-3.375,0.0,11.707,1911,0.0,19.200000000000003,15.5,35,2161,0.0,-26.400000000000002,14.9,36,-3.03,-0.345,0,
B-A-low-3,1.12094,1789992625.6683,decel,11.7275,3.6226,0.374,0.2,0.2,-1,-3.375,0.0,11.707,1911,0.0,19.200000000000003,15.5,35,2161,0.0,-26.400000000000002,14.9,36,-3.03,-0.345,0,
B-A-low-3,1.12294,1789992625.6703,decel,11.7275,3.6226,0.374,0.2,0.2,-1,-3.375,0.0,11.707,1911,0.0,19.200000000000003,15.5,35,2161,0.0,-26.400000000000002,14.9,36,-3.03,-0.345,0,
B-A-low-3,1.12494,1789992625.6723,decel,11.7275,3.6226,0.374,0.2,0.2,-1,-3.375,0.0,11.707,1911,0.0,19.200000000000003,15.5,35,2161,0.0,-26.400000000000002,14.9,36,-3.03,-0.345,0,
B-A-low-3,1.12694,1789992625.6743,decel,11.7275,3.6226,0.374,0.2,0.2,-1,-3.375,0.0,11.707,1911,0.0,19.200000000000003,15.5,35,2161,0.0,-26.400000000000002,14.9,36,-3.03,-0.345,0,
B-A-low-3,1.12895,1789992625.6763,decel,11.7275,3.6226,0.374,0.2,0.2,-1,-3.375,0.0,11.707,1911,0.0,19.200000000000003,15.5,35,2161,0.0,-26.400000000000002,14.9,36,-3.03,-0.345,0,
B-A-low-3,1.13096,1789992625.6783,decel,11.7275,3.6226,0.374,0.2,0.2,-1,-3.375,0.0,11.707,1911,0.0,19.200000000000003,15.5,35,2161,0.0,-26.400000000000002,14.9,36,-3.03,-0.345,0,
B-A-low-3,1.13294,1789992625.6802,decel,11.7275,3.6226,0.374,0.2,0.2,-1,-3.375,0.0,11.707,1911,0.0,19.200000000000003,15.5,35,2161,0.0,-26.400000000000002,14.9,36,-3.03,-0.345,0,
B-A-low-3,1.13494,1789992625.6823,decel,11.7275,3.6226,0.374,0.2,0.2,-1,-3.375,0.0,11.707,1911,0.0,19.200000000000003,15.5,35,2160,0.0,-27.200000000000003,14.9,36,-2.991,-0.384,0,
B-A-low-3,1.13693,1789992625.6842,decel,11.7275,3.6226,0.374,0.2,0.2,-1,-3.375,0.0,11.707,1911,0.0,19.200000000000003,15.5,35,2161,0.0,-26.400000000000002,14.9,36,-3.03,-0.345,0,
B-A-low-3,1.13895,1789992625.6863,decel,11.7275,3.6226,0.374,0.2,0.2,-1,-3.375,0.0,11.707,1911,0.0,19.200000000000003,15.5,35,2161,0.0,-26.400000000000002,14.9,36,-3.03,-0.345,0,
B-A-low-3,1.14096,1789992625.6883,decel,11.7275,3.6226,0.374,0.2,0.2,-1,-3.375,0.0,11.707,1911,0.0,19.200000000000003,15.5,35,2161,0.0,-26.400000000000002,14.9,36,-3.03,-0.345,0,
B-A-low-3,1.14292,1789992625.6902,decel,11.7275,3.6226,0.374,0.2,0.2,-1,-3.375,0.0,11.707,1911,0.0,19.200000000000003,15.5,35,2161,0.0,-26.400000000000002,14.9,36,-3.03,-0.345,0,
B-A-low-3,1.14494,1789992625.6922,decel,11.7275,3.6226,0.374,0.2,0.2,-1,-3.375,0.0,11.707,1911,0.0,19.200000000000003,15.5,35,2161,0.0,-26.400000000000002,14.9,36,-3.03,-0.345,0,
B-A-low-3,1.14692,1789992625.6942,decel,11.7275,3.6226,0.374,0.2,0.2,-1,-3.375,0.0,11.707,1911,0.0,19.200000000000003,15.5,35,2161,0.0,-26.400000000000002,14.9,36,-3.03,-0.345,0,
B-A-low-3,1.14895,1789992625.6963,decel,11.7275,3.6226,0.374,0.2,0.2,-1,-3.375,0.0,11.707,1911,0.0,19.200000000000003,15.5,35,2161,0.0,-26.400000000000002,14.9,36,-3.03,-0.345,0,
B-A-low-3,1.15094,1789992625.6983,decel,11.7275,3.6226,0.374,0.2,0.2,-1,-3.375,0.0,11.707,1911,0.0,19.200000000000003,15.5,35,2161,0.0,-26.400000000000002,14.9,36,-3.03,-0.345,0,
B-A-low-3,1.15295,1789992625.7003,decel,11.7275,3.6226,0.374,0.2,0.2,-1,-3.375,0.0,11.707,1911,0.0,19.200000000000003,15.5,35,2161,0.0,-26.400000000000002,14.9,36,-3.03,-0.345,0,
B-A-low-3,1.15494,1789992625.7023,decel,11.7275,3.6226,0.374,0.2,0.2,-1,-3.375,0.0,11.707,1911,0.0,19.200000000000003,15.5,35,2161,0.0,-26.400000000000002,14.9,36,-3.03,-0.345,0,
B-A-low-3,1.15693,1789992625.7042,decel,11.7275,3.6226,0.374,0.2,0.2,-1,-3.375,0.0,11.707,1911,0.0,19.200000000000003,15.5,35,2161,0.0,-26.400000000000002,14.9,36,-3.03,-0.345,0,
B-A-low-3,1.15893,1789992625.7062,decel,11.7275,3.6226,0.374,0.2,0.2,-1,-3.375,0.0,11.707,1911,0.0,19.200000000000003,15.5,35,2161,0.0,-26.400000000000002,14.9,36,-3.03,-0.345,0,
B-A-low-3,1.16092,1789992625.7082,decel,11.7275,3.6226,0.374,0.2,0.2,-1,-3.375,0.0,11.707,1911,0.0,19.200000000000003,15.5,35,2161,0.0,-26.400000000000002,14.9,36,-3.03,-0.345,0,
B-A-low-3,1.16294,1789992625.7103,decel,11.7275,3.6226,0.374,0.2,0.2,-1,-3.375,0.0,11.707,1911,0.0,19.200000000000003,15.5,35,2161,0.0,-26.400000000000002,14.9,36,-3.03,-0.345,0,
B-A-low-3,1.16494,1789992625.7123,decel,11.7275,3.6226,0.374,0.2,0.2,-1,-3.375,0.0,11.707,1911,0.0,19.200000000000003,15.5,35,2161,0.0,-26.400000000000002,14.9,36,-3.03,-0.345,0,
B-A-low-3,1.16694,1789992625.7142,decel,11.7275,3.6226,0.374,0.2,0.2,-1,-3.375,0.0,11.707,1911,0.0,19.200000000000003,15.5,35,2160,0.0,-27.200000000000003,14.9,36,-2.991,-0.384,0,
B-A-low-3,1.16893,1789992625.7162,decel,11.7275,3.6226,0.374,0.2,0.2,-1,-3.375,0.0,11.707,1911,0.0,19.200000000000003,15.5,35,2161,0.0,-26.400000000000002,14.9,36,-3.03,-0.345,0,
B-A-low-3,1.17094,1789992625.7183,decel,11.7275,3.6226,0.374,0.2,0.2,-1,-3.375,0.0,11.707,1911,0.0,19.200000000000003,15.5,35,2160,0.0,-27.200000000000003,14.9,36,-2.991,-0.384,0,
B-A-low-3,1.17294,1789992625.7203,decel,11.7275,3.6226,0.374,0.2,0.2,-1,-3.375,0.0,11.707,1911,0.0,19.200000000000003,15.5,35,2161,0.0,-26.400000000000002,14.9,36,-3.03,-0.345,0,
B-A-low-3,1.17493,1789992625.7222,decel,11.7275,3.6226,0.374,0.2,0.2,-1,-3.375,0.0,11.707,1911,0.0,19.200000000000003,15.5,35,2161,0.0,-26.400000000000002,14.9,36,-3.03,-0.345,0,
B-A-low-3,1.17695,1789992625.7243,decel,11.7275,3.6226,0.374,0.2,0.2,-1,-3.375,0.0,11.707,1911,0.0,19.200000000000003,15.5,35,2161,0.0,-26.400000000000002,14.9,36,-3.03,-0.345,0,
B-A-low-3,1.17893,1789992625.7262,decel,11.7275,3.6226,0.374,0.2,0.2,-1,-3.375,0.0,11.707,1911,0.0,19.200000000000003,15.5,35,2161,0.0,-26.400000000000002,14.9,36,-3.03,-0.345,0,
B-A-low-3,1.18093,1789992625.7282,decel,11.7275,3.6226,0.374,0.2,0.2,-1,-3.375,0.0,11.707,1911,0.0,19.200000000000003,15.5,35,2161,0.0,-26.400000000000002,14.9,36,-3.03,-0.345,0,
B-A-low-3,1.18291,1789992625.7302,decel,11.7275,3.6226,0.374,0.2,0.2,-1,-3.375,0.0,11.707,1911,0.0,19.200000000000003,15.5,35,2161,0.0,-26.400000000000002,14.9,36,-3.03,-0.345,0,
B-A-low-3,1.18493,1789992625.7322,decel,11.7275,3.6226,0.374,0.2,0.2,-1,-3.337,0.3305,11.707,1912,0.0,20.0,15.5,35,2161,0.0,-26.400000000000002,14.9,36,-3.03,-0.307,0,
B-A-low-3,1.18694,1789992625.7343,decel,11.7275,3.6226,0.374,0.2,0.2,-1,-3.375,-0.3328,11.707,1911,0.0,19.200000000000003,15.5,35,2161,0.0,-26.400000000000002,14.9,36,-3.03,-0.345,0,
B-A-low-3,1.18893,1789992625.7362,decel,11.7275,3.6226,0.374,0.2,0.2,-1,-3.375,0.0,11.707,1911,0.0,19.200000000000003,15.5,35,2161,0.0,-26.400000000000002,14.9,36,-3.03,-0.345,0,
B-A-low-3,1.19095,1789992625.7383,decel,11.7275,3.6226,0.374,0.2,0.2,-1,-3.375,0.0,11.707,1911,0.0,19.200000000000003,15.5,35,2161,0.0,-26.400000000000002,14.9,36,-3.03,-0.345,0,
B-A-low-3,1.19293,1789992625.7402,decel,11.7275,3.6226,0.374,0.2,0.2,-1,-3.375,0.0,11.707,1911,0.0,19.200000000000003,15.5,35,2161,0.0,-26.400000000000002,14.9,36,-3.03,-0.345,0,
B-A-low-3,1.19494,1789992625.7423,decel,11.7275,3.6226,0.374,0.2,0.2,-1,-3.375,0.0,11.707,1911,0.0,19.200000000000003,15.5,35,2161,0.0,-26.400000000000002,14.9,36,-3.03,-0.345,0,
B-A-low-3,1.19693,1789992625.7442,decel,11.7275,3.6226,0.374,0.2,0.2,-1,-3.375,0.0,11.707,1911,0.0,19.200000000000003,15.5,35,2161,0.0,-26.400000000000002,14.9,36,-3.03,-0.345,0,
B-A-low-3,1.19895,1789992625.7463,decel,11.7275,3.6226,0.374,0.2,0.2,-1,-3.375,0.0,11.707,1911,0.0,19.200000000000003,15.5,35,2161,0.0,-26.400000000000002,14.9,36,-3.03,-0.345,0,
B-A-low-3,1.20093,1789992625.7482,decel,11.7275,3.6226,0.374,0.2,0.2,-1,-3.375,0.0,11.707,1911,0.0,19.200000000000003,15.5,35,2161,0.0,-26.400000000000002,14.9,36,-3.03,-0.345,0,
B-A-low-3,1.20304,1789992625.7504,decel,11.7275,3.6226,0.374,0.2,0.2,-1,-3.375,0.0,11.707,1911,0.0,19.200000000000003,15.5,35,2161,0.0,-26.400000000000002,14.9,36,-3.03,-0.345,0,
B-A-low-3,1.20507,1789992625.7524,decel,11.7275,3.6226,0.374,0.2,0.2,-1,-3.375,0.0,11.707,1911,0.0,19.200000000000003,15.5,35,2161,0.0,-26.400000000000002,14.9,36,-3.03,-0.345,0,
B-A-low-3,1.20802,1789992625.7553,decel,11.7275,3.6226,0.374,0.2,0.2,-1,-3.375,0.0,11.707,1911,0.0,19.200000000000003,15.5,35,2161,0.0,-26.400000000000002,14.9,36,-3.03,-0.345,0,
B-A-low-3,1.20905,1789992625.7564,decel,11.7275,3.6226,0.374,0.2,0.2,-1,-3.375,0.0,11.707,1911,0.0,19.200000000000003,15.5,35,2161,0.0,-26.400000000000002,14.9,36,-3.03,-0.345,0,
B-A-low-3,1.21103,1789992625.7583,decel,11.7275,3.6226,0.374,0.2,0.2,-1,-3.375,0.0,11.707,1911,0.0,19.200000000000003,15.5,35,2161,0.0,-26.400000000000002,14.9,36,-3.03,-0.345,0,
B-A-low-3,1.21303,1789992625.7603,decel,11.7275,3.6226,0.374,0.2,0.2,-1,-3.375,0.0,11.707,1911,0.0,19.200000000000003,15.5,35,2161,0.0,-26.400000000000002,14.9,36,-3.03,-0.345,0,
B-A-low-3,1.21495,1789992625.7623,decel,11.7275,3.6226,0.374,0.2,0.2,-1,-3.375,0.0,11.707,1911,0.0,19.200000000000003,15.5,35,2161,0.0,-26.400000000000002,14.9,36,-3.03,-0.345,0,
B-A-low-3,1.21696,1789992625.7643,decel,11.7275,3.6226,0.374,0.2,0.2,-1,-3.375,0.0,11.707,1911,0.0,19.200000000000003,15.5,35,2161,0.0,-26.400000000000002,14.9,36,-3.03,-0.345,0,
B-A-low-3,1.21897,1789992625.7663,decel,11.7275,3.6226,0.374,0.2,0.2,-1,-3.375,0.0,11.707,1911,0.0,19.200000000000003,15.5,35,2161,0.0,-26.400000000000002,14.9,36,-3.03,-0.345,0,
B-A-low-3,1.22094,1789992625.7683,decel,11.7275,3.6226,0.374,0.2,0.2,-1,-3.375,0.0,11.707,1911,0.0,19.200000000000003,15.5,35,2161,0.0,-26.400000000000002,14.9,36,-3.03,-0.345,0,
B-A-low-3,1.22293,1789992625.7702,decel,11.7275,3.6226,0.374,0.2,0.2,-1,-3.375,0.0,11.707,1911,0.0,19.200000000000003,15.5,35,2161,0.0,-26.400000000000002,14.9,36,-3.03,-0.345,0,
B-A-low-3,1.22494,1789992625.7722,decel,11.7275,3.6226,0.374,0.2,0.2,-1,-3.375,0.0,11.707,1911,0.0,19.200000000000003,15.4,35,2161,0.0,-26.400000000000002,15.0,36,-3.03,-0.345,0,
B-A-low-3,1.22692,1789992625.7742,decel,11.7275,3.6226,0.374,0.2,0.2,-1,-3.375,0.0,11.707,1911,0.0,19.200000000000003,15.4,35,2161,0.0,-26.400000000000002,15.0,36,-3.03,-0.345,0,
B-A-low-3,1.22895,1789992625.7763,decel,11.7275,3.6226,0.374,0.2,0.2,-1,-3.375,0.0,11.707,1911,0.0,19.200000000000003,15.4,35,2161,0.0,-26.400000000000002,15.0,36,-3.03,-0.345,0,
B-A-low-3,1.23095,1789992625.7783,decel,11.7275,3.6226,0.374,0.2,0.2,-1,-3.375,0.0,11.707,1911,0.0,19.200000000000003,15.4,35,2161,0.0,-26.400000000000002,15.0,36,-3.03,-0.345,0,
B-A-low-3,1.23297,1789992625.7803,decel,11.7275,3.6226,0.374,0.2,0.2,-1,-3.375,0.0,11.707,1911,0.0,19.200000000000003,15.4,35,2161,0.0,-26.400000000000002,15.0,36,-3.03,-0.345,0,
B-A-low-3,1.23496,1789992625.7823,decel,11.7275,3.6226,0.374,0.2,0.2,-1,-3.375,0.0,11.707,1911,0.0,19.200000000000003,15.4,35,2161,0.0,-26.400000000000002,15.0,36,-3.03,-0.345,0,
B-A-low-3,1.23694,1789992625.7843,decel,11.7275,3.6226,0.374,0.2,0.2,-1,-3.375,0.0,11.707,1911,0.0,19.200000000000003,15.4,35,2161,0.0,-26.400000000000002,15.0,36,-3.03,-0.345,0,
B-A-low-3,1.23894,1789992625.7863,decel,11.7275,3.6226,0.374,0.2,0.2,-1,-3.375,0.0,11.707,1911,0.0,19.200000000000003,15.4,35,2161,0.0,-26.400000000000002,15.0,36,-3.03,-0.345,0,
B-A-low-3,1.24092,1789992625.7882,decel,11.7275,3.6226,0.374,0.2,0.2,-1,-3.375,0.0,11.707,1911,0.0,19.200000000000003,15.4,35,2161,0.0,-26.400000000000002,15.0,36,-3.03,-0.345,0,
B-A-low-3,1.24293,1789992625.7902,decel,11.7275,3.6226,0.374,0.2,0.2,-1,-3.375,0.0,11.707,1911,0.0,19.200000000000003,15.4,35,2161,0.0,-26.400000000000002,15.0,36,-3.03,-0.345,0,
B-A-low-3,1.24493,1789992625.7922,decel,11.7275,3.6226,0.374,0.2,0.2,-1,-3.375,0.0,11.707,1911,0.0,19.200000000000003,15.4,35,2161,0.0,-26.400000000000002,15.0,36,-3.03,-0.345,0,
B-A-low-3,1.24695,1789992625.7943,decel,11.7275,3.6226,0.374,0.2,0.2,-1,-3.375,0.0,11.707,1911,0.0,19.200000000000003,15.4,35,2161,0.0,-26.400000000000002,15.0,36,-3.03,-0.345,0,
B-A-low-3,1.24894,1789992625.7963,decel,11.7275,3.6226,0.374,0.2,0.2,-1,-3.375,0.0,11.707,1911,0.0,19.200000000000003,15.4,35,2161,0.0,-26.400000000000002,15.0,36,-3.03,-0.345,0,
B-A-low-3,1.25095,1789992625.7983,decel,11.7275,3.6226,0.374,0.2,0.2,-1,-3.375,0.0,11.707,1911,0.0,19.200000000000003,15.4,35,2161,0.0,-26.400000000000002,15.0,36,-3.03,-0.345,0,
B-A-low-3,1.25294,1789992625.8002,decel,11.7275,3.6226,0.374,0.2,0.2,-1,-3.375,0.0,11.707,1911,0.0,19.200000000000003,15.4,35,2161,0.0,-26.400000000000002,15.0,36,-3.03,-0.345,0,
B-A-low-3,1.25493,1789992625.8022,decel,11.7275,3.6226,0.374,0.2,0.2,-1,-3.375,0.0,11.707,1911,0.0,19.200000000000003,15.4,35,2161,0.0,-26.400000000000002,15.0,36,-3.03,-0.345,0,
B-A-low-3,1.25693,1789992625.8042,decel,11.7275,3.6226,0.374,0.2,0.2,-1,-3.375,0.0,11.707,1911,0.0,19.200000000000003,15.4,35,2161,0.0,-26.400000000000002,15.0,36,-3.03,-0.345,0,
B-A-low-3,1.25893,1789992625.8062,decel,11.7275,3.6226,0.374,0.2,0.2,-1,-3.375,0.0,11.707,1911,0.0,19.200000000000003,15.4,35,2161,0.0,-26.400000000000002,15.0,36,-3.03,-0.345,0,
B-A-low-3,1.26094,1789992625.8083,decel,11.7275,3.6226,0.374,0.2,0.2,-1,-3.375,0.0,11.707,1911,0.0,19.200000000000003,15.4,35,2161,0.0,-26.400000000000002,15.0,36,-3.03,-0.345,0,
B-A-low-3,1.26292,1789992625.8102,decel,11.7275,3.6226,0.374,0.2,0.2,-1,-3.375,0.0,11.707,1911,0.0,19.200000000000003,15.4,35,2161,0.0,-26.400000000000002,15.0,36,-3.03,-0.345,0,
B-A-low-3,1.26494,1789992625.8123,decel,11.7275,3.6226,0.374,0.2,0.2,-1,-3.375,0.0,11.707,1911,0.0,19.200000000000003,15.4,35,2160,0.0,-27.200000000000003,15.0,36,-2.991,-0.384,0,
B-A-low-3,1.26695,1789992625.8143,decel,11.7275,3.6226,0.374,0.2,0.2,-1,-3.375,0.0,11.707,1911,0.0,19.200000000000003,15.4,35,2161,0.0,-26.400000000000002,15.0,36,-3.03,-0.345,0,
B-A-low-3,1.26893,1789992625.8162,decel,11.7275,3.6226,0.374,0.2,0.2,-1,-3.375,0.0,11.707,1911,0.0,19.200000000000003,15.4,35,2161,0.0,-26.400000000000002,15.0,36,-3.03,-0.345,0,
B-A-low-3,1.27093,1789992625.8182,decel,11.7275,3.6226,0.374,0.2,0.2,-1,-3.375,0.0,11.707,1911,0.0,19.200000000000003,15.4,35,2161,0.0,-26.400000000000002,15.0,36,-3.03,-0.345,0,
B-A-low-3,1.27293,1789992625.8202,decel,11.7275,3.6226,0.374,0.2,0.2,-1,-3.375,0.0,11.707,1911,0.0,19.200000000000003,15.4,35,2161,0.0,-26.400000000000002,15.0,36,-3.03,-0.345,0,
B-A-low-3,1.27494,1789992625.8223,decel,11.7275,3.6226,0.374,0.2,0.2,-1,-3.337,0.3337,11.707,1912,0.0,20.0,15.4,35,2161,0.0,-26.400000000000002,15.0,36,-3.03,-0.307,0,
B-A-low-3,1.27692,1789992625.8242,decel,11.7275,3.6226,0.374,0.2,0.2,-1,-3.375,-0.3384,11.707,1911,0.0,19.200000000000003,15.4,35,2161,0.0,-26.400000000000002,15.0,36,-3.03,-0.345,0,
B-A-low-3,1.27893,1789992625.8262,decel,11.7275,3.6226,0.374,0.2,0.2,-1,-3.375,0.0,11.707,1911,0.0,19.200000000000003,15.4,35,2161,0.0,-26.400000000000002,15.0,36,-3.03,-0.345,0,
B-A-low-3,1.28093,1789992625.8282,decel,11.7275,3.6226,0.374,0.2,0.2,-1,-3.375,0.0,11.707,1911,0.0,19.200000000000003,15.4,35,2161,0.0,-26.400000000000002,15.0,36,-3.03,-0.345,0,
B-A-low-3,1.28293,1789992625.8302,decel,11.7275,3.6226,0.374,0.2,0.2,-1,-3.375,0.0,11.707,1911,0.0,19.200000000000003,15.4,35,2161,0.0,-26.400000000000002,15.0,36,-3.03,-0.345,0,
B-A-low-3,1.28493,1789992625.8322,decel,11.7275,3.6226,0.374,0.2,0.2,-1,-3.375,0.0,11.707,1911,0.0,19.200000000000003,15.4,35,2160,0.0,-27.200000000000003,15.0,36,-2.991,-0.384,0,
B-A-low-3,1.28693,1789992625.8342,decel,11.7275,3.6226,0.374,0.2,0.2,-1,-3.375,0.0,11.707,1911,0.0,19.200000000000003,15.4,35,2161,0.0,-26.400000000000002,15.0,36,-3.03,-0.345,0,
B-A-low-3,1.28895,1789992625.8363,decel,11.7275,3.6226,0.374,0.2,0.2,-1,-3.375,0.0,11.707,1911,0.0,19.200000000000003,15.4,35,2161,0.0,-26.400000000000002,15.0,36,-3.03,-0.345,0,
B-A-low-3,1.29094,1789992625.8383,decel,11.7275,3.6226,0.374,0.2,0.2,-1,-3.375,0.0,11.707,1911,0.0,19.200000000000003,15.4,35,2161,0.0,-26.400000000000002,15.0,36,-3.03,-0.345,0,
B-A-low-3,1.29293,1789992625.8402,decel,11.7275,3.6226,0.374,0.2,0.2,-1,-3.337,0.3358,11.707,1912,0.0,20.0,15.4,35,2161,0.0,-26.400000000000002,15.0,36,-3.03,-0.307,0,
B-A-low-3,1.29493,1789992625.8422,decel,11.7275,3.6226,0.374,0.2,0.2,-1,-3.375,-0.3352,11.707,1911,0.0,19.200000000000003,15.4,35,2161,0.0,-26.400000000000002,15.0,36,-3.03,-0.345,0,
B-A-low-3,1.29693,1789992625.8442,decel,11.7275,3.6226,0.374,0.2,0.2,-1,-3.337,0.3345,11.707,1912,0.0,20.0,15.4,35,2160,0.0,-27.200000000000003,15.0,36,-2.991,-0.345,0,
B-A-low-3,1.29893,1789992625.8462,decel,11.7275,3.6226,0.374,0.2,0.2,-1,-3.375,-0.3348,11.707,1911,0.0,19.200000000000003,15.4,35,2160,0.0,-27.200000000000003,15.0,36,-2.991,-0.384,0,
B-A-low-3,1.30094,1789992625.8483,decel,11.7275,3.6226,0.374,0.2,0.2,-1,-3.375,0.0,11.707,1911,0.0,19.200000000000003,15.4,35,2161,0.0,-26.400000000000002,15.0,36,-3.03,-0.345,0,
B-A-low-3,1.30293,1789992625.8502,decel,11.7275,3.6226,0.374,0.2,0.2,-1,-3.375,0.0,11.707,1911,0.0,19.200000000000003,15.4,35,2161,0.0,-26.400000000000002,15.0,36,-3.03,-0.345,0,
B-A-low-3,1.30493,1789992625.8522,decel,11.7275,3.6226,0.374,0.2,0.2,-1,-3.375,0.0,11.707,1911,0.0,19.200000000000003,15.4,35,2161,0.0,-26.400000000000002,15.0,36,-3.03,-0.345,0,
B-A-low-3,1.30693,1789992625.8542,decel,11.7275,3.6226,0.374,0.2,0.2,-1,-3.375,0.0,11.707,1911,0.0,19.200000000000003,15.4,35,2160,0.0,-27.200000000000003,15.0,36,-2.991,-0.384,0,
B-A-low-3,1.30893,1789992625.8562,decel,11.7275,3.6226,0.374,0.2,0.2,-1,-3.337,0.334,11.707,1912,0.0,20.0,15.4,35,2161,0.0,-26.400000000000002,15.0,36,-3.03,-0.307,0,
B-A-low-3,1.31093,1789992625.8582,decel,11.7275,3.6226,0.374,0.2,0.2,-1,-3.375,-0.3348,11.707,1911,0.0,19.200000000000003,15.4,35,2161,0.0,-26.400000000000002,15.0,36,-3.03,-0.345,0,
B-A-low-3,1.31291,1789992625.8602,decel,11.7275,3.6226,0.374,0.2,0.2,-1,-3.375,0.0,11.707,1911,0.0,19.200000000000003,15.4,35,2161,0.0,-26.400000000000002,15.0,36,-3.03,-0.345,0,
B-A-low-3,1.31494,1789992625.8623,decel,11.7275,3.6226,0.374,0.2,0.2,-1,-3.375,0.0,11.707,1911,0.0,19.200000000000003,15.4,35,2161,0.0,-26.400000000000002,15.0,36,-3.03,-0.345,0,
B-A-low-3,1.31695,1789992625.8643,decel,11.7275,3.6226,0.374,0.2,0.2,-1,-3.375,0.0,11.707,1911,0.0,19.200000000000003,15.4,35,2161,0.0,-26.400000000000002,15.0,36,-3.03,-0.345,0,
B-A-low-3,1.31893,1789992625.8662,decel,11.7275,3.6226,0.374,0.2,0.2,-1,-3.375,0.0,11.707,1911,0.0,19.200000000000003,15.4,35,2161,0.0,-26.400000000000002,15.0,36,-3.03,-0.345,0,
B-A-low-3,1.32093,1789992625.8682,decel,11.7275,3.6226,0.374,0.2,0.2,-1,-3.375,0.0,11.707,1911,0.0,19.200000000000003,15.4,35,2161,0.0,-26.400000000000002,15.0,36,-3.03,-0.345,0,
B-A-low-3,1.32292,1789992625.8702,decel,11.7275,3.6226,0.374,0.2,0.2,-1,-3.375,0.0,11.707,1911,0.0,19.200000000000003,15.4,35,2160,0.0,-26.400000000000002,15.0,36,-2.991,-0.384,0,
B-A-low-3,1.32494,1789992625.8723,decel,11.7275,3.6226,0.374,0.2,0.2,-1,-3.375,0.0,11.707,1911,0.0,19.200000000000003,15.4,35,2161,0.0,-26.400000000000002,15.0,36,-3.03,-0.345,0,
B-A-low-3,1.32693,1789992625.8742,decel,11.7275,3.6226,0.374,0.2,0.2,-1,-3.337,0.3358,11.707,1912,0.0,20.0,15.4,35,2161,0.0,-26.400000000000002,15.0,36,-3.03,-0.307,0,
B-A-low-3,1.32894,1789992625.8763,decel,11.7275,3.6226,0.374,0.2,0.2,-1,-3.375,-0.3331,11.707,1911,0.0,19.200000000000003,15.4,35,2161,0.0,-26.400000000000002,15.0,36,-3.03,-0.345,0,
B-A-low-3,1.33095,1789992625.8783,decel,11.7275,3.6226,0.374,0.2,0.2,-1,-3.375,0.0,11.707,1911,0.0,19.200000000000003,15.4,35,2161,0.0,-26.400000000000002,15.0,36,-3.03,-0.345,0,
B-A-low-3,1.33292,1789992625.8802,decel,11.7275,3.6226,0.374,0.2,0.2,-1,-3.375,0.0,11.707,1911,0.0,19.200000000000003,15.4,35,2161,0.0,-26.400000000000002,15.0,36,-3.03,-0.345,0,
B-A-low-3,1.33491,1789992625.8822,decel,11.7275,3.6226,0.374,0.2,0.2,-1,-3.375,0.0,11.707,1911,0.0,19.200000000000003,15.4,35,2161,0.0,-26.400000000000002,15.0,36,-3.03,-0.345,0,
B-A-low-3,1.33694,1789992625.8843,decel,11.7275,3.6226,0.374,0.2,0.2,-1,-3.375,0.0,11.707,1911,0.0,19.200000000000003,15.4,35,2161,0.0,-26.400000000000002,15.0,36,-3.03,-0.345,0,
B-A-low-3,1.33894,1789992625.8863,decel,11.7275,3.6226,0.374,0.2,0.2,-1,-3.375,0.0,11.707,1911,0.0,19.200000000000003,15.4,35,2161,0.0,-26.400000000000002,15.0,36,-3.03,-0.345,0,
B-A-low-3,1.34092,1789992625.8882,decel,11.7275,3.6226,0.374,0.2,0.2,-1,-3.375,0.0,11.707,1911,0.0,19.200000000000003,14.9,35,2161,0.0,-26.400000000000002,14.2,36,-3.03,-0.345,0,
B-A-low-3,1.34293,1789992625.8902,decel,11.7275,3.6226,0.374,0.2,0.2,-1,-3.375,0.0,11.707,1911,0.0,19.200000000000003,14.9,35,2161,0.0,-26.400000000000002,14.2,36,-3.03,-0.345,0,
B-A-low-3,1.34493,1789992625.8922,decel,11.7275,3.6226,0.374,0.2,0.2,-1,-3.375,0.0,11.707,1911,0.0,19.200000000000003,14.9,35,2161,0.0,-26.400000000000002,14.2,36,-3.03,-0.345,0,
B-A-low-3,1.34694,1789992625.8943,decel,11.7275,3.6226,0.374,0.2,0.2,-1,-3.375,0.0,11.707,1911,0.0,19.200000000000003,14.9,35,2161,0.0,-26.400000000000002,14.2,36,-3.03,-0.345,0,
B-A-low-3,1.3489,1789992625.8962,decel,11.7275,3.6226,0.374,0.2,0.2,-1,-3.375,0.0,11.707,1911,0.0,19.200000000000003,14.9,35,2161,0.0,-26.400000000000002,14.2,36,-3.03,-0.345,0,
B-A-low-3,1.35093,1789992625.8982,decel,11.7275,3.6226,0.374,0.2,0.2,-1,-3.375,0.0,11.707,1911,0.0,19.200000000000003,14.9,35,2161,0.0,-26.400000000000002,14.2,36,-3.03,-0.345,0,
B-A-low-3,1.35293,1789992625.9002,decel,11.7275,3.6226,0.374,0.2,0.2,-1,-3.375,0.0,11.707,1911,0.0,19.200000000000003,14.9,35,2161,0.0,-26.400000000000002,14.2,36,-3.03,-0.345,0,
B-A-low-3,1.35492,1789992625.9022,decel,11.7275,3.6226,0.374,0.2,0.2,-1,-3.375,0.0,11.707,1911,0.0,19.200000000000003,14.9,35,2161,0.0,-26.400000000000002,14.2,36,-3.03,-0.345,0,
B-A-low-3,1.35692,1789992625.9042,decel,11.7275,3.6226,0.374,0.2,0.2,-1,-3.375,0.0,11.707,1911,0.0,19.200000000000003,14.9,35,2161,0.0,-26.400000000000002,14.2,36,-3.03,-0.345,0,
B-A-low-3,1.35894,1789992625.9062,decel,11.7275,3.6226,0.374,0.2,0.2,-1,-3.375,0.0,11.707,1911,0.0,19.200000000000003,14.9,35,2161,0.0,-26.400000000000002,14.2,36,-3.03,-0.345,0,
B-A-low-3,1.36093,1789992625.9082,decel,11.7275,3.6226,0.374,0.2,0.2,-1,-3.337,0.3363,11.707,1912,0.0,20.0,14.9,35,2161,0.0,-26.400000000000002,14.2,36,-3.03,-0.307,0,
B-A-low-3,1.36293,1789992625.9102,decel,11.7275,3.6226,0.374,0.2,0.2,-1,-3.375,-0.3338,11.707,1911,0.0,19.200000000000003,14.9,35,2161,0.0,-26.400000000000002,14.2,36,-3.03,-0.345,0,
B-A-low-3,1.36493,1789992625.9122,decel,11.7275,3.6226,0.374,0.2,0.2,-1,-3.375,0.0,11.707,1911,0.0,19.200000000000003,14.9,35,2161,0.0,-26.400000000000002,14.2,36,-3.03,-0.345,0,
B-A-low-3,1.36693,1789992625.9142,decel,11.7275,3.6226,0.374,0.2,0.2,-1,-3.375,0.0,11.707,1911,0.0,19.200000000000003,14.9,35,2161,0.0,-26.400000000000002,14.2,36,-3.03,-0.345,0,
B-A-low-3,1.36893,1789992625.9162,decel,11.7275,3.6226,0.374,0.2,0.2,-1,-3.375,0.0,11.707,1911,0.0,19.200000000000003,14.9,35,2161,0.0,-26.400000000000002,14.2,36,-3.03,-0.345,0,
B-A-low-3,1.37092,1789992625.9182,decel,11.7275,3.6226,0.374,0.2,0.2,-1,-3.375,0.0,11.707,1911,0.0,19.200000000000003,14.9,35,2161,0.0,-26.400000000000002,14.2,36,-3.03,-0.345,0,
B-A-low-3,1.37294,1789992625.9203,decel,11.7275,3.6226,0.374,0.2,0.2,-1,-3.375,0.0,11.707,1911,0.0,19.200000000000003,14.9,35,2161,0.0,-26.400000000000002,14.2,36,-3.03,-0.345,0,
B-A-low-3,1.37493,1789992625.9222,decel,11.7275,3.6226,0.374,0.2,0.2,-1,-3.375,0.0,11.707,1911,0.0,19.200000000000003,14.9,35,2161,0.0,-26.400000000000002,14.2,36,-3.03,-0.345,0,
B-A-low-3,1.37692,1789992625.9242,decel,11.7275,3.6226,0.374,0.2,0.2,-1,-3.375,0.0,11.707,1911,0.0,19.200000000000003,14.9,35,2161,0.0,-26.400000000000002,14.2,36,-3.03,-0.345,0,
B-A-low-3,1.37894,1789992625.9262,decel,11.7275,3.6226,0.374,0.2,0.2,-1,-3.375,0.0,11.707,1911,0.0,19.200000000000003,14.9,35,2161,0.0,-26.400000000000002,14.2,36,-3.03,-0.345,0,
B-A-low-3,1.38094,1789992625.9283,decel,11.7275,3.6226,0.374,0.2,0.2,-1,-3.375,0.0,11.707,1911,0.0,19.200000000000003,14.9,35,2161,0.0,-26.400000000000002,14.2,36,-3.03,-0.345,0,
B-A-low-3,1.38293,1789992625.9302,decel,11.7275,3.6226,0.374,0.2,0.2,-1,-3.375,0.0,11.707,1911,0.0,19.200000000000003,14.9,35,2161,0.0,-26.400000000000002,14.2,36,-3.03,-0.345,0,
B-A-low-3,1.3849,1789992625.9322,decel,11.7275,3.6226,0.374,0.2,0.2,-1,-3.375,0.0,11.707,1911,0.0,19.200000000000003,14.9,35,2161,0.0,-26.400000000000002,14.2,36,-3.03,-0.345,0,
B-A-low-3,1.38692,1789992625.9342,decel,11.7275,3.6226,0.374,0.2,0.2,-1,-3.375,0.0,11.707,1911,0.0,19.200000000000003,14.9,35,2161,0.0,-26.400000000000002,14.2,36,-3.03,-0.345,0,
B-A-low-3,1.38892,1789992625.9362,decel,11.7275,3.6226,0.374,0.2,0.2,-1,-3.375,0.0,11.707,1911,0.0,19.200000000000003,14.9,35,2161,0.0,-26.400000000000002,14.2,36,-3.03,-0.345,0,
B-A-low-3,1.39092,1789992625.9382,decel,11.7275,3.6226,0.374,0.2,0.2,-1,-3.375,0.0,11.707,1911,0.0,19.200000000000003,14.9,35,2161,0.0,-26.400000000000002,14.2,36,-3.03,-0.345,0,
B-A-low-3,1.39293,1789992625.9402,decel,11.7275,3.6226,0.374,0.2,0.2,-1,-3.375,0.0,11.707,1911,0.0,19.200000000000003,14.9,35,2161,0.0,-26.400000000000002,14.2,36,-3.03,-0.345,0,
B-A-low-3,1.39493,1789992625.9422,decel,11.7275,3.6226,0.374,0.2,0.2,-1,-3.375,0.0,11.707,1911,0.0,19.200000000000003,14.9,35,2161,0.0,-26.400000000000002,14.2,36,-3.03,-0.345,0,
B-A-low-3,1.39692,1789992625.9442,decel,11.7275,3.6226,0.374,0.2,0.2,-1,-3.375,0.0,11.707,1911,0.0,19.200000000000003,14.9,35,2161,0.0,-26.400000000000002,14.2,36,-3.03,-0.345,0,
B-A-low-3,1.39892,1789992625.9462,decel,11.7275,3.6226,0.374,0.2,0.2,-1,-3.375,0.0,11.707,1911,0.0,19.200000000000003,14.9,35,2161,0.0,-26.400000000000002,14.2,36,-3.03,-0.345,0,
B-A-low-3,1.4009,1789992625.9482,decel,11.7275,3.6226,0.374,0.2,0.2,-1,-3.375,0.0,11.707,1911,0.0,19.200000000000003,14.9,35,2161,0.0,-26.400000000000002,14.2,36,-3.03,-0.345,0,
B-A-low-3,1.4029,1789992625.9502,decel,11.7275,3.6226,0.374,0.2,0.2,-1,-3.375,0.0,11.707,1911,0.0,19.200000000000003,14.9,35,2161,0.0,-26.400000000000002,14.2,36,-3.03,-0.345,0,
B-A-low-3,1.40585,1789992625.9532,decel,11.7275,3.6226,0.374,0.2,0.2,-1,-3.375,0.0,11.707,1911,0.0,19.200000000000003,14.9,35,2161,0.0,-26.400000000000002,14.2,36,-3.03,-0.345,0,
B-A-low-3,1.40682,1789992625.9541,decel,11.7275,3.6226,0.374,0.2,0.2,-1,-3.375,0.0,11.707,1911,0.0,19.200000000000003,14.9,35,2161,0.0,-26.400000000000002,14.2,36,-3.03,-0.345,0,
B-A-low-3,1.40883,1789992625.9561,decel,11.7275,3.6226,0.374,0.2,0.2,-1,-3.375,0.0,11.707,1911,0.0,19.200000000000003,14.9,35,2161,0.0,-26.400000000000002,14.2,36,-3.03,-0.345,0,
B-A-low-3,1.41083,1789992625.9581,decel,11.7275,3.6226,0.374,0.2,0.2,-1,-3.375,0.0,11.707,1911,0.0,19.200000000000003,14.9,35,2161,0.0,-26.400000000000002,14.2,36,-3.03,-0.345,0,
B-A-low-3,1.41283,1789992625.9601,decel,11.7275,3.6226,0.374,0.2,0.2,-1,-3.375,0.0,11.707,1911,0.0,19.200000000000003,14.9,35,2161,0.0,-26.400000000000002,14.2,36,-3.03,-0.345,0,
B-A-low-3,1.41483,1789992625.9621,decel,11.7275,3.6226,0.374,0.2,0.2,-1,-3.375,0.0,11.707,1911,0.0,19.200000000000003,14.9,35,2161,0.0,-26.400000000000002,14.2,36,-3.03,-0.345,0,
B-A-low-3,1.41683,1789992625.9641,decel,11.7275,3.6226,0.374,0.2,0.2,-1,-3.337,0.3348,11.707,1912,0.0,20.0,14.9,35,2161,0.0,-26.400000000000002,14.2,36,-3.03,-0.307,0,
B-A-low-3,1.41883,1789992625.9661,decel,11.7275,3.6226,0.374,0.2,0.2,-1,-3.375,-0.3346,11.707,1911,0.0,19.200000000000003,14.9,35,2161,0.0,-26.400000000000002,14.2,36,-3.03,-0.345,0,
B-A-low-3,1.42082,1789992625.9681,decel,11.7275,3.6226,0.374,0.2,0.2,-1,-3.375,0.0,11.707,1911,0.0,19.200000000000003,14.9,35,2161,0.0,-26.400000000000002,14.2,36,-3.03,-0.345,0,
B-A-low-3,1.42284,1789992625.9702,decel,11.7275,3.6226,0.374,0.2,0.2,-1,-3.375,0.0,11.707,1911,0.0,19.200000000000003,14.9,35,2161,0.0,-26.400000000000002,14.2,36,-3.03,-0.345,0,
B-A-low-3,1.42483,1789992625.9721,decel,11.7275,3.6226,0.374,0.2,0.2,-1,-3.375,0.0,11.707,1911,0.0,19.200000000000003,14.9,35,2161,0.0,-26.400000000000002,14.2,36,-3.03,-0.345,0,
B-A-low-3,1.42683,1789992625.9741,decel,11.7275,3.6226,0.374,0.2,0.2,-1,-3.375,0.0,11.707,1911,0.0,19.200000000000003,14.9,35,2161,0.0,-26.400000000000002,14.2,36,-3.03,-0.345,0,
B-A-low-3,1.42884,1789992625.9761,decel,11.7275,3.6226,0.374,0.2,0.2,-1,-3.375,0.0,11.707,1911,0.0,19.200000000000003,14.9,35,2161,0.0,-26.400000000000002,14.2,36,-3.03,-0.345,0,
B-A-low-3,1.43083,1789992625.9781,decel,11.7275,3.6226,0.374,0.2,0.2,-1,-3.375,0.0,11.707,1911,0.0,19.200000000000003,14.9,35,2161,0.0,-26.400000000000002,14.2,36,-3.03,-0.345,0,
B-A-low-3,1.43283,1789992625.9801,decel,11.7275,3.6226,0.374,0.2,0.2,-1,-3.375,0.0,11.707,1911,0.0,19.200000000000003,14.9,35,2161,0.0,-26.400000000000002,14.2,36,-3.03,-0.345,0,
B-A-low-3,1.43483,1789992625.9821,decel,11.7275,3.6226,0.374,0.2,0.2,-1,-3.375,0.0,11.707,1911,0.0,19.200000000000003,14.9,35,2161,0.0,-26.400000000000002,14.2,36,-3.03,-0.345,0,
B-A-low-3,1.43683,1789992625.9841,decel,11.7275,3.6226,0.374,0.2,0.2,-1,-3.375,0.0,11.707,1911,0.0,19.200000000000003,14.9,35,2161,0.0,-26.400000000000002,14.2,36,-3.03,-0.345,0,
B-A-low-3,1.43883,1789992625.9861,decel,11.7275,3.6226,0.374,0.2,0.2,-1,-3.375,0.0,11.707,1911,0.0,19.200000000000003,14.9,35,2161,0.0,-26.400000000000002,14.2,36,-3.03,-0.345,0,
B-A-low-3,1.44083,1789992625.9881,decel,11.7275,3.6226,0.374,0.2,0.2,-1,-3.375,0.0,11.707,1911,0.0,19.200000000000003,14.9,35,2161,0.0,-26.400000000000002,14.2,36,-3.03,-0.345,0,
B-A-low-3,1.44382,1789992625.9911,decel,11.7275,3.6226,0.374,0.2,0.2,-1,-3.375,0.0,11.707,1911,0.0,19.200000000000003,14.9,35,2161,0.0,-26.400000000000002,14.2,36,-3.03,-0.345,0,
B-A-low-3,1.44483,1789992625.9921,decel,11.7275,3.6226,0.374,0.2,0.2,-1,-3.375,0.0,11.707,1911,0.0,19.200000000000003,14.9,35,2161,0.0,-26.400000000000002,14.2,36,-3.03,-0.345,0,
B-A-low-3,1.44683,1789992625.9941,decel,11.7275,3.6226,0.374,0.2,0.2,-1,-3.375,0.0,11.707,1911,0.0,19.200000000000003,14.9,35,2161,0.0,-26.400000000000002,14.2,36,-3.03,-0.345,0,
B-A-low-3,1.44884,1789992625.9961,decel,11.7275,3.6226,0.374,0.2,0.2,-1,-3.375,0.0,11.707,1911,0.0,19.200000000000003,14.9,35,2161,0.0,-26.400000000000002,14.2,36,-3.03,-0.345,0,
B-A-low-3,1.45083,1789992625.9981,decel,11.7275,3.6226,0.374,0.2,0.2,-1,-3.375,0.0,11.707,1911,0.0,19.200000000000003,14.9,35,2161,0.0,-26.400000000000002,14.2,36,-3.03,-0.345,0,
B-A-low-3,1.45283,1789992626.0001,decel,11.7275,3.6226,0.374,0.2,0.2,-1,-3.375,0.0,11.707,1911,0.0,19.200000000000003,14.9,35,2161,0.0,-26.400000000000002,14.2,36,-3.03,-0.345,0,
B-A-low-3,1.45483,1789992626.0021,decel,11.7275,3.6226,0.374,0.2,0.2,-1,-3.375,0.0,11.707,1911,0.0,19.200000000000003,14.9,35,2161,0.0,-26.400000000000002,14.2,36,-3.03,-0.345,0,
B-A-low-3,1.45683,1789992626.0041,decel,11.7275,3.6226,0.374,0.2,0.2,-1,-3.375,0.0,11.707,1911,0.0,19.200000000000003,14.9,35,2161,0.0,-26.400000000000002,14.3,36,-3.03,-0.345,0,
B-A-low-3,1.45883,1789992626.0061,decel,11.7275,3.6226,0.374,0.2,0.2,-1,-3.375,0.0,11.707,1911,0.0,19.200000000000003,14.9,35,2161,0.0,-26.400000000000002,14.3,36,-3.03,-0.345,0,
B-A-low-3,1.46083,1789992626.0081,decel,11.7275,3.6226,0.374,0.2,0.2,-1,-3.375,0.0,11.707,1911,0.0,19.200000000000003,14.9,35,2161,0.0,-26.400000000000002,14.3,36,-3.03,-0.345,0,
B-A-low-3,1.46283,1789992626.0101,decel,11.7275,3.6226,0.374,0.2,0.2,-1,-3.375,0.0,11.707,1911,0.0,19.200000000000003,14.9,35,2161,0.0,-26.400000000000002,14.3,36,-3.03,-0.345,0,
B-A-low-3,1.46482,1789992626.0121,decel,11.7275,3.6226,0.374,0.2,0.2,-1,-3.375,0.0,11.707,1911,0.0,19.200000000000003,14.9,35,2161,0.0,-26.400000000000002,14.3,36,-3.03,-0.345,0,
B-A-low-3,1.46684,1789992626.0141,decel,11.7275,3.6226,0.374,0.2,0.2,-1,-3.375,0.0,11.707,1911,0.0,19.200000000000003,14.9,35,2161,0.0,-26.400000000000002,14.3,36,-3.03,-0.345,0,
B-A-low-3,1.46884,1789992626.0162,decel,11.7275,3.6226,0.374,0.2,0.2,-1,-3.375,0.0,11.707,1911,0.0,19.200000000000003,14.9,35,2161,0.0,-26.400000000000002,14.3,36,-3.03,-0.345,0,
B-A-low-3,1.47084,1789992626.0181,decel,11.7275,3.6226,0.374,0.2,0.2,-1,-3.375,0.0,11.707,1911,0.0,19.200000000000003,14.9,35,2161,0.0,-26.400000000000002,14.3,36,-3.03,-0.345,0,
B-A-low-3,1.47283,1789992626.0201,decel,11.7275,3.6226,0.374,0.2,0.2,-1,-3.375,0.0,11.707,1911,0.0,19.200000000000003,14.9,35,2161,0.0,-26.400000000000002,14.3,36,-3.03,-0.345,0,
B-A-low-3,1.47483,1789992626.0221,decel,11.7275,3.6226,0.374,0.2,0.2,-1,-3.375,0.0,11.707,1911,0.0,19.200000000000003,14.9,35,2161,0.0,-26.400000000000002,14.3,36,-3.03,-0.345,0,
B-A-low-3,1.47683,1789992626.0241,decel,11.7275,3.6226,0.374,0.2,0.2,-1,-3.375,0.0,11.707,1911,0.0,19.200000000000003,14.9,35,2161,0.0,-26.400000000000002,14.3,36,-3.03,-0.345,0,
B-A-low-3,1.47881,1789992626.0261,decel,11.7275,3.6226,0.374,0.2,0.2,-1,-3.375,0.0,11.707,1911,0.0,19.200000000000003,14.9,35,2161,0.0,-26.400000000000002,14.3,36,-3.03,-0.345,0,
B-A-low-3,1.48083,1789992626.0281,decel,11.7275,3.6226,0.374,0.2,0.2,-1,-3.375,0.0,11.707,1911,0.0,19.200000000000003,14.9,35,2161,0.0,-26.400000000000002,14.3,36,-3.03,-0.345,0,
B-A-low-3,1.48283,1789992626.0301,decel,11.7275,3.6226,0.374,0.2,0.2,-1,-3.375,0.0,11.707,1911,0.0,19.200000000000003,14.9,35,2161,0.0,-26.400000000000002,14.3,36,-3.03,-0.345,0,
B-A-low-3,1.48483,1789992626.0321,decel,11.7275,3.6226,0.374,0.2,0.2,-1,-3.375,0.0,11.707,1911,0.0,19.200000000000003,14.9,35,2161,0.0,-26.400000000000002,14.3,36,-3.03,-0.345,0,
B-A-low-3,1.48683,1789992626.0341,decel,11.7275,3.6226,0.374,0.2,0.2,-1,-3.375,0.0,11.707,1911,0.0,19.200000000000003,14.9,35,2161,0.0,-26.400000000000002,14.3,36,-3.03,-0.345,0,
B-A-low-3,1.48883,1789992626.0361,decel,11.7275,3.6226,0.374,0.2,0.2,-1,-3.375,0.0,11.707,1911,0.0,19.200000000000003,14.9,35,2161,0.0,-26.400000000000002,14.3,36,-3.03,-0.345,0,
B-A-low-3,1.49083,1789992626.0381,decel,11.7275,3.6226,0.374,0.2,0.2,-1,-3.375,0.0,11.707,1911,0.0,19.200000000000003,14.9,35,2161,0.0,-26.400000000000002,14.3,36,-3.03,-0.345,0,
B-A-low-3,1.4929,1789992626.0402,decel,11.7275,3.6226,0.374,0.2,0.2,-1,-3.375,0.0,11.707,1911,0.0,19.200000000000003,14.9,35,2161,0.0,-26.400000000000002,14.3,36,-3.03,-0.345,0,
B-A-low-3,1.49483,1789992626.0421,decel,11.7275,3.6226,0.374,0.2,0.2,-1,-3.375,0.0,11.707,1911,0.0,19.200000000000003,14.9,35,2161,0.0,-26.400000000000002,14.3,36,-3.03,-0.345,0,
B-A-low-3,1.49683,1789992626.0441,decel,11.7275,3.6226,0.374,0.2,0.2,-1,-3.375,0.0,11.707,1911,0.0,19.200000000000003,14.9,35,2161,0.0,-26.400000000000002,14.3,36,-3.03,-0.345,0,
B-A-low-3,1.49883,1789992626.0461,decel,11.7275,3.6226,0.374,0.2,0.2,-1,-3.375,0.0,11.707,1911,0.0,19.200000000000003,14.9,35,2161,0.0,-26.400000000000002,14.3,36,-3.03,-0.345,0,
B-A-low-3,1.50081,1789992626.0481,decel,11.7275,3.6226,0.374,0.2,0.2,-1,-3.375,0.0,11.707,1911,0.0,19.200000000000003,14.9,35,2161,0.0,-26.400000000000002,14.3,36,-3.03,-0.345,0,
B-A-low-3,1.50283,1789992626.0501,decel,11.7275,3.6226,0.374,0.2,0.2,-1,-3.375,0.0,11.707,1911,0.0,19.200000000000003,14.9,35,2161,0.0,-26.400000000000002,14.3,36,-3.03,-0.345,0,
B-A-low-3,1.50483,1789992626.0521,decel,11.7275,3.6226,0.374,0.2,0.2,-1,-3.375,0.0,11.707,1911,0.0,19.200000000000003,14.9,35,2161,0.0,-26.400000000000002,14.3,36,-3.03,-0.345,0,
B-A-low-3,1.50683,1789992626.0541,decel,11.7275,3.6226,0.374,0.2,0.2,-1,-3.375,0.0,11.707,1911,0.0,19.200000000000003,14.9,35,2161,0.0,-26.400000000000002,14.3,36,-3.03,-0.345,0,
B-A-low-3,1.50883,1789992626.0561,decel,11.7275,3.6226,0.374,0.2,0.2,-1,-3.375,0.0,11.707,1911,0.0,19.200000000000003,14.9,35,2161,0.0,-26.400000000000002,14.3,36,-3.03,-0.345,0,
B-A-low-3,1.51083,1789992626.0581,decel,11.7275,3.6226,0.374,0.2,0.2,-1,-3.375,0.0,11.707,1911,0.0,19.200000000000003,14.9,35,2161,0.0,-26.400000000000002,14.3,36,-3.03,-0.345,0,
B-A-low-3,1.51283,1789992626.0601,decel,11.7275,3.6226,0.374,0.2,0.2,-1,-3.375,0.0,11.707,1911,0.0,19.200000000000003,14.9,35,2161,0.0,-26.400000000000002,14.3,36,-3.03,-0.345,0,
B-A-low-3,1.51481,1789992626.0621,decel,11.7275,3.6226,0.374,0.2,0.2,-1,-3.375,0.0,11.707,1911,0.0,19.200000000000003,14.9,35,2161,0.0,-26.400000000000002,14.3,36,-3.03,-0.345,0,
B-A-low-3,1.51683,1789992626.0641,decel,11.7275,3.6226,0.374,0.2,0.2,-1,-3.375,0.0,11.707,1911,0.0,19.200000000000003,14.9,35,2161,0.0,-26.400000000000002,14.3,36,-3.03,-0.345,0,
B-A-low-3,1.51883,1789992626.0661,decel,11.7275,3.6226,0.374,0.2,0.2,-1,-3.375,0.0,11.707,1911,0.0,19.200000000000003,14.9,35,2161,0.0,-26.400000000000002,14.3,36,-3.03,-0.345,0,
B-A-low-3,1.52082,1789992626.0681,decel,11.7275,3.6226,0.374,0.2,0.2,-1,-3.375,0.0,11.707,1911,0.0,19.200000000000003,14.9,35,2161,0.0,-26.400000000000002,14.3,36,-3.03,-0.345,0,
B-A-low-3,1.52283,1789992626.0701,decel,11.7275,3.6226,0.374,0.2,0.2,-1,-3.375,0.0,11.707,1911,0.0,19.200000000000003,14.9,35,2161,0.0,-26.400000000000002,14.3,36,-3.03,-0.345,0,
B-A-low-3,1.52483,1789992626.0721,decel,11.7275,3.6226,0.374,0.2,0.2,-1,-3.375,0.0,11.707,1911,0.0,19.200000000000003,14.9,35,2161,0.0,-26.400000000000002,14.3,36,-3.03,-0.345,0,
B-A-low-3,1.52683,1789992626.0741,decel,11.7275,3.6226,0.374,0.2,0.2,-1,-3.375,0.0,11.707,1911,0.0,19.200000000000003,14.9,35,2161,0.0,-26.400000000000002,14.3,36,-3.03,-0.345,0,
B-A-low-3,1.52895,1789992626.0763,decel,11.7275,3.6226,0.374,0.2,0.2,-1,-3.375,0.0,11.707,1911,0.0,19.200000000000003,14.9,35,2161,0.0,-26.400000000000002,14.3,36,-3.03,-0.345,0,
B-A-low-3,1.53083,1789992626.0781,decel,11.7275,3.6226,0.374,0.2,0.2,-1,-3.375,0.0,11.707,1911,0.0,19.200000000000003,14.9,35,2161,0.0,-26.400000000000002,14.3,36,-3.03,-0.345,0,
B-A-low-3,1.53283,1789992626.0801,decel,11.7275,3.6226,0.374,0.2,0.2,-1,-3.375,0.0,11.707,1911,0.0,19.200000000000003,14.9,35,2161,0.0,-26.400000000000002,14.3,36,-3.03,-0.345,0,
B-A-low-3,1.53483,1789992626.0821,decel,11.7275,3.6226,0.374,0.2,0.2,-1,-3.375,0.0,11.707,1911,0.0,19.200000000000003,14.9,35,2161,0.0,-26.400000000000002,14.3,36,-3.03,-0.345,0,
B-A-low-3,1.53681,1789992626.0841,decel,11.7275,3.6226,0.374,0.2,0.2,-1,-3.375,0.0,11.707,1911,0.0,19.200000000000003,14.9,35,2161,0.0,-26.400000000000002,14.3,36,-3.03,-0.345,0,
B-A-low-3,1.53883,1789992626.0861,decel,11.7275,3.6226,0.374,0.2,0.2,-1,-3.375,0.0,11.707,1911,0.0,19.200000000000003,14.9,35,2161,0.0,-26.400000000000002,14.3,36,-3.03,-0.345,0,
B-A-low-3,1.54083,1789992626.0881,decel,11.7275,3.6226,0.374,0.2,0.2,-1,-3.375,0.0,11.707,1911,0.0,19.200000000000003,14.9,35,2161,0.0,-26.400000000000002,14.3,36,-3.03,-0.345,0,
B-A-low-3,1.54283,1789992626.0901,decel,11.7275,3.6226,0.374,0.2,0.2,-1,-3.375,0.0,11.707,1911,0.0,19.200000000000003,14.9,35,2161,0.0,-26.400000000000002,14.3,36,-3.03,-0.345,0,
B-A-low-3,1.54483,1789992626.0921,decel,11.7275,3.6226,0.374,0.2,0.2,-1,-3.375,0.0,11.707,1911,0.0,19.200000000000003,14.9,35,2161,0.0,-26.400000000000002,14.3,36,-3.03,-0.345,0,
B-A-low-3,1.54683,1789992626.0941,decel,11.7275,3.6226,0.374,0.2,0.2,-1,-3.375,0.0,11.707,1911,0.0,19.200000000000003,14.9,35,2161,0.0,-26.400000000000002,14.3,36,-3.03,-0.345,0,
B-A-low-3,1.54883,1789992626.0961,decel,11.7275,3.6226,0.374,0.2,0.2,-1,-3.375,0.0,11.707,1911,0.0,19.200000000000003,14.9,35,2161,0.0,-26.400000000000002,14.3,36,-3.03,-0.345,0,
B-A-low-3,1.55081,1789992626.0981,decel,11.7275,3.6226,0.374,0.2,0.2,-1,-3.375,0.0,11.707,1911,0.0,19.200000000000003,14.9,35,2161,0.0,-26.400000000000002,14.3,36,-3.03,-0.345,0,
B-A-low-3,1.55283,1789992626.1001,decel,11.7275,3.6226,0.374,0.2,0.2,-1,-3.375,0.0,11.707,1911,0.0,19.200000000000003,14.9,35,2161,0.0,-26.400000000000002,14.3,36,-3.03,-0.345,0,
B-A-low-3,1.55483,1789992626.1021,decel,11.7275,3.6226,0.374,0.2,0.2,-1,-3.375,0.0,11.707,1911,0.0,19.200000000000003,14.9,35,2161,0.0,-26.400000000000002,14.3,36,-3.03,-0.345,0,
B-A-low-3,1.55683,1789992626.1041,decel,11.7275,3.6226,0.374,0.2,0.2,-1,-3.337,0.3347,11.707,1912,0.0,20.0,14.9,35,2161,0.0,-26.400000000000002,14.3,36,-3.03,-0.307,0,
B-A-low-3,1.55883,1789992626.1061,decel,11.7275,3.6226,0.374,0.2,0.2,-1,-3.375,-0.3346,11.707,1911,0.0,19.200000000000003,14.9,35,2161,0.0,-26.400000000000002,14.3,36,-3.03,-0.345,0,
B-A-low-3,1.56083,1789992626.1081,decel,11.7275,3.6226,0.374,0.2,0.2,-1,-3.375,0.0,11.707,1911,0.0,19.200000000000003,14.9,35,2160,0.0,-27.200000000000003,14.3,36,-2.991,-0.384,0,
B-A-low-3,1.56283,1789992626.1101,decel,11.7275,3.6226,0.374,0.2,0.2,-1,-3.375,0.0,11.707,1911,0.0,19.200000000000003,14.9,35,2161,0.0,-26.400000000000002,14.3,36,-3.03,-0.345,0,
B-A-low-3,1.56483,1789992626.1121,decel,11.7275,3.6226,0.374,0.2,0.2,-1,-3.375,0.0,11.707,1911,0.0,19.200000000000003,14.9,35,2161,0.0,-26.400000000000002,14.3,36,-3.03,-0.345,0,
B-A-low-3,1.56683,1789992626.1141,decel,11.7275,3.6226,0.374,0.2,0.2,-1,-3.375,0.0,11.707,1911,0.0,19.200000000000003,14.9,35,2161,0.0,-26.400000000000002,14.3,36,-3.03,-0.345,0,
B-A-low-3,1.56883,1789992626.1161,decel,11.7275,3.6226,0.374,0.2,0.2,-1,-3.375,0.0,11.707,1911,0.0,19.200000000000003,14.9,35,2161,0.0,-26.400000000000002,14.3,36,-3.03,-0.345,0,
B-A-low-3,1.57083,1789992626.1181,decel,11.7275,3.6226,0.374,0.2,0.2,-1,-3.375,0.0,11.707,1911,0.0,19.200000000000003,14.9,35,2161,0.0,-26.400000000000002,14.3,36,-3.03,-0.345,0,
B-A-low-3,1.57281,1789992626.1201,decel,11.7275,3.6226,0.374,0.2,0.2,-1,-3.337,0.3376,11.707,1912,0.0,20.0,14.3,35,2161,0.0,-26.400000000000002,14.3,36,-3.03,-0.307,0,
B-A-low-3,1.57483,1789992626.1221,decel,11.7275,3.6226,0.374,0.2,0.2,-1,-3.375,-0.3322,11.707,1911,0.0,19.200000000000003,14.3,35,2161,0.0,-26.400000000000002,15.1,36,-3.03,-0.345,0,
B-A-low-3,1.57683,1789992626.1241,decel,11.7275,3.6226,0.374,0.2,0.2,-1,-3.375,0.0,11.707,1911,0.0,19.200000000000003,14.3,35,2161,0.0,-26.400000000000002,15.1,36,-3.03,-0.345,0,
B-A-low-3,1.57883,1789992626.1261,decel,11.7275,3.6226,0.374,0.2,0.2,-1,-3.375,0.0,11.707,1911,0.0,19.200000000000003,14.3,35,2161,0.0,-26.400000000000002,15.1,36,-3.03,-0.345,0,
B-A-low-3,1.58083,1789992626.1281,decel,11.7275,3.6226,0.374,0.2,0.2,-1,-3.375,0.0,11.707,1911,0.0,19.200000000000003,14.3,35,2161,0.0,-26.400000000000002,15.1,36,-3.03,-0.345,0,
B-A-low-3,1.58283,1789992626.1301,decel,11.7275,3.6226,0.374,0.2,0.2,-1,-3.375,0.0,11.707,1911,0.0,19.200000000000003,14.3,35,2161,0.0,-26.400000000000002,15.1,36,-3.03,-0.345,0,
B-A-low-3,1.58483,1789992626.1321,decel,11.7275,3.6226,0.374,0.2,0.2,-1,-3.375,0.0,11.707,1911,0.0,19.200000000000003,14.3,35,2161,0.0,-26.400000000000002,15.1,36,-3.03,-0.345,0,
B-A-low-3,1.58681,1789992626.1341,decel,11.7275,3.6226,0.374,0.2,0.2,-1,-3.375,0.0,11.707,1911,0.0,19.200000000000003,14.3,35,2161,0.0,-26.400000000000002,15.1,36,-3.03,-0.345,0,
B-A-low-3,1.58883,1789992626.1361,decel,11.7275,3.6226,0.374,0.2,0.2,-1,-3.375,0.0,11.707,1911,0.0,19.200000000000003,14.3,35,2161,0.0,-26.400000000000002,15.1,36,-3.03,-0.345,0,
B-A-low-3,1.59083,1789992626.1381,decel,11.7275,3.6226,0.374,0.2,0.2,-1,-3.375,0.0,11.707,1911,0.0,19.200000000000003,14.3,35,2161,0.0,-26.400000000000002,15.1,36,-3.03,-0.345,0,
B-A-low-3,1.59283,1789992626.1401,decel,11.7275,3.6226,0.374,0.2,0.2,-1,-3.375,0.0,11.707,1911,0.0,19.200000000000003,14.3,35,2161,0.0,-26.400000000000002,15.1,36,-3.03,-0.345,0,
B-A-low-3,1.59481,1789992626.1421,decel,11.7275,3.6226,0.374,0.2,0.2,-1,-3.375,0.0,11.707,1911,0.0,19.200000000000003,14.3,35,2161,0.0,-26.400000000000002,15.1,36,-3.03,-0.345,0,
B-A-low-3,1.59683,1789992626.1441,decel,11.7275,3.6226,0.374,0.2,0.2,-1,-3.375,0.0,11.707,1911,0.0,19.200000000000003,14.3,35,2161,0.0,-26.400000000000002,15.1,36,-3.03,-0.345,0,
B-A-low-3,1.59882,1789992626.1461,decel,11.7275,3.6226,0.374,0.2,0.2,-1,-3.375,0.0,11.707,1911,0.0,19.200000000000003,14.3,35,2161,0.0,-26.400000000000002,15.1,36,-3.03,-0.345,0,
