run_id,rep,t_s,q_deg,tau_grav_Nm,pos1,spd1_rpm,load1_pct,volt1,temp1_C,pos2,spd2_rpm,load2_pct,volt2,temp2_C,dq12_deg,comm_fail,note
C-B-1,1,0.00105,30.2216,15.1995,2787,0.0,5.6000000000000005,14.1,25,1286,0.0,-11.200000000000001,15.0,25,-0.307,0,
C-B-1,1,0.00205,30.2599,15.1936,2788,0.0,6.4,14.1,25,1286,0.0,-11.200000000000001,15.0,25,-0.268,0,
C-B-1,1,0.00304,30.2599,15.1936,2788,0.0,6.4,14.1,25,1286,0.0,-11.200000000000001,15.0,25,-0.268,0,
C-B-1,1,0.00395,30.2599,15.1936,2788,0.0,7.2,14.1,25,1286,0.0,-12.0,15.0,25,-0.268,0,
C-B-1,1,0.00496,30.2599,15.1936,2788,0.0,7.2,14.1,25,1286,0.0,-12.0,15.0,25,-0.268,0,
C-B-1,1,0.00598,30.2599,15.1936,2788,0.0,7.2,14.1,25,1286,0.0,-12.0,15.0,25,-0.268,0,
C-B-1,1,0.00696,30.2599,15.1936,2788,0.0,8.0,14.1,25,1286,0.0,-12.8,15.0,25,-0.268,0,
C-B-1,1,0.00803,30.2599,15.1936,2788,0.0,8.0,14.1,25,1286,0.0,-12.8,15.0,25,-0.268,0,
C-B-1,1,0.00895,30.2599,15.1936,2788,0.0,8.8,14.1,25,1286,0.0,-13.600000000000001,15.0,25,-0.268,0,
C-B-1,1,0.00996,30.2599,15.1936,2788,0.0,8.8,14.1,25,1286,0.0,-13.600000000000001,15.0,25,-0.268,0,
C-B-1,1,0.01095,30.2599,15.1936,2788,0.0,10.4,14.1,25,1286,0.0,-15.200000000000001,15.0,25,-0.268,0,
C-B-1,1,0.01195,30.2599,15.1936,2788,0.0,11.200000000000001,14.1,25,1286,0.0,-16.0,15.0,25,-0.268,0,
C-B-1,1,0.01287,30.2599,15.1936,2788,0.0,12.0,14.1,25,1286,0.0,-16.0,15.0,25,-0.268,0,
C-B-1,1,0.01387,30.2599,15.1936,2788,0.0,12.0,14.1,25,1286,0.0,-16.8,15.0,25,-0.268,0,
C-B-1,1,0.01487,30.2599,15.1936,2788,0.0,12.0,14.1,25,1286,0.0,-17.6,15.0,25,-0.268,0,
C-B-1,1,0.01601,30.2599,15.1936,2788,0.0,14.4,14.1,25,1286,0.0,-18.400000000000002,15.0,25,-0.268,0,
C-B-1,1,0.01688,30.2599,15.1936,2788,0.0,15.200000000000001,14.1,25,1285,0.0,-20.8,15.0,25,-0.307,0,
C-B-1,1,0.01787,30.2599,15.1936,2788,0.0,16.0,14.1,25,1286,0.0,-20.8,15.0,25,-0.268,0,
C-B-1,1,0.01888,30.2599,15.1936,2788,0.0,16.8,14.1,25,1286,0.0,-21.6,15.0,25,-0.268,0,
C-B-1,1,0.01987,30.2599,15.1936,2788,0.0,17.6,14.1,25,1286,0.0,-24.0,15.0,25,-0.268,0,
C-B-1,1,0.02088,30.2599,15.1936,2788,0.0,19.200000000000003,14.1,25,1286,0.0,-24.8,15.0,25,-0.268,0,
C-B-1,1,0.02187,30.2599,15.1936,2788,0.0,20.0,14.1,25,1285,0.0,-27.200000000000003,15.0,25,-0.307,0,
C-B-1,1,0.02289,30.2599,15.1936,2788,0.0,21.6,14.1,25,1286,0.0,-27.200000000000003,15.0,25,-0.268,0,
C-B-1,1,0.02387,30.2599,15.1936,2788,0.0,22.400000000000002,14.1,25,1286,0.0,-28.8,15.0,25,-0.268,0,
C-B-1,1,0.02487,30.2599,15.1936,2788,0.0,25.6,14.1,25,1286,0.0,-29.6,15.0,25,-0.268,0,
C-B-1,1,0.02587,30.2599,15.1936,2788,0.0,26.400000000000002,14.1,25,1286,0.0,-31.200000000000003,15.0,25,-0.268,0,
C-B-1,1,0.02687,30.2216,15.1995,2787,0.0,27.200000000000003,14.1,25,1285,0.0,-33.6,15.0,25,-0.345,0,
C-B-1,1,0.02788,30.2599,15.1936,2788,0.0,29.6,14.1,25,1285,0.0,-35.2,15.0,25,-0.307,0,
C-B-1,1,0.02887,30.2599,15.1936,2788,0.0,31.200000000000003,14.1,25,1286,0.0,-37.6,15.0,25,-0.268,0,
C-B-1,1,0.02988,30.2599,15.1936,2788,0.0,32.800000000000004,14.1,25,1286,0.0,-39.2,15.0,25,-0.268,0,
C-B-1,1,0.03087,30.2599,15.1936,2788,0.0,34.4,14.1,25,1286,0.0,-40.800000000000004,15.0,25,-0.268,0,
C-B-1,1,0.03188,30.2599,15.1936,2788,0.0,36.0,14.1,25,1286,0.0,-42.400000000000006,15.0,25,-0.268,0,
C-B-1,1,0.03287,30.2599,15.1936,2788,0.0,37.6,14.1,25,1286,0.0,-44.0,15.0,25,-0.268,0,
C-B-1,1,0.03388,30.2599,15.1936,2788,0.0,41.6,14.1,25,1286,0.0,-45.6,15.0,25,-0.268,0,
C-B-1,1,0.03487,30.2216,15.1995,2787,0.0,42.400000000000006,14.1,25,1286,0.0,-48.0,15.0,25,-0.307,0,
C-B-1,1,0.03588,30.2216,15.1995,2787,0.0,44.0,14.1,25,1286,0.0,-49.6,15.0,25,-0.307,0,
C-B-1,1,0.03687,30.2216,15.1995,2787,0.0,46.400000000000006,14.1,25,1286,0.0,-52.0,15.0,25,-0.307,0,
C-B-1,1,0.03788,30.2216,15.1995,2787,0.0,48.800000000000004,14.1,25,1287,0.0,-52.800000000000004,15.0,25,-0.268,0,
C-B-1,1,0.03887,30.1832,15.2055,2786,-1.01,47.900000000000006,14.1,25,1287,0.0,-55.2,15.0,25,-0.307,0,
C-B-1,1,0.03988,30.1832,15.2055,2786,-1.01,50.300000000000004,14.1,25,1286,0.0,-57.6,15.0,25,-0.345,0,
C-B-1,1,0.04087,30.1832,15.2055,2786,-1.01,52.7,14.1,25,1287,0.0,-61.6,15.0,25,-0.307,0,
C-B-1,1,0.04188,30.1832,15.2055,2786,-1.01,54.300000000000004,14.1,25,1287,0.0,-61.6,15.0,25,-0.307,0,
C-B-1,1,0.04288,30.1449,15.2114,2785,-1.51,57.400000000000006,14.1,25,1288,1.01,-63.900000000000006,15.0,25,-0.307,0,
C-B-1,1,0.04388,30.1065,15.2173,2784,-1.51,59.0,14.1,25,1288,1.01,-66.3,15.0,25,-0.345,0,
C-B-1,1,0.04488,30.1065,15.2173,2784,-2.01,60.5,14.1,25,1289,1.51,-67.0,15.0,25,-0.307,0,
C-B-1,1,0.04588,30.0682,15.2232,2783,-2.52,61.300000000000004,14.1,25,1289,2.01,-68.5,15.0,25,-0.345,0,
C-B-1,1,0.04688,30.0682,15.2232,2783,-2.52,63.7,14.1,25,1290,2.01,-70.10000000000001,15.0,25,-0.307,0,
C-B-1,1,0.04788,30.0682,15.2232,2783,-2.52,66.9,14.1,25,1290,2.01,-72.5,14.8,25,-0.307,0,
C-B-1,1,0.35808,3.1832,17.5632,2082,-37.24,33.9,14.1,25,1982,36.23,-35.7,14.1,25,-0.652,9,
C-B-1,1,0.35902,3.0682,17.5651,2079,-37.74,33.1,14.1,25,1985,36.73,-34.800000000000004,14.1,25,-0.652,9,
C-B-1,1,0.35999,2.9915,17.5663,2077,-37.74,33.1,14.1,25,1988,37.24,-33.9,14.1,25,-0.614,9,
C-B-1,1,0.36099,2.9148,17.5676,2075,-37.24,33.9,14.1,25,1990,36.73,-34.800000000000004,14.1,25,-0.614,9,
C-B-1,1,0.362,2.8381,17.5687,2073,-37.24,33.9,14.1,25,1992,36.73,-34.800000000000004,14.1,25,-0.614,9,
C-B-1,1,0.363,2.7614,17.5699,2071,-36.73,34.800000000000004,14.1,25,1994,36.23,-35.7,14.1,25,-0.614,9,
C-B-1,1,0.36401,2.6463,17.5716,2068,-37.74,33.1,14.1,25,1997,37.24,-33.9,14.1,25,-0.614,9,
C-B-1,1,0.36501,2.5312,17.5731,2065,-38.24,32.2,14.1,25,2000,37.24,-33.9,14.1,25,-0.614,9,
C-B-1,1,0.36597,2.3778,17.5752,2061,-37.74,33.1,14.1,25,2004,36.73,-34.800000000000004,14.1,25,-0.614,9,
C-B-1,1,0.36697,2.3011,17.5761,2059,-37.24,33.9,14.1,25,2006,36.73,-34.800000000000004,14.1,25,-0.614,9,
C-B-1,1,0.36804,2.1861,17.5775,2056,-38.24,32.2,14.1,25,2009,37.74,-33.1,14.1,25,-0.614,9,
C-B-1,1,0.369,2.1094,17.5784,2054,-37.74,33.1,14.1,25,2011,37.74,-33.1,14.1,25,-0.614,9,
C-B-1,1,0.37,1.9943,17.5797,2051,-38.24,32.2,14.1,25,2013,37.24,-33.9,14.1,25,-0.652,9,
C-B-1,1,0.371,1.956,17.5801,2050,-37.24,33.9,14.1,25,2015,36.73,-34.800000000000004,14.1,25,-0.614,9,
C-B-1,1,0.37194,1.8409,17.5812,2047,-37.74,33.1,14.1,25,2017,36.23,-35.7,14.1,25,-0.652,9,
C-B-1,1,0.37293,1.7642,17.582,2045,-37.74,33.1,14.1,25,2020,37.24,-33.9,14.1,25,-0.614,9,
C-B-1,1,0.37394,1.6875,17.5827,2043,-37.74,33.1,14.1,25,2023,37.24,-33.9,14.1,25,-0.575,9,
C-B-1,1,0.37495,1.5724,17.5837,2040,-37.24,33.9,14.1,25,2027,36.73,-34.800000000000004,14.1,25,-0.537,9,
C-B-1,1,0.37595,1.5341,17.584,2039,-36.73,34.800000000000004,14.1,25,2029,36.73,-34.800000000000004,14.1,25,-0.499,9,
C-B-1,1,0.37695,1.419,17.5849,2036,-37.24,33.9,14.1,25,2031,37.24,-33.9,14.1,25,-0.537,9,
C-B-1,1,0.37794,1.3423,17.5855,2034,-37.24,33.9,14.1,25,2034,37.24,-33.9,14.1,25,-0.499,9,
C-B-1,1,0.37893,1.2273,17.5863,2031,-37.74,33.1,14.1,25,2036,37.24,-33.9,14.1,25,-0.537,9,
C-B-1,1,0.37994,1.0739,17.5872,2027,-37.24,33.9,14.1,25,2037,36.23,-35.7,14.1,25,-0.652,9,
C-B-1,1,0.38094,0.9972,17.5876,2025,-36.73,34.800000000000004,14.1,25,2040,36.73,-34.800000000000004,14.1,25,-0.614,9,
C-B-1,1,0.38194,0.8821,17.5882,2022,-37.24,33.9,14.1,25,2043,37.24,-33.9,14.1,25,-0.614,9,
C-B-1,1,0.38294,0.8054,17.5886,2020,-37.24,33.9,14.1,25,2045,37.24,-33.9,14.1,25,-0.614,9,
C-B-1,1,0.38394,0.652,17.5892,2016,-37.74,33.1,14.1,25,2049,36.73,-34.800000000000004,14.1,25,-0.614,9,
C-B-1,1,0.38493,0.6136,17.5893,2015,-37.24,33.9,14.1,25,2052,36.73,-34.800000000000004,14.1,25,-0.537,9,
C-B-1,1,0.38594,0.5369,17.5895,2013,-36.73,34.800000000000004,14.1,25,2054,37.24,-33.9,14.1,25,-0.537,9,
C-B-1,1,0.38694,0.4219,17.5898,2010,-37.74,33.1,14.1,25,2057,37.24,-33.9,14.1,25,-0.537,9,
C-B-1,1,0.38794,0.3452,17.59,2008,-37.24,33.9,14.1,25,2059,37.24,-33.9,14.1,25,-0.537,9,
C-B-1,1,0.38894,0.1534,17.5902,2003,-37.24,33.9,14.1,25,2060,36.23,-35.7,14.1,25,-0.69,9,
C-B-1,1,0.38992,0.0767,17.5903,2001,-37.24,33.9,14.1,25,2063,36.73,-34.800000000000004,14.1,25,-0.652,9,
C-B-1,1,0.39094,-0.0384,17.5903,1998,-37.74,33.1,14.1,25,2065,36.73,-34.800000000000004,14.1,25,-0.69,9,
C-B-1,1,0.39194,-0.1151,17.5903,1996,-37.74,33.1,14.1,25,2068,37.24,-33.9,14.1,25,-0.652,9,
C-B-1,1,0.39294,-0.2301,17.5902,1993,-37.74,33.1,14.1,25,2072,36.23,-35.7,14.1,25,-0.614,9,
C-B-1,1,0.39394,-0.2685,17.5901,1992,-36.73,34.800000000000004,14.1,25,2074,35.73,-36.6,14.1,25,-0.575,9,
C-B-1,1,0.39492,-0.3835,17.5899,1989,-37.24,33.9,14.1,25,2074,36.73,-34.800000000000004,14.1,25,-0.69,9,
C-B-1,1,0.39594,-0.4602,17.5897,1987,-37.24,33.9,14.1,25,2077,36.73,-34.800000000000004,14.1,25,-0.652,9,
C-B-1,1,0.39692,-0.5369,17.5895,1985,-37.24,33.9,14.1,25,2080,36.73,-34.800000000000004,14.1,25,-0.614,9,
C-B-1,1,0.39794,-0.6903,17.589,1981,-37.24,33.9,14.3,25,2083,36.23,-35.7,14.1,25,-0.652,9,
C-B-1,1,0.39892,-0.767,17.5887,1979,-36.73,34.800000000000004,14.3,25,2086,36.73,-34.800000000000004,14.1,25,-0.614,9,
C-B-1,1,0.39994,-0.8821,17.5882,1976,-37.74,33.1,14.3,25,2089,37.24,-33.9,14.1,25,-0.614,9,
C-B-1,1,0.40092,-0.9588,17.5878,1974,-37.24,33.9,14.3,25,2091,37.24,-33.9,14.1,25,-0.614,9,
C-B-1,1,0.40194,-1.0739,17.5872,1971,-37.74,33.1,14.3,25,2093,36.73,-34.800000000000004,14.1,25,-0.652,9,
C-B-1,1,0.40292,-1.1122,17.587,1970,-37.24,33.9,14.3,25,2095,36.23,-35.7,14.1,25,-0.614,9,
C-B-1,1,0.40394,-1.1889,17.5865,1968,-36.73,34.800000000000004,14.3,25,2097,36.23,-35.7,14.1,25,-0.614,9,
C-B-1,1,0.40493,-1.304,17.5858,1965,-37.74,33.1,14.3,25,2100,36.73,-34.800000000000004,14.1,25,-0.614,9,
C-B-1,1,0.40594,-1.419,17.5849,1962,-37.74,33.1,14.3,25,2102,36.73,-34.800000000000004,14.1,25,-0.652,9,
C-B-1,1,0.40692,-1.5724,17.5837,1958,-37.24,33.9,14.3,25,2107,36.73,-34.800000000000004,14.1,25,-0.614,9,
C-B-1,1,0.40794,-1.6491,17.583,1956,-37.24,33.9,14.3,25,2109,36.73,-34.800000000000004,14.1,25,-0.614,9,
C-B-1,1,0.40892,-1.7642,17.582,1953,-37.74,33.1,14.3,25,2111,37.24,-33.9,14.1,25,-0.652,9,
C-B-1,1,0.40994,-1.7642,17.582,1953,-37.74,33.1,14.3,25,2114,37.24,-33.9,14.1,25,-0.537,9,
C-B-1,1,0.41093,-1.9176,17.5805,1949,-37.24,33.9,14.3,25,2116,36.73,-34.800000000000004,14.1,25,-0.614,9,
C-B-1,1,0.41194,-1.9943,17.5797,1947,-37.24,33.9,14.3,25,2117,36.23,-35.7,14.1,25,-0.652,9,
C-B-1,1,0.41293,-2.071,17.5788,1945,-36.23,35.7,14.3,25,2120,36.73,-34.800000000000004,14.1,25,-0.614,9,
C-B-1,1,0.41394,-2.1861,17.5775,1942,-37.24,33.9,14.3,25,2123,37.24,-33.9,14.1,25,-0.614,9,
C-B-1,1,0.41493,-2.3011,17.5761,1939,-37.74,33.1,14.3,25,2125,36.73,-34.800000000000004,14.1,25,-0.652,9,
C-B-1,1,0.41594,-2.3778,17.5752,1937,-37.24,33.9,14.3,25,2129,36.23,-35.7,14.1,25,-0.575,9,
C-B-1,1,0.41693,-2.4545,17.5742,1935,-37.24,33.9,14.3,25,2131,36.23,-35.7,14.1,25,-0.575,9,
C-B-1,1,0.41794,-2.5312,17.5731,1933,-36.73,34.800000000000004,14.3,25,2133,36.73,-34.800000000000004,14.1,25,-0.575,9,
C-B-1,1,0.41893,-2.608,17.5721,1931,-36.73,34.800000000000004,14.3,25,2135,36.23,-35.7,14.1,25,-0.575,9,
C-B-1,1,0.41995,-2.6847,17.571,1929,-36.73,34.800000000000004,14.3,25,2138,36.73,-34.800000000000004,14.1,25,-0.537,9,
C-B-1,1,0.42093,-2.8764,17.5681,1924,-36.73,34.800000000000004,14.3,25,2139,35.73,-36.6,14.1,25,-0.69,9,
C-B-1,1,0.42195,-2.9531,17.567,1922,-36.23,35.7,14.3,25,2142,35.73,-36.6,14.1,25,-0.652,9,
C-B-1,1,0.42293,-3.0298,17.5657,1920,-36.73,34.800000000000004,14.3,25,2144,36.23,-35.7,14.1,25,-0.652,9,
C-B-1,1,0.42394,-3.1449,17.5638,1917,-36.73,34.800000000000004,14.3,25,2147,36.73,-34.800000000000004,14.1,25,-0.652,9,
C-B-1,1,0.42493,-3.2599,17.5618,1914,-37.24,33.9,14.3,25,2150,35.22,-37.4,14.1,25,-0.652,9,
C-B-1,1,0.42595,-3.2983,17.5612,1913,-36.73,34.800000000000004,14.3,25,2153,35.73,-36.6,14.1,25,-0.575,9,
C-B-1,1,0.42693,-3.4134,17.5591,1910,-36.73,34.800000000000004,14.3,25,2155,36.23,-35.7,14.1,25,-0.614,9,
C-B-1,1,0.42795,-3.4901,17.5577,1908,-36.73,34.800000000000004,14.3,25,2158,36.23,-35.7,14.1,25,-0.575,9,
C-B-1,1,0.42893,-3.6051,17.5555,1905,-37.24,33.9,14.3,25,2161,36.23,-35.7,14.1,25,-0.575,9,
C-B-1,1,0.42995,-3.7585,17.5525,1901,-36.73,34.800000000000004,14.3,25,2162,35.73,-36.6,14.1,25,-0.69,9,
C-B-1,1,0.43093,-3.8736,17.5501,1898,-36.73,34.800000000000004,14.3,25,2165,36.23,-35.7,14.1,25,-0.69,9,
C-B-1,1,0.43195,-3.9503,17.5485,1896,-37.24,33.9,14.3,25,2167,36.23,-35.7,14.1,25,-0.69,9,
C-B-1,1,0.43293,-4.0653,17.5461,1893,-37.74,33.1,14.3,25,2169,36.23,-35.7,14.1,25,-0.729,9,
C-B-1,1,0.43395,-4.1804,17.5435,1890,-37.74,33.1,14.3,25,2172,35.73,-36.6,14.1,25,-0.729,9,
C-B-1,1,0.43493,-4.2188,17.5426,1889,-36.73,34.800000000000004,14.3,25,2176,35.73,-36.6,14.1,25,-0.614,9,
C-B-1,1,0.43595,-4.2955,17.5409,1887,-36.73,34.800000000000004,14.3,25,2178,35.73,-36.6,14.1,25,-0.614,9,
C-B-1,1,0.43693,-4.4105,17.5382,1884,-37.24,33.9,14.3,25,2181,36.23,-35.7,14.1,25,-0.614,9,
C-B-1,1,0.43795,-4.5256,17.5355,1881,-37.74,33.1,14.3,25,2183,36.23,-35.7,14.1,25,-0.652,9,
C-B-1,1,0.43893,-4.6406,17.5326,1878,-36.73,34.800000000000004,14.3,25,2185,35.73,-36.6,14.1,25,-0.69,9,
C-B-1,1,0.43995,-4.7557,17.5298,1875,-37.24,33.9,14.3,25,2187,35.73,-36.6,14.1,25,-0.729,9,
C-B-1,1,0.44093,-4.8324,17.5278,1873,-37.24,33.9,14.3,25,2190,36.73,-34.800000000000004,14.1,25,-0.69,9,
C-B-1,1,0.44195,-4.9474,17.5248,1870,-37.74,33.1,14.3,25,2192,36.23,-35.7,14.1,25,-0.729,9,
C-B-1,1,0.44293,-5.0241,17.5227,1868,-37.24,33.9,14.3,25,2194,35.73,-36.6,14.1,25,-0.729,9,
C-B-1,1,0.44395,-5.1009,17.5206,1866,-36.73,34.800000000000004,14.3,25,2196,35.73,-36.6,14.1,25,-0.729,9,
C-B-1,1,0.44494,-5.1776,17.5185,1864,-36.73,34.800000000000004,14.3,25,2198,35.73,-36.6,14.1,25,-0.729,9,
C-B-1,1,0.44593,-5.2926,17.5153,1861,-37.24,33.9,14.3,25,2201,36.23,-35.7,14.1,25,-0.729,9,
C-B-1,1,0.44693,-5.3693,17.5131,1859,-37.24,33.9,14.3,25,2203,36.23,-35.7,14.1,25,-0.729,9,
C-B-1,1,0.44793,-5.5227,17.5087,1855,-37.24,33.9,14.3,25,2207,36.23,-35.7,14.1,25,-0.729,9,
C-B-1,1,0.44894,-5.5994,17.5064,1853,-36.73,34.800000000000004,14.3,25,2210,36.23,-35.7,14.1,25,-0.69,9,
C-B-1,1,0.44993,-5.7145,17.5029,1850,-37.24,33.9,14.3,25,2212,36.73,-34.800000000000004,14.1,25,-0.729,9,
C-B-1,1,0.45095,-5.8295,17.4993,1847,-37.74,33.1,14.3,25,2215,36.73,-34.800000000000004,14.1,25,-0.729,9,
C-B-1,1,0.45193,-5.9062,17.4969,1845,-37.74,33.1,14.3,25,2217,36.73,-34.800000000000004,14.1,25,-0.729,9,
C-B-1,1,0.45293,-5.9446,17.4957,1844,-36.73,34.800000000000004,14.3,25,2219,36.23,-35.7,14.1,25,-0.69,9,
C-B-1,1,0.45394,-6.0597,17.492,1841,-36.73,34.800000000000004,14.3,25,2221,36.23,-35.7,14.1,25,-0.729,9,
C-B-1,1,0.45493,-6.1747,17.4883,1838,-37.74,33.1,14.3,25,2224,37.24,-33.9,14.1,25,-0.729,9,
C-B-1,1,0.45595,-6.2514,17.4857,1836,-37.24,33.9,14.3,25,2226,36.73,-34.800000000000004,14.1,25,-0.729,9,
C-B-1,1,0.45693,-6.3281,17.4831,1834,-37.24,33.9,14.3,26,2230,36.23,-35.7,14.1,25,-0.652,9,
C-B-1,1,0.45793,-6.4048,17.4805,1832,-36.73,34.800000000000004,14.3,26,2232,35.73,-36.6,14.1,25,-0.652,9,
C-B-1,1,0.45894,-6.4815,17.4779,1830,-36.23,35.7,14.3,26,2234,36.23,-35.7,14.1,25,-0.652,9,
C-B-1,1,0.45993,-6.5966,17.4739,1827,-37.24,33.9,14.3,26,2237,36.23,-35.7,14.1,25,-0.652,9,
C-B-1,1,0.46094,-6.6733,17.4711,1825,-36.73,34.800000000000004,14.3,26,2239,36.23,-35.7,14.1,25,-0.652,9,
C-B-1,1,0.46193,-6.8267,17.4656,1821,-36.23,35.7,14.3,26,2240,35.73,-36.6,14.1,25,-0.767,9,
C-B-1,1,0.46294,-6.9034,17.4628,1819,-35.73,36.6,14.3,26,2243,35.73,-36.6,14.1,25,-0.729,9,
C-B-1,1,0.46393,-6.9801,17.4599,1817,-36.23,35.7,14.3,26,2245,36.23,-35.7,14.1,25,-0.729,9,
C-B-1,1,0.46494,-7.0952,17.4556,1814,-36.73,34.800000000000004,14.3,26,2247,35.73,-36.6,14.1,25,-0.767,9,
C-B-1,1,0.46593,-7.2102,17.4512,1811,-36.73,34.800000000000004,14.3,26,2251,35.22,-37.4,14.1,25,-0.729,9,
C-B-1,1,0.46694,-7.2486,17.4497,1810,-35.73,36.6,14.3,26,2253,35.22,-37.4,14.1,25,-0.69,9,
C-B-1,1,0.46793,-7.3253,17.4467,1808,-35.73,36.6,14.3,26,2255,35.22,-37.4,14.1,25,-0.69,9,
C-B-1,1,0.46894,-7.4403,17.4422,1805,-36.73,34.800000000000004,14.3,26,2258,35.73,-36.6,14.1,25,-0.69,9,
C-B-1,1,0.46994,-7.5554,17.4376,1802,-36.73,34.800000000000004,14.3,26,2260,35.22,-37.4,14.1,25,-0.729,9,
C-B-1,1,0.47093,-7.7088,17.4313,1798,-36.23,35.7,14.3,26,2262,35.22,-37.4,14.1,25,-0.805,9,
C-B-1,1,0.47194,-7.7855,17.4282,1796,-36.23,35.7,14.3,26,2264,35.22,-37.4,14.1,25,-0.805,9,
C-B-1,1,0.47293,-7.9006,17.4233,1793,-36.73,34.800000000000004,14.3,26,2267,35.73,-36.6,14.1,25,-0.805,9,
C-B-1,1,0.47393,-7.9389,17.4217,1792,-36.73,34.800000000000004,14.3,26,2269,35.73,-36.6,14.1,25,-0.767,9,
C-B-1,1,0.47494,-8.054,17.4168,1789,-36.73,34.800000000000004,14.3,26,2273,35.22,-37.4,14.1,25,-0.729,9,
C-B-1,1,0.47593,-8.0923,17.4152,1788,-36.23,35.7,14.3,26,2275,34.72,-38.300000000000004,14.1,25,-0.69,9,
C-B-1,1,0.47694,-8.2074,17.4101,1785,-36.23,35.7,14.3,26,2278,35.73,-36.6,14.1,25,-0.69,9,
C-B-1,1,0.47793,-8.2841,17.4068,1783,-36.73,34.800000000000004,14.3,26,2280,35.22,-37.4,14.1,25,-0.69,9,
C-B-1,1,0.47894,-8.3991,17.4016,1780,-37.24,33.9,14.3,26,2283,35.73,-36.6,14.1,25,-0.69,9,
C-B-1,1,0.47994,-8.5526,17.3947,1776,-36.23,35.7,14.3,26,2284,34.72,-38.300000000000004,14.1,25,-0.805,9,
C-B-1,1,0.48094,-8.6293,17.3912,1774,-36.23,35.7,14.3,26,2287,35.22,-37.4,14.1,25,-0.767,9,
C-B-1,1,0.48194,-8.7443,17.3859,1771,-37.24,33.9,14.3,26,2289,35.22,-37.4,14.1,25,-0.805,9,
C-B-1,1,0.48294,-8.821,17.3823,1769,-36.73,34.800000000000004,14.3,26,2292,35.73,-36.6,14.1,25,-0.767,9,
C-B-1,1,0.48394,-8.8977,17.3786,1767,-36.23,35.7,14.3,26,2294,35.22,-37.4,14.1,25,-0.767,9,
C-B-1,1,0.48494,-8.9744,17.375,1765,-36.23,35.7,14.3,26,2295,34.72,-38.300000000000004,14.1,25,-0.805,9,
C-B-1,1,0.48593,-9.0511,17.3713,1763,-36.23,35.7,14.3,26,2297,34.22,-39.2,14.1,25,-0.805,9,
C-B-1,1,0.48694,-9.1662,17.3657,1760,-36.73,34.800000000000004,14.3,26,2300,35.22,-37.4,14.1,25,-0.805,9,
C-B-1,1,0.48794,-9.2812,17.36,1757,-37.24,33.9,14.3,26,2302,35.22,-37.4,14.1,25,-0.844,9,
C-B-1,1,0.48894,-9.3963,17.3543,1754,-36.23,35.7,14.3,26,2306,34.72,-38.300000000000004,14.1,25,-0.805,9,
C-B-1,1,0.48994,-9.5114,17.3485,1751,-36.73,34.800000000000004,14.3,26,2309,35.22,-37.4,14.1,25,-0.805,9,
C-B-1,1,0.49094,-9.5881,17.3446,1749,-36.73,34.800000000000004,14.3,26,2311,35.73,-36.6,14.1,25,-0.805,9,
C-B-1,1,0.49194,-9.7031,17.3387,1746,-37.24,33.9,14.3,26,2314,35.73,-36.6,14.1,25,-0.805,9,
C-B-1,1,0.49294,-9.7798,17.3347,1744,-37.24,33.9,14.3,26,2316,35.73,-36.6,14.1,25,-0.805,9,
C-B-1,1,0.49394,-9.8565,17.3307,1742,-36.73,34.800000000000004,14.3,26,2317,35.22,-37.4,14.1,25,-0.844,9,
C-B-1,1,0.49494,-9.9332,17.3266,1740,-36.23,35.7,14.3,26,2320,35.22,-37.4,14.1,25,-0.805,9,
C-B-1,1,0.49594,-10.0099,17.3225,1738,-36.73,34.800000000000004,14.3,26,2322,35.73,-36.6,14.1,25,-0.805,9,
C-B-1,1,0.49695,-10.125,17.3164,1735,-37.24,33.9,14.3,26,2325,36.23,-35.7,14.1,25,-0.805,9,
C-B-1,1,0.49794,-10.2401,17.3101,1732,-36.23,35.7,14.3,26,2329,35.73,-36.6,14.1,25,-0.767,9,
C-B-1,1,0.49895,-10.2784,17.308,1731,-36.23,34.800000000000004,14.3,26,2331,35.73,-36.6,14.1,25,-0.729,9,
C-B-1,1,0.49995,-10.3935,17.3017,1728,-36.73,34.800000000000004,14.3,26,2334,36.23,-35.7,14.1,25,-0.729,9,
C-B-1,1,0.50095,-10.4318,17.2996,1727,-37.24,33.9,14.3,26,2336,36.23,-35.7,14.1,25,-0.69,9,
C-B-1,1,0.50196,-10.5469,17.2931,1724,-37.24,34.800000000000004,14.3,26,2339,36.23,-35.7,14.1,25,-0.69,9,
C-B-1,1,0.50295,-10.6619,17.2866,1721,-36.23,35.7,14.3,26,2340,35.73,-36.6,14.1,25,-0.767,9,
C-B-1,1,0.50396,-10.7386,17.2823,1719,-35.73,36.6,14.3,26,2342,35.22,-37.4,14.1,25,-0.767,9,
C-B-1,1,0.50495,-10.8537,17.2756,1716,-36.73,34.800000000000004,14.3,26,2345,36.23,-35.7,14.1,25,-0.767,9,
C-B-1,1,0.50595,-10.9688,17.269,1713,-36.73,34.800000000000004,14.3,26,2348,36.73,-34.800000000000004,14.1,25,-0.767,9,
C-B-1,1,0.50695,-11.0455,17.2645,1711,-36.73,34.800000000000004,14.3,26,2351,35.73,-36.6,14.1,25,-0.729,9,
C-B-1,1,0.50795,-11.1222,17.2599,1709,-36.23,35.7,14.3,26,2353,35.22,-37.4,14.1,25,-0.729,9,
C-B-1,1,0.50895,-11.1989,17.2554,1707,-36.23,35.7,14.3,26,2355,35.73,-36.6,14.1,25,-0.729,9,
C-B-1,1,0.50995,-11.2756,17.2508,1705,-36.23,35.7,14.3,26,2358,35.73,-36.6,14.1,25,-0.69,9,
C-B-1,1,0.51095,-11.3906,17.2438,1702,-36.73,34.800000000000004,14.3,26,2360,35.73,-36.6,14.1,25,-0.729,9,
C-B-1,1,0.51195,-11.544,17.2345,1698,-36.23,35.7,14.3,26,2361,34.72,-38.300000000000004,14.1,25,-0.844,9,
C-B-1,1,0.51295,-11.6207,17.2298,1696,-36.23,35.7,14.3,26,2364,35.22,-37.4,14.1,25,-0.805,9,
C-B-1,1,0.51395,-11.7358,17.2226,1693,-36.73,34.800000000000004,14.3,26,2367,36.23,-35.7,14.1,25,-0.805,9,
C-B-1,1,0.51495,-11.8509,17.2154,1690,-37.24,33.9,14.3,26,2369,36.23,-35.7,14.1,25,-0.844,9,
C-B-1,1,0.51595,-11.9276,17.2105,1688,-36.73,34.800000000000004,14.3,26,2373,35.73,-36.6,14.1,25,-0.767,9,
C-B-1,1,0.51695,-11.9659,17.2081,1687,-35.73,36.6,14.3,26,2375,35.22,-37.4,14.1,25,-0.729,9,
C-B-1,1,0.51795,-12.081,17.2007,1684,-36.23,35.7,14.3,26,2378,36.23,-35.7,14.1,25,-0.729,9,
C-B-1,1,0.51895,-12.196,17.1933,1681,-37.24,33.9,14.3,26,2381,36.23,-35.7,14.1,25,-0.729,9,
C-B-1,1,0.51995,-12.2727,17.1883,1679,-36.73,34.800000000000004,14.3,26,2383,36.23,-35.7,14.1,25,-0.729,9,
C-B-1,1,0.52095,-12.4261,17.1782,1675,-36.23,35.7,14.3,26,2385,35.73,-36.6,14.1,25,-0.805,9,
C-B-1,1,0.52195,-12.5028,17.1732,1673,-36.23,35.7,14.3,26,2387,35.73,-36.6,14.1,25,-0.805,9,
C-B-1,1,0.52295,-12.6179,17.1655,1670,-36.73,34.800000000000004,14.3,26,2389,36.23,-35.7,14.1,25,-0.844,9,
C-B-1,1,0.52395,-12.733,17.1577,1667,-37.24,33.9,14.3,26,2392,36.23,-35.7,14.1,25,-0.844,9,
C-B-1,1,0.52496,-12.8097,17.1525,1665,-37.24,33.9,14.3,26,2394,35.73,-36.6,14.1,25,-0.844,9,
C-B-1,1,0.52595,-12.848,17.1499,1664,-36.23,35.7,14.3,26,2398,35.22,-37.4,14.1,25,-0.729,9,
C-B-1,1,0.52696,-12.9631,17.142,1661,-36.23,35.7,14.3,26,2398,35.73,-36.6,14.1,25,-0.844,9,
C-B-1,1,0.52795,-13.0781,17.1341,1658,-37.24,33.9,14.3,26,2403,36.23,-35.7,14.1,25,-0.767,9,
C-B-1,1,0.52896,-13.1548,17.1287,1656,-36.73,34.800000000000004,14.3,26,2403,36.23,-35.7,14.1,25,-0.844,9,
C-B-1,1,0.52995,-13.3082,17.1179,1652,-36.23,35.7,14.3,26,2407,35.73,-36.6,14.1,25,-0.844,9,
C-B-1,1,0.53095,-13.4233,17.1098,1649,-36.73,34.800000000000004,14.3,26,2409,35.22,-37.4,14.1,25,-0.882,9,
C-B-1,1,0.53195,-13.5,17.1043,1647,-37.24,33.9,14.3,26,2411,35.73,-36.6,14.1,25,-0.882,9,
C-B-1,1,0.53296,-13.5767,17.0988,1645,-37.24,33.9,14.3,26,2414,36.23,-35.7,14.1,25,-0.844,9,
C-B-1,1,0.53395,-13.6918,17.0905,1642,-37.24,33.9,14.3,26,2416,35.73,-36.6,14.1,25,-0.882,9,
C-B-1,1,0.53496,-13.7301,17.0877,1641,-36.23,35.7,14.3,26,2418,35.22,-37.4,14.1,25,-0.844,9,
C-B-1,1,0.53595,-13.8452,17.0792,1638,-36.73,34.800000000000004,14.3,26,2420,35.22,-37.4,14.1,25,-0.882,9,
C-B-1,1,0.53696,-13.9219,17.0736,1636,-36.73,34.800000000000004,14.3,26,2423,36.23,-35.7,14.1,25,-0.844,9,
C-B-1,1,0.53795,-13.9986,17.0679,1634,-36.73,34.800000000000004,14.3,26,2426,36.73,-34.800000000000004,14.1,25,-0.805,9,
C-B-1,1,0.53896,-14.1903,17.0536,1629,-36.73,34.800000000000004,14.3,26,2429,35.73,-36.6,14.1,25,-0.882,9,
C-B-1,1,0.53996,-14.267,17.0478,1627,-36.23,35.7,14.3,26,2433,36.73,-34.800000000000004,14.1,25,-0.805,9,
C-B-1,1,0.54096,-14.3438,17.042,1625,-36.73,34.800000000000004,14.3,26,2435,37.24,-33.9,14.1,25,-0.805,9,
C-B-1,1,0.54195,-14.4588,17.0332,1622,-37.24,33.9,14.3,26,2437,36.73,-34.800000000000004,14.1,25,-0.844,9,
C-B-1,1,0.54296,-14.5355,17.0273,1620,-36.73,34.800000000000004,14.3,26,2440,36.73,-34.800000000000004,14.1,25,-0.805,9,
C-B-1,1,0.54395,-14.5739,17.0243,1619,-35.73,36.6,14.3,26,2441,36.23,-35.7,14.1,25,-0.805,9,
C-B-1,1,0.54496,-14.6889,17.0154,1616,-36.23,35.7,14.3,26,2443,35.73,-36.6,14.1,25,-0.844,9,
C-B-1,1,0.54595,-14.7656,17.0094,1614,-36.73,34.800000000000004,14.3,26,2446,36.73,-34.800000000000004,14.1,25,-0.805,9,
C-B-1,1,0.54696,-14.8807,17.0004,1611,-36.73,34.800000000000004,14.3,26,2448,36.73,-34.800000000000004,14.1,25,-0.844,9,
C-B-1,1,0.54795,-14.9574,16.9943,1609,-36.23,35.7,14.3,26,2452,35.73,-36.6,14.1,25,-0.767,9,
C-B-1,1,0.54896,-15.0341,16.9882,1607,-36.23,35.7,14.3,26,2455,36.23,-35.7,14.1,25,-0.729,9,
C-B-1,1,0.54996,-15.1108,16.9821,1605,-36.23,35.7,14.3,26,2456,35.73,-36.6,14.1,25,-0.767,9,
C-B-1,1,0.55096,-15.1875,16.9759,1603,-36.23,35.7,14.3,26,2458,35.73,-36.6,14.1,25,-0.767,9,
C-B-1,1,0.55196,-15.3026,16.9667,1600,-36.73,34.800000000000004,14.3,26,2461,36.23,-35.7,14.1,25,-0.767,9,
C-B-1,1,0.55296,-15.4176,16.9573,1597,-35.73,36.6,14.3,26,2462,35.22,-37.4,14.1,25,-0.844,9,
C-B-1,1,0.55396,-15.5327,16.9479,1594,-36.23,35.7,14.3,26,2465,35.73,-36.6,14.1,25,-0.844,9,
C-B-1,1,0.55496,-15.6094,16.9416,1592,-36.73,34.800000000000004,14.3,26,2467,35.73,-36.6,14.1,25,-0.844,9,
C-B-1,1,0.55596,-15.7244,16.932,1589,-36.73,34.800000000000004,14.3,26,2470,36.23,-35.7,14.1,25,-0.844,9,
C-B-1,1,0.55696,-15.8011,16.9256,1587,-36.23,35.7,14.3,26,2473,35.22,-37.4,14.1,25,-0.805,9,
C-B-1,1,0.55796,-15.8395,16.9224,1586,-35.73,36.6,14.3,26,2476,35.22,-37.4,14.1,25,-0.729,9,
C-B-1,1,0.55896,-15.9545,16.9127,1583,-35.73,36.6,14.3,26,2478,35.73,-36.6,14.1,25,-0.767,9,
C-B-1,1,0.55996,-16.0696,16.903,1580,-36.73,34.800000000000004,14.3,26,2481,36.23,-35.7,14.1,25,-0.767,9,
C-B-1,1,0.56096,-16.1463,16.8965,1578,-36.23,35.7,14.3,26,2484,36.73,-34.800000000000004,14.1,25,-0.729,9,
C-B-1,1,0.56196,-16.3381,16.88,1573,-36.73,34.800000000000004,14.3,26,2485,35.73,-36.6,14.1,25,-0.882,9,
C-B-1,1,0.56296,-16.4148,16.8734,1571,-36.23,35.7,14.3,26,2488,36.23,-35.7,14.1,25,-0.844,9,
C-B-1,1,0.56396,-16.5298,16.8633,1568,-37.24,33.9,14.3,26,2491,36.73,-34.800000000000004,14.1,25,-0.844,9,
C-B-1,1,0.56496,-16.6065,16.8566,1566,-36.73,34.800000000000004,14.3,26,2493,36.73,-34.800000000000004,14.1,25,-0.844,9,
C-B-1,1,0.56596,-16.6832,16.8499,1564,-36.73,34.800000000000004,14.3,26,2497,35.73,-36.6,14.1,25,-0.767,9,
C-B-1,1,0.56696,-16.7599,16.8431,1562,-36.73,34.800000000000004,14.3,26,2499,35.73,-36.6,14.1,25,-0.767,9,
C-B-1,1,0.56796,-16.875,16.8329,1559,-36.73,34.800000000000004,14.3,26,2502,36.73,-34.800000000000004,14.1,25,-0.767,9,
C-B-1,1,0.56897,-16.9517,16.826,1557,-36.73,34.800000000000004,14.3,26,2505,36.23,-35.7,14.1,25,-0.729,9,
C-B-1,1,0.56996,-17.0668,16.8157,1554,-37.24,33.9,14.3,26,2507,36.23,-35.7,14.1,25,-0.767,9,
C-B-1,1,0.57096,-17.1818,16.8053,1551,-36.23,35.7,14.3,26,2508,35.73,-36.6,14.1,25,-0.844,9,
C-B-1,1,0.57196,-17.2969,16.7948,1548,-36.73,34.800000000000004,14.3,26,2511,35.73,-36.6,14.1,25,-0.844,9,
C-B-1,1,0.57296,-17.3736,16.7878,1546,-37.24,33.9,14.3,25,2513,36.23,-35.7,14.1,25,-0.844,9,
C-B-1,1,0.57396,-17.4886,16.7772,1543,-37.24,33.9,14.3,25,2516,36.73,-34.800000000000004,14.1,25,-0.844,9,
C-B-1,1,0.57496,-17.5653,16.7701,1541,-37.24,33.9,14.3,25,2519,36.73,-34.800000000000004,14.1,25,-0.805,9,
C-B-1,1,0.57596,-17.642,16.763,1539,-36.73,34.800000000000004,14.3,25,2519,35.73,-36.6,14.1,25,-0.882,9,
C-B-1,1,0.57696,-17.7188,16.7559,1537,-36.73,34.800000000000004,14.3,25,2522,36.23,-35.7,14.1,25,-0.844,9,
C-B-1,1,0.57796,-17.8338,16.7451,1534,-37.24,33.9,14.3,25,2525,36.73,-34.800000000000004,14.1,25,-0.844,9,
C-B-1,1,0.57897,-17.9105,16.7378,1532,-37.24,33.9,14.3,25,2527,36.23,-35.7,14.1,25,-0.844,9,
C-B-1,1,0.57996,-18.0639,16.7233,1528,-36.73,34.800000000000004,14.3,25,2531,36.73,-34.800000000000004,14.1,25,-0.844,9,
C-B-1,1,0.58096,-18.179,16.7123,1525,-36.73,34.800000000000004,14.3,25,2534,36.73,-34.800000000000004,14.1,25,-0.844,9,
C-B-1,1,0.58197,-18.2557,16.705,1523,-37.24,33.9,14.3,25,2536,37.24,-33.9,14.1,25,-0.844,9,
C-B-1,1,0.58296,-18.3707,16.6939,1520,-37.24,33.9,14.3,25,2539,37.24,-33.9,14.1,25,-0.844,9,
C-B-1,1,0.58397,-18.4474,16.6864,1518,-37.24,33.9,14.3,25,2541,37.24,-33.9,14.1,25,-0.844,9,
C-B-1,1,0.58496,-18.5241,16.679,1516,-36.73,34.800000000000004,14.3,25,2543,36.73,-34.800000000000004,14.1,25,-0.844,9,
C-B-1,1,0.58596,-18.6009,16.6715,1514,-36.73,34.800000000000004,14.3,25,2545,36.73,-34.800000000000004,14.1,25,-0.844,9,
C-B-1,1,0.58697,-18.6776,16.6639,1512,-37.24,33.9,14.3,25,2548,37.74,-33.1,14.1,25,-0.805,9,
C-B-1,1,0.58796,-18.7926,16.6526,1509,-37.24,33.9,14.3,25,2550,37.24,-33.9,14.1,25,-0.844,9,
C-B-1,1,0.58896,-18.8693,16.645,1507,-36.73,34.800000000000004,14.3,25,2554,36.73,-34.800000000000004,14.1,25,-0.767,9,
C-B-1,1,0.58999,-18.946,16.6374,1505,-36.73,34.800000000000004,14.3,25,2556,36.23,-35.7,14.1,25,-0.767,9,
C-B-1,1,0.59097,-19.0611,16.6259,1502,-36.73,34.800000000000004,14.3,25,2559,37.24,-33.9,14.1,25,-0.767,9,
C-B-1,1,0.59197,-19.1378,16.6181,1500,-36.73,34.800000000000004,14.3,25,2561,36.73,-34.800000000000004,14.1,25,-0.767,9,
C-B-1,1,0.59297,-19.2145,16.6104,1498,-36.73,34.800000000000004,14.3,25,2563,36.23,-35.7,14.1,25,-0.767,9,
C-B-1,1,0.59397,-19.3679,16.5949,1494,-36.23,35.7,14.3,25,2565,36.23,-35.7,14.1,25,-0.844,9,
C-B-1,1,0.59497,-19.483,16.5831,1491,-36.73,34.800000000000004,14.3,25,2567,35.73,-36.6,14.1,25,-0.882,9,
C-B-1,1,0.59597,-19.598,16.5713,1488,-37.24,33.9,14.3,25,2570,36.73,-34.800000000000004,14.1,25,-0.882,9,
C-B-1,1,0.59697,-19.6747,16.5634,1486,-36.73,34.800000000000004,14.3,25,2572,36.73,-34.800000000000004,14.1,25,-0.882,9,
C-B-1,1,0.59797,-19.7898,16.5514,1483,-37.24,33.9,14.3,25,2576,35.73,-36.6,14.1,25,-0.844,9,
C-B-1,1,0.59897,-19.8281,16.5475,1482,-36.23,35.7,14.3,25,2578,35.73,-36.6,14.1,25,-0.805,9,
C-B-1,1,0.59998,-19.9432,16.5354,1479,-36.73,34.800000000000004,14.3,25,2581,36.73,-34.800000000000004,14.1,25,-0.805,9,
C-B-1,1,0.60097,-20.0199,16.5274,1477,-37.24,33.9,14.3,25,2583,36.23,-35.7,14.1,25,-0.805,9,
C-B-1,1,0.60197,-20.1349,16.5153,1474,-37.24,33.9,14.3,25,2585,36.23,-35.7,14.1,25,-0.844,9,
C-B-1,1,0.60297,-20.25,16.5031,1471,-36.73,34.800000000000004,14.3,25,2587,35.73,-36.6,14.1,25,-0.882,9,
C-B-1,1,0.60397,-20.3267,16.4949,1469,-36.73,34.800000000000004,14.3,25,2589,35.22,-37.4,14.1,25,-0.882,9,
C-B-1,1,0.60497,-20.4418,16.4826,1466,-37.24,33.9,14.3,25,2592,36.73,-34.800000000000004,14.1,25,-0.882,9,
C-B-1,1,0.60597,-20.5568,16.4702,1463,-37.74,33.1,14.3,25,2595,36.73,-34.800000000000004,14.1,25,-0.882,9,
C-B-1,1,0.60697,-20.6335,16.462,1461,-37.24,33.9,14.3,25,2599,36.23,-35.7,14.1,25,-0.805,9,
C-B-1,1,0.60798,-20.6719,16.4578,1460,-36.73,34.800000000000004,14.3,25,2602,36.73,-34.800000000000004,14.1,25,-0.729,9,
C-B-1,1,0.60897,-20.7869,16.4453,1457,-36.73,34.800000000000004,14.3,25,2604,36.73,-34.800000000000004,14.1,25,-0.767,9,
C-B-1,1,0.60997,-20.902,16.4327,1454,-37.74,33.1,14.3,25,2606,36.23,-35.7,14.1,25,-0.805,9,
C-B-1,1,0.61097,-20.9787,16.4243,1452,-37.24,33.9,14.3,25,2609,36.73,-34.800000000000004,14.1,25,-0.767,9,
C-B-1,1,0.61197,-21.1321,16.4074,1448,-36.73,34.800000000000004,14.3,25,2611,36.23,-35.7,14.1,25,-0.844,9,
C-B-1,1,0.61297,-21.2472,16.3946,1445,-37.24,33.9,14.3,25,2613,36.23,-35.7,14.1,25,-0.882,9,
C-B-1,1,0.61397,-21.3239,16.3861,1443,-37.24,33.9,14.3,25,2615,36.23,-35.7,14.1,25,-0.882,9,
C-B-1,1,0.61497,-21.4389,16.3732,1440,-37.74,33.1,14.3,25,2618,36.73,-34.800000000000004,14.1,25,-0.882,9,
C-B-1,1,0.61597,-21.5156,16.3646,1438,-37.74,33.1,14.3,25,2620,36.23,-35.7,14.1,25,-0.882,9,
C-B-1,1,0.61697,-21.5923,16.3559,1436,-37.24,33.9,14.3,25,2621,35.22,-37.4,14.1,25,-0.92,9,
C-B-1,1,0.61798,-21.669,16.3472,1434,-37.24,33.9,14.3,25,2624,36.23,-35.7,14.1,25,-0.882,9,
C-B-1,1,0.61897,-21.7841,16.3342,1431,-37.74,33.1,14.3,25,2626,36.73,-34.800000000000004,14.1,25,-0.92,9,
C-B-1,1,0.61997,-21.8608,16.3254,1429,-37.24,33.9,14.3,25,2629,36.23,-35.7,14.1,25,-0.882,9,
C-B-1,1,0.62098,-22.0142,16.3078,1425,-37.24,33.9,14.3,25,2633,36.23,-35.7,14.1,25,-0.882,9,
C-B-1,1,0.62197,-22.1293,16.2945,1422,-37.24,33.9,14.3,25,2635,36.23,-35.7,14.1,25,-0.92,9,
C-B-1,1,0.62298,-22.206,16.2857,1420,-37.74,33.1,14.3,25,2637,36.23,-35.7,14.1,25,-0.92,9,
C-B-1,1,0.62397,-22.2827,16.2767,1418,-37.24,33.9,14.3,25,2640,36.73,-34.800000000000004,14.1,25,-0.882,9,
C-B-1,1,0.62498,-22.3977,16.2633,1415,-37.24,33.9,14.3,25,2642,36.23,-35.7,14.1,25,-0.92,9,
C-B-1,1,0.62597,-22.4744,16.2543,1413,-37.24,33.9,14.3,25,2644,36.23,-35.7,14.1,25,-0.92,9,
C-B-1,1,0.62698,-22.5511,16.2453,1411,-36.73,34.800000000000004,14.3,25,2646,36.23,-35.7,14.1,25,-0.92,9,
C-B-1,1,0.62798,-22.6662,16.2317,1408,-37.74,33.1,14.3,25,2649,36.73,-34.800000000000004,14.1,25,-0.92,9,
C-B-1,1,0.62898,-22.7045,16.2272,1407,-37.24,33.9,14.3,25,2652,37.24,-33.9,14.1,25,-0.844,9,
C-B-1,1,0.62998,-22.858,16.209,1403,-36.73,34.800000000000004,14.3,25,2656,36.73,-34.800000000000004,14.1,25,-0.844,9,
C-B-1,1,0.63098,-22.973,16.1952,1400,-37.24,33.9,13.9,25,2658,36.73,-34.800000000000004,13.7,25,-0.882,9,
C-B-1,1,0.63198,-23.0497,16.186,1398,-37.24,33.9,13.9,25,2661,37.24,-33.9,13.7,25,-0.844,9,
C-B-1,1,0.63298,-23.1648,16.1721,1395,-37.74,33.1,13.9,25,2663,37.24,-33.9,13.7,25,-0.882,9,
C-B-1,1,0.63398,-23.2798,16.1582,1392,-37.74,33.1,13.9,25,2665,36.73,-34.800000000000004,13.7,25,-0.92,9,
C-B-1,1,0.63498,-23.3182,16.1535,1391,-36.73,34.800000000000004,13.9,25,2667,36.23,-35.7,13.7,25,-0.882,9,
C-B-1,1,0.63598,-23.3949,16.1442,1389,-36.73,34.800000000000004,13.9,25,2669,36.23,-35.7,13.7,25,-0.882,9,
C-B-1,1,0.63698,-23.5099,16.1302,1386,-37.74,33.1,13.9,25,2672,36.73,-34.800000000000004,13.7,25,-0.882,9,
C-B-1,1,0.63798,-23.5866,16.1207,1384,-37.24,33.9,13.9,25,2674,36.23,-35.7,13.7,25,-0.882,9,
C-B-1,1,0.63898,-23.7017,16.1066,1381,-37.24,33.9,13.9,25,2677,35.73,-36.6,13.7,25,-0.882,9,
C-B-1,1,0.63998,-23.7784,16.0971,1379,-37.24,33.9,13.9,25,2680,35.73,-36.6,13.7,25,-0.844,9,
C-B-1,1,0.64098,-23.8551,16.0876,1377,-36.73,34.800000000000004,13.9,25,2682,35.73,-36.6,13.7,25,-0.844,9,
C-B-1,1,0.64198,-23.9702,16.0733,1374,-37.74,33.1,13.9,25,2685,36.23,-35.7,13.7,25,-0.844,9,
C-B-1,1,0.64298,-24.0852,16.0589,1371,-37.74,33.1,13.9,25,2688,36.73,-34.800000000000004,13.7,25,-0.844,9,
C-B-1,1,0.64398,-24.2003,16.0444,1368,-36.73,34.800000000000004,13.9,25,2689,35.73,-36.6,13.7,25,-0.92,9,
C-B-1,1,0.64498,-24.3537,16.0251,1364,-37.74,33.1,13.9,25,2692,36.23,-35.7,13.7,25,-0.959,9,
C-B-1,1,0.64598,-24.4304,16.0154,1362,-37.74,33.1,13.9,25,2694,36.73,-34.800000000000004,13.7,25,-0.959,9,
C-B-1,1,0.64698,-24.5455,16.0007,1359,-38.24,31.900000000000002,13.9,25,2697,37.24,-33.9,13.7,25,-0.959,9,
C-B-1,1,0.64798,-24.6222,15.9909,1357,-37.74,32.800000000000004,13.9,25,2701,36.23,-35.7,13.7,25,-0.882,9,
C-B-1,1,0.64898,-24.6989,15.9811,1355,-37.74,32.0,13.9,25,2704,36.73,-34.800000000000004,13.7,25,-0.844,9,
C-B-1,1,0.64998,-24.7756,15.9712,1353,-37.24,32.800000000000004,13.9,25,2707,37.24,-33.9,13.7,25,-0.805,9,
C-B-1,1,0.65098,-24.8906,15.9564,1350,-38.24,29.5,13.9,25,2710,37.74,-33.1,13.7,25,-0.805,9,
C-B-1,1,0.65198,-24.9673,15.9465,1348,-37.74,30.400000000000002,13.9,25,2712,37.74,-33.1,13.7,25,-0.805,9,
C-B-1,1,0.65298,-25.1207,15.9265,1344,-37.74,28.8,13.9,25,2713,36.73,-34.800000000000004,13.7,25,-0.92,9,
C-B-1,1,0.65398,-25.1974,15.9165,1342,-37.74,28.0,13.9,25,2716,37.24,-33.9,13.7,25,-0.882,9,
C-B-1,1,0.65498,-25.2741,15.9065,1340,-37.74,27.200000000000003,13.9,25,2718,37.24,-33.9,13.7,25,-0.882,9,
C-B-1,1,0.65599,-25.3892,15.8914,1337,-38.24,24.700000000000003,13.9,25,2720,37.24,-33.9,13.7,25,-0.92,9,
C-B-1,1,0.65698,-25.4659,15.8813,1335,-37.74,24.8,13.9,25,2724,36.23,-35.7,13.7,25,-0.844,9,
C-B-1,1,0.65799,-25.5043,15.8762,1334,-37.24,25.6,13.9,25,2727,36.73,-33.7,13.7,25,-0.767,9,
C-B-1,1,0.65898,-25.6193,15.861,1331,-37.24,24.0,13.9,25,2730,37.24,-32.0,13.7,25,-0.767,9,
C-B-1,1,0.65999,-25.696,15.8508,1329,-37.74,22.400000000000002,13.9,25,2732,37.24,-31.200000000000003,13.7,25,-0.767,9,
C-B-1,1,0.66098,-25.8111,15.8354,1326,-37.74,20.8,13.9,25,2734,36.73,-31.3,13.7,25,-0.805,9,
C-B-1,1,0.66199,-25.9261,15.82,1323,-36.73,20.900000000000002,13.9,25,2736,36.73,-31.3,13.7,25,-0.844,9,
C-B-1,1,0.66298,-26.0028,15.8097,1321,-36.23,20.200000000000003,13.9,25,2738,36.73,-30.5,13.7,25,-0.844,9,
C-B-1,1,0.66399,-26.1179,15.7942,1318,-37.24,16.0,13.9,25,2740,36.73,-29.700000000000003,13.7,25,-0.882,9,
C-B-1,1,0.66498,-26.1946,15.7838,1316,-37.24,14.4,13.9,25,2743,37.24,-27.200000000000003,13.7,25,-0.844,9,
C-B-1,1,0.66598,-26.2713,15.7734,1314,-36.73,13.700000000000001,13.9,25,2745,36.73,-27.3,13.7,25,-0.844,9,
C-B-1,1,0.66699,-26.348,15.7629,1312,-36.73,12.100000000000001,13.9,25,2746,36.23,-28.200000000000003,13.7,25,-0.882,9,
C-B-1,1,0.66798,-26.4247,15.7525,1310,-36.23,11.4,13.9,25,2749,36.73,-25.700000000000003,13.7,25,-0.844,9,
C-B-1,1,0.66898,-26.5014,15.742,1308,-36.23,9.8,13.9,25,2752,37.74,-22.400000000000002,13.7,25,-0.805,9,
C-B-1,1,0.66999,-26.5781,15.7315,1306,-36.23,8.200000000000001,13.9,25,2754,37.24,-22.400000000000002,13.7,25,-0.805,9,
C-B-1,1,0.67098,-26.6932,15.7156,1303,-34.72,8.4,13.9,25,2758,36.73,-20.900000000000002,13.7,25,-0.767,9,
C-B-1,1,0.67199,-26.7699,15.705,1301,-34.72,6.800000000000001,13.9,25,2760,36.23,-20.200000000000003,13.7,25,-0.767,9,
C-B-1,1,0.67299,-26.8082,15.6997,1300,-34.72,6.0,13.9,25,2762,36.73,-17.7,13.7,25,-0.729,9,
C-B-1,1,0.67398,-26.8849,15.6891,1298,-33.71,6.2,13.9,25,2765,36.73,-15.3,13.7,25,-0.69,9,
C-B-1,1,0.67499,-27.0,15.6731,1295,-34.22,2.9000000000000004,13.9,25,2767,36.73,-13.700000000000001,13.7,25,-0.729,9,
C-B-1,1,0.67599,-27.0384,15.6677,1294,-33.21,3.8000000000000003,13.9,25,2768,35.73,-14.700000000000001,13.7,25,-0.729,9,
C-B-1,1,0.67699,-27.0767,15.6624,1293,-32.71,3.9000000000000004,13.9,25,2770,35.22,-13.9,13.7,25,-0.69,9,
C-B-1,1,0.67799,-27.1534,15.6516,1291,-32.71,2.3000000000000003,13.9,25,2772,35.73,-11.5,13.7,25,-0.69,9,
C-B-1,1,0.67899,-27.2301,15.6409,1289,-32.71,0.7000000000000001,13.9,25,2774,35.22,-10.700000000000001,13.7,25,-0.69,9,
C-B-1,1,0.67999,-27.3068,15.6301,1287,-32.2,0.0,13.9,25,2777,33.71,-11.0,13.7,25,-0.652,9,
C-B-1,1,0.68099,-27.3068,15.6301,1287,-31.2,1.7000000000000002,13.9,25,2779,33.71,-9.4,13.7,25,-0.575,9,
C-B-1,1,0.68197,-27.3835,15.6193,1285,-30.7,1.0,13.9,25,2781,34.22,-6.9,13.7,25,-0.575,9,
C-B-1,1,0.683,-27.4219,15.6139,1284,-30.7,0.2,13.9,25,2782,33.21,-7.800000000000001,13.7,25,-0.575,9,
C-B-1,1,0.68397,-27.4986,15.603,1282,-30.19,-0.5,13.9,25,2784,33.21,-6.2,13.7,25,-0.575,9,
C-B-1,1,0.68499,-27.6136,15.5867,1279,-29.19,-1.1,13.9,25,2785,32.71,-6.300000000000001,13.7,25,-0.652,9,
C-B-1,1,0.68597,-27.652,15.5812,1278,-28.68,-1.1,13.9,25,2787,32.2,-5.6000000000000005,13.7,25,-0.614,9,
C-B-1,1,0.68699,-27.7287,15.5703,1276,-29.19,-3.5,13.9,25,2788,32.2,-4.800000000000001,13.7,25,-0.652,9,
C-B-1,1,0.68797,-27.767,15.5648,1275,-28.18,-2.6,13.9,25,2790,31.7,-4.1000000000000005,13.7,25,-0.614,9,
C-B-1,1,0.68899,-27.8054,15.5593,1274,-27.68,-2.5,13.9,25,2793,30.7,-3.4000000000000004,13.7,25,-0.537,9,
C-B-1,1,0.68999,-27.8438,15.5538,1273,-26.67,-1.6,13.9,25,2795,30.7,-1.8,13.7,25,-0.499,9,
C-B-1,1,0.69097,-27.9205,15.5428,1271,-26.67,-3.2,13.9,25,2796,30.19,-1.9000000000000001,13.7,25,-0.537,9,
C-B-1,1,0.69199,-27.9588,15.5373,1270,-26.67,-4.0,13.9,25,2798,30.19,-0.30000000000000004,13.7,25,-0.499,9,
C-B-1,1,0.69299,-27.9972,15.5317,1269,-26.17,-3.9000000000000004,13.9,25,2799,29.69,-0.4,13.7,25,-0.499,9,
C-B-1,1,0.69397,-28.0739,15.5207,1267,-24.66,-2.9000000000000004,13.9,25,2800,28.68,-1.3,13.7,25,-0.537,9,
C-B-1,1,0.69499,-28.1506,15.5096,1265,-24.66,-4.5,13.9,25,2801,28.18,-1.4000000000000001,13.7,25,-0.575,9,
C-B-1,1,0.69597,-28.1889,15.504,1264,-24.15,-4.4,13.9,25,2803,28.68,1.1,13.7,25,-0.537,9,
C-B-1,1,0.69699,-28.2273,15.4984,1263,-23.65,-4.3,13.9,25,2804,27.68,0.1,13.7,25,-0.537,9,
C-B-1,1,0.69799,-28.2656,15.4929,1262,-23.15,-4.2,13.9,25,2806,26.17,-0.9,13.7,25,-0.499,9,
C-B-1,1,0.69897,-28.304,15.4873,1261,-22.64,-4.2,13.9,25,2808,26.17,0.7000000000000001,13.7,25,-0.46,9,
C-B-1,1,0.69999,-28.3423,15.4817,1260,-22.14,-4.1000000000000005,13.9,25,2809,25.66,0.6000000000000001,13.7,25,-0.46,9,
C-B-1,1,0.70099,-28.3807,15.4761,1259,-22.14,-4.9,13.9,25,2811,25.66,2.2,13.7,25,-0.422,9,
C-B-1,1,0.70197,-28.419,15.4705,1258,-21.64,-4.800000000000001,13.9,25,2812,25.16,2.1,13.7,25,-0.422,9,
C-B-1,1,0.70299,-28.4957,15.4593,1256,-21.13,-5.5,13.9,25,2813,24.15,1.2000000000000002,13.7,25,-0.46,9,
C-B-1,1,0.70398,-28.5341,15.4537,1255,-20.13,-4.6000000000000005,13.9,25,2814,23.65,1.1,13.7,25,-0.46,9,
C-B-1,1,0.705,-28.5724,15.448,1254,-20.13,-5.4,13.9,25,2815,23.65,1.9000000000000001,13.7,25,-0.46,9,
C-B-1,1,0.70598,-28.6108,15.4424,1253,-20.13,-6.2,13.9,25,2817,23.65,3.5,13.7,25,-0.422,9,
C-B-1,1,0.70699,-28.6491,15.4368,1252,-19.62,-6.1000000000000005,13.9,25,2818,23.15,3.4000000000000004,13.7,25,-0.422,9,
C-B-1,1,0.70798,-28.6875,15.4311,1251,-19.12,-6.0,13.9,25,2819,22.64,3.4000000000000004,13.7,25,-0.422,9,
C-B-1,1,0.70899,-28.6875,15.4311,1251,-18.12,-4.3,13.9,25,2820,22.14,3.3000000000000003,13.7,25,-0.384,9,
C-B-1,1,0.70999,-28.7642,15.4198,1249,-19.12,-7.6000000000000005,13.9,25,2821,22.14,4.1000000000000005,13.7,25,-0.422,9,
C-B-1,1,0.71098,-28.8026,15.4141,1248,-18.62,-7.6000000000000005,13.9,25,2822,21.13,3.9000000000000004,13.7,25,-0.422,9,
C-B-1,1,0.71199,-28.8409,15.4085,1247,-17.61,-6.6000000000000005,13.9,25,2824,21.13,4.7,13.7,25,-0.384,9,
C-B-1,1,0.71299,-28.8793,15.4028,1246,-17.11,-6.5,13.9,25,2824,20.13,3.0,13.7,25,-0.422,9,
C-B-1,1,0.71399,-28.9176,15.3971,1245,-17.11,-7.300000000000001,13.9,25,2826,20.63,5.5,13.7,25,-0.384,9,
C-B-1,1,0.71498,-28.956,15.3914,1244,-17.11,-8.1,13.9,25,2827,20.13,5.4,13.7,25,-0.384,9,
C-B-1,1,0.716,-28.9943,15.3857,1243,-16.61,-8.1,13.9,25,2828,20.13,6.2,13.7,25,-0.384,9,
C-B-1,1,0.71698,-28.9943,15.3857,1243,-16.1,-7.2,13.9,25,2828,19.12,4.4,13.7,25,-0.384,9,
C-B-1,1,0.718,-29.0327,15.38,1242,-16.1,-8.0,13.9,25,2829,18.62,4.4,13.7,25,-0.384,9,
C-B-1,1,0.71899,-29.071,15.3742,1241,-16.1,-8.8,13.9,25,2830,18.62,5.2,13.7,25,-0.384,9,
C-B-1,1,0.71998,-29.1094,15.3685,1240,-15.6,-8.700000000000001,13.9,25,2831,18.12,5.1000000000000005,13.7,25,-0.384,9,
C-B-1,1,0.721,-29.1477,15.3628,1239,-15.6,-9.5,13.9,25,2832,17.11,4.1000000000000005,13.7,25,-0.384,9,
C-B-1,1,0.722,-29.1477,15.3628,1239,-15.1,-10.200000000000001,13.9,25,2833,17.11,4.9,13.7,25,-0.345,9,
C-B-1,1,0.72298,-29.2244,15.3513,1237,-15.1,-10.200000000000001,13.9,25,2834,17.11,5.7,13.7,25,-0.384,9,
C-B-1,1,0.724,-29.2244,15.3513,1237,-15.1,-10.200000000000001,13.9,25,2834,16.61,4.9,13.7,25,-0.384,9,
C-B-1,1,0.725,-29.2628,15.3456,1236,-14.09,-9.3,13.9,25,2835,16.1,4.800000000000001,13.7,25,-0.384,9,
C-B-1,1,0.72598,-29.3011,15.3398,1235,-14.09,-10.100000000000001,13.9,25,2836,16.1,5.6000000000000005,13.7,25,-0.384,9,
C-B-1,1,0.727,-29.3395,15.334,1234,-14.09,-10.9,13.9,25,2837,15.6,5.5,13.7,25,-0.384,9,
C-B-1,1,0.72798,-29.4162,15.3225,1232,-14.59,-13.3,13.9,25,2837,15.6,5.5,13.7,25,-0.46,9,
C-B-1,1,0.729,-29.4545,15.3167,1231,-14.59,-14.100000000000001,13.9,25,2838,15.1,5.4,13.7,25,-0.46,9,
C-B-1,1,0.73,-29.4929,15.3109,1230,-14.59,-14.9,13.9,25,2839,14.09,4.5,13.7,25,-0.46,9,
C-B-1,1,0.73098,-29.4929,15.3109,1230,-14.09,-14.100000000000001,13.9,25,2839,13.59,3.6,13.7,25,-0.46,9,
C-B-1,1,0.732,-29.5313,15.3051,1229,-14.09,-14.9,13.9,25,2840,13.59,4.4,13.7,25,-0.46,9,
C-B-1,1,0.73298,-29.5313,15.3051,1229,-13.59,-14.0,13.9,25,2841,13.59,5.2,13.7,25,-0.422,9,
C-B-1,1,0.734,-29.5696,15.2993,1228,-13.59,-14.8,13.9,25,2842,13.59,6.0,13.7,25,-0.422,9,
C-B-1,1,0.73498,-29.608,15.2935,1227,-13.08,-14.700000000000001,13.9,25,2842,12.58,4.2,13.7,25,-0.46,9,
C-B-1,1,0.73598,-29.6463,15.2877,1226,-13.08,-15.5,13.9,25,2843,12.58,5.0,13.7,25,-0.46,9,
C-B-1,1,0.73698,-29.6847,15.2818,1225,-13.08,-16.3,13.9,25,2843,12.08,4.2,13.7,25,-0.499,9,
C-B-1,1,0.73798,-29.723,15.276,1224,-13.59,-18.0,13.9,25,2844,12.08,5.0,13.7,25,-0.499,9,
C-B-1,1,0.73898,-29.723,15.276,1224,-12.58,-16.2,13.9,25,2845,11.57,4.9,13.7,25,-0.46,9,
C-B-1,1,0.73998,-29.723,15.276,1224,-12.08,-15.4,13.9,25,2845,11.07,4.0,13.7,25,-0.46,9,
C-B-1,1,0.74098,-29.7614,15.2702,1223,-12.08,-16.2,13.9,25,2845,10.57,3.1,13.7,25,-0.499,9,
C-B-1,1,0.74198,-29.7614,15.2702,1223,-12.08,-16.2,13.9,25,2846,11.07,4.800000000000001,13.7,25,-0.46,9,
C-B-1,1,0.74298,-29.7614,15.2702,1223,-11.57,-15.3,13.9,25,2846,10.06,3.1,13.7,25,-0.46,9,
C-B-1,1,0.74399,-29.7997,15.2643,1222,-11.07,-15.200000000000001,13.9,25,2846,9.56,2.2,13.7,25,-0.499,9,
C-B-1,1,0.74498,-29.7997,15.2643,1222,-10.57,-14.3,13.9,25,2847,9.56,3.0,13.7,25,-0.46,9,
C-B-1,1,0.74599,-29.8381,15.2585,1221,-11.07,-16.0,13.9,25,2848,10.06,4.7,13.7,25,-0.46,9,
C-B-1,1,0.74698,-29.8381,15.2585,1221,-10.57,-15.100000000000001,13.9,25,2848,9.56,3.8000000000000003,13.7,25,-0.46,9,
C-B-1,1,0.74798,-29.8764,15.2526,1220,-10.57,-15.9,14.0,25,2849,9.06,3.7,16.0,25,-0.46,9,
C-B-1,1,0.74898,-29.8764,15.2526,1220,-10.06,-15.100000000000001,14.0,25,2849,8.55,2.8000000000000003,16.0,25,-0.46,9,
C-B-1,1,0.74999,-29.8764,15.2526,1220,-9.56,-14.200000000000001,14.0,25,2849,8.55,2.8000000000000003,16.0,25,-0.46,9,
C-B-1,1,0.75098,-29.9148,15.2467,1219,-10.06,-15.9,14.0,25,2849,8.05,2.0,16.0,25,-0.499,9,
C-B-1,1,0.75199,-29.9148,15.2467,1219,-9.06,-14.100000000000001,14.0,25,2849,8.05,2.8000000000000003,16.0,25,-0.499,9,
C-B-1,1,0.75298,-29.9148,15.2467,1219,-8.55,-13.200000000000001,14.0,25,2850,8.05,2.8000000000000003,16.0,25,-0.46,9,
C-B-1,1,0.75398,-29.9531,15.2408,1218,-9.06,-14.9,14.0,25,2850,7.55,1.9000000000000001,16.0,25,-0.499,9,
C-B-1,1,0.75499,-29.9531,15.2408,1218,-8.55,-14.0,14.0,25,2850,7.04,1.0,16.0,25,-0.499,9,
C-B-1,1,0.75598,-29.9531,15.2408,1218,-8.05,-13.200000000000001,14.0,25,2851,7.04,1.8,16.0,25,-0.46,9,
C-B-1,1,0.75698,-29.9531,15.2408,1218,-7.04,-11.4,14.0,25,2851,7.04,1.8,16.0,25,-0.46,9,
C-B-1,1,0.75798,-29.9531,15.2408,1218,-6.54,-10.5,14.0,25,2851,6.54,0.9,16.0,25,-0.46,9,
C-B-1,1,0.75899,-29.9915,15.235,1217,-6.54,-11.3,14.0,25,2851,6.04,0.1,16.0,25,-0.499,9,
C-B-1,1,0.75999,-29.9915,15.235,1217,-6.54,-11.3,14.0,25,2852,6.54,1.7000000000000002,16.0,25,-0.46,9,
C-B-1,1,0.76099,-29.9915,15.235,1217,-6.04,-10.5,14.0,25,2852,6.54,1.7000000000000002,16.0,25,-0.46,9,
C-B-1,1,0.76198,-29.9915,15.235,1217,-5.54,-9.600000000000001,14.0,25,2852,5.54,0.0,16.0,25,-0.46,9,
C-B-1,1,0.76298,-29.9915,15.235,1217,-5.03,-8.700000000000001,14.0,25,2852,5.03,-0.9,16.0,25,-0.46,9,
C-B-1,1,0.76399,-29.9915,15.235,1217,-5.03,-8.700000000000001,14.0,25,2852,5.03,-0.9,16.0,25,-0.46,9,
C-B-1,1,0.76499,-29.9915,15.235,1217,-4.53,-7.800000000000001,14.0,25,2852,4.53,-1.8,16.0,25,-0.46,9,
C-B-1,1,0.76599,-29.9915,15.235,1217,-4.03,-7.0,14.0,25,2852,4.53,-1.8,16.0,25,-0.46,9,
C-B-1,1,0.76699,-29.9915,15.235,1217,-3.52,-6.1000000000000005,14.0,25,2852,4.03,-2.6,16.0,25,-0.46,9,
C-B-1,1,0.76799,-29.9915,15.235,1217,-3.52,-6.1000000000000005,14.0,25,2852,4.03,-2.6,16.0,25,-0.46,9,
C-B-1,1,0.76899,-29.9915,15.235,1217,-3.52,-6.1000000000000005,14.0,25,2852,3.52,-3.5,16.0,25,-0.46,9,
C-B-1,1,0.76999,-29.9915,15.235,1217,-3.02,-5.2,14.0,25,2852,3.52,-3.5,16.0,25,-0.46,9,
C-B-1,1,0.77099,-29.9915,15.235,1217,-3.02,-5.2,14.0,25,2852,3.02,-4.4,16.0,25,-0.46,9,
C-B-1,1,0.77199,-29.9915,15.235,1217,-3.02,-5.2,14.0,25,2852,3.02,-4.4,16.0,25,-0.46,9,
C-B-1,1,0.77299,-29.9915,15.235,1217,-2.52,-4.3,14.0,25,2852,3.02,-4.4,16.0,25,-0.46,9,
C-B-1,1,0.77399,-29.9915,15.235,1217,-2.52,-4.3,14.0,25,2852,2.52,-5.300000000000001,16.0,25,-0.46,9,
C-B-1,1,0.77499,-29.9915,15.235,1217,-2.52,-4.3,14.0,25,2852,2.01,-6.1000000000000005,16.0,25,-0.46,9,
C-B-1,1,0.77599,-29.9915,15.235,1217,-2.01,-3.5,14.0,25,2852,2.01,-6.1000000000000005,16.0,25,-0.46,9,
C-B-1,1,0.77699,-29.9915,15.235,1217,-1.51,-2.6,14.0,25,2852,1.51,-7.0,16.0,25,-0.46,9,
C-B-1,1,0.77799,-29.9915,15.235,1217,-1.51,-2.6,14.0,25,2852,1.51,-7.0,16.0,25,-0.46,9,
C-B-1,1,0.77899,-29.9915,15.235,1217,-1.51,-2.6,14.0,25,2852,1.51,-7.0,16.0,25,-0.46,9,
C-B-1,1,0.77999,-29.9915,15.235,1217,-1.01,-1.7000000000000002,14.0,25,2852,1.51,-7.0,16.0,25,-0.46,9,
C-B-1,1,0.78099,-29.9531,15.2408,1218,0.0,0.8,14.0,25,2852,1.01,-7.9,16.0,25,-0.422,9,
C-B-1,1,0.78199,-29.9531,15.2408,1218,0.0,0.8,14.0,25,2852,1.01,-7.9,16.0,25,-0.422,9,
C-B-1,1,0.78299,-29.9531,15.2408,1218,0.0,0.8,14.0,25,2852,1.01,-7.9,16.0,25,-0.422,9,
C-B-1,1,0.78407,-29.9148,15.2467,1219,0.0,1.6,14.0,25,2851,0.0,-10.4,16.0,25,-0.422,9,
C-B-1,1,0.78505,-29.8764,15.2526,1220,1.01,4.1000000000000005,14.0,25,2852,0.0,-9.600000000000001,16.0,25,-0.345,9,
C-B-1,1,0.7861,-29.8764,15.2526,1220,1.01,4.1000000000000005,14.0,25,2851,0.0,-10.4,16.0,25,-0.384,9,
C-B-1,1,0.78707,-29.8764,15.2526,1220,1.01,4.1000000000000005,14.0,25,2851,0.0,-10.4,16.0,25,-0.384,9,
C-B-1,1,0.78806,-29.8381,15.2585,1221,2.01,6.7,14.0,25,2851,0.0,-10.4,16.0,25,-0.345,9,
C-B-1,1,0.78905,-29.8381,15.2585,1221,2.01,6.7,14.0,25,2851,0.0,-10.4,16.0,25,-0.345,9,
C-B-1,1,0.79007,-29.8381,15.2585,1221,2.01,6.7,14.0,25,2850,0.0,-11.200000000000001,16.0,25,-0.384,9,
C-B-1,1,0.79105,-29.8381,15.2585,1221,2.01,6.7,14.0,25,2850,-1.01,-12.9,16.0,25,-0.384,9,
C-B-1,1,0.79206,-29.8381,15.2585,1221,2.01,6.7,14.0,25,2850,-1.01,-12.9,16.0,25,-0.384,9,
C-B-1,1,0.79307,-29.8381,15.2585,1221,2.01,6.7,14.0,25,2850,-1.01,-12.9,16.0,25,-0.384,9,
C-B-1,1,0.79406,-29.7997,15.2643,1222,2.52,8.3,14.0,25,2850,-1.01,-12.9,16.0,25,-0.345,9,
C-B-1,1,0.795,-29.7997,15.2643,1222,2.52,8.3,14.0,25,2850,-1.01,-12.9,16.0,25,-0.345,9,
C-B-1,1,0.79599,-29.7614,15.2702,1223,3.02,10.0,14.0,25,2849,-1.51,-14.600000000000001,16.0,25,-0.345,9,
C-B-1,1,0.797,-29.7614,15.2702,1223,3.02,10.0,14.0,25,2849,-1.51,-14.600000000000001,16.0,25,-0.345,9,
C-B-1,1,0.79799,-29.7614,15.2702,1223,3.02,10.0,14.0,25,2849,-1.51,-14.600000000000001,16.0,25,-0.345,9,
C-B-1,1,0.79899,-29.7614,15.2702,1223,3.02,10.0,14.0,25,2849,-1.51,-14.600000000000001,16.0,25,-0.345,9,
C-B-1,1,0.8,-29.7614,15.2702,1223,3.02,10.0,14.0,25,2849,-1.51,-14.600000000000001,16.0,25,-0.345,9,
C-B-1,1,0.801,-29.7614,15.2702,1223,3.02,10.0,14.0,25,2849,-1.51,-14.600000000000001,16.0,25,-0.345,9,
C-B-1,1,0.80199,-29.7614,15.2702,1223,3.02,10.0,14.0,25,2849,-1.51,-14.600000000000001,16.0,25,-0.345,9,
C-B-1,1,0.803,-29.723,15.276,1224,3.52,11.700000000000001,14.0,25,2848,-2.01,-16.3,16.0,25,-0.345,9,
C-B-1,1,0.80399,-29.723,15.276,1224,3.52,11.700000000000001,14.0,25,2848,-2.01,-16.3,16.0,25,-0.345,9,
C-B-1,1,0.805,-29.723,15.276,1224,3.52,11.700000000000001,14.0,25,2848,-2.01,-16.3,16.0,25,-0.345,9,
C-B-1,1,0.80599,-29.723,15.276,1224,3.52,11.700000000000001,14.0,25,2847,-2.52,-17.900000000000002,16.0,25,-0.384,9,
C-B-1,1,0.80699,-29.723,15.276,1224,3.52,11.700000000000001,14.0,25,2847,-2.52,-17.900000000000002,16.0,25,-0.384,9,
C-B-1,1,0.808,-29.723,15.276,1224,3.52,11.700000000000001,14.0,25,2846,-3.02,-19.6,16.0,25,-0.422,9,
C-B-1,1,0.80899,-29.6847,15.2818,1225,4.03,13.4,14.0,25,2847,-2.52,-17.900000000000002,16.0,25,-0.345,9,
C-B-1,1,0.81,-29.6847,15.2818,1225,3.52,12.5,14.0,25,2846,-3.02,-19.6,16.0,25,-0.384,9,
C-B-1,1,0.81099,-29.6847,15.2818,1225,3.52,12.5,14.0,25,2846,-3.02,-19.6,16.0,25,-0.384,9,
C-B-1,1,0.812,-29.6847,15.2818,1225,3.52,12.5,14.0,25,2846,-3.02,-19.6,16.0,25,-0.384,9,
C-B-1,1,0.81299,-29.6463,15.2877,1226,3.52,13.3,14.0,25,2845,-3.02,-20.400000000000002,16.0,25,-0.384,9,
C-B-1,1,0.81399,-29.6847,15.2818,1225,2.52,10.700000000000001,14.0,25,2845,-3.52,-21.3,16.0,25,-0.422,9,
C-B-1,1,0.815,-29.6463,15.2877,1226,3.02,12.4,14.0,25,2845,-3.02,-20.400000000000002,16.0,25,-0.384,9,
C-B-1,1,0.816,-29.6463,15.2877,1226,3.02,12.4,14.0,25,2845,-3.02,-20.400000000000002,16.0,25,-0.384,9,
C-B-1,1,0.817,-29.6463,15.2877,1226,2.52,11.5,14.0,25,2845,-3.02,-20.400000000000002,16.0,25,-0.384,9,
C-B-1,1,0.818,-29.6463,15.2877,1226,2.52,11.5,14.0,25,2845,-3.02,-20.400000000000002,16.0,25,-0.384,9,
C-B-1,1,0.819,-29.6463,15.2877,1226,2.52,11.5,14.0,25,2845,-3.02,-20.400000000000002,16.0,25,-0.384,9,
C-B-1,1,0.82,-29.608,15.2935,1227,3.02,13.200000000000001,14.0,25,2844,-3.02,-21.200000000000003,16.0,25,-0.384,9,
C-B-1,1,0.821,-29.608,15.2935,1227,3.02,13.200000000000001,14.0,25,2844,-3.02,-21.200000000000003,16.0,25,-0.384,9,
C-B-1,1,0.822,-29.608,15.2935,1227,3.02,13.200000000000001,14.0,25,2844,-3.02,-21.200000000000003,16.0,25,-0.384,9,
C-B-1,1,0.823,-29.608,15.2935,1227,2.52,12.3,14.0,25,2844,-3.02,-21.200000000000003,16.0,25,-0.384,9,
C-B-1,1,0.824,-29.608,15.2935,1227,2.52,12.3,14.0,25,2844,-3.02,-21.200000000000003,16.0,25,-0.384,9,
C-B-1,1,0.825,-29.608,15.2935,1227,2.52,12.3,14.0,25,2843,-3.02,-22.0,16.0,25,-0.422,9,
C-B-1,1,0.826,-29.608,15.2935,1227,2.01,11.5,14.0,25,2843,-3.02,-22.0,16.0,25,-0.422,9,
C-B-1,1,0.827,-29.608,15.2935,1227,2.01,11.5,14.0,25,2843,-3.02,-22.0,16.0,25,-0.422,9,
C-B-1,1,0.828,-29.5696,15.2993,1228,2.52,13.100000000000001,14.0,25,2843,-3.02,-22.0,16.0,25,-0.384,9,
C-B-1,1,0.829,-29.5696,15.2993,1228,2.52,13.100000000000001,14.0,25,2843,-3.02,-22.0,16.0,25,-0.384,9,
C-B-1,1,0.83,-29.5696,15.2993,1228,2.52,13.100000000000001,14.0,25,2842,-3.52,-23.700000000000003,16.0,25,-0.422,9,
C-B-1,1,0.831,-29.5696,15.2993,1228,2.52,13.100000000000001,14.0,25,2842,-3.02,-22.8,16.0,25,-0.422,9,
C-B-1,1,0.832,-29.5696,15.2993,1228,2.01,12.3,14.0,25,2842,-3.02,-22.8,16.0,25,-0.422,9,
C-B-1,1,0.833,-29.5696,15.2993,1228,2.01,12.3,14.0,25,2842,-3.02,-22.8,16.0,25,-0.422,9,
C-B-1,1,0.834,-29.5696,15.2993,1228,2.01,12.3,14.0,25,2841,-3.52,-24.5,16.0,25,-0.46,9,
C-B-1,1,0.835,-29.5313,15.3051,1229,2.52,13.9,14.0,25,2841,-3.02,-23.6,16.0,25,-0.422,9,
C-B-1,1,0.836,-29.5696,15.2993,1228,2.01,12.3,14.0,25,2841,-3.02,-23.6,16.0,25,-0.46,9,
C-B-1,1,0.837,-29.5313,15.3051,1229,2.52,13.9,14.0,25,2841,-2.52,-22.700000000000003,16.0,25,-0.422,9,
C-B-1,1,0.838,-29.5313,15.3051,1229,2.01,13.100000000000001,14.0,25,2841,-3.02,-23.6,16.0,25,-0.422,9,
C-B-1,1,0.839,-29.5313,15.3051,1229,2.01,13.100000000000001,14.0,25,2841,-2.52,-22.700000000000003,16.0,25,-0.422,9,
C-B-1,1,0.84,-29.5313,15.3051,1229,2.01,13.100000000000001,14.0,25,2841,-2.52,-22.700000000000003,16.0,25,-0.422,9,
C-B-1,1,0.841,-29.5313,15.3051,1229,2.01,13.100000000000001,14.0,25,2840,-3.02,-24.400000000000002,16.0,25,-0.46,9,
C-B-1,1,0.842,-29.5313,15.3051,1229,1.51,12.200000000000001,14.0,25,2840,-3.02,-24.400000000000002,16.0,25,-0.46,9,
C-B-1,1,0.84301,-29.5313,15.3051,1229,2.01,13.100000000000001,14.0,25,2840,-2.52,-23.5,16.0,25,-0.46,9,
C-B-1,1,0.844,-29.4929,15.3109,1230,2.01,13.9,14.0,25,2840,-2.52,-23.5,16.0,25,-0.422,9,
C-B-1,1,0.845,-29.4929,15.3109,1230,2.01,13.9,14.0,25,2839,-3.02,-25.200000000000003,16.0,25,-0.46,9,
C-B-1,1,0.84601,-29.4929,15.3109,1230,2.01,13.9,14.0,25,2840,-2.52,-23.5,16.0,25,-0.422,9,
C-B-1,1,0.847,-29.4929,15.3109,1230,2.01,13.9,14.0,25,2839,-3.02,-25.200000000000003,16.0,25,-0.46,9,
C-B-1,1,0.84801,-29.4929,15.3109,1230,2.01,13.9,14.0,25,2839,-3.02,-25.200000000000003,16.0,25,-0.46,9,
C-B-1,1,0.849,-29.4929,15.3109,1230,1.51,13.0,14.0,25,2839,-2.52,-24.3,16.0,25,-0.46,9,
C-B-1,1,0.85001,-29.4929,15.3109,1230,1.51,13.0,14.0,25,2839,-2.52,-24.3,16.0,25,-0.46,9,
C-B-1,1,0.851,-29.4545,15.3167,1231,2.01,14.700000000000001,14.0,25,2839,-2.52,-24.3,16.0,25,-0.422,9,
C-B-1,1,0.85201,-29.4545,15.3167,1231,2.01,14.700000000000001,14.0,25,2839,-2.52,-24.3,16.0,25,-0.422,9,
C-B-1,1,0.853,-29.4545,15.3167,1231,2.01,14.700000000000001,14.0,25,2839,-2.52,-24.3,16.0,25,-0.422,9,
C-B-1,1,0.85401,-29.4545,15.3167,1231,2.01,14.700000000000001,14.0,25,2838,-2.52,-25.1,16.0,25,-0.46,9,
C-B-1,1,0.855,-29.4545,15.3167,1231,2.01,14.700000000000001,14.0,25,2839,-2.01,-23.5,16.0,25,-0.422,9,
C-B-1,1,0.85601,-29.4545,15.3167,1231,2.01,14.700000000000001,14.0,25,2838,-2.52,-25.1,16.0,25,-0.46,9,
C-B-1,1,0.857,-29.4545,15.3167,1231,1.51,13.8,14.0,25,2838,-2.52,-25.1,16.0,25,-0.46,9,
C-B-1,1,0.85801,-29.4545,15.3167,1231,1.51,13.8,14.0,25,2838,-2.52,-25.1,16.0,25,-0.46,9,
C-B-1,1,0.85901,-29.4162,15.3225,1232,2.01,15.5,14.0,25,2838,-2.01,-24.3,16.0,25,-0.422,9,
C-B-1,1,0.86001,-29.4162,15.3225,1232,2.01,15.5,14.0,25,2838,-2.01,-24.3,16.0,25,-0.422,9,
C-B-1,1,0.86101,-29.4162,15.3225,1232,2.01,15.5,14.0,25,2837,-2.52,-25.900000000000002,16.0,25,-0.46,9,
C-B-1,1,0.86201,-29.4162,15.3225,1232,2.01,15.5,14.0,25,2837,-2.52,-25.900000000000002,16.0,25,-0.46,9,
C-B-1,1,0.86301,-29.4162,15.3225,1232,2.01,15.5,14.0,25,2837,-2.01,-25.1,16.0,25,-0.46,9,
C-B-1,1,0.86401,-29.4162,15.3225,1232,1.51,14.600000000000001,14.9,25,2837,-2.01,-25.1,14.8,25,-0.46,9,
C-B-1,1,0.86501,-29.4162,15.3225,1232,1.51,14.600000000000001,14.9,25,2837,-2.01,-25.1,14.8,25,-0.46,9,
C-B-1,1,0.86601,-29.4162,15.3225,1232,2.01,15.5,14.9,25,2837,-2.01,-25.1,14.8,25,-0.46,9,
C-B-1,1,0.86701,-29.4162,15.3225,1232,1.51,14.600000000000001,14.9,25,2837,-2.01,-25.1,14.8,25,-0.46,9,
C-B-1,1,0.86801,-29.4162,15.3225,1232,1.51,14.600000000000001,14.9,25,2837,-2.01,-25.1,14.8,25,-0.46,9,
C-B-1,1,0.86901,-29.4162,15.3225,1232,1.51,14.600000000000001,14.9,25,2836,-2.52,-26.700000000000003,14.8,25,-0.499,9,
C-B-1,1,0.87001,-29.4162,15.3225,1232,1.51,14.600000000000001,14.9,25,2836,-2.01,-25.900000000000002,14.8,25,-0.499,9,
C-B-1,1,0.87101,-29.4162,15.3225,1232,1.51,14.600000000000001,14.9,25,2836,-2.01,-25.900000000000002,14.8,25,-0.499,9,
C-B-1,1,0.87201,-29.4162,15.3225,1232,1.51,14.600000000000001,14.9,25,2836,-2.01,-25.900000000000002,14.8,25,-0.499,9,
C-B-1,1,0.87301,-29.4162,15.3225,1232,1.01,13.700000000000001,14.9,25,2836,-2.01,-25.900000000000002,14.8,25,-0.499,9,
C-B-1,1,0.87401,-29.4162,15.3225,1232,1.01,13.700000000000001,14.9,25,2836,-1.51,-25.0,14.8,25,-0.499,9,
C-B-1,1,0.87501,-29.4162,15.3225,1232,1.01,13.700000000000001,14.9,25,2836,-2.01,-25.900000000000002,14.8,25,-0.499,9,
C-B-1,1,0.87601,-29.4162,15.3225,1232,1.01,13.700000000000001,14.9,25,2836,-1.51,-25.0,14.8,25,-0.499,9,
C-B-1,1,0.87701,-29.4162,15.3225,1232,1.01,13.700000000000001,14.9,25,2836,-1.51,-25.0,14.8,25,-0.499,9,
C-B-1,1,0.87801,-29.4162,15.3225,1232,1.01,13.700000000000001,14.9,25,2836,-1.51,-25.0,14.8,25,-0.499,9,
C-B-1,1,0.87901,-29.4162,15.3225,1232,1.01,13.700000000000001,14.9,25,2836,-1.51,-25.0,14.8,25,-0.499,9,
C-B-1,1,0.88001,-29.4162,15.3225,1232,0.0,12.0,14.9,25,2835,-1.51,-25.0,14.8,25,-0.537,9,
C-B-1,1,0.88101,-29.4162,15.3225,1232,0.0,12.0,14.9,25,2836,-1.51,-25.0,14.8,25,-0.499,9,
C-B-1,1,0.88201,-29.4162,15.3225,1232,0.0,12.0,14.9,25,2836,-1.51,-25.0,14.8,25,-0.499,9,
C-B-1,1,0.88301,-29.4162,15.3225,1232,0.0,12.0,14.9,25,2836,-1.51,-25.8,14.8,25,-0.499,9,
C-B-1,1,0.88401,-29.4162,15.3225,1232,0.0,12.0,14.9,25,2835,-2.01,-26.700000000000003,14.8,25,-0.537,9,
C-B-1,1,0.88501,-29.4162,15.3225,1232,0.0,12.0,14.9,25,2836,-1.01,-24.1,14.8,25,-0.499,9,
C-B-1,1,0.88601,-29.3778,15.3283,1233,1.01,14.5,14.9,25,2836,-1.01,-24.1,14.8,25,-0.46,9,
C-B-1,1,0.88701,-29.4162,15.3225,1232,0.0,12.0,14.9,25,2836,-1.01,-24.1,14.8,25,-0.499,9,
C-B-1,1,0.88801,-29.3778,15.3283,1233,0.0,12.8,14.9,25,2836,-1.01,-24.1,14.8,25,-0.46,9,
C-B-1,1,0.88902,-29.4162,15.3225,1232,0.0,12.0,14.9,25,2836,-1.01,-24.1,14.8,25,-0.499,9,
C-B-1,1,0.89001,-29.3778,15.3283,1233,0.0,12.8,14.9,25,2836,0.0,-22.400000000000002,14.8,25,-0.46,9,
C-B-1,1,0.89101,-29.4162,15.3225,1232,0.0,12.0,14.9,25,2836,0.0,-22.400000000000002,14.8,25,-0.499,9,
C-B-1,1,0.89202,-29.4162,15.3225,1232,0.0,12.0,14.9,25,2836,0.0,-22.400000000000002,14.8,25,-0.499,9,
C-B-1,1,0.89301,-29.3778,15.3283,1233,0.0,12.8,14.9,25,2835,-1.01,-24.900000000000002,14.8,25,-0.499,9,
C-B-1,1,0.89401,-29.4162,15.3225,1232,0.0,12.0,14.9,25,2836,0.0,-22.400000000000002,14.8,25,-0.499,9,
C-B-1,1,0.89501,-29.4162,15.3225,1232,0.0,12.0,14.9,25,2835,-1.01,-24.900000000000002,14.8,25,-0.537,9,
C-B-1,1,0.89602,-29.3778,15.3283,1233,0.0,12.8,14.9,25,2835,-1.01,-24.900000000000002,14.8,25,-0.499,9,
C-B-1,1,0.89701,-29.4162,15.3225,1232,0.0,12.0,14.9,25,2836,0.0,-22.400000000000002,14.8,25,-0.499,9,
C-B-1,1,0.89802,-29.4162,15.3225,1232,0.0,12.0,14.9,25,2835,0.0,-23.200000000000003,14.8,25,-0.537,9,
C-B-1,1,0.89902,-29.3778,15.3283,1233,0.0,12.8,14.9,25,2836,0.0,-22.400000000000002,14.8,25,-0.46,9,
C-B-1,1,0.90002,-29.3778,15.3283,1233,0.0,12.8,14.9,25,2836,0.0,-22.400000000000002,14.8,25,-0.46,9,
C-B-1,1,0.90102,-29.3778,15.3283,1233,0.0,12.8,14.9,25,2836,0.0,-22.400000000000002,14.8,25,-0.46,9,
C-B-1,1,0.90202,-29.4162,15.3225,1232,0.0,12.0,14.9,25,2835,0.0,-23.200000000000003,14.8,25,-0.537,9,
C-B-1,1,0.90302,-29.4162,15.3225,1232,0.0,12.0,14.9,25,2836,0.0,-22.400000000000002,14.8,25,-0.499,9,
C-B-1,1,0.90402,-29.4162,15.3225,1232,0.0,12.0,14.9,25,2835,0.0,-23.200000000000003,14.8,25,-0.537,9,
C-B-1,1,0.90501,-29.3778,15.3283,1233,0.0,12.8,14.9,25,2836,0.0,-22.400000000000002,14.8,25,-0.46,9,
C-B-1,1,0.90602,-29.3778,15.3283,1233,0.0,12.8,14.9,25,2836,0.0,-22.400000000000002,14.8,25,-0.46,9,
C-B-1,1,0.90702,-29.4162,15.3225,1232,0.0,12.0,14.9,25,2836,0.0,-22.400000000000002,14.8,25,-0.499,9,
C-B-1,1,0.90802,-29.3778,15.3283,1233,0.0,12.8,14.9,25,2836,0.0,-22.400000000000002,14.8,25,-0.46,9,
C-B-1,1,0.90902,-29.3778,15.3283,1233,0.0,12.8,14.9,25,2836,0.0,-22.400000000000002,14.8,25,-0.46,9,
C-B-1,1,0.91002,-29.4162,15.3225,1232,0.0,12.0,14.9,25,2836,0.0,-22.400000000000002,14.8,25,-0.499,9,
C-B-1,1,0.91102,-29.3778,15.3283,1233,0.0,12.8,14.9,25,2836,0.0,-22.400000000000002,14.8,25,-0.46,9,
C-B-1,1,0.91202,-29.3778,15.3283,1233,0.0,12.8,14.9,25,2836,0.0,-22.400000000000002,14.8,25,-0.46,9,
C-B-1,1,0.91302,-29.4162,15.3225,1232,0.0,12.0,14.9,25,2836,0.0,-22.400000000000002,14.8,25,-0.499,9,
C-B-1,1,0.91402,-29.4162,15.3225,1232,0.0,12.0,14.9,25,2836,0.0,-22.400000000000002,14.8,25,-0.499,9,
C-B-1,1,0.91502,-29.3778,15.3283,1233,0.0,12.8,14.9,25,2836,0.0,-22.400000000000002,14.8,25,-0.46,9,
C-B-1,1,0.91602,-29.4162,15.3225,1232,0.0,12.0,14.9,25,2836,0.0,-22.400000000000002,14.8,25,-0.499,9,
C-B-1,1,0.91702,-29.4162,15.3225,1232,0.0,12.0,14.9,25,2836,0.0,-22.400000000000002,14.8,25,-0.499,9,
C-B-1,1,0.91802,-29.4162,15.3225,1232,0.0,12.0,14.9,25,2836,0.0,-22.400000000000002,14.8,25,-0.499,9,
C-B-1,1,0.91902,-29.4162,15.3225,1232,0.0,12.0,14.9,25,2836,0.0,-22.400000000000002,14.8,25,-0.499,9,
C-B-1,1,0.92002,-29.4162,15.3225,1232,0.0,12.0,14.9,25,2836,0.0,-22.400000000000002,14.8,25,-0.499,9,
C-B-1,1,0.92102,-29.4162,15.3225,1232,0.0,12.0,14.9,25,2837,1.01,-19.900000000000002,14.8,25,-0.46,9,
C-B-1,1,0.92202,-29.4162,15.3225,1232,0.0,12.0,14.9,25,2837,0.0,-21.6,14.8,25,-0.46,9,
C-B-1,1,0.92302,-29.4545,15.3167,1231,-1.01,9.5,14.9,25,2836,0.0,-22.400000000000002,14.8,25,-0.537,9,
C-B-1,1,0.92402,-29.4162,15.3225,1232,0.0,12.0,14.9,25,2837,1.01,-19.900000000000002,14.8,25,-0.46,9,
C-B-1,1,0.92503,-29.4545,15.3167,1231,0.0,11.200000000000001,14.9,25,2836,0.0,-22.400000000000002,14.8,25,-0.537,9,
C-B-1,1,0.92602,-29.4162,15.3225,1232,0.0,12.0,14.9,25,2837,0.0,-21.6,14.8,25,-0.46,9,
C-B-1,1,0.92703,-29.4545,15.3167,1231,0.0,11.200000000000001,14.9,25,2837,1.01,-19.900000000000002,14.8,25,-0.499,9,
C-B-1,1,0.92802,-29.4545,15.3167,1231,-1.01,9.5,14.9,25,2837,0.0,-21.6,14.8,25,-0.499,9,
C-B-1,1,0.92903,-29.4545,15.3167,1231,-1.01,9.5,14.9,25,2837,0.0,-21.6,14.8,25,-0.499,9,
C-B-1,1,0.93002,-29.4545,15.3167,1231,-1.01,9.5,14.9,25,2837,0.0,-21.6,14.8,25,-0.499,9,
C-B-1,1,0.93103,-29.4545,15.3167,1231,0.0,11.200000000000001,14.9,25,2837,1.01,-19.900000000000002,14.8,25,-0.499,9,
C-B-1,1,0.93202,-29.4545,15.3167,1231,0.0,11.200000000000001,14.9,25,2837,0.0,-21.6,14.8,25,-0.499,9,
C-B-1,1,0.93302,-29.4545,15.3167,1231,0.0,11.200000000000001,14.9,25,2837,0.0,-21.6,14.8,25,-0.499,9,
C-B-1,1,0.93402,-29.4545,15.3167,1231,-1.01,9.5,14.9,25,2837,1.01,-19.900000000000002,14.8,25,-0.499,9,
C-B-1,1,0.93503,-29.4545,15.3167,1231,0.0,11.200000000000001,14.9,25,2838,1.01,-19.1,14.8,25,-0.46,9,
C-B-1,1,0.93602,-29.4545,15.3167,1231,0.0,11.200000000000001,14.9,25,2838,1.01,-19.1,14.8,25,-0.46,9,
C-B-1,1,0.93702,-29.4545,15.3167,1231,-1.01,9.5,14.9,25,2837,0.0,-21.6,14.8,25,-0.499,9,
C-B-1,1,0.93803,-29.4545,15.3167,1231,-1.01,9.5,14.9,25,2838,1.01,-19.1,14.8,25,-0.46,9,
C-B-1,1,0.93902,-29.4545,15.3167,1231,0.0,11.200000000000001,14.9,25,2838,1.01,-19.1,14.8,25,-0.46,9,
C-B-1,1,0.94003,-29.4545,15.3167,1231,-1.01,9.5,14.9,25,2838,1.01,-19.1,14.8,25,-0.46,9,
C-B-1,1,0.94102,-29.4545,15.3167,1231,-1.01,9.5,14.9,25,2838,1.01,-19.1,14.8,25,-0.46,9,
C-B-1,1,0.94203,-29.4929,15.3109,1230,-1.01,8.700000000000001,14.9,25,2838,1.01,-19.1,14.8,25,-0.499,9,
C-B-1,1,0.94302,-29.4929,15.3109,1230,-1.01,8.700000000000001,14.9,25,2838,1.01,-19.1,14.8,25,-0.499,9,
C-B-1,1,0.94403,-29.4929,15.3109,1230,-1.51,7.800000000000001,14.9,25,2838,1.01,-19.1,14.8,25,-0.499,9,
C-B-1,1,0.94502,-29.4929,15.3109,1230,-1.01,8.700000000000001,14.9,25,2839,1.51,-17.400000000000002,14.8,25,-0.46,9,
C-B-1,1,0.94603,-29.4929,15.3109,1230,-1.01,8.700000000000001,14.9,25,2839,1.51,-17.400000000000002,14.8,25,-0.46,9,
C-B-1,1,0.94702,-29.4929,15.3109,1230,-1.01,8.700000000000001,14.9,25,2839,1.51,-17.400000000000002,14.8,25,-0.46,9,
C-B-1,1,0.94803,-29.4929,15.3109,1230,-1.01,8.700000000000001,14.9,25,2839,1.51,-17.400000000000002,14.8,25,-0.46,9,
C-B-1,1,0.94902,-29.4929,15.3109,1230,-1.01,8.700000000000001,14.9,25,2839,1.51,-17.400000000000002,14.8,25,-0.46,9,
C-B-1,1,0.95003,-29.4929,15.3109,1230,-1.01,8.700000000000001,14.9,25,2839,1.51,-17.400000000000002,14.8,25,-0.46,9,
C-B-1,1,0.95103,-29.4929,15.3109,1230,-1.01,8.700000000000001,14.9,25,2839,1.01,-18.3,14.8,25,-0.46,9,
C-B-1,1,0.95203,-29.4929,15.3109,1230,0.0,10.4,14.9,25,2840,1.51,-16.6,14.8,25,-0.422,9,
C-B-1,1,0.95303,-29.4929,15.3109,1230,-1.01,8.700000000000001,14.9,25,2840,1.51,-16.6,14.8,25,-0.422,9,
C-B-1,1,0.95403,-29.4929,15.3109,1230,0.0,10.4,14.9,25,2840,2.01,-15.700000000000001,14.8,25,-0.422,9,
C-B-1,1,0.95503,-29.4929,15.3109,1230,-1.01,8.700000000000001,14.9,25,2840,1.51,-16.6,14.8,25,-0.422,9,
C-B-1,1,0.95603,-29.4929,15.3109,1230,-1.01,8.700000000000001,14.9,25,2840,1.51,-16.6,14.8,25,-0.422,9,
C-B-1,1,0.95703,-29.5313,15.3051,1229,-1.01,7.9,14.9,25,2840,1.51,-16.6,14.8,25,-0.46,9,
C-B-1,1,0.95803,-29.5313,15.3051,1229,-1.01,7.9,14.9,25,2840,1.51,-16.6,14.8,25,-0.46,9,
C-B-1,1,0.95903,-29.5313,15.3051,1229,-1.01,7.9,14.9,25,2841,2.01,-14.9,14.8,25,-0.422,9,
C-B-1,1,0.96003,-29.5313,15.3051,1229,-1.01,7.9,14.9,25,2841,2.01,-14.9,14.8,25,-0.422,9,
C-B-1,1,0.96103,-29.5313,15.3051,1229,-1.01,7.9,14.9,25,2841,2.01,-14.9,14.8,25,-0.422,9,
C-B-1,1,0.96203,-29.5313,15.3051,1229,-1.01,7.9,14.9,25,2841,2.01,-14.9,14.8,25,-0.422,9,
C-B-1,1,0.96303,-29.5313,15.3051,1229,-1.01,7.9,14.9,25,2841,2.01,-14.9,14.8,25,-0.422,9,
C-B-1,1,0.96403,-29.5313,15.3051,1229,-1.01,7.9,14.9,25,2842,2.01,-14.100000000000001,14.8,25,-0.384,9,
C-B-1,1,0.96503,-29.5313,15.3051,1229,-1.01,7.9,14.9,25,2841,1.51,-15.8,14.8,25,-0.422,9,
C-B-1,1,0.96603,-29.5313,15.3051,1229,-1.01,7.9,14.9,25,2842,2.52,-13.3,14.8,25,-0.384,9,
C-B-1,1,0.96703,-29.5313,15.3051,1229,-1.01,7.9,14.9,25,2842,2.01,-14.100000000000001,14.8,25,-0.384,9,
C-B-1,1,0.96803,-29.5313,15.3051,1229,-1.01,7.9,14.9,25,2842,2.01,-14.100000000000001,14.8,25,-0.384,9,
C-B-1,1,0.96903,-29.5313,15.3051,1229,-1.01,7.9,14.9,25,2842,2.01,-14.100000000000001,14.8,25,-0.384,9,
C-B-1,1,0.97003,-29.5313,15.3051,1229,-1.01,7.9,14.9,25,2843,2.52,-12.5,14.8,25,-0.345,9,
C-B-1,1,0.97103,-29.5696,15.2993,1228,-1.01,7.1000000000000005,14.9,25,2842,2.52,-12.5,14.8,25,-0.422,9,
C-B-1,1,0.97201,-29.5696,15.2993,1228,-1.01,7.1000000000000005,14.9,25,2843,2.52,-12.5,14.8,25,-0.384,9,
C-B-1,1,0.97303,-29.5696,15.2993,1228,-1.01,7.1000000000000005,14.9,25,2843,2.52,-12.5,14.8,25,-0.384,9,
C-B-1,1,0.97403,-29.5696,15.2993,1228,-1.01,7.1000000000000005,14.9,25,2843,2.01,-13.3,14.8,25,-0.384,9,
C-B-1,1,0.97503,-29.5696,15.2993,1228,-1.01,7.1000000000000005,14.9,25,2843,2.01,-13.3,14.8,25,-0.384,9,
C-B-1,1,0.97603,-29.5696,15.2993,1228,-1.01,7.1000000000000005,14.9,25,2843,2.01,-13.3,14.8,25,-0.384,9,
C-B-1,1,0.97702,-29.5696,15.2993,1228,-1.01,7.1000000000000005,14.9,25,2843,2.01,-13.3,14.8,25,-0.384,9,
C-B-1,1,0.97803,-29.5696,15.2993,1228,-1.01,7.1000000000000005,14.9,25,2843,2.01,-13.3,14.8,25,-0.384,9,
C-B-1,1,0.97903,-29.5696,15.2993,1228,-1.01,7.1000000000000005,14.9,25,2844,2.52,-11.700000000000001,14.8,25,-0.345,9,
C-B-1,1,0.98002,-29.608,15.2935,1227,-1.51,5.4,14.9,25,2843,2.01,-13.3,14.0,25,-0.422,9,
C-B-1,1,0.98103,-29.608,15.2935,1227,-1.51,5.4,14.5,25,2844,2.01,-12.5,14.0,25,-0.384,9,
C-B-1,1,0.98203,-29.608,15.2935,1227,-1.51,5.4,14.5,25,2844,2.01,-12.5,14.0,25,-0.384,9,
C-B-1,1,0.98303,-29.608,15.2935,1227,-1.51,5.4,14.5,25,2844,2.01,-12.5,14.0,25,-0.384,9,
C-B-1,1,0.98402,-29.608,15.2935,1227,-1.51,5.4,14.5,25,2844,2.01,-12.5,14.0,25,-0.384,9,
C-B-1,1,0.98504,-29.608,15.2935,1227,-1.01,6.300000000000001,14.5,25,2844,2.01,-12.5,14.0,25,-0.384,9,
C-B-1,1,0.98603,-29.608,15.2935,1227,-1.01,6.300000000000001,14.5,25,2844,2.01,-12.5,14.0,25,-0.384,9,
C-B-1,1,0.98702,-29.608,15.2935,1227,-1.01,6.300000000000001,14.5,25,2845,2.52,-10.9,14.0,25,-0.345,9,
C-B-1,1,0.98804,-29.608,15.2935,1227,-1.01,6.300000000000001,14.5,25,2844,1.51,-13.4,14.0,25,-0.384,9,
C-B-1,1,0.98904,-29.608,15.2935,1227,-1.01,6.300000000000001,14.5,25,2844,1.51,-13.4,14.0,25,-0.384,9,
C-B-1,1,0.99002,-29.608,15.2935,1227,-1.01,6.300000000000001,14.5,25,2845,2.01,-11.700000000000001,14.0,25,-0.345,9,
C-B-1,1,0.99104,-29.608,15.2935,1227,-1.01,6.300000000000001,14.5,25,2845,2.01,-11.700000000000001,14.0,25,-0.345,9,
C-B-1,1,0.99204,-29.608,15.2935,1227,-1.01,6.300000000000001,14.5,25,2845,2.01,-11.700000000000001,14.0,25,-0.345,9,
C-B-1,1,0.99302,-29.608,15.2935,1227,-1.01,6.300000000000001,14.5,25,2845,2.01,-11.700000000000001,14.0,25,-0.345,9,
C-B-1,1,0.99404,-29.608,15.2935,1227,-1.01,6.300000000000001,14.5,25,2845,2.01,-11.700000000000001,14.0,25,-0.345,9,
C-B-1,1,0.99504,-29.608,15.2935,1227,-1.01,6.300000000000001,14.5,25,2845,1.51,-12.600000000000001,14.0,25,-0.345,9,
C-B-1,1,0.99602,-29.608,15.2935,1227,-1.01,6.300000000000001,14.5,25,2845,1.51,-12.600000000000001,14.0,25,-0.345,9,
C-B-1,1,0.99704,-29.6463,15.2877,1226,-1.51,4.6000000000000005,14.5,25,2845,1.51,-12.600000000000001,14.0,25,-0.384,9,
C-B-1,1,0.99804,-29.608,15.2935,1227,-1.01,6.300000000000001,14.5,25,2845,1.51,-12.600000000000001,14.0,25,-0.345,9,
C-B-1,1,0.99902,-29.6463,15.2877,1226,-1.51,4.6000000000000005,14.5,25,2845,1.01,-13.5,14.0,25,-0.384,9,
C-B-1,1,1.00004,-29.608,15.2935,1227,0.0,8.0,14.5,25,2845,1.51,-12.600000000000001,14.0,25,-0.345,9,
C-B-1,1,1.00104,-29.6463,15.2877,1226,-1.01,5.5,14.5,25,2845,1.01,-13.5,14.0,25,-0.384,9,
C-B-1,1,1.00202,-29.608,15.2935,1227,0.0,8.0,14.5,25,2845,1.01,-13.5,14.0,25,-0.345,9,
C-B-1,1,1.00304,-29.608,15.2935,1227,0.0,8.0,14.5,25,2845,1.01,-13.5,14.0,25,-0.345,9,
C-B-1,1,1.00404,-29.6463,15.2877,1226,-1.01,5.5,14.5,25,2845,1.01,-13.5,14.0,25,-0.384,9,
C-B-1,1,1.00502,-29.608,15.2935,1227,0.0,8.0,14.5,25,2845,1.01,-13.5,14.0,25,-0.345,9,
C-B-1,1,1.00604,-29.608,15.2935,1227,0.0,8.0,14.5,25,2845,1.01,-13.5,14.0,25,-0.345,9,
C-B-1,1,1.00704,-29.608,15.2935,1227,0.0,8.0,14.5,25,2845,1.01,-13.5,14.0,25,-0.345,9,
C-B-1,1,1.00802,-29.608,15.2935,1227,0.0,8.0,14.5,25,2845,0.0,-15.200000000000001,14.0,25,-0.345,9,
C-B-1,1,1.00904,-29.6463,15.2877,1226,0.0,7.2,14.5,25,2845,1.01,-13.5,14.0,25,-0.384,9,
C-B-1,1,1.01004,-29.608,15.2935,1227,0.0,8.0,14.5,25,2845,0.0,-15.200000000000001,14.0,25,-0.345,9,
C-B-1,1,1.01104,-29.608,15.2935,1227,0.0,8.0,14.5,25,2845,0.0,-15.200000000000001,14.0,25,-0.345,9,
C-B-1,1,1.01202,-29.6463,15.2877,1226,0.0,7.2,14.5,25,2845,0.0,-15.200000000000001,14.0,25,-0.384,9,
C-B-1,1,1.01302,-29.608,15.2935,1227,0.0,8.0,14.5,25,2845,0.0,-15.200000000000001,14.0,25,-0.345,9,
C-B-1,1,1.01404,-29.608,15.2935,1227,0.0,8.0,14.5,25,2845,0.0,-15.200000000000001,14.0,25,-0.345,9,
C-B-1,1,1.01502,-29.6463,15.2877,1226,0.0,7.2,14.5,25,2845,0.0,-15.200000000000001,14.0,25,-0.384,9,
C-B-1,1,1.01602,-29.608,15.2935,1227,0.0,8.0,14.5,25,2845,0.0,-15.200000000000001,14.0,25,-0.345,9,
C-B-1,1,1.01704,-29.608,15.2935,1227,0.0,8.0,14.5,25,2845,0.0,-15.200000000000001,14.0,25,-0.345,9,
C-B-1,1,1.01803,-29.608,15.2935,1227,0.0,8.0,14.5,25,2845,0.0,-15.200000000000001,14.0,25,-0.345,9,
C-B-1,1,1.01902,-29.608,15.2935,1227,0.0,8.0,14.5,25,2845,0.0,-15.200000000000001,14.0,25,-0.345,9,
C-B-1,1,1.02004,-29.608,15.2935,1227,0.0,8.0,14.5,25,2845,0.0,-15.200000000000001,14.0,25,-0.345,9,
C-B-1,1,1.02103,-29.608,15.2935,1227,0.0,8.0,14.5,25,2845,0.0,-15.200000000000001,14.0,25,-0.345,9,
C-B-1,1,1.02202,-29.608,15.2935,1227,0.0,8.0,14.5,25,2845,0.0,-15.200000000000001,14.0,25,-0.345,9,
C-B-1,1,1.02304,-29.608,15.2935,1227,0.0,8.0,14.5,25,2845,0.0,-15.200000000000001,14.0,25,-0.345,9,
C-B-1,1,1.02401,-29.608,15.2935,1227,0.0,8.0,14.5,25,2845,0.0,-15.200000000000001,14.0,25,-0.345,9,
C-B-1,1,1.02502,-29.608,15.2935,1227,0.0,8.0,14.5,25,2845,0.0,-15.200000000000001,14.0,25,-0.345,9,
C-B-1,1,1.02604,-29.608,15.2935,1227,0.0,8.0,14.5,25,2845,0.0,-15.200000000000001,14.0,25,-0.345,9,
C-B-1,1,1.02705,-29.608,15.2935,1227,0.0,8.0,14.5,25,2844,0.0,-16.0,14.0,25,-0.384,9,
C-B-1,1,1.02803,-29.608,15.2935,1227,0.0,8.0,14.5,25,2844,0.0,-16.0,14.0,25,-0.384,9,
C-B-1,1,1.02904,-29.608,15.2935,1227,0.0,8.0,14.5,25,2845,0.0,-15.200000000000001,14.0,25,-0.345,9,
C-B-1,1,1.03003,-29.608,15.2935,1227,0.0,8.0,14.5,25,2845,0.0,-15.200000000000001,14.0,25,-0.345,9,
C-B-1,1,1.03103,-29.5696,15.2993,1228,0.0,8.8,14.5,25,2844,0.0,-16.0,14.0,25,-0.345,9,
C-B-1,1,1.03204,-29.5696,15.2993,1228,0.0,8.8,14.5,25,2844,0.0,-16.0,14.0,25,-0.345,9,
C-B-1,1,1.03303,-29.5696,15.2993,1228,1.01,10.5,14.5,25,2844,0.0,-16.0,14.0,25,-0.345,9,
C-B-1,1,1.03402,-29.5696,15.2993,1228,0.0,8.8,14.5,25,2844,0.0,-16.0,14.0,25,-0.345,9,
C-B-1,1,1.03505,-29.5696,15.2993,1228,0.0,8.8,14.5,25,2844,0.0,-16.0,14.0,25,-0.345,9,
C-B-1,1,1.03603,-29.5696,15.2993,1228,0.0,8.8,14.5,25,2844,0.0,-16.0,14.0,25,-0.345,9,
C-B-1,1,1.03703,-29.5696,15.2993,1228,0.0,8.8,14.5,25,2844,0.0,-16.0,14.0,25,-0.345,9,
C-B-1,1,1.03805,-29.5696,15.2993,1228,0.0,8.8,14.5,25,2844,0.0,-16.0,14.0,25,-0.345,9,
C-B-1,1,1.03903,-29.5696,15.2993,1228,1.01,10.5,14.5,25,2844,0.0,-16.0,14.0,25,-0.345,9,
C-B-1,1,1.04005,-29.5696,15.2993,1228,0.0,8.8,14.5,25,2844,0.0,-16.0,14.0,25,-0.345,9,
C-B-1,1,1.04103,-29.5696,15.2993,1228,1.01,10.5,14.5,25,2844,0.0,-16.0,14.0,25,-0.345,9,
C-B-1,1,1.04203,-29.5696,15.2993,1228,0.0,8.8,14.5,25,2844,0.0,-16.0,14.0,25,-0.345,9,
C-B-1,1,1.04303,-29.5696,15.2993,1228,0.0,8.8,14.5,25,2843,-1.01,-18.5,14.0,25,-0.384,9,
C-B-1,1,1.04405,-29.5696,15.2993,1228,1.01,10.5,14.5,25,2843,-1.01,-18.5,14.0,25,-0.384,9,
C-B-1,1,1.04503,-29.5696,15.2993,1228,0.0,8.8,14.5,25,2844,0.0,-16.0,14.0,25,-0.345,9,
C-B-1,1,1.04603,-29.5696,15.2993,1228,0.0,8.8,14.5,25,2843,-1.01,-18.5,14.0,25,-0.384,9,
C-B-1,1,1.04705,-29.5696,15.2993,1228,0.0,8.8,14.5,25,2843,-1.01,-18.5,14.0,25,-0.384,9,
C-B-1,1,1.04803,-29.5313,15.3051,1229,1.01,11.3,14.5,25,2843,-1.01,-18.5,14.0,25,-0.345,9,
C-B-1,1,1.04903,-29.5696,15.2993,1228,0.0,8.8,14.5,25,2843,-1.01,-18.5,14.0,25,-0.384,9,
C-B-1,1,1.05003,-29.5313,15.3051,1229,1.01,11.3,14.5,25,2843,-1.01,-18.5,14.0,25,-0.345,9,
C-B-1,1,1.05103,-29.5313,15.3051,1229,1.01,11.3,14.5,25,2843,-1.01,-18.5,14.0,25,-0.345,9,
C-B-1,1,1.05203,-29.5313,15.3051,1229,1.01,11.3,14.5,25,2842,-1.51,-20.200000000000003,14.0,25,-0.384,9,
C-B-1,1,1.05305,-29.5313,15.3051,1229,1.01,11.3,14.5,25,2842,-1.51,-20.200000000000003,14.0,25,-0.384,9,
C-B-1,1,1.05403,-29.5313,15.3051,1229,1.01,11.3,14.5,25,2842,-1.51,-20.200000000000003,14.0,25,-0.384,9,
C-B-1,1,1.05503,-29.5313,15.3051,1229,1.01,11.3,14.5,25,2842,-1.51,-20.200000000000003,14.0,25,-0.384,9,
C-B-1,1,1.05605,-29.5313,15.3051,1229,1.01,11.3,14.5,25,2842,-1.01,-19.3,14.0,25,-0.384,9,
C-B-1,1,1.05704,-29.5313,15.3051,1229,1.01,11.3,14.5,25,2842,-1.01,-19.3,14.0,25,-0.384,9,
C-B-1,1,1.05803,-29.4929,15.3109,1230,1.51,13.0,14.5,25,2842,-1.51,-20.200000000000003,14.0,25,-0.345,9,
C-B-1,1,1.05903,-29.5313,15.3051,1229,1.01,11.3,14.5,25,2842,-1.51,-20.200000000000003,14.0,25,-0.384,9,
C-B-1,1,1.06004,-29.5313,15.3051,1229,0.0,9.600000000000001,14.5,25,2842,-1.01,-19.3,14.0,25,-0.384,9,
C-B-1,1,1.06103,-29.4929,15.3109,1230,1.01,12.100000000000001,14.5,25,2842,-1.01,-19.3,14.0,25,-0.345,9,
C-B-1,1,1.06205,-29.4929,15.3109,1230,1.01,12.100000000000001,14.5,25,2842,-1.01,-19.3,14.0,25,-0.345,9,
C-B-1,1,1.06305,-29.4929,15.3109,1230,1.01,12.100000000000001,14.5,25,2841,-1.51,-21.0,14.0,25,-0.384,9,
C-B-1,1,1.06404,-29.4929,15.3109,1230,1.01,12.100000000000001,14.5,25,2841,-1.51,-21.0,14.0,25,-0.384,9,
C-B-1,1,1.06503,-29.5313,15.3051,1229,0.0,9.600000000000001,14.5,25,2841,-1.51,-21.0,14.0,25,-0.422,9,
C-B-1,1,1.06603,-29.4929,15.3109,1230,1.01,12.100000000000001,14.5,25,2841,-1.51,-21.0,14.0,25,-0.384,9,
C-B-1,1,1.06703,-29.4929,15.3109,1230,1.01,12.100000000000001,14.5,25,2841,-1.51,-21.0,14.0,25,-0.384,9,
C-B-1,1,1.06805,-29.4929,15.3109,1230,1.01,12.100000000000001,14.5,25,2841,-1.51,-21.0,14.0,25,-0.384,9,
C-B-1,1,1.06905,-29.4929,15.3109,1230,1.01,12.100000000000001,14.5,25,2841,-1.51,-21.0,14.0,25,-0.384,9,
C-B-1,1,1.07004,-29.4929,15.3109,1230,1.01,12.100000000000001,14.5,25,2841,-1.51,-21.0,14.0,25,-0.384,9,
C-B-1,1,1.07103,-29.4929,15.3109,1230,1.01,12.100000000000001,14.5,25,2840,-2.01,-22.700000000000003,14.0,25,-0.422,9,
C-B-1,1,1.07206,-29.4929,15.3109,1230,1.01,12.100000000000001,14.5,25,2841,-1.01,-20.1,14.0,25,-0.384,9,
C-B-1,1,1.07303,-29.4929,15.3109,1230,1.01,12.100000000000001,14.5,25,2840,-1.51,-21.8,14.0,25,-0.422,9,
C-B-1,1,1.07406,-29.4929,15.3109,1230,1.01,12.100000000000001,14.5,25,2841,-1.01,-20.1,14.0,25,-0.384,9,
C-B-1,1,1.07504,-29.4929,15.3109,1230,1.01,12.100000000000001,14.5,25,2840,-2.01,-22.700000000000003,14.0,25,-0.422,9,
C-B-1,1,1.07603,-29.4929,15.3109,1230,1.01,12.100000000000001,14.5,25,2840,-1.51,-21.8,14.0,25,-0.422,9,
C-B-1,1,1.07706,-29.4929,15.3109,1230,0.0,10.4,14.5,25,2840,-1.51,-21.8,14.0,25,-0.422,9,
C-B-1,1,1.07804,-29.4929,15.3109,1230,1.01,12.100000000000001,14.5,25,2840,-1.51,-21.8,14.0,25,-0.422,9,
C-B-1,1,1.07904,-29.4929,15.3109,1230,1.01,12.100000000000001,14.5,25,2840,-1.51,-21.8,14.0,25,-0.422,9,
C-B-1,1,1.08003,-29.4545,15.3167,1231,1.01,12.9,14.5,25,2840,-1.51,-21.8,14.0,25,-0.384,9,
C-B-1,1,1.08104,-29.4929,15.3109,1230,0.0,10.4,14.5,25,2840,-1.01,-20.900000000000002,14.0,25,-0.422,9,
C-B-1,1,1.08204,-29.4545,15.3167,1231,1.01,12.9,14.5,25,2840,-1.01,-20.900000000000002,14.0,25,-0.384,9,
C-B-1,1,1.08306,-29.4545,15.3167,1231,1.01,12.9,14.5,25,2839,-1.51,-22.6,14.0,25,-0.422,9,
C-B-1,1,1.08404,-29.4545,15.3167,1231,1.01,12.9,14.5,25,2840,-1.01,-20.900000000000002,14.0,25,-0.384,9,
C-B-1,1,1.08504,-29.4545,15.3167,1231,1.01,12.9,14.5,25,2840,-1.01,-20.900000000000002,14.0,25,-0.384,9,
C-B-1,1,1.08606,-29.4545,15.3167,1231,1.01,12.9,14.5,25,2839,-1.51,-22.6,14.0,25,-0.422,9,
C-B-1,1,1.08704,-29.4545,15.3167,1231,1.01,12.9,14.5,25,2839,-1.51,-22.6,14.0,25,-0.422,9,
C-B-1,1,1.08804,-29.4545,15.3167,1231,0.0,11.200000000000001,14.5,25,2839,-1.51,-22.6,14.0,25,-0.422,9,
C-B-1,1,1.08906,-29.4545,15.3167,1231,1.01,12.9,14.5,25,2839,-1.51,-22.6,14.0,25,-0.422,9,
C-B-1,1,1.09004,-29.4545,15.3167,1231,0.0,11.200000000000001,14.5,25,2839,-1.51,-22.6,14.0,25,-0.422,9,
C-B-1,1,1.09104,-29.4545,15.3167,1231,0.0,11.200000000000001,14.5,25,2839,-1.51,-22.6,14.0,25,-0.422,9,
C-B-1,1,1.09206,-29.4545,15.3167,1231,0.0,11.200000000000001,14.5,25,2839,-1.01,-21.700000000000003,14.0,25,-0.422,9,
C-B-1,1,1.09304,-29.4545,15.3167,1231,0.0,11.200000000000001,14.5,25,2839,-1.01,-21.700000000000003,14.0,25,-0.422,9,
C-B-1,1,1.09404,-29.4545,15.3167,1231,1.01,12.9,14.5,25,2839,-1.01,-21.700000000000003,14.0,25,-0.422,9,
C-B-1,1,1.09506,-29.4545,15.3167,1231,0.0,11.200000000000001,14.5,25,2839,-1.01,-21.700000000000003,14.0,25,-0.422,9,
C-B-1,1,1.09604,-29.4545,15.3167,1231,0.0,11.200000000000001,14.5,25,2839,-1.01,-21.700000000000003,14.0,25,-0.422,9,
C-B-1,1,1.09704,-29.4545,15.3167,1231,0.0,11.200000000000001,14.5,25,2838,-1.51,-23.400000000000002,14.9,25,-0.46,9,
C-B-1,1,1.09804,-29.4545,15.3167,1231,0.0,11.200000000000001,14.9,25,2838,-1.51,-23.400000000000002,14.9,25,-0.46,9,
C-B-1,1,1.09904,-29.4545,15.3167,1231,0.0,11.200000000000001,14.9,25,2838,-1.51,-23.400000000000002,14.9,25,-0.46,9,
C-B-1,1,1.10004,-29.4545,15.3167,1231,0.0,11.200000000000001,14.9,25,2838,-1.01,-22.5,14.9,25,-0.46,9,
C-B-1,1,1.10106,-29.4545,15.3167,1231,0.0,11.200000000000001,14.9,25,2838,-1.51,-23.400000000000002,14.9,25,-0.46,9,
C-B-1,1,1.10204,-29.4162,15.3225,1232,1.01,13.700000000000001,14.9,25,2838,-1.01,-22.5,14.9,25,-0.422,9,
C-B-1,1,1.10304,-29.4545,15.3167,1231,0.0,11.200000000000001,14.9,25,2838,-1.01,-22.5,14.9,25,-0.46,9,
C-B-1,1,1.10404,-29.4545,15.3167,1231,0.0,11.200000000000001,14.9,25,2838,-1.01,-22.5,14.9,25,-0.46,9,
C-B-1,1,1.10504,-29.4162,15.3225,1232,1.01,13.700000000000001,14.9,25,2838,-1.01,-22.5,14.9,25,-0.422,9,
C-B-1,1,1.10604,-29.4545,15.3167,1231,0.0,11.200000000000001,14.9,25,2838,-1.01,-22.5,14.9,25,-0.46,9,
C-B-1,1,1.10706,-29.4545,15.3167,1231,0.0,11.200000000000001,14.9,25,2838,-1.01,-22.5,14.9,25,-0.46,9,
C-B-1,1,1.10805,-29.4162,15.3225,1232,0.0,12.0,14.9,25,2838,-1.01,-22.5,14.9,25,-0.422,9,
C-B-1,1,1.10904,-29.4545,15.3167,1231,0.0,11.200000000000001,14.9,25,2838,-1.01,-22.5,14.9,25,-0.46,9,
C-B-1,1,1.11004,-29.4545,15.3167,1231,0.0,11.200000000000001,14.9,25,2838,-1.01,-22.5,14.9,25,-0.46,9,
C-B-1,1,1.11105,-29.4162,15.3225,1232,0.0,12.0,14.9,25,2838,-1.01,-22.5,14.9,25,-0.422,9,
C-B-1,1,1.11206,-29.4545,15.3167,1231,0.0,11.200000000000001,14.9,25,2838,0.0,-20.8,14.9,25,-0.46,9,
C-B-1,1,1.11307,-29.4545,15.3167,1231,0.0,11.200000000000001,14.9,25,2838,-1.01,-22.5,14.9,25,-0.46,9,
C-B-1,1,1.11405,-29.4162,15.3225,1232,0.0,12.0,14.9,25,2838,0.0,-20.8,14.9,25,-0.422,9,
C-B-1,1,1.11504,-29.4545,15.3167,1231,0.0,11.200000000000001,14.9,25,2838,-1.01,-22.5,14.9,25,-0.46,9,
C-B-1,1,1.11606,-29.4162,15.3225,1232,0.0,12.0,14.9,25,2838,0.0,-20.8,14.9,25,-0.422,9,
C-B-1,1,1.11705,-29.4162,15.3225,1232,0.0,12.0,14.9,25,2838,0.0,-20.8,14.9,25,-0.422,9,
C-B-1,1,1.11805,-29.4545,15.3167,1231,0.0,11.200000000000001,14.9,25,2838,0.0,-20.8,14.9,25,-0.46,9,
C-B-1,1,1.11907,-29.4545,15.3167,1231,0.0,11.200000000000001,14.9,25,2838,0.0,-20.8,14.9,25,-0.46,9,
C-B-1,1,1.12004,-29.4545,15.3167,1231,0.0,11.200000000000001,14.9,25,2838,0.0,-20.8,14.9,25,-0.46,9,
C-B-1,1,1.12105,-29.4162,15.3225,1232,0.0,12.0,14.9,25,2838,0.0,-20.8,14.9,25,-0.422,9,
C-B-1,1,1.12205,-29.4162,15.3225,1232,0.0,12.0,14.9,25,2838,0.0,-20.8,14.9,25,-0.422,9,
C-B-1,1,1.12305,-29.4545,15.3167,1231,0.0,11.200000000000001,14.9,25,2838,0.0,-20.8,14.9,25,-0.46,9,
C-B-1,1,1.12405,-29.4545,15.3167,1231,0.0,11.200000000000001,14.9,25,2838,0.0,-20.8,14.9,25,-0.46,9,
C-B-1,1,1.12505,-29.4545,15.3167,1231,0.0,11.200000000000001,14.9,25,2838,0.0,-20.8,14.9,25,-0.46,9,
C-B-1,1,1.12605,-29.4162,15.3225,1232,0.0,12.0,14.9,25,2838,0.0,-20.8,14.9,25,-0.422,9,
C-B-1,1,1.12705,-29.4162,15.3225,1232,0.0,12.0,14.9,25,2838,0.0,-20.8,14.9,25,-0.422,9,
C-B-1,1,1.12805,-29.4545,15.3167,1231,0.0,11.200000000000001,14.9,25,2838,0.0,-20.8,14.9,25,-0.46,9,
C-B-1,1,1.12905,-29.4162,15.3225,1232,0.0,12.0,14.9,25,2838,0.0,-20.8,14.9,25,-0.422,9,
C-B-1,1,1.13005,-29.4545,15.3167,1231,0.0,11.200000000000001,14.9,25,2838,0.0,-20.8,14.9,25,-0.46,9,
C-B-1,1,1.13105,-29.4162,15.3225,1232,0.0,12.0,14.9,25,2838,0.0,-20.8,14.9,25,-0.422,9,
C-B-1,1,1.13207,-29.4162,15.3225,1232,0.0,12.0,14.9,25,2838,0.0,-20.8,14.9,25,-0.422,9,
C-B-1,1,1.13305,-29.4545,15.3167,1231,0.0,11.200000000000001,14.9,25,2838,0.0,-20.8,14.9,25,-0.46,9,
C-B-1,1,1.13405,-29.4545,15.3167,1231,0.0,11.200000000000001,14.9,25,2838,0.0,-20.8,14.9,25,-0.46,9,
C-B-1,1,1.13505,-29.4162,15.3225,1232,0.0,12.0,14.9,25,2838,0.0,-20.8,14.9,25,-0.422,9,
C-B-1,1,1.13605,-29.4545,15.3167,1231,0.0,11.200000000000001,14.9,25,2838,0.0,-20.8,14.9,25,-0.46,9,
C-B-1,1,1.13705,-29.4162,15.3225,1232,0.0,12.0,14.9,25,2838,0.0,-20.8,14.9,25,-0.422,9,
C-B-1,1,1.13807,-29.4162,15.3225,1232,0.0,12.0,14.9,25,2838,0.0,-20.8,14.9,25,-0.422,9,
C-B-1,1,1.13905,-29.4545,15.3167,1231,0.0,11.200000000000001,14.9,25,2838,0.0,-20.8,14.9,25,-0.46,9,
C-B-1,1,1.14005,-29.4162,15.3225,1232,0.0,12.0,14.9,25,2838,0.0,-20.8,14.9,25,-0.422,9,
C-B-1,1,1.14105,-29.4162,15.3225,1232,0.0,12.0,14.9,25,2838,0.0,-20.8,14.9,25,-0.422,9,
C-B-1,1,1.14205,-29.4162,15.3225,1232,0.0,12.0,14.9,25,2838,0.0,-20.8,14.9,25,-0.422,9,
C-B-1,1,1.14305,-29.4545,15.3167,1231,0.0,11.200000000000001,14.9,25,2838,0.0,-20.8,14.9,25,-0.46,9,
C-B-1,1,1.14407,-29.4545,15.3167,1231,0.0,11.200000000000001,14.9,25,2838,0.0,-20.8,14.9,25,-0.46,9,
C-B-1,1,1.14506,-29.4545,15.3167,1231,0.0,11.200000000000001,14.9,25,2838,0.0,-20.8,14.9,25,-0.46,9,
C-B-1,1,1.14605,-29.4162,15.3225,1232,0.0,12.0,14.9,25,2838,0.0,-20.8,14.9,25,-0.422,9,
C-B-1,1,1.14707,-29.4545,15.3167,1231,0.0,11.200000000000001,14.9,25,2838,0.0,-20.8,14.9,25,-0.46,9,
C-B-1,1,1.14805,-29.4545,15.3167,1231,0.0,11.200000000000001,14.9,25,2838,0.0,-20.8,14.9,25,-0.46,9,
C-B-1,1,1.14905,-29.4545,15.3167,1231,0.0,11.200000000000001,14.9,25,2838,0.0,-20.8,14.9,25,-0.46,9,
C-B-1,1,1.15005,-29.4545,15.3167,1231,0.0,11.200000000000001,14.9,25,2838,0.0,-20.8,14.9,25,-0.46,9,
C-B-1,1,1.15106,-29.4545,15.3167,1231,0.0,11.200000000000001,14.9,25,2838,0.0,-20.8,14.9,25,-0.46,9,
C-B-1,1,1.15205,-29.4545,15.3167,1231,0.0,11.200000000000001,14.9,25,2838,0.0,-20.8,14.9,25,-0.46,9,
C-B-1,1,1.15307,-29.4545,15.3167,1231,0.0,11.200000000000001,14.9,25,2838,0.0,-20.8,14.9,25,-0.46,9,
C-B-1,1,1.15407,-29.4545,15.3167,1231,0.0,11.200000000000001,14.9,25,2838,0.0,-20.8,14.9,25,-0.46,9,
C-B-1,1,1.15506,-29.4545,15.3167,1231,0.0,11.200000000000001,14.9,25,2838,0.0,-20.8,14.9,25,-0.46,9,
C-B-1,1,1.15605,-29.4545,15.3167,1231,0.0,11.200000000000001,14.9,25,2838,0.0,-20.8,14.9,25,-0.46,9,
C-B-1,1,1.15707,-29.4545,15.3167,1231,0.0,11.200000000000001,14.9,25,2838,0.0,-20.8,14.9,25,-0.46,9,
C-B-1,1,1.15806,-29.4545,15.3167,1231,0.0,11.200000000000001,14.9,25,2838,0.0,-20.8,14.9,25,-0.46,9,
C-B-1,1,1.15905,-29.4545,15.3167,1231,0.0,11.200000000000001,14.9,25,2838,0.0,-20.8,14.9,25,-0.46,9,
C-B-1,1,1.16007,-29.4545,15.3167,1231,0.0,11.200000000000001,14.9,25,2839,0.0,-20.0,14.9,25,-0.422,9,
C-B-1,1,1.16106,-29.4545,15.3167,1231,0.0,11.200000000000001,14.9,25,2839,0.0,-20.0,14.9,25,-0.422,9,
C-B-1,1,1.16205,-29.4545,15.3167,1231,0.0,11.200000000000001,14.9,25,2839,0.0,-20.0,14.9,25,-0.422,9,
C-B-1,1,1.16307,-29.4545,15.3167,1231,0.0,11.200000000000001,14.9,25,2839,0.0,-20.0,14.9,25,-0.422,9,
C-B-1,1,1.16406,-29.4545,15.3167,1231,0.0,11.200000000000001,14.9,25,2839,0.0,-20.0,14.9,25,-0.422,9,
C-B-1,1,1.16506,-29.4545,15.3167,1231,0.0,11.200000000000001,14.9,25,2839,0.0,-20.0,14.9,25,-0.422,9,
C-B-1,1,1.16608,-29.4545,15.3167,1231,0.0,11.200000000000001,14.9,25,2839,0.0,-20.0,14.9,25,-0.422,9,
C-B-1,1,1.16706,-29.4545,15.3167,1231,0.0,11.200000000000001,14.9,25,2839,0.0,-20.0,14.9,25,-0.422,9,
C-B-1,1,1.16806,-29.4929,15.3109,1230,0.0,10.4,14.9,25,2839,0.0,-20.0,14.9,25,-0.46,9,
C-B-1,1,1.16908,-29.4929,15.3109,1230,0.0,10.4,14.9,25,2839,0.0,-20.0,14.9,25,-0.46,9,
C-B-1,1,1.17006,-29.4929,15.3109,1230,-1.01,8.700000000000001,14.9,25,2839,0.0,-20.0,14.9,25,-0.46,9,
C-B-1,1,1.17106,-29.4929,15.3109,1230,-1.01,8.700000000000001,14.9,25,2839,0.0,-20.0,14.9,25,-0.46,9,
C-B-1,1,1.17206,-29.4929,15.3109,1230,0.0,10.4,14.9,25,2839,0.0,-20.0,14.9,25,-0.46,9,
C-B-1,1,1.17308,-29.4929,15.3109,1230,0.0,10.4,14.9,25,2839,0.0,-20.0,14.9,25,-0.46,9,
C-B-1,1,1.17406,-29.4929,15.3109,1230,0.0,10.4,14.9,25,2840,1.01,-17.5,14.9,25,-0.422,9,
C-B-1,1,1.17506,-29.4929,15.3109,1230,-1.01,8.700000000000001,14.9,25,2839,0.0,-20.0,14.9,25,-0.46,9,
C-B-1,1,1.17608,-29.4929,15.3109,1230,0.0,10.4,14.9,25,2840,1.01,-17.5,14.9,25,-0.422,9,
C-B-1,1,1.17706,-29.4929,15.3109,1230,0.0,10.4,14.9,25,2840,1.01,-17.5,14.9,25,-0.422,9,
C-B-1,1,1.17806,-29.4929,15.3109,1230,0.0,10.4,14.9,25,2839,0.0,-20.0,14.9,25,-0.46,9,
C-B-1,1,1.17908,-29.4929,15.3109,1230,0.0,10.4,14.9,25,2840,1.01,-17.5,14.9,25,-0.422,9,
C-B-1,1,1.18006,-29.4929,15.3109,1230,0.0,10.4,14.9,25,2840,1.01,-17.5,14.9,25,-0.422,9,
C-B-1,1,1.18106,-29.4929,15.3109,1230,0.0,10.4,14.9,25,2840,1.01,-17.5,14.9,25,-0.422,9,
C-B-1,1,1.18208,-29.4929,15.3109,1230,0.0,10.4,14.9,25,2840,1.01,-17.5,14.9,25,-0.422,9,
C-B-1,1,1.18306,-29.4929,15.3109,1230,0.0,10.4,14.9,25,2840,1.01,-17.5,14.9,25,-0.422,9,
C-B-1,1,1.18406,-29.4929,15.3109,1230,0.0,10.4,14.9,25,2840,1.01,-17.5,14.9,25,-0.422,9,
C-B-1,1,1.18508,-29.4929,15.3109,1230,0.0,10.4,14.9,25,2840,1.01,-17.5,14.9,25,-0.422,9,
C-B-1,1,1.18606,-29.4929,15.3109,1230,0.0,10.4,14.9,25,2840,0.0,-19.200000000000003,14.9,25,-0.422,9,
C-B-1,1,1.18706,-29.4929,15.3109,1230,0.0,10.4,14.9,25,2840,1.01,-17.5,14.9,25,-0.422,9,
C-B-1,1,1.18808,-29.5313,15.3051,1229,-1.01,7.9,14.9,25,2840,1.01,-17.5,14.9,25,-0.46,9,
C-B-1,1,1.18908,-29.4929,15.3109,1230,0.0,10.4,14.9,25,2841,1.01,-16.7,14.9,25,-0.384,9,
C-B-1,1,1.19006,-29.4929,15.3109,1230,0.0,10.4,14.9,25,2841,1.01,-16.7,14.9,25,-0.384,9,
C-B-1,1,1.19106,-29.5313,15.3051,1229,-1.01,7.9,14.9,25,2841,1.01,-16.7,14.9,25,-0.422,9,
C-B-1,1,1.19208,-29.4929,15.3109,1230,0.0,10.4,14.9,25,2841,1.01,-16.7,14.9,25,-0.384,9,
C-B-1,1,1.19307,-29.5313,15.3051,1229,-1.01,7.9,14.9,25,2841,1.01,-16.7,14.9,25,-0.422,9,
C-B-1,1,1.19406,-29.4929,15.3109,1230,0.0,10.4,14.9,25,2841,1.01,-16.7,14.9,25,-0.384,9,
C-B-1,1,1.19508,-29.5313,15.3051,1229,-1.01,7.9,14.9,25,2841,1.01,-16.7,14.9,25,-0.422,9,
C-B-1,1,1.19606,-29.5313,15.3051,1229,-1.01,7.9,14.9,25,2841,1.01,-16.7,14.9,25,-0.422,9,
C-B-1,1,1.19707,-29.5313,15.3051,1229,0.0,9.600000000000001,14.9,25,2841,1.01,-16.7,14.9,25,-0.422,9,
C-B-1,1,1.19806,-29.5313,15.3051,1229,0.0,9.600000000000001,14.9,25,2842,1.01,-16.7,14.9,25,-0.384,9,
C-B-1,1,1.19906,-29.5313,15.3051,1229,0.0,9.600000000000001,14.9,25,2841,1.01,-16.7,14.9,25,-0.422,9,
C-B-1,1,1.20009,-29.5313,15.3051,1229,0.0,9.600000000000001,14.9,25,2841,1.01,-16.7,14.9,25,-0.422,9,
C-B-1,1,1.20106,-29.5313,15.3051,1229,0.0,9.600000000000001,14.9,25,2841,1.01,-16.7,14.9,25,-0.422,9,
C-B-1,1,1.20207,-29.5313,15.3051,1229,0.0,9.600000000000001,14.9,25,2841,1.01,-16.7,14.9,25,-0.422,9,
C-B-1,1,1.20306,-29.5313,15.3051,1229,0.0,9.600000000000001,14.9,25,2841,0.0,-18.400000000000002,14.9,25,-0.422,9,
C-B-1,1,1.20408,-29.5313,15.3051,1229,0.0,9.600000000000001,14.9,25,2841,1.01,-16.7,14.9,25,-0.422,9,
C-B-1,1,1.20507,-29.5313,15.3051,1229,0.0,9.600000000000001,14.9,25,2842,1.51,-15.0,14.9,25,-0.384,9,
C-B-1,1,1.20607,-29.5313,15.3051,1229,0.0,9.600000000000001,14.9,25,2841,0.0,-18.400000000000002,14.9,25,-0.422,9,
C-B-1,1,1.20708,-29.5313,15.3051,1229,0.0,9.600000000000001,14.9,25,2842,1.01,-15.9,14.9,25,-0.384,9,
C-B-1,1,1.20807,-29.5313,15.3051,1229,0.0,9.600000000000001,14.9,25,2842,1.01,-15.9,14.9,25,-0.384,9,
C-B-1,1,1.20907,-29.5313,15.3051,1229,0.0,9.600000000000001,14.9,25,2842,1.01,-15.9,14.9,25,-0.384,9,
C-B-1,1,1.21009,-29.5313,15.3051,1229,0.0,9.600000000000001,14.9,25,2842,1.01,-15.9,14.9,25,-0.384,9,
C-B-1,1,1.21109,-29.5313,15.3051,1229,0.0,9.600000000000001,14.9,25,2842,1.01,-15.9,14.9,25,-0.384,9,
C-B-1,1,1.21207,-29.5313,15.3051,1229,0.0,9.600000000000001,14.9,25,2842,1.01,-15.9,14.9,25,-0.384,9,
C-B-1,1,1.21307,-29.5696,15.2993,1228,-1.01,7.1000000000000005,14.9,25,2842,1.01,-15.9,14.9,25,-0.422,9,
C-B-1,1,1.21409,-29.5313,15.3051,1229,0.0,9.600000000000001,15.0,25,2842,1.01,-15.9,15.0,25,-0.384,9,
C-B-1,1,1.21509,-29.5313,15.3051,1229,0.0,9.600000000000001,15.0,25,2842,1.01,-15.9,15.0,25,-0.384,9,
C-B-1,1,1.21607,-29.5313,15.3051,1229,0.0,9.600000000000001,15.0,25,2842,1.01,-15.9,15.0,25,-0.384,9,
C-B-1,1,1.21707,-29.5696,15.2993,1228,0.0,8.8,15.0,25,2842,1.01,-15.9,15.0,25,-0.422,9,
C-B-1,1,1.21807,-29.5313,15.3051,1229,0.0,9.600000000000001,15.0,25,2842,0.0,-17.6,15.0,25,-0.384,9,
C-B-1,1,1.21909,-29.5696,15.2993,1228,-1.01,7.1000000000000005,15.0,25,2842,0.0,-17.6,15.0,25,-0.422,9,
C-B-1,1,1.22007,-29.5696,15.2993,1228,-1.01,7.1000000000000005,15.0,25,2842,0.0,-17.6,15.0,25,-0.422,9,
C-B-1,1,1.22107,-29.5696,15.2993,1228,0.0,8.8,15.0,25,2843,1.01,-15.100000000000001,15.0,25,-0.384,9,
C-B-1,1,1.22209,-29.5313,15.3051,1229,0.0,9.600000000000001,15.0,25,2842,0.0,-17.6,15.0,25,-0.384,9,
C-B-1,1,1.22307,-29.5696,15.2993,1228,-1.01,7.1000000000000005,15.0,25,2842,0.0,-17.6,15.0,25,-0.422,9,
C-B-1,1,1.22407,-29.5313,15.3051,1229,0.0,9.600000000000001,15.0,25,2842,0.0,-17.6,15.0,25,-0.384,9,
C-B-1,1,1.22507,-29.5313,15.3051,1229,0.0,9.600000000000001,15.0,25,2842,0.0,-17.6,15.0,25,-0.384,9,
C-B-1,1,1.22607,-29.5313,15.3051,1229,0.0,9.600000000000001,15.0,25,2843,0.0,-16.8,15.0,25,-0.345,9,
C-B-1,1,1.22707,-29.5696,15.2993,1228,0.0,8.8,15.0,25,2843,1.01,-15.100000000000001,15.0,25,-0.384,9,
C-B-1,1,1.22809,-29.5696,15.2993,1228,0.0,8.8,15.0,25,2843,1.01,-15.100000000000001,15.0,25,-0.384,9,
C-B-1,1,1.22907,-29.5696,15.2993,1228,0.0,8.8,15.0,25,2842,0.0,-17.6,15.0,25,-0.422,9,
C-B-1,1,1.23007,-29.5696,15.2993,1228,0.0,8.8,15.0,25,2842,0.0,-17.6,15.0,25,-0.422,9,
C-B-1,1,1.23109,-29.5696,15.2993,1228,0.0,8.8,15.0,25,2842,0.0,-17.6,15.0,25,-0.422,9,
C-B-1,1,1.23207,-29.5313,15.3051,1229,0.0,9.600000000000001,15.0,25,2842,0.0,-17.6,15.0,25,-0.384,9,
C-B-1,1,1.23307,-29.5696,15.2993,1228,0.0,8.8,15.0,25,2842,0.0,-17.6,15.0,25,-0.422,9,
C-B-1,1,1.23407,-29.5696,15.2993,1228,0.0,8.8,15.0,25,2843,0.0,-16.8,15.0,25,-0.384,9,
C-B-1,1,1.23508,-29.5313,15.3051,1229,0.0,9.600000000000001,15.0,25,2843,0.0,-16.8,15.0,25,-0.345,9,
C-B-1,1,1.23607,-29.5313,15.3051,1229,0.0,9.600000000000001,15.0,25,2842,0.0,-17.6,15.0,25,-0.384,9,
C-B-1,1,1.23707,-29.5313,15.3051,1229,0.0,9.600000000000001,15.0,25,2843,0.0,-16.8,15.0,25,-0.345,9,
C-B-1,1,1.23809,-29.5313,15.3051,1229,0.0,9.600000000000001,15.0,25,2842,0.0,-17.6,15.0,25,-0.384,9,
C-B-1,1,1.23908,-29.5696,15.2993,1228,0.0,8.8,15.0,25,2843,0.0,-16.8,15.0,25,-0.384,9,
C-B-1,1,1.24007,-29.5696,15.2993,1228,0.0,8.8,15.0,25,2842,0.0,-17.6,15.0,25,-0.422,9,
C-B-1,1,1.24109,-29.5313,15.3051,1229,0.0,9.600000000000001,15.0,25,2842,0.0,-17.6,15.0,25,-0.384,9,
C-B-1,1,1.24208,-29.5313,15.3051,1229,0.0,9.600000000000001,15.0,25,2843,0.0,-16.8,15.0,25,-0.345,9,
C-B-1,1,1.24307,-29.5696,15.2993,1228,0.0,8.8,15.0,25,2842,0.0,-17.6,15.0,25,-0.422,9,
C-B-1,1,1.2441,-29.5313,15.3051,1229,0.0,9.600000000000001,15.0,25,2843,0.0,-16.8,15.0,25,-0.345,9,
C-B-1,1,1.24508,-29.5696,15.2993,1228,0.0,8.8,15.0,25,2842,0.0,-17.6,15.0,25,-0.422,9,
C-B-1,1,1.24608,-29.5696,15.2993,1228,0.0,8.8,15.0,25,2842,0.0,-17.6,15.0,25,-0.422,9,
C-B-1,1,1.24709,-29.5696,15.2993,1228,0.0,8.8,15.0,25,2842,0.0,-17.6,15.0,25,-0.422,9,
C-B-1,1,1.24808,-29.5313,15.3051,1229,0.0,9.600000000000001,15.0,25,2842,0.0,-17.6,15.0,25,-0.384,9,
C-B-1,1,1.24907,-29.5696,15.2993,1228,0.0,8.8,15.0,25,2842,0.0,-17.6,15.0,25,-0.422,9,
C-B-1,1,1.25006,-29.5313,15.3051,1229,0.0,9.600000000000001,15.0,25,2842,0.0,-17.6,15.0,25,-0.384,9,
C-B-1,1,1.25108,-29.5696,15.2993,1228,0.0,8.8,15.0,25,2842,0.0,-17.6,15.0,25,-0.422,9,
C-B-1,1,1.25206,-29.5696,15.2993,1228,0.0,8.8,15.0,25,2842,0.0,-17.6,15.0,25,-0.422,9,
C-B-1,1,1.25308,-29.5696,15.2993,1228,0.0,8.8,15.0,25,2842,0.0,-17.6,15.0,25,-0.422,9,
C-B-1,1,1.25406,-29.5313,15.3051,1229,0.0,9.600000000000001,15.0,25,2842,0.0,-17.6,15.0,25,-0.384,9,
C-B-1,1,1.25508,-29.5313,15.3051,1229,0.0,9.600000000000001,15.0,25,2842,0.0,-17.6,15.0,25,-0.384,9,
C-B-1,1,1.25606,-29.5313,15.3051,1229,0.0,9.600000000000001,15.0,25,2842,0.0,-17.6,15.0,25,-0.384,9,
C-B-1,1,1.25708,-29.5696,15.2993,1228,0.0,8.8,15.0,25,2842,0.0,-17.6,15.0,25,-0.422,9,
C-B-1,1,1.25806,-29.5313,15.3051,1229,0.0,9.600000000000001,15.0,25,2842,0.0,-17.6,15.0,25,-0.384,9,
C-B-1,1,1.25908,-29.5313,15.3051,1229,0.0,9.600000000000001,15.0,25,2842,0.0,-17.6,15.0,25,-0.384,9,
C-B-1,1,1.26006,-29.5696,15.2993,1228,0.0,8.8,15.0,25,2842,0.0,-17.6,15.0,25,-0.422,9,
C-B-1,1,1.26108,-29.5313,15.3051,1229,0.0,9.600000000000001,15.0,25,2842,0.0,-17.6,15.0,25,-0.384,9,
C-B-1,1,1.26206,-29.5313,15.3051,1229,0.0,9.600000000000001,15.0,25,2842,0.0,-17.6,15.0,25,-0.384,9,
C-B-1,1,1.26308,-29.5313,15.3051,1229,0.0,9.600000000000001,15.0,25,2842,0.0,-17.6,15.0,25,-0.384,9,
C-B-1,1,1.26406,-29.5313,15.3051,1229,0.0,9.600000000000001,15.0,25,2842,0.0,-17.6,15.0,25,-0.384,9,
C-B-1,1,1.26508,-29.5313,15.3051,1229,0.0,9.600000000000001,15.0,25,2842,0.0,-17.6,15.0,25,-0.384,9,
C-B-1,1,1.26606,-29.5313,15.3051,1229,0.0,9.600000000000001,15.0,25,2842,0.0,-17.6,15.0,25,-0.384,9,
C-B-1,1,1.26708,-29.5313,15.3051,1229,0.0,9.600000000000001,15.0,25,2842,0.0,-17.6,15.0,25,-0.384,9,
C-B-1,1,1.26806,-29.5313,15.3051,1229,0.0,9.600000000000001,15.0,25,2841,-1.01,-20.1,15.0,25,-0.422,9,
C-B-1,1,1.26908,-29.5313,15.3051,1229,0.0,9.600000000000001,15.0,25,2842,0.0,-17.6,15.0,25,-0.384,9,
C-B-1,1,1.27006,-29.5313,15.3051,1229,0.0,9.600000000000001,15.0,25,2842,0.0,-17.6,15.0,25,-0.384,9,
C-B-1,1,1.27108,-29.5313,15.3051,1229,0.0,9.600000000000001,15.0,25,2842,0.0,-17.6,15.0,25,-0.384,9,
C-B-1,1,1.27206,-29.5313,15.3051,1229,0.0,9.600000000000001,15.0,25,2841,0.0,-18.400000000000002,15.0,25,-0.422,9,
C-B-1,1,1.27308,-29.5313,15.3051,1229,0.0,9.600000000000001,15.0,25,2842,0.0,-17.6,15.0,25,-0.384,9,
C-B-1,1,1.27406,-29.5313,15.3051,1229,0.0,9.600000000000001,15.0,25,2842,0.0,-17.6,15.0,25,-0.384,9,
C-B-1,1,1.27508,-29.5313,15.3051,1229,0.0,9.600000000000001,15.0,25,2842,0.0,-17.6,15.0,25,-0.384,9,
C-B-1,1,1.27608,-29.5313,15.3051,1229,0.0,9.600000000000001,15.0,25,2841,0.0,-18.400000000000002,15.0,25,-0.422,9,
C-B-1,1,1.27706,-29.5313,15.3051,1229,0.0,9.600000000000001,15.0,25,2841,0.0,-18.400000000000002,15.0,25,-0.422,9,
C-B-1,1,1.27808,-29.5313,15.3051,1229,0.0,9.600000000000001,15.0,25,2842,0.0,-17.6,15.0,25,-0.384,9,
C-B-1,1,1.27907,-29.5313,15.3051,1229,0.0,9.600000000000001,15.0,25,2841,0.0,-18.400000000000002,15.0,25,-0.422,9,
C-B-1,1,1.28008,-29.5313,15.3051,1229,0.0,9.600000000000001,15.0,25,2841,0.0,-18.400000000000002,15.0,25,-0.422,9,
C-B-1,1,1.28107,-29.5313,15.3051,1229,0.0,9.600000000000001,15.0,25,2841,0.0,-18.400000000000002,15.0,25,-0.422,9,
C-B-1,1,1.28208,-29.5313,15.3051,1229,0.0,9.600000000000001,15.0,25,2841,0.0,-18.400000000000002,15.0,25,-0.422,9,
C-B-1,1,1.28307,-29.5313,15.3051,1229,0.0,9.600000000000001,15.0,25,2841,0.0,-18.400000000000002,15.0,25,-0.422,9,
C-B-1,1,1.28408,-29.4929,15.3109,1230,0.0,10.4,15.0,25,2841,0.0,-18.400000000000002,15.0,25,-0.384,9,
C-B-1,1,1.28507,-29.4929,15.3109,1230,0.0,10.4,15.0,25,2841,0.0,-18.400000000000002,15.0,25,-0.384,9,
C-B-1,1,1.28608,-29.5313,15.3051,1229,0.0,9.600000000000001,15.0,25,2840,-1.01,-20.900000000000002,15.0,25,-0.46,9,
C-B-1,1,1.28707,-29.4929,15.3109,1230,0.0,10.4,15.0,25,2841,0.0,-18.400000000000002,15.0,25,-0.384,9,
C-B-1,1,1.28809,-29.4929,15.3109,1230,0.0,10.4,15.0,25,2841,0.0,-18.400000000000002,15.0,25,-0.384,9,
C-B-1,1,1.28907,-29.4929,15.3109,1230,1.01,12.100000000000001,15.0,25,2840,-1.01,-20.900000000000002,15.0,25,-0.422,9,
C-B-1,1,1.29008,-29.4929,15.3109,1230,0.0,10.4,15.0,25,2841,0.0,-18.400000000000002,15.0,25,-0.384,9,
C-B-1,1,1.29107,-29.4929,15.3109,1230,0.0,10.4,15.0,25,2841,0.0,-18.400000000000002,15.0,25,-0.384,9,
C-B-1,1,1.29209,-29.4929,15.3109,1230,0.0,10.4,15.0,25,2840,-1.01,-20.900000000000002,15.0,25,-0.422,9,
C-B-1,1,1.29307,-29.4929,15.3109,1230,0.0,10.4,15.0,25,2840,-1.01,-20.900000000000002,15.0,25,-0.422,9,
C-B-1,1,1.29409,-29.4929,15.3109,1230,0.0,10.4,15.0,25,2840,-1.01,-20.900000000000002,15.0,25,-0.422,9,
C-B-1,1,1.29507,-29.4929,15.3109,1230,0.0,10.4,15.0,25,2840,-1.01,-20.900000000000002,15.0,25,-0.422,9,
C-B-1,1,1.29609,-29.4929,15.3109,1230,0.0,10.4,15.0,25,2840,-1.01,-20.900000000000002,15.0,25,-0.422,9,
C-B-1,1,1.29705,-29.4929,15.3109,1230,0.0,10.4,15.0,25,2840,-1.01,-20.900000000000002,15.0,25,-0.422,9,
C-B-1,1,1.29809,-29.4929,15.3109,1230,0.0,10.4,15.0,25,2840,0.0,-19.200000000000003,15.0,25,-0.422,9,
C-B-1,1,1.29907,-29.4929,15.3109,1230,0.0,10.4,15.0,25,2840,-1.01,-20.900000000000002,15.0,25,-0.422,9,
C-B-1,1,1.3001,-29.4929,15.3109,1230,0.0,10.4,15.0,25,2840,-1.01,-20.900000000000002,15.0,25,-0.422,9,
C-B-1,1,1.30107,-29.4929,15.3109,1230,0.0,10.4,15.0,25,2840,0.0,-19.200000000000003,15.0,25,-0.422,9,
C-B-1,1,1.30209,-29.4929,15.3109,1230,0.0,10.4,15.0,25,2840,-1.01,-20.900000000000002,15.0,25,-0.422,9,
C-B-1,1,1.30309,-29.4929,15.3109,1230,0.0,10.4,15.0,25,2840,-1.01,-20.900000000000002,15.0,25,-0.422,9,
C-B-1,1,1.30407,-29.4929,15.3109,1230,0.0,10.4,15.0,25,2840,-1.01,-20.900000000000002,15.0,25,-0.422,9,
C-B-1,1,1.30507,-29.4929,15.3109,1230,0.0,10.4,15.0,25,2840,0.0,-19.200000000000003,15.0,25,-0.422,9,
C-B-1,1,1.30607,-29.4929,15.3109,1230,0.0,10.4,15.0,25,2840,0.0,-19.200000000000003,15.0,25,-0.422,9,
C-B-1,1,1.30707,-29.4929,15.3109,1230,0.0,10.4,15.0,25,2840,0.0,-19.200000000000003,15.0,25,-0.422,9,
C-B-1,1,1.30807,-29.4929,15.3109,1230,0.0,10.4,15.0,25,2839,-1.01,-21.700000000000003,15.0,25,-0.46,9,
C-B-1,1,1.30907,-29.4929,15.3109,1230,0.0,10.4,15.0,25,2839,-1.01,-21.700000000000003,15.0,25,-0.46,9,
C-B-1,1,1.31007,-29.4929,15.3109,1230,0.0,10.4,15.0,25,2839,-1.01,-21.700000000000003,15.0,25,-0.46,9,
C-B-1,1,1.31107,-29.4929,15.3109,1230,0.0,10.4,15.0,25,2840,0.0,-19.200000000000003,15.0,25,-0.422,9,
C-B-1,1,1.31209,-29.4545,15.3167,1231,1.01,12.9,15.0,25,2840,0.0,-19.200000000000003,15.0,25,-0.384,9,
C-B-1,1,1.31307,-29.4545,15.3167,1231,0.0,11.200000000000001,15.0,25,2839,-1.01,-21.700000000000003,15.0,25,-0.422,9,
C-B-1,1,1.31407,-29.4929,15.3109,1230,0.0,10.4,15.0,25,2839,-1.01,-21.700000000000003,15.0,25,-0.46,9,
C-B-1,1,1.31507,-29.4929,15.3109,1230,0.0,10.4,15.0,25,2839,0.0,-20.0,15.0,25,-0.46,9,
C-B-1,1,1.31607,-29.4929,15.3109,1230,0.0,10.4,15.0,25,2840,0.0,-19.200000000000003,15.0,25,-0.422,9,
C-B-1,1,1.31707,-29.4545,15.3167,1231,0.0,11.200000000000001,15.0,25,2839,0.0,-20.0,15.0,25,-0.422,9,
C-B-1,1,1.31807,-29.4545,15.3167,1231,0.0,11.200000000000001,15.0,25,2839,0.0,-20.0,15.0,25,-0.422,9,
C-B-1,1,1.31908,-29.4545,15.3167,1231,0.0,11.200000000000001,15.0,25,2839,-1.01,-21.700000000000003,15.0,25,-0.422,9,
C-B-1,1,1.32007,-29.4929,15.3109,1230,0.0,10.4,15.0,25,2839,-1.01,-21.700000000000003,15.0,25,-0.46,9,
C-B-1,1,1.32108,-29.4545,15.3167,1231,0.0,11.200000000000001,15.0,25,2839,0.0,-20.0,15.0,25,-0.422,9,
C-B-1,1,1.32207,-29.4929,15.3109,1230,0.0,10.4,15.0,25,2839,0.0,-20.0,15.0,25,-0.46,9,
C-B-1,1,1.32307,-29.4545,15.3167,1231,0.0,11.200000000000001,15.0,25,2839,0.0,-20.0,15.0,25,-0.422,9,
C-B-1,1,1.32408,-29.4545,15.3167,1231,0.0,11.200000000000001,15.0,25,2839,0.0,-20.0,15.0,25,-0.422,9,
C-B-1,1,1.32507,-29.4545,15.3167,1231,0.0,11.200000000000001,15.0,25,2839,0.0,-20.0,15.0,25,-0.422,9,
C-B-1,1,1.32607,-29.4545,15.3167,1231,0.0,11.200000000000001,15.0,25,2839,0.0,-20.0,15.0,25,-0.422,9,
C-B-1,1,1.32707,-29.4545,15.3167,1231,0.0,11.200000000000001,15.0,25,2839,0.0,-20.0,15.0,25,-0.422,9,
C-B-1,1,1.32807,-29.4545,15.3167,1231,0.0,11.200000000000001,15.0,25,2839,0.0,-20.0,15.0,25,-0.422,9,
C-B-1,1,1.32908,-29.4545,15.3167,1231,0.0,11.200000000000001,15.0,25,2839,0.0,-20.0,15.0,25,-0.422,9,
C-B-1,1,1.33007,-29.4545,15.3167,1231,0.0,11.200000000000001,15.0,25,2839,0.0,-20.0,14.8,25,-0.422,9,
C-B-1,1,1.33108,-29.4545,15.3167,1231,0.0,11.200000000000001,14.9,25,2839,0.0,-20.0,14.8,25,-0.422,9,
C-B-1,1,1.33207,-29.4545,15.3167,1231,0.0,11.200000000000001,14.9,25,2839,0.0,-20.0,14.8,25,-0.422,9,
C-B-1,1,1.33308,-29.4545,15.3167,1231,0.0,11.200000000000001,14.9,25,2839,0.0,-20.0,14.8,25,-0.422,9,
C-B-1,1,1.33407,-29.4545,15.3167,1231,0.0,11.200000000000001,14.9,25,2839,0.0,-20.0,14.8,25,-0.422,9,
C-B-1,1,1.33508,-29.4545,15.3167,1231,0.0,11.200000000000001,14.9,25,2839,0.0,-20.0,14.8,25,-0.422,9,
C-B-1,1,1.33607,-29.4545,15.3167,1231,0.0,11.200000000000001,14.9,25,2839,0.0,-20.0,14.8,25,-0.422,9,
C-B-1,1,1.33708,-29.4545,15.3167,1231,0.0,11.200000000000001,14.9,25,2839,0.0,-20.0,14.8,25,-0.422,9,
C-B-1,1,1.33807,-29.4545,15.3167,1231,0.0,11.200000000000001,14.9,25,2839,0.0,-20.0,14.8,25,-0.422,9,
C-B-1,1,1.33908,-29.4545,15.3167,1231,0.0,11.200000000000001,14.9,25,2839,0.0,-20.0,14.8,25,-0.422,9,
C-B-1,1,1.34008,-29.4545,15.3167,1231,0.0,11.200000000000001,14.9,25,2838,-1.01,-22.5,14.8,25,-0.46,9,
C-B-1,1,1.34107,-29.4545,15.3167,1231,0.0,11.200000000000001,14.9,25,2839,0.0,-20.0,14.8,25,-0.422,9,
C-B-1,1,1.34208,-29.4545,15.3167,1231,0.0,11.200000000000001,14.9,25,2839,0.0,-20.0,14.8,25,-0.422,9,
C-B-1,1,1.34308,-29.4545,15.3167,1231,0.0,11.200000000000001,14.9,25,2839,0.0,-20.0,14.8,25,-0.422,9,
C-B-1,1,1.34408,-29.4545,15.3167,1231,0.0,11.200000000000001,14.9,25,2838,0.0,-20.8,14.8,25,-0.46,9,
C-B-1,1,1.34508,-29.4545,15.3167,1231,0.0,11.200000000000001,14.9,25,2839,0.0,-20.0,14.8,25,-0.422,9,
C-B-1,1,1.34608,-29.4545,15.3167,1231,0.0,11.200000000000001,14.9,25,2839,0.0,-20.0,14.8,25,-0.422,9,
C-B-1,1,1.34708,-29.4545,15.3167,1231,0.0,11.200000000000001,14.9,25,2839,0.0,-20.0,14.8,25,-0.422,9,
C-B-1,1,1.34808,-29.4545,15.3167,1231,0.0,11.200000000000001,14.9,25,2839,0.0,-20.0,14.8,25,-0.422,9,
C-B-1,1,1.34908,-29.4545,15.3167,1231,0.0,11.200000000000001,14.9,25,2838,0.0,-20.8,14.8,25,-0.46,9,
C-B-1,1,1.35008,-29.4545,15.3167,1231,0.0,11.200000000000001,14.9,25,2838,0.0,-20.8,14.8,25,-0.46,9,
C-B-1,1,1.35108,-29.4545,15.3167,1231,0.0,11.200000000000001,14.9,25,2839,0.0,-20.0,14.8,25,-0.422,9,
C-B-1,1,1.35208,-29.4545,15.3167,1231,0.0,11.200000000000001,14.9,25,2838,0.0,-20.8,14.8,25,-0.46,9,
C-B-1,1,1.35308,-29.4545,15.3167,1231,0.0,11.200000000000001,14.9,25,2839,0.0,-20.0,14.8,25,-0.422,9,
C-B-1,1,1.35408,-29.4545,15.3167,1231,0.0,11.200000000000001,14.9,25,2839,0.0,-20.0,14.8,25,-0.422,9,
C-B-1,1,1.35508,-29.4545,15.3167,1231,0.0,11.200000000000001,14.9,25,2839,0.0,-20.0,14.8,25,-0.422,9,
C-B-1,1,1.35608,-29.4545,15.3167,1231,0.0,11.200000000000001,14.9,25,2839,0.0,-20.0,14.8,25,-0.422,9,
C-B-1,1,1.35708,-29.4545,15.3167,1231,0.0,11.200000000000001,14.9,25,2839,0.0,-20.0,14.8,25,-0.422,9,
C-B-1,1,1.35808,-29.4545,15.3167,1231,0.0,11.200000000000001,14.9,25,2839,0.0,-20.0,14.8,25,-0.422,9,
C-B-1,1,1.35908,-29.4545,15.3167,1231,0.0,11.200000000000001,14.9,25,2839,0.0,-20.0,14.8,25,-0.422,9,
C-B-1,1,1.36008,-29.4545,15.3167,1231,0.0,11.200000000000001,14.9,25,2839,0.0,-20.0,14.8,25,-0.422,9,
C-B-1,1,1.36109,-29.4545,15.3167,1231,0.0,11.200000000000001,14.9,25,2839,0.0,-20.0,14.8,25,-0.422,9,
C-B-1,1,1.36208,-29.4545,15.3167,1231,0.0,11.200000000000001,14.9,25,2839,0.0,-20.0,14.8,25,-0.422,9,
C-B-1,1,1.36308,-29.4545,15.3167,1231,0.0,11.200000000000001,14.9,25,2839,0.0,-20.0,14.8,25,-0.422,9,
C-B-1,1,1.36408,-29.4545,15.3167,1231,0.0,11.200000000000001,14.9,25,2839,0.0,-20.0,14.8,25,-0.422,9,
C-B-1,1,1.36508,-29.4545,15.3167,1231,0.0,11.200000000000001,14.9,25,2839,0.0,-20.0,14.8,25,-0.422,9,
C-B-1,1,1.36608,-29.4545,15.3167,1231,0.0,11.200000000000001,14.9,25,2839,0.0,-20.0,14.8,25,-0.422,9,
C-B-1,1,1.36709,-29.4545,15.3167,1231,0.0,11.200000000000001,14.9,25,2839,0.0,-20.0,14.8,25,-0.422,9,
C-B-1,1,1.36808,-29.4545,15.3167,1231,0.0,11.200000000000001,14.9,25,2839,0.0,-20.0,14.8,25,-0.422,9,
C-B-1,1,1.36909,-29.4545,15.3167,1231,0.0,11.200000000000001,14.9,25,2839,0.0,-20.0,14.8,25,-0.422,9,
C-B-1,1,1.37008,-29.4545,15.3167,1231,0.0,11.200000000000001,14.9,25,2839,0.0,-20.0,14.8,25,-0.422,9,
C-B-1,1,1.37109,-29.4545,15.3167,1231,0.0,11.200000000000001,14.9,25,2839,0.0,-20.0,14.8,25,-0.422,9,
C-B-1,1,1.37208,-29.4545,15.3167,1231,0.0,11.200000000000001,14.9,25,2839,0.0,-20.0,14.8,25,-0.422,9,
C-B-1,1,1.37308,-29.4545,15.3167,1231,0.0,11.200000000000001,14.9,25,2839,0.0,-20.0,14.8,25,-0.422,9,
C-B-1,1,1.37409,-29.4545,15.3167,1231,0.0,11.200000000000001,14.9,25,2839,0.0,-20.0,14.8,25,-0.422,9,
C-B-1,1,1.37508,-29.4545,15.3167,1231,0.0,11.200000000000001,14.9,25,2839,0.0,-20.0,14.8,25,-0.422,9,
C-B-1,1,1.37609,-29.4545,15.3167,1231,0.0,11.200000000000001,14.9,25,2839,0.0,-20.0,14.8,25,-0.422,9,
C-B-1,1,1.37708,-29.4929,15.3109,1230,0.0,10.4,14.9,25,2839,0.0,-20.0,14.8,25,-0.46,9,
C-B-1,1,1.37808,-29.4545,15.3167,1231,0.0,11.200000000000001,14.9,25,2839,0.0,-20.0,14.8,25,-0.422,9,
C-B-1,1,1.37909,-29.4545,15.3167,1231,0.0,11.200000000000001,14.9,25,2839,0.0,-20.0,14.8,25,-0.422,9,
C-B-1,1,1.38009,-29.4545,15.3167,1231,0.0,11.200000000000001,14.9,25,2839,0.0,-20.0,14.8,25,-0.422,9,
C-B-1,1,1.38109,-29.4545,15.3167,1231,0.0,11.200000000000001,14.9,25,2839,0.0,-20.0,14.8,25,-0.422,9,
C-B-1,1,1.38209,-29.4545,15.3167,1231,0.0,11.200000000000001,14.9,25,2839,0.0,-20.0,14.8,25,-0.422,9,
C-B-1,1,1.38309,-29.4929,15.3109,1230,0.0,10.4,14.9,25,2839,0.0,-20.0,14.8,25,-0.46,9,
C-B-1,1,1.38408,-29.4929,15.3109,1230,0.0,10.4,14.9,25,2839,0.0,-20.0,14.8,25,-0.46,9,
C-B-1,1,1.38509,-29.4929,15.3109,1230,0.0,10.4,14.9,25,2839,0.0,-20.0,14.8,25,-0.46,9,
C-B-1,1,1.38609,-29.4929,15.3109,1230,0.0,10.4,14.9,25,2839,0.0,-20.0,14.8,25,-0.46,9,
C-B-1,1,1.38709,-29.4929,15.3109,1230,0.0,10.4,14.9,25,2839,0.0,-20.0,14.8,25,-0.46,9,
C-B-1,1,1.38809,-29.4545,15.3167,1231,0.0,11.200000000000001,14.9,25,2839,0.0,-20.0,14.8,25,-0.422,9,
C-B-1,1,1.38909,-29.4929,15.3109,1230,0.0,10.4,14.9,25,2839,0.0,-20.0,14.8,25,-0.46,9,
C-B-1,1,1.39009,-29.4545,15.3167,1231,0.0,11.200000000000001,14.9,25,2839,0.0,-20.0,14.8,25,-0.422,9,
C-B-1,1,1.39109,-29.4929,15.3109,1230,0.0,10.4,14.9,25,2839,0.0,-20.0,14.8,25,-0.46,9,
C-B-1,1,1.39209,-29.4929,15.3109,1230,0.0,10.4,14.9,25,2840,0.0,-19.200000000000003,14.8,25,-0.422,9,
C-B-1,1,1.39309,-29.4929,15.3109,1230,0.0,10.4,14.9,25,2840,0.0,-19.200000000000003,14.8,25,-0.422,9,
C-B-1,1,1.39409,-29.4929,15.3109,1230,0.0,10.4,14.9,25,2840,0.0,-19.200000000000003,14.8,25,-0.422,9,
C-B-1,1,1.39509,-29.4929,15.3109,1230,0.0,10.4,14.9,25,2840,0.0,-19.200000000000003,14.8,25,-0.422,9,
C-B-1,1,1.39609,-29.4929,15.3109,1230,0.0,10.4,14.9,25,2840,0.0,-19.200000000000003,14.8,25,-0.422,9,
C-B-1,1,1.39709,-29.4929,15.3109,1230,0.0,10.4,14.9,25,2840,0.0,-19.200000000000003,14.8,25,-0.422,9,
C-B-1,1,1.39809,-29.4929,15.3109,1230,0.0,10.4,14.9,25,2840,0.0,-19.200000000000003,14.8,25,-0.422,9,
C-B-1,1,1.39909,-29.4929,15.3109,1230,0.0,10.4,14.9,25,2840,0.0,-19.200000000000003,14.8,25,-0.422,9,
C-B-1,1,1.40009,-29.4929,15.3109,1230,0.0,10.4,14.9,25,2840,0.0,-19.200000000000003,14.8,25,-0.422,9,
C-B-1,1,1.40109,-29.4929,15.3109,1230,0.0,10.4,14.9,25,2840,0.0,-19.200000000000003,14.8,25,-0.422,9,
C-B-1,1,1.40209,-29.4929,15.3109,1230,0.0,10.4,14.9,25,2840,0.0,-19.200000000000003,14.8,25,-0.422,9,
C-B-1,1,1.4031,-29.4929,15.3109,1230,0.0,10.4,14.9,25,2840,0.0,-19.200000000000003,14.8,25,-0.422,9,
C-B-1,1,1.40409,-29.4929,15.3109,1230,0.0,10.4,14.9,25,2840,0.0,-19.200000000000003,14.8,25,-0.422,9,
C-B-1,1,1.40509,-29.4929,15.3109,1230,0.0,10.4,14.9,25,2840,0.0,-19.200000000000003,14.8,25,-0.422,9,
C-B-1,1,1.40609,-29.4929,15.3109,1230,0.0,10.4,14.9,25,2840,0.0,-19.200000000000003,14.8,25,-0.422,9,
C-B-1,1,1.40709,-29.4929,15.3109,1230,0.0,10.4,14.9,25,2840,0.0,-19.200000000000003,14.8,25,-0.422,9,
C-B-1,1,1.4081,-29.4929,15.3109,1230,0.0,10.4,14.9,25,2840,0.0,-19.200000000000003,14.8,25,-0.422,9,
C-B-1,1,1.40909,-29.4929,15.3109,1230,0.0,10.4,14.9,25,2840,0.0,-19.200000000000003,14.8,25,-0.422,9,
C-B-1,1,1.4101,-29.4929,15.3109,1230,0.0,10.4,14.9,25,2840,0.0,-19.200000000000003,14.8,25,-0.422,9,
C-B-1,1,1.41109,-29.4929,15.3109,1230,0.0,10.4,14.9,25,2840,0.0,-19.200000000000003,14.8,25,-0.422,9,
C-B-1,1,1.4121,-29.4929,15.3109,1230,0.0,10.4,14.9,25,2840,0.0,-19.200000000000003,14.8,25,-0.422,9,
C-B-1,1,1.41309,-29.4929,15.3109,1230,0.0,10.4,14.9,25,2840,0.0,-19.200000000000003,14.8,25,-0.422,9,
C-B-1,1,1.4141,-29.4929,15.3109,1230,0.0,10.4,14.9,25,2841,1.01,-16.7,14.8,25,-0.384,9,
C-B-1,1,1.41509,-29.4929,15.3109,1230,0.0,10.4,14.9,25,2840,0.0,-19.200000000000003,14.8,25,-0.422,9,
C-B-1,1,1.4161,-29.4929,15.3109,1230,0.0,10.4,14.9,25,2840,0.0,-19.200000000000003,14.8,25,-0.422,9,
C-B-1,1,1.41709,-29.4929,15.3109,1230,0.0,10.4,14.9,25,2841,1.01,-16.7,14.8,25,-0.384,9,
C-B-1,1,1.41809,-29.5313,15.3051,1229,0.0,9.600000000000001,14.9,25,2841,1.01,-16.7,14.8,25,-0.422,9,
C-B-1,1,1.4191,-29.4929,15.3109,1230,0.0,10.4,14.9,25,2841,1.01,-16.7,14.8,25,-0.384,9,
C-B-1,1,1.42009,-29.5313,15.3051,1229,0.0,9.600000000000001,14.9,25,2841,1.01,-16.7,14.8,25,-0.422,9,
C-B-1,1,1.42109,-29.5313,15.3051,1229,0.0,9.600000000000001,14.9,25,2841,1.01,-16.7,14.8,25,-0.422,9,
C-B-1,1,1.4221,-29.5313,15.3051,1229,0.0,9.600000000000001,14.9,25,2841,0.0,-18.400000000000002,14.8,25,-0.422,9,
C-B-1,1,1.42309,-29.5313,15.3051,1229,0.0,9.600000000000001,14.9,25,2841,0.0,-18.400000000000002,14.8,25,-0.422,9,
C-B-1,1,1.42409,-29.5313,15.3051,1229,0.0,9.600000000000001,14.9,25,2841,0.0,-18.400000000000002,14.8,25,-0.422,9,
C-B-1,1,1.42509,-29.5313,15.3051,1229,0.0,9.600000000000001,14.9,25,2841,0.0,-18.400000000000002,14.8,25,-0.422,9,
C-B-1,1,1.4261,-29.5313,15.3051,1229,0.0,9.600000000000001,14.9,25,2841,0.0,-18.400000000000002,14.8,25,-0.422,9,
C-B-1,1,1.4271,-29.5313,15.3051,1229,0.0,9.600000000000001,14.9,25,2841,0.0,-18.400000000000002,14.8,25,-0.422,9,
C-B-1,1,1.4281,-29.5313,15.3051,1229,0.0,9.600000000000001,14.9,25,2841,0.0,-18.400000000000002,14.8,25,-0.422,9,
C-B-1,1,1.4291,-29.5313,15.3051,1229,0.0,9.600000000000001,14.9,25,2841,0.0,-18.400000000000002,14.8,25,-0.422,9,
C-B-1,1,1.4301,-29.5313,15.3051,1229,0.0,9.600000000000001,14.9,25,2841,0.0,-18.400000000000002,14.8,25,-0.422,9,
C-B-1,1,1.4311,-29.5313,15.3051,1229,0.0,9.600000000000001,14.9,25,2841,0.0,-18.400000000000002,14.8,25,-0.422,9,
C-B-1,1,1.4321,-29.5313,15.3051,1229,0.0,9.600000000000001,14.9,25,2841,0.0,-18.400000000000002,14.8,25,-0.422,9,
C-B-1,1,1.4331,-29.5313,15.3051,1229,0.0,9.600000000000001,14.9,25,2841,0.0,-18.400000000000002,14.8,25,-0.422,9,
C-B-1,1,1.4341,-29.5313,15.3051,1229,0.0,9.600000000000001,14.9,25,2841,0.0,-18.400000000000002,14.8,25,-0.422,9,
C-B-1,1,1.4351,-29.5313,15.3051,1229,0.0,9.600000000000001,14.9,25,2841,0.0,-18.400000000000002,14.8,25,-0.422,9,
C-B-1,1,1.4361,-29.5313,15.3051,1229,0.0,9.600000000000001,14.9,25,2841,0.0,-18.400000000000002,14.8,25,-0.422,9,
C-B-1,1,1.4371,-29.5313,15.3051,1229,0.0,9.600000000000001,14.9,25,2841,0.0,-18.400000000000002,14.8,25,-0.422,9,
C-B-1,1,1.4381,-29.5313,15.3051,1229,0.0,9.600000000000001,14.9,25,2842,1.01,-15.9,14.8,25,-0.384,9,
C-B-1,1,1.4391,-29.5313,15.3051,1229,0.0,9.600000000000001,14.9,25,2841,0.0,-18.400000000000002,14.8,25,-0.422,9,
C-B-1,1,1.4401,-29.5313,15.3051,1229,0.0,9.600000000000001,14.9,25,2841,0.0,-18.400000000000002,14.8,25,-0.422,9,
C-B-1,1,1.4411,-29.5313,15.3051,1229,0.0,9.600000000000001,14.9,25,2841,0.0,-18.400000000000002,14.8,25,-0.422,9,
C-B-1,1,1.4421,-29.5313,15.3051,1229,0.0,9.600000000000001,14.9,25,2841,0.0,-18.400000000000002,14.8,25,-0.422,9,
C-B-1,1,1.4431,-29.5313,15.3051,1229,0.0,9.600000000000001,14.9,25,2842,0.0,-17.6,14.8,25,-0.384,9,
C-B-1,1,1.4441,-29.5313,15.3051,1229,0.0,9.600000000000001,14.9,25,2841,0.0,-18.400000000000002,14.8,25,-0.422,9,
C-B-1,1,1.4451,-29.5313,15.3051,1229,0.0,9.600000000000001,14.9,25,2841,0.0,-18.400000000000002,14.8,25,-0.422,9,
C-B-1,1,1.4461,-29.5313,15.3051,1229,0.0,9.600000000000001,14.9,25,2841,0.0,-18.400000000000002,14.8,25,-0.422,9,
C-B-1,1,1.4471,-29.5313,15.3051,1229,0.0,9.600000000000001,14.8,25,2841,0.0,-18.400000000000002,14.8,25,-0.422,9,
C-B-1,1,1.4481,-29.5313,15.3051,1229,0.0,9.600000000000001,14.8,25,2841,0.0,-18.400000000000002,14.8,25,-0.422,9,
C-B-1,1,1.4491,-29.5313,15.3051,1229,0.0,9.600000000000001,14.8,25,2841,0.0,-18.400000000000002,14.8,25,-0.422,9,
C-B-1,1,1.4501,-29.5313,15.3051,1229,0.0,9.600000000000001,14.8,25,2841,0.0,-18.400000000000002,14.8,25,-0.422,9,
C-B-1,1,1.4511,-29.5313,15.3051,1229,0.0,9.600000000000001,14.8,25,2841,0.0,-18.400000000000002,14.8,25,-0.422,9,
C-B-1,1,1.4521,-29.5313,15.3051,1229,0.0,9.600000000000001,14.8,25,2842,0.0,-17.6,14.8,25,-0.384,9,
C-B-1,1,1.4531,-29.5313,15.3051,1229,0.0,9.600000000000001,14.8,25,2841,0.0,-18.400000000000002,14.8,25,-0.422,9,
C-B-1,1,1.45411,-29.5313,15.3051,1229,0.0,9.600000000000001,14.8,25,2842,0.0,-17.6,14.8,25,-0.384,9,
C-B-1,1,1.4551,-29.5313,15.3051,1229,0.0,9.600000000000001,14.8,25,2841,0.0,-18.400000000000002,14.8,25,-0.422,9,
C-B-1,1,1.4561,-29.5313,15.3051,1229,0.0,9.600000000000001,14.8,25,2841,0.0,-18.400000000000002,14.8,25,-0.422,9,
C-B-1,1,1.45711,-29.5313,15.3051,1229,0.0,9.600000000000001,14.8,25,2841,0.0,-18.400000000000002,14.8,25,-0.422,9,
C-B-1,1,1.4581,-29.5313,15.3051,1229,0.0,9.600000000000001,14.8,25,2842,0.0,-18.400000000000002,14.8,25,-0.384,9,
C-B-1,1,1.45911,-29.5313,15.3051,1229,0.0,9.600000000000001,14.8,25,2841,0.0,-18.400000000000002,14.8,25,-0.422,9,
C-B-1,1,1.4601,-29.5313,15.3051,1229,0.0,9.600000000000001,14.8,25,2841,0.0,-18.400000000000002,14.8,25,-0.422,9,
C-B-1,1,1.46111,-29.5313,15.3051,1229,0.0,9.600000000000001,14.8,25,2841,0.0,-17.6,14.8,25,-0.422,9,
C-B-1,1,1.4621,-29.5313,15.3051,1229,0.0,9.600000000000001,14.8,25,2842,0.0,-17.6,14.8,25,-0.384,9,
C-B-1,1,1.46311,-29.5313,15.3051,1229,0.0,9.600000000000001,14.8,25,2842,0.0,-17.6,14.8,25,-0.384,9,
C-B-1,1,1.4641,-29.5313,15.3051,1229,0.0,9.600000000000001,14.8,25,2842,0.0,-17.6,14.8,25,-0.384,9,
C-B-1,1,1.46511,-29.5313,15.3051,1229,0.0,9.600000000000001,14.8,25,2841,0.0,-18.400000000000002,14.8,25,-0.422,9,
C-B-1,1,1.46611,-29.5313,15.3051,1229,0.0,9.600000000000001,14.8,25,2841,0.0,-18.400000000000002,14.8,25,-0.422,9,
C-B-1,1,1.46711,-29.5313,15.3051,1229,0.0,9.600000000000001,14.8,25,2841,0.0,-18.400000000000002,14.8,25,-0.422,9,
C-B-1,1,1.46811,-29.5313,15.3051,1229,0.0,9.600000000000001,14.8,25,2842,0.0,-17.6,14.8,25,-0.384,9,
C-B-1,1,1.46911,-29.5313,15.3051,1229,0.0,9.600000000000001,14.8,25,2841,0.0,-18.400000000000002,14.8,25,-0.422,9,
C-B-1,1,1.47011,-29.5313,15.3051,1229,0.0,9.600000000000001,14.8,25,2842,0.0,-17.6,14.8,25,-0.384,9,
C-B-1,1,1.4711,-29.5313,15.3051,1229,0.0,9.600000000000001,14.8,25,2841,0.0,-18.400000000000002,14.8,25,-0.422,9,
C-B-1,1,1.47211,-29.5313,15.3051,1229,0.0,9.600000000000001,14.8,25,2841,0.0,-18.400000000000002,14.8,25,-0.422,9,
C-B-1,1,1.47311,-29.5313,15.3051,1229,0.0,9.600000000000001,14.8,25,2841,0.0,-18.400000000000002,14.8,25,-0.422,9,
C-B-1,1,1.4741,-29.5313,15.3051,1229,0.0,9.600000000000001,14.8,25,2842,0.0,-17.6,14.8,25,-0.384,9,
C-B-1,1,1.47511,-29.5313,15.3051,1229,0.0,9.600000000000001,14.8,25,2841,0.0,-18.400000000000002,14.8,25,-0.422,9,
C-B-1,1,1.47611,-29.5313,15.3051,1229,0.0,9.600000000000001,14.8,25,2841,0.0,-18.400000000000002,14.8,25,-0.422,9,
C-B-1,1,1.47711,-29.5313,15.3051,1229,0.0,9.600000000000001,14.8,25,2841,0.0,-18.400000000000002,14.8,25,-0.422,9,
C-B-1,1,1.47811,-29.5313,15.3051,1229,0.0,9.600000000000001,14.8,25,2842,0.0,-17.6,14.8,25,-0.384,9,
C-B-1,1,1.47911,-29.5313,15.3051,1229,0.0,9.600000000000001,14.8,25,2841,0.0,-18.400000000000002,14.8,25,-0.422,9,
C-B-1,1,1.48011,-29.5313,15.3051,1229,0.0,9.600000000000001,14.8,25,2841,0.0,-18.400000000000002,14.8,25,-0.422,9,
C-B-1,1,1.48111,-29.5313,15.3051,1229,0.0,9.600000000000001,14.8,25,2841,0.0,-18.400000000000002,14.8,25,-0.422,9,
C-B-1,1,1.48211,-29.5313,15.3051,1229,0.0,9.600000000000001,14.8,25,2841,0.0,-18.400000000000002,14.8,25,-0.422,9,
C-B-1,1,1.48311,-29.5313,15.3051,1229,0.0,9.600000000000001,14.8,25,2841,0.0,-18.400000000000002,14.8,25,-0.422,9,
C-B-1,1,1.48411,-29.5313,15.3051,1229,0.0,9.600000000000001,14.8,25,2841,0.0,-18.400000000000002,14.8,25,-0.422,9,
C-B-1,1,1.48511,-29.5313,15.3051,1229,0.0,9.600000000000001,14.8,25,2841,0.0,-18.400000000000002,14.8,25,-0.422,9,
C-B-1,1,1.48611,-29.5313,15.3051,1229,0.0,9.600000000000001,14.8,25,2841,0.0,-18.400000000000002,14.8,25,-0.422,9,
C-B-1,1,1.48711,-29.5313,15.3051,1229,0.0,9.600000000000001,14.8,25,2841,0.0,-18.400000000000002,14.8,25,-0.422,9,
C-B-1,1,1.48811,-29.5313,15.3051,1229,0.0,9.600000000000001,14.8,25,2841,0.0,-18.400000000000002,14.8,25,-0.422,9,
C-B-1,1,1.48911,-29.5313,15.3051,1229,0.0,9.600000000000001,14.8,25,2841,0.0,-18.400000000000002,14.8,25,-0.422,9,
C-B-1,1,1.49011,-29.4929,15.3109,1230,0.0,10.4,14.8,25,2841,0.0,-18.400000000000002,14.8,25,-0.384,9,
C-B-1,1,1.49112,-29.5313,15.3051,1229,0.0,9.600000000000001,14.8,25,2841,0.0,-18.400000000000002,14.8,25,-0.422,9,
C-B-1,1,1.49211,-29.5313,15.3051,1229,0.0,9.600000000000001,14.8,25,2841,0.0,-18.400000000000002,14.8,25,-0.422,9,
C-B-1,1,1.49311,-29.5313,15.3051,1229,0.0,9.600000000000001,14.8,25,2841,0.0,-18.400000000000002,14.8,25,-0.422,9,
C-B-1,1,1.49412,-29.5313,15.3051,1229,0.0,9.600000000000001,14.8,25,2841,0.0,-18.400000000000002,14.8,25,-0.422,9,
C-B-1,1,1.49511,-29.4929,15.3109,1230,0.0,10.4,14.8,25,2841,0.0,-18.400000000000002,14.8,25,-0.384,9,
C-B-1,1,1.49612,-29.4929,15.3109,1230,0.0,10.4,14.8,25,2840,0.0,-19.200000000000003,14.8,25,-0.422,9,
C-B-1,1,1.49711,-29.4929,15.3109,1230,0.0,10.4,14.8,25,2841,0.0,-18.400000000000002,14.8,25,-0.384,9,
C-B-1,1,1.49812,-29.4929,15.3109,1230,0.0,10.4,14.8,25,2841,0.0,-18.400000000000002,14.8,25,-0.384,9,
C-B-1,1,1.49911,-29.5313,15.3051,1229,0.0,9.600000000000001,14.8,25,2840,0.0,-19.200000000000003,14.8,25,-0.46,9,
C-B-1,1,1.50012,-29.4929,15.3109,1230,0.0,10.4,14.8,25,2840,0.0,-19.200000000000003,14.8,25,-0.422,9,
C-B-1,1,1.50111,-29.4929,15.3109,1230,0.0,10.4,14.8,25,2840,0.0,-19.200000000000003,14.8,25,-0.422,9,
C-B-1,1,1.50212,-29.4929,15.3109,1230,0.0,10.4,14.8,25,2841,0.0,-18.400000000000002,14.8,25,-0.384,9,
C-B-1,1,1.50311,-29.4929,15.3109,1230,0.0,10.4,14.8,25,2841,0.0,-18.400000000000002,14.8,25,-0.384,9,
C-B-1,1,1.50412,-29.4929,15.3109,1230,0.0,10.4,14.8,25,2840,0.0,-19.200000000000003,14.8,25,-0.422,9,
C-B-1,1,1.50511,-29.4929,15.3109,1230,0.0,10.4,14.8,25,2840,0.0,-19.200000000000003,14.8,25,-0.422,9,
C-B-1,1,1.50612,-29.4929,15.3109,1230,0.0,10.4,14.8,25,2840,0.0,-19.200000000000003,14.8,25,-0.422,9,
C-B-1,1,1.50711,-29.4929,15.3109,1230,0.0,10.4,14.8,25,2840,-1.01,-20.900000000000002,14.8,25,-0.422,9,
C-B-1,1,1.50811,-29.4929,15.3109,1230,0.0,10.4,14.8,25,2840,0.0,-19.200000000000003,14.8,25,-0.422,9,
C-B-1,1,1.50912,-29.4929,15.3109,1230,0.0,10.4,14.8,25,2840,0.0,-19.200000000000003,14.8,25,-0.422,9,
C-B-1,1,1.51011,-29.4929,15.3109,1230,0.0,10.4,14.8,25,2840,0.0,-19.200000000000003,14.8,25,-0.422,9,
C-B-1,1,1.51112,-29.4929,15.3109,1230,0.0,10.4,14.8,25,2840,0.0,-19.200000000000003,14.8,25,-0.422,9,
C-B-1,1,1.51212,-29.4929,15.3109,1230,0.0,10.4,14.8,25,2840,0.0,-19.200000000000003,14.8,25,-0.422,9,
C-B-1,1,1.51312,-29.4929,15.3109,1230,0.0,10.4,14.8,25,2840,0.0,-19.200000000000003,14.8,25,-0.422,9,
C-B-1,1,1.51412,-29.4929,15.3109,1230,0.0,10.4,14.8,25,2840,0.0,-19.200000000000003,14.8,25,-0.422,9,
C-B-1,1,1.51512,-29.4929,15.3109,1230,0.0,10.4,14.8,25,2840,0.0,-19.200000000000003,14.8,25,-0.422,9,
C-B-1,1,1.51612,-29.4929,15.3109,1230,0.0,10.4,14.8,25,2840,0.0,-19.200000000000003,14.8,25,-0.422,9,
C-B-1,1,1.51712,-29.4929,15.3109,1230,0.0,10.4,14.8,25,2840,0.0,-19.200000000000003,14.8,25,-0.422,9,
C-B-1,1,1.51812,-29.4929,15.3109,1230,0.0,10.4,14.8,25,2840,0.0,-19.200000000000003,14.8,25,-0.422,9,
C-B-1,1,1.51912,-29.4929,15.3109,1230,0.0,10.4,14.8,25,2840,0.0,-19.200000000000003,14.8,25,-0.422,9,
C-B-1,1,1.52012,-29.4929,15.3109,1230,0.0,10.4,14.8,25,2840,0.0,-19.200000000000003,14.8,25,-0.422,9,
C-B-1,1,1.52112,-29.4929,15.3109,1230,0.0,10.4,14.8,25,2840,0.0,-19.200000000000003,14.8,25,-0.422,9,
C-B-1,1,1.52212,-29.4929,15.3109,1230,0.0,10.4,14.8,25,2840,0.0,-19.200000000000003,14.8,25,-0.422,9,
C-B-1,1,1.52312,-29.4929,15.3109,1230,0.0,10.4,14.8,25,2840,0.0,-19.200000000000003,14.8,25,-0.422,9,
C-B-1,1,1.52412,-29.4929,15.3109,1230,0.0,10.4,14.8,25,2840,0.0,-19.200000000000003,14.8,25,-0.422,9,
C-B-1,1,1.52512,-29.4929,15.3109,1230,0.0,10.4,14.8,25,2840,0.0,-19.200000000000003,14.8,25,-0.422,9,
C-B-1,1,1.52612,-29.4929,15.3109,1230,0.0,10.4,14.8,25,2840,0.0,-19.200000000000003,14.8,25,-0.422,9,
C-B-1,1,1.52712,-29.4929,15.3109,1230,0.0,10.4,14.8,25,2840,0.0,-19.200000000000003,14.8,25,-0.422,9,
C-B-1,1,1.52812,-29.4929,15.3109,1230,0.0,10.4,14.8,25,2840,0.0,-19.200000000000003,14.8,25,-0.422,9,
C-B-1,1,1.52912,-29.4929,15.3109,1230,0.0,10.4,14.8,25,2840,0.0,-19.200000000000003,14.8,25,-0.422,9,
C-B-1,1,1.53012,-29.4929,15.3109,1230,0.0,10.4,14.8,25,2840,0.0,-19.200000000000003,14.8,25,-0.422,9,
C-B-1,1,1.53112,-29.4929,15.3109,1230,0.0,10.4,14.8,25,2840,0.0,-19.200000000000003,14.8,25,-0.422,9,
C-B-1,1,1.53212,-29.4929,15.3109,1230,0.0,10.4,14.8,25,2840,0.0,-19.200000000000003,14.8,25,-0.422,9,
C-B-1,1,1.53312,-29.4929,15.3109,1230,0.0,10.4,14.8,25,2840,0.0,-19.200000000000003,14.8,25,-0.422,9,
C-B-1,1,1.53412,-29.4929,15.3109,1230,0.0,10.4,14.8,25,2839,0.0,-20.0,14.8,25,-0.46,9,
C-B-1,1,1.53512,-29.4929,15.3109,1230,0.0,10.4,14.8,25,2840,0.0,-19.200000000000003,14.8,25,-0.422,9,
C-B-1,1,1.53612,-29.4929,15.3109,1230,0.0,10.4,14.8,25,2839,0.0,-20.0,14.8,25,-0.46,9,
C-B-1,1,1.53712,-29.4929,15.3109,1230,0.0,10.4,14.8,25,2840,0.0,-19.200000000000003,14.8,25,-0.422,9,
C-B-1,1,1.53812,-29.4929,15.3109,1230,0.0,10.4,14.8,25,2839,0.0,-20.0,14.8,25,-0.46,9,
C-B-1,1,1.53912,-29.4929,15.3109,1230,0.0,10.4,14.8,25,2839,0.0,-20.0,14.8,25,-0.46,9,
C-B-1,1,1.5401,-29.4929,15.3109,1230,0.0,10.4,14.8,25,2839,0.0,-20.0,14.8,25,-0.46,9,
C-B-1,1,1.54112,-29.4929,15.3109,1230,0.0,10.4,14.8,25,2840,0.0,-19.200000000000003,14.8,25,-0.422,9,
C-B-1,1,1.5421,-29.4929,15.3109,1230,0.0,10.4,14.8,25,2840,0.0,-19.200000000000003,14.8,25,-0.422,9,
C-B-1,1,1.54312,-29.4929,15.3109,1230,0.0,10.4,14.8,25,2840,0.0,-19.200000000000003,14.8,25,-0.422,9,
C-B-1,1,1.5441,-29.4929,15.3109,1230,0.0,10.4,14.8,25,2839,0.0,-20.0,14.8,25,-0.46,9,
C-B-1,1,1.54512,-29.4929,15.3109,1230,0.0,10.4,14.8,25,2840,0.0,-19.200000000000003,14.8,25,-0.422,9,
C-B-1,1,1.54611,-29.4929,15.3109,1230,0.0,10.4,14.8,25,2839,0.0,-20.0,14.8,25,-0.46,9,
C-B-1,1,1.54712,-29.4929,15.3109,1230,0.0,10.4,14.8,25,2840,0.0,-19.200000000000003,14.8,25,-0.422,9,
C-B-1,1,1.54811,-29.4545,15.3167,1231,0.0,11.200000000000001,14.8,25,2839,0.0,-20.0,14.8,25,-0.422,9,
C-B-1,1,1.54912,-29.4545,15.3167,1231,0.0,11.200000000000001,14.8,25,2839,0.0,-20.0,14.8,25,-0.422,9,
C-B-1,1,1.55011,-29.4929,15.3109,1230,0.0,10.4,14.8,25,2839,0.0,-20.0,14.8,25,-0.46,9,
C-B-1,1,1.55112,-29.4545,15.3167,1231,0.0,11.200000000000001,14.8,25,2839,0.0,-20.0,14.8,25,-0.422,9,
C-B-1,1,1.55211,-29.4545,15.3167,1231,0.0,11.200000000000001,14.8,25,2839,0.0,-20.0,14.8,25,-0.422,9,
C-B-1,1,1.55312,-29.4929,15.3109,1230,0.0,10.4,14.8,25,2839,0.0,-20.0,14.8,25,-0.46,9,
C-B-1,1,1.55413,-29.4929,15.3109,1230,0.0,10.4,14.8,25,2839,0.0,-20.0,14.8,25,-0.46,9,
C-B-1,1,1.55511,-29.4929,15.3109,1230,0.0,10.4,14.8,25,2839,0.0,-20.0,14.8,25,-0.46,9,
C-B-1,1,1.55613,-29.4929,15.3109,1230,0.0,10.4,14.8,25,2839,0.0,-20.0,14.8,25,-0.46,9,
C-B-1,1,1.55711,-29.4545,15.3167,1231,0.0,11.200000000000001,14.8,25,2839,0.0,-20.0,14.8,25,-0.422,9,
C-B-1,1,1.55813,-29.4929,15.3109,1230,0.0,10.4,14.8,25,2839,0.0,-20.0,14.8,25,-0.46,9,
C-B-1,1,1.55911,-29.4545,15.3167,1231,0.0,11.200000000000001,14.8,25,2840,0.0,-19.200000000000003,14.8,25,-0.384,9,
C-B-1,1,1.56013,-29.4929,15.3109,1230,0.0,10.4,14.8,25,2840,0.0,-19.200000000000003,14.8,25,-0.422,9,
C-B-1,1,1.56111,-29.4545,15.3167,1231,0.0,11.200000000000001,14.8,25,2839,0.0,-20.0,14.8,25,-0.422,9,
C-B-1,1,1.56213,-29.4545,15.3167,1231,0.0,11.200000000000001,14.8,25,2839,0.0,-20.0,14.8,25,-0.422,9,
C-B-1,1,1.56311,-29.4929,15.3109,1230,0.0,10.4,15.7,25,2840,0.0,-19.200000000000003,15.7,25,-0.422,9,
C-B-1,1,1.56413,-29.4929,15.3109,1230,0.0,11.200000000000001,15.7,25,2839,0.0,-20.0,15.7,25,-0.46,9,
C-B-1,1,1.56511,-29.4545,15.3167,1231,0.0,11.200000000000001,15.7,25,2839,0.0,-20.0,15.7,25,-0.422,9,
C-B-1,1,1.56613,-29.4545,15.3167,1231,0.0,10.4,15.7,25,2840,0.0,-19.200000000000003,15.7,25,-0.384,9,
C-B-1,1,1.56711,-29.4929,15.3109,1230,0.0,10.4,15.7,25,2839,0.0,-20.0,15.7,25,-0.46,9,
C-B-1,1,1.56813,-29.4545,15.3167,1231,0.0,11.200000000000001,15.7,25,2840,0.0,-19.200000000000003,15.7,25,-0.384,9,
C-B-1,1,1.56911,-29.4545,15.3167,1231,0.0,11.200000000000001,15.7,25,2839,0.0,-20.0,15.7,25,-0.422,9,
C-B-1,1,1.57013,-29.4929,15.3109,1230,0.0,10.4,15.7,25,2839,0.0,-20.0,15.7,25,-0.46,9,
C-B-1,1,1.57111,-29.4929,15.3109,1230,0.0,10.4,15.7,25,2839,0.0,-20.0,15.7,25,-0.46,9,
C-B-1,1,1.57213,-29.4929,15.3109,1230,0.0,10.4,15.7,25,2839,0.0,-20.0,15.7,25,-0.46,9,
C-B-1,1,1.57311,-29.4929,15.3109,1230,0.0,10.4,15.7,25,2840,0.0,-19.200000000000003,15.7,25,-0.422,9,
C-B-1,1,1.57413,-29.4929,15.3109,1230,0.0,10.4,15.7,25,2840,0.0,-19.200000000000003,15.7,25,-0.422,9,
C-B-1,1,1.57511,-29.4545,15.3167,1231,0.0,11.200000000000001,15.7,25,2839,0.0,-20.0,15.7,25,-0.422,9,
C-B-1,1,1.57613,-29.4929,15.3109,1230,0.0,10.4,15.7,25,2840,0.0,-19.200000000000003,15.7,25,-0.422,9,
C-B-1,1,1.57713,-29.4929,15.3109,1230,0.0,10.4,15.7,25,2839,0.0,-20.0,15.7,25,-0.46,9,
C-B-1,1,1.57811,-29.4929,15.3109,1230,0.0,10.4,15.7,25,2839,0.0,-20.0,15.7,25,-0.46,9,
C-B-1,1,1.57913,-29.4929,15.3109,1230,0.0,10.4,15.7,25,2839,0.0,-20.0,15.7,25,-0.46,9,
C-B-1,1,1.58011,-29.4929,15.3109,1230,0.0,10.4,15.7,25,2839,0.0,-20.0,15.7,25,-0.46,9,
C-B-1,1,1.58113,-29.4929,15.3109,1230,0.0,10.4,15.7,25,2840,0.0,-19.200000000000003,15.7,25,-0.422,9,
C-B-1,1,1.58211,-29.4545,15.3167,1231,0.0,11.200000000000001,15.7,25,2840,0.0,-19.200000000000003,15.7,25,-0.384,9,
C-B-1,1,1.58313,-29.4929,15.3109,1230,0.0,10.4,15.7,25,2839,0.0,-20.0,15.7,25,-0.46,9,
C-B-1,1,1.58411,-29.4929,15.3109,1230,0.0,10.4,15.7,25,2839,0.0,-20.0,15.7,25,-0.46,9,
C-B-1,1,1.58513,-29.4929,15.3109,1230,0.0,10.4,15.7,25,2839,0.0,-20.0,15.7,25,-0.46,9,
C-B-1,1,1.58612,-29.4929,15.3109,1230,0.0,10.4,15.7,25,2839,0.0,-20.0,15.7,25,-0.46,9,
C-B-1,1,1.58713,-29.4929,15.3109,1230,0.0,10.4,15.7,25,2839,0.0,-20.0,15.7,25,-0.46,9,
C-B-1,1,1.58812,-29.4929,15.3109,1230,0.0,10.4,15.7,25,2839,0.0,-20.0,15.7,25,-0.46,9,
C-B-1,1,1.58913,-29.4929,15.3109,1230,0.0,10.4,15.7,25,2839,0.0,-20.0,15.7,25,-0.46,9,
C-B-1,1,1.59013,-29.4929,15.3109,1230,0.0,10.4,15.7,25,2840,0.0,-19.200000000000003,15.7,25,-0.422,9,
C-B-1,1,1.59115,-29.4929,15.3109,1230,0.0,10.4,15.7,25,2840,0.0,-19.200000000000003,15.7,25,-0.422,9,
C-B-1,1,1.59212,-29.4929,15.3109,1230,0.0,10.4,15.7,25,2839,0.0,-20.0,15.7,25,-0.46,9,
C-B-1,1,1.59314,-29.4929,15.3109,1230,0.0,10.4,15.7,25,2839,0.0,-20.0,15.7,25,-0.46,9,
C-B-1,1,1.59412,-29.4929,15.3109,1230,0.0,10.4,15.7,25,2840,0.0,-19.200000000000003,15.7,25,-0.422,9,
C-B-1,1,1.59511,-29.4929,15.3109,1230,0.0,10.4,15.7,25,2840,0.0,-19.200000000000003,15.7,25,-0.422,9,
C-B-1,1,1.59612,-29.4929,15.3109,1230,0.0,10.4,15.7,25,2839,0.0,-20.0,15.7,25,-0.46,9,
C-B-1,1,1.59711,-29.4929,15.3109,1230,0.0,10.4,15.7,25,2840,0.0,-19.200000000000003,15.7,25,-0.422,9,
C-B-1,1,1.59812,-29.4929,15.3109,1230,0.0,10.4,15.7,25,2840,0.0,-19.200000000000003,15.7,25,-0.422,9,
C-B-1,1,1.59911,-29.4929,15.3109,1230,0.0,10.4,15.7,25,2840,0.0,-19.200000000000003,15.7,25,-0.422,9,
C-B-1,1,1.60012,-29.4929,15.3109,1230,0.0,10.4,15.7,25,2840,0.0,-19.200000000000003,15.7,25,-0.422,9,
C-B-1,1,1.60112,-29.4929,15.3109,1230,0.0,10.4,15.7,25,2840,0.0,-19.200000000000003,15.7,25,-0.422,9,
C-B-1,1,1.60212,-29.4929,15.3109,1230,0.0,10.4,15.7,25,2840,0.0,-19.200000000000003,15.7,25,-0.422,9,
C-B-1,1,1.60311,-29.4545,15.3167,1231,0.0,11.200000000000001,15.7,25,2840,0.0,-19.200000000000003,15.7,25,-0.384,9,
C-B-1,1,1.60412,-29.4929,15.3109,1230,0.0,10.4,15.7,25,2839,0.0,-20.0,15.7,25,-0.46,9,
C-B-1,1,1.60512,-29.4929,15.3109,1230,0.0,10.4,15.7,25,2840,0.0,-19.200000000000003,15.7,25,-0.422,9,
C-B-1,1,1.60612,-29.4929,15.3109,1230,0.0,10.4,15.7,25,2840,0.0,-19.200000000000003,15.7,25,-0.422,9,
C-B-1,1,1.60712,-29.4929,15.3109,1230,0.0,10.4,15.7,25,2840,0.0,-19.200000000000003,15.7,25,-0.422,9,
C-B-1,1,1.60812,-29.4929,15.3109,1230,0.0,10.4,15.7,25,2840,0.0,-19.200000000000003,15.7,25,-0.422,9,
C-B-1,1,1.60912,-29.4929,15.3109,1230,0.0,10.4,15.7,25,2840,0.0,-19.200000000000003,15.7,25,-0.422,9,
C-B-1,1,1.61012,-29.4929,15.3109,1230,0.0,10.4,15.7,25,2840,0.0,-19.200000000000003,15.7,25,-0.422,9,
C-B-1,1,1.61112,-29.4929,15.3109,1230,0.0,10.4,15.7,25,2840,0.0,-19.200000000000003,15.7,25,-0.422,9,
C-B-1,1,1.61212,-29.4929,15.3109,1230,0.0,10.4,15.7,25,2840,0.0,-19.200000000000003,15.7,25,-0.422,9,
C-B-1,1,1.61312,-29.4929,15.3109,1230,0.0,10.4,15.7,25,2840,0.0,-19.200000000000003,15.7,25,-0.422,9,
C-B-1,1,1.61412,-29.4929,15.3109,1230,0.0,10.4,15.7,25,2840,0.0,-19.200000000000003,15.7,25,-0.422,9,
C-B-1,1,1.61512,-29.4929,15.3109,1230,0.0,10.4,15.7,25,2840,0.0,-19.200000000000003,15.7,25,-0.422,9,
C-B-1,1,1.61614,-29.4929,15.3109,1230,0.0,10.4,15.7,25,2840,0.0,-19.200000000000003,15.7,25,-0.422,9,
C-B-1,1,1.61712,-29.4929,15.3109,1230,0.0,10.4,15.7,25,2840,0.0,-19.200000000000003,15.7,25,-0.422,9,
C-B-1,1,1.61812,-29.4929,15.3109,1230,0.0,10.4,15.7,25,2840,0.0,-19.200000000000003,15.7,25,-0.422,9,
C-B-1,1,1.61912,-29.4929,15.3109,1230,0.0,10.4,15.7,25,2840,0.0,-19.200000000000003,15.7,25,-0.422,9,
C-B-1,1,1.62012,-29.4929,15.3109,1230,0.0,10.4,15.7,25,2840,0.0,-19.200000000000003,15.7,25,-0.422,9,
C-B-1,1,1.62112,-29.4929,15.3109,1230,0.0,10.4,15.7,25,2840,0.0,-19.200000000000003,15.7,25,-0.422,9,
C-B-1,1,1.62212,-29.4929,15.3109,1230,0.0,10.4,15.7,25,2840,0.0,-19.200000000000003,15.7,25,-0.422,9,
C-B-1,1,1.62312,-29.4929,15.3109,1230,0.0,10.4,15.7,25,2840,0.0,-19.200000000000003,15.7,25,-0.422,9,
C-B-1,1,1.62413,-29.4929,15.3109,1230,0.0,10.4,15.7,25,2840,0.0,-19.200000000000003,15.7,25,-0.422,9,
C-B-1,1,1.62512,-29.4929,15.3109,1230,0.0,10.4,15.7,25,2840,0.0,-19.200000000000003,15.7,25,-0.422,9,
C-B-1,1,1.62613,-29.4929,15.3109,1230,0.0,10.4,15.7,25,2840,0.0,-19.200000000000003,15.7,25,-0.422,9,
C-B-1,1,1.62712,-29.4929,15.3109,1230,0.0,10.4,15.7,25,2840,0.0,-19.200000000000003,15.7,25,-0.422,9,
C-B-1,1,1.62812,-29.4929,15.3109,1230,0.0,10.4,15.7,25,2841,0.0,-18.400000000000002,15.7,25,-0.384,9,
C-B-1,1,1.62913,-29.4929,15.3109,1230,0.0,10.4,15.7,25,2840,0.0,-19.200000000000003,15.7,25,-0.422,9,
C-B-1,1,1.63012,-29.4929,15.3109,1230,0.0,10.4,15.7,25,2840,0.0,-19.200000000000003,15.7,25,-0.422,9,
C-B-1,1,1.63113,-29.4929,15.3109,1230,0.0,10.4,15.7,25,2840,0.0,-19.200000000000003,15.7,25,-0.422,9,
C-B-1,1,1.63212,-29.4929,15.3109,1230,0.0,10.4,15.7,25,2840,0.0,-19.200000000000003,15.7,25,-0.422,9,
C-B-1,1,1.63313,-29.4929,15.3109,1230,0.0,10.4,15.7,25,2840,0.0,-19.200000000000003,15.7,25,-0.422,9,
C-B-1,1,1.63412,-29.4929,15.3109,1230,0.0,10.4,15.7,25,2840,0.0,-19.200000000000003,15.7,25,-0.422,9,
C-B-1,1,1.63513,-29.5313,15.3051,1229,0.0,9.600000000000001,15.7,25,2840,0.0,-19.200000000000003,15.7,25,-0.46,9,
C-B-1,1,1.63612,-29.4929,15.3109,1230,0.0,10.4,15.7,25,2841,0.0,-18.400000000000002,15.7,25,-0.384,9,
C-B-1,1,1.63713,-29.4929,15.3109,1230,0.0,10.4,15.7,25,2840,0.0,-19.200000000000003,15.7,25,-0.422,9,
C-B-1,1,1.63812,-29.4929,15.3109,1230,0.0,10.4,15.7,25,2840,0.0,-19.200000000000003,15.7,25,-0.422,9,
C-B-1,1,1.63912,-29.4929,15.3109,1230,0.0,10.4,15.7,25,2840,0.0,-19.200000000000003,15.7,25,-0.422,9,
C-B-1,1,1.64013,-29.5313,15.3051,1229,0.0,9.600000000000001,15.7,25,2840,0.0,-19.200000000000003,15.7,25,-0.46,9,
C-B-1,1,1.64112,-29.4929,15.3109,1230,0.0,10.4,15.7,25,2840,0.0,-19.200000000000003,15.7,25,-0.422,9,
C-B-1,1,1.64213,-29.4929,15.3109,1230,0.0,10.4,15.7,25,2840,0.0,-19.200000000000003,15.7,25,-0.422,9,
C-B-1,1,1.64312,-29.4929,15.3109,1230,0.0,10.4,15.7,25,2840,0.0,-19.200000000000003,15.7,25,-0.422,9,
C-B-1,1,1.64413,-29.5313,15.3051,1229,0.0,9.600000000000001,15.7,25,2841,0.0,-18.400000000000002,15.7,25,-0.422,9,
C-B-1,1,1.64513,-29.5313,15.3051,1229,0.0,9.600000000000001,15.7,25,2841,0.0,-18.400000000000002,15.7,25,-0.422,9,
C-B-1,1,1.64613,-29.5313,15.3051,1229,0.0,9.600000000000001,15.7,25,2841,0.0,-18.400000000000002,15.7,25,-0.422,9,
C-B-1,1,1.64713,-29.4929,15.3109,1230,0.0,10.4,15.7,25,2841,0.0,-18.400000000000002,15.7,25,-0.384,9,
C-B-1,1,1.64812,-29.4929,15.3109,1230,0.0,10.4,15.7,25,2841,0.0,-18.400000000000002,15.7,25,-0.384,9,
C-B-1,1,1.64913,-29.4929,15.3109,1230,0.0,10.4,15.7,25,2841,0.0,-18.400000000000002,15.7,25,-0.384,9,
C-B-1,1,1.65013,-29.5313,15.3051,1229,0.0,9.600000000000001,15.7,25,2841,0.0,-18.400000000000002,15.7,25,-0.422,9,
C-B-1,1,1.65113,-29.5313,15.3051,1229,0.0,9.600000000000001,15.7,25,2841,0.0,-18.400000000000002,15.7,25,-0.422,9,
C-B-1,1,1.65213,-29.5313,15.3051,1229,0.0,9.600000000000001,15.7,25,2841,0.0,-18.400000000000002,15.7,25,-0.422,9,
C-B-1,1,1.65313,-29.5313,15.3051,1229,0.0,9.600000000000001,15.7,25,2841,0.0,-18.400000000000002,15.7,25,-0.422,9,
C-B-1,1,1.65413,-29.5313,15.3051,1229,0.0,9.600000000000001,15.7,25,2841,0.0,-18.400000000000002,15.7,25,-0.422,9,
C-B-1,1,1.65513,-29.5313,15.3051,1229,0.0,9.600000000000001,15.7,25,2841,0.0,-18.400000000000002,15.7,25,-0.422,9,
C-B-1,1,1.65613,-29.4929,15.3109,1230,0.0,10.4,15.7,25,2841,0.0,-18.400000000000002,15.7,25,-0.384,9,
C-B-1,1,1.65713,-29.5313,15.3051,1229,0.0,9.600000000000001,15.7,25,2841,0.0,-18.400000000000002,15.7,25,-0.422,9,
C-B-1,1,1.65813,-29.4929,15.3109,1230,0.0,10.4,15.7,25,2841,0.0,-18.400000000000002,15.7,25,-0.384,9,
C-B-1,1,1.65913,-29.5313,15.3051,1229,0.0,9.600000000000001,15.7,25,2841,0.0,-18.400000000000002,15.7,25,-0.422,9,
C-B-1,1,1.66013,-29.5313,15.3051,1229,0.0,9.600000000000001,15.7,25,2841,0.0,-18.400000000000002,15.7,25,-0.422,9,
C-B-1,1,1.66113,-29.4929,15.3109,1230,0.0,10.4,15.7,25,2841,0.0,-18.400000000000002,15.7,25,-0.384,9,
C-B-1,1,1.66213,-29.5313,15.3051,1229,0.0,9.600000000000001,15.7,25,2841,0.0,-18.400000000000002,15.7,25,-0.422,9,
C-B-1,1,1.66313,-29.5313,15.3051,1229,0.0,9.600000000000001,15.7,25,2841,0.0,-18.400000000000002,15.7,25,-0.422,9,
C-B-1,1,1.66413,-29.4929,15.3109,1230,0.0,10.4,15.7,25,2841,0.0,-18.400000000000002,15.7,25,-0.384,9,
C-B-1,1,1.66513,-29.5313,15.3051,1229,0.0,9.600000000000001,15.7,25,2841,0.0,-18.400000000000002,15.7,25,-0.422,9,
C-B-1,1,1.66613,-29.5313,15.3051,1229,0.0,9.600000000000001,15.7,25,2841,0.0,-18.400000000000002,15.7,25,-0.422,9,
C-B-1,1,1.66713,-29.5313,15.3051,1229,0.0,9.600000000000001,15.7,25,2841,0.0,-18.400000000000002,15.7,25,-0.422,9,
C-B-1,1,1.66813,-29.5313,15.3051,1229,0.0,9.600000000000001,15.7,25,2841,0.0,-18.400000000000002,15.7,25,-0.422,9,
C-B-1,1,1.66913,-29.5313,15.3051,1229,0.0,9.600000000000001,15.7,25,2841,0.0,-18.400000000000002,15.7,25,-0.422,9,
C-B-1,1,1.67013,-29.4929,15.3109,1230,0.0,10.4,15.7,25,2841,0.0,-18.400000000000002,15.7,25,-0.384,9,
C-B-1,1,1.67113,-29.4929,15.3109,1230,0.0,10.4,15.7,25,2841,0.0,-18.400000000000002,15.7,25,-0.384,9,
C-B-1,1,1.67213,-29.5313,15.3051,1229,0.0,9.600000000000001,15.7,25,2841,0.0,-18.400000000000002,15.7,25,-0.422,9,
C-B-1,1,1.67314,-29.5313,15.3051,1229,0.0,9.600000000000001,15.7,25,2841,0.0,-18.400000000000002,15.7,25,-0.422,9,
C-B-1,1,1.67413,-29.4929,15.3109,1230,0.0,10.4,15.7,25,2841,0.0,-18.400000000000002,15.7,25,-0.384,9,
C-B-1,1,1.67513,-29.5313,15.3051,1229,0.0,9.600000000000001,15.7,25,2841,0.0,-18.400000000000002,15.7,25,-0.422,9,
C-B-1,1,1.67614,-29.5313,15.3051,1229,0.0,9.600000000000001,15.7,25,2841,0.0,-18.400000000000002,15.7,25,-0.422,9,
C-B-1,1,1.67713,-29.5313,15.3051,1229,0.0,9.600000000000001,15.7,25,2841,0.0,-18.400000000000002,15.7,25,-0.422,9,
C-B-1,1,1.67813,-29.4929,15.3109,1230,0.0,10.4,15.7,25,2841,0.0,-18.400000000000002,15.7,25,-0.384,9,
C-B-1,1,1.67914,-29.5313,15.3051,1229,0.0,9.600000000000001,15.7,25,2841,0.0,-18.400000000000002,15.7,25,-0.422,9,
C-B-1,1,1.68013,-29.5313,15.3051,1229,0.0,9.600000000000001,14.2,25,2841,0.0,-18.400000000000002,14.0,25,-0.422,9,
C-B-1,1,1.68114,-29.5313,15.3051,1229,0.0,9.600000000000001,14.2,25,2841,0.0,-18.400000000000002,14.0,25,-0.422,9,
C-B-1,1,1.68213,-29.5313,15.3051,1229,0.0,9.600000000000001,14.2,25,2841,0.0,-18.400000000000002,14.0,25,-0.422,9,
C-B-1,1,1.68313,-29.5313,15.3051,1229,0.0,9.600000000000001,14.2,25,2841,0.0,-18.400000000000002,14.0,25,-0.422,9,
C-B-1,1,1.68414,-29.4929,15.3109,1230,0.0,10.4,14.2,25,2841,0.0,-18.400000000000002,14.0,25,-0.384,9,
C-B-1,1,1.68513,-29.5313,15.3051,1229,0.0,9.600000000000001,14.2,25,2841,0.0,-18.400000000000002,14.0,25,-0.422,9,
C-B-1,1,1.68614,-29.5313,15.3051,1229,0.0,9.600000000000001,14.2,25,2841,0.0,-18.400000000000002,14.0,25,-0.422,9,
C-B-1,1,1.68713,-29.4929,15.3109,1230,0.0,10.4,14.2,25,2841,0.0,-18.400000000000002,14.0,25,-0.384,9,
C-B-1,1,1.68814,-29.5313,15.3051,1229,0.0,9.600000000000001,14.2,25,2841,0.0,-18.400000000000002,14.0,25,-0.422,9,
C-B-1,1,1.68914,-29.4929,15.3109,1230,0.0,10.4,14.2,25,2841,0.0,-18.400000000000002,14.0,25,-0.384,9,
C-B-1,1,1.69013,-29.4929,15.3109,1230,0.0,10.4,14.2,25,2841,0.0,-18.400000000000002,14.0,25,-0.384,9,
C-B-1,1,1.69114,-29.5313,15.3051,1229,0.0,9.600000000000001,14.2,25,2841,0.0,-18.400000000000002,14.0,25,-0.422,9,
C-B-1,1,1.69213,-29.4929,15.3109,1230,0.0,10.4,14.2,25,2841,0.0,-18.400000000000002,14.0,25,-0.384,9,
C-B-1,1,1.69314,-29.5313,15.3051,1229,0.0,9.600000000000001,14.2,25,2841,0.0,-18.400000000000002,14.0,25,-0.422,9,
C-B-1,1,1.69413,-29.5313,15.3051,1229,0.0,9.600000000000001,14.2,25,2841,0.0,-18.400000000000002,14.0,25,-0.422,9,
C-B-1,1,1.69514,-29.4929,15.3109,1230,0.0,10.4,14.2,25,2841,0.0,-18.400000000000002,14.0,25,-0.384,9,
C-B-1,1,1.69613,-29.5313,15.3051,1229,0.0,9.600000000000001,14.2,25,2841,0.0,-18.400000000000002,14.0,25,-0.422,9,
C-B-1,1,1.69714,-29.5313,15.3051,1229,0.0,9.600000000000001,14.2,25,2841,0.0,-18.400000000000002,14.0,25,-0.422,9,
C-B-1,1,1.69814,-29.4929,15.3109,1230,0.0,10.4,14.2,25,2841,0.0,-18.400000000000002,14.0,25,-0.384,9,
C-B-1,1,1.69914,-29.4929,15.3109,1230,0.0,10.4,14.2,25,2840,0.0,-19.200000000000003,14.0,25,-0.422,9,
C-B-1,1,1.70014,-29.4929,15.3109,1230,0.0,10.4,14.2,25,2840,0.0,-19.200000000000003,14.0,25,-0.422,9,
C-B-1,1,1.70114,-29.4929,15.3109,1230,0.0,10.4,14.2,25,2840,0.0,-19.200000000000003,14.0,25,-0.422,9,
C-B-1,1,1.70214,-29.4929,15.3109,1230,0.0,10.4,14.2,25,2840,0.0,-19.200000000000003,14.0,25,-0.422,9,
C-B-1,1,1.70314,-29.4929,15.3109,1230,0.0,10.4,14.2,25,2841,0.0,-18.400000000000002,14.0,25,-0.384,9,
C-B-1,1,1.70414,-29.4929,15.3109,1230,0.0,10.4,14.2,25,2840,0.0,-19.200000000000003,14.0,25,-0.422,9,
C-B-1,1,1.70514,-29.5313,15.3051,1229,0.0,9.600000000000001,14.2,25,2840,0.0,-19.200000000000003,14.0,25,-0.46,9,
C-B-1,1,1.70614,-29.4929,15.3109,1230,0.0,10.4,14.2,25,2841,0.0,-18.400000000000002,14.0,25,-0.384,9,
C-B-1,1,1.70714,-29.4929,15.3109,1230,0.0,10.4,14.2,25,2841,0.0,-18.400000000000002,14.0,25,-0.384,9,
C-B-1,1,1.70814,-29.4929,15.3109,1230,0.0,10.4,14.2,25,2840,0.0,-19.200000000000003,14.0,25,-0.422,9,
C-B-1,1,1.70914,-29.4929,15.3109,1230,0.0,10.4,14.2,25,2840,0.0,-19.200000000000003,14.0,25,-0.422,9,
C-B-1,1,1.71014,-29.4929,15.3109,1230,0.0,10.4,14.2,25,2840,0.0,-19.200000000000003,14.0,25,-0.422,9,
C-B-1,1,1.71114,-29.4929,15.3109,1230,0.0,10.4,14.2,25,2840,0.0,-19.200000000000003,14.0,25,-0.422,9,
C-B-1,1,1.71214,-29.4929,15.3109,1230,0.0,10.4,14.2,25,2840,0.0,-19.200000000000003,14.0,25,-0.422,9,
C-B-1,1,1.71314,-29.4929,15.3109,1230,0.0,10.4,14.2,25,2840,0.0,-19.200000000000003,14.0,25,-0.422,9,
C-B-1,1,1.71414,-29.4929,15.3109,1230,0.0,10.4,14.2,25,2840,0.0,-19.200000000000003,14.0,25,-0.422,9,
C-B-1,1,1.71514,-29.4929,15.3109,1230,0.0,10.4,14.2,25,2840,0.0,-19.200000000000003,14.0,25,-0.422,9,
C-B-1,1,1.71614,-29.4929,15.3109,1230,0.0,10.4,14.2,25,2840,0.0,-19.200000000000003,14.0,25,-0.422,9,
C-B-1,1,1.71714,-29.4929,15.3109,1230,0.0,10.4,14.2,25,2840,0.0,-19.200000000000003,14.0,25,-0.422,9,
C-B-1,1,1.71815,-29.4929,15.3109,1230,0.0,10.4,14.2,25,2840,0.0,-19.200000000000003,14.0,25,-0.422,9,
C-B-1,1,1.71914,-29.4929,15.3109,1230,0.0,10.4,14.2,25,2840,0.0,-19.200000000000003,14.0,25,-0.422,9,
C-B-1,1,1.72015,-29.4929,15.3109,1230,0.0,10.4,14.2,25,2840,0.0,-19.200000000000003,14.0,25,-0.422,9,
C-B-1,1,1.72114,-29.4929,15.3109,1230,0.0,10.4,14.2,25,2841,0.0,-18.400000000000002,14.0,25,-0.384,9,
C-B-1,1,1.72215,-29.4929,15.3109,1230,0.0,10.4,14.2,25,2840,0.0,-19.200000000000003,14.0,25,-0.422,9,
C-B-1,1,1.72314,-29.4929,15.3109,1230,0.0,10.4,14.2,25,2840,0.0,-19.200000000000003,14.0,25,-0.422,9,
C-B-1,1,1.72414,-29.4929,15.3109,1230,0.0,10.4,14.2,25,2840,0.0,-19.200000000000003,14.0,25,-0.422,9,
C-B-1,1,1.72514,-29.4929,15.3109,1230,0.0,10.4,14.2,25,2840,0.0,-19.200000000000003,14.0,25,-0.422,9,
C-B-1,1,1.72614,-29.4929,15.3109,1230,0.0,10.4,14.2,25,2840,0.0,-19.200000000000003,14.0,25,-0.422,9,
C-B-1,1,1.72715,-29.4929,15.3109,1230,0.0,10.4,14.2,25,2840,0.0,-19.200000000000003,14.0,25,-0.422,9,
C-B-1,1,1.72814,-29.4929,15.3109,1230,0.0,10.4,14.2,25,2840,0.0,-19.200000000000003,14.0,25,-0.422,9,
C-B-1,1,1.72914,-29.4929,15.3109,1230,0.0,10.4,14.2,25,2840,0.0,-19.200000000000003,14.0,25,-0.422,9,
C-B-1,1,1.73014,-29.4929,15.3109,1230,0.0,10.4,14.2,25,2840,0.0,-19.200000000000003,14.0,25,-0.422,9,
C-B-1,1,1.73115,-29.4929,15.3109,1230,0.0,10.4,14.2,25,2840,0.0,-19.200000000000003,14.0,25,-0.422,9,
C-B-1,1,1.73215,-29.4929,15.3109,1230,0.0,10.4,14.2,25,2840,0.0,-19.200000000000003,14.0,25,-0.422,9,
C-B-1,1,1.73314,-29.4929,15.3109,1230,0.0,10.4,14.2,25,2840,0.0,-19.200000000000003,14.0,25,-0.422,9,
C-B-1,1,1.73415,-29.4929,15.3109,1230,0.0,10.4,14.2,25,2840,0.0,-19.200000000000003,14.0,25,-0.422,9,
C-B-1,1,1.73515,-29.4929,15.3109,1230,0.0,10.4,14.2,25,2840,0.0,-19.200000000000003,14.0,25,-0.422,9,
C-B-1,1,1.73615,-29.4929,15.3109,1230,0.0,10.4,14.2,25,2840,0.0,-19.200000000000003,14.0,25,-0.422,9,
C-B-1,1,1.73715,-29.4929,15.3109,1230,0.0,10.4,14.2,25,2840,0.0,-19.200000000000003,14.0,25,-0.422,9,
C-B-1,1,1.73815,-29.4929,15.3109,1230,0.0,10.4,14.2,25,2840,0.0,-19.200000000000003,14.0,25,-0.422,9,
C-B-1,1,1.73915,-29.4929,15.3109,1230,0.0,10.4,14.2,25,2840,0.0,-19.200000000000003,14.0,25,-0.422,9,
C-B-1,1,1.74015,-29.4929,15.3109,1230,0.0,10.4,14.2,25,2840,0.0,-19.200000000000003,14.0,25,-0.422,9,
C-B-1,1,1.74115,-29.4929,15.3109,1230,0.0,10.4,14.2,25,2840,0.0,-19.200000000000003,14.0,25,-0.422,9,
C-B-1,1,1.74215,-29.4929,15.3109,1230,0.0,10.4,14.2,25,2840,0.0,-19.200000000000003,14.0,25,-0.422,9,
C-B-1,1,1.74315,-29.4929,15.3109,1230,0.0,10.4,14.2,25,2840,0.0,-19.200000000000003,14.0,25,-0.422,9,
C-B-1,1,1.74415,-29.4929,15.3109,1230,0.0,10.4,14.2,25,2840,0.0,-19.200000000000003,14.0,25,-0.422,9,
C-B-1,1,1.74515,-29.4929,15.3109,1230,0.0,10.4,14.2,25,2840,0.0,-19.200000000000003,14.0,25,-0.422,9,
C-B-1,1,1.74615,-29.4929,15.3109,1230,0.0,10.4,14.2,25,2840,0.0,-19.200000000000003,14.0,25,-0.422,9,
C-B-1,1,1.74715,-29.4929,15.3109,1230,0.0,10.4,14.2,25,2840,0.0,-19.200000000000003,14.0,25,-0.422,9,
C-B-1,1,1.74815,-29.4929,15.3109,1230,0.0,10.4,14.2,25,2840,0.0,-19.200000000000003,14.0,25,-0.422,9,
C-B-1,1,1.74915,-29.4929,15.3109,1230,0.0,10.4,14.2,25,2840,0.0,-19.200000000000003,14.0,25,-0.422,9,
C-B-1,1,1.75015,-29.4929,15.3109,1230,0.0,10.4,14.2,25,2840,0.0,-19.200000000000003,14.0,25,-0.422,9,
C-B-1,1,1.75115,-29.4929,15.3109,1230,0.0,10.4,14.2,25,2840,0.0,-19.200000000000003,14.0,25,-0.422,9,
C-B-1,1,1.75215,-29.4929,15.3109,1230,0.0,10.4,14.2,25,2840,0.0,-19.200000000000003,14.0,25,-0.422,9,
C-B-1,1,1.75316,-29.4929,15.3109,1230,0.0,10.4,14.2,25,2840,0.0,-19.200000000000003,14.0,25,-0.422,9,
C-B-1,1,1.75415,-29.4929,15.3109,1230,0.0,10.4,14.2,25,2840,0.0,-19.200000000000003,14.0,25,-0.422,9,
C-B-1,1,1.75515,-29.4929,15.3109,1230,0.0,10.4,14.2,25,2840,0.0,-19.200000000000003,14.0,25,-0.422,9,
C-B-1,1,1.75615,-29.4929,15.3109,1230,0.0,10.4,14.2,25,2840,0.0,-19.200000000000003,14.0,25,-0.422,9,
C-B-1,1,1.75716,-29.4929,15.3109,1230,0.0,10.4,14.2,25,2840,0.0,-19.200000000000003,14.0,25,-0.422,9,
C-B-1,1,1.75815,-29.4929,15.3109,1230,0.0,10.4,14.2,25,2840,0.0,-19.200000000000003,14.0,25,-0.422,9,
C-B-1,1,1.75915,-29.4929,15.3109,1230,0.0,10.4,14.2,25,2840,0.0,-19.200000000000003,14.0,25,-0.422,9,
C-B-1,1,1.76016,-29.4929,15.3109,1230,0.0,10.4,14.2,25,2840,0.0,-19.200000000000003,14.0,25,-0.422,9,
C-B-1,1,1.76115,-29.4929,15.3109,1230,0.0,10.4,14.2,25,2840,0.0,-19.200000000000003,14.0,25,-0.422,9,
C-B-1,1,1.76215,-29.4929,15.3109,1230,0.0,10.4,14.2,25,2839,0.0,-20.0,14.0,25,-0.46,9,
C-B-1,1,1.76315,-29.4929,15.3109,1230,0.0,10.4,14.2,25,2840,0.0,-19.200000000000003,14.0,25,-0.422,9,
C-B-1,1,1.76416,-29.4929,15.3109,1230,0.0,10.4,14.2,25,2840,0.0,-19.200000000000003,14.0,25,-0.422,9,
C-B-1,1,1.76516,-29.4929,15.3109,1230,0.0,10.4,14.2,25,2839,0.0,-20.0,14.0,25,-0.46,9,
C-B-1,1,1.76616,-29.4929,15.3109,1230,0.0,10.4,14.2,25,2840,0.0,-19.200000000000003,14.0,25,-0.422,9,
C-B-1,1,1.76716,-29.4929,15.3109,1230,0.0,10.4,14.2,25,2839,0.0,-20.0,14.0,25,-0.46,9,
C-B-1,1,1.76816,-29.4929,15.3109,1230,0.0,10.4,14.2,25,2839,0.0,-20.0,14.0,25,-0.46,9,
C-B-1,1,1.76916,-29.4929,15.3109,1230,0.0,10.4,14.2,25,2839,0.0,-20.0,14.0,25,-0.46,9,
C-B-1,1,1.77015,-29.4929,15.3109,1230,0.0,10.4,14.2,25,2840,0.0,-19.200000000000003,14.0,25,-0.422,9,
C-B-1,1,1.77115,-29.4929,15.3109,1230,0.0,10.4,14.2,25,2839,0.0,-20.0,14.0,25,-0.46,9,
C-B-1,1,1.77216,-29.4929,15.3109,1230,0.0,10.4,14.2,25,2840,0.0,-19.200000000000003,14.0,25,-0.422,9,
C-B-1,1,1.77316,-29.4929,15.3109,1230,0.0,10.4,14.2,25,2839,0.0,-20.0,14.0,25,-0.46,9,
C-B-1,1,1.77416,-29.4929,15.3109,1230,0.0,10.4,14.2,25,2840,0.0,-19.200000000000003,14.0,25,-0.422,9,
C-B-1,1,1.77516,-29.4929,15.3109,1230,0.0,10.4,14.2,25,2840,0.0,-19.200000000000003,14.0,25,-0.422,9,
C-B-1,1,1.77616,-29.4929,15.3109,1230,0.0,10.4,14.2,25,2840,0.0,-20.0,14.0,25,-0.422,9,
C-B-1,1,1.77716,-29.4929,15.3109,1230,0.0,10.4,14.2,25,2840,0.0,-19.200000000000003,14.0,25,-0.422,9,
C-B-1,1,1.77816,-29.4929,15.3109,1230,0.0,10.4,14.2,25,2840,0.0,-19.200000000000003,14.0,25,-0.422,9,
C-B-1,1,1.77916,-29.4929,15.3109,1230,0.0,10.4,14.2,25,2840,0.0,-19.200000000000003,14.0,25,-0.422,9,
C-B-1,1,1.78016,-29.4929,15.3109,1230,0.0,10.4,14.2,25,2840,0.0,-19.200000000000003,14.0,25,-0.422,9,
C-B-1,1,1.78116,-29.4929,15.3109,1230,0.0,10.4,14.2,25,2840,0.0,-19.200000000000003,14.0,25,-0.422,9,
C-B-1,1,1.78216,-29.4929,15.3109,1230,0.0,10.4,14.2,25,2840,0.0,-19.200000000000003,14.0,25,-0.422,9,
C-B-1,1,1.78316,-29.4929,15.3109,1230,0.0,10.4,14.2,25,2840,0.0,-19.200000000000003,14.0,25,-0.422,9,
C-B-1,1,1.78416,-29.4929,15.3109,1230,0.0,10.4,14.2,25,2840,0.0,-19.200000000000003,14.0,25,-0.422,9,
C-B-1,1,1.78516,-29.4929,15.3109,1230,0.0,10.4,14.2,25,2839,0.0,-20.0,14.0,25,-0.46,9,
C-B-1,1,1.78616,-29.4929,15.3109,1230,0.0,10.4,14.2,25,2840,0.0,-19.200000000000003,14.0,25,-0.422,9,
C-B-1,1,1.78716,-29.4929,15.3109,1230,0.0,10.4,14.2,25,2839,0.0,-20.0,14.0,25,-0.46,9,
C-B-1,1,1.78816,-29.4929,15.3109,1230,0.0,10.4,14.2,25,2839,0.0,-20.0,14.0,25,-0.46,9,
C-B-1,1,1.78916,-29.4929,15.3109,1230,0.0,10.4,14.2,25,2839,0.0,-20.0,14.0,25,-0.46,9,
C-B-1,1,1.79016,-29.4929,15.3109,1230,0.0,10.4,14.2,25,2840,0.0,-19.200000000000003,14.0,25,-0.422,9,
C-B-1,1,1.79117,-29.4929,15.3109,1230,0.0,10.4,14.2,25,2840,0.0,-19.200000000000003,14.0,25,-0.422,9,
C-B-1,1,1.79216,-29.4929,15.3109,1230,0.0,10.4,14.2,25,2840,0.0,-19.200000000000003,14.0,25,-0.422,9,
C-B-1,1,1.79317,-29.4929,15.3109,1230,0.0,10.4,14.2,25,2840,0.0,-19.200000000000003,14.0,25,-0.422,9,
C-B-1,1,1.79416,-29.4929,15.3109,1230,0.0,10.4,14.2,25,2840,0.0,-19.200000000000003,14.0,25,-0.422,9,
C-B-1,1,1.79517,-29.4929,15.3109,1230,0.0,10.4,14.2,25,2840,0.0,-19.200000000000003,14.0,25,-0.422,9,
C-B-1,1,1.79616,-29.4929,15.3109,1230,0.0,10.4,14.9,25,2839,0.0,-20.0,14.8,25,-0.46,9,
C-B-1,1,1.79717,-29.4929,15.3109,1230,0.0,10.4,14.9,25,2840,0.0,-19.200000000000003,14.8,25,-0.422,9,
C-B-1,1,1.79816,-29.4929,15.3109,1230,0.0,10.4,14.9,25,2840,0.0,-19.200000000000003,14.8,25,-0.422,9,
C-B-1,1,1.79916,-29.4929,15.3109,1230,0.0,10.4,14.9,25,2840,0.0,-19.200000000000003,14.8,25,-0.422,9,
C-B-1,1,1.80017,-29.4929,15.3109,1230,0.0,10.4,14.9,25,2839,0.0,-20.0,14.8,25,-0.46,9,
C-B-1,1,1.80116,-29.4929,15.3109,1230,0.0,10.4,14.9,25,2840,0.0,-19.200000000000003,14.8,25,-0.422,9,
C-B-1,1,1.80217,-29.4929,15.3109,1230,0.0,10.4,14.9,25,2840,0.0,-19.200000000000003,14.8,25,-0.422,9,
C-B-1,1,1.80316,-29.4929,15.3109,1230,0.0,10.4,14.9,25,2840,0.0,-19.200000000000003,14.8,25,-0.422,9,
C-B-1,1,1.80417,-29.4929,15.3109,1230,0.0,10.4,14.9,25,2840,0.0,-19.200000000000003,14.8,25,-0.422,9,
C-B-1,1,1.80517,-29.4929,15.3109,1230,0.0,10.4,14.9,25,2840,0.0,-19.200000000000003,14.8,25,-0.422,9,
C-B-1,1,1.80617,-29.4929,15.3109,1230,0.0,10.4,14.9,25,2840,0.0,-19.200000000000003,14.8,25,-0.422,9,
C-B-1,1,1.80716,-29.4929,15.3109,1230,0.0,10.4,14.9,25,2840,0.0,-19.200000000000003,14.8,25,-0.422,9,
C-B-1,1,1.80816,-29.4929,15.3109,1230,0.0,10.4,14.9,25,2840,0.0,-19.200000000000003,14.8,25,-0.422,9,
C-B-1,1,1.80916,-29.4929,15.3109,1230,0.0,10.4,14.9,25,2840,0.0,-19.200000000000003,14.8,25,-0.422,9,
C-B-1,1,1.81017,-29.4929,15.3109,1230,0.0,10.4,14.9,25,2839,0.0,-20.0,14.8,25,-0.46,9,
C-B-1,1,1.81117,-29.4929,15.3109,1230,0.0,10.4,14.9,25,2840,0.0,-19.200000000000003,14.8,25,-0.422,9,
C-B-1,1,1.81217,-29.4929,15.3109,1230,0.0,10.4,14.9,25,2840,0.0,-19.200000000000003,14.8,25,-0.422,9,
C-B-1,1,1.81317,-29.4545,15.3167,1231,0.0,11.200000000000001,14.9,25,2840,0.0,-19.200000000000003,14.8,25,-0.384,9,
C-B-1,1,1.81417,-29.4929,15.3109,1230,0.0,10.4,14.9,25,2840,0.0,-19.200000000000003,14.8,25,-0.422,9,
C-B-1,1,1.81517,-29.4929,15.3109,1230,0.0,10.4,14.9,25,2840,0.0,-19.200000000000003,14.8,25,-0.422,9,
C-B-1,1,1.81617,-29.4929,15.3109,1230,0.0,10.4,14.9,25,2840,0.0,-19.200000000000003,14.8,25,-0.422,9,
C-B-1,1,1.81717,-29.4929,15.3109,1230,0.0,10.4,14.9,25,2840,0.0,-19.200000000000003,14.8,25,-0.422,9,
C-B-1,1,1.81817,-29.4929,15.3109,1230,0.0,10.4,14.9,25,2840,0.0,-19.200000000000003,14.8,25,-0.422,9,
C-B-1,1,1.81917,-29.4929,15.3109,1230,0.0,10.4,14.9,25,2840,0.0,-19.200000000000003,14.8,25,-0.422,9,
C-B-1,1,1.82017,-29.4929,15.3109,1230,0.0,10.4,14.9,25,2840,0.0,-19.200000000000003,14.8,25,-0.422,9,
C-B-1,1,1.82117,-29.4929,15.3109,1230,0.0,10.4,14.9,25,2840,0.0,-19.200000000000003,14.8,25,-0.422,9,
C-B-1,1,1.82217,-29.4929,15.3109,1230,0.0,10.4,14.9,25,2840,0.0,-19.200000000000003,14.8,25,-0.422,9,
C-B-1,1,1.82317,-29.4929,15.3109,1230,0.0,10.4,14.9,25,2840,0.0,-19.200000000000003,14.8,25,-0.422,9,
C-B-1,1,1.82417,-29.4929,15.3109,1230,0.0,10.4,14.9,25,2840,0.0,-19.200000000000003,14.8,25,-0.422,9,
C-B-1,1,1.82517,-29.4929,15.3109,1230,0.0,10.4,14.9,25,2840,0.0,-19.200000000000003,14.8,25,-0.422,9,
C-B-1,1,1.82617,-29.4929,15.3109,1230,0.0,10.4,14.9,25,2840,0.0,-19.200000000000003,14.8,25,-0.422,9,
C-B-1,1,1.82717,-29.4929,15.3109,1230,0.0,10.4,14.9,25,2840,0.0,-19.200000000000003,14.8,25,-0.422,9,
C-B-1,1,1.82817,-29.4929,15.3109,1230,0.0,10.4,14.9,25,2840,0.0,-19.200000000000003,14.8,25,-0.422,9,
C-B-1,1,1.82917,-29.4929,15.3109,1230,0.0,10.4,14.9,25,2840,0.0,-19.200000000000003,14.8,25,-0.422,9,
C-B-1,1,1.83017,-29.4929,15.3109,1230,0.0,10.4,14.9,25,2840,0.0,-19.200000000000003,14.8,25,-0.422,9,
C-B-1,1,1.83115,-29.4929,15.3109,1230,0.0,10.4,14.9,25,2840,0.0,-19.200000000000003,14.8,25,-0.422,9,
C-B-1,1,1.83217,-29.4929,15.3109,1230,0.0,10.4,14.9,25,2840,0.0,-19.200000000000003,14.8,25,-0.422,9,
C-B-1,1,1.83315,-29.4929,15.3109,1230,0.0,10.4,14.9,25,2840,0.0,-19.200000000000003,14.8,25,-0.422,9,
C-B-1,1,1.83417,-29.4929,15.3109,1230,0.0,10.4,14.9,25,2840,0.0,-19.200000000000003,14.8,25,-0.422,9,
C-B-1,1,1.83515,-29.4929,15.3109,1230,0.0,10.4,14.9,25,2840,0.0,-19.200000000000003,14.8,25,-0.422,9,
C-B-1,1,1.83617,-29.4929,15.3109,1230,0.0,10.4,14.9,25,2840,0.0,-19.200000000000003,14.8,25,-0.422,9,
C-B-1,1,1.83715,-29.4929,15.3109,1230,0.0,10.4,14.9,25,2840,0.0,-19.200000000000003,14.8,25,-0.422,9,
C-B-1,1,1.83817,-29.4929,15.3109,1230,0.0,10.4,14.9,25,2840,0.0,-19.200000000000003,14.8,25,-0.422,9,
C-B-1,1,1.83915,-29.4929,15.3109,1230,0.0,10.4,14.9,25,2840,0.0,-19.200000000000003,14.8,25,-0.422,9,
C-B-1,1,1.84018,-29.4929,15.3109,1230,0.0,10.4,14.9,25,2840,0.0,-19.200000000000003,14.8,25,-0.422,9,
C-B-1,1,1.84115,-29.4929,15.3109,1230,0.0,10.4,14.9,25,2840,0.0,-19.200000000000003,14.8,25,-0.422,9,
C-B-1,1,1.84217,-29.4929,15.3109,1230,0.0,10.4,14.9,25,2840,0.0,-19.200000000000003,14.8,25,-0.422,9,
C-B-1,1,1.84317,-29.4929,15.3109,1230,0.0,10.4,14.9,25,2840,0.0,-19.200000000000003,14.8,25,-0.422,9,
C-B-1,1,1.84417,-29.4929,15.3109,1230,0.0,10.4,14.9,25,2840,0.0,-19.200000000000003,14.8,25,-0.422,9,
C-B-1,1,1.84515,-29.4929,15.3109,1230,0.0,10.4,14.9,25,2840,0.0,-19.200000000000003,14.8,25,-0.422,9,
C-B-1,1,1.84617,-29.4929,15.3109,1230,0.0,10.4,14.9,25,2840,0.0,-19.200000000000003,14.8,25,-0.422,9,
C-B-1,1,1.84716,-29.4929,15.3109,1230,0.0,10.4,14.9,25,2840,0.0,-19.200000000000003,14.8,25,-0.422,9,
C-B-1,1,1.84817,-29.4929,15.3109,1230,0.0,10.4,14.9,25,2840,0.0,-19.200000000000003,14.8,25,-0.422,9,
C-B-1,1,1.84917,-29.4929,15.3109,1230,0.0,10.4,14.9,25,2840,0.0,-19.200000000000003,14.8,25,-0.422,9,
C-B-1,1,1.85017,-29.4929,15.3109,1230,0.0,10.4,14.9,25,2840,0.0,-19.200000000000003,14.8,25,-0.422,9,
C-B-1,1,1.85116,-29.4929,15.3109,1230,0.0,10.4,14.9,25,2840,0.0,-19.200000000000003,14.8,25,-0.422,9,
C-B-1,1,1.85217,-29.4929,15.3109,1230,0.0,10.4,14.9,25,2840,0.0,-19.200000000000003,14.8,25,-0.422,9,
C-B-1,1,1.85316,-29.4929,15.3109,1230,0.0,10.4,14.9,25,2840,0.0,-19.200000000000003,14.8,25,-0.422,9,
C-B-1,1,1.85425,-29.4929,15.3109,1230,0.0,10.4,14.9,25,2840,0.0,-19.200000000000003,14.8,25,-0.422,9,
C-B-1,1,1.85525,-29.4929,15.3109,1230,0.0,10.4,14.9,25,2840,0.0,-19.200000000000003,14.8,25,-0.422,9,
C-B-1,1,1.85625,-29.4929,15.3109,1230,0.0,10.4,14.9,25,2840,0.0,-19.200000000000003,14.8,25,-0.422,9,
C-B-1,1,1.85724,-29.4929,15.3109,1230,0.0,10.4,14.9,25,2841,0.0,-18.400000000000002,14.8,25,-0.384,9,
C-B-1,1,1.85827,-29.4929,15.3109,1230,0.0,10.4,14.9,25,2840,0.0,-19.200000000000003,14.8,25,-0.422,9,
C-B-1,1,1.85925,-29.4929,15.3109,1230,0.0,10.4,14.9,25,2840,0.0,-19.200000000000003,14.8,25,-0.422,9,
C-B-1,1,1.86028,-29.5313,15.3051,1229,0.0,9.600000000000001,14.9,25,2840,0.0,-19.200000000000003,14.8,25,-0.46,9,
C-B-1,1,1.86116,-29.4929,15.3109,1230,0.0,10.4,14.9,25,2840,0.0,-19.200000000000003,14.8,25,-0.422,9,
C-B-1,1,1.86218,-29.4929,15.3109,1230,0.0,10.4,14.9,25,2841,0.0,-18.400000000000002,14.8,25,-0.384,9,
C-B-1,1,1.86324,-29.4929,15.3109,1230,0.0,10.4,14.9,25,2840,0.0,-19.200000000000003,14.8,25,-0.422,9,
C-B-1,1,1.86418,-29.4929,15.3109,1230,0.0,10.4,14.9,25,2841,0.0,-18.400000000000002,14.8,25,-0.384,9,
C-B-1,1,1.86516,-29.4929,15.3109,1230,0.0,10.4,14.9,25,2841,0.0,-18.400000000000002,14.8,25,-0.384,9,
C-B-1,1,1.86617,-29.4929,15.3109,1230,0.0,10.4,14.9,25,2840,0.0,-19.200000000000003,14.8,25,-0.422,9,
C-B-1,1,1.86716,-29.4929,15.3109,1230,0.0,10.4,14.9,25,2840,0.0,-19.200000000000003,14.8,25,-0.422,9,
C-B-1,1,1.86817,-29.4929,15.3109,1230,0.0,10.4,14.9,25,2841,0.0,-18.400000000000002,14.8,25,-0.384,9,
C-B-1,1,1.86918,-29.5313,15.3051,1229,0.0,9.600000000000001,14.9,25,2841,0.0,-18.400000000000002,14.8,25,-0.422,9,
C-B-1,1,1.87016,-29.4929,15.3109,1230,0.0,10.4,14.9,25,2840,0.0,-19.200000000000003,14.8,25,-0.422,9,
C-B-1,1,1.87118,-29.4929,15.3109,1230,0.0,10.4,14.9,25,2841,0.0,-18.400000000000002,14.8,25,-0.384,9,
C-B-1,1,1.87216,-29.4929,15.3109,1230,0.0,10.4,14.9,25,2840,0.0,-19.200000000000003,14.8,25,-0.422,9,
C-B-1,1,1.87317,-29.4929,15.3109,1230,0.0,10.4,14.9,25,2840,0.0,-19.200000000000003,14.8,25,-0.422,9,
C-B-1,1,1.87416,-29.4929,15.3109,1230,0.0,10.4,14.9,25,2840,0.0,-19.200000000000003,14.8,25,-0.422,9,
C-B-1,1,1.87517,-29.4929,15.3109,1230,0.0,10.4,14.9,25,2840,0.0,-19.200000000000003,14.8,25,-0.422,9,
C-B-1,1,1.87616,-29.4929,15.3109,1230,0.0,10.4,14.9,25,2840,0.0,-19.200000000000003,14.8,25,-0.422,9,
C-B-1,1,1.87717,-29.4929,15.3109,1230,0.0,10.4,14.9,25,2841,0.0,-18.400000000000002,14.8,25,-0.384,9,
C-B-1,1,1.87816,-29.4929,15.3109,1230,0.0,10.4,14.9,25,2840,0.0,-19.200000000000003,14.8,25,-0.422,9,
C-B-1,1,1.87917,-29.4929,15.3109,1230,0.0,10.4,14.9,25,2840,0.0,-19.200000000000003,14.8,25,-0.422,9,
C-B-1,1,1.88016,-29.4929,15.3109,1230,0.0,10.4,14.9,25,2840,0.0,-19.200000000000003,14.8,25,-0.422,9,
C-B-1,1,1.88118,-29.4929,15.3109,1230,0.0,10.4,14.9,25,2841,0.0,-18.400000000000002,14.8,25,-0.384,9,
C-B-1,1,1.88218,-29.4929,15.3109,1230,0.0,10.4,14.9,25,2840,0.0,-19.200000000000003,14.8,25,-0.422,9,
C-B-1,1,1.88316,-29.5313,15.3051,1229,0.0,9.600000000000001,14.9,25,2840,0.0,-19.200000000000003,14.8,25,-0.46,9,
C-B-1,1,1.88417,-29.5313,15.3051,1229,0.0,9.600000000000001,14.9,25,2840,0.0,-19.200000000000003,14.8,25,-0.46,9,
C-B-1,1,1.88516,-29.5313,15.3051,1229,0.0,9.600000000000001,14.9,25,2840,0.0,-19.200000000000003,14.8,25,-0.46,9,
C-B-1,1,1.88616,-29.4929,15.3109,1230,0.0,10.4,14.9,25,2840,0.0,-19.200000000000003,14.8,25,-0.422,9,
C-B-1,1,1.88717,-29.4929,15.3109,1230,0.0,10.4,14.9,25,2841,0.0,-18.400000000000002,14.8,25,-0.384,9,
C-B-1,1,1.88816,-29.4929,15.3109,1230,0.0,10.4,14.9,25,2841,0.0,-18.400000000000002,14.8,25,-0.384,9,
C-B-1,1,1.88916,-29.5313,15.3051,1229,0.0,9.600000000000001,14.9,25,2840,0.0,-19.200000000000003,14.8,25,-0.46,9,
C-B-1,1,1.89016,-29.4929,15.3109,1230,0.0,10.4,14.9,25,2840,0.0,-19.200000000000003,14.8,25,-0.422,9,
C-B-1,1,1.89116,-29.4929,15.3109,1230,0.0,10.4,14.9,25,2841,0.0,-18.400000000000002,14.8,25,-0.384,9,
C-B-1,1,1.89216,-29.4929,15.3109,1230,0.0,10.4,14.9,25,2840,0.0,-19.200000000000003,14.8,25,-0.422,9,
C-B-1,1,1.89316,-29.4929,15.3109,1230,0.0,10.4,14.9,25,2840,0.0,-19.200000000000003,14.8,25,-0.422,9,
C-B-1,1,1.89416,-29.4929,15.3109,1230,0.0,10.4,14.9,25,2840,0.0,-19.200000000000003,14.8,25,-0.422,9,
C-B-1,1,1.89516,-29.4929,15.3109,1230,0.0,10.4,14.9,25,2840,0.0,-19.200000000000003,14.8,25,-0.422,9,
C-B-1,1,1.89616,-29.4929,15.3109,1230,0.0,10.4,14.9,25,2840,0.0,-19.200000000000003,14.8,25,-0.422,9,
C-B-1,1,1.89715,-29.5313,15.3051,1229,0.0,9.600000000000001,14.9,25,2841,0.0,-18.400000000000002,14.8,25,-0.422,9,
C-B-1,1,1.89818,-29.4929,15.3109,1230,0.0,10.4,14.9,25,2840,0.0,-19.200000000000003,14.8,25,-0.422,9,
C-B-1,1,1.89916,-29.4929,15.3109,1230,0.0,10.4,14.9,25,2840,0.0,-19.200000000000003,14.8,25,-0.422,9,
C-B-1,1,1.90016,-29.4929,15.3109,1230,0.0,10.4,14.9,25,2840,0.0,-19.200000000000003,14.8,25,-0.422,9,
C-B-1,1,1.90116,-29.4929,15.3109,1230,0.0,10.4,14.9,25,2840,0.0,-19.200000000000003,14.8,25,-0.422,9,
C-B-1,1,1.90217,-29.5313,15.3051,1229,0.0,9.600000000000001,14.9,25,2841,0.0,-18.400000000000002,14.8,25,-0.422,9,
C-B-1,1,1.90316,-29.4929,15.3109,1230,0.0,10.4,14.9,25,2840,0.0,-19.200000000000003,14.8,25,-0.422,9,
C-B-1,1,1.90417,-29.4929,15.3109,1230,0.0,10.4,14.9,25,2840,0.0,-19.200000000000003,14.8,25,-0.422,9,
C-B-1,1,1.90516,-29.4929,15.3109,1230,0.0,10.4,14.9,25,2840,0.0,-19.200000000000003,14.8,25,-0.422,9,
C-B-1,1,1.90617,-29.4929,15.3109,1230,0.0,10.4,14.9,25,2840,0.0,-18.400000000000002,14.8,25,-0.422,9,
C-B-1,1,1.90716,-29.4929,15.3109,1230,0.0,10.4,14.9,25,2841,0.0,-19.200000000000003,14.8,25,-0.384,9,
C-B-1,1,1.90818,-29.4929,15.3109,1230,0.0,10.4,14.9,25,2840,0.0,-19.200000000000003,14.8,25,-0.422,9,
C-B-1,1,1.90917,-29.4929,15.3109,1230,0.0,10.4,14.9,25,2841,0.0,-18.400000000000002,14.8,25,-0.384,9,
C-B-1,1,1.91017,-29.4929,15.3109,1230,0.0,10.4,14.9,25,2840,0.0,-19.200000000000003,14.8,25,-0.422,9,
C-B-1,1,1.91117,-29.4929,15.3109,1230,0.0,10.4,14.9,25,2841,0.0,-18.400000000000002,14.8,25,-0.384,9,
C-B-1,1,1.91217,-29.4929,15.3109,1230,0.0,10.4,14.9,25,2841,0.0,-18.400000000000002,14.8,25,-0.384,9,
C-B-1,1,1.91317,-29.4929,15.3109,1230,0.0,10.4,15.7,25,2840,0.0,-19.200000000000003,13.9,25,-0.422,9,
C-B-1,1,1.91417,-29.4929,15.3109,1230,0.0,10.4,15.7,25,2841,0.0,-18.400000000000002,13.9,25,-0.384,9,
C-B-1,1,1.91516,-29.4929,15.3109,1230,0.0,10.4,15.7,25,2840,0.0,-19.200000000000003,13.9,25,-0.422,9,
C-B-1,1,1.91617,-29.4929,15.3109,1230,0.0,10.4,15.7,25,2841,0.0,-18.400000000000002,13.9,25,-0.384,9,
C-B-1,1,1.91717,-29.4929,15.3109,1230,0.0,10.4,15.7,25,2841,0.0,-18.400000000000002,13.9,25,-0.384,9,
C-B-1,1,1.91817,-29.4929,15.3109,1230,0.0,10.4,15.7,25,2840,0.0,-19.200000000000003,13.9,25,-0.422,9,
C-B-1,1,1.91917,-29.4929,15.3109,1230,0.0,10.4,15.7,25,2840,0.0,-19.200000000000003,13.9,25,-0.422,9,
C-B-1,1,1.92017,-29.4929,15.3109,1230,0.0,10.4,15.7,25,2841,0.0,-18.400000000000002,13.9,25,-0.384,9,
C-B-1,1,1.92117,-29.4929,15.3109,1230,0.0,10.4,15.7,25,2841,0.0,-18.400000000000002,13.9,25,-0.384,9,
C-B-1,1,1.92217,-29.4929,15.3109,1230,0.0,10.4,15.7,25,2840,0.0,-19.200000000000003,13.9,25,-0.422,9,
C-B-1,1,1.92317,-29.4929,15.3109,1230,0.0,10.4,15.7,25,2840,0.0,-19.200000000000003,13.9,25,-0.422,9,
C-B-1,1,1.92418,-29.4929,15.3109,1230,0.0,10.4,15.7,25,2840,0.0,-19.200000000000003,13.9,25,-0.422,9,
C-B-1,1,1.92517,-29.5313,15.3051,1229,0.0,9.600000000000001,15.7,25,2840,0.0,-19.200000000000003,13.9,25,-0.46,9,
C-B-1,1,1.92617,-29.4929,15.3109,1230,0.0,10.4,15.7,25,2840,0.0,-19.200000000000003,13.9,25,-0.422,9,
C-B-1,1,1.92717,-29.4929,15.3109,1230,0.0,10.4,15.7,25,2840,0.0,-19.200000000000003,13.9,25,-0.422,9,
C-B-1,1,1.92817,-29.4929,15.3109,1230,0.0,10.4,15.7,25,2840,0.0,-19.200000000000003,13.9,25,-0.422,9,
C-B-1,1,1.92917,-29.4929,15.3109,1230,0.0,10.4,15.7,25,2840,0.0,-19.200000000000003,13.9,25,-0.422,9,
C-B-1,1,1.93017,-29.4929,15.3109,1230,0.0,10.4,15.7,25,2840,0.0,-19.200000000000003,13.9,25,-0.422,9,
C-B-1,1,1.93117,-29.4929,15.3109,1230,0.0,10.4,15.7,25,2840,0.0,-19.200000000000003,13.9,25,-0.422,9,
C-B-1,1,1.93217,-29.4929,15.3109,1230,0.0,10.4,15.7,25,2840,0.0,-19.200000000000003,13.9,25,-0.422,9,
C-B-1,1,1.93317,-29.4929,15.3109,1230,0.0,10.4,15.7,25,2840,0.0,-19.200000000000003,13.9,25,-0.422,9,
C-B-1,1,1.93417,-29.4929,15.3109,1230,0.0,10.4,15.7,25,2840,0.0,-19.200000000000003,13.9,25,-0.422,9,
C-B-1,1,1.93517,-29.4929,15.3109,1230,0.0,10.4,15.7,25,2840,0.0,-19.200000000000003,13.9,25,-0.422,9,
C-B-1,1,1.93617,-29.4929,15.3109,1230,0.0,10.4,15.7,25,2840,0.0,-19.200000000000003,13.9,25,-0.422,9,
C-B-1,1,1.93717,-29.4929,15.3109,1230,0.0,10.4,15.7,25,2840,0.0,-19.200000000000003,13.9,25,-0.422,9,
C-B-1,1,1.93817,-29.4929,15.3109,1230,0.0,10.4,15.7,25,2840,0.0,-19.200000000000003,13.9,25,-0.422,9,
C-B-1,1,1.93918,-29.4929,15.3109,1230,0.0,10.4,15.7,25,2840,0.0,-19.200000000000003,13.9,25,-0.422,9,
C-B-1,1,1.94017,-29.4929,15.3109,1230,0.0,10.4,15.7,25,2840,0.0,-19.200000000000003,13.9,25,-0.422,9,
C-B-1,1,1.94118,-29.4929,15.3109,1230,0.0,10.4,15.7,25,2840,0.0,-19.200000000000003,13.9,25,-0.422,9,
C-B-1,1,1.94217,-29.4929,15.3109,1230,0.0,10.4,15.7,25,2840,0.0,-19.200000000000003,13.9,25,-0.422,9,
C-B-1,1,1.94318,-29.4929,15.3109,1230,0.0,10.4,15.7,25,2840,0.0,-19.200000000000003,13.9,25,-0.422,9,
C-B-1,1,1.94417,-29.4929,15.3109,1230,0.0,10.4,15.7,25,2840,0.0,-19.200000000000003,13.9,25,-0.422,9,
C-B-1,1,1.94517,-29.4929,15.3109,1230,0.0,10.4,15.7,25,2840,0.0,-19.200000000000003,13.9,25,-0.422,9,
C-B-1,1,1.94617,-29.4929,15.3109,1230,0.0,10.4,15.7,25,2840,0.0,-19.200000000000003,13.9,25,-0.422,9,
C-B-1,1,1.94718,-29.4929,15.3109,1230,0.0,10.4,15.7,25,2840,0.0,-19.200000000000003,13.9,25,-0.422,9,
C-B-1,1,1.94817,-29.4929,15.3109,1230,0.0,10.4,15.7,25,2840,0.0,-19.200000000000003,13.9,25,-0.422,9,
C-B-1,1,1.94917,-29.4929,15.3109,1230,0.0,10.4,15.7,25,2840,0.0,-19.200000000000003,13.9,25,-0.422,9,
C-B-1,1,1.95017,-29.4929,15.3109,1230,0.0,10.4,15.7,25,2840,0.0,-19.200000000000003,13.9,25,-0.422,9,
C-B-1,1,1.95117,-29.4929,15.3109,1230,0.0,10.4,15.7,25,2840,0.0,-19.200000000000003,13.9,25,-0.422,9,
C-B-1,1,1.95218,-29.4929,15.3109,1230,0.0,10.4,15.7,25,2840,0.0,-19.200000000000003,13.9,25,-0.422,9,
C-B-1,1,1.95317,-29.4929,15.3109,1230,0.0,10.4,15.7,25,2840,0.0,-19.200000000000003,13.9,25,-0.422,9,
C-B-1,1,1.95418,-29.4929,15.3109,1230,0.0,10.4,15.7,25,2840,0.0,-19.200000000000003,13.9,25,-0.422,9,
C-B-1,1,1.95517,-29.4929,15.3109,1230,0.0,10.4,15.7,25,2840,0.0,-19.200000000000003,13.9,25,-0.422,9,
C-B-1,1,1.95618,-29.4929,15.3109,1230,0.0,10.4,15.7,25,2840,0.0,-19.200000000000003,13.9,25,-0.422,9,
C-B-1,1,1.95717,-29.4929,15.3109,1230,0.0,10.4,15.7,25,2840,0.0,-19.200000000000003,13.9,25,-0.422,9,
C-B-1,1,1.95818,-29.4929,15.3109,1230,0.0,10.4,15.7,25,2840,0.0,-19.200000000000003,13.9,25,-0.422,9,
C-B-1,1,1.95917,-29.4929,15.3109,1230,0.0,10.4,15.7,25,2840,0.0,-19.200000000000003,13.9,25,-0.422,9,
C-B-1,1,1.96017,-29.4929,15.3109,1230,0.0,10.4,15.7,25,2840,0.0,-19.200000000000003,13.9,25,-0.422,9,
C-B-1,1,1.96118,-29.4929,15.3109,1230,0.0,10.4,15.7,25,2840,0.0,-19.200000000000003,13.9,25,-0.422,9,
C-B-1,1,1.96217,-29.4929,15.3109,1230,0.0,10.4,15.7,25,2840,0.0,-19.200000000000003,13.9,25,-0.422,9,
C-B-1,1,1.96318,-29.4929,15.3109,1230,0.0,10.4,15.7,25,2840,0.0,-19.200000000000003,13.9,25,-0.422,9,
C-B-1,1,1.96418,-29.4929,15.3109,1230,0.0,10.4,15.7,25,2840,0.0,-19.200000000000003,13.9,25,-0.422,9,
C-B-1,1,1.96517,-29.4929,15.3109,1230,0.0,10.4,15.7,25,2840,0.0,-19.200000000000003,13.9,25,-0.422,9,
C-B-1,1,1.96617,-29.4929,15.3109,1230,0.0,10.4,15.7,25,2840,0.0,-19.200000000000003,13.9,25,-0.422,9,
C-B-1,1,1.96718,-29.4929,15.3109,1230,0.0,10.4,15.7,25,2840,0.0,-19.200000000000003,13.9,25,-0.422,9,
C-B-1,1,1.96818,-29.4929,15.3109,1230,0.0,10.4,15.7,25,2840,0.0,-19.200000000000003,13.9,25,-0.422,9,
C-B-1,1,1.96918,-29.4929,15.3109,1230,0.0,10.4,15.7,25,2840,0.0,-19.200000000000003,13.9,25,-0.422,9,
C-B-1,1,1.97018,-29.4929,15.3109,1230,0.0,10.4,15.7,25,2840,0.0,-19.200000000000003,13.9,25,-0.422,9,
C-B-1,1,1.97117,-29.4929,15.3109,1230,0.0,10.4,15.7,25,2840,0.0,-19.200000000000003,13.9,25,-0.422,9,
C-B-1,1,1.97218,-29.4929,15.3109,1230,0.0,10.4,15.7,25,2840,0.0,-19.200000000000003,13.9,25,-0.422,9,
C-B-1,1,1.97318,-29.4929,15.3109,1230,0.0,10.4,15.7,25,2840,0.0,-19.200000000000003,13.9,25,-0.422,9,
C-B-1,1,1.97418,-29.4929,15.3109,1230,0.0,10.4,15.7,25,2840,0.0,-19.200000000000003,13.9,25,-0.422,9,
C-B-1,1,1.97519,-29.4929,15.3109,1230,0.0,10.4,15.7,25,2840,0.0,-19.200000000000003,13.9,25,-0.422,9,
C-B-1,1,1.97618,-29.4929,15.3109,1230,0.0,10.4,15.7,25,2840,0.0,-19.200000000000003,13.9,25,-0.422,9,
C-B-1,1,1.97718,-29.4929,15.3109,1230,0.0,10.4,15.7,25,2840,0.0,-19.200000000000003,13.9,25,-0.422,9,
C-B-1,1,1.97818,-29.4929,15.3109,1230,0.0,10.4,15.7,25,2840,0.0,-19.200000000000003,13.9,25,-0.422,9,
C-B-1,1,1.97919,-29.4929,15.3109,1230,0.0,10.4,15.7,25,2840,0.0,-19.200000000000003,13.9,25,-0.422,9,
C-B-1,1,1.98018,-29.4929,15.3109,1230,0.0,10.4,15.7,25,2840,0.0,-19.200000000000003,13.9,25,-0.422,9,
C-B-1,1,1.98118,-29.4929,15.3109,1230,0.0,10.4,15.7,25,2840,0.0,-19.200000000000003,13.9,25,-0.422,9,
C-B-1,1,1.98218,-29.4929,15.3109,1230,0.0,10.4,15.7,25,2840,0.0,-19.200000000000003,13.9,25,-0.422,9,
C-B-1,1,1.98318,-29.4929,15.3109,1230,0.0,10.4,15.7,25,2840,0.0,-19.200000000000003,13.9,25,-0.422,9,
C-B-1,1,1.98419,-29.4929,15.3109,1230,0.0,10.4,15.7,25,2840,0.0,-19.200000000000003,13.9,25,-0.422,9,
C-B-1,1,1.98518,-29.4929,15.3109,1230,0.0,10.4,15.7,25,2840,0.0,-19.200000000000003,13.9,25,-0.422,9,
C-B-1,1,1.98618,-29.4929,15.3109,1230,0.0,10.4,15.7,25,2840,0.0,-19.200000000000003,13.9,25,-0.422,9,
C-B-1,1,1.98718,-29.4929,15.3109,1230,0.0,10.4,15.7,25,2840,0.0,-19.200000000000003,13.9,25,-0.422,9,
C-B-1,1,1.98818,-29.4929,15.3109,1230,0.0,10.4,15.7,25,2840,0.0,-19.200000000000003,13.9,25,-0.422,9,
C-B-1,1,1.98918,-29.4929,15.3109,1230,0.0,10.4,15.7,25,2840,0.0,-19.200000000000003,13.9,25,-0.422,9,
C-B-1,1,1.99019,-29.4929,15.3109,1230,0.0,10.4,15.7,25,2840,0.0,-19.200000000000003,13.9,25,-0.422,9,
C-B-1,1,1.99118,-29.4929,15.3109,1230,0.0,10.4,15.7,25,2840,0.0,-19.200000000000003,13.9,25,-0.422,9,
C-B-1,1,1.99218,-29.4929,15.3109,1230,0.0,10.4,15.7,25,2840,0.0,-19.200000000000003,13.9,25,-0.422,9,
C-B-1,1,1.99318,-29.4929,15.3109,1230,0.0,10.4,15.7,25,2840,0.0,-19.200000000000003,13.9,25,-0.422,9,
C-B-1,1,1.99418,-29.4929,15.3109,1230,0.0,10.4,15.7,25,2840,0.0,-19.200000000000003,13.9,25,-0.422,9,
C-B-1,1,1.99518,-29.4929,15.3109,1230,0.0,10.4,15.7,25,2840,0.0,-19.200000000000003,13.9,25,-0.422,9,
C-B-1,1,1.99618,-29.4929,15.3109,1230,0.0,10.4,15.7,25,2840,0.0,-19.200000000000003,13.9,25,-0.422,9,
C-B-1,1,1.99718,-29.4929,15.3109,1230,0.0,10.4,15.7,25,2840,0.0,-19.200000000000003,13.9,25,-0.422,9,
C-B-1,1,1.99819,-29.4929,15.3109,1230,0.0,10.4,15.7,25,2840,0.0,-19.200000000000003,13.9,25,-0.422,9,
C-B-1,1,1.99918,-29.4929,15.3109,1230,0.0,10.4,15.7,25,2840,0.0,-19.200000000000003,13.9,25,-0.422,9,
C-B-1,1,2.00019,-29.4929,15.3109,1230,0.0,10.4,15.7,25,2840,0.0,-19.200000000000003,13.9,25,-0.422,9,
C-B-1,2,0.00188,30.2983,15.1877,2789,0.0,7.2,14.9,25,1285,0.0,-12.0,14.8,25,-0.268,9,
C-B-1,2,0.0029,30.2599,15.1936,2788,0.0,6.4,14.9,25,1285,0.0,-12.0,14.8,25,-0.307,9,
C-B-1,2,0.00383,30.2599,15.1936,2788,0.0,6.4,14.9,25,1285,0.0,-12.8,14.8,25,-0.307,9,
C-B-1,2,0.00483,30.2599,15.1936,2788,0.0,7.2,14.9,25,1285,0.0,-12.8,14.8,25,-0.307,9,
C-B-1,2,0.00582,30.2599,15.1936,2788,0.0,7.2,14.9,25,1285,0.0,-12.8,14.8,25,-0.307,9,
C-B-1,2,0.00681,30.2599,15.1936,2788,0.0,8.0,14.9,25,1286,0.0,-12.8,14.8,25,-0.268,9,
C-B-1,2,0.00782,30.2599,15.1936,2788,0.0,8.0,14.9,25,1285,0.0,-13.600000000000001,14.8,25,-0.307,9,
C-B-1,2,0.00882,30.2599,15.1936,2788,0.0,8.8,14.9,25,1285,0.0,-14.4,14.8,25,-0.307,9,
C-B-1,2,0.00982,30.2599,15.1936,2788,0.0,8.8,14.9,25,1285,0.0,-14.4,14.8,25,-0.307,9,
C-B-1,2,0.01082,30.2599,15.1936,2788,0.0,9.600000000000001,14.9,25,1285,0.0,-15.200000000000001,14.8,25,-0.307,9,
C-B-1,2,0.01182,30.2599,15.1936,2788,0.0,10.4,14.9,25,1285,0.0,-16.0,14.8,25,-0.307,9,
C-B-1,2,0.01282,30.2599,15.1936,2788,0.0,11.200000000000001,14.9,25,1286,0.0,-16.0,14.8,25,-0.268,9,
C-B-1,2,0.01372,30.2599,15.1936,2788,0.0,12.0,14.9,25,1285,0.0,-16.8,14.8,25,-0.307,9,
C-B-1,2,0.01474,30.2216,15.1995,2787,0.0,11.200000000000001,14.9,25,1285,0.0,-17.6,14.8,25,-0.345,9,
C-B-1,2,0.01572,30.2599,15.1936,2788,0.0,14.4,14.9,25,1285,0.0,-19.200000000000003,14.8,25,-0.307,9,
C-B-1,2,0.01674,30.2599,15.1936,2788,0.0,15.200000000000001,14.9,25,1285,0.0,-20.8,14.8,25,-0.307,9,
C-B-1,2,0.01774,30.2599,15.1936,2788,0.0,16.0,14.9,25,1285,0.0,-21.6,14.8,25,-0.307,9,
C-B-1,2,0.01872,30.2599,15.1936,2788,0.0,16.8,14.9,25,1285,0.0,-22.400000000000002,14.8,25,-0.307,9,
C-B-1,2,0.01974,30.2599,15.1936,2788,0.0,17.6,14.9,25,1286,0.0,-22.400000000000002,14.8,25,-0.268,9,
C-B-1,2,0.02074,30.2599,15.1936,2788,0.0,19.200000000000003,14.9,25,1285,0.0,-24.8,14.8,25,-0.307,9,
C-B-1,2,0.02174,30.2599,15.1936,2788,0.0,20.0,14.9,25,1285,0.0,-25.6,14.8,25,-0.307,9,
C-B-1,2,0.02274,30.2599,15.1936,2788,0.0,21.6,14.9,25,1286,0.0,-26.400000000000002,14.8,25,-0.268,9,
C-B-1,2,0.02374,30.2599,15.1936,2788,0.0,22.400000000000002,14.9,25,1286,0.0,-27.200000000000003,14.8,25,-0.268,9,
C-B-1,2,0.02473,30.2599,15.1936,2788,0.0,24.0,14.9,25,1286,0.0,-29.6,14.8,25,-0.268,9,
C-B-1,2,0.02574,30.2599,15.1936,2788,0.0,25.6,14.9,25,1285,0.0,-32.0,14.8,25,-0.307,9,
C-B-1,2,0.02674,30.2599,15.1936,2788,0.0,26.400000000000002,14.9,25,1285,0.0,-33.6,14.8,25,-0.307,9,
C-B-1,2,0.02772,30.2599,15.1936,2788,0.0,28.0,14.9,25,1285,0.0,-35.2,14.8,25,-0.307,9,
C-B-1,2,0.02874,30.2599,15.1936,2788,0.0,29.6,14.9,25,1286,0.0,-36.0,14.8,25,-0.268,9,
C-B-1,2,0.02972,30.2599,15.1936,2788,0.0,32.800000000000004,14.9,25,1286,0.0,-37.6,14.8,25,-0.268,9,
C-B-1,2,0.03074,30.2599,15.1936,2788,0.0,34.4,14.9,25,1285,0.0,-40.0,14.8,25,-0.307,9,
C-B-1,2,0.03173,30.2599,15.1936,2788,0.0,36.0,14.9,25,1286,0.0,-40.800000000000004,14.8,25,-0.268,9,
C-B-1,2,0.03274,30.2599,15.1936,2788,0.0,37.6,14.9,25,1285,0.0,-43.2,14.8,25,-0.307,9,
C-B-1,2,0.03374,30.2216,15.1995,2787,0.0,38.400000000000006,14.9,25,1286,0.0,-45.6,14.8,25,-0.307,9,
C-B-1,2,0.03473,30.2216,15.1995,2787,0.0,40.800000000000004,14.9,25,1286,0.0,-48.0,14.8,25,-0.307,9,
C-B-1,2,0.03574,30.2216,15.1995,2787,0.0,42.400000000000006,14.9,25,1286,0.0,-49.6,14.8,25,-0.307,9,
C-B-1,2,0.03673,30.2216,15.1995,2787,0.0,44.0,14.9,25,1286,0.0,-52.0,14.8,25,-0.307,9,
C-B-1,2,0.03774,30.2216,15.1995,2787,0.0,46.400000000000006,14.9,25,1286,0.0,-53.6,14.8,25,-0.307,9,
C-B-1,2,0.03873,30.1832,15.2055,2786,-1.01,47.900000000000006,14.9,25,1286,0.0,-56.0,14.8,25,-0.345,9,
C-B-1,2,0.03974,30.1832,15.2055,2786,-1.01,50.300000000000004,14.9,25,1287,1.01,-55.1,14.8,25,-0.307,9,
C-B-1,2,0.04073,30.1832,15.2055,2786,-1.01,52.7,14.9,25,1287,1.01,-57.5,14.8,25,-0.307,9,
C-B-1,2,0.04175,30.1449,15.2114,2785,-1.51,52.6,14.9,25,1287,0.0,-61.6,14.8,25,-0.345,9,
C-B-1,2,0.04273,30.1449,15.2114,2785,-1.51,55.0,14.9,25,1288,1.51,-63.0,14.8,25,-0.307,9,
C-B-1,2,0.04375,30.1065,15.2173,2784,-1.51,56.6,14.9,25,1288,1.51,-65.4,14.8,25,-0.345,9,
C-B-1,2,0.04474,30.1065,15.2173,2784,-2.01,58.1,14.9,25,1289,2.01,-66.10000000000001,14.8,25,-0.307,9,
C-B-1,2,0.04575,30.1065,15.2173,2784,-2.01,60.5,14.9,25,1290,2.52,-66.9,14.8,25,-0.268,9,
C-B-1,2,0.04675,30.0682,15.2232,2783,-2.52,61.300000000000004,14.9,25,1290,2.52,-69.3,14.8,25,-0.307,9,
C-B-1,2,0.04773,30.0298,15.2291,2782,-3.02,65.2,14.9,25,1291,3.02,-70.0,14.8,25,-0.307,9,
C-B-1,2,0.04875,30.0298,15.2291,2782,-3.02,67.60000000000001,14.9,25,1292,3.02,-72.4,14.8,25,-0.268,9,
C-B-1,2,0.04973,29.9915,15.235,2781,-3.52,68.3,14.9,25,1292,3.52,-73.9,14.8,25,-0.307,9,
C-B-1,2,0.05075,29.9531,15.2408,2780,-4.03,69.8,14.9,25,1293,4.03,-74.60000000000001,14.8,25,-0.307,9,
C-B-1,2,0.05173,29.9148,15.2467,2779,-4.53,70.60000000000001,14.9,25,1294,4.03,-77.0,14.8,25,-0.307,9,
C-B-1,2,0.32777,6.1364,17.4895,2159,-37.24,33.9,14.4,25,1906,36.73,-34.800000000000004,14.2,25,-0.614,17,
C-B-1,2,0.3288,6.0213,17.4933,2156,-37.24,33.9,14.4,25,1909,36.73,-34.800000000000004,14.2,25,-0.614,17,
C-B-1,2,0.3298,5.9446,17.4957,2154,-36.23,35.7,14.4,25,1912,36.23,-35.7,14.2,25,-0.575,17,
C-B-1,2,0.33078,5.8679,17.4981,2152,-36.23,35.7,14.4,25,1915,36.23,-35.7,14.2,25,-0.537,17,
C-B-1,2,0.3318,5.7912,17.5005,2150,-36.23,35.7,14.4,25,1917,36.73,-34.800000000000004,14.2,25,-0.537,17,
C-B-1,2,0.3328,5.7145,17.5029,2148,-36.73,34.800000000000004,14.4,25,1919,36.23,-35.7,14.2,25,-0.537,17,
C-B-1,2,0.33378,5.5994,17.5064,2145,-36.23,35.7,14.4,25,1922,36.73,-34.800000000000004,14.2,25,-0.537,17,
C-B-1,2,0.3348,5.4844,17.5098,2142,-35.73,36.6,14.4,25,1924,36.23,-35.7,14.2,25,-0.575,17,
C-B-1,2,0.3358,5.4077,17.512,2140,-35.22,37.4,14.4,25,1926,36.23,-35.7,14.2,25,-0.575,17,
C-B-1,2,0.33678,5.2926,17.5153,2137,-36.23,35.7,14.4,25,1928,36.23,-35.7,14.2,25,-0.614,17,
C-B-1,2,0.3378,5.1776,17.5185,2134,-36.23,35.7,14.4,25,1931,36.73,-34.800000000000004,14.2,25,-0.614,17,
C-B-1,2,0.3388,5.1009,17.5206,2132,-36.23,35.7,14.4,25,1934,35.73,-36.6,14.2,25,-0.575,17,
C-B-1,2,0.33978,5.0625,17.5217,2131,-35.73,36.6,14.4,25,1937,35.73,-36.6,14.2,25,-0.499,17,
C-B-1,2,0.3408,4.9474,17.5248,2128,-35.73,36.6,14.4,25,1939,36.23,-35.7,14.2,25,-0.537,17,
C-B-1,2,0.3418,4.8707,17.5268,2126,-36.23,35.7,14.4,25,1941,35.73,-36.6,14.2,25,-0.537,17,
C-B-1,2,0.34278,4.7557,17.5298,2123,-36.23,35.7,14.4,25,1944,36.23,-35.7,14.2,25,-0.537,17,
C-B-1,2,0.34378,4.6023,17.5336,2119,-36.23,35.7,14.4,25,1945,35.73,-36.6,14.2,25,-0.652,17,
C-B-1,2,0.3448,4.5256,17.5355,2117,-35.22,37.4,14.4,25,1947,35.22,-37.4,14.2,25,-0.652,17,
C-B-1,2,0.3458,4.4105,17.5382,2114,-36.23,35.7,14.4,25,1950,36.23,-35.7,14.2,25,-0.652,17,
C-B-1,2,0.34678,4.3338,17.54,2112,-36.23,35.7,14.4,25,1952,35.73,-36.6,14.2,25,-0.652,17,
C-B-1,2,0.34778,4.2571,17.5418,2110,-36.73,34.800000000000004,14.4,25,1956,35.22,-37.4,14.2,25,-0.575,17,
C-B-1,2,0.3488,4.2188,17.5426,2109,-35.73,36.6,14.4,25,1959,35.22,-37.4,14.2,25,-0.499,17,
C-B-1,2,0.34978,4.142,17.5444,2107,-35.22,37.4,14.4,25,1962,36.23,-35.7,14.2,25,-0.46,17,
C-B-1,2,0.35078,3.9886,17.5477,2103,-36.73,34.800000000000004,14.4,25,1964,36.23,-35.7,14.2,25,-0.537,17,
C-B-1,2,0.3518,3.9119,17.5493,2101,-36.23,35.7,14.4,25,1967,36.23,-35.7,14.2,25,-0.499,17,
C-B-1,2,0.3528,3.7585,17.5525,2097,-35.73,36.6,14.4,25,1967,35.22,-37.4,14.2,25,-0.652,17,
C-B-1,2,0.35378,3.6818,17.554,2095,-35.73,36.6,14.4,25,1970,35.22,-37.4,14.2,25,-0.614,17,
C-B-1,2,0.35478,3.6051,17.5555,2093,-35.73,36.6,14.4,25,1973,36.23,-35.7,14.2,25,-0.575,17,
C-B-1,2,0.3558,3.4901,17.5577,2090,-36.23,35.7,14.4,25,1975,36.23,-35.7,14.2,25,-0.614,17,
C-B-1,2,0.35678,3.375,17.5598,2087,-36.73,34.800000000000004,14.4,25,1979,35.22,-37.4,14.2,25,-0.575,17,
C-B-1,2,0.35778,3.3366,17.5605,2086,-35.73,36.6,14.4,25,1979,35.22,-37.4,14.2,25,-0.614,17,
C-B-1,2,0.3588,3.2599,17.5618,2084,-35.73,36.6,14.4,25,1981,36.23,-35.7,14.2,25,-0.614,17,
C-B-1,2,0.35978,3.1449,17.5638,2081,-36.23,35.7,14.4,25,1988,36.23,-35.7,14.2,25,-0.46,17,
C-B-1,2,0.36078,3.0298,17.5657,2078,-36.73,34.800000000000004,14.4,25,1988,36.23,-35.7,14.2,25,-0.575,17,
C-B-1,2,0.3618,2.8764,17.5681,2074,-36.23,35.7,14.4,25,1992,36.23,-35.7,14.2,25,-0.575,17,
C-B-1,2,0.3628,2.7614,17.5699,2071,-36.73,34.800000000000004,14.4,25,1994,35.73,-36.6,14.2,25,-0.614,17,
C-B-1,2,0.36379,2.6847,17.571,2069,-37.24,33.9,14.4,25,1997,36.23,-35.7,14.2,25,-0.575,17,
C-B-1,2,0.36478,2.608,17.5721,2067,-37.24,33.9,14.4,25,1999,36.23,-35.7,14.2,25,-0.575,17,
C-B-1,2,0.36578,2.4929,17.5737,2064,-37.24,33.9,14.4,25,2002,36.73,-34.800000000000004,14.1,25,-0.575,17,
C-B-1,2,0.36679,2.4545,17.5742,2063,-36.23,35.7,14.3,25,2003,35.73,-36.6,14.1,25,-0.575,17,
C-B-1,2,0.36778,2.3778,17.5752,2061,-36.23,35.7,14.3,25,2006,36.73,-34.800000000000004,14.1,25,-0.537,17,
C-B-1,2,0.36878,2.2628,17.5766,2058,-37.24,33.9,14.3,25,2008,36.73,-34.800000000000004,14.1,25,-0.575,17,
C-B-1,2,0.36979,2.1861,17.5775,2056,-36.73,34.800000000000004,14.3,25,2010,36.23,-35.7,14.1,25,-0.575,17,
C-B-1,2,0.37078,1.9943,17.5797,2051,-36.73,34.800000000000004,14.3,25,2014,36.23,-35.7,14.1,25,-0.614,17,
C-B-1,2,0.37178,1.9176,17.5805,2049,-36.73,34.800000000000004,14.3,25,2016,35.73,-36.6,14.1,25,-0.614,17,
C-B-1,2,0.37279,1.8409,17.5812,2047,-36.73,34.800000000000004,14.3,25,2019,36.73,-34.800000000000004,14.1,25,-0.575,17,
C-B-1,2,0.37378,1.7259,17.5823,2044,-37.24,33.9,14.3,25,2021,36.73,-34.800000000000004,14.1,25,-0.614,17,
C-B-1,2,0.37478,1.6491,17.583,2042,-36.73,34.800000000000004,14.3,25,2024,36.73,-34.800000000000004,14.1,25,-0.575,17,
C-B-1,2,0.37579,1.5724,17.5837,2040,-36.73,34.800000000000004,14.3,25,2025,36.23,-35.7,14.1,25,-0.614,17,
C-B-1,2,0.37679,1.4957,17.5843,2038,-36.23,35.7,14.3,25,2028,36.23,-35.7,14.1,25,-0.575,17,
C-B-1,2,0.37778,1.419,17.5849,2036,-36.73,34.800000000000004,14.3,25,2030,36.73,-34.800000000000004,14.1,25,-0.575,17,
C-B-1,2,0.3788,1.304,17.5858,2033,-37.24,33.9,14.3,25,2033,36.73,-34.800000000000004,14.1,25,-0.575,17,
C-B-1,2,0.37978,1.1889,17.5865,2030,-36.73,34.800000000000004,14.3,25,2036,35.73,-36.6,14.1,25,-0.575,17,
C-B-1,2,0.38081,1.1506,17.5868,2029,-36.23,35.7,14.3,25,2039,35.73,-36.6,14.1,25,-0.499,17,
C-B-1,2,0.38179,1.0739,17.5872,2027,-36.23,35.7,14.3,25,2042,37.24,-33.9,14.1,25,-0.46,17,
C-B-1,2,0.38279,0.9588,17.5878,2024,-36.73,34.800000000000004,14.3,25,2044,36.73,-34.800000000000004,14.1,25,-0.499,17,
C-B-1,2,0.38379,0.8821,17.5882,2022,-36.73,34.800000000000004,14.3,25,2047,36.73,-34.800000000000004,14.1,25,-0.46,17,
C-B-1,2,0.38479,0.7287,17.5889,2018,-36.23,35.7,14.3,25,2048,36.23,-35.7,14.1,25,-0.575,17,
C-B-1,2,0.38579,0.6136,17.5893,2015,-36.23,35.7,14.3,25,2050,36.23,-35.7,14.1,25,-0.614,17,
C-B-1,2,0.38679,0.4986,17.5896,2012,-37.24,33.9,14.3,25,2053,36.73,-34.800000000000004,14.1,25,-0.614,17,
C-B-1,2,0.38779,0.4219,17.5898,2010,-37.24,33.9,14.3,25,2055,36.73,-34.800000000000004,14.1,25,-0.614,17,
C-B-1,2,0.38879,0.3068,17.5901,2007,-37.24,33.9,14.3,25,2059,35.73,-36.6,14.1,25,-0.575,17,
C-B-1,2,0.38979,0.2685,17.5901,2006,-36.23,35.7,14.3,25,2062,36.23,-35.7,14.1,25,-0.499,17,
C-B-1,2,0.39081,0.1534,17.5902,2003,-36.23,35.7,14.3,25,2065,36.73,-34.800000000000004,14.1,25,-0.499,17,
C-B-1,2,0.39179,0.0767,17.5903,2001,-36.73,34.800000000000004,14.3,25,2067,36.73,-34.800000000000004,14.1,25,-0.499,17,
C-B-1,2,0.39279,-0.0384,17.5903,1998,-36.73,34.800000000000004,14.3,25,2070,36.73,-34.800000000000004,14.1,25,-0.499,17,
C-B-1,2,0.39381,-0.1918,17.5902,1994,-36.73,34.800000000000004,14.3,25,2071,36.23,-35.7,14.1,25,-0.614,17,
C-B-1,2,0.39479,-0.2685,17.5901,1992,-36.23,35.7,14.3,25,2073,35.73,-36.6,14.1,25,-0.614,17,
C-B-1,2,0.39579,-0.3835,17.5899,1989,-37.24,33.9,14.3,25,2076,36.73,-34.800000000000004,14.1,25,-0.614,17,
C-B-1,2,0.39681,-0.4602,17.5897,1987,-37.24,33.9,14.3,25,2078,36.23,-35.7,14.1,25,-0.614,17,
C-B-1,2,0.39779,-0.5753,17.5894,1984,-37.24,33.9,14.3,25,2082,36.23,-35.7,14.1,25,-0.575,17,
C-B-1,2,0.39879,-0.5753,17.5894,1984,-36.73,34.800000000000004,14.3,25,2085,36.73,-34.800000000000004,14.1,25,-0.46,17,
C-B-1,2,0.39981,-0.6903,17.589,1981,-36.23,35.7,14.3,25,2087,36.73,-34.800000000000004,14.1,25,-0.499,17,
C-B-1,2,0.40079,-0.767,17.5887,1979,-36.73,34.800000000000004,14.3,25,2089,36.73,-34.800000000000004,14.1,25,-0.499,17,
C-B-1,2,0.40179,-0.8438,17.5884,1977,-36.73,34.800000000000004,14.3,25,2092,36.73,-34.800000000000004,14.1,25,-0.46,17,
C-B-1,2,0.40281,-1.0355,17.5874,1972,-36.73,34.800000000000004,14.3,25,2094,36.73,-34.800000000000004,14.1,25,-0.575,17,
C-B-1,2,0.40379,-1.1122,17.587,1970,-36.73,34.800000000000004,14.3,25,2096,36.23,-35.7,14.1,25,-0.575,17,
C-B-1,2,0.40479,-1.2273,17.5863,1967,-37.24,33.9,14.3,25,2098,36.73,-34.800000000000004,14.1,25,-0.614,17,
C-B-1,2,0.40579,-1.304,17.5858,1965,-37.24,33.9,14.3,25,2102,37.24,-33.9,14.1,25,-0.537,17,
C-B-1,2,0.40679,-1.419,17.5849,1962,-37.74,33.1,14.3,25,2104,37.24,-33.9,14.1,25,-0.575,17,
C-B-1,2,0.40779,-1.4957,17.5843,1960,-37.24,33.9,14.3,25,2105,36.23,-35.7,14.1,25,-0.614,17,
C-B-1,2,0.40881,-1.5724,17.5837,1958,-36.73,34.800000000000004,14.3,25,2108,36.73,-34.800000000000004,14.1,25,-0.575,17,
C-B-1,2,0.40979,-1.6491,17.583,1956,-37.24,33.9,14.3,25,2110,37.24,-33.9,14.1,25,-0.575,17,
C-B-1,2,0.41079,-1.7642,17.582,1953,-37.74,33.1,14.3,25,2113,37.24,-33.9,14.1,25,-0.575,17,
C-B-1,2,0.41181,-1.9176,17.5805,1949,-37.24,33.9,14.3,25,2116,36.23,-35.7,14.1,25,-0.614,17,
C-B-1,2,0.41279,-1.9943,17.5797,1947,-36.73,34.800000000000004,14.3,25,2119,36.23,-35.7,14.1,25,-0.575,17,
C-B-1,2,0.41379,-2.1094,17.5784,1944,-37.74,33.1,14.3,25,2121,36.73,-34.800000000000004,14.1,25,-0.614,17,
C-B-1,2,0.41482,-2.1861,17.5775,1942,-37.24,33.9,14.3,25,2124,37.24,-33.9,14.1,25,-0.575,17,
C-B-1,2,0.4158,-2.3011,17.5761,1939,-37.24,33.9,14.3,25,2126,36.73,-34.800000000000004,14.1,25,-0.614,17,
C-B-1,2,0.41679,-2.3395,17.5756,1938,-36.73,34.800000000000004,14.3,25,2128,36.73,-34.800000000000004,14.1,25,-0.575,17,
C-B-1,2,0.41779,-2.4162,17.5747,1936,-36.23,35.7,14.3,25,2130,36.23,-35.7,14.1,25,-0.575,17,
C-B-1,2,0.4188,-2.5312,17.5731,1933,-37.24,33.9,14.3,25,2132,36.73,-34.800000000000004,14.1,25,-0.614,17,
C-B-1,2,0.41979,-2.608,17.5721,1931,-36.73,34.800000000000004,14.3,25,2134,36.23,-35.7,14.1,25,-0.614,17,
C-B-1,2,0.42081,-2.6847,17.571,1929,-36.73,34.800000000000004,14.3,25,2138,35.73,-36.6,14.1,25,-0.537,17,
C-B-1,2,0.4218,-2.7614,17.5699,1927,-36.23,35.7,14.3,25,2141,35.73,-36.6,14.1,25,-0.499,17,
C-B-1,2,0.42279,-2.8381,17.5687,1925,-36.23,35.7,14.3,25,2143,36.23,-35.7,14.1,25,-0.499,17,
C-B-1,2,0.42381,-2.9531,17.567,1922,-36.73,34.800000000000004,14.3,25,2145,36.23,-35.7,14.1,25,-0.537,17,
C-B-1,2,0.4248,-3.0682,17.5651,1919,-37.24,33.9,14.3,25,2148,36.23,-35.7,14.1,25,-0.537,17,
C-B-1,2,0.42579,-3.1832,17.5632,1916,-36.23,35.7,14.3,25,2150,36.23,-35.7,14.1,25,-0.575,17,
C-B-1,2,0.42682,-3.2983,17.5612,1913,-36.23,35.7,14.3,25,2152,35.73,-36.6,14.1,25,-0.614,17,
C-B-1,2,0.4278,-3.4134,17.5591,1910,-37.24,33.9,14.3,25,2154,36.23,-35.7,14.1,25,-0.652,17,
C-B-1,2,0.42879,-3.4901,17.5577,1908,-36.73,34.800000000000004,14.3,25,2157,36.23,-35.7,14.1,25,-0.614,17,
C-B-1,2,0.42982,-3.6051,17.5555,1905,-37.24,33.9,14.3,25,2160,35.73,-36.6,14.1,25,-0.614,17,
C-B-1,2,0.43081,-3.6435,17.5548,1904,-36.73,34.800000000000004,14.3,25,2163,35.73,-36.6,14.1,25,-0.537,17,
C-B-1,2,0.4318,-3.7585,17.5525,1901,-36.73,34.800000000000004,14.3,25,2166,36.23,-35.7,14.1,25,-0.537,17,
C-B-1,2,0.4328,-3.8736,17.5501,1898,-37.24,33.9,14.3,25,2168,36.23,-35.7,14.1,25,-0.575,17,
C-B-1,2,0.43382,-3.9886,17.5477,1895,-37.74,33.1,14.3,25,2171,36.73,-34.800000000000004,14.1,25,-0.575,17,
C-B-1,2,0.4348,-4.1037,17.5452,1892,-36.73,34.800000000000004,14.3,25,2172,35.22,-37.4,14.1,25,-0.652,17,
C-B-1,2,0.4358,-4.2188,17.5426,1889,-36.73,34.800000000000004,14.3,25,2174,35.22,-37.4,14.1,25,-0.69,17,
C-B-1,2,0.43682,-4.2955,17.5409,1887,-36.73,34.800000000000004,14.3,25,2177,36.23,-35.7,14.1,25,-0.652,17,
C-B-1,2,0.4378,-4.4105,17.5382,1884,-37.24,33.9,14.3,25,2180,36.23,-35.7,14.1,25,-0.652,17,
C-B-1,2,0.4388,-4.5256,17.5355,1881,-37.74,33.1,14.3,25,2184,35.73,-36.6,14.1,25,-0.614,17,
C-B-1,2,0.4398,-4.5639,17.5345,1880,-36.73,34.800000000000004,14.3,25,2187,36.23,-35.7,14.1,25,-0.537,17,
C-B-1,2,0.4408,-4.6406,17.5326,1878,-36.73,34.800000000000004,14.3,25,2189,36.73,-34.800000000000004,14.1,25,-0.537,17,
C-B-1,2,0.4418,-4.7557,17.5298,1875,-37.24,33.9,14.3,25,2191,36.23,-35.7,14.1,25,-0.575,17,
C-B-1,2,0.4428,-4.8324,17.5278,1873,-37.24,33.9,14.3,25,2194,36.73,-34.800000000000004,14.1,25,-0.537,17,
C-B-1,2,0.44382,-4.9858,17.5238,1869,-36.73,34.800000000000004,14.3,25,2195,35.73,-36.6,14.1,25,-0.652,17,
C-B-1,2,0.4448,-5.1009,17.5206,1866,-36.73,34.800000000000004,14.3,25,2198,36.23,-35.7,14.1,25,-0.652,17,
C-B-1,2,0.4458,-5.1776,17.5185,1864,-37.24,33.9,14.3,25,2200,36.23,-35.7,14.1,25,-0.652,17,
C-B-1,2,0.4468,-5.2926,17.5153,1861,-37.74,33.1,14.3,25,2202,36.23,-35.7,14.1,25,-0.69,17,
C-B-1,2,0.4478,-5.3693,17.5131,1859,-37.24,33.9,14.3,25,2205,36.73,-34.800000000000004,14.1,25,-0.652,17,
C-B-1,2,0.4488,-5.446,17.5109,1857,-37.24,33.9,14.3,25,2206,36.23,-35.7,14.1,25,-0.69,17,
C-B-1,2,0.44981,-5.5611,17.5075,1854,-37.74,33.1,14.3,25,2209,36.23,-35.7,14.1,25,-0.69,17,
C-B-1,2,0.45081,-5.6378,17.5052,1852,-37.74,33.1,14.3,25,2211,36.73,-34.800000000000004,14.1,25,-0.69,17,
C-B-1,2,0.45182,-5.7528,17.5017,1849,-38.24,32.2,14.3,25,2214,36.73,-34.800000000000004,14.1,25,-0.69,17,
C-B-1,2,0.45282,-5.8679,17.4981,1846,-36.73,34.800000000000004,14.3,25,2217,36.23,-35.7,14.1,25,-0.69,17,
C-B-1,2,0.45382,-5.983,17.4945,1843,-37.24,33.9,14.3,25,2220,36.23,-35.7,14.1,25,-0.69,17,
C-B-1,2,0.4548,-6.098,17.4908,1840,-38.24,32.2,14.3,25,2223,36.73,-34.800000000000004,14.1,25,-0.69,17,
C-B-1,2,0.45583,-6.1747,17.4883,1838,-37.74,33.1,14.3,25,2225,36.73,-34.800000000000004,14.1,25,-0.69,17,
C-B-1,2,0.45681,-6.2514,17.4857,1836,-37.24,33.9,14.3,25,2228,37.24,-33.9,14.1,25,-0.652,17,
C-B-1,2,0.45782,-6.3281,17.4831,1834,-37.24,33.9,14.3,25,2229,36.23,-35.7,14.1,25,-0.69,17,
C-B-1,2,0.45882,-6.4048,17.4805,1832,-36.73,34.800000000000004,14.3,25,2231,36.23,-35.7,14.1,25,-0.69,17,
C-B-1,2,0.45981,-6.4815,17.4779,1830,-37.24,33.9,14.3,25,2234,37.24,-33.9,14.1,25,-0.652,17,
C-B-1,2,0.46081,-6.5966,17.4739,1827,-37.24,33.9,14.3,25,2236,36.73,-34.800000000000004,14.1,25,-0.69,17,
C-B-1,2,0.4618,-6.7116,17.4698,1824,-35.73,36.6,14.3,25,2240,36.23,-35.7,14.1,25,-0.652,17,
C-B-1,2,0.46282,-6.8267,17.4656,1821,-36.73,34.800000000000004,14.3,25,2242,35.73,-36.6,14.1,25,-0.69,17,
C-B-1,2,0.4638,-6.9418,17.4614,1818,-37.24,33.9,14.3,25,2244,36.23,-35.7,14.1,25,-0.729,17,
C-B-1,2,0.46481,-6.9418,17.4614,1818,-36.73,34.800000000000004,14.3,25,2247,36.73,-34.800000000000004,14.1,25,-0.614,17,
C-B-1,2,0.46581,-7.0952,17.4556,1814,-36.73,34.800000000000004,14.3,25,2249,36.23,-35.7,14.1,25,-0.69,17,
C-B-1,2,0.46685,-7.1719,17.4527,1812,-36.23,35.7,14.3,25,2251,35.73,-36.6,14.1,25,-0.69,17,
C-B-1,2,0.46781,-7.2486,17.4497,1810,-35.73,36.6,14.3,25,2253,35.22,-37.4,14.1,25,-0.69,17,
C-B-1,2,0.46881,-7.3636,17.4452,1807,-36.73,34.800000000000004,14.3,25,2256,36.23,-35.7,14.1,25,-0.69,17,
C-B-1,2,0.46981,-7.4787,17.4407,1804,-37.24,33.9,14.3,25,2257,35.22,-37.4,14.1,25,-0.767,17,
C-B-1,2,0.47081,-7.5554,17.4376,1802,-36.73,34.800000000000004,14.3,25,2261,35.22,-37.4,14.1,25,-0.69,17,
C-B-1,2,0.47181,-7.5938,17.436,1801,-36.23,35.7,14.3,25,2264,35.22,-37.4,14.1,25,-0.614,17,
C-B-1,2,0.47281,-7.7088,17.4313,1798,-36.23,35.7,14.3,25,2266,35.73,-36.6,14.1,25,-0.652,17,
C-B-1,2,0.47383,-7.8239,17.4266,1795,-37.24,33.9,14.3,25,2269,35.73,-36.6,14.1,25,-0.652,17,
C-B-1,2,0.47481,-7.9006,17.4233,1793,-36.73,34.800000000000004,14.3,25,2272,36.23,-35.7,14.1,25,-0.614,17,
C-B-1,2,0.47581,-8.0156,17.4185,1790,-36.23,35.7,14.3,25,2273,35.73,-36.6,14.1,25,-0.69,17,
C-B-1,2,0.47681,-8.1307,17.4135,1787,-36.73,34.800000000000004,14.3,25,2275,35.22,-37.4,14.1,25,-0.729,17,
C-B-1,2,0.47781,-8.2074,17.4101,1785,-36.73,34.800000000000004,14.3,25,2278,36.23,-35.7,14.1,25,-0.69,17,
C-B-1,2,0.47881,-8.3224,17.4051,1782,-36.73,34.800000000000004,14.3,25,2280,35.73,-36.6,14.1,25,-0.729,17,
C-B-1,2,0.47981,-8.3991,17.4016,1780,-36.73,34.800000000000004,14.3,25,2284,35.22,-37.4,14.1,25,-0.652,17,
C-B-1,2,0.48081,-8.4759,17.3982,1778,-36.23,35.7,14.3,25,2286,35.22,-37.4,14.1,25,-0.652,17,
C-B-1,2,0.48181,-8.5526,17.3947,1776,-36.23,35.7,14.3,25,2289,36.23,-35.7,14.1,25,-0.614,17,
C-B-1,2,0.48281,-8.6676,17.3894,1773,-37.24,33.9,14.3,25,2291,35.73,-36.6,13.9,25,-0.652,17,
C-B-1,2,0.48381,-8.7827,17.3841,1770,-37.24,33.9,14.3,25,2294,35.73,-36.6,13.9,25,-0.652,17,
C-B-1,2,0.48483,-8.8977,17.3786,1767,-36.23,35.7,14.3,25,2295,35.22,-37.4,13.9,25,-0.729,17,
C-B-1,2,0.48581,-9.0128,17.3731,1764,-36.73,34.800000000000004,14.3,25,2297,34.72,-38.300000000000004,13.9,25,-0.767,17,
C-B-1,2,0.48681,-9.0895,17.3694,1762,-36.73,34.800000000000004,14.3,25,2300,35.73,-36.6,13.9,25,-0.729,17,
C-B-1,2,0.48783,-9.1662,17.3657,1760,-36.73,34.800000000000004,14.3,25,2303,36.23,-35.7,13.9,25,-0.69,17,
C-B-1,2,0.48881,-9.2812,17.36,1757,-37.24,33.9,14.3,25,2307,35.73,-36.6,13.9,25,-0.652,17,
C-B-1,2,0.48981,-9.3196,17.3581,1756,-36.23,35.7,14.3,25,2308,35.22,-37.4,13.9,25,-0.652,17,
C-B-1,2,0.49081,-9.3963,17.3543,1754,-36.23,35.7,14.3,25,2311,35.73,-36.6,13.9,25,-0.614,17,
C-B-1,2,0.49183,-9.5114,17.3485,1751,-37.24,33.9,14.3,25,2314,36.23,-35.7,13.9,25,-0.614,17,
C-B-1,2,0.49282,-9.6264,17.3426,1748,-37.24,33.9,14.3,25,2315,35.73,-36.6,13.9,25,-0.69,17,
C-B-1,2,0.49381,-9.7798,17.3347,1744,-36.73,34.800000000000004,14.3,25,2317,35.22,-37.4,13.9,25,-0.767,17,
C-B-1,2,0.49483,-9.8565,17.3307,1742,-36.73,34.800000000000004,14.3,25,2320,35.73,-36.6,13.9,25,-0.729,17,
C-B-1,2,0.49583,-9.9716,17.3246,1739,-37.24,33.9,14.3,25,2322,35.73,-36.6,13.9,25,-0.767,17,
C-B-1,2,0.49683,-10.0483,17.3205,1737,-37.24,33.9,14.3,25,2325,36.23,-35.7,13.9,25,-0.729,17,
C-B-1,2,0.49782,-10.1634,17.3143,1734,-37.24,33.9,14.3,25,2328,36.23,-35.7,13.9,25,-0.729,17,
C-B-1,2,0.49881,-10.2017,17.3122,1733,-36.23,35.7,14.3,25,2329,36.23,-35.7,13.9,25,-0.729,17,
C-B-1,2,0.49983,-10.3168,17.3059,1730,-36.73,34.800000000000004,14.3,25,2332,36.23,-35.7,13.9,25,-0.729,17,
C-B-1,2,0.50083,-10.3935,17.3017,1728,-37.24,33.9,14.3,25,2334,36.73,-34.800000000000004,13.9,25,-0.729,17,
C-B-1,2,0.50181,-10.4702,17.2974,1726,-37.24,33.9,14.3,25,2336,36.23,-35.7,13.9,25,-0.729,17,
C-B-1,2,0.50282,-10.5852,17.291,1723,-36.23,35.7,14.3,25,2340,35.73,-36.6,13.9,25,-0.69,17,
C-B-1,2,0.50382,-10.7003,17.2844,1720,-36.23,35.7,14.3,25,2342,35.22,-37.4,13.9,25,-0.729,17,
C-B-1,2,0.50484,-10.777,17.2801,1718,-36.73,34.800000000000004,14.3,25,2344,35.73,-36.6,13.9,25,-0.729,17,
C-B-1,2,0.50582,-10.892,17.2734,1715,-36.73,34.800000000000004,14.3,25,2347,36.23,-35.7,13.9,25,-0.729,17,
C-B-1,2,0.5068,-10.9688,17.269,1713,-36.73,34.800000000000004,14.3,25,2349,35.73,-36.6,13.9,25,-0.729,17,
C-B-1,2,0.50783,-11.0071,17.2667,1712,-35.73,36.6,14.3,25,2351,35.73,-36.6,13.9,25,-0.69,17,
C-B-1,2,0.50883,-11.1222,17.2599,1709,-36.23,35.7,14.3,25,2353,35.22,-37.4,13.9,25,-0.729,17,
C-B-1,2,0.50983,-11.1989,17.2554,1707,-36.23,35.7,14.3,25,2355,35.73,-36.6,13.9,25,-0.729,17,
C-B-1,2,0.51082,-11.3139,17.2485,1704,-36.73,34.800000000000004,14.3,25,2357,35.73,-36.6,13.9,25,-0.767,17,
C-B-1,2,0.51182,-11.3906,17.2438,1702,-36.23,35.7,14.3,25,2361,35.22,-37.4,13.9,25,-0.69,17,
C-B-1,2,0.51284,-11.4673,17.2392,1700,-35.73,36.6,14.3,25,2364,35.22,-37.4,13.9,25,-0.652,17,
C-B-1,2,0.51382,-11.5824,17.2321,1697,-36.23,35.7,14.3,25,2366,35.73,-36.6,13.9,25,-0.69,17,
C-B-1,2,0.51482,-11.6591,17.2274,1695,-36.73,34.800000000000004,14.3,25,2369,36.23,-35.7,13.9,25,-0.652,17,
C-B-1,2,0.51584,-11.7741,17.2202,1692,-36.73,34.800000000000004,14.3,25,2372,36.23,-35.7,13.9,25,-0.652,17,
C-B-1,2,0.51682,-11.9276,17.2105,1688,-36.73,34.800000000000004,14.3,25,2373,35.22,-37.4,13.9,25,-0.767,17,
C-B-1,2,0.51782,-12.0426,17.2032,1685,-36.73,34.800000000000004,14.3,25,2375,35.22,-37.4,13.9,25,-0.805,17,
C-B-1,2,0.51882,-12.1193,17.1983,1683,-37.24,33.9,14.3,25,2378,35.73,-36.6,13.9,25,-0.767,17,
C-B-1,2,0.51982,-12.196,17.1933,1681,-37.24,33.9,14.3,25,2381,36.73,-34.800000000000004,13.9,25,-0.729,17,
C-B-1,2,0.52082,-12.3111,17.1858,1678,-37.24,33.9,14.3,25,2385,35.73,-36.6,13.9,25,-0.69,17,
C-B-1,2,0.52182,-12.3494,17.1833,1677,-36.23,35.7,14.3,25,2387,36.23,-35.7,13.9,25,-0.652,17,
C-B-1,2,0.52282,-12.4645,17.1757,1674,-36.73,34.800000000000004,14.3,25,2389,36.23,-35.7,13.9,25,-0.69,17,
C-B-1,2,0.52384,-12.5795,17.168,1671,-37.24,33.9,14.3,25,2392,36.23,-35.7,13.9,25,-0.69,17,
C-B-1,2,0.52482,-12.6562,17.1629,1669,-37.24,33.9,14.3,25,2394,36.23,-35.7,13.9,25,-0.69,17,
C-B-1,2,0.52582,-12.8097,17.1525,1665,-36.73,34.800000000000004,14.3,25,2396,35.73,-36.6,13.9,25,-0.767,17,
C-B-1,2,0.52682,-12.8864,17.1473,1663,-36.23,35.7,14.3,25,2399,35.73,-36.6,13.9,25,-0.729,17,
C-B-1,2,0.52784,-12.9631,17.142,1661,-36.73,34.800000000000004,14.3,25,2401,36.23,-35.7,13.9,25,-0.729,17,
C-B-1,2,0.52882,-13.0781,17.1341,1658,-36.73,34.800000000000004,14.3,25,2403,35.73,-36.6,13.9,25,-0.767,17,
C-B-1,2,0.52982,-13.1932,17.126,1655,-37.24,33.9,14.3,25,2407,35.73,-36.6,13.9,25,-0.729,17,
C-B-1,2,0.53082,-13.2315,17.1233,1654,-36.23,35.7,14.3,25,2410,36.23,-35.7,13.9,25,-0.652,17,
C-B-1,2,0.53182,-13.3466,17.1152,1651,-36.73,34.800000000000004,14.3,25,2412,36.23,-35.7,13.9,25,-0.69,17,
C-B-1,2,0.53282,-13.4233,17.1098,1649,-37.24,33.9,14.3,25,2414,36.23,-35.7,13.9,25,-0.69,17,
C-B-1,2,0.53384,-13.5,17.1043,1647,-36.73,34.800000000000004,14.3,25,2417,36.73,-34.800000000000004,13.9,25,-0.652,17,
C-B-1,2,0.53482,-13.6534,17.0932,1643,-36.23,35.7,14.3,25,2418,35.73,-36.6,13.9,25,-0.767,17,
C-B-1,2,0.53584,-13.7685,17.0849,1640,-36.73,34.800000000000004,14.3,25,2421,36.23,-35.7,13.9,25,-0.767,17,
C-B-1,2,0.53682,-13.8452,17.0792,1638,-37.24,33.9,14.3,25,2423,36.23,-35.7,13.9,25,-0.767,17,
C-B-1,2,0.53782,-13.9602,17.0708,1635,-37.24,33.9,14.3,25,2426,36.73,-34.800000000000004,13.9,25,-0.767,17,
C-B-1,2,0.53882,-14.0369,17.0651,1633,-37.24,33.9,14.3,25,2428,36.73,-34.800000000000004,13.9,25,-0.767,17,
C-B-1,2,0.53982,-14.0753,17.0622,1632,-36.23,35.7,14.3,25,2430,36.73,-34.800000000000004,13.9,25,-0.729,17,
C-B-1,2,0.54082,-14.1903,17.0536,1629,-36.73,34.800000000000004,14.3,25,2433,36.73,-34.800000000000004,13.9,25,-0.729,17,
C-B-1,2,0.54184,-14.3054,17.0449,1626,-37.24,33.9,14.3,25,2435,37.24,-33.9,13.9,25,-0.767,17,
C-B-1,2,0.54282,-14.3821,17.039,1624,-36.73,34.800000000000004,14.3,25,2438,37.24,-33.9,13.9,25,-0.729,17,
C-B-1,2,0.54382,-14.5355,17.0273,1620,-36.23,35.7,14.3,25,2442,36.73,-34.800000000000004,13.9,25,-0.729,17,
C-B-1,2,0.54484,-14.6122,17.0214,1618,-36.23,35.7,14.3,25,2444,36.23,-35.7,13.9,25,-0.729,17,
C-B-1,2,0.54584,-14.7273,17.0124,1615,-36.73,34.800000000000004,14.3,25,2446,36.73,-34.800000000000004,13.9,25,-0.767,17,
C-B-1,2,0.54683,-14.804,17.0064,1613,-36.23,35.7,14.3,25,2449,37.24,-33.9,13.9,25,-0.729,17,
C-B-1,2,0.54783,-14.919,16.9974,1610,-36.73,34.800000000000004,14.3,25,2451,36.73,-34.800000000000004,13.9,25,-0.767,17,
C-B-1,2,0.54884,-14.9574,16.9943,1609,-36.23,35.7,14.3,25,2452,35.73,-36.6,13.9,25,-0.767,17,
C-B-1,2,0.54983,-15.0341,16.9882,1607,-35.73,36.6,14.3,25,2455,35.73,-36.6,13.9,25,-0.729,17,
C-B-1,2,0.55082,-15.1491,16.979,1604,-36.73,34.800000000000004,14.3,25,2457,36.23,-35.7,13.9,25,-0.767,17,
C-B-1,2,0.55184,-15.2259,16.9729,1602,-36.23,35.7,14.3,25,2459,36.23,-35.7,13.9,25,-0.767,17,
C-B-1,2,0.55282,-15.3026,16.9667,1600,-35.73,36.6,14.3,25,2463,35.73,-36.6,13.9,25,-0.69,17,
C-B-1,2,0.55383,-15.3409,16.9635,1599,-35.73,36.6,14.3,25,2465,35.73,-36.6,13.9,25,-0.652,17,
C-B-1,2,0.55482,-15.456,16.9542,1596,-36.23,35.7,14.3,25,2468,36.23,-35.7,13.9,25,-0.652,17,
C-B-1,2,0.55582,-15.5327,16.9479,1594,-36.23,35.7,14.3,25,2470,35.73,-36.6,13.9,25,-0.652,17,
C-B-1,2,0.55683,-15.6477,16.9384,1591,-36.73,34.800000000000004,14.3,25,2472,35.73,-36.6,13.9,25,-0.69,17,
C-B-1,2,0.55783,-15.8011,16.9256,1587,-36.23,35.7,14.3,25,2474,35.73,-36.6,13.9,25,-0.767,17,
C-B-1,2,0.55883,-15.8778,16.9192,1585,-35.73,36.6,14.3,25,2476,35.22,-37.4,13.9,25,-0.767,17,
C-B-1,2,0.55983,-15.9929,16.9095,1582,-36.73,34.800000000000004,14.3,25,2478,35.73,-36.6,13.9,25,-0.805,17,
C-B-1,2,0.56083,-16.0696,16.903,1580,-36.23,35.7,14.3,25,2481,35.73,-36.6,13.9,25,-0.767,17,
C-B-1,2,0.56185,-16.1847,16.8932,1577,-36.73,34.800000000000004,14.3,25,2485,35.73,-36.6,13.9,25,-0.729,17,
C-B-1,2,0.56282,-16.223,16.8899,1576,-36.23,35.7,14.3,25,2488,35.73,-36.6,13.9,25,-0.652,17,
C-B-1,2,0.56385,-16.3381,16.88,1573,-36.23,35.7,14.3,25,2491,36.73,-34.800000000000004,13.9,25,-0.652,17,
C-B-1,2,0.56485,-16.4148,16.8734,1571,-36.73,34.800000000000004,14.3,25,2493,36.23,-35.7,13.9,25,-0.652,17,
C-B-1,2,0.56585,-16.5298,16.8633,1568,-36.73,34.800000000000004,14.3,25,2496,36.73,-34.800000000000004,13.9,25,-0.652,17,
C-B-1,2,0.56683,-16.6832,16.8499,1564,-36.23,35.7,14.3,25,2497,35.73,-36.6,13.9,25,-0.767,17,
C-B-1,2,0.56783,-16.7599,16.8431,1562,-36.23,35.7,14.3,25,2499,35.73,-36.6,13.9,25,-0.767,17,
C-B-1,2,0.56883,-16.875,16.8329,1559,-37.24,33.9,14.3,25,2502,36.23,-35.7,13.9,25,-0.767,17,
C-B-1,2,0.56985,-16.9517,16.826,1557,-36.73,34.800000000000004,14.3,25,2504,35.73,-36.6,13.9,25,-0.767,17,
C-B-1,2,0.57083,-17.0668,16.8157,1554,-36.73,34.800000000000004,14.3,25,2508,35.22,-37.4,13.9,25,-0.729,17,
C-B-1,2,0.57183,-17.1435,16.8088,1552,-36.73,34.800000000000004,14.3,25,2511,35.73,-36.6,13.9,25,-0.69,17,
C-B-1,2,0.57285,-17.2202,16.8018,1550,-36.23,35.7,14.3,25,2513,35.73,-36.6,13.9,25,-0.69,17,
C-B-1,2,0.57385,-17.3352,16.7913,1547,-37.24,33.9,14.3,25,2516,36.23,-35.7,13.9,25,-0.69,17,
C-B-1,2,0.57483,-17.4119,16.7843,1545,-37.24,33.9,14.3,25,2519,36.73,-34.800000000000004,13.9,25,-0.652,17,
C-B-1,2,0.57583,-17.5653,16.7701,1541,-36.73,34.800000000000004,14.3,25,2520,35.73,-36.6,13.9,25,-0.767,17,
C-B-1,2,0.57683,-17.642,16.763,1539,-36.23,35.7,14.3,25,2522,35.73,-36.6,13.9,25,-0.767,17,
C-B-1,2,0.57783,-17.7188,16.7559,1537,-36.73,34.800000000000004,14.3,25,2525,36.73,-34.800000000000004,13.9,25,-0.729,17,
C-B-1,2,0.57883,-17.8338,16.7451,1534,-37.24,33.9,14.3,25,2527,36.23,-35.7,13.9,25,-0.767,17,
C-B-1,2,0.57983,-17.9489,16.7342,1531,-37.24,33.9,14.3,25,2530,36.23,-35.7,13.9,25,-0.767,17,
C-B-1,2,0.58083,-17.9872,16.7306,1530,-36.73,34.800000000000004,14.3,25,2531,36.73,-34.800000000000004,13.9,25,-0.767,17,
C-B-1,2,0.58183,-18.0639,16.7233,1528,-36.23,35.7,14.3,25,2534,36.73,-34.800000000000004,13.9,25,-0.729,17,
C-B-1,2,0.58281,-18.179,16.7123,1525,-37.24,33.9,14.3,25,2539,37.24,-33.9,13.9,25,-0.652,17,
C-B-1,2,0.58383,-18.2557,16.705,1523,-36.73,34.800000000000004,14.3,25,2539,36.73,-34.800000000000004,13.9,25,-0.729,17,
C-B-1,2,0.58481,-18.4474,16.6864,1518,-36.73,34.800000000000004,14.3,25,2543,36.73,-34.800000000000004,13.9,25,-0.767,17,
C-B-1,2,0.58583,-18.5241,16.679,1516,-36.73,34.800000000000004,14.3,25,2546,37.24,-33.9,13.9,25,-0.729,17,
C-B-1,2,0.58681,-18.6392,16.6677,1513,-37.24,33.9,14.3,25,2548,37.24,-33.9,13.9,25,-0.767,17,
C-B-1,2,0.58783,-18.7159,16.6602,1511,-37.24,33.9,14.3,25,2551,37.74,-33.1,13.9,25,-0.729,17,
C-B-1,2,0.58882,-18.7926,16.6526,1509,-36.73,34.800000000000004,14.3,25,2553,37.74,-33.1,13.9,25,-0.729,17,
C-B-1,2,0.58983,-18.8693,16.645,1507,-36.73,34.800000000000004,14.3,25,2554,36.73,-34.800000000000004,13.9,25,-0.767,17,
C-B-1,2,0.59083,-18.946,16.6374,1505,-36.23,35.7,14.3,25,2556,36.23,-35.7,13.9,25,-0.767,17,
C-B-1,2,0.59182,-19.0611,16.6259,1502,-37.24,33.9,14.3,25,2558,36.73,-34.800000000000004,13.9,25,-0.805,17,
C-B-1,2,0.59283,-19.1378,16.6181,1500,-36.73,34.800000000000004,14.3,25,2561,36.73,-34.800000000000004,13.9,25,-0.767,17,
C-B-1,2,0.59382,-19.3295,16.5988,1495,-36.73,34.800000000000004,14.3,25,2565,36.23,-35.7,13.9,25,-0.805,17,
C-B-1,2,0.59483,-19.4062,16.5909,1493,-36.73,34.800000000000004,14.3,25,2568,36.23,-35.7,13.9,25,-0.767,17,
C-B-1,2,0.59582,-19.483,16.5831,1491,-36.73,34.800000000000004,14.3,25,2570,36.73,-34.800000000000004,13.9,25,-0.767,17,
C-B-1,2,0.59684,-19.598,16.5713,1488,-37.24,33.9,14.3,25,2572,36.73,-34.800000000000004,13.9,25,-0.805,17,
C-B-1,2,0.59782,-19.7131,16.5594,1485,-37.24,33.9,14.3,25,2574,36.23,-35.7,13.9,25,-0.844,17,
C-B-1,2,0.59883,-19.7514,16.5554,1484,-36.73,34.800000000000004,14.3,25,2576,36.23,-35.7,13.9,25,-0.805,17,
C-B-1,2,0.59983,-19.8281,16.5475,1482,-36.23,35.7,14.3,25,2578,35.73,-36.6,14.0,25,-0.805,17,
C-B-1,2,0.60082,-19.9432,16.5354,1479,-36.73,34.800000000000004,14.3,25,2581,36.73,-34.800000000000004,14.0,25,-0.805,17,
C-B-1,2,0.60184,-20.0199,16.5274,1477,-36.73,34.800000000000004,14.3,25,2583,36.23,-35.7,14.0,25,-0.805,17,
C-B-1,2,0.60282,-20.1349,16.5153,1474,-36.73,34.800000000000004,14.3,25,2587,35.73,-36.6,14.0,25,-0.767,17,
C-B-1,2,0.60384,-20.2116,16.5071,1472,-36.73,34.800000000000004,14.3,25,2590,35.73,-36.6,14.0,25,-0.729,17,
C-B-1,2,0.60482,-20.2884,16.499,1470,-37.24,33.9,14.3,25,2592,36.23,-35.7,14.0,25,-0.729,17,
C-B-1,2,0.60584,-20.3651,16.4908,1468,-37.24,33.9,14.3,25,2595,36.73,-34.800000000000004,14.0,25,-0.69,17,
C-B-1,2,0.60682,-20.4418,16.4826,1466,-37.24,33.9,14.3,25,2598,36.73,-34.800000000000004,14.0,25,-0.652,17,
C-B-1,2,0.60784,-20.5952,16.4661,1462,-36.73,34.800000000000004,14.3,25,2599,36.23,-35.7,14.0,25,-0.767,17,
C-B-1,2,0.60884,-20.7102,16.4536,1459,-36.73,34.800000000000004,14.3,25,2602,36.23,-35.7,14.0,25,-0.767,17,
C-B-1,2,0.60982,-20.8253,16.4411,1456,-37.74,33.1,14.3,25,2604,36.73,-34.800000000000004,14.0,25,-0.805,17,
C-B-1,2,0.61084,-20.902,16.4327,1454,-37.74,33.1,14.3,25,2606,36.23,-35.7,14.0,25,-0.805,17,
C-B-1,2,0.61182,-21.017,16.4201,1451,-37.74,33.1,14.3,25,2610,35.73,-36.6,14.0,25,-0.767,17,
C-B-1,2,0.61284,-21.0554,16.4159,1450,-37.24,33.9,14.3,25,2613,36.23,-35.7,14.0,25,-0.69,17,
C-B-1,2,0.61384,-21.1705,16.4031,1447,-37.24,33.9,14.3,25,2616,36.73,-34.800000000000004,14.0,25,-0.69,17,
C-B-1,2,0.61482,-21.2472,16.3946,1445,-37.24,33.9,14.3,25,2618,36.23,-35.7,14.0,25,-0.69,17,
C-B-1,2,0.61584,-21.3622,16.3818,1442,-37.74,33.1,14.3,25,2620,36.23,-35.7,14.0,25,-0.729,17,
C-B-1,2,0.61682,-21.4773,16.3689,1439,-36.73,34.800000000000004,14.3,25,2621,35.22,-37.4,14.0,25,-0.805,17,
C-B-1,2,0.61784,-21.5923,16.3559,1436,-37.24,33.9,14.3,25,2624,35.73,-36.6,14.0,25,-0.805,17,
C-B-1,2,0.61882,-21.7074,16.3429,1433,-37.74,33.1,14.3,25,2626,36.23,-35.7,14.0,25,-0.844,17,
C-B-1,2,0.61984,-21.7841,16.3342,1431,-37.74,33.1,14.3,25,2629,36.73,-34.800000000000004,14.0,25,-0.805,17,
C-B-1,2,0.62082,-21.8608,16.3254,1429,-37.24,33.9,14.3,25,2633,36.23,-35.7,14.0,25,-0.729,17,
C-B-1,2,0.62184,-21.9375,16.3166,1427,-37.24,33.9,14.3,25,2635,36.23,-35.7,14.0,25,-0.729,17,
C-B-1,2,0.62284,-22.0142,16.3078,1425,-36.73,34.800000000000004,14.3,25,2638,36.73,-34.800000000000004,14.0,25,-0.69,17,
C-B-1,2,0.62382,-22.1293,16.2945,1422,-37.24,33.9,14.3,25,2640,36.23,-35.7,14.0,25,-0.729,17,
C-B-1,2,0.62484,-22.2443,16.2812,1419,-37.74,33.1,14.3,25,2643,36.73,-34.800000000000004,14.0,25,-0.729,17,
C-B-1,2,0.62582,-22.3977,16.2633,1415,-37.24,33.9,14.3,25,2644,36.23,-35.7,14.0,25,-0.844,17,
C-B-1,2,0.62684,-22.4744,16.2543,1413,-36.73,34.800000000000004,14.3,25,2646,36.23,-35.7,14.0,25,-0.844,17,
C-B-1,2,0.62782,-22.5895,16.2408,1410,-37.74,33.1,14.3,25,2649,36.73,-34.800000000000004,14.0,25,-0.844,17,
C-B-1,2,0.62884,-22.6662,16.2317,1408,-37.74,33.1,14.3,25,2652,37.24,-33.9,14.0,25,-0.805,17,
C-B-1,2,0.62983,-22.7429,16.2226,1406,-37.74,33.1,14.3,25,2654,36.73,-34.800000000000004,14.0,25,-0.805,17,
C-B-1,2,0.63084,-22.7812,16.2181,1405,-37.24,33.9,14.3,25,2656,36.73,-34.800000000000004,14.0,25,-0.767,17,
C-B-1,2,0.63182,-22.858,16.209,1403,-36.73,34.800000000000004,14.3,25,2658,36.23,-35.7,14.0,25,-0.767,17,
C-B-1,2,0.63284,-22.973,16.1952,1400,-37.24,33.9,14.3,25,2661,37.24,-33.9,14.0,25,-0.767,17,
C-B-1,2,0.63383,-23.0881,16.1814,1397,-37.24,33.9,14.3,25,2663,36.73,-34.800000000000004,14.0,25,-0.805,17,
C-B-1,2,0.63482,-23.2031,16.1675,1394,-36.73,34.800000000000004,14.3,25,2666,35.73,-36.6,14.0,25,-0.805,17,
C-B-1,2,0.63584,-23.3182,16.1535,1391,-36.73,34.800000000000004,14.3,25,2669,35.73,-36.6,14.0,25,-0.805,17,
C-B-1,2,0.63682,-23.4332,16.1395,1388,-37.74,33.1,14.3,25,2672,36.73,-34.800000000000004,14.0,25,-0.805,17,
C-B-1,2,0.63783,-23.5483,16.1255,1385,-37.74,33.1,14.3,25,2674,36.23,-35.7,14.0,25,-0.844,17,
C-B-1,2,0.63884,-23.625,16.116,1383,-37.24,33.9,14.3,25,2676,36.23,-35.7,14.0,25,-0.844,17,
C-B-1,2,0.63982,-23.6634,16.1113,1382,-36.73,34.800000000000004,14.3,25,2678,36.23,-35.7,14.0,25,-0.805,17,
C-B-1,2,0.64082,-23.7784,16.0971,1379,-36.73,34.800000000000004,14.3,25,2680,35.73,-36.6,14.0,25,-0.844,17,
C-B-1,2,0.64183,-23.8551,16.0876,1377,-37.24,33.9,14.3,25,2683,36.73,-34.800000000000004,14.0,25,-0.805,17,
C-B-1,2,0.64282,-23.9702,16.0733,1374,-37.24,33.9,14.3,25,2685,36.23,-35.7,14.0,25,-0.844,17,
C-B-1,2,0.64382,-24.0852,16.0589,1371,-37.74,33.1,14.3,25,2689,35.73,-36.6,14.0,25,-0.805,17,
C-B-1,2,0.64482,-24.1236,16.0541,1370,-36.73,34.800000000000004,14.3,25,2692,36.23,-35.7,14.0,25,-0.729,17,
C-B-1,2,0.64583,-24.2386,16.0396,1367,-37.24,33.9,14.3,25,2694,36.73,-34.800000000000004,14.0,25,-0.767,17,
C-B-1,2,0.64682,-24.3537,16.0251,1364,-38.24,32.2,14.3,25,2697,36.73,-34.800000000000004,14.0,25,-0.767,17,
C-B-1,2,0.64783,-24.4304,16.0154,1362,-37.74,32.800000000000004,14.3,25,2700,37.24,-33.9,14.0,25,-0.729,17,
C-B-1,2,0.64882,-24.5838,15.9958,1358,-37.24,33.6,14.3,25,2701,36.23,-35.7,14.0,25,-0.844,17,
C-B-1,2,0.64983,-24.6989,15.9811,1355,-37.74,31.200000000000003,14.3,25,2704,36.23,-35.7,14.0,25,-0.844,17,
C-B-1,2,0.65082,-24.7756,15.9712,1353,-37.74,31.200000000000003,14.3,25,2707,37.24,-33.9,14.0,25,-0.805,17,
C-B-1,2,0.65183,-24.8906,15.9564,1350,-38.24,28.700000000000003,14.3,25,2709,37.24,-33.9,14.0,25,-0.844,17,
C-B-1,2,0.65283,-24.9673,15.9465,1348,-37.74,29.6,14.3,25,2713,36.73,-34.800000000000004,14.0,25,-0.767,17,
C-B-1,2,0.65382,-25.044,15.9365,1346,-37.24,29.6,14.3,25,2716,36.73,-34.800000000000004,14.0,25,-0.729,17,
C-B-1,2,0.65483,-25.1207,15.9265,1344,-37.24,28.8,14.3,25,2718,37.24,-33.9,14.0,25,-0.729,17,
C-B-1,2,0.65583,-25.1974,15.9165,1342,-37.74,26.400000000000002,14.3,25,2720,37.24,-33.9,14.0,25,-0.729,17,
C-B-1,2,0.65683,-25.2741,15.9065,1340,-37.74,25.6,14.3,25,2723,37.24,-33.6,14.0,25,-0.69,17,
C-B-1,2,0.65783,-25.4276,15.8863,1336,-37.24,24.8,14.3,25,2724,36.23,-35.7,14.0,25,-0.805,17,
C-B-1,2,0.65883,-25.5043,15.8762,1334,-36.73,24.900000000000002,14.3,25,2727,36.73,-33.7,14.0,25,-0.767,17,
C-B-1,2,0.65983,-25.6193,15.861,1331,-37.74,21.6,14.3,25,2729,36.73,-33.7,14.0,25,-0.805,17,
C-B-1,2,0.66083,-25.696,15.8508,1329,-37.74,20.8,14.3,25,2732,37.24,-31.200000000000003,14.0,25,-0.767,17,
C-B-1,2,0.66183,-25.7727,15.8405,1327,-37.24,20.8,14.3,25,2735,36.23,-33.0,14.0,25,-0.729,17,
C-B-1,2,0.66283,-25.8494,15.8303,1325,-36.73,20.900000000000002,14.3,25,2738,36.73,-30.5,14.0,25,-0.69,17,
C-B-1,2,0.66383,-25.9261,15.82,1323,-36.73,19.3,14.3,25,2741,37.74,-27.200000000000003,14.0,25,-0.652,17,
C-B-1,2,0.66483,-26.0028,15.8097,1321,-37.24,17.6,14.3,25,2743,37.24,-27.200000000000003,14.0,25,-0.652,17,
C-B-1,2,0.66582,-26.0795,15.7993,1319,-36.73,16.900000000000002,14.3,25,2745,36.73,-27.3,14.0,25,-0.652,17,
C-B-1,2,0.66683,-26.233,15.7786,1315,-35.73,16.3,14.3,25,2746,36.23,-28.200000000000003,14.0,25,-0.767,17,
C-B-1,2,0.66783,-26.3097,15.7682,1313,-35.73,14.700000000000001,14.3,25,2749,36.73,-25.700000000000003,14.0,25,-0.729,17,
C-B-1,2,0.66883,-26.3864,15.7577,1311,-36.23,12.200000000000001,14.3,25,2752,37.24,-23.200000000000003,14.0,25,-0.69,17,
C-B-1,2,0.66983,-26.4631,15.7472,1309,-35.73,11.5,14.3,25,2754,37.24,-22.400000000000002,14.0,25,-0.69,17,
C-B-1,2,0.67083,-26.5398,15.7367,1307,-35.73,9.9,14.3,25,2757,37.24,-20.8,14.0,25,-0.652,17,
C-B-1,2,0.67183,-26.6165,15.7262,1305,-35.22,9.1,14.3,25,2758,36.73,-20.900000000000002,14.0,25,-0.69,17,
C-B-1,2,0.67283,-26.6548,15.7209,1304,-34.22,10.100000000000001,14.3,25,2760,36.73,-19.3,14.0,25,-0.652,17,
C-B-1,2,0.67384,-26.7315,15.7103,1302,-34.72,7.6000000000000005,14.3,25,2762,36.73,-17.7,14.0,25,-0.652,17,
C-B-1,2,0.67483,-26.8082,15.6997,1300,-34.22,6.9,14.3,25,2765,36.73,-15.3,14.0,25,-0.614,17,
C-B-1,2,0.67583,-26.9233,15.6838,1297,-33.21,6.2,14.3,25,2768,35.73,-14.700000000000001,14.0,25,-0.614,17,
C-B-1,2,0.67683,-27.0,15.6731,1295,-32.71,5.5,14.3,25,2770,35.22,-13.9,14.0,25,-0.614,17,
C-B-1,2,0.67783,-27.0767,15.6624,1293,-33.21,3.0,14.3,25,2772,35.73,-11.5,14.0,25,-0.614,17,
C-B-1,2,0.67883,-27.1151,15.657,1292,-32.2,4.0,14.3,25,2774,35.22,-10.700000000000001,14.0,25,-0.575,17,
C-B-1,2,0.67984,-27.1918,15.6463,1290,-32.2,2.4000000000000004,14.3,25,2775,34.22,-11.700000000000001,14.0,25,-0.614,17,
C-B-1,2,0.68083,-27.2301,15.6409,1289,-31.2,3.3000000000000003,14.3,25,2777,34.22,-10.100000000000001,14.0,25,-0.575,17,
C-B-1,2,0.68184,-27.3068,15.6301,1287,-31.2,1.7000000000000002,14.3,25,2779,33.71,-9.4,14.0,25,-0.575,17,
C-B-1,2,0.68283,-27.3835,15.6193,1285,-31.2,0.1,14.3,25,2780,33.71,-8.6,14.0,25,-0.614,17,
C-B-1,2,0.68384,-27.4219,15.6139,1284,-30.7,0.2,14.3,25,2782,33.21,-7.800000000000001,14.0,25,-0.575,17,
C-B-1,2,0.68483,-27.4986,15.603,1282,-29.19,1.3,14.3,25,2785,32.71,-6.300000000000001,14.0,25,-0.537,17,
C-B-1,2,0.68584,-27.4986,15.603,1282,-28.68,0.5,14.3,25,2787,32.2,-5.6000000000000005,14.0,25,-0.46,17,
C-B-1,2,0.68683,-27.5753,15.5921,1280,-28.68,-0.30000000000000004,14.3,25,2788,32.2,-4.800000000000001,14.0,25,-0.499,17,
C-B-1,2,0.68784,-27.6136,15.5867,1279,-28.68,-1.9000000000000001,14.3,25,2790,31.7,-4.1000000000000005,14.0,25,-0.46,17,
C-B-1,2,0.68883,-27.6903,15.5757,1277,-27.68,-0.9,14.3,25,2792,31.7,-2.5,14.0,25,-0.46,17,
C-B-1,2,0.68983,-27.767,15.5648,1275,-27.17,-0.8,14.3,25,2793,30.7,-3.4000000000000004,14.0,25,-0.499,17,
C-B-1,2,0.69084,-27.8438,15.5538,1273,-27.17,-2.4000000000000004,14.3,25,2794,29.69,-4.4,14.0,25,-0.537,17,
C-B-1,2,0.69184,-27.8821,15.5483,1272,-26.67,-2.4000000000000004,14.3,25,2796,30.7,-1.0,14.0,25,-0.499,17,
C-B-1,2,0.69284,-27.9205,15.5428,1271,-26.17,-2.3000000000000003,14.3,25,2798,30.19,-0.30000000000000004,14.0,25,-0.46,17,
C-B-1,2,0.69384,-27.9588,15.5373,1270,-25.66,-2.2,14.3,25,2800,28.68,-1.3,14.0,25,-0.422,17,
C-B-1,2,0.69484,-27.9972,15.5317,1269,-25.16,-2.1,14.3,25,2801,28.18,-1.4000000000000001,14.0,25,-0.422,17,
C-B-1,2,0.69584,-28.0355,15.5262,1268,-24.15,-1.2000000000000002,14.3,25,2803,28.68,1.1,14.0,25,-0.384,17,
C-B-1,2,0.69684,-28.1122,15.5151,1266,-24.66,-3.7,14.3,25,2804,27.68,0.1,14.0,25,-0.422,17,
C-B-1,2,0.69784,-28.1506,15.5096,1265,-24.15,-3.6,14.3,25,2806,27.17,0.8,14.0,25,-0.384,17,
C-B-1,2,0.69884,-28.2273,15.4984,1263,-23.15,-3.4000000000000004,14.3,25,2806,26.17,-0.9,14.0,25,-0.46,17,
C-B-1,2,0.69984,-28.2656,15.4929,1262,-22.64,-3.4000000000000004,14.3,25,2808,25.66,-0.2,14.0,25,-0.422,17,
C-B-1,2,0.70084,-28.304,15.4873,1261,-22.14,-3.3000000000000003,14.3,25,2809,25.66,0.6000000000000001,14.0,25,-0.422,17,
C-B-1,2,0.70184,-28.3423,15.4817,1260,-22.14,-4.1000000000000005,14.3,25,2811,25.66,2.2,14.0,25,-0.384,17,
C-B-1,2,0.70284,-28.419,15.4705,1258,-22.14,-5.7,14.3,25,2813,24.15,1.2000000000000002,14.0,25,-0.384,17,
C-B-1,2,0.70384,-28.419,15.4705,1258,-21.13,-3.9000000000000004,14.3,25,2814,23.65,1.1,14.0,25,-0.345,17,
C-B-1,2,0.70484,-28.4574,15.4649,1257,-20.63,-3.9000000000000004,14.3,25,2815,23.65,1.9000000000000001,14.0,25,-0.345,17,
C-B-1,2,0.70584,-28.4957,15.4593,1256,-20.63,-4.7,14.3,25,2816,23.15,1.8,14.0,25,-0.345,17,
C-B-1,2,0.70684,-28.5341,15.4537,1255,-20.13,-4.6000000000000005,14.3,25,2818,23.15,3.4000000000000004,14.0,25,-0.307,17,
C-B-1,2,0.70784,-28.6108,15.4424,1253,-19.62,-5.300000000000001,14.3,25,2818,22.14,1.7000000000000002,14.0,25,-0.384,17,
C-B-1,2,0.70885,-28.6491,15.4368,1252,-19.12,-5.2,14.3,25,2820,22.64,4.2,14.0,25,-0.345,17,
C-B-1,2,0.70984,-28.6875,15.4311,1251,-19.12,-6.0,14.3,25,2821,22.14,4.1000000000000005,14.0,25,-0.345,17,
C-B-1,2,0.71084,-28.7259,15.4255,1250,-18.62,-6.0,14.3,25,2822,21.64,4.0,14.0,25,-0.345,17,
C-B-1,2,0.71184,-28.7642,15.4198,1249,-18.12,-5.9,14.3,25,2823,21.13,4.7,14.0,25,-0.345,17,
C-B-1,2,0.71284,-28.7642,15.4198,1249,-17.61,-5.0,14.3,25,2824,20.13,3.0,14.0,25,-0.307,17,
C-B-1,2,0.71384,-28.8026,15.4141,1248,-17.11,-4.9,14.3,25,2824,20.63,5.5,14.0,25,-0.345,17,
C-B-1,2,0.71484,-28.8409,15.4085,1247,-17.61,-6.6000000000000005,14.3,25,2826,20.13,5.4,14.0,25,-0.307,17,
C-B-1,2,0.71584,-28.8793,15.4028,1246,-17.11,-6.5,14.3,25,2827,20.13,6.2,15.3,25,-0.307,17,
C-B-1,2,0.71684,-28.956,15.3914,1244,-16.61,-7.300000000000001,14.3,25,2828,19.12,4.4,15.3,25,-0.345,17,
C-B-1,2,0.71784,-28.956,15.3914,1244,-16.1,-6.4,14.3,25,2829,18.62,4.4,15.3,25,-0.307,17,
C-B-1,2,0.71884,-28.9943,15.3857,1243,-16.1,-7.2,14.3,25,2830,18.62,5.2,15.3,25,-0.307,17,
C-B-1,2,0.71984,-29.0327,15.38,1242,-15.6,-7.1000000000000005,14.3,25,2831,18.62,6.0,15.3,25,-0.307,17,
C-B-1,2,0.72085,-29.071,15.3742,1241,-15.6,-7.9,14.3,25,2832,18.12,5.9,15.3,25,-0.307,17,
C-B-1,2,0.72184,-29.071,15.3742,1241,-15.1,-7.0,14.3,25,2832,17.11,4.1000000000000005,15.3,25,-0.307,17,
C-B-1,2,0.72285,-29.1094,15.3685,1240,-15.1,-7.800000000000001,14.3,25,2833,17.11,4.9,15.3,25,-0.307,17,
C-B-1,2,0.72384,-29.1477,15.3628,1239,-15.1,-8.6,14.3,25,2834,17.11,5.7,15.3,25,-0.307,17,
C-B-1,2,0.72484,-29.1861,15.3571,1238,-15.1,-9.4,14.3,25,2835,17.11,6.5,15.3,25,-0.307,17,
C-B-1,2,0.72584,-29.2244,15.3513,1237,-14.09,-8.5,14.3,25,2836,16.1,5.6000000000000005,15.3,25,-0.307,17,
C-B-1,2,0.72684,-29.2628,15.3456,1236,-14.09,-9.3,14.3,25,2837,15.6,5.5,15.3,25,-0.307,17,
C-B-1,2,0.72784,-29.2628,15.3456,1236,-13.59,-8.4,14.3,25,2837,15.6,5.5,15.3,25,-0.307,17,
C-B-1,2,0.72885,-29.3011,15.3398,1235,-13.59,-9.200000000000001,14.3,25,2838,15.1,5.4,15.3,25,-0.307,17,
C-B-1,2,0.72984,-29.3395,15.334,1234,-13.59,-10.0,14.3,25,2839,15.1,6.2,15.3,25,-0.307,17,
C-B-1,2,0.73085,-29.3778,15.3283,1233,-13.59,-10.8,14.3,25,2839,14.09,4.5,15.3,25,-0.345,17,
C-B-1,2,0.73184,-29.4162,15.3225,1232,-13.08,-10.700000000000001,14.3,25,2840,14.09,5.300000000000001,15.3,25,-0.345,17,
C-B-1,2,0.73284,-29.4545,15.3167,1231,-13.59,-12.4,14.3,25,2840,13.59,4.4,15.3,25,-0.384,17,
C-B-1,2,0.73385,-29.4929,15.3109,1230,-13.59,-13.200000000000001,14.3,25,2841,13.59,5.2,15.3,25,-0.384,17,
C-B-1,2,0.73484,-29.5313,15.3051,1229,-13.59,-14.0,14.3,25,2842,13.08,5.1000000000000005,15.3,25,-0.384,17,
C-B-1,2,0.73585,-29.5313,15.3051,1229,-13.08,-13.100000000000001,14.3,25,2843,12.58,5.0,15.3,25,-0.345,17,
C-B-1,2,0.73684,-29.5696,15.2993,1228,-13.08,-13.9,14.3,25,2843,12.58,5.0,15.3,25,-0.384,17,
C-B-1,2,0.73784,-29.5696,15.2993,1228,-12.58,-13.0,14.3,25,2844,12.08,5.0,15.3,25,-0.345,17,
C-B-1,2,0.73885,-29.608,15.2935,1227,-12.58,-13.8,14.3,25,2845,12.08,5.800000000000001,15.3,25,-0.345,17,
C-B-1,2,0.73984,-29.6463,15.2877,1226,-12.08,-13.8,14.3,25,2845,11.57,4.9,15.3,25,-0.384,17,
C-B-1,2,0.74085,-29.6847,15.2818,1225,-12.08,-14.600000000000001,14.3,25,2845,11.07,4.0,15.3,25,-0.422,17,
C-B-1,2,0.74185,-29.6847,15.2818,1225,-12.08,-14.600000000000001,14.3,25,2846,11.07,4.800000000000001,15.3,25,-0.384,17,
C-B-1,2,0.74285,-29.723,15.276,1224,-12.08,-15.4,14.3,25,2846,11.07,4.800000000000001,15.3,25,-0.422,17,
C-B-1,2,0.74385,-29.723,15.276,1224,-11.57,-14.5,14.3,25,2847,10.06,3.9000000000000004,15.3,25,-0.384,17,
C-B-1,2,0.74485,-29.723,15.276,1224,-11.07,-13.600000000000001,14.3,25,2847,9.56,3.0,15.3,25,-0.384,17,
C-B-1,2,0.74585,-29.7614,15.2702,1223,-11.07,-14.4,14.3,25,2848,10.06,4.7,15.3,25,-0.384,17,
C-B-1,2,0.74685,-29.7614,15.2702,1223,-10.57,-13.5,14.3,25,2848,9.56,3.8000000000000003,15.3,25,-0.384,17,
C-B-1,2,0.74785,-29.7614,15.2702,1223,-10.57,-13.5,14.3,25,2848,9.06,2.9000000000000004,15.3,25,-0.384,17,
C-B-1,2,0.74885,-29.7997,15.2643,1222,-10.06,-13.5,14.3,25,2849,9.06,3.7,15.3,25,-0.384,17,
C-B-1,2,0.74985,-29.8381,15.2585,1221,-10.06,-14.3,14.3,25,2849,8.55,2.8000000000000003,15.3,25,-0.422,17,
C-B-1,2,0.75085,-29.8381,15.2585,1221,-10.06,-14.3,14.3,25,2850,9.06,4.5,15.3,25,-0.384,17,
C-B-1,2,0.75185,-29.8381,15.2585,1221,-9.56,-13.4,14.3,25,2850,8.55,3.6,15.3,25,-0.384,17,
C-B-1,2,0.75285,-29.8764,15.2526,1220,-9.56,-14.200000000000001,14.3,25,2850,7.55,1.9000000000000001,15.3,25,-0.422,17,
C-B-1,2,0.75385,-29.8764,15.2526,1220,-9.06,-13.3,14.3,25,2851,8.05,3.6,15.3,25,-0.384,17,
C-B-1,2,0.75485,-29.8764,15.2526,1220,-8.55,-12.4,14.3,25,2851,7.55,2.7,15.3,25,-0.384,17,
C-B-1,2,0.75585,-29.8764,15.2526,1220,-8.55,-12.4,14.3,25,2851,7.04,1.8,15.3,25,-0.384,17,
C-B-1,2,0.75685,-29.9148,15.2467,1219,-8.55,-13.200000000000001,14.3,25,2851,7.04,1.8,15.3,25,-0.422,17,
C-B-1,2,0.75786,-29.9148,15.2467,1219,-8.05,-12.4,14.3,25,2851,6.54,0.9,15.3,25,-0.422,17,
C-B-1,2,0.75885,-29.9148,15.2467,1219,-7.55,-11.5,14.3,25,2852,6.54,1.7000000000000002,15.3,25,-0.384,17,
C-B-1,2,0.75985,-29.9148,15.2467,1219,-7.04,-10.600000000000001,14.3,25,2852,6.54,1.7000000000000002,15.3,25,-0.384,17,
C-B-1,2,0.76085,-29.9148,15.2467,1219,-6.54,-9.700000000000001,14.3,25,2852,6.04,0.9,15.3,25,-0.384,17,
C-B-1,2,0.76185,-29.9531,15.2408,1218,-6.54,-10.5,14.3,25,2852,6.04,0.9,15.3,25,-0.422,17,
C-B-1,2,0.76285,-29.9531,15.2408,1218,-6.04,-9.700000000000001,14.3,25,2852,5.54,0.0,15.3,25,-0.422,17,
C-B-1,2,0.76385,-29.9531,15.2408,1218,-5.54,-8.8,14.3,25,2852,5.54,0.0,15.3,25,-0.422,17,
C-B-1,2,0.76485,-29.9531,15.2408,1218,-5.54,-8.8,14.3,25,2852,5.03,-0.9,15.3,25,-0.422,17,
C-B-1,2,0.76586,-29.9531,15.2408,1218,-5.03,-7.9,14.3,25,2852,4.53,-1.8,15.3,25,-0.422,17,
C-B-1,2,0.76685,-29.9531,15.2408,1218,-4.53,-7.0,14.3,25,2852,4.03,-2.6,15.3,25,-0.422,17,
C-B-1,2,0.76786,-29.9531,15.2408,1218,-4.03,-6.2,14.3,25,2852,3.52,-3.5,15.3,25,-0.422,17,
C-B-1,2,0.76885,-29.9531,15.2408,1218,-4.03,-6.2,14.3,25,2852,3.52,-3.5,15.3,25,-0.422,17,
C-B-1,2,0.76986,-29.9531,15.2408,1218,-3.52,-5.300000000000001,14.3,25,2852,3.52,-3.5,15.3,25,-0.422,17,
C-B-1,2,0.77085,-29.9531,15.2408,1218,-3.52,-5.300000000000001,14.3,25,2852,3.02,-4.4,15.3,25,-0.422,17,
C-B-1,2,0.77186,-29.9531,15.2408,1218,-3.02,-4.4,14.3,25,2852,3.02,-4.4,15.3,25,-0.422,17,
C-B-1,2,0.77285,-29.9531,15.2408,1218,-3.02,-4.4,14.3,25,2852,3.02,-4.4,15.3,25,-0.422,17,
C-B-1,2,0.77386,-29.9531,15.2408,1218,-3.02,-4.4,14.3,25,2852,2.52,-5.300000000000001,15.3,25,-0.422,17,
C-B-1,2,0.77485,-29.9531,15.2408,1218,-2.52,-3.5,14.3,25,2852,2.52,-5.300000000000001,15.3,25,-0.422,17,
C-B-1,2,0.77586,-29.9531,15.2408,1218,-2.52,-3.5,14.3,25,2852,2.01,-6.1000000000000005,15.3,25,-0.422,17,
C-B-1,2,0.77685,-29.9531,15.2408,1218,-2.52,-3.5,14.3,25,2852,2.01,-6.1000000000000005,15.3,25,-0.422,17,
C-B-1,2,0.77786,-29.9531,15.2408,1218,-2.01,-2.7,14.3,25,2852,1.51,-7.0,15.3,25,-0.422,17,
C-B-1,2,0.77885,-29.9531,15.2408,1218,-2.01,-2.7,14.3,25,2852,1.51,-7.0,15.3,25,-0.422,17,
C-B-1,2,0.77986,-29.9148,15.2467,1219,-1.01,-0.1,14.3,25,2852,1.01,-7.9,15.3,25,-0.384,17,
C-B-1,2,0.78086,-29.8764,15.2526,1220,0.0,2.4000000000000004,14.3,25,2852,1.01,-7.9,15.3,25,-0.345,17,
C-B-1,2,0.78186,-29.8764,15.2526,1220,0.0,2.4000000000000004,14.3,25,2852,1.01,-7.9,15.3,25,-0.345,17,
C-B-1,2,0.78286,-29.8381,15.2585,1221,0.0,3.2,14.3,25,2852,1.01,-7.9,15.3,25,-0.307,17,
C-B-1,2,0.78386,-29.8381,15.2585,1221,0.0,3.2,14.3,25,2852,0.0,-9.600000000000001,15.3,25,-0.307,17,
C-B-1,2,0.78486,-29.8381,15.2585,1221,0.0,3.2,14.3,25,2852,0.0,-9.600000000000001,15.3,25,-0.307,17,
C-B-1,2,0.78586,-29.8381,15.2585,1221,1.01,4.9,14.3,25,2851,0.0,-10.4,15.3,25,-0.345,17,
C-B-1,2,0.78686,-29.7997,15.2643,1222,1.51,6.6000000000000005,14.3,25,2851,0.0,-10.4,15.3,25,-0.307,17,
C-B-1,2,0.78786,-29.7997,15.2643,1222,1.51,6.6000000000000005,14.3,25,2851,0.0,-10.4,15.3,25,-0.307,17,
C-B-1,2,0.78886,-29.7997,15.2643,1222,1.51,6.6000000000000005,14.3,25,2851,0.0,-10.4,15.3,25,-0.307,17,
C-B-1,2,0.78986,-29.7997,15.2643,1222,1.51,6.6000000000000005,14.3,25,2851,0.0,-10.4,15.3,25,-0.307,17,
C-B-1,2,0.79086,-29.7997,15.2643,1222,2.01,7.5,14.3,25,2851,0.0,-10.4,15.3,25,-0.307,17,
C-B-1,2,0.79186,-29.7614,15.2702,1223,2.52,9.1,14.3,25,2851,0.0,-10.4,15.3,25,-0.268,17,
C-B-1,2,0.79286,-29.7614,15.2702,1223,2.52,9.1,14.3,25,2851,0.0,-10.4,15.3,25,-0.268,17,
C-B-1,2,0.79386,-29.7614,15.2702,1223,2.52,9.1,14.3,25,2850,-1.01,-12.9,15.3,25,-0.307,17,
C-B-1,2,0.79486,-29.7614,15.2702,1223,2.52,9.1,14.3,25,2850,-1.01,-12.9,15.3,25,-0.307,17,
C-B-1,2,0.79586,-29.7614,15.2702,1223,2.52,9.1,14.3,25,2850,-1.01,-12.9,15.3,25,-0.307,17,
C-B-1,2,0.79686,-29.7614,15.2702,1223,2.52,9.1,14.3,25,2850,-1.01,-12.9,15.3,25,-0.307,17,
C-B-1,2,0.79788,-29.7614,15.2702,1223,2.52,9.1,14.3,25,2849,-1.51,-14.600000000000001,15.3,25,-0.345,17,
C-B-1,2,0.79886,-29.723,15.276,1224,3.02,10.8,14.3,25,2849,-1.51,-14.600000000000001,15.3,25,-0.307,17,
C-B-1,2,0.79986,-29.723,15.276,1224,3.02,10.8,14.3,25,2849,-1.51,-14.600000000000001,15.3,25,-0.307,17,
C-B-1,2,0.80086,-29.7614,15.2702,1223,2.52,9.1,14.3,25,2849,-1.51,-14.600000000000001,15.3,25,-0.345,17,
C-B-1,2,0.80186,-29.723,15.276,1224,3.02,10.8,14.3,25,2848,-2.01,-16.3,15.3,25,-0.345,17,
C-B-1,2,0.80286,-29.723,15.276,1224,3.02,10.8,14.3,25,2848,-2.01,-16.3,15.3,25,-0.345,17,
C-B-1,2,0.80386,-29.6847,15.2818,1225,3.52,12.5,14.3,25,2848,-2.01,-16.3,15.3,25,-0.307,17,
C-B-1,2,0.80486,-29.723,15.276,1224,3.02,10.8,14.3,25,2848,-2.01,-16.3,15.3,25,-0.345,17,
C-B-1,2,0.80586,-29.6847,15.2818,1225,3.52,12.5,14.3,25,2848,-2.01,-16.3,15.3,25,-0.307,17,
C-B-1,2,0.80686,-29.6847,15.2818,1225,3.52,12.5,14.3,25,2848,-2.52,-17.900000000000002,15.3,25,-0.307,17,
C-B-1,2,0.80786,-29.6847,15.2818,1225,3.02,11.600000000000001,14.3,25,2847,-2.52,-17.900000000000002,15.3,25,-0.345,17,
C-B-1,2,0.80886,-29.6847,15.2818,1225,3.02,11.600000000000001,14.3,25,2847,-2.52,-17.900000000000002,15.3,25,-0.345,17,
C-B-1,2,0.80986,-29.6847,15.2818,1225,2.52,10.700000000000001,14.3,25,2847,-2.52,-17.900000000000002,15.3,25,-0.345,17,
C-B-1,2,0.81086,-29.6463,15.2877,1226,3.02,12.4,14.3,25,2846,-3.02,-19.6,15.3,25,-0.345,17,
C-B-1,2,0.81186,-29.6847,15.2818,1225,2.01,9.9,14.3,25,2847,-2.52,-17.900000000000002,15.3,25,-0.345,17,
C-B-1,2,0.81286,-29.6463,15.2877,1226,2.52,11.5,14.3,25,2846,-3.02,-19.6,15.3,25,-0.345,17,
C-B-1,2,0.81386,-29.6463,15.2877,1226,2.52,11.5,14.3,25,2846,-3.02,-19.6,15.3,25,-0.345,17,
C-B-1,2,0.81486,-29.6463,15.2877,1226,2.52,11.5,14.3,25,2846,-3.02,-19.6,15.3,25,-0.345,17,
C-B-1,2,0.81587,-29.6463,15.2877,1226,2.01,10.700000000000001,14.3,25,2846,-2.52,-18.7,15.3,25,-0.345,17,
C-B-1,2,0.81686,-29.6463,15.2877,1226,2.01,10.700000000000001,14.3,25,2845,-3.02,-20.400000000000002,15.3,25,-0.384,17,
C-B-1,2,0.81787,-29.608,15.2935,1227,2.01,11.5,14.3,25,2845,-3.02,-20.400000000000002,15.3,25,-0.345,17,
C-B-1,2,0.81886,-29.608,15.2935,1227,2.52,12.3,14.3,25,2845,-3.02,-20.400000000000002,15.3,25,-0.345,17,
C-B-1,2,0.81987,-29.608,15.2935,1227,2.52,12.3,14.3,25,2845,-3.02,-20.400000000000002,15.3,25,-0.345,17,
C-B-1,2,0.82086,-29.608,15.2935,1227,2.01,11.5,14.3,25,2845,-3.02,-20.400000000000002,15.3,25,-0.345,17,
C-B-1,2,0.82186,-29.608,15.2935,1227,2.01,11.5,14.3,25,2845,-3.02,-20.400000000000002,15.3,25,-0.345,17,
C-B-1,2,0.82287,-29.608,15.2935,1227,2.01,11.5,14.3,25,2844,-3.02,-21.200000000000003,15.3,25,-0.384,17,
C-B-1,2,0.82388,-29.5696,15.2993,1228,2.52,13.100000000000001,14.3,25,2844,-3.02,-21.200000000000003,15.3,25,-0.345,17,
C-B-1,2,0.82487,-29.5696,15.2993,1228,2.52,13.100000000000001,14.3,25,2844,-3.02,-21.200000000000003,15.3,25,-0.345,17,
C-B-1,2,0.82586,-29.5696,15.2993,1228,2.52,13.100000000000001,14.3,25,2844,-3.02,-21.200000000000003,15.3,25,-0.345,17,
C-B-1,2,0.82687,-29.5696,15.2993,1228,2.52,13.100000000000001,14.3,25,2843,-3.02,-22.0,15.3,25,-0.384,17,
C-B-1,2,0.82787,-29.5696,15.2993,1228,2.01,12.3,14.3,25,2843,-3.02,-22.0,15.3,25,-0.384,17,
C-B-1,2,0.82887,-29.5696,15.2993,1228,2.01,12.3,14.3,25,2843,-3.02,-22.0,15.3,25,-0.384,17,
C-B-1,2,0.82987,-29.5696,15.2993,1228,2.01,12.3,14.3,25,2842,-3.52,-23.700000000000003,15.3,25,-0.422,17,
C-B-1,2,0.83086,-29.5313,15.3051,1229,2.52,13.9,14.3,25,2842,-3.02,-22.8,15.3,25,-0.384,17,
C-B-1,2,0.83187,-29.5696,15.2993,1228,2.01,12.3,14.3,25,2843,-2.52,-21.1,15.3,25,-0.384,17,
C-B-1,2,0.83287,-29.5696,15.2993,1228,1.51,11.4,14.9,25,2842,-3.02,-22.8,14.8,25,-0.422,17,
C-B-1,2,0.83387,-29.5313,15.3051,1229,2.52,13.9,14.9,25,2842,-3.02,-22.8,14.8,25,-0.384,17,
C-B-1,2,0.83487,-29.5313,15.3051,1229,2.01,13.100000000000001,14.9,25,2841,-3.52,-24.5,14.8,25,-0.422,17,
C-B-1,2,0.83587,-29.5313,15.3051,1229,2.01,13.100000000000001,14.9,25,2841,-3.02,-23.6,14.8,25,-0.422,17,
C-B-1,2,0.83687,-29.5313,15.3051,1229,2.01,13.100000000000001,14.9,25,2841,-3.02,-23.6,14.8,25,-0.422,17,
C-B-1,2,0.83787,-29.5313,15.3051,1229,2.01,13.100000000000001,14.9,25,2841,-3.02,-23.6,14.8,25,-0.422,17,
C-B-1,2,0.83887,-29.5313,15.3051,1229,2.01,13.100000000000001,14.9,25,2841,-3.02,-23.6,14.8,25,-0.422,17,
C-B-1,2,0.83987,-29.4929,15.3109,1230,2.01,13.9,14.9,25,2841,-2.52,-22.700000000000003,14.8,25,-0.384,17,
C-B-1,2,0.84087,-29.5313,15.3051,1229,2.01,13.100000000000001,14.9,25,2840,-3.52,-25.3,14.8,25,-0.46,17,
C-B-1,2,0.84187,-29.5313,15.3051,1229,1.51,12.200000000000001,14.9,25,2840,-3.02,-24.400000000000002,14.8,25,-0.46,17,
C-B-1,2,0.84287,-29.5313,15.3051,1229,1.51,12.200000000000001,14.9,25,2840,-3.02,-24.400000000000002,14.8,25,-0.46,17,
C-B-1,2,0.84387,-29.4929,15.3109,1230,2.01,13.9,14.9,25,2839,-3.52,-26.1,14.8,25,-0.46,17,
C-B-1,2,0.84487,-29.4929,15.3109,1230,2.01,13.9,14.9,25,2839,-3.02,-25.200000000000003,14.8,25,-0.46,17,
C-B-1,2,0.84587,-29.4929,15.3109,1230,1.51,13.0,14.9,25,2839,-3.02,-25.200000000000003,14.8,25,-0.46,17,
C-B-1,2,0.84687,-29.4929,15.3109,1230,2.01,13.9,14.9,25,2839,-3.02,-25.200000000000003,14.8,25,-0.46,17,
C-B-1,2,0.84787,-29.4929,15.3109,1230,1.51,13.0,14.9,25,2839,-3.02,-25.200000000000003,14.8,25,-0.46,17,
C-B-1,2,0.84887,-29.4929,15.3109,1230,1.51,13.0,14.9,25,2839,-3.02,-25.200000000000003,14.8,25,-0.46,17,
C-B-1,2,0.84987,-29.4929,15.3109,1230,1.51,13.0,14.9,25,2839,-3.02,-25.200000000000003,14.8,25,-0.46,17,
C-B-1,2,0.85087,-29.4929,15.3109,1230,1.51,13.0,14.9,25,2838,-3.52,-26.900000000000002,14.8,25,-0.499,17,
C-B-1,2,0.85187,-29.4545,15.3167,1231,2.01,14.700000000000001,14.9,25,2838,-3.02,-26.0,14.8,25,-0.46,17,
C-B-1,2,0.85287,-29.4545,15.3167,1231,1.51,13.8,14.9,25,2838,-3.02,-26.0,14.8,25,-0.46,17,
C-B-1,2,0.85387,-29.4545,15.3167,1231,1.51,13.8,14.9,25,2838,-3.02,-26.0,14.8,25,-0.46,17,
C-B-1,2,0.85487,-29.4545,15.3167,1231,1.51,13.8,14.9,25,2838,-3.02,-26.0,14.8,25,-0.46,17,
C-B-1,2,0.85587,-29.4545,15.3167,1231,1.51,13.8,14.9,25,2838,-3.02,-26.0,14.8,25,-0.46,17,
C-B-1,2,0.85688,-29.4545,15.3167,1231,1.51,13.8,14.9,25,2837,-3.02,-26.8,14.8,25,-0.499,17,
C-B-1,2,0.85787,-29.4545,15.3167,1231,1.51,13.8,14.9,25,2837,-3.02,-26.8,14.8,25,-0.499,17,
C-B-1,2,0.85888,-29.4162,15.3225,1232,2.01,15.5,14.9,25,2837,-2.52,-25.900000000000002,14.8,25,-0.46,17,
C-B-1,2,0.85987,-29.4162,15.3225,1232,1.51,14.600000000000001,14.9,25,2837,-2.52,-25.900000000000002,14.8,25,-0.46,17,
C-B-1,2,0.86088,-29.4162,15.3225,1232,2.01,15.5,14.9,25,2836,-3.52,-28.5,14.8,25,-0.499,17,
C-B-1,2,0.86188,-29.4162,15.3225,1232,2.01,15.5,14.9,25,2836,-3.02,-27.6,14.8,25,-0.499,17,
C-B-1,2,0.86288,-29.4162,15.3225,1232,1.51,14.600000000000001,14.9,25,2836,-3.02,-27.6,14.8,25,-0.499,17,
C-B-1,2,0.86387,-29.4162,15.3225,1232,1.51,14.600000000000001,14.9,25,2836,-2.52,-26.700000000000003,14.8,25,-0.499,17,
C-B-1,2,0.86488,-29.4162,15.3225,1232,1.51,14.600000000000001,14.9,25,2836,-2.52,-26.700000000000003,14.8,25,-0.499,17,
C-B-1,2,0.86588,-29.4162,15.3225,1232,1.51,14.600000000000001,14.9,25,2836,-2.52,-26.700000000000003,14.8,25,-0.499,17,
C-B-1,2,0.86688,-29.4162,15.3225,1232,1.51,14.600000000000001,14.9,25,2836,-2.52,-26.700000000000003,14.8,25,-0.499,17,
C-B-1,2,0.86788,-29.4162,15.3225,1232,1.51,14.600000000000001,14.9,25,2835,-3.02,-28.400000000000002,14.8,25,-0.537,17,
C-B-1,2,0.86886,-29.4162,15.3225,1232,1.51,14.600000000000001,14.9,25,2835,-3.02,-28.400000000000002,14.8,25,-0.537,17,
C-B-1,2,0.86987,-29.4162,15.3225,1232,1.01,13.700000000000001,14.9,25,2835,-2.52,-27.5,14.8,25,-0.537,17,
C-B-1,2,0.87086,-29.3778,15.3283,1233,2.01,16.3,14.9,25,2835,-2.52,-27.5,14.8,25,-0.499,17,
C-B-1,2,0.87188,-29.4162,15.3225,1232,1.51,14.600000000000001,14.9,25,2835,-2.52,-27.5,14.8,25,-0.537,17,
C-B-1,2,0.87286,-29.3778,15.3283,1233,1.51,15.4,14.9,25,2835,-2.01,-26.700000000000003,14.8,25,-0.499,17,
C-B-1,2,0.87388,-29.3778,15.3283,1233,1.51,15.4,14.9,25,2835,-2.01,-26.700000000000003,14.8,25,-0.499,17,
C-B-1,2,0.87486,-29.3778,15.3283,1233,1.51,15.4,14.9,25,2835,-2.01,-26.700000000000003,14.8,25,-0.499,17,
C-B-1,2,0.87588,-29.3778,15.3283,1233,1.51,15.4,14.9,25,2835,-2.01,-26.700000000000003,14.8,25,-0.499,17,
C-B-1,2,0.87686,-29.3778,15.3283,1233,1.51,15.4,14.9,25,2835,-2.01,-26.700000000000003,14.8,25,-0.499,17,
C-B-1,2,0.87788,-29.3778,15.3283,1233,1.51,15.4,14.9,25,2835,-2.01,-26.700000000000003,14.8,25,-0.499,17,
C-B-1,2,0.87888,-29.3778,15.3283,1233,1.51,15.4,14.9,25,2835,-2.01,-26.700000000000003,14.8,25,-0.499,17,
C-B-1,2,0.87988,-29.3778,15.3283,1233,1.51,15.4,14.9,25,2835,-1.51,-25.8,14.8,25,-0.499,17,
C-B-1,2,0.88088,-29.3778,15.3283,1233,1.01,14.5,14.9,25,2835,-1.51,-25.8,14.8,25,-0.499,17,
C-B-1,2,0.88188,-29.4162,15.3225,1232,0.0,12.0,14.9,25,2835,-1.51,-25.8,14.8,25,-0.537,17,
C-B-1,2,0.88288,-29.3778,15.3283,1233,1.01,14.5,14.9,25,2835,-1.51,-25.8,14.8,25,-0.499,17,
C-B-1,2,0.88386,-29.3778,15.3283,1233,1.01,14.5,14.9,25,2835,-1.51,-25.8,14.8,25,-0.499,17,
C-B-1,2,0.88488,-29.3778,15.3283,1233,1.01,14.5,14.9,25,2835,-1.01,-24.900000000000002,14.8,25,-0.499,17,
C-B-1,2,0.88588,-29.3778,15.3283,1233,1.01,14.5,14.9,25,2835,-1.01,-24.900000000000002,14.8,25,-0.499,17,
C-B-1,2,0.88686,-29.3778,15.3283,1233,1.01,14.5,14.9,25,2835,-1.01,-24.900000000000002,14.8,25,-0.499,17,
C-B-1,2,0.88788,-29.3778,15.3283,1233,1.01,14.5,14.9,25,2835,-1.01,-24.900000000000002,14.8,25,-0.499,17,
C-B-1,2,0.88886,-29.3778,15.3283,1233,0.0,12.8,14.9,25,2835,-1.01,-24.900000000000002,14.8,25,-0.499,17,
C-B-1,2,0.88988,-29.3778,15.3283,1233,0.0,12.8,14.9,25,2835,0.0,-23.200000000000003,14.8,25,-0.499,17,
C-B-1,2,0.89086,-29.3778,15.3283,1233,0.0,12.8,14.9,25,2835,0.0,-23.200000000000003,14.8,25,-0.499,17,
C-B-1,2,0.89188,-29.3778,15.3283,1233,0.0,12.8,14.9,25,2835,0.0,-23.200000000000003,14.8,25,-0.499,17,
C-B-1,2,0.89288,-29.3778,15.3283,1233,0.0,12.8,14.9,25,2835,0.0,-23.200000000000003,14.8,25,-0.499,17,
C-B-1,2,0.89388,-29.3778,15.3283,1233,0.0,12.8,14.9,25,2835,0.0,-23.200000000000003,14.8,25,-0.499,17,
C-B-1,2,0.89486,-29.3778,15.3283,1233,0.0,12.8,14.9,25,2834,-1.01,-25.700000000000003,14.8,25,-0.537,17,
C-B-1,2,0.89588,-29.3778,15.3283,1233,0.0,12.8,14.9,25,2835,0.0,-23.200000000000003,14.8,25,-0.499,17,
C-B-1,2,0.89686,-29.3778,15.3283,1233,0.0,12.8,14.9,25,2835,0.0,-23.200000000000003,14.8,25,-0.499,17,
C-B-1,2,0.89788,-29.3778,15.3283,1233,0.0,12.8,14.9,25,2835,0.0,-23.200000000000003,14.8,25,-0.499,17,
C-B-1,2,0.89888,-29.3778,15.3283,1233,0.0,12.8,14.9,25,2835,0.0,-23.200000000000003,14.8,25,-0.499,17,
C-B-1,2,0.89986,-29.3778,15.3283,1233,0.0,12.8,14.9,25,2835,0.0,-23.200000000000003,14.8,25,-0.499,17,
C-B-1,2,0.90088,-29.3778,15.3283,1233,0.0,12.8,14.9,25,2835,0.0,-23.200000000000003,14.8,25,-0.499,17,
C-B-1,2,0.90186,-29.3778,15.3283,1233,0.0,12.8,14.9,25,2835,0.0,-23.200000000000003,14.8,25,-0.499,17,
C-B-1,2,0.90288,-29.3778,15.3283,1233,0.0,12.8,14.9,25,2835,0.0,-23.200000000000003,14.8,25,-0.499,17,
C-B-1,2,0.90387,-29.3778,15.3283,1233,0.0,12.8,14.9,25,2835,0.0,-23.200000000000003,14.8,25,-0.499,17,
C-B-1,2,0.90488,-29.3778,15.3283,1233,0.0,12.8,14.9,25,2835,0.0,-23.200000000000003,14.8,25,-0.499,17,
C-B-1,2,0.90588,-29.3778,15.3283,1233,0.0,12.8,14.9,25,2835,0.0,-23.200000000000003,14.8,25,-0.499,17,
C-B-1,2,0.90688,-29.3778,15.3283,1233,0.0,12.8,14.9,25,2835,0.0,-23.200000000000003,14.8,25,-0.499,17,
C-B-1,2,0.90786,-29.4162,15.3225,1232,0.0,12.8,14.9,25,2835,0.0,-23.200000000000003,14.8,25,-0.537,17,
C-B-1,2,0.90888,-29.3778,15.3283,1233,0.0,12.8,14.9,25,2835,0.0,-23.200000000000003,14.8,25,-0.499,17,
C-B-1,2,0.90988,-29.4162,15.3225,1232,0.0,12.8,14.9,25,2835,0.0,-23.200000000000003,14.8,25,-0.537,17,
C-B-1,2,0.91087,-29.3778,15.3283,1233,0.0,12.8,14.9,25,2835,0.0,-23.200000000000003,14.8,25,-0.499,17,
C-B-1,2,0.91189,-29.3778,15.3283,1233,0.0,12.8,14.9,25,2835,0.0,-23.200000000000003,14.8,25,-0.499,17,
C-B-1,2,0.91287,-29.3778,15.3283,1233,0.0,12.8,14.9,25,2835,0.0,-23.200000000000003,14.8,25,-0.499,17,
C-B-1,2,0.91389,-29.3778,15.3283,1233,0.0,12.8,14.9,25,2835,0.0,-23.200000000000003,14.8,25,-0.499,17,
C-B-1,2,0.91487,-29.3778,15.3283,1233,0.0,12.8,14.9,25,2835,0.0,-23.200000000000003,14.8,25,-0.499,17,
C-B-1,2,0.91589,-29.3778,15.3283,1233,0.0,12.8,14.9,25,2835,0.0,-23.200000000000003,14.8,25,-0.499,17,
C-B-1,2,0.91687,-29.4162,15.3225,1232,0.0,12.0,14.9,25,2835,0.0,-23.200000000000003,14.8,25,-0.537,17,
C-B-1,2,0.91789,-29.4162,15.3225,1232,0.0,12.0,14.9,25,2835,0.0,-23.200000000000003,14.8,25,-0.537,17,
C-B-1,2,0.91887,-29.4162,15.3225,1232,0.0,12.0,14.9,25,2835,0.0,-23.200000000000003,14.8,25,-0.537,17,
C-B-1,2,0.91989,-29.4162,15.3225,1232,0.0,12.0,14.9,25,2835,0.0,-23.200000000000003,14.8,25,-0.537,17,
C-B-1,2,0.92087,-29.4162,15.3225,1232,0.0,12.0,14.9,25,2836,0.0,-22.400000000000002,14.8,25,-0.499,17,
C-B-1,2,0.92189,-29.4162,15.3225,1232,0.0,12.0,14.9,25,2836,0.0,-22.400000000000002,14.8,25,-0.499,17,
C-B-1,2,0.92287,-29.4162,15.3225,1232,0.0,12.0,14.9,25,2836,0.0,-22.400000000000002,14.8,25,-0.499,17,
C-B-1,2,0.92387,-29.4162,15.3225,1232,0.0,12.0,14.9,25,2836,1.01,-20.700000000000003,14.8,25,-0.499,17,
C-B-1,2,0.92487,-29.4162,15.3225,1232,0.0,12.0,14.9,25,2836,0.0,-22.400000000000002,14.8,25,-0.499,17,
C-B-1,2,0.92587,-29.4162,15.3225,1232,0.0,12.0,14.9,25,2837,1.01,-19.900000000000002,14.8,25,-0.46,17,
C-B-1,2,0.92689,-29.4162,15.3225,1232,0.0,12.0,14.9,25,2836,0.0,-22.400000000000002,14.8,25,-0.499,17,
C-B-1,2,0.92787,-29.4162,15.3225,1232,0.0,12.0,14.9,25,2836,0.0,-22.400000000000002,14.8,25,-0.499,17,
C-B-1,2,0.92887,-29.4162,15.3225,1232,0.0,12.0,14.9,25,2836,0.0,-22.400000000000002,14.8,25,-0.499,17,
C-B-1,2,0.92989,-29.4545,15.3167,1231,-1.01,9.5,14.9,25,2837,1.01,-19.900000000000002,14.8,25,-0.499,17,
C-B-1,2,0.93087,-29.4162,15.3225,1232,0.0,12.0,14.9,25,2837,1.01,-19.900000000000002,14.8,25,-0.46,17,
C-B-1,2,0.93187,-29.4162,15.3225,1232,0.0,12.0,14.9,25,2837,1.01,-19.900000000000002,14.8,25,-0.46,17,
C-B-1,2,0.93287,-29.4545,15.3167,1231,-1.01,9.5,14.9,25,2836,0.0,-22.400000000000002,14.8,25,-0.537,17,
C-B-1,2,0.93387,-29.4545,15.3167,1231,-1.01,9.5,14.9,25,2836,0.0,-22.400000000000002,14.8,25,-0.537,17,
C-B-1,2,0.93487,-29.4545,15.3167,1231,-1.01,9.5,14.9,25,2837,1.01,-19.900000000000002,14.8,25,-0.499,17,
C-B-1,2,0.93587,-29.4545,15.3167,1231,-1.01,9.5,14.9,25,2837,1.01,-19.900000000000002,14.8,25,-0.499,17,
C-B-1,2,0.93687,-29.4545,15.3167,1231,0.0,11.200000000000001,14.9,25,2837,1.01,-19.900000000000002,14.8,25,-0.499,17,
C-B-1,2,0.93787,-29.4545,15.3167,1231,-1.01,9.5,14.9,25,2837,1.01,-19.900000000000002,14.8,25,-0.499,17,
C-B-1,2,0.93887,-29.4545,15.3167,1231,0.0,11.200000000000001,14.9,25,2837,1.01,-19.900000000000002,14.8,25,-0.499,17,
C-B-1,2,0.93987,-29.4545,15.3167,1231,-1.01,9.5,14.9,25,2837,1.01,-19.900000000000002,14.8,25,-0.499,17,
C-B-1,2,0.94087,-29.4545,15.3167,1231,0.0,11.200000000000001,14.9,25,2837,1.01,-19.900000000000002,14.8,25,-0.499,17,
C-B-1,2,0.94187,-29.4545,15.3167,1231,-1.01,9.5,14.9,25,2837,1.01,-19.900000000000002,14.8,25,-0.499,17,
C-B-1,2,0.94287,-29.4545,15.3167,1231,-1.01,9.5,14.9,25,2838,1.51,-18.2,14.8,25,-0.46,17,
C-B-1,2,0.94387,-29.4545,15.3167,1231,-1.01,9.5,14.9,25,2838,1.51,-18.2,14.8,25,-0.46,17,
C-B-1,2,0.94488,-29.4545,15.3167,1231,-1.01,9.5,14.9,25,2838,1.51,-18.2,14.8,25,-0.46,17,
C-B-1,2,0.94587,-29.4929,15.3109,1230,-1.01,8.700000000000001,14.9,25,2838,1.51,-18.2,14.8,25,-0.499,17,
C-B-1,2,0.94687,-29.4545,15.3167,1231,0.0,11.200000000000001,14.9,25,2838,1.51,-18.2,14.8,25,-0.46,17,
C-B-1,2,0.94788,-29.4929,15.3109,1230,-1.01,8.700000000000001,14.9,25,2838,1.51,-18.2,14.8,25,-0.499,17,
C-B-1,2,0.94887,-29.4929,15.3109,1230,-1.01,8.700000000000001,14.2,25,2838,1.51,-18.2,14.0,25,-0.499,17,
C-B-1,2,0.94988,-29.4929,15.3109,1230,-1.01,8.700000000000001,14.2,25,2838,1.01,-19.1,14.0,25,-0.499,17,
C-B-1,2,0.95087,-29.4929,15.3109,1230,-1.01,8.700000000000001,14.2,25,2839,1.51,-17.400000000000002,14.0,25,-0.46,17,
C-B-1,2,0.95188,-29.4929,15.3109,1230,-1.01,8.700000000000001,14.2,25,2839,1.51,-17.400000000000002,14.0,25,-0.46,17,
C-B-1,2,0.95287,-29.4929,15.3109,1230,-1.01,8.700000000000001,14.2,25,2839,1.51,-17.400000000000002,14.0,25,-0.46,17,
C-B-1,2,0.95387,-29.4929,15.3109,1230,-1.01,8.700000000000001,14.2,25,2839,1.51,-17.400000000000002,14.0,25,-0.46,17,
C-B-1,2,0.95486,-29.4929,15.3109,1230,-1.01,8.700000000000001,14.2,25,2839,1.51,-17.400000000000002,14.0,25,-0.46,17,
C-B-1,2,0.95587,-29.4929,15.3109,1230,-1.01,8.700000000000001,14.2,25,2839,1.01,-18.3,14.0,25,-0.46,17,
C-B-1,2,0.95688,-29.4929,15.3109,1230,-1.01,8.700000000000001,14.2,25,2840,2.01,-15.700000000000001,14.0,25,-0.422,17,
C-B-1,2,0.95787,-29.4929,15.3109,1230,-1.01,8.700000000000001,14.2,25,2840,2.01,-15.700000000000001,14.0,25,-0.422,17,
C-B-1,2,0.95887,-29.4929,15.3109,1230,0.0,10.4,14.2,25,2840,1.51,-16.6,14.0,25,-0.422,17,
C-B-1,2,0.95987,-29.5313,15.3051,1229,-1.51,7.0,14.2,25,2840,1.51,-16.6,14.0,25,-0.46,17,
C-B-1,2,0.96088,-29.5313,15.3051,1229,-1.51,7.0,14.2,25,2840,1.51,-16.6,14.0,25,-0.46,17,
C-B-1,2,0.96187,-29.5313,15.3051,1229,-1.51,7.0,14.2,25,2840,2.01,-15.700000000000001,14.0,25,-0.46,17,
C-B-1,2,0.96288,-29.5313,15.3051,1229,-1.01,7.9,14.2,25,2840,2.01,-15.700000000000001,14.0,25,-0.46,17,
C-B-1,2,0.96387,-29.5313,15.3051,1229,-1.01,7.9,14.2,25,2841,2.01,-14.9,14.0,25,-0.422,17,
C-B-1,2,0.96487,-29.5313,15.3051,1229,-1.01,7.9,14.2,25,2841,2.01,-14.9,14.0,25,-0.422,17,
C-B-1,2,0.96588,-29.5313,15.3051,1229,-1.01,7.9,14.2,25,2841,2.01,-14.9,14.0,25,-0.422,17,
C-B-1,2,0.96688,-29.5313,15.3051,1229,-1.01,7.9,14.2,25,2841,2.01,-14.9,14.0,25,-0.422,17,
C-B-1,2,0.96788,-29.5313,15.3051,1229,-1.01,7.9,14.2,25,2842,2.52,-13.3,14.0,25,-0.384,17,
C-B-1,2,0.96888,-29.5313,15.3051,1229,-1.01,7.9,14.2,25,2841,2.01,-14.9,14.0,25,-0.422,17,
C-B-1,2,0.96988,-29.5313,15.3051,1229,-1.01,7.9,14.2,25,2842,2.52,-13.3,14.0,25,-0.384,17,
C-B-1,2,0.97088,-29.5313,15.3051,1229,-1.01,7.9,14.2,25,2842,2.52,-13.3,14.0,25,-0.384,17,
C-B-1,2,0.97188,-29.5313,15.3051,1229,-1.01,7.9,14.2,25,2842,2.01,-14.100000000000001,14.0,25,-0.384,17,
C-B-1,2,0.97288,-29.5313,15.3051,1229,-1.01,7.9,14.2,25,2842,2.01,-14.100000000000001,14.0,25,-0.384,17,
C-B-1,2,0.97388,-29.5696,15.2993,1228,-1.51,6.2,14.2,25,2842,2.01,-14.100000000000001,14.0,25,-0.422,17,
C-B-1,2,0.97488,-29.5696,15.2993,1228,-1.01,7.1000000000000005,14.2,25,2842,2.01,-14.100000000000001,14.0,25,-0.422,17,
C-B-1,2,0.97588,-29.5696,15.2993,1228,-1.51,6.2,14.2,25,2843,2.52,-12.5,14.0,25,-0.384,17,
C-B-1,2,0.97688,-29.5696,15.2993,1228,-1.01,7.1000000000000005,14.2,25,2843,2.52,-12.5,14.0,25,-0.384,17,
C-B-1,2,0.97788,-29.5696,15.2993,1228,-1.01,7.1000000000000005,14.2,25,2843,2.52,-12.5,14.0,25,-0.384,17,
C-B-1,2,0.97888,-29.5696,15.2993,1228,-1.01,7.1000000000000005,14.2,25,2843,2.52,-12.5,14.0,25,-0.384,17,
C-B-1,2,0.97988,-29.5696,15.2993,1228,-1.01,7.1000000000000005,14.2,25,2843,2.01,-13.3,14.0,25,-0.384,17,
C-B-1,2,0.98088,-29.5696,15.2993,1228,-1.01,7.1000000000000005,14.2,25,2844,2.52,-11.700000000000001,14.0,25,-0.345,17,
C-B-1,2,0.98188,-29.5696,15.2993,1228,-1.01,7.1000000000000005,14.2,25,2843,2.01,-13.3,14.0,25,-0.384,17,
C-B-1,2,0.98288,-29.608,15.2935,1227,-1.51,5.4,14.2,25,2843,2.01,-13.3,14.0,25,-0.422,17,
C-B-1,2,0.98388,-29.5696,15.2993,1228,-1.01,7.1000000000000005,14.2,25,2843,2.01,-13.3,14.0,25,-0.384,17,
C-B-1,2,0.98488,-29.608,15.2935,1227,-1.51,5.4,14.2,25,2843,2.01,-13.3,14.0,25,-0.422,17,
C-B-1,2,0.98588,-29.5696,15.2993,1228,-1.01,7.1000000000000005,14.2,25,2843,1.51,-14.200000000000001,14.0,25,-0.384,17,
C-B-1,2,0.98688,-29.5696,15.2993,1228,-1.01,7.1000000000000005,14.2,25,2843,1.51,-14.200000000000001,14.0,25,-0.384,17,
C-B-1,2,0.98788,-29.5696,15.2993,1228,-1.01,7.1000000000000005,14.2,25,2844,2.01,-12.5,14.0,25,-0.345,17,
C-B-1,2,0.98888,-29.608,15.2935,1227,-1.01,6.300000000000001,14.2,25,2844,2.01,-12.5,14.0,25,-0.384,17,
C-B-1,2,0.98988,-29.608,15.2935,1227,-1.01,6.300000000000001,14.2,25,2844,2.01,-12.5,14.0,25,-0.384,17,
C-B-1,2,0.99088,-29.5696,15.2993,1228,0.0,8.8,14.2,25,2844,2.01,-12.5,14.0,25,-0.345,17,
C-B-1,2,0.99189,-29.5696,15.2993,1228,0.0,8.8,14.2,25,2844,2.01,-12.5,14.0,25,-0.345,17,
C-B-1,2,0.99288,-29.608,15.2935,1227,-1.01,6.300000000000001,14.2,25,2844,1.51,-13.4,14.0,25,-0.384,17,
C-B-1,2,0.99389,-29.608,15.2935,1227,-1.01,6.300000000000001,14.2,25,2844,1.51,-13.4,14.0,25,-0.384,17,
C-B-1,2,0.99488,-29.608,15.2935,1227,-1.01,6.300000000000001,14.2,25,2844,1.51,-13.4,14.0,25,-0.384,17,
C-B-1,2,0.99588,-29.608,15.2935,1227,-1.01,6.300000000000001,14.2,25,2844,1.51,-13.4,14.0,25,-0.384,17,
C-B-1,2,0.99688,-29.608,15.2935,1227,-1.01,6.300000000000001,14.2,25,2844,1.51,-13.4,14.0,25,-0.384,17,
C-B-1,2,0.99788,-29.608,15.2935,1227,-1.01,6.300000000000001,14.2,25,2844,1.01,-14.3,14.0,25,-0.384,17,
C-B-1,2,0.99888,-29.608,15.2935,1227,-1.01,6.300000000000001,14.2,25,2845,1.51,-12.600000000000001,14.0,25,-0.345,17,
C-B-1,2,0.99989,-29.608,15.2935,1227,-1.01,6.300000000000001,14.2,25,2844,1.01,-14.3,14.0,25,-0.384,17,
C-B-1,2,1.00088,-29.608,15.2935,1227,0.0,8.0,14.2,25,2844,1.01,-14.3,14.0,25,-0.384,17,
C-B-1,2,1.00188,-29.608,15.2935,1227,-1.01,6.300000000000001,14.2,25,2845,1.51,-12.600000000000001,14.0,25,-0.345,17,
C-B-1,2,1.00289,-29.608,15.2935,1227,-1.01,6.300000000000001,14.2,25,2845,1.51,-12.600000000000001,14.0,25,-0.345,17,
C-B-1,2,1.00388,-29.608,15.2935,1227,0.0,8.0,14.2,25,2845,1.51,-12.600000000000001,14.0,25,-0.345,17,
C-B-1,2,1.00489,-29.608,15.2935,1227,0.0,8.0,14.2,25,2844,1.01,-14.3,14.0,25,-0.384,17,
C-B-1,2,1.00588,-29.608,15.2935,1227,0.0,8.0,14.2,25,2844,0.0,-16.0,14.0,25,-0.384,17,
C-B-1,2,1.00688,-29.608,15.2935,1227,0.0,8.0,14.2,25,2844,0.0,-16.0,14.0,25,-0.384,17,
C-B-1,2,1.00789,-29.608,15.2935,1227,0.0,8.0,14.2,25,2844,0.0,-16.0,14.0,25,-0.384,17,
C-B-1,2,1.00889,-29.608,15.2935,1227,0.0,8.0,14.2,25,2844,0.0,-16.0,14.0,25,-0.384,17,
C-B-1,2,1.00989,-29.608,15.2935,1227,0.0,8.0,14.2,25,2844,0.0,-16.0,14.0,25,-0.384,17,
C-B-1,2,1.01089,-29.608,15.2935,1227,0.0,8.0,14.2,25,2844,0.0,-16.0,14.0,25,-0.384,17,
C-B-1,2,1.01189,-29.608,15.2935,1227,0.0,8.0,14.2,25,2844,0.0,-16.0,14.0,25,-0.384,17,
C-B-1,2,1.01289,-29.608,15.2935,1227,0.0,8.0,14.2,25,2844,0.0,-16.0,14.0,25,-0.384,17,
C-B-1,2,1.01389,-29.608,15.2935,1227,0.0,8.0,14.2,25,2844,0.0,-16.0,14.0,25,-0.384,17,
C-B-1,2,1.01489,-29.608,15.2935,1227,0.0,8.0,14.2,25,2844,0.0,-16.0,14.0,25,-0.384,17,
C-B-1,2,1.01589,-29.608,15.2935,1227,0.0,8.0,14.2,25,2845,1.01,-13.5,14.0,25,-0.345,17,
C-B-1,2,1.01689,-29.608,15.2935,1227,0.0,8.0,14.2,25,2844,0.0,-16.0,14.0,25,-0.384,17,
C-B-1,2,1.01789,-29.608,15.2935,1227,0.0,8.0,14.2,25,2844,0.0,-16.0,14.0,25,-0.384,17,
C-B-1,2,1.01889,-29.608,15.2935,1227,0.0,8.0,14.2,25,2844,0.0,-16.0,14.0,25,-0.384,17,
C-B-1,2,1.01989,-29.608,15.2935,1227,0.0,8.0,14.2,25,2844,0.0,-16.0,14.0,25,-0.384,17,
C-B-1,2,1.02089,-29.608,15.2935,1227,0.0,8.0,14.2,25,2845,0.0,-15.200000000000001,14.0,25,-0.345,17,
C-B-1,2,1.02189,-29.608,15.2935,1227,0.0,8.0,14.2,25,2844,0.0,-16.0,14.0,25,-0.384,17,
C-B-1,2,1.02289,-29.608,15.2935,1227,0.0,8.0,14.2,25,2844,0.0,-16.0,14.0,25,-0.384,17,
C-B-1,2,1.02389,-29.5696,15.2993,1228,0.0,8.8,14.2,25,2844,0.0,-16.0,14.0,25,-0.345,17,
C-B-1,2,1.02489,-29.5696,15.2993,1228,0.0,8.8,14.2,25,2844,0.0,-16.0,14.0,25,-0.345,17,
C-B-1,2,1.02589,-29.5696,15.2993,1228,0.0,8.8,14.2,25,2844,0.0,-16.0,14.0,25,-0.345,17,
C-B-1,2,1.02689,-29.608,15.2935,1227,0.0,8.0,14.2,25,2844,0.0,-16.0,14.0,25,-0.384,17,
C-B-1,2,1.0279,-29.608,15.2935,1227,0.0,8.0,14.2,25,2844,0.0,-16.0,14.0,25,-0.384,17,
C-B-1,2,1.02889,-29.608,15.2935,1227,0.0,8.0,14.2,25,2844,0.0,-16.0,14.0,25,-0.384,17,
C-B-1,2,1.02989,-29.608,15.2935,1227,0.0,8.0,14.2,25,2844,0.0,-16.0,14.0,25,-0.384,17,
C-B-1,2,1.03089,-29.5696,15.2993,1228,0.0,8.8,14.2,25,2844,0.0,-16.0,14.0,25,-0.345,17,
C-B-1,2,1.03189,-29.5696,15.2993,1228,0.0,8.8,14.2,25,2844,0.0,-16.0,14.0,25,-0.345,17,
C-B-1,2,1.03289,-29.5696,15.2993,1228,0.0,8.8,14.2,25,2843,-1.01,-18.5,14.0,25,-0.384,17,
C-B-1,2,1.03389,-29.5696,15.2993,1228,0.0,8.8,14.2,25,2843,0.0,-16.8,14.0,25,-0.384,17,
C-B-1,2,1.03489,-29.5696,15.2993,1228,0.0,8.8,14.2,25,2844,0.0,-16.0,14.0,25,-0.345,17,
C-B-1,2,1.03589,-29.5696,15.2993,1228,0.0,8.8,14.2,25,2844,0.0,-16.0,14.0,25,-0.345,17,
C-B-1,2,1.03689,-29.5696,15.2993,1228,0.0,8.8,14.2,25,2843,-1.01,-18.5,14.0,25,-0.384,17,
C-B-1,2,1.03789,-29.5696,15.2993,1228,0.0,8.8,14.2,25,2843,0.0,-16.8,14.0,25,-0.384,17,
C-B-1,2,1.03889,-29.5696,15.2993,1228,0.0,8.8,14.2,25,2843,0.0,-16.8,14.0,25,-0.384,17,
C-B-1,2,1.03989,-29.5696,15.2993,1228,1.01,11.3,14.2,25,2843,0.0,-16.8,14.0,25,-0.384,17,
C-B-1,2,1.04089,-29.5313,15.3051,1229,0.0,8.8,14.2,25,2843,0.0,-16.8,14.0,25,-0.345,17,
C-B-1,2,1.04189,-29.5696,15.2993,1228,1.01,11.3,14.2,25,2843,0.0,-16.8,14.0,25,-0.384,17,
C-B-1,2,1.0429,-29.5313,15.3051,1229,1.01,11.3,14.2,25,2843,0.0,-16.8,14.0,25,-0.345,17,
C-B-1,2,1.04389,-29.5313,15.3051,1229,1.01,11.3,14.2,25,2843,0.0,-16.8,14.0,25,-0.345,17,
C-B-1,2,1.0449,-29.5313,15.3051,1229,1.01,11.3,14.2,25,2843,-1.01,-18.5,14.0,25,-0.345,17,
C-B-1,2,1.04589,-29.5313,15.3051,1229,1.01,11.3,14.2,25,2843,-1.01,-18.5,14.0,25,-0.345,17,
C-B-1,2,1.0469,-29.5313,15.3051,1229,1.01,11.3,14.2,25,2843,0.0,-16.8,14.0,25,-0.345,17,
C-B-1,2,1.04789,-29.5313,15.3051,1229,1.01,11.3,14.2,25,2842,-1.01,-19.3,14.0,25,-0.384,17,
C-B-1,2,1.04889,-29.5313,15.3051,1229,1.01,11.3,14.2,25,2843,0.0,-16.8,14.0,25,-0.345,17,
C-B-1,2,1.04989,-29.5313,15.3051,1229,1.01,11.3,14.2,25,2842,-1.51,-20.200000000000003,14.0,25,-0.384,17,
C-B-1,2,1.0509,-29.5313,15.3051,1229,1.01,11.3,14.2,25,2842,-1.01,-19.3,14.0,25,-0.384,17,
C-B-1,2,1.05189,-29.5313,15.3051,1229,1.01,11.3,14.2,25,2842,-1.01,-19.3,14.0,25,-0.384,17,
C-B-1,2,1.05289,-29.5313,15.3051,1229,1.01,11.3,14.2,25,2842,-1.01,-19.3,14.0,25,-0.384,17,
C-B-1,2,1.0539,-29.5313,15.3051,1229,0.0,9.600000000000001,14.2,25,2842,-1.01,-19.3,14.0,25,-0.384,17,
C-B-1,2,1.0549,-29.5313,15.3051,1229,0.0,9.600000000000001,14.2,25,2842,-1.01,-19.3,14.0,25,-0.384,17,
C-B-1,2,1.0559,-29.5313,15.3051,1229,1.01,11.3,14.2,25,2842,-1.01,-19.3,14.0,25,-0.384,17,
C-B-1,2,1.0569,-29.5313,15.3051,1229,1.01,11.3,14.2,25,2841,-1.51,-21.0,14.0,25,-0.422,17,
C-B-1,2,1.05793,-29.4929,15.3109,1230,1.51,13.0,14.2,25,2841,-1.51,-21.0,14.0,25,-0.384,17,
C-B-1,2,1.0589,-29.4929,15.3109,1230,1.51,13.0,14.2,25,2841,-1.51,-21.0,14.0,25,-0.384,17,
C-B-1,2,1.0599,-29.5313,15.3051,1229,0.0,9.600000000000001,14.2,25,2841,-1.51,-21.0,14.0,25,-0.422,17,
C-B-1,2,1.0609,-29.4929,15.3109,1230,1.01,12.100000000000001,14.2,25,2841,-1.51,-21.0,14.0,25,-0.384,17,
C-B-1,2,1.0619,-29.4929,15.3109,1230,1.01,12.100000000000001,14.2,25,2840,-1.51,-21.8,14.0,25,-0.422,17,
C-B-1,2,1.0629,-29.4929,15.3109,1230,1.01,12.100000000000001,14.2,25,2841,-1.01,-20.1,14.0,25,-0.384,17,
C-B-1,2,1.0639,-29.4929,15.3109,1230,1.01,12.100000000000001,14.2,25,2841,-1.51,-21.0,14.0,25,-0.384,17,
C-B-1,2,1.0649,-29.4929,15.3109,1230,1.01,12.100000000000001,14.2,25,2840,-2.01,-22.700000000000003,14.0,25,-0.422,17,
C-B-1,2,1.0659,-29.4929,15.3109,1230,1.01,12.100000000000001,14.1,25,2841,-1.01,-20.1,15.4,25,-0.384,17,
C-B-1,2,1.0669,-29.4929,15.3109,1230,1.01,12.100000000000001,14.1,25,2840,-1.51,-21.8,15.4,25,-0.422,17,
C-B-1,2,1.0679,-29.4929,15.3109,1230,1.01,12.100000000000001,14.1,25,2840,-1.51,-21.8,15.4,25,-0.422,17,
C-B-1,2,1.0689,-29.4929,15.3109,1230,1.01,12.100000000000001,14.1,25,2840,-1.51,-21.8,15.4,25,-0.422,17,
C-B-1,2,1.06997,-29.4929,15.3109,1230,0.0,10.4,14.1,25,2840,-1.51,-21.8,15.4,25,-0.422,17,
C-B-1,2,1.07096,-29.4929,15.3109,1230,1.01,12.100000000000001,14.1,25,2840,-1.51,-21.8,15.4,25,-0.422,17,
C-B-1,2,1.07196,-29.4929,15.3109,1230,0.0,10.4,14.1,25,2840,-1.51,-21.8,15.4,25,-0.422,17,
C-B-1,2,1.07297,-29.4929,15.3109,1230,0.0,10.4,14.1,25,2840,-1.51,-21.8,15.4,25,-0.422,17,
C-B-1,2,1.07397,-29.4929,15.3109,1230,0.0,10.4,14.1,25,2839,-2.01,-23.5,15.4,25,-0.46,17,
C-B-1,2,1.07497,-29.4545,15.3167,1231,1.01,12.9,14.1,25,2840,-1.51,-21.8,15.4,25,-0.384,17,
C-B-1,2,1.07591,-29.4929,15.3109,1230,0.0,10.4,14.1,25,2839,-2.01,-23.5,15.4,25,-0.46,17,
C-B-1,2,1.07691,-29.4929,15.3109,1230,0.0,10.4,14.1,25,2839,-1.51,-22.6,15.4,25,-0.46,17,
C-B-1,2,1.07797,-29.4929,15.3109,1230,0.0,10.4,14.1,25,2839,-1.51,-22.6,15.4,25,-0.46,17,
C-B-1,2,1.07897,-29.4545,15.3167,1231,1.01,12.9,14.1,25,2839,-2.01,-23.5,15.4,25,-0.422,17,
C-B-1,2,1.07998,-29.4929,15.3109,1230,0.0,10.4,14.1,25,2839,-1.51,-22.6,15.4,25,-0.46,17,
C-B-1,2,1.08097,-29.4545,15.3167,1231,1.01,12.9,14.1,25,2839,-1.51,-22.6,15.4,25,-0.422,17,
C-B-1,2,1.08198,-29.4545,15.3167,1231,1.01,12.9,14.1,25,2839,-1.51,-22.6,15.4,25,-0.422,17,
C-B-1,2,1.0829,-29.4929,15.3109,1230,0.0,10.4,14.1,25,2839,-1.51,-22.6,15.4,25,-0.46,17,
C-B-1,2,1.0839,-29.4545,15.3167,1231,1.01,12.9,14.1,25,2839,-1.51,-22.6,15.4,25,-0.422,17,
C-B-1,2,1.0849,-29.4545,15.3167,1231,1.01,12.9,14.1,25,2839,-1.51,-22.6,15.4,25,-0.422,17,
C-B-1,2,1.0859,-29.4545,15.3167,1231,1.01,12.9,14.1,25,2838,-1.51,-23.400000000000002,15.4,25,-0.46,17,
C-B-1,2,1.0869,-29.4545,15.3167,1231,0.0,11.200000000000001,14.1,25,2839,-1.01,-21.700000000000003,15.4,25,-0.422,17,
C-B-1,2,1.08791,-29.4545,15.3167,1231,0.0,11.200000000000001,14.1,25,2838,-1.51,-23.400000000000002,15.4,25,-0.46,17,
C-B-1,2,1.0889,-29.4545,15.3167,1231,1.01,12.9,14.1,25,2838,-1.51,-23.400000000000002,15.4,25,-0.46,17,
C-B-1,2,1.0899,-29.4545,15.3167,1231,0.0,11.200000000000001,14.1,25,2838,-1.51,-23.400000000000002,15.4,25,-0.46,17,
C-B-1,2,1.0909,-29.4545,15.3167,1231,0.0,11.200000000000001,14.1,25,2838,-1.01,-22.5,15.4,25,-0.46,17,
C-B-1,2,1.0919,-29.4545,15.3167,1231,0.0,11.200000000000001,14.1,25,2838,-1.51,-23.400000000000002,15.4,25,-0.46,17,
C-B-1,2,1.0929,-29.4545,15.3167,1231,0.0,11.200000000000001,14.1,25,2838,-1.51,-23.400000000000002,15.4,25,-0.46,17,
C-B-1,2,1.0939,-29.4545,15.3167,1231,0.0,11.200000000000001,14.1,25,2838,-1.01,-22.5,15.4,25,-0.46,17,
C-B-1,2,1.0949,-29.4545,15.3167,1231,0.0,11.200000000000001,14.1,25,2838,-1.51,-23.400000000000002,15.4,25,-0.46,17,
C-B-1,2,1.0959,-29.4162,15.3225,1232,1.01,13.700000000000001,14.1,25,2838,-1.51,-23.400000000000002,15.4,25,-0.422,17,
C-B-1,2,1.09691,-29.4162,15.3225,1232,1.01,13.700000000000001,14.1,25,2838,-1.01,-22.5,15.4,25,-0.422,17,
C-B-1,2,1.0979,-29.4545,15.3167,1231,0.0,11.200000000000001,14.1,25,2838,-1.01,-22.5,15.4,25,-0.46,17,
C-B-1,2,1.09891,-29.4545,15.3167,1231,0.0,11.200000000000001,14.1,25,2838,-1.01,-22.5,15.4,25,-0.46,17,
C-B-1,2,1.0999,-29.4545,15.3167,1231,0.0,11.200000000000001,14.1,25,2838,-1.01,-22.5,15.4,25,-0.46,17,
C-B-1,2,1.10091,-29.4162,15.3225,1232,1.01,13.700000000000001,14.1,25,2838,-1.01,-22.5,15.4,25,-0.422,17,
C-B-1,2,1.1019,-29.4162,15.3225,1232,1.01,13.700000000000001,14.1,25,2838,-1.01,-22.5,15.4,25,-0.422,17,
C-B-1,2,1.10291,-29.4162,15.3225,1232,1.01,13.700000000000001,14.1,25,2838,0.0,-20.8,15.4,25,-0.422,17,
C-B-1,2,1.1039,-29.4545,15.3167,1231,0.0,11.200000000000001,14.1,25,2837,-1.51,-24.200000000000003,15.4,25,-0.499,17,
C-B-1,2,1.10491,-29.4162,15.3225,1232,1.01,13.700000000000001,14.1,25,2838,0.0,-20.8,15.4,25,-0.422,17,
C-B-1,2,1.1059,-29.4162,15.3225,1232,1.01,13.700000000000001,14.1,25,2837,-1.01,-23.3,15.4,25,-0.46,17,
C-B-1,2,1.10691,-29.4162,15.3225,1232,1.01,13.700000000000001,14.1,25,2838,0.0,-20.8,15.4,25,-0.422,17,
C-B-1,2,1.10791,-29.4545,15.3167,1231,0.0,11.200000000000001,14.1,25,2837,-1.01,-23.3,15.4,25,-0.499,17,
C-B-1,2,1.10891,-29.4162,15.3225,1232,1.01,13.700000000000001,14.1,25,2837,-1.01,-23.3,15.4,25,-0.46,17,
C-B-1,2,1.10991,-29.4162,15.3225,1232,0.0,12.0,14.1,25,2837,-1.01,-23.3,15.4,25,-0.46,17,
C-B-1,2,1.1109,-29.4162,15.3225,1232,0.0,12.0,14.1,25,2837,-1.01,-23.3,15.4,25,-0.46,17,
C-B-1,2,1.11191,-29.4162,15.3225,1232,0.0,12.0,14.1,25,2837,-1.01,-23.3,15.4,25,-0.46,17,
C-B-1,2,1.11291,-29.4162,15.3225,1232,0.0,12.0,14.1,25,2837,-1.01,-23.3,15.4,25,-0.46,17,
C-B-1,2,1.11391,-29.4162,15.3225,1232,0.0,12.0,14.1,25,2837,-1.01,-23.3,15.4,25,-0.46,17,
C-B-1,2,1.11491,-29.4162,15.3225,1232,0.0,12.0,14.1,25,2837,0.0,-21.6,15.4,25,-0.46,17,
C-B-1,2,1.11591,-29.4162,15.3225,1232,0.0,12.0,14.1,25,2837,-1.01,-23.3,15.4,25,-0.46,17,
C-B-1,2,1.11691,-29.4162,15.3225,1232,0.0,12.0,14.1,25,2837,0.0,-21.6,15.4,25,-0.46,17,
C-B-1,2,1.11791,-29.4162,15.3225,1232,0.0,12.0,14.1,25,2837,0.0,-21.6,15.4,25,-0.46,17,
C-B-1,2,1.11891,-29.4162,15.3225,1232,0.0,12.0,14.1,25,2837,0.0,-21.6,15.4,25,-0.46,17,
C-B-1,2,1.11991,-29.4162,15.3225,1232,0.0,12.0,14.1,25,2837,0.0,-21.6,15.4,25,-0.46,17,
C-B-1,2,1.12091,-29.4162,15.3225,1232,0.0,12.0,14.1,25,2837,0.0,-21.6,15.4,25,-0.46,17,
C-B-1,2,1.12191,-29.4162,15.3225,1232,0.0,12.0,14.1,25,2837,0.0,-21.6,15.4,25,-0.46,17,
C-B-1,2,1.12291,-29.4162,15.3225,1232,0.0,12.0,14.1,25,2837,0.0,-21.6,15.4,25,-0.46,17,
C-B-1,2,1.12391,-29.4162,15.3225,1232,0.0,12.0,14.1,25,2837,0.0,-21.6,15.4,25,-0.46,17,
C-B-1,2,1.12491,-29.4162,15.3225,1232,0.0,12.0,14.1,25,2837,0.0,-21.6,15.4,25,-0.46,17,
C-B-1,2,1.12591,-29.4162,15.3225,1232,0.0,12.0,14.1,25,2837,0.0,-21.6,15.4,25,-0.46,17,
C-B-1,2,1.12691,-29.4162,15.3225,1232,0.0,12.0,14.1,25,2837,0.0,-21.6,15.4,25,-0.46,17,
C-B-1,2,1.12791,-29.4162,15.3225,1232,0.0,12.0,14.1,25,2837,0.0,-21.6,15.4,25,-0.46,17,
C-B-1,2,1.12891,-29.4162,15.3225,1232,0.0,12.0,14.1,25,2837,0.0,-21.6,15.4,25,-0.46,17,
C-B-1,2,1.12991,-29.4162,15.3225,1232,0.0,12.0,14.1,25,2837,0.0,-21.6,15.4,25,-0.46,17,
C-B-1,2,1.13091,-29.4162,15.3225,1232,0.0,12.0,14.1,25,2837,0.0,-21.6,15.4,25,-0.46,17,
C-B-1,2,1.13192,-29.4162,15.3225,1232,0.0,12.0,14.1,25,2837,0.0,-21.6,15.4,25,-0.46,17,
C-B-1,2,1.13291,-29.4162,15.3225,1232,0.0,12.0,14.1,25,2837,0.0,-21.6,15.4,25,-0.46,17,
C-B-1,2,1.13391,-29.4162,15.3225,1232,0.0,12.0,14.1,25,2837,0.0,-21.6,15.4,25,-0.46,17,
C-B-1,2,1.13491,-29.4162,15.3225,1232,0.0,12.0,14.1,25,2837,0.0,-21.6,15.4,25,-0.46,17,
C-B-1,2,1.13592,-29.4162,15.3225,1232,0.0,12.0,14.1,25,2837,0.0,-21.6,15.4,25,-0.46,17,
C-B-1,2,1.13691,-29.4162,15.3225,1232,0.0,12.0,14.1,25,2837,0.0,-21.6,15.4,25,-0.46,17,
C-B-1,2,1.13791,-29.4162,15.3225,1232,0.0,12.0,14.1,25,2837,0.0,-21.6,15.4,25,-0.46,17,
C-B-1,2,1.13892,-29.4162,15.3225,1232,0.0,12.0,14.1,25,2837,0.0,-21.6,15.4,25,-0.46,17,
C-B-1,2,1.13991,-29.4162,15.3225,1232,0.0,12.0,14.1,25,2837,0.0,-21.6,15.4,25,-0.46,17,
C-B-1,2,1.14092,-29.4162,15.3225,1232,0.0,12.0,14.1,25,2837,0.0,-21.6,15.4,25,-0.46,17,
C-B-1,2,1.14191,-29.4162,15.3225,1232,0.0,12.0,14.1,25,2837,0.0,-21.6,15.4,25,-0.46,17,
C-B-1,2,1.14292,-29.4162,15.3225,1232,0.0,12.0,14.1,25,2837,0.0,-21.6,15.4,25,-0.46,17,
C-B-1,2,1.14391,-29.4162,15.3225,1232,0.0,12.0,14.1,25,2837,0.0,-21.6,15.4,25,-0.46,17,
C-B-1,2,1.14491,-29.4545,15.3167,1231,0.0,11.200000000000001,14.1,25,2837,0.0,-21.6,15.4,25,-0.499,17,
C-B-1,2,1.14592,-29.4545,15.3167,1231,0.0,11.200000000000001,14.1,25,2837,0.0,-21.6,15.4,25,-0.499,17,
C-B-1,2,1.14691,-29.4162,15.3225,1232,0.0,12.0,14.1,25,2837,0.0,-21.6,15.4,25,-0.46,17,
C-B-1,2,1.14792,-29.4162,15.3225,1232,0.0,12.0,14.1,25,2837,0.0,-21.6,15.4,25,-0.46,17,
C-B-1,2,1.14891,-29.4162,15.3225,1232,0.0,12.0,14.1,25,2837,0.0,-21.6,15.4,25,-0.46,17,
C-B-1,2,1.14992,-29.4162,15.3225,1232,0.0,12.0,14.1,25,2837,0.0,-21.6,15.4,25,-0.46,17,
C-B-1,2,1.15091,-29.4545,15.3167,1231,0.0,11.200000000000001,14.1,25,2837,0.0,-21.6,15.4,25,-0.499,17,
C-B-1,2,1.15192,-29.4545,15.3167,1231,0.0,11.200000000000001,14.1,25,2838,0.0,-20.8,15.4,25,-0.46,17,
C-B-1,2,1.15292,-29.4545,15.3167,1231,0.0,11.200000000000001,14.1,25,2837,0.0,-21.6,15.4,25,-0.499,17,
C-B-1,2,1.15392,-29.4545,15.3167,1231,0.0,11.200000000000001,14.1,25,2838,0.0,-20.8,15.4,25,-0.46,17,
C-B-1,2,1.15491,-29.4162,15.3225,1232,0.0,12.0,14.1,25,2838,0.0,-20.8,15.4,25,-0.422,17,
C-B-1,2,1.15592,-29.4545,15.3167,1231,0.0,11.200000000000001,14.1,25,2837,0.0,-21.6,15.4,25,-0.499,17,
C-B-1,2,1.15692,-29.4545,15.3167,1231,0.0,11.200000000000001,14.1,25,2837,0.0,-21.6,15.4,25,-0.499,17,
C-B-1,2,1.15792,-29.4545,15.3167,1231,0.0,11.200000000000001,14.1,25,2837,0.0,-20.8,15.4,25,-0.499,17,
C-B-1,2,1.15892,-29.4545,15.3167,1231,0.0,11.200000000000001,14.1,25,2838,0.0,-20.8,15.4,25,-0.46,17,
C-B-1,2,1.1599,-29.4545,15.3167,1231,0.0,11.200000000000001,14.1,25,2838,0.0,-20.8,15.4,25,-0.46,17,
C-B-1,2,1.16092,-29.4545,15.3167,1231,0.0,11.200000000000001,14.1,25,2838,0.0,-20.8,15.4,25,-0.46,17,
C-B-1,2,1.16192,-29.4545,15.3167,1231,0.0,11.200000000000001,14.1,25,2838,0.0,-20.8,15.4,25,-0.46,17,
C-B-1,2,1.16292,-29.4545,15.3167,1231,0.0,11.200000000000001,14.1,25,2838,0.0,-20.8,15.4,25,-0.46,17,
C-B-1,2,1.16392,-29.4545,15.3167,1231,0.0,11.200000000000001,14.1,25,2838,0.0,-20.8,15.4,25,-0.46,17,
C-B-1,2,1.16492,-29.4545,15.3167,1231,0.0,11.200000000000001,14.1,25,2837,0.0,-21.6,15.4,25,-0.499,17,
C-B-1,2,1.16592,-29.4545,15.3167,1231,0.0,11.200000000000001,14.1,25,2838,0.0,-20.8,15.4,25,-0.46,17,
C-B-1,2,1.16692,-29.4545,15.3167,1231,0.0,11.200000000000001,14.1,25,2838,0.0,-20.8,15.4,25,-0.46,17,
C-B-1,2,1.1679,-29.4545,15.3167,1231,0.0,11.200000000000001,14.1,25,2838,0.0,-20.8,15.4,25,-0.46,17,
C-B-1,2,1.16892,-29.4545,15.3167,1231,0.0,11.200000000000001,14.1,25,2838,0.0,-20.8,15.4,25,-0.46,17,
C-B-1,2,1.16992,-29.4545,15.3167,1231,0.0,11.200000000000001,14.1,25,2838,0.0,-20.8,15.4,25,-0.46,17,
C-B-1,2,1.17092,-29.4545,15.3167,1231,0.0,11.200000000000001,14.1,25,2838,0.0,-20.8,15.4,25,-0.46,17,
C-B-1,2,1.17192,-29.4545,15.3167,1231,0.0,11.200000000000001,14.1,25,2838,0.0,-20.8,15.4,25,-0.46,17,
C-B-1,2,1.1729,-29.4929,15.3109,1230,-1.01,8.700000000000001,14.1,25,2838,0.0,-20.8,15.4,25,-0.499,17,
C-B-1,2,1.17392,-29.4929,15.3109,1230,0.0,11.200000000000001,14.1,25,2839,1.01,-18.3,15.4,25,-0.46,17,
C-B-1,2,1.17492,-29.4929,15.3109,1230,0.0,10.4,14.1,25,2839,1.01,-18.3,15.4,25,-0.46,17,
C-B-1,2,1.1759,-29.4929,15.3109,1230,-1.01,8.700000000000001,14.1,25,2838,0.0,-20.8,15.4,25,-0.499,17,
C-B-1,2,1.17692,-29.4929,15.3109,1230,-1.01,8.700000000000001,14.1,25,2838,0.0,-20.8,15.4,25,-0.499,17,
C-B-1,2,1.1779,-29.4929,15.3109,1230,-1.01,8.700000000000001,14.1,25,2839,1.01,-18.3,15.4,25,-0.46,17,
C-B-1,2,1.17892,-29.4929,15.3109,1230,-1.01,8.700000000000001,14.1,25,2839,1.01,-18.3,15.4,25,-0.46,17,
C-B-1,2,1.1799,-29.4929,15.3109,1230,0.0,10.4,14.1,25,2839,1.01,-18.3,15.4,25,-0.46,17,
C-B-1,2,1.18092,-29.4929,15.3109,1230,0.0,10.4,14.1,25,2839,0.0,-20.0,15.4,25,-0.46,17,
C-B-1,2,1.1819,-29.4929,15.3109,1230,0.0,10.4,14.9,25,2839,1.01,-18.3,14.8,25,-0.46,17,
C-B-1,2,1.18292,-29.4929,15.3109,1230,-1.01,8.700000000000001,14.9,25,2839,0.0,-20.0,14.8,25,-0.46,17,
C-B-1,2,1.18391,-29.4929,15.3109,1230,0.0,10.4,14.9,25,2839,0.0,-20.0,14.8,25,-0.46,17,
C-B-1,2,1.18492,-29.4929,15.3109,1230,-1.01,8.700000000000001,14.9,25,2839,1.01,-18.3,14.8,25,-0.46,17,
C-B-1,2,1.1859,-29.4929,15.3109,1230,0.0,10.4,14.9,25,2839,1.01,-18.3,14.8,25,-0.46,17,
C-B-1,2,1.18693,-29.5313,15.3051,1229,-1.01,7.9,14.9,25,2839,1.01,-18.3,14.8,25,-0.499,17,
C-B-1,2,1.18791,-29.4929,15.3109,1230,0.0,10.4,14.9,25,2839,0.0,-20.0,14.8,25,-0.46,17,
C-B-1,2,1.18892,-29.4929,15.3109,1230,0.0,10.4,14.9,25,2839,0.0,-20.0,14.8,25,-0.46,17,
C-B-1,2,1.18991,-29.5313,15.3051,1229,-1.01,7.9,14.9,25,2839,0.0,-20.0,14.8,25,-0.499,17,
C-B-1,2,1.19092,-29.5313,15.3051,1229,-1.01,7.9,14.9,25,2839,0.0,-20.0,14.8,25,-0.499,17,
C-B-1,2,1.19191,-29.4929,15.3109,1230,0.0,10.4,14.9,25,2840,1.01,-17.5,14.8,25,-0.422,17,
C-B-1,2,1.19293,-29.4929,15.3109,1230,0.0,10.4,14.9,25,2840,1.01,-17.5,14.8,25,-0.422,17,
C-B-1,2,1.19392,-29.5313,15.3051,1229,-1.01,7.9,14.9,25,2840,1.51,-16.6,14.8,25,-0.46,17,
C-B-1,2,1.19491,-29.5313,15.3051,1229,-1.01,7.9,14.9,25,2840,1.01,-17.5,14.8,25,-0.46,17,
C-B-1,2,1.19592,-29.4929,15.3109,1230,0.0,10.4,14.9,25,2840,1.01,-17.5,14.8,25,-0.422,17,
C-B-1,2,1.19691,-29.4929,15.3109,1230,0.0,10.4,14.9,25,2840,1.01,-17.5,14.8,25,-0.422,17,
C-B-1,2,1.19793,-29.5313,15.3051,1229,-1.01,7.9,14.9,25,2840,1.01,-17.5,14.8,25,-0.46,17,
C-B-1,2,1.19891,-29.4929,15.3109,1230,0.0,10.4,14.9,25,2840,1.01,-17.5,14.8,25,-0.422,17,
C-B-1,2,1.19993,-29.5313,15.3051,1229,-1.01,7.9,14.9,25,2840,1.01,-17.5,14.8,25,-0.46,17,
C-B-1,2,1.20091,-29.5313,15.3051,1229,-1.01,7.9,14.9,25,2840,1.01,-17.5,14.8,25,-0.46,17,
C-B-1,2,1.20193,-29.5313,15.3051,1229,-1.01,7.9,14.9,25,2840,1.01,-17.5,14.8,25,-0.46,17,
C-B-1,2,1.20293,-29.4929,15.3109,1230,0.0,10.4,14.9,25,2840,0.0,-19.200000000000003,14.8,25,-0.422,17,
C-B-1,2,1.20391,-29.5313,15.3051,1229,0.0,9.600000000000001,14.9,25,2840,0.0,-19.200000000000003,14.8,25,-0.46,17,
C-B-1,2,1.20493,-29.5313,15.3051,1229,0.0,9.600000000000001,14.9,25,2840,1.01,-17.5,14.8,25,-0.46,17,
C-B-1,2,1.20591,-29.5313,15.3051,1229,0.0,9.600000000000001,14.9,25,2841,1.51,-15.8,14.8,25,-0.422,17,
C-B-1,2,1.20693,-29.5313,15.3051,1229,0.0,9.600000000000001,14.9,25,2841,1.01,-16.7,14.8,25,-0.422,17,
C-B-1,2,1.20791,-29.5313,15.3051,1229,0.0,9.600000000000001,14.9,25,2841,1.01,-16.7,14.8,25,-0.422,17,
C-B-1,2,1.20893,-29.5313,15.3051,1229,0.0,9.600000000000001,14.9,25,2841,1.01,-16.7,14.8,25,-0.422,17,
C-B-1,2,1.20991,-29.5313,15.3051,1229,0.0,9.600000000000001,14.9,25,2841,1.01,-16.7,14.8,25,-0.422,17,
C-B-1,2,1.21093,-29.5313,15.3051,1229,0.0,9.600000000000001,14.9,25,2841,1.01,-16.7,14.8,25,-0.422,17,
C-B-1,2,1.21193,-29.5313,15.3051,1229,0.0,9.600000000000001,14.9,25,2841,1.01,-16.7,14.8,25,-0.422,17,
C-B-1,2,1.21293,-29.5313,15.3051,1229,0.0,9.600000000000001,14.9,25,2841,1.01,-16.7,14.8,25,-0.422,17,
C-B-1,2,1.21391,-29.5313,15.3051,1229,0.0,9.600000000000001,14.9,25,2841,1.01,-16.7,14.8,25,-0.422,17,
C-B-1,2,1.21491,-29.5313,15.3051,1229,0.0,9.600000000000001,14.9,25,2841,1.01,-16.7,14.8,25,-0.422,17,
C-B-1,2,1.21593,-29.5696,15.2993,1228,0.0,8.8,14.9,25,2841,1.01,-16.7,14.8,25,-0.46,17,
C-B-1,2,1.21693,-29.5313,15.3051,1229,0.0,9.600000000000001,14.9,25,2841,1.01,-16.7,14.8,25,-0.422,17,
C-B-1,2,1.21791,-29.5313,15.3051,1229,0.0,9.600000000000001,14.9,25,2841,1.01,-16.7,14.8,25,-0.422,17,
C-B-1,2,1.21891,-29.5313,15.3051,1229,0.0,9.600000000000001,14.9,25,2841,0.0,-18.400000000000002,14.8,25,-0.422,17,
C-B-1,2,1.21993,-29.5313,15.3051,1229,0.0,9.600000000000001,14.9,25,2841,1.01,-16.7,14.8,25,-0.422,17,
C-B-1,2,1.22091,-29.5313,15.3051,1229,0.0,9.600000000000001,14.9,25,2841,1.01,-16.7,14.8,25,-0.422,17,
C-B-1,2,1.22191,-29.5313,15.3051,1229,0.0,9.600000000000001,14.9,25,2841,0.0,-18.400000000000002,14.8,25,-0.422,17,
C-B-1,2,1.22293,-29.5313,15.3051,1229,0.0,9.600000000000001,14.9,25,2841,0.0,-18.400000000000002,14.8,25,-0.422,17,
C-B-1,2,1.22391,-29.5313,15.3051,1229,0.0,9.600000000000001,14.9,25,2841,0.0,-18.400000000000002,14.8,25,-0.422,17,
C-B-1,2,1.22491,-29.5313,15.3051,1229,0.0,9.600000000000001,14.9,25,2841,0.0,-18.400000000000002,14.8,25,-0.422,17,
C-B-1,2,1.22592,-29.5313,15.3051,1229,0.0,9.600000000000001,14.9,25,2841,0.0,-18.400000000000002,14.8,25,-0.422,17,
C-B-1,2,1.22691,-29.5313,15.3051,1229,0.0,9.600000000000001,14.9,25,2841,0.0,-18.400000000000002,14.8,25,-0.422,17,
C-B-1,2,1.22791,-29.5696,15.2993,1228,-1.01,7.1000000000000005,14.9,25,2841,0.0,-18.400000000000002,14.8,25,-0.46,17,
C-B-1,2,1.22891,-29.5313,15.3051,1229,0.0,9.600000000000001,14.9,25,2841,0.0,-18.400000000000002,14.8,25,-0.422,17,
C-B-1,2,1.22991,-29.5313,15.3051,1229,0.0,9.600000000000001,14.9,25,2841,0.0,-18.400000000000002,14.8,25,-0.422,17,
C-B-1,2,1.23091,-29.5313,15.3051,1229,0.0,9.600000000000001,14.9,25,2841,0.0,-18.400000000000002,14.8,25,-0.422,17,
C-B-1,2,1.23191,-29.5696,15.2993,1228,-1.01,7.1000000000000005,14.9,25,2841,0.0,-18.400000000000002,14.8,25,-0.46,17,
C-B-1,2,1.23292,-29.5313,15.3051,1229,0.0,9.600000000000001,14.9,25,2841,0.0,-18.400000000000002,14.8,25,-0.422,17,
C-B-1,2,1.23391,-29.5696,15.2993,1228,0.0,8.8,14.9,25,2841,0.0,-18.400000000000002,14.8,25,-0.46,17,
C-B-1,2,1.23491,-29.5696,15.2993,1228,0.0,8.8,14.9,25,2841,0.0,-18.400000000000002,14.8,25,-0.46,17,
C-B-1,2,1.23592,-29.5313,15.3051,1229,0.0,9.600000000000001,14.9,25,2842,0.0,-17.6,14.8,25,-0.384,17,
C-B-1,2,1.23691,-29.5313,15.3051,1229,0.0,9.600000000000001,14.9,25,2841,0.0,-18.400000000000002,14.8,25,-0.422,17,
C-B-1,2,1.23791,-29.5313,15.3051,1229,0.0,9.600000000000001,14.9,25,2841,0.0,-18.400000000000002,14.8,25,-0.422,17,
C-B-1,2,1.23892,-29.5313,15.3051,1229,0.0,9.600000000000001,14.9,25,2841,0.0,-18.400000000000002,14.8,25,-0.422,17,
C-B-1,2,1.23991,-29.5313,15.3051,1229,0.0,9.600000000000001,14.9,25,2841,0.0,-18.400000000000002,14.8,24,-0.422,17,
C-B-1,2,1.24092,-29.5313,15.3051,1229,0.0,9.600000000000001,14.9,25,2842,0.0,-17.6,14.8,24,-0.384,17,
C-B-1,2,1.24191,-29.5313,15.3051,1229,0.0,9.600000000000001,14.9,25,2841,0.0,-18.400000000000002,14.8,24,-0.422,17,
C-B-1,2,1.24292,-29.5313,15.3051,1229,0.0,9.600000000000001,14.9,25,2841,0.0,-18.400000000000002,14.8,24,-0.422,17,
C-B-1,2,1.24391,-29.5313,15.3051,1229,0.0,9.600000000000001,14.9,25,2841,0.0,-18.400000000000002,14.8,24,-0.422,17,
C-B-1,2,1.24491,-29.5313,15.3051,1229,0.0,9.600000000000001,14.9,25,2841,0.0,-18.400000000000002,14.8,24,-0.422,17,
C-B-1,2,1.24591,-29.5696,15.2993,1228,0.0,8.8,14.9,25,2841,0.0,-18.400000000000002,14.8,24,-0.46,17,
C-B-1,2,1.24692,-29.5313,15.3051,1229,0.0,9.600000000000001,14.9,25,2841,0.0,-18.400000000000002,14.8,24,-0.422,17,
C-B-1,2,1.24791,-29.5313,15.3051,1229,0.0,9.600000000000001,14.9,25,2841,0.0,-18.400000000000002,14.8,24,-0.422,17,
C-B-1,2,1.24892,-29.5313,15.3051,1229,0.0,9.600000000000001,14.9,25,2841,0.0,-18.400000000000002,14.8,24,-0.422,17,
C-B-1,2,1.24991,-29.5313,15.3051,1229,0.0,9.600000000000001,14.9,25,2841,0.0,-18.400000000000002,14.8,24,-0.422,17,
C-B-1,2,1.25092,-29.5313,15.3051,1229,0.0,9.600000000000001,14.9,25,2841,0.0,-18.400000000000002,14.8,24,-0.422,17,
C-B-1,2,1.25192,-29.5313,15.3051,1229,0.0,9.600000000000001,14.9,25,2841,0.0,-18.400000000000002,14.8,24,-0.422,17,
C-B-1,2,1.25292,-29.5313,15.3051,1229,0.0,9.600000000000001,14.9,25,2841,0.0,-18.400000000000002,14.8,24,-0.422,17,
C-B-1,2,1.25392,-29.5313,15.3051,1229,0.0,9.600000000000001,14.9,25,2841,0.0,-18.400000000000002,14.8,24,-0.422,17,
C-B-1,2,1.25492,-29.5313,15.3051,1229,0.0,9.600000000000001,14.9,25,2841,0.0,-18.400000000000002,14.8,24,-0.422,17,
C-B-1,2,1.25591,-29.5313,15.3051,1229,0.0,9.600000000000001,14.9,25,2841,0.0,-18.400000000000002,14.8,24,-0.422,17,
C-B-1,2,1.25692,-29.5313,15.3051,1229,0.0,9.600000000000001,14.9,25,2841,0.0,-18.400000000000002,14.8,24,-0.422,17,
C-B-1,2,1.25792,-29.5313,15.3051,1229,0.0,9.600000000000001,14.9,25,2841,0.0,-18.400000000000002,14.8,24,-0.422,17,
C-B-1,2,1.25892,-29.5313,15.3051,1229,0.0,9.600000000000001,14.9,25,2841,0.0,-18.400000000000002,14.8,24,-0.422,17,
C-B-1,2,1.25992,-29.5313,15.3051,1229,0.0,9.600000000000001,14.9,25,2841,0.0,-18.400000000000002,14.8,24,-0.422,17,
C-B-1,2,1.26092,-29.5313,15.3051,1229,0.0,9.600000000000001,14.9,25,2841,0.0,-18.400000000000002,14.8,24,-0.422,17,
C-B-1,2,1.26192,-29.5313,15.3051,1229,0.0,9.600000000000001,14.9,25,2841,0.0,-18.400000000000002,14.8,24,-0.422,17,
C-B-1,2,1.26292,-29.5313,15.3051,1229,0.0,9.600000000000001,14.9,25,2841,0.0,-18.400000000000002,14.8,24,-0.422,17,
C-B-1,2,1.26392,-29.5313,15.3051,1229,0.0,9.600000000000001,14.9,25,2841,0.0,-18.400000000000002,14.8,24,-0.422,17,
C-B-1,2,1.26492,-29.5313,15.3051,1229,0.0,9.600000000000001,14.9,25,2841,0.0,-18.400000000000002,14.8,24,-0.422,17,
C-B-1,2,1.26592,-29.5313,15.3051,1229,0.0,9.600000000000001,14.9,25,2841,0.0,-18.400000000000002,14.8,24,-0.422,17,
C-B-1,2,1.26691,-29.5313,15.3051,1229,0.0,9.600000000000001,14.9,25,2841,0.0,-18.400000000000002,14.8,24,-0.422,17,
C-B-1,2,1.26792,-29.5313,15.3051,1229,0.0,9.600000000000001,14.9,25,2840,0.0,-19.200000000000003,14.8,24,-0.46,17,
C-B-1,2,1.26892,-29.5313,15.3051,1229,0.0,9.600000000000001,14.9,25,2840,0.0,-19.200000000000003,14.8,24,-0.46,17,
C-B-1,2,1.26992,-29.4929,15.3109,1230,0.0,10.4,14.9,25,2841,0.0,-18.400000000000002,14.8,24,-0.384,17,
C-B-1,2,1.27092,-29.5313,15.3051,1229,0.0,9.600000000000001,14.9,25,2840,-1.01,-20.900000000000002,14.8,24,-0.46,17,
C-B-1,2,1.27192,-29.5313,15.3051,1229,0.0,9.600000000000001,14.9,25,2840,0.0,-19.200000000000003,14.8,24,-0.46,17,
C-B-1,2,1.27292,-29.5313,15.3051,1229,0.0,9.600000000000001,14.9,25,2841,0.0,-18.400000000000002,14.8,24,-0.422,17,
C-B-1,2,1.27392,-29.4929,15.3109,1230,0.0,10.4,14.9,25,2840,0.0,-19.200000000000003,14.8,24,-0.422,17,
C-B-1,2,1.27492,-29.4929,15.3109,1230,0.0,10.4,14.9,25,2840,0.0,-19.200000000000003,14.8,24,-0.422,17,
C-B-1,2,1.27592,-29.4929,15.3109,1230,1.01,12.100000000000001,14.9,25,2840,0.0,-19.200000000000003,14.8,24,-0.422,17,
C-B-1,2,1.27692,-29.4929,15.3109,1230,0.0,10.4,14.9,25,2840,0.0,-19.200000000000003,14.8,24,-0.422,17,
C-B-1,2,1.27792,-29.4929,15.3109,1230,0.0,10.4,14.9,25,2840,0.0,-19.200000000000003,14.8,24,-0.422,17,
C-B-1,2,1.27892,-29.4929,15.3109,1230,0.0,10.4,14.9,25,2840,0.0,-19.200000000000003,14.8,24,-0.422,17,
C-B-1,2,1.27993,-29.4929,15.3109,1230,0.0,10.4,14.9,25,2840,0.0,-19.200000000000003,14.8,24,-0.422,17,
C-B-1,2,1.28092,-29.5313,15.3051,1229,0.0,9.600000000000001,14.9,25,2840,0.0,-19.200000000000003,14.8,24,-0.46,17,
C-B-1,2,1.28192,-29.4929,15.3109,1230,0.0,10.4,14.9,25,2840,0.0,-19.200000000000003,14.8,24,-0.422,17,
C-B-1,2,1.28293,-29.4929,15.3109,1230,0.0,10.4,14.9,25,2840,0.0,-19.200000000000003,14.8,24,-0.422,17,
C-B-1,2,1.28392,-29.5313,15.3051,1229,0.0,9.600000000000001,14.9,25,2840,0.0,-19.200000000000003,14.8,24,-0.46,17,
C-B-1,2,1.28493,-29.4929,15.3109,1230,0.0,10.4,14.9,25,2840,0.0,-19.200000000000003,14.8,24,-0.422,17,
C-B-1,2,1.28593,-29.4929,15.3109,1230,0.0,10.4,14.9,25,2840,0.0,-19.200000000000003,14.8,24,-0.422,17,
C-B-1,2,1.28693,-29.4929,15.3109,1230,0.0,10.4,14.9,25,2840,0.0,-19.200000000000003,14.8,24,-0.422,17,
C-B-1,2,1.28792,-29.4929,15.3109,1230,0.0,10.4,14.9,25,2840,0.0,-19.200000000000003,14.8,24,-0.422,17,
C-B-1,2,1.28892,-29.4929,15.3109,1230,0.0,10.4,14.9,25,2840,0.0,-19.200000000000003,14.8,24,-0.422,17,
C-B-1,2,1.28993,-29.4929,15.3109,1230,0.0,10.4,14.9,25,2839,0.0,-19.200000000000003,14.8,24,-0.46,17,
C-B-1,2,1.29093,-29.4929,15.3109,1230,0.0,10.4,14.9,25,2840,-1.01,-21.700000000000003,14.8,24,-0.422,17,
C-B-1,2,1.29193,-29.4929,15.3109,1230,0.0,10.4,14.9,25,2839,-1.01,-21.700000000000003,14.8,24,-0.46,17,
C-B-1,2,1.29293,-29.4929,15.3109,1230,0.0,10.4,14.9,25,2839,-1.01,-21.700000000000003,14.8,24,-0.46,17,
C-B-1,2,1.29393,-29.4929,15.3109,1230,0.0,10.4,14.9,25,2839,-1.01,-21.700000000000003,14.8,24,-0.46,17,
C-B-1,2,1.29493,-29.4929,15.3109,1230,0.0,10.4,14.9,25,2839,-1.01,-21.700000000000003,14.8,24,-0.46,17,
C-B-1,2,1.29593,-29.4929,15.3109,1230,0.0,10.4,14.9,25,2839,-1.01,-21.700000000000003,14.8,24,-0.46,17,
C-B-1,2,1.29693,-29.4929,15.3109,1230,0.0,10.4,14.9,25,2839,0.0,-20.0,14.8,24,-0.46,17,
C-B-1,2,1.29793,-29.4929,15.3109,1230,0.0,10.4,14.9,25,2839,0.0,-20.0,14.8,24,-0.46,17,
C-B-1,2,1.29893,-29.4929,15.3109,1230,0.0,10.4,14.1,25,2839,-1.01,-21.700000000000003,15.2,24,-0.46,17,
C-B-1,2,1.29993,-29.4545,15.3167,1231,1.01,12.9,14.1,25,2839,0.0,-20.0,15.2,24,-0.422,17,
C-B-1,2,1.30093,-29.4929,15.3109,1230,0.0,10.4,14.1,25,2839,0.0,-20.0,15.2,24,-0.46,17,
C-B-1,2,1.30195,-29.4929,15.3109,1230,0.0,10.4,14.1,25,2839,0.0,-20.0,15.2,24,-0.46,17,
C-B-1,2,1.30293,-29.4929,15.3109,1230,0.0,10.4,14.1,25,2839,-1.01,-21.700000000000003,15.2,24,-0.46,17,
C-B-1,2,1.30393,-29.4545,15.3167,1231,0.0,11.200000000000001,14.1,25,2839,0.0,-20.0,15.2,24,-0.422,17,
C-B-1,2,1.30493,-29.4929,15.3109,1230,0.0,10.4,14.1,25,2839,0.0,-20.0,15.2,24,-0.46,17,
C-B-1,2,1.30593,-29.4545,15.3167,1231,0.0,11.200000000000001,14.1,25,2839,0.0,-20.0,15.2,24,-0.422,17,
C-B-1,2,1.30693,-29.4545,15.3167,1231,0.0,11.200000000000001,14.1,25,2838,-1.01,-22.5,15.2,24,-0.46,17,
C-B-1,2,1.30793,-29.4545,15.3167,1231,0.0,11.200000000000001,14.1,25,2838,-1.01,-22.5,15.2,24,-0.46,17,
C-B-1,2,1.30893,-29.4545,15.3167,1231,0.0,11.200000000000001,14.1,25,2839,0.0,-20.0,15.2,24,-0.422,17,
C-B-1,2,1.30993,-29.4929,15.3109,1230,0.0,10.4,14.1,25,2839,0.0,-20.0,15.2,24,-0.46,17,
C-B-1,2,1.31093,-29.4545,15.3167,1231,0.0,11.200000000000001,14.1,25,2838,-1.01,-22.5,15.2,24,-0.46,17,
C-B-1,2,1.31193,-29.4545,15.3167,1231,0.0,11.200000000000001,14.1,25,2838,-1.01,-22.5,15.2,24,-0.46,17,
C-B-1,2,1.31293,-29.4545,15.3167,1231,1.01,12.9,14.1,25,2838,-1.01,-22.5,15.2,24,-0.46,17,
C-B-1,2,1.31393,-29.4545,15.3167,1231,0.0,11.200000000000001,14.1,25,2838,-1.01,-22.5,15.2,24,-0.46,17,
C-B-1,2,1.31494,-29.4545,15.3167,1231,0.0,11.200000000000001,14.1,25,2838,-1.01,-22.5,15.2,24,-0.46,17,
C-B-1,2,1.31593,-29.4929,15.3109,1230,0.0,10.4,14.1,25,2838,-1.01,-22.5,15.2,24,-0.499,17,
C-B-1,2,1.31694,-29.4545,15.3167,1231,0.0,11.200000000000001,14.1,25,2838,-1.01,-22.5,15.2,24,-0.46,17,
C-B-1,2,1.31793,-29.4545,15.3167,1231,0.0,11.200000000000001,14.1,25,2838,-1.01,-22.5,15.2,24,-0.46,17,
C-B-1,2,1.31894,-29.4545,15.3167,1231,0.0,11.200000000000001,14.1,25,2838,0.0,-20.8,15.2,24,-0.46,17,
C-B-1,2,1.31993,-29.4545,15.3167,1231,0.0,11.200000000000001,14.1,25,2838,-1.01,-22.5,15.2,24,-0.46,17,
C-B-1,2,1.32094,-29.4545,15.3167,1231,0.0,11.200000000000001,14.1,25,2838,0.0,-20.8,15.2,24,-0.46,17,
C-B-1,2,1.32193,-29.4545,15.3167,1231,0.0,11.200000000000001,14.1,25,2838,0.0,-20.8,15.2,24,-0.46,17,
C-B-1,2,1.32294,-29.4545,15.3167,1231,0.0,11.200000000000001,14.1,25,2838,0.0,-20.8,15.2,24,-0.46,17,
C-B-1,2,1.32393,-29.4545,15.3167,1231,0.0,11.200000000000001,14.1,25,2838,0.0,-20.8,15.2,24,-0.46,17,
C-B-1,2,1.32493,-29.4545,15.3167,1231,0.0,11.200000000000001,14.1,25,2838,0.0,-20.8,15.2,24,-0.46,17,
C-B-1,2,1.32594,-29.4545,15.3167,1231,0.0,11.200000000000001,14.1,25,2838,0.0,-20.8,15.2,24,-0.46,17,
C-B-1,2,1.32693,-29.4545,15.3167,1231,0.0,11.200000000000001,14.1,25,2838,0.0,-20.8,15.2,24,-0.46,17,
C-B-1,2,1.32794,-29.4545,15.3167,1231,0.0,11.200000000000001,14.1,25,2838,0.0,-20.8,15.2,24,-0.46,17,
C-B-1,2,1.32893,-29.4545,15.3167,1231,0.0,11.200000000000001,14.1,25,2838,0.0,-20.8,15.2,24,-0.46,17,
C-B-1,2,1.32994,-29.4545,15.3167,1231,0.0,11.200000000000001,14.1,25,2838,0.0,-20.8,15.2,24,-0.46,17,
C-B-1,2,1.33093,-29.4545,15.3167,1231,0.0,11.200000000000001,14.1,25,2838,0.0,-20.8,15.2,24,-0.46,17,
C-B-1,2,1.33194,-29.4545,15.3167,1231,0.0,11.200000000000001,14.1,25,2838,0.0,-20.8,15.2,24,-0.46,17,
C-B-1,2,1.33293,-29.4545,15.3167,1231,0.0,11.200000000000001,14.1,25,2838,0.0,-20.8,15.2,24,-0.46,17,
C-B-1,2,1.33394,-29.4545,15.3167,1231,0.0,11.200000000000001,14.1,25,2838,0.0,-20.8,15.2,24,-0.46,17,
C-B-1,2,1.33493,-29.4545,15.3167,1231,0.0,11.200000000000001,14.1,25,2838,0.0,-20.8,15.2,24,-0.46,17,
C-B-1,2,1.33594,-29.4545,15.3167,1231,0.0,11.200000000000001,14.1,25,2838,0.0,-20.8,15.2,24,-0.46,17,
C-B-1,2,1.33694,-29.4545,15.3167,1231,0.0,11.200000000000001,14.1,25,2838,0.0,-20.8,15.2,24,-0.46,17,
C-B-1,2,1.33794,-29.4162,15.3225,1232,0.0,12.0,14.1,25,2838,0.0,-20.8,15.2,24,-0.422,17,
C-B-1,2,1.33894,-29.4545,15.3167,1231,0.0,11.200000000000001,14.1,25,2838,0.0,-20.8,15.2,24,-0.46,17,
C-B-1,2,1.33994,-29.4545,15.3167,1231,0.0,11.200000000000001,14.1,25,2838,0.0,-20.8,15.2,24,-0.46,17,
C-B-1,2,1.34094,-29.4545,15.3167,1231,0.0,11.200000000000001,14.1,25,2838,0.0,-20.8,15.2,24,-0.46,17,
C-B-1,2,1.34194,-29.4545,15.3167,1231,0.0,11.200000000000001,14.1,25,2838,0.0,-20.8,15.2,24,-0.46,17,
C-B-1,2,1.34294,-29.4545,15.3167,1231,0.0,11.200000000000001,14.1,25,2838,0.0,-20.8,15.2,24,-0.46,17,
C-B-1,2,1.34394,-29.4545,15.3167,1231,0.0,11.200000000000001,14.1,25,2838,0.0,-20.8,15.2,24,-0.46,17,
C-B-1,2,1.34494,-29.4545,15.3167,1231,0.0,11.200000000000001,14.1,25,2838,0.0,-20.8,15.2,24,-0.46,17,
C-B-1,2,1.34594,-29.4545,15.3167,1231,0.0,11.200000000000001,14.1,25,2838,0.0,-20.8,15.2,24,-0.46,17,
C-B-1,2,1.34694,-29.4545,15.3167,1231,0.0,11.200000000000001,14.1,25,2838,0.0,-20.8,15.2,24,-0.46,17,
C-B-1,2,1.34794,-29.4162,15.3225,1232,0.0,12.0,14.1,25,2838,0.0,-20.8,15.2,24,-0.422,17,
C-B-1,2,1.34894,-29.4545,15.3167,1231,0.0,11.200000000000001,14.1,25,2838,0.0,-20.8,15.2,24,-0.46,17,
C-B-1,2,1.34994,-29.4545,15.3167,1231,0.0,11.200000000000001,14.1,25,2838,0.0,-20.8,15.2,24,-0.46,17,
C-B-1,2,1.35094,-29.4545,15.3167,1231,0.0,11.200000000000001,14.1,25,2838,0.0,-20.8,15.2,24,-0.46,17,
C-B-1,2,1.35194,-29.4545,15.3167,1231,0.0,11.200000000000001,14.1,25,2838,0.0,-20.8,15.2,24,-0.46,17,
C-B-1,2,1.35294,-29.4545,15.3167,1231,0.0,11.200000000000001,14.1,25,2838,0.0,-20.8,15.2,24,-0.46,17,
C-B-1,2,1.35394,-29.4545,15.3167,1231,0.0,11.200000000000001,14.1,25,2838,0.0,-20.8,15.2,24,-0.46,17,
C-B-1,2,1.35494,-29.4545,15.3167,1231,0.0,11.200000000000001,14.1,25,2838,0.0,-20.8,15.2,24,-0.46,17,
C-B-1,2,1.35594,-29.4545,15.3167,1231,0.0,11.200000000000001,14.1,25,2838,0.0,-20.8,15.2,24,-0.46,17,
C-B-1,2,1.35694,-29.4162,15.3225,1232,0.0,12.0,14.1,25,2838,0.0,-20.8,15.2,25,-0.422,17,
C-B-1,2,1.35794,-29.4545,15.3167,1231,0.0,11.200000000000001,14.1,25,2838,0.0,-20.8,15.2,25,-0.46,17,
C-B-1,2,1.35894,-29.4545,15.3167,1231,0.0,11.200000000000001,14.1,25,2838,0.0,-20.8,15.2,25,-0.46,17,
C-B-1,2,1.35994,-29.4545,15.3167,1231,0.0,11.200000000000001,14.1,25,2838,0.0,-20.8,15.2,25,-0.46,17,
C-B-1,2,1.36094,-29.4545,15.3167,1231,0.0,11.200000000000001,14.1,25,2838,0.0,-20.8,15.2,25,-0.46,17,
C-B-1,2,1.36194,-29.4545,15.3167,1231,0.0,11.200000000000001,14.1,25,2838,0.0,-20.8,15.2,25,-0.46,17,
C-B-1,2,1.36294,-29.4545,15.3167,1231,0.0,11.200000000000001,14.1,25,2838,0.0,-20.8,15.2,25,-0.46,17,
C-B-1,2,1.36395,-29.4545,15.3167,1231,0.0,11.200000000000001,14.1,25,2838,0.0,-20.8,15.2,25,-0.46,17,
C-B-1,2,1.36494,-29.4545,15.3167,1231,0.0,11.200000000000001,14.1,25,2838,0.0,-20.8,15.2,25,-0.46,17,
C-B-1,2,1.36595,-29.4545,15.3167,1231,0.0,11.200000000000001,14.1,25,2838,0.0,-20.8,15.2,25,-0.46,17,
C-B-1,2,1.36694,-29.4545,15.3167,1231,0.0,11.200000000000001,14.1,25,2838,0.0,-20.8,15.2,25,-0.46,17,
C-B-1,2,1.36794,-29.4545,15.3167,1231,0.0,11.200000000000001,14.1,25,2838,0.0,-20.8,15.2,25,-0.46,17,
C-B-1,2,1.36895,-29.4545,15.3167,1231,0.0,11.200000000000001,14.1,25,2838,0.0,-20.8,15.2,25,-0.46,17,
C-B-1,2,1.36994,-29.4545,15.3167,1231,0.0,11.200000000000001,14.1,25,2838,0.0,-20.8,15.2,25,-0.46,17,
C-B-1,2,1.37094,-29.4545,15.3167,1231,0.0,11.200000000000001,14.1,25,2838,0.0,-20.8,15.2,25,-0.46,17,
C-B-1,2,1.37195,-29.4545,15.3167,1231,0.0,11.200000000000001,14.1,25,2838,0.0,-20.8,15.2,25,-0.46,17,
C-B-1,2,1.37294,-29.4545,15.3167,1231,0.0,11.200000000000001,14.1,25,2838,0.0,-20.8,15.2,25,-0.46,17,
C-B-1,2,1.37395,-29.4545,15.3167,1231,0.0,11.200000000000001,14.1,25,2838,0.0,-20.8,15.2,25,-0.46,17,
C-B-1,2,1.37494,-29.4545,15.3167,1231,0.0,11.200000000000001,14.1,25,2838,0.0,-20.8,15.2,25,-0.46,17,
C-B-1,2,1.37595,-29.4545,15.3167,1231,0.0,11.200000000000001,14.1,25,2838,0.0,-20.8,15.2,25,-0.46,17,
C-B-1,2,1.37694,-29.4545,15.3167,1231,0.0,11.200000000000001,14.1,25,2838,0.0,-20.8,15.2,25,-0.46,17,
C-B-1,2,1.37795,-29.4545,15.3167,1231,0.0,11.200000000000001,14.1,25,2838,0.0,-20.8,15.2,25,-0.46,17,
C-B-1,2,1.37894,-29.4545,15.3167,1231,0.0,11.200000000000001,14.1,25,2838,0.0,-20.8,15.2,25,-0.46,17,
C-B-1,2,1.37994,-29.4545,15.3167,1231,0.0,11.200000000000001,14.1,25,2838,0.0,-20.8,15.2,25,-0.46,17,
C-B-1,2,1.38095,-29.4545,15.3167,1231,0.0,11.200000000000001,14.1,25,2838,0.0,-20.8,15.2,25,-0.46,17,
C-B-1,2,1.38195,-29.4545,15.3167,1231,0.0,11.200000000000001,14.1,25,2838,0.0,-20.8,15.2,25,-0.46,17,
C-B-1,2,1.38295,-29.4545,15.3167,1231,0.0,11.200000000000001,14.1,25,2838,0.0,-20.8,15.2,25,-0.46,17,
C-B-1,2,1.38395,-29.4545,15.3167,1231,0.0,11.200000000000001,14.1,25,2838,0.0,-20.8,15.2,25,-0.46,17,
C-B-1,2,1.38495,-29.4545,15.3167,1231,0.0,11.200000000000001,14.1,25,2838,0.0,-20.8,15.2,25,-0.46,17,
C-B-1,2,1.38595,-29.4545,15.3167,1231,0.0,11.200000000000001,14.1,25,2838,0.0,-20.8,15.2,25,-0.46,17,
C-B-1,2,1.38695,-29.4545,15.3167,1231,0.0,11.200000000000001,14.1,25,2838,0.0,-20.8,15.2,25,-0.46,17,
C-B-1,2,1.38795,-29.4545,15.3167,1231,0.0,11.200000000000001,14.1,25,2838,0.0,-20.8,15.2,25,-0.46,17,
C-B-1,2,1.38895,-29.4545,15.3167,1231,0.0,11.200000000000001,14.1,25,2838,0.0,-20.8,15.2,25,-0.46,17,
C-B-1,2,1.38995,-29.4545,15.3167,1231,0.0,11.200000000000001,14.1,25,2838,0.0,-20.8,15.2,25,-0.46,17,
C-B-1,2,1.39095,-29.4545,15.3167,1231,0.0,11.200000000000001,14.1,25,2838,0.0,-20.8,15.2,25,-0.46,17,
C-B-1,2,1.39195,-29.4545,15.3167,1231,0.0,11.200000000000001,14.1,25,2838,0.0,-20.8,15.2,25,-0.46,17,
C-B-1,2,1.39295,-29.4545,15.3167,1231,0.0,11.200000000000001,14.1,25,2838,0.0,-20.8,15.2,25,-0.46,17,
C-B-1,2,1.39395,-29.4929,15.3109,1230,0.0,10.4,14.1,25,2839,0.0,-20.0,15.2,25,-0.46,17,
C-B-1,2,1.39495,-29.4929,15.3109,1230,0.0,10.4,14.1,25,2839,0.0,-20.0,15.2,25,-0.46,17,
C-B-1,2,1.39595,-29.4545,15.3167,1231,0.0,11.200000000000001,14.1,25,2839,0.0,-20.0,15.2,25,-0.422,17,
C-B-1,2,1.39694,-29.4929,15.3109,1230,0.0,10.4,14.1,25,2839,0.0,-20.0,15.2,25,-0.46,17,
C-B-1,2,1.39796,-29.4929,15.3109,1230,0.0,10.4,14.1,25,2839,0.0,-20.0,15.2,25,-0.46,17,
C-B-1,2,1.39895,-29.4929,15.3109,1230,0.0,10.4,14.1,25,2839,0.0,-20.0,15.2,25,-0.46,17,
C-B-1,2,1.39995,-29.4929,15.3109,1230,0.0,10.4,14.1,25,2839,0.0,-20.0,15.2,25,-0.46,17,
C-B-1,2,1.40095,-29.4929,15.3109,1230,0.0,10.4,14.1,25,2839,0.0,-20.0,15.2,25,-0.46,17,
C-B-1,2,1.40195,-29.4929,15.3109,1230,0.0,10.4,14.1,25,2839,0.0,-20.0,15.2,25,-0.46,17,
C-B-1,2,1.40295,-29.4929,15.3109,1230,0.0,10.4,14.1,25,2839,0.0,-20.0,15.2,25,-0.46,17,
C-B-1,2,1.40395,-29.4929,15.3109,1230,0.0,10.4,14.1,25,2839,0.0,-20.0,15.2,25,-0.46,17,
C-B-1,2,1.40495,-29.4929,15.3109,1230,0.0,10.4,14.1,25,2839,0.0,-20.0,15.2,25,-0.46,17,
C-B-1,2,1.40595,-29.4929,15.3109,1230,0.0,10.4,14.1,25,2839,0.0,-20.0,15.2,25,-0.46,17,
C-B-1,2,1.40695,-29.4929,15.3109,1230,0.0,10.4,14.1,25,2839,0.0,-20.0,15.2,25,-0.46,17,
C-B-1,2,1.40795,-29.4929,15.3109,1230,0.0,10.4,14.1,25,2839,0.0,-20.0,15.2,25,-0.46,17,
C-B-1,2,1.40895,-29.4929,15.3109,1230,0.0,10.4,14.1,25,2839,0.0,-20.0,15.2,25,-0.46,17,
C-B-1,2,1.40995,-29.4929,15.3109,1230,0.0,10.4,14.1,25,2839,0.0,-20.0,15.2,25,-0.46,17,
C-B-1,2,1.41095,-29.4929,15.3109,1230,0.0,10.4,14.1,25,2839,0.0,-20.0,15.2,25,-0.46,17,
C-B-1,2,1.41195,-29.4929,15.3109,1230,0.0,10.4,14.1,25,2839,0.0,-20.0,15.2,25,-0.46,17,
C-B-1,2,1.41295,-29.4929,15.3109,1230,0.0,10.4,14.1,25,2839,0.0,-20.0,15.2,25,-0.46,17,
C-B-1,2,1.41395,-29.4929,15.3109,1230,0.0,10.4,14.1,25,2839,0.0,-20.0,15.2,25,-0.46,17,
C-B-1,2,1.41496,-29.4929,15.3109,1230,0.0,10.4,14.1,25,2839,0.0,-20.0,15.2,25,-0.46,17,
C-B-1,2,1.41595,-29.4929,15.3109,1230,0.0,10.4,14.0,25,2839,0.0,-20.0,15.2,25,-0.46,17,
C-B-1,2,1.41696,-29.4929,15.3109,1230,0.0,10.4,14.0,25,2839,0.0,-20.0,15.2,25,-0.46,17,
C-B-1,2,1.41796,-29.4929,15.3109,1230,0.0,10.4,14.0,25,2840,1.01,-17.5,15.2,25,-0.422,17,
C-B-1,2,1.41896,-29.4929,15.3109,1230,0.0,10.4,14.0,25,2840,1.01,-17.5,15.2,25,-0.422,17,
C-B-1,2,1.41995,-29.4929,15.3109,1230,0.0,10.4,14.0,25,2840,1.01,-17.5,15.2,25,-0.422,17,
C-B-1,2,1.42095,-29.4929,15.3109,1230,0.0,10.4,14.0,25,2840,1.01,-17.5,15.2,25,-0.422,17,
C-B-1,2,1.42196,-29.4929,15.3109,1230,0.0,10.4,14.0,25,2840,0.0,-19.200000000000003,15.2,25,-0.422,17,
C-B-1,2,1.42295,-29.4929,15.3109,1230,0.0,10.4,14.0,25,2840,0.0,-19.200000000000003,15.2,25,-0.422,17,
C-B-1,2,1.42396,-29.4929,15.3109,1230,0.0,10.4,14.0,25,2840,0.0,-19.200000000000003,15.2,25,-0.422,17,
C-B-1,2,1.42495,-29.4929,15.3109,1230,0.0,10.4,14.0,25,2840,0.0,-19.200000000000003,15.2,25,-0.422,17,
C-B-1,2,1.42596,-29.4929,15.3109,1230,0.0,10.4,14.0,25,2840,0.0,-19.200000000000003,15.2,25,-0.422,17,
C-B-1,2,1.42696,-29.4929,15.3109,1230,0.0,10.4,14.0,25,2840,0.0,-19.200000000000003,15.2,25,-0.422,17,
C-B-1,2,1.42796,-29.4929,15.3109,1230,0.0,10.4,14.0,25,2840,0.0,-19.200000000000003,15.2,25,-0.422,17,
C-B-1,2,1.42896,-29.4929,15.3109,1230,0.0,10.4,14.0,25,2840,0.0,-19.200000000000003,15.2,25,-0.422,17,
C-B-1,2,1.42996,-29.4929,15.3109,1230,0.0,10.4,14.0,25,2840,0.0,-19.200000000000003,15.2,25,-0.422,17,
C-B-1,2,1.43096,-29.4929,15.3109,1230,0.0,10.4,14.0,25,2840,0.0,-19.200000000000003,15.2,25,-0.422,17,
C-B-1,2,1.43196,-29.5313,15.3051,1229,0.0,9.600000000000001,14.0,25,2840,0.0,-19.200000000000003,15.2,25,-0.46,17,
C-B-1,2,1.43296,-29.4929,15.3109,1230,0.0,10.4,14.0,25,2840,0.0,-19.200000000000003,15.2,25,-0.422,17,
C-B-1,2,1.43396,-29.4929,15.3109,1230,0.0,10.4,14.0,25,2840,0.0,-19.200000000000003,15.2,25,-0.422,17,
C-B-1,2,1.43496,-29.5313,15.3051,1229,0.0,9.600000000000001,14.0,25,2840,0.0,-19.200000000000003,15.2,25,-0.46,17,
C-B-1,2,1.43596,-29.5313,15.3051,1229,0.0,9.600000000000001,14.0,25,2840,0.0,-19.200000000000003,15.2,25,-0.46,17,
C-B-1,2,1.43696,-29.4929,15.3109,1230,0.0,10.4,14.0,25,2840,0.0,-19.200000000000003,15.2,25,-0.422,17,
C-B-1,2,1.43796,-29.4929,15.3109,1230,0.0,10.4,14.0,25,2840,0.0,-19.200000000000003,15.2,25,-0.422,17,
C-B-1,2,1.43896,-29.5313,15.3051,1229,0.0,9.600000000000001,14.0,25,2840,0.0,-19.200000000000003,15.2,25,-0.46,17,
C-B-1,2,1.43996,-29.5313,15.3051,1229,0.0,9.600000000000001,14.0,25,2840,0.0,-19.200000000000003,15.2,25,-0.46,17,
C-B-1,2,1.44096,-29.4929,15.3109,1230,0.0,10.4,14.0,25,2840,0.0,-19.200000000000003,15.2,25,-0.422,17,
C-B-1,2,1.44196,-29.5313,15.3051,1229,0.0,9.600000000000001,14.0,25,2840,0.0,-19.200000000000003,15.2,25,-0.46,17,
C-B-1,2,1.44296,-29.5313,15.3051,1229,0.0,9.600000000000001,14.0,25,2840,0.0,-19.200000000000003,15.2,25,-0.46,17,
C-B-1,2,1.44396,-29.5313,15.3051,1229,0.0,9.600000000000001,14.0,25,2840,0.0,-19.200000000000003,15.2,25,-0.46,17,
C-B-1,2,1.44496,-29.5313,15.3051,1229,0.0,9.600000000000001,14.0,25,2840,0.0,-19.200000000000003,15.2,25,-0.46,17,
C-B-1,2,1.44596,-29.5313,15.3051,1229,0.0,9.600000000000001,14.0,25,2840,0.0,-19.200000000000003,15.2,25,-0.46,17,
C-B-1,2,1.44696,-29.5313,15.3051,1229,0.0,9.600000000000001,14.0,25,2840,0.0,-19.200000000000003,15.2,25,-0.46,17,
C-B-1,2,1.44796,-29.5313,15.3051,1229,0.0,9.600000000000001,14.0,25,2840,0.0,-19.200000000000003,15.2,25,-0.46,17,
C-B-1,2,1.44896,-29.5313,15.3051,1229,0.0,9.600000000000001,14.0,25,2840,0.0,-19.200000000000003,15.2,25,-0.46,17,
C-B-1,2,1.44996,-29.5313,15.3051,1229,0.0,9.600000000000001,14.0,25,2840,0.0,-19.200000000000003,15.2,25,-0.46,17,
C-B-1,2,1.45096,-29.4929,15.3109,1230,0.0,10.4,14.0,25,2840,0.0,-19.200000000000003,15.2,25,-0.422,17,
C-B-1,2,1.45196,-29.5313,15.3051,1229,0.0,9.600000000000001,14.0,25,2840,0.0,-19.200000000000003,15.2,25,-0.46,17,
C-B-1,2,1.45296,-29.5313,15.3051,1229,0.0,9.600000000000001,14.0,25,2840,0.0,-19.200000000000003,15.2,25,-0.46,17,
C-B-1,2,1.45396,-29.5313,15.3051,1229,0.0,9.600000000000001,14.0,25,2840,0.0,-19.200000000000003,15.2,25,-0.46,17,
C-B-1,2,1.45496,-29.5313,15.3051,1229,0.0,9.600000000000001,14.0,25,2840,0.0,-19.200000000000003,15.2,25,-0.46,17,
C-B-1,2,1.45596,-29.5313,15.3051,1229,0.0,9.600000000000001,14.0,25,2840,0.0,-19.200000000000003,15.2,25,-0.46,17,
C-B-1,2,1.45697,-29.5313,15.3051,1229,0.0,9.600000000000001,14.0,25,2840,0.0,-19.200000000000003,15.2,25,-0.46,17,
C-B-1,2,1.45796,-29.5313,15.3051,1229,0.0,9.600000000000001,14.0,25,2840,0.0,-19.200000000000003,15.2,25,-0.46,17,
C-B-1,2,1.45895,-29.5313,15.3051,1229,0.0,9.600000000000001,14.0,25,2840,0.0,-19.200000000000003,15.2,25,-0.46,17,
C-B-1,2,1.45996,-29.5313,15.3051,1229,0.0,9.600000000000001,14.0,25,2840,0.0,-19.200000000000003,15.2,25,-0.46,17,
C-B-1,2,1.46096,-29.5313,15.3051,1229,0.0,9.600000000000001,14.0,25,2840,0.0,-19.200000000000003,15.2,25,-0.46,17,
C-B-1,2,1.46196,-29.5313,15.3051,1229,0.0,9.600000000000001,14.0,25,2840,0.0,-19.200000000000003,15.2,25,-0.46,17,
C-B-1,2,1.46296,-29.5313,15.3051,1229,0.0,9.600000000000001,14.0,25,2840,0.0,-19.200000000000003,15.2,25,-0.46,17,
C-B-1,2,1.46395,-29.5313,15.3051,1229,0.0,9.600000000000001,14.0,25,2840,0.0,-19.200000000000003,15.2,25,-0.46,17,
C-B-1,2,1.46496,-29.5313,15.3051,1229,0.0,9.600000000000001,14.0,25,2841,0.0,-18.400000000000002,15.2,25,-0.422,17,
C-B-1,2,1.46596,-29.5313,15.3051,1229,0.0,9.600000000000001,14.0,25,2840,0.0,-19.200000000000003,15.2,25,-0.46,17,
C-B-1,2,1.46695,-29.5313,15.3051,1229,0.0,9.600000000000001,14.0,25,2840,0.0,-19.200000000000003,15.2,25,-0.46,17,
C-B-1,2,1.46796,-29.5313,15.3051,1229,0.0,9.600000000000001,14.0,25,2840,0.0,-19.200000000000003,15.2,25,-0.46,17,
C-B-1,2,1.46896,-29.5313,15.3051,1229,0.0,9.600000000000001,14.0,25,2840,0.0,-19.200000000000003,15.2,25,-0.46,17,
C-B-1,2,1.46995,-29.5313,15.3051,1229,0.0,9.600000000000001,14.0,25,2841,0.0,-18.400000000000002,15.2,25,-0.422,17,
C-B-1,2,1.47097,-29.5313,15.3051,1229,0.0,9.600000000000001,14.0,25,2840,0.0,-19.200000000000003,15.2,25,-0.46,17,
C-B-1,2,1.47196,-29.5313,15.3051,1229,0.0,9.600000000000001,14.0,25,2840,0.0,-19.200000000000003,15.2,25,-0.46,17,
C-B-1,2,1.47295,-29.5313,15.3051,1229,0.0,9.600000000000001,14.0,25,2840,0.0,-19.200000000000003,15.2,24,-0.46,17,
C-B-1,2,1.47397,-29.5313,15.3051,1229,0.0,9.600000000000001,14.0,25,2840,0.0,-19.200000000000003,15.2,24,-0.46,17,
C-B-1,2,1.47495,-29.4929,15.3109,1230,0.0,10.4,14.0,25,2840,0.0,-19.200000000000003,15.2,24,-0.422,17,
C-B-1,2,1.47597,-29.5313,15.3051,1229,0.0,9.600000000000001,14.0,25,2840,0.0,-19.200000000000003,15.2,24,-0.46,17,
C-B-1,2,1.47695,-29.5313,15.3051,1229,0.0,9.600000000000001,14.0,25,2840,0.0,-19.200000000000003,15.2,24,-0.46,17,
C-B-1,2,1.47797,-29.5313,15.3051,1229,0.0,9.600000000000001,14.0,25,2840,0.0,-19.200000000000003,15.2,24,-0.46,17,
C-B-1,2,1.47895,-29.5313,15.3051,1229,0.0,9.600000000000001,14.0,25,2840,0.0,-19.200000000000003,15.2,24,-0.46,17,
C-B-1,2,1.47997,-29.5313,15.3051,1229,0.0,9.600000000000001,14.0,25,2840,0.0,-19.200000000000003,15.2,24,-0.46,17,
C-B-1,2,1.48097,-29.4929,15.3109,1230,0.0,10.4,14.0,25,2840,0.0,-19.200000000000003,15.2,24,-0.422,17,
C-B-1,2,1.48195,-29.5313,15.3051,1229,0.0,9.600000000000001,14.0,25,2840,0.0,-19.200000000000003,15.2,24,-0.46,17,
C-B-1,2,1.48297,-29.5313,15.3051,1229,0.0,9.600000000000001,14.0,25,2840,0.0,-19.200000000000003,15.2,24,-0.46,17,
C-B-1,2,1.48395,-29.4929,15.3109,1230,0.0,10.4,14.0,25,2840,0.0,-19.200000000000003,15.2,24,-0.422,17,
C-B-1,2,1.48497,-29.4929,15.3109,1230,0.0,10.4,14.0,25,2840,0.0,-19.200000000000003,15.2,24,-0.422,17,
C-B-1,2,1.48595,-29.5313,15.3051,1229,0.0,9.600000000000001,14.0,25,2840,0.0,-19.200000000000003,15.2,24,-0.46,17,
C-B-1,2,1.48697,-29.4929,15.3109,1230,0.0,10.4,14.0,25,2840,0.0,-19.200000000000003,15.2,24,-0.422,17,
C-B-1,2,1.48795,-29.4929,15.3109,1230,0.0,10.4,14.0,25,2840,0.0,-19.200000000000003,15.2,24,-0.422,17,
C-B-1,2,1.48897,-29.4929,15.3109,1230,0.0,10.4,14.0,25,2840,0.0,-19.200000000000003,15.2,24,-0.422,17,
C-B-1,2,1.48997,-29.4929,15.3109,1230,0.0,10.4,14.0,25,2840,0.0,-19.200000000000003,15.2,24,-0.422,17,
C-B-1,2,1.49097,-29.4929,15.3109,1230,0.0,10.4,14.0,25,2840,0.0,-19.200000000000003,15.2,24,-0.422,17,
C-B-1,2,1.49195,-29.4929,15.3109,1230,0.0,10.4,14.0,25,2840,0.0,-19.200000000000003,15.2,24,-0.422,17,
C-B-1,2,1.49297,-29.4929,15.3109,1230,0.0,10.4,14.0,25,2840,0.0,-19.200000000000003,15.2,24,-0.422,17,
C-B-1,2,1.49395,-29.4929,15.3109,1230,0.0,10.4,14.0,25,2840,0.0,-19.200000000000003,15.2,24,-0.422,17,
C-B-1,2,1.49497,-29.4929,15.3109,1230,0.0,10.4,14.0,25,2840,0.0,-19.200000000000003,15.2,24,-0.422,17,
C-B-1,2,1.49595,-29.4929,15.3109,1230,0.0,10.4,14.0,25,2839,0.0,-20.0,15.2,24,-0.46,17,
C-B-1,2,1.49697,-29.4929,15.3109,1230,0.0,10.4,14.0,25,2839,0.0,-20.0,15.2,24,-0.46,17,
C-B-1,2,1.49795,-29.4929,15.3109,1230,0.0,10.4,14.0,25,2840,0.0,-19.200000000000003,15.2,24,-0.422,17,
C-B-1,2,1.49898,-29.4929,15.3109,1230,0.0,10.4,14.0,25,2839,-1.01,-21.700000000000003,15.2,24,-0.46,17,
C-B-1,2,1.49996,-29.4929,15.3109,1230,0.0,10.4,14.0,25,2839,0.0,-20.0,15.2,24,-0.46,17,
C-B-1,2,1.50097,-29.4929,15.3109,1230,0.0,10.4,14.0,25,2840,0.0,-19.200000000000003,15.2,24,-0.422,17,
C-B-1,2,1.50196,-29.4929,15.3109,1230,0.0,10.4,14.0,25,2839,0.0,-20.0,15.2,24,-0.46,17,
C-B-1,2,1.50297,-29.4929,15.3109,1230,0.0,10.4,14.0,25,2839,0.0,-20.0,15.2,24,-0.46,17,
C-B-1,2,1.50396,-29.4929,15.3109,1230,0.0,10.4,14.0,25,2839,0.0,-20.0,15.2,24,-0.46,17,
C-B-1,2,1.50497,-29.4929,15.3109,1230,0.0,10.4,14.0,25,2839,0.0,-20.0,15.2,24,-0.46,17,
C-B-1,2,1.50596,-29.4929,15.3109,1230,0.0,10.4,14.0,25,2839,0.0,-20.0,15.2,24,-0.46,17,
C-B-1,2,1.50695,-29.4929,15.3109,1230,0.0,10.4,14.0,25,2839,0.0,-20.0,15.2,24,-0.46,17,
C-B-1,2,1.50795,-29.4929,15.3109,1230,0.0,10.4,14.0,25,2839,0.0,-20.0,15.2,24,-0.46,17,
C-B-1,2,1.50895,-29.4929,15.3109,1230,0.0,10.4,14.0,25,2839,0.0,-20.0,15.2,24,-0.46,17,
C-B-1,2,1.50995,-29.4929,15.3109,1230,0.0,10.4,14.0,25,2839,0.0,-20.0,15.2,24,-0.46,17,
C-B-1,2,1.51095,-29.4929,15.3109,1230,0.0,10.4,14.0,25,2839,0.0,-20.0,15.2,24,-0.46,17,
C-B-1,2,1.51196,-29.4929,15.3109,1230,0.0,10.4,14.0,25,2839,0.0,-20.0,15.2,24,-0.46,17,
C-B-1,2,1.51295,-29.4929,15.3109,1230,0.0,10.4,14.0,25,2839,0.0,-20.0,15.2,24,-0.46,17,
C-B-1,2,1.51396,-29.4929,15.3109,1230,0.0,10.4,14.0,25,2839,0.0,-20.0,15.2,24,-0.46,17,
C-B-1,2,1.51495,-29.4545,15.3167,1231,1.01,12.9,14.0,25,2839,0.0,-20.0,15.2,24,-0.422,17,
C-B-1,2,1.51596,-29.4929,15.3109,1230,0.0,10.4,14.0,25,2839,0.0,-20.0,15.2,24,-0.46,17,
C-B-1,2,1.51695,-29.4929,15.3109,1230,0.0,10.4,14.0,25,2839,0.0,-20.0,15.2,24,-0.46,17,
C-B-1,2,1.51796,-29.4929,15.3109,1230,0.0,10.4,14.0,25,2839,0.0,-20.0,15.2,24,-0.46,17,
C-B-1,2,1.51895,-29.4929,15.3109,1230,0.0,10.4,14.0,25,2839,0.0,-20.0,15.2,24,-0.46,17,
C-B-1,2,1.51996,-29.4929,15.3109,1230,0.0,10.4,14.0,25,2839,0.0,-20.0,15.2,24,-0.46,17,
C-B-1,2,1.52096,-29.4929,15.3109,1230,0.0,10.4,14.0,25,2839,0.0,-20.0,15.2,24,-0.46,17,
C-B-1,2,1.52197,-29.4929,15.3109,1230,0.0,10.4,14.0,25,2839,0.0,-20.0,15.2,24,-0.46,17,
C-B-1,2,1.52296,-29.4929,15.3109,1230,0.0,10.4,14.0,25,2839,0.0,-20.0,15.2,24,-0.46,17,
C-B-1,2,1.52395,-29.4929,15.3109,1230,0.0,10.4,14.0,25,2839,0.0,-20.0,15.2,24,-0.46,17,
C-B-1,2,1.52496,-29.4929,15.3109,1230,0.0,10.4,14.0,25,2839,0.0,-20.0,15.2,24,-0.46,17,
C-B-1,2,1.52596,-29.4929,15.3109,1230,0.0,10.4,14.0,25,2839,0.0,-20.0,15.2,24,-0.46,17,
C-B-1,2,1.52696,-29.4545,15.3167,1231,0.0,11.200000000000001,14.0,25,2839,0.0,-20.0,15.2,24,-0.422,17,
C-B-1,2,1.52796,-29.4929,15.3109,1230,0.0,10.4,14.0,25,2839,0.0,-20.0,15.2,24,-0.46,17,
C-B-1,2,1.52896,-29.4929,15.3109,1230,0.0,11.200000000000001,14.0,25,2839,0.0,-20.0,15.2,24,-0.46,17,
C-B-1,2,1.52996,-29.4545,15.3167,1231,0.0,11.200000000000001,14.0,25,2838,-1.01,-22.5,15.2,24,-0.46,17,
C-B-1,2,1.53096,-29.4545,15.3167,1231,0.0,11.200000000000001,14.0,25,2839,0.0,-20.0,15.2,24,-0.422,17,
C-B-1,2,1.53196,-29.4545,15.3167,1231,0.0,11.200000000000001,14.9,25,2839,0.0,-20.0,14.8,24,-0.422,17,
C-B-1,2,1.53296,-29.4545,15.3167,1231,0.0,11.200000000000001,14.9,25,2839,0.0,-20.0,14.8,24,-0.422,17,
C-B-1,2,1.53396,-29.4545,15.3167,1231,0.0,11.200000000000001,14.9,25,2839,0.0,-20.0,14.8,24,-0.422,17,
C-B-1,2,1.53496,-29.4545,15.3167,1231,0.0,11.200000000000001,14.9,25,2839,0.0,-20.0,14.8,24,-0.422,17,
C-B-1,2,1.53596,-29.4545,15.3167,1231,0.0,11.200000000000001,14.9,25,2839,0.0,-20.0,14.8,24,-0.422,17,
C-B-1,2,1.53696,-29.4545,15.3167,1231,0.0,11.200000000000001,14.9,25,2838,0.0,-20.8,14.8,24,-0.46,17,
C-B-1,2,1.53796,-29.4545,15.3167,1231,0.0,11.200000000000001,14.9,25,2839,0.0,-20.0,14.8,24,-0.422,17,
C-B-1,2,1.53896,-29.4545,15.3167,1231,0.0,11.200000000000001,14.9,25,2838,0.0,-20.8,14.8,24,-0.46,17,
C-B-1,2,1.53996,-29.4545,15.3167,1231,0.0,11.200000000000001,14.9,25,2838,0.0,-20.8,14.8,24,-0.46,17,
C-B-1,2,1.54096,-29.4929,15.3109,1230,0.0,10.4,14.9,25,2838,0.0,-20.8,14.8,24,-0.499,17,
C-B-1,2,1.54196,-29.4545,15.3167,1231,0.0,11.200000000000001,14.9,25,2838,0.0,-20.8,14.8,24,-0.46,17,
C-B-1,2,1.54296,-29.4545,15.3167,1231,0.0,11.200000000000001,14.9,25,2838,0.0,-20.8,14.8,24,-0.46,17,
C-B-1,2,1.54396,-29.4545,15.3167,1231,0.0,11.200000000000001,14.9,25,2838,0.0,-20.8,14.8,24,-0.46,17,
C-B-1,2,1.54496,-29.4545,15.3167,1231,0.0,11.200000000000001,14.9,25,2838,0.0,-20.8,14.8,24,-0.46,17,
C-B-1,2,1.54597,-29.4929,15.3109,1230,0.0,10.4,14.9,25,2838,0.0,-20.8,14.8,24,-0.499,17,
C-B-1,2,1.54696,-29.4545,15.3167,1231,0.0,11.200000000000001,14.9,25,2838,0.0,-20.8,14.8,24,-0.46,17,
C-B-1,2,1.54797,-29.4545,15.3167,1231,0.0,11.200000000000001,14.9,25,2838,0.0,-20.8,14.8,24,-0.46,17,
C-B-1,2,1.54896,-29.4545,15.3167,1231,0.0,11.200000000000001,14.9,25,2838,0.0,-20.8,14.8,24,-0.46,17,
C-B-1,2,1.54996,-29.4929,15.3109,1230,0.0,10.4,14.9,25,2838,0.0,-20.8,14.8,24,-0.499,17,
C-B-1,2,1.55097,-29.4545,15.3167,1231,0.0,11.200000000000001,14.9,25,2839,0.0,-20.0,14.8,24,-0.422,17,
C-B-1,2,1.55196,-29.4545,15.3167,1231,0.0,11.200000000000001,14.9,25,2838,0.0,-20.8,14.8,24,-0.46,17,
C-B-1,2,1.55297,-29.4545,15.3167,1231,0.0,11.200000000000001,14.9,25,2838,0.0,-20.8,14.8,24,-0.46,17,
C-B-1,2,1.55396,-29.4545,15.3167,1231,0.0,11.200000000000001,14.9,25,2838,0.0,-20.8,14.8,24,-0.46,17,
C-B-1,2,1.55496,-29.4545,15.3167,1231,0.0,11.200000000000001,14.9,25,2838,0.0,-20.8,14.8,24,-0.46,17,
C-B-1,2,1.55597,-29.4545,15.3167,1231,0.0,11.200000000000001,14.9,25,2838,0.0,-20.8,14.8,24,-0.46,17,
C-B-1,2,1.55696,-29.4545,15.3167,1231,0.0,11.200000000000001,14.9,25,2838,0.0,-20.8,14.8,24,-0.46,17,
C-B-1,2,1.55797,-29.4545,15.3167,1231,0.0,11.200000000000001,14.9,25,2838,0.0,-20.8,14.8,24,-0.46,17,
C-B-1,2,1.55896,-29.4545,15.3167,1231,0.0,11.200000000000001,14.9,25,2838,0.0,-20.8,14.8,24,-0.46,17,
C-B-1,2,1.55997,-29.4545,15.3167,1231,0.0,11.200000000000001,14.9,25,2838,0.0,-20.8,14.8,24,-0.46,17,
C-B-1,2,1.56097,-29.4545,15.3167,1231,0.0,11.200000000000001,14.9,25,2838,0.0,-20.8,14.8,24,-0.46,17,
C-B-1,2,1.56196,-29.4545,15.3167,1231,0.0,11.200000000000001,14.9,25,2838,0.0,-20.8,14.8,24,-0.46,17,
C-B-1,2,1.56297,-29.4545,15.3167,1231,0.0,11.200000000000001,14.9,25,2838,0.0,-20.8,14.8,24,-0.46,17,
C-B-1,2,1.56396,-29.4545,15.3167,1231,0.0,11.200000000000001,14.9,25,2838,0.0,-20.8,14.8,24,-0.46,17,
C-B-1,2,1.56497,-29.4545,15.3167,1231,0.0,11.200000000000001,14.9,25,2838,0.0,-20.8,14.8,24,-0.46,17,
C-B-1,2,1.56596,-29.4545,15.3167,1231,0.0,11.200000000000001,14.9,25,2838,0.0,-20.8,14.8,24,-0.46,17,
C-B-1,2,1.56697,-29.4545,15.3167,1231,0.0,11.200000000000001,14.9,25,2838,0.0,-20.8,14.8,24,-0.46,17,
C-B-1,2,1.56796,-29.4545,15.3167,1231,0.0,11.200000000000001,14.9,25,2838,0.0,-20.8,14.8,24,-0.46,17,
C-B-1,2,1.56897,-29.4545,15.3167,1231,0.0,11.200000000000001,14.9,25,2838,0.0,-20.8,14.8,24,-0.46,17,
C-B-1,2,1.56996,-29.4545,15.3167,1231,0.0,11.200000000000001,14.9,25,2838,0.0,-20.8,14.8,24,-0.46,17,
C-B-1,2,1.57097,-29.4545,15.3167,1231,0.0,11.200000000000001,14.9,25,2838,0.0,-20.8,14.8,24,-0.46,17,
C-B-1,2,1.57197,-29.4545,15.3167,1231,0.0,11.200000000000001,14.9,25,2838,0.0,-20.8,14.8,24,-0.46,17,
C-B-1,2,1.57297,-29.4545,15.3167,1231,0.0,11.200000000000001,14.9,25,2838,0.0,-20.8,14.8,24,-0.46,17,
C-B-1,2,1.57397,-29.4929,15.3109,1230,0.0,10.4,14.9,25,2838,0.0,-20.8,14.8,24,-0.499,17,
C-B-1,2,1.57497,-29.4545,15.3167,1231,0.0,11.200000000000001,14.9,25,2838,0.0,-20.8,14.8,24,-0.46,17,
C-B-1,2,1.57597,-29.4545,15.3167,1231,0.0,11.200000000000001,14.9,25,2838,0.0,-20.8,14.8,24,-0.46,17,
C-B-1,2,1.57697,-29.4545,15.3167,1231,0.0,11.200000000000001,14.9,25,2838,0.0,-20.8,14.8,24,-0.46,17,
C-B-1,2,1.57797,-29.4545,15.3167,1231,0.0,11.200000000000001,14.9,25,2838,0.0,-20.8,14.8,24,-0.46,17,
C-B-1,2,1.57897,-29.4545,15.3167,1231,0.0,11.200000000000001,14.9,25,2838,0.0,-20.8,14.8,24,-0.46,17,
C-B-1,2,1.57997,-29.4545,15.3167,1231,0.0,11.200000000000001,14.9,25,2838,0.0,-20.8,14.8,24,-0.46,17,
C-B-1,2,1.58097,-29.4545,15.3167,1231,0.0,11.200000000000001,14.9,25,2838,0.0,-20.8,14.8,24,-0.46,17,
C-B-1,2,1.582,-29.4545,15.3167,1231,0.0,11.200000000000001,14.9,25,2838,0.0,-20.8,14.8,24,-0.46,17,
C-B-1,2,1.58297,-29.4545,15.3167,1231,0.0,11.200000000000001,14.9,25,2838,0.0,-20.8,14.8,24,-0.46,17,
C-B-1,2,1.58398,-29.4545,15.3167,1231,0.0,11.200000000000001,14.9,25,2838,0.0,-20.8,14.8,24,-0.46,17,
C-B-1,2,1.58497,-29.4545,15.3167,1231,0.0,11.200000000000001,14.9,25,2838,0.0,-20.8,14.8,24,-0.46,17,
C-B-1,2,1.58597,-29.4545,15.3167,1231,0.0,11.200000000000001,14.9,25,2838,0.0,-20.8,14.8,24,-0.46,17,
C-B-1,2,1.58697,-29.4545,15.3167,1231,0.0,11.200000000000001,14.9,25,2838,0.0,-20.8,14.8,24,-0.46,17,
C-B-1,2,1.58797,-29.4545,15.3167,1231,0.0,11.200000000000001,14.9,25,2838,0.0,-20.8,14.8,24,-0.46,17,
C-B-1,2,1.58897,-29.4545,15.3167,1231,0.0,11.200000000000001,14.9,25,2838,0.0,-20.8,14.8,24,-0.46,17,
C-B-1,2,1.58997,-29.4545,15.3167,1231,0.0,11.200000000000001,14.9,25,2838,0.0,-20.8,14.8,25,-0.46,17,
C-B-1,2,1.59097,-29.4545,15.3167,1231,0.0,11.200000000000001,14.9,25,2838,0.0,-20.8,14.8,25,-0.46,17,
C-B-1,2,1.59197,-29.4545,15.3167,1231,0.0,11.200000000000001,14.9,25,2838,0.0,-20.8,14.8,25,-0.46,17,
C-B-1,2,1.59297,-29.4545,15.3167,1231,0.0,11.200000000000001,14.9,25,2838,0.0,-20.8,14.8,25,-0.46,17,
C-B-1,2,1.59397,-29.4545,15.3167,1231,0.0,11.200000000000001,14.9,25,2838,0.0,-20.8,14.8,25,-0.46,17,
C-B-1,2,1.59497,-29.4545,15.3167,1231,0.0,11.200000000000001,14.9,25,2838,0.0,-20.8,14.8,25,-0.46,17,
C-B-1,2,1.59598,-29.4545,15.3167,1231,0.0,11.200000000000001,14.9,25,2838,0.0,-20.8,14.8,25,-0.46,17,
C-B-1,2,1.59697,-29.4929,15.3109,1230,0.0,10.4,14.9,25,2838,0.0,-20.8,14.8,25,-0.499,17,
C-B-1,2,1.59798,-29.4545,15.3167,1231,0.0,11.200000000000001,14.9,25,2839,0.0,-20.0,14.8,25,-0.422,17,
C-B-1,2,1.59897,-29.4545,15.3167,1231,0.0,11.200000000000001,14.9,25,2838,0.0,-20.8,14.8,25,-0.46,17,
C-B-1,2,1.59998,-29.4929,15.3109,1230,0.0,10.4,14.9,25,2839,0.0,-20.0,14.8,25,-0.46,17,
C-B-1,2,1.60097,-29.4545,15.3167,1231,0.0,11.200000000000001,14.9,25,2839,0.0,-20.0,14.8,25,-0.422,17,
C-B-1,2,1.60197,-29.4929,15.3109,1230,0.0,10.4,14.9,25,2839,0.0,-20.0,14.8,25,-0.46,17,
C-B-1,2,1.60298,-29.4545,15.3167,1231,0.0,11.200000000000001,14.9,25,2839,0.0,-20.0,14.8,25,-0.422,17,
C-B-1,2,1.60397,-29.4545,15.3167,1231,0.0,11.200000000000001,14.9,25,2839,0.0,-20.0,14.8,25,-0.422,17,
C-B-1,2,1.60497,-29.4545,15.3167,1231,0.0,11.200000000000001,14.9,25,2839,0.0,-20.0,14.8,25,-0.422,17,
C-B-1,2,1.60598,-29.4929,15.3109,1230,0.0,10.4,14.9,25,2839,0.0,-20.0,14.8,25,-0.46,17,
C-B-1,2,1.60697,-29.4929,15.3109,1230,0.0,10.4,14.9,25,2839,0.0,-20.0,14.8,25,-0.46,17,
C-B-1,2,1.60797,-29.4929,15.3109,1230,0.0,10.4,14.9,25,2839,0.0,-20.0,14.8,25,-0.46,17,
C-B-1,2,1.60898,-29.4929,15.3109,1230,0.0,10.4,14.9,25,2839,0.0,-20.0,14.8,25,-0.46,17,
C-B-1,2,1.60998,-29.4929,15.3109,1230,0.0,10.4,14.9,25,2839,0.0,-20.0,14.8,25,-0.46,17,
C-B-1,2,1.61097,-29.4929,15.3109,1230,0.0,10.4,14.9,25,2839,0.0,-20.0,14.8,25,-0.46,17,
C-B-1,2,1.61198,-29.4929,15.3109,1230,0.0,10.4,14.9,25,2839,0.0,-20.0,14.8,25,-0.46,17,
C-B-1,2,1.61298,-29.4929,15.3109,1230,0.0,10.4,14.9,25,2839,0.0,-20.0,14.8,25,-0.46,17,
C-B-1,2,1.61398,-29.4545,15.3167,1231,0.0,11.200000000000001,14.9,25,2839,0.0,-20.0,14.8,25,-0.422,17,
C-B-1,2,1.61498,-29.4929,15.3109,1230,0.0,10.4,14.9,25,2839,0.0,-20.0,14.8,25,-0.46,17,
C-B-1,2,1.61598,-29.4929,15.3109,1230,0.0,10.4,14.9,25,2839,0.0,-20.0,14.8,25,-0.46,17,
C-B-1,2,1.61698,-29.4929,15.3109,1230,0.0,10.4,14.9,25,2839,0.0,-20.0,14.8,25,-0.46,17,
C-B-1,2,1.61798,-29.4929,15.3109,1230,0.0,10.4,14.9,25,2839,0.0,-20.0,14.8,25,-0.46,17,
C-B-1,2,1.61898,-29.4929,15.3109,1230,0.0,10.4,14.9,25,2839,0.0,-20.0,14.8,25,-0.46,17,
C-B-1,2,1.61998,-29.4929,15.3109,1230,0.0,10.4,14.9,25,2839,0.0,-20.0,14.8,25,-0.46,17,
C-B-1,2,1.62098,-29.4929,15.3109,1230,0.0,10.4,14.9,25,2839,0.0,-20.0,14.8,25,-0.46,17,
C-B-1,2,1.62198,-29.4929,15.3109,1230,0.0,10.4,14.9,25,2839,0.0,-20.0,14.8,25,-0.46,17,
C-B-1,2,1.62298,-29.4929,15.3109,1230,0.0,10.4,14.9,25,2839,0.0,-20.0,14.8,25,-0.46,17,
C-B-1,2,1.62398,-29.4929,15.3109,1230,0.0,10.4,14.9,25,2839,0.0,-20.0,14.8,25,-0.46,17,
C-B-1,2,1.62498,-29.4929,15.3109,1230,0.0,10.4,14.9,25,2839,0.0,-20.0,14.8,25,-0.46,17,
C-B-1,2,1.62598,-29.4929,15.3109,1230,0.0,10.4,14.9,25,2839,0.0,-20.0,14.8,25,-0.46,17,
C-B-1,2,1.62698,-29.4929,15.3109,1230,0.0,10.4,14.9,25,2839,0.0,-20.0,14.8,25,-0.46,17,
C-B-1,2,1.62799,-29.4929,15.3109,1230,0.0,10.4,14.9,25,2839,0.0,-20.0,14.8,25,-0.46,17,
C-B-1,2,1.62898,-29.4929,15.3109,1230,0.0,10.4,14.9,25,2839,0.0,-20.0,14.8,25,-0.46,17,
C-B-1,2,1.62998,-29.4929,15.3109,1230,0.0,10.4,14.9,25,2840,0.0,-19.200000000000003,14.8,25,-0.422,17,
C-B-1,2,1.63098,-29.4929,15.3109,1230,0.0,10.4,14.9,25,2839,0.0,-20.0,14.8,25,-0.46,17,
C-B-1,2,1.63198,-29.4929,15.3109,1230,0.0,10.4,14.9,25,2840,0.0,-19.200000000000003,14.8,25,-0.422,17,
C-B-1,2,1.63298,-29.4929,15.3109,1230,0.0,10.4,14.9,25,2839,0.0,-20.0,14.8,25,-0.46,17,
C-B-1,2,1.63399,-29.4929,15.3109,1230,0.0,10.4,14.9,25,2839,0.0,-20.0,14.8,25,-0.46,17,
C-B-1,2,1.63498,-29.4929,15.3109,1230,0.0,10.4,14.9,25,2840,0.0,-19.200000000000003,14.8,25,-0.422,17,
C-B-1,2,1.63598,-29.4929,15.3109,1230,0.0,10.4,14.9,25,2840,0.0,-19.200000000000003,14.8,25,-0.422,17,
C-B-1,2,1.63698,-29.4929,15.3109,1230,0.0,10.4,14.9,25,2840,0.0,-19.200000000000003,14.8,25,-0.422,17,
C-B-1,2,1.63798,-29.4929,15.3109,1230,0.0,10.4,14.9,25,2839,0.0,-20.0,14.8,25,-0.46,17,
C-B-1,2,1.63899,-29.5313,15.3051,1229,0.0,9.600000000000001,14.9,25,2840,0.0,-19.200000000000003,14.8,25,-0.46,17,
C-B-1,2,1.63998,-29.4929,15.3109,1230,0.0,10.4,14.9,25,2839,0.0,-20.0,14.8,25,-0.46,17,
C-B-1,2,1.64099,-29.4929,15.3109,1230,0.0,10.4,14.9,25,2840,0.0,-19.200000000000003,14.8,25,-0.422,17,
C-B-1,2,1.64198,-29.4929,15.3109,1230,0.0,10.4,14.9,25,2840,0.0,-19.200000000000003,14.8,25,-0.422,17,
C-B-1,2,1.64299,-29.4929,15.3109,1230,0.0,10.4,14.9,25,2840,0.0,-19.200000000000003,14.8,25,-0.422,17,
C-B-1,2,1.64398,-29.4929,15.3109,1230,0.0,10.4,14.9,25,2839,0.0,-20.0,14.8,25,-0.46,17,
C-B-1,2,1.64499,-29.4929,15.3109,1230,0.0,10.4,14.9,25,2840,0.0,-19.200000000000003,14.8,25,-0.422,17,
C-B-1,2,1.64598,-29.4929,15.3109,1230,0.0,10.4,14.9,25,2840,0.0,-19.200000000000003,14.8,25,-0.422,17,
C-B-1,2,1.64698,-29.4929,15.3109,1230,0.0,10.4,14.9,25,2840,0.0,-19.200000000000003,14.8,25,-0.422,17,
C-B-1,2,1.64799,-29.4929,15.3109,1230,0.0,10.4,14.9,25,2840,0.0,-19.200000000000003,14.8,25,-0.422,17,
C-B-1,2,1.64898,-29.4929,15.3109,1230,0.0,10.4,15.0,25,2840,0.0,-19.200000000000003,14.8,25,-0.422,17,
C-B-1,2,1.64999,-29.4929,15.3109,1230,0.0,10.4,15.0,25,2840,0.0,-19.200000000000003,14.8,25,-0.422,17,
C-B-1,2,1.65098,-29.4929,15.3109,1230,0.0,10.4,15.0,25,2840,0.0,-19.200000000000003,14.8,25,-0.422,17,
C-B-1,2,1.65199,-29.4929,15.3109,1230,0.0,10.4,15.0,25,2840,0.0,-19.200000000000003,14.8,25,-0.422,17,
C-B-1,2,1.65299,-29.4929,15.3109,1230,0.0,10.4,15.0,25,2840,0.0,-19.200000000000003,14.8,25,-0.422,17,
C-B-1,2,1.65399,-29.4929,15.3109,1230,0.0,10.4,15.0,25,2840,0.0,-19.200000000000003,14.8,25,-0.422,17,
C-B-1,2,1.65498,-29.4929,15.3109,1230,0.0,10.4,15.0,25,2840,0.0,-19.200000000000003,14.8,25,-0.422,17,
C-B-1,2,1.65598,-29.4929,15.3109,1230,0.0,10.4,15.0,25,2840,0.0,-19.200000000000003,14.8,25,-0.422,17,
C-B-1,2,1.65699,-29.4929,15.3109,1230,0.0,10.4,15.0,25,2840,0.0,-19.200000000000003,14.8,25,-0.422,17,
C-B-1,2,1.65799,-29.5313,15.3051,1229,0.0,9.600000000000001,15.0,25,2840,0.0,-19.200000000000003,14.8,25,-0.46,17,
C-B-1,2,1.65899,-29.4929,15.3109,1230,0.0,10.4,15.0,25,2840,0.0,-19.200000000000003,14.8,25,-0.422,17,
C-B-1,2,1.65999,-29.4929,15.3109,1230,0.0,10.4,15.0,25,2840,0.0,-19.200000000000003,14.8,25,-0.422,17,
C-B-1,2,1.66099,-29.4929,15.3109,1230,0.0,10.4,15.0,25,2839,0.0,-20.0,14.8,25,-0.46,17,
C-B-1,2,1.66199,-29.5313,15.3051,1229,0.0,9.600000000000001,15.0,25,2840,0.0,-19.200000000000003,14.8,25,-0.46,17,
C-B-1,2,1.66299,-29.4929,15.3109,1230,0.0,10.4,15.0,25,2840,0.0,-19.200000000000003,14.8,25,-0.422,17,
C-B-1,2,1.66399,-29.4929,15.3109,1230,0.0,10.4,15.0,25,2840,0.0,-19.200000000000003,14.8,25,-0.422,17,
C-B-1,2,1.66499,-29.4929,15.3109,1230,0.0,10.4,15.0,25,2840,0.0,-19.200000000000003,14.8,25,-0.422,17,
C-B-1,2,1.66599,-29.4929,15.3109,1230,0.0,10.4,15.0,25,2840,0.0,-19.200000000000003,14.8,25,-0.422,17,
C-B-1,2,1.66699,-29.4929,15.3109,1230,0.0,10.4,15.0,25,2840,0.0,-19.200000000000003,14.8,25,-0.422,17,
C-B-1,2,1.66799,-29.4929,15.3109,1230,0.0,10.4,15.0,25,2840,0.0,-19.200000000000003,14.8,25,-0.422,17,
C-B-1,2,1.66899,-29.4929,15.3109,1230,0.0,10.4,15.0,25,2840,0.0,-19.200000000000003,14.8,25,-0.422,17,
C-B-1,2,1.66999,-29.4929,15.3109,1230,0.0,10.4,15.0,25,2840,0.0,-19.200000000000003,14.8,25,-0.422,17,
C-B-1,2,1.67099,-29.4929,15.3109,1230,0.0,10.4,15.0,25,2840,0.0,-19.200000000000003,14.8,25,-0.422,17,
C-B-1,2,1.67199,-29.4929,15.3109,1230,0.0,10.4,15.0,25,2840,0.0,-19.200000000000003,14.8,25,-0.422,17,
C-B-1,2,1.67299,-29.4929,15.3109,1230,0.0,10.4,15.0,25,2840,0.0,-19.200000000000003,14.8,25,-0.422,17,
C-B-1,2,1.67399,-29.4929,15.3109,1230,0.0,10.4,15.0,25,2840,0.0,-19.200000000000003,14.8,25,-0.422,17,
C-B-1,2,1.67499,-29.4929,15.3109,1230,0.0,10.4,15.0,25,2840,0.0,-19.200000000000003,14.8,25,-0.422,17,
C-B-1,2,1.67599,-29.4929,15.3109,1230,0.0,10.4,15.0,25,2840,0.0,-19.200000000000003,14.8,25,-0.422,17,
C-B-1,2,1.67699,-29.4929,15.3109,1230,0.0,10.4,15.0,25,2840,0.0,-19.200000000000003,14.8,25,-0.422,17,
C-B-1,2,1.67799,-29.4929,15.3109,1230,0.0,10.4,15.0,25,2840,0.0,-19.200000000000003,14.8,25,-0.422,17,
C-B-1,2,1.67899,-29.4929,15.3109,1230,0.0,10.4,15.0,25,2840,0.0,-19.200000000000003,14.8,25,-0.422,17,
C-B-1,2,1.67999,-29.4929,15.3109,1230,0.0,10.4,15.0,25,2840,0.0,-19.200000000000003,14.8,25,-0.422,17,
C-B-1,2,1.68099,-29.4929,15.3109,1230,0.0,10.4,15.0,25,2840,0.0,-19.200000000000003,14.8,25,-0.422,17,
C-B-1,2,1.682,-29.4929,15.3109,1230,0.0,10.4,15.0,25,2840,0.0,-19.200000000000003,14.8,25,-0.422,17,
C-B-1,2,1.68299,-29.4929,15.3109,1230,0.0,10.4,15.0,25,2840,0.0,-19.200000000000003,14.8,25,-0.422,17,
C-B-1,2,1.684,-29.4929,15.3109,1230,0.0,10.4,15.0,25,2840,0.0,-19.200000000000003,14.8,25,-0.422,17,
C-B-1,2,1.68499,-29.4929,15.3109,1230,0.0,10.4,15.0,25,2840,0.0,-19.200000000000003,14.8,25,-0.422,17,
C-B-1,2,1.686,-29.4929,15.3109,1230,0.0,10.4,15.0,25,2840,0.0,-19.200000000000003,14.8,25,-0.422,17,
C-B-1,2,1.68699,-29.4929,15.3109,1230,0.0,10.4,15.0,25,2840,0.0,-19.200000000000003,14.8,25,-0.422,17,
C-B-1,2,1.688,-29.4929,15.3109,1230,0.0,10.4,15.0,25,2840,0.0,-19.200000000000003,14.8,25,-0.422,17,
C-B-1,2,1.68899,-29.4929,15.3109,1230,0.0,10.4,15.0,25,2840,0.0,-19.200000000000003,14.8,25,-0.422,17,
C-B-1,2,1.69,-29.4929,15.3109,1230,0.0,10.4,15.0,25,2840,0.0,-19.200000000000003,14.8,25,-0.422,17,
C-B-1,2,1.69099,-29.4929,15.3109,1230,0.0,10.4,15.0,25,2840,0.0,-19.200000000000003,14.8,25,-0.422,17,
C-B-1,2,1.692,-29.4929,15.3109,1230,0.0,10.4,15.0,25,2840,0.0,-19.200000000000003,14.8,25,-0.422,17,
C-B-1,2,1.69299,-29.4929,15.3109,1230,0.0,10.4,15.0,25,2840,0.0,-19.200000000000003,14.8,25,-0.422,17,
C-B-1,2,1.694,-29.4929,15.3109,1230,0.0,10.4,15.0,25,2840,0.0,-19.200000000000003,14.8,25,-0.422,17,
C-B-1,2,1.69499,-29.4929,15.3109,1230,0.0,10.4,15.0,25,2840,0.0,-19.200000000000003,14.8,25,-0.422,17,
C-B-1,2,1.696,-29.4929,15.3109,1230,0.0,10.4,15.0,25,2839,0.0,-20.0,14.8,25,-0.46,17,
C-B-1,2,1.69699,-29.4929,15.3109,1230,0.0,10.4,15.0,25,2840,0.0,-19.200000000000003,14.8,25,-0.422,17,
C-B-1,2,1.698,-29.4929,15.3109,1230,0.0,10.4,15.0,25,2840,0.0,-19.200000000000003,14.8,25,-0.422,17,
C-B-1,2,1.69899,-29.4929,15.3109,1230,0.0,10.4,15.0,25,2840,0.0,-19.200000000000003,14.8,25,-0.422,17,
C-B-1,2,1.7,-29.4929,15.3109,1230,0.0,10.4,15.0,25,2840,0.0,-19.200000000000003,14.8,25,-0.422,17,
C-B-1,2,1.70099,-29.5313,15.3051,1229,0.0,9.600000000000001,15.0,25,2840,0.0,-19.200000000000003,14.8,25,-0.46,17,
C-B-1,2,1.702,-29.4929,15.3109,1230,0.0,10.4,15.0,25,2840,0.0,-19.200000000000003,14.8,25,-0.422,17,
C-B-1,2,1.703,-29.4929,15.3109,1230,0.0,10.4,15.0,25,2839,0.0,-20.0,14.8,25,-0.46,17,
C-B-1,2,1.704,-29.4929,15.3109,1230,0.0,10.4,15.0,25,2840,0.0,-19.200000000000003,14.8,25,-0.422,17,
C-B-1,2,1.705,-29.4929,15.3109,1230,0.0,10.4,15.0,25,2840,0.0,-19.200000000000003,14.8,25,-0.422,17,
C-B-1,2,1.706,-29.4929,15.3109,1230,0.0,10.4,15.0,25,2839,0.0,-20.0,14.8,25,-0.46,17,
C-B-1,2,1.707,-29.4929,15.3109,1230,0.0,10.4,15.0,25,2840,0.0,-19.200000000000003,14.8,25,-0.422,17,
C-B-1,2,1.708,-29.4929,15.3109,1230,0.0,10.4,15.0,25,2839,0.0,-20.0,14.8,25,-0.46,17,
C-B-1,2,1.709,-29.4929,15.3109,1230,0.0,10.4,15.0,25,2839,0.0,-20.0,14.8,25,-0.46,17,
C-B-1,2,1.71,-29.4929,15.3109,1230,0.0,10.4,15.0,25,2839,0.0,-20.0,14.8,25,-0.46,17,
C-B-1,2,1.711,-29.4929,15.3109,1230,0.0,10.4,15.0,25,2839,0.0,-20.0,14.8,25,-0.46,17,
C-B-1,2,1.712,-29.4929,15.3109,1230,0.0,10.4,15.0,25,2840,0.0,-19.200000000000003,14.8,25,-0.422,17,
C-B-1,2,1.713,-29.4929,15.3109,1230,0.0,10.4,15.0,25,2839,0.0,-20.0,14.8,25,-0.46,17,
C-B-1,2,1.714,-29.4929,15.3109,1230,0.0,10.4,15.0,25,2839,0.0,-20.0,14.8,25,-0.46,17,
C-B-1,2,1.715,-29.4929,15.3109,1230,0.0,10.4,15.0,25,2839,0.0,-20.0,14.8,25,-0.46,17,
C-B-1,2,1.716,-29.4929,15.3109,1230,0.0,10.4,15.0,25,2839,0.0,-20.0,14.8,25,-0.46,17,
C-B-1,2,1.717,-29.4929,15.3109,1230,0.0,10.4,15.0,25,2839,0.0,-20.0,14.8,25,-0.46,17,
C-B-1,2,1.718,-29.4929,15.3109,1230,0.0,10.4,15.0,25,2839,0.0,-20.0,14.8,25,-0.46,17,
C-B-1,2,1.719,-29.4929,15.3109,1230,0.0,10.4,15.0,25,2839,0.0,-20.0,14.8,25,-0.46,17,
C-B-1,2,1.72,-29.4929,15.3109,1230,0.0,10.4,15.0,25,2839,0.0,-20.0,14.8,25,-0.46,17,
C-B-1,2,1.721,-29.4929,15.3109,1230,0.0,10.4,15.0,25,2839,0.0,-20.0,14.8,25,-0.46,17,
C-B-1,2,1.722,-29.4929,15.3109,1230,0.0,10.4,15.0,25,2839,0.0,-20.0,14.8,25,-0.46,17,
C-B-1,2,1.723,-29.4929,15.3109,1230,0.0,10.4,15.0,25,2839,0.0,-20.0,14.8,25,-0.46,17,
C-B-1,2,1.724,-29.4929,15.3109,1230,0.0,10.4,15.0,25,2839,0.0,-20.0,14.8,25,-0.46,17,
C-B-1,2,1.725,-29.4929,15.3109,1230,0.0,10.4,15.0,25,2839,0.0,-20.0,14.8,25,-0.46,17,
C-B-1,2,1.72601,-29.4929,15.3109,1230,0.0,10.4,15.0,25,2839,0.0,-20.0,14.8,25,-0.46,17,
C-B-1,2,1.727,-29.4929,15.3109,1230,0.0,10.4,15.0,25,2839,0.0,-20.0,14.8,25,-0.46,17,
C-B-1,2,1.728,-29.4929,15.3109,1230,0.0,10.4,15.0,25,2839,0.0,-20.0,14.8,25,-0.46,17,
C-B-1,2,1.72901,-29.4929,15.3109,1230,0.0,10.4,15.0,25,2839,0.0,-20.0,14.8,25,-0.46,17,
C-B-1,2,1.73,-29.4929,15.3109,1230,0.0,10.4,15.0,25,2839,0.0,-20.0,14.8,25,-0.46,17,
C-B-1,2,1.73101,-29.4929,15.3109,1230,0.0,10.4,15.0,25,2839,0.0,-20.0,14.8,25,-0.46,17,
C-B-1,2,1.732,-29.4929,15.3109,1230,0.0,10.4,15.0,25,2839,0.0,-20.0,14.8,25,-0.46,17,
C-B-1,2,1.73301,-29.4929,15.3109,1230,0.0,10.4,15.0,25,2839,0.0,-20.0,14.8,25,-0.46,17,
C-B-1,2,1.734,-29.4929,15.3109,1230,0.0,10.4,15.0,25,2839,0.0,-20.0,14.8,25,-0.46,17,
C-B-1,2,1.735,-29.4929,15.3109,1230,0.0,10.4,15.0,25,2839,0.0,-20.0,14.8,25,-0.46,17,
C-B-1,2,1.73601,-29.4929,15.3109,1230,0.0,10.4,15.0,25,2839,0.0,-20.0,14.8,25,-0.46,17,
C-B-1,2,1.737,-29.4545,15.3167,1231,0.0,11.200000000000001,15.0,25,2839,0.0,-20.0,14.8,25,-0.422,17,
C-B-1,2,1.73801,-29.4929,15.3109,1230,0.0,10.4,15.0,25,2839,0.0,-20.0,14.8,25,-0.46,17,
C-B-1,2,1.739,-29.4929,15.3109,1230,0.0,10.4,15.0,25,2839,0.0,-20.0,14.8,25,-0.46,17,
C-B-1,2,1.73999,-29.4929,15.3109,1230,0.0,10.4,15.0,25,2839,0.0,-20.0,14.8,25,-0.46,17,
C-B-1,2,1.741,-29.4545,15.3167,1231,0.0,11.200000000000001,15.0,25,2839,0.0,-20.0,14.8,25,-0.422,17,
C-B-1,2,1.74199,-29.4929,15.3109,1230,0.0,10.4,15.0,25,2839,0.0,-20.0,14.8,25,-0.46,17,
C-B-1,2,1.74301,-29.4545,15.3167,1231,0.0,11.200000000000001,15.0,25,2839,0.0,-20.0,14.8,25,-0.422,17,
C-B-1,2,1.744,-29.4545,15.3167,1231,0.0,11.200000000000001,15.0,25,2839,0.0,-20.0,14.8,25,-0.422,17,
C-B-1,2,1.74501,-29.4929,15.3109,1230,0.0,10.4,15.0,25,2839,0.0,-20.0,14.8,25,-0.46,17,
C-B-1,2,1.74601,-29.4929,15.3109,1230,0.0,10.4,15.0,25,2839,0.0,-20.0,14.8,25,-0.46,17,
C-B-1,2,1.74699,-29.4929,15.3109,1230,0.0,10.4,15.0,25,2839,0.0,-20.0,14.8,25,-0.46,17,
C-B-1,2,1.74801,-29.4545,15.3167,1231,0.0,11.200000000000001,15.0,25,2839,0.0,-20.0,14.8,25,-0.422,17,
C-B-1,2,1.749,-29.4545,15.3167,1231,0.0,11.200000000000001,15.0,25,2839,0.0,-20.0,14.8,25,-0.422,17,
C-B-1,2,1.74999,-29.4545,15.3167,1231,0.0,11.200000000000001,15.0,25,2839,0.0,-20.0,14.8,25,-0.422,17,
C-B-1,2,1.75101,-29.4545,15.3167,1231,0.0,10.4,15.0,25,2839,0.0,-20.0,14.8,25,-0.422,17,
C-B-1,2,1.75199,-29.4929,15.3109,1230,0.0,10.4,15.0,25,2839,0.0,-20.0,14.8,25,-0.46,17,
C-B-1,2,1.75301,-29.4929,15.3109,1230,0.0,10.4,15.0,25,2839,0.0,-20.0,14.8,25,-0.46,17,
C-B-1,2,1.75399,-29.4929,15.3109,1230,0.0,10.4,15.0,25,2838,0.0,-20.8,14.8,25,-0.499,17,
C-B-1,2,1.75501,-29.4545,15.3167,1231,0.0,11.200000000000001,15.0,25,2839,0.0,-20.0,14.8,25,-0.422,17,
C-B-1,2,1.75599,-29.4545,15.3167,1231,0.0,11.200000000000001,15.0,25,2839,0.0,-20.0,14.8,25,-0.422,17,
C-B-1,2,1.75701,-29.4545,15.3167,1231,0.0,11.200000000000001,15.0,25,2839,0.0,-20.0,14.8,25,-0.422,17,
C-B-1,2,1.75801,-29.4545,15.3167,1231,0.0,11.200000000000001,15.0,25,2838,0.0,-20.8,14.8,25,-0.46,17,
C-B-1,2,1.75899,-29.4929,15.3109,1230,0.0,10.4,15.0,25,2838,0.0,-20.8,14.8,25,-0.499,17,
C-B-1,2,1.76001,-29.4929,15.3109,1230,0.0,10.4,15.0,25,2839,0.0,-20.0,14.8,25,-0.46,17,
C-B-1,2,1.76099,-29.4545,15.3167,1231,0.0,11.200000000000001,15.0,25,2838,0.0,-20.8,14.8,25,-0.46,17,
C-B-1,2,1.76201,-29.4929,15.3109,1230,0.0,10.4,15.0,25,2838,0.0,-20.8,14.8,25,-0.499,17,
C-B-1,2,1.76299,-29.4545,15.3167,1231,0.0,11.200000000000001,15.0,25,2838,0.0,-20.8,14.8,25,-0.46,17,
C-B-1,2,1.76401,-29.4545,15.3167,1231,0.0,11.200000000000001,15.0,25,2838,0.0,-20.8,14.8,25,-0.46,17,
C-B-1,2,1.76499,-29.4545,15.3167,1231,0.0,11.200000000000001,14.9,25,2838,0.0,-20.8,14.0,25,-0.46,17,
C-B-1,2,1.76601,-29.4545,15.3167,1231,0.0,11.200000000000001,14.9,25,2838,0.0,-20.8,14.0,25,-0.46,17,
C-B-1,2,1.76699,-29.4929,15.3109,1230,0.0,10.4,14.9,25,2839,0.0,-20.0,14.0,25,-0.46,17,
C-B-1,2,1.76801,-29.4929,15.3109,1230,0.0,10.4,14.9,25,2839,0.0,-20.0,14.0,25,-0.46,17,
C-B-1,2,1.76899,-29.4929,15.3109,1230,0.0,10.4,14.9,25,2838,0.0,-20.8,14.0,25,-0.499,17,
C-B-1,2,1.77001,-29.4545,15.3167,1231,0.0,11.200000000000001,14.9,25,2839,0.0,-20.0,14.0,25,-0.422,17,
C-B-1,2,1.77099,-29.4929,15.3109,1230,0.0,10.4,14.9,25,2838,0.0,-20.8,14.0,25,-0.499,17,
C-B-1,2,1.77201,-29.4929,15.3109,1230,0.0,10.4,14.9,25,2838,0.0,-20.8,14.0,25,-0.499,17,
C-B-1,2,1.77299,-29.4545,15.3167,1231,0.0,11.200000000000001,14.9,25,2838,0.0,-20.8,14.0,25,-0.46,17,
C-B-1,2,1.77401,-29.4545,15.3167,1231,0.0,11.200000000000001,14.9,25,2838,0.0,-20.8,14.0,25,-0.46,17,
C-B-1,2,1.775,-29.4929,15.3109,1230,0.0,10.4,14.9,25,2838,0.0,-20.8,14.0,25,-0.499,17,
C-B-1,2,1.77601,-29.4545,15.3167,1231,0.0,11.200000000000001,14.9,25,2839,0.0,-20.0,14.0,25,-0.422,17,
C-B-1,2,1.77701,-29.4545,15.3167,1231,0.0,11.200000000000001,14.9,25,2839,0.0,-20.0,14.0,25,-0.422,17,
C-B-1,2,1.77801,-29.4545,15.3167,1231,0.0,11.200000000000001,14.9,25,2839,0.0,-20.0,14.0,25,-0.422,17,
C-B-1,2,1.77901,-29.4929,15.3109,1230,0.0,10.4,14.9,25,2839,0.0,-20.0,14.0,25,-0.46,17,
C-B-1,2,1.78,-29.4545,15.3167,1231,0.0,11.200000000000001,14.9,25,2838,0.0,-20.8,14.0,25,-0.46,17,
C-B-1,2,1.78101,-29.4929,15.3109,1230,0.0,10.4,14.9,25,2839,0.0,-20.0,14.0,25,-0.46,17,
C-B-1,2,1.78201,-29.4545,15.3167,1231,0.0,11.200000000000001,14.9,25,2838,0.0,-20.8,14.0,25,-0.46,17,
C-B-1,2,1.783,-29.4929,15.3109,1230,0.0,10.4,14.9,25,2838,0.0,-20.8,14.0,25,-0.499,17,
C-B-1,2,1.78402,-29.4929,15.3109,1230,0.0,10.4,14.9,25,2838,0.0,-20.8,14.0,25,-0.499,17,
C-B-1,2,1.78501,-29.4929,15.3109,1230,0.0,10.4,14.9,25,2839,0.0,-20.0,14.0,25,-0.46,17,
C-B-1,2,1.786,-29.4545,15.3167,1231,0.0,11.200000000000001,14.9,25,2838,0.0,-20.8,14.0,25,-0.46,17,
C-B-1,2,1.78701,-29.4545,15.3167,1231,0.0,11.200000000000001,14.9,25,2839,0.0,-20.0,14.0,25,-0.422,17,
C-B-1,2,1.788,-29.4545,15.3167,1231,0.0,11.200000000000001,14.9,25,2838,0.0,-20.8,14.0,25,-0.46,17,
C-B-1,2,1.78902,-29.4545,15.3167,1231,0.0,11.200000000000001,14.9,25,2838,0.0,-20.8,14.0,25,-0.46,17,
C-B-1,2,1.79,-29.4929,15.3109,1230,0.0,10.4,14.9,25,2838,0.0,-20.8,14.0,25,-0.499,17,
C-B-1,2,1.79102,-29.4929,15.3109,1230,0.0,10.4,14.9,25,2838,0.0,-20.8,14.0,25,-0.499,17,
C-B-1,2,1.792,-29.4545,15.3167,1231,0.0,11.200000000000001,14.9,25,2839,0.0,-20.0,14.0,25,-0.422,17,
C-B-1,2,1.79302,-29.4545,15.3167,1231,0.0,11.200000000000001,14.9,25,2839,0.0,-20.0,14.0,25,-0.422,17,
C-B-1,2,1.794,-29.4545,15.3167,1231,0.0,11.200000000000001,14.9,25,2839,0.0,-20.0,14.0,25,-0.422,17,
C-B-1,2,1.79502,-29.4545,15.3167,1231,0.0,11.200000000000001,14.9,25,2839,0.0,-20.0,14.0,25,-0.422,17,
C-B-1,2,1.79602,-29.4545,15.3167,1231,0.0,11.200000000000001,14.9,25,2838,0.0,-20.8,14.0,25,-0.46,17,
C-B-1,2,1.797,-29.4929,15.3109,1230,0.0,10.4,14.9,25,2839,0.0,-20.0,14.0,25,-0.46,17,
C-B-1,2,1.798,-29.4929,15.3109,1230,0.0,10.4,14.9,25,2839,0.0,-20.0,14.0,25,-0.46,17,
C-B-1,2,1.799,-29.4929,15.3109,1230,0.0,10.4,14.9,25,2839,0.0,-20.0,14.0,25,-0.46,17,
C-B-1,2,1.8,-29.4929,15.3109,1230,0.0,10.4,14.9,25,2839,0.0,-20.0,14.0,25,-0.46,17,
C-B-1,2,1.801,-29.4545,15.3167,1231,0.0,11.200000000000001,14.9,25,2838,0.0,-20.8,14.0,25,-0.46,17,
C-B-1,2,1.802,-29.4929,15.3109,1230,0.0,10.4,14.9,25,2839,0.0,-20.0,14.0,25,-0.46,17,
C-B-1,2,1.803,-29.4929,15.3109,1230,0.0,10.4,14.9,25,2839,0.0,-20.0,14.0,25,-0.46,17,
C-B-1,2,1.804,-29.4545,15.3167,1231,0.0,11.200000000000001,14.9,25,2839,0.0,-20.0,14.0,25,-0.422,17,
C-B-1,2,1.805,-29.4929,15.3109,1230,0.0,10.4,14.9,25,2839,0.0,-20.0,14.0,25,-0.46,17,
C-B-1,2,1.80602,-29.4545,15.3167,1231,0.0,11.200000000000001,14.9,25,2839,0.0,-20.0,14.0,25,-0.422,17,
C-B-1,2,1.807,-29.4929,15.3109,1230,0.0,10.4,14.9,25,2839,0.0,-20.0,14.0,25,-0.46,17,
C-B-1,2,1.808,-29.4929,15.3109,1230,0.0,10.4,14.9,25,2839,0.0,-20.0,14.0,25,-0.46,17,
C-B-1,2,1.809,-29.4545,15.3167,1231,0.0,11.200000000000001,14.9,25,2839,0.0,-20.0,14.0,25,-0.422,17,
C-B-1,2,1.81,-29.4929,15.3109,1230,0.0,10.4,14.9,25,2839,0.0,-20.0,14.0,25,-0.46,17,
C-B-1,2,1.811,-29.4545,15.3167,1231,0.0,11.200000000000001,14.9,25,2838,0.0,-20.8,14.0,25,-0.46,17,
C-B-1,2,1.812,-29.4929,15.3109,1230,0.0,10.4,14.9,25,2839,0.0,-20.0,14.0,25,-0.46,17,
C-B-1,2,1.813,-29.4545,15.3167,1231,0.0,11.200000000000001,14.9,25,2839,0.0,-20.0,14.0,25,-0.422,17,
C-B-1,2,1.814,-29.4545,15.3167,1231,0.0,11.200000000000001,14.9,25,2839,0.0,-20.0,14.0,25,-0.422,17,
C-B-1,2,1.815,-29.4929,15.3109,1230,0.0,10.4,14.9,25,2839,0.0,-20.0,14.0,25,-0.46,17,
C-B-1,2,1.816,-29.4545,15.3167,1231,0.0,11.200000000000001,14.9,25,2839,0.0,-20.0,14.0,25,-0.422,17,
C-B-1,2,1.817,-29.4545,15.3167,1231,0.0,11.200000000000001,14.9,25,2839,0.0,-20.0,14.0,25,-0.422,17,
C-B-1,2,1.818,-29.4545,15.3167,1231,0.0,11.200000000000001,14.9,25,2839,0.0,-20.0,14.0,25,-0.422,17,
C-B-1,2,1.819,-29.4929,15.3109,1230,0.0,10.4,14.9,25,2839,0.0,-20.0,14.0,25,-0.46,17,
C-B-1,2,1.82,-29.4929,15.3109,1230,0.0,10.4,14.9,25,2839,0.0,-20.0,14.0,25,-0.46,17,
C-B-1,2,1.82101,-29.4545,15.3167,1231,0.0,11.200000000000001,14.9,25,2839,0.0,-20.0,14.0,25,-0.422,17,
C-B-1,2,1.822,-29.4929,15.3109,1230,0.0,10.4,14.9,25,2839,0.0,-20.0,14.0,25,-0.46,17,
C-B-1,2,1.82301,-29.4545,15.3167,1231,0.0,11.200000000000001,14.9,25,2839,0.0,-20.0,14.0,25,-0.422,17,
C-B-1,2,1.824,-29.4545,15.3167,1231,0.0,11.200000000000001,14.9,25,2839,0.0,-20.0,14.0,25,-0.422,17,
C-B-1,2,1.82501,-29.4545,15.3167,1231,0.0,11.200000000000001,14.9,25,2839,0.0,-20.0,14.0,25,-0.422,17,
C-B-1,2,1.826,-29.4929,15.3109,1230,0.0,10.4,14.9,25,2839,0.0,-20.0,14.0,25,-0.46,17,
C-B-1,2,1.82701,-29.4929,15.3109,1230,0.0,10.4,14.9,25,2839,0.0,-20.0,14.0,25,-0.46,17,
C-B-1,2,1.828,-29.4929,15.3109,1230,0.0,10.4,14.9,25,2839,0.0,-20.0,14.0,25,-0.46,17,
C-B-1,2,1.829,-29.4929,15.3109,1230,0.0,10.4,14.9,25,2839,0.0,-20.0,14.0,25,-0.46,17,
C-B-1,2,1.83001,-29.4929,15.3109,1230,0.0,10.4,14.9,25,2839,0.0,-20.0,14.0,25,-0.46,17,
C-B-1,2,1.831,-29.4929,15.3109,1230,0.0,10.4,14.9,25,2839,0.0,-20.0,14.0,25,-0.46,17,
C-B-1,2,1.83201,-29.4929,15.3109,1230,0.0,10.4,14.9,25,2839,0.0,-20.0,14.0,25,-0.46,17,
C-B-1,2,1.833,-29.4929,15.3109,1230,0.0,10.4,14.9,25,2839,0.0,-20.0,14.0,25,-0.46,17,
C-B-1,2,1.83401,-29.4929,15.3109,1230,0.0,10.4,14.9,25,2839,0.0,-20.0,14.0,25,-0.46,17,
C-B-1,2,1.835,-29.4929,15.3109,1230,0.0,10.4,14.9,25,2839,0.0,-20.0,14.0,25,-0.46,17,
C-B-1,2,1.83601,-29.4929,15.3109,1230,0.0,10.4,14.9,25,2839,0.0,-20.0,14.0,25,-0.46,17,
C-B-1,2,1.83701,-29.4929,15.3109,1230,0.0,10.4,14.9,25,2839,0.0,-20.0,14.0,25,-0.46,17,
C-B-1,2,1.83801,-29.4929,15.3109,1230,0.0,10.4,14.9,25,2839,0.0,-20.0,14.0,25,-0.46,17,
C-B-1,2,1.839,-29.4929,15.3109,1230,0.0,10.4,14.9,25,2839,0.0,-20.0,14.0,25,-0.46,17,
C-B-1,2,1.84001,-29.4929,15.3109,1230,0.0,10.4,14.9,25,2839,0.0,-20.0,14.0,25,-0.46,17,
C-B-1,2,1.841,-29.4929,15.3109,1230,0.0,10.4,14.9,25,2839,0.0,-20.0,14.0,25,-0.46,17,
C-B-1,2,1.84201,-29.4929,15.3109,1230,0.0,10.4,14.9,25,2839,0.0,-20.0,14.0,25,-0.46,17,
C-B-1,2,1.843,-29.4929,15.3109,1230,0.0,10.4,14.9,25,2839,0.0,-20.0,14.0,25,-0.46,17,
C-B-1,2,1.84401,-29.4929,15.3109,1230,0.0,10.4,14.9,25,2839,0.0,-20.0,14.0,25,-0.46,17,
C-B-1,2,1.845,-29.4929,15.3109,1230,0.0,10.4,14.9,25,2839,0.0,-20.0,14.0,25,-0.46,17,
C-B-1,2,1.846,-29.4929,15.3109,1230,0.0,10.4,14.9,25,2839,0.0,-20.0,14.0,25,-0.46,17,
C-B-1,2,1.847,-29.4929,15.3109,1230,0.0,10.4,14.9,25,2839,0.0,-20.0,14.0,25,-0.46,17,
C-B-1,2,1.84801,-29.4929,15.3109,1230,0.0,10.4,14.9,25,2839,0.0,-20.0,14.0,25,-0.46,17,
C-B-1,2,1.84901,-29.4929,15.3109,1230,0.0,10.4,14.9,25,2839,0.0,-20.0,14.0,25,-0.46,17,
C-B-1,2,1.85001,-29.4929,15.3109,1230,0.0,10.4,14.9,25,2839,0.0,-20.0,14.0,25,-0.46,17,
C-B-1,2,1.85101,-29.4929,15.3109,1230,0.0,10.4,14.9,25,2839,0.0,-20.0,14.0,25,-0.46,17,
C-B-1,2,1.85201,-29.4929,15.3109,1230,0.0,10.4,14.9,25,2839,0.0,-20.0,14.0,25,-0.46,17,
C-B-1,2,1.85301,-29.4929,15.3109,1230,0.0,10.4,14.9,25,2839,0.0,-20.0,14.0,25,-0.46,17,
C-B-1,2,1.85401,-29.4929,15.3109,1230,0.0,10.4,14.9,25,2839,0.0,-20.0,14.0,25,-0.46,17,
C-B-1,2,1.85501,-29.4929,15.3109,1230,0.0,10.4,14.9,25,2839,0.0,-20.0,14.0,25,-0.46,17,
C-B-1,2,1.85601,-29.4929,15.3109,1230,0.0,10.4,14.9,25,2839,0.0,-20.0,14.0,25,-0.46,17,
C-B-1,2,1.85701,-29.4929,15.3109,1230,0.0,10.4,14.9,25,2840,0.0,-19.200000000000003,14.0,25,-0.422,17,
C-B-1,2,1.85801,-29.4929,15.3109,1230,0.0,10.4,14.9,25,2839,0.0,-20.0,14.0,25,-0.46,17,
C-B-1,2,1.85901,-29.4929,15.3109,1230,0.0,10.4,14.9,25,2839,0.0,-20.0,14.0,25,-0.46,17,
C-B-1,2,1.86001,-29.4929,15.3109,1230,0.0,10.4,14.9,25,2839,0.0,-20.0,14.0,25,-0.46,17,
C-B-1,2,1.86101,-29.4929,15.3109,1230,0.0,10.4,14.9,25,2839,0.0,-20.0,14.0,25,-0.46,17,
C-B-1,2,1.86201,-29.4929,15.3109,1230,0.0,10.4,14.9,25,2839,0.0,-20.0,14.0,25,-0.46,17,
C-B-1,2,1.86301,-29.4929,15.3109,1230,0.0,10.4,14.9,25,2839,0.0,-20.0,14.0,25,-0.46,17,
C-B-1,2,1.86401,-29.4929,15.3109,1230,0.0,10.4,14.9,25,2839,0.0,-20.0,14.0,25,-0.46,17,
C-B-1,2,1.86501,-29.4929,15.3109,1230,0.0,10.4,14.9,25,2839,0.0,-20.0,14.0,25,-0.46,17,
C-B-1,2,1.86601,-29.4929,15.3109,1230,0.0,10.4,14.9,25,2840,0.0,-19.200000000000003,14.0,25,-0.422,17,
C-B-1,2,1.86701,-29.4929,15.3109,1230,0.0,10.4,14.9,25,2839,0.0,-20.0,14.0,25,-0.46,17,
C-B-1,2,1.86802,-29.4929,15.3109,1230,0.0,10.4,14.9,25,2839,0.0,-20.0,14.0,25,-0.46,17,
C-B-1,2,1.86901,-29.4929,15.3109,1230,0.0,10.4,14.9,25,2839,0.0,-20.0,14.0,25,-0.46,17,
C-B-1,2,1.87002,-29.4929,15.3109,1230,0.0,10.4,14.9,25,2839,0.0,-20.0,14.0,25,-0.46,17,
C-B-1,2,1.87101,-29.4929,15.3109,1230,0.0,10.4,14.9,25,2840,0.0,-19.200000000000003,14.0,25,-0.422,17,
C-B-1,2,1.87201,-29.4929,15.3109,1230,0.0,10.4,14.9,25,2840,0.0,-20.0,14.0,25,-0.422,17,
C-B-1,2,1.87302,-29.4929,15.3109,1230,0.0,10.4,14.9,25,2839,0.0,-20.0,14.0,25,-0.46,17,
C-B-1,2,1.87401,-29.4929,15.3109,1230,0.0,10.4,14.9,25,2840,0.0,-19.200000000000003,14.0,25,-0.422,17,
C-B-1,2,1.87502,-29.4929,15.3109,1230,0.0,10.4,14.9,25,2839,0.0,-20.0,14.0,25,-0.46,17,
C-B-1,2,1.87601,-29.4929,15.3109,1230,0.0,10.4,14.9,25,2840,0.0,-19.200000000000003,14.0,25,-0.422,17,
C-B-1,2,1.87702,-29.4929,15.3109,1230,0.0,10.4,14.9,25,2840,0.0,-19.200000000000003,14.0,25,-0.422,17,
C-B-1,2,1.87801,-29.4929,15.3109,1230,0.0,10.4,14.9,25,2839,0.0,-20.0,14.0,25,-0.46,17,
C-B-1,2,1.87902,-29.4929,15.3109,1230,0.0,10.4,14.9,25,2839,0.0,-20.0,14.0,25,-0.46,17,
C-B-1,2,1.88002,-29.4929,15.3109,1230,0.0,10.4,14.9,25,2840,0.0,-19.200000000000003,14.0,25,-0.422,17,
C-B-1,2,1.88102,-29.4929,15.3109,1230,0.0,10.4,14.9,25,2839,0.0,-20.0,14.8,25,-0.46,17,
C-B-1,2,1.88202,-29.4929,15.3109,1230,0.0,10.4,15.0,25,2839,0.0,-20.0,14.8,25,-0.46,17,
C-B-1,2,1.88302,-29.4929,15.3109,1230,0.0,10.4,15.0,25,2839,0.0,-20.0,14.8,25,-0.46,17,
C-B-1,2,1.88402,-29.4929,15.3109,1230,0.0,10.4,15.0,25,2839,0.0,-20.0,14.8,25,-0.46,17,
C-B-1,2,1.88501,-29.4929,15.3109,1230,0.0,10.4,15.0,25,2839,0.0,-20.0,14.8,25,-0.46,17,
C-B-1,2,1.88602,-29.4929,15.3109,1230,0.0,10.4,15.0,25,2839,0.0,-20.0,14.8,25,-0.46,17,
C-B-1,2,1.88702,-29.4929,15.3109,1230,0.0,10.4,15.0,25,2840,0.0,-19.200000000000003,14.8,25,-0.422,17,
C-B-1,2,1.88802,-29.4929,15.3109,1230,0.0,10.4,15.0,25,2839,0.0,-20.0,14.8,25,-0.46,17,
C-B-1,2,1.88902,-29.4929,15.3109,1230,0.0,10.4,15.0,25,2840,0.0,-19.200000000000003,14.8,25,-0.422,17,
C-B-1,2,1.89002,-29.4929,15.3109,1230,0.0,10.4,15.0,25,2839,0.0,-20.0,14.8,25,-0.46,17,
C-B-1,2,1.89102,-29.4929,15.3109,1230,0.0,10.4,15.0,25,2839,0.0,-20.0,14.8,25,-0.46,17,
C-B-1,2,1.89202,-29.4929,15.3109,1230,0.0,10.4,15.0,25,2840,0.0,-19.200000000000003,14.8,25,-0.422,17,
C-B-1,2,1.89302,-29.4929,15.3109,1230,0.0,10.4,15.0,25,2839,0.0,-20.0,14.8,25,-0.46,17,
C-B-1,2,1.89402,-29.4929,15.3109,1230,0.0,10.4,15.0,25,2840,0.0,-19.200000000000003,14.8,25,-0.422,17,
C-B-1,2,1.89502,-29.4929,15.3109,1230,0.0,10.4,15.0,25,2839,0.0,-20.0,14.8,25,-0.46,17,
C-B-1,2,1.89602,-29.4929,15.3109,1230,0.0,10.4,15.0,25,2839,0.0,-20.0,14.8,25,-0.46,17,
C-B-1,2,1.89702,-29.4929,15.3109,1230,0.0,10.4,15.0,25,2839,0.0,-20.0,14.8,25,-0.46,17,
C-B-1,2,1.89802,-29.4929,15.3109,1230,0.0,10.4,15.0,25,2839,0.0,-20.0,14.8,25,-0.46,17,
C-B-1,2,1.89902,-29.4929,15.3109,1230,0.0,10.4,15.0,25,2840,0.0,-19.200000000000003,14.8,25,-0.422,17,
C-B-1,2,1.90002,-29.4929,15.3109,1230,0.0,10.4,15.0,25,2839,0.0,-20.0,14.8,25,-0.46,17,
C-B-1,2,1.90102,-29.4929,15.3109,1230,0.0,10.4,15.0,25,2840,0.0,-19.200000000000003,14.8,25,-0.422,17,
C-B-1,2,1.90202,-29.4929,15.3109,1230,0.0,10.4,15.0,25,2839,0.0,-20.0,14.8,25,-0.46,17,
C-B-1,2,1.90302,-29.4929,15.3109,1230,0.0,10.4,15.0,25,2839,0.0,-20.0,14.8,25,-0.46,17,
C-B-1,2,1.90402,-29.4929,15.3109,1230,0.0,10.4,15.0,25,2839,0.0,-20.0,14.8,25,-0.46,17,
C-B-1,2,1.90502,-29.4929,15.3109,1230,0.0,10.4,15.0,25,2840,0.0,-19.200000000000003,14.8,25,-0.422,17,
C-B-1,2,1.90602,-29.4929,15.3109,1230,0.0,10.4,15.0,25,2840,0.0,-19.200000000000003,14.8,25,-0.422,17,
C-B-1,2,1.90702,-29.4929,15.3109,1230,0.0,10.4,15.0,25,2839,0.0,-20.0,14.8,25,-0.46,17,
C-B-1,2,1.90803,-29.4929,15.3109,1230,0.0,10.4,15.0,25,2839,0.0,-20.0,14.8,25,-0.46,17,
C-B-1,2,1.90902,-29.4929,15.3109,1230,0.0,10.4,15.0,25,2839,0.0,-20.0,14.8,25,-0.46,17,
C-B-1,2,1.91003,-29.4929,15.3109,1230,0.0,10.4,15.0,25,2840,0.0,-19.200000000000003,14.8,25,-0.422,17,
C-B-1,2,1.91102,-29.4929,15.3109,1230,0.0,10.4,15.0,25,2839,0.0,-20.0,14.8,25,-0.46,17,
C-B-1,2,1.91203,-29.4929,15.3109,1230,0.0,10.4,15.0,25,2839,0.0,-20.0,14.8,25,-0.46,17,
C-B-1,2,1.91302,-29.4929,15.3109,1230,0.0,10.4,15.0,25,2839,0.0,-20.0,14.8,25,-0.46,17,
C-B-1,2,1.91403,-29.4929,15.3109,1230,0.0,10.4,15.0,25,2839,0.0,-20.0,14.8,25,-0.46,17,
C-B-1,2,1.91502,-29.4929,15.3109,1230,0.0,10.4,15.0,25,2839,0.0,-20.0,14.8,25,-0.46,17,
C-B-1,2,1.91603,-29.4929,15.3109,1230,0.0,10.4,15.0,25,2839,0.0,-20.0,14.8,25,-0.46,17,
C-B-1,2,1.91702,-29.4929,15.3109,1230,0.0,10.4,15.0,25,2839,0.0,-20.0,14.8,25,-0.46,17,
C-B-1,2,1.91803,-29.4929,15.3109,1230,0.0,10.4,15.0,25,2839,0.0,-20.0,14.8,25,-0.46,17,
C-B-1,2,1.91902,-29.4929,15.3109,1230,0.0,10.4,15.0,25,2839,0.0,-20.0,14.8,25,-0.46,17,
C-B-1,2,1.92003,-29.4929,15.3109,1230,0.0,10.4,15.0,25,2839,0.0,-20.0,14.8,25,-0.46,17,
C-B-1,2,1.92102,-29.4929,15.3109,1230,0.0,10.4,15.0,25,2839,0.0,-20.0,14.8,25,-0.46,17,
C-B-1,2,1.92203,-29.4929,15.3109,1230,0.0,10.4,15.0,25,2839,0.0,-20.0,14.8,25,-0.46,17,
C-B-1,2,1.92303,-29.4929,15.3109,1230,0.0,10.4,15.0,25,2839,0.0,-20.0,14.8,25,-0.46,17,
C-B-1,2,1.92402,-29.4929,15.3109,1230,0.0,10.4,15.0,25,2839,0.0,-20.0,14.8,25,-0.46,17,
C-B-1,2,1.92503,-29.4929,15.3109,1230,0.0,10.4,15.0,25,2839,0.0,-20.0,14.8,25,-0.46,17,
C-B-1,2,1.92602,-29.4929,15.3109,1230,0.0,10.4,15.0,25,2839,0.0,-20.0,14.8,25,-0.46,17,
C-B-1,2,1.92703,-29.4929,15.3109,1230,0.0,10.4,15.0,25,2839,0.0,-20.0,14.8,25,-0.46,17,
C-B-1,2,1.92802,-29.4929,15.3109,1230,0.0,10.4,15.0,25,2839,0.0,-20.0,14.8,25,-0.46,17,
C-B-1,2,1.92903,-29.4929,15.3109,1230,0.0,10.4,15.0,25,2839,0.0,-20.0,14.8,25,-0.46,17,
C-B-1,2,1.93003,-29.4929,15.3109,1230,0.0,10.4,15.0,25,2839,0.0,-20.0,14.8,25,-0.46,17,
C-B-1,2,1.93103,-29.4929,15.3109,1230,0.0,10.4,15.0,25,2839,0.0,-20.0,14.8,25,-0.46,17,
C-B-1,2,1.93203,-29.4929,15.3109,1230,0.0,10.4,15.0,25,2839,0.0,-20.0,14.8,25,-0.46,17,
C-B-1,2,1.93303,-29.4929,15.3109,1230,0.0,10.4,15.0,25,2839,0.0,-20.0,14.8,25,-0.46,17,
C-B-1,2,1.93403,-29.4929,15.3109,1230,0.0,10.4,15.0,25,2839,0.0,-20.0,14.8,25,-0.46,17,
C-B-1,2,1.93503,-29.4929,15.3109,1230,0.0,10.4,15.0,25,2839,0.0,-20.0,14.8,25,-0.46,17,
C-B-1,2,1.93603,-29.4929,15.3109,1230,0.0,10.4,15.0,25,2839,0.0,-20.0,14.8,25,-0.46,17,
C-B-1,2,1.93703,-29.4929,15.3109,1230,0.0,10.4,15.0,25,2839,0.0,-20.0,14.8,25,-0.46,17,
C-B-1,2,1.93803,-29.4929,15.3109,1230,0.0,10.4,15.0,25,2839,0.0,-20.0,14.8,25,-0.46,17,
C-B-1,2,1.93903,-29.4929,15.3109,1230,0.0,10.4,15.0,25,2839,0.0,-20.0,14.8,25,-0.46,17,
C-B-1,2,1.94003,-29.4929,15.3109,1230,0.0,10.4,15.0,26,2839,0.0,-20.0,14.8,25,-0.46,17,
C-B-1,2,1.94103,-29.4929,15.3109,1230,0.0,10.4,15.0,26,2839,0.0,-20.0,14.8,25,-0.46,17,
C-B-1,2,1.94203,-29.4929,15.3109,1230,0.0,10.4,15.0,26,2839,0.0,-20.0,14.8,25,-0.46,17,
C-B-1,2,1.94303,-29.4929,15.3109,1230,0.0,10.4,15.0,26,2839,0.0,-20.0,14.8,25,-0.46,17,
C-B-1,2,1.94403,-29.4929,15.3109,1230,0.0,10.4,15.0,26,2839,0.0,-20.0,14.8,25,-0.46,17,
C-B-1,2,1.94503,-29.4929,15.3109,1230,0.0,10.4,15.0,26,2839,0.0,-20.0,14.8,25,-0.46,17,
C-B-1,2,1.94603,-29.4929,15.3109,1230,0.0,10.4,15.0,26,2839,0.0,-20.0,14.8,25,-0.46,17,
C-B-1,2,1.94703,-29.4929,15.3109,1230,0.0,10.4,15.0,26,2839,0.0,-20.0,14.8,25,-0.46,17,
C-B-1,2,1.94803,-29.4929,15.3109,1230,0.0,10.4,15.0,26,2839,0.0,-20.0,14.8,25,-0.46,17,
C-B-1,2,1.94903,-29.4545,15.3167,1231,0.0,11.200000000000001,15.0,26,2839,0.0,-20.0,14.8,25,-0.422,17,
C-B-1,2,1.95003,-29.4545,15.3167,1231,0.0,11.200000000000001,15.0,26,2839,0.0,-20.0,14.8,25,-0.422,17,
C-B-1,2,1.95104,-29.4929,15.3109,1230,0.0,10.4,15.0,26,2839,0.0,-20.0,14.8,25,-0.46,17,
C-B-1,2,1.95203,-29.4929,15.3109,1230,0.0,10.4,15.0,26,2839,0.0,-20.0,14.8,25,-0.46,17,
C-B-1,2,1.95303,-29.4545,15.3167,1231,0.0,11.200000000000001,15.0,26,2839,0.0,-20.0,14.8,25,-0.422,17,
C-B-1,2,1.95404,-29.4929,15.3109,1230,0.0,10.4,15.0,26,2839,0.0,-20.0,14.8,25,-0.46,17,
C-B-1,2,1.95503,-29.4929,15.3109,1230,0.0,10.4,15.0,26,2839,0.0,-20.0,14.8,25,-0.46,17,
C-B-1,2,1.95604,-29.4929,15.3109,1230,0.0,10.4,15.0,26,2839,0.0,-20.0,14.8,25,-0.46,17,
C-B-1,2,1.95703,-29.4929,15.3109,1230,0.0,10.4,15.0,26,2839,0.0,-20.0,14.8,25,-0.46,17,
C-B-1,2,1.95804,-29.4545,15.3167,1231,0.0,11.200000000000001,15.0,26,2839,0.0,-20.0,14.8,25,-0.422,17,
C-B-1,2,1.95903,-29.4929,15.3109,1230,0.0,10.4,15.0,26,2839,0.0,-20.0,14.8,25,-0.46,17,
C-B-1,2,1.96003,-29.4929,15.3109,1230,0.0,10.4,15.0,26,2839,0.0,-20.0,14.8,25,-0.46,17,
C-B-1,2,1.96104,-29.4929,15.3109,1230,0.0,10.4,15.0,26,2839,0.0,-20.0,14.8,25,-0.46,17,
C-B-1,2,1.96203,-29.4545,15.3167,1231,0.0,11.200000000000001,15.0,26,2839,0.0,-20.0,14.8,25,-0.422,17,
C-B-1,2,1.96304,-29.4929,15.3109,1230,0.0,10.4,15.0,26,2839,0.0,-20.0,14.8,25,-0.46,17,
C-B-1,2,1.96404,-29.4929,15.3109,1230,0.0,10.4,15.0,26,2839,0.0,-20.0,14.8,25,-0.46,17,
C-B-1,2,1.96504,-29.4545,15.3167,1231,0.0,11.200000000000001,15.0,26,2839,0.0,-20.0,14.8,25,-0.422,17,
C-B-1,2,1.96604,-29.4929,15.3109,1230,0.0,10.4,15.0,26,2839,0.0,-20.0,14.8,25,-0.46,17,
C-B-1,2,1.96704,-29.4929,15.3109,1230,0.0,10.4,15.0,26,2839,0.0,-20.0,14.8,25,-0.46,17,
C-B-1,2,1.96803,-29.4545,15.3167,1231,0.0,11.200000000000001,15.0,26,2839,0.0,-20.0,14.8,25,-0.422,17,
C-B-1,2,1.96904,-29.4929,15.3109,1230,0.0,10.4,15.0,26,2839,0.0,-20.0,14.8,25,-0.46,17,
C-B-1,2,1.97003,-29.4929,15.3109,1230,0.0,10.4,15.0,26,2839,0.0,-20.0,14.8,25,-0.46,17,
C-B-1,2,1.97104,-29.4545,15.3167,1231,0.0,11.200000000000001,15.0,26,2839,0.0,-20.0,14.8,25,-0.422,17,
C-B-1,2,1.97204,-29.4929,15.3109,1230,0.0,10.4,15.0,26,2839,0.0,-20.0,14.8,25,-0.46,17,
C-B-1,2,1.97303,-29.4929,15.3109,1230,0.0,10.4,15.0,26,2839,0.0,-20.0,14.8,25,-0.46,17,
C-B-1,2,1.97404,-29.4929,15.3109,1230,0.0,10.4,15.0,26,2839,0.0,-20.0,14.8,25,-0.46,17,
C-B-1,2,1.97504,-29.4929,15.3109,1230,0.0,10.4,15.0,26,2839,0.0,-20.0,14.8,25,-0.46,17,
C-B-1,2,1.97604,-29.4929,15.3109,1230,0.0,10.4,15.0,26,2839,0.0,-20.0,14.8,25,-0.46,17,
C-B-1,2,1.97704,-29.4929,15.3109,1230,0.0,10.4,15.0,26,2839,0.0,-20.0,14.8,25,-0.46,17,
C-B-1,2,1.97804,-29.4929,15.3109,1230,0.0,10.4,15.0,26,2839,0.0,-20.0,14.8,25,-0.46,17,
C-B-1,2,1.97904,-29.4929,15.3109,1230,0.0,10.4,15.0,26,2839,0.0,-20.0,14.8,25,-0.46,17,
C-B-1,2,1.98004,-29.4929,15.3109,1230,0.0,10.4,15.0,26,2839,0.0,-20.0,14.8,25,-0.46,17,
C-B-1,2,1.98104,-29.4929,15.3109,1230,0.0,10.4,15.0,26,2838,0.0,-20.8,14.8,25,-0.499,17,
C-B-1,2,1.98204,-29.4545,15.3167,1231,0.0,11.200000000000001,15.0,26,2839,0.0,-20.0,14.8,25,-0.422,17,
C-B-1,2,1.98304,-29.4929,15.3109,1230,0.0,10.4,15.0,26,2839,0.0,-20.0,14.8,25,-0.46,17,
C-B-1,2,1.98404,-29.4929,15.3109,1230,0.0,10.4,15.0,26,2839,0.0,-20.0,14.8,25,-0.46,17,
C-B-1,2,1.98504,-29.4929,15.3109,1230,0.0,10.4,15.0,26,2838,0.0,-20.8,14.8,25,-0.499,17,
C-B-1,2,1.98604,-29.4545,15.3167,1231,0.0,11.200000000000001,15.0,26,2839,0.0,-20.0,14.8,25,-0.422,17,
C-B-1,2,1.98704,-29.4545,15.3167,1231,0.0,11.200000000000001,15.0,26,2839,0.0,-20.0,14.8,25,-0.422,17,
C-B-1,2,1.98804,-29.4929,15.3109,1230,0.0,10.4,15.0,26,2839,0.0,-20.0,14.8,25,-0.46,17,
C-B-1,2,1.98904,-29.4929,15.3109,1230,0.0,10.4,15.0,26,2839,0.0,-20.0,14.8,25,-0.46,17,
C-B-1,2,1.99004,-29.4929,15.3109,1230,0.0,10.4,15.0,26,2839,0.0,-20.0,14.8,25,-0.46,17,
C-B-1,2,1.99104,-29.4929,15.3109,1230,0.0,10.4,15.0,26,2839,0.0,-20.0,14.8,25,-0.46,17,
C-B-1,2,1.99204,-29.4929,15.3109,1230,0.0,10.4,15.0,26,2839,0.0,-20.0,14.8,25,-0.46,17,
C-B-1,2,1.99304,-29.4929,15.3109,1230,0.0,10.4,15.0,26,2839,0.0,-20.0,14.8,25,-0.46,17,
C-B-1,2,1.99404,-29.4929,15.3109,1230,0.0,10.4,15.0,26,2839,0.0,-20.0,14.8,25,-0.46,17,
C-B-1,2,1.99504,-29.4545,15.3167,1231,0.0,11.200000000000001,15.0,26,2839,0.0,-20.0,14.8,25,-0.422,17,
C-B-1,2,1.99604,-29.4929,15.3109,1230,0.0,10.4,15.0,26,2839,0.0,-20.0,14.8,25,-0.46,17,
C-B-1,2,1.99704,-29.4929,15.3109,1230,0.0,10.4,15.0,26,2839,0.0,-20.0,14.8,25,-0.46,17,
C-B-1,2,1.99804,-29.4929,15.3109,1230,0.0,10.4,15.2,26,2838,0.0,-20.8,14.8,25,-0.499,17,
C-B-1,2,1.99904,-29.4929,15.3109,1230,0.0,10.4,15.2,26,2839,0.0,-20.0,14.8,25,-0.46,17,
C-B-1,2,2.00005,-29.4929,15.3109,1230,0.0,10.4,15.2,26,2839,0.0,-20.0,14.8,25,-0.46,17,
C-B-1,3,0.00178,30.2599,15.1936,2788,0.0,6.4,15.1,26,1286,0.0,-11.200000000000001,14.8,25,-0.268,17,
C-B-1,3,0.00279,30.2599,15.1936,2788,0.0,6.4,15.1,26,1286,0.0,-11.200000000000001,14.8,25,-0.268,17,
C-B-1,3,0.00378,30.2599,15.1936,2788,0.0,6.4,15.1,26,1286,0.0,-11.200000000000001,14.8,25,-0.268,17,
C-B-1,3,0.00478,30.2599,15.1936,2788,0.0,7.2,15.1,26,1286,0.0,-12.0,14.8,25,-0.268,17,
C-B-1,3,0.00578,30.2599,15.1936,2788,0.0,7.2,15.1,26,1286,0.0,-12.0,14.8,25,-0.268,17,
C-B-1,3,0.00678,30.2599,15.1936,2788,0.0,7.2,15.1,26,1285,0.0,-13.600000000000001,14.8,25,-0.307,17,
C-B-1,3,0.00778,30.2599,15.1936,2788,0.0,8.0,15.1,26,1286,0.0,-12.8,14.8,25,-0.268,17,
C-B-1,3,0.00878,30.2599,15.1936,2788,0.0,8.0,15.1,26,1286,0.0,-13.600000000000001,14.8,25,-0.268,17,
C-B-1,3,0.00991,30.2599,15.1936,2788,0.0,8.8,15.1,26,1286,0.0,-13.600000000000001,14.8,25,-0.268,17,
C-B-1,3,0.0108,30.2599,15.1936,2788,0.0,9.600000000000001,15.1,26,1286,0.0,-14.4,14.8,25,-0.268,17,
C-B-1,3,0.01179,30.2599,15.1936,2788,0.0,10.4,15.1,26,1286,0.0,-15.200000000000001,14.8,25,-0.268,17,
C-B-1,3,0.01279,30.2599,15.1936,2788,0.0,11.200000000000001,15.1,26,1286,0.0,-16.0,14.8,25,-0.268,17,
C-B-1,3,0.01379,30.2599,15.1936,2788,0.0,12.0,15.1,26,1286,0.0,-16.0,14.8,25,-0.268,17,
C-B-1,3,0.01479,30.2599,15.1936,2788,0.0,12.0,15.1,26,1286,0.0,-16.8,14.8,25,-0.268,17,
C-B-1,3,0.01579,30.2599,15.1936,2788,0.0,12.8,15.1,26,1286,0.0,-17.6,14.8,25,-0.268,17,
C-B-1,3,0.01679,30.2599,15.1936,2788,0.0,14.4,15.1,26,1286,0.0,-18.400000000000002,14.8,25,-0.268,17,
C-B-1,3,0.01778,30.2599,15.1936,2788,0.0,15.200000000000001,15.1,26,1285,0.0,-20.8,14.8,25,-0.307,17,
C-B-1,3,0.01879,30.2599,15.1936,2788,0.0,16.8,15.1,26,1286,0.0,-21.6,14.8,25,-0.268,17,
C-B-1,3,0.01979,30.2599,15.1936,2788,0.0,17.6,15.1,26,1286,0.0,-22.400000000000002,14.8,25,-0.268,17,
C-B-1,3,0.02078,30.2599,15.1936,2788,0.0,19.200000000000003,15.1,26,1286,0.0,-24.0,14.8,25,-0.268,17,
C-B-1,3,0.02178,30.2599,15.1936,2788,0.0,20.0,15.1,26,1286,0.0,-24.8,14.8,25,-0.268,17,
C-B-1,3,0.02279,30.2599,15.1936,2788,0.0,21.6,15.1,26,1286,0.0,-26.400000000000002,14.8,25,-0.268,17,
C-B-1,3,0.02378,30.2599,15.1936,2788,0.0,22.400000000000002,15.1,26,1286,0.0,-27.200000000000003,14.8,25,-0.268,17,
C-B-1,3,0.02478,30.2599,15.1936,2788,0.0,24.0,15.1,26,1286,0.0,-28.8,14.8,25,-0.268,17,
C-B-1,3,0.02579,30.2599,15.1936,2788,0.0,25.6,15.1,26,1286,0.0,-29.6,14.8,25,-0.268,17,
C-B-1,3,0.02678,30.2599,15.1936,2788,0.0,26.400000000000002,15.1,26,1285,0.0,-32.0,14.8,25,-0.307,17,
C-B-1,3,0.02778,30.2599,15.1936,2788,0.0,28.0,15.1,26,1286,0.0,-34.4,14.8,25,-0.268,17,
C-B-1,3,0.02879,30.2599,15.1936,2788,0.0,29.6,15.1,26,1286,0.0,-36.0,14.8,25,-0.268,17,
C-B-1,3,0.02979,30.2216,15.1995,2787,0.0,30.400000000000002,15.1,26,1286,0.0,-37.6,14.8,25,-0.307,17,
C-B-1,3,0.03079,30.2599,15.1936,2788,0.0,32.800000000000004,15.1,26,1286,0.0,-39.2,14.8,25,-0.268,17,
C-B-1,3,0.03179,30.2599,15.1936,2788,0.0,34.4,15.1,26,1286,0.0,-40.800000000000004,14.8,25,-0.268,17,
C-B-1,3,0.03279,30.2599,15.1936,2788,0.0,37.6,15.1,26,1286,0.0,-42.400000000000006,14.8,25,-0.268,17,
C-B-1,3,0.03378,30.2216,15.1995,2787,0.0,38.400000000000006,15.1,26,1286,0.0,-44.0,14.8,25,-0.307,17,
C-B-1,3,0.03479,30.2216,15.1995,2787,0.0,40.800000000000004,15.1,26,1286,0.0,-45.6,14.8,25,-0.307,17,
C-B-1,3,0.03579,30.2216,15.1995,2787,0.0,42.400000000000006,15.1,26,1286,0.0,-48.0,14.8,25,-0.307,17,
C-B-1,3,0.03679,30.1832,15.2055,2786,-1.01,41.5,15.1,26,1286,0.0,-52.0,14.8,25,-0.345,17,
C-B-1,3,0.03779,30.1832,15.2055,2786,-1.01,43.900000000000006,15.1,26,1287,0.0,-52.800000000000004,14.8,25,-0.307,17,
C-B-1,3,0.03879,30.1832,15.2055,2786,-1.01,46.300000000000004,15.1,26,1287,0.0,-55.2,14.8,25,-0.307,17,
C-B-1,3,0.03979,30.1832,15.2055,2786,-1.01,47.900000000000006,15.1,26,1288,1.01,-54.300000000000004,14.8,25,-0.268,17,
C-B-1,3,0.04079,30.1832,15.2055,2786,-1.01,50.300000000000004,15.1,26,1288,1.01,-56.7,14.8,25,-0.268,17,
C-B-1,3,0.04179,30.1449,15.2114,2785,-1.51,52.6,15.1,26,1288,1.01,-59.1,14.8,25,-0.307,17,
C-B-1,3,0.04279,30.1449,15.2114,2785,-1.51,55.0,15.1,26,1289,1.51,-59.800000000000004,14.8,25,-0.268,17,
C-B-1,3,0.04379,30.1065,15.2173,2784,-2.01,55.7,15.1,26,1289,1.51,-62.2,14.8,25,-0.307,17,
C-B-1,3,0.04479,30.0682,15.2232,2783,-2.52,56.5,15.1,26,1290,2.01,-62.900000000000006,14.8,25,-0.307,17,
C-B-1,3,0.04579,30.0682,15.2232,2783,-2.52,58.900000000000006,15.1,26,1291,3.02,-65.2,14.8,25,-0.268,17,
C-B-1,3,0.04679,30.0682,15.2232,2783,-2.52,61.300000000000004,15.1,26,1291,2.52,-68.5,14.8,25,-0.268,17,
C-B-1,3,0.04779,30.0298,15.2291,2782,-3.02,62.0,15.1,26,1292,3.02,-69.2,14.8,25,-0.268,17,
C-B-1,3,0.04879,30.0298,15.2291,2782,-3.02,65.2,15.1,26,1292,3.02,-72.4,14.8,25,-0.268,17,
C-B-1,3,0.04979,29.9915,15.235,2781,-3.52,65.9,15.1,26,1293,3.52,-73.10000000000001,14.8,25,-0.268,17,
C-B-1,3,0.05079,29.9531,15.2408,2780,-4.03,69.8,15.1,26,1293,3.52,-75.5,14.8,25,-0.307,17,
C-B-1,3,0.05188,29.9148,15.2467,2779,-4.53,70.60000000000001,15.1,26,1295,4.53,-75.4,14.8,25,-0.268,17,
C-B-1,3,0.0528,29.8764,15.2526,2778,-5.03,72.10000000000001,15.1,26,1296,5.03,-76.10000000000001,14.8,25,-0.268,17,
C-B-1,3,0.05379,29.8381,15.2585,2777,-5.54,72.8,15.1,26,1296,5.03,-79.30000000000001,14.8,25,-0.307,17,
C-B-1,3,0.05491,29.7997,15.2643,2776,-6.04,74.3,15.1,26,1297,5.54,-80.80000000000001,14.8,25,-0.307,17,
C-B-1,3,0.05581,29.7614,15.2702,2775,-6.54,75.9,15.1,26,1299,6.54,-83.10000000000001,14.8,25,-0.268,17,
C-B-1,3,0.05679,29.723,15.276,2774,-7.04,76.60000000000001,15.1,26,1299,6.54,-86.30000000000001,14.8,25,-0.307,17,
C-B-1,3,0.05779,29.6847,15.2818,2773,-7.55,78.10000000000001,15.1,26,1299,7.04,-86.5,14.8,25,-0.345,17,
C-B-1,3,0.05879,29.6463,15.2877,2772,-7.55,80.5,15.1,26,1300,7.04,-86.5,14.8,25,-0.345,17,
C-B-1,3,0.05979,29.5696,15.2993,2770,-9.06,82.7,15.1,26,1302,8.05,-84.7,14.8,25,-0.345,17,
C-B-1,3,0.06079,29.4929,15.3109,2768,-10.06,81.2,15.1,26,1303,8.55,-83.9,14.8,25,-0.384,17,
C-B-1,3,0.06179,29.4545,15.3167,2767,-10.57,80.4,15.1,26,1304,9.06,-83.0,14.8,25,-0.384,17,
C-B-1,3,0.0628,29.3778,15.3283,2765,-11.07,79.5,15.1,26,1306,10.06,-81.2,14.8,25,-0.384,17,
C-B-1,3,0.06379,29.3395,15.334,2764,-11.57,78.60000000000001,15.1,26,1307,10.57,-80.4,14.8,25,-0.384,17,
C-B-1,3,0.06479,29.3011,15.3398,2763,-12.08,77.7,15.1,26,1307,10.57,-80.4,14.8,25,-0.422,17,
C-B-1,3,0.06579,29.2244,15.3513,2761,-12.58,76.9,15.1,26,1309,11.07,-79.5,14.8,25,-0.422,17,
C-B-1,3,0.0668,29.1861,15.3571,2760,-13.08,76.0,15.1,26,1310,12.08,-77.7,14.8,25,-0.422,17,
C-B-1,3,0.06784,29.1094,15.3685,2758,-14.09,74.2,15.1,26,1311,12.08,-77.7,14.8,25,-0.46,17,
C-B-1,3,0.06881,28.9943,15.3857,2755,-15.6,71.60000000000001,15.1,26,1314,13.08,-76.0,14.8,25,-0.46,17,
C-B-1,3,0.0698,28.9176,15.3971,2753,-16.1,70.7,15.1,26,1315,13.59,-75.10000000000001,14.8,25,-0.499,17,
C-B-1,3,0.07081,28.8409,15.4085,2751,-17.11,69.0,15.1,26,1316,14.09,-74.2,14.8,25,-0.537,17,
C-B-1,3,0.0718,28.7642,15.4198,2749,-18.12,67.2,15.1,26,1318,14.59,-73.4,14.8,25,-0.537,17,
C-B-1,3,0.0728,28.6875,15.4311,2747,-18.62,66.3,15.1,26,1319,15.1,-72.5,14.8,25,-0.575,17,
C-B-1,3,0.07379,28.6875,15.4311,2747,-18.12,67.2,15.1,26,1320,15.1,-72.5,14.8,25,-0.537,17,
C-B-1,3,0.07479,28.6108,15.4424,2745,-19.12,65.5,15.1,26,1321,15.6,-71.60000000000001,14.8,25,-0.575,17,
C-B-1,3,0.0758,28.5341,15.4537,2743,-20.13,63.7,15.1,26,1323,16.1,-70.7,14.8,25,-0.575,17,
C-B-1,3,0.0768,28.4574,15.4649,2741,-20.63,62.800000000000004,15.1,26,1325,17.11,-69.0,14.8,25,-0.575,17,
C-B-1,3,0.0778,28.419,15.4705,2740,-21.13,62.0,15.1,26,1327,17.61,-68.10000000000001,14.8,25,-0.537,17,
C-B-1,3,0.0788,28.3807,15.4761,2739,-21.13,62.0,15.1,26,1328,17.61,-68.10000000000001,14.8,25,-0.537,17,
C-B-1,3,0.07979,28.304,15.4873,2737,-21.64,61.1,15.1,26,1330,18.62,-66.3,14.8,25,-0.537,17,
C-B-1,3,0.0808,28.2273,15.4984,2735,-22.64,59.300000000000004,15.1,26,1332,18.62,-66.3,14.8,25,-0.537,17,
C-B-1,3,0.0818,28.1506,15.5096,2733,-23.15,58.5,15.1,26,1334,19.12,-65.5,14.8,25,-0.537,17,
C-B-1,3,0.0828,28.0739,15.5207,2731,-23.15,58.5,15.1,26,1335,19.62,-64.60000000000001,14.8,25,-0.575,17,
C-B-1,3,0.0838,27.9972,15.5317,2729,-23.65,57.6,15.1,26,1336,19.62,-64.60000000000001,14.8,25,-0.614,17,
C-B-1,3,0.0848,27.9205,15.5428,2727,-24.15,56.7,15.1,26,1338,20.13,-63.7,14.8,25,-0.614,17,
C-B-1,3,0.0858,27.8821,15.5483,2726,-24.15,56.7,15.1,26,1339,20.13,-63.7,14.8,25,-0.614,17,
C-B-1,3,0.0868,27.8054,15.5593,2724,-24.66,55.800000000000004,15.1,26,1341,20.63,-62.800000000000004,14.8,25,-0.614,17,
C-B-1,3,0.0878,27.767,15.5648,2723,-24.66,55.800000000000004,15.1,26,1343,21.13,-62.0,14.8,25,-0.575,17,
C-B-1,3,0.0888,27.6903,15.5757,2721,-24.66,55.800000000000004,15.1,26,1344,21.13,-62.0,14.8,25,-0.614,17,
C-B-1,3,0.0898,27.652,15.5812,2720,-25.16,55.0,15.1,26,1346,21.64,-61.1,14.8,25,-0.575,17,
C-B-1,3,0.0908,27.5753,15.5921,2718,-25.16,55.0,15.1,26,1348,22.14,-60.2,14.8,25,-0.575,17,
C-B-1,3,0.0918,27.4986,15.603,2716,-24.66,55.800000000000004,15.1,26,1348,21.13,-62.0,14.8,25,-0.652,17,
C-B-1,3,0.0928,27.4602,15.6084,2715,-24.66,55.800000000000004,15.1,26,1350,21.64,-61.1,14.8,25,-0.614,17,
C-B-1,3,0.0938,27.3835,15.6193,2713,-25.16,55.0,15.1,26,1351,22.14,-60.2,14.8,25,-0.652,17,
C-B-1,3,0.0948,27.3452,15.6247,2712,-24.66,55.800000000000004,15.1,26,1352,21.64,-61.1,14.8,25,-0.652,17,
C-B-1,3,0.0958,27.2685,15.6355,2710,-25.16,55.0,15.1,26,1355,22.14,-60.2,14.8,25,-0.614,17,
C-B-1,3,0.09681,27.2301,15.6409,2709,-24.66,55.800000000000004,15.1,26,1356,21.64,-61.1,14.8,25,-0.614,17,
C-B-1,3,0.0978,27.1918,15.6463,2708,-23.65,57.6,15.1,26,1357,21.64,-61.1,14.8,25,-0.614,17,
C-B-1,3,0.0988,27.1151,15.657,2706,-24.66,55.800000000000004,15.1,26,1358,21.64,-61.1,14.8,25,-0.652,17,
C-B-1,3,0.0998,27.0767,15.6624,2705,-24.15,56.7,15.1,26,1359,21.64,-61.1,13.6,25,-0.652,17,
C-B-1,3,0.1008,27.0,15.6731,2703,-23.15,58.5,15.5,26,1360,21.13,-62.0,13.6,25,-0.69,17,
C-B-1,3,0.10181,26.9616,15.6784,2702,-22.64,59.300000000000004,15.5,26,1361,21.13,-62.0,13.6,25,-0.69,17,
C-B-1,3,0.1028,26.8849,15.6891,2700,-23.65,57.6,15.5,26,1362,21.13,-62.0,13.6,25,-0.729,17,
C-B-1,3,0.1038,26.8466,15.6944,2699,-23.15,58.5,15.5,26,1364,21.64,-61.1,13.6,25,-0.69,17,
C-B-1,3,0.10481,26.8082,15.6997,2698,-22.64,59.300000000000004,15.5,26,1365,21.13,-62.0,13.6,25,-0.69,17,
C-B-1,3,0.1058,26.7699,15.705,2697,-22.14,60.2,15.5,26,1366,20.63,-62.800000000000004,13.6,25,-0.69,17,
C-B-1,3,0.1068,26.7315,15.7103,2696,-22.14,60.2,15.5,26,1367,20.63,-62.800000000000004,13.6,25,-0.69,17,
C-B-1,3,0.1078,26.6548,15.7209,2694,-22.64,59.300000000000004,15.5,26,1368,20.63,-62.800000000000004,13.6,25,-0.729,17,
C-B-1,3,0.10881,26.6165,15.7262,2693,-22.14,60.2,15.5,26,1370,21.13,-62.0,13.6,25,-0.69,17,
C-B-1,3,0.1098,26.5014,15.742,2690,-21.64,61.1,15.5,26,1372,20.13,-63.7,13.6,25,-0.729,17,
C-B-1,3,0.11081,26.4631,15.7472,2689,-21.64,61.1,15.5,26,1373,19.62,-64.60000000000001,13.6,25,-0.729,17,
C-B-1,3,0.1118,26.348,15.7629,2686,-22.14,60.2,15.5,26,1375,20.13,-63.7,13.6,25,-0.767,17,
C-B-1,3,0.1128,26.3097,15.7682,2685,-21.64,61.1,15.5,26,1376,20.13,-63.7,13.6,25,-0.767,17,
C-B-1,3,0.1138,26.233,15.7786,2683,-21.64,61.1,15.5,26,1377,19.62,-64.60000000000001,13.6,25,-0.805,17,
C-B-1,3,0.1148,26.233,15.7786,2683,-21.13,62.0,15.5,26,1378,19.62,-64.60000000000001,13.6,25,-0.767,17,
C-B-1,3,0.11581,26.1562,15.789,2681,-21.13,62.0,15.5,26,1379,19.12,-65.5,13.6,25,-0.805,17,
C-B-1,3,0.1168,26.1179,15.7942,2680,-21.13,62.0,15.5,26,1381,20.13,-63.7,13.6,25,-0.767,17,
C-B-1,3,0.1178,26.0412,15.8045,2678,-21.13,62.0,15.5,26,1382,19.62,-64.60000000000001,13.6,25,-0.805,17,
C-B-1,3,0.11881,25.9645,15.8148,2676,-21.64,61.1,15.5,26,1385,19.62,-64.60000000000001,13.6,25,-0.767,17,
C-B-1,3,0.11981,25.9261,15.82,2675,-21.13,62.0,15.5,26,1386,19.12,-65.5,13.6,25,-0.767,17,
C-B-1,3,0.1208,25.8878,15.8251,2674,-21.13,62.0,15.5,26,1388,20.13,-63.7,13.6,25,-0.729,17,
C-B-1,3,0.12181,25.8494,15.8303,2673,-21.13,62.0,15.5,26,1391,20.63,-62.800000000000004,13.6,25,-0.652,17,
C-B-1,3,0.1228,25.7727,15.8405,2671,-21.64,61.1,15.5,26,1392,20.63,-62.800000000000004,13.6,25,-0.69,17,
C-B-1,3,0.1238,25.6577,15.8559,2668,-21.64,61.1,15.5,26,1393,20.63,-62.800000000000004,13.6,25,-0.767,17,
C-B-1,3,0.12481,25.581,15.866,2666,-21.64,61.1,15.5,26,1395,20.63,-62.800000000000004,13.6,25,-0.767,17,
C-B-1,3,0.12581,25.5426,15.8711,2665,-21.64,61.1,15.5,26,1397,21.13,-62.0,13.6,25,-0.729,17,
C-B-1,3,0.1268,25.4659,15.8813,2663,-22.14,60.2,15.5,26,1399,21.64,-61.1,13.6,25,-0.729,17,
C-B-1,3,0.12781,25.3892,15.8914,2661,-22.14,60.2,15.5,26,1401,21.64,-61.1,13.6,25,-0.729,17,
C-B-1,3,0.12881,25.3509,15.8964,2660,-22.14,60.2,15.5,26,1404,22.64,-59.300000000000004,13.6,25,-0.652,17,
C-B-1,3,0.12981,25.2741,15.9065,2658,-22.64,59.300000000000004,15.5,26,1405,22.64,-59.300000000000004,13.6,25,-0.69,17,
C-B-1,3,0.13081,25.1974,15.9165,2656,-23.15,58.5,15.5,26,1407,23.15,-58.5,13.6,25,-0.69,17,
C-B-1,3,0.1318,25.1591,15.9215,2655,-23.15,58.5,15.5,26,1409,23.65,-57.6,13.6,25,-0.652,17,
C-B-1,3,0.13281,25.044,15.9365,2652,-23.15,58.5,15.5,26,1410,23.15,-58.5,13.6,25,-0.729,17,
C-B-1,3,0.1338,24.9673,15.9465,2650,-23.65,57.6,15.5,26,1412,23.65,-57.6,13.6,25,-0.729,17,
C-B-1,3,0.13481,24.8523,15.9614,2647,-24.66,55.800000000000004,15.5,26,1414,24.15,-56.7,13.6,25,-0.767,17,
C-B-1,3,0.13581,24.8139,15.9663,2646,-24.66,55.800000000000004,15.5,26,1416,24.66,-55.800000000000004,13.6,25,-0.729,17,
C-B-1,3,0.13681,24.7372,15.9762,2644,-24.66,55.800000000000004,15.5,26,1419,24.66,-55.800000000000004,13.6,25,-0.69,17,
C-B-1,3,0.13781,24.6989,15.9811,2643,-24.66,55.800000000000004,15.5,26,1420,24.66,-55.800000000000004,13.6,25,-0.69,17,
C-B-1,3,0.13881,24.6222,15.9909,2641,-24.66,55.800000000000004,15.5,26,1422,25.16,-55.0,13.6,25,-0.69,17,
C-B-1,3,0.13981,24.5455,16.0007,2639,-25.16,55.0,15.5,26,1425,26.17,-53.2,13.6,25,-0.652,17,
C-B-1,3,0.14081,24.4688,16.0105,2637,-25.66,54.1,15.5,26,1427,26.17,-53.2,13.6,25,-0.652,17,
C-B-1,3,0.14181,24.3153,16.0299,2633,-26.17,53.2,15.5,26,1428,26.17,-53.2,13.6,25,-0.767,17,
C-B-1,3,0.14281,24.2386,16.0396,2631,-26.17,53.2,15.5,26,1430,26.67,-52.300000000000004,13.6,25,-0.767,17,
C-B-1,3,0.14381,24.1619,16.0493,2629,-27.17,51.5,15.5,26,1432,27.17,-51.5,13.6,25,-0.767,17,
C-B-1,3,0.14481,24.0852,16.0589,2627,-27.17,51.5,15.5,26,1434,27.68,-50.6,13.6,25,-0.767,17,
C-B-1,3,0.14581,24.0085,16.0685,2625,-27.68,50.6,15.5,26,1437,28.18,-49.7,13.6,25,-0.729,17,
C-B-1,3,0.14681,23.8935,16.0828,2622,-27.68,50.6,15.5,26,1438,28.18,-49.7,13.6,25,-0.805,17,
C-B-1,3,0.14781,23.8168,16.0923,2620,-27.68,50.6,15.5,26,1441,28.68,-48.800000000000004,13.6,25,-0.767,17,
C-B-1,3,0.14882,23.7401,16.1018,2618,-28.18,49.7,15.5,26,1443,29.19,-48.0,13.6,25,-0.767,17,
C-B-1,3,0.14981,23.6634,16.1113,2616,-28.68,48.800000000000004,15.5,26,1445,29.69,-47.1,13.6,25,-0.767,17,
C-B-1,3,0.15081,23.5483,16.1255,2613,-28.68,48.800000000000004,15.5,26,1449,29.19,-48.0,13.6,25,-0.729,17,
C-B-1,3,0.15182,23.4716,16.1348,2611,-28.68,48.800000000000004,15.5,26,1452,30.19,-46.2,13.6,25,-0.69,17,
C-B-1,3,0.15281,23.3565,16.1489,2608,-29.69,47.1,15.5,26,1454,30.7,-45.300000000000004,13.6,25,-0.729,17,
C-B-1,3,0.15382,23.2798,16.1582,2606,-29.69,47.1,15.5,26,1456,30.7,-45.300000000000004,13.6,25,-0.729,17,
C-B-1,3,0.15481,23.2031,16.1675,2604,-30.19,46.2,15.5,26,1459,31.2,-44.400000000000006,13.6,25,-0.69,17,
C-B-1,3,0.15582,23.1264,16.1768,2602,-30.19,46.2,15.5,26,1460,30.7,-45.300000000000004,13.6,25,-0.729,17,
C-B-1,3,0.15681,23.0497,16.186,2600,-30.19,46.2,15.5,26,1463,31.2,-44.400000000000006,13.6,25,-0.69,17,
C-B-1,3,0.15782,22.973,16.1952,2598,-30.7,45.300000000000004,15.5,26,1465,32.2,-42.7,13.6,25,-0.69,17,
C-B-1,3,0.15881,22.858,16.209,2595,-31.2,44.400000000000006,15.5,26,1467,31.7,-43.6,13.6,25,-0.729,17,
C-B-1,3,0.15981,22.7812,16.2181,2593,-31.2,44.400000000000006,15.5,26,1471,32.2,-42.7,13.6,25,-0.652,17,
C-B-1,3,0.16082,22.7429,16.2226,2592,-31.2,44.400000000000006,15.5,26,1473,32.2,-42.7,13.6,25,-0.614,17,
C-B-1,3,0.16181,22.6662,16.2317,2590,-32.2,42.7,15.5,26,1476,33.21,-40.900000000000006,13.6,25,-0.575,17,
C-B-1,3,0.16281,22.5511,16.2453,2587,-32.2,42.7,15.5,26,1478,33.21,-40.900000000000006,13.6,25,-0.614,17,
C-B-1,3,0.16382,22.4744,16.2543,2585,-31.7,43.6,15.5,26,1481,33.71,-40.1,13.6,25,-0.575,17,
C-B-1,3,0.16481,22.3594,16.2678,2582,-31.7,43.6,15.5,26,1482,33.21,-40.900000000000006,13.6,25,-0.652,17,
C-B-1,3,0.16582,22.2443,16.2812,2579,-32.2,42.7,15.5,26,1484,33.21,-40.900000000000006,13.6,25,-0.69,17,
C-B-1,3,0.16681,22.1676,16.2901,2577,-32.71,41.800000000000004,15.5,26,1487,34.22,-39.2,13.6,25,-0.652,17,
C-B-1,3,0.16782,22.0526,16.3034,2574,-33.21,40.900000000000006,15.5,26,1489,34.72,-38.300000000000004,13.6,25,-0.69,17,
C-B-1,3,0.16882,21.9759,16.3122,2572,-33.21,40.900000000000006,15.5,26,1493,34.22,-39.2,13.6,25,-0.614,17,
C-B-1,3,0.16981,21.9375,16.3166,2571,-32.71,41.800000000000004,15.5,26,1496,34.72,-38.300000000000004,13.6,25,-0.537,17,
C-B-1,3,0.17081,21.8224,16.3298,2568,-32.71,41.800000000000004,15.5,26,1498,35.22,-37.4,13.6,25,-0.575,17,
C-B-1,3,0.17182,21.7457,16.3385,2566,-33.21,40.900000000000006,15.5,26,1501,35.73,-36.6,13.6,25,-0.537,17,
C-B-1,3,0.17282,21.6307,16.3516,2563,-33.71,40.1,15.5,26,1503,35.73,-36.6,13.6,25,-0.575,17,
C-B-1,3,0.17382,21.5156,16.3646,2560,-33.21,40.900000000000006,15.5,26,1505,35.73,-36.6,13.6,25,-0.614,17,
C-B-1,3,0.17482,21.4006,16.3775,2557,-33.71,40.1,15.5,26,1507,35.22,-37.4,13.6,25,-0.652,17,
C-B-1,3,0.17582,21.3239,16.3861,2555,-33.71,40.1,15.5,26,1510,36.23,-35.7,13.6,25,-0.614,17,
C-B-1,3,0.17682,21.2088,16.3989,2552,-34.22,39.2,15.5,26,1513,36.23,-35.7,13.6,25,-0.614,17,
C-B-1,3,0.17782,21.1321,16.4074,2550,-34.22,39.2,15.5,26,1516,35.73,-36.6,13.6,25,-0.575,17,
C-B-1,3,0.17882,21.0554,16.4159,2548,-34.22,39.2,15.5,26,1519,36.23,-35.7,13.6,25,-0.537,17,
C-B-1,3,0.17982,20.9787,16.4243,2546,-34.22,39.2,15.5,26,1521,36.23,-35.7,13.6,25,-0.537,17,
C-B-1,3,0.18082,20.8636,16.4369,2543,-35.22,37.4,15.5,26,1524,36.23,-35.7,13.6,25,-0.537,17,
C-B-1,3,0.18182,20.7869,16.4453,2541,-35.22,37.4,15.5,26,1526,36.23,-35.7,13.6,25,-0.537,17,
C-B-1,3,0.18282,20.6335,16.462,2537,-34.72,38.300000000000004,15.5,26,1528,36.23,-35.7,13.6,25,-0.614,17,
C-B-1,3,0.18382,20.5185,16.4744,2534,-35.22,37.4,15.5,26,1530,35.73,-36.6,13.6,25,-0.652,17,
C-B-1,3,0.18482,20.4418,16.4826,2532,-35.22,37.4,15.5,26,1533,36.73,-34.800000000000004,13.6,25,-0.614,17,
C-B-1,3,0.18582,20.3267,16.4949,2529,-35.73,36.6,15.5,26,1536,36.23,-35.7,13.6,25,-0.614,17,
C-B-1,3,0.18682,20.2116,16.5071,2526,-36.23,35.7,15.5,26,1541,36.73,-34.800000000000004,13.6,25,-0.537,17,
C-B-1,3,0.18782,20.1733,16.5112,2525,-35.22,37.4,15.5,26,1544,37.24,-33.9,13.6,25,-0.46,17,
C-B-1,3,0.18882,20.0582,16.5234,2522,-35.73,36.6,15.5,26,1546,37.24,-33.9,13.6,25,-0.499,17,
C-B-1,3,0.18982,19.9432,16.5354,2519,-36.73,34.800000000000004,15.5,26,1549,37.74,-33.1,13.6,25,-0.499,17,
C-B-1,3,0.19082,19.8665,16.5435,2517,-36.73,34.800000000000004,15.5,26,1552,37.74,-33.1,13.6,25,-0.46,17,
C-B-1,3,0.19183,19.7131,16.5594,2513,-36.23,35.7,15.5,26,1553,37.24,-33.9,13.6,25,-0.575,17,
C-B-1,3,0.19282,19.6364,16.5673,2511,-36.23,35.7,15.5,26,1556,37.24,-33.9,13.6,25,-0.537,17,
C-B-1,3,0.19382,19.5213,16.5792,2508,-37.24,33.9,15.5,26,1559,38.24,-32.2,13.6,25,-0.537,17,
C-B-1,3,0.19482,19.4062,16.5909,2505,-37.24,33.9,15.5,26,1561,38.24,-32.2,13.6,25,-0.575,17,
C-B-1,3,0.19582,19.2912,16.6026,2502,-37.74,33.1,15.5,26,1564,38.24,-32.2,13.6,25,-0.575,17,
C-B-1,3,0.19682,19.2528,16.6065,2501,-36.73,34.800000000000004,15.5,26,1566,38.24,-32.2,13.6,25,-0.537,17,
C-B-1,3,0.19782,19.1378,16.6181,2498,-37.24,33.9,15.5,26,1568,38.24,-32.2,13.6,25,-0.575,17,
C-B-1,3,0.19882,19.0611,16.6259,2496,-37.74,33.1,15.5,26,1571,38.75,-31.3,13.6,25,-0.537,17,
C-B-1,3,0.1998,18.9077,16.6412,2492,-37.74,33.1,15.5,26,1574,38.75,-31.3,13.6,25,-0.575,17,
C-B-1,3,0.20082,18.7543,16.6564,2488,-37.24,33.9,15.5,26,1578,38.24,-32.2,13.6,25,-0.575,17,
C-B-1,3,0.20182,18.6392,16.6677,2485,-37.74,33.1,15.5,26,1581,38.75,-31.3,13.6,25,-0.575,17,
C-B-1,3,0.20282,18.5625,16.6752,2483,-38.24,32.2,15.5,26,1583,38.75,-31.3,13.6,25,-0.575,17,
C-B-1,3,0.20381,18.4474,16.6864,2480,-38.24,32.2,15.5,26,1586,39.25,-30.400000000000002,13.6,25,-0.575,17,
C-B-1,3,0.20482,18.3707,16.6939,2478,-38.24,32.2,15.5,26,1588,38.75,-31.3,13.6,25,-0.575,17,
C-B-1,3,0.20584,18.3324,16.6976,2477,-37.24,33.9,15.5,26,1590,38.24,-32.2,13.6,25,-0.537,17,
C-B-1,3,0.20681,18.2173,16.7086,2474,-37.74,33.1,15.5,26,1592,38.24,-32.2,13.6,25,-0.575,17,
C-B-1,3,0.20783,18.1023,16.7197,2471,-38.24,32.2,15.5,26,1595,39.25,-30.400000000000002,13.6,25,-0.575,17,
C-B-1,3,0.20881,18.0256,16.727,2469,-38.24,32.2,15.5,26,1598,39.25,-30.400000000000002,13.6,25,-0.537,17,
C-B-1,3,0.20982,17.9105,16.7378,2466,-38.24,32.2,15.5,26,1602,38.75,-31.3,13.6,25,-0.499,17,
C-B-1,3,0.21082,17.8722,16.7415,2465,-37.74,33.1,15.5,26,1605,39.25,-30.400000000000002,13.6,25,-0.422,17,
C-B-1,3,0.21182,17.7571,16.7523,2462,-38.24,32.2,15.5,26,1607,39.25,-30.400000000000002,13.6,25,-0.46,17,
C-B-1,3,0.21281,17.6804,16.7594,2460,-38.24,32.2,15.5,26,1610,39.75,-29.6,13.6,25,-0.422,17,
C-B-1,3,0.21382,17.5653,16.7701,2457,-38.24,32.2,15.5,26,1612,39.25,-30.400000000000002,13.6,25,-0.46,17,
C-B-1,3,0.21482,17.4119,16.7843,2453,-37.74,33.1,15.5,26,1614,39.25,-30.400000000000002,13.6,25,-0.537,17,
C-B-1,3,0.21581,17.2969,16.7948,2450,-37.74,33.1,15.5,26,1617,39.25,-30.400000000000002,13.6,25,-0.537,17,
C-B-1,3,0.21683,17.2202,16.8018,2448,-38.24,32.2,14.2,26,1620,39.75,-29.6,14.0,25,-0.499,17,
C-B-1,3,0.21781,17.1051,16.8122,2445,-38.24,32.2,14.2,26,1623,39.75,-29.6,14.0,25,-0.499,17,
C-B-1,3,0.21883,16.9901,16.8226,2442,-38.24,32.2,14.2,26,1626,38.75,-31.3,14.0,25,-0.499,17,
C-B-1,3,0.21981,16.9517,16.826,2441,-37.74,33.1,14.2,26,1628,38.24,-32.2,14.0,25,-0.46,17,
C-B-1,3,0.22083,16.8366,16.8363,2438,-37.74,33.1,14.2,26,1632,39.75,-29.6,14.0,25,-0.422,17,
C-B-1,3,0.22183,16.7599,16.8431,2436,-38.24,32.2,14.2,26,1634,39.25,-30.400000000000002,14.0,25,-0.422,17,
C-B-1,3,0.22281,16.6449,16.8533,2433,-38.75,31.3,14.2,26,1636,38.75,-31.3,14.0,25,-0.46,17,
C-B-1,3,0.22383,16.4531,16.87,2428,-37.74,33.1,14.2,26,1638,38.75,-31.3,14.0,25,-0.575,17,
C-B-1,3,0.22483,16.3381,16.88,2425,-37.74,33.1,14.2,26,1641,38.75,-31.3,14.0,25,-0.575,17,
C-B-1,3,0.22581,16.223,16.8899,2422,-38.75,31.3,14.2,26,1643,38.75,-31.3,14.0,25,-0.614,17,
C-B-1,3,0.22683,16.1463,16.8965,2420,-38.24,32.2,14.2,26,1646,39.25,-30.400000000000002,14.0,25,-0.575,17,
C-B-1,3,0.22783,16.0696,16.903,2418,-38.24,32.2,14.2,26,1650,38.24,-32.2,14.0,25,-0.499,17,
C-B-1,3,0.22883,15.9929,16.9095,2416,-37.74,33.1,14.2,26,1653,38.75,-31.3,14.0,25,-0.46,17,
C-B-1,3,0.22981,15.8778,16.9192,2413,-37.74,33.1,14.2,26,1656,39.25,-30.400000000000002,14.0,25,-0.46,17,
C-B-1,3,0.23083,15.7628,16.9288,2410,-38.75,31.3,14.2,26,1659,39.25,-30.400000000000002,14.0,25,-0.46,17,
C-B-1,3,0.23183,15.6477,16.9384,2407,-38.75,31.3,14.2,26,1661,39.25,-30.400000000000002,14.0,25,-0.499,17,
C-B-1,3,0.23283,15.5327,16.9479,2404,-37.74,33.1,14.2,26,1663,38.75,-31.3,14.0,25,-0.537,17,
C-B-1,3,0.23381,15.3793,16.9604,2400,-38.75,31.3,14.2,26,1665,38.75,-31.3,14.0,25,-0.614,17,
C-B-1,3,0.23483,15.3026,16.9667,2398,-39.25,30.400000000000002,14.2,26,1668,39.25,-30.400000000000002,14.0,25,-0.575,17,
C-B-1,3,0.23581,15.1875,16.9759,2395,-39.25,30.400000000000002,14.2,26,1671,39.75,-29.6,14.0,25,-0.575,17,
C-B-1,3,0.23683,15.0724,16.9852,2392,-39.25,30.400000000000002,14.2,26,1674,39.75,-29.6,14.0,25,-0.575,17,
C-B-1,3,0.23783,15.0341,16.9882,2391,-38.75,31.3,14.2,26,1675,38.75,-31.3,14.0,25,-0.575,17,
C-B-1,3,0.23881,14.919,16.9974,2388,-38.75,31.3,14.2,26,1678,39.25,-30.400000000000002,14.0,25,-0.575,17,
C-B-1,3,0.23983,14.804,17.0064,2385,-39.75,29.6,14.2,26,1681,39.75,-29.6,14.0,25,-0.575,17,
C-B-1,3,0.24082,14.7273,17.0124,2383,-39.25,30.400000000000002,14.2,26,1683,39.25,-30.400000000000002,14.0,25,-0.575,17,
C-B-1,3,0.24183,14.5739,17.0243,2379,-38.75,31.3,14.2,26,1687,38.75,-31.3,14.0,25,-0.575,17,
C-B-1,3,0.24283,14.4588,17.0332,2376,-38.75,31.3,14.2,26,1689,38.75,-31.3,14.0,25,-0.614,17,
C-B-1,3,0.24381,14.3821,17.039,2374,-39.25,30.400000000000002,14.2,26,1692,39.25,-30.400000000000002,14.0,25,-0.575,17,
C-B-1,3,0.24483,14.267,17.0478,2371,-39.25,30.400000000000002,14.2,26,1695,39.25,-30.400000000000002,14.0,25,-0.575,17,
C-B-1,3,0.24583,14.152,17.0565,2368,-39.75,29.6,14.2,26,1697,38.75,-31.3,14.0,25,-0.614,17,
C-B-1,3,0.24683,14.1136,17.0593,2367,-38.75,31.3,14.2,26,1699,38.24,-32.2,14.0,25,-0.575,17,
C-B-1,3,0.24781,13.9986,17.0679,2364,-38.75,31.3,14.2,26,1702,38.75,-31.3,14.0,25,-0.575,17,
C-B-1,3,0.24883,13.8835,17.0764,2361,-39.75,29.6,14.2,26,1705,39.75,-29.6,14.0,25,-0.575,17,
C-B-1,3,0.24983,13.8068,17.0821,2359,-39.25,30.400000000000002,14.2,26,1707,39.75,-29.6,14.0,25,-0.575,17,
C-B-1,3,0.25082,13.6918,17.0905,2356,-39.75,29.6,14.2,26,1711,38.75,-31.3,14.0,25,-0.537,17,
C-B-1,3,0.25181,13.6534,17.0932,2355,-38.75,31.3,14.2,26,1714,39.25,-30.400000000000002,14.0,25,-0.46,17,
C-B-1,3,0.25282,13.5384,17.1015,2352,-38.75,31.3,14.2,26,1716,39.25,-30.400000000000002,14.0,25,-0.499,17,
C-B-1,3,0.25381,13.4616,17.107,2350,-39.25,30.400000000000002,14.2,26,1719,39.25,-30.400000000000002,14.0,25,-0.46,17,
C-B-1,3,0.25483,13.3466,17.1152,2347,-39.25,30.400000000000002,14.2,26,1722,39.75,-29.6,14.0,25,-0.46,17,
C-B-1,3,0.25582,13.1932,17.126,2343,-38.75,31.3,14.2,26,1723,38.75,-31.3,14.0,25,-0.575,17,
C-B-1,3,0.25681,13.0781,17.1341,2340,-39.25,30.400000000000002,14.2,26,1726,38.75,-31.3,14.0,25,-0.575,17,
C-B-1,3,0.25782,13.0014,17.1394,2338,-39.25,30.400000000000002,14.2,26,1729,39.25,-30.400000000000002,14.0,25,-0.537,17,
C-B-1,3,0.25882,12.8864,17.1473,2335,-39.25,30.400000000000002,14.2,26,1732,39.25,-30.400000000000002,14.0,25,-0.537,17,
C-B-1,3,0.25982,12.7713,17.1551,2332,-39.25,30.400000000000002,14.2,26,1735,37.74,-33.1,14.0,25,-0.537,17,
C-B-1,3,0.26081,12.733,17.1577,2331,-38.24,32.2,14.2,26,1738,38.24,-32.2,14.0,25,-0.46,17,
C-B-1,3,0.26182,12.6179,17.1655,2328,-38.75,31.3,14.2,26,1741,38.75,-31.3,14.0,25,-0.46,17,
C-B-1,3,0.2628,12.5412,17.1706,2326,-39.25,30.400000000000002,14.2,26,1744,39.25,-30.400000000000002,14.0,25,-0.422,17,
C-B-1,3,0.26382,12.4261,17.1782,2323,-38.75,31.3,14.2,26,1746,38.75,-31.3,14.0,25,-0.46,17,
C-B-1,3,0.26482,12.2727,17.1883,2319,-38.24,32.2,14.2,26,1747,37.74,-33.1,14.0,25,-0.575,17,
C-B-1,3,0.26582,12.1577,17.1958,2316,-38.24,32.2,14.2,26,1750,37.74,-33.1,14.0,25,-0.575,17,
C-B-1,3,0.26681,12.0426,17.2032,2313,-39.25,30.400000000000002,14.2,26,1752,38.24,-32.2,14.0,25,-0.614,17,
C-B-1,3,0.26781,11.9659,17.2081,2311,-38.75,31.3,14.2,26,1755,38.24,-32.2,14.0,25,-0.575,17,
C-B-1,3,0.26882,11.8509,17.2154,2308,-38.75,31.3,14.2,26,1759,37.74,-33.1,14.0,25,-0.537,17,
C-B-1,3,0.26981,11.7741,17.2202,2306,-38.75,31.3,14.2,26,1762,37.74,-33.1,14.0,25,-0.499,17,
C-B-1,3,0.27082,11.6974,17.225,2304,-38.24,32.2,14.2,26,1765,38.75,-31.3,14.0,25,-0.46,17,
C-B-1,3,0.27181,11.5824,17.2321,2301,-39.25,30.400000000000002,14.2,26,1768,39.25,-30.400000000000002,14.0,25,-0.46,17,
C-B-1,3,0.27282,11.5057,17.2368,2299,-38.75,31.3,14.2,26,1770,38.75,-31.3,14.0,25,-0.46,17,
C-B-1,3,0.27382,11.3523,17.2462,2295,-38.24,32.2,14.2,26,1771,37.74,-33.1,14.0,25,-0.575,17,
C-B-1,3,0.27481,11.2372,17.2531,2292,-38.24,32.2,14.2,26,1774,38.24,-32.2,14.0,25,-0.575,17,
C-B-1,3,0.27582,11.1605,17.2577,2290,-38.75,31.3,14.2,26,1777,38.75,-31.3,14.0,25,-0.537,17,
C-B-1,3,0.27682,11.0455,17.2645,2287,-38.75,31.3,14.2,26,1779,38.24,-32.2,14.0,25,-0.575,17,
C-B-1,3,0.27782,10.9304,17.2712,2284,-38.75,31.3,14.2,26,1782,38.24,-32.2,14.0,25,-0.575,17,
C-B-1,3,0.27882,10.892,17.2734,2283,-38.24,32.2,14.2,26,1784,38.24,-32.2,14.0,25,-0.537,17,
C-B-1,3,0.27981,10.777,17.2801,2280,-38.24,32.2,14.2,26,1786,37.74,-33.1,14.0,25,-0.575,17,
C-B-1,3,0.28082,10.6619,17.2866,2277,-39.25,30.400000000000002,14.2,26,1789,38.75,-31.3,14.0,25,-0.575,17,
C-B-1,3,0.28182,10.5852,17.291,2275,-38.75,31.3,14.2,26,1792,38.24,-32.2,14.0,25,-0.537,17,
C-B-1,3,0.28282,10.4318,17.2996,2271,-38.24,32.2,14.2,26,1796,37.74,-33.1,14.0,25,-0.537,17,
C-B-1,3,0.28382,10.3551,17.3038,2269,-38.24,32.2,14.2,26,1798,37.24,-33.9,14.0,25,-0.537,17,
C-B-1,3,0.28483,10.2401,17.3101,2266,-38.75,31.3,14.2,26,1801,38.24,-32.2,14.0,25,-0.537,17,
C-B-1,3,0.28582,10.125,17.3164,2263,-38.75,31.3,14.2,26,1804,38.24,-32.2,14.0,25,-0.537,17,
C-B-1,3,0.28682,10.0483,17.3205,2261,-38.75,31.3,14.2,26,1806,38.24,-32.2,14.0,25,-0.537,17,
C-B-1,3,0.28782,10.0099,17.3225,2260,-37.74,33.1,14.2,26,1807,37.24,-33.9,14.0,25,-0.537,17,
C-B-1,3,0.28882,9.8949,17.3286,2257,-37.74,33.1,14.2,26,1810,37.74,-33.1,14.0,25,-0.537,17,
C-B-1,3,0.28982,9.8182,17.3327,2255,-38.24,32.2,14.2,26,1812,38.24,-32.2,14.0,25,-0.537,17,
C-B-1,3,0.29082,9.7415,17.3367,2253,-37.74,33.1,14.2,26,1814,37.74,-33.1,14.0,25,-0.537,17,
C-B-1,3,0.29182,9.6264,17.3426,2250,-37.74,33.1,14.2,26,1818,36.73,-34.800000000000004,14.0,25,-0.499,17,
C-B-1,3,0.29283,9.5497,17.3465,2248,-37.24,33.9,14.2,26,1821,37.24,-33.9,14.0,25,-0.46,17,
C-B-1,3,0.29382,9.358,17.3562,2243,-38.24,32.2,14.2,26,1824,38.24,-32.2,14.0,25,-0.537,17,
C-B-1,3,0.29483,9.358,17.3562,2243,-37.74,33.1,14.2,26,1826,37.74,-33.1,14.0,25,-0.46,17,
C-B-1,3,0.29582,9.2812,17.36,2241,-37.74,33.1,14.2,26,1829,38.24,-32.2,14.0,25,-0.422,17,
C-B-1,3,0.29683,9.0895,17.3694,2236,-37.24,33.9,14.2,26,1830,37.24,-33.9,14.0,25,-0.575,17,
C-B-1,3,0.29782,8.9744,17.375,2233,-37.24,33.9,14.2,26,1832,36.73,-34.800000000000004,14.0,25,-0.614,17,
C-B-1,3,0.29883,8.8977,17.3786,2231,-37.24,33.9,14.2,26,1835,37.74,-33.1,14.0,25,-0.575,17,
C-B-1,3,0.29983,8.821,17.3823,2229,-37.24,33.9,14.2,26,1838,37.74,-33.1,14.0,25,-0.537,17,
C-B-1,3,0.30083,8.706,17.3876,2226,-37.24,33.9,14.2,26,1841,36.23,-35.7,14.0,25,-0.537,17,
C-B-1,3,0.30182,8.6293,17.3912,2224,-37.24,33.9,14.2,26,1844,36.73,-34.800000000000004,14.0,25,-0.499,17,
C-B-1,3,0.30282,8.5526,17.3947,2222,-36.73,34.800000000000004,14.2,26,1846,37.24,-33.9,14.0,25,-0.499,17,
C-B-1,3,0.30383,8.4375,17.3999,2219,-37.74,33.1,14.2,26,1849,37.24,-33.9,14.0,25,-0.499,17,
C-B-1,3,0.30482,8.3608,17.4034,2217,-37.24,33.9,14.2,26,1851,36.73,-34.800000000000004,14.0,25,-0.499,17,
C-B-1,3,0.30583,8.169,17.4118,2212,-37.24,33.9,14.2,26,1853,36.73,-34.800000000000004,14.0,25,-0.614,17,
C-B-1,3,0.30683,8.1307,17.4135,2211,-36.23,35.7,14.2,26,1855,36.23,-35.7,14.0,25,-0.575,17,
C-B-1,3,0.30783,8.0156,17.4185,2208,-37.24,33.9,14.2,26,1858,36.73,-34.800000000000004,14.0,25,-0.575,17,
C-B-1,3,0.30882,7.9006,17.4233,2205,-37.24,33.9,14.2,26,1860,36.73,-34.800000000000004,14.0,25,-0.614,17,
C-B-1,3,0.30982,7.8239,17.4266,2203,-36.73,34.800000000000004,14.2,26,1864,36.23,-35.7,14.0,25,-0.537,17,
C-B-1,3,0.31082,7.7472,17.4298,2201,-36.73,34.800000000000004,14.2,26,1867,36.73,-34.800000000000004,14.0,25,-0.499,17,
C-B-1,3,0.31182,7.6705,17.4329,2199,-36.23,35.7,14.2,26,1869,36.73,-34.800000000000004,14.0,25,-0.499,17,
C-B-1,3,0.31282,7.5554,17.4376,2196,-37.24,33.9,14.2,26,1871,36.73,-34.800000000000004,14.0,25,-0.537,17,
C-B-1,3,0.31383,7.4787,17.4407,2194,-37.24,33.9,14.2,26,1873,36.23,-35.7,14.0,25,-0.537,17,
C-B-1,3,0.31483,7.3253,17.4467,2190,-36.23,35.7,14.2,26,1875,35.73,-36.6,14.0,25,-0.614,17,
C-B-1,3,0.31583,7.2486,17.4497,2188,-36.23,35.7,14.2,26,1878,36.23,-35.7,14.0,25,-0.575,17,
C-B-1,3,0.31683,7.1335,17.4542,2185,-37.24,33.9,14.2,26,1880,36.73,-34.800000000000004,14.0,25,-0.614,17,
C-B-1,3,0.31783,7.0568,17.4571,2183,-36.73,34.800000000000004,14.2,26,1883,36.73,-34.800000000000004,14.0,25,-0.575,17,
C-B-1,3,0.31883,6.9418,17.4614,2180,-37.24,33.9,14.2,26,1887,36.73,-34.800000000000004,14.0,25,-0.537,17,
C-B-1,3,0.31983,6.8651,17.4642,2178,-37.24,33.9,14.2,26,1887,36.23,-35.7,14.0,25,-0.614,17,
C-B-1,3,0.32083,6.7884,17.467,2176,-36.73,34.800000000000004,14.2,26,1889,36.73,-34.800000000000004,14.0,25,-0.614,17,
C-B-1,3,0.32183,6.6733,17.4711,2173,-37.24,33.9,14.2,26,1891,36.73,-34.800000000000004,14.0,25,-0.652,17,
C-B-1,3,0.32283,6.6349,17.4725,2172,-36.73,34.800000000000004,14.2,26,1894,36.73,-34.800000000000004,14.0,25,-0.575,17,
C-B-1,3,0.32383,6.4432,17.4792,2167,-36.73,34.800000000000004,14.2,26,1898,36.23,-35.7,14.0,25,-0.614,17,
C-B-1,3,0.32483,6.3665,17.4818,2165,-36.23,35.7,14.2,26,1901,36.23,-35.7,14.0,25,-0.575,17,
C-B-1,3,0.32583,6.2514,17.4857,2162,-37.24,33.9,14.2,26,1903,36.73,-34.800000000000004,14.0,25,-0.614,17,
C-B-1,3,0.32683,6.1747,17.4883,2160,-36.73,34.800000000000004,14.2,26,1906,37.24,-33.9,14.0,25,-0.575,17,
C-B-1,3,0.32783,6.0597,17.492,2157,-37.24,33.9,14.2,26,1908,36.73,-34.800000000000004,14.0,25,-0.614,17,
C-B-1,3,0.32883,6.0597,17.492,2157,-36.23,35.7,14.2,26,1909,35.73,-36.6,14.0,25,-0.575,17,
C-B-1,3,0.32989,5.9446,17.4957,2154,-36.23,35.7,14.2,26,1912,36.23,-35.7,14.0,25,-0.575,17,
C-B-1,3,0.33091,5.8679,17.4981,2152,-36.23,35.7,14.2,26,1914,36.73,-34.800000000000004,14.0,25,-0.575,17,
C-B-1,3,0.3319,5.7528,17.5017,2149,-36.73,34.800000000000004,14.2,26,1916,36.23,-35.7,14.0,25,-0.614,17,
C-B-1,3,0.33292,5.6378,17.5052,2146,-35.73,36.6,14.3,26,1920,35.73,-36.6,14.1,25,-0.575,17,
C-B-1,3,0.3339,5.5611,17.5075,2144,-35.22,37.4,14.3,26,1923,36.23,-35.7,14.1,25,-0.537,17,
C-B-1,3,0.33489,5.446,17.5109,2141,-35.73,36.6,14.3,26,1925,36.23,-35.7,14.1,25,-0.575,17,
C-B-1,3,0.33592,5.331,17.5142,2138,-36.73,34.800000000000004,14.3,26,1927,36.23,-35.7,14.1,25,-0.614,17,
C-B-1,3,0.33689,5.2543,17.5164,2136,-36.23,35.7,14.3,26,1930,36.23,-35.7,14.1,25,-0.575,17,
C-B-1,3,0.33789,5.2159,17.5175,2135,-35.22,37.4,14.3,26,1931,35.73,-36.6,14.1,25,-0.575,17,
C-B-1,3,0.3389,5.1009,17.5206,2132,-35.73,36.6,14.3,26,1933,35.73,-36.6,14.1,25,-0.614,17,
C-B-1,3,0.3399,5.0241,17.5227,2130,-35.73,36.6,14.3,26,1936,36.23,-35.7,14.1,25,-0.575,17,
C-B-1,3,0.3409,4.9091,17.5258,2127,-36.23,35.7,14.3,26,1937,35.22,-37.4,14.1,25,-0.652,17,
C-B-1,3,0.34191,4.8324,17.5278,2125,-35.73,36.6,14.3,26,1941,35.22,-37.4,14.1,25,-0.575,17,
C-B-1,3,0.34289,4.7557,17.5298,2123,-35.73,36.6,14.3,26,1944,35.73,-36.6,14.1,25,-0.537,17,
C-B-1,3,0.3439,4.6406,17.5326,2120,-36.23,35.7,14.3,26,1946,35.73,-36.6,14.1,25,-0.575,17,
C-B-1,3,0.34489,4.5639,17.5345,2118,-36.23,35.7,14.3,26,1949,35.73,-36.6,14.1,25,-0.537,17,
C-B-1,3,0.34584,4.4872,17.5364,2116,-36.23,35.7,14.3,26,1951,35.73,-36.6,14.1,25,-0.537,17,
C-B-1,3,0.34683,4.3338,17.54,2112,-35.73,36.6,14.3,26,1953,35.22,-37.4,14.1,25,-0.614,17,
C-B-1,3,0.34784,4.2571,17.5418,2110,-35.73,36.6,14.3,26,1954,34.72,-38.300000000000004,14.1,25,-0.652,17,
C-B-1,3,0.34883,4.1804,17.5435,2108,-35.73,36.6,14.3,26,1957,35.22,-37.4,14.1,25,-0.614,17,
C-B-1,3,0.34984,4.0653,17.5461,2105,-36.23,35.7,14.3,26,1960,35.73,-36.6,14.1,25,-0.614,17,
C-B-1,3,0.35083,3.9886,17.5477,2103,-35.73,36.6,14.3,26,1964,35.22,-37.4,14.1,25,-0.537,17,
C-B-1,3,0.35184,3.9503,17.5485,2102,-35.73,36.6,14.3,26,1966,34.72,-38.300000000000004,14.1,25,-0.499,17,
C-B-1,3,0.35283,3.8352,17.5509,2099,-35.73,36.6,14.3,26,1969,35.73,-36.6,14.1,25,-0.499,17,
C-B-1,3,0.35384,3.7585,17.5525,2097,-35.73,36.6,14.3,26,1971,35.22,-37.4,14.1,25,-0.499,17,
C-B-1,3,0.35483,3.6435,17.5548,2094,-36.23,35.7,14.3,26,1974,35.73,-36.6,14.1,25,-0.499,17,
C-B-1,3,0.35584,3.5284,17.557,2091,-35.22,37.4,14.3,26,1975,34.72,-38.300000000000004,14.1,25,-0.575,17,
C-B-1,3,0.35683,3.4134,17.5591,2088,-35.22,37.4,14.3,26,1977,34.72,-38.300000000000004,14.1,25,-0.614,17,
C-B-1,3,0.35784,3.2983,17.5612,2085,-36.73,34.800000000000004,14.3,26,1980,35.73,-36.6,14.1,25,-0.614,17,
C-B-1,3,0.35883,3.1832,17.5632,2082,-36.73,34.800000000000004,14.3,26,1982,35.22,-37.4,14.1,25,-0.652,17,
C-B-1,3,0.35983,3.1065,17.5645,2080,-36.73,34.800000000000004,14.3,26,1987,35.22,-37.4,14.1,25,-0.537,17,
C-B-1,3,0.36084,3.0298,17.5657,2078,-36.23,35.7,14.3,26,1990,35.73,-36.6,14.1,25,-0.499,17,
C-B-1,3,0.36184,2.9531,17.567,2076,-36.23,35.7,14.3,26,1992,35.73,-36.6,14.1,25,-0.499,17,
C-B-1,3,0.36284,2.8381,17.5687,2073,-37.24,33.9,14.3,26,1995,35.73,-36.6,14.1,25,-0.499,17,
C-B-1,3,0.36384,2.7614,17.5699,2071,-37.24,33.9,14.3,26,1997,35.73,-36.6,14.1,25,-0.499,17,
C-B-1,3,0.36484,2.6463,17.5716,2068,-35.73,36.6,14.3,26,1999,35.73,-36.6,14.1,25,-0.537,17,
C-B-1,3,0.36583,2.4929,17.5737,2064,-36.73,34.800000000000004,14.3,26,2001,35.22,-37.4,14.1,25,-0.614,17,
C-B-1,3,0.36684,2.4545,17.5742,2063,-36.73,34.800000000000004,14.3,26,2004,36.23,-35.7,14.1,25,-0.537,17,
C-B-1,3,0.36783,2.3395,17.5756,2060,-36.73,34.800000000000004,14.3,26,2006,36.23,-35.7,14.1,25,-0.575,17,
C-B-1,3,0.36884,2.2244,17.5771,2057,-37.24,33.9,14.3,26,2009,36.23,-35.7,14.1,25,-0.575,17,
C-B-1,3,0.36983,2.1861,17.5775,2056,-36.23,35.7,14.3,26,2010,36.23,-35.7,14.1,25,-0.575,17,
C-B-1,3,0.37084,2.1094,17.5784,2054,-36.23,35.7,14.3,26,2012,35.73,-36.6,14.1,25,-0.575,17,
C-B-1,3,0.37184,1.9943,17.5797,2051,-36.73,34.800000000000004,14.3,26,2015,36.73,-34.800000000000004,14.1,25,-0.575,17,
C-B-1,3,0.37284,1.9176,17.5805,2049,-36.23,35.7,14.3,26,2017,36.23,-35.7,14.1,25,-0.575,17,
C-B-1,3,0.37384,1.7642,17.582,2045,-36.23,35.7,14.3,26,2021,35.73,-36.6,14.1,25,-0.575,17,
C-B-1,3,0.37484,1.6875,17.5827,2043,-35.73,36.6,14.3,26,2023,35.73,-36.6,14.1,25,-0.575,17,
C-B-1,3,0.37584,1.5724,17.5837,2040,-36.73,34.800000000000004,14.3,26,2026,36.23,-35.7,14.1,25,-0.575,17,
C-B-1,3,0.37684,1.4957,17.5843,2038,-36.23,35.7,14.3,26,2029,37.24,-33.9,14.1,25,-0.537,17,
C-B-1,3,0.37784,1.3807,17.5852,2035,-36.73,34.800000000000004,14.3,26,2031,36.73,-34.800000000000004,14.1,25,-0.575,17,
C-B-1,3,0.37884,1.3423,17.5855,2034,-35.73,36.6,14.3,26,2032,35.73,-36.6,14.1,25,-0.575,17,
C-B-1,3,0.37984,1.2273,17.5863,2031,-36.23,35.7,14.3,26,2035,35.73,-36.6,14.1,25,-0.575,17,
C-B-1,3,0.38084,1.1506,17.5868,2029,-36.73,34.800000000000004,14.3,26,2037,36.23,-35.7,14.1,25,-0.575,17,
C-B-1,3,0.38184,1.0739,17.5872,2027,-36.23,35.7,14.3,26,2040,36.73,-34.800000000000004,14.1,25,-0.537,17,
C-B-1,3,0.38284,0.9588,17.5878,2024,-36.73,34.800000000000004,14.3,26,2043,35.73,-36.6,14.1,25,-0.537,17,
C-B-1,3,0.38384,0.9205,17.588,2023,-35.73,36.6,14.3,26,2046,35.73,-36.6,14.1,25,-0.46,17,
C-B-1,3,0.38484,0.8054,17.5886,2020,-36.23,35.7,14.3,26,2048,36.23,-35.7,14.1,25,-0.499,17,
C-B-1,3,0.38584,0.7287,17.5889,2018,-36.73,34.800000000000004,14.3,26,2051,36.73,-34.800000000000004,14.1,25,-0.46,17,
C-B-1,3,0.38684,0.6136,17.5893,2015,-36.73,34.800000000000004,14.3,26,2053,36.23,-35.7,14.1,25,-0.499,17,
C-B-1,3,0.38784,0.4602,17.5897,2011,-35.73,36.6,14.3,26,2055,36.23,-35.7,14.1,25,-0.575,17,
C-B-1,3,0.38884,0.3452,17.59,2008,-36.23,35.7,14.3,26,2057,35.73,-36.6,14.1,25,-0.614,17,
C-B-1,3,0.38984,0.2685,17.5901,2006,-36.23,35.7,14.3,26,2060,36.73,-34.800000000000004,14.1,25,-0.575,17,
C-B-1,3,0.39084,0.1534,17.5902,2003,-36.73,34.800000000000004,14.3,26,2062,36.23,-35.7,14.1,25,-0.614,17,
C-B-1,3,0.39184,0.0767,17.5903,2001,-36.23,35.7,14.3,26,2066,35.73,-36.6,14.1,25,-0.537,17,
C-B-1,3,0.39284,0.0,17.5903,1999,-36.23,35.7,14.3,26,2069,36.23,-35.7,14.1,25,-0.499,17,
C-B-1,3,0.39385,-0.0767,17.5903,1997,-36.23,35.7,14.3,26,2071,36.23,-35.7,14.1,25,-0.499,17,
C-B-1,3,0.39484,-0.1918,17.5902,1994,-37.24,33.9,14.3,26,2074,36.73,-34.800000000000004,14.1,25,-0.499,17,
C-B-1,3,0.39585,-0.2685,17.5901,1992,-36.23,35.7,14.3,26,2076,36.23,-35.7,14.1,25,-0.499,17,
C-B-1,3,0.39684,-0.4219,17.5898,1988,-36.23,35.7,14.3,26,2077,35.73,-36.6,14.1,25,-0.614,17,
C-B-1,3,0.39785,-0.5369,17.5895,1985,-36.23,35.7,14.3,26,2080,35.73,-36.6,14.1,25,-0.614,17,
C-B-1,3,0.39884,-0.5753,17.5894,1984,-36.73,34.800000000000004,14.3,26,2083,36.73,-34.800000000000004,14.1,25,-0.537,17,
C-B-1,3,0.39985,-0.6903,17.589,1981,-37.24,33.9,14.3,26,2085,36.73,-34.800000000000004,14.1,25,-0.575,17,
C-B-1,3,0.40084,-0.767,17.5887,1979,-36.73,34.800000000000004,14.3,26,2089,36.23,-35.7,14.1,25,-0.499,17,
C-B-1,3,0.40185,-0.8054,17.5886,1978,-36.23,35.7,14.3,26,2091,36.23,-35.7,14.1,25,-0.46,17,
C-B-1,3,0.40284,-0.9205,17.588,1975,-36.73,34.800000000000004,14.3,26,2094,36.73,-34.800000000000004,14.1,25,-0.46,17,
C-B-1,3,0.40385,-0.9972,17.5876,1973,-36.73,34.800000000000004,14.3,26,2096,36.73,-34.800000000000004,14.1,25,-0.46,17,
C-B-1,3,0.40484,-1.1122,17.587,1970,-37.24,33.9,14.3,26,2099,36.73,-34.800000000000004,14.1,25,-0.46,17,
C-B-1,3,0.40585,-1.2656,17.586,1966,-36.73,34.800000000000004,14.3,26,2100,35.73,-36.6,14.1,25,-0.575,17,
C-B-1,3,0.40684,-1.3423,17.5855,1964,-36.23,35.7,14.3,26,2103,36.23,-35.7,14.1,25,-0.537,17,
C-B-1,3,0.40785,-1.4574,17.5846,1961,-37.24,33.9,14.3,26,2105,36.73,-34.800000000000004,14.1,25,-0.575,17,
C-B-1,3,0.40884,-1.5724,17.5837,1958,-37.24,33.9,14.3,26,2108,36.73,-34.800000000000004,14.1,25,-0.575,17,
C-B-1,3,0.40985,-1.6491,17.583,1956,-37.24,33.9,14.3,26,2110,36.73,-34.800000000000004,14.1,25,-0.575,17,
C-B-1,3,0.41084,-1.6875,17.5827,1955,-36.73,34.800000000000004,14.3,26,2112,36.23,-35.7,14.1,25,-0.537,17,
C-B-1,3,0.41185,-1.8026,17.5816,1952,-36.73,34.800000000000004,14.3,26,2115,36.73,-34.800000000000004,14.1,25,-0.537,17,
C-B-1,3,0.41284,-1.8793,17.5809,1950,-37.24,33.9,14.3,26,2116,36.73,-34.800000000000004,14.1,25,-0.575,17,
C-B-1,3,0.41385,-1.9943,17.5797,1947,-37.24,33.9,14.3,26,2119,37.24,-33.9,14.1,25,-0.575,17,
C-B-1,3,0.41485,-2.1477,17.578,1943,-36.73,34.800000000000004,14.3,26,2123,36.23,-35.7,14.1,25,-0.575,17,
C-B-1,3,0.41585,-2.2244,17.5771,1941,-36.23,35.7,14.3,26,2126,36.73,-34.800000000000004,14.1,25,-0.537,17,
C-B-1,3,0.41685,-2.3395,17.5756,1938,-37.24,33.9,14.3,26,2128,36.73,-34.800000000000004,14.1,25,-0.575,17,
C-B-1,3,0.41785,-2.4162,17.5747,1936,-36.73,34.800000000000004,14.3,26,2130,36.73,-34.800000000000004,14.1,25,-0.575,17,
C-B-1,3,0.41885,-2.4929,17.5737,1934,-36.73,34.800000000000004,14.3,26,2132,36.23,-35.7,14.1,25,-0.575,17,
C-B-1,3,0.41985,-2.5696,17.5726,1932,-36.23,35.7,14.3,26,2134,36.23,-35.7,14.1,25,-0.575,17,
C-B-1,3,0.42085,-2.6463,17.5716,1930,-36.23,35.7,14.3,26,2136,35.73,-36.6,14.1,25,-0.575,17,
C-B-1,3,0.42185,-2.7614,17.5699,1927,-36.73,34.800000000000004,14.3,26,2138,36.23,-35.7,14.1,25,-0.614,17,
C-B-1,3,0.42285,-2.8381,17.5687,1925,-36.73,34.800000000000004,14.3,26,2141,36.23,-35.7,14.1,25,-0.575,17,
C-B-1,3,0.42385,-2.9915,17.5663,1921,-36.23,35.7,14.3,26,2145,35.73,-36.6,14.1,25,-0.575,17,
C-B-1,3,0.42485,-3.1065,17.5645,1918,-36.23,35.7,14.3,26,2147,35.73,-36.6,14.1,25,-0.614,17,
C-B-1,3,0.42585,-3.1065,17.5645,1918,-36.73,34.800000000000004,14.3,26,2150,36.73,-34.800000000000004,14.1,25,-0.499,17,
C-B-1,3,0.42685,-3.2983,17.5612,1913,-36.73,34.800000000000004,14.3,26,2152,36.23,-35.7,14.1,25,-0.614,17,
C-B-1,3,0.42785,-3.4134,17.5591,1910,-37.24,33.9,14.3,26,2155,36.23,-35.7,14.1,25,-0.614,17,
C-B-1,3,0.42885,-3.4517,17.5584,1909,-36.23,35.7,14.3,26,2156,35.73,-36.6,14.1,25,-0.614,17,
C-B-1,3,0.42985,-3.5668,17.5562,1906,-36.73,34.800000000000004,14.3,26,2158,35.22,-37.4,14.1,25,-0.652,17,
C-B-1,3,0.43085,-3.6435,17.5548,1904,-37.24,33.9,14.3,26,2161,36.23,-35.7,14.1,25,-0.614,17,
C-B-1,3,0.43185,-3.7585,17.5525,1901,-37.24,33.9,14.3,26,2164,36.73,-34.800000000000004,14.1,25,-0.614,17,
C-B-1,3,0.43285,-3.8736,17.5501,1898,-37.74,33.1,14.3,26,2168,36.23,-35.7,14.1,25,-0.575,17,
C-B-1,3,0.43385,-3.9119,17.5493,1897,-36.73,34.800000000000004,14.3,26,2170,35.73,-36.6,14.1,25,-0.537,17,
C-B-1,3,0.43485,-3.9886,17.5477,1895,-36.23,35.7,14.3,26,2173,36.73,-34.800000000000004,14.1,25,-0.499,17,
C-B-1,3,0.43585,-4.1037,17.5452,1892,-37.24,33.9,14.3,26,2175,36.23,-35.7,14.1,25,-0.537,17,
C-B-1,3,0.43685,-4.1804,17.5435,1890,-37.24,33.9,14.3,26,2177,36.23,-35.7,14.1,25,-0.537,17,
C-B-1,3,0.43785,-4.3722,17.5391,1885,-36.73,34.800000000000004,14.3,26,2179,35.73,-36.6,14.1,25,-0.652,17,
C-B-1,3,0.43885,-4.4489,17.5373,1883,-36.73,34.800000000000004,14.3,26,2181,35.73,-36.6,14.1,25,-0.652,17,
C-B-1,3,0.43985,-4.5639,17.5345,1880,-37.74,33.1,14.3,26,2184,36.23,-35.7,14.1,25,-0.652,17,
C-B-1,3,0.44086,-4.6406,17.5326,1878,-37.24,33.9,14.3,26,2187,36.23,-35.7,14.1,25,-0.614,17,
C-B-1,3,0.44185,-4.7557,17.5298,1875,-37.74,33.1,14.3,26,2191,36.23,-35.7,14.1,25,-0.575,17,
C-B-1,3,0.44285,-4.794,17.5288,1874,-36.73,34.800000000000004,14.3,26,2193,35.73,-36.6,14.1,25,-0.537,17,
C-B-1,3,0.44386,-4.9091,17.5258,1871,-37.24,33.9,14.3,26,2195,36.23,-35.7,14.1,25,-0.575,17,
C-B-1,3,0.44485,-4.9858,17.5238,1869,-37.24,33.9,14.3,26,2198,36.23,-35.7,14.1,25,-0.537,17,
C-B-1,3,0.44585,-5.1009,17.5206,1866,-37.74,33.1,14.3,26,2201,36.73,-34.800000000000004,14.1,25,-0.537,17,
C-B-1,3,0.44686,-5.2543,17.5164,1862,-37.24,33.9,14.3,26,2202,36.23,-35.7,14.1,25,-0.652,17,
C-B-1,3,0.44785,-5.331,17.5142,1860,-37.24,33.9,14.3,26,2204,36.23,-35.7,14.1,25,-0.652,17,
C-B-1,3,0.44886,-5.446,17.5109,1857,-37.74,33.1,14.3,26,2207,36.73,-34.800000000000004,14.1,25,-0.652,17,
C-B-1,3,0.44986,-5.5611,17.5075,1854,-38.24,32.2,14.1,26,2209,36.73,-34.800000000000004,14.0,25,-0.69,17,
C-B-1,3,0.45086,-5.6378,17.5052,1852,-37.74,33.1,14.1,26,2214,36.73,-34.800000000000004,14.0,25,-0.575,17,
C-B-1,3,0.45185,-5.6761,17.5041,1851,-37.24,33.9,14.1,26,2216,36.23,-35.7,14.0,25,-0.537,17,
C-B-1,3,0.45286,-5.7912,17.5005,1848,-37.24,33.9,14.1,26,2219,37.24,-33.9,14.0,25,-0.537,17,
C-B-1,3,0.45385,-5.8679,17.4981,1846,-37.74,33.1,14.1,26,2221,37.24,-33.9,14.0,25,-0.537,17,
C-B-1,3,0.45486,-5.983,17.4945,1843,-37.74,33.1,14.1,26,2223,36.73,-34.800000000000004,14.0,25,-0.575,17,
C-B-1,3,0.45585,-6.1364,17.4895,1839,-37.24,33.9,14.1,26,2225,36.73,-34.800000000000004,14.0,25,-0.652,17,
C-B-1,3,0.45686,-6.2131,17.487,1837,-36.73,34.800000000000004,14.1,26,2227,36.23,-35.7,14.0,25,-0.652,17,
C-B-1,3,0.45808,-6.3281,17.4831,1834,-37.74,33.1,14.1,26,2229,36.73,-34.800000000000004,14.0,25,-0.69,17,
C-B-1,3,0.45985,-6.4048,17.4805,1832,-37.24,33.9,14.1,26,2232,37.24,-33.9,14.0,25,-0.652,17,
C-B-1,3,0.46086,-6.5582,17.4752,1828,-36.73,34.800000000000004,14.1,26,2236,36.23,-35.7,14.0,25,-0.652,17,
C-B-1,3,0.46185,-6.6349,17.4725,1826,-36.23,35.7,14.1,26,2237,35.73,-36.6,14.0,25,-0.69,17,
C-B-1,3,0.46286,-6.75,17.4684,1823,-37.24,33.9,14.1,26,2241,36.73,-34.800000000000004,14.0,25,-0.652,17,
C-B-1,3,0.46385,-6.8267,17.4656,1821,-37.24,33.9,14.1,26,2243,36.73,-34.800000000000004,14.0,25,-0.652,17,
C-B-1,3,0.46486,-6.9801,17.4599,1817,-36.73,34.800000000000004,14.1,26,2246,35.73,-36.6,14.0,25,-0.69,17,
C-B-1,3,0.46586,-7.0952,17.4556,1814,-36.73,34.800000000000004,14.1,26,2249,36.23,-35.7,14.0,25,-0.69,17,
C-B-1,3,0.46686,-7.1719,17.4527,1812,-36.73,34.800000000000004,14.1,26,2251,36.23,-35.7,14.0,25,-0.69,17,
C-B-1,3,0.46786,-7.2486,17.4497,1810,-36.73,34.800000000000004,14.1,26,2253,36.23,-35.7,14.0,25,-0.69,17,
C-B-1,3,0.46886,-7.3636,17.4452,1807,-36.73,34.800000000000004,14.1,26,2256,36.23,-35.7,14.0,25,-0.69,17,
C-B-1,3,0.46986,-7.4403,17.4422,1805,-36.73,34.800000000000004,14.1,26,2257,35.22,-37.4,14.0,25,-0.729,17,
C-B-1,3,0.47086,-7.517,17.4391,1803,-36.23,35.7,14.1,26,2259,35.22,-37.4,14.0,25,-0.729,17,
C-B-1,3,0.47186,-7.5938,17.436,1801,-36.73,34.800000000000004,14.1,26,2262,35.73,-36.6,14.0,25,-0.69,17,
C-B-1,3,0.47286,-7.7472,17.4298,1797,-37.24,33.9,14.1,26,2265,36.23,-35.7,14.0,25,-0.729,17,
C-B-1,3,0.47386,-7.8239,17.4266,1795,-37.24,33.9,14.1,26,2269,35.73,-36.6,14.0,25,-0.652,17,
C-B-1,3,0.47486,-7.9006,17.4233,1793,-36.73,34.800000000000004,14.1,26,2271,35.22,-37.4,14.0,25,-0.652,17,
C-B-1,3,0.47586,-7.9389,17.4217,1792,-36.73,34.800000000000004,14.1,26,2273,35.73,-36.6,14.0,25,-0.614,17,
C-B-1,3,0.47686,-8.0156,17.4185,1790,-36.73,34.800000000000004,14.1,26,2276,36.23,-35.7,14.0,25,-0.575,17,
C-B-1,3,0.47786,-8.1307,17.4135,1787,-37.24,33.9,14.1,26,2278,35.73,-36.6,14.0,25,-0.614,17,
C-B-1,3,0.47886,-8.2841,17.4068,1783,-36.23,35.7,14.1,26,2279,35.22,-37.4,14.0,25,-0.729,17,
C-B-1,3,0.47986,-8.3608,17.4034,1781,-36.23,35.7,14.1,26,2282,35.22,-37.4,14.0,25,-0.69,17,
C-B-1,3,0.48086,-8.4759,17.3982,1778,-37.24,33.9,14.1,26,2285,35.73,-36.6,14.0,25,-0.69,17,
C-B-1,3,0.48188,-8.5526,17.3947,1776,-36.73,34.800000000000004,14.1,26,2287,35.73,-36.6,14.0,25,-0.69,17,
C-B-1,3,0.48286,-8.6676,17.3894,1773,-37.24,33.9,14.1,26,2291,35.22,-37.4,14.0,25,-0.652,17,
C-B-1,3,0.48386,-8.7443,17.3859,1771,-36.73,34.800000000000004,14.1,26,2293,35.22,-37.4,14.0,25,-0.652,17,
C-B-1,3,0.48486,-8.821,17.3823,1769,-36.73,34.800000000000004,14.1,26,2295,35.22,-37.4,14.0,25,-0.652,17,
C-B-1,3,0.48584,-8.8977,17.3786,1767,-36.73,34.800000000000004,14.1,26,2298,35.73,-36.6,14.0,25,-0.614,17,
C-B-1,3,0.48686,-9.0128,17.3731,1764,-37.24,33.9,14.1,26,2301,36.23,-35.7,14.0,25,-0.614,17,
C-B-1,3,0.48785,-9.1278,17.3676,1761,-36.23,35.7,14.1,26,2301,34.72,-38.300000000000004,14.0,25,-0.729,17,
C-B-1,3,0.48886,-9.2429,17.3619,1758,-36.73,34.800000000000004,14.1,26,2304,35.22,-37.4,14.0,25,-0.729,17,
C-B-1,3,0.48985,-9.358,17.3562,1755,-37.24,33.9,14.1,26,2307,35.73,-36.6,14.0,25,-0.729,17,
C-B-1,3,0.49086,-9.4347,17.3524,1753,-37.24,33.9,14.1,26,2310,36.73,-34.800000000000004,14.0,25,-0.69,17,
C-B-1,3,0.49185,-9.5497,17.3465,1750,-37.24,33.9,14.1,26,2313,35.22,-37.4,14.0,25,-0.69,17,
C-B-1,3,0.49286,-9.5881,17.3446,1749,-36.73,34.800000000000004,14.1,26,2315,35.22,-37.4,14.0,25,-0.652,17,
C-B-1,3,0.49385,-9.6648,17.3406,1747,-36.23,35.7,14.1,26,2318,36.23,-35.7,14.0,25,-0.614,17,
C-B-1,3,0.49486,-9.7798,17.3347,1744,-37.24,33.9,14.1,26,2320,35.73,-36.6,14.0,25,-0.652,17,
C-B-1,3,0.49585,-9.8949,17.3286,1741,-37.24,33.9,14.1,26,2323,36.23,-35.7,14.0,25,-0.652,17,
C-B-1,3,0.49686,-10.0099,17.3225,1738,-36.73,34.800000000000004,14.1,26,2324,35.73,-36.6,14.0,25,-0.729,17,
C-B-1,3,0.49785,-10.125,17.3164,1735,-36.73,34.800000000000004,14.1,26,2327,35.73,-36.6,14.0,25,-0.729,17,
C-B-1,3,0.49886,-10.2401,17.3101,1732,-37.24,33.9,14.1,26,2329,36.23,-35.7,14.0,25,-0.767,17,
C-B-1,3,0.49985,-10.3168,17.3059,1730,-37.24,33.9,14.1,26,2331,36.23,-35.7,14.0,25,-0.767,17,
C-B-1,3,0.50086,-10.3935,17.3017,1728,-37.74,33.1,14.1,26,2334,36.23,-35.7,14.0,25,-0.729,17,
C-B-1,3,0.50185,-10.3935,17.3017,1728,-35.73,36.6,14.1,26,2336,35.73,-36.6,14.0,25,-0.652,17,
C-B-1,3,0.50287,-10.5085,17.2953,1725,-36.23,35.7,14.1,26,2338,35.73,-36.6,14.0,25,-0.69,17,
C-B-1,3,0.50385,-10.5852,17.291,1723,-36.23,35.7,14.1,26,2340,35.73,-36.6,14.0,25,-0.69,17,
C-B-1,3,0.50487,-10.7003,17.2844,1720,-36.73,34.800000000000004,14.1,26,2343,36.23,-35.7,14.0,25,-0.69,17,
C-B-1,3,0.50585,-10.8537,17.2756,1716,-36.23,35.7,14.1,26,2346,35.22,-37.4,14.0,25,-0.729,17,
C-B-1,3,0.50687,-10.9304,17.2712,1714,-36.23,35.7,14.1,26,2349,35.73,-36.6,14.0,25,-0.69,17,
C-B-1,3,0.50785,-11.0071,17.2667,1712,-36.23,35.7,14.1,26,2350,35.73,-36.6,14.0,25,-0.729,17,
C-B-1,3,0.50887,-11.1222,17.2599,1709,-36.73,34.800000000000004,14.1,26,2353,35.73,-36.6,14.0,25,-0.729,17,
C-B-1,3,0.50987,-11.2372,17.2531,1706,-36.73,34.800000000000004,14.1,26,2356,35.73,-36.6,14.0,25,-0.729,17,
C-B-1,3,0.51085,-11.2756,17.2508,1705,-36.23,35.7,14.1,26,2357,35.22,-37.4,14.0,25,-0.729,17,
C-B-1,3,0.51187,-11.3906,17.2438,1702,-36.23,35.7,14.1,26,2359,35.22,-37.4,14.0,25,-0.767,17,
C-B-1,3,0.51285,-11.4673,17.2392,1700,-36.23,35.7,14.1,26,2361,35.22,-37.4,14.0,25,-0.767,17,
C-B-1,3,0.51387,-11.5824,17.2321,1697,-36.73,34.800000000000004,14.1,26,2364,35.73,-36.6,14.0,25,-0.767,17,
C-B-1,3,0.51485,-11.6591,17.2274,1695,-36.23,35.7,14.1,26,2368,35.22,-37.4,14.0,25,-0.69,17,
C-B-1,3,0.51587,-11.7358,17.2226,1693,-36.23,35.7,14.1,26,2370,34.72,-38.300000000000004,14.0,25,-0.69,17,
C-B-1,3,0.51687,-11.8125,17.2178,1691,-37.24,33.9,14.1,26,2373,36.23,-35.7,14.0,25,-0.652,17,
C-B-1,3,0.51787,-11.9276,17.2105,1688,-36.73,34.800000000000004,14.1,26,2376,36.23,-35.7,14.0,25,-0.652,17,
C-B-1,3,0.51885,-12.0043,17.2056,1686,-36.23,35.7,14.1,26,2378,35.73,-36.6,14.0,25,-0.652,17,
C-B-1,3,0.51987,-12.1577,17.1958,1682,-36.23,35.7,14.1,26,2380,35.22,-37.4,14.0,25,-0.729,17,
C-B-1,3,0.52085,-12.2727,17.1883,1679,-36.23,35.7,14.1,26,2382,35.22,-37.4,14.0,25,-0.767,17,
C-B-1,3,0.52187,-12.3494,17.1833,1677,-36.73,34.800000000000004,14.1,26,2385,36.23,-35.7,14.0,25,-0.729,17,
C-B-1,3,0.52287,-12.4645,17.1757,1674,-37.24,33.9,14.1,26,2387,36.23,-35.7,14.0,25,-0.767,17,
C-B-1,3,0.52385,-12.5412,17.1706,1672,-36.73,34.800000000000004,14.1,26,2391,35.73,-36.6,14.0,25,-0.69,17,
C-B-1,3,0.52487,-12.6179,17.1655,1670,-36.23,35.7,14.1,26,2393,35.22,-37.4,14.0,25,-0.69,17,
C-B-1,3,0.52587,-12.6946,17.1603,1668,-36.23,35.7,14.1,26,2396,36.23,-35.7,14.0,25,-0.652,17,
C-B-1,3,0.52685,-12.8097,17.1525,1665,-37.24,33.9,14.1,26,2399,36.23,-35.7,14.0,25,-0.652,17,
C-B-1,3,0.52787,-12.8864,17.1473,1663,-36.73,34.800000000000004,14.1,26,2401,36.23,-35.7,14.0,25,-0.652,17,
C-B-1,3,0.52885,-13.0398,17.1367,1659,-36.23,35.7,14.1,26,2402,35.73,-36.6,14.0,25,-0.767,17,
C-B-1,3,0.52987,-13.1165,17.1314,1657,-35.73,36.6,14.1,26,2405,35.73,-36.6,14.0,25,-0.729,17,
C-B-1,3,0.53085,-13.2315,17.1233,1654,-37.24,33.9,14.1,26,2407,35.73,-36.6,14.0,25,-0.767,17,
C-B-1,3,0.53187,-13.3466,17.1152,1651,-37.24,33.9,14.1,26,2410,36.23,-35.7,14.0,25,-0.767,17,
C-B-1,3,0.53286,-13.3849,17.1125,1650,-36.73,34.800000000000004,14.1,26,2413,35.22,-37.4,14.0,25,-0.69,17,
C-B-1,3,0.53387,-13.4616,17.107,1648,-36.23,35.7,14.1,26,2416,35.73,-36.6,14.0,25,-0.652,17,
C-B-1,3,0.53485,-13.5384,17.1015,1646,-36.23,35.7,14.1,26,2418,36.23,-35.7,14.0,25,-0.652,17,
C-B-1,3,0.53587,-13.6534,17.0932,1643,-36.73,34.800000000000004,14.1,26,2421,36.23,-35.7,14.0,25,-0.652,17,
C-B-1,3,0.53685,-13.7301,17.0877,1641,-36.73,34.800000000000004,14.1,26,2423,36.73,-34.800000000000004,14.0,25,-0.652,17,
C-B-1,3,0.53788,-13.8835,17.0764,1637,-36.23,35.7,14.1,26,2425,36.23,-35.7,14.0,25,-0.729,17,
C-B-1,3,0.53886,-13.9986,17.0679,1634,-36.23,35.7,14.1,26,2427,35.73,-36.6,14.0,25,-0.767,17,
C-B-1,3,0.53988,-14.0753,17.0622,1632,-36.73,34.800000000000004,14.1,26,2430,36.73,-34.800000000000004,14.0,25,-0.729,17,
C-B-1,3,0.54086,-14.1903,17.0536,1629,-36.73,34.800000000000004,14.1,26,2433,37.24,-33.9,14.0,25,-0.729,17,
C-B-1,3,0.54185,-14.267,17.0478,1627,-36.73,34.800000000000004,14.1,26,2435,36.23,-35.7,14.0,25,-0.729,17,
C-B-1,3,0.54285,-14.3054,17.0449,1626,-35.73,36.6,14.1,26,2436,36.73,-34.800000000000004,14.0,25,-0.729,17,
C-B-1,3,0.54385,-14.4205,17.0361,1623,-36.23,35.7,14.1,26,2439,36.73,-34.800000000000004,14.0,25,-0.729,17,
C-B-1,3,0.54486,-14.4972,17.0302,1621,-36.23,35.7,14.1,26,2441,36.73,-34.800000000000004,14.0,25,-0.729,17,
C-B-1,3,0.54585,-14.6122,17.0214,1618,-36.73,34.800000000000004,14.1,26,2444,36.73,-34.800000000000004,14.0,25,-0.729,17,
C-B-1,3,0.54685,-14.7656,17.0094,1614,-36.23,35.7,14.1,26,2447,35.73,-36.6,14.0,25,-0.767,17,
C-B-1,3,0.54785,-14.8423,17.0034,1612,-36.23,35.7,14.1,26,2450,36.23,-35.7,14.0,25,-0.729,17,
C-B-1,3,0.54886,-14.919,16.9974,1610,-36.23,35.7,14.1,26,2452,36.23,-35.7,14.0,25,-0.729,17,
C-B-1,3,0.54985,-15.0341,16.9882,1607,-36.23,35.7,14.1,26,2455,36.73,-34.800000000000004,14.0,25,-0.729,17,
C-B-1,3,0.55086,-15.1108,16.9821,1605,-36.23,35.7,14.1,26,2456,35.73,-36.6,14.0,25,-0.767,17,
C-B-1,3,0.55185,-15.1491,16.979,1604,-35.22,37.4,14.1,26,2458,35.73,-36.6,14.0,25,-0.729,17,
C-B-1,3,0.55286,-15.2642,16.9698,1601,-35.73,36.6,14.1,26,2460,35.22,-37.4,14.0,25,-0.767,17,
C-B-1,3,0.55385,-15.3409,16.9635,1599,-36.23,35.7,14.1,26,2463,36.23,-35.7,14.0,25,-0.729,17,
C-B-1,3,0.55486,-15.4176,16.9573,1597,-36.23,35.7,14.1,26,2465,36.23,-35.7,14.0,25,-0.729,17,
C-B-1,3,0.55585,-15.571,16.9447,1593,-35.73,36.6,14.1,26,2469,35.22,-37.4,14.0,25,-0.729,17,
C-B-1,3,0.55686,-15.6861,16.9352,1590,-36.23,35.7,14.1,26,2471,35.22,-37.4,14.0,25,-0.767,17,
C-B-1,3,0.55786,-15.7628,16.9288,1588,-36.23,35.7,14.1,26,2474,36.23,-35.7,14.0,25,-0.729,17,
C-B-1,3,0.55886,-15.8395,16.9224,1586,-36.23,35.7,14.1,26,2476,35.73,-36.6,14.0,25,-0.729,17,
C-B-1,3,0.55986,-15.9545,16.9127,1583,-36.23,35.7,14.1,26,2478,35.73,-36.6,14.0,25,-0.767,17,
C-B-1,3,0.56086,-16.0312,16.9062,1581,-35.73,36.6,14.1,26,2480,35.22,-37.4,14.0,25,-0.767,17,
C-B-1,3,0.56186,-16.108,16.8997,1579,-36.23,35.7,14.1,26,2483,35.73,-36.6,14.0,25,-0.729,17,
C-B-1,3,0.56286,-16.223,16.8899,1576,-36.73,34.800000000000004,14.1,26,2485,36.23,-35.7,14.0,25,-0.767,17,
C-B-1,3,0.56386,-16.3381,16.88,1573,-37.24,33.9,14.1,26,2488,36.23,-35.7,14.0,25,-0.767,17,
C-B-1,3,0.56486,-16.4148,16.8734,1571,-36.73,34.800000000000004,14.1,26,2492,35.73,-36.6,14.0,25,-0.69,17,
C-B-1,3,0.56586,-16.4915,16.8667,1569,-36.73,34.800000000000004,14.3,26,2494,35.73,-36.6,14.0,25,-0.69,17,
C-B-1,3,0.56686,-16.5682,16.86,1567,-36.23,35.7,14.3,26,2497,36.23,-35.7,14.0,25,-0.652,17,
C-B-1,3,0.56786,-16.6449,16.8533,1565,-36.73,34.800000000000004,14.3,26,2499,36.23,-35.7,14.0,25,-0.652,17,
C-B-1,3,0.56886,-16.7599,16.8431,1562,-36.73,34.800000000000004,14.3,26,2502,36.23,-35.7,14.0,25,-0.652,17,
C-B-1,3,0.56986,-16.9134,16.8295,1558,-36.23,35.7,14.3,26,2503,35.22,-37.4,14.0,25,-0.767,17,
C-B-1,3,0.57086,-17.0284,16.8191,1555,-36.73,34.800000000000004,14.3,26,2506,35.73,-36.6,14.0,25,-0.767,17,
C-B-1,3,0.57186,-17.1435,16.8088,1552,-37.74,33.1,14.3,26,2509,36.73,-34.800000000000004,14.0,25,-0.767,17,
C-B-1,3,0.57286,-17.2202,16.8018,1550,-37.24,33.9,14.3,26,2511,36.23,-35.7,14.0,25,-0.767,17,
C-B-1,3,0.57386,-17.2969,16.7948,1548,-37.24,33.9,14.3,26,2514,35.22,-37.4,14.0,25,-0.729,17,
C-B-1,3,0.57486,-17.3736,16.7878,1546,-36.73,34.800000000000004,14.3,26,2517,35.73,-36.6,14.0,25,-0.69,17,
C-B-1,3,0.57586,-17.4503,16.7808,1544,-36.73,34.800000000000004,14.3,26,2519,36.23,-35.7,14.0,25,-0.69,17,
C-B-1,3,0.57686,-17.527,16.7737,1542,-36.73,34.800000000000004,14.3,26,2522,36.23,-35.7,14.0,25,-0.652,17,
C-B-1,3,0.57786,-17.642,16.763,1539,-37.24,33.9,14.3,26,2525,36.73,-34.800000000000004,14.0,25,-0.652,17,
C-B-1,3,0.57886,-17.7955,16.7487,1535,-36.73,34.800000000000004,14.3,26,2527,36.23,-35.7,14.0,25,-0.729,17,
C-B-1,3,0.57987,-17.8722,16.7415,1533,-36.73,34.800000000000004,14.3,26,2529,36.73,-34.800000000000004,14.0,25,-0.729,17,
C-B-1,3,0.58086,-17.9872,16.7306,1530,-37.74,33.1,14.3,26,2531,36.73,-34.800000000000004,14.0,25,-0.767,17,
C-B-1,3,0.58187,-18.0639,16.7233,1528,-37.24,33.9,14.3,26,2534,37.24,-33.9,14.0,25,-0.729,17,
C-B-1,3,0.58286,-18.179,16.7123,1525,-37.24,33.9,14.3,26,2538,36.73,-34.800000000000004,14.0,25,-0.69,17,
C-B-1,3,0.58386,-18.2173,16.7086,1524,-36.73,34.800000000000004,14.3,26,2541,37.24,-33.9,14.0,25,-0.614,17,
C-B-1,3,0.58487,-18.3324,16.6976,1521,-36.73,34.800000000000004,14.3,26,2543,37.24,-33.9,14.0,25,-0.652,17,
C-B-1,3,0.58586,-18.4091,16.6901,1519,-37.24,33.9,14.3,26,2546,37.74,-33.1,14.0,25,-0.614,17,
C-B-1,3,0.58686,-18.5241,16.679,1516,-37.24,33.9,14.3,26,2548,37.24,-33.9,14.0,25,-0.652,17,
C-B-1,3,0.58787,-18.6776,16.6639,1512,-37.24,33.9,14.3,26,2549,36.73,-34.800000000000004,14.0,25,-0.767,17,
C-B-1,3,0.58886,-18.7543,16.6564,1510,-36.73,34.800000000000004,14.3,26,2552,37.24,-33.9,14.0,25,-0.729,17,
C-B-1,3,0.58987,-18.8693,16.645,1507,-37.24,33.9,14.3,26,2554,37.24,-33.9,14.0,25,-0.767,17,
C-B-1,3,0.59086,-18.946,16.6374,1505,-37.24,33.9,14.3,26,2556,36.73,-34.800000000000004,14.0,25,-0.767,17,
C-B-1,3,0.59187,-19.0611,16.6259,1502,-37.24,33.9,14.3,26,2559,37.24,-33.9,14.0,25,-0.767,17,
C-B-1,3,0.59286,-19.0994,16.622,1501,-36.23,35.7,14.3,26,2560,36.23,-35.7,14.0,25,-0.767,17,
C-B-1,3,0.59387,-19.2145,16.6104,1498,-36.73,34.800000000000004,14.3,26,2562,35.73,-36.6,14.0,25,-0.805,17,
C-B-1,3,0.59486,-19.2912,16.6026,1496,-36.73,34.800000000000004,14.3,26,2565,36.73,-34.800000000000004,14.0,25,-0.767,17,
C-B-1,3,0.59587,-19.4062,16.5909,1493,-37.24,33.9,14.3,26,2568,37.24,-33.9,14.0,25,-0.767,17,
C-B-1,3,0.59686,-19.5597,16.5752,1489,-36.73,34.800000000000004,14.3,26,2571,36.23,-35.7,14.0,25,-0.805,17,
C-B-1,3,0.59787,-19.6364,16.5673,1487,-36.23,35.7,14.3,26,2573,35.73,-36.6,14.0,25,-0.805,17,
C-B-1,3,0.59886,-19.7131,16.5594,1485,-36.73,34.800000000000004,14.3,26,2576,36.73,-34.800000000000004,14.0,25,-0.767,17,
C-B-1,3,0.59987,-19.8281,16.5475,1482,-36.73,34.800000000000004,14.3,26,2578,36.23,-35.7,14.0,25,-0.805,17,
C-B-1,3,0.60086,-19.9432,16.5354,1479,-36.73,34.800000000000004,14.3,26,2581,36.23,-35.7,14.0,25,-0.805,17,
C-B-1,3,0.60187,-19.9815,16.5314,1478,-36.23,35.7,14.3,26,2582,35.73,-36.6,14.0,25,-0.805,17,
C-B-1,3,0.60287,-20.0966,16.5193,1475,-36.73,34.800000000000004,14.3,26,2585,36.23,-35.7,14.0,25,-0.805,17,
C-B-1,3,0.60387,-20.2116,16.5071,1472,-37.24,33.9,14.3,26,2587,36.73,-34.800000000000004,14.0,25,-0.844,17,
C-B-1,3,0.60487,-20.25,16.5031,1471,-37.24,33.9,14.3,26,2590,36.73,-34.800000000000004,14.0,25,-0.767,17,
C-B-1,3,0.60587,-20.3651,16.4908,1468,-37.74,33.1,14.3,26,2594,36.23,-35.7,14.0,25,-0.729,17,
C-B-1,3,0.60687,-20.4034,16.4867,1467,-36.73,34.800000000000004,14.3,26,2597,36.23,-35.7,14.0,25,-0.652,17,
C-B-1,3,0.60787,-20.5185,16.4744,1464,-37.24,33.9,14.3,26,2599,36.23,-35.7,14.0,25,-0.69,17,
C-B-1,3,0.60887,-20.5952,16.4661,1462,-37.24,33.9,14.3,26,2602,36.73,-34.800000000000004,14.0,25,-0.652,17,
C-B-1,3,0.60987,-20.7102,16.4536,1459,-37.74,33.1,14.3,26,2605,37.24,-33.9,14.0,25,-0.652,17,
C-B-1,3,0.61087,-20.8636,16.4369,1455,-37.24,33.9,14.3,26,2606,36.23,-35.7,14.0,25,-0.767,17,
C-B-1,3,0.61187,-20.9787,16.4243,1452,-37.24,33.9,14.3,26,2608,36.23,-35.7,14.0,25,-0.805,17,
C-B-1,3,0.61287,-21.0554,16.4159,1450,-37.74,33.1,14.3,26,2611,36.73,-34.800000000000004,14.0,25,-0.767,17,
C-B-1,3,0.61387,-21.1321,16.4074,1448,-37.24,33.9,14.3,26,2613,36.23,-35.7,14.0,25,-0.767,17,
C-B-1,3,0.61487,-21.2472,16.3946,1445,-37.74,33.1,14.3,26,2617,35.73,-36.6,14.0,25,-0.729,17,
C-B-1,3,0.61587,-21.2855,16.3904,1444,-36.73,34.800000000000004,14.3,26,2619,35.73,-36.6,14.0,25,-0.69,17,
C-B-1,3,0.61687,-21.4006,16.3775,1441,-37.24,33.9,14.3,26,2622,36.73,-34.800000000000004,14.0,25,-0.69,17,
C-B-1,3,0.61787,-21.4773,16.3689,1439,-37.24,33.9,14.3,26,2624,36.23,-35.7,14.0,25,-0.69,17,
C-B-1,3,0.61887,-21.5923,16.3559,1436,-37.74,33.1,14.3,26,2627,36.73,-34.800000000000004,14.0,25,-0.69,17,
C-B-1,3,0.61987,-21.7457,16.3385,1432,-37.24,33.9,14.3,26,2628,36.23,-35.7,14.0,25,-0.805,17,
C-B-1,3,0.62087,-21.8224,16.3298,1430,-36.73,34.800000000000004,14.3,26,2630,35.73,-36.6,14.0,25,-0.805,17,
C-B-1,3,0.62187,-21.9375,16.3166,1427,-37.74,33.1,14.3,26,2633,36.73,-34.800000000000004,14.0,25,-0.805,17,
C-B-1,3,0.62287,-22.0142,16.3078,1425,-37.24,33.9,14.3,26,2635,36.73,-34.800000000000004,14.0,25,-0.805,17,
C-B-1,3,0.62387,-22.1293,16.2945,1422,-37.74,33.1,14.3,26,2639,35.73,-36.6,14.0,25,-0.767,17,
C-B-1,3,0.62488,-22.206,16.2857,1420,-37.24,33.9,14.3,26,2642,36.23,-35.7,14.0,25,-0.729,17,
C-B-1,3,0.62587,-22.2443,16.2812,1419,-36.73,34.800000000000004,14.3,26,2644,36.73,-34.800000000000004,14.0,25,-0.69,17,
C-B-1,3,0.62688,-22.3594,16.2678,1416,-37.24,33.9,14.3,26,2647,37.24,-33.9,14.0,25,-0.69,17,
C-B-1,3,0.62787,-22.4744,16.2543,1413,-37.74,33.1,14.3,26,2649,36.73,-34.800000000000004,14.0,25,-0.729,17,
C-B-1,3,0.62888,-22.6278,16.2363,1409,-37.24,33.9,14.3,26,2652,37.24,-33.9,14.0,25,-0.767,17,
C-B-1,3,0.62987,-22.6662,16.2317,1408,-36.73,34.800000000000004,14.3,26,2654,36.73,-34.800000000000004,14.0,25,-0.729,17,
C-B-1,3,0.63088,-22.7812,16.2181,1405,-37.74,33.1,14.3,26,2656,37.24,-33.9,14.0,25,-0.767,17,
C-B-1,3,0.63187,-22.858,16.209,1403,-37.24,33.9,14.3,26,2659,37.24,-33.9,14.0,25,-0.729,17,
C-B-1,3,0.63287,-22.973,16.1952,1400,-37.24,33.9,14.3,26,2661,37.24,-33.9,14.0,25,-0.767,17,
C-B-1,3,0.63388,-23.0114,16.1906,1399,-36.73,34.800000000000004,14.3,26,2662,36.23,-35.7,14.0,25,-0.767,17,
C-B-1,3,0.63487,-23.1264,16.1768,1396,-36.73,34.800000000000004,14.3,26,2665,36.73,-34.800000000000004,14.0,25,-0.767,17,
C-B-1,3,0.63587,-23.2415,16.1629,1393,-37.74,33.1,14.3,26,2667,36.73,-34.800000000000004,14.0,25,-0.805,17,
C-B-1,3,0.63688,-23.3182,16.1535,1391,-37.24,33.9,14.3,26,2669,36.23,-35.7,14.0,25,-0.805,17,
C-B-1,3,0.63787,-23.4716,16.1348,1387,-36.73,34.800000000000004,14.3,26,2673,35.73,-36.6,14.0,25,-0.805,17,
C-B-1,3,0.63888,-23.5483,16.1255,1385,-36.23,35.7,14.3,26,2675,35.22,-37.4,14.0,25,-0.805,17,
C-B-1,3,0.63987,-23.6634,16.1113,1382,-37.24,33.9,14.3,26,2677,35.73,-36.6,14.0,25,-0.844,17,
C-B-1,3,0.64088,-23.7784,16.0971,1379,-37.24,33.9,14.3,26,2680,36.23,-35.7,14.0,25,-0.844,17,
C-B-1,3,0.64187,-23.8551,16.0876,1377,-37.24,33.9,14.3,26,2682,35.73,-36.6,14.0,25,-0.844,17,
C-B-1,3,0.64288,-23.8935,16.0828,1376,-36.73,34.800000000000004,14.3,26,2684,35.73,-36.6,14.0,25,-0.805,17,
C-B-1,3,0.64387,-24.0469,16.0637,1372,-37.24,33.9,14.3,26,2687,35.73,-36.6,14.0,25,-0.844,17,
C-B-1,3,0.64488,-24.1236,16.0541,1370,-37.74,33.1,14.3,26,2689,36.23,-35.7,14.0,25,-0.844,17,
C-B-1,3,0.64588,-24.2386,16.0396,1367,-37.74,33.1,14.3,26,2691,36.23,-35.7,14.0,25,-0.882,17,
C-B-1,3,0.64688,-24.3153,16.0299,1365,-36.73,34.800000000000004,14.3,26,2696,36.23,-35.7,14.0,25,-0.767,17,
C-B-1,3,0.64788,-24.3537,16.0251,1364,-36.73,34.800000000000004,14.3,26,2698,35.73,-36.6,14.0,25,-0.729,17,
C-B-1,3,0.64887,-24.4688,16.0105,1361,-37.74,32.0,14.3,26,2701,36.73,-34.800000000000004,14.0,25,-0.729,17,
C-B-1,3,0.64988,-24.5838,15.9958,1358,-38.24,30.3,14.3,26,2704,37.24,-33.9,14.0,25,-0.729,17,
C-B-1,3,0.65088,-24.6989,15.9811,1355,-37.74,30.400000000000002,14.3,26,2707,37.24,-33.9,14.0,25,-0.729,17,
C-B-1,3,0.65188,-24.8523,15.9614,1351,-37.74,30.400000000000002,14.3,26,2708,36.73,-34.800000000000004,14.0,25,-0.844,17,
C-B-1,3,0.65288,-24.929,15.9514,1349,-37.24,30.400000000000002,14.3,26,2711,37.24,-33.9,14.0,25,-0.805,17,
C-B-1,3,0.65387,-25.044,15.9365,1346,-37.74,28.0,14.3,26,2713,37.24,-33.9,14.0,25,-0.844,17,
C-B-1,3,0.65488,-25.1207,15.9265,1344,-38.24,27.1,14.3,26,2716,37.24,-33.9,14.0,25,-0.805,17,
C-B-1,3,0.65588,-25.1591,15.9215,1343,-37.74,27.200000000000003,14.3,26,2719,36.23,-35.7,14.0,25,-0.729,17,
C-B-1,3,0.65688,-25.2358,15.9115,1341,-37.24,27.200000000000003,14.3,26,2722,36.73,-34.800000000000004,14.0,25,-0.69,17,
C-B-1,3,0.65788,-25.3125,15.9015,1339,-37.24,26.400000000000002,14.3,26,2725,36.73,-33.7,14.0,25,-0.652,17,
C-B-1,3,0.65888,-25.3892,15.8914,1337,-37.24,25.6,14.3,26,2727,36.73,-33.7,14.0,25,-0.652,17,
C-B-1,3,0.65988,-25.5043,15.8762,1334,-37.74,23.200000000000003,14.3,26,2729,36.73,-32.9,14.0,25,-0.69,17,
C-B-1,3,0.66088,-25.6577,15.8559,1330,-37.24,22.400000000000002,14.3,26,2731,36.23,-33.800000000000004,14.0,25,-0.767,17,
C-B-1,3,0.66188,-25.7344,15.8456,1328,-36.73,21.700000000000003,14.3,26,2733,36.23,-33.0,14.0,25,-0.767,17,
C-B-1,3,0.66288,-25.8111,15.8354,1326,-37.24,20.0,14.3,26,2736,37.24,-29.6,14.0,25,-0.729,17,
C-B-1,3,0.66389,-25.9261,15.82,1323,-37.24,18.400000000000002,14.3,26,2738,36.73,-29.700000000000003,14.0,25,-0.767,17,
C-B-1,3,0.66488,-26.0028,15.8097,1321,-36.73,17.7,14.3,26,2742,36.73,-28.900000000000002,14.0,25,-0.69,17,
C-B-1,3,0.66588,-26.0412,15.8045,1320,-36.23,18.6,14.3,26,2744,36.23,-29.0,14.0,25,-0.652,17,
C-B-1,3,0.66688,-26.1179,15.7942,1318,-35.73,17.900000000000002,14.3,26,2747,37.24,-25.6,14.0,25,-0.614,17,
C-B-1,3,0.66788,-26.1946,15.7838,1316,-36.23,15.4,14.3,26,2749,37.24,-24.8,14.0,25,-0.614,17,
C-B-1,3,0.66888,-26.3097,15.7682,1313,-36.73,12.9,14.3,26,2752,37.74,-22.400000000000002,14.0,25,-0.614,17,
C-B-1,3,0.66988,-26.4247,15.7525,1310,-35.22,13.100000000000001,14.3,26,2753,36.73,-23.3,14.0,25,-0.69,17,
C-B-1,3,0.67088,-26.5014,15.742,1308,-35.22,11.5,14.3,26,2755,36.73,-22.5,14.0,25,-0.69,17,
C-B-1,3,0.67188,-26.5781,15.7315,1306,-35.73,9.1,14.3,26,2758,37.24,-20.0,14.0,25,-0.652,17,
C-B-1,3,0.67289,-26.6548,15.7209,1304,-34.72,9.200000000000001,14.3,26,2760,36.73,-19.3,14.0,25,-0.652,17,
C-B-1,3,0.67388,-26.7315,15.7103,1302,-34.72,7.6000000000000005,14.3,26,2764,36.73,-16.1,14.0,25,-0.575,17,
C-B-1,3,0.67489,-26.7699,15.705,1301,-33.71,8.6,14.3,26,2764,35.73,-16.3,14.0,25,-0.614,17,
C-B-1,3,0.67588,-26.8466,15.6944,1299,-33.71,7.0,14.3,26,2768,36.23,-13.8,14.0,25,-0.537,17,
C-B-1,3,0.67688,-26.9233,15.6838,1297,-34.22,4.5,14.3,26,2768,36.73,-10.5,14.0,25,-0.614,17,
C-B-1,3,0.67789,-27.0,15.6731,1295,-33.71,3.8000000000000003,14.3,26,2772,35.73,-11.5,14.0,25,-0.537,17,
C-B-1,3,0.67888,-27.0767,15.6624,1293,-31.7,5.7,14.3,26,2773,34.72,-12.4,14.0,25,-0.575,17,
C-B-1,3,0.67988,-27.1534,15.6516,1291,-31.7,4.1000000000000005,14.3,26,2775,34.22,-11.700000000000001,14.0,25,-0.575,17,
C-B-1,3,0.68089,-27.2301,15.6409,1289,-31.7,2.5,14.3,26,2776,34.22,-10.9,14.0,25,-0.614,17,
C-B-1,3,0.68188,-27.3068,15.6301,1287,-31.7,0.9,14.3,26,2778,33.71,-10.200000000000001,14.0,25,-0.614,17,
C-B-1,3,0.68288,-27.3452,15.6247,1286,-30.7,1.8,14.2,26,2780,33.71,-8.6,14.0,25,-0.575,17,
C-B-1,3,0.68389,-27.3835,15.6193,1285,-30.19,1.9000000000000001,14.2,26,2781,32.71,-9.5,14.0,25,-0.575,17,
C-B-1,3,0.68488,-27.4602,15.6084,1283,-30.19,0.30000000000000004,14.2,26,2783,32.71,-7.9,14.0,25,-0.575,17,
C-B-1,3,0.68588,-27.4986,15.603,1282,-29.69,0.4,14.2,26,2785,33.21,-5.4,14.0,25,-0.537,17,
C-B-1,3,0.68688,-27.5753,15.5921,1280,-29.69,-1.2000000000000002,14.2,26,2787,32.71,-4.7,14.0,25,-0.537,17,
C-B-1,3,0.68789,-27.652,15.5812,1278,-28.18,-0.2,14.2,26,2789,31.2,-5.7,14.0,25,-0.537,17,
C-B-1,3,0.68888,-27.7287,15.5703,1276,-27.68,-0.9,14.2,26,2791,31.2,-4.1000000000000005,14.0,25,-0.537,17,
C-B-1,3,0.68989,-27.767,15.5648,1275,-27.68,-1.7000000000000002,14.2,26,2793,31.2,-2.5,14.0,25,-0.499,17,
C-B-1,3,0.69088,-27.8438,15.5538,1273,-27.68,-3.3000000000000003,14.2,26,2795,31.2,-0.9,14.0,25,-0.499,17,
C-B-1,3,0.69189,-27.8821,15.5483,1272,-27.17,-3.2,14.2,26,2796,30.19,-1.9000000000000001,14.0,25,-0.499,17,
C-B-1,3,0.69288,-27.8821,15.5483,1272,-25.66,-0.6000000000000001,14.2,26,2797,29.69,-2.0,14.0,25,-0.46,17,
C-B-1,3,0.69389,-27.9588,15.5373,1270,-25.66,-2.2,14.2,26,2799,29.19,-1.3,14.0,25,-0.46,17,
C-B-1,3,0.69489,-27.9972,15.5317,1269,-25.66,-3.0,14.2,26,2801,29.69,1.2000000000000002,14.0,25,-0.422,17,
C-B-1,3,0.69589,-28.0739,15.5207,1267,-25.66,-4.6000000000000005,14.2,26,2802,29.19,1.1,14.0,25,-0.46,17,
C-B-1,3,0.69689,-28.1122,15.5151,1266,-25.16,-4.5,14.2,26,2804,27.68,0.1,14.0,25,-0.422,17,
C-B-1,3,0.69789,-28.1506,15.5096,1265,-24.15,-3.6,14.2,26,2806,27.17,0.8,14.0,25,-0.384,17,
C-B-1,3,0.69889,-28.1889,15.504,1264,-23.65,-3.5,14.2,26,2807,27.17,1.6,14.0,25,-0.384,17,
C-B-1,3,0.69989,-28.2273,15.4984,1263,-23.65,-4.3,14.2,26,2808,26.67,1.6,14.0,25,-0.384,17,
C-B-1,3,0.70089,-28.2656,15.4929,1262,-23.15,-4.2,14.2,26,2810,26.17,2.3000000000000003,14.0,25,-0.345,17,
C-B-1,3,0.70189,-28.3423,15.4817,1260,-22.14,-4.1000000000000005,14.2,26,2810,25.16,0.5,14.0,25,-0.422,17,
C-B-1,3,0.70289,-28.3807,15.4761,1259,-21.64,-4.0,14.2,26,2812,24.66,1.3,14.0,25,-0.384,17,
C-B-1,3,0.70389,-28.419,15.4705,1258,-21.64,-4.800000000000001,14.2,26,2813,24.66,2.1,14.0,25,-0.384,17,
C-B-1,3,0.70489,-28.4574,15.4649,1257,-21.13,-4.7,14.2,26,2815,24.66,3.7,14.0,25,-0.345,17,
C-B-1,3,0.70589,-28.4957,15.4593,1256,-20.63,-4.7,14.2,26,2816,22.64,1.0,14.0,25,-0.345,17,
C-B-1,3,0.70689,-28.5341,15.4537,1255,-20.13,-4.6000000000000005,14.2,26,2818,23.15,3.4000000000000004,14.0,25,-0.307,17,
C-B-1,3,0.70789,-28.5724,15.448,1254,-20.13,-5.4,14.2,26,2819,23.15,4.2,14.0,25,-0.307,17,
C-B-1,3,0.70889,-28.6108,15.4424,1253,-20.13,-6.2,14.2,26,2821,23.15,5.800000000000001,14.0,25,-0.268,17,
C-B-1,3,0.70989,-28.6491,15.4368,1252,-19.62,-6.1000000000000005,14.2,26,2821,22.64,5.0,14.0,25,-0.307,17,
C-B-1,3,0.71089,-28.7259,15.4255,1250,-18.62,-6.0,14.2,26,2822,22.14,4.9,14.0,25,-0.345,17,
C-B-1,3,0.71189,-28.7642,15.4198,1249,-18.62,-6.800000000000001,14.2,26,2823,21.64,4.800000000000001,14.0,25,-0.345,17,
C-B-1,3,0.71289,-28.8026,15.4141,1248,-18.62,-7.6000000000000005,14.2,26,2824,21.64,5.6000000000000005,14.0,25,-0.345,17,
C-B-1,3,0.7139,-28.8409,15.4085,1247,-18.12,-7.5,14.2,26,2825,21.13,5.5,14.0,25,-0.345,17,
C-B-1,3,0.71489,-28.8793,15.4028,1246,-18.12,-8.3,14.2,26,2827,20.13,5.4,14.0,25,-0.307,17,
C-B-1,3,0.71589,-28.8793,15.4028,1246,-17.11,-6.5,14.2,26,2828,20.13,6.2,14.0,25,-0.268,17,
C-B-1,3,0.71689,-28.9176,15.3971,1245,-17.11,-7.300000000000001,14.2,26,2829,20.13,7.0,14.0,25,-0.268,17,
C-B-1,3,0.71789,-28.956,15.3914,1244,-17.11,-8.1,14.2,26,2830,19.62,6.9,14.0,25,-0.268,17,
C-B-1,3,0.71889,-28.956,15.3914,1244,-16.1,-6.4,14.2,26,2831,19.12,6.800000000000001,14.0,25,-0.23,17,
C-B-1,3,0.7199,-29.0327,15.38,1242,-15.6,-7.1000000000000005,14.2,26,2831,18.12,5.1000000000000005,14.0,25,-0.307,17,
C-B-1,3,0.72089,-29.071,15.3742,1241,-15.6,-7.9,14.2,26,2832,18.12,5.9,14.0,25,-0.307,17,
C-B-1,3,0.7219,-29.1094,15.3685,1240,-16.1,-9.600000000000001,14.2,26,2833,18.12,6.7,14.0,25,-0.307,17,
C-B-1,3,0.72289,-29.1477,15.3628,1239,-15.6,-9.5,14.2,26,2833,17.11,4.9,14.0,25,-0.345,17,
C-B-1,3,0.7239,-29.1861,15.3571,1238,-15.6,-10.3,14.2,26,2834,16.61,4.9,14.0,25,-0.345,17,
C-B-1,3,0.72489,-29.1861,15.3571,1238,-14.59,-8.5,14.2,26,2835,16.61,5.7,14.0,25,-0.307,17,
C-B-1,3,0.7259,-29.2244,15.3513,1237,-14.59,-9.3,14.2,26,2836,16.61,6.5,14.0,25,-0.307,17,
C-B-1,3,0.72689,-29.2244,15.3513,1237,-14.09,-8.5,14.2,26,2837,16.61,7.300000000000001,14.0,25,-0.268,17,
C-B-1,3,0.7279,-29.2628,15.3456,1236,-14.09,-9.3,14.2,26,2837,15.6,5.5,14.0,25,-0.307,17,
C-B-1,3,0.72889,-29.3395,15.334,1234,-14.09,-10.9,14.2,26,2838,15.1,5.4,14.0,25,-0.345,17,
C-B-1,3,0.7299,-29.3395,15.334,1234,-13.59,-10.0,14.2,26,2839,14.59,5.300000000000001,14.0,25,-0.307,17,
C-B-1,3,0.73089,-29.3778,15.3283,1233,-13.59,-10.8,14.2,26,2840,15.1,7.0,14.0,25,-0.307,17,
C-B-1,3,0.7319,-29.4162,15.3225,1232,-13.59,-11.600000000000001,14.2,26,2840,14.09,5.300000000000001,14.0,25,-0.345,17,
C-B-1,3,0.73289,-29.4545,15.3167,1231,-13.59,-12.4,14.2,26,2841,14.09,6.1000000000000005,14.0,25,-0.345,17,
C-B-1,3,0.73389,-29.4929,15.3109,1230,-13.59,-13.200000000000001,14.2,26,2841,13.08,4.3,14.0,25,-0.384,17,
C-B-1,3,0.7349,-29.5313,15.3051,1229,-13.59,-14.0,14.2,26,2842,13.08,5.1000000000000005,14.0,25,-0.384,17,
C-B-1,3,0.7359,-29.5313,15.3051,1229,-13.08,-13.100000000000001,14.2,26,2843,13.59,6.800000000000001,14.0,25,-0.345,17,
C-B-1,3,0.7369,-29.5696,15.2993,1228,-13.08,-13.9,14.2,26,2843,12.58,5.0,14.0,25,-0.384,17,
C-B-1,3,0.7379,-29.608,15.2935,1227,-13.08,-14.700000000000001,14.2,26,2844,11.57,4.1000000000000005,14.0,25,-0.384,17,
C-B-1,3,0.73889,-29.608,15.2935,1227,-12.58,-13.8,14.2,26,2845,12.08,5.800000000000001,14.0,25,-0.345,17,
C-B-1,3,0.7399,-29.6463,15.2877,1226,-12.58,-14.600000000000001,14.2,26,2845,11.57,4.9,14.0,25,-0.384,17,
C-B-1,3,0.7409,-29.6847,15.2818,1225,-12.58,-15.4,14.2,26,2845,11.07,4.0,14.0,25,-0.422,17,
C-B-1,3,0.7419,-29.6847,15.2818,1225,-12.08,-14.600000000000001,14.2,26,2846,11.07,4.800000000000001,14.0,25,-0.384,17,
C-B-1,3,0.7429,-29.723,15.276,1224,-11.57,-14.5,14.2,26,2846,10.57,3.9000000000000004,14.0,25,-0.422,17,
C-B-1,3,0.7439,-29.723,15.276,1224,-11.07,-13.600000000000001,14.2,26,2846,9.56,2.2,14.0,25,-0.422,17,
C-B-1,3,0.7449,-29.7614,15.2702,1223,-11.57,-15.3,14.2,26,2847,10.06,3.9000000000000004,14.0,25,-0.422,17,
C-B-1,3,0.7459,-29.7614,15.2702,1223,-11.07,-14.4,14.2,26,2847,9.56,3.0,14.0,25,-0.422,17,
C-B-1,3,0.7469,-29.7614,15.2702,1223,-10.57,-13.5,14.2,26,2848,9.06,2.9000000000000004,14.0,25,-0.384,17,
C-B-1,3,0.7479,-29.7997,15.2643,1222,-11.07,-15.200000000000001,14.2,26,2848,8.55,2.0,14.0,25,-0.422,17,
C-B-1,3,0.7489,-29.7997,15.2643,1222,-10.06,-13.5,14.2,26,2849,9.06,3.7,14.0,25,-0.384,17,
C-B-1,3,0.7499,-29.7997,15.2643,1222,-10.06,-13.5,14.2,26,2849,8.55,2.8000000000000003,14.0,25,-0.384,17,
C-B-1,3,0.7509,-29.8381,15.2585,1221,-10.06,-14.3,14.2,26,2849,8.05,2.0,14.0,25,-0.422,17,
C-B-1,3,0.7519,-29.8381,15.2585,1221,-9.06,-12.5,14.2,26,2849,8.05,2.0,14.0,25,-0.422,17,
C-B-1,3,0.7529,-29.8381,15.2585,1221,-8.55,-11.600000000000001,14.2,26,2850,8.05,2.8000000000000003,14.0,25,-0.384,17,
C-B-1,3,0.7539,-29.8764,15.2526,1220,-9.06,-13.3,14.2,26,2850,7.55,1.9000000000000001,14.0,25,-0.422,17,
C-B-1,3,0.7549,-29.8764,15.2526,1220,-8.55,-12.4,14.2,26,2850,7.04,1.0,14.0,25,-0.422,17,
C-B-1,3,0.7559,-29.8764,15.2526,1220,-8.55,-12.4,14.2,26,2851,7.04,1.8,14.0,25,-0.384,17,
C-B-1,3,0.7569,-29.8764,15.2526,1220,-8.05,-11.600000000000001,14.2,26,2851,6.54,0.9,14.0,25,-0.384,17,
C-B-1,3,0.7579,-29.8764,15.2526,1220,-7.55,-10.700000000000001,14.2,26,2851,6.54,0.9,14.0,25,-0.384,17,
C-B-1,3,0.7589,-29.9148,15.2467,1219,-7.55,-11.5,14.2,26,2851,6.04,0.1,14.0,25,-0.422,17,
C-B-1,3,0.7599,-29.9148,15.2467,1219,-7.55,-11.5,14.2,26,2851,5.54,-0.8,14.0,25,-0.422,17,
C-B-1,3,0.7609,-29.9148,15.2467,1219,-6.54,-9.700000000000001,14.2,26,2851,5.54,-0.8,14.0,25,-0.422,17,
C-B-1,3,0.7619,-29.9148,15.2467,1219,-6.04,-8.9,14.2,26,2852,5.54,0.0,14.0,25,-0.384,17,
C-B-1,3,0.7629,-29.9531,15.2408,1218,-6.04,-9.700000000000001,14.2,26,2851,5.03,-1.7000000000000002,14.0,25,-0.46,17,
C-B-1,3,0.7639,-29.9531,15.2408,1218,-5.54,-8.8,14.2,26,2852,5.03,-0.9,14.0,25,-0.422,17,
C-B-1,3,0.7649,-29.9148,15.2467,1219,-5.03,-7.1000000000000005,14.2,26,2852,4.53,-1.8,14.0,25,-0.384,17,
C-B-1,3,0.7659,-29.9148,15.2467,1219,-4.53,-6.2,14.2,26,2852,4.03,-2.6,14.0,25,-0.384,17,
C-B-1,3,0.76691,-29.9148,15.2467,1219,-4.03,-5.4,14.2,26,2852,4.03,-2.6,14.0,25,-0.384,17,
C-B-1,3,0.7679,-29.9531,15.2408,1218,-4.53,-7.0,14.2,26,2852,3.52,-3.5,14.0,25,-0.422,17,
C-B-1,3,0.76891,-29.9531,15.2408,1218,-4.03,-6.2,14.2,26,2852,3.52,-3.5,14.0,25,-0.422,17,
C-B-1,3,0.7699,-29.9531,15.2408,1218,-3.52,-5.300000000000001,14.2,26,2852,3.52,-3.5,14.0,25,-0.422,17,
C-B-1,3,0.77091,-29.9148,15.2467,1219,-2.52,-2.7,14.2,26,2852,3.02,-4.4,14.0,25,-0.384,17,
C-B-1,3,0.7719,-29.9531,15.2408,1218,-3.02,-4.4,14.2,26,2852,3.02,-4.4,14.0,25,-0.422,17,
C-B-1,3,0.77291,-29.9148,15.2467,1219,-2.52,-2.7,14.2,26,2852,3.02,-4.4,14.0,25,-0.384,17,
C-B-1,3,0.7739,-29.9148,15.2467,1219,-2.01,-1.9000000000000001,14.2,26,2852,2.52,-5.300000000000001,14.0,25,-0.384,17,
C-B-1,3,0.7749,-29.9148,15.2467,1219,-2.01,-1.9000000000000001,14.2,26,2852,2.52,-5.300000000000001,14.0,25,-0.384,17,
C-B-1,3,0.77591,-29.9148,15.2467,1219,-2.01,-1.9000000000000001,14.2,26,2852,2.01,-6.1000000000000005,14.0,25,-0.384,17,
C-B-1,3,0.7769,-29.9148,15.2467,1219,-1.51,-1.0,14.2,26,2852,2.01,-6.1000000000000005,14.0,25,-0.384,17,
C-B-1,3,0.7779,-29.8764,15.2526,1220,-1.01,0.7000000000000001,14.2,26,2852,2.01,-6.1000000000000005,14.0,25,-0.345,17,
C-B-1,3,0.77889,-29.8764,15.2526,1220,0.0,2.4000000000000004,14.2,26,2852,1.51,-7.0,14.0,25,-0.345,17,
C-B-1,3,0.77991,-29.8764,15.2526,1220,0.0,2.4000000000000004,14.2,26,2852,1.51,-7.0,14.0,25,-0.345,17,
C-B-1,3,0.78089,-29.8381,15.2585,1221,0.0,3.2,14.2,26,2851,1.01,-8.700000000000001,14.0,25,-0.345,17,
C-B-1,3,0.78191,-29.8381,15.2585,1221,0.0,3.2,14.2,26,2851,0.0,-10.4,14.0,25,-0.345,17,
C-B-1,3,0.78289,-29.8381,15.2585,1221,0.0,3.2,14.2,26,2851,0.0,-10.4,14.0,25,-0.345,17,
C-B-1,3,0.78391,-29.7997,15.2643,1222,1.01,5.7,14.2,26,2851,0.0,-10.4,14.0,25,-0.307,17,
C-B-1,3,0.78489,-29.7997,15.2643,1222,1.01,5.7,14.2,26,2851,0.0,-10.4,14.0,25,-0.307,17,
C-B-1,3,0.78591,-29.7997,15.2643,1222,1.01,5.7,14.2,26,2851,0.0,-10.4,14.0,25,-0.307,17,
C-B-1,3,0.78689,-29.7997,15.2643,1222,1.01,5.7,14.2,26,2851,0.0,-10.4,14.0,25,-0.307,17,
C-B-1,3,0.78791,-29.7997,15.2643,1222,1.51,6.6000000000000005,14.2,26,2851,0.0,-10.4,14.0,25,-0.307,17,
C-B-1,3,0.78889,-29.7997,15.2643,1222,1.51,6.6000000000000005,14.2,26,2851,0.0,-10.4,14.0,25,-0.307,17,
C-B-1,3,0.78991,-29.7997,15.2643,1222,1.51,6.6000000000000005,14.2,26,2850,0.0,-11.200000000000001,14.0,25,-0.345,17,
C-B-1,3,0.79089,-29.7997,15.2643,1222,1.51,6.6000000000000005,14.2,26,2850,-1.01,-12.9,14.0,25,-0.345,17,
C-B-1,3,0.79191,-29.7614,15.2702,1223,2.01,8.3,14.2,26,2850,0.0,-11.200000000000001,14.0,25,-0.307,17,
C-B-1,3,0.79289,-29.7614,15.2702,1223,2.52,9.1,14.2,26,2850,-1.01,-12.9,14.0,25,-0.307,17,
C-B-1,3,0.79391,-29.7614,15.2702,1223,2.01,8.3,14.2,26,2850,-1.01,-12.9,14.0,25,-0.307,17,
C-B-1,3,0.79491,-29.7614,15.2702,1223,2.01,8.3,14.2,26,2849,-1.51,-14.600000000000001,14.0,25,-0.345,17,
C-B-1,3,0.79589,-29.723,15.276,1224,2.52,9.9,14.2,26,2849,-1.51,-14.600000000000001,14.0,25,-0.307,17,
C-B-1,3,0.79691,-29.723,15.276,1224,3.02,10.8,14.2,26,2849,-1.51,-14.600000000000001,14.0,25,-0.307,17,
C-B-1,3,0.79789,-29.723,15.276,1224,3.02,10.8,14.2,26,2849,-1.51,-14.600000000000001,14.0,25,-0.307,17,
C-B-1,3,0.79891,-29.723,15.276,1224,2.52,9.9,14.2,26,2849,-1.51,-14.600000000000001,14.8,25,-0.307,17,
C-B-1,3,0.79989,-29.723,15.276,1224,3.02,10.8,14.9,26,2849,-1.51,-14.600000000000001,14.8,25,-0.307,17,
C-B-1,3,0.80091,-29.723,15.276,1224,2.52,9.9,14.9,26,2848,-2.01,-16.3,14.8,25,-0.345,17,
C-B-1,3,0.80191,-29.723,15.276,1224,2.52,9.9,14.9,26,2848,-2.01,-16.3,14.8,25,-0.345,17,
C-B-1,3,0.80289,-29.6847,15.2818,1225,3.02,11.600000000000001,14.9,26,2848,-2.01,-16.3,14.8,25,-0.307,17,
C-B-1,3,0.80391,-29.6847,15.2818,1225,3.02,11.600000000000001,14.9,26,2848,-2.01,-16.3,14.8,25,-0.307,17,
C-B-1,3,0.80489,-29.6847,15.2818,1225,3.02,11.600000000000001,14.9,26,2848,-2.01,-16.3,14.8,25,-0.307,17,
C-B-1,3,0.80591,-29.6847,15.2818,1225,3.02,11.600000000000001,14.9,26,2847,-2.52,-17.900000000000002,14.8,25,-0.345,17,
C-B-1,3,0.80691,-29.6847,15.2818,1225,2.52,10.700000000000001,14.9,26,2847,-2.52,-17.900000000000002,14.8,25,-0.345,17,
C-B-1,3,0.80789,-29.6463,15.2877,1226,3.02,12.4,14.9,26,2847,-2.52,-17.900000000000002,14.8,25,-0.307,17,
C-B-1,3,0.80891,-29.6847,15.2818,1225,2.52,10.700000000000001,14.9,26,2847,-2.52,-17.900000000000002,14.8,25,-0.345,17,
C-B-1,3,0.8099,-29.6463,15.2877,1226,3.02,12.4,14.9,26,2846,-2.52,-18.7,14.8,25,-0.345,17,
C-B-1,3,0.81091,-29.6463,15.2877,1226,2.52,11.5,14.9,26,2846,-2.52,-18.7,14.8,25,-0.345,17,
C-B-1,3,0.81191,-29.6463,15.2877,1226,2.52,11.5,14.9,26,2846,-2.52,-18.7,14.8,25,-0.345,17,
C-B-1,3,0.8129,-29.6463,15.2877,1226,2.01,10.700000000000001,14.9,26,2846,-2.52,-18.7,14.8,25,-0.345,17,
C-B-1,3,0.81391,-29.6463,15.2877,1226,2.01,10.700000000000001,14.9,26,2846,-2.52,-18.7,14.8,25,-0.345,17,
C-B-1,3,0.81491,-29.608,15.2935,1227,2.52,12.3,14.9,26,2846,-2.52,-18.7,14.8,25,-0.307,17,
C-B-1,3,0.8159,-29.608,15.2935,1227,2.52,12.3,14.9,26,2845,-3.02,-20.400000000000002,14.8,25,-0.345,17,
C-B-1,3,0.81691,-29.608,15.2935,1227,2.52,12.3,14.9,26,2845,-2.52,-19.5,14.8,25,-0.345,17,
C-B-1,3,0.8179,-29.608,15.2935,1227,2.52,12.3,14.9,26,2845,-3.02,-20.400000000000002,14.8,25,-0.345,17,
C-B-1,3,0.81892,-29.608,15.2935,1227,2.52,12.3,14.9,26,2845,-3.02,-20.400000000000002,14.8,25,-0.345,17,
C-B-1,3,0.81991,-29.608,15.2935,1227,2.01,11.5,14.9,26,2845,-2.52,-19.5,14.8,25,-0.345,17,
C-B-1,3,0.8209,-29.5696,15.2993,1228,2.52,13.100000000000001,14.9,26,2844,-3.02,-21.200000000000003,14.8,25,-0.345,17,
C-B-1,3,0.82192,-29.5696,15.2993,1228,2.52,13.100000000000001,14.9,26,2844,-3.02,-21.200000000000003,14.8,25,-0.345,17,
C-B-1,3,0.8229,-29.608,15.2935,1227,2.01,11.5,14.9,26,2844,-3.02,-21.200000000000003,14.8,25,-0.384,17,
C-B-1,3,0.82391,-29.5696,15.2993,1228,2.52,13.100000000000001,14.9,26,2844,-2.52,-20.3,14.8,25,-0.345,17,
C-B-1,3,0.82489,-29.5696,15.2993,1228,2.01,12.3,14.9,26,2843,-3.02,-22.0,14.8,25,-0.384,17,
C-B-1,3,0.82591,-29.5696,15.2993,1228,2.01,12.3,14.9,26,2843,-3.02,-22.0,14.8,25,-0.384,17,
C-B-1,3,0.82689,-29.5696,15.2993,1228,2.01,12.3,14.9,26,2843,-3.02,-22.0,14.8,25,-0.384,17,
C-B-1,3,0.82791,-29.5696,15.2993,1228,2.01,12.3,14.9,26,2843,-3.02,-22.0,14.8,25,-0.384,17,
C-B-1,3,0.8289,-29.5313,15.3051,1229,2.52,13.9,14.9,26,2842,-3.52,-23.700000000000003,14.8,25,-0.384,17,
C-B-1,3,0.82991,-29.5313,15.3051,1229,2.52,13.9,14.9,26,2842,-3.02,-22.8,14.8,25,-0.384,17,
C-B-1,3,0.8309,-29.5313,15.3051,1229,2.01,13.100000000000001,14.9,26,2842,-3.02,-22.8,14.8,25,-0.384,17,
C-B-1,3,0.83189,-29.5313,15.3051,1229,2.52,13.9,14.9,26,2842,-3.02,-22.8,14.8,25,-0.384,17,
C-B-1,3,0.8329,-29.5313,15.3051,1229,2.01,13.100000000000001,14.9,26,2842,-3.02,-22.8,14.8,25,-0.384,17,
C-B-1,3,0.83389,-29.5313,15.3051,1229,2.01,13.100000000000001,14.9,26,2842,-3.02,-22.8,14.8,25,-0.384,17,
C-B-1,3,0.8349,-29.5313,15.3051,1229,2.01,13.100000000000001,14.9,26,2841,-3.02,-23.6,14.8,25,-0.422,17,
C-B-1,3,0.8359,-29.5313,15.3051,1229,2.01,13.100000000000001,14.9,26,2841,-3.02,-23.6,14.8,25,-0.422,17,
C-B-1,3,0.83692,-29.5313,15.3051,1229,1.51,12.200000000000001,14.9,26,2841,-3.02,-23.6,14.8,25,-0.422,17,
C-B-1,3,0.8379,-29.4929,15.3109,1230,2.52,14.700000000000001,14.9,26,2841,-3.02,-23.6,14.8,25,-0.384,17,
C-B-1,3,0.8389,-29.5313,15.3051,1229,1.51,12.200000000000001,14.9,26,2840,-3.02,-24.400000000000002,14.8,25,-0.46,17,
C-B-1,3,0.83992,-29.5313,15.3051,1229,1.51,12.200000000000001,14.9,26,2840,-3.02,-24.400000000000002,14.8,25,-0.46,17,
C-B-1,3,0.8409,-29.4929,15.3109,1230,2.01,13.9,14.9,26,2840,-3.02,-24.400000000000002,14.8,25,-0.422,17,
C-B-1,3,0.8419,-29.4929,15.3109,1230,2.01,13.9,14.9,26,2840,-3.02,-24.400000000000002,14.8,25,-0.422,17,
C-B-1,3,0.84292,-29.4929,15.3109,1230,2.01,13.9,14.9,26,2840,-3.02,-24.400000000000002,14.8,25,-0.422,17,
C-B-1,3,0.8439,-29.4929,15.3109,1230,1.51,13.0,14.9,26,2840,-3.02,-24.400000000000002,14.8,25,-0.422,17,
C-B-1,3,0.8449,-29.4929,15.3109,1230,1.51,13.0,14.9,26,2839,-3.02,-25.200000000000003,14.8,25,-0.46,17,
C-B-1,3,0.8459,-29.4929,15.3109,1230,1.51,13.0,14.9,26,2839,-3.02,-25.200000000000003,14.8,25,-0.46,17,
C-B-1,3,0.8469,-29.4929,15.3109,1230,1.51,13.0,14.9,26,2839,-3.02,-25.200000000000003,14.8,25,-0.46,17,
C-B-1,3,0.8479,-29.4545,15.3167,1231,2.01,14.700000000000001,14.9,26,2838,-3.02,-26.0,14.8,25,-0.46,17,
C-B-1,3,0.8489,-29.4545,15.3167,1231,2.01,14.700000000000001,14.9,26,2838,-3.52,-26.900000000000002,14.8,25,-0.46,17,
C-B-1,3,0.8499,-29.4545,15.3167,1231,2.01,14.700000000000001,14.9,26,2838,-3.02,-26.0,14.8,25,-0.46,17,
C-B-1,3,0.8509,-29.4545,15.3167,1231,1.51,13.8,14.9,26,2838,-3.02,-26.0,14.8,25,-0.46,17,
C-B-1,3,0.8519,-29.4545,15.3167,1231,2.01,14.700000000000001,14.9,26,2838,-3.02,-26.0,14.8,25,-0.46,17,
C-B-1,3,0.8529,-29.4545,15.3167,1231,1.51,13.8,14.9,26,2838,-3.02,-26.0,14.8,25,-0.46,17,
C-B-1,3,0.8539,-29.4162,15.3225,1232,2.01,15.5,14.9,26,2837,-3.02,-26.8,14.8,25,-0.46,17,
C-B-1,3,0.85491,-29.4162,15.3225,1232,2.01,15.5,14.9,26,2837,-3.02,-26.8,14.8,25,-0.46,17,
C-B-1,3,0.8559,-29.4162,15.3225,1232,2.01,15.5,14.9,26,2837,-3.02,-26.8,14.8,25,-0.46,17,
C-B-1,3,0.8569,-29.4162,15.3225,1232,2.01,15.5,14.9,26,2837,-3.02,-26.8,14.8,25,-0.46,17,
C-B-1,3,0.8579,-29.4162,15.3225,1232,1.51,14.600000000000001,14.9,26,2836,-3.52,-28.5,14.8,25,-0.499,17,
C-B-1,3,0.85891,-29.4162,15.3225,1232,1.51,14.600000000000001,14.9,26,2836,-3.02,-27.6,14.8,25,-0.499,17,
C-B-1,3,0.8599,-29.4162,15.3225,1232,1.51,14.600000000000001,14.9,26,2836,-3.02,-27.6,14.8,25,-0.499,17,
C-B-1,3,0.8609,-29.4162,15.3225,1232,1.51,14.600000000000001,14.9,26,2836,-3.02,-27.6,14.8,25,-0.499,17,
C-B-1,3,0.8619,-29.4162,15.3225,1232,1.51,14.600000000000001,14.9,26,2836,-3.02,-27.6,14.8,25,-0.499,17,
C-B-1,3,0.8629,-29.4162,15.3225,1232,1.51,14.600000000000001,14.9,26,2835,-3.52,-29.3,14.8,25,-0.537,17,
C-B-1,3,0.8639,-29.4162,15.3225,1232,1.51,14.600000000000001,14.9,26,2835,-3.02,-28.400000000000002,14.8,25,-0.537,17,
C-B-1,3,0.8649,-29.3778,15.3283,1233,2.01,16.3,14.9,26,2835,-3.02,-28.400000000000002,14.8,25,-0.499,17,
C-B-1,3,0.86591,-29.3778,15.3283,1233,2.01,16.3,14.9,26,2835,-3.02,-28.400000000000002,14.8,25,-0.499,17,
C-B-1,3,0.8669,-29.4162,15.3225,1232,1.01,13.700000000000001,14.9,26,2835,-3.02,-28.400000000000002,14.8,25,-0.537,17,
C-B-1,3,0.86791,-29.4162,15.3225,1232,1.51,14.600000000000001,14.9,26,2835,-3.02,-28.400000000000002,14.8,25,-0.537,17,
C-B-1,3,0.8689,-29.3778,15.3283,1233,2.01,16.3,14.9,26,2835,-2.52,-27.5,14.8,25,-0.499,17,
C-B-1,3,0.86991,-29.3778,15.3283,1233,1.51,15.4,14.9,26,2835,-2.52,-27.5,14.8,25,-0.499,17,
C-B-1,3,0.8709,-29.4162,15.3225,1232,1.01,13.700000000000001,14.9,26,2835,-2.52,-27.5,14.8,25,-0.537,17,
C-B-1,3,0.87191,-29.3778,15.3283,1233,1.51,15.4,14.9,26,2835,-2.52,-27.5,14.8,25,-0.499,17,
C-B-1,3,0.8729,-29.3778,15.3283,1233,1.51,15.4,14.9,26,2835,-2.52,-27.5,14.8,25,-0.499,17,
C-B-1,3,0.87391,-29.3778,15.3283,1233,1.51,15.4,14.9,26,2835,-2.01,-26.700000000000003,14.8,25,-0.499,17,
C-B-1,3,0.8749,-29.3778,15.3283,1233,1.51,15.4,14.9,26,2834,-2.52,-28.3,14.8,25,-0.537,17,
C-B-1,3,0.87591,-29.3778,15.3283,1233,1.51,15.4,14.9,26,2834,-2.52,-28.3,14.8,25,-0.537,17,
C-B-1,3,0.8769,-29.3778,15.3283,1233,1.01,14.5,14.9,26,2834,-2.52,-28.3,14.8,25,-0.537,17,
C-B-1,3,0.8779,-29.3778,15.3283,1233,1.01,14.5,14.9,26,2834,-2.01,-27.5,14.8,25,-0.537,17,
C-B-1,3,0.87891,-29.3778,15.3283,1233,1.01,14.5,14.9,26,2834,-2.01,-27.5,14.8,25,-0.537,17,
C-B-1,3,0.8799,-29.4162,15.3225,1232,0.0,12.0,14.9,26,2834,-2.01,-27.5,14.8,25,-0.575,17,
C-B-1,3,0.88091,-29.3778,15.3283,1233,1.01,14.5,14.9,26,2834,-2.01,-27.5,14.8,25,-0.537,17,
C-B-1,3,0.8819,-29.3778,15.3283,1233,1.01,14.5,14.9,26,2834,-2.01,-27.5,14.8,25,-0.537,17,
C-B-1,3,0.88291,-29.3778,15.3283,1233,1.01,14.5,14.9,26,2834,-1.51,-26.6,14.8,25,-0.537,17,
C-B-1,3,0.88391,-29.3778,15.3283,1233,0.0,12.8,14.9,26,2834,-1.51,-26.6,14.8,25,-0.537,17,
C-B-1,3,0.88491,-29.3778,15.3283,1233,0.0,12.8,14.9,26,2834,-1.51,-26.6,14.8,25,-0.537,17,
C-B-1,3,0.88591,-29.3778,15.3283,1233,0.0,12.8,14.9,26,2834,-1.51,-26.6,14.8,25,-0.537,17,
C-B-1,3,0.88691,-29.3778,15.3283,1233,0.0,12.8,14.9,26,2834,-1.01,-25.700000000000003,14.8,25,-0.537,17,
C-B-1,3,0.88791,-29.3778,15.3283,1233,0.0,12.8,14.9,26,2834,-1.01,-25.700000000000003,14.8,25,-0.537,17,
C-B-1,3,0.88891,-29.3778,15.3283,1233,0.0,12.8,14.9,26,2834,-1.01,-25.700000000000003,14.8,25,-0.537,17,
C-B-1,3,0.88991,-29.3778,15.3283,1233,0.0,12.8,14.9,26,2834,-1.01,-25.700000000000003,14.8,25,-0.537,17,
C-B-1,3,0.89091,-29.3778,15.3283,1233,0.0,12.8,14.9,26,2834,-1.01,-25.700000000000003,14.8,25,-0.537,17,
C-B-1,3,0.89191,-29.3778,15.3283,1233,0.0,12.8,14.9,26,2835,0.0,-23.200000000000003,14.8,25,-0.499,17,
C-B-1,3,0.89291,-29.3778,15.3283,1233,0.0,12.8,14.9,26,2834,0.0,-24.0,14.8,25,-0.537,17,
C-B-1,3,0.89391,-29.3778,15.3283,1233,0.0,12.8,14.9,26,2834,0.0,-24.0,14.8,25,-0.537,17,
C-B-1,3,0.89491,-29.3778,15.3283,1233,0.0,12.8,14.9,26,2834,0.0,-24.0,14.8,25,-0.537,17,
C-B-1,3,0.89591,-29.3778,15.3283,1233,0.0,12.8,14.9,26,2834,0.0,-24.0,14.8,25,-0.537,17,
C-B-1,3,0.89691,-29.3778,15.3283,1233,0.0,12.8,14.9,26,2834,0.0,-24.0,14.8,25,-0.537,17,
C-B-1,3,0.89791,-29.3778,15.3283,1233,0.0,12.8,14.9,26,2834,0.0,-24.0,14.8,25,-0.537,17,
C-B-1,3,0.89891,-29.3778,15.3283,1233,0.0,12.8,14.9,26,2834,0.0,-24.0,14.8,25,-0.537,17,
C-B-1,3,0.89991,-29.3778,15.3283,1233,0.0,12.8,14.9,26,2834,0.0,-24.0,14.8,25,-0.537,17,
C-B-1,3,0.90091,-29.3778,15.3283,1233,0.0,12.8,14.9,26,2834,0.0,-24.0,14.8,25,-0.537,17,
C-B-1,3,0.90191,-29.3778,15.3283,1233,0.0,12.8,14.9,26,2834,0.0,-24.0,14.8,25,-0.537,17,
C-B-1,3,0.90292,-29.3778,15.3283,1233,0.0,12.8,14.9,26,2834,0.0,-24.0,14.8,25,-0.537,17,
C-B-1,3,0.90391,-29.3778,15.3283,1233,0.0,12.8,14.9,26,2834,0.0,-24.0,14.8,25,-0.537,17,
C-B-1,3,0.90491,-29.3778,15.3283,1233,0.0,12.8,14.9,26,2834,0.0,-24.0,14.8,25,-0.537,17,
C-B-1,3,0.90591,-29.3778,15.3283,1233,0.0,12.8,14.9,26,2835,0.0,-23.200000000000003,14.8,25,-0.499,17,
C-B-1,3,0.90691,-29.3778,15.3283,1233,0.0,12.8,14.9,26,2835,0.0,-23.200000000000003,14.8,25,-0.499,17,
C-B-1,3,0.90791,-29.3778,15.3283,1233,0.0,12.8,14.9,26,2835,0.0,-23.200000000000003,14.8,25,-0.499,17,
C-B-1,3,0.90891,-29.3778,15.3283,1233,0.0,12.8,14.9,26,2835,0.0,-23.200000000000003,14.8,25,-0.499,17,
C-B-1,3,0.90991,-29.3778,15.3283,1233,0.0,12.8,14.9,26,2835,0.0,-23.200000000000003,14.8,25,-0.499,17,
C-B-1,3,0.91091,-29.3778,15.3283,1233,0.0,12.8,14.9,26,2834,0.0,-24.0,14.8,25,-0.537,17,
C-B-1,3,0.91191,-29.3778,15.3283,1233,0.0,12.8,14.9,26,2835,0.0,-23.200000000000003,14.8,25,-0.499,17,
C-B-1,3,0.91291,-29.4162,15.3225,1232,0.0,12.0,14.9,26,2835,0.0,-23.200000000000003,14.8,25,-0.537,17,
C-B-1,3,0.91391,-29.4162,15.3225,1232,0.0,12.0,14.9,26,2834,0.0,-24.0,14.8,25,-0.575,17,
C-B-1,3,0.91492,-29.4162,15.3225,1232,0.0,12.0,14.9,26,2835,0.0,-23.200000000000003,14.8,25,-0.537,17,
C-B-1,3,0.91591,-29.3778,15.3283,1233,0.0,12.8,14.9,26,2835,0.0,-23.200000000000003,14.8,25,-0.499,17,
C-B-1,3,0.91692,-29.4162,15.3225,1232,0.0,12.0,14.9,26,2835,0.0,-23.200000000000003,14.8,25,-0.537,17,
C-B-1,3,0.91791,-29.4162,15.3225,1232,0.0,12.0,14.9,26,2835,0.0,-23.200000000000003,14.8,25,-0.537,17,
C-B-1,3,0.91892,-29.4162,15.3225,1232,0.0,12.0,14.9,26,2835,0.0,-23.200000000000003,14.8,25,-0.537,17,
C-B-1,3,0.91991,-29.4162,15.3225,1232,0.0,12.0,14.9,26,2835,0.0,-23.200000000000003,14.8,25,-0.537,17,
C-B-1,3,0.92092,-29.4162,15.3225,1232,0.0,12.0,14.9,26,2835,0.0,-23.200000000000003,14.8,25,-0.537,17,
C-B-1,3,0.92191,-29.4162,15.3225,1232,0.0,12.0,14.9,26,2835,0.0,-23.200000000000003,14.8,25,-0.537,17,
C-B-1,3,0.92292,-29.4162,15.3225,1232,0.0,12.0,14.9,26,2835,0.0,-23.200000000000003,14.8,25,-0.537,17,
C-B-1,3,0.92391,-29.4162,15.3225,1232,0.0,12.0,14.9,26,2836,1.01,-20.700000000000003,14.8,25,-0.499,17,
C-B-1,3,0.92492,-29.4162,15.3225,1232,0.0,12.0,14.9,26,2835,0.0,-23.200000000000003,14.8,25,-0.537,17,
C-B-1,3,0.92591,-29.4162,15.3225,1232,0.0,12.0,14.9,26,2836,1.01,-20.700000000000003,14.8,25,-0.499,17,
C-B-1,3,0.92692,-29.4162,15.3225,1232,0.0,12.0,14.9,26,2836,1.01,-20.700000000000003,14.8,25,-0.499,17,
C-B-1,3,0.92792,-29.4545,15.3167,1231,-1.01,9.5,14.9,26,2836,1.01,-20.700000000000003,14.8,25,-0.537,17,
C-B-1,3,0.92892,-29.4162,15.3225,1232,0.0,12.0,14.9,26,2835,0.0,-23.200000000000003,14.8,25,-0.537,17,
C-B-1,3,0.92992,-29.4162,15.3225,1232,0.0,12.0,14.9,26,2836,1.01,-20.700000000000003,14.8,25,-0.499,17,
C-B-1,3,0.93091,-29.4545,15.3167,1231,-1.01,9.5,14.9,26,2836,1.01,-20.700000000000003,14.8,25,-0.537,17,
C-B-1,3,0.93192,-29.4545,15.3167,1231,-1.01,9.5,14.9,26,2836,1.01,-20.700000000000003,14.8,25,-0.537,17,
C-B-1,3,0.93292,-29.4545,15.3167,1231,-1.01,9.5,14.9,26,2836,1.01,-20.700000000000003,14.8,25,-0.537,17,
C-B-1,3,0.93392,-29.4545,15.3167,1231,-1.01,9.5,14.9,26,2836,1.01,-20.700000000000003,14.8,25,-0.537,17,
C-B-1,3,0.93492,-29.4545,15.3167,1231,-1.01,9.5,14.9,26,2837,1.01,-19.900000000000002,14.8,25,-0.499,17,
C-B-1,3,0.93592,-29.4545,15.3167,1231,-1.01,9.5,14.9,26,2837,1.01,-19.900000000000002,14.8,25,-0.499,17,
C-B-1,3,0.93692,-29.4545,15.3167,1231,-1.01,9.5,14.9,26,2836,0.0,-22.400000000000002,14.8,25,-0.537,17,
C-B-1,3,0.93792,-29.4545,15.3167,1231,-1.01,9.5,14.9,26,2837,1.01,-19.900000000000002,14.8,25,-0.499,17,
C-B-1,3,0.93892,-29.4545,15.3167,1231,-1.01,9.5,14.9,26,2837,1.01,-19.900000000000002,14.8,25,-0.499,17,
C-B-1,3,0.93992,-29.4929,15.3109,1230,-1.51,7.800000000000001,14.9,26,2837,1.51,-19.0,14.8,25,-0.537,17,
C-B-1,3,0.94092,-29.4545,15.3167,1231,-1.01,9.5,14.9,26,2837,1.01,-19.900000000000002,14.8,25,-0.499,17,
C-B-1,3,0.94192,-29.4929,15.3109,1230,-1.51,7.800000000000001,14.9,26,2837,1.01,-19.900000000000002,14.8,25,-0.537,17,
C-B-1,3,0.94292,-29.4929,15.3109,1230,-1.01,8.700000000000001,14.9,26,2837,1.51,-19.0,14.8,25,-0.537,17,
C-B-1,3,0.94392,-29.4929,15.3109,1230,-1.01,8.700000000000001,14.9,26,2837,1.01,-19.900000000000002,14.8,25,-0.537,17,
C-B-1,3,0.94492,-29.4929,15.3109,1230,-1.51,7.800000000000001,14.9,26,2837,1.01,-19.900000000000002,14.8,25,-0.537,17,
C-B-1,3,0.94592,-29.4929,15.3109,1230,-1.01,8.700000000000001,14.9,26,2838,1.51,-18.2,14.8,25,-0.499,17,
C-B-1,3,0.94692,-29.4929,15.3109,1230,-1.01,8.700000000000001,14.9,26,2838,1.51,-18.2,14.8,25,-0.499,17,
C-B-1,3,0.94792,-29.4929,15.3109,1230,-1.01,8.700000000000001,14.9,26,2838,1.51,-18.2,14.8,25,-0.499,17,
C-B-1,3,0.94892,-29.4929,15.3109,1230,-1.01,8.700000000000001,14.9,26,2838,1.51,-18.2,14.8,25,-0.499,17,
C-B-1,3,0.94992,-29.4929,15.3109,1230,-1.01,8.700000000000001,14.9,26,2838,1.51,-18.2,14.8,25,-0.499,17,
C-B-1,3,0.95092,-29.4929,15.3109,1230,-1.01,8.700000000000001,14.9,26,2838,1.51,-18.2,14.8,25,-0.499,17,
C-B-1,3,0.95192,-29.4929,15.3109,1230,-1.01,8.700000000000001,14.9,26,2838,1.51,-18.2,14.8,25,-0.499,17,
C-B-1,3,0.95292,-29.4929,15.3109,1230,-1.01,8.700000000000001,14.9,26,2839,1.51,-17.400000000000002,14.8,25,-0.46,17,
C-B-1,3,0.95392,-29.4929,15.3109,1230,-1.01,8.700000000000001,14.9,26,2839,2.01,-16.5,14.8,25,-0.46,17,
C-B-1,3,0.95492,-29.4929,15.3109,1230,-1.01,8.700000000000001,14.9,26,2839,1.51,-17.400000000000002,14.8,25,-0.46,17,
C-B-1,3,0.95593,-29.4929,15.3109,1230,-1.01,8.700000000000001,14.9,26,2839,1.51,-17.400000000000002,14.8,25,-0.46,17,
C-B-1,3,0.95692,-29.5313,15.3051,1229,-1.01,7.9,14.9,26,2839,1.51,-17.400000000000002,14.8,25,-0.499,17,
C-B-1,3,0.95793,-29.4929,15.3109,1230,-1.01,8.700000000000001,14.9,26,2839,1.51,-17.400000000000002,14.8,25,-0.46,17,
C-B-1,3,0.95892,-29.5313,15.3051,1229,-1.51,7.0,14.9,26,2839,2.01,-16.5,14.8,25,-0.499,17,
C-B-1,3,0.95993,-29.5313,15.3051,1229,-1.01,7.9,14.9,26,2840,2.01,-15.700000000000001,14.8,25,-0.46,17,
C-B-1,3,0.96092,-29.5313,15.3051,1229,-1.01,7.9,14.9,26,2840,2.01,-15.700000000000001,14.8,25,-0.46,17,
C-B-1,3,0.96192,-29.5313,15.3051,1229,-1.01,7.9,14.9,26,2840,2.01,-15.700000000000001,14.8,25,-0.46,17,
C-B-1,3,0.96293,-29.5313,15.3051,1229,-1.01,7.9,14.9,26,2840,2.01,-15.700000000000001,14.8,25,-0.46,17,
C-B-1,3,0.96392,-29.5313,15.3051,1229,-1.01,7.9,14.9,26,2840,1.51,-16.6,14.8,25,-0.46,17,
C-B-1,3,0.96493,-29.5313,15.3051,1229,-1.01,7.9,14.9,26,2840,1.51,-16.6,14.8,25,-0.46,17,
C-B-1,3,0.96592,-29.5313,15.3051,1229,-1.01,7.9,14.9,26,2841,2.52,-14.100000000000001,14.8,25,-0.422,17,
C-B-1,3,0.96693,-29.5313,15.3051,1229,-1.01,7.9,14.9,26,2841,2.01,-14.9,14.8,25,-0.422,17,
C-B-1,3,0.96792,-29.5313,15.3051,1229,-1.01,7.9,14.9,26,2841,2.01,-14.9,14.8,25,-0.422,17,
C-B-1,3,0.96893,-29.5313,15.3051,1229,0.0,9.600000000000001,14.9,26,2841,2.01,-14.9,14.8,25,-0.422,17,
C-B-1,3,0.96992,-29.5313,15.3051,1229,-1.01,7.9,14.9,26,2841,2.01,-14.9,14.8,25,-0.422,17,
C-B-1,3,0.97093,-29.5313,15.3051,1229,0.0,9.600000000000001,14.9,26,2841,2.01,-14.9,14.8,25,-0.422,17,
C-B-1,3,0.97193,-29.5313,15.3051,1229,-1.01,7.9,14.9,26,2841,2.01,-14.9,14.8,25,-0.422,17,
C-B-1,3,0.97293,-29.5696,15.2993,1228,-1.01,7.1000000000000005,14.9,26,2841,2.01,-14.9,14.8,25,-0.46,17,
C-B-1,3,0.97393,-29.5313,15.3051,1229,0.0,9.600000000000001,14.9,26,2841,2.01,-14.9,14.8,25,-0.422,17,
C-B-1,3,0.97493,-29.5696,15.2993,1228,-1.01,7.1000000000000005,14.9,26,2842,2.01,-14.100000000000001,14.8,25,-0.422,17,
C-B-1,3,0.97593,-29.5696,15.2993,1228,-1.01,7.1000000000000005,14.9,26,2842,2.01,-14.100000000000001,14.8,25,-0.422,17,
C-B-1,3,0.97693,-29.5696,15.2993,1228,-1.01,7.1000000000000005,14.9,26,2842,2.01,-14.100000000000001,14.8,25,-0.422,17,
C-B-1,3,0.97793,-29.5696,15.2993,1228,-1.01,7.1000000000000005,14.9,26,2842,2.01,-14.100000000000001,14.8,25,-0.422,17,
C-B-1,3,0.97893,-29.5696,15.2993,1228,-1.01,7.1000000000000005,14.9,26,2842,2.01,-14.100000000000001,14.8,25,-0.422,17,
C-B-1,3,0.97993,-29.5696,15.2993,1228,-1.01,7.1000000000000005,14.9,26,2842,2.01,-14.100000000000001,14.8,25,-0.422,17,
C-B-1,3,0.98093,-29.5696,15.2993,1228,-1.01,7.1000000000000005,14.9,26,2842,2.01,-14.100000000000001,14.8,25,-0.422,17,
C-B-1,3,0.98193,-29.5696,15.2993,1228,-1.01,7.1000000000000005,14.9,26,2842,1.51,-15.0,14.8,25,-0.422,17,
C-B-1,3,0.98293,-29.5696,15.2993,1228,-1.01,7.1000000000000005,14.9,26,2842,1.51,-15.0,14.8,25,-0.422,17,
C-B-1,3,0.98393,-29.5696,15.2993,1228,-1.01,7.1000000000000005,14.9,26,2842,1.51,-15.0,14.8,25,-0.422,17,
C-B-1,3,0.98493,-29.5696,15.2993,1228,-1.01,7.1000000000000005,14.9,26,2843,2.01,-13.3,14.8,25,-0.384,17,
C-B-1,3,0.98594,-29.5696,15.2993,1228,0.0,8.8,14.9,26,2842,1.51,-15.0,14.8,25,-0.422,17,
C-B-1,3,0.98693,-29.5696,15.2993,1228,-1.01,7.1000000000000005,14.9,26,2843,2.01,-13.3,14.8,25,-0.384,17,
C-B-1,3,0.98793,-29.5696,15.2993,1228,0.0,8.8,14.9,26,2843,1.51,-14.200000000000001,14.8,25,-0.384,17,
C-B-1,3,0.98894,-29.5696,15.2993,1228,0.0,8.8,14.9,26,2843,1.51,-14.200000000000001,14.8,25,-0.384,17,
C-B-1,3,0.98993,-29.608,15.2935,1227,-1.01,6.300000000000001,14.9,26,2843,1.51,-14.200000000000001,14.8,25,-0.422,17,
C-B-1,3,0.99093,-29.5696,15.2993,1228,0.0,8.8,14.9,26,2843,1.51,-14.200000000000001,14.8,25,-0.384,17,
C-B-1,3,0.99193,-29.608,15.2935,1227,-1.01,6.300000000000001,14.9,26,2843,1.51,-14.200000000000001,14.8,25,-0.422,17,
C-B-1,3,0.99293,-29.608,15.2935,1227,-1.01,6.300000000000001,14.9,26,2843,1.51,-14.200000000000001,14.8,25,-0.422,17,
C-B-1,3,0.99393,-29.608,15.2935,1227,-1.01,6.300000000000001,14.9,26,2843,1.51,-14.200000000000001,14.8,25,-0.422,17,
C-B-1,3,0.99493,-29.608,15.2935,1227,-1.01,6.300000000000001,14.9,26,2843,1.01,-15.100000000000001,14.8,25,-0.422,17,
C-B-1,3,0.99593,-29.608,15.2935,1227,-1.01,6.300000000000001,14.9,26,2843,1.01,-15.100000000000001,14.8,25,-0.422,17,
C-B-1,3,0.99694,-29.5696,15.2993,1228,0.0,8.8,14.9,26,2843,1.01,-15.100000000000001,14.8,25,-0.384,17,
C-B-1,3,0.99793,-29.5696,15.2993,1228,0.0,8.8,14.9,26,2843,1.01,-15.100000000000001,14.8,25,-0.384,17,
C-B-1,3,0.99894,-29.608,15.2935,1227,-1.01,6.300000000000001,14.9,26,2843,1.01,-15.100000000000001,14.8,25,-0.422,17,
C-B-1,3,0.99993,-29.5696,15.2993,1228,0.0,8.8,14.9,26,2844,1.51,-13.4,14.8,25,-0.345,17,
C-B-1,3,1.00093,-29.608,15.2935,1227,-1.01,6.300000000000001,14.9,26,2843,1.01,-15.100000000000001,14.8,25,-0.422,17,
C-B-1,3,1.00194,-29.608,15.2935,1227,-1.01,6.300000000000001,14.9,26,2843,1.01,-15.100000000000001,14.8,25,-0.422,17,
C-B-1,3,1.00293,-29.608,15.2935,1227,-1.01,6.300000000000001,14.9,26,2843,1.01,-15.100000000000001,14.8,25,-0.422,17,
C-B-1,3,1.00394,-29.608,15.2935,1227,0.0,8.0,14.9,26,2843,0.0,-16.8,14.8,25,-0.422,17,
C-B-1,3,1.00493,-29.608,15.2935,1227,0.0,8.0,14.9,26,2843,0.0,-16.8,14.8,25,-0.422,17,
C-B-1,3,1.00594,-29.608,15.2935,1227,0.0,8.0,14.9,26,2843,0.0,-16.8,14.8,25,-0.422,17,
C-B-1,3,1.00693,-29.5696,15.2993,1228,0.0,8.8,14.9,26,2843,0.0,-16.8,14.8,25,-0.384,17,
C-B-1,3,1.00794,-29.608,15.2935,1227,0.0,8.0,14.9,26,2843,0.0,-16.8,14.8,25,-0.422,17,
C-B-1,3,1.00893,-29.608,15.2935,1227,0.0,8.0,14.9,26,2843,0.0,-16.8,14.8,25,-0.422,17,
C-B-1,3,1.00994,-29.608,15.2935,1227,0.0,8.0,14.9,26,2843,0.0,-16.8,14.8,25,-0.422,17,
C-B-1,3,1.01093,-29.608,15.2935,1227,0.0,8.0,14.9,26,2843,0.0,-16.8,14.8,25,-0.422,17,
C-B-1,3,1.01194,-29.608,15.2935,1227,0.0,8.0,14.9,26,2843,0.0,-16.8,14.8,25,-0.422,17,
C-B-1,3,1.01293,-29.608,15.2935,1227,0.0,8.0,14.9,26,2843,0.0,-16.8,14.8,25,-0.422,17,
C-B-1,3,1.01394,-29.608,15.2935,1227,0.0,8.0,14.9,26,2843,0.0,-16.8,14.8,25,-0.422,17,
C-B-1,3,1.01494,-29.608,15.2935,1227,0.0,8.0,14.9,26,2843,0.0,-16.8,14.8,25,-0.422,17,
C-B-1,3,1.01593,-29.608,15.2935,1227,0.0,8.0,14.9,26,2843,0.0,-16.8,14.8,25,-0.422,17,
C-B-1,3,1.01694,-29.608,15.2935,1227,0.0,8.0,14.9,26,2843,0.0,-16.8,14.8,25,-0.422,17,
C-B-1,3,1.01793,-29.608,15.2935,1227,0.0,8.0,14.9,26,2843,0.0,-16.8,14.8,25,-0.422,17,
C-B-1,3,1.01894,-29.608,15.2935,1227,0.0,8.0,14.9,26,2844,0.0,-16.0,14.8,25,-0.384,17,
C-B-1,3,1.01993,-29.608,15.2935,1227,0.0,8.0,14.9,26,2843,0.0,-16.8,14.8,25,-0.422,17,
C-B-1,3,1.02094,-29.5696,15.2993,1228,0.0,8.8,14.9,26,2843,0.0,-16.8,14.8,25,-0.384,17,
C-B-1,3,1.02194,-29.608,15.2935,1227,0.0,8.0,14.9,26,2843,0.0,-16.8,14.8,25,-0.422,17,
C-B-1,3,1.02294,-29.608,15.2935,1227,0.0,8.0,14.9,26,2843,0.0,-16.8,14.8,25,-0.422,17,
C-B-1,3,1.02394,-29.5696,15.2993,1228,0.0,8.8,14.9,26,2843,0.0,-16.8,14.8,25,-0.384,17,
C-B-1,3,1.02494,-29.5696,15.2993,1228,0.0,8.8,14.9,26,2843,0.0,-16.8,14.8,25,-0.384,17,
C-B-1,3,1.02594,-29.5696,15.2993,1228,0.0,8.8,14.9,26,2843,0.0,-16.8,14.8,25,-0.384,17,
C-B-1,3,1.02694,-29.5696,15.2993,1228,0.0,8.8,14.9,26,2843,0.0,-16.8,14.8,25,-0.384,17,
C-B-1,3,1.02794,-29.5696,15.2993,1228,0.0,8.8,14.9,26,2843,0.0,-16.8,14.8,25,-0.384,17,
C-B-1,3,1.02894,-29.5696,15.2993,1228,0.0,8.8,14.9,26,2843,0.0,-16.8,14.8,25,-0.384,17,
C-B-1,3,1.02994,-29.5696,15.2993,1228,0.0,8.8,14.9,26,2843,0.0,-16.8,14.8,25,-0.384,17,
C-B-1,3,1.03094,-29.5696,15.2993,1228,0.0,8.8,14.9,26,2842,0.0,-17.6,14.8,25,-0.422,17,
C-B-1,3,1.03194,-29.5696,15.2993,1228,0.0,8.8,14.9,26,2842,0.0,-17.6,14.8,25,-0.422,17,
C-B-1,3,1.03294,-29.5696,15.2993,1228,0.0,8.8,15.0,26,2842,0.0,-17.6,14.8,25,-0.422,17,
C-B-1,3,1.03394,-29.5696,15.2993,1228,0.0,8.8,15.0,26,2843,0.0,-16.8,14.8,25,-0.384,17,
C-B-1,3,1.03494,-29.5696,15.2993,1228,0.0,8.8,15.0,26,2842,0.0,-17.6,14.8,25,-0.422,17,
C-B-1,3,1.03594,-29.5696,15.2993,1228,0.0,8.8,15.0,26,2842,0.0,-17.6,14.8,25,-0.422,17,
C-B-1,3,1.03694,-29.5696,15.2993,1228,0.0,8.8,15.0,26,2842,0.0,-17.6,14.8,25,-0.422,17,
C-B-1,3,1.03794,-29.5696,15.2993,1228,0.0,8.8,15.0,26,2842,0.0,-17.6,14.8,25,-0.422,17,
C-B-1,3,1.03894,-29.5696,15.2993,1228,0.0,8.8,15.0,26,2842,0.0,-17.6,14.8,25,-0.422,17,
C-B-1,3,1.03995,-29.5313,15.3051,1229,1.01,11.3,15.0,26,2842,0.0,-17.6,14.8,25,-0.384,17,
C-B-1,3,1.04094,-29.5313,15.3051,1229,1.01,11.3,15.0,26,2842,0.0,-17.6,14.8,25,-0.384,17,
C-B-1,3,1.04194,-29.5313,15.3051,1229,1.01,11.3,15.0,26,2842,0.0,-17.6,14.8,25,-0.384,17,
C-B-1,3,1.04294,-29.5313,15.3051,1229,1.01,11.3,15.0,26,2842,0.0,-17.6,14.8,25,-0.384,17,
C-B-1,3,1.04394,-29.5313,15.3051,1229,1.01,11.3,15.0,26,2841,-1.01,-20.1,14.8,25,-0.422,17,
C-B-1,3,1.04494,-29.5313,15.3051,1229,1.01,11.3,15.0,26,2842,0.0,-17.6,14.8,25,-0.384,17,
C-B-1,3,1.04594,-29.5313,15.3051,1229,1.01,11.3,15.0,26,2841,-1.01,-20.1,14.8,25,-0.422,17,
C-B-1,3,1.04694,-29.5313,15.3051,1229,1.01,11.3,15.0,26,2841,-1.01,-20.1,14.8,25,-0.422,17,
C-B-1,3,1.04795,-29.5313,15.3051,1229,1.01,11.3,15.0,26,2841,-1.51,-21.0,14.8,25,-0.422,17,
C-B-1,3,1.04894,-29.5313,15.3051,1229,1.01,11.3,15.0,26,2841,-1.01,-20.1,14.8,25,-0.422,17,
C-B-1,3,1.04995,-29.5313,15.3051,1229,0.0,9.600000000000001,15.0,26,2841,-1.01,-20.1,14.8,25,-0.422,17,
C-B-1,3,1.05094,-29.5313,15.3051,1229,1.01,11.3,15.0,26,2841,-1.01,-20.1,14.8,25,-0.422,17,
C-B-1,3,1.05195,-29.5313,15.3051,1229,1.01,11.3,15.0,26,2841,-1.01,-20.1,14.8,25,-0.422,17,
C-B-1,3,1.05294,-29.5313,15.3051,1229,0.0,9.600000000000001,15.0,26,2841,-1.01,-20.1,14.8,25,-0.422,17,
C-B-1,3,1.05395,-29.4929,15.3109,1230,1.51,13.0,15.0,26,2841,-1.01,-20.1,14.8,25,-0.384,17,
C-B-1,3,1.05494,-29.4929,15.3109,1230,1.01,12.100000000000001,15.0,26,2841,-1.01,-20.1,14.8,25,-0.384,17,
C-B-1,3,1.05595,-29.5313,15.3051,1229,0.0,9.600000000000001,15.0,26,2840,-1.51,-21.8,14.8,25,-0.46,17,
C-B-1,3,1.05694,-29.4929,15.3109,1230,1.01,12.100000000000001,15.0,26,2840,-1.51,-21.8,14.8,25,-0.422,17,
C-B-1,3,1.05795,-29.4929,15.3109,1230,1.01,12.100000000000001,15.0,26,2840,-1.51,-21.8,14.8,25,-0.422,17,
C-B-1,3,1.05894,-29.4929,15.3109,1230,1.01,12.100000000000001,15.0,26,2840,-1.51,-21.8,14.8,25,-0.422,17,
C-B-1,3,1.05995,-29.4929,15.3109,1230,1.01,12.100000000000001,15.0,26,2840,-1.51,-21.8,14.8,25,-0.422,17,
C-B-1,3,1.06094,-29.4929,15.3109,1230,1.01,12.100000000000001,15.0,26,2840,-1.01,-20.900000000000002,14.8,25,-0.422,17,
C-B-1,3,1.06194,-29.4929,15.3109,1230,1.01,12.100000000000001,15.0,26,2840,-1.01,-20.900000000000002,14.8,25,-0.422,17,
C-B-1,3,1.06295,-29.4929,15.3109,1230,1.01,12.100000000000001,15.0,26,2840,-1.51,-21.8,14.8,25,-0.422,17,
C-B-1,3,1.06395,-29.4929,15.3109,1230,1.01,12.100000000000001,15.0,26,2840,-1.01,-20.900000000000002,14.8,25,-0.422,17,
C-B-1,3,1.06495,-29.4929,15.3109,1230,1.01,12.100000000000001,15.0,26,2840,-1.01,-20.900000000000002,14.8,25,-0.422,17,
C-B-1,3,1.06595,-29.4929,15.3109,1230,1.01,12.100000000000001,15.0,26,2839,-1.51,-22.6,14.8,25,-0.46,17,
C-B-1,3,1.06694,-29.4929,15.3109,1230,1.01,12.100000000000001,15.0,26,2839,-1.51,-22.6,14.8,25,-0.46,17,
C-B-1,3,1.06793,-29.4929,15.3109,1230,1.01,12.100000000000001,15.0,26,2839,-1.51,-22.6,14.8,25,-0.46,17,
C-B-1,3,1.06895,-29.4929,15.3109,1230,0.0,10.4,15.0,26,2840,-1.01,-20.900000000000002,14.8,25,-0.422,17,
C-B-1,3,1.06993,-29.4929,15.3109,1230,0.0,10.4,15.0,26,2839,-1.51,-22.6,14.8,25,-0.46,17,
C-B-1,3,1.07095,-29.4929,15.3109,1230,0.0,10.4,15.0,26,2839,-1.51,-22.6,14.8,25,-0.46,17,
C-B-1,3,1.07193,-29.4929,15.3109,1230,0.0,10.4,15.0,26,2839,-1.51,-22.6,14.8,25,-0.46,17,
C-B-1,3,1.07295,-29.4545,15.3167,1231,1.01,12.9,15.0,26,2839,-1.01,-21.700000000000003,14.8,25,-0.422,17,
C-B-1,3,1.07393,-29.4929,15.3109,1230,0.0,10.4,15.0,26,2839,-1.51,-22.6,14.8,25,-0.46,17,
C-B-1,3,1.07495,-29.4929,15.3109,1230,0.0,10.4,15.0,26,2839,-1.01,-21.700000000000003,14.8,25,-0.46,17,
C-B-1,3,1.07593,-29.4545,15.3167,1231,1.01,12.9,15.0,26,2839,-1.01,-21.700000000000003,14.8,25,-0.422,17,
C-B-1,3,1.07695,-29.4545,15.3167,1231,1.01,12.9,15.0,26,2839,-1.01,-21.700000000000003,14.8,25,-0.422,17,
C-B-1,3,1.07795,-29.4545,15.3167,1231,1.01,12.9,15.0,26,2839,-1.01,-21.700000000000003,14.8,25,-0.422,17,
C-B-1,3,1.07895,-29.4545,15.3167,1231,1.01,12.9,15.0,26,2838,-1.51,-23.400000000000002,14.8,25,-0.46,17,
C-B-1,3,1.07993,-29.4545,15.3167,1231,1.01,12.9,15.0,26,2839,-1.01,-21.700000000000003,14.8,25,-0.422,17,
C-B-1,3,1.08095,-29.4545,15.3167,1231,1.01,12.9,15.0,26,2839,-1.01,-21.700000000000003,14.8,25,-0.422,17,
C-B-1,3,1.08193,-29.4545,15.3167,1231,1.01,12.9,15.0,26,2838,-1.51,-23.400000000000002,14.8,25,-0.46,17,
C-B-1,3,1.08295,-29.4545,15.3167,1231,0.0,11.200000000000001,15.0,26,2838,-1.51,-23.400000000000002,14.8,25,-0.46,17,
C-B-1,3,1.08393,-29.4545,15.3167,1231,1.01,12.9,15.0,26,2838,-1.51,-23.400000000000002,14.8,25,-0.46,17,
C-B-1,3,1.08495,-29.4545,15.3167,1231,0.0,11.200000000000001,15.0,26,2838,-1.01,-22.5,14.8,25,-0.46,17,
C-B-1,3,1.08593,-29.4545,15.3167,1231,0.0,11.200000000000001,15.0,26,2838,-1.01,-22.5,14.8,25,-0.46,17,
C-B-1,3,1.08695,-29.4545,15.3167,1231,0.0,11.200000000000001,15.0,26,2838,-1.01,-22.5,14.8,25,-0.46,17,
C-B-1,3,1.08795,-29.4545,15.3167,1231,0.0,11.200000000000001,15.0,26,2838,-1.01,-22.5,14.8,25,-0.46,17,
C-B-1,3,1.08893,-29.4162,15.3225,1232,1.01,13.700000000000001,15.0,26,2838,-1.01,-22.5,14.8,25,-0.422,17,
C-B-1,3,1.08995,-29.4162,15.3225,1232,1.01,13.700000000000001,15.0,26,2838,-1.01,-22.5,14.8,25,-0.422,17,
C-B-1,3,1.09093,-29.4545,15.3167,1231,0.0,11.200000000000001,15.0,26,2838,-1.01,-22.5,14.8,25,-0.46,17,
C-B-1,3,1.09195,-29.4545,15.3167,1231,0.0,11.200000000000001,15.0,26,2838,-1.01,-22.5,14.8,25,-0.46,17,
C-B-1,3,1.09293,-29.4162,15.3225,1232,0.0,11.200000000000001,15.0,26,2837,-1.51,-24.200000000000003,14.8,25,-0.46,17,
C-B-1,3,1.09395,-29.4545,15.3167,1231,0.0,11.200000000000001,15.0,26,2837,-1.51,-24.200000000000003,14.8,25,-0.499,17,
C-B-1,3,1.09493,-29.4545,15.3167,1231,1.01,13.700000000000001,15.0,26,2837,-1.01,-23.3,14.8,25,-0.499,17,
C-B-1,3,1.09595,-29.4162,15.3225,1232,1.01,13.700000000000001,15.0,26,2837,-1.01,-23.3,14.8,25,-0.46,17,
C-B-1,3,1.09695,-29.4545,15.3167,1231,1.01,13.700000000000001,15.0,26,2838,0.0,-20.8,14.8,25,-0.46,17,
C-B-1,3,1.09794,-29.4162,15.3225,1232,1.01,13.700000000000001,15.0,26,2837,-1.51,-24.200000000000003,14.8,25,-0.46,17,
C-B-1,3,1.09895,-29.4545,15.3167,1231,0.0,11.200000000000001,15.0,26,2837,-1.01,-23.3,14.8,25,-0.499,17,
C-B-1,3,1.09993,-29.4162,15.3225,1232,1.01,13.700000000000001,15.0,26,2837,-1.01,-23.3,14.8,25,-0.46,17,
C-B-1,3,1.10095,-29.4545,15.3167,1231,0.0,11.200000000000001,15.0,26,2837,-1.01,-23.3,14.8,25,-0.499,17,
C-B-1,3,1.10194,-29.4545,15.3167,1231,0.0,11.200000000000001,15.0,26,2837,-1.01,-23.3,14.8,25,-0.499,17,
C-B-1,3,1.10295,-29.4545,15.3167,1231,0.0,11.200000000000001,15.0,26,2837,-1.01,-23.3,14.8,25,-0.499,17,
C-B-1,3,1.10394,-29.4162,15.3225,1232,1.01,13.700000000000001,15.0,26,2837,-1.01,-23.3,14.8,25,-0.46,17,
C-B-1,3,1.10495,-29.4545,15.3167,1231,0.0,11.200000000000001,15.0,26,2837,-1.01,-23.3,14.8,25,-0.499,17,
C-B-1,3,1.10594,-29.4162,15.3225,1232,0.0,12.0,15.0,26,2837,-1.01,-23.3,14.8,25,-0.46,17,
C-B-1,3,1.10695,-29.4545,15.3167,1231,0.0,11.200000000000001,15.0,26,2837,-1.01,-23.3,14.8,25,-0.499,17,
C-B-1,3,1.10795,-29.4162,15.3225,1232,0.0,12.0,15.0,26,2837,0.0,-21.6,14.8,25,-0.46,17,
C-B-1,3,1.10894,-29.4162,15.3225,1232,0.0,12.0,15.0,26,2837,-1.01,-23.3,14.8,25,-0.46,17,
C-B-1,3,1.10995,-29.4162,15.3225,1232,0.0,12.0,15.0,26,2837,-1.01,-23.3,14.8,25,-0.46,17,
C-B-1,3,1.11094,-29.4162,15.3225,1232,0.0,12.0,15.0,26,2837,0.0,-21.6,14.8,25,-0.46,17,
C-B-1,3,1.11195,-29.4162,15.3225,1232,0.0,12.0,15.0,26,2837,0.0,-21.6,14.8,25,-0.46,17,
C-B-1,3,1.11294,-29.4162,15.3225,1232,0.0,12.0,15.0,26,2837,0.0,-21.6,14.8,25,-0.46,17,
C-B-1,3,1.11396,-29.4545,15.3167,1231,0.0,11.200000000000001,15.0,26,2837,0.0,-21.6,14.8,25,-0.499,17,
C-B-1,3,1.11494,-29.4162,15.3225,1232,0.0,12.0,15.0,26,2837,0.0,-21.6,14.8,25,-0.46,17,
C-B-1,3,1.11596,-29.4162,15.3225,1232,0.0,12.0,15.0,26,2836,-1.01,-24.1,14.8,25,-0.499,17,
C-B-1,3,1.11694,-29.4162,15.3225,1232,0.0,12.0,15.0,26,2837,0.0,-21.6,14.8,25,-0.46,17,
C-B-1,3,1.11796,-29.4162,15.3225,1232,0.0,12.0,15.0,26,2837,0.0,-21.6,14.8,25,-0.46,17,
C-B-1,3,1.11894,-29.4162,15.3225,1232,0.0,12.0,15.0,26,2837,0.0,-21.6,14.8,25,-0.46,17,
C-B-1,3,1.11996,-29.4162,15.3225,1232,0.0,12.0,15.0,26,2837,0.0,-21.6,14.8,25,-0.46,17,
C-B-1,3,1.12094,-29.4162,15.3225,1232,0.0,12.0,15.0,26,2837,0.0,-21.6,14.8,25,-0.46,17,
C-B-1,3,1.12194,-29.4162,15.3225,1232,0.0,12.0,15.0,26,2837,0.0,-21.6,14.8,25,-0.46,17,
C-B-1,3,1.12294,-29.4162,15.3225,1232,0.0,12.0,15.0,26,2837,0.0,-21.6,14.8,25,-0.46,17,
C-B-1,3,1.12394,-29.4162,15.3225,1232,0.0,12.0,15.0,26,2837,0.0,-21.6,14.8,25,-0.46,17,
C-B-1,3,1.12494,-29.4162,15.3225,1232,0.0,12.0,15.0,26,2837,0.0,-21.6,14.8,25,-0.46,17,
C-B-1,3,1.12594,-29.4162,15.3225,1232,0.0,12.0,15.0,26,2837,0.0,-21.6,14.8,25,-0.46,17,
C-B-1,3,1.12694,-29.4162,15.3225,1232,0.0,12.0,15.0,26,2837,0.0,-21.6,14.8,25,-0.46,17,
C-B-1,3,1.12794,-29.4162,15.3225,1232,0.0,12.0,15.0,26,2837,0.0,-21.6,14.8,25,-0.46,17,
C-B-1,3,1.12894,-29.4162,15.3225,1232,0.0,12.0,15.0,26,2837,0.0,-21.6,14.8,25,-0.46,17,
C-B-1,3,1.12994,-29.4162,15.3225,1232,0.0,12.0,15.0,26,2837,0.0,-21.6,14.8,25,-0.46,17,
C-B-1,3,1.13094,-29.4162,15.3225,1232,0.0,12.0,15.0,26,2837,0.0,-21.6,14.8,25,-0.46,17,
C-B-1,3,1.13194,-29.4545,15.3167,1231,0.0,11.200000000000001,15.0,26,2837,0.0,-21.6,14.8,25,-0.499,17,
C-B-1,3,1.13294,-29.4162,15.3225,1232,0.0,12.0,15.0,26,2837,0.0,-21.6,14.8,25,-0.46,17,
C-B-1,3,1.13394,-29.4162,15.3225,1232,0.0,12.0,15.0,26,2837,0.0,-21.6,14.8,25,-0.46,17,
C-B-1,3,1.13494,-29.4162,15.3225,1232,0.0,12.0,15.0,26,2837,0.0,-21.6,14.8,25,-0.46,17,
C-B-1,3,1.13594,-29.4162,15.3225,1232,0.0,12.0,15.0,26,2837,0.0,-21.6,14.8,25,-0.46,17,
C-B-1,3,1.13694,-29.4162,15.3225,1232,0.0,12.0,15.0,26,2837,0.0,-21.6,14.8,25,-0.46,17,
C-B-1,3,1.13794,-29.4162,15.3225,1232,0.0,12.0,15.0,26,2837,0.0,-21.6,14.8,25,-0.46,17,
C-B-1,3,1.13894,-29.4162,15.3225,1232,0.0,12.0,15.0,26,2837,0.0,-21.6,14.8,25,-0.46,17,
C-B-1,3,1.13994,-29.4162,15.3225,1232,0.0,12.0,15.0,26,2837,0.0,-21.6,14.8,25,-0.46,17,
C-B-1,3,1.14094,-29.4545,15.3167,1231,0.0,11.200000000000001,15.0,26,2837,0.0,-21.6,14.8,25,-0.499,17,
C-B-1,3,1.14194,-29.4162,15.3225,1232,0.0,12.0,15.0,26,2837,0.0,-21.6,14.8,25,-0.46,17,
C-B-1,3,1.14294,-29.4545,15.3167,1231,0.0,11.200000000000001,15.0,26,2837,0.0,-21.6,14.8,25,-0.499,17,
C-B-1,3,1.14394,-29.4162,15.3225,1232,0.0,12.0,15.0,26,2837,0.0,-21.6,14.8,25,-0.46,17,
C-B-1,3,1.14494,-29.4162,15.3225,1232,0.0,12.0,15.0,26,2837,0.0,-21.6,14.8,25,-0.46,17,
C-B-1,3,1.14595,-29.4162,15.3225,1232,0.0,12.0,15.0,26,2837,0.0,-21.6,14.8,25,-0.46,17,
C-B-1,3,1.14694,-29.4545,15.3167,1231,0.0,11.200000000000001,15.0,26,2837,0.0,-21.6,14.8,25,-0.499,17,
C-B-1,3,1.14794,-29.4545,15.3167,1231,0.0,11.200000000000001,15.0,26,2837,0.0,-21.6,14.8,25,-0.499,17,
C-B-1,3,1.14894,-29.4545,15.3167,1231,0.0,11.200000000000001,14.8,26,2837,0.0,-21.6,15.1,25,-0.499,17,
C-B-1,3,1.14995,-29.4545,15.3167,1231,0.0,11.200000000000001,14.8,26,2838,0.0,-20.8,15.1,25,-0.46,17,
C-B-1,3,1.15094,-29.4545,15.3167,1231,0.0,11.200000000000001,14.8,26,2837,0.0,-21.6,15.1,25,-0.499,17,
C-B-1,3,1.15195,-29.4545,15.3167,1231,0.0,11.200000000000001,14.8,26,2837,0.0,-21.6,15.1,25,-0.499,17,
C-B-1,3,1.15294,-29.4545,15.3167,1231,0.0,11.200000000000001,14.8,26,2837,0.0,-21.6,15.1,25,-0.499,17,
C-B-1,3,1.15395,-29.4545,15.3167,1231,0.0,11.200000000000001,14.8,26,2838,0.0,-20.8,15.1,25,-0.46,17,
C-B-1,3,1.15494,-29.4545,15.3167,1231,0.0,11.200000000000001,14.8,26,2838,0.0,-20.8,15.1,25,-0.46,17,
C-B-1,3,1.15594,-29.4545,15.3167,1231,0.0,11.200000000000001,14.8,26,2838,0.0,-20.8,15.1,25,-0.46,17,
C-B-1,3,1.15695,-29.4545,15.3167,1231,0.0,11.200000000000001,14.8,26,2837,0.0,-21.6,15.1,25,-0.499,17,
C-B-1,3,1.15794,-29.4545,15.3167,1231,0.0,11.200000000000001,14.8,26,2838,0.0,-20.8,15.1,25,-0.46,17,
C-B-1,3,1.15895,-29.4545,15.3167,1231,0.0,11.200000000000001,14.8,26,2838,0.0,-20.8,15.1,25,-0.46,17,
C-B-1,3,1.15994,-29.4545,15.3167,1231,0.0,11.200000000000001,14.8,26,2838,0.0,-20.8,15.1,25,-0.46,17,
C-B-1,3,1.16095,-29.4545,15.3167,1231,0.0,11.200000000000001,14.8,26,2838,0.0,-20.8,15.1,25,-0.46,17,
C-B-1,3,1.16195,-29.4545,15.3167,1231,0.0,11.200000000000001,14.8,26,2838,0.0,-20.8,15.1,25,-0.46,17,
C-B-1,3,1.16295,-29.4545,15.3167,1231,0.0,11.200000000000001,14.8,26,2838,0.0,-20.8,15.1,25,-0.46,17,
C-B-1,3,1.16395,-29.4545,15.3167,1231,0.0,11.200000000000001,14.8,26,2838,0.0,-20.8,15.1,25,-0.46,17,
C-B-1,3,1.16495,-29.4545,15.3167,1231,0.0,11.200000000000001,14.8,26,2838,0.0,-20.8,15.1,25,-0.46,17,
C-B-1,3,1.16595,-29.4929,15.3109,1230,-1.01,8.700000000000001,14.8,26,2838,0.0,-20.8,15.1,25,-0.499,17,
C-B-1,3,1.16695,-29.4545,15.3167,1231,0.0,11.200000000000001,14.8,26,2838,0.0,-20.8,15.1,25,-0.46,17,
C-B-1,3,1.16795,-29.4545,15.3167,1231,0.0,11.200000000000001,14.8,26,2838,0.0,-20.8,15.1,25,-0.46,17,
C-B-1,3,1.16895,-29.4929,15.3109,1230,-1.01,8.700000000000001,14.8,26,2838,0.0,-20.8,15.1,25,-0.499,17,
C-B-1,3,1.16995,-29.4929,15.3109,1230,0.0,10.4,14.8,26,2838,0.0,-20.8,15.1,25,-0.499,17,
C-B-1,3,1.17095,-29.4929,15.3109,1230,-1.01,8.700000000000001,14.8,26,2838,0.0,-20.8,15.1,25,-0.499,17,
C-B-1,3,1.17195,-29.4929,15.3109,1230,0.0,10.4,14.8,26,2838,0.0,-20.8,15.1,25,-0.499,17,
C-B-1,3,1.17295,-29.4929,15.3109,1230,-1.01,8.700000000000001,14.8,26,2838,0.0,-20.8,15.1,25,-0.499,17,
C-B-1,3,1.17395,-29.4929,15.3109,1230,-1.01,8.700000000000001,14.8,26,2838,0.0,-20.8,15.1,25,-0.499,17,
C-B-1,3,1.17495,-29.4929,15.3109,1230,0.0,10.4,14.8,26,2839,1.01,-18.3,15.1,25,-0.46,17,
C-B-1,3,1.17595,-29.4929,15.3109,1230,0.0,10.4,14.8,26,2839,1.01,-18.3,15.1,25,-0.46,17,
C-B-1,3,1.17695,-29.4929,15.3109,1230,0.0,10.4,14.8,26,2839,1.01,-18.3,15.1,25,-0.46,17,
C-B-1,3,1.17795,-29.4929,15.3109,1230,0.0,10.4,14.8,26,2839,1.01,-18.3,15.1,25,-0.46,17,
C-B-1,3,1.17895,-29.4929,15.3109,1230,0.0,10.4,14.8,26,2839,0.0,-20.0,15.1,25,-0.46,17,
C-B-1,3,1.17995,-29.4929,15.3109,1230,0.0,10.4,14.8,26,2839,1.01,-18.3,15.1,25,-0.46,17,
C-B-1,3,1.18095,-29.4929,15.3109,1230,0.0,10.4,14.8,26,2839,1.01,-18.3,15.1,25,-0.46,17,
C-B-1,3,1.18195,-29.4929,15.3109,1230,0.0,10.4,14.8,26,2839,1.01,-18.3,15.1,25,-0.46,17,
C-B-1,3,1.18295,-29.4929,15.3109,1230,0.0,10.4,14.8,26,2839,1.01,-18.3,15.1,25,-0.46,17,
C-B-1,3,1.18395,-29.4929,15.3109,1230,0.0,10.4,14.8,26,2839,0.0,-20.0,15.1,25,-0.46,17,
C-B-1,3,1.18495,-29.4929,15.3109,1230,0.0,10.4,14.8,26,2839,0.0,-20.0,15.1,25,-0.46,17,
C-B-1,3,1.18595,-29.4929,15.3109,1230,0.0,10.4,14.8,26,2839,1.01,-18.3,15.1,25,-0.46,17,
C-B-1,3,1.18695,-29.4929,15.3109,1230,0.0,10.4,14.8,26,2839,0.0,-20.0,15.1,25,-0.46,17,
C-B-1,3,1.18796,-29.4929,15.3109,1230,0.0,10.4,14.8,26,2840,1.01,-17.5,15.1,25,-0.422,17,
C-B-1,3,1.18895,-29.4929,15.3109,1230,0.0,10.4,14.8,26,2839,0.0,-20.0,15.1,25,-0.46,17,
C-B-1,3,1.18996,-29.4929,15.3109,1230,0.0,10.4,14.8,26,2840,1.01,-17.5,15.1,25,-0.422,17,
C-B-1,3,1.19095,-29.5313,15.3051,1229,-1.01,7.9,14.8,26,2840,1.01,-17.5,15.1,25,-0.46,17,
C-B-1,3,1.19196,-29.5313,15.3051,1229,-1.01,7.9,14.8,26,2840,1.01,-17.5,15.1,25,-0.46,17,
C-B-1,3,1.19295,-29.5313,15.3051,1229,-1.01,7.9,14.8,26,2840,1.01,-17.5,15.1,25,-0.46,17,
C-B-1,3,1.19395,-29.5313,15.3051,1229,-1.01,7.9,14.8,26,2840,1.01,-17.5,15.1,25,-0.46,17,
C-B-1,3,1.19496,-29.4929,15.3109,1230,0.0,10.4,14.8,26,2840,1.01,-17.5,15.1,25,-0.422,17,
C-B-1,3,1.19595,-29.5313,15.3051,1229,0.0,9.600000000000001,14.8,26,2840,1.01,-17.5,15.1,25,-0.46,17,
C-B-1,3,1.19695,-29.5313,15.3051,1229,-1.01,7.9,14.8,26,2840,1.01,-17.5,15.1,25,-0.46,17,
C-B-1,3,1.19796,-29.5313,15.3051,1229,0.0,9.600000000000001,14.8,26,2840,1.01,-17.5,15.1,25,-0.46,17,
C-B-1,3,1.19896,-29.5313,15.3051,1229,0.0,9.600000000000001,14.8,26,2840,1.01,-17.5,15.1,25,-0.46,17,
C-B-1,3,1.19995,-29.5313,15.3051,1229,0.0,9.600000000000001,14.8,26,2840,1.01,-17.5,15.1,25,-0.46,17,
C-B-1,3,1.20096,-29.5313,15.3051,1229,0.0,9.600000000000001,14.8,26,2840,1.01,-17.5,15.1,25,-0.46,17,
C-B-1,3,1.20195,-29.5313,15.3051,1229,0.0,9.600000000000001,14.8,26,2840,1.01,-17.5,15.1,25,-0.46,17,
C-B-1,3,1.20296,-29.5313,15.3051,1229,0.0,9.600000000000001,14.8,26,2840,0.0,-19.200000000000003,15.1,25,-0.46,17,
C-B-1,3,1.20395,-29.5313,15.3051,1229,-1.01,7.9,14.8,26,2840,0.0,-19.200000000000003,15.1,25,-0.46,17,
C-B-1,3,1.20496,-29.5313,15.3051,1229,0.0,9.600000000000001,14.8,26,2840,0.0,-19.200000000000003,15.1,25,-0.46,17,
C-B-1,3,1.20595,-29.5313,15.3051,1229,0.0,9.600000000000001,14.8,26,2840,0.0,-19.200000000000003,15.1,25,-0.46,17,
C-B-1,3,1.20696,-29.5313,15.3051,1229,0.0,9.600000000000001,14.8,26,2841,1.01,-16.7,15.1,25,-0.422,17,
C-B-1,3,1.20796,-29.5313,15.3051,1229,0.0,9.600000000000001,14.8,26,2841,1.01,-16.7,15.1,25,-0.422,17,
C-B-1,3,1.20896,-29.5313,15.3051,1229,0.0,9.600000000000001,14.8,26,2841,1.01,-16.7,15.1,25,-0.422,17,
C-B-1,3,1.20996,-29.5313,15.3051,1229,0.0,9.600000000000001,14.8,26,2841,1.01,-16.7,15.1,25,-0.422,17,
C-B-1,3,1.21096,-29.5313,15.3051,1229,0.0,9.600000000000001,14.8,26,2841,1.01,-16.7,15.1,25,-0.422,17,
C-B-1,3,1.21196,-29.5313,15.3051,1229,0.0,9.600000000000001,14.8,26,2840,0.0,-19.200000000000003,15.1,25,-0.46,17,
C-B-1,3,1.21296,-29.5313,15.3051,1229,0.0,9.600000000000001,14.8,26,2841,1.01,-16.7,15.1,25,-0.422,17,
C-B-1,3,1.21396,-29.5313,15.3051,1229,0.0,9.600000000000001,14.8,26,2841,1.01,-16.7,15.1,25,-0.422,17,
C-B-1,3,1.21496,-29.5313,15.3051,1229,0.0,9.600000000000001,14.8,26,2841,1.01,-16.7,15.1,25,-0.422,17,
C-B-1,3,1.21596,-29.5313,15.3051,1229,0.0,9.600000000000001,14.8,26,2841,1.01,-16.7,15.1,25,-0.422,17,
C-B-1,3,1.21696,-29.5313,15.3051,1229,0.0,9.600000000000001,14.8,26,2841,0.0,-18.400000000000002,15.1,25,-0.422,17,
C-B-1,3,1.21796,-29.5313,15.3051,1229,0.0,9.600000000000001,14.8,26,2841,1.01,-16.7,15.1,25,-0.422,17,
C-B-1,3,1.21896,-29.5313,15.3051,1229,0.0,9.600000000000001,14.8,26,2841,0.0,-18.400000000000002,15.1,25,-0.422,17,
C-B-1,3,1.21996,-29.5313,15.3051,1229,0.0,9.600000000000001,14.8,26,2841,0.0,-18.400000000000002,15.1,25,-0.422,17,
C-B-1,3,1.22096,-29.5313,15.3051,1229,0.0,9.600000000000001,14.8,26,2841,0.0,-18.400000000000002,15.1,25,-0.422,17,
C-B-1,3,1.22196,-29.5313,15.3051,1229,0.0,9.600000000000001,14.8,26,2841,0.0,-18.400000000000002,15.1,25,-0.422,17,
C-B-1,3,1.22296,-29.5313,15.3051,1229,0.0,9.600000000000001,14.8,26,2841,0.0,-18.400000000000002,15.1,25,-0.422,17,
C-B-1,3,1.22396,-29.5313,15.3051,1229,0.0,9.600000000000001,14.8,26,2841,0.0,-18.400000000000002,15.1,25,-0.422,17,
C-B-1,3,1.22496,-29.5313,15.3051,1229,0.0,9.600000000000001,14.8,26,2841,0.0,-18.400000000000002,15.1,25,-0.422,17,
C-B-1,3,1.22596,-29.5313,15.3051,1229,0.0,9.600000000000001,14.8,26,2841,0.0,-18.400000000000002,15.1,25,-0.422,17,
C-B-1,3,1.22696,-29.5313,15.3051,1229,0.0,9.600000000000001,14.8,26,2841,0.0,-18.400000000000002,15.1,25,-0.422,17,
C-B-1,3,1.22796,-29.5313,15.3051,1229,0.0,8.8,14.8,26,2841,0.0,-18.400000000000002,15.1,25,-0.422,17,
C-B-1,3,1.22896,-29.5696,15.2993,1228,0.0,9.600000000000001,14.8,26,2841,0.0,-18.400000000000002,15.1,25,-0.46,17,
C-B-1,3,1.22996,-29.5313,15.3051,1229,0.0,9.600000000000001,14.8,26,2841,0.0,-18.400000000000002,15.1,25,-0.422,17,
C-B-1,3,1.23096,-29.5313,15.3051,1229,0.0,9.600000000000001,14.8,26,2841,0.0,-18.400000000000002,15.1,25,-0.422,17,
C-B-1,3,1.23196,-29.5313,15.3051,1229,0.0,9.600000000000001,14.8,26,2841,0.0,-18.400000000000002,15.1,25,-0.422,17,
C-B-1,3,1.23296,-29.5313,15.3051,1229,0.0,9.600000000000001,14.8,26,2841,0.0,-18.400000000000002,15.1,25,-0.422,17,
C-B-1,3,1.23396,-29.5313,15.3051,1229,0.0,9.600000000000001,14.8,26,2841,0.0,-18.400000000000002,15.1,25,-0.422,17,
C-B-1,3,1.23496,-29.5313,15.3051,1229,0.0,9.600000000000001,14.8,26,2841,0.0,-18.400000000000002,15.1,25,-0.422,17,
C-B-1,3,1.23597,-29.5313,15.3051,1229,0.0,9.600000000000001,14.8,26,2841,0.0,-18.400000000000002,15.1,25,-0.422,17,
C-B-1,3,1.23696,-29.5696,15.2993,1228,0.0,8.8,14.8,26,2841,0.0,-18.400000000000002,15.1,25,-0.46,17,
C-B-1,3,1.23797,-29.5313,15.3051,1229,0.0,9.600000000000001,14.8,26,2841,0.0,-18.400000000000002,15.1,25,-0.422,17,
C-B-1,3,1.23896,-29.5313,15.3051,1229,0.0,9.600000000000001,14.8,26,2841,0.0,-18.400000000000002,15.1,25,-0.422,17,
C-B-1,3,1.23997,-29.5313,15.3051,1229,0.0,9.600000000000001,14.8,26,2841,0.0,-18.400000000000002,15.1,25,-0.422,17,
C-B-1,3,1.24096,-29.5313,15.3051,1229,0.0,9.600000000000001,14.8,26,2841,0.0,-18.400000000000002,15.1,25,-0.422,17,
C-B-1,3,1.24196,-29.5313,15.3051,1229,0.0,9.600000000000001,14.8,26,2841,0.0,-18.400000000000002,15.1,25,-0.422,17,
C-B-1,3,1.24297,-29.5313,15.3051,1229,0.0,9.600000000000001,14.8,26,2840,0.0,-19.200000000000003,15.1,25,-0.46,17,
C-B-1,3,1.24396,-29.5313,15.3051,1229,0.0,9.600000000000001,14.8,26,2841,0.0,-18.400000000000002,15.1,25,-0.422,17,
C-B-1,3,1.24497,-29.5313,15.3051,1229,0.0,9.600000000000001,14.8,26,2841,0.0,-18.400000000000002,15.1,25,-0.422,17,
C-B-1,3,1.24596,-29.5313,15.3051,1229,0.0,9.600000000000001,14.8,26,2841,0.0,-18.400000000000002,15.1,25,-0.422,17,
C-B-1,3,1.24697,-29.5313,15.3051,1229,0.0,9.600000000000001,14.8,26,2841,0.0,-18.400000000000002,15.1,25,-0.422,17,
C-B-1,3,1.24796,-29.5313,15.3051,1229,0.0,9.600000000000001,14.8,26,2841,0.0,-18.400000000000002,15.1,25,-0.422,17,
C-B-1,3,1.24897,-29.5313,15.3051,1229,0.0,9.600000000000001,14.8,26,2841,0.0,-18.400000000000002,15.1,25,-0.422,17,
C-B-1,3,1.24996,-29.5313,15.3051,1229,0.0,9.600000000000001,14.8,26,2841,0.0,-18.400000000000002,15.1,25,-0.422,17,
C-B-1,3,1.25097,-29.5313,15.3051,1229,0.0,9.600000000000001,14.8,26,2841,0.0,-18.400000000000002,15.1,25,-0.422,17,
C-B-1,3,1.25197,-29.5313,15.3051,1229,0.0,9.600000000000001,14.8,26,2841,0.0,-18.400000000000002,15.1,25,-0.422,17,
C-B-1,3,1.25297,-29.5313,15.3051,1229,0.0,9.600000000000001,14.8,26,2841,0.0,-19.200000000000003,15.1,25,-0.422,17,
C-B-1,3,1.25397,-29.5313,15.3051,1229,0.0,9.600000000000001,14.8,26,2840,0.0,-18.400000000000002,15.1,25,-0.46,17,
C-B-1,3,1.25497,-29.5313,15.3051,1229,0.0,9.600000000000001,14.8,26,2841,0.0,-18.400000000000002,15.1,25,-0.422,17,
C-B-1,3,1.25597,-29.5313,15.3051,1229,0.0,9.600000000000001,14.8,26,2841,0.0,-18.400000000000002,15.1,25,-0.422,17,
C-B-1,3,1.25697,-29.5313,15.3051,1229,0.0,9.600000000000001,14.8,26,2841,0.0,-18.400000000000002,15.1,25,-0.422,17,
C-B-1,3,1.25797,-29.5313,15.3051,1229,0.0,9.600000000000001,14.8,26,2840,0.0,-19.200000000000003,15.1,25,-0.46,17,
C-B-1,3,1.25897,-29.5313,15.3051,1229,0.0,9.600000000000001,14.8,26,2840,0.0,-19.200000000000003,15.1,25,-0.46,17,
C-B-1,3,1.25997,-29.5313,15.3051,1229,0.0,9.600000000000001,14.8,26,2841,0.0,-18.400000000000002,15.1,25,-0.422,17,
C-B-1,3,1.26097,-29.5313,15.3051,1229,0.0,9.600000000000001,14.8,26,2840,0.0,-19.200000000000003,15.1,25,-0.46,17,
C-B-1,3,1.26197,-29.5313,15.3051,1229,0.0,9.600000000000001,14.8,26,2841,0.0,-18.400000000000002,15.1,25,-0.422,17,
C-B-1,3,1.26297,-29.5313,15.3051,1229,0.0,9.600000000000001,14.8,26,2840,0.0,-19.200000000000003,15.1,25,-0.46,17,
C-B-1,3,1.26397,-29.5313,15.3051,1229,0.0,9.600000000000001,14.8,26,2840,0.0,-19.200000000000003,15.1,25,-0.46,17,
C-B-1,3,1.26497,-29.5313,15.3051,1229,0.0,9.600000000000001,14.8,26,2840,0.0,-19.200000000000003,14.8,25,-0.46,17,
C-B-1,3,1.26597,-29.5313,15.3051,1229,0.0,9.600000000000001,15.2,26,2840,0.0,-19.200000000000003,14.8,25,-0.46,17,
C-B-1,3,1.26697,-29.5313,15.3051,1229,0.0,9.600000000000001,15.2,26,2840,0.0,-19.200000000000003,14.8,25,-0.46,17,
C-B-1,3,1.26797,-29.5313,15.3051,1229,0.0,9.600000000000001,15.2,26,2840,0.0,-19.200000000000003,14.8,25,-0.46,17,
C-B-1,3,1.26899,-29.5313,15.3051,1229,0.0,9.600000000000001,15.2,26,2840,0.0,-19.200000000000003,14.8,25,-0.46,17,
C-B-1,3,1.26998,-29.5313,15.3051,1229,0.0,9.600000000000001,15.2,26,2840,0.0,-19.200000000000003,14.8,25,-0.46,17,
C-B-1,3,1.27097,-29.5313,15.3051,1229,0.0,9.600000000000001,15.2,26,2840,0.0,-19.200000000000003,14.8,25,-0.46,17,
C-B-1,3,1.27197,-29.4929,15.3109,1230,0.0,10.4,15.2,26,2840,0.0,-19.200000000000003,14.8,25,-0.422,17,
C-B-1,3,1.27297,-29.4929,15.3109,1230,0.0,10.4,15.2,26,2840,0.0,-19.200000000000003,14.8,25,-0.422,17,
C-B-1,3,1.27397,-29.4929,15.3109,1230,0.0,10.4,15.2,26,2840,0.0,-19.200000000000003,14.8,25,-0.422,17,
C-B-1,3,1.27498,-29.4929,15.3109,1230,0.0,10.4,15.2,26,2840,0.0,-19.200000000000003,14.8,25,-0.422,17,
C-B-1,3,1.27597,-29.4929,15.3109,1230,0.0,10.4,15.2,26,2840,0.0,-19.200000000000003,14.8,25,-0.422,17,
C-B-1,3,1.27697,-29.5313,15.3051,1229,0.0,9.600000000000001,15.2,26,2840,0.0,-19.200000000000003,14.8,25,-0.46,17,
C-B-1,3,1.27797,-29.4929,15.3109,1230,0.0,10.4,15.2,26,2840,0.0,-19.200000000000003,14.8,25,-0.422,17,
C-B-1,3,1.27897,-29.4929,15.3109,1230,0.0,10.4,15.2,26,2840,0.0,-19.200000000000003,14.8,25,-0.422,17,
C-B-1,3,1.27997,-29.4929,15.3109,1230,0.0,10.4,15.2,26,2840,0.0,-19.200000000000003,14.8,25,-0.422,17,
C-B-1,3,1.28097,-29.4929,15.3109,1230,0.0,10.4,15.2,26,2839,-1.01,-21.700000000000003,14.8,25,-0.46,17,
C-B-1,3,1.28197,-29.4929,15.3109,1230,0.0,10.4,15.2,26,2840,0.0,-19.200000000000003,14.8,25,-0.422,17,
C-B-1,3,1.28297,-29.4929,15.3109,1230,0.0,10.4,15.2,26,2839,0.0,-20.0,14.8,25,-0.46,17,
C-B-1,3,1.28397,-29.4929,15.3109,1230,0.0,10.4,15.2,26,2839,-1.01,-21.700000000000003,14.8,25,-0.46,17,
C-B-1,3,1.28497,-29.4929,15.3109,1230,0.0,10.4,15.2,26,2839,-1.01,-21.700000000000003,14.8,25,-0.46,17,
C-B-1,3,1.28598,-29.4929,15.3109,1230,0.0,10.4,15.2,26,2839,-1.01,-21.700000000000003,14.8,25,-0.46,17,
C-B-1,3,1.28697,-29.4929,15.3109,1230,0.0,10.4,15.2,26,2839,0.0,-20.0,14.8,25,-0.46,17,
C-B-1,3,1.28798,-29.4929,15.3109,1230,0.0,10.4,15.2,26,2839,0.0,-20.0,14.8,25,-0.46,17,
C-B-1,3,1.28897,-29.4929,15.3109,1230,0.0,10.4,15.2,26,2839,-1.01,-21.700000000000003,14.8,25,-0.46,17,
C-B-1,3,1.28998,-29.4929,15.3109,1230,0.0,10.4,15.2,26,2839,0.0,-20.0,14.8,25,-0.46,17,
C-B-1,3,1.29097,-29.4929,15.3109,1230,0.0,10.4,15.2,26,2839,-1.01,-21.700000000000003,14.8,25,-0.46,17,
C-B-1,3,1.29198,-29.4929,15.3109,1230,0.0,10.4,15.2,26,2839,0.0,-20.0,14.8,25,-0.46,17,
C-B-1,3,1.29297,-29.4929,15.3109,1230,0.0,10.4,15.2,26,2839,0.0,-20.0,14.8,25,-0.46,17,
C-B-1,3,1.29398,-29.4929,15.3109,1230,0.0,10.4,15.2,26,2839,0.0,-20.0,14.8,25,-0.46,17,
C-B-1,3,1.29497,-29.4929,15.3109,1230,0.0,10.4,15.2,26,2839,0.0,-20.0,14.8,25,-0.46,17,
C-B-1,3,1.29598,-29.4929,15.3109,1230,0.0,10.4,15.2,26,2839,0.0,-20.0,14.8,25,-0.46,17,
C-B-1,3,1.29697,-29.4545,15.3167,1231,1.01,12.9,15.2,26,2839,0.0,-20.0,14.8,25,-0.422,17,
C-B-1,3,1.29797,-29.4929,15.3109,1230,0.0,10.4,15.2,26,2839,0.0,-20.0,14.8,25,-0.46,17,
C-B-1,3,1.29898,-29.4545,15.3167,1231,1.01,12.9,15.2,26,2839,0.0,-20.0,14.8,25,-0.422,17,
C-B-1,3,1.29998,-29.4929,15.3109,1230,0.0,10.4,15.2,26,2838,-1.01,-22.5,14.8,25,-0.499,17,
C-B-1,3,1.30097,-29.4929,15.3109,1230,0.0,10.4,15.2,26,2839,0.0,-20.0,14.8,25,-0.46,17,
C-B-1,3,1.30198,-29.4929,15.3109,1230,0.0,10.4,15.2,26,2838,-1.01,-22.5,14.8,25,-0.499,17,
C-B-1,3,1.30298,-29.4545,15.3167,1231,0.0,11.200000000000001,15.2,26,2838,-1.01,-22.5,14.8,25,-0.46,17,
C-B-1,3,1.30398,-29.4545,15.3167,1231,0.0,11.200000000000001,15.2,26,2838,-1.01,-22.5,14.8,25,-0.46,17,
C-B-1,3,1.30497,-29.4929,15.3109,1230,0.0,10.4,15.2,26,2839,0.0,-20.0,14.8,25,-0.46,17,
C-B-1,3,1.30598,-29.4545,15.3167,1231,1.01,12.9,15.2,26,2838,-1.01,-22.5,14.8,25,-0.46,17,
C-B-1,3,1.30698,-29.4545,15.3167,1231,0.0,11.200000000000001,15.2,26,2838,-1.01,-22.5,14.8,25,-0.46,17,
C-B-1,3,1.30798,-29.4545,15.3167,1231,0.0,11.200000000000001,15.2,26,2838,-1.01,-22.5,14.8,25,-0.46,17,
C-B-1,3,1.30898,-29.4545,15.3167,1231,0.0,11.200000000000001,15.2,26,2838,-1.01,-22.5,14.8,25,-0.46,17,
C-B-1,3,1.30998,-29.4545,15.3167,1231,0.0,11.200000000000001,15.2,26,2839,0.0,-20.0,14.8,25,-0.422,17,
C-B-1,3,1.31098,-29.4545,15.3167,1231,0.0,11.200000000000001,15.2,26,2838,-1.01,-22.5,14.8,25,-0.46,17,
C-B-1,3,1.31198,-29.4545,15.3167,1231,0.0,11.200000000000001,15.2,26,2838,0.0,-20.8,14.8,25,-0.46,17,
C-B-1,3,1.31298,-29.4545,15.3167,1231,0.0,11.200000000000001,15.2,26,2838,0.0,-20.8,14.8,25,-0.46,17,
C-B-1,3,1.31398,-29.4545,15.3167,1231,0.0,11.200000000000001,15.2,26,2838,0.0,-20.8,14.8,25,-0.46,17,
C-B-1,3,1.31498,-29.4545,15.3167,1231,0.0,11.200000000000001,15.2,26,2838,0.0,-20.8,14.8,25,-0.46,17,
C-B-1,3,1.31598,-29.4545,15.3167,1231,0.0,11.200000000000001,15.2,26,2838,0.0,-20.8,14.8,25,-0.46,17,
C-B-1,3,1.31698,-29.4545,15.3167,1231,0.0,11.200000000000001,15.2,26,2838,0.0,-20.8,14.8,25,-0.46,17,
C-B-1,3,1.31798,-29.4545,15.3167,1231,0.0,11.200000000000001,15.2,26,2838,0.0,-20.8,14.8,25,-0.46,17,
C-B-1,3,1.31898,-29.4545,15.3167,1231,0.0,11.200000000000001,15.2,26,2838,0.0,-20.8,14.8,25,-0.46,17,
C-B-1,3,1.31998,-29.4545,15.3167,1231,0.0,11.200000000000001,15.2,26,2838,0.0,-20.8,14.8,25,-0.46,17,
C-B-1,3,1.32098,-29.4545,15.3167,1231,0.0,11.200000000000001,15.2,26,2838,0.0,-20.8,14.8,25,-0.46,17,
C-B-1,3,1.32198,-29.4545,15.3167,1231,0.0,11.200000000000001,15.2,26,2838,0.0,-20.8,14.8,25,-0.46,17,
C-B-1,3,1.32298,-29.4545,15.3167,1231,0.0,11.200000000000001,15.2,26,2838,0.0,-20.8,14.8,25,-0.46,17,
C-B-1,3,1.32398,-29.4545,15.3167,1231,0.0,11.200000000000001,15.2,26,2838,0.0,-20.8,14.8,25,-0.46,17,
C-B-1,3,1.32498,-29.4545,15.3167,1231,0.0,11.200000000000001,15.2,26,2838,0.0,-20.8,14.8,25,-0.46,17,
C-B-1,3,1.32598,-29.4545,15.3167,1231,0.0,11.200000000000001,15.2,26,2838,0.0,-20.8,14.8,25,-0.46,17,
C-B-1,3,1.32698,-29.4162,15.3225,1232,1.01,13.700000000000001,15.2,26,2838,0.0,-20.8,14.8,25,-0.422,17,
C-B-1,3,1.32798,-29.4545,15.3167,1231,0.0,11.200000000000001,15.2,26,2838,0.0,-20.8,14.8,25,-0.46,17,
C-B-1,3,1.32899,-29.4545,15.3167,1231,0.0,11.200000000000001,15.2,26,2838,0.0,-20.8,14.8,25,-0.46,17,
C-B-1,3,1.32998,-29.4545,15.3167,1231,0.0,11.200000000000001,15.2,26,2838,0.0,-20.8,14.8,25,-0.46,17,
C-B-1,3,1.33098,-29.4545,15.3167,1231,0.0,11.200000000000001,15.2,26,2838,0.0,-20.8,14.8,25,-0.46,17,
C-B-1,3,1.33198,-29.4545,15.3167,1231,0.0,11.200000000000001,15.2,26,2838,0.0,-20.8,14.8,25,-0.46,17,
C-B-1,3,1.33299,-29.4545,15.3167,1231,0.0,11.200000000000001,15.2,26,2838,0.0,-20.8,14.8,25,-0.46,17,
C-B-1,3,1.33398,-29.4545,15.3167,1231,0.0,11.200000000000001,15.2,26,2838,0.0,-20.8,14.8,25,-0.46,17,
C-B-1,3,1.33499,-29.4545,15.3167,1231,0.0,11.200000000000001,15.2,26,2838,0.0,-20.8,14.8,25,-0.46,17,
C-B-1,3,1.33598,-29.4545,15.3167,1231,0.0,11.200000000000001,15.2,26,2838,0.0,-20.8,14.8,25,-0.46,17,
C-B-1,3,1.33698,-29.4545,15.3167,1231,0.0,11.200000000000001,15.2,26,2838,0.0,-20.8,14.8,25,-0.46,17,
C-B-1,3,1.33799,-29.4545,15.3167,1231,0.0,11.200000000000001,15.2,26,2838,0.0,-20.8,14.8,25,-0.46,17,
C-B-1,3,1.33898,-29.4545,15.3167,1231,0.0,11.200000000000001,15.2,26,2838,0.0,-20.8,14.8,25,-0.46,17,
C-B-1,3,1.33999,-29.4545,15.3167,1231,0.0,11.200000000000001,15.2,26,2838,0.0,-20.8,14.8,25,-0.46,17,
C-B-1,3,1.34098,-29.4545,15.3167,1231,0.0,11.200000000000001,15.2,26,2838,0.0,-20.8,14.8,25,-0.46,17,
C-B-1,3,1.34198,-29.4545,15.3167,1231,0.0,11.200000000000001,15.2,26,2838,0.0,-20.8,14.8,25,-0.46,17,
C-B-1,3,1.34299,-29.4545,15.3167,1231,0.0,11.200000000000001,15.2,26,2838,0.0,-20.8,14.8,25,-0.46,17,
C-B-1,3,1.34398,-29.4545,15.3167,1231,0.0,11.200000000000001,15.2,26,2838,0.0,-20.8,14.8,25,-0.46,17,
C-B-1,3,1.34499,-29.4545,15.3167,1231,0.0,11.200000000000001,15.2,26,2838,0.0,-20.8,14.8,25,-0.46,17,
C-B-1,3,1.34599,-29.4545,15.3167,1231,0.0,11.200000000000001,15.2,26,2838,0.0,-20.8,14.8,25,-0.46,17,
C-B-1,3,1.34699,-29.4545,15.3167,1231,0.0,11.200000000000001,15.2,26,2838,0.0,-20.8,14.8,25,-0.46,17,
C-B-1,3,1.34798,-29.4545,15.3167,1231,0.0,11.200000000000001,15.2,26,2838,0.0,-20.8,14.8,25,-0.46,17,
C-B-1,3,1.34899,-29.4545,15.3167,1231,0.0,11.200000000000001,15.2,26,2838,0.0,-20.8,14.8,25,-0.46,17,
C-B-1,3,1.34998,-29.4545,15.3167,1231,0.0,11.200000000000001,15.2,26,2838,0.0,-20.8,14.8,25,-0.46,17,
C-B-1,3,1.35099,-29.4545,15.3167,1231,0.0,11.200000000000001,15.2,26,2838,0.0,-20.8,14.8,25,-0.46,17,
C-B-1,3,1.35199,-29.4545,15.3167,1231,0.0,11.200000000000001,15.2,26,2838,0.0,-20.8,14.8,25,-0.46,17,
C-B-1,3,1.35299,-29.4545,15.3167,1231,0.0,11.200000000000001,15.2,26,2838,0.0,-20.8,14.8,25,-0.46,17,
C-B-1,3,1.35399,-29.4545,15.3167,1231,0.0,11.200000000000001,15.2,26,2838,0.0,-20.8,14.8,25,-0.46,17,
C-B-1,3,1.35499,-29.4545,15.3167,1231,0.0,11.200000000000001,15.2,26,2838,0.0,-20.8,14.8,25,-0.46,17,
C-B-1,3,1.35599,-29.4545,15.3167,1231,0.0,11.200000000000001,15.2,26,2838,0.0,-20.8,14.8,25,-0.46,17,
C-B-1,3,1.35697,-29.4545,15.3167,1231,0.0,11.200000000000001,15.2,26,2838,0.0,-20.8,14.8,25,-0.46,17,
C-B-1,3,1.35799,-29.4545,15.3167,1231,0.0,11.200000000000001,15.2,26,2838,0.0,-20.8,14.8,25,-0.46,17,
C-B-1,3,1.35899,-29.4545,15.3167,1231,0.0,11.200000000000001,15.2,26,2838,0.0,-20.8,14.8,25,-0.46,17,
C-B-1,3,1.35997,-29.4545,15.3167,1231,0.0,11.200000000000001,15.2,26,2838,0.0,-20.8,14.8,25,-0.46,17,
C-B-1,3,1.36099,-29.4545,15.3167,1231,0.0,11.200000000000001,15.2,26,2838,0.0,-20.8,14.8,25,-0.46,17,
C-B-1,3,1.36199,-29.4545,15.3167,1231,0.0,11.200000000000001,15.2,26,2838,0.0,-20.8,14.8,25,-0.46,17,
C-B-1,3,1.36297,-29.4545,15.3167,1231,0.0,11.200000000000001,15.2,26,2838,0.0,-20.8,14.8,25,-0.46,17,
C-B-1,3,1.36399,-29.4545,15.3167,1231,0.0,11.200000000000001,15.2,26,2838,0.0,-20.8,14.8,25,-0.46,17,
C-B-1,3,1.36499,-29.4545,15.3167,1231,0.0,11.200000000000001,15.2,26,2838,0.0,-20.8,14.8,25,-0.46,17,
C-B-1,3,1.36597,-29.4545,15.3167,1231,0.0,11.200000000000001,15.2,26,2838,0.0,-20.8,14.8,25,-0.46,17,
C-B-1,3,1.36699,-29.4545,15.3167,1231,0.0,11.200000000000001,15.2,26,2838,0.0,-20.8,14.8,25,-0.46,17,
C-B-1,3,1.36799,-29.4545,15.3167,1231,0.0,11.200000000000001,15.2,26,2838,0.0,-20.8,14.8,25,-0.46,17,
C-B-1,3,1.36897,-29.4545,15.3167,1231,0.0,11.200000000000001,15.2,26,2838,0.0,-20.8,14.8,25,-0.46,17,
C-B-1,3,1.36999,-29.4545,15.3167,1231,0.0,11.200000000000001,15.2,26,2838,0.0,-20.8,14.8,25,-0.46,17,
C-B-1,3,1.37099,-29.4545,15.3167,1231,0.0,11.200000000000001,15.2,26,2838,0.0,-20.8,14.8,25,-0.46,17,
C-B-1,3,1.37197,-29.4545,15.3167,1231,0.0,11.200000000000001,15.2,26,2838,0.0,-20.8,14.8,25,-0.46,17,
C-B-1,3,1.37299,-29.4545,15.3167,1231,0.0,11.200000000000001,15.2,26,2838,0.0,-20.8,14.8,25,-0.46,17,
C-B-1,3,1.37399,-29.4545,15.3167,1231,0.0,11.200000000000001,15.2,26,2838,0.0,-20.8,14.8,25,-0.46,17,
C-B-1,3,1.37498,-29.4545,15.3167,1231,0.0,11.200000000000001,15.2,26,2838,0.0,-20.8,14.8,25,-0.46,17,
C-B-1,3,1.37599,-29.4545,15.3167,1231,0.0,11.200000000000001,15.2,26,2838,0.0,-20.8,14.8,25,-0.46,17,
C-B-1,3,1.37699,-29.4545,15.3167,1231,0.0,11.200000000000001,15.2,26,2838,0.0,-20.8,14.8,25,-0.46,17,
C-B-1,3,1.37798,-29.4545,15.3167,1231,0.0,11.200000000000001,15.2,26,2838,0.0,-20.8,14.8,25,-0.46,17,
C-B-1,3,1.37899,-29.4929,15.3109,1230,0.0,10.4,15.2,26,2838,0.0,-20.8,14.8,25,-0.499,17,
C-B-1,3,1.37999,-29.4545,15.3167,1231,0.0,11.200000000000001,15.2,26,2838,0.0,-20.8,14.8,25,-0.46,17,
C-B-1,3,1.38097,-29.4545,15.3167,1231,0.0,11.200000000000001,15.2,26,2838,0.0,-20.8,14.8,25,-0.46,17,
C-B-1,3,1.38199,-29.4545,15.3167,1231,0.0,11.200000000000001,15.5,26,2838,0.0,-20.8,14.8,25,-0.46,17,
C-B-1,3,1.38299,-29.4929,15.3109,1230,0.0,10.4,15.5,26,2838,0.0,-20.8,14.8,25,-0.499,17,
C-B-1,3,1.38398,-29.4545,15.3167,1231,0.0,11.200000000000001,15.5,26,2839,0.0,-20.0,14.8,25,-0.422,17,
C-B-1,3,1.38499,-29.4545,15.3167,1231,0.0,11.200000000000001,15.5,26,2839,0.0,-20.0,14.8,25,-0.422,17,
C-B-1,3,1.38599,-29.4545,15.3167,1231,0.0,11.200000000000001,15.5,26,2838,0.0,-20.8,14.8,25,-0.46,17,
C-B-1,3,1.38699,-29.4545,15.3167,1231,0.0,11.200000000000001,15.5,26,2839,0.0,-20.0,14.8,25,-0.422,17,
C-B-1,3,1.38798,-29.4929,15.3109,1230,0.0,10.4,15.5,26,2838,0.0,-20.8,14.8,25,-0.499,17,
C-B-1,3,1.38899,-29.4929,15.3109,1230,0.0,10.4,15.5,26,2838,0.0,-20.8,14.8,25,-0.499,17,
C-B-1,3,1.38999,-29.4929,15.3109,1230,0.0,10.4,15.5,26,2839,0.0,-20.0,14.8,25,-0.46,17,
C-B-1,3,1.39098,-29.4929,15.3109,1230,0.0,10.4,15.5,26,2839,0.0,-20.0,14.8,25,-0.46,17,
C-B-1,3,1.39199,-29.4929,15.3109,1230,0.0,10.4,15.5,26,2839,0.0,-20.0,14.8,25,-0.46,17,
C-B-1,3,1.39299,-29.4929,15.3109,1230,0.0,10.4,15.5,26,2839,0.0,-20.0,14.8,25,-0.46,17,
C-B-1,3,1.39398,-29.4929,15.3109,1230,0.0,10.4,15.5,26,2839,0.0,-20.0,14.8,25,-0.46,17,
C-B-1,3,1.39499,-29.4929,15.3109,1230,0.0,10.4,15.5,26,2839,0.0,-20.0,14.8,25,-0.46,17,
C-B-1,3,1.39599,-29.4929,15.3109,1230,0.0,10.4,15.5,26,2839,0.0,-20.0,14.8,25,-0.46,17,
C-B-1,3,1.39698,-29.4929,15.3109,1230,0.0,10.4,15.5,26,2839,0.0,-20.0,14.8,25,-0.46,17,
C-B-1,3,1.39797,-29.4929,15.3109,1230,0.0,10.4,15.5,26,2839,0.0,-20.0,14.8,25,-0.46,17,
C-B-1,3,1.39899,-29.4929,15.3109,1230,0.0,10.4,15.5,26,2839,0.0,-20.0,14.8,25,-0.46,17,
C-B-1,3,1.39998,-29.4929,15.3109,1230,0.0,10.4,15.5,26,2839,0.0,-20.0,14.8,25,-0.46,17,
C-B-1,3,1.40098,-29.4929,15.3109,1230,0.0,10.4,15.5,26,2839,0.0,-20.0,14.8,25,-0.46,17,
C-B-1,3,1.402,-29.4929,15.3109,1230,0.0,10.4,15.5,26,2839,0.0,-20.0,14.8,25,-0.46,17,
C-B-1,3,1.403,-29.4929,15.3109,1230,0.0,10.4,15.5,26,2839,0.0,-20.0,14.8,25,-0.46,17,
C-B-1,3,1.40398,-29.4929,15.3109,1230,0.0,10.4,15.5,26,2839,0.0,-20.0,14.8,25,-0.46,17,
C-B-1,3,1.40498,-29.4929,15.3109,1230,0.0,10.4,15.5,26,2839,0.0,-20.0,14.8,25,-0.46,17,
C-B-1,3,1.406,-29.4929,15.3109,1230,0.0,10.4,15.5,26,2839,0.0,-20.0,14.8,25,-0.46,17,
C-B-1,3,1.40698,-29.4929,15.3109,1230,0.0,10.4,15.5,26,2839,0.0,-20.0,14.8,25,-0.46,17,
C-B-1,3,1.40798,-29.4929,15.3109,1230,0.0,10.4,15.5,26,2839,0.0,-20.0,14.8,25,-0.46,17,
C-B-1,3,1.409,-29.4929,15.3109,1230,0.0,10.4,15.5,26,2839,0.0,-20.0,14.8,25,-0.46,17,
C-B-1,3,1.40998,-29.4929,15.3109,1230,0.0,10.4,15.5,26,2839,0.0,-20.0,14.8,25,-0.46,17,
C-B-1,3,1.41098,-29.4929,15.3109,1230,0.0,10.4,15.5,26,2839,0.0,-20.0,14.8,25,-0.46,17,
C-B-1,3,1.412,-29.4929,15.3109,1230,0.0,10.4,15.5,26,2839,0.0,-20.0,14.8,25,-0.46,17,
C-B-1,3,1.41298,-29.4929,15.3109,1230,0.0,10.4,15.5,26,2840,1.01,-17.5,14.8,25,-0.422,17,
C-B-1,3,1.41398,-29.4929,15.3109,1230,0.0,10.4,15.5,26,2839,0.0,-20.0,14.8,25,-0.46,17,
C-B-1,3,1.415,-29.4929,15.3109,1230,0.0,10.4,15.5,26,2839,0.0,-20.0,14.8,25,-0.46,17,
C-B-1,3,1.41598,-29.4929,15.3109,1230,0.0,10.4,15.5,26,2840,0.0,-19.200000000000003,14.8,25,-0.422,17,
C-B-1,3,1.41698,-29.4929,15.3109,1230,0.0,10.4,15.5,26,2839,0.0,-20.0,14.8,25,-0.46,17,
C-B-1,3,1.418,-29.4929,15.3109,1230,0.0,10.4,15.5,26,2840,1.01,-17.5,14.8,25,-0.422,17,
C-B-1,3,1.41898,-29.4929,15.3109,1230,0.0,10.4,15.5,26,2839,0.0,-20.0,14.8,25,-0.46,17,
C-B-1,3,1.41999,-29.4929,15.3109,1230,0.0,10.4,15.5,26,2839,0.0,-20.0,14.8,25,-0.46,17,
C-B-1,3,1.42098,-29.4929,15.3109,1230,0.0,10.4,15.5,26,2839,0.0,-20.0,14.8,25,-0.46,17,
C-B-1,3,1.422,-29.4929,15.3109,1230,0.0,10.4,15.5,26,2840,0.0,-19.200000000000003,14.8,25,-0.422,17,
C-B-1,3,1.42298,-29.4929,15.3109,1230,0.0,10.4,15.5,26,2839,0.0,-20.0,14.8,25,-0.46,17,
C-B-1,3,1.42398,-29.4929,15.3109,1230,0.0,10.4,15.5,26,2840,0.0,-19.200000000000003,14.8,25,-0.422,17,
C-B-1,3,1.425,-29.5313,15.3051,1229,0.0,9.600000000000001,15.5,26,2840,0.0,-19.200000000000003,14.8,25,-0.46,17,
C-B-1,3,1.426,-29.4929,15.3109,1230,0.0,10.4,15.5,26,2840,0.0,-19.200000000000003,14.8,25,-0.422,17,
C-B-1,3,1.42699,-29.4929,15.3109,1230,0.0,10.4,15.5,26,2840,0.0,-19.200000000000003,14.8,25,-0.422,17,
C-B-1,3,1.42798,-29.5313,15.3051,1229,0.0,9.600000000000001,15.5,26,2840,0.0,-19.200000000000003,14.8,25,-0.46,17,
C-B-1,3,1.429,-29.5313,15.3051,1229,0.0,9.600000000000001,15.5,26,2840,0.0,-19.200000000000003,14.8,25,-0.46,17,
C-B-1,3,1.42999,-29.4929,15.3109,1230,0.0,10.4,15.5,26,2840,0.0,-19.200000000000003,14.8,25,-0.422,17,
C-B-1,3,1.43098,-29.5313,15.3051,1229,0.0,9.600000000000001,15.5,26,2840,0.0,-19.200000000000003,14.8,25,-0.46,17,
C-B-1,3,1.432,-29.5313,15.3051,1229,0.0,9.600000000000001,15.5,26,2840,0.0,-19.200000000000003,14.8,25,-0.46,17,
C-B-1,3,1.43299,-29.5313,15.3051,1229,0.0,9.600000000000001,15.5,26,2840,0.0,-19.200000000000003,14.8,25,-0.46,17,
C-B-1,3,1.43398,-29.4929,15.3109,1230,0.0,10.4,15.5,26,2840,0.0,-19.200000000000003,14.8,25,-0.422,17,
C-B-1,3,1.43501,-29.5313,15.3051,1229,0.0,9.600000000000001,15.5,26,2840,0.0,-19.200000000000003,14.8,25,-0.46,17,
C-B-1,3,1.43599,-29.4929,15.3109,1230,0.0,10.4,15.5,26,2840,0.0,-19.200000000000003,14.8,25,-0.422,17,
C-B-1,3,1.43698,-29.5313,15.3051,1229,0.0,9.600000000000001,15.5,26,2840,0.0,-19.200000000000003,14.8,25,-0.46,17,
C-B-1,3,1.438,-29.5313,15.3051,1229,0.0,9.600000000000001,15.5,26,2840,0.0,-19.200000000000003,14.8,25,-0.46,17,
C-B-1,3,1.439,-29.5313,15.3051,1229,0.0,9.600000000000001,15.5,26,2840,0.0,-19.200000000000003,14.8,25,-0.46,17,
C-B-1,3,1.43999,-29.5313,15.3051,1229,0.0,9.600000000000001,15.5,26,2840,0.0,-19.200000000000003,14.8,25,-0.46,17,
C-B-1,3,1.44099,-29.4929,15.3109,1230,0.0,10.4,15.5,26,2840,0.0,-19.200000000000003,14.8,25,-0.422,17,
C-B-1,3,1.442,-29.5313,15.3051,1229,0.0,9.600000000000001,15.5,26,2840,0.0,-19.200000000000003,14.8,25,-0.46,17,
C-B-1,3,1.44299,-29.5313,15.3051,1229,0.0,9.600000000000001,15.5,26,2840,0.0,-19.200000000000003,14.8,25,-0.46,17,
C-B-1,3,1.44399,-29.5313,15.3051,1229,0.0,9.600000000000001,15.5,26,2840,0.0,-19.200000000000003,14.8,25,-0.46,17,
C-B-1,3,1.44501,-29.4929,15.3109,1230,0.0,10.4,15.5,26,2840,0.0,-19.200000000000003,14.8,25,-0.422,17,
C-B-1,3,1.44599,-29.4929,15.3109,1230,0.0,10.4,15.5,26,2840,0.0,-19.200000000000003,14.8,25,-0.422,17,
C-B-1,3,1.44699,-29.5313,15.3051,1229,0.0,9.600000000000001,15.5,26,2840,0.0,-19.200000000000003,14.8,25,-0.46,17,
C-B-1,3,1.44801,-29.5313,15.3051,1229,0.0,9.600000000000001,15.5,26,2840,0.0,-19.200000000000003,14.8,25,-0.46,17,
C-B-1,3,1.44901,-29.4929,15.3109,1230,0.0,9.600000000000001,15.5,26,2840,0.0,-19.200000000000003,14.8,25,-0.422,17,
C-B-1,3,1.44999,-29.5313,15.3051,1229,0.0,9.600000000000001,15.5,26,2840,0.0,-19.200000000000003,14.8,25,-0.46,17,
C-B-1,3,1.45099,-29.5313,15.3051,1229,0.0,9.600000000000001,15.5,26,2840,0.0,-19.200000000000003,14.8,25,-0.46,17,
C-B-1,3,1.45201,-29.5313,15.3051,1229,0.0,9.600000000000001,15.5,26,2840,0.0,-19.200000000000003,14.8,25,-0.46,17,
C-B-1,3,1.45299,-29.5313,15.3051,1229,0.0,9.600000000000001,15.5,26,2840,0.0,-19.200000000000003,14.8,25,-0.46,17,
C-B-1,3,1.45399,-29.5313,15.3051,1229,0.0,9.600000000000001,15.5,26,2840,0.0,-19.200000000000003,14.8,25,-0.46,17,
C-B-1,3,1.45499,-29.4929,15.3109,1230,0.0,10.4,15.5,26,2840,0.0,-19.200000000000003,14.8,25,-0.422,17,
C-B-1,3,1.45601,-29.5313,15.3051,1229,0.0,9.600000000000001,15.5,26,2840,0.0,-19.200000000000003,14.8,25,-0.46,17,
C-B-1,3,1.45699,-29.5313,15.3051,1229,0.0,9.600000000000001,15.5,26,2840,0.0,-19.200000000000003,14.8,25,-0.46,17,
C-B-1,3,1.45799,-29.5313,15.3051,1229,0.0,9.600000000000001,15.5,26,2840,0.0,-19.200000000000003,14.8,25,-0.46,17,
C-B-1,3,1.45901,-29.5313,15.3051,1229,0.0,9.600000000000001,15.5,26,2840,0.0,-19.200000000000003,14.8,25,-0.46,17,
C-B-1,3,1.46001,-29.5313,15.3051,1229,0.0,9.600000000000001,15.5,26,2840,0.0,-19.200000000000003,14.8,25,-0.46,17,
C-B-1,3,1.46099,-29.4929,15.3109,1230,0.0,10.4,15.5,26,2840,0.0,-19.200000000000003,14.8,25,-0.422,17,
C-B-1,3,1.46199,-29.5313,15.3051,1229,0.0,9.600000000000001,15.5,26,2840,0.0,-19.200000000000003,14.8,25,-0.46,17,
C-B-1,3,1.46301,-29.5313,15.3051,1229,0.0,9.600000000000001,15.5,26,2840,0.0,-19.200000000000003,14.8,25,-0.46,17,
C-B-1,3,1.46399,-29.5313,15.3051,1229,0.0,9.600000000000001,15.5,26,2840,0.0,-19.200000000000003,14.8,25,-0.46,17,
C-B-1,3,1.46499,-29.5313,15.3051,1229,0.0,9.600000000000001,15.5,26,2840,0.0,-19.200000000000003,14.8,25,-0.46,17,
C-B-1,3,1.46601,-29.5313,15.3051,1229,0.0,9.600000000000001,15.5,26,2840,0.0,-19.200000000000003,14.8,25,-0.46,17,
C-B-1,3,1.46699,-29.4929,15.3109,1230,0.0,10.4,15.5,26,2840,0.0,-19.200000000000003,14.8,25,-0.422,17,
C-B-1,3,1.46799,-29.4929,15.3109,1230,0.0,10.4,15.5,26,2839,0.0,-20.0,14.8,25,-0.46,17,
C-B-1,3,1.46899,-29.4929,15.3109,1230,0.0,10.4,15.5,26,2840,0.0,-19.200000000000003,14.8,25,-0.422,17,
C-B-1,3,1.47001,-29.5313,15.3051,1229,0.0,9.600000000000001,15.5,26,2840,0.0,-19.200000000000003,14.8,25,-0.46,17,
C-B-1,3,1.471,-29.4929,15.3109,1230,0.0,10.4,15.5,26,2840,0.0,-19.200000000000003,14.8,25,-0.422,17,
C-B-1,3,1.47199,-29.4929,15.3109,1230,0.0,10.4,15.5,26,2840,0.0,-19.200000000000003,14.8,25,-0.422,17,
C-B-1,3,1.47301,-29.4929,15.3109,1230,0.0,10.4,15.5,26,2840,0.0,-19.200000000000003,14.8,25,-0.422,17,
C-B-1,3,1.474,-29.4929,15.3109,1230,0.0,10.4,15.5,26,2840,0.0,-19.200000000000003,14.8,25,-0.422,17,
C-B-1,3,1.47499,-29.4929,15.3109,1230,0.0,10.4,15.5,26,2840,0.0,-19.200000000000003,14.8,25,-0.422,17,
C-B-1,3,1.47601,-29.4929,15.3109,1230,0.0,10.4,15.5,26,2840,0.0,-19.200000000000003,14.8,25,-0.422,17,
C-B-1,3,1.477,-29.4929,15.3109,1230,0.0,10.4,15.5,26,2840,0.0,-19.200000000000003,14.8,25,-0.422,17,
C-B-1,3,1.47799,-29.4929,15.3109,1230,0.0,10.4,15.5,26,2840,0.0,-19.200000000000003,14.8,25,-0.422,17,
C-B-1,3,1.47901,-29.4929,15.3109,1230,0.0,10.4,15.5,26,2840,0.0,-19.200000000000003,14.8,25,-0.422,17,
C-B-1,3,1.48,-29.4929,15.3109,1230,0.0,10.4,15.5,26,2840,0.0,-19.200000000000003,14.8,25,-0.422,17,
C-B-1,3,1.48099,-29.4929,15.3109,1230,0.0,10.4,15.5,26,2839,0.0,-20.0,14.8,25,-0.46,17,
C-B-1,3,1.48201,-29.4929,15.3109,1230,0.0,10.4,15.5,26,2840,0.0,-19.200000000000003,14.8,25,-0.422,17,
C-B-1,3,1.483,-29.4929,15.3109,1230,0.0,10.4,15.5,26,2840,0.0,-19.200000000000003,14.8,25,-0.422,17,
C-B-1,3,1.484,-29.4929,15.3109,1230,0.0,10.4,15.5,26,2840,0.0,-19.200000000000003,14.8,25,-0.422,17,
C-B-1,3,1.48502,-29.4929,15.3109,1230,0.0,10.4,15.5,26,2839,0.0,-20.0,14.8,25,-0.46,17,
C-B-1,3,1.486,-29.4929,15.3109,1230,0.0,10.4,15.5,26,2839,0.0,-20.0,14.8,25,-0.46,17,
C-B-1,3,1.487,-29.4929,15.3109,1230,0.0,10.4,15.5,26,2840,0.0,-19.200000000000003,14.8,25,-0.422,17,
C-B-1,3,1.48801,-29.4929,15.3109,1230,0.0,10.4,15.5,26,2839,0.0,-20.0,14.8,25,-0.46,17,
C-B-1,3,1.489,-29.4929,15.3109,1230,0.0,10.4,15.5,26,2839,0.0,-20.0,14.8,25,-0.46,17,
C-B-1,3,1.49001,-29.4929,15.3109,1230,0.0,10.4,15.5,26,2839,0.0,-20.0,14.8,25,-0.46,17,
C-B-1,3,1.49102,-29.4929,15.3109,1230,0.0,10.4,15.5,26,2840,0.0,-19.200000000000003,14.8,25,-0.422,17,
C-B-1,3,1.492,-29.4929,15.3109,1230,0.0,10.4,15.5,26,2839,0.0,-20.0,14.8,25,-0.46,17,
C-B-1,3,1.493,-29.4929,15.3109,1230,0.0,10.4,15.5,26,2839,0.0,-20.0,14.8,25,-0.46,17,
C-B-1,3,1.49402,-29.4929,15.3109,1230,0.0,10.4,15.5,26,2839,0.0,-20.0,14.8,25,-0.46,17,
C-B-1,3,1.495,-29.4929,15.3109,1230,0.0,10.4,15.5,26,2839,0.0,-20.0,14.8,25,-0.46,17,
C-B-1,3,1.496,-29.4929,15.3109,1230,0.0,10.4,15.5,26,2839,0.0,-20.0,14.8,25,-0.46,17,
C-B-1,3,1.49702,-29.4929,15.3109,1230,0.0,10.4,15.5,26,2839,0.0,-20.0,14.8,25,-0.46,17,
C-B-1,3,1.498,-29.4929,15.3109,1230,0.0,10.4,14.2,26,2839,0.0,-20.0,14.3,25,-0.46,17,
C-B-1,3,1.499,-29.4929,15.3109,1230,0.0,10.4,14.2,26,2839,0.0,-20.0,14.3,25,-0.46,17,
C-B-1,3,1.50002,-29.4929,15.3109,1230,0.0,10.4,14.2,26,2839,0.0,-20.0,14.3,25,-0.46,17,
C-B-1,3,1.501,-29.4929,15.3109,1230,0.0,10.4,14.2,26,2839,0.0,-20.0,14.3,25,-0.46,17,
C-B-1,3,1.502,-29.4929,15.3109,1230,0.0,10.4,14.2,26,2839,0.0,-20.0,14.3,25,-0.46,17,
C-B-1,3,1.50302,-29.4929,15.3109,1230,0.0,10.4,14.2,26,2839,0.0,-20.0,14.3,25,-0.46,17,
C-B-1,3,1.504,-29.4929,15.3109,1230,0.0,10.4,14.2,26,2839,0.0,-20.0,14.3,25,-0.46,17,
C-B-1,3,1.505,-29.4929,15.3109,1230,0.0,10.4,14.2,26,2839,0.0,-20.0,14.3,25,-0.46,17,
C-B-1,3,1.50602,-29.4929,15.3109,1230,0.0,10.4,14.2,26,2839,0.0,-20.0,14.3,25,-0.46,17,
C-B-1,3,1.507,-29.4929,15.3109,1230,0.0,10.4,14.2,26,2839,0.0,-20.0,14.3,25,-0.46,17,
C-B-1,3,1.508,-29.4929,15.3109,1230,0.0,10.4,14.2,26,2839,0.0,-20.0,14.3,25,-0.46,17,
C-B-1,3,1.50902,-29.4929,15.3109,1230,0.0,10.4,14.2,26,2839,0.0,-20.0,14.3,25,-0.46,17,
C-B-1,3,1.51,-29.4929,15.3109,1230,0.0,10.4,14.2,26,2839,0.0,-20.0,14.3,25,-0.46,17,
C-B-1,3,1.511,-29.4929,15.3109,1230,0.0,10.4,14.2,26,2839,0.0,-20.0,14.3,25,-0.46,17,
C-B-1,3,1.51202,-29.4545,15.3167,1231,0.0,11.200000000000001,14.2,26,2839,0.0,-20.0,14.3,25,-0.422,17,
C-B-1,3,1.513,-29.4929,15.3109,1230,0.0,10.4,14.2,26,2839,0.0,-20.0,14.3,25,-0.46,17,
C-B-1,3,1.514,-29.4929,15.3109,1230,0.0,10.4,14.2,26,2839,0.0,-20.0,14.3,25,-0.46,17,
C-B-1,3,1.51502,-29.4545,15.3167,1231,0.0,11.200000000000001,14.2,26,2839,0.0,-20.0,14.3,25,-0.422,17,
C-B-1,3,1.51601,-29.4929,15.3109,1230,0.0,10.4,14.2,26,2839,0.0,-20.0,14.3,25,-0.46,17,
C-B-1,3,1.517,-29.4929,15.3109,1230,0.0,10.4,14.2,26,2839,0.0,-20.0,14.3,25,-0.46,17,
C-B-1,3,1.51802,-29.4929,15.3109,1230,0.0,10.4,14.2,26,2839,0.0,-20.0,14.3,25,-0.46,17,
C-B-1,3,1.51901,-29.4929,15.3109,1230,0.0,10.4,14.2,26,2839,0.0,-20.0,14.3,25,-0.46,17,
C-B-1,3,1.52,-29.4545,15.3167,1231,0.0,11.200000000000001,14.2,26,2839,0.0,-20.0,14.3,25,-0.422,17,
C-B-1,3,1.52102,-29.4929,15.3109,1230,0.0,10.4,14.2,26,2839,0.0,-20.0,14.3,25,-0.46,17,
C-B-1,3,1.52201,-29.4545,15.3167,1231,0.0,11.200000000000001,14.2,26,2839,0.0,-20.0,14.3,25,-0.422,17,
C-B-1,3,1.523,-29.4929,15.3109,1230,0.0,10.4,14.2,26,2838,0.0,-20.8,14.3,25,-0.499,17,
C-B-1,3,1.52402,-29.4929,15.3109,1230,0.0,10.4,14.2,26,2839,0.0,-20.0,14.3,25,-0.46,17,
C-B-1,3,1.52501,-29.4929,15.3109,1230,0.0,10.4,14.2,26,2838,0.0,-20.8,14.3,25,-0.499,17,
C-B-1,3,1.526,-29.4929,15.3109,1230,0.0,10.4,14.2,26,2838,0.0,-20.8,14.3,25,-0.499,17,
C-B-1,3,1.52702,-29.4545,15.3167,1231,0.0,11.200000000000001,14.2,26,2838,0.0,-20.8,14.3,25,-0.46,17,
C-B-1,3,1.52801,-29.4545,15.3167,1231,0.0,11.200000000000001,14.2,26,2838,0.0,-20.8,14.3,25,-0.46,17,
C-B-1,3,1.52901,-29.4545,15.3167,1231,0.0,11.200000000000001,14.2,26,2838,0.0,-20.8,14.3,25,-0.46,17,
C-B-1,3,1.53002,-29.4929,15.3109,1230,0.0,10.4,14.2,26,2839,0.0,-20.0,14.3,25,-0.46,17,
C-B-1,3,1.53101,-29.4929,15.3109,1230,0.0,10.4,14.2,26,2838,0.0,-20.8,14.3,25,-0.499,17,
C-B-1,3,1.53201,-29.4545,15.3167,1231,0.0,11.200000000000001,14.2,26,2838,0.0,-20.8,14.3,25,-0.46,17,
C-B-1,3,1.53303,-29.4545,15.3167,1231,0.0,11.200000000000001,14.2,26,2838,0.0,-20.8,14.3,25,-0.46,17,
C-B-1,3,1.53401,-29.4929,15.3109,1230,0.0,10.4,14.2,26,2838,0.0,-20.8,14.3,25,-0.499,17,
C-B-1,3,1.535,-29.4545,15.3167,1231,0.0,11.200000000000001,14.2,26,2838,0.0,-20.8,14.3,25,-0.46,17,
C-B-1,3,1.53603,-29.4545,15.3167,1231,0.0,11.200000000000001,14.2,26,2838,0.0,-20.8,14.3,25,-0.46,17,
C-B-1,3,1.53701,-29.4545,15.3167,1231,0.0,11.200000000000001,14.2,26,2838,0.0,-20.8,14.3,25,-0.46,17,
C-B-1,3,1.53801,-29.4545,15.3167,1231,0.0,11.200000000000001,14.2,26,2839,0.0,-20.0,14.3,25,-0.422,17,
C-B-1,3,1.53904,-29.4545,15.3167,1231,0.0,11.200000000000001,14.2,26,2838,0.0,-20.8,14.3,25,-0.46,17,
C-B-1,3,1.54002,-29.4545,15.3167,1231,0.0,10.4,14.2,26,2838,0.0,-20.8,14.3,25,-0.46,17,
C-B-1,3,1.54101,-29.4929,15.3109,1230,0.0,10.4,14.2,26,2839,0.0,-20.0,14.3,25,-0.46,17,
C-B-1,3,1.54203,-29.4545,15.3167,1231,0.0,11.200000000000001,14.2,26,2838,0.0,-20.8,14.3,25,-0.46,17,
C-B-1,3,1.54301,-29.4545,15.3167,1231,0.0,11.200000000000001,14.2,26,2838,0.0,-20.8,14.3,25,-0.46,17,
C-B-1,3,1.54401,-29.4545,15.3167,1231,0.0,11.200000000000001,14.2,26,2838,0.0,-20.8,14.3,25,-0.46,17,
C-B-1,3,1.54501,-29.4545,15.3167,1231,0.0,11.200000000000001,14.2,26,2838,0.0,-20.8,14.3,25,-0.46,17,
C-B-1,3,1.54601,-29.4545,15.3167,1231,0.0,11.200000000000001,14.2,26,2838,0.0,-20.8,14.3,25,-0.46,17,
C-B-1,3,1.54701,-29.4545,15.3167,1231,0.0,11.200000000000001,14.2,26,2838,0.0,-20.8,14.3,25,-0.46,17,
C-B-1,3,1.54803,-29.4545,15.3167,1231,0.0,11.200000000000001,14.2,26,2838,0.0,-20.8,14.3,25,-0.46,17,
C-B-1,3,1.54901,-29.4545,15.3167,1231,0.0,11.200000000000001,14.2,26,2838,0.0,-20.8,14.3,25,-0.46,17,
C-B-1,3,1.55001,-29.4545,15.3167,1231,0.0,11.200000000000001,14.2,26,2838,0.0,-20.8,14.3,25,-0.46,17,
C-B-1,3,1.55103,-29.4545,15.3167,1231,0.0,11.200000000000001,14.2,26,2838,0.0,-20.8,14.3,25,-0.46,17,
C-B-1,3,1.55203,-29.4545,15.3167,1231,0.0,11.200000000000001,14.2,26,2838,0.0,-20.8,14.3,25,-0.46,17,
C-B-1,3,1.55301,-29.4545,15.3167,1231,0.0,11.200000000000001,14.2,26,2839,0.0,-20.0,14.3,25,-0.422,17,
C-B-1,3,1.55401,-29.4545,15.3167,1231,0.0,11.200000000000001,14.2,26,2838,0.0,-20.8,14.3,25,-0.46,17,
C-B-1,3,1.55503,-29.4545,15.3167,1231,0.0,11.200000000000001,14.2,26,2838,0.0,-20.8,14.3,25,-0.46,17,
C-B-1,3,1.55602,-29.4545,15.3167,1231,0.0,11.200000000000001,14.2,26,2839,0.0,-20.0,14.3,25,-0.422,17,
C-B-1,3,1.55701,-29.4545,15.3167,1231,0.0,11.200000000000001,14.2,26,2838,0.0,-20.8,14.3,25,-0.46,17,
C-B-1,3,1.55801,-29.4545,15.3167,1231,0.0,11.200000000000001,14.2,26,2838,0.0,-20.8,14.3,25,-0.46,17,
C-B-1,3,1.55902,-29.4545,15.3167,1231,0.0,11.200000000000001,14.2,26,2838,0.0,-20.8,14.3,25,-0.46,17,
C-B-1,3,1.56001,-29.4545,15.3167,1231,0.0,11.200000000000001,14.2,26,2838,0.0,-20.8,14.3,25,-0.46,17,
C-B-1,3,1.56103,-29.4545,15.3167,1231,0.0,11.200000000000001,14.2,26,2838,0.0,-20.8,14.3,25,-0.46,17,
C-B-1,3,1.56202,-29.4545,15.3167,1231,0.0,11.200000000000001,14.2,26,2838,0.0,-20.8,14.3,25,-0.46,17,
C-B-1,3,1.56301,-29.4545,15.3167,1231,0.0,11.200000000000001,14.2,26,2838,0.0,-20.8,14.3,25,-0.46,17,
C-B-1,3,1.56404,-29.4545,15.3167,1231,0.0,11.200000000000001,14.2,26,2838,0.0,-20.8,14.3,25,-0.46,17,
C-B-1,3,1.56502,-29.4545,15.3167,1231,0.0,11.200000000000001,14.2,26,2838,0.0,-20.8,14.3,25,-0.46,17,
C-B-1,3,1.56602,-29.4545,15.3167,1231,0.0,11.200000000000001,14.2,26,2838,0.0,-20.8,14.3,25,-0.46,17,
C-B-1,3,1.56704,-29.4545,15.3167,1231,0.0,11.200000000000001,14.2,26,2839,0.0,-20.0,14.3,25,-0.422,17,
C-B-1,3,1.56802,-29.4545,15.3167,1231,0.0,11.200000000000001,14.2,26,2838,0.0,-20.8,14.3,25,-0.46,17,
C-B-1,3,1.56902,-29.4545,15.3167,1231,0.0,11.200000000000001,14.2,26,2838,0.0,-20.8,14.3,25,-0.46,17,
C-B-1,3,1.57001,-29.4545,15.3167,1231,0.0,11.200000000000001,14.2,26,2838,0.0,-20.8,14.3,25,-0.46,17,
C-B-1,3,1.57101,-29.4545,15.3167,1231,0.0,11.200000000000001,14.2,26,2838,0.0,-20.8,14.3,25,-0.46,17,
C-B-1,3,1.57202,-29.4929,15.3109,1230,0.0,10.4,14.2,26,2838,0.0,-20.8,14.3,25,-0.499,17,
C-B-1,3,1.57302,-29.4929,15.3109,1230,0.0,10.4,14.2,26,2838,0.0,-20.8,14.3,25,-0.499,17,
C-B-1,3,1.57402,-29.4545,15.3167,1231,0.0,11.200000000000001,14.2,26,2838,0.0,-20.8,14.3,25,-0.46,17,
C-B-1,3,1.57502,-29.4545,15.3167,1231,0.0,11.200000000000001,14.2,26,2838,0.0,-20.8,14.3,25,-0.46,17,
C-B-1,3,1.57602,-29.4929,15.3109,1230,0.0,10.4,14.2,26,2838,0.0,-20.8,14.3,25,-0.499,17,
C-B-1,3,1.57702,-29.4545,15.3167,1231,0.0,11.200000000000001,14.2,26,2838,0.0,-20.8,14.3,25,-0.46,17,
C-B-1,3,1.57802,-29.4545,15.3167,1231,0.0,11.200000000000001,14.2,26,2838,0.0,-20.8,14.3,25,-0.46,17,
C-B-1,3,1.57904,-29.4545,15.3167,1231,0.0,11.200000000000001,14.2,26,2838,0.0,-20.8,14.3,25,-0.46,17,
C-B-1,3,1.58002,-29.4545,15.3167,1231,0.0,11.200000000000001,14.2,26,2838,0.0,-20.8,14.3,25,-0.46,17,
C-B-1,3,1.58102,-29.4929,15.3109,1230,0.0,10.4,14.2,26,2839,0.0,-20.0,14.3,25,-0.46,17,
C-B-1,3,1.58202,-29.4545,15.3167,1231,0.0,11.200000000000001,14.2,26,2838,0.0,-20.8,14.3,25,-0.46,17,
C-B-1,3,1.58304,-29.4929,15.3109,1230,0.0,10.4,14.2,26,2838,0.0,-20.8,14.3,25,-0.499,17,
C-B-1,3,1.58402,-29.4545,15.3167,1231,0.0,11.200000000000001,14.2,26,2838,0.0,-20.8,14.3,25,-0.46,17,
C-B-1,3,1.58502,-29.4545,15.3167,1231,0.0,11.200000000000001,14.2,26,2838,0.0,-20.8,14.3,25,-0.46,17,
C-B-1,3,1.58602,-29.4929,15.3109,1230,0.0,10.4,14.2,26,2838,0.0,-20.8,14.3,25,-0.499,17,
C-B-1,3,1.58702,-29.4929,15.3109,1230,0.0,10.4,14.2,26,2838,0.0,-20.8,14.3,25,-0.499,17,
C-B-1,3,1.58802,-29.4545,15.3167,1231,0.0,11.200000000000001,14.2,26,2838,0.0,-20.8,14.3,25,-0.46,17,
C-B-1,3,1.58902,-29.4929,15.3109,1230,0.0,10.4,14.2,26,2839,0.0,-20.0,14.3,25,-0.46,17,
C-B-1,3,1.59002,-29.4929,15.3109,1230,0.0,10.4,14.2,26,2839,0.0,-20.0,14.3,25,-0.46,17,
C-B-1,3,1.59102,-29.4929,15.3109,1230,0.0,10.4,14.2,26,2838,0.0,-20.8,14.3,25,-0.499,17,
C-B-1,3,1.59202,-29.4929,15.3109,1230,0.0,10.4,14.2,26,2838,0.0,-20.8,14.3,25,-0.499,17,
C-B-1,3,1.59302,-29.4929,15.3109,1230,0.0,10.4,14.2,26,2839,0.0,-20.0,14.3,25,-0.46,17,
C-B-1,3,1.59404,-29.4929,15.3109,1230,0.0,10.4,14.2,26,2838,0.0,-20.8,14.3,25,-0.499,17,
C-B-1,3,1.59504,-29.4929,15.3109,1230,0.0,10.4,14.2,26,2838,0.0,-20.8,14.3,25,-0.499,17,
C-B-1,3,1.59602,-29.4929,15.3109,1230,0.0,10.4,14.2,26,2838,0.0,-20.8,14.3,25,-0.499,17,
C-B-1,3,1.59702,-29.4929,15.3109,1230,0.0,10.4,14.2,26,2839,0.0,-20.0,14.3,25,-0.46,17,
C-B-1,3,1.59802,-29.4545,15.3167,1231,0.0,11.200000000000001,14.2,26,2839,0.0,-20.0,14.3,25,-0.422,17,
C-B-1,3,1.59902,-29.4545,15.3167,1231,0.0,11.200000000000001,14.2,26,2839,0.0,-20.0,14.3,25,-0.422,17,
C-B-1,3,1.60002,-29.4929,15.3109,1230,0.0,10.4,14.2,26,2839,0.0,-20.0,14.3,25,-0.46,17,
C-B-1,3,1.60102,-29.4545,15.3167,1231,0.0,11.200000000000001,14.2,26,2838,0.0,-20.8,14.3,25,-0.46,17,
C-B-1,3,1.60204,-29.4929,15.3109,1230,0.0,10.4,14.2,26,2839,0.0,-20.0,14.3,25,-0.46,17,
C-B-1,3,1.60302,-29.4545,15.3167,1231,0.0,11.200000000000001,14.2,26,2838,0.0,-20.8,14.3,25,-0.46,17,
C-B-1,3,1.60403,-29.4545,15.3167,1231,0.0,11.200000000000001,14.2,26,2839,0.0,-20.0,14.3,25,-0.422,17,
C-B-1,3,1.60502,-29.4929,15.3109,1230,0.0,10.4,14.2,26,2839,0.0,-20.0,14.3,25,-0.46,17,
C-B-1,3,1.60602,-29.4929,15.3109,1230,0.0,10.4,14.2,26,2839,0.0,-20.0,14.3,25,-0.46,17,
C-B-1,3,1.60703,-29.4929,15.3109,1230,0.0,10.4,14.2,26,2839,0.0,-20.0,14.3,25,-0.46,17,
C-B-1,3,1.60802,-29.4929,15.3109,1230,0.0,10.4,14.2,26,2839,0.0,-20.0,14.3,25,-0.46,17,
C-B-1,3,1.60902,-29.4929,15.3109,1230,0.0,10.4,14.2,26,2839,0.0,-20.0,14.3,25,-0.46,17,
C-B-1,3,1.61002,-29.4929,15.3109,1230,0.0,10.4,14.2,26,2839,0.0,-20.0,14.3,25,-0.46,17,
C-B-1,3,1.61104,-29.4929,15.3109,1230,0.0,10.4,14.2,26,2839,0.0,-20.0,14.3,25,-0.46,17,
C-B-1,3,1.61204,-29.4929,15.3109,1230,0.0,10.4,14.2,26,2839,0.0,-20.0,14.3,25,-0.46,17,
C-B-1,3,1.61304,-29.4929,15.3109,1230,0.0,10.4,14.2,26,2839,0.0,-20.0,14.3,25,-0.46,17,
C-B-1,3,1.61403,-29.4929,15.3109,1230,0.0,10.4,14.2,26,2839,0.0,-20.0,14.3,25,-0.46,17,
C-B-1,3,1.61503,-29.4929,15.3109,1230,0.0,10.4,14.9,26,2839,0.0,-20.0,14.7,25,-0.46,17,
C-B-1,3,1.61602,-29.4929,15.3109,1230,0.0,10.4,14.9,26,2839,0.0,-20.0,14.7,25,-0.46,17,
C-B-1,3,1.61705,-29.4929,15.3109,1230,0.0,10.4,14.9,26,2839,0.0,-20.0,14.7,25,-0.46,17,
C-B-1,3,1.61803,-29.4929,15.3109,1230,0.0,10.4,14.9,26,2839,0.0,-20.0,14.7,25,-0.46,17,
C-B-1,3,1.61903,-29.4929,15.3109,1230,0.0,10.4,14.9,26,2839,0.0,-20.0,14.7,25,-0.46,17,
C-B-1,3,1.62003,-29.4929,15.3109,1230,0.0,10.4,14.9,26,2839,0.0,-20.0,14.7,25,-0.46,17,
C-B-1,3,1.62103,-29.4929,15.3109,1230,0.0,10.4,14.9,26,2839,0.0,-20.0,14.7,25,-0.46,17,
C-B-1,3,1.62203,-29.4929,15.3109,1230,0.0,10.4,14.9,26,2839,0.0,-20.0,14.7,25,-0.46,17,
C-B-1,3,1.62303,-29.4929,15.3109,1230,0.0,10.4,14.9,26,2839,0.0,-20.0,14.7,25,-0.46,17,
C-B-1,3,1.62405,-29.4929,15.3109,1230,0.0,10.4,14.9,26,2839,0.0,-20.0,14.7,25,-0.46,17,
C-B-1,3,1.62503,-29.4929,15.3109,1230,0.0,10.4,14.9,26,2839,0.0,-20.0,14.7,25,-0.46,17,
C-B-1,3,1.62603,-29.4929,15.3109,1230,0.0,10.4,14.9,26,2839,0.0,-20.0,14.7,25,-0.46,17,
C-B-1,3,1.62703,-29.4929,15.3109,1230,0.0,10.4,14.9,26,2839,0.0,-20.0,14.7,25,-0.46,17,
C-B-1,3,1.62805,-29.4929,15.3109,1230,0.0,10.4,14.9,26,2839,0.0,-20.0,14.7,25,-0.46,17,
C-B-1,3,1.62903,-29.4929,15.3109,1230,0.0,10.4,14.9,26,2839,0.0,-20.0,14.7,25,-0.46,17,
C-B-1,3,1.63003,-29.4929,15.3109,1230,0.0,10.4,14.9,26,2839,0.0,-20.0,14.7,25,-0.46,17,
C-B-1,3,1.63105,-29.4929,15.3109,1230,0.0,10.4,14.9,26,2839,0.0,-20.0,14.7,25,-0.46,17,
C-B-1,3,1.63203,-29.4929,15.3109,1230,0.0,10.4,14.9,26,2839,0.0,-20.0,14.7,25,-0.46,17,
C-B-1,3,1.63303,-29.4929,15.3109,1230,0.0,10.4,14.9,26,2839,0.0,-20.0,14.7,25,-0.46,17,
C-B-1,3,1.63403,-29.4929,15.3109,1230,0.0,10.4,14.9,26,2839,0.0,-20.0,14.7,25,-0.46,17,
C-B-1,3,1.63503,-29.4929,15.3109,1230,0.0,10.4,14.9,26,2839,0.0,-20.0,14.7,25,-0.46,17,
C-B-1,3,1.63603,-29.4929,15.3109,1230,0.0,10.4,14.9,26,2839,0.0,-20.0,14.7,25,-0.46,17,
C-B-1,3,1.63701,-29.4929,15.3109,1230,0.0,10.4,14.9,26,2840,0.0,-19.200000000000003,14.7,25,-0.422,17,
C-B-1,3,1.63803,-29.4929,15.3109,1230,0.0,10.4,14.9,26,2839,0.0,-20.0,14.7,25,-0.46,17,
C-B-1,3,1.63903,-29.4929,15.3109,1230,0.0,10.4,14.9,26,2839,0.0,-20.0,14.7,25,-0.46,17,
C-B-1,3,1.64003,-29.4929,15.3109,1230,0.0,10.4,14.9,26,2839,0.0,-20.0,14.7,25,-0.46,17,
C-B-1,3,1.64103,-29.4929,15.3109,1230,0.0,10.4,14.9,26,2839,0.0,-20.0,14.7,25,-0.46,17,
C-B-1,3,1.64203,-29.4929,15.3109,1230,0.0,10.4,14.9,26,2839,0.0,-20.0,14.7,25,-0.46,17,
C-B-1,3,1.64301,-29.4929,15.3109,1230,0.0,10.4,14.9,26,2839,0.0,-20.0,14.7,25,-0.46,17,
C-B-1,3,1.64403,-29.4929,15.3109,1230,0.0,10.4,14.9,26,2840,0.0,-19.200000000000003,14.7,25,-0.422,17,
C-B-1,3,1.64503,-29.4929,15.3109,1230,0.0,10.4,14.9,26,2839,0.0,-20.0,14.7,25,-0.46,17,
C-B-1,3,1.64604,-29.4929,15.3109,1230,0.0,10.4,14.9,26,2839,0.0,-20.0,14.7,25,-0.46,17,
C-B-1,3,1.64703,-29.4929,15.3109,1230,0.0,10.4,14.9,26,2839,0.0,-20.0,14.7,25,-0.46,17,
C-B-1,3,1.64803,-29.4929,15.3109,1230,0.0,10.4,14.9,26,2839,0.0,-20.0,14.7,25,-0.46,17,
C-B-1,3,1.64903,-29.4929,15.3109,1230,0.0,10.4,14.9,26,2839,0.0,-20.0,14.7,25,-0.46,17,
C-B-1,3,1.65002,-29.4929,15.3109,1230,0.0,10.4,14.9,26,2839,0.0,-20.0,14.7,25,-0.46,17,
C-B-1,3,1.65103,-29.4929,15.3109,1230,0.0,10.4,14.9,26,2839,0.0,-20.0,14.7,25,-0.46,17,
C-B-1,3,1.65202,-29.4929,15.3109,1230,0.0,10.4,14.9,26,2840,0.0,-19.200000000000003,14.7,25,-0.422,17,
C-B-1,3,1.65303,-29.4929,15.3109,1230,0.0,10.4,14.9,26,2840,0.0,-19.200000000000003,14.7,25,-0.422,17,
C-B-1,3,1.65402,-29.4929,15.3109,1230,0.0,10.4,14.9,26,2839,0.0,-20.0,14.7,25,-0.46,17,
C-B-1,3,1.65503,-29.4929,15.3109,1230,0.0,10.4,14.9,26,2839,0.0,-20.0,14.7,25,-0.46,17,
C-B-1,3,1.65603,-29.4929,15.3109,1230,0.0,10.4,14.9,26,2840,0.0,-19.200000000000003,14.7,25,-0.422,17,
C-B-1,3,1.65704,-29.4929,15.3109,1230,0.0,10.4,14.9,26,2839,0.0,-20.0,14.7,25,-0.46,17,
C-B-1,3,1.65802,-29.4929,15.3109,1230,0.0,10.4,14.9,26,2839,0.0,-20.0,14.7,25,-0.46,17,
C-B-1,3,1.65904,-29.4929,15.3109,1230,0.0,10.4,14.9,26,2839,0.0,-20.0,14.7,25,-0.46,17,
C-B-1,3,1.66003,-29.4929,15.3109,1230,0.0,10.4,14.9,26,2840,0.0,-19.200000000000003,14.7,25,-0.422,17,
C-B-1,3,1.66102,-29.4929,15.3109,1230,0.0,10.4,14.9,26,2840,0.0,-19.200000000000003,14.7,25,-0.422,17,
C-B-1,3,1.66204,-29.4929,15.3109,1230,0.0,10.4,14.9,26,2839,0.0,-20.0,14.7,25,-0.46,17,
C-B-1,3,1.66304,-29.4929,15.3109,1230,0.0,10.4,14.9,26,2840,0.0,-19.200000000000003,14.7,25,-0.422,17,
C-B-1,3,1.66402,-29.4929,15.3109,1230,0.0,10.4,14.9,26,2839,0.0,-20.0,14.7,25,-0.46,17,
C-B-1,3,1.66504,-29.4929,15.3109,1230,0.0,10.4,14.9,26,2840,0.0,-19.200000000000003,14.7,25,-0.422,17,
C-B-1,3,1.66604,-29.4929,15.3109,1230,0.0,10.4,14.9,26,2839,0.0,-20.0,14.7,25,-0.46,17,
C-B-1,3,1.66702,-29.4929,15.3109,1230,0.0,10.4,14.9,26,2839,0.0,-20.0,14.7,25,-0.46,17,
C-B-1,3,1.66804,-29.4929,15.3109,1230,0.0,10.4,14.9,26,2839,0.0,-20.0,14.7,25,-0.46,17,
C-B-1,3,1.66904,-29.4929,15.3109,1230,0.0,10.4,14.9,26,2840,0.0,-19.200000000000003,14.7,25,-0.422,17,
C-B-1,3,1.67004,-29.4929,15.3109,1230,0.0,10.4,14.9,26,2839,0.0,-20.0,14.7,25,-0.46,17,
C-B-1,3,1.67102,-29.4929,15.3109,1230,0.0,10.4,14.9,26,2839,0.0,-20.0,14.7,25,-0.46,17,
C-B-1,3,1.67204,-29.4929,15.3109,1230,0.0,10.4,14.9,26,2839,0.0,-20.0,14.7,25,-0.46,17,
C-B-1,3,1.67302,-29.4929,15.3109,1230,0.0,10.4,14.9,26,2839,0.0,-20.0,14.7,25,-0.46,17,
C-B-1,3,1.67404,-29.4929,15.3109,1230,0.0,10.4,14.9,26,2839,0.0,-20.0,14.7,25,-0.46,17,
C-B-1,3,1.67504,-29.4929,15.3109,1230,0.0,10.4,14.9,26,2839,0.0,-20.0,14.7,25,-0.46,17,
C-B-1,3,1.67602,-29.4929,15.3109,1230,0.0,10.4,14.9,26,2839,0.0,-20.0,14.7,25,-0.46,17,
C-B-1,3,1.67704,-29.4929,15.3109,1230,0.0,10.4,14.9,26,2839,0.0,-20.0,14.7,25,-0.46,17,
C-B-1,3,1.67802,-29.4929,15.3109,1230,0.0,10.4,14.9,26,2840,0.0,-19.200000000000003,14.7,25,-0.422,17,
C-B-1,3,1.67904,-29.4929,15.3109,1230,0.0,10.4,14.9,26,2839,0.0,-20.0,14.7,25,-0.46,17,
C-B-1,3,1.68004,-29.4929,15.3109,1230,0.0,10.4,14.9,26,2839,0.0,-20.0,14.7,25,-0.46,17,
C-B-1,3,1.68102,-29.4929,15.3109,1230,0.0,10.4,14.9,26,2839,0.0,-20.0,14.7,25,-0.46,17,
C-B-1,3,1.68204,-29.4929,15.3109,1230,0.0,10.4,14.9,26,2839,0.0,-20.0,14.7,25,-0.46,17,
C-B-1,3,1.68304,-29.4929,15.3109,1230,0.0,10.4,14.9,26,2839,0.0,-20.0,14.7,25,-0.46,17,
C-B-1,3,1.68402,-29.4929,15.3109,1230,0.0,10.4,14.9,26,2839,0.0,-20.0,14.7,25,-0.46,17,
C-B-1,3,1.68504,-29.4929,15.3109,1230,0.0,10.4,14.9,26,2839,0.0,-20.0,14.7,25,-0.46,17,
C-B-1,3,1.68602,-29.4929,15.3109,1230,0.0,10.4,14.9,26,2839,0.0,-20.0,14.7,25,-0.46,17,
C-B-1,3,1.68704,-29.4929,15.3109,1230,0.0,10.4,14.9,26,2839,0.0,-20.0,14.7,25,-0.46,17,
C-B-1,3,1.68804,-29.4929,15.3109,1230,0.0,10.4,14.9,26,2839,0.0,-20.0,14.7,25,-0.46,17,
C-B-1,3,1.68902,-29.4929,15.3109,1230,0.0,10.4,14.9,26,2839,0.0,-20.0,14.7,25,-0.46,17,
C-B-1,3,1.69002,-29.4929,15.3109,1230,0.0,10.4,14.9,26,2839,0.0,-20.0,14.7,25,-0.46,17,
C-B-1,3,1.69104,-29.4929,15.3109,1230,0.0,10.4,14.9,26,2839,0.0,-20.0,14.7,25,-0.46,17,
C-B-1,3,1.69204,-29.4929,15.3109,1230,0.0,10.4,14.9,26,2839,0.0,-20.0,14.7,25,-0.46,17,
C-B-1,3,1.69302,-29.4929,15.3109,1230,0.0,10.4,14.9,26,2839,0.0,-20.0,14.7,25,-0.46,17,
C-B-1,3,1.69402,-29.4929,15.3109,1230,0.0,10.4,14.9,26,2839,0.0,-20.0,14.7,25,-0.46,17,
C-B-1,3,1.69503,-29.4929,15.3109,1230,0.0,10.4,14.9,26,2839,0.0,-20.0,14.7,25,-0.46,17,
C-B-1,3,1.69602,-29.4929,15.3109,1230,0.0,10.4,14.9,26,2839,0.0,-20.0,14.7,25,-0.46,17,
C-B-1,3,1.69704,-29.4929,15.3109,1230,0.0,10.4,14.9,26,2839,0.0,-20.0,14.7,25,-0.46,17,
C-B-1,3,1.69803,-29.4929,15.3109,1230,0.0,10.4,14.9,26,2839,0.0,-20.0,14.7,25,-0.46,17,
C-B-1,3,1.69902,-29.4929,15.3109,1230,0.0,10.4,14.9,26,2839,0.0,-20.0,14.7,25,-0.46,17,
C-B-1,3,1.70003,-29.4929,15.3109,1230,0.0,10.4,14.9,26,2839,0.0,-20.0,14.7,25,-0.46,17,
C-B-1,3,1.70102,-29.4929,15.3109,1230,0.0,10.4,14.9,26,2839,0.0,-20.0,14.7,25,-0.46,17,
C-B-1,3,1.70202,-29.4929,15.3109,1230,0.0,10.4,14.9,26,2839,0.0,-20.0,14.7,25,-0.46,17,
C-B-1,3,1.70302,-29.4929,15.3109,1230,0.0,10.4,14.9,26,2839,0.0,-20.0,14.7,25,-0.46,17,
C-B-1,3,1.70403,-29.4929,15.3109,1230,0.0,10.4,14.9,26,2839,0.0,-20.0,14.7,25,-0.46,17,
C-B-1,3,1.70503,-29.4929,15.3109,1230,0.0,10.4,14.9,26,2839,0.0,-20.0,14.7,25,-0.46,17,
C-B-1,3,1.70603,-29.4929,15.3109,1230,0.0,10.4,14.9,26,2839,0.0,-20.0,14.7,25,-0.46,17,
C-B-1,3,1.70702,-29.4929,15.3109,1230,0.0,10.4,14.9,26,2839,0.0,-20.0,14.7,25,-0.46,17,
C-B-1,3,1.70802,-29.4929,15.3109,1230,0.0,10.4,14.9,26,2839,0.0,-20.0,14.7,25,-0.46,17,
C-B-1,3,1.70903,-29.4929,15.3109,1230,0.0,10.4,14.9,26,2839,0.0,-20.0,14.7,25,-0.46,17,
C-B-1,3,1.71002,-29.4929,15.3109,1230,0.0,10.4,14.9,26,2839,0.0,-20.0,14.7,25,-0.46,17,
C-B-1,3,1.71102,-29.4929,15.3109,1230,0.0,10.4,14.9,26,2839,0.0,-20.0,14.7,25,-0.46,17,
C-B-1,3,1.71203,-29.4929,15.3109,1230,0.0,10.4,14.9,26,2839,0.0,-20.0,14.7,25,-0.46,17,
C-B-1,3,1.71303,-29.4929,15.3109,1230,0.0,10.4,14.9,26,2839,0.0,-20.0,14.7,25,-0.46,17,
C-B-1,3,1.71402,-29.4929,15.3109,1230,0.0,10.4,14.9,26,2839,0.0,-20.0,14.7,25,-0.46,17,
C-B-1,3,1.71503,-29.4929,15.3109,1230,0.0,10.4,14.9,26,2839,0.0,-20.0,14.7,25,-0.46,17,
C-B-1,3,1.71603,-29.4929,15.3109,1230,0.0,10.4,14.9,26,2839,0.0,-20.0,14.7,25,-0.46,17,
C-B-1,3,1.71703,-29.4929,15.3109,1230,0.0,10.4,14.9,26,2839,0.0,-20.0,14.7,25,-0.46,17,
C-B-1,3,1.71803,-29.4929,15.3109,1230,0.0,10.4,14.9,26,2839,0.0,-20.0,14.7,25,-0.46,17,
C-B-1,3,1.71903,-29.4929,15.3109,1230,0.0,10.4,14.9,26,2839,0.0,-20.0,14.7,25,-0.46,17,
C-B-1,3,1.72003,-29.4929,15.3109,1230,0.0,10.4,14.9,26,2839,0.0,-20.0,14.7,25,-0.46,17,
C-B-1,3,1.72103,-29.4929,15.3109,1230,0.0,10.4,14.9,26,2839,0.0,-20.0,14.7,25,-0.46,17,
C-B-1,3,1.72203,-29.4929,15.3109,1230,0.0,10.4,14.9,26,2839,0.0,-20.0,14.7,25,-0.46,17,
C-B-1,3,1.72303,-29.4929,15.3109,1230,0.0,10.4,14.9,26,2839,0.0,-20.0,14.7,25,-0.46,17,
C-B-1,3,1.72403,-29.4929,15.3109,1230,0.0,10.4,14.9,26,2839,0.0,-20.0,14.7,25,-0.46,17,
C-B-1,3,1.72503,-29.4929,15.3109,1230,0.0,10.4,14.9,26,2839,0.0,-20.0,14.7,25,-0.46,17,
C-B-1,3,1.72603,-29.4929,15.3109,1230,0.0,10.4,14.9,26,2839,0.0,-20.0,14.7,25,-0.46,17,
C-B-1,3,1.72703,-29.4929,15.3109,1230,0.0,10.4,14.9,26,2839,0.0,-20.0,14.7,25,-0.46,17,
C-B-1,3,1.72803,-29.4929,15.3109,1230,0.0,10.4,14.9,26,2839,0.0,-20.0,14.7,25,-0.46,17,
C-B-1,3,1.72903,-29.4929,15.3109,1230,0.0,10.4,14.9,26,2839,0.0,-20.0,14.7,25,-0.46,17,
C-B-1,3,1.73003,-29.4929,15.3109,1230,0.0,10.4,14.9,26,2839,0.0,-20.0,14.7,25,-0.46,17,
C-B-1,3,1.73103,-29.4929,15.3109,1230,0.0,10.4,14.9,26,2838,0.0,-20.8,14.8,25,-0.499,17,
C-B-1,3,1.73203,-29.4929,15.3109,1230,0.0,10.4,14.1,26,2839,0.0,-20.0,14.8,25,-0.46,17,
C-B-1,3,1.73303,-29.4545,15.3167,1231,0.0,11.200000000000001,14.1,26,2839,0.0,-20.0,14.8,25,-0.422,17,
C-B-1,3,1.73403,-29.4929,15.3109,1230,0.0,10.4,14.1,26,2839,0.0,-20.0,14.8,25,-0.46,17,
C-B-1,3,1.73503,-29.4929,15.3109,1230,0.0,10.4,14.1,26,2839,0.0,-20.0,14.8,25,-0.46,17,
C-B-1,3,1.73603,-29.4929,15.3109,1230,0.0,10.4,14.1,26,2838,0.0,-20.8,14.8,25,-0.499,17,
C-B-1,3,1.73703,-29.4929,15.3109,1230,0.0,10.4,14.1,26,2839,0.0,-20.0,14.8,25,-0.46,17,
C-B-1,3,1.73803,-29.4929,15.3109,1230,0.0,10.4,14.1,26,2839,0.0,-20.0,14.8,25,-0.46,17,
C-B-1,3,1.73904,-29.4929,15.3109,1230,0.0,10.4,14.1,26,2839,0.0,-20.0,14.8,25,-0.46,17,
C-B-1,3,1.74004,-29.4545,15.3167,1231,0.0,11.200000000000001,14.1,26,2839,0.0,-20.0,14.8,25,-0.422,17,
C-B-1,3,1.74103,-29.4929,15.3109,1230,0.0,10.4,14.1,26,2838,0.0,-20.8,14.8,25,-0.499,17,
C-B-1,3,1.74203,-29.4929,15.3109,1230,0.0,10.4,14.1,26,2839,0.0,-20.0,14.8,25,-0.46,17,
C-B-1,3,1.74303,-29.4929,15.3109,1230,0.0,10.4,14.1,26,2839,0.0,-20.0,14.8,25,-0.46,17,
C-B-1,3,1.74404,-29.4929,15.3109,1230,0.0,10.4,14.1,26,2839,0.0,-20.0,14.8,25,-0.46,17,
C-B-1,3,1.74503,-29.4929,15.3109,1230,0.0,10.4,14.1,26,2839,0.0,-20.0,14.8,25,-0.46,17,
C-B-1,3,1.74604,-29.4545,15.3167,1231,0.0,11.200000000000001,14.1,26,2839,0.0,-20.0,14.8,25,-0.422,17,
C-B-1,3,1.74703,-29.4929,15.3109,1230,0.0,10.4,14.1,26,2839,0.0,-20.0,14.8,25,-0.46,17,
C-B-1,3,1.74804,-29.4545,15.3167,1231,0.0,11.200000000000001,14.1,26,2839,0.0,-20.0,14.8,25,-0.422,17,
C-B-1,3,1.74903,-29.4929,15.3109,1230,0.0,10.4,14.1,26,2839,0.0,-20.0,14.8,25,-0.46,17,
C-B-1,3,1.75004,-29.4545,15.3167,1231,0.0,11.200000000000001,14.1,26,2839,0.0,-20.0,14.8,25,-0.422,17,
C-B-1,3,1.75103,-29.4929,15.3109,1230,0.0,10.4,14.1,26,2839,0.0,-20.0,14.8,25,-0.46,17,
C-B-1,3,1.75203,-29.4929,15.3109,1230,0.0,10.4,14.1,26,2839,0.0,-20.0,14.8,25,-0.46,17,
C-B-1,3,1.75304,-29.4929,15.3109,1230,0.0,10.4,14.1,26,2839,0.0,-20.0,14.8,25,-0.46,17,
C-B-1,3,1.75403,-29.4929,15.3109,1230,0.0,10.4,14.1,26,2839,0.0,-20.0,14.8,25,-0.46,17,
C-B-1,3,1.75503,-29.4929,15.3109,1230,0.0,10.4,14.1,26,2839,0.0,-20.0,14.8,25,-0.46,17,
C-B-1,3,1.75604,-29.4929,15.3109,1230,0.0,10.4,14.1,26,2838,0.0,-20.8,14.8,25,-0.499,17,
C-B-1,3,1.75703,-29.4929,15.3109,1230,0.0,10.4,14.1,26,2839,0.0,-20.0,14.8,25,-0.46,17,
C-B-1,3,1.75804,-29.4929,15.3109,1230,0.0,10.4,14.1,26,2839,0.0,-20.0,14.8,25,-0.46,17,
C-B-1,3,1.75903,-29.4545,15.3167,1231,0.0,11.200000000000001,14.1,26,2838,0.0,-20.8,14.8,25,-0.46,17,
C-B-1,3,1.76004,-29.4929,15.3109,1230,0.0,10.4,14.1,26,2839,0.0,-20.0,14.8,25,-0.46,17,
C-B-1,3,1.76104,-29.4929,15.3109,1230,0.0,10.4,14.1,26,2839,0.0,-20.0,14.8,25,-0.46,17,
C-B-1,3,1.76203,-29.4929,15.3109,1230,0.0,10.4,14.1,26,2839,0.0,-20.0,14.8,25,-0.46,17,
C-B-1,3,1.76304,-29.4929,15.3109,1230,0.0,10.4,14.1,26,2838,0.0,-20.8,14.8,25,-0.499,17,
C-B-1,3,1.76404,-29.4929,15.3109,1230,0.0,10.4,14.1,26,2839,0.0,-20.0,14.8,25,-0.46,17,
C-B-1,3,1.76504,-29.4929,15.3109,1230,0.0,10.4,14.1,26,2839,0.0,-20.0,14.8,25,-0.46,17,
C-B-1,3,1.76604,-29.4929,15.3109,1230,0.0,10.4,14.1,26,2839,0.0,-20.0,14.8,25,-0.46,17,
C-B-1,3,1.76704,-29.4545,15.3167,1231,0.0,11.200000000000001,14.1,26,2838,0.0,-20.8,14.8,25,-0.46,17,
C-B-1,3,1.76804,-29.4545,15.3167,1231,0.0,11.200000000000001,14.1,26,2839,0.0,-20.0,14.8,25,-0.422,17,
C-B-1,3,1.76904,-29.4929,15.3109,1230,0.0,10.4,14.1,26,2838,0.0,-20.8,14.8,25,-0.499,17,
C-B-1,3,1.77004,-29.4545,15.3167,1231,0.0,11.200000000000001,14.1,26,2839,0.0,-20.0,14.8,25,-0.422,17,
C-B-1,3,1.77104,-29.4929,15.3109,1230,0.0,10.4,14.1,26,2839,0.0,-20.0,14.8,25,-0.46,17,
C-B-1,3,1.77204,-29.4929,15.3109,1230,0.0,10.4,14.1,26,2839,0.0,-20.0,14.8,25,-0.46,17,
C-B-1,3,1.77304,-29.4929,15.3109,1230,0.0,10.4,14.1,26,2839,0.0,-20.0,14.8,25,-0.46,17,
C-B-1,3,1.77404,-29.4929,15.3109,1230,0.0,10.4,14.1,26,2839,0.0,-20.0,14.8,25,-0.46,17,
C-B-1,3,1.77504,-29.4929,15.3109,1230,0.0,10.4,14.1,26,2838,0.0,-20.8,14.8,25,-0.499,17,
C-B-1,3,1.77604,-29.4929,15.3109,1230,0.0,10.4,14.1,26,2838,0.0,-20.8,14.8,25,-0.499,17,
C-B-1,3,1.77704,-29.4929,15.3109,1230,0.0,10.4,14.1,26,2839,0.0,-20.0,14.8,25,-0.46,17,
C-B-1,3,1.77804,-29.4545,15.3167,1231,0.0,11.200000000000001,14.1,26,2839,0.0,-20.0,14.8,25,-0.422,17,
C-B-1,3,1.77905,-29.4929,15.3109,1230,0.0,10.4,14.1,26,2838,0.0,-20.8,14.8,25,-0.499,17,
C-B-1,3,1.78004,-29.4929,15.3109,1230,0.0,10.4,14.1,26,2838,0.0,-20.8,14.8,25,-0.499,17,
C-B-1,3,1.78104,-29.4929,15.3109,1230,0.0,10.4,14.1,26,2838,0.0,-20.8,14.8,25,-0.499,17,
C-B-1,3,1.78204,-29.4545,15.3167,1231,0.0,11.200000000000001,14.1,26,2839,0.0,-20.0,14.8,25,-0.422,17,
C-B-1,3,1.78304,-29.4929,15.3109,1230,0.0,10.4,14.1,26,2839,0.0,-20.0,14.8,25,-0.46,17,
C-B-1,3,1.78404,-29.4929,15.3109,1230,0.0,10.4,14.1,26,2839,0.0,-20.0,14.8,25,-0.46,17,
C-B-1,3,1.78504,-29.4929,15.3109,1230,0.0,10.4,14.1,26,2838,0.0,-20.8,14.8,25,-0.499,17,
C-B-1,3,1.78604,-29.4545,15.3167,1231,0.0,11.200000000000001,14.1,26,2839,0.0,-20.0,14.8,25,-0.422,17,
C-B-1,3,1.78704,-29.4929,15.3109,1230,0.0,10.4,14.1,26,2839,0.0,-20.0,14.8,25,-0.46,17,
C-B-1,3,1.78804,-29.4929,15.3109,1230,0.0,10.4,14.1,26,2839,0.0,-20.0,14.8,25,-0.46,17,
C-B-1,3,1.78905,-29.4929,15.3109,1230,0.0,10.4,14.1,26,2839,0.0,-20.0,14.8,25,-0.46,17,
C-B-1,3,1.79004,-29.4929,15.3109,1230,0.0,10.4,14.1,26,2838,0.0,-20.8,14.8,25,-0.499,17,
C-B-1,3,1.79104,-29.4545,15.3167,1231,0.0,11.200000000000001,14.1,26,2838,0.0,-20.8,14.8,25,-0.46,17,
C-B-1,3,1.79205,-29.4929,15.3109,1230,0.0,10.4,14.1,26,2839,0.0,-20.0,14.8,25,-0.46,17,
C-B-1,3,1.79304,-29.4929,15.3109,1230,0.0,10.4,14.1,26,2839,0.0,-20.0,14.8,25,-0.46,17,
C-B-1,3,1.79405,-29.4545,15.3167,1231,0.0,11.200000000000001,14.1,26,2839,0.0,-20.0,14.8,25,-0.422,17,
C-B-1,3,1.79504,-29.4929,15.3109,1230,0.0,10.4,14.1,26,2838,0.0,-20.8,14.8,25,-0.499,17,
C-B-1,3,1.79604,-29.4545,15.3167,1231,0.0,11.200000000000001,14.1,26,2839,0.0,-20.0,14.8,25,-0.422,17,
C-B-1,3,1.79705,-29.4929,15.3109,1230,0.0,10.4,14.1,26,2839,0.0,-20.0,14.8,25,-0.46,17,
C-B-1,3,1.79804,-29.4929,15.3109,1230,0.0,10.4,14.1,26,2839,0.0,-20.0,14.8,25,-0.46,17,
C-B-1,3,1.79904,-29.4929,15.3109,1230,0.0,10.4,14.1,26,2839,0.0,-20.0,14.8,25,-0.46,17,
C-B-1,3,1.80005,-29.4929,15.3109,1230,0.0,10.4,14.1,26,2839,0.0,-20.0,14.8,25,-0.46,17,
C-B-1,3,1.80104,-29.4929,15.3109,1230,0.0,10.4,14.1,26,2838,0.0,-20.8,14.8,25,-0.499,17,
C-B-1,3,1.80204,-29.4929,15.3109,1230,0.0,10.4,14.1,26,2838,0.0,-20.8,14.8,25,-0.499,17,
C-B-1,3,1.80305,-29.4929,15.3109,1230,0.0,11.200000000000001,14.1,26,2839,0.0,-20.0,14.8,25,-0.46,17,
C-B-1,3,1.80405,-29.4545,15.3167,1231,0.0,11.200000000000001,14.1,26,2838,0.0,-20.8,14.8,25,-0.46,17,
C-B-1,3,1.80505,-29.4545,15.3167,1231,0.0,11.200000000000001,14.1,26,2839,0.0,-20.0,14.8,25,-0.422,17,
C-B-1,3,1.80605,-29.4545,15.3167,1231,0.0,11.200000000000001,14.1,26,2839,0.0,-20.0,14.8,25,-0.422,17,
C-B-1,3,1.80705,-29.4545,15.3167,1231,0.0,10.4,14.1,26,2839,0.0,-20.0,14.8,25,-0.422,17,
C-B-1,3,1.80805,-29.4929,15.3109,1230,0.0,10.4,14.1,26,2839,0.0,-20.0,14.8,25,-0.46,17,
C-B-1,3,1.80904,-29.4545,15.3167,1231,0.0,11.200000000000001,14.1,26,2838,0.0,-20.8,14.8,25,-0.46,17,
C-B-1,3,1.81005,-29.4545,15.3167,1231,0.0,11.200000000000001,14.1,26,2839,0.0,-20.0,14.8,25,-0.422,17,
C-B-1,3,1.81105,-29.4929,15.3109,1230,0.0,10.4,14.1,26,2839,0.0,-20.0,14.8,25,-0.46,17,
C-B-1,3,1.81205,-29.4929,15.3109,1230,0.0,10.4,14.1,26,2839,0.0,-20.0,14.8,25,-0.46,17,
C-B-1,3,1.81305,-29.4929,15.3109,1230,0.0,10.4,14.1,26,2839,0.0,-20.0,14.8,25,-0.46,17,
C-B-1,3,1.81405,-29.4929,15.3109,1230,0.0,10.4,14.1,26,2839,0.0,-20.0,14.8,25,-0.46,17,
C-B-1,3,1.81505,-29.4545,15.3167,1231,0.0,11.200000000000001,14.1,26,2839,0.0,-20.0,14.8,25,-0.422,17,
C-B-1,3,1.81605,-29.4929,15.3109,1230,0.0,10.4,14.1,26,2839,0.0,-20.0,14.8,25,-0.46,17,
C-B-1,3,1.81705,-29.4929,15.3109,1230,0.0,10.4,14.1,26,2839,0.0,-20.0,14.8,25,-0.46,17,
C-B-1,3,1.81806,-29.4929,15.3109,1230,0.0,10.4,14.1,26,2839,0.0,-20.0,14.8,25,-0.46,17,
C-B-1,3,1.81905,-29.4929,15.3109,1230,0.0,10.4,14.1,26,2839,0.0,-20.0,14.8,25,-0.46,17,
C-B-1,3,1.82005,-29.4545,15.3167,1231,0.0,11.200000000000001,14.1,26,2839,0.0,-20.0,14.8,25,-0.422,17,
C-B-1,3,1.82105,-29.4929,15.3109,1230,0.0,10.4,14.1,26,2839,0.0,-20.0,14.8,25,-0.46,17,
C-B-1,3,1.82205,-29.4929,15.3109,1230,0.0,10.4,14.1,26,2839,0.0,-20.0,14.8,25,-0.46,17,
C-B-1,3,1.82305,-29.4929,15.3109,1230,0.0,10.4,14.1,26,2839,0.0,-20.0,14.8,25,-0.46,17,
C-B-1,3,1.82405,-29.4929,15.3109,1230,0.0,10.4,14.1,26,2839,0.0,-20.0,14.8,25,-0.46,17,
C-B-1,3,1.82505,-29.4929,15.3109,1230,0.0,10.4,14.1,26,2839,0.0,-20.0,14.8,25,-0.46,17,
C-B-1,3,1.82605,-29.4929,15.3109,1230,0.0,10.4,14.1,26,2839,0.0,-20.0,14.8,25,-0.46,17,
C-B-1,3,1.82705,-29.4929,15.3109,1230,0.0,10.4,14.1,26,2839,0.0,-20.0,14.8,25,-0.46,17,
C-B-1,3,1.82805,-29.4929,15.3109,1230,0.0,10.4,14.1,26,2839,0.0,-20.0,14.8,25,-0.46,17,
C-B-1,3,1.82905,-29.4929,15.3109,1230,0.0,10.4,14.1,26,2839,0.0,-20.0,14.8,25,-0.46,17,
C-B-1,3,1.83005,-29.4929,15.3109,1230,0.0,10.4,14.1,26,2839,0.0,-20.0,14.8,25,-0.46,17,
C-B-1,3,1.83105,-29.4929,15.3109,1230,0.0,10.4,14.1,26,2839,0.0,-20.0,14.8,25,-0.46,17,
C-B-1,3,1.83205,-29.4929,15.3109,1230,0.0,10.4,14.1,26,2839,0.0,-20.0,14.8,25,-0.46,17,
C-B-1,3,1.83305,-29.4929,15.3109,1230,0.0,10.4,14.1,26,2839,0.0,-20.0,14.8,25,-0.46,17,
C-B-1,3,1.83405,-29.4929,15.3109,1230,0.0,10.4,14.1,26,2839,0.0,-20.0,14.8,25,-0.46,17,
C-B-1,3,1.83505,-29.4929,15.3109,1230,0.0,10.4,14.1,26,2839,0.0,-20.0,14.8,25,-0.46,17,
C-B-1,3,1.83605,-29.4929,15.3109,1230,0.0,10.4,14.1,26,2839,0.0,-20.0,14.8,25,-0.46,17,
C-B-1,3,1.83705,-29.4929,15.3109,1230,0.0,10.4,14.1,26,2839,0.0,-20.0,14.8,25,-0.46,17,
C-B-1,3,1.83805,-29.4929,15.3109,1230,0.0,10.4,14.1,26,2839,0.0,-20.0,14.8,25,-0.46,17,
C-B-1,3,1.83904,-29.4929,15.3109,1230,0.0,10.4,14.1,26,2839,0.0,-20.0,14.8,25,-0.46,17,
C-B-1,3,1.84005,-29.4929,15.3109,1230,0.0,10.4,14.1,26,2839,0.0,-20.0,14.8,25,-0.46,17,
C-B-1,3,1.84105,-29.4929,15.3109,1230,0.0,10.4,14.1,26,2839,0.0,-20.0,14.8,25,-0.46,17,
C-B-1,3,1.84205,-29.4929,15.3109,1230,0.0,10.4,14.1,26,2839,0.0,-20.0,14.8,25,-0.46,17,
C-B-1,3,1.84306,-29.4929,15.3109,1230,0.0,10.4,14.1,26,2839,0.0,-20.0,14.8,25,-0.46,17,
C-B-1,3,1.84405,-29.4929,15.3109,1230,0.0,10.4,14.1,26,2839,0.0,-20.0,14.8,25,-0.46,17,
C-B-1,3,1.84506,-29.4929,15.3109,1230,0.0,10.4,14.1,26,2839,0.0,-20.0,14.8,25,-0.46,17,
C-B-1,3,1.84606,-29.4929,15.3109,1230,0.0,10.4,14.1,26,2839,0.0,-20.0,14.8,25,-0.46,17,
C-B-1,3,1.84706,-29.4929,15.3109,1230,0.0,10.4,14.1,26,2839,0.0,-20.0,14.8,25,-0.46,17,
C-B-1,3,1.84806,-29.4929,15.3109,1230,0.0,10.4,14.9,26,2839,0.0,-20.0,14.8,25,-0.46,17,
C-B-1,3,1.84906,-29.4929,15.3109,1230,0.0,10.4,14.9,26,2839,0.0,-20.0,14.8,25,-0.46,17,
C-B-1,3,1.85006,-29.4929,15.3109,1230,0.0,10.4,14.9,26,2839,0.0,-20.0,14.8,25,-0.46,17,
C-B-1,3,1.85105,-29.4929,15.3109,1230,0.0,10.4,14.9,26,2839,0.0,-20.0,14.8,25,-0.46,17,
C-B-1,3,1.85206,-29.4929,15.3109,1230,0.0,10.4,14.9,26,2839,0.0,-20.0,14.8,25,-0.46,17,
C-B-1,3,1.85306,-29.4929,15.3109,1230,0.0,10.4,14.9,26,2839,0.0,-20.0,14.8,25,-0.46,17,
C-B-1,3,1.85405,-29.4929,15.3109,1230,0.0,10.4,14.9,26,2839,0.0,-20.0,14.8,25,-0.46,17,
C-B-1,3,1.85506,-29.4929,15.3109,1230,0.0,10.4,14.9,26,2839,0.0,-20.0,14.8,25,-0.46,17,
C-B-1,3,1.85606,-29.4929,15.3109,1230,0.0,10.4,14.9,26,2840,0.0,-19.200000000000003,14.8,25,-0.422,17,
C-B-1,3,1.85705,-29.4929,15.3109,1230,0.0,10.4,14.9,26,2839,0.0,-20.0,14.8,25,-0.46,17,
C-B-1,3,1.85806,-29.4929,15.3109,1230,0.0,10.4,14.9,26,2839,0.0,-20.0,14.8,25,-0.46,17,
C-B-1,3,1.85906,-29.4929,15.3109,1230,0.0,10.4,14.9,26,2839,0.0,-20.0,14.8,25,-0.46,17,
C-B-1,3,1.86006,-29.4929,15.3109,1230,0.0,10.4,14.9,26,2839,0.0,-20.0,14.8,25,-0.46,17,
C-B-1,3,1.86106,-29.4929,15.3109,1230,0.0,10.4,14.9,26,2839,0.0,-20.0,14.8,25,-0.46,17,
C-B-1,3,1.86206,-29.4929,15.3109,1230,0.0,10.4,14.9,26,2839,0.0,-20.0,14.8,25,-0.46,17,
C-B-1,3,1.86306,-29.4929,15.3109,1230,0.0,10.4,14.9,26,2839,0.0,-20.0,14.8,25,-0.46,17,
C-B-1,3,1.86406,-29.4929,15.3109,1230,0.0,10.4,14.9,26,2840,0.0,-19.200000000000003,14.8,25,-0.422,17,
C-B-1,3,1.86506,-29.4929,15.3109,1230,0.0,10.4,14.9,26,2839,0.0,-20.0,14.8,25,-0.46,17,
C-B-1,3,1.86606,-29.4929,15.3109,1230,0.0,10.4,14.9,26,2839,0.0,-20.0,14.8,25,-0.46,17,
C-B-1,3,1.86706,-29.4929,15.3109,1230,0.0,10.4,14.9,26,2839,0.0,-20.0,14.8,25,-0.46,17,
C-B-1,3,1.86806,-29.4929,15.3109,1230,0.0,10.4,14.9,26,2839,0.0,-20.0,14.8,25,-0.46,17,
C-B-1,3,1.86906,-29.4929,15.3109,1230,0.0,10.4,14.9,26,2839,0.0,-20.0,14.8,25,-0.46,17,
C-B-1,3,1.87006,-29.4929,15.3109,1230,0.0,10.4,14.9,26,2839,0.0,-20.0,14.8,25,-0.46,17,
C-B-1,3,1.87106,-29.4929,15.3109,1230,0.0,10.4,14.9,26,2839,0.0,-20.0,14.8,25,-0.46,17,
C-B-1,3,1.87206,-29.4929,15.3109,1230,0.0,10.4,14.9,26,2839,0.0,-20.0,14.8,25,-0.46,17,
C-B-1,3,1.87306,-29.4929,15.3109,1230,0.0,10.4,14.9,26,2839,0.0,-20.0,14.8,25,-0.46,17,
C-B-1,3,1.87406,-29.4929,15.3109,1230,0.0,10.4,14.9,26,2839,0.0,-20.0,14.8,25,-0.46,17,
C-B-1,3,1.87506,-29.4929,15.3109,1230,0.0,10.4,14.9,26,2839,0.0,-20.0,14.8,25,-0.46,17,
C-B-1,3,1.87606,-29.4929,15.3109,1230,0.0,10.4,14.9,26,2839,0.0,-20.0,14.8,25,-0.46,17,
C-B-1,3,1.87706,-29.4929,15.3109,1230,0.0,10.4,14.9,26,2840,0.0,-19.200000000000003,14.8,25,-0.422,17,
C-B-1,3,1.87806,-29.4929,15.3109,1230,0.0,10.4,14.9,26,2840,0.0,-19.200000000000003,14.8,25,-0.422,17,
C-B-1,3,1.87907,-29.4929,15.3109,1230,0.0,10.4,14.9,26,2839,0.0,-20.0,14.8,25,-0.46,17,
C-B-1,3,1.88006,-29.4929,15.3109,1230,0.0,10.4,14.9,26,2839,0.0,-20.0,14.8,25,-0.46,17,
C-B-1,3,1.88107,-29.4929,15.3109,1230,0.0,10.4,14.9,26,2839,0.0,-20.0,14.8,25,-0.46,17,
C-B-1,3,1.88206,-29.4929,15.3109,1230,0.0,10.4,14.9,26,2839,0.0,-20.0,14.8,25,-0.46,17,
C-B-1,3,1.88307,-29.4929,15.3109,1230,0.0,10.4,14.9,26,2839,0.0,-20.0,14.8,25,-0.46,17,
C-B-1,3,1.88406,-29.4929,15.3109,1230,0.0,10.4,14.9,26,2839,0.0,-20.0,14.8,25,-0.46,17,
C-B-1,3,1.88506,-29.4929,15.3109,1230,0.0,10.4,14.9,26,2839,0.0,-20.0,14.8,25,-0.46,17,
C-B-1,3,1.88606,-29.4929,15.3109,1230,0.0,10.4,14.9,26,2839,0.0,-20.0,14.8,25,-0.46,17,
C-B-1,3,1.88706,-29.4929,15.3109,1230,0.0,10.4,14.9,26,2839,0.0,-20.0,14.8,25,-0.46,17,
C-B-1,3,1.88806,-29.4929,15.3109,1230,0.0,10.4,14.9,26,2839,0.0,-20.0,14.8,25,-0.46,17,
C-B-1,3,1.88906,-29.4929,15.3109,1230,0.0,10.4,14.9,26,2839,0.0,-20.0,14.8,25,-0.46,17,
C-B-1,3,1.89006,-29.4929,15.3109,1230,0.0,10.4,14.9,26,2839,0.0,-20.0,14.8,25,-0.46,17,
C-B-1,3,1.89106,-29.4929,15.3109,1230,0.0,10.4,14.9,26,2839,0.0,-20.0,14.8,25,-0.46,17,
C-B-1,3,1.89206,-29.4929,15.3109,1230,0.0,10.4,14.9,26,2839,0.0,-20.0,14.8,25,-0.46,17,
C-B-1,3,1.89307,-29.4929,15.3109,1230,0.0,10.4,14.9,26,2839,0.0,-20.0,14.8,25,-0.46,17,
C-B-1,3,1.89406,-29.4929,15.3109,1230,0.0,10.4,14.9,26,2839,0.0,-20.0,14.8,25,-0.46,17,
C-B-1,3,1.89507,-29.4929,15.3109,1230,0.0,10.4,14.9,26,2839,0.0,-20.0,14.8,25,-0.46,17,
C-B-1,3,1.89606,-29.4929,15.3109,1230,0.0,10.4,14.9,26,2839,0.0,-20.0,14.8,25,-0.46,17,
C-B-1,3,1.89707,-29.4929,15.3109,1230,0.0,10.4,14.9,26,2839,0.0,-20.0,14.8,25,-0.46,17,
C-B-1,3,1.89806,-29.4929,15.3109,1230,0.0,10.4,14.9,26,2839,0.0,-20.0,14.8,25,-0.46,17,
C-B-1,3,1.89906,-29.4929,15.3109,1230,0.0,10.4,14.9,26,2839,0.0,-20.0,14.8,25,-0.46,17,
C-B-1,3,1.90007,-29.4929,15.3109,1230,0.0,10.4,14.9,26,2839,0.0,-20.0,14.8,25,-0.46,17,
C-B-1,3,1.90106,-29.4929,15.3109,1230,0.0,10.4,14.9,26,2839,0.0,-20.0,14.8,25,-0.46,17,
C-B-1,3,1.90207,-29.4929,15.3109,1230,0.0,10.4,14.9,26,2839,0.0,-20.0,14.8,25,-0.46,17,
C-B-1,3,1.90307,-29.4929,15.3109,1230,0.0,10.4,14.9,26,2839,0.0,-20.0,14.8,25,-0.46,17,
C-B-1,3,1.90407,-29.4929,15.3109,1230,0.0,10.4,14.9,26,2839,0.0,-20.0,14.8,25,-0.46,17,
C-B-1,3,1.90507,-29.4929,15.3109,1230,0.0,10.4,14.9,26,2839,0.0,-20.0,14.8,25,-0.46,17,
C-B-1,3,1.90607,-29.4929,15.3109,1230,0.0,10.4,14.9,26,2839,0.0,-20.0,14.8,25,-0.46,17,
C-B-1,3,1.90707,-29.4929,15.3109,1230,0.0,10.4,14.9,26,2839,0.0,-20.0,14.8,25,-0.46,17,
C-B-1,3,1.90807,-29.4929,15.3109,1230,0.0,10.4,14.9,26,2839,0.0,-20.0,14.8,25,-0.46,17,
C-B-1,3,1.90907,-29.4929,15.3109,1230,0.0,10.4,14.9,26,2839,0.0,-20.0,14.8,25,-0.46,17,
C-B-1,3,1.91007,-29.4929,15.3109,1230,0.0,10.4,14.9,26,2839,0.0,-20.0,14.8,25,-0.46,17,
C-B-1,3,1.91107,-29.4929,15.3109,1230,0.0,10.4,14.9,26,2839,0.0,-20.0,14.8,25,-0.46,17,
C-B-1,3,1.91207,-29.4929,15.3109,1230,0.0,10.4,14.9,26,2839,0.0,-20.0,14.8,25,-0.46,17,
C-B-1,3,1.91307,-29.4929,15.3109,1230,0.0,10.4,14.9,26,2839,0.0,-20.0,14.8,25,-0.46,17,
C-B-1,3,1.91407,-29.4929,15.3109,1230,0.0,10.4,14.9,26,2839,0.0,-20.0,14.8,25,-0.46,17,
C-B-1,3,1.91507,-29.4929,15.3109,1230,0.0,10.4,14.9,26,2839,0.0,-20.0,14.8,25,-0.46,17,
C-B-1,3,1.91607,-29.4929,15.3109,1230,0.0,10.4,14.9,26,2839,0.0,-20.0,14.8,25,-0.46,17,
C-B-1,3,1.91707,-29.4929,15.3109,1230,0.0,10.4,14.9,26,2839,0.0,-20.0,14.8,25,-0.46,17,
C-B-1,3,1.91807,-29.4929,15.3109,1230,0.0,10.4,14.9,26,2839,0.0,-20.0,14.8,25,-0.46,17,
C-B-1,3,1.91907,-29.4929,15.3109,1230,0.0,10.4,14.9,26,2839,0.0,-20.0,14.8,25,-0.46,17,
C-B-1,3,1.92007,-29.4929,15.3109,1230,0.0,10.4,14.9,26,2839,0.0,-20.0,14.8,25,-0.46,17,
C-B-1,3,1.92107,-29.4929,15.3109,1230,0.0,10.4,14.9,26,2839,0.0,-20.0,14.8,25,-0.46,17,
C-B-1,3,1.92207,-29.4929,15.3109,1230,0.0,10.4,14.9,26,2839,0.0,-20.0,14.8,25,-0.46,17,
C-B-1,3,1.92307,-29.4929,15.3109,1230,0.0,10.4,14.9,26,2839,0.0,-20.0,14.8,25,-0.46,17,
C-B-1,3,1.92405,-29.4929,15.3109,1230,0.0,10.4,14.9,26,2839,0.0,-20.0,14.8,25,-0.46,17,
C-B-1,3,1.92507,-29.4929,15.3109,1230,0.0,10.4,14.9,26,2839,0.0,-20.0,14.8,25,-0.46,17,
C-B-1,3,1.92605,-29.4929,15.3109,1230,0.0,10.4,14.9,26,2839,0.0,-20.0,14.8,25,-0.46,17,
C-B-1,3,1.92707,-29.4929,15.3109,1230,0.0,10.4,14.9,26,2839,0.0,-20.0,14.8,25,-0.46,17,
C-B-1,3,1.92805,-29.4929,15.3109,1230,0.0,10.4,14.9,26,2839,0.0,-20.0,14.8,25,-0.46,17,
C-B-1,3,1.92907,-29.4929,15.3109,1230,0.0,10.4,14.9,26,2839,0.0,-20.0,14.8,25,-0.46,17,
C-B-1,3,1.93006,-29.4929,15.3109,1230,0.0,10.4,14.9,26,2839,0.0,-20.0,14.8,25,-0.46,17,
C-B-1,3,1.93107,-29.4929,15.3109,1230,0.0,10.4,14.9,26,2839,0.0,-20.0,14.8,25,-0.46,17,
C-B-1,3,1.93208,-29.4929,15.3109,1230,0.0,10.4,14.9,26,2839,0.0,-20.0,14.8,25,-0.46,17,
C-B-1,3,1.93308,-29.4929,15.3109,1230,0.0,10.4,14.9,26,2839,0.0,-20.0,14.8,25,-0.46,17,
C-B-1,3,1.93407,-29.4929,15.3109,1230,0.0,10.4,14.9,26,2839,0.0,-20.0,14.8,25,-0.46,17,
C-B-1,3,1.93506,-29.4929,15.3109,1230,0.0,10.4,14.9,26,2839,0.0,-20.0,14.8,25,-0.46,17,
C-B-1,3,1.93608,-29.4929,15.3109,1230,0.0,10.4,14.9,26,2839,0.0,-20.0,14.8,25,-0.46,17,
C-B-1,3,1.93706,-29.4929,15.3109,1230,0.0,10.4,14.9,26,2839,0.0,-20.0,14.8,25,-0.46,17,
C-B-1,3,1.93807,-29.4929,15.3109,1230,0.0,10.4,14.9,26,2839,0.0,-20.0,14.8,25,-0.46,17,
C-B-1,3,1.93906,-29.4929,15.3109,1230,0.0,10.4,14.9,26,2839,0.0,-20.0,14.8,25,-0.46,17,
C-B-1,3,1.94007,-29.4929,15.3109,1230,0.0,10.4,14.9,26,2839,0.0,-20.0,14.8,25,-0.46,17,
C-B-1,3,1.94106,-29.4929,15.3109,1230,0.0,10.4,14.9,26,2839,0.0,-20.0,14.8,25,-0.46,17,
C-B-1,3,1.94207,-29.4929,15.3109,1230,0.0,10.4,14.9,26,2839,0.0,-20.0,14.8,25,-0.46,17,
C-B-1,3,1.94307,-29.4929,15.3109,1230,0.0,10.4,14.9,26,2839,0.0,-20.0,14.8,25,-0.46,17,
C-B-1,3,1.94406,-29.4929,15.3109,1230,0.0,10.4,14.9,26,2839,0.0,-20.0,14.8,25,-0.46,17,
C-B-1,3,1.94507,-29.4929,15.3109,1230,0.0,10.4,14.9,26,2839,0.0,-20.0,14.8,25,-0.46,17,
C-B-1,3,1.94606,-29.4929,15.3109,1230,0.0,10.4,14.9,26,2839,0.0,-20.0,14.8,25,-0.46,17,
C-B-1,3,1.94708,-29.4929,15.3109,1230,0.0,10.4,14.9,26,2839,0.0,-20.0,14.8,25,-0.46,17,
C-B-1,3,1.94806,-29.4545,15.3167,1231,0.0,11.200000000000001,14.9,26,2839,0.0,-20.0,14.8,25,-0.422,17,
C-B-1,3,1.94908,-29.4929,15.3109,1230,0.0,10.4,14.9,26,2839,0.0,-20.0,14.8,25,-0.46,17,
C-B-1,3,1.95006,-29.4929,15.3109,1230,0.0,10.4,14.9,26,2839,0.0,-20.0,14.8,25,-0.46,17,
C-B-1,3,1.95108,-29.4929,15.3109,1230,0.0,10.4,14.9,26,2839,0.0,-20.0,14.8,25,-0.46,17,
C-B-1,3,1.95208,-29.4929,15.3109,1230,0.0,10.4,14.9,26,2839,0.0,-20.0,14.8,25,-0.46,17,
C-B-1,3,1.95308,-29.4929,15.3109,1230,0.0,10.4,14.9,26,2839,0.0,-20.0,14.8,25,-0.46,17,
C-B-1,3,1.95408,-29.4929,15.3109,1230,0.0,10.4,14.9,26,2839,0.0,-20.0,14.8,25,-0.46,17,
C-B-1,3,1.95506,-29.4929,15.3109,1230,0.0,10.4,14.9,26,2839,0.0,-20.0,14.8,25,-0.46,17,
C-B-1,3,1.95608,-29.4545,15.3167,1231,0.0,11.200000000000001,14.9,26,2839,0.0,-20.0,14.8,25,-0.422,17,
C-B-1,3,1.95708,-29.4545,15.3167,1231,0.0,11.200000000000001,14.9,26,2839,0.0,-20.0,14.8,25,-0.422,17,
C-B-1,3,1.95808,-29.4929,15.3109,1230,0.0,10.4,14.9,26,2839,0.0,-20.0,14.8,25,-0.46,17,
C-B-1,3,1.95906,-29.4929,15.3109,1230,0.0,10.4,14.9,26,2839,0.0,-20.0,14.8,25,-0.46,17,
C-B-1,3,1.96008,-29.4929,15.3109,1230,0.0,10.4,14.9,26,2839,0.0,-20.0,14.8,25,-0.46,17,
C-B-1,3,1.96106,-29.4929,15.3109,1230,0.0,10.4,14.9,26,2839,0.0,-20.0,14.8,25,-0.46,17,
C-B-1,3,1.96208,-29.4929,15.3109,1230,0.0,10.4,14.9,26,2839,0.0,-20.0,14.8,25,-0.46,17,
C-B-1,3,1.96308,-29.4929,15.3109,1230,0.0,10.4,14.9,26,2839,0.0,-20.0,14.8,25,-0.46,17,
C-B-1,3,1.96406,-29.4929,15.3109,1230,0.0,10.4,14.9,26,2839,0.0,-20.0,14.2,25,-0.46,17,
C-B-1,3,1.96508,-29.4929,15.3109,1230,0.0,10.4,14.9,26,2839,0.0,-20.0,14.2,25,-0.46,17,
C-B-1,3,1.96608,-29.4929,15.3109,1230,0.0,10.4,14.9,26,2839,0.0,-20.0,14.2,25,-0.46,17,
C-B-1,3,1.96708,-29.4929,15.3109,1230,0.0,10.4,14.9,26,2839,0.0,-20.0,14.2,25,-0.46,17,
C-B-1,3,1.96806,-29.4929,15.3109,1230,0.0,10.4,14.9,26,2839,0.0,-20.0,14.2,25,-0.46,17,
C-B-1,3,1.96908,-29.4929,15.3109,1230,0.0,10.4,14.9,26,2839,0.0,-20.0,14.2,25,-0.46,17,
C-B-1,3,1.97007,-29.4929,15.3109,1230,0.0,10.4,14.9,26,2839,0.0,-20.0,14.2,25,-0.46,17,
C-B-1,3,1.97108,-29.4929,15.3109,1230,0.0,10.4,14.9,26,2839,0.0,-20.0,14.2,25,-0.46,17,
C-B-1,3,1.97206,-29.4929,15.3109,1230,0.0,10.4,14.9,26,2839,0.0,-20.0,14.2,25,-0.46,17,
C-B-1,3,1.97308,-29.4929,15.3109,1230,0.0,10.4,14.9,26,2839,0.0,-20.0,14.2,25,-0.46,17,
C-B-1,3,1.97406,-29.4929,15.3109,1230,0.0,10.4,14.9,26,2839,0.0,-20.0,14.2,25,-0.46,17,
C-B-1,3,1.97508,-29.4929,15.3109,1230,0.0,10.4,14.9,26,2838,0.0,-20.8,14.2,25,-0.499,17,
C-B-1,3,1.97606,-29.4929,15.3109,1230,0.0,10.4,14.9,26,2839,0.0,-20.0,14.2,25,-0.46,17,
C-B-1,3,1.97708,-29.4929,15.3109,1230,0.0,10.4,14.9,26,2839,0.0,-20.0,14.2,25,-0.46,17,
C-B-1,3,1.97808,-29.4929,15.3109,1230,0.0,10.4,14.9,26,2839,0.0,-20.0,14.2,25,-0.46,17,
C-B-1,3,1.97908,-29.4929,15.3109,1230,0.0,10.4,14.9,26,2839,0.0,-20.0,14.2,25,-0.46,17,
C-B-1,3,1.98007,-29.4929,15.3109,1230,0.0,10.4,14.9,26,2839,0.0,-20.0,14.2,25,-0.46,17,
C-B-1,3,1.98106,-29.4545,15.3167,1231,0.0,11.200000000000001,14.9,26,2839,0.0,-20.0,14.2,25,-0.422,17,
C-B-1,3,1.98207,-29.4929,15.3109,1230,0.0,10.4,14.9,26,2839,0.0,-20.0,14.2,25,-0.46,17,
C-B-1,3,1.98306,-29.4929,15.3109,1230,0.0,10.4,14.9,26,2839,0.0,-20.0,14.2,25,-0.46,17,
C-B-1,3,1.98407,-29.4929,15.3109,1230,0.0,10.4,14.9,26,2839,0.0,-20.0,14.2,25,-0.46,17,
C-B-1,3,1.98506,-29.4929,15.3109,1230,0.0,10.4,14.9,26,2839,0.0,-20.0,14.2,25,-0.46,17,
C-B-1,3,1.98608,-29.4545,15.3167,1231,0.0,11.200000000000001,14.9,26,2839,0.0,-20.0,14.2,25,-0.422,17,
C-B-1,3,1.98706,-29.4929,15.3109,1230,0.0,10.4,14.9,26,2839,0.0,-20.0,14.2,25,-0.46,17,
C-B-1,3,1.98806,-29.4545,15.3167,1231,0.0,11.200000000000001,14.9,26,2838,0.0,-20.8,14.2,25,-0.46,17,
C-B-1,3,1.98908,-29.4545,15.3167,1231,0.0,11.200000000000001,14.9,26,2839,0.0,-20.0,14.2,25,-0.422,17,
C-B-1,3,1.99008,-29.4545,15.3167,1231,0.0,11.200000000000001,14.9,26,2839,0.0,-20.0,14.2,25,-0.422,17,
C-B-1,3,1.99109,-29.4929,15.3109,1230,0.0,10.4,14.9,26,2839,0.0,-20.0,14.2,25,-0.46,17,
C-B-1,3,1.99207,-29.4929,15.3109,1230,0.0,10.4,14.9,26,2838,0.0,-20.8,14.2,25,-0.499,17,
C-B-1,3,1.99307,-29.4545,15.3167,1231,0.0,11.200000000000001,14.9,26,2839,0.0,-20.0,14.2,25,-0.422,17,
C-B-1,3,1.99409,-29.4929,15.3109,1230,0.0,10.4,14.9,26,2839,0.0,-20.0,14.2,25,-0.46,17,
C-B-1,3,1.99506,-29.4929,15.3109,1230,0.0,10.4,14.9,26,2839,0.0,-20.0,14.2,25,-0.46,17,
C-B-1,3,1.99607,-29.4929,15.3109,1230,0.0,10.4,14.9,26,2839,0.0,-20.0,14.2,25,-0.46,17,
C-B-1,3,1.99707,-29.4545,15.3167,1231,0.0,11.200000000000001,14.9,26,2839,0.0,-20.0,14.2,25,-0.422,17,
C-B-1,3,1.99807,-29.4929,15.3109,1230,0.0,10.4,14.9,26,2839,0.0,-20.0,14.2,25,-0.46,17,
C-B-1,3,1.99907,-29.4929,15.3109,1230,0.0,10.4,14.9,26,2839,0.0,-20.0,14.2,25,-0.46,17,
C-B-1,3,2.00007,-29.4929,15.3109,1230,0.0,10.4,14.9,26,2839,0.0,-20.0,14.2,25,-0.46,17,
