sweep,dir,t,q_deg,present_rpm
0,1,1789817834.930260,-29.9723,0.000
0,1,1789817834.931244,-29.9723,0.000
0,1,1789817834.932246,-29.9723,0.000
0,1,1789817834.933364,-29.9723,0.000
0,1,1789817834.934255,-29.9915,0.000
0,1,1789817834.935249,-29.9723,0.000
0,1,1789817834.936252,-29.9723,0.000
0,1,1789817834.937247,-29.9723,0.000
0,1,1789817834.938251,-29.9723,0.000
0,1,1789817834.939240,-29.9723,0.000
0,1,1789817834.940243,-29.9723,0.000
0,1,1789817834.941239,-29.9723,0.000
0,1,1789817834.942242,-29.9723,0.000
0,1,1789817834.943238,-29.9723,0.000
0,1,1789817834.944244,-29.9723,0.000
0,1,1789817834.945241,-29.9723,0.000
0,1,1789817834.946239,-29.9723,0.000
0,1,1789817834.947244,-29.9723,0.000
0,1,1789817834.948234,-29.9531,0.000
0,1,1789817834.949245,-29.9723,0.000
0,1,1789817834.950240,-29.9723,0.000
0,1,1789817834.951244,-29.9723,0.000
0,1,1789817834.952240,-29.9531,0.000
0,1,1789817834.953244,-29.9531,0.000
0,1,1789817834.954240,-29.9531,0.000
0,1,1789817834.955244,-29.9531,0.000
0,1,1789817834.956241,-29.9531,0.456
0,1,1789817834.957245,-29.9339,0.000
0,1,1789817834.958259,-29.9339,0.000
0,1,1789817834.959240,-29.9148,0.456
0,1,1789817834.960242,-29.9148,0.456
0,1,1789817834.961240,-29.9148,0.456
0,1,1789817834.962244,-29.9148,0.456
0,1,1789817834.963240,-29.8956,0.684
0,1,1789817834.964243,-29.8572,1.368
0,1,1789817834.965240,-29.8572,1.368
0,1,1789817834.966240,-29.8381,1.596
0,1,1789817834.967240,-29.8381,1.596
0,1,1789817834.968223,-29.7997,2.052
0,1,1789817834.969237,-29.7997,2.052
0,1,1789817834.970240,-29.7805,2.280
0,1,1789817834.971240,-29.7614,2.508
0,1,1789817834.972237,-29.7422,2.736
0,1,1789817834.973240,-29.7038,3.192
0,1,1789817834.974237,-29.6655,3.648
0,1,1789817834.975242,-29.6463,3.648
0,1,1789817834.976238,-29.6271,4.104
0,1,1789817834.977224,-29.5888,4.560
0,1,1789817834.978239,-29.5696,4.788
0,1,1789817834.979243,-29.5312,5.244
0,1,1789817834.980234,-29.4929,5.700
0,1,1789817834.981243,-29.4545,5.928
0,1,1789817834.982238,-29.3970,6.612
0,1,1789817834.983242,-29.3587,7.068
0,1,1789817834.984238,-29.3203,7.296
0,1,1789817834.985242,-29.3011,7.752
0,1,1789817834.986239,-29.2053,8.892
0,1,1789817834.987242,-29.1861,8.892
0,1,1789817834.988239,-29.1094,9.804
0,1,1789817834.989264,-29.0710,10.032
0,1,1789817834.990241,-29.0327,10.488
0,1,1789817834.991237,-28.9560,11.400
0,1,1789817834.992241,-28.8984,11.856
0,1,1789817834.993239,-28.8409,12.312
0,1,1789817834.994243,-28.7834,12.768
0,1,1789817834.995238,-28.7259,13.224
0,1,1789817834.996242,-28.6683,13.908
0,1,1789817834.997238,-28.5916,14.364
0,1,1789817834.998242,-28.5149,15.276
0,1,1789817834.999239,-28.4574,15.732
0,1,1789817835.000244,-28.3807,16.188
0,1,1789817835.001235,-28.3040,16.872
0,1,1789817835.002243,-28.2464,17.328
0,1,1789817835.003229,-28.1697,17.784
0,1,1789817835.004240,-28.0930,18.468
0,1,1789817835.005236,-28.0163,18.924
0,1,1789817835.006240,-27.9396,19.380
0,1,1789817835.007235,-27.8438,20.520
0,1,1789817835.008240,-27.7670,20.976
0,1,1789817835.009235,-27.6903,21.432
0,1,1789817835.010238,-27.6328,21.660
0,1,1789817835.011237,-27.5753,21.888
0,1,1789817835.012234,-27.4602,22.800
0,1,1789817835.013234,-27.3835,23.256
0,1,1789817835.014239,-27.2493,24.396
0,1,1789817835.015236,-27.1918,24.168
0,1,1789817835.016239,-27.0959,24.852
0,1,1789817835.017236,-27.0000,25.536
0,1,1789817835.018238,-26.8658,26.220
0,1,1789817835.019238,-26.8082,26.448
0,1,1789817835.020244,-26.6932,27.132
0,1,1789817835.021246,-26.6165,27.588
0,1,1789817835.022242,-26.5014,28.044
0,1,1789817835.023232,-26.3672,28.728
0,1,1789817835.024241,-26.2713,29.184
0,1,1789817835.025236,-26.1562,30.096
0,1,1789817835.026242,-26.0604,30.552
0,1,1789817835.027238,-25.9453,31.008
0,1,1789817835.028241,-25.8494,31.008
0,1,1789817835.029237,-25.7344,31.692
0,1,1789817835.030241,-25.6001,32.604
0,1,1789817835.031237,-25.4851,33.288
0,1,1789817835.032240,-25.3317,33.744
0,1,1789817835.033238,-25.2741,33.516
0,1,1789817835.034230,-25.1399,34.428
0,1,1789817835.035240,-25.0249,35.340
0,1,1789817835.036238,-24.9098,35.568
0,1,1789817835.037240,-24.7756,35.796
0,1,1789817835.038237,-24.6605,36.252
0,1,1789817835.039240,-24.5455,36.936
0,1,1789817835.040236,-24.4112,37.848
0,1,1789817835.041223,-24.2578,37.848
0,1,1789817835.042236,-24.1619,37.848
0,1,1789817835.043241,-24.0277,38.532
0,1,1789817835.044231,-23.9126,39.216
0,1,1789817835.045241,-23.7976,39.444
0,1,1789817835.046237,-23.6825,38.988
0,1,1789817835.047241,-23.5483,39.672
0,1,1789817835.048236,-23.4332,40.356
0,1,1789817835.049239,-23.3182,40.356
0,1,1789817835.050240,-23.1456,40.812
0,1,1789817835.051240,-23.0305,40.812
0,1,1789817835.052236,-22.8963,41.496
0,1,1789817835.053239,-22.7812,41.724
0,1,1789817835.054235,-22.6470,41.952
0,1,1789817835.055240,-22.5320,41.496
0,1,1789817835.056235,-22.3977,41.724
0,1,1789817835.057240,-22.2635,43.092
0,1,1789817835.058236,-22.1484,43.092
0,1,1789817835.059240,-22.0334,42.864
0,1,1789817835.060235,-21.9567,42.408
0,1,1789817835.061241,-21.8224,42.636
0,1,1789817835.062235,-21.6882,43.548
0,1,1789817835.063239,-21.5732,43.776
0,1,1789817835.064236,-21.4006,43.320
0,1,1789817835.065240,-21.3047,43.092
0,1,1789817835.066237,-21.1705,43.548
0,1,1789817835.067235,-21.0554,43.776
0,1,1789817835.068238,-20.9403,43.776
0,1,1789817835.069236,-20.7869,43.320
0,1,1789817835.070205,-20.6527,43.548
0,1,1789817835.071236,-20.5376,44.232
0,1,1789817835.072220,-20.4226,43.776
0,1,1789817835.073235,-20.2692,43.548
0,1,1789817835.074219,-20.1733,43.320
0,1,1789817835.075235,-20.0774,43.548
0,1,1789817835.076201,-19.9240,44.460
0,1,1789817835.077241,-19.8281,44.004
0,1,1789817835.078202,-19.6747,43.776
0,1,1789817835.079234,-19.5597,43.320
0,1,1789817835.080219,-19.4446,44.004
0,1,1789817835.081235,-19.3295,43.776
0,1,1789817835.082217,-19.1570,43.548
0,1,1789817835.083255,-19.0611,43.092
0,1,1789817835.084218,-18.9460,43.548
0,1,1789817835.085235,-18.8118,43.776
0,1,1789817835.086218,-18.6967,43.320
0,1,1789817835.087231,-18.5625,42.864
0,1,1789817835.088203,-18.4474,42.864
0,1,1789817835.089232,-18.3132,43.548
0,1,1789817835.090215,-18.1982,43.320
0,1,1789817835.091233,-18.0447,42.864
0,1,1789817835.092216,-17.9489,42.408
0,1,1789817835.093232,-17.8146,42.864
0,1,1789817835.094201,-17.6804,43.320
0,1,1789817835.095232,-17.5653,43.092
0,1,1789817835.096215,-17.4311,42.636
0,1,1789817835.097232,-17.2969,42.864
0,1,1789817835.098200,-17.1818,43.092
0,1,1789817835.099234,-17.0668,42.864
0,1,1789817835.100216,-16.9325,43.092
0,1,1789817835.101231,-16.8366,42.864
0,1,1789817835.102217,-16.7216,42.636
0,1,1789817835.103234,-16.6065,43.320
0,1,1789817835.104217,-16.4915,43.320
0,1,1789817835.105233,-16.3381,42.636
0,1,1789817835.106218,-16.2422,42.636
0,1,1789817835.107233,-16.1080,42.864
0,1,1789817835.108205,-15.9737,43.320
0,1,1789817835.109236,-15.8011,43.320
0,1,1789817835.110205,-15.7244,42.864
0,1,1789817835.111234,-15.6094,42.408
0,1,1789817835.112218,-15.4943,43.320
0,1,1789817835.113233,-15.3601,43.320
0,1,1789817835.114217,-15.2067,42.864
0,1,1789817835.115233,-15.1108,42.864
0,1,1789817835.116217,-15.0149,42.864
0,1,1789817835.117233,-14.8999,43.092
0,1,1789817835.118200,-14.7464,43.548
0,1,1789817835.119234,-14.6314,42.636
0,1,1789817835.120217,-14.4972,42.636
0,1,1789817835.121233,-14.3821,43.548
0,1,1789817835.122216,-14.2479,43.320
0,1,1789817835.123196,-14.0945,42.864
0,1,1789817835.124217,-13.9794,42.864
0,1,1789817835.125197,-13.8643,43.092
0,1,1789817835.126215,-13.7493,43.092
0,1,1789817835.127196,-13.6342,43.092
0,1,1789817835.128200,-13.5000,42.636
0,1,1789817835.129196,-13.3658,42.636
0,1,1789817835.130202,-13.2315,43.092
0,1,1789817835.131195,-13.1165,43.092
0,1,1789817835.132218,-12.9439,43.092
0,1,1789817835.133196,-12.8672,42.636
0,1,1789817835.134215,-12.7521,42.864
0,1,1789817835.135196,-12.5987,43.548
0,1,1789817835.136216,-12.4837,43.320
0,1,1789817835.137196,-12.3494,42.636
0,1,1789817835.138202,-12.2152,42.864
0,1,1789817835.139196,-12.1001,43.320
0,1,1789817835.140196,-11.9851,43.320
0,1,1789817835.141196,-11.8509,43.548
0,1,1789817835.142215,-11.7933,42.636
0,1,1789817835.143196,-11.6591,43.092
0,1,1789817835.144215,-11.5440,43.092
0,1,1789817835.145209,-11.4290,43.320
0,1,1789817835.146216,-11.2756,42.636
0,1,1789817835.147197,-11.1605,42.636
0,1,1789817835.148201,-11.0455,43.092
0,1,1789817835.149196,-10.9304,43.092
0,1,1789817835.150201,-10.7386,43.320
0,1,1789817835.151195,-10.6811,42.408
0,1,1789817835.152215,-10.5469,42.636
0,1,1789817835.153195,-10.4318,43.092
0,1,1789817835.154217,-10.2976,43.092
0,1,1789817835.155195,-10.1634,42.864
0,1,1789817835.156215,-10.0675,42.636
0,1,1789817835.157195,-9.9332,42.864
0,1,1789817835.158199,-9.8182,43.092
0,1,1789817835.159194,-9.7031,43.092
0,1,1789817835.160215,-9.5689,42.408
0,1,1789817835.161218,-9.4347,42.180
0,1,1789817835.162215,-9.3196,43.092
0,1,1789817835.163194,-9.2045,43.092
0,1,1789817835.164214,-9.0128,42.864
0,1,1789817835.165198,-8.9361,42.408
0,1,1789817835.166200,-8.8210,42.636
0,1,1789817835.167194,-8.7060,42.636
0,1,1789817835.168198,-8.5717,42.864
0,1,1789817835.169194,-8.4183,42.636
0,1,1789817835.170214,-8.3033,42.408
0,1,1789817835.171194,-8.1882,43.092
0,1,1789817835.172200,-8.0732,42.864
0,1,1789817835.173194,-7.9197,42.636
0,1,1789817835.174214,-7.8239,42.636
0,1,1789817835.175193,-7.7088,42.864
0,1,1789817835.176217,-7.5938,42.864
0,1,1789817835.177203,-7.4595,43.092
0,1,1789817835.178201,-7.3445,42.408
0,1,1789817835.179193,-7.2294,42.180
0,1,1789817835.180215,-7.0952,43.092
0,1,1789817835.181193,-6.9801,42.864
0,1,1789817835.182197,-6.8075,42.636
0,1,1789817835.183188,-6.7308,42.180
0,1,1789817835.184214,-6.5966,42.636
0,1,1789817835.185195,-6.4815,42.864
0,1,1789817835.186213,-6.3473,42.864
0,1,1789817835.187197,-6.2131,42.408
0,1,1789817835.188200,-6.0788,42.408
0,1,1789817835.189320,-5.9638,43.092
0,1,1789817835.190226,-5.8487,42.864
0,1,1789817835.191202,-5.7337,42.864
0,1,1789817835.192221,-5.6570,42.408
0,1,1789817835.193216,-5.5227,42.180
0,1,1789817835.194208,-5.4077,42.864
0,1,1789817835.195201,-5.2734,43.092
0,1,1789817835.196212,-5.1200,42.864
0,1,1789817835.197193,-5.0050,42.636
0,1,1789817835.198198,-4.8899,42.636
0,1,1789817835.199192,-4.7557,43.092
0,1,1789817835.200191,-4.6406,43.092
0,1,1789817835.201193,-4.5064,42.636
0,1,1789817835.202213,-4.3913,42.636
0,1,1789817835.203192,-4.2571,43.320
0,1,1789817835.204192,-4.1229,43.320
0,1,1789817835.205192,-3.9695,43.092
0,1,1789817835.206197,-3.8736,42.636
0,1,1789817835.207208,-3.7393,43.092
0,1,1789817835.208220,-3.6435,43.320
0,1,1789817835.209191,-3.5092,43.548
0,1,1789817835.210213,-3.3750,42.864
0,1,1789817835.211192,-3.2599,42.636
0,1,1789817835.212191,-3.1257,43.548
0,1,1789817835.213192,-3.0298,43.092
0,1,1789817835.214198,-2.8572,43.092
0,1,1789817835.215186,-2.7805,42.408
0,1,1789817835.216212,-2.6463,42.864
0,1,1789817835.217192,-2.5312,43.092
0,1,1789817835.218198,-2.3970,43.092
0,1,1789817835.219191,-2.2628,42.636
0,1,1789817835.220211,-2.1669,42.408
0,1,1789817835.221192,-2.0135,43.320
0,1,1789817835.222198,-1.8984,43.092
0,1,1789817835.223191,-1.7450,42.864
0,1,1789817835.224212,-1.6491,42.408
0,1,1789817835.225192,-1.5149,42.864
0,1,1789817835.226197,-1.3999,42.864
0,1,1789817835.227191,-1.2656,43.092
0,1,1789817835.228195,-1.1506,42.180
0,1,1789817835.229191,-1.0355,42.180
0,1,1789817835.230210,-0.9013,42.864
0,1,1789817835.231191,-0.7670,43.092
0,1,1789817835.232213,-0.6520,42.864
0,1,1789817835.233191,-0.5945,41.952
0,1,1789817835.234212,-0.4794,41.952
0,1,1789817835.235191,-0.3643,42.636
0,1,1789817835.236192,-0.2301,42.864
0,1,1789817835.237191,-0.0959,42.408
0,1,1789817835.238194,0.0192,42.180
0,1,1789817835.239191,0.1342,42.408
0,1,1789817835.240211,0.2685,42.864
0,1,1789817835.241191,0.4219,42.408
0,1,1789817835.242211,0.4986,42.180
0,1,1789817835.243203,0.6520,42.408
0,1,1789817835.244210,0.7479,42.636
0,1,1789817835.245190,0.8821,43.092
0,1,1789817835.246210,1.0355,42.636
0,1,1789817835.247186,1.1314,42.180
0,1,1789817835.248194,1.2656,42.408
0,1,1789817835.249189,1.3807,43.092
0,1,1789817835.250190,1.5149,43.092
0,1,1789817835.251210,1.6683,42.636
0,1,1789817835.252190,1.7642,42.408
0,1,1789817835.253196,1.8984,43.092
0,1,1789817835.254191,2.0327,43.320
0,1,1789817835.255212,2.1861,42.864
0,1,1789817835.256186,2.2820,42.408
0,1,1789817835.257212,2.4162,42.864
0,1,1789817835.258188,2.5504,43.548
0,1,1789817835.259202,2.6655,43.548
0,1,1789817835.260207,2.7997,42.636
0,1,1789817835.261187,2.9339,42.864
0,1,1789817835.262194,3.0490,43.548
0,1,1789817835.263188,3.1832,43.548
0,1,1789817835.264187,3.3558,43.320
0,1,1789817835.265208,3.4325,43.092
0,1,1789817835.266188,3.5476,43.320
0,1,1789817835.267187,3.7010,43.776
0,1,1789817835.268193,3.8352,43.776
0,1,1789817835.269321,3.9695,43.320
0,1,1789817835.270233,4.0845,43.320
0,1,1789817835.271203,4.2379,44.232
0,1,1789817835.272217,4.3338,43.548
0,1,1789817835.273198,4.4680,43.320
0,1,1789817835.274209,4.5831,43.320
0,1,1789817835.275190,4.6982,43.548
0,1,1789817835.276210,4.8132,43.776
0,1,1789817835.277190,4.9474,43.776
0,1,1789817835.278193,5.0241,43.092
0,1,1789817835.279185,5.1200,42.864
0,1,1789817835.280209,5.2543,43.548
0,1,1789817835.281189,5.4460,43.776
0,1,1789817835.282209,5.5611,43.548
0,1,1789817835.283188,5.6378,42.864
0,1,1789817835.284188,5.7528,42.864
0,1,1789817835.285189,5.8679,43.320
0,1,1789817835.286208,5.9830,43.092
0,1,1789817835.287190,6.1555,42.864
0,1,1789817835.288196,6.2514,42.636
0,1,1789817835.289189,6.3665,42.864
0,1,1789817835.290195,6.5007,43.320
0,1,1789817835.291189,6.6158,43.092
0,1,1789817835.292209,6.7500,42.408
0,1,1789817835.293189,6.8459,41.952
0,1,1789817835.294194,6.9609,42.636
0,1,1789817835.295187,7.0760,42.636
0,1,1789817835.296209,7.2294,41.952
0,1,1789817835.297190,7.3445,41.952
0,1,1789817835.298197,7.4595,42.180
0,1,1789817835.299192,7.5938,42.636
0,1,1789817835.300194,7.6896,42.180
0,1,1789817835.301189,7.8430,41.952
0,1,1789817835.302210,7.9581,41.724
0,1,1789817835.303189,8.0923,42.636
0,1,1789817835.304209,8.2074,42.408
0,1,1789817835.305188,8.3416,41.952
0,1,1789817835.306206,8.4567,41.724
0,1,1789817835.307188,8.5717,42.180
0,1,1789817835.308192,8.6868,42.408
0,1,1789817835.309187,8.8018,42.180
0,1,1789817835.310205,8.9553,41.724
0,1,1789817835.311182,9.0703,41.724
0,1,1789817835.312206,9.1854,42.180
0,1,1789817835.313186,9.3388,42.408
0,1,1789817835.314186,9.5114,42.408
0,1,1789817835.315187,9.5881,41.724
0,1,1789817835.316206,9.7031,41.952
0,1,1789817835.317188,9.8182,42.180
0,1,1789817835.318191,9.9524,42.408
0,1,1789817835.319188,10.0675,41.496
0,1,1789817835.320209,10.2017,41.724
0,1,1789817835.321188,10.3168,42.180
0,1,1789817835.322195,10.4510,42.636
0,1,1789817835.323188,10.5661,42.636
0,1,1789817835.324207,10.6428,42.180
0,1,1789817835.325182,10.7578,41.952
0,1,1789817835.326205,10.8729,42.636
0,1,1789817835.327184,11.0071,42.636
0,1,1789817835.328203,11.1797,42.180
0,1,1789817835.329186,11.2564,41.952
0,1,1789817835.330185,11.4098,42.408
0,1,1789817835.331205,11.5249,42.636
0,1,1789817835.332200,11.7166,42.636
0,1,1789817835.333207,11.7933,42.180
0,1,1789817835.334185,11.9084,42.180
0,1,1789817835.335185,12.0234,42.864
0,1,1789817835.336188,12.1385,42.636
0,1,1789817835.337186,12.3111,42.636
0,1,1789817835.338191,12.3878,42.180
0,1,1789817835.339185,12.5412,42.636
0,1,1789817835.340187,12.6371,42.636
0,1,1789817835.341192,12.7713,42.864
0,1,1789817835.342187,12.9055,42.180
0,1,1789817835.343203,13.0206,41.952
0,1,1789817835.344188,13.1548,42.864
0,1,1789817835.345207,13.2507,42.636
0,1,1789817835.346185,13.4233,42.636
0,1,1789817835.347206,13.5000,41.952
0,1,1789817835.348187,13.6726,42.636
0,1,1789817835.349206,13.7876,43.092
0,1,1789817835.350187,13.9027,42.864
0,1,1789817835.351207,14.0178,41.952
0,1,1789817835.352185,14.1520,42.180
0,1,1789817835.353208,14.2670,42.636
0,1,1789817835.354181,14.4013,42.864
0,1,1789817835.355205,14.5355,42.408
0,1,1789817835.356186,14.6314,41.952
0,1,1789817835.357169,14.7656,42.408
0,1,1789817835.358186,14.8999,43.092
0,1,1789817835.359169,15.0149,42.636
0,1,1789817835.360188,15.1491,41.952
0,1,1789817835.361169,15.2642,41.952
0,1,1789817835.362186,15.3793,42.408
0,1,1789817835.363168,15.4943,42.408
0,1,1789817835.364181,15.6477,42.864
0,1,1789817835.365169,15.6861,41.952
0,1,1789817835.366187,15.8011,41.724
0,1,1789817835.367168,15.9354,42.408
0,1,1789817835.368186,16.0696,42.636
0,1,1789817835.369168,16.2038,42.180
0,1,1789817835.370184,16.3189,41.952
0,1,1789817835.371183,16.4339,42.408
0,1,1789817835.372184,16.5298,42.180
0,1,1789817835.373183,16.7408,42.180
0,1,1789817835.374180,16.7983,41.724
0,1,1789817835.375165,16.9134,41.268
0,1,1789817835.376183,17.0284,42.180
0,1,1789817835.377165,17.1243,41.724
0,1,1789817835.378184,17.2777,41.268
0,1,1789817835.379182,17.3736,41.040
0,1,1789817835.380183,17.4886,41.496
0,1,1789817835.381184,17.6037,41.496
0,1,1789817835.382164,17.7188,41.496
0,1,1789817835.383185,17.8530,40.812
0,1,1789817835.384172,17.9680,41.040
0,1,1789817835.385185,18.0831,41.496
0,1,1789817835.386163,18.1790,41.268
0,1,1789817835.387185,18.3516,40.812
0,1,1789817835.388167,18.4474,40.584
0,1,1789817835.389185,18.5625,40.812
0,1,1789817835.390167,18.6967,41.268
0,1,1789817835.391184,18.8118,41.268
0,1,1789817835.392166,18.9460,40.812
0,1,1789817835.393184,19.0611,40.356
0,1,1789817835.394168,19.1953,41.268
0,1,1789817835.395228,19.3295,41.496
0,1,1789817835.396163,19.4830,40.812
0,1,1789817835.397188,19.5788,40.584
0,1,1789817835.398166,19.7131,41.268
0,1,1789817835.399183,19.8281,41.268
0,1,1789817835.400166,19.9432,41.268
0,1,1789817835.401184,20.0582,40.812
0,1,1789817835.402167,20.1925,40.812
0,1,1789817835.403184,20.2884,41.268
0,1,1789817835.404166,20.4034,41.268
0,1,1789817835.405185,20.5568,41.496
0,1,1789817835.406167,20.6527,41.040
0,1,1789817835.407178,20.7102,41.496
0,1,1789817835.408169,20.9212,41.724
0,1,1789817835.409183,20.9595,41.724
0,1,1789817835.410167,21.1705,41.268
0,1,1789817835.411184,21.2472,41.496
0,1,1789817835.412167,21.4197,41.952
0,1,1789817835.413162,21.4773,41.952
0,1,1789817835.414166,21.6690,42.180
0,1,1789817835.415161,21.7457,41.952
0,1,1789817835.416167,21.8416,41.496
0,1,1789817835.417162,21.9950,42.408
0,1,1789817835.418166,22.1101,42.408
0,1,1789817835.419168,22.2635,41.952
0,1,1789817835.420168,22.3786,41.952
0,1,1789817835.421163,22.4744,41.952
0,1,1789817835.422169,22.6278,42.636
0,1,1789817835.423164,22.7429,42.636
0,1,1789817835.424168,22.8771,41.952
0,1,1789817835.425163,22.9922,41.952
0,1,1789817835.426166,23.1456,42.864
0,1,1789817835.427161,23.2415,42.636
0,1,1789817835.428160,23.3949,42.180
0,1,1789817835.429161,23.5099,42.180
0,1,1789817835.430168,23.6058,42.408
0,1,1789817835.431161,23.7209,42.408
0,1,1789817835.432166,23.8359,42.636
0,1,1789817835.433161,23.9510,41.952
0,1,1789817835.434165,24.0469,41.268
0,1,1789817835.435163,24.2003,42.408
0,1,1789817835.436165,24.3153,42.408
0,1,1789817835.437161,24.4688,41.952
0,1,1789817835.438165,24.5646,41.724
0,1,1789817835.439160,24.6989,42.180
0,1,1789817835.440165,24.8139,42.180
0,1,1789817835.441162,24.9482,42.408
0,1,1789817835.442164,25.0632,41.724
0,1,1789817835.443160,25.1783,41.496
0,1,1789817835.444164,25.2933,41.952
0,1,1789817835.445161,25.4276,42.408
0,1,1789817835.446166,25.5810,41.724
0,1,1789817835.447161,25.6768,41.268
0,1,1789817835.448165,25.7727,41.496
0,1,1789817835.449162,25.8878,41.496
0,1,1789817835.450165,26.0220,41.952
0,1,1789817835.451161,26.1562,41.040
0,1,1789817835.452166,26.2713,40.812
0,1,1789817835.453162,26.3672,41.268
0,1,1789817835.454165,26.4822,41.268
0,1,1789817835.455161,26.6165,40.812
0,1,1789817835.456164,26.6932,40.584
0,1,1789817835.457160,26.8082,40.584
0,1,1789817835.458180,26.9041,40.812
0,1,1789817835.459163,27.0192,40.584
0,1,1789817835.460158,27.1726,40.584
0,1,1789817835.461161,27.2301,39.900
0,1,1789817835.462170,27.3452,40.356
0,1,1789817835.463162,27.4602,40.812
0,1,1789817835.464164,27.5753,40.584
0,1,1789817835.465161,27.6712,39.672
0,1,1789817835.466163,27.7670,39.216
0,1,1789817835.467160,27.8629,39.672
0,1,1789817835.468163,27.9588,39.444
0,1,1789817835.469159,28.0739,38.532
0,1,1789817835.470164,28.1506,37.848
0,1,1789817835.471160,28.2273,37.848
0,1,1789817835.472163,28.2848,37.392
0,1,1789817835.473160,28.3807,37.164
0,1,1789817835.474164,28.4574,35.796
0,1,1789817835.475160,28.5341,35.112
0,1,1789817835.476165,28.6108,35.568
0,1,1789817835.477159,28.6683,34.656
0,1,1789817835.478163,28.7450,33.744
0,1,1789817835.479159,28.8026,32.832
0,1,1789817835.480164,28.8601,32.148
0,1,1789817835.481160,28.9176,31.920
0,1,1789817835.482157,28.9560,31.236
0,1,1789817835.483159,29.0327,30.096
0,1,1789817835.484158,29.0710,29.184
0,1,1789817835.485166,29.1094,28.728
0,1,1789817835.486159,29.1669,28.044
0,1,1789817835.487164,29.2053,26.676
0,1,1789817835.488159,29.2436,25.764
0,1,1789817835.489164,29.3011,25.308
0,1,1789817835.490158,29.3395,25.080
0,1,1789817835.491162,29.3587,23.940
0,1,1789817835.492153,29.3970,22.344
0,1,1789817835.493163,29.3970,20.976
0,1,1789817835.494159,29.4354,20.976
0,1,1789817835.495192,29.4737,20.292
0,1,1789817835.496161,29.5121,18.924
0,1,1789817835.497163,29.5121,18.012
0,1,1789817835.498158,29.5121,17.100
0,1,1789817835.499163,29.5312,16.416
0,1,1789817835.500159,29.5312,15.732
0,1,1789817835.501163,29.5696,15.276
0,1,1789817835.502158,29.5888,14.364
0,1,1789817835.503162,29.5888,13.680
0,1,1789817835.504162,29.5888,12.996
0,1,1789817835.505163,29.5888,11.628
0,1,1789817835.506158,29.6080,11.172
0,1,1789817835.507164,29.6271,10.716
0,1,1789817835.508159,29.6271,10.260
0,1,1789817835.509164,29.6463,9.576
0,1,1789817835.510160,29.6463,8.664
0,1,1789817835.511165,29.6463,8.208
0,1,1789817835.512157,29.6655,7.752
0,1,1789817835.513162,29.6847,7.524
0,1,1789817835.514152,29.6847,7.068
0,1,1789817835.515161,29.6847,6.156
0,1,1789817835.516154,29.7038,5.928
0,1,1789817835.517157,29.7038,5.700
0,1,1789817835.518149,29.7038,5.244
0,1,1789817835.519160,29.7230,4.560
0,1,1789817835.520157,29.7230,4.332
0,1,1789817835.521163,29.7422,4.332
0,1,1789817835.522156,29.7422,4.104
0,1,1789817835.523159,29.7614,4.104
0,1,1789817835.524158,29.7614,3.420
0,1,1789817835.525155,29.7614,2.964
0,1,1789817835.526159,29.7805,3.192
0,1,1789817835.527154,29.7805,3.192
0,1,1789817835.528159,29.7805,2.964
0,1,1789817835.529160,29.7805,2.736
0,1,1789817835.530162,29.8189,2.964
0,1,1789817835.531158,29.8189,2.736
0,1,1789817835.532156,29.8189,2.736
0,1,1789817835.533158,29.8381,2.964
0,1,1789817835.534159,29.8381,2.964
0,1,1789817835.535149,29.8381,2.736
0,1,1789817835.536159,29.8572,2.736
0,1,1789817835.537156,29.8572,2.508
0,1,1789817835.538155,29.8572,2.736
0,1,1789817835.539155,29.8572,2.508
0,1,1789817835.540178,29.8764,2.736
0,1,1789817835.541159,29.8764,2.508
0,1,1789817835.542155,29.8764,2.280
0,1,1789817835.543147,29.8764,2.280
0,1,1789817835.544158,29.8764,2.280
0,1,1789817835.545155,29.8764,2.052
0,1,1789817835.546154,29.8764,2.052
0,1,1789817835.547161,29.8764,2.052
0,1,1789817835.548157,29.8764,1.824
0,1,1789817835.549160,29.8764,1.824
0,1,1789817835.550151,29.8764,1.824
0,1,1789817835.551164,29.8956,1.824
0,1,1789817835.552157,29.8764,1.368
0,1,1789817835.553163,29.8764,1.368
0,1,1789817835.554149,29.8956,1.596
0,1,1789817835.555161,29.8764,1.368
0,1,1789817835.556155,29.8764,1.140
0,1,1789817835.557160,29.8764,0.684
0,1,1789817835.558156,29.8956,1.368
0,1,1789817835.559155,29.8764,0.912
0,1,1789817835.560158,29.8764,0.456
0,1,1789817835.561161,29.8956,0.912
0,1,1789817835.562158,29.8956,0.456
0,1,1789817835.563159,29.8956,0.456
0,1,1789817835.564155,29.8764,0.000
0,1,1789817835.565150,29.8956,0.000
0,1,1789817835.566159,29.8764,0.000
0,1,1789817835.567150,29.8572,0.000
0,1,1789817835.568160,29.8764,0.000
0,1,1789817835.569157,29.8764,0.000
0,1,1789817835.570158,29.8764,0.000
0,1,1789817835.571156,29.8764,0.000
0,1,1789817835.572160,29.8572,0.000
0,1,1789817835.573161,29.8572,0.000
0,1,1789817835.574158,29.8764,0.000
0,1,1789817835.575154,29.8764,0.000
0,1,1789817835.576152,29.8956,0.000
0,1,1789817835.577152,29.8956,0.000
0,1,1789817835.578159,29.8572,0.000
0,1,1789817835.579153,29.8764,0.000
0,1,1789817835.580153,29.8956,0.000
0,1,1789817835.581154,29.8764,0.000
0,1,1789817835.582157,29.8956,0.000
0,1,1789817835.583162,29.8956,0.000
0,1,1789817835.584155,29.8764,0.000
0,1,1789817835.585156,29.8764,0.000
0,1,1789817835.586152,29.8956,0.000
0,1,1789817835.587158,29.8956,0.000
0,1,1789817835.588156,29.8956,0.000
0,1,1789817835.589157,29.8956,0.000
0,1,1789817835.590150,29.9148,0.000
0,1,1789817835.591155,29.8956,0.000
0,1,1789817835.592150,29.8956,0.000
0,1,1789817835.593154,29.8956,0.000
0,1,1789817835.594151,29.8956,0.000
0,1,1789817835.595155,29.8764,0.000
0,1,1789817835.596150,29.8956,0.000
0,1,1789817835.597154,29.8956,0.000
0,1,1789817835.598149,29.8764,0.000
0,1,1789817835.599149,29.8956,0.000
0,1,1789817835.600150,29.8956,0.000
0,1,1789817835.601154,29.8956,0.000
0,1,1789817835.602150,29.8956,0.000
0,1,1789817835.603155,29.8956,0.000
0,1,1789817835.604152,29.8956,0.000
0,1,1789817835.605150,29.8956,0.000
0,1,1789817835.606157,29.8956,0.000
0,1,1789817835.607151,29.8956,0.000
0,1,1789817835.608151,29.8956,0.000
0,1,1789817835.609154,29.8956,0.000
0,1,1789817835.610154,29.8764,0.000
0,1,1789817835.611156,29.8956,0.000
0,1,1789817835.612151,29.8956,0.000
0,1,1789817835.613151,29.8956,0.000
0,1,1789817835.614150,29.8956,0.000
0,1,1789817835.615155,29.8956,0.000
0,1,1789817835.616151,29.8956,0.000
0,1,1789817835.617152,29.8956,0.000
0,1,1789817835.618164,29.8956,0.000
0,1,1789817835.619151,29.8764,0.000
0,1,1789817835.620150,29.8956,0.000
0,1,1789817835.621156,29.8956,0.000
0,1,1789817835.622151,29.8764,0.000
0,1,1789817835.623151,29.8764,0.000
0,1,1789817835.624151,29.8956,0.000
0,1,1789817835.625150,29.8956,0.000
0,1,1789817835.626150,29.8956,0.000
0,1,1789817835.627155,29.8956,0.000
0,1,1789817835.628152,29.8764,0.000
0,1,1789817835.629155,29.8764,0.000
0,1,1789817835.630150,29.8956,0.000
0,1,1789817835.631155,29.8956,0.000
0,1,1789817835.632150,29.8956,0.000
0,1,1789817835.633156,29.8956,0.000
0,1,1789817835.634155,29.8956,0.000
0,1,1789817835.635164,29.8764,0.000
0,1,1789817835.636150,29.8956,0.000
0,1,1789817835.637148,29.8956,0.000
0,1,1789817835.638146,29.8956,0.000
0,1,1789817835.639149,29.8956,0.000
0,1,1789817835.640151,29.8956,0.000
0,1,1789817835.641148,29.8956,0.000
0,1,1789817835.642154,29.8956,0.000
0,1,1789817835.643149,29.8956,0.000
0,1,1789817835.644152,29.8956,0.000
0,1,1789817835.645148,29.8956,0.000
0,1,1789817835.646139,29.8956,0.000
0,1,1789817835.647151,29.9148,0.000
0,1,1789817835.648139,29.8956,0.000
0,1,1789817835.649147,29.8956,0.000
0,1,1789817835.650139,29.8956,0.000
0,1,1789817835.651147,29.9148,0.000
0,1,1789817835.652141,29.8956,0.000
0,1,1789817835.653153,29.8956,0.000
0,1,1789817835.654140,29.8956,0.000
0,1,1789817835.655150,29.8956,0.000
0,1,1789817835.656140,29.8956,0.000
0,1,1789817835.657151,29.8956,0.000
0,1,1789817835.658143,29.8956,0.000
0,1,1789817835.659151,29.8956,0.000
0,1,1789817835.660139,29.8956,0.000
0,1,1789817835.661151,29.8956,0.000
0,1,1789817835.662139,29.8956,0.000
0,1,1789817835.663149,29.8956,0.000
0,1,1789817835.664139,29.8764,0.000
0,1,1789817835.665149,29.8956,0.000
0,1,1789817835.666148,29.8764,0.000
0,1,1789817835.667140,29.8956,0.000
0,1,1789817835.668149,29.8956,0.000
0,1,1789817835.669147,29.8956,0.000
0,1,1789817835.670138,29.8956,0.000
0,1,1789817835.671148,29.8956,0.000
0,1,1789817835.672140,29.8956,0.000
0,1,1789817835.673149,29.8956,0.000
0,1,1789817835.674148,29.8956,0.000
0,1,1789817835.675139,29.8956,0.000
0,1,1789817835.676150,29.8956,0.000
0,1,1789817835.677139,29.8956,0.000
0,1,1789817835.678149,29.8956,0.000
0,1,1789817835.679148,29.8956,0.000
0,1,1789817835.680147,29.8956,0.000
0,1,1789817835.681138,29.8956,0.000
0,1,1789817835.682150,29.8956,0.000
0,1,1789817835.683139,29.8956,0.000
0,1,1789817835.684148,29.8956,0.000
0,1,1789817835.685149,29.8956,0.000
0,1,1789817835.686136,29.8956,0.000
0,1,1789817835.687145,29.8956,0.000
0,1,1789817835.688138,29.8956,0.000
0,1,1789817835.689146,29.8956,0.000
0,1,1789817835.690136,29.8956,0.000
0,1,1789817835.691146,29.8956,0.000
0,1,1789817835.692137,29.8956,0.000
0,1,1789817835.693145,29.8956,0.000
0,1,1789817835.694137,29.8956,0.000
0,1,1789817835.695140,29.8956,0.000
0,1,1789817835.696138,29.8956,0.000
0,1,1789817835.697146,29.8956,0.000
0,1,1789817835.698139,29.8956,0.000
0,1,1789817835.699147,29.8956,0.000
0,1,1789817835.700138,29.8956,0.000
0,1,1789817835.701139,29.8956,0.000
0,1,1789817835.702138,29.8956,0.000
0,1,1789817835.703137,29.8956,0.000
0,1,1789817835.704137,29.8956,0.000
0,1,1789817835.705140,29.8956,0.000
0,1,1789817835.706138,29.8956,0.000
0,1,1789817835.707139,29.8956,0.000
0,1,1789817835.708138,29.8764,0.000
0,1,1789817835.709137,29.8956,0.000
0,1,1789817835.710156,29.8956,0.000
0,1,1789817835.711137,29.8956,0.000
0,1,1789817835.712138,29.8956,0.000
0,1,1789817835.713137,29.8956,0.000
0,1,1789817835.714137,29.8956,0.000
0,1,1789817835.715137,29.8956,0.000
0,1,1789817835.716138,29.8956,0.000
0,1,1789817835.717139,29.8956,0.000
0,1,1789817835.718138,29.8956,0.000
0,1,1789817835.719137,29.8956,0.000
0,1,1789817835.720137,29.8956,0.000
0,1,1789817835.721138,29.8956,0.000
0,1,1789817835.722138,29.8956,0.000
0,1,1789817835.723136,29.8956,0.000
0,1,1789817835.724137,29.8956,0.000
0,1,1789817835.725137,29.8956,0.000
0,1,1789817835.726137,29.8956,0.000
0,1,1789817835.727132,29.8956,0.000
0,1,1789817835.728138,29.8956,0.000
0,1,1789817835.729136,29.8956,0.000
0,1,1789817835.730137,29.8956,0.000
0,1,1789817835.731137,29.8956,0.000
0,1,1789817835.732137,29.8956,0.000
0,1,1789817835.733137,29.8956,0.000
0,1,1789817835.734136,29.8956,0.000
0,1,1789817835.735136,29.8956,0.000
0,1,1789817835.736136,29.8956,0.000
0,1,1789817835.737137,29.8956,0.000
0,1,1789817835.738139,29.8956,0.000
0,1,1789817835.739137,29.8956,0.000
0,1,1789817835.740136,29.8956,0.000
0,1,1789817835.741136,29.8956,0.000
0,1,1789817835.742137,29.8956,0.000
0,1,1789817835.743136,29.8956,0.000
0,1,1789817835.744136,29.8956,0.000
0,1,1789817835.745151,29.8956,0.000
0,1,1789817835.746136,29.8956,0.000
0,1,1789817835.747136,29.8956,0.000
0,1,1789817835.748137,29.8956,0.000
0,1,1789817835.749140,29.8956,0.000
0,1,1789817835.750136,29.8956,0.000
0,1,1789817835.751136,29.8956,0.000
0,1,1789817835.752136,29.8956,0.000
0,1,1789817835.753136,29.8956,0.000
0,1,1789817835.754136,29.8956,0.000
0,1,1789817835.755136,29.8956,0.000
0,1,1789817835.756135,29.8956,0.000
0,1,1789817835.757136,29.8956,0.000
0,1,1789817835.758137,29.8956,0.000
0,1,1789817835.759129,29.8956,0.000
0,1,1789817835.760137,29.8956,0.000
0,1,1789817835.761135,29.8956,0.000
0,1,1789817835.762135,29.8956,0.000
0,1,1789817835.763136,29.8956,0.000
0,1,1789817835.764135,29.8956,0.000
0,1,1789817835.765137,29.8956,0.000
0,1,1789817835.766135,29.8956,0.000
0,1,1789817835.767135,29.8956,0.000
0,1,1789817835.768136,29.8956,0.000
0,1,1789817835.769133,29.8956,0.000
0,1,1789817835.770134,29.8956,0.000
0,1,1789817835.771143,29.8764,0.000
0,1,1789817835.772133,29.8956,0.000
0,1,1789817835.773133,29.8956,0.000
0,1,1789817835.774134,29.8956,0.000
0,1,1789817835.775134,29.8956,0.000
0,1,1789817835.776133,29.8956,0.000
0,1,1789817835.777133,29.8956,0.000
0,1,1789817835.778134,29.8764,0.000
0,1,1789817835.779132,29.8956,0.000
0,1,1789817835.780133,29.8956,0.000
0,1,1789817835.781135,29.8956,0.000
0,1,1789817835.782136,29.8956,0.000
0,1,1789817835.783135,29.8956,0.000
0,1,1789817835.784134,29.8956,0.000
0,1,1789817835.785134,29.8764,0.000
0,1,1789817835.786135,29.8956,0.000
0,1,1789817835.787134,29.8956,0.000
0,1,1789817835.788135,29.8956,0.000
0,1,1789817835.789134,29.8956,0.000
0,1,1789817835.790134,29.8956,0.000
0,1,1789817835.791135,29.8956,0.000
0,1,1789817835.792134,29.8956,0.000
0,1,1789817835.793136,29.8956,0.000
0,1,1789817835.794146,29.8956,0.000
0,1,1789817835.795133,29.8956,0.000
0,1,1789817835.796134,29.8956,0.000
0,1,1789817835.797134,29.8956,0.000
0,1,1789817835.798135,29.8956,0.000
0,1,1789817835.799134,29.8956,0.000
0,1,1789817835.800134,29.8956,0.000
0,1,1789817835.801133,29.8956,0.000
0,1,1789817835.802137,29.8956,0.000
0,1,1789817835.803137,29.8956,0.000
0,1,1789817835.804136,29.8956,0.000
0,1,1789817835.805135,29.8956,0.000
0,1,1789817835.806134,29.8956,0.000
0,1,1789817835.807133,29.8956,0.000
0,1,1789817835.808134,29.8956,0.000
0,1,1789817835.809137,29.8956,0.000
0,1,1789817835.810132,29.8956,0.000
0,1,1789817835.811133,29.8956,0.000
0,1,1789817835.812133,29.8956,0.000
0,1,1789817835.813123,29.8956,0.000
0,1,1789817835.814136,29.8956,0.000
0,1,1789817835.815133,29.8956,0.000
0,1,1789817835.816132,29.8956,0.000
0,1,1789817835.817131,29.8956,0.000
0,1,1789817835.818132,29.8764,0.000
0,1,1789817835.819132,29.8956,0.000
0,1,1789817835.820130,29.8956,0.000
0,1,1789817835.821131,29.8956,0.000
0,1,1789817835.822131,29.8956,0.000
0,1,1789817835.823133,29.8764,0.000
0,1,1789817835.824131,29.8956,0.000
0,1,1789817835.825130,29.8956,0.000
0,1,1789817835.826133,29.8956,0.000
0,1,1789817835.827132,29.8956,0.000
0,1,1789817835.828132,29.8956,0.000
0,1,1789817835.829133,29.8956,0.000
0,1,1789817835.830133,29.8956,0.000
0,1,1789817835.831133,29.8956,0.000
0,1,1789817835.832132,29.8764,0.000
0,1,1789817835.833133,29.8956,0.000
0,1,1789817835.834134,29.8956,0.000
0,1,1789817835.835133,29.8764,0.000
0,1,1789817835.836137,29.8956,0.000
0,1,1789817835.837134,29.8956,0.000
0,1,1789817835.838134,29.8956,0.000
0,1,1789817835.839121,29.8956,0.000
0,1,1789817835.840134,29.8956,0.000
0,1,1789817835.841132,29.8764,0.000
0,1,1789817835.842131,29.8956,0.000
0,1,1789817835.843131,29.8956,0.000
0,1,1789817835.844132,29.8956,0.000
0,1,1789817835.845134,29.8956,0.000
0,1,1789817835.846131,29.8956,0.000
0,1,1789817835.847132,29.8956,0.000
0,1,1789817835.848133,29.8956,0.000
0,1,1789817835.849133,29.8956,0.000
0,1,1789817835.850131,29.8956,0.000
0,1,1789817835.851131,29.8956,0.000
0,1,1789817835.852132,29.8956,0.000
0,1,1789817835.853132,29.8956,0.000
0,1,1789817835.854130,29.8956,0.000
0,1,1789817835.855132,29.8956,0.000
0,1,1789817835.856132,29.8956,0.000
0,1,1789817835.857132,29.8956,0.000
0,1,1789817835.858133,29.8956,0.000
0,1,1789817835.859126,29.8956,0.000
0,1,1789817835.860135,29.8956,0.000
0,1,1789817835.861132,29.8764,0.000
0,1,1789817835.862145,29.8956,0.000
0,1,1789817835.863131,29.8956,0.000
0,1,1789817835.864131,29.8956,0.000
0,1,1789817835.865130,29.8956,0.000
0,1,1789817835.866132,29.8956,0.000
0,1,1789817835.867131,29.8956,0.000
0,1,1789817835.868132,29.8956,0.000
0,1,1789817835.869132,29.8956,0.000
0,1,1789817835.870132,29.8764,0.000
0,1,1789817835.871130,29.8764,0.000
0,1,1789817835.872129,29.8956,0.000
0,1,1789817835.873131,29.8956,0.000
0,1,1789817835.874129,29.8956,0.000
0,1,1789817835.875131,29.8956,0.000
0,1,1789817835.876129,29.8956,0.000
0,1,1789817835.877131,29.8956,0.000
0,1,1789817835.878132,29.8956,0.000
0,1,1789817835.879130,29.8956,0.000
0,1,1789817835.880130,29.8956,0.000
0,1,1789817835.881131,29.8956,0.000
0,1,1789817835.882131,29.8956,0.000
0,1,1789817835.883129,29.8956,0.000
0,1,1789817835.884130,29.8956,0.000
0,1,1789817835.885130,29.8956,0.000
0,1,1789817835.886131,29.8956,0.000
0,1,1789817835.887127,29.8956,0.000
0,1,1789817835.888138,29.8956,0.000
0,1,1789817835.889131,29.8956,0.000
0,1,1789817835.890131,29.8956,0.000
0,1,1789817835.891130,29.8956,0.000
0,1,1789817835.892132,29.8956,0.000
0,1,1789817835.893131,29.8764,0.000
0,1,1789817835.894129,29.8956,0.000
0,1,1789817835.895129,29.8956,0.000
0,1,1789817835.896138,29.8956,0.000
0,1,1789817835.897128,29.8956,0.000
0,1,1789817835.898134,29.8956,0.000
0,1,1789817835.899130,29.8956,0.000
0,1,1789817835.900129,29.8956,0.000
0,1,1789817835.901130,29.8956,0.000
0,1,1789817835.902129,29.8956,0.000
0,1,1789817835.903131,29.8956,0.000
0,1,1789817835.904129,29.8956,0.000
0,1,1789817835.905130,29.8956,0.000
0,1,1789817835.906130,29.8956,0.000
0,1,1789817835.907129,29.8956,0.000
0,1,1789817835.908130,29.8956,0.000
0,1,1789817835.909131,29.8956,0.000
0,1,1789817835.910130,29.8956,0.000
0,1,1789817835.911129,29.8956,0.000
0,1,1789817835.912129,29.8956,0.000
0,1,1789817835.913130,29.8956,0.000
0,1,1789817835.914132,29.8956,0.000
0,1,1789817835.915130,29.8956,0.000
0,1,1789817835.916129,29.8956,0.000
0,1,1789817835.917156,29.8956,0.000
0,1,1789817835.918130,29.8956,0.000
0,1,1789817835.919127,29.8956,0.000
0,1,1789817835.920131,29.8956,0.000
0,1,1789817835.921129,29.8956,0.000
0,1,1789817835.922128,29.8956,0.000
0,1,1789817835.923129,29.8764,0.000
0,1,1789817835.924129,29.8956,0.000
0,1,1789817835.925129,29.8956,0.000
0,1,1789817835.926125,29.8956,0.000
0,1,1789817835.927128,29.8956,0.000
0,1,1789817835.928127,29.8956,0.000
0,1,1789817835.929127,29.8956,0.000
0,1,1789817835.930123,29.8956,0.000
0,1,1789817835.931128,29.8956,0.000
0,1,1789817835.932127,29.8956,0.000
0,1,1789817835.933126,29.8956,0.000
0,1,1789817835.934126,29.8956,0.000
0,1,1789817835.935113,29.8956,0.000
0,1,1789817835.936127,29.8956,0.000
0,1,1789817835.937114,29.8956,0.000
0,1,1789817835.938128,29.8956,0.000
0,1,1789817835.939113,29.8764,0.000
0,1,1789817835.940125,29.8956,0.000
0,1,1789817835.941118,29.8956,0.000
0,1,1789817835.942128,29.8956,0.000
0,1,1789817835.943115,29.8956,0.000
0,1,1789817835.944128,29.8956,0.000
0,1,1789817835.945115,29.8956,0.000
0,1,1789817835.946127,29.8956,0.000
0,1,1789817835.947117,29.8956,0.000
0,1,1789817835.948128,29.8956,0.000
0,1,1789817835.949115,29.8956,0.000
0,1,1789817835.950127,29.8956,0.000
0,1,1789817835.951111,29.8956,0.000
0,1,1789817835.952128,29.8956,0.000
0,1,1789817835.953116,29.8956,0.000
0,1,1789817835.954127,29.8956,0.000
0,1,1789817835.955117,29.8956,0.000
0,1,1789817835.956128,29.8956,0.000
0,1,1789817835.957121,29.8956,0.000
0,1,1789817835.958137,29.8956,0.000
0,1,1789817835.959147,29.8956,0.000
0,1,1789817835.960128,29.9148,0.000
0,1,1789817835.961114,29.8956,0.000
0,1,1789817835.962132,29.8956,0.000
0,1,1789817835.963115,29.9148,0.000
0,1,1789817835.964128,29.8956,0.000
0,1,1789817835.965115,29.8956,0.000
0,1,1789817835.966129,29.8956,0.000
0,1,1789817835.967112,29.8956,0.000
0,1,1789817835.968125,29.8956,0.000
0,1,1789817835.969112,29.8956,0.000
0,1,1789817835.970125,29.8956,0.000
0,1,1789817835.971112,29.8956,0.000
0,1,1789817835.972124,29.8956,0.000
0,1,1789817835.973114,29.8956,0.000
0,1,1789817835.974125,29.8956,0.000
0,1,1789817835.975112,29.8956,0.000
0,1,1789817835.976124,29.8956,0.000
0,1,1789817835.977112,29.8956,0.000
0,1,1789817835.978125,29.8956,0.000
0,1,1789817835.979112,29.8956,0.000
0,1,1789817835.980126,29.8956,0.000
0,1,1789817835.981114,29.8956,0.000
0,1,1789817835.982126,29.8956,0.000
0,1,1789817835.983110,29.8956,0.000
0,1,1789817835.984126,29.8956,0.000
0,1,1789817835.985108,29.8956,0.000
0,1,1789817835.986125,29.8956,0.000
0,1,1789817835.987113,29.8956,0.000
0,1,1789817835.988110,29.8956,0.000
0,1,1789817835.989113,29.8956,0.000
0,1,1789817835.990108,29.8956,0.000
0,1,1789817835.991113,29.8956,0.000
0,1,1789817835.992111,29.8956,0.000
0,1,1789817835.993113,29.8956,0.000
0,1,1789817835.994105,29.8956,0.000
0,1,1789817835.995113,29.8956,0.000
0,1,1789817835.996109,29.8956,0.000
0,1,1789817835.997113,29.8956,0.000
0,1,1789817835.998109,29.8956,0.000
0,1,1789817835.999115,29.8956,0.000
0,1,1789817836.000110,29.8956,0.000
0,1,1789817836.001113,29.8956,0.000
0,1,1789817836.002108,29.8956,0.000
0,1,1789817836.003115,29.8956,0.000
0,1,1789817836.004109,29.8956,0.000
0,1,1789817836.005117,29.8956,0.000
0,1,1789817836.006109,29.8956,0.000
0,1,1789817836.007111,29.8956,0.000
0,1,1789817836.008107,29.8956,0.000
0,1,1789817836.009112,29.8956,0.000
0,1,1789817836.010109,29.8956,0.000
0,1,1789817836.011111,29.8956,0.000
0,1,1789817836.012105,29.8956,0.000
0,1,1789817836.013119,29.8956,0.000
0,1,1789817836.014107,29.8956,0.000
0,1,1789817836.015107,29.8956,0.000
0,1,1789817836.016108,29.8956,0.000
0,1,1789817836.017112,29.8956,0.000
0,1,1789817836.018110,29.8956,0.000
0,1,1789817836.019112,29.8956,0.000
0,1,1789817836.020108,29.8956,0.000
0,1,1789817836.021117,29.8956,0.000
0,1,1789817836.022110,29.8956,0.000
0,1,1789817836.023113,29.8956,0.000
0,1,1789817836.024109,29.8956,0.000
0,1,1789817836.025115,29.8956,0.000
0,1,1789817836.026106,29.8956,0.000
0,1,1789817836.027113,29.8956,0.000
0,1,1789817836.028109,29.8956,0.000
0,1,1789817836.029113,29.8956,0.000
0,1,1789817836.030109,29.8764,0.000
0,1,1789817836.031112,29.8956,0.000
0,1,1789817836.032109,29.8956,0.000
0,1,1789817836.033111,29.8956,0.000
0,1,1789817836.034107,29.8956,0.000
0,1,1789817836.035111,29.8956,0.000
0,1,1789817836.036109,29.8764,0.000
0,1,1789817836.037113,29.8956,0.000
0,1,1789817836.038108,29.8956,0.000
0,1,1789817836.039111,29.8956,0.000
0,1,1789817836.040108,29.8956,0.000
0,1,1789817836.041111,29.8956,0.000
0,1,1789817836.042107,29.8956,0.000
0,1,1789817836.043110,29.8956,0.000
0,1,1789817836.044106,29.8956,0.000
0,1,1789817836.045111,29.8956,0.000
0,1,1789817836.046107,29.8956,0.000
0,1,1789817836.047109,29.8956,0.000
0,1,1789817836.048109,29.8956,0.000
0,1,1789817836.049111,29.8956,0.000
0,1,1789817836.050108,29.8956,0.000
0,1,1789817836.051111,29.8956,0.000
0,1,1789817836.052107,29.8956,0.000
0,1,1789817836.053111,29.8956,0.000
0,1,1789817836.054106,29.8956,0.000
0,1,1789817836.055110,29.8764,0.000
0,1,1789817836.056106,29.8956,0.000
0,1,1789817836.057110,29.8956,0.000
0,1,1789817836.058105,29.8956,0.000
0,1,1789817836.059112,29.8956,0.000
0,1,1789817836.060107,29.8956,0.000
0,1,1789817836.061111,29.8956,0.000
0,1,1789817836.062107,29.8956,0.000
0,1,1789817836.063110,29.8956,0.000
0,1,1789817836.064106,29.8956,0.000
0,1,1789817836.065111,29.8764,0.000
0,1,1789817836.066116,29.8764,0.000
0,1,1789817836.067118,29.8956,0.000
0,1,1789817836.068107,29.8956,0.000
0,1,1789817836.069118,29.8956,0.000
0,1,1789817836.070106,29.9148,0.000
0,1,1789817836.071110,29.8956,0.000
0,1,1789817836.072106,29.8956,0.000
0,1,1789817836.073110,29.8956,0.000
0,1,1789817836.074106,29.8956,0.000
0,1,1789817836.075109,29.8956,0.000
0,1,1789817836.076105,29.8956,0.000
0,1,1789817836.077110,29.8956,0.000
0,1,1789817836.078106,29.8956,0.000
0,1,1789817836.079105,29.8956,0.000
0,1,1789817836.080107,29.8956,0.000
0,1,1789817836.081109,29.8956,0.000
0,1,1789817836.082089,29.8764,0.000
0,1,1789817836.083122,29.8956,0.000
0,1,1789817836.084109,29.8956,0.000
0,1,1789817836.085107,29.8956,0.000
0,1,1789817836.086108,29.8956,0.000
0,1,1789817836.087105,29.8956,0.000
0,1,1789817836.088109,29.8956,0.000
0,1,1789817836.089105,29.8956,0.000
0,1,1789817836.090104,29.8956,0.000
0,1,1789817836.091109,29.8956,0.000
0,1,1789817836.092131,29.8956,0.000
0,1,1789817836.093105,29.8956,0.000
0,1,1789817836.094109,29.8956,0.000
0,1,1789817836.095105,29.8956,0.000
0,1,1789817836.096109,29.8956,0.000
0,1,1789817836.097104,29.8956,0.000
0,1,1789817836.098108,29.8956,0.000
0,1,1789817836.099104,29.8956,0.000
0,1,1789817836.100108,29.8956,0.000
0,1,1789817836.101113,29.8956,0.000
0,1,1789817836.102111,29.8956,0.000
0,1,1789817836.103106,29.8956,0.000
0,1,1789817836.104109,29.8956,0.000
0,1,1789817836.105105,29.8956,0.000
0,1,1789817836.106108,29.8956,0.000
0,1,1789817836.107104,29.8956,0.000
0,1,1789817836.108108,29.8956,0.000
0,1,1789817836.109105,29.8956,0.000
0,1,1789817836.110108,29.8956,0.000
0,1,1789817836.111101,29.8956,0.000
0,1,1789817836.112108,29.8956,0.000
0,1,1789817836.113105,29.8956,0.000
0,1,1789817836.114109,29.8956,0.000
0,1,1789817836.115104,29.8956,0.000
0,1,1789817836.116107,29.8956,0.000
0,1,1789817836.117104,29.8956,0.000
0,1,1789817836.118107,29.8764,0.000
0,1,1789817836.119103,29.8956,0.000
0,1,1789817836.120108,29.8956,0.000
0,1,1789817836.121104,29.8956,0.000
0,1,1789817836.122106,29.8956,0.000
0,1,1789817836.123105,29.8956,0.000
0,1,1789817836.124109,29.8956,0.000
0,1,1789817836.125087,29.8956,0.000
0,1,1789817836.126111,29.8956,0.000
0,1,1789817836.127114,29.8956,0.000
0,1,1789817836.128107,29.8956,0.000
0,1,1789817836.129105,29.8956,0.000
0,-1,1789817836.133115,29.8956,0.000
0,-1,1789817836.134107,29.8956,0.000
0,-1,1789817836.135112,29.8956,0.000
0,-1,1789817836.136104,29.8956,0.000
0,-1,1789817836.137109,29.8956,0.000
0,-1,1789817836.138106,29.8956,0.000
0,-1,1789817836.139095,29.8956,0.000
0,-1,1789817836.140103,29.8956,0.000
0,-1,1789817836.141102,29.8956,0.000
0,-1,1789817836.142105,29.8956,0.000
0,-1,1789817836.143096,29.8956,0.000
0,-1,1789817836.144106,29.8956,0.000
0,-1,1789817836.145086,29.8956,0.000
0,-1,1789817836.146109,29.8956,0.000
0,-1,1789817836.147101,29.8956,0.000
0,-1,1789817836.148105,29.8956,0.000
0,-1,1789817836.149101,29.8956,0.000
0,-1,1789817836.150104,29.8956,0.000
0,-1,1789817836.151101,29.8956,0.000
0,-1,1789817836.152104,29.8956,0.000
0,-1,1789817836.153100,29.8956,0.000
0,-1,1789817836.154101,29.8764,0.000
0,-1,1789817836.155103,29.8956,0.000
0,-1,1789817836.156107,29.8956,0.000
0,-1,1789817836.157105,29.8956,0.000
0,-1,1789817836.158106,29.8956,0.000
0,-1,1789817836.159101,29.8956,0.000
0,-1,1789817836.160103,29.8764,0.000
0,-1,1789817836.161103,29.8572,0.000
0,-1,1789817836.162103,29.8764,0.000
0,-1,1789817836.163100,29.8764,0.000
0,-1,1789817836.164104,29.8764,0.000
0,-1,1789817836.165104,29.8764,0.000
0,-1,1789817836.166105,29.8381,0.456
0,-1,1789817836.167084,29.8572,0.456
0,-1,1789817836.168090,29.8572,0.456
0,-1,1789817836.169089,29.8572,0.456
0,-1,1789817836.170105,29.8381,0.684
0,-1,1789817836.171101,29.8381,0.684
0,-1,1789817836.172103,29.8189,0.684
0,-1,1789817836.173100,29.8189,0.684
0,-1,1789817836.174197,29.7997,0.912
0,-1,1789817836.175186,29.7805,1.140
0,-1,1789817836.176197,29.7614,1.596
0,-1,1789817836.177190,29.7230,2.052
0,-1,1789817836.178179,29.7230,2.052
0,-1,1789817836.179187,29.6847,2.508
0,-1,1789817836.180182,29.6655,2.736
0,-1,1789817836.181183,29.6463,2.964
0,-1,1789817836.182209,29.5888,3.648
0,-1,1789817836.183192,29.5504,3.876
0,-1,1789817836.184191,29.5504,4.104
0,-1,1789817836.185190,29.5121,4.560
0,-1,1789817836.186174,29.4737,5.016
0,-1,1789817836.187198,29.4354,5.472
0,-1,1789817836.188201,29.3778,6.156
0,-1,1789817836.189187,29.3395,6.384
0,-1,1789817836.190102,29.3203,6.384
0,-1,1789817836.191105,29.2628,7.296
0,-1,1789817836.192105,29.2244,7.752
0,-1,1789817836.193104,29.1669,8.436
0,-1,1789817836.194100,29.1286,8.892
0,-1,1789817836.195102,29.0902,8.892
0,-1,1789817836.196095,29.0135,10.032
0,-1,1789817836.197102,28.9560,10.716
0,-1,1789817836.198098,28.9176,10.944
0,-1,1789817836.199102,28.8409,11.856
0,-1,1789817836.200096,28.8026,12.312
0,-1,1789817836.201103,28.7259,12.996
0,-1,1789817836.202097,28.6683,13.452
0,-1,1789817836.203102,28.5916,14.364
0,-1,1789817836.204097,28.5341,14.820
0,-1,1789817836.205102,28.4574,15.504
0,-1,1789817836.206104,28.3615,16.188
0,-1,1789817836.207078,28.3232,16.416
0,-1,1789817836.208112,28.2656,17.328
0,-1,1789817836.209101,28.1506,18.012
0,-1,1789817836.210105,28.0930,18.468
0,-1,1789817836.211101,28.0163,18.468
0,-1,1789817836.212106,27.9205,19.380
0,-1,1789817836.213100,27.8438,20.292
0,-1,1789817836.214116,27.7670,20.748
0,-1,1789817836.215100,27.6712,21.432
0,-1,1789817836.216103,27.6328,21.432
0,-1,1789817836.217105,27.5369,22.116
0,-1,1789817836.218108,27.4411,22.800
0,-1,1789817836.219105,27.3452,23.712
0,-1,1789817836.220104,27.2301,24.168
0,-1,1789817836.221099,27.1534,24.624
0,-1,1789817836.222083,27.0575,25.308
0,-1,1789817836.223106,26.9808,25.764
0,-1,1789817836.224100,26.8466,26.904
0,-1,1789817836.225104,26.7507,26.904
0,-1,1789817836.226101,26.6548,27.588
0,-1,1789817836.227086,26.5398,28.500
0,-1,1789817836.228098,26.4631,28.728
0,-1,1789817836.229103,26.2905,29.640
0,-1,1789817836.230086,26.1946,29.868
0,-1,1789817836.231102,26.0987,30.324
0,-1,1789817836.232100,26.0028,31.008
0,-1,1789817836.233105,25.8878,31.692
0,-1,1789817836.234103,25.7727,31.692
0,-1,1789817836.235085,25.6768,32.148
0,-1,1789817836.236104,25.5618,33.060
0,-1,1789817836.237099,25.4467,33.288
0,-1,1789817836.238087,25.3125,33.516
0,-1,1789817836.239095,25.2358,33.744
0,-1,1789817836.240101,25.1207,34.428
0,-1,1789817836.241083,25.0057,34.884
0,-1,1789817836.242103,24.8906,35.340
0,-1,1789817836.243101,24.7947,35.112
0,-1,1789817836.244083,24.6605,35.568
0,-1,1789817836.245106,24.5646,36.252
0,-1,1789817836.246100,24.4496,36.480
0,-1,1789817836.247084,24.3153,36.480
0,-1,1789817836.248101,24.2003,36.480
0,-1,1789817836.249100,24.0852,37.164
0,-1,1789817836.250080,23.9893,37.392
0,-1,1789817836.251083,23.8359,37.848
0,-1,1789817836.252103,23.7401,37.392
0,-1,1789817836.253100,23.6250,37.392
0,-1,1789817836.254083,23.5099,38.076
0,-1,1789817836.255102,23.4141,38.076
0,-1,1789817836.256098,23.2798,38.304
0,-1,1789817836.257102,23.2223,38.076
0,-1,1789817836.258104,23.1264,37.620
0,-1,1789817836.259098,22.9922,38.532
0,-1,1789817836.260081,22.8771,38.760
0,-1,1789817836.261102,22.7237,38.760
0,-1,1789817836.262097,22.6278,38.532
0,-1,1789817836.263079,22.5128,38.760
0,-1,1789817836.264078,22.3977,39.444
0,-1,1789817836.265081,22.3018,39.216
0,-1,1789817836.266085,22.1484,38.988
0,-1,1789817836.267079,22.0526,38.760
0,-1,1789817836.268097,21.9183,39.900
0,-1,1789817836.269080,21.8416,39.444
0,-1,1789817836.270068,21.6882,39.216
0,-1,1789817836.271102,21.6115,38.760
0,-1,1789817836.272097,21.4773,39.672
0,-1,1789817836.273080,21.3622,39.672
0,-1,1789817836.274080,21.2855,39.444
0,-1,1789817836.275097,21.1321,39.216
0,-1,1789817836.276082,20.9979,39.216
0,-1,1789817836.277065,20.9020,39.672
0,-1,1789817836.278110,20.7869,39.444
0,-1,1789817836.279082,20.6527,39.216
0,-1,1789817836.280080,20.5376,38.988
0,-1,1789817836.281099,20.4609,39.216
0,-1,1789817836.282075,20.3267,39.672
0,-1,1789817836.283079,20.2116,39.672
0,-1,1789817836.284099,20.0966,39.216
0,-1,1789817836.285081,19.9815,38.988
0,-1,1789817836.286078,19.8665,39.672
0,-1,1789817836.287098,19.7706,39.672
0,-1,1789817836.288082,19.6172,39.216
0,-1,1789817836.289081,19.5213,38.760
0,-1,1789817836.290078,19.4062,39.216
0,-1,1789817836.291082,19.2912,39.444
0,-1,1789817836.292073,19.1761,39.444
0,-1,1789817836.293103,19.0611,38.988
0,-1,1789817836.294081,18.9077,38.988
0,-1,1789817836.295080,18.7926,39.444
0,-1,1789817836.296078,18.6967,39.444
0,-1,1789817836.297082,18.5817,39.216
0,-1,1789817836.298078,18.5241,38.988
0,-1,1789817836.299098,18.3899,39.216
0,-1,1789817836.300082,18.2940,39.672
0,-1,1789817836.301080,18.1598,39.900
0,-1,1789817836.302078,18.0256,39.216
0,-1,1789817836.303073,17.9297,39.444
0,-1,1789817836.304081,17.8146,39.444
0,-1,1789817836.305077,17.7188,39.444
0,-1,1789817836.306066,17.5270,39.900
0,-1,1789817836.307080,17.4695,39.216
0,-1,1789817836.308096,17.3544,39.216
0,-1,1789817836.309081,17.2202,40.128
0,-1,1789817836.310078,17.1243,39.900
0,-1,1789817836.311098,16.9709,39.672
0,-1,1789817836.312163,16.9134,38.988
0,-1,1789817836.313154,16.7791,39.444
0,-1,1789817836.314182,16.6641,39.900
0,-1,1789817836.315162,16.4723,39.900
0,-1,1789817836.316154,16.4148,39.444
0,-1,1789817836.317179,16.2997,39.444
0,-1,1789817836.318159,16.1655,40.128
0,-1,1789817836.319173,16.0504,40.128
0,-1,1789817836.320094,15.9162,39.672
0,-1,1789817836.321069,15.8395,39.216
0,-1,1789817836.322077,15.7244,39.444
0,-1,1789817836.323073,15.6094,39.900
0,-1,1789817836.324077,15.5135,39.444
0,-1,1789817836.325081,15.3793,39.216
0,-1,1789817836.326073,15.2450,39.444
0,-1,1789817836.327091,15.1491,39.900
0,-1,1789817836.328074,15.0149,39.900
0,-1,1789817836.329072,14.8615,39.900
0,-1,1789817836.330090,14.7848,39.216
0,-1,1789817836.331074,14.6697,39.672
0,-1,1789817836.332056,14.5547,39.900
0,-1,1789817836.333107,14.4396,39.900
0,-1,1789817836.334073,14.3054,39.672
0,-1,1789817836.335054,14.1903,39.444
0,-1,1789817836.336092,14.0753,40.128
0,-1,1789817836.337074,13.9602,40.128
0,-1,1789817836.338072,13.8068,39.900
0,-1,1789817836.339071,13.7301,39.444
0,-1,1789817836.340089,13.6342,39.444
0,-1,1789817836.341074,13.4808,40.356
0,-1,1789817836.342071,13.3466,40.356
0,-1,1789817836.343091,13.2507,39.444
0,-1,1789817836.344076,13.1357,39.444
0,-1,1789817836.345073,13.0206,40.128
0,-1,1789817836.346088,12.9055,40.128
0,-1,1789817836.347074,12.7905,39.900
0,-1,1789817836.348072,12.7138,39.444
0,-1,1789817836.349071,12.5987,39.444
0,-1,1789817836.350091,12.4837,40.356
0,-1,1789817836.351073,12.3878,40.128
0,-1,1789817836.352071,12.2536,39.672
0,-1,1789817836.353091,12.1577,39.672
0,-1,1789817836.354073,12.0426,39.672
0,-1,1789817836.355074,11.9084,40.128
0,-1,1789817836.356086,11.7933,40.356
0,-1,1789817836.357074,11.6783,39.444
0,-1,1789817836.358072,11.5632,39.444
0,-1,1789817836.359089,11.4482,40.128
0,-1,1789817836.360097,11.3331,40.128
0,-1,1789817836.361074,11.1989,39.672
0,-1,1789817836.362073,11.0838,39.444
0,-1,1789817836.363070,10.9496,39.900
0,-1,1789817836.364089,10.8345,40.128
0,-1,1789817836.365073,10.7386,39.900
0,-1,1789817836.366073,10.6044,39.444
0,-1,1789817836.367086,10.4702,39.672
0,-1,1789817836.368073,10.3551,40.356
0,-1,1789817836.369070,10.2401,40.356
0,-1,1789817836.370088,10.0866,40.128
0,-1,1789817836.371072,9.9908,39.672
0,-1,1789817836.372072,9.8949,40.128
0,-1,1789817836.373071,9.7607,40.584
0,-1,1789817836.374089,9.6456,40.584
0,-1,1789817836.375072,9.5497,39.672
0,-1,1789817836.376070,9.4347,39.672
0,-1,1789817836.377090,9.3004,40.356
0,-1,1789817836.378071,9.2045,40.128
0,-1,1789817836.379071,9.0320,40.128
0,-1,1789817836.380090,8.9553,39.444
0,-1,1789817836.381072,8.8210,40.356
0,-1,1789817836.382075,8.7060,40.584
0,-1,1789817836.383091,8.5909,40.584
0,-1,1789817836.384072,8.4759,39.672
0,-1,1789817836.385069,8.3608,39.672
0,-1,1789817836.386088,8.2457,40.356
0,-1,1789817836.387072,8.1307,40.356
0,-1,1789817836.388067,8.0156,40.356
0,-1,1789817836.389069,7.9389,39.900
0,-1,1789817836.390086,7.8430,39.900
0,-1,1789817836.391069,7.7280,40.356
0,-1,1789817836.392067,7.6129,40.128
0,-1,1789817836.393086,7.4595,39.900
0,-1,1789817836.394070,7.3636,39.900
0,-1,1789817836.395067,7.2678,39.672
0,-1,1789817836.396086,7.1335,40.356
0,-1,1789817836.397069,6.9801,39.900
0,-1,1789817836.398068,6.9034,39.444
0,-1,1789817836.399084,6.7692,39.672
0,-1,1789817836.400070,6.6541,40.128
0,-1,1789817836.401067,6.5582,40.128
0,-1,1789817836.402087,6.4048,39.672
0,-1,1789817836.403070,6.3089,39.444
0,-1,1789817836.404069,6.1939,40.128
0,-1,1789817836.405087,6.0788,40.356
0,-1,1789817836.406071,5.9638,40.128
0,-1,1789817836.407068,5.8295,39.900
0,-1,1789817836.408088,5.7145,39.900
0,-1,1789817836.409070,5.5994,40.584
0,-1,1789817836.410069,5.5036,40.128
0,-1,1789817836.411087,5.3118,40.356
0,-1,1789817836.412071,5.2351,39.900
0,-1,1789817836.413068,5.1200,40.128
0,-1,1789817836.414087,5.0050,40.584
0,-1,1789817836.415070,4.8899,40.584
0,-1,1789817836.416068,4.7749,39.900
0,-1,1789817836.417087,4.6598,39.900
0,-1,1789817836.418071,4.5447,40.356
0,-1,1789817836.419072,4.4489,40.356
0,-1,1789817836.420086,4.2955,40.356
0,-1,1789817836.421074,4.2188,39.672
0,-1,1789817836.422068,4.1037,40.128
0,-1,1789817836.423087,3.9886,40.356
0,-1,1789817836.424070,3.8736,40.584
0,-1,1789817836.425067,3.7202,39.900
0,-1,1789817836.426088,3.6051,40.128
0,-1,1789817836.427070,3.4901,40.584
0,-1,1789817836.428069,3.3750,40.356
0,-1,1789817836.429069,3.2408,40.128
0,-1,1789817836.430087,3.2024,39.900
0,-1,1789817836.431067,3.0107,40.356
0,-1,1789817836.432070,2.9531,40.584
0,-1,1789817836.433087,2.8381,40.812
0,-1,1789817836.434070,2.6847,40.128
0,-1,1789817836.435067,2.5696,40.356
0,-1,1789817836.436087,2.4737,40.584
0,-1,1789817836.437069,2.3587,40.584
0,-1,1789817836.438067,2.1669,40.812
0,-1,1789817836.439087,2.0902,40.584
0,-1,1789817836.440070,1.9751,40.128
0,-1,1789817836.441069,1.8793,40.584
0,-1,1789817836.442067,1.7450,40.812
0,-1,1789817836.443088,1.6108,40.356
0,-1,1789817836.444069,1.5149,40.128
0,-1,1789817836.445070,1.3999,40.356
0,-1,1789817836.446086,1.2656,41.040
0,-1,1789817836.447065,1.1506,41.040
0,-1,1789817836.448068,1.0355,40.584
0,-1,1789817836.449085,0.9205,40.128
0,-1,1789817836.450068,0.8054,41.040
0,-1,1789817836.451066,0.6712,41.268
0,-1,1789817836.452084,0.5369,40.812
0,-1,1789817836.453069,0.4602,40.356
0,-1,1789817836.454066,0.3452,40.356
0,-1,1789817836.455083,0.2301,40.812
0,-1,1789817836.456067,0.0767,41.268
0,-1,1789817836.457061,-0.0192,40.356
0,-1,1789817836.458083,-0.1342,40.128
0,-1,1789817836.459067,-0.2685,41.268
0,-1,1789817836.460070,-0.3643,40.812
0,-1,1789817836.461084,-0.5178,40.584
0,-1,1789817836.462067,-0.5945,40.128
0,-1,1789817836.463062,-0.7287,40.812
0,-1,1789817836.464084,-0.8246,40.584
0,-1,1789817836.465067,-0.9588,41.040
0,-1,1789817836.466065,-1.0739,40.356
0,-1,1789817836.467083,-1.1889,40.128
0,-1,1789817836.468065,-1.3232,40.812
0,-1,1789817836.469064,-1.4190,40.584
0,-1,1789817836.470083,-1.5724,40.356
0,-1,1789817836.471066,-1.6683,40.128
0,-1,1789817836.472065,-1.8026,40.812
0,-1,1789817836.473083,-1.9176,41.040
0,-1,1789817836.474065,-2.0327,41.040
0,-1,1789817836.475066,-2.1286,39.900
0,-1,1789817836.476087,-2.2820,40.356
0,-1,1789817836.477068,-2.3970,41.040
0,-1,1789817836.478067,-2.5121,41.040
0,-1,1789817836.479084,-2.6271,41.040
0,-1,1789817836.480067,-2.7038,40.356
0,-1,1789817836.481066,-2.8189,40.356
0,-1,1789817836.482085,-2.9339,41.268
0,-1,1789817836.483067,-3.0490,41.268
0,-1,1789817836.484064,-3.2024,41.040
0,-1,1789817836.485087,-3.2791,40.128
0,-1,1789817836.486068,-3.3942,40.584
0,-1,1789817836.487065,-3.5092,41.040
0,-1,1789817836.488084,-3.6435,41.040
0,-1,1789817836.489068,-3.7585,40.584
0,-1,1789817836.490067,-3.8736,40.356
0,-1,1789817836.491066,-3.9886,41.040
0,-1,1789817836.492065,-4.1037,41.040
0,-1,1789817836.493083,-4.2571,40.812
0,-1,1789817836.494067,-4.3338,40.128
0,-1,1789817836.495063,-4.4489,40.584
0,-1,1789817836.496084,-4.5639,40.812
0,-1,1789817836.497066,-4.6982,40.812
0,-1,1789817836.498066,-4.8132,40.356
0,-1,1789817836.499048,-4.9474,40.356
0,-1,1789817836.500067,-5.0625,41.040
0,-1,1789817836.501065,-5.1967,41.268
0,-1,1789817836.502048,-5.3501,40.812
0,-1,1789817836.503065,-5.4268,40.356
0,-1,1789817836.504072,-5.5419,40.812
0,-1,1789817836.505064,-5.6761,41.268
0,-1,1789817836.506070,-5.7720,40.812
0,-1,1789817836.507064,-5.9254,40.584
0,-1,1789817836.508057,-6.0405,40.584
0,-1,1789817836.509073,-6.1555,41.040
0,-1,1789817836.510052,-6.2514,40.812
0,-1,1789817836.511071,-6.4048,40.584
0,-1,1789817836.512050,-6.5007,40.356
0,-1,1789817836.513057,-6.6158,40.584
0,-1,1789817836.514067,-6.7308,41.040
0,-1,1789817836.515050,-6.8459,41.040
0,-1,1789817836.516067,-6.9801,40.584
0,-1,1789817836.517053,-7.0952,40.356
0,-1,1789817836.518068,-7.1911,40.812
0,-1,1789817836.519050,-7.3061,40.812
0,-1,1789817836.520068,-7.4212,40.812
0,-1,1789817836.521050,-7.4979,40.356
0,-1,1789817836.522067,-7.6129,40.128
0,-1,1789817836.523049,-7.7280,41.040
0,-1,1789817836.524066,-7.8622,41.268
0,-1,1789817836.525050,-7.9773,40.812
0,-1,1789817836.526061,-8.0732,40.356
0,-1,1789817836.527046,-8.1690,40.584
0,-1,1789817836.528068,-8.2841,40.584
0,-1,1789817836.529049,-8.4759,40.812
0,-1,1789817836.530067,-8.5142,39.672
0,-1,1789817836.531051,-8.6484,39.900
0,-1,1789817836.532066,-8.7827,40.812
0,-1,1789817836.533050,-8.8977,40.812
0,-1,1789817836.534066,-9.0320,40.128
0,-1,1789817836.535049,-9.1278,40.128
0,-1,1789817836.536067,-9.2621,40.584
0,-1,1789817836.537050,-9.3580,40.356
0,-1,1789817836.538063,-9.4922,40.584
0,-1,1789817836.539049,-9.6072,40.128
0,-1,1789817836.540065,-9.7223,39.900
0,-1,1789817836.541052,-9.8565,41.040
0,-1,1789817836.542071,-9.9524,40.584
0,-1,1789817836.543067,-10.1058,40.356
0,-1,1789817836.544044,-10.2017,40.128
0,-1,1789817836.545069,-10.3168,40.584
0,-1,1789817836.546051,-10.4126,40.584
0,-1,1789817836.547068,-10.5469,40.812
0,-1,1789817836.548049,-10.6619,40.356
0,-1,1789817836.549072,-10.7770,40.356
0,-1,1789817836.550051,-10.9112,41.040
0,-1,1789817836.551068,-11.0263,41.040
0,-1,1789817836.552051,-11.1605,40.356
0,-1,1789817836.553050,-11.2564,40.356
0,-1,1789817836.554067,-11.3523,40.356
0,-1,1789817836.555050,-11.4865,40.812
0,-1,1789817836.556046,-11.6207,41.268
0,-1,1789817836.557050,-11.7166,40.128
0,-1,1789817836.558045,-11.8509,40.356
0,-1,1789817836.559044,-11.9467,41.040
0,-1,1789817836.560048,-12.0810,41.040
0,-1,1789817836.561051,-12.1960,40.356
0,-1,1789817836.562046,-12.2536,40.128
0,-1,1789817836.563050,-12.3686,40.584
0,-1,1789817836.564048,-12.4837,40.812
0,-1,1789817836.565066,-12.5987,40.812
0,-1,1789817836.566049,-12.7905,40.356
0,-1,1789817836.567047,-12.8480,40.128
0,-1,1789817836.568050,-12.9631,40.812
0,-1,1789817836.569046,-13.0781,40.812
0,-1,1789817836.570045,-13.2891,41.040
0,-1,1789817836.571050,-13.3274,40.356
0,-1,1789817836.572046,-13.4425,40.128
0,-1,1789817836.573051,-13.5575,40.812
0,-1,1789817836.574046,-13.6726,40.812
0,-1,1789817836.575052,-13.8260,40.584
0,-1,1789817836.576046,-13.9219,40.128
0,-1,1789817836.577049,-14.0369,40.584
0,-1,1789817836.578045,-14.1520,40.812
0,-1,1789817836.579050,-14.2862,40.812
0,-1,1789817836.580047,-14.4205,40.356
0,-1,1789817836.581052,-14.5163,40.128
0,-1,1789817836.582047,-14.6314,41.040
0,-1,1789817836.583050,-14.7464,40.812
0,-1,1789817836.584045,-14.9190,40.812
0,-1,1789817836.585050,-14.9766,39.900
0,-1,1789817836.586047,-15.1300,40.812
0,-1,1789817836.587046,-15.2259,41.040
0,-1,1789817836.588050,-15.3409,41.040
0,-1,1789817836.589043,-15.4560,40.356
0,-1,1789817836.590048,-15.5518,40.128
0,-1,1789817836.591038,-15.7053,41.268
0,-1,1789817836.592048,-15.8203,41.268
0,-1,1789817836.593044,-15.9737,41.040
0,-1,1789817836.594047,-16.0504,40.356
0,-1,1789817836.595045,-16.1655,40.812
0,-1,1789817836.596046,-16.2997,41.268
0,-1,1789817836.597047,-16.3956,41.040
0,-1,1789817836.598052,-16.5298,40.584
0,-1,1789817836.599044,-16.6449,40.128
0,-1,1789817836.600047,-16.7791,41.268
0,-1,1789817836.601047,-16.8942,41.268
0,-1,1789817836.602046,-17.0476,41.040
0,-1,1789817836.603048,-17.1243,40.356
0,-1,1789817836.604044,-17.2585,41.040
0,-1,1789817836.605047,-17.3544,41.040
0,-1,1789817836.606045,-17.5078,41.496
0,-1,1789817836.607050,-17.6037,40.584
0,-1,1789817836.608047,-17.7379,40.584
0,-1,1789817836.609044,-17.8530,41.040
0,-1,1789817836.610047,-17.9680,41.268
0,-1,1789817836.611044,-18.0831,41.268
0,-1,1789817836.612046,-18.1790,41.040
0,-1,1789817836.613046,-18.2749,40.584
0,-1,1789817836.614051,-18.3899,41.268
0,-1,1789817836.615045,-18.5050,41.268
0,-1,1789817836.616049,-18.6584,41.040
0,-1,1789817836.617043,-18.7543,40.584
0,-1,1789817836.618049,-18.8693,40.812
0,-1,1789817836.619046,-18.9844,41.496
0,-1,1789817836.620049,-19.0994,41.040
0,-1,1789817836.621044,-19.2337,40.584
0,-1,1789817836.622048,-19.3487,40.584
0,-1,1789817836.623041,-19.4638,41.268
0,-1,1789817836.624050,-19.5597,41.040
0,-1,1789817836.625044,-19.7131,40.584
0,-1,1789817836.626048,-19.8089,40.584
0,-1,1789817836.627045,-19.9240,40.584
0,-1,1789817836.628048,-20.0391,41.040
0,-1,1789817836.629044,-20.1349,40.812
0,-1,1789817836.630049,-20.2692,40.356
0,-1,1789817836.631044,-20.3842,40.128
0,-1,1789817836.632049,-20.4801,40.812
0,-1,1789817836.633044,-20.5952,40.812
0,-1,1789817836.634044,-20.7678,40.812
0,-1,1789817836.635048,-20.9020,40.356
0,-1,1789817836.636044,-20.9979,41.040
0,-1,1789817836.637048,-21.0746,40.584
0,-1,1789817836.638043,-21.2280,41.040
0,-1,1789817836.639047,-21.3430,40.356
0,-1,1789817836.640043,-21.4581,40.356
0,-1,1789817836.641048,-21.5732,40.584
0,-1,1789817836.642043,-21.7074,41.040
0,-1,1789817836.643048,-21.8608,40.812
0,-1,1789817836.644043,-21.9567,40.584
0,-1,1789817836.645050,-22.0717,40.812
0,-1,1789817836.646045,-22.1676,40.812
0,-1,1789817836.647043,-22.3210,41.268
0,-1,1789817836.648046,-22.4169,40.356
0,-1,1789817836.649044,-22.5511,40.584
0,-1,1789817836.650048,-22.6470,41.040
0,-1,1789817836.651042,-22.7621,41.040
0,-1,1789817836.652049,-22.8963,41.268
0,-1,1789817836.653043,-22.9538,40.812
0,-1,1789817836.654047,-23.0881,41.040
0,-1,1789817836.655038,-23.2031,41.496
0,-1,1789817836.656048,-23.3182,41.496
0,-1,1789817836.657043,-23.4716,41.268
0,-1,1789817836.658046,-23.5675,41.040
0,-1,1789817836.659043,-23.6825,41.268
0,-1,1789817836.660046,-23.7784,41.268
0,-1,1789817836.661042,-23.9510,41.496
0,-1,1789817836.662047,-24.0277,41.040
0,-1,1789817836.663044,-24.1428,40.812
0,-1,1789817836.664042,-24.2578,41.268
0,-1,1789817836.665045,-24.3729,41.040
0,-1,1789817836.666039,-24.5263,41.268
0,-1,1789817836.667048,-24.6222,40.584
0,-1,1789817836.668042,-24.7564,41.040
0,-1,1789817836.669046,-24.8714,41.496
0,-1,1789817836.670042,-24.9673,41.496
0,-1,1789817836.671046,-25.0824,40.584
0,-1,1789817836.672042,-25.1974,40.584
0,-1,1789817836.673045,-25.3317,41.268
0,-1,1789817836.674043,-25.4467,41.268
0,-1,1789817836.675046,-25.5810,41.040
0,-1,1789817836.676042,-25.6960,40.584
0,-1,1789817836.677048,-25.7919,40.812
0,-1,1789817836.678043,-25.9070,41.268
0,-1,1789817836.679045,-26.0220,41.040
0,-1,1789817836.680042,-26.1371,40.356
0,-1,1789817836.681046,-26.2713,40.356
0,-1,1789817836.682042,-26.3864,41.040
0,-1,1789817836.683046,-26.4822,40.584
0,-1,1789817836.684041,-26.6357,40.356
0,-1,1789817836.685047,-26.7124,39.900
0,-1,1789817836.686043,-26.8274,40.128
0,-1,1789817836.687041,-26.9233,40.128
0,-1,1789817836.688043,-27.0192,39.900
0,-1,1789817836.689040,-27.1151,38.988
0,-1,1789817836.690045,-27.2301,39.216
0,-1,1789817836.691041,-27.3452,39.672
0,-1,1789817836.692044,-27.4219,39.216
0,-1,1789817836.693042,-27.5369,38.532
0,-1,1789817836.694044,-27.6328,38.304
0,-1,1789817836.695040,-27.7095,38.076
0,-1,1789817836.696046,-27.8246,38.304
0,-1,1789817836.697042,-27.9205,37.848
0,-1,1789817836.698042,-28.0163,36.936
0,-1,1789817836.699040,-28.0930,36.480
0,-1,1789817836.700046,-28.1889,36.936
0,-1,1789817836.701041,-28.2656,36.480
0,-1,1789817836.702045,-28.3423,35.796
0,-1,1789817836.703040,-28.3807,34.884
0,-1,1789817836.704045,-28.4574,34.428
0,-1,1789817836.705042,-28.5533,34.884
0,-1,1789817836.706044,-28.5916,33.744
0,-1,1789817836.707042,-28.6875,33.060
0,-1,1789817836.708035,-28.7450,32.376
0,-1,1789817836.709046,-28.8026,31.920
0,-1,1789817836.710040,-28.8601,31.692
0,-1,1789817836.711043,-28.9176,30.780
0,-1,1789817836.712038,-28.9943,29.868
0,-1,1789817836.713042,-29.0327,28.956
0,-1,1789817836.714042,-29.1094,29.184
0,-1,1789817836.715039,-29.1477,28.272
0,-1,1789817836.716040,-29.1861,26.904
0,-1,1789817836.717039,-29.2053,25.992
0,-1,1789817836.718040,-29.2628,25.764
0,-1,1789817836.719033,-29.3011,25.308
0,-1,1789817836.720042,-29.3395,24.396
0,-1,1789817836.721040,-29.3587,23.028
0,-1,1789817836.722039,-29.3970,22.344
0,-1,1789817836.723043,-29.4162,21.888
0,-1,1789817836.724039,-29.4545,21.204
0,-1,1789817836.725043,-29.4929,19.836
0,-1,1789817836.726040,-29.4929,18.696
0,-1,1789817836.727044,-29.5312,18.240
0,-1,1789817836.728039,-29.5504,17.784
0,-1,1789817836.729045,-29.5696,17.100
0,-1,1789817836.730034,-29.5888,15.732
0,-1,1789817836.731044,-29.5888,14.820
0,-1,1789817836.732039,-29.6271,14.820
0,-1,1789817836.733043,-29.6271,13.908
0,-1,1789817836.734040,-29.6271,12.540
0,-1,1789817836.735043,-29.6463,12.084
0,-1,1789817836.736039,-29.6655,11.628
0,-1,1789817836.737043,-29.6655,10.944
0,-1,1789817836.738038,-29.6655,10.260
0,-1,1789817836.739044,-29.6847,9.576
0,-1,1789817836.740038,-29.6847,8.664
0,-1,1789817836.741045,-29.6847,8.208
0,-1,1789817836.742039,-29.6847,7.752
0,-1,1789817836.743043,-29.6847,6.840
0,-1,1789817836.744039,-29.7038,6.612
0,-1,1789817836.745042,-29.6847,6.156
0,-1,1789817836.746039,-29.7038,6.156
0,-1,1789817836.747043,-29.7038,5.472
0,-1,1789817836.748039,-29.7038,4.788
0,-1,1789817836.749038,-29.7038,4.332
0,-1,1789817836.750041,-29.7038,4.104
0,-1,1789817836.751035,-29.7230,4.104
0,-1,1789817836.752045,-29.7230,3.648
0,-1,1789817836.753039,-29.7230,3.192
0,-1,1789817836.754043,-29.7230,2.964
0,-1,1789817836.755038,-29.7230,2.736
0,-1,1789817836.756042,-29.7230,2.508
0,-1,1789817836.757039,-29.7230,2.052
0,-1,1789817836.758042,-29.7422,2.052
0,-1,1789817836.759040,-29.7422,1.824
0,-1,1789817836.760042,-29.7422,1.824
0,-1,1789817836.761038,-29.7422,1.596
0,-1,1789817836.762041,-29.7614,1.596
0,-1,1789817836.763039,-29.7614,1.596
0,-1,1789817836.764043,-29.7805,1.824
0,-1,1789817836.765038,-29.7805,1.368
0,-1,1789817836.766043,-29.7805,1.368
0,-1,1789817836.767038,-29.7805,1.368
0,-1,1789817836.768041,-29.7805,1.140
0,-1,1789817836.769039,-29.7997,1.368
0,-1,1789817836.770041,-29.7805,1.140
0,-1,1789817836.771038,-29.7997,1.368
0,-1,1789817836.772038,-29.7997,1.368
0,-1,1789817836.773041,-29.7997,0.912
0,-1,1789817836.774036,-29.7997,1.368
0,-1,1789817836.775041,-29.8189,1.140
0,-1,1789817836.776038,-29.7997,0.912
0,-1,1789817836.777042,-29.8381,1.596
0,-1,1789817836.778037,-29.8381,1.596
0,-1,1789817836.779041,-29.8381,1.596
0,-1,1789817836.780037,-29.8381,1.368
0,-1,1789817836.781040,-29.8381,1.368
0,-1,1789817836.782038,-29.8381,1.368
0,-1,1789817836.783037,-29.8381,1.368
0,-1,1789817836.784041,-29.8381,1.368
0,-1,1789817836.785037,-29.8381,1.368
0,-1,1789817836.786040,-29.8381,1.368
0,-1,1789817836.787037,-29.8381,1.140
0,-1,1789817836.788022,-29.8381,1.140
0,-1,1789817836.789038,-29.8381,1.140
0,-1,1789817836.790021,-29.8381,0.684
0,-1,1789817836.791037,-29.8381,0.684
0,-1,1789817836.792020,-29.8381,0.684
0,-1,1789817836.793037,-29.8381,0.456
0,-1,1789817836.794015,-29.8189,0.456
0,-1,1789817836.795039,-29.8189,0.456
0,-1,1789817836.796036,-29.8381,0.456
0,-1,1789817836.797040,-29.8381,0.456
0,-1,1789817836.798037,-29.8381,0.000
0,-1,1789817836.799020,-29.8381,0.456
0,-1,1789817836.800037,-29.8381,0.000
0,-1,1789817836.801019,-29.8189,0.000
0,-1,1789817836.802036,-29.8381,0.000
0,-1,1789817836.803020,-29.8381,0.000
0,-1,1789817836.804034,-29.8189,0.000
0,-1,1789817836.805021,-29.8381,0.000
0,-1,1789817836.806039,-29.8381,0.000
0,-1,1789817836.807020,-29.8189,0.000
0,-1,1789817836.808037,-29.8381,0.000
0,-1,1789817836.809019,-29.8381,0.000
0,-1,1789817836.810036,-29.8381,0.000
0,-1,1789817836.811019,-29.8381,0.000
0,-1,1789817836.812035,-29.8189,0.000
0,-1,1789817836.813019,-29.8189,0.000
0,-1,1789817836.814037,-29.8189,0.000
0,-1,1789817836.815078,-29.8189,0.000
0,-1,1789817836.816098,-29.8189,0.000
0,-1,1789817836.817079,-29.8381,0.000
0,-1,1789817836.818100,-29.8381,0.000
0,-1,1789817836.819096,-29.8189,0.000
0,-1,1789817836.820128,-29.8189,0.000
0,-1,1789817836.821082,-29.8189,0.000
0,-1,1789817836.822094,-29.8381,0.000
0,-1,1789817836.823088,-29.8189,0.000
0,-1,1789817836.824097,-29.8381,0.000
0,-1,1789817836.825084,-29.8381,0.000
0,-1,1789817836.826097,-29.8381,0.000
0,-1,1789817836.827087,-29.8381,0.000
0,-1,1789817836.828111,-29.8381,0.000
0,-1,1789817836.829088,-29.8381,0.000
0,-1,1789817836.830035,-29.8189,0.000
0,-1,1789817836.831015,-29.8189,0.000
0,-1,1789817836.832031,-29.8189,0.000
0,-1,1789817836.833015,-29.8189,0.000
0,-1,1789817836.834031,-29.8189,0.000
0,-1,1789817836.835014,-29.8381,0.000
0,-1,1789817836.836030,-29.8189,0.000
0,-1,1789817836.837018,-29.8381,0.000
0,-1,1789817836.838031,-29.8381,0.000
0,-1,1789817836.839014,-29.8189,0.000
0,-1,1789817836.840009,-29.8381,0.000
0,-1,1789817836.841013,-29.8381,0.000
0,-1,1789817836.842009,-29.8381,0.000
0,-1,1789817836.843013,-29.8381,0.000
0,-1,1789817836.844012,-29.8381,0.000
0,-1,1789817836.845015,-29.8189,0.000
0,-1,1789817836.846010,-29.8381,0.000
0,-1,1789817836.847016,-29.8381,0.000
0,-1,1789817836.848013,-29.8381,0.000
0,-1,1789817836.849017,-29.8189,0.000
0,-1,1789817836.850016,-29.8381,0.000
0,-1,1789817836.851034,-29.8189,0.000
0,-1,1789817836.852017,-29.8381,0.000
0,-1,1789817836.853016,-29.8189,0.000
0,-1,1789817836.854018,-29.8381,0.000
0,-1,1789817836.855015,-29.8381,0.000
0,-1,1789817836.856017,-29.8381,0.000
0,-1,1789817836.857025,-29.8189,0.000
0,-1,1789817836.858011,-29.8381,0.000
0,-1,1789817836.859015,-29.8189,0.000
0,-1,1789817836.860014,-29.8189,0.000
0,-1,1789817836.861019,-29.8189,0.000
0,-1,1789817836.862013,-29.8381,0.000
0,-1,1789817836.863016,-29.8381,0.000
0,-1,1789817836.864016,-29.8381,0.000
0,-1,1789817836.865017,-29.8381,0.000
0,-1,1789817836.866012,-29.8381,0.000
0,-1,1789817836.867017,-29.8189,0.000
0,-1,1789817836.868012,-29.8381,0.000
0,-1,1789817836.869017,-29.8189,0.000
0,-1,1789817836.870013,-29.7997,0.000
0,-1,1789817836.871031,-29.8381,0.000
0,-1,1789817836.872024,-29.8381,0.000
0,-1,1789817836.873017,-29.8381,0.000
0,-1,1789817836.874011,-29.7997,0.000
0,-1,1789817836.875016,-29.8381,0.000
0,-1,1789817836.876012,-29.8381,0.000
0,-1,1789817836.877016,-29.7997,0.000
0,-1,1789817836.878012,-29.8381,0.000
0,-1,1789817836.879010,-29.8381,0.000
0,-1,1789817836.880011,-29.8381,0.000
0,-1,1789817836.881016,-29.8381,0.000
0,-1,1789817836.882012,-29.8381,0.000
0,-1,1789817836.883018,-29.8381,0.000
0,-1,1789817836.884012,-29.8381,0.000
0,-1,1789817836.885019,-29.8381,0.000
0,-1,1789817836.886012,-29.8381,0.000
0,-1,1789817836.887016,-29.8381,0.000
0,-1,1789817836.888011,-29.8381,0.000
0,-1,1789817836.889016,-29.8189,0.000
0,-1,1789817836.890005,-29.8189,0.000
0,-1,1789817836.891016,-29.8381,0.000
0,-1,1789817836.892013,-29.8381,0.000
0,-1,1789817836.893014,-29.8189,0.000
0,-1,1789817836.894014,-29.8381,0.000
0,-1,1789817836.895010,-29.8381,0.000
0,-1,1789817836.896007,-29.8381,0.000
0,-1,1789817836.897011,-29.8381,0.000
0,-1,1789817836.898033,-29.8381,0.000
0,-1,1789817836.899011,-29.8381,0.000
0,-1,1789817836.900015,-29.7997,0.000
0,-1,1789817836.901010,-29.8189,0.000
0,-1,1789817836.902015,-29.8381,0.000
0,-1,1789817836.903010,-29.8381,0.000
0,-1,1789817836.904014,-29.8381,0.000
0,-1,1789817836.905013,-29.8381,0.000
0,-1,1789817836.906010,-29.8381,0.000
0,-1,1789817836.907013,-29.8381,0.000
0,-1,1789817836.908010,-29.8381,0.000
0,-1,1789817836.909015,-29.8189,0.000
0,-1,1789817836.910011,-29.8189,0.000
0,-1,1789817836.911009,-29.8381,0.000
0,-1,1789817836.912010,-29.7997,0.000
0,-1,1789817836.913015,-29.8189,0.000
0,-1,1789817836.914010,-29.8381,0.000
0,-1,1789817836.915015,-29.8381,0.000
0,-1,1789817836.916012,-29.8381,0.000
0,-1,1789817836.917084,-29.8381,0.000
0,-1,1789817836.918075,-29.8381,0.000
0,-1,1789817836.919087,-29.8381,0.000
0,-1,1789817836.920079,-29.8189,0.000
0,-1,1789817836.921009,-29.8381,0.000
0,-1,1789817836.922014,-29.8381,0.000
0,-1,1789817836.923008,-29.8381,0.000
0,-1,1789817836.924012,-29.8381,0.000
0,-1,1789817836.925009,-29.8381,0.000
0,-1,1789817836.926012,-29.8381,0.000
0,-1,1789817836.927010,-29.8381,0.000
0,-1,1789817836.928011,-29.8381,0.000
0,-1,1789817836.929008,-29.8381,0.000
0,-1,1789817836.930012,-29.8189,0.000
0,-1,1789817836.931006,-29.8381,0.000
0,-1,1789817836.932012,-29.8381,0.000
0,-1,1789817836.933008,-29.8381,0.000
0,-1,1789817836.934012,-29.8381,0.000
0,-1,1789817836.935008,-29.8381,0.000
0,-1,1789817836.936012,-29.8381,0.000
0,-1,1789817836.937008,-29.8381,0.000
0,-1,1789817836.938014,-29.8381,0.000
0,-1,1789817836.939007,-29.8381,0.000
0,-1,1789817836.940011,-29.8381,0.000
0,-1,1789817836.941006,-29.8381,0.000
0,-1,1789817836.942010,-29.8381,0.000
0,-1,1789817836.943008,-29.8189,0.000
0,-1,1789817836.944010,-29.8381,0.000
0,-1,1789817836.945007,-29.8381,0.000
0,-1,1789817836.946011,-29.8381,0.000
0,-1,1789817836.947007,-29.8381,0.000
0,-1,1789817836.948011,-29.8189,0.000
0,-1,1789817836.949007,-29.8381,0.000
0,-1,1789817836.950011,-29.8189,0.000
0,-1,1789817836.951007,-29.8381,0.000
0,-1,1789817836.952009,-29.8381,0.000
0,-1,1789817836.953006,-29.7997,0.000
0,-1,1789817836.954012,-29.8189,0.000
0,-1,1789817836.955006,-29.8381,0.000
0,-1,1789817836.956010,-29.8189,0.000
0,-1,1789817836.956991,-29.8381,0.000
0,-1,1789817836.958017,-29.8381,0.000
0,-1,1789817836.959010,-29.8381,0.000
0,-1,1789817836.960007,-29.8189,0.000
0,-1,1789817836.961009,-29.8381,0.000
0,-1,1789817836.962006,-29.8381,0.000
0,-1,1789817836.963010,-29.8381,0.000
0,-1,1789817836.964006,-29.8189,0.000
0,-1,1789817836.965011,-29.8381,0.000
0,-1,1789817836.966006,-29.8381,0.000
0,-1,1789817836.967009,-29.8381,0.000
0,-1,1789817836.968005,-29.8381,0.000
0,-1,1789817836.969010,-29.8189,0.000
0,-1,1789817836.970005,-29.8381,0.000
0,-1,1789817836.971010,-29.8189,0.000
0,-1,1789817836.972005,-29.8189,0.000
0,-1,1789817836.973009,-29.8189,0.000
0,-1,1789817836.974024,-29.8189,0.000
0,-1,1789817836.975007,-29.8381,0.000
0,-1,1789817836.976006,-29.8381,0.000
0,-1,1789817836.977009,-29.8381,0.000
0,-1,1789817836.978005,-29.8381,0.000
0,-1,1789817836.979010,-29.8381,0.000
0,-1,1789817836.980005,-29.8189,0.000
0,-1,1789817836.981009,-29.8189,0.000
0,-1,1789817836.982006,-29.8381,0.000
0,-1,1789817836.983009,-29.8189,0.000
0,-1,1789817836.984005,-29.8381,0.000
0,-1,1789817836.985008,-29.8381,0.000
0,-1,1789817836.986005,-29.8189,0.000
0,-1,1789817836.987010,-29.8381,0.000
0,-1,1789817836.988005,-29.8381,0.000
0,-1,1789817836.989009,-29.8381,0.000
0,-1,1789817836.990005,-29.8381,0.000
0,-1,1789817836.991008,-29.8381,0.000
0,-1,1789817836.992005,-29.8381,0.000
0,-1,1789817836.993009,-29.8381,0.000
0,-1,1789817836.994006,-29.8381,0.000
0,-1,1789817836.995008,-29.8381,0.000
0,-1,1789817836.996005,-29.8381,0.000
0,-1,1789817836.997010,-29.8381,0.000
0,-1,1789817836.998004,-29.8381,0.000
0,-1,1789817836.999008,-29.8381,0.000
0,-1,1789817837.000004,-29.8381,0.000
0,-1,1789817837.001008,-29.8381,0.000
0,-1,1789817837.002003,-29.8381,0.000
0,-1,1789817837.003009,-29.8381,0.000
0,-1,1789817837.004006,-29.8381,0.000
0,-1,1789817837.005012,-29.8381,0.000
0,-1,1789817837.006004,-29.8381,0.000
0,-1,1789817837.007004,-29.8381,0.000
0,-1,1789817837.008006,-29.8381,0.000
0,-1,1789817837.009009,-29.8381,0.000
0,-1,1789817837.010004,-29.8381,0.000
0,-1,1789817837.011009,-29.8381,0.000
0,-1,1789817837.012005,-29.8189,0.000
0,-1,1789817837.013011,-29.8189,0.000
0,-1,1789817837.014006,-29.8189,0.000
0,-1,1789817837.015008,-29.8381,0.000
0,-1,1789817837.016004,-29.8381,0.000
0,-1,1789817837.017007,-29.8381,0.000
0,-1,1789817837.018005,-29.8189,0.000
0,-1,1789817837.019007,-29.8189,0.000
0,-1,1789817837.020005,-29.8189,0.000
0,-1,1789817837.021008,-29.8381,0.000
0,-1,1789817837.022005,-29.8381,0.000
0,-1,1789817837.023008,-29.8381,0.000
0,-1,1789817837.024003,-29.8381,0.000
0,-1,1789817837.025010,-29.8189,0.000
0,-1,1789817837.026005,-29.8381,0.000
0,-1,1789817837.027007,-29.8381,0.000
0,-1,1789817837.028003,-29.8189,0.000
0,-1,1789817837.029009,-29.8189,0.000
0,-1,1789817837.030004,-29.8189,0.000
0,-1,1789817837.031007,-29.8381,0.000
0,-1,1789817837.032004,-29.8381,0.000
0,-1,1789817837.033006,-29.8381,0.000
0,-1,1789817837.034003,-29.8381,0.000
0,-1,1789817837.035007,-29.8189,0.000
0,-1,1789817837.036002,-29.8381,0.000
0,-1,1789817837.037007,-29.8381,0.000
0,-1,1789817837.038002,-29.8381,0.000
0,-1,1789817837.039006,-29.8381,0.000
0,-1,1789817837.040003,-29.8189,0.000
0,-1,1789817837.041006,-29.8189,0.000
0,-1,1789817837.042003,-29.8189,0.000
0,-1,1789817837.043006,-29.8381,0.000
0,-1,1789817837.044003,-29.8381,0.000
0,-1,1789817837.045007,-29.8381,0.000
0,-1,1789817837.046002,-29.8189,0.000
0,-1,1789817837.047005,-29.8381,0.000
0,-1,1789817837.048004,-29.8189,0.000
0,-1,1789817837.049006,-29.8189,0.000
0,-1,1789817837.050004,-29.8381,0.000
0,-1,1789817837.051007,-29.8381,0.000
0,-1,1789817837.052001,-29.8381,0.000
0,-1,1789817837.053005,-29.8381,0.000
0,-1,1789817837.054003,-29.8381,0.000
0,-1,1789817837.055006,-29.8381,0.000
0,-1,1789817837.056002,-29.8381,0.000
0,-1,1789817837.057004,-29.8189,0.000
0,-1,1789817837.058003,-29.8189,0.000
0,-1,1789817837.059006,-29.8189,0.000
0,-1,1789817837.060001,-29.8189,0.000
0,-1,1789817837.061008,-29.8189,0.000
0,-1,1789817837.062003,-29.8381,0.000
0,-1,1789817837.063006,-29.8381,0.000
0,-1,1789817837.064002,-29.8381,0.000
0,-1,1789817837.065006,-29.8381,0.000
0,-1,1789817837.066002,-29.8381,0.000
0,-1,1789817837.067006,-29.8189,0.000
0,-1,1789817837.068004,-29.8381,0.000
0,-1,1789817837.069005,-29.8381,0.000
0,-1,1789817837.070004,-29.8381,0.000
0,-1,1789817837.071006,-29.8381,0.000
0,-1,1789817837.072002,-29.8381,0.000
0,-1,1789817837.073006,-29.8381,0.000
0,-1,1789817837.074002,-29.8381,0.000
0,-1,1789817837.074985,-29.8381,0.000
0,-1,1789817837.076002,-29.8381,0.000
0,-1,1789817837.076983,-29.8189,0.000
0,-1,1789817837.078000,-29.8381,0.000
0,-1,1789817837.078983,-29.8189,0.000
0,-1,1789817837.080000,-29.8189,0.000
0,-1,1789817837.080985,-29.8381,0.000
0,-1,1789817837.082002,-29.8381,0.000
0,-1,1789817837.082983,-29.8189,0.000
0,-1,1789817837.084001,-29.8189,0.000
0,-1,1789817837.084985,-29.8381,0.000
0,-1,1789817837.086001,-29.8381,0.000
0,-1,1789817837.086984,-29.8381,0.000
0,-1,1789817837.088000,-29.8381,0.000
0,-1,1789817837.088984,-29.8381,0.000
0,-1,1789817837.090001,-29.8381,0.000
0,-1,1789817837.090983,-29.8381,0.000
0,-1,1789817837.092001,-29.8189,0.000
0,-1,1789817837.092983,-29.8381,0.000
0,-1,1789817837.094000,-29.8381,0.000
0,-1,1789817837.094984,-29.8381,0.000
0,-1,1789817837.096000,-29.8381,0.000
0,-1,1789817837.096984,-29.8381,0.000
0,-1,1789817837.098000,-29.8189,0.000
0,-1,1789817837.098983,-29.8381,0.000
0,-1,1789817837.099999,-29.8381,0.000
0,-1,1789817837.100983,-29.8381,0.000
0,-1,1789817837.102000,-29.8189,0.000
0,-1,1789817837.102979,-29.8381,0.000
0,-1,1789817837.104002,-29.8381,0.000
0,-1,1789817837.105002,-29.8381,0.000
0,-1,1789817837.105983,-29.8381,0.000
0,-1,1789817837.107002,-29.8381,0.000
0,-1,1789817837.107985,-29.8381,0.000
0,-1,1789817837.109003,-29.8381,0.000
0,-1,1789817837.109986,-29.8381,0.000
0,-1,1789817837.111002,-29.8381,0.000
0,-1,1789817837.111985,-29.8381,0.000
0,-1,1789817837.113002,-29.8381,0.000
0,-1,1789817837.113979,-29.8381,0.000
0,-1,1789817837.115002,-29.8381,0.000
0,-1,1789817837.115984,-29.8381,0.000
0,-1,1789817837.117001,-29.8381,0.000
0,-1,1789817837.117985,-29.8381,0.000
0,-1,1789817837.119001,-29.8189,0.000
0,-1,1789817837.119985,-29.8381,0.000
0,-1,1789817837.121001,-29.8381,0.000
0,-1,1789817837.121984,-29.8381,0.000
0,-1,1789817837.123002,-29.8381,0.000
0,-1,1789817837.123984,-29.8381,0.000
0,-1,1789817837.125003,-29.8381,0.000
0,-1,1789817837.125985,-29.8381,0.000
0,-1,1789817837.127060,-29.8381,0.000
0,-1,1789817837.128063,-29.8381,0.000
0,-1,1789817837.129053,-29.8381,0.000
0,-1,1789817837.130071,-29.8189,0.000
0,-1,1789817837.131049,-29.8381,0.000
0,-1,1789817837.132041,-29.8189,0.000
0,-1,1789817837.133046,-29.8189,0.000
0,-1,1789817837.133986,-29.8381,0.000
0,-1,1789817837.134974,-29.8189,0.000
0,-1,1789817837.135979,-29.8381,0.000
0,-1,1789817837.136980,-29.8381,0.000
0,-1,1789817837.137976,-29.8381,0.000
0,-1,1789817837.138980,-29.8381,0.000
0,-1,1789817837.139977,-29.8381,0.000
0,-1,1789817837.140979,-29.8381,0.000
0,-1,1789817837.141975,-29.8381,0.000
0,-1,1789817837.142982,-29.8381,0.000
0,-1,1789817837.143977,-29.8381,0.000
0,-1,1789817837.144975,-29.8189,0.000
0,-1,1789817837.145978,-29.8189,0.000
0,-1,1789817837.146982,-29.8381,0.000
0,-1,1789817837.147976,-29.8381,0.000
0,-1,1789817837.148981,-29.8381,0.000
0,-1,1789817837.149979,-29.8189,0.000
0,-1,1789817837.150982,-29.8189,0.000
0,-1,1789817837.151977,-29.8189,0.000
0,-1,1789817837.152981,-29.8381,0.000
0,-1,1789817837.153977,-29.8189,0.000
0,-1,1789817837.154980,-29.8381,0.000
0,-1,1789817837.155970,-29.8381,0.000
0,-1,1789817837.156982,-29.8381,0.000
0,-1,1789817837.157978,-29.8381,0.000
0,-1,1789817837.158981,-29.8189,0.000
0,-1,1789817837.159976,-29.8381,0.000
0,-1,1789817837.160980,-29.8381,0.000
0,-1,1789817837.161976,-29.8189,0.000
0,-1,1789817837.162981,-29.8189,0.000
0,-1,1789817837.163977,-29.8381,0.000
0,-1,1789817837.164980,-29.8381,0.000
0,-1,1789817837.165977,-29.8381,0.000
0,-1,1789817837.166975,-29.8381,0.000
0,-1,1789817837.167977,-29.8381,0.000
0,-1,1789817837.168982,-29.8189,0.000
0,-1,1789817837.169976,-29.8381,0.000
0,-1,1789817837.170980,-29.8381,0.000
0,-1,1789817837.171976,-29.8189,0.000
0,-1,1789817837.172980,-29.8381,0.000
0,-1,1789817837.173975,-29.8189,0.000
0,-1,1789817837.174979,-29.8381,0.000
0,-1,1789817837.175975,-29.8381,0.000
0,-1,1789817837.176980,-29.8381,0.000
0,-1,1789817837.177976,-29.8381,0.000
0,-1,1789817837.178980,-29.8381,0.000
0,-1,1789817837.179977,-29.8381,0.000
0,-1,1789817837.180980,-29.8381,0.000
0,-1,1789817837.181976,-29.8381,0.000
0,-1,1789817837.182980,-29.8189,0.000
0,-1,1789817837.183976,-29.8381,0.000
0,-1,1789817837.184978,-29.8381,0.000
0,-1,1789817837.185976,-29.8381,0.000
0,-1,1789817837.186979,-29.8381,0.000
0,-1,1789817837.187974,-29.8381,0.000
0,-1,1789817837.188981,-29.8189,0.000
0,-1,1789817837.189976,-29.8381,0.000
0,-1,1789817837.190979,-29.8381,0.000
0,-1,1789817837.191975,-29.8189,0.000
0,-1,1789817837.192978,-29.8381,0.000
0,-1,1789817837.193975,-29.8381,0.000
0,-1,1789817837.194979,-29.8381,0.000
0,-1,1789817837.195974,-29.8381,0.000
0,-1,1789817837.196979,-29.8381,0.000
0,-1,1789817837.197975,-29.8381,0.000
0,-1,1789817837.198979,-29.8381,0.000
0,-1,1789817837.199975,-29.8381,0.000
0,-1,1789817837.200980,-29.8189,0.000
0,-1,1789817837.201976,-29.8189,0.000
0,-1,1789817837.202979,-29.8381,0.000
0,-1,1789817837.203974,-29.8381,0.000
0,-1,1789817837.204979,-29.8189,0.000
0,-1,1789817837.205974,-29.8381,0.000
0,-1,1789817837.206975,-29.8381,0.000
0,-1,1789817837.207972,-29.8381,0.000
0,-1,1789817837.208978,-29.8381,0.000
0,-1,1789817837.209973,-29.8381,0.000
0,-1,1789817837.210978,-29.8381,0.000
0,-1,1789817837.211972,-29.8189,0.000
0,-1,1789817837.212977,-29.8381,0.000
0,-1,1789817837.213973,-29.8381,0.000
0,-1,1789817837.214976,-29.8189,0.000
0,-1,1789817837.215972,-29.8381,0.000
0,-1,1789817837.216976,-29.8381,0.000
0,-1,1789817837.217973,-29.8381,0.000
0,-1,1789817837.218976,-29.8381,0.000
0,-1,1789817837.219974,-29.8189,0.000
0,-1,1789817837.220980,-29.8189,0.000
0,-1,1789817837.221974,-29.8381,0.000
0,-1,1789817837.222978,-29.8381,0.000
0,-1,1789817837.223976,-29.8381,0.000
0,-1,1789817837.224978,-29.8189,0.000
0,-1,1789817837.225975,-29.8381,0.000
0,-1,1789817837.226978,-29.8381,0.000
0,-1,1789817837.227974,-29.8189,0.000
0,-1,1789817837.228977,-29.8381,0.000
0,-1,1789817837.229974,-29.8381,0.000
0,-1,1789817837.230977,-29.8381,0.000
0,-1,1789817837.231975,-29.8381,0.000
0,-1,1789817837.232978,-29.7997,0.000
0,-1,1789817837.233974,-29.8381,0.000
0,-1,1789817837.234979,-29.8381,0.000
0,-1,1789817837.235976,-29.8189,0.000
0,-1,1789817837.236979,-29.8381,0.000
0,-1,1789817837.237975,-29.8381,0.000
0,-1,1789817837.238978,-29.8381,0.000
0,-1,1789817837.239973,-29.8189,0.000
0,-1,1789817837.240996,-29.8189,0.000
0,-1,1789817837.241975,-29.8381,0.000
0,-1,1789817837.242983,-29.8381,0.000
0,-1,1789817837.243973,-29.8189,0.000
0,-1,1789817837.244979,-29.8381,0.000
0,-1,1789817837.245976,-29.8381,0.000
0,-1,1789817837.246978,-29.8381,0.000
0,-1,1789817837.247973,-29.8381,0.000
0,-1,1789817837.248977,-29.8381,0.000
0,-1,1789817837.249974,-29.8381,0.000
0,-1,1789817837.250976,-29.8381,0.000
0,-1,1789817837.251973,-29.8381,0.000
0,-1,1789817837.252980,-29.8381,0.000
0,-1,1789817837.253977,-29.8381,0.000
0,-1,1789817837.254971,-29.8189,0.000
0,-1,1789817837.255973,-29.8381,0.000
0,-1,1789817837.256983,-29.8381,0.000
0,-1,1789817837.257987,-29.8381,0.000
0,-1,1789817837.258972,-29.8381,0.000
0,-1,1789817837.259978,-29.8381,0.000
0,-1,1789817837.260972,-29.8381,0.000
0,-1,1789817837.261975,-29.8189,0.000
0,-1,1789817837.262965,-29.8381,0.000
0,-1,1789817837.263976,-29.8381,0.000
0,-1,1789817837.264972,-29.8381,0.000
0,-1,1789817837.265976,-29.8381,0.000
0,-1,1789817837.266973,-29.8381,0.000
0,-1,1789817837.267977,-29.8381,0.000
0,-1,1789817837.268971,-29.7997,0.000
0,-1,1789817837.269976,-29.8381,0.000
0,-1,1789817837.270971,-29.8189,0.000
0,-1,1789817837.271976,-29.8381,0.000
0,-1,1789817837.272972,-29.8381,0.000
0,-1,1789817837.273968,-29.8381,0.000
0,-1,1789817837.274974,-29.8189,0.000
0,-1,1789817837.275979,-29.8381,0.000
0,-1,1789817837.276973,-29.8189,0.000
0,-1,1789817837.277979,-29.8189,0.000
0,-1,1789817837.278975,-29.8381,0.000
0,-1,1789817837.279978,-29.8381,0.000
0,-1,1789817837.281002,-29.8381,0.000
0,-1,1789817837.281973,-29.8381,0.000
0,-1,1789817837.282976,-29.8381,0.000
0,-1,1789817837.283975,-29.8381,0.000
0,-1,1789817837.284977,-29.8381,0.000
0,-1,1789817837.285973,-29.8381,0.000
0,-1,1789817837.286977,-29.8381,0.000
0,-1,1789817837.287972,-29.8189,0.000
0,-1,1789817837.288977,-29.8381,0.000
0,-1,1789817837.289975,-29.8381,0.000
0,-1,1789817837.290977,-29.8381,0.000
0,-1,1789817837.291973,-29.8381,0.000
0,-1,1789817837.292977,-29.8381,0.000
0,-1,1789817837.293973,-29.8189,0.000
0,-1,1789817837.294955,-29.8189,0.000
0,-1,1789817837.295973,-29.8381,0.000
0,-1,1789817837.296977,-29.8189,0.000
0,-1,1789817837.297974,-29.8381,0.000
0,-1,1789817837.298976,-29.8381,0.000
0,-1,1789817837.299973,-29.8381,0.000
0,-1,1789817837.300980,-29.8381,0.000
0,-1,1789817837.301972,-29.8381,0.000
0,-1,1789817837.302976,-29.8381,0.000
0,-1,1789817837.303973,-29.8381,0.000
0,-1,1789817837.304977,-29.8189,0.000
0,-1,1789817837.305966,-29.8381,0.000
0,-1,1789817837.306977,-29.8381,0.000
0,-1,1789817837.307981,-29.8381,0.000
0,-1,1789817837.308976,-29.8189,0.000
0,-1,1789817837.309972,-29.8381,0.000
0,-1,1789817837.310975,-29.8381,0.000
0,-1,1789817837.311973,-29.8381,0.000
0,-1,1789817837.312977,-29.8381,0.000
0,-1,1789817837.313972,-29.8381,0.000
0,-1,1789817837.314977,-29.8381,0.000
0,-1,1789817837.315973,-29.8381,0.000
0,-1,1789817837.316973,-29.8381,0.000
0,-1,1789817837.317977,-29.8381,0.000
0,-1,1789817837.318973,-29.8381,0.000
0,-1,1789817837.319976,-29.8381,0.000
0,-1,1789817837.320973,-29.8381,0.000
0,-1,1789817837.321975,-29.8381,0.000
0,-1,1789817837.322975,-29.8381,0.000
0,-1,1789817837.323972,-29.8189,0.000
0,-1,1789817837.324976,-29.8381,0.000
0,-1,1789817837.325973,-29.8381,0.000
0,-1,1789817837.326970,-29.8381,0.000
0,-1,1789817837.327972,-29.8381,0.000
0,-1,1789817837.328977,-29.8381,0.000
0,-1,1789817837.329972,-29.8381,0.000
0,-1,1789817837.330976,-29.8189,0.000
0,-1,1789817837.331972,-29.8381,0.000
1,1,1789817837.336978,-29.8381,0.000
1,1,1789817837.337966,-29.8381,0.000
1,1,1789817837.338976,-29.8189,0.000
1,1,1789817837.340018,-29.8381,0.000
1,1,1789817837.341166,-29.8381,0.000
1,1,1789817837.342053,-29.8381,0.000
1,1,1789817837.343037,-29.8381,0.000
1,1,1789817837.344049,-29.8381,0.000
1,1,1789817837.344973,-29.8381,0.000
1,1,1789817837.345967,-29.8381,0.000
1,1,1789817837.346971,-29.8381,0.000
1,1,1789817837.347967,-29.8381,0.000
1,1,1789817837.348973,-29.8381,0.000
1,1,1789817837.349968,-29.8381,0.000
1,1,1789817837.350971,-29.8189,0.000
1,1,1789817837.351967,-29.8381,0.000
1,1,1789817837.352971,-29.8381,0.000
1,1,1789817837.353966,-29.8381,0.000
1,1,1789817837.354970,-29.8381,0.000
1,1,1789817837.355969,-29.8381,0.000
1,1,1789817837.356972,-29.8381,0.000
1,1,1789817837.357964,-29.8381,0.000
1,1,1789817837.358966,-29.8381,0.000
1,1,1789817837.359969,-29.8381,0.000
1,1,1789817837.360973,-29.8189,0.000
1,1,1789817837.361968,-29.8189,0.000
1,1,1789817837.362952,-29.8189,0.000
1,1,1789817837.363968,-29.8189,0.000
1,1,1789817837.364951,-29.8381,0.000
1,1,1789817837.365968,-29.8189,0.000
1,1,1789817837.366953,-29.7997,0.000
1,1,1789817837.367968,-29.8189,0.000
1,1,1789817837.368946,-29.7997,0.000
1,1,1789817837.369969,-29.7997,0.000
1,1,1789817837.370952,-29.7805,0.456
1,1,1789817837.371968,-29.7805,0.456
1,1,1789817837.372952,-29.7614,0.912
1,1,1789817837.373967,-29.7422,1.140
1,1,1789817837.374950,-29.7230,1.368
1,1,1789817837.375969,-29.7038,1.596
1,1,1789817837.376951,-29.7038,1.596
1,1,1789817837.377968,-29.6847,1.824
1,1,1789817837.378949,-29.6463,2.280
1,1,1789817837.379966,-29.6463,2.052
1,1,1789817837.380951,-29.6080,2.736
1,1,1789817837.381967,-29.6080,2.736
1,1,1789817837.382950,-29.5696,3.192
1,1,1789817837.383967,-29.5312,3.648
1,1,1789817837.384951,-29.5121,3.876
1,1,1789817837.385967,-29.4737,4.332
1,1,1789817837.386951,-29.4354,4.788
1,1,1789817837.387966,-29.3970,5.244
1,1,1789817837.388952,-29.3587,5.700
1,1,1789817837.389966,-29.3395,5.700
1,1,1789817837.390928,-29.2820,6.384
1,1,1789817837.391967,-29.2244,7.068
1,1,1789817837.392950,-29.2053,7.296
1,1,1789817837.393966,-29.1286,8.436
1,1,1789817837.394950,-29.1286,8.208
1,1,1789817837.395983,-29.0518,8.892
1,1,1789817837.396950,-29.0135,9.576
1,1,1789817837.397967,-28.9368,10.260
1,1,1789817837.398950,-28.8984,10.488
1,1,1789817837.399968,-28.8409,11.172
1,1,1789817837.400950,-28.7642,12.084
1,1,1789817837.401968,-28.7067,12.540
1,1,1789817837.402950,-28.6300,13.224
1,1,1789817837.403966,-28.5724,13.680
1,1,1789817837.404951,-28.5341,13.908
1,1,1789817837.405967,-28.4574,14.820
1,1,1789817837.406949,-28.3999,15.276
1,1,1789817837.407966,-28.3423,15.732
1,1,1789817837.408948,-28.2464,16.644
1,1,1789817837.409968,-28.2081,17.100
1,1,1789817837.410948,-28.0930,18.012
1,1,1789817837.411963,-28.0163,18.468
1,1,1789817837.412948,-27.9780,18.468
1,1,1789817837.413964,-27.8821,19.380
1,1,1789817837.414946,-27.8054,20.064
1,1,1789817837.415964,-27.7287,20.520
1,1,1789817837.416947,-27.6328,20.976
1,1,1789817837.417942,-27.5369,21.660
1,1,1789817837.418946,-27.4986,21.888
1,1,1789817837.419942,-27.3835,23.028
1,1,1789817837.420946,-27.2876,23.256
1,1,1789817837.421942,-27.2109,23.712
1,1,1789817837.422946,-27.1151,24.168
1,1,1789817837.423944,-27.0000,25.308
1,1,1789817837.424948,-26.9233,25.764
1,1,1789817837.425945,-26.8082,26.220
1,1,1789817837.426948,-26.7124,26.448
1,1,1789817837.427944,-26.6165,27.360
1,1,1789817837.428949,-26.5206,27.816
1,1,1789817837.429954,-26.4247,28.272
1,1,1789817837.430949,-26.3097,28.500
1,1,1789817837.431944,-26.1754,29.412
1,1,1789817837.432950,-26.0795,30.096
1,1,1789817837.433939,-25.9837,30.552
1,1,1789817837.434950,-25.8303,31.236
1,1,1789817837.435948,-25.7536,31.464
1,1,1789817837.436947,-25.6385,32.148
1,1,1789817837.437945,-25.5234,32.832
1,1,1789817837.438949,-25.4084,33.288
1,1,1789817837.439943,-25.2933,33.288
1,1,1789817837.440947,-25.1783,33.744
1,1,1789817837.441944,-25.0632,34.656
1,1,1789817837.442947,-24.9290,35.340
1,1,1789817837.443944,-24.7947,35.568
1,1,1789817837.444948,-24.6989,35.796
1,1,1789817837.445944,-24.5646,36.708
1,1,1789817837.446948,-24.4688,36.708
1,1,1789817837.447944,-24.3537,37.620
1,1,1789817837.448947,-24.2195,37.392
1,1,1789817837.449943,-24.0852,37.848
1,1,1789817837.450947,-23.9510,38.988
1,1,1789817837.451942,-23.8551,38.988
1,1,1789817837.452946,-23.7401,38.988
1,1,1789817837.453942,-23.6634,38.988
1,1,1789817837.454941,-23.5291,39.444
1,1,1789817837.455944,-23.4141,40.128
1,1,1789817837.456947,-23.2798,40.356
1,1,1789817837.457943,-23.1264,40.584
1,1,1789817837.458946,-23.0114,40.812
1,1,1789817837.459943,-22.8963,41.040
1,1,1789817837.460948,-22.7621,41.724
1,1,1789817837.461944,-22.5703,41.952
1,1,1789817837.462948,-22.5128,41.724
1,1,1789817837.463942,-22.3786,41.724
1,1,1789817837.464946,-22.2443,42.864
1,1,1789817837.465945,-22.1101,43.092
1,1,1789817837.466947,-21.9375,43.092
1,1,1789817837.467942,-21.8608,42.636
1,1,1789817837.468946,-21.7457,42.864
1,1,1789817837.469943,-21.5923,43.776
1,1,1789817837.470946,-21.4773,43.776
1,1,1789817837.471944,-21.3430,42.864
1,1,1789817837.472946,-21.2280,42.864
1,1,1789817837.473944,-21.0746,44.232
1,1,1789817837.474946,-20.9595,43.776
1,1,1789817837.475943,-20.7869,44.004
1,1,1789817837.476949,-20.7102,43.548
1,1,1789817837.477944,-20.5568,44.004
1,1,1789817837.478946,-20.4418,44.460
1,1,1789817837.479944,-20.3075,44.232
1,1,1789817837.480947,-20.1925,43.776
1,1,1789817837.481943,-20.0774,43.776
1,1,1789817837.482947,-19.9624,44.460
1,1,1789817837.483943,-19.8473,44.232
1,1,1789817837.484929,-19.6747,44.232
1,1,1789817837.485949,-19.5980,43.320
1,1,1789817837.486927,-19.4830,43.776
1,1,1789817837.487943,-19.3487,44.004
1,1,1789817837.488946,-19.2145,44.232
1,1,1789817837.489940,-19.0994,43.092
1,1,1789817837.490944,-18.9652,43.320
1,1,1789817837.491941,-18.8501,43.776
1,1,1789817837.492944,-18.7159,43.776
1,1,1789817837.493939,-18.6009,43.092
1,1,1789817837.494945,-18.5241,42.864
1,1,1789817837.495939,-18.4091,42.864
1,1,1789817837.496944,-18.2940,43.548
1,1,1789817837.497940,-18.1406,43.776
1,1,1789817837.498944,-18.0064,42.636
1,1,1789817837.499940,-17.8913,42.864
1,1,1789817837.500943,-17.7763,43.320
1,1,1789817837.501943,-17.6612,43.320
1,1,1789817837.502945,-17.4695,43.092
1,1,1789817837.503941,-17.3928,42.636
1,1,1789817837.504946,-17.2777,42.408
1,1,1789817837.505940,-17.1435,43.320
1,1,1789817837.506943,-17.0092,43.320
1,1,1789817837.507939,-16.8750,42.636
1,1,1789817837.508944,-16.7791,42.180
1,1,1789817837.509939,-16.6257,43.092
1,1,1789817837.510942,-16.5107,43.320
1,1,1789817837.511934,-16.3956,43.320
1,1,1789817837.512945,-16.2614,42.636
1,1,1789817837.513940,-16.1463,42.408
1,1,1789817837.514944,-16.0121,43.320
1,1,1789817837.515939,-15.8778,43.548
1,1,1789817837.516942,-15.7436,42.864
1,1,1789817837.517938,-15.6477,42.408
1,1,1789817837.518921,-15.5135,43.092
1,1,1789817837.519943,-15.3984,43.092
1,1,1789817837.520952,-15.2642,43.548
1,1,1789817837.521940,-15.1491,42.636
1,1,1789817837.522943,-15.0341,42.636
1,1,1789817837.523941,-14.9190,43.092
1,1,1789817837.524944,-14.7656,43.548
1,1,1789817837.525940,-14.6122,43.092
1,1,1789817837.526944,-14.5163,42.636
1,1,1789817837.527940,-14.4013,43.092
1,1,1789817837.528944,-14.2670,43.320
1,1,1789817837.529941,-14.1328,43.548
1,1,1789817837.530944,-14.0178,42.864
1,1,1789817837.531942,-13.8835,42.864
1,1,1789817837.532944,-13.7685,43.320
1,1,1789817837.533940,-13.6534,43.320
1,1,1789817837.534944,-13.5000,42.864
1,1,1789817837.535940,-13.3849,42.636
1,1,1789817837.536943,-13.2699,43.092
1,1,1789817837.537940,-13.1357,43.548
1,1,1789817837.538941,-13.0206,43.092
1,1,1789817837.539939,-12.8864,42.636
1,1,1789817837.540943,-12.7521,42.864
1,1,1789817837.541940,-12.6179,43.548
1,1,1789817837.542927,-12.5028,43.548
1,1,1789817837.543948,-12.3878,43.320
1,1,1789817837.544941,-12.3111,42.636
1,1,1789817837.545937,-12.1960,42.864
1,1,1789817837.546945,-12.0618,43.548
1,1,1789817837.547937,-11.9276,43.548
1,1,1789817837.548941,-11.7741,43.320
1,1,1789817837.549937,-11.6974,42.636
1,1,1789817837.550942,-11.5632,42.864
1,1,1789817837.551941,-11.4290,43.548
1,1,1789817837.552942,-11.3139,43.548
1,1,1789817837.553938,-11.1797,42.636
1,1,1789817837.554941,-11.0838,42.408
1,1,1789817837.555938,-10.9496,43.092
1,1,1789817837.556940,-10.8345,43.092
1,1,1789817837.557937,-10.6619,42.864
1,1,1789817837.558939,-10.5661,42.408
1,1,1789817837.559936,-10.4510,42.864
1,1,1789817837.560940,-10.3168,43.092
1,1,1789817837.561938,-10.2209,43.092
1,1,1789817837.562941,-10.0866,42.636
1,1,1789817837.563937,-9.9716,42.408
1,1,1789817837.564943,-9.8374,43.320
1,1,1789817837.565937,-9.7031,43.320
1,1,1789817837.566941,-9.5497,42.864
1,1,1789817837.567940,-9.4730,42.408
1,1,1789817837.568940,-9.3196,43.092
1,1,1789817837.569937,-9.2045,43.092
1,1,1789817837.570941,-9.0895,43.092
1,1,1789817837.571936,-8.9553,42.408
1,1,1789817837.572944,-8.8402,42.408
1,1,1789817837.573937,-8.7251,42.864
1,1,1789817837.574942,-8.5909,43.092
1,1,1789817837.575940,-8.4183,42.864
1,1,1789817837.576942,-8.3224,42.408
1,1,1789817837.577939,-8.2266,42.408
1,1,1789817837.578943,-8.0923,43.092
1,1,1789817837.579937,-7.9773,42.864
1,1,1789817837.580942,-7.8430,42.180
1,1,1789817837.581937,-7.7472,42.180
1,1,1789817837.582938,-7.6129,42.864
1,1,1789817837.583939,-7.4979,43.092
1,1,1789817837.584942,-7.3828,42.864
1,1,1789817837.585938,-7.3253,42.180
1,1,1789817837.586942,-7.1911,41.952
1,1,1789817837.587937,-7.0760,42.636
1,1,1789817837.588928,-6.9418,43.092
1,1,1789817837.589938,-6.7692,42.636
1,1,1789817837.590941,-6.6925,42.180
1,1,1789817837.591938,-6.5582,42.636
1,1,1789817837.592940,-6.4624,42.636
1,1,1789817837.593938,-6.2514,42.864
1,1,1789817837.594942,-6.1747,42.180
1,1,1789817837.595936,-6.0597,42.180
1,1,1789817837.596940,-5.9446,42.864
1,1,1789817837.597933,-5.8104,42.864
1,1,1789817837.598943,-5.6378,42.636
1,1,1789817837.599938,-5.5419,42.408
1,1,1789817837.600940,-5.4268,42.636
1,1,1789817837.601937,-5.3118,42.864
1,1,1789817837.602942,-5.1776,43.092
1,1,1789817837.603936,-5.0433,42.408
1,1,1789817837.604942,-4.9283,42.180
1,1,1789817837.605937,-4.7749,43.092
1,1,1789817837.606940,-4.6598,43.320
1,1,1789817837.607938,-4.5064,42.864
1,1,1789817837.608942,-4.3913,42.864
1,1,1789817837.609937,-4.2763,43.092
1,1,1789817837.610942,-4.1612,43.320
1,1,1789817837.611937,-4.0462,43.092
1,1,1789817837.612942,-3.9119,42.636
1,1,1789817837.613937,-3.7585,43.092
1,1,1789817837.614936,-3.6626,43.548
1,1,1789817837.615938,-3.5284,43.548
1,1,1789817837.616940,-3.3750,43.092
1,1,1789817837.617936,-3.2791,42.864
1,1,1789817837.618942,-3.1641,42.864
1,1,1789817837.619938,-3.0490,43.320
1,1,1789817837.620935,-2.9148,43.320
1,1,1789817837.621938,-2.7805,42.864
1,1,1789817837.622942,-2.6655,42.636
1,1,1789817837.623936,-2.5504,43.092
1,1,1789817837.624940,-2.4354,43.092
1,1,1789817837.625939,-2.2628,43.092
1,1,1789817837.626938,-2.1861,42.180
1,1,1789817837.627942,-2.0518,42.636
1,1,1789817837.628935,-1.9176,43.092
1,1,1789817837.629940,-1.8026,43.092
1,1,1789817837.630937,-1.6683,42.408
1,1,1789817837.631941,-1.5533,42.408
1,1,1789817837.632936,-1.4190,43.092
1,1,1789817837.633940,-1.3040,43.092
1,1,1789817837.634937,-1.1697,42.864
1,1,1789817837.635941,-1.1122,42.180
1,1,1789817837.636936,-0.9972,42.180
1,1,1789817837.637939,-0.8821,42.636
1,1,1789817837.638934,-0.7479,42.636
1,1,1789817837.639941,-0.5945,42.408
1,1,1789817837.640934,-0.4986,42.408
1,1,1789817837.641941,-0.4027,42.408
1,1,1789817837.642935,-0.2685,42.636
1,1,1789817837.643939,-0.1534,42.408
1,1,1789817837.644935,-0.0192,41.952
1,1,1789817837.645951,0.1151,42.180
1,1,1789817837.646913,0.2301,42.636
1,1,1789817837.647940,0.3452,42.636
1,1,1789817837.648935,0.4986,42.408
1,1,1789817837.649939,0.6136,42.180
1,1,1789817837.650935,0.7287,42.408
1,1,1789817837.651918,0.8629,42.864
1,1,1789817837.652936,0.9780,42.864
1,1,1789817837.653917,1.0930,42.180
1,1,1789817837.654935,1.2464,42.180
1,1,1789817837.655918,1.3423,42.864
1,1,1789817837.656935,1.4766,43.092
1,1,1789817837.657919,1.6491,42.636
1,1,1789817837.658935,1.7450,42.408
1,1,1789817837.659917,1.8601,42.636
1,1,1789817837.660935,1.9751,42.864
1,1,1789817837.661917,2.1094,43.092
1,1,1789817837.662932,2.2628,42.636
1,1,1789817837.663917,2.3778,42.408
1,1,1789817837.664932,2.5121,43.320
1,1,1789817837.665915,2.6271,43.320
1,1,1789817837.666932,2.8189,43.548
1,1,1789817837.667914,2.8764,42.408
1,1,1789817837.668934,3.0107,43.092
1,1,1789817837.669916,3.1449,43.320
1,1,1789817837.670932,3.2791,43.776
1,1,1789817837.671916,3.4134,43.092
1,1,1789817837.672933,3.5284,43.092
1,1,1789817837.673915,3.6626,43.776
1,1,1789817837.674933,3.7969,43.548
1,1,1789817837.675914,3.9311,43.776
1,1,1789817837.676931,4.0078,43.320
1,1,1789817837.677900,4.1229,43.320
1,1,1789817837.678914,4.2571,44.004
1,1,1789817837.679917,4.3530,43.320
1,1,1789817837.680934,4.5064,43.320
1,1,1789817837.681917,4.6214,43.320
1,1,1789817837.682934,4.7173,43.548
1,1,1789817837.683917,4.8516,43.776
1,1,1789817837.684934,4.9666,43.776
1,1,1789817837.685917,5.1009,43.092
1,1,1789817837.686934,5.2159,42.864
1,1,1789817837.687915,5.3501,43.548
1,1,1789817837.688918,5.4652,43.548
1,1,1789817837.689934,5.6378,43.548
1,1,1789817837.690925,5.7337,43.092
1,1,1789817837.691933,5.8295,42.864
1,1,1789817837.692917,5.9830,43.548
1,1,1789817837.693933,6.0788,43.320
1,1,1789817837.694916,6.2131,42.636
1,1,1789817837.695933,6.3473,42.408
1,1,1789817837.696917,6.4624,43.092
1,1,1789817837.697934,6.5774,43.320
1,1,1789817837.698916,6.7308,42.636
1,1,1789817837.699933,6.8267,42.180
1,1,1789817837.700916,6.9418,42.180
1,1,1789817837.701932,7.0568,42.636
1,1,1789817837.702916,7.1719,42.408
1,1,1789817837.703932,7.3061,41.952
1,1,1789817837.704915,7.4403,41.952
1,1,1789817837.705911,7.5746,42.636
1,1,1789817837.706915,7.6705,42.408
1,1,1789817837.707934,7.8430,42.180
1,1,1789817837.708916,7.9197,41.724
1,1,1789817837.709911,8.0348,41.952
1,1,1789817837.710894,8.1882,42.408
1,1,1789817837.711912,8.3033,42.636
1,1,1789817837.712916,8.4375,41.952
1,1,1789817837.713911,8.5334,41.724
1,1,1789817837.714916,8.6676,42.408
1,1,1789817837.715912,8.7827,42.408
1,1,1789817837.716915,8.9169,42.408
1,1,1789817837.717911,8.9936,41.724
1,1,1789817837.718917,9.1087,41.724
1,1,1789817837.719910,9.2237,42.180
1,1,1789817837.720914,9.3580,42.408
1,1,1789817837.721907,9.5305,41.952
1,1,1789817837.722915,9.6264,41.952
1,1,1789817837.723910,9.7415,42.180
1,1,1789817837.724914,9.8565,42.180
1,1,1789817837.725911,10.0483,42.408
1,1,1789817837.726915,10.1058,41.724
1,1,1789817837.727912,10.2401,41.952
1,1,1789817837.728908,10.3743,42.636
1,1,1789817837.729912,10.4893,42.636
1,1,1789817837.730913,10.6428,42.408
1,1,1789817837.731908,10.7386,42.180
1,1,1789817837.732913,10.8537,42.408
1,1,1789817837.733909,10.9688,42.408
1,1,1789817837.734912,11.1030,42.636
1,1,1789817837.735908,11.2372,41.952
1,1,1789817837.736912,11.3714,41.724
1,1,1789817837.737908,11.4865,42.636
1,1,1789817837.738902,11.6207,42.864
1,1,1789817837.739908,11.7741,42.180
1,1,1789817837.740916,11.8700,41.952
1,1,1789817837.741910,11.9851,41.952
1,1,1789817837.742895,12.1193,42.864
1,1,1789817837.743911,12.2536,42.864
1,1,1789817837.744915,12.3686,42.180
1,1,1789817837.745910,12.5028,42.180
1,1,1789817837.746915,12.6179,42.636
1,1,1789817837.747912,12.7330,42.636
1,1,1789817837.748914,12.8864,42.408
1,1,1789817837.749909,13.0014,42.180
1,1,1789817837.750915,13.1165,42.408
1,1,1789817837.751910,13.2124,42.408
1,1,1789817837.752915,13.3658,42.864
1,1,1789817837.753911,13.4808,41.952
1,1,1789817837.754913,13.6342,42.180
1,1,1789817837.755909,13.7301,42.636
1,1,1789817837.756913,13.8835,42.864
1,1,1789817837.757909,14.0178,42.180
1,1,1789817837.758913,14.1328,42.180
1,1,1789817837.759910,14.2287,42.180
1,1,1789817837.760914,14.3629,42.636
1,1,1789817837.761910,14.4972,42.864
1,1,1789817837.762914,14.6122,41.952
1,1,1789817837.763908,14.7273,42.180
1,1,1789817837.764913,14.8807,43.092
1,1,1789817837.765910,14.9957,42.864
1,1,1789817837.766914,15.1108,42.864
1,1,1789817837.767909,15.1875,42.180
1,1,1789817837.768913,15.3026,42.180
1,1,1789817837.769908,15.4176,42.636
1,1,1789817837.770920,15.5518,42.864
1,1,1789817837.771910,15.6861,42.180
1,1,1789817837.772914,15.8011,41.952
1,1,1789817837.773911,15.9162,42.408
1,1,1789817837.774891,16.0504,42.636
1,1,1789817837.775909,16.1463,42.408
1,1,1789817837.776911,16.2997,42.180
1,1,1789817837.777909,16.4148,41.952
1,1,1789817837.778913,16.5107,42.180
1,1,1789817837.779908,16.6449,42.408
1,1,1789817837.780912,16.7791,41.952
1,1,1789817837.781910,16.8942,41.496
1,1,1789817837.782912,16.9901,41.724
1,1,1789817837.783907,17.1051,41.724
1,1,1789817837.784912,17.2010,41.724
1,1,1789817837.785908,17.3161,40.584
1,1,1789817837.786915,17.4311,40.584
1,1,1789817837.787908,17.5653,41.496
1,1,1789817837.788911,17.6804,41.496
1,1,1789817837.789908,17.8146,40.812
1,1,1789817837.790911,17.9489,40.812
1,1,1789817837.791909,18.0447,41.040
1,1,1789817837.792912,18.1790,41.496
1,1,1789817837.793908,18.2749,41.040
1,1,1789817837.794913,18.4283,40.584
1,1,1789817837.795908,18.5241,40.356
1,1,1789817837.796912,18.6584,41.040
1,1,1789817837.797907,18.7734,41.040
1,1,1789817837.798912,18.9268,40.812
1,1,1789817837.799908,19.0227,40.128
1,1,1789817837.800912,19.1761,41.040
1,1,1789817837.801908,19.2912,41.040
1,1,1789817837.802912,19.4062,41.040
1,1,1789817837.803907,19.5597,40.584
1,1,1789817837.804911,19.6555,40.584
1,1,1789817837.805907,19.7898,41.040
1,1,1789817837.806897,19.9048,41.040
1,1,1789817837.807908,20.0391,41.496
1,1,1789817837.808912,20.0774,40.356
1,1,1789817837.809907,20.1925,40.584
1,1,1789817837.810911,20.3267,41.496
1,1,1789817837.811909,20.4418,41.268
1,1,1789817837.812914,20.5760,41.040
1,1,1789817837.813907,20.6911,41.268
1,1,1789817837.814912,20.8061,41.496
1,1,1789817837.815907,20.9403,41.952
1,1,1789817837.816912,21.1129,41.724
1,1,1789817837.817909,21.2088,41.496
1,1,1789817837.818913,21.3239,41.496
1,1,1789817837.819908,21.4389,41.952
1,1,1789817837.820911,21.5540,41.952
1,1,1789817837.821908,21.7266,41.724
1,1,1789817837.822912,21.8224,41.724
1,1,1789817837.823908,21.9375,41.952
1,1,1789817837.824912,22.0526,41.952
1,1,1789817837.825907,22.1868,42.408
1,1,1789817837.826911,22.3210,41.724
1,1,1789817837.827906,22.4553,41.952
1,1,1789817837.828915,22.5703,42.408
1,1,1789817837.829907,22.7045,42.636
1,1,1789817837.830911,22.8580,42.180
1,1,1789817837.831895,22.9538,41.952
1,1,1789817837.832912,23.0881,42.180
1,1,1789817837.833904,23.2031,42.408
1,1,1789817837.834909,23.3182,42.636
1,1,1789817837.835904,23.4524,41.952
1,1,1789817837.836908,23.5675,41.724
1,1,1789817837.837903,23.6825,42.636
1,1,1789817837.838885,23.7976,42.636
1,1,1789817837.839905,23.9318,41.952
1,1,1789817837.840907,24.0469,41.724
1,1,1789817837.841904,24.1619,42.180
1,1,1789817837.842908,24.2962,42.408
1,1,1789817837.843904,24.3920,42.180
1,1,1789817837.844907,24.5263,41.496
1,1,1789817837.845905,24.6605,41.952
1,1,1789817837.846910,24.7756,42.180
1,1,1789817837.847905,24.9098,42.408
1,1,1789817837.848909,25.0249,41.952
1,1,1789817837.849906,25.1591,41.724
1,1,1789817837.850911,25.2166,41.952
1,1,1789817837.851906,25.4084,42.408
1,1,1789817837.852910,25.4851,42.408
1,1,1789817837.853906,25.6001,41.724
1,1,1789817837.854909,25.6960,41.268
1,1,1789817837.855905,25.8686,41.952
1,1,1789817837.856908,25.9453,42.180
1,1,1789817837.857906,26.0987,41.724
1,1,1789817837.858909,26.1754,41.040
1,1,1789817837.859905,26.2905,40.812
1,1,1789817837.860910,26.4055,41.724
1,1,1789817837.861907,26.5398,41.268
1,1,1789817837.862910,26.6740,40.812
1,1,1789817837.863905,26.7699,40.584
1,1,1789817837.864909,26.8849,40.812
1,1,1789817837.865905,26.9808,40.812
1,1,1789817837.866909,27.1151,41.040
1,1,1789817837.867906,27.2109,40.128
1,1,1789817837.868908,27.3260,40.356
1,1,1789817837.869906,27.4602,41.040
1,1,1789817837.870890,27.5369,40.584
1,1,1789817837.871906,27.6712,39.900
1,1,1789817837.872909,27.7479,39.672
1,1,1789817837.873905,27.8438,39.444
1,1,1789817837.874908,27.9396,39.672
1,1,1789817837.875905,28.0355,39.216
1,1,1789817837.876907,28.1122,37.848
1,1,1789817837.877903,28.2081,37.620
1,1,1789817837.878908,28.2656,37.392
1,1,1789817837.879908,28.3807,37.392
1,1,1789817837.880908,28.4766,36.252
1,1,1789817837.881905,28.5149,35.340
1,1,1789817837.882906,28.5916,35.340
1,1,1789817837.883907,28.6491,34.884
1,1,1789817837.884906,28.7259,34.428
1,1,1789817837.885901,28.8026,32.832
1,1,1789817837.886906,28.8409,32.376
1,1,1789817837.887902,28.9176,32.376
1,1,1789817837.888907,28.9560,31.464
1,1,1789817837.889902,29.0327,30.324
1,1,1789817837.890907,29.0902,29.640
1,1,1789817837.891902,29.1094,28.956
1,1,1789817837.892906,29.1669,28.500
1,1,1789817837.893901,29.2053,27.588
1,1,1789817837.894919,29.2436,25.992
1,1,1789817837.895907,29.2820,25.308
1,1,1789817837.896903,29.3203,25.080
1,1,1789817837.897908,29.3587,24.168
1,1,1789817837.898903,29.3970,23.028
1,1,1789817837.899907,29.3970,22.116
1,1,1789817837.900903,29.4354,21.204
1,1,1789817837.901905,29.4737,20.976
1,1,1789817837.902883,29.4929,20.292
1,1,1789817837.903907,29.5121,18.696
1,1,1789817837.904903,29.5121,17.556
1,1,1789817837.905907,29.5312,17.100
1,1,1789817837.906902,29.5504,16.644
1,1,1789817837.907906,29.5696,15.504
1,1,1789817837.908903,29.5696,14.136
1,1,1789817837.909906,29.5888,13.680
1,1,1789817837.910901,29.6080,13.224
1,1,1789817837.911903,29.5888,12.312
1,1,1789817837.912900,29.6080,11.400
1,1,1789817837.913906,29.6271,10.716
1,1,1789817837.914901,29.6271,10.032
1,1,1789817837.915905,29.6463,9.804
1,1,1789817837.916901,29.6463,9.120
1,1,1789817837.917905,29.6463,8.208
1,1,1789817837.918901,29.6463,7.296
1,1,1789817837.919904,29.6847,7.524
1,1,1789817837.920900,29.6847,7.068
1,1,1789817837.921904,29.6847,6.156
1,1,1789817837.922900,29.6847,5.700
1,1,1789817837.923905,29.7038,5.472
1,1,1789817837.924903,29.7230,5.472
1,1,1789817837.925907,29.7230,5.016
1,1,1789817837.926902,29.7230,4.332
1,1,1789817837.927906,29.7422,4.104
1,1,1789817837.928902,29.7422,4.104
1,1,1789817837.929906,29.7614,3.876
1,1,1789817837.930902,29.7614,3.192
1,1,1789817837.931905,29.7614,3.192
1,1,1789817837.932902,29.7614,2.964
1,1,1789817837.933905,29.7614,2.964
1,1,1789817837.934881,29.7805,2.964
1,1,1789817837.935906,29.7997,2.736
1,1,1789817837.936902,29.8189,2.964
1,1,1789817837.937906,29.8189,2.964
1,1,1789817837.938904,29.8189,2.736
1,1,1789817837.939885,29.8381,2.736
1,1,1789817837.940902,29.8381,2.964
1,1,1789817837.941900,29.8572,2.964
1,1,1789817837.942904,29.8572,2.736
1,1,1789817837.943901,29.8572,2.736
1,1,1789817837.944884,29.8572,2.508
1,1,1789817837.945907,29.8572,2.508
1,1,1789817837.946904,29.8764,2.736
1,1,1789817837.947885,29.8764,2.736
1,1,1789817837.948904,29.8764,2.280
1,1,1789817837.949903,29.8572,2.052
1,1,1789817837.950906,29.8764,2.280
1,1,1789817837.951905,29.8764,2.280
1,1,1789817837.952887,29.8764,2.280
1,1,1789817837.953904,29.8764,1.824
1,1,1789817837.954902,29.8764,1.824
1,1,1789817837.955885,29.8764,1.824
1,1,1789817837.956905,29.8764,1.596
1,1,1789817837.957932,29.8764,1.596
1,1,1789817837.958885,29.8764,1.368
1,1,1789817837.959904,29.8956,1.596
1,1,1789817837.960904,29.8764,1.368
1,1,1789817837.961886,29.8956,1.596
1,1,1789817837.962903,29.8956,1.596
1,1,1789817837.963902,29.8764,1.140
1,1,1789817837.964885,29.8764,0.684
1,1,1789817837.965904,29.8764,0.684
1,1,1789817837.966883,29.8764,0.456
1,1,1789817837.967888,29.8956,0.912
1,1,1789817837.968903,29.8956,0.456
1,1,1789817837.969903,29.8956,0.456
1,1,1789817837.970885,29.8956,0.000
1,1,1789817837.971906,29.8572,0.000
1,1,1789817837.972903,29.8956,0.000
1,1,1789817837.973885,29.8572,0.000
1,1,1789817837.974904,29.8764,0.000
1,1,1789817837.975901,29.8572,0.000
1,1,1789817837.976884,29.8764,0.000
1,1,1789817837.977903,29.8764,0.000
1,1,1789817837.978900,29.8572,0.000
1,1,1789817837.979883,29.8572,0.000
1,1,1789817837.980881,29.8764,0.000
1,1,1789817837.981901,29.8572,0.000
1,1,1789817837.982886,29.8572,0.000
1,1,1789817837.983881,29.8764,0.000
1,1,1789817837.984900,29.8572,0.000
1,1,1789817837.985885,29.8572,0.000
1,1,1789817837.986882,29.8572,0.000
1,1,1789817837.987901,29.8956,0.000
1,1,1789817837.988889,29.8764,0.000
1,1,1789817837.989883,29.8572,0.000
1,1,1789817837.990951,29.8764,0.000
1,1,1789817837.991886,29.8572,0.000
1,1,1789817837.992881,29.8764,0.000
1,1,1789817837.993902,29.8956,0.000
1,1,1789817837.994897,29.8764,0.000
1,1,1789817837.995885,29.8764,0.000
1,1,1789817837.996898,29.8764,0.000
1,1,1789817837.997892,29.8956,0.000
1,1,1789817837.998884,29.8764,0.000
1,1,1789817837.999898,29.8764,0.000
1,1,1789817838.000881,29.8956,0.000
1,1,1789817838.001879,29.8956,0.000
1,1,1789817838.002898,29.8956,0.000
1,1,1789817838.003881,29.8956,0.000
1,1,1789817838.004883,29.8956,0.000
1,1,1789817838.005881,29.8572,0.000
1,1,1789817838.006899,29.8956,0.000
1,1,1789817838.007882,29.8956,0.000
1,1,1789817838.008880,29.8956,0.000
1,1,1789817838.009891,29.8956,0.000
1,1,1789817838.010869,29.8764,0.000
1,1,1789817838.011881,29.8956,0.000
1,1,1789817838.012900,29.8956,0.000
1,1,1789817838.013883,29.8956,0.000
1,1,1789817838.014882,29.8764,0.000
1,1,1789817838.015902,29.8764,0.000
1,1,1789817838.016884,29.8764,0.000
1,1,1789817838.017881,29.8956,0.000
1,1,1789817838.018899,29.8764,0.000
1,1,1789817838.019883,29.8956,0.000
1,1,1789817838.020882,29.8572,0.000
1,1,1789817838.021880,29.8764,0.000
1,1,1789817838.022883,29.8764,0.000
1,1,1789817838.023881,29.8956,0.000
1,1,1789817838.024899,29.8764,0.000
1,1,1789817838.025885,29.8956,0.000
1,1,1789817838.026909,29.8956,0.000
1,1,1789817838.027912,29.8956,0.000
1,1,1789817838.028884,29.8956,0.000
1,1,1789817838.029887,29.8956,0.000
1,1,1789817838.030903,29.8764,0.000
1,1,1789817838.031883,29.8572,0.000
1,1,1789817838.032910,29.8764,0.000
1,1,1789817838.033901,29.8764,0.000
1,1,1789817838.034882,29.8956,0.000
1,1,1789817838.035881,29.8764,0.000
1,1,1789817838.036899,29.8956,0.000
1,1,1789817838.037900,29.8956,0.000
1,1,1789817838.038883,29.8956,0.000
1,1,1789817838.039879,29.8956,0.000
1,1,1789817838.040900,29.8956,0.000
1,1,1789817838.041876,29.8956,0.000
1,1,1789817838.042878,29.8956,0.000
1,1,1789817838.043899,29.8956,0.000
1,1,1789817838.044883,29.8956,0.000
1,1,1789817838.045880,29.8956,0.000
1,1,1789817838.046898,29.8956,0.000
1,1,1789817838.047881,29.8764,0.000
1,1,1789817838.048881,29.8764,0.000
1,1,1789817838.049878,29.8764,0.000
1,1,1789817838.050883,29.8956,0.000
1,1,1789817838.051881,29.8764,0.000
1,1,1789817838.052878,29.8764,0.000
1,1,1789817838.053901,29.8956,0.000
1,1,1789817838.054879,29.8956,0.000
1,1,1789817838.055898,29.8956,0.000
1,1,1789817838.056881,29.8956,0.000
1,1,1789817838.057880,29.8956,0.000
1,1,1789817838.058897,29.8764,0.000
1,1,1789817838.059884,29.8956,0.000
1,1,1789817838.060880,29.8956,0.000
1,1,1789817838.061898,29.8956,0.000
1,1,1789817838.062874,29.8956,0.000
1,1,1789817838.063879,29.8956,0.000
1,1,1789817838.064897,29.8956,0.000
1,1,1789817838.065881,29.8764,0.000
1,1,1789817838.066878,29.8956,0.000
1,1,1789817838.067898,29.8956,0.000
1,1,1789817838.068881,29.8956,0.000
1,1,1789817838.069879,29.8956,0.000
1,1,1789817838.070899,29.8764,0.000
1,1,1789817838.071881,29.8764,0.000
1,1,1789817838.072878,29.8572,0.000
1,1,1789817838.073890,29.8956,0.000
1,1,1789817838.074881,29.8956,0.000
1,1,1789817838.075877,29.8764,0.000
1,1,1789817838.076897,29.8764,0.000
1,1,1789817838.077881,29.8764,0.000
1,1,1789817838.078878,29.8956,0.000
1,1,1789817838.079897,29.8764,0.000
1,1,1789817838.080880,29.8956,0.000
1,1,1789817838.081880,29.8956,0.000
1,1,1789817838.082877,29.8956,0.000
1,1,1789817838.083881,29.8956,0.000
1,1,1789817838.084878,29.8956,0.000
1,1,1789817838.085897,29.8956,0.000
1,1,1789817838.086879,29.8956,0.000
1,1,1789817838.087878,29.8956,0.000
1,1,1789817838.088897,29.8764,0.000
1,1,1789817838.089880,29.8764,0.000
1,1,1789817838.090877,29.8956,0.000
1,1,1789817838.091896,29.8956,0.000
1,1,1789817838.092881,29.8956,0.000
1,1,1789817838.093878,29.8956,0.000
1,1,1789817838.094875,29.8764,0.000
1,1,1789817838.095879,29.8956,0.000
1,1,1789817838.096877,29.8956,0.000
1,1,1789817838.097897,29.8956,0.000
1,1,1789817838.098879,29.8956,0.000
1,1,1789817838.099877,29.8764,0.000
1,1,1789817838.100906,29.8956,0.000
1,1,1789817838.101880,29.8956,0.000
1,1,1789817838.102877,29.8956,0.000
1,1,1789817838.103923,29.8956,0.000
1,1,1789817838.104881,29.8956,0.000
1,1,1789817838.105871,29.8956,0.000
1,1,1789817838.106896,29.8956,0.000
1,1,1789817838.107878,29.8956,0.000
1,1,1789817838.108877,29.8956,0.000
1,1,1789817838.109896,29.8956,0.000
1,1,1789817838.110879,29.8956,0.000
1,1,1789817838.111876,29.8956,0.000
1,1,1789817838.112906,29.8956,0.000
1,1,1789817838.113879,29.8956,0.000
1,1,1789817838.114880,29.8956,0.000
1,1,1789817838.115875,29.8956,0.000
1,1,1789817838.116880,29.8956,0.000
1,1,1789817838.117878,29.8956,0.000
1,1,1789817838.118895,29.8956,0.000
1,1,1789817838.119878,29.8956,0.000
1,1,1789817838.120866,29.8956,0.000
1,1,1789817838.121921,29.8956,0.000
1,1,1789817838.122878,29.8956,0.000
1,1,1789817838.123876,29.8956,0.000
1,1,1789817838.124896,29.8956,0.000
1,1,1789817838.125882,29.8764,0.000
1,1,1789817838.126869,29.8956,0.000
1,1,1789817838.127895,29.8956,0.000
1,1,1789817838.128878,29.8956,0.000
1,1,1789817838.129877,29.8764,0.000
1,1,1789817838.130895,29.8956,0.000
1,1,1789817838.131878,29.8956,0.000
1,1,1789817838.132877,29.8956,0.000
1,1,1789817838.133894,29.8956,0.000
1,1,1789817838.134877,29.8956,0.000
1,1,1789817838.135876,29.8956,0.000
1,1,1789817838.136897,29.8764,0.000
1,1,1789817838.137873,29.8956,0.000
1,1,1789817838.138875,29.8956,0.000
1,1,1789817838.139894,29.8956,0.000
1,1,1789817838.140887,29.8956,0.000
1,1,1789817838.141876,29.8956,0.000
1,1,1789817838.142875,29.8956,0.000
1,1,1789817838.143898,29.8956,0.000
1,1,1789817838.144886,29.8956,0.000
1,1,1789817838.145912,29.8956,0.000
1,1,1789817838.146884,29.8956,0.000
1,1,1789817838.147874,29.8956,0.000
1,1,1789817838.148886,29.8764,0.000
1,1,1789817838.149877,29.8956,0.000
1,1,1789817838.150866,29.8764,0.000
1,1,1789817838.151892,29.8956,0.000
1,1,1789817838.152874,29.8764,0.000
1,1,1789817838.153873,29.8956,0.000
1,1,1789817838.154872,29.8956,0.000
1,1,1789817838.155890,29.8956,0.000
1,1,1789817838.156873,29.8764,0.000
1,1,1789817838.157872,29.8956,0.000
1,1,1789817838.158869,29.8956,0.000
1,1,1789817838.159874,29.8956,0.000
1,1,1789817838.160872,29.8956,0.000
1,1,1789817838.161890,29.8956,0.000
1,1,1789817838.162873,29.8764,0.000
1,1,1789817838.163873,29.8956,0.000
1,1,1789817838.164872,29.8764,0.000
1,1,1789817838.165890,29.8956,0.000
1,1,1789817838.166873,29.8956,0.000
1,1,1789817838.167872,29.8956,0.000
1,1,1789817838.168892,29.8956,0.000
1,1,1789817838.169868,29.8956,0.000
1,1,1789817838.170875,29.8956,0.000
1,1,1789817838.171893,29.8764,0.000
1,1,1789817838.172874,29.8956,0.000
1,1,1789817838.173875,29.8956,0.000
1,1,1789817838.174893,29.8956,0.000
1,1,1789817838.175877,29.8956,0.000
1,1,1789817838.176874,29.8956,0.000
1,1,1789817838.177891,29.8956,0.000
1,1,1789817838.178876,29.8956,0.000
1,1,1789817838.179874,29.8956,0.000
1,1,1789817838.180895,29.8764,0.000
1,1,1789817838.181892,29.8956,0.000
1,1,1789817838.182875,29.8956,0.000
1,1,1789817838.183872,29.8956,0.000
1,1,1789817838.184892,29.8764,0.000
1,1,1789817838.185875,29.8956,0.000
1,1,1789817838.186875,29.8956,0.000
1,1,1789817838.187895,29.8956,0.000
1,1,1789817838.188876,29.8956,0.000
1,1,1789817838.189874,29.8956,0.000
1,1,1789817838.190869,29.8956,0.000
1,1,1789817838.191877,29.8956,0.000
1,1,1789817838.192873,29.8764,0.000
1,1,1789817838.193891,29.8956,0.000
1,1,1789817838.194874,29.8956,0.000
1,1,1789817838.195873,29.8956,0.000
1,1,1789817838.196892,29.8956,0.000
1,1,1789817838.197876,29.8956,0.000
1,1,1789817838.198873,29.8956,0.000
1,1,1789817838.199892,29.8956,0.000
1,1,1789817838.200875,29.8956,0.000
1,1,1789817838.201868,29.8764,0.000
1,1,1789817838.202893,29.8572,0.000
1,1,1789817838.203876,29.8956,0.000
1,1,1789817838.204874,29.8956,0.000
1,1,1789817838.205892,29.8956,0.000
1,1,1789817838.206860,29.8764,0.000
1,1,1789817838.207876,29.8764,0.000
1,1,1789817838.208873,29.8956,0.000
1,1,1789817838.209875,29.8956,0.000
1,1,1789817838.210873,29.8956,0.000
1,1,1789817838.211892,29.8956,0.000
1,1,1789817838.212876,29.8956,0.000
1,1,1789817838.213875,29.8764,0.000
1,1,1789817838.214870,29.8956,0.000
1,1,1789817838.215876,29.8956,0.000
1,1,1789817838.216873,29.8956,0.000
1,1,1789817838.217855,29.8956,0.000
1,1,1789817838.218873,29.8956,0.000
1,1,1789817838.219855,29.8956,0.000
1,1,1789817838.220872,29.8956,0.000
1,1,1789817838.221855,29.8956,0.000
1,1,1789817838.222865,29.8956,0.000
1,1,1789817838.223854,29.8956,0.000
1,1,1789817838.224874,29.8764,0.000
1,1,1789817838.225871,29.8956,0.000
1,1,1789817838.226875,29.8956,0.000
1,1,1789817838.227871,29.8956,0.000
1,1,1789817838.228854,29.8956,0.000
1,1,1789817838.229872,29.8956,0.000
1,1,1789817838.230855,29.8956,0.000
1,1,1789817838.231871,29.8956,0.000
1,1,1789817838.232856,29.8764,0.000
1,1,1789817838.233866,29.8764,0.000
1,1,1789817838.234854,29.8956,0.000
1,1,1789817838.235873,29.8956,0.000
1,1,1789817838.236855,29.8764,0.000
1,1,1789817838.237872,29.8956,0.000
1,1,1789817838.238872,29.8956,0.000
1,1,1789817838.239871,29.8956,0.000
1,1,1789817838.240856,29.8956,0.000
1,1,1789817838.241872,29.8956,0.000
1,1,1789817838.242853,29.8956,0.000
1,1,1789817838.243871,29.8956,0.000
1,1,1789817838.244853,29.8572,0.000
1,1,1789817838.245870,29.8956,0.000
1,1,1789817838.246847,29.8956,0.000
1,1,1789817838.247872,29.8956,0.000
1,1,1789817838.248871,29.8956,0.000
1,1,1789817838.249852,29.8956,0.000
1,1,1789817838.250864,29.8956,0.000
1,1,1789817838.251847,29.8956,0.000
1,1,1789817838.252870,29.8956,0.000
1,1,1789817838.253846,29.8956,0.000
1,1,1789817838.254855,29.8956,0.000
1,1,1789817838.255848,29.8956,0.000
1,1,1789817838.256855,29.8764,0.000
1,1,1789817838.257863,29.8956,0.000
1,1,1789817838.258851,29.8764,0.000
1,1,1789817838.259868,29.8956,0.000
1,1,1789817838.260851,29.8956,0.000
1,1,1789817838.261876,29.8956,0.000
1,1,1789817838.262851,29.8764,0.000
1,1,1789817838.263868,29.8956,0.000
1,1,1789817838.264850,29.8956,0.000
1,1,1789817838.265861,29.8956,0.000
1,1,1789817838.266851,29.8956,0.000
1,1,1789817838.267867,29.8956,0.000
1,1,1789817838.268852,29.8956,0.000
1,1,1789817838.269845,29.8956,0.000
1,1,1789817838.270853,29.8956,0.000
1,1,1789817838.271849,29.8956,0.000
1,1,1789817838.272852,29.8956,0.000
1,1,1789817838.273848,29.8956,0.000
1,1,1789817838.274853,29.8956,0.000
1,1,1789817838.275848,29.8956,0.000
1,1,1789817838.276852,29.8764,0.000
1,1,1789817838.277848,29.8956,0.000
1,1,1789817838.278852,29.8956,0.000
1,1,1789817838.279850,29.8956,0.000
1,1,1789817838.280869,29.8956,0.000
1,1,1789817838.281851,29.8956,0.000
1,1,1789817838.282848,29.8764,0.000
1,1,1789817838.283852,29.8956,0.000
1,1,1789817838.284849,29.8764,0.000
1,1,1789817838.285853,29.8956,0.000
1,1,1789817838.286841,29.8764,0.000
1,1,1789817838.287851,29.8956,0.000
1,1,1789817838.288848,29.8956,0.000
1,1,1789817838.289851,29.8956,0.000
1,1,1789817838.290850,29.8956,0.000
1,1,1789817838.291847,29.8956,0.000
1,1,1789817838.292851,29.8956,0.000
1,1,1789817838.293847,29.8764,0.000
1,1,1789817838.294851,29.8956,0.000
1,1,1789817838.295847,29.8764,0.000
1,1,1789817838.296850,29.8956,0.000
1,1,1789817838.297841,29.8956,0.000
1,1,1789817838.298851,29.8956,0.000
1,1,1789817838.299847,29.8956,0.000
1,1,1789817838.300850,29.8956,0.000
1,1,1789817838.301850,29.8956,0.000
1,1,1789817838.302845,29.8956,0.000
1,1,1789817838.303849,29.8956,0.000
1,1,1789817838.304847,29.8956,0.000
1,1,1789817838.305850,29.8956,0.000
1,1,1789817838.306846,29.8956,0.000
1,1,1789817838.307851,29.8764,0.000
1,1,1789817838.308846,29.8956,0.000
1,1,1789817838.309851,29.8764,0.000
1,1,1789817838.310847,29.8956,0.000
1,1,1789817838.311852,29.8956,0.000
1,1,1789817838.312849,29.8956,0.000
1,1,1789817838.313846,29.8764,0.000
1,1,1789817838.314850,29.8956,0.000
1,1,1789817838.315845,29.8956,0.000
1,1,1789817838.316851,29.8764,0.000
1,1,1789817838.317866,29.8764,0.000
1,1,1789817838.318846,29.8764,0.000
1,1,1789817838.319866,29.8956,0.000
1,1,1789817838.320854,29.8956,0.000
1,1,1789817838.321851,29.8956,0.000
1,1,1789817838.322847,29.8572,0.000
1,1,1789817838.323854,29.8956,0.000
1,1,1789817838.324846,29.8764,0.000
1,1,1789817838.325850,29.8956,0.000
1,1,1789817838.326846,29.8956,0.000
1,1,1789817838.327850,29.8956,0.000
1,1,1789817838.328848,29.8956,0.000
1,1,1789817838.329918,29.8956,0.000
1,1,1789817838.330940,29.8764,0.000
1,1,1789817838.331911,29.8956,0.000
1,1,1789817838.332925,29.8764,0.000
1,1,1789817838.333916,29.8956,0.000
1,1,1789817838.334928,29.8956,0.000
1,1,1789817838.335916,29.8956,0.000
1,1,1789817838.336941,29.8956,0.000
1,1,1789817838.337846,29.8956,0.000
1,1,1789817838.338845,29.8956,0.000
1,1,1789817838.339842,29.8956,0.000
1,1,1789817838.340843,29.8956,0.000
1,1,1789817838.341846,29.8764,0.000
1,1,1789817838.342845,29.8956,0.000
1,1,1789817838.343842,29.8956,0.000
1,1,1789817838.344841,29.8956,0.000
1,1,1789817838.345847,29.8764,0.000
1,1,1789817838.346858,29.8956,0.000
1,1,1789817838.347847,29.8956,0.000
1,1,1789817838.348844,29.8956,0.000
1,1,1789817838.349856,29.8956,0.000
1,1,1789817838.350841,29.8956,0.000
1,1,1789817838.351849,29.8956,0.000
1,1,1789817838.352842,29.8956,0.000
1,1,1789817838.353845,29.8572,0.000
1,1,1789817838.354842,29.8956,0.000
1,1,1789817838.355839,29.8956,0.000
1,1,1789817838.356839,29.8764,0.000
1,1,1789817838.357840,29.8956,0.000
1,1,1789817838.358839,29.8956,0.000
1,1,1789817838.359840,29.8956,0.000
1,1,1789817838.360844,29.8956,0.000
1,1,1789817838.361843,29.8956,0.000
1,1,1789817838.362842,29.8956,0.000
1,1,1789817838.363844,29.8956,0.000
1,1,1789817838.364836,29.8764,0.000
1,1,1789817838.365842,29.8956,0.000
1,1,1789817838.366846,29.8956,0.000
1,1,1789817838.367844,29.8764,0.000
1,1,1789817838.368847,29.8956,0.000
1,1,1789817838.369841,29.8956,0.000
1,1,1789817838.370846,29.8956,0.000
1,1,1789817838.371843,29.8956,0.000
1,1,1789817838.372843,29.8956,0.000
1,1,1789817838.373851,29.8956,0.000
1,1,1789817838.374853,29.8956,0.000
1,1,1789817838.375852,29.8764,0.000
1,1,1789817838.376863,29.8956,0.000
1,1,1789817838.377850,29.8956,0.000
1,1,1789817838.378842,29.8956,0.000
1,1,1789817838.379846,29.8956,0.000
1,1,1789817838.380841,29.8956,0.000
1,1,1789817838.381846,29.8956,0.000
1,1,1789817838.382841,29.8956,0.000
1,1,1789817838.383847,29.8956,0.000
1,1,1789817838.384841,29.8956,0.000
1,1,1789817838.385845,29.8764,0.000
1,1,1789817838.386842,29.8764,0.000
1,1,1789817838.387846,29.8956,0.000
1,1,1789817838.388840,29.8956,0.000
1,1,1789817838.389843,29.8956,0.000
1,1,1789817838.390843,29.8956,0.000
1,1,1789817838.391845,29.8956,0.000
1,1,1789817838.392844,29.8956,0.000
1,1,1789817838.393841,29.8956,0.000
1,1,1789817838.394845,29.8764,0.000
1,1,1789817838.395849,29.8956,0.000
1,1,1789817838.396843,29.8956,0.000
1,1,1789817838.397866,29.8956,0.000
1,1,1789817838.398843,29.8956,0.000
1,1,1789817838.399848,29.8956,0.000
1,1,1789817838.400847,29.8956,0.000
1,1,1789817838.401848,29.8956,0.000
1,1,1789817838.402844,29.8764,0.000
1,1,1789817838.403848,29.8956,0.000
1,1,1789817838.404845,29.8956,0.000
1,1,1789817838.405841,29.8956,0.000
1,1,1789817838.406864,29.8956,0.000
1,1,1789817838.407848,29.8956,0.000
1,1,1789817838.408847,29.8956,0.000
1,1,1789817838.409844,29.8956,0.000
1,1,1789817838.410847,29.8956,0.000
1,1,1789817838.411901,29.8956,0.000
1,1,1789817838.412864,29.8956,0.000
1,1,1789817838.413854,29.8956,0.000
1,1,1789817838.414851,29.8956,0.000
1,1,1789817838.415860,29.8764,0.000
1,1,1789817838.416849,29.8956,0.000
1,1,1789817838.417858,29.8956,0.000
1,1,1789817838.418853,29.8956,0.000
1,1,1789817838.419851,29.8764,0.000
1,1,1789817838.420851,29.8956,0.000
1,1,1789817838.421853,29.8956,0.000
1,1,1789817838.422846,29.8764,0.000
1,1,1789817838.423851,29.8956,0.000
1,1,1789817838.424850,29.8956,0.000
1,1,1789817838.426020,29.8764,0.000
1,1,1789817838.427006,29.8956,0.000
1,1,1789817838.427983,29.8956,0.000
1,1,1789817838.429031,29.8956,0.000
1,1,1789817838.429909,29.8956,0.000
1,1,1789817838.430944,29.8956,0.000
1,1,1789817838.431900,29.8956,0.000
1,1,1789817838.432839,29.8956,0.000
1,1,1789817838.433841,29.8956,0.000
1,1,1789817838.434840,29.8956,0.000
1,1,1789817838.435839,29.8956,0.000
1,1,1789817838.436848,29.8956,0.000
1,1,1789817838.437845,29.8956,0.000
1,1,1789817838.438838,29.8956,0.000
1,1,1789817838.439841,29.8956,0.000
1,1,1789817838.440837,29.8956,0.000
1,1,1789817838.441837,29.8764,0.000
1,1,1789817838.442834,29.8956,0.000
1,1,1789817838.443830,29.8956,0.000
1,1,1789817838.444838,29.8956,0.000
1,1,1789817838.445831,29.8956,0.000
1,1,1789817838.446888,29.8764,0.000
1,1,1789817838.447909,29.8956,0.000
1,1,1789817838.448929,29.8956,0.000
1,1,1789817838.449914,29.8956,0.000
1,1,1789817838.450938,29.8956,0.000
1,1,1789817838.451888,29.8956,0.000
1,1,1789817838.452834,29.8956,0.000
1,1,1789817838.453842,29.8764,0.000
1,1,1789817838.454831,29.8956,0.000
1,1,1789817838.455842,29.8956,0.000
1,1,1789817838.456832,29.8764,0.000
1,1,1789817838.457838,29.8956,0.000
1,1,1789817838.458831,29.8956,0.000
1,1,1789817838.459837,29.8956,0.000
1,1,1789817838.460836,29.8764,0.000
1,1,1789817838.461840,29.8956,0.000
1,1,1789817838.462840,29.8956,0.000
1,1,1789817838.463835,29.8956,0.000
1,1,1789817838.464833,29.8956,0.000
1,1,1789817838.465836,29.8956,0.000
1,1,1789817838.466840,29.8956,0.000
1,1,1789817838.467839,29.8956,0.000
1,1,1789817838.468837,29.8956,0.000
1,1,1789817838.469839,29.8956,0.000
1,1,1789817838.470835,29.8956,0.000
1,1,1789817838.471840,29.8956,0.000
1,1,1789817838.472846,29.8956,0.000
1,1,1789817838.473839,29.8764,0.000
1,1,1789817838.474845,29.8956,0.000
1,1,1789817838.475836,29.8956,0.000
1,1,1789817838.476840,29.8956,0.000
1,1,1789817838.477837,29.8956,0.000
1,1,1789817838.478838,29.8956,0.000
1,1,1789817838.479843,29.8956,0.000
1,1,1789817838.480838,29.8764,0.000
1,1,1789817838.481843,29.8956,0.000
1,1,1789817838.482836,29.8956,0.000
1,1,1789817838.483841,29.8956,0.000
1,1,1789817838.484837,29.8956,0.000
1,1,1789817838.485841,29.8956,0.000
1,1,1789817838.486836,29.8956,0.000
1,1,1789817838.487840,29.8956,0.000
1,1,1789817838.488847,29.8956,0.000
1,1,1789817838.489833,29.8956,0.000
1,1,1789817838.490835,29.8956,0.000
1,1,1789817838.491834,29.8956,0.000
1,1,1789817838.492840,29.8956,0.000
1,1,1789817838.493837,29.8956,0.000
1,1,1789817838.494830,29.8956,0.000
1,1,1789817838.495839,29.8956,0.000
1,1,1789817838.496837,29.8956,0.000
1,1,1789817838.497834,29.8956,0.000
1,1,1789817838.498838,29.8956,0.000
1,1,1789817838.499835,29.8956,0.000
1,1,1789817838.500841,29.8956,0.000
1,1,1789817838.501834,29.8956,0.000
1,1,1789817838.502811,29.8956,0.000
1,1,1789817838.503830,29.8956,0.000
1,1,1789817838.504819,29.8956,0.000
1,1,1789817838.505835,29.8956,0.000
1,1,1789817838.506819,29.8956,0.000
1,1,1789817838.507836,29.8764,0.000
1,1,1789817838.508820,29.8956,0.000
1,1,1789817838.509838,29.8956,0.000
1,1,1789817838.510813,29.8956,0.000
1,1,1789817838.511833,29.8956,0.000
1,1,1789817838.512821,29.8956,0.000
1,1,1789817838.513835,29.8956,0.000
1,1,1789817838.514814,29.8764,0.000
1,1,1789817838.515837,29.8764,0.000
1,1,1789817838.516953,29.8572,0.000
1,1,1789817838.517843,29.8956,0.000
1,1,1789817838.518820,29.8956,0.000
1,1,1789817838.519969,29.8956,0.000
1,1,1789817838.520833,29.8956,0.000
1,1,1789817838.521846,29.8956,0.000
1,1,1789817838.522846,29.8956,0.000
1,1,1789817838.523855,29.8956,0.000
1,1,1789817838.524829,29.8956,0.000
1,1,1789817838.525862,29.8956,0.000
1,1,1789817838.526819,29.8956,0.000
1,1,1789817838.527836,29.8764,0.000
1,1,1789817838.528833,29.8956,0.000
1,1,1789817838.529830,29.8956,0.000
1,1,1789817838.530818,29.8956,0.000
1,1,1789817838.531830,29.8956,0.000
1,1,1789817838.532814,29.8764,0.000
1,1,1789817838.533835,29.8956,0.000
1,1,1789817838.534813,29.8764,0.000
1,1,1789817838.535836,29.8956,0.000
1,1,1789817838.536813,29.8956,0.000
1,-1,1789817838.540822,29.8956,0.000
1,-1,1789817838.541839,29.8956,0.000
1,-1,1789817838.542815,29.8956,0.000
1,-1,1789817838.543833,29.8764,0.000
1,-1,1789817838.544811,29.8956,0.000
1,-1,1789817838.545833,29.8956,0.000
1,-1,1789817838.546811,29.8956,0.000
1,-1,1789817838.547833,29.8956,0.000
1,-1,1789817838.548816,29.8956,0.000
1,-1,1789817838.549845,29.8956,0.000
1,-1,1789817838.550815,29.8956,0.000
1,-1,1789817838.551833,29.8956,0.000
1,-1,1789817838.552816,29.8956,0.000
1,-1,1789817838.553826,29.8956,0.000
1,-1,1789817838.554812,29.8956,0.000
1,-1,1789817838.555833,29.8956,0.000
1,-1,1789817838.556809,29.8764,0.000
1,-1,1789817838.557806,29.8956,0.000
1,-1,1789817838.558818,29.8956,0.000
1,-1,1789817838.559812,29.8956,0.000
1,-1,1789817838.560812,29.8764,0.000
1,-1,1789817838.561808,29.8764,0.000
1,-1,1789817838.562811,29.8572,0.000
1,-1,1789817838.563813,29.8956,0.000
1,-1,1789817838.564811,29.8956,0.000
1,-1,1789817838.565813,29.8956,0.000
1,-1,1789817838.566820,29.8572,0.000
1,-1,1789817838.567814,29.8764,0.000
1,-1,1789817838.568817,29.8764,0.000
1,-1,1789817838.569807,29.8764,0.000
1,-1,1789817838.570816,29.8764,0.000
1,-1,1789817838.571813,29.8381,0.456
1,-1,1789817838.572810,29.8572,0.456
1,-1,1789817838.573806,29.8381,0.456
1,-1,1789817838.574810,29.8381,0.456
1,-1,1789817838.575813,29.8572,0.456
1,-1,1789817838.576815,29.8572,0.456
1,-1,1789817838.577807,29.8189,0.684
1,-1,1789817838.578810,29.8189,0.684
1,-1,1789817838.579812,29.7997,0.912
1,-1,1789817838.580809,29.7997,0.912
1,-1,1789817838.581806,29.7805,1.140
1,-1,1789817838.582810,29.7614,1.596
1,-1,1789817838.583836,29.7422,1.824
1,-1,1789817838.584813,29.7230,2.052
1,-1,1789817838.585814,29.6847,2.508
1,-1,1789817838.586821,29.6847,2.508
1,-1,1789817838.587806,29.6463,2.964
1,-1,1789817838.588817,29.6271,3.192
1,-1,1789817838.589817,29.5888,3.420
1,-1,1789817838.590816,29.5312,4.104
1,-1,1789817838.591812,29.5312,4.104
1,-1,1789817838.592816,29.4929,4.788
1,-1,1789817838.593805,29.4545,5.244
1,-1,1789817838.594817,29.4162,5.700
1,-1,1789817838.595839,29.3587,5.928
1,-1,1789817838.596818,29.3203,6.612
1,-1,1789817838.597826,29.2820,7.068
1,-1,1789817838.598811,29.2436,7.524
1,-1,1789817838.599807,29.1669,8.208
1,-1,1789817838.600816,29.1477,8.208
1,-1,1789817838.601806,29.0902,9.120
1,-1,1789817838.602818,29.0327,9.576
1,-1,1789817838.603813,28.9943,10.032
1,-1,1789817838.604812,28.9368,10.944
1,-1,1789817838.605806,28.8793,11.400
1,-1,1789817838.606809,28.8026,12.084
1,-1,1789817838.607815,28.7450,12.768
1,-1,1789817838.608832,28.6875,13.224
1,-1,1789817838.609797,28.6491,14.136
1,-1,1789817838.610811,28.5916,14.136
1,-1,1789817838.611840,28.5149,15.048
1,-1,1789817838.612810,28.4382,15.732
1,-1,1789817838.613809,28.3615,16.188
1,-1,1789817838.614828,28.3040,16.416
1,-1,1789817838.615820,28.2273,17.784
1,-1,1789817838.616815,28.1506,18.012
1,-1,1789817838.617811,28.0355,18.924
1,-1,1789817838.618810,27.9972,18.924
1,-1,1789817838.619814,27.9013,19.608
1,-1,1789817838.620809,27.8054,20.520
1,-1,1789817838.621807,27.7479,20.976
1,-1,1789817838.622809,27.6328,21.660
1,-1,1789817838.623807,27.5753,21.888
1,-1,1789817838.624809,27.4602,22.800
1,-1,1789817838.625813,27.3835,23.256
1,-1,1789817838.626809,27.2685,24.168
1,-1,1789817838.627809,27.1726,24.624
1,-1,1789817838.628802,27.0959,24.852
1,-1,1789817838.629812,27.0000,25.764
1,-1,1789817838.630801,26.8658,26.904
1,-1,1789817838.631814,26.7699,26.904
1,-1,1789817838.632805,26.6932,27.360
1,-1,1789817838.633814,26.5781,28.044
1,-1,1789817838.634811,26.4822,28.956
1,-1,1789817838.635814,26.3480,29.412
1,-1,1789817838.636810,26.2330,29.640
1,-1,1789817838.637814,26.1179,30.324
1,-1,1789817838.638804,26.0028,31.236
1,-1,1789817838.639813,25.9070,31.692
1,-1,1789817838.640810,25.7727,31.920
1,-1,1789817838.641807,25.6960,32.148
1,-1,1789817838.642804,25.5810,32.832
1,-1,1789817838.643814,25.4659,33.516
1,-1,1789817838.644806,25.3892,33.516
1,-1,1789817838.645813,25.2550,33.744
1,-1,1789817838.646807,25.1399,34.200
1,-1,1789817838.647808,25.0440,34.884
1,-1,1789817838.648810,24.9098,35.340
1,-1,1789817838.649810,24.8139,35.340
1,-1,1789817838.650804,24.7564,35.568
1,-1,1789817838.651815,24.6222,35.796
1,-1,1789817838.652812,24.5263,36.708
1,-1,1789817838.653829,24.4304,36.480
1,-1,1789817838.654805,24.2578,36.252
1,-1,1789817838.655809,24.1811,36.480
1,-1,1789817838.656809,24.0661,37.164
1,-1,1789817838.657815,23.9318,37.620
1,-1,1789817838.658809,23.7784,37.848
1,-1,1789817838.659811,23.7017,37.164
1,-1,1789817838.660810,23.5866,37.620
1,-1,1789817838.661821,23.4716,38.532
1,-1,1789817838.662812,23.3565,38.532
1,-1,1789817838.663809,23.2223,38.304
1,-1,1789817838.664812,23.1456,37.848
1,-1,1789817838.665808,23.0305,38.076
1,-1,1789817838.666806,22.9155,38.532
1,-1,1789817838.667809,22.7621,38.988
1,-1,1789817838.668813,22.6470,38.532
1,-1,1789817838.669805,22.5320,38.760
1,-1,1789817838.670806,22.4169,39.216
1,-1,1789817838.671806,22.3018,39.444
1,-1,1789817838.672814,22.1484,39.216
1,-1,1789817838.673810,22.0909,38.988
1,-1,1789817838.674807,21.9567,39.444
1,-1,1789817838.675808,21.8608,39.444
1,-1,1789817838.676807,21.7457,39.444
1,-1,1789817838.677802,21.6115,38.988
1,-1,1789817838.678812,21.5156,38.988
1,-1,1789817838.679802,21.3814,39.900
1,-1,1789817838.680813,21.2663,39.672
1,-1,1789817838.681802,21.1321,39.444
1,-1,1789817838.682806,21.0554,39.216
1,-1,1789817838.683809,20.9212,39.672
1,-1,1789817838.684813,20.8061,39.672
1,-1,1789817838.685802,20.6911,39.672
1,-1,1789817838.686812,20.5568,39.216
1,-1,1789817838.687803,20.4418,39.444
1,-1,1789817838.688812,20.3267,39.900
1,-1,1789817838.689809,20.2116,39.900
1,-1,1789817838.690814,20.0774,39.444
1,-1,1789817838.691807,20.0007,39.216
1,-1,1789817838.692813,19.8857,39.444
1,-1,1789817838.693807,19.7706,39.900
1,-1,1789817838.694812,19.6555,39.900
1,-1,1789817838.695807,19.5213,39.216
1,-1,1789817838.696813,19.4062,38.988
1,-1,1789817838.697807,19.3104,39.444
1,-1,1789817838.698810,19.1953,39.444
1,-1,1789817838.699807,19.0803,39.444
1,-1,1789817838.700828,19.0036,38.988
1,-1,1789817838.701807,18.8693,38.988
1,-1,1789817838.702806,18.7543,39.672
1,-1,1789817838.703806,18.6392,39.900
1,-1,1789817838.704805,18.5050,39.444
1,-1,1789817838.705801,18.4091,39.216
1,-1,1789817838.706806,18.3132,39.216
1,-1,1789817838.707810,18.1790,39.900
1,-1,1789817838.708811,18.0447,39.900
1,-1,1789817838.709815,17.9489,38.988
1,-1,1789817838.710799,17.8338,38.988
1,-1,1789817838.711801,17.7188,39.900
1,-1,1789817838.712804,17.6037,39.900
1,-1,1789817838.713802,17.4503,39.672
1,-1,1789817838.714803,17.3544,39.444
1,-1,1789817838.715806,17.2393,39.444
1,-1,1789817838.716804,17.1435,39.672
1,-1,1789817838.717806,17.0092,39.900
1,-1,1789817838.718810,16.8750,39.444
1,-1,1789817838.719801,16.7791,39.216
1,-1,1789817838.720806,16.6449,40.356
1,-1,1789817838.721806,16.5490,40.128
1,-1,1789817838.722807,16.3764,39.900
1,-1,1789817838.723805,16.2997,39.444
1,-1,1789817838.724812,16.1847,39.672
1,-1,1789817838.725805,16.0696,39.900
1,-1,1789817838.726804,15.9737,39.900
1,-1,1789817838.727806,15.8395,39.444
1,-1,1789817838.728815,15.7244,39.444
1,-1,1789817838.729805,15.5902,40.128
1,-1,1789817838.730812,15.4943,39.900
1,-1,1789817838.731801,15.3409,39.672
1,-1,1789817838.732819,15.2642,39.216
1,-1,1789817838.733806,15.1491,39.672
1,-1,1789817838.734804,15.0149,40.128
1,-1,1789817838.735803,14.9190,40.128
1,-1,1789817838.736803,14.7848,39.444
1,-1,1789817838.737800,14.6697,39.216
1,-1,1789817838.738803,14.5547,40.128
1,-1,1789817838.739805,14.4205,40.356
1,-1,1789817838.740813,14.3054,40.356
1,-1,1789817838.741804,14.2479,39.672
1,-1,1789817838.742805,14.1328,39.672
1,-1,1789817838.743807,14.0178,40.128
1,-1,1789817838.744804,13.9027,40.128
1,-1,1789817838.745800,13.7493,40.128
1,-1,1789817838.746810,13.6534,39.672
1,-1,1789817838.747806,13.5384,39.672
1,-1,1789817838.748809,13.4041,40.356
1,-1,1789817838.749799,13.2315,40.128
1,-1,1789817838.750810,13.1740,39.672
1,-1,1789817838.751799,13.0589,39.444
1,-1,1789817838.752810,12.9439,40.356
1,-1,1789817838.753799,12.8480,40.128
1,-1,1789817838.754808,12.6754,40.128
1,-1,1789817838.755805,12.5987,39.900
1,-1,1789817838.756809,12.4837,39.900
1,-1,1789817838.757805,12.3494,40.812
1,-1,1789817838.758803,12.2727,39.900
1,-1,1789817838.759805,12.1385,39.672
1,-1,1789817838.760810,12.0234,39.444
1,-1,1789817838.761805,11.9084,40.356
1,-1,1789817838.762808,11.7933,40.356
1,-1,1789817838.763804,11.6399,39.900
1,-1,1789817838.764803,11.5440,39.900
1,-1,1789817838.765804,11.4482,39.672
1,-1,1789817838.766803,11.3139,40.584
1,-1,1789817838.767801,11.2180,39.900
1,-1,1789817838.768803,11.0646,39.444
1,-1,1789817838.769812,10.9496,39.444
1,-1,1789817838.770808,10.8345,40.128
1,-1,1789817838.771804,10.7003,40.356
1,-1,1789817838.772803,10.5469,40.128
1,-1,1789817838.773805,10.4702,39.672
1,-1,1789817838.774808,10.3551,39.900
1,-1,1789817838.775799,10.2209,40.356
1,-1,1789817838.776808,10.1058,40.584
1,-1,1789817838.777799,10.0099,39.444
1,-1,1789817838.778804,9.8757,39.672
1,-1,1789817838.779803,9.7607,40.356
1,-1,1789817838.780802,9.6456,40.356
1,-1,1789817838.781804,9.5114,40.128
1,-1,1789817838.782808,9.4155,39.900
1,-1,1789817838.783803,9.2812,40.128
1,-1,1789817838.784807,9.1662,40.356
1,-1,1789817838.785803,9.0320,40.584
1,-1,1789817838.786803,8.9553,39.900
1,-1,1789817838.787804,8.8594,40.128
1,-1,1789817838.788802,8.7443,40.356
1,-1,1789817838.789804,8.6484,40.356
1,-1,1789817838.790782,8.4759,40.356
1,-1,1789817838.791810,8.3991,39.900
1,-1,1789817838.792771,8.2649,39.900
1,-1,1789817838.793803,8.1690,40.356
1,-1,1789817838.794786,8.0540,40.584
1,-1,1789817838.795798,7.9006,40.128
1,-1,1789817838.796786,7.8239,39.900
1,-1,1789817838.797798,7.6896,40.128
1,-1,1789817838.798781,7.5938,40.356
1,-1,1789817838.799804,7.4595,40.584
1,-1,1789817838.800786,7.3445,39.672
1,-1,1789817838.801802,7.2294,39.672
1,-1,1789817838.802780,7.1143,40.356
1,-1,1789817838.803797,6.9801,40.584
1,-1,1789817838.804786,6.8651,39.672
1,-1,1789817838.805803,6.7500,39.672
1,-1,1789817838.806786,6.6541,39.900
1,-1,1789817838.807803,6.5007,40.584
1,-1,1789817838.808782,6.3857,40.584
1,-1,1789817838.809797,6.2706,39.900
1,-1,1789817838.810779,6.1555,39.672
1,-1,1789817838.811796,6.0597,40.356
1,-1,1789817838.812787,5.9446,40.356
1,-1,1789817838.813803,5.7720,40.356
1,-1,1789817838.814787,5.6953,39.672
1,-1,1789817838.815804,5.5803,40.128
1,-1,1789817838.816788,5.4652,40.356
1,-1,1789817838.817801,5.3501,40.356
1,-1,1789817838.818779,5.2159,40.128
1,-1,1789817838.819796,5.1009,40.128
1,-1,1789817838.820785,4.9858,40.584
1,-1,1789817838.821801,4.8707,40.356
1,-1,1789817838.822785,4.7173,40.356
1,-1,1789817838.823802,4.6406,39.900
1,-1,1789817838.824785,4.5064,40.356
1,-1,1789817838.825802,4.3913,40.812
1,-1,1789817838.826780,4.2955,40.584
1,-1,1789817838.827796,4.1804,39.900
1,-1,1789817838.828785,4.0462,40.128
1,-1,1789817838.829796,3.9311,40.812
1,-1,1789817838.830788,3.8161,40.584
1,-1,1789817838.831796,3.6818,40.812
1,-1,1789817838.832799,3.6243,39.900
1,-1,1789817838.833802,3.5284,39.900
1,-1,1789817838.834777,3.3942,40.812
1,-1,1789817838.835794,3.2791,40.584
1,-1,1789817838.836777,3.1065,40.356
1,-1,1789817838.837799,3.0298,39.900
1,-1,1789817838.838777,2.9148,40.128
1,-1,1789817838.839799,2.7614,41.268
1,-1,1789817838.840783,2.6655,41.040
1,-1,1789817838.841796,2.5504,40.356
1,-1,1789817838.842782,2.4162,40.356
1,-1,1789817838.843799,2.3011,41.040
1,-1,1789817838.844776,2.1861,41.040
1,-1,1789817838.845779,2.0327,40.812
1,-1,1789817838.846782,1.9560,40.356
1,-1,1789817838.847778,1.8217,40.812
1,-1,1789817838.848784,1.6875,41.268
1,-1,1789817838.849780,1.5916,41.040
1,-1,1789817838.850784,1.4574,40.584
1,-1,1789817838.851780,1.3423,40.584
1,-1,1789817838.852778,1.2273,41.268
1,-1,1789817838.853779,1.1314,40.812
1,-1,1789817838.854784,0.9588,40.812
1,-1,1789817838.855781,0.8629,40.584
1,-1,1789817838.856801,0.7479,40.812
1,-1,1789817838.857782,0.6520,41.040
1,-1,1789817838.858779,0.5178,41.040
1,-1,1789817838.859777,0.4027,40.584
1,-1,1789817838.860774,0.2876,40.356
1,-1,1789817838.861783,0.1726,41.040
1,-1,1789817838.862775,0.0575,41.268
1,-1,1789817838.863785,-0.0959,40.812
1,-1,1789817838.864773,-0.1918,40.584
1,-1,1789817838.865777,-0.3260,40.812
1,-1,1789817838.866781,-0.4219,41.040
1,-1,1789817838.867793,-0.5369,41.040
1,-1,1789817838.868778,-0.6328,39.900
1,-1,1789817838.869774,-0.7670,40.356
1,-1,1789817838.870778,-0.8629,40.812
1,-1,1789817838.871781,-0.9972,40.812
1,-1,1789817838.872777,-1.1122,40.812
1,-1,1789817838.873776,-1.1889,40.356
1,-1,1789817838.874772,-1.3040,40.356
1,-1,1789817838.875781,-1.4190,41.040
1,-1,1789817838.876777,-1.5149,40.584
1,-1,1789817838.877781,-1.6875,40.356
1,-1,1789817838.878770,-1.7834,40.356
1,-1,1789817838.879775,-1.8984,40.584
1,-1,1789817838.880770,-2.0327,41.040
1,-1,1789817838.881782,-2.1477,41.040
1,-1,1789817838.882778,-2.2820,40.812
1,-1,1789817838.883783,-2.3970,40.584
1,-1,1789817838.884779,-2.5121,41.040
1,-1,1789817838.885777,-2.6271,41.040
1,-1,1789817838.886779,-2.7614,40.812
1,-1,1789817838.887777,-2.8764,40.584
1,-1,1789817838.888778,-2.9723,40.812
1,-1,1789817838.889776,-3.1065,41.268
1,-1,1789817838.890778,-3.2024,41.040
1,-1,1789817838.891782,-3.3366,40.584
1,-1,1789817838.892778,-3.4517,40.584
1,-1,1789817838.893783,-3.5668,41.040
1,-1,1789817838.894775,-3.6818,41.040
1,-1,1789817838.895777,-3.8352,40.812
1,-1,1789817838.896773,-3.9311,40.584
1,-1,1789817838.897778,-4.0462,40.812
1,-1,1789817838.898779,-4.1804,41.496
1,-1,1789817838.899782,-4.2955,41.268
1,-1,1789817838.900778,-4.3913,40.356
1,-1,1789817838.901781,-4.5064,40.356
1,-1,1789817838.902778,-4.6406,41.040
1,-1,1789817838.903782,-4.7557,41.040
1,-1,1789817838.904778,-4.9283,41.040
1,-1,1789817838.905776,-5.0050,40.812
1,-1,1789817838.906771,-5.1200,40.812
1,-1,1789817838.907776,-5.2351,41.040
1,-1,1789817838.908777,-5.3693,41.268
1,-1,1789817838.909775,-5.4844,40.356
1,-1,1789817838.910777,-5.6186,40.584
1,-1,1789817838.911781,-5.7337,41.040
1,-1,1789817838.912777,-5.8487,41.040
1,-1,1789817838.913774,-5.9638,40.812
1,-1,1789817838.914772,-6.0213,40.356
1,-1,1789817838.915782,-6.1555,41.040
1,-1,1789817838.916772,-6.3089,40.812
1,-1,1789817838.917782,-6.3857,41.268
1,-1,1789817838.918772,-6.5391,40.356
1,-1,1789817838.919782,-6.6158,40.584
1,-1,1789817838.920777,-6.7308,41.040
1,-1,1789817838.921775,-6.8459,41.040
1,-1,1789817838.922771,-7.0185,41.040
1,-1,1789817838.923774,-7.0952,40.584
1,-1,1789817838.924777,-7.1911,40.356
1,-1,1789817838.925780,-7.3061,40.812
1,-1,1789817838.926771,-7.4403,41.040
1,-1,1789817838.927785,-7.5746,40.356
1,-1,1789817838.928776,-7.6896,40.356
1,-1,1789817838.929776,-7.7855,40.584
1,-1,1789817838.930771,-7.8814,41.040
1,-1,1789817838.931786,-7.9964,40.812
1,-1,1789817838.932769,-8.1115,40.128
1,-1,1789817838.933779,-8.2457,40.356
1,-1,1789817838.934768,-8.3416,40.584
1,-1,1789817838.935772,-8.4567,40.584
1,-1,1789817838.936768,-8.6293,40.584
1,-1,1789817838.937777,-8.7251,40.128
1,-1,1789817838.938776,-8.8402,40.356
1,-1,1789817838.939772,-8.9553,40.812
1,-1,1789817838.940767,-9.0703,40.584
1,-1,1789817838.941771,-9.1854,39.900
1,-1,1789817838.942767,-9.3196,40.128
1,-1,1789817838.943778,-9.4347,40.812
1,-1,1789817838.944768,-9.5497,40.584
1,-1,1789817838.945778,-9.7223,40.812
1,-1,1789817838.946775,-9.7990,40.128
1,-1,1789817838.947780,-9.9141,40.356
1,-1,1789817838.948771,-10.0483,41.040
1,-1,1789817838.949781,-10.1634,41.040
1,-1,1789817838.950776,-10.2784,40.356
1,-1,1789817838.951774,-10.3935,40.584
1,-1,1789817838.952776,-10.4893,40.812
1,-1,1789817838.953779,-10.6044,41.040
1,-1,1789817838.954776,-10.7770,40.812
1,-1,1789817838.955780,-10.8537,40.584
1,-1,1789817838.956770,-10.9688,40.812
1,-1,1789817838.957780,-11.0838,40.812
1,-1,1789817838.958779,-11.1989,41.040
1,-1,1789817838.959787,-11.3139,40.356
1,-1,1789817838.960776,-11.4290,40.356
1,-1,1789817838.961780,-11.5632,41.268
1,-1,1789817838.962771,-11.6591,40.812
1,-1,1789817838.963779,-11.7933,41.268
1,-1,1789817838.964772,-11.8700,40.812
1,-1,1789817838.965776,-11.9659,40.128
1,-1,1789817838.966775,-12.1001,41.268
1,-1,1789817838.967779,-12.2152,41.040
1,-1,1789817838.968776,-12.3494,40.584
1,-1,1789817838.969774,-12.4453,40.356
1,-1,1789817838.970769,-12.5412,40.584
1,-1,1789817838.971773,-12.6754,40.812
1,-1,1789817838.972775,-12.7905,41.040
1,-1,1789817838.973777,-12.9247,40.356
1,-1,1789817838.974768,-13.0398,40.128
1,-1,1789817838.975779,-13.1740,41.040
1,-1,1789817838.976791,-13.2891,41.040
1,-1,1789817838.977779,-13.4041,40.128
1,-1,1789817838.978775,-13.5192,40.128
1,-1,1789817838.979778,-13.6342,40.584
1,-1,1789817838.980783,-13.7493,40.584
1,-1,1789817838.981780,-13.8643,40.584
1,-1,1789817838.982768,-13.9986,40.356
1,-1,1789817838.983778,-14.1136,40.128
1,-1,1789817838.984769,-14.2287,40.812
1,-1,1789817838.985779,-14.3629,41.040
1,-1,1789817838.986774,-14.4972,40.584
1,-1,1789817838.987776,-14.5930,40.356
1,-1,1789817838.988773,-14.7081,40.584
1,-1,1789817838.989779,-14.8423,41.268
1,-1,1789817838.990767,-14.9574,41.268
1,-1,1789817838.991771,-15.0724,40.584
1,-1,1789817838.992774,-15.1875,40.356
1,-1,1789817838.993778,-15.2834,40.812
1,-1,1789817838.994774,-15.4176,41.268
1,-1,1789817838.995777,-15.5518,40.584
1,-1,1789817838.996774,-15.6477,40.584
1,-1,1789817838.997772,-15.7628,40.812
1,-1,1789817838.998768,-15.8970,41.268
1,-1,1789817838.999778,-16.0121,41.496
1,-1,1789817839.000773,-16.1463,40.812
1,-1,1789817839.001772,-16.2614,40.584
1,-1,1789817839.002768,-16.3764,41.268
1,-1,1789817839.003764,-16.4915,41.268
1,-1,1789817839.004767,-16.6065,41.040
1,-1,1789817839.005790,-16.6832,40.584
1,-1,1789817839.006770,-16.8558,41.268
1,-1,1789817839.007780,-16.9134,41.496
1,-1,1789817839.008775,-17.0284,41.496
1,-1,1789817839.009773,-17.1818,40.812
1,-1,1789817839.010769,-17.2969,41.040
1,-1,1789817839.011781,-17.4119,41.268
1,-1,1789817839.012769,-17.5078,41.268
1,-1,1789817839.013774,-17.6996,41.496
1,-1,1789817839.014774,-17.7379,40.356
1,-1,1789817839.015777,-17.8913,41.040
1,-1,1789817839.016773,-18.0064,41.496
1,-1,1789817839.017774,-18.1214,41.496
1,-1,1789817839.018773,-18.2749,41.040
1,-1,1789817839.019784,-18.3707,40.812
1,-1,1789817839.020774,-18.4858,41.040
1,-1,1789817839.021798,-18.6009,41.496
1,-1,1789817839.022768,-18.7159,41.496
1,-1,1789817839.023774,-18.8501,40.812
1,-1,1789817839.024767,-18.9652,40.812
1,-1,1789817839.025776,-19.0611,41.268
1,-1,1789817839.026772,-19.1953,41.496
1,-1,1789817839.027777,-19.3295,40.812
1,-1,1789817839.028767,-19.4254,40.584
1,-1,1789817839.029776,-19.5405,40.812
1,-1,1789817839.030773,-19.6555,41.040
1,-1,1789817839.031775,-19.7706,41.040
1,-1,1789817839.032773,-19.8857,40.356
1,-1,1789817839.033770,-20.0199,40.584
1,-1,1789817839.034766,-20.1349,41.040
1,-1,1789817839.035770,-20.2500,41.268
1,-1,1789817839.036771,-20.3842,40.812
1,-1,1789817839.037770,-20.4609,40.128
1,-1,1789817839.038771,-20.5760,40.584
1,-1,1789817839.039771,-20.6911,40.584
1,-1,1789817839.040773,-20.8253,40.812
1,-1,1789817839.041776,-20.9403,40.356
1,-1,1789817839.042772,-21.0938,40.584
1,-1,1789817839.043780,-21.1705,41.040
1,-1,1789817839.044773,-21.3047,40.812
1,-1,1789817839.045777,-21.4581,40.584
1,-1,1789817839.046765,-21.5540,40.356
1,-1,1789817839.047776,-21.6690,40.584
1,-1,1789817839.048772,-21.8033,41.040
1,-1,1789817839.049776,-21.8991,40.812
1,-1,1789817839.050766,-22.0334,40.356
1,-1,1789817839.051776,-22.1676,40.584
1,-1,1789817839.052771,-22.2827,41.040
1,-1,1789817839.053770,-22.3977,41.040
1,-1,1789817839.054765,-22.5128,41.268
1,-1,1789817839.055777,-22.5703,40.356
1,-1,1789817839.056771,-22.6854,40.812
1,-1,1789817839.057775,-22.8004,41.268
1,-1,1789817839.058772,-22.9347,41.496
1,-1,1789817839.059776,-23.0881,41.268
1,-1,1789817839.060771,-23.1648,40.812
1,-1,1789817839.061769,-23.2990,41.268
1,-1,1789817839.062766,-23.4141,41.724
1,-1,1789817839.063776,-23.5291,41.496
1,-1,1789817839.064772,-23.6634,40.812
1,-1,1789817839.065769,-23.7592,40.812
1,-1,1789817839.066764,-23.8935,41.724
1,-1,1789817839.067775,-23.9893,41.496
1,-1,1789817839.068771,-24.1428,41.268
1,-1,1789817839.069769,-24.2386,40.812
1,-1,1789817839.070772,-24.3537,41.040
1,-1,1789817839.071775,-24.4879,41.496
1,-1,1789817839.072765,-24.5838,41.268
1,-1,1789817839.073774,-24.7180,40.812
1,-1,1789817839.074771,-24.8331,40.812
1,-1,1789817839.075774,-24.9482,41.496
1,-1,1789817839.076771,-25.0632,41.496
1,-1,1789817839.077769,-25.1974,40.812
1,-1,1789817839.078772,-25.2933,40.812
1,-1,1789817839.079754,-25.4084,40.812
1,-1,1789817839.080764,-25.5426,41.496
1,-1,1789817839.081748,-25.6577,41.268
1,-1,1789817839.082770,-25.7536,40.356
1,-1,1789817839.083754,-25.8878,40.584
1,-1,1789817839.084770,-26.0028,41.268
1,-1,1789817839.085749,-26.0987,40.812
1,-1,1789817839.086764,-26.2521,40.356
1,-1,1789817839.087755,-26.3480,40.128
1,-1,1789817839.088772,-26.4439,40.128
1,-1,1789817839.089754,-26.5589,40.584
1,-1,1789817839.090770,-26.6740,40.356
1,-1,1789817839.091754,-26.7699,39.444
1,-1,1789817839.092768,-26.8849,39.444
1,-1,1789817839.093747,-27.0000,39.900
1,-1,1789817839.094765,-27.1151,40.128
1,-1,1789817839.095747,-27.1918,39.444
1,-1,1789817839.096771,-27.2493,38.988
1,-1,1789817839.097746,-27.3452,38.760
1,-1,1789817839.098771,-27.4602,39.216
1,-1,1789817839.099746,-27.5369,38.760
1,-1,1789817839.100764,-27.6903,38.304
1,-1,1789817839.101746,-27.7670,38.076
1,-1,1789817839.102771,-27.8438,37.848
1,-1,1789817839.103752,-27.9396,37.848
1,-1,1789817839.104770,-28.0355,37.392
1,-1,1789817839.105748,-28.1122,36.252
1,-1,1789817839.106769,-28.2273,36.252
1,-1,1789817839.107752,-28.3040,36.480
1,-1,1789817839.108763,-28.3807,36.024
1,-1,1789817839.109747,-28.4766,34.884
1,-1,1789817839.110769,-28.5341,34.200
1,-1,1789817839.111747,-28.5916,33.972
1,-1,1789817839.112765,-28.6491,33.744
1,-1,1789817839.113752,-28.7259,33.060
1,-1,1789817839.114768,-28.8026,32.148
1,-1,1789817839.115754,-28.8601,31.236
1,-1,1789817839.116765,-28.9176,31.464
1,-1,1789817839.117746,-28.9943,30.780
1,-1,1789817839.118763,-29.0518,29.640
1,-1,1789817839.119752,-29.0902,28.728
1,-1,1789817839.120769,-29.1286,28.272
1,-1,1789817839.121752,-29.1861,28.044
1,-1,1789817839.122769,-29.2053,26.904
1,-1,1789817839.123757,-29.2628,25.536
1,-1,1789817839.124769,-29.3011,25.080
1,-1,1789817839.125746,-29.3395,24.852
1,-1,1789817839.126769,-29.3587,23.940
1,-1,1789817839.127746,-29.3970,22.572
1,-1,1789817839.128762,-29.4162,21.660
1,-1,1789817839.129745,-29.4545,20.976
1,-1,1789817839.130763,-29.4737,20.292
1,-1,1789817839.131755,-29.4929,19.608
1,-1,1789817839.132762,-29.5121,18.012
1,-1,1789817839.133750,-29.5504,17.556
1,-1,1789817839.134747,-29.5696,17.328
1,-1,1789817839.135751,-29.5888,16.188
1,-1,1789817839.136747,-29.6080,15.048
1,-1,1789817839.137745,-29.6080,14.592
1,-1,1789817839.138747,-29.6271,13.908
1,-1,1789817839.139745,-29.6271,13.452
1,-1,1789817839.140759,-29.6655,12.996
1,-1,1789817839.141752,-29.6655,11.628
1,-1,1789817839.142741,-29.6655,10.944
1,-1,1789817839.143744,-29.6847,10.716
1,-1,1789817839.144742,-29.6847,10.260
1,-1,1789817839.145763,-29.6847,9.120
1,-1,1789817839.146740,-29.6847,8.208
1,-1,1789817839.147751,-29.6847,7.752
1,-1,1789817839.148747,-29.6847,7.296
1,-1,1789817839.149746,-29.7038,7.068
1,-1,1789817839.150741,-29.7038,6.156
1,-1,1789817839.151746,-29.7038,5.928
1,-1,1789817839.152747,-29.7038,5.472
1,-1,1789817839.153750,-29.7230,5.244
1,-1,1789817839.154746,-29.7038,4.332
1,-1,1789817839.155750,-29.7038,4.104
1,-1,1789817839.156746,-29.7230,3.876
1,-1,1789817839.157757,-29.7230,3.876
1,-1,1789817839.158751,-29.7230,3.420
1,-1,1789817839.159743,-29.7230,2.964
1,-1,1789817839.160740,-29.7230,2.736
1,-1,1789817839.161743,-29.7230,2.508
1,-1,1789817839.162743,-29.7422,2.508
1,-1,1789817839.163749,-29.7614,2.508
1,-1,1789817839.164746,-29.7230,1.596
1,-1,1789817839.165749,-29.7614,1.824
1,-1,1789817839.166740,-29.7614,1.824
1,-1,1789817839.167749,-29.7614,1.596
1,-1,1789817839.168746,-29.7805,1.596
1,-1,1789817839.169743,-29.7805,1.368
1,-1,1789817839.170746,-29.7805,1.368
1,-1,1789817839.171746,-29.7805,1.368
1,-1,1789817839.172741,-29.7997,1.368
1,-1,1789817839.173746,-29.7997,1.368
1,-1,1789817839.174739,-29.7997,1.368
1,-1,1789817839.175742,-29.7997,1.368
1,-1,1789817839.176744,-29.8189,1.596
1,-1,1789817839.177749,-29.8189,1.596
1,-1,1789817839.178745,-29.8381,1.596
1,-1,1789817839.179749,-29.8381,1.596
1,-1,1789817839.180739,-29.8381,1.596
1,-1,1789817839.181749,-29.8381,1.596
1,-1,1789817839.182740,-29.8381,1.368
1,-1,1789817839.183758,-29.8381,1.596
1,-1,1789817839.184739,-29.8381,1.596
1,-1,1789817839.185750,-29.8381,1.368
1,-1,1789817839.186745,-29.8381,1.368
1,-1,1789817839.187749,-29.8381,1.368
1,-1,1789817839.188738,-29.8381,1.368
1,-1,1789817839.189748,-29.8381,1.368
1,-1,1789817839.190738,-29.8381,1.368
1,-1,1789817839.191749,-29.8381,0.912
1,-1,1789817839.192738,-29.8381,0.684
1,-1,1789817839.193746,-29.8381,0.912
1,-1,1789817839.194738,-29.8381,1.140
1,-1,1789817839.195741,-29.8381,0.684
1,-1,1789817839.196745,-29.8381,0.684
1,-1,1789817839.197748,-29.8381,0.456
1,-1,1789817839.198738,-29.8381,0.456
1,-1,1789817839.199749,-29.8381,0.456
1,-1,1789817839.200747,-29.8381,0.456
1,-1,1789817839.201741,-29.8381,0.456
1,-1,1789817839.202744,-29.8381,0.456
1,-1,1789817839.203743,-29.8381,0.000
1,-1,1789817839.204738,-29.8189,0.000
1,-1,1789817839.205742,-29.8381,0.000
1,-1,1789817839.206744,-29.8189,0.000
1,-1,1789817839.207752,-29.8189,0.000
1,-1,1789817839.208761,-29.8381,0.000
1,-1,1789817839.209742,-29.8381,0.000
1,-1,1789817839.210744,-29.8189,0.000
1,-1,1789817839.211747,-29.8381,0.000
1,-1,1789817839.212744,-29.8189,0.000
1,-1,1789817839.213742,-29.8381,0.000
1,-1,1789817839.214738,-29.8189,0.000
1,-1,1789817839.215745,-29.8189,0.000
1,-1,1789817839.216744,-29.8381,0.000
1,-1,1789817839.217747,-29.8189,0.000
1,-1,1789817839.218765,-29.8189,0.000
1,-1,1789817839.219748,-29.8189,0.000
1,-1,1789817839.220738,-29.8381,0.000
1,-1,1789817839.221745,-29.8381,0.000
1,-1,1789817839.222742,-29.8381,0.000
1,-1,1789817839.223746,-29.8381,0.000
1,-1,1789817839.224741,-29.8381,0.000
1,-1,1789817839.225741,-29.8189,0.000
1,-1,1789817839.226735,-29.8381,0.000
1,-1,1789817839.227746,-29.8381,0.000
1,-1,1789817839.228735,-29.8189,0.000
1,-1,1789817839.229745,-29.8189,0.000
1,-1,1789817839.230741,-29.8189,0.000
1,-1,1789817839.231746,-29.8381,0.000
1,-1,1789817839.232736,-29.8189,0.000
1,-1,1789817839.233745,-29.8381,0.000
1,-1,1789817839.234743,-29.8381,0.000
1,-1,1789817839.235740,-29.8381,0.000
1,-1,1789817839.236737,-29.8381,0.000
1,-1,1789817839.237741,-29.8381,0.000
1,-1,1789817839.238742,-29.8381,0.000
1,-1,1789817839.239748,-29.8381,0.000
1,-1,1789817839.240743,-29.8381,0.000
1,-1,1789817839.241746,-29.8189,0.000
1,-1,1789817839.242743,-29.8381,0.000
1,-1,1789817839.243747,-29.8381,0.000
1,-1,1789817839.244742,-29.8381,0.000
1,-1,1789817839.245747,-29.8381,0.000
1,-1,1789817839.246736,-29.8381,0.000
1,-1,1789817839.247747,-29.8381,0.000
1,-1,1789817839.248738,-29.8381,0.000
1,-1,1789817839.249740,-29.8381,0.000
1,-1,1789817839.250742,-29.8381,0.000
1,-1,1789817839.251741,-29.8381,0.000
1,-1,1789817839.252736,-29.8381,0.000
1,-1,1789817839.253739,-29.8381,0.000
1,-1,1789817839.254742,-29.8381,0.000
1,-1,1789817839.255741,-29.8381,0.000
1,-1,1789817839.256740,-29.8381,0.000
1,-1,1789817839.257741,-29.8381,0.000
1,-1,1789817839.258742,-29.8381,0.000
1,-1,1789817839.259739,-29.8381,0.000
1,-1,1789817839.260735,-29.8381,0.000
1,-1,1789817839.261744,-29.8381,0.000
1,-1,1789817839.262739,-29.8381,0.000
1,-1,1789817839.263737,-29.8381,0.000
1,-1,1789817839.264739,-29.8381,0.000
1,-1,1789817839.265744,-29.8189,0.000
1,-1,1789817839.266736,-29.8381,0.000
1,-1,1789817839.267742,-29.8189,0.000
1,-1,1789817839.268748,-29.8381,0.000
1,-1,1789817839.269736,-29.8381,0.000
1,-1,1789817839.270737,-29.8381,0.000
1,-1,1789817839.271739,-29.8381,0.000
1,-1,1789817839.272738,-29.8189,0.000
1,-1,1789817839.273740,-29.8381,0.000
1,-1,1789817839.274739,-29.8381,0.000
1,-1,1789817839.275742,-29.8381,0.000
1,-1,1789817839.276746,-29.8189,0.000
1,-1,1789817839.277740,-29.8381,0.000
1,-1,1789817839.278739,-29.8381,0.000
1,-1,1789817839.279736,-29.8381,0.000
1,-1,1789817839.280746,-29.8381,0.000
1,-1,1789817839.281736,-29.8189,0.000
1,-1,1789817839.282739,-29.8381,0.000
1,-1,1789817839.283734,-29.8381,0.000
1,-1,1789817839.284739,-29.8189,0.000
1,-1,1789817839.285741,-29.8381,0.000
1,-1,1789817839.286738,-29.8381,0.000
1,-1,1789817839.287741,-29.8381,0.000
1,-1,1789817839.288745,-29.8189,0.000
1,-1,1789817839.289736,-29.8381,0.000
1,-1,1789817839.290738,-29.8381,0.000
1,-1,1789817839.291734,-29.8381,0.000
1,-1,1789817839.292746,-29.8189,0.000
1,-1,1789817839.293740,-29.8189,0.000
1,-1,1789817839.294739,-29.8381,0.000
1,-1,1789817839.295741,-29.8381,0.000
1,-1,1789817839.296744,-29.8381,0.000
1,-1,1789817839.297740,-29.8381,0.000
1,-1,1789817839.298743,-29.8381,0.000
1,-1,1789817839.299733,-29.8381,0.000
1,-1,1789817839.300738,-29.8381,0.000
1,-1,1789817839.301735,-29.8381,0.000
1,-1,1789817839.302743,-29.8381,0.000
1,-1,1789817839.303732,-29.8381,0.000
1,-1,1789817839.304742,-29.8381,0.000
1,-1,1789817839.305731,-29.8381,0.000
1,-1,1789817839.306735,-29.8381,0.000
1,-1,1789817839.307734,-29.8381,0.000
1,-1,1789817839.308736,-29.8381,0.000
1,-1,1789817839.309732,-29.8381,0.000
1,-1,1789817839.310741,-29.8189,0.000
1,-1,1789817839.311733,-29.8381,0.000
1,-1,1789817839.312741,-29.8189,0.000
1,-1,1789817839.313737,-29.8381,0.000
1,-1,1789817839.314736,-29.8381,0.000
1,-1,1789817839.315737,-29.8189,0.000
1,-1,1789817839.316743,-29.8381,0.000
1,-1,1789817839.317733,-29.8381,0.000
1,-1,1789817839.318743,-29.8381,0.000
1,-1,1789817839.319739,-29.8381,0.000
1,-1,1789817839.320743,-29.8381,0.000
1,-1,1789817839.321733,-29.7997,0.000
1,-1,1789817839.322737,-29.8189,0.000
1,-1,1789817839.323733,-29.8381,0.000
1,-1,1789817839.324743,-29.8381,0.000
1,-1,1789817839.325735,-29.8381,0.000
1,-1,1789817839.326748,-29.8189,0.000
1,-1,1789817839.327739,-29.8381,0.000
1,-1,1789817839.328743,-29.8189,0.000
1,-1,1789817839.329738,-29.8381,0.000
1,-1,1789817839.330738,-29.8381,0.000
1,-1,1789817839.331733,-29.8381,0.000
1,-1,1789817839.332741,-29.8381,0.000
1,-1,1789817839.333736,-29.8381,0.000
1,-1,1789817839.334740,-29.8381,0.000
1,-1,1789817839.335737,-29.8381,0.000
1,-1,1789817839.336735,-29.8381,0.000
1,-1,1789817839.337729,-29.8381,0.000
1,-1,1789817839.338740,-29.8189,0.000
1,-1,1789817839.339730,-29.8381,0.000
1,-1,1789817839.340742,-29.8381,0.000
1,-1,1789817839.341737,-29.8381,0.000
1,-1,1789817839.342734,-29.8381,0.000
1,-1,1789817839.343731,-29.8381,0.000
1,-1,1789817839.344735,-29.8381,0.000
1,-1,1789817839.345738,-29.8381,0.000
1,-1,1789817839.346736,-29.8381,0.000
1,-1,1789817839.347731,-29.8381,0.000
1,-1,1789817839.348741,-29.8189,0.000
1,-1,1789817839.349739,-29.8189,0.000
1,-1,1789817839.350737,-29.8189,0.000
1,-1,1789817839.351740,-29.8381,0.000
1,-1,1789817839.352737,-29.8189,0.000
1,-1,1789817839.353736,-29.8381,0.000
1,-1,1789817839.354738,-29.8381,0.000
1,-1,1789817839.355747,-29.8189,0.000
1,-1,1789817839.356741,-29.8381,0.000
1,-1,1789817839.357742,-29.8189,0.000
1,-1,1789817839.358733,-29.8381,0.000
1,-1,1789817839.359741,-29.8189,0.000
1,-1,1789817839.360737,-29.8381,0.000
1,-1,1789817839.361736,-29.8381,0.000
1,-1,1789817839.362738,-29.8189,0.000
1,-1,1789817839.363740,-29.8381,0.000
1,-1,1789817839.364731,-29.8381,0.000
1,-1,1789817839.365741,-29.8189,0.000
1,-1,1789817839.366732,-29.8381,0.000
1,-1,1789817839.367721,-29.8381,0.000
1,-1,1789817839.368732,-29.8189,0.000
1,-1,1789817839.369715,-29.8381,0.000
1,-1,1789817839.370737,-29.8381,0.000
1,-1,1789817839.371719,-29.8381,0.000
1,-1,1789817839.372737,-29.8381,0.000
1,-1,1789817839.373720,-29.8381,0.000
1,-1,1789817839.374731,-29.8189,0.000
1,-1,1789817839.375714,-29.8381,0.000
1,-1,1789817839.376731,-29.8381,0.000
1,-1,1789817839.377720,-29.8381,0.000
1,-1,1789817839.378736,-29.8381,0.000
1,-1,1789817839.379720,-29.8189,0.000
1,-1,1789817839.380732,-29.8381,0.000
1,-1,1789817839.381719,-29.8381,0.000
1,-1,1789817839.382730,-29.8381,0.000
1,-1,1789817839.383718,-29.8381,0.000
1,-1,1789817839.384731,-29.8381,0.000
1,-1,1789817839.385714,-29.8381,0.000
1,-1,1789817839.386737,-29.8381,0.000
1,-1,1789817839.387719,-29.8381,0.000
1,-1,1789817839.388736,-29.8381,0.000
1,-1,1789817839.389720,-29.8381,0.000
1,-1,1789817839.390730,-29.8381,0.000
1,-1,1789817839.391714,-29.8381,0.000
1,-1,1789817839.392735,-29.8381,0.000
1,-1,1789817839.393719,-29.8381,0.000
1,-1,1789817839.394730,-29.8189,0.000
1,-1,1789817839.395729,-29.8189,0.000
1,-1,1789817839.396731,-29.8381,0.000
1,-1,1789817839.397719,-29.8381,0.000
1,-1,1789817839.398730,-29.8381,0.000
1,-1,1789817839.399719,-29.8381,0.000
1,-1,1789817839.400743,-29.8189,0.000
1,-1,1789817839.401718,-29.8381,0.000
1,-1,1789817839.402731,-29.8381,0.000
1,-1,1789817839.403712,-29.8381,0.000
1,-1,1789817839.404739,-29.8381,0.000
1,-1,1789817839.405726,-29.8381,0.000
1,-1,1789817839.406730,-29.8189,0.000
1,-1,1789817839.407719,-29.8381,0.000
1,-1,1789817839.408728,-29.8381,0.000
1,-1,1789817839.409718,-29.8381,0.000
1,-1,1789817839.410733,-29.8381,0.000
1,-1,1789817839.411718,-29.8381,0.000
1,-1,1789817839.412735,-29.8381,0.000
1,-1,1789817839.413713,-29.8381,0.000
1,-1,1789817839.414735,-29.8381,0.000
1,-1,1789817839.415718,-29.8381,0.000
1,-1,1789817839.416740,-29.8189,0.000
1,-1,1789817839.417730,-29.8381,0.000
1,-1,1789817839.418716,-29.8189,0.000
1,-1,1789817839.419729,-29.8381,0.000
1,-1,1789817839.420721,-29.8381,0.000
1,-1,1789817839.421714,-29.8381,0.000
1,-1,1789817839.422713,-29.8381,0.000
1,-1,1789817839.423713,-29.8189,0.000
1,-1,1789817839.424712,-29.8381,0.000
1,-1,1789817839.425713,-29.8381,0.000
1,-1,1789817839.426711,-29.8189,0.000
1,-1,1789817839.427714,-29.8381,0.000
1,-1,1789817839.428712,-29.8189,0.000
1,-1,1789817839.429714,-29.8381,0.000
1,-1,1789817839.430717,-29.8381,0.000
1,-1,1789817839.431714,-29.8381,0.000
1,-1,1789817839.432718,-29.8381,0.000
1,-1,1789817839.433714,-29.8381,0.000
1,-1,1789817839.434717,-29.8381,0.000
1,-1,1789817839.435707,-29.8381,0.000
1,-1,1789817839.436717,-29.8381,0.000
1,-1,1789817839.437707,-29.8381,0.000
1,-1,1789817839.438712,-29.8189,0.000
1,-1,1789817839.439715,-29.8381,0.000
1,-1,1789817839.440717,-29.8381,0.000
1,-1,1789817839.441713,-29.8381,0.000
1,-1,1789817839.442713,-29.8381,0.000
1,-1,1789817839.443712,-29.8381,0.000
1,-1,1789817839.444717,-29.8381,0.000
1,-1,1789817839.445713,-29.8381,0.000
1,-1,1789817839.446711,-29.8381,0.000
1,-1,1789817839.447714,-29.8381,0.000
1,-1,1789817839.448711,-29.8381,0.000
1,-1,1789817839.449708,-29.8189,0.000
1,-1,1789817839.450716,-29.8381,0.000
1,-1,1789817839.451713,-29.8381,0.000
1,-1,1789817839.452716,-29.8381,0.000
1,-1,1789817839.453707,-29.8381,0.000
1,-1,1789817839.454710,-29.8381,0.000
1,-1,1789817839.455712,-29.8189,0.000
1,-1,1789817839.456719,-29.8189,0.000
1,-1,1789817839.457707,-29.8189,0.000
1,-1,1789817839.458716,-29.8381,0.000
1,-1,1789817839.459706,-29.8381,0.000
1,-1,1789817839.460717,-29.8381,0.000
1,-1,1789817839.461709,-29.8381,0.000
1,-1,1789817839.462710,-29.8189,0.000
1,-1,1789817839.463712,-29.8189,0.000
1,-1,1789817839.464716,-29.8381,0.000
1,-1,1789817839.465707,-29.8381,0.000
1,-1,1789817839.466710,-29.8381,0.000
1,-1,1789817839.467711,-29.8381,0.000
1,-1,1789817839.468710,-29.8381,0.000
1,-1,1789817839.469712,-29.8381,0.000
1,-1,1789817839.470710,-29.8381,0.000
1,-1,1789817839.471708,-29.8381,0.000
1,-1,1789817839.472710,-29.8381,0.000
1,-1,1789817839.473704,-29.8381,0.000
1,-1,1789817839.474714,-29.8189,0.000
1,-1,1789817839.475711,-29.8381,0.000
1,-1,1789817839.476782,-29.8381,0.000
1,-1,1789817839.477769,-29.8381,0.000
1,-1,1789817839.478795,-29.8381,0.000
1,-1,1789817839.479708,-29.8381,0.000
1,-1,1789817839.480709,-29.8381,0.000
1,-1,1789817839.481705,-29.8381,0.000
1,-1,1789817839.482715,-29.8381,0.000
1,-1,1789817839.483712,-29.8381,0.000
1,-1,1789817839.484716,-29.8381,0.000
1,-1,1789817839.485706,-29.8381,0.000
1,-1,1789817839.486715,-29.8189,0.000
1,-1,1789817839.487712,-29.8381,0.000
1,-1,1789817839.488708,-29.8381,0.000
1,-1,1789817839.489704,-29.8381,0.000
1,-1,1789817839.490716,-29.8381,0.000
1,-1,1789817839.491705,-29.8381,0.000
1,-1,1789817839.492709,-29.8189,0.000
1,-1,1789817839.493705,-29.8381,0.000
1,-1,1789817839.494715,-29.8189,0.000
1,-1,1789817839.495711,-29.8381,0.000
1,-1,1789817839.496715,-29.8381,0.000
1,-1,1789817839.497710,-29.8381,0.000
1,-1,1789817839.498714,-29.8381,0.000
1,-1,1789817839.499709,-29.8381,0.000
1,-1,1789817839.500709,-29.8381,0.000
1,-1,1789817839.501706,-29.8381,0.000
1,-1,1789817839.502708,-29.8381,0.000
1,-1,1789817839.503712,-29.8381,0.000
1,-1,1789817839.504717,-29.8381,0.000
1,-1,1789817839.505704,-29.8381,0.000
1,-1,1789817839.506709,-29.8381,0.000
1,-1,1789817839.507710,-29.8381,0.000
1,-1,1789817839.508714,-29.8381,0.000
1,-1,1789817839.509704,-29.8381,0.000
1,-1,1789817839.510715,-29.8189,0.000
1,-1,1789817839.511704,-29.8381,0.000
1,-1,1789817839.512709,-29.8381,0.000
1,-1,1789817839.513765,-29.8381,0.000
1,-1,1789817839.514787,-29.8381,0.000
1,-1,1789817839.515779,-29.8189,0.000
1,-1,1789817839.516789,-29.8381,0.000
1,-1,1789817839.517808,-29.8381,0.000
1,-1,1789817839.518774,-29.8189,0.000
1,-1,1789817839.519791,-29.8189,0.000
1,-1,1789817839.520773,-29.8381,0.000
1,-1,1789817839.521784,-29.8189,0.000
1,-1,1789817839.522776,-29.8381,0.000
1,-1,1789817839.523758,-29.8381,0.000
1,-1,1789817839.524793,-29.8381,0.000
1,-1,1789817839.525782,-29.8381,0.000
1,-1,1789817839.526773,-29.8381,0.000
1,-1,1789817839.527709,-29.8381,0.000
1,-1,1789817839.528703,-29.8381,0.000
1,-1,1789817839.529713,-29.8381,0.000
1,-1,1789817839.530710,-29.8381,0.000
1,-1,1789817839.531713,-29.8189,0.000
1,-1,1789817839.532706,-29.8381,0.000
1,-1,1789817839.533708,-29.8189,0.000
1,-1,1789817839.534703,-29.8381,0.000
1,-1,1789817839.535708,-29.8189,0.000
1,-1,1789817839.536709,-29.8381,0.000
1,-1,1789817839.537704,-29.8381,0.000
1,-1,1789817839.538700,-29.8381,0.000
1,-1,1789817839.539711,-29.8381,0.000
1,-1,1789817839.540700,-29.8381,0.000
1,-1,1789817839.541704,-29.8381,0.000
1,-1,1789817839.542708,-29.8381,0.000
1,-1,1789817839.543704,-29.8381,0.000
1,-1,1789817839.544700,-29.8381,0.000
1,-1,1789817839.545706,-29.8381,0.000
1,-1,1789817839.546707,-29.8381,0.000
1,-1,1789817839.547713,-29.8381,0.000
1,-1,1789817839.548702,-29.8381,0.000
1,-1,1789817839.549726,-29.8381,0.000
1,-1,1789817839.550704,-29.8381,0.000
1,-1,1789817839.551712,-29.8381,0.000
1,-1,1789817839.552708,-29.8381,0.000
1,-1,1789817839.553712,-29.8381,0.000
1,-1,1789817839.554708,-29.8189,0.000
1,-1,1789817839.555711,-29.8189,0.000
1,-1,1789817839.556705,-29.8381,0.000
1,-1,1789817839.557701,-29.8381,0.000
1,-1,1789817839.558702,-29.8381,0.000
1,-1,1789817839.559711,-29.8381,0.000
1,-1,1789817839.560708,-29.8381,0.000
1,-1,1789817839.561713,-29.8189,0.000
1,-1,1789817839.562713,-29.8189,0.000
1,-1,1789817839.563710,-29.8381,0.000
1,-1,1789817839.564704,-29.8189,0.000
1,-1,1789817839.565708,-29.8189,0.000
1,-1,1789817839.566705,-29.8381,0.000
1,-1,1789817839.567702,-29.8381,0.000
1,-1,1789817839.568712,-29.8381,0.000
1,-1,1789817839.569706,-29.8189,0.000
1,-1,1789817839.570710,-29.8381,0.000
1,-1,1789817839.571707,-29.8381,0.000
1,-1,1789817839.572710,-29.8189,0.000
1,-1,1789817839.573700,-29.7997,0.000
1,-1,1789817839.574713,-29.8381,0.000
1,-1,1789817839.575702,-29.8381,0.000
1,-1,1789817839.576705,-29.8381,0.000
1,-1,1789817839.577701,-29.8381,0.000
1,-1,1789817839.578706,-29.8189,0.000
1,-1,1789817839.579706,-29.8381,0.000
1,-1,1789817839.580711,-29.8381,0.000
1,-1,1789817839.581701,-29.8381,0.000
1,-1,1789817839.582717,-29.8381,0.000
1,-1,1789817839.583701,-29.8381,0.000
1,-1,1789817839.584711,-29.8381,0.000
1,-1,1789817839.585701,-29.8189,0.000
1,-1,1789817839.586710,-29.8381,0.000
1,-1,1789817839.587706,-29.8381,0.000
1,-1,1789817839.588707,-29.8381,0.000
1,-1,1789817839.589702,-29.8381,0.000
1,-1,1789817839.590703,-29.8381,0.000
1,-1,1789817839.591700,-29.8381,0.000
1,-1,1789817839.592719,-29.8381,0.000
1,-1,1789817839.593700,-29.8381,0.000
1,-1,1789817839.594710,-29.8381,0.000
1,-1,1789817839.595706,-29.8381,0.000
1,-1,1789817839.596714,-29.8381,0.000
1,-1,1789817839.597705,-29.8381,0.000
1,-1,1789817839.598703,-29.8381,0.000
1,-1,1789817839.599707,-29.8381,0.000
1,-1,1789817839.600705,-29.8189,0.000
1,-1,1789817839.601700,-29.8381,0.000
1,-1,1789817839.602710,-29.8381,0.000
1,-1,1789817839.603707,-29.8189,0.000
1,-1,1789817839.604703,-29.8381,0.000
1,-1,1789817839.605706,-29.8189,0.000
1,-1,1789817839.606703,-29.8381,0.000
1,-1,1789817839.607709,-29.8189,0.000
1,-1,1789817839.608709,-29.8189,0.000
1,-1,1789817839.609699,-29.8381,0.000
1,-1,1789817839.610712,-29.8189,0.000
1,-1,1789817839.611700,-29.8381,0.000
1,-1,1789817839.612703,-29.8189,0.000
1,-1,1789817839.613708,-29.8381,0.000
1,-1,1789817839.614711,-29.8189,0.000
1,-1,1789817839.615708,-29.8381,0.000
1,-1,1789817839.616710,-29.8381,0.000
1,-1,1789817839.617699,-29.8381,0.000
1,-1,1789817839.618710,-29.8189,0.000
1,-1,1789817839.619706,-29.8381,0.000
1,-1,1789817839.620703,-29.8189,0.000
1,-1,1789817839.621706,-29.8381,0.000
1,-1,1789817839.622704,-29.8381,0.000
1,-1,1789817839.623705,-29.8381,0.000
1,-1,1789817839.624687,-29.8189,0.000
1,-1,1789817839.625705,-29.7997,0.000
1,-1,1789817839.626709,-29.8189,0.000
1,-1,1789817839.627705,-29.8381,0.000
1,-1,1789817839.628709,-29.8381,0.000
1,-1,1789817839.629706,-29.8381,0.000
1,-1,1789817839.630704,-29.8381,0.000
1,-1,1789817839.631706,-29.8381,0.000
1,-1,1789817839.632709,-29.8381,0.000
1,-1,1789817839.633700,-29.8381,0.000
1,-1,1789817839.634708,-29.8381,0.000
1,-1,1789817839.635705,-29.8381,0.000
1,-1,1789817839.636710,-29.8381,0.000
1,-1,1789817839.637699,-29.8189,0.000
1,-1,1789817839.638709,-29.8381,0.000
1,-1,1789817839.639704,-29.8189,0.000
1,-1,1789817839.640707,-29.8381,0.000
1,-1,1789817839.641700,-29.8381,0.000
1,-1,1789817839.642712,-29.8381,0.000
1,-1,1789817839.643704,-29.8381,0.000
1,-1,1789817839.644703,-29.8381,0.000
1,-1,1789817839.645698,-29.8381,0.000
1,-1,1789817839.646702,-29.8381,0.000
1,-1,1789817839.647704,-29.8381,0.000
1,-1,1789817839.648708,-29.8381,0.000
1,-1,1789817839.649704,-29.8381,0.000
1,-1,1789817839.650707,-29.8189,0.000
1,-1,1789817839.651705,-29.8189,0.000
1,-1,1789817839.652702,-29.8381,0.000
1,-1,1789817839.653698,-29.8381,0.000
1,-1,1789817839.654709,-29.8381,0.000
1,-1,1789817839.655698,-29.8381,0.000
1,-1,1789817839.656686,-29.8381,0.000
1,-1,1789817839.657707,-29.8381,0.000
1,-1,1789817839.658699,-29.8381,0.000
1,-1,1789817839.659710,-29.8381,0.000
1,-1,1789817839.660705,-29.8381,0.000
1,-1,1789817839.661689,-29.8381,0.000
1,-1,1789817839.662698,-29.8381,0.000
1,-1,1789817839.663726,-29.8381,0.000
1,-1,1789817839.664711,-29.8381,0.000
1,-1,1789817839.665706,-29.8189,0.000
1,-1,1789817839.666682,-29.8381,0.000
1,-1,1789817839.667707,-29.8381,0.000
1,-1,1789817839.668697,-29.8381,0.000
1,-1,1789817839.669690,-29.8189,0.000
1,-1,1789817839.670708,-29.8381,0.000
1,-1,1789817839.671704,-29.8381,0.000
1,-1,1789817839.672688,-29.8381,0.000
1,-1,1789817839.673742,-29.8381,0.000
1,-1,1789817839.674771,-29.8381,0.000
1,-1,1789817839.675788,-29.8381,0.000
1,-1,1789817839.676799,-29.8381,0.000
1,-1,1789817839.677743,-29.8381,0.000
1,-1,1789817839.678686,-29.8189,0.000
1,-1,1789817839.679704,-29.8381,0.000
1,-1,1789817839.680700,-29.8189,0.000
1,-1,1789817839.681681,-29.8381,0.000
1,-1,1789817839.682703,-29.8189,0.000
1,-1,1789817839.683695,-29.8381,0.000
1,-1,1789817839.684680,-29.8381,0.000
1,-1,1789817839.685698,-29.8381,0.000
1,-1,1789817839.686701,-29.8381,0.000
1,-1,1789817839.687680,-29.8381,0.000
1,-1,1789817839.688698,-29.8381,0.000
1,-1,1789817839.689694,-29.7997,0.000
1,-1,1789817839.690677,-29.8381,0.000
1,-1,1789817839.691696,-29.8189,0.000
1,-1,1789817839.692693,-29.8381,0.000
1,-1,1789817839.693683,-29.8381,0.000
1,-1,1789817839.694676,-29.8381,0.000
1,-1,1789817839.695696,-29.8381,0.000
1,-1,1789817839.696701,-29.8381,0.000
1,-1,1789817839.697684,-29.8381,0.000
1,-1,1789817839.698677,-29.8381,0.000
1,-1,1789817839.699677,-29.8381,0.000
1,-1,1789817839.700700,-29.8381,0.000
1,-1,1789817839.701683,-29.8189,0.000
1,-1,1789817839.702677,-29.8381,0.000
1,-1,1789817839.703676,-29.8381,0.000
1,-1,1789817839.704700,-29.8381,0.000
1,-1,1789817839.705681,-29.8381,0.000
1,-1,1789817839.706683,-29.8381,0.000
1,-1,1789817839.707700,-29.8381,0.000
1,-1,1789817839.708678,-29.8381,0.000
1,-1,1789817839.709682,-29.8381,0.000
1,-1,1789817839.710696,-29.8381,0.000
1,-1,1789817839.711682,-29.8381,0.000
1,-1,1789817839.712681,-29.8381,0.000
1,-1,1789817839.713694,-29.8381,0.000
1,-1,1789817839.714678,-29.8381,0.000
1,-1,1789817839.715675,-29.8381,0.000
1,-1,1789817839.716699,-29.8381,0.000
1,-1,1789817839.717684,-29.8381,0.000
1,-1,1789817839.718681,-29.8381,0.000
1,-1,1789817839.719700,-29.8381,0.000
1,-1,1789817839.720684,-29.8381,0.000
1,-1,1789817839.721676,-29.8381,0.000
1,-1,1789817839.722694,-29.8381,0.000
1,-1,1789817839.723683,-29.8381,0.000
1,-1,1789817839.724676,-29.8189,0.000
1,-1,1789817839.725681,-29.8381,0.000
1,-1,1789817839.726694,-29.8381,0.000
1,-1,1789817839.727684,-29.8381,0.000
1,-1,1789817839.728680,-29.8381,0.000
1,-1,1789817839.729700,-29.8189,0.000
1,-1,1789817839.730684,-29.8381,0.000
1,-1,1789817839.731680,-29.8381,0.000
1,-1,1789817839.732697,-29.8381,0.000
1,-1,1789817839.733681,-29.8381,0.000
1,-1,1789817839.734681,-29.8381,0.000
1,-1,1789817839.735675,-29.8381,0.000
1,-1,1789817839.736693,-29.8381,0.000
1,-1,1789817839.737680,-29.8381,0.000
1,-1,1789817839.738681,-29.8381,0.000
1,-1,1789817839.739699,-29.8381,0.000
2,1,1789817839.743681,-29.8189,0.000
2,1,1789817839.744679,-29.8381,0.000
2,1,1789817839.745701,-29.8381,0.000
2,1,1789817839.746684,-29.8381,0.000
2,1,1789817839.747674,-29.8381,0.000
2,1,1789817839.748693,-29.8381,0.000
2,1,1789817839.749676,-29.8381,0.000
2,1,1789817839.750675,-29.8189,0.000
2,1,1789817839.751691,-29.8381,0.000
2,1,1789817839.752674,-29.8189,0.000
2,1,1789817839.753672,-29.8381,0.000
2,1,1789817839.754692,-29.8381,0.000
2,1,1789817839.755673,-29.8381,0.000
2,1,1789817839.756676,-29.8189,0.000
2,1,1789817839.757690,-29.8189,0.000
2,1,1789817839.758672,-29.8381,0.000
2,1,1789817839.759679,-29.8189,0.000
2,1,1789817839.760692,-29.8381,0.000
2,1,1789817839.761681,-29.8381,0.000
2,1,1789817839.762681,-29.8381,0.000
2,1,1789817839.763699,-29.8381,0.000
2,1,1789817839.764693,-29.8189,0.000
2,1,1789817839.765674,-29.8189,0.000
2,1,1789817839.766693,-29.8381,0.000
2,1,1789817839.767680,-29.8381,0.000
2,1,1789817839.768674,-29.8381,0.000
2,1,1789817839.769674,-29.8189,0.000
2,1,1789817839.770721,-29.8189,0.000
2,1,1789817839.771682,-29.8381,0.000
2,1,1789817839.772679,-29.8189,0.000
2,1,1789817839.773697,-29.8189,0.000
2,1,1789817839.774680,-29.8189,0.000
2,1,1789817839.775679,-29.8189,0.000
2,1,1789817839.776692,-29.7997,0.000
2,1,1789817839.777675,-29.7997,0.000
2,1,1789817839.778673,-29.7614,0.912
2,1,1789817839.779692,-29.7614,0.456
2,1,1789817839.780677,-29.7614,0.912
2,1,1789817839.781677,-29.7230,1.368
2,1,1789817839.782696,-29.7230,1.140
2,1,1789817839.783683,-29.7230,1.368
2,1,1789817839.784678,-29.6847,1.824
2,1,1789817839.785690,-29.6655,1.824
2,1,1789817839.786674,-29.6463,2.052
2,1,1789817839.787673,-29.6080,2.736
2,1,1789817839.788696,-29.5888,2.736
2,1,1789817839.789674,-29.5504,3.420
2,1,1789817839.790672,-29.5312,3.648
2,1,1789817839.791691,-29.5121,3.876
2,1,1789817839.792687,-29.4545,4.560
2,1,1789817839.793670,-29.4354,4.560
2,1,1789817839.794695,-29.3970,5.016
2,1,1789817839.795679,-29.3778,5.472
2,1,1789817839.796671,-29.3203,6.156
2,1,1789817839.797669,-29.2820,6.612
2,1,1789817839.798688,-29.2436,6.840
2,1,1789817839.799671,-29.1861,7.524
2,1,1789817839.800669,-29.1286,8.436
2,1,1789817839.801689,-29.0902,8.664
2,1,1789817839.802672,-29.0518,9.120
2,1,1789817839.803676,-28.9943,9.804
2,1,1789817839.804694,-28.9368,10.488
2,1,1789817839.805679,-28.8793,10.944
2,1,1789817839.806675,-28.8409,11.400
2,1,1789817839.807697,-28.8026,11.628
2,1,1789817839.808674,-28.7259,12.312
2,1,1789817839.809672,-28.6683,12.996
2,1,1789817839.810695,-28.5916,13.452
2,1,1789817839.811673,-28.5533,13.908
2,1,1789817839.812671,-28.4766,14.820
2,1,1789817839.813689,-28.3999,15.504
2,1,1789817839.814672,-28.2848,16.416
2,1,1789817839.815670,-28.2464,16.644
2,1,1789817839.816717,-28.1697,17.100
2,1,1789817839.817671,-28.1122,17.784
2,1,1789817839.818675,-28.0355,18.240
2,1,1789817839.819695,-27.9205,19.152
2,1,1789817839.820672,-27.8629,19.608
2,1,1789817839.821668,-27.7670,20.292
2,1,1789817839.822692,-27.7095,20.520
2,1,1789817839.823686,-27.6136,21.660
2,1,1789817839.824674,-27.5369,21.888
2,1,1789817839.825687,-27.4411,22.572
2,1,1789817839.826667,-27.3452,23.256
2,1,1789817839.827677,-27.2685,23.712
2,1,1789817839.828700,-27.1342,24.396
2,1,1789817839.829677,-27.0575,24.624
2,1,1789817839.830669,-26.9808,25.308
2,1,1789817839.831668,-26.8658,26.220
2,1,1789817839.832694,-26.7507,26.904
2,1,1789817839.833672,-26.6548,27.132
2,1,1789817839.834677,-26.5781,27.360
2,1,1789817839.835694,-26.4631,28.272
2,1,1789817839.836676,-26.3480,29.184
2,1,1789817839.837674,-26.2138,29.640
2,1,1789817839.838694,-26.1371,29.640
2,1,1789817839.839667,-26.0220,30.552
2,1,1789817839.840682,-25.9070,31.464
2,1,1789817839.841688,-25.8111,31.692
2,1,1789817839.842671,-25.6960,31.692
2,1,1789817839.843667,-25.5810,32.148
2,1,1789817839.844698,-25.4659,33.060
2,1,1789817839.845669,-25.3317,33.744
2,1,1789817839.846673,-25.2358,34.200
2,1,1789817839.847693,-25.1591,34.428
2,1,1789817839.848669,-25.0057,34.884
2,1,1789817839.849674,-24.9482,35.568
2,1,1789817839.850694,-24.8139,36.024
2,1,1789817839.851671,-24.6413,36.252
2,1,1789817839.852671,-24.5838,36.708
2,1,1789817839.853695,-24.4496,37.620
2,1,1789817839.854672,-24.2770,37.848
2,1,1789817839.855677,-24.1619,38.076
2,1,1789817839.856694,-24.0852,38.076
2,1,1789817839.857671,-23.9510,38.532
2,1,1789817839.858676,-23.8359,39.216
2,1,1789817839.859694,-23.7209,39.444
2,1,1789817839.860677,-23.5675,39.444
2,1,1789817839.861676,-23.4716,39.216
2,1,1789817839.862669,-23.3565,39.672
2,1,1789817839.863693,-23.2223,40.584
2,1,1789817839.864672,-23.0881,41.040
2,1,1789817839.865673,-22.9538,40.584
2,1,1789817839.866688,-22.8388,40.812
2,1,1789817839.867677,-22.7045,41.724
2,1,1789817839.868677,-22.5703,41.952
2,1,1789817839.869677,-22.4169,41.952
2,1,1789817839.870674,-22.3210,41.952
2,1,1789817839.871688,-22.1868,42.408
2,1,1789817839.872676,-22.0717,42.864
2,1,1789817839.873671,-21.9375,43.092
2,1,1789817839.874674,-21.8033,42.408
2,1,1789817839.875689,-21.6882,42.636
2,1,1789817839.876670,-21.5348,43.548
2,1,1789817839.877668,-21.4006,43.776
2,1,1789817839.878688,-21.2472,43.548
2,1,1789817839.879676,-21.1513,43.092
2,1,1789817839.880676,-21.0170,43.776
2,1,1789817839.881676,-20.9020,44.004
2,1,1789817839.882676,-20.7678,44.004
2,1,1789817839.883675,-20.6143,43.776
2,1,1789817839.884687,-20.4993,43.776
2,1,1789817839.885670,-20.3842,44.232
2,1,1789817839.886676,-20.2692,44.004
2,1,1789817839.887695,-20.1158,44.004
2,1,1789817839.888676,-20.0199,43.776
2,1,1789817839.889675,-19.9048,44.004
2,1,1789817839.890693,-19.7898,44.232
2,1,1789817839.891676,-19.6555,44.460
2,1,1789817839.892675,-19.5213,43.548
2,1,1789817839.893675,-19.4062,43.548
2,1,1789817839.894676,-19.2912,44.004
2,1,1789817839.895673,-19.1378,44.460
2,1,1789817839.896688,-19.0419,44.004
2,1,1789817839.897672,-18.9652,43.320
2,1,1789817839.898675,-18.8310,43.320
2,1,1789817839.899692,-18.7159,43.776
2,1,1789817839.900676,-18.6009,43.776
2,1,1789817839.901674,-18.4474,43.320
2,1,1789817839.902693,-18.3324,43.092
2,1,1789817839.903670,-18.2173,43.320
2,1,1789817839.904673,-18.0831,43.776
2,1,1789817839.905691,-17.9680,43.320
2,1,1789817839.906670,-17.8338,42.636
2,1,1789817839.907667,-17.7188,42.636
2,1,1789817839.908690,-17.5845,43.548
2,1,1789817839.909670,-17.4695,43.092
2,1,1789817839.910674,-17.2969,43.092
2,1,1789817839.911691,-17.2010,42.636
2,1,1789817839.912675,-17.0859,42.636
2,1,1789817839.913672,-16.9709,42.864
2,1,1789817839.914686,-16.8366,43.092
2,1,1789817839.915674,-16.7024,42.636
2,1,1789817839.916672,-16.5682,42.636
2,1,1789817839.917666,-16.4531,43.092
2,1,1789817839.918686,-16.3189,43.320
2,1,1789817839.919670,-16.1847,42.864
2,1,1789817839.920672,-16.0696,42.636
2,1,1789817839.921692,-15.9354,43.092
2,1,1789817839.922675,-15.8395,43.092
2,1,1789817839.923673,-15.7244,43.092
2,1,1789817839.924692,-15.5710,42.408
2,1,1789817839.925673,-15.4560,42.636
2,1,1789817839.926673,-15.3409,43.092
2,1,1789817839.927667,-15.2067,43.092
2,1,1789817839.928672,-15.0533,43.092
2,1,1789817839.929686,-14.9766,42.408
2,1,1789817839.930670,-14.8615,42.864
2,1,1789817839.931672,-14.7273,43.092
2,1,1789817839.932655,-14.5930,43.320
2,1,1789817839.933666,-14.4396,42.864
2,1,1789817839.934655,-14.3438,42.636
2,1,1789817839.935666,-14.2095,43.320
2,1,1789817839.936654,-14.0753,43.548
2,1,1789817839.937665,-13.9602,43.320
2,1,1789817839.938650,-13.8835,42.864
2,1,1789817839.939672,-13.7685,42.636
2,1,1789817839.940653,-13.6534,43.320
2,1,1789817839.941668,-13.5000,43.548
2,1,1789817839.942665,-13.3658,43.092
2,1,1789817839.943653,-13.2699,42.636
2,1,1789817839.944672,-13.1165,43.548
2,1,1789817839.945654,-13.0206,43.092
2,1,1789817839.946672,-12.8097,43.548
2,1,1789817839.947654,-12.7521,42.636
2,1,1789817839.948665,-12.6179,42.864
2,1,1789817839.949649,-12.5028,43.548
2,1,1789817839.950666,-12.3878,43.092
2,1,1789817839.951648,-12.2152,43.320
2,1,1789817839.952672,-12.1193,43.092
2,1,1789817839.953654,-11.9851,43.320
2,1,1789817839.954672,-11.8700,43.320
2,1,1789817839.955655,-11.7741,43.548
2,1,1789817839.956670,-11.6399,42.636
2,1,1789817839.957653,-11.5057,42.636
2,1,1789817839.958636,-11.3714,43.548
2,1,1789817839.959682,-11.2564,43.548
2,1,1789817839.960653,-11.1030,43.092
2,1,1789817839.961678,-11.0071,42.636
2,1,1789817839.962652,-10.8920,42.636
2,1,1789817839.963665,-10.7578,43.320
2,1,1789817839.964648,-10.6236,43.320
2,1,1789817839.965670,-10.5277,42.180
2,1,1789817839.966653,-10.3743,42.636
2,1,1789817839.967671,-10.2592,43.092
2,1,1789817839.968653,-10.1634,43.092
2,1,1789817839.969665,-10.0099,42.636
2,1,1789817839.970653,-9.8949,42.408
2,1,1789817839.971670,-9.7798,42.864
2,1,1789817839.972654,-9.6456,43.320
2,1,1789817839.973673,-9.5114,43.092
2,1,1789817839.974655,-9.4155,42.408
2,1,1789817839.975670,-9.2812,42.180
2,1,1789817839.976650,-9.1470,43.092
2,1,1789817839.977674,-9.0320,42.864
2,1,1789817839.978663,-8.8786,42.636
2,1,1789817839.979646,-8.7827,42.180
2,1,1789817839.980665,-8.6484,42.636
2,1,1789817839.981648,-8.5334,42.864
2,1,1789817839.982670,-8.4183,42.636
2,1,1789817839.983662,-8.2649,42.636
2,1,1789817839.984664,-8.1690,42.180
2,1,1789817839.985649,-8.0348,43.092
2,1,1789817839.986649,-7.9581,43.092
2,1,1789817839.987669,-7.8047,42.864
2,1,1789817839.988647,-7.7280,42.408
2,1,1789817839.989643,-7.6129,42.408
2,1,1789817839.990652,-7.4979,42.864
2,1,1789817839.991643,-7.3636,43.092
2,1,1789817839.992648,-7.2294,42.408
2,1,1789817839.993646,-7.1143,42.180
2,1,1789817839.994644,-6.9801,43.092
2,1,1789817839.995646,-6.8651,43.092
2,1,1789817839.996643,-6.7692,42.636
2,1,1789817839.997653,-6.5966,42.636
2,1,1789817839.998648,-6.4815,42.408
2,1,1789817839.999652,-6.3857,42.864
2,1,1789817840.000648,-6.2514,42.864
2,1,1789817840.001654,-6.0980,42.408
2,1,1789817840.002648,-6.0021,41.952
2,1,1789817840.003646,-5.8679,42.636
2,1,1789817840.004641,-5.7337,43.320
2,1,1789817840.005645,-5.6186,42.864
2,1,1789817840.006645,-5.4844,42.408
2,1,1789817840.007649,-5.3501,42.636
2,1,1789817840.008647,-5.2351,43.092
2,1,1789817840.009650,-5.1200,43.092
2,1,1789817840.010647,-4.9474,42.864
2,1,1789817840.011645,-4.8516,42.636
2,1,1789817840.012645,-4.7173,42.864
2,1,1789817840.013640,-4.5831,43.320
2,1,1789817840.014644,-4.4680,43.548
2,1,1789817840.015655,-4.3338,42.636
2,1,1789817840.016650,-4.1996,42.864
2,1,1789817840.017646,-4.1037,43.092
2,1,1789817840.018654,-3.9886,43.092
2,1,1789817840.019629,-3.8161,43.092
2,1,1789817840.020651,-3.7010,42.864
2,1,1789817840.021646,-3.5859,43.320
2,1,1789817840.022642,-3.4709,43.320
2,1,1789817840.023644,-3.3558,43.092
2,1,1789817840.024649,-3.2216,42.864
2,1,1789817840.025648,-3.0874,42.864
2,1,1789817840.026640,-2.9723,43.092
2,1,1789817840.027649,-2.8572,43.092
2,1,1789817840.028650,-2.7422,43.320
2,1,1789817840.029643,-2.6655,42.636
2,1,1789817840.030647,-2.5312,42.864
2,1,1789817840.031650,-2.4354,43.092
2,1,1789817840.032649,-2.2820,43.320
2,1,1789817840.033640,-2.1286,42.864
2,1,1789817840.034645,-2.0327,42.636
2,1,1789817840.035640,-1.9368,42.636
2,1,1789817840.036648,-1.8026,43.092
2,1,1789817840.037650,-1.6683,42.864
2,1,1789817840.038646,-1.5533,42.408
2,1,1789817840.039648,-1.4382,41.952
2,1,1789817840.040642,-1.3232,42.864
2,1,1789817840.041641,-1.1697,42.864
2,1,1789817840.042648,-1.0163,42.408
2,1,1789817840.043643,-0.9396,41.952
2,1,1789817840.044645,-0.7862,42.636
2,1,1789817840.045644,-0.6903,42.636
2,1,1789817840.046645,-0.5561,42.636
2,1,1789817840.047652,-0.4602,42.180
2,1,1789817840.048640,-0.3260,41.952
2,1,1789817840.049650,-0.2109,42.636
2,1,1789817840.050647,-0.0767,42.636
2,1,1789817840.051644,0.0767,42.408
2,1,1789817840.052646,0.1726,42.180
2,1,1789817840.053644,0.2876,42.408
2,1,1789817840.054640,0.4027,42.408
2,1,1789817840.055650,0.5369,42.636
2,1,1789817840.056641,0.6903,42.408
2,1,1789817840.057645,0.7862,42.180
2,1,1789817840.058639,0.9205,42.864
2,1,1789817840.059649,1.0355,42.636
2,1,1789817840.060645,1.2081,42.636
2,1,1789817840.061651,1.3040,42.180
2,1,1789817840.062640,1.4382,42.636
2,1,1789817840.063650,1.5533,42.864
2,1,1789817840.064640,1.6683,43.092
2,1,1789817840.065644,1.8217,42.408
2,1,1789817840.066639,1.9368,42.636
2,1,1789817840.067642,2.0518,43.092
2,1,1789817840.068646,2.1861,43.320
2,1,1789817840.069654,2.3011,42.864
2,1,1789817840.070647,2.4545,42.636
2,1,1789817840.071647,2.5312,43.092
2,1,1789817840.072646,2.6463,43.548
2,1,1789817840.073639,2.7805,43.320
2,1,1789817840.074640,2.9531,43.548
2,1,1789817840.075639,3.0490,43.092
2,1,1789817840.076642,3.1641,43.320
2,1,1789817840.077643,3.2791,43.776
2,1,1789817840.078641,3.4709,43.776
2,1,1789817840.079638,3.5476,43.092
2,1,1789817840.080647,3.6626,43.092
2,1,1789817840.081646,3.8161,43.776
2,1,1789817840.082638,3.9503,44.004
2,1,1789817840.083641,4.0845,43.548
2,1,1789817840.084641,4.1804,43.092
2,1,1789817840.085639,4.3146,43.320
2,1,1789817840.086642,4.4105,43.776
2,1,1789817840.087640,4.5447,43.776
2,1,1789817840.088641,4.6598,43.092
2,1,1789817840.089642,4.7940,42.864
2,1,1789817840.090642,4.9091,43.548
2,1,1789817840.091647,5.0241,43.548
2,1,1789817840.092643,5.1776,43.092
2,1,1789817840.093647,5.2926,43.092
2,1,1789817840.094644,5.4268,43.548
2,1,1789817840.095643,5.5227,43.320
2,1,1789817840.096640,5.6761,43.776
2,1,1789817840.097638,5.7912,42.864
2,1,1789817840.098641,5.9062,42.864
2,1,1789817840.099643,6.0405,43.548
2,1,1789817840.100645,6.1555,43.092
2,1,1789817840.101638,6.3089,42.864
2,1,1789817840.102644,6.4048,42.408
2,1,1789817840.103648,6.5391,42.636
2,1,1789817840.104644,6.6349,42.636
2,1,1789817840.105649,6.7500,42.636
2,1,1789817840.106646,6.9034,42.408
2,1,1789817840.107641,6.9993,41.952
2,1,1789817840.108637,7.1335,42.636
2,1,1789817840.109642,7.2486,42.636
2,1,1789817840.110644,7.4212,42.180
2,1,1789817840.111656,7.4979,41.952
2,1,1789817840.112646,7.6321,42.408
2,1,1789817840.113648,7.7280,42.408
2,1,1789817840.114637,7.8814,42.636
2,1,1789817840.115642,7.9964,41.724
2,1,1789817840.116643,8.1307,41.952
2,1,1789817840.117642,8.2457,42.636
2,1,1789817840.118638,8.3608,42.408
2,1,1789817840.119641,8.4759,42.408
2,1,1789817840.120638,8.5526,41.952
2,1,1789817840.121641,8.6676,41.724
2,1,1789817840.122638,8.7827,42.408
2,1,1789817840.123649,8.9169,42.180
2,1,1789817840.124643,9.0703,42.180
2,1,1789817840.125647,9.1662,41.496
2,1,1789817840.126644,9.3196,41.952
2,1,1789817840.127646,9.4347,42.636
2,1,1789817840.128638,9.5689,42.408
2,1,1789817840.129641,9.6839,41.724
2,1,1789817840.130636,9.7990,41.724
2,1,1789817840.131641,9.9141,42.180
2,1,1789817840.132638,10.0483,42.180
2,1,1789817840.133641,10.2017,42.180
2,1,1789817840.134634,10.3168,42.180
2,1,1789817840.135638,10.4318,42.408
2,1,1789817840.136640,10.5469,42.408
2,1,1789817840.137638,10.6619,42.408
2,1,1789817840.138633,10.8153,42.180
2,1,1789817840.139639,10.9112,41.724
2,1,1789817840.140634,11.0455,42.636
2,1,1789817840.141643,11.1989,42.636
2,1,1789817840.142633,11.3523,42.636
2,1,1789817840.143639,11.4482,41.952
2,1,1789817840.144640,11.5632,42.408
2,1,1789817840.145643,11.6974,42.636
2,1,1789817840.146640,11.8125,42.636
2,1,1789817840.147646,11.9467,42.180
2,1,1789817840.148642,12.0618,42.180
2,1,1789817840.149640,12.1768,42.636
2,1,1789817840.150640,12.3111,42.864
2,1,1789817840.151640,12.4837,42.636
2,1,1789817840.152645,12.5795,42.408
2,1,1789817840.153642,12.6754,42.408
2,1,1789817840.154645,12.8288,43.092
2,1,1789817840.155636,12.9439,42.864
2,1,1789817840.156637,13.0589,41.952
2,1,1789817840.157634,13.1740,41.952
2,1,1789817840.158646,13.3082,42.864
2,1,1789817840.159634,13.4233,42.864
2,1,1789817840.160646,13.5575,42.864
2,1,1789817840.161635,13.6342,42.180
2,1,1789817840.162646,13.7493,41.952
2,1,1789817840.163633,13.8835,42.864
2,1,1789817840.164640,13.9986,42.636
2,1,1789817840.165642,14.1520,42.408
2,1,1789817840.166650,14.2479,42.180
2,1,1789817840.167644,14.3629,42.180
2,1,1789817840.168634,14.4972,42.636
2,1,1789817840.169646,14.6697,42.636
2,1,1789817840.170641,14.7656,42.180
2,1,1789817840.171645,14.8615,42.180
2,1,1789817840.172634,14.9957,42.636
2,1,1789817840.173645,15.1108,42.636
2,1,1789817840.174640,15.2834,42.408
2,1,1789817840.175642,15.3601,41.952
2,1,1789817840.176645,15.4751,42.180
2,1,1789817840.177641,15.6094,42.636
2,1,1789817840.178644,15.7436,42.864
2,1,1789817840.179640,15.8778,42.180
2,1,1789817840.180647,15.9737,41.724
2,1,1789817840.181641,16.0888,42.180
2,1,1789817840.182645,16.2230,42.636
2,1,1789817840.183636,16.3764,41.952
2,1,1789817840.184640,16.4531,41.496
2,1,1789817840.185644,16.5874,42.180
2,1,1789817840.186641,16.7024,42.180
2,1,1789817840.187635,16.8175,41.952
2,1,1789817840.188648,16.9517,41.496
2,1,1789817840.189642,17.0476,41.268
2,1,1789817840.190646,17.1435,41.496
2,1,1789817840.191643,17.2777,41.724
2,1,1789817840.192639,17.4311,41.268
2,1,1789817840.193642,17.5078,40.812
2,1,1789817840.194641,17.6229,41.040
2,1,1789817840.195648,17.7571,41.496
2,1,1789817840.196635,17.8530,41.268
2,1,1789817840.197646,17.9872,40.584
2,1,1789817840.198645,18.1214,40.812
2,1,1789817840.199643,18.2173,40.812
2,1,1789817840.200638,18.3516,41.268
2,1,1789817840.201642,18.5050,40.812
2,1,1789817840.202647,18.5817,40.128
2,1,1789817840.203636,18.7159,40.584
2,1,1789817840.204645,18.8501,41.268
2,1,1789817840.205642,18.9460,41.040
2,1,1789817840.206643,19.0803,40.128
2,1,1789817840.207638,19.2337,40.356
2,1,1789817840.208636,19.3487,40.812
2,1,1789817840.209639,19.4830,41.268
2,1,1789817840.210643,19.5788,41.040
2,1,1789817840.211635,19.6555,40.356
2,1,1789817840.212640,19.7706,40.356
2,1,1789817840.213643,19.8857,40.812
2,1,1789817840.214623,20.0199,41.268
2,1,1789817840.215643,20.1733,41.040
2,1,1789817840.216636,20.2500,40.584
2,1,1789817840.217633,20.3842,41.040
2,1,1789817840.218621,20.4993,41.496
2,1,1789817840.219640,20.6143,41.496
2,1,1789817840.220625,20.7486,41.040
2,1,1789817840.221643,20.8828,41.040
2,1,1789817840.222624,20.9787,41.496
2,1,1789817840.223640,21.1129,41.724
2,1,1789817840.224623,21.2663,41.268
2,1,1789817840.225641,21.3622,41.268
2,1,1789817840.226623,21.5156,41.724
2,1,1789817840.227635,21.6115,41.952
2,1,1789817840.228617,21.7457,41.952
2,1,1789817840.229633,21.8608,41.268
2,1,1789817840.230623,21.9950,41.496
2,1,1789817840.231641,22.1101,42.180
2,1,1789817840.232623,22.2635,42.408
2,1,1789817840.233640,22.4169,41.952
2,1,1789817840.234623,22.5128,41.952
2,1,1789817840.235642,22.6278,42.180
2,1,1789817840.236634,22.7621,42.408
2,1,1789817840.237660,22.8771,42.408
2,1,1789817840.238616,23.0114,41.724
2,1,1789817840.239638,23.1456,42.180
2,1,1789817840.240613,23.2607,42.636
2,1,1789817840.241638,23.3757,42.636
2,1,1789817840.242621,23.5291,42.408
2,1,1789817840.243639,23.6250,41.952
2,1,1789817840.244616,23.7209,41.952
2,1,1789817840.245638,23.8359,42.408
2,1,1789817840.246621,23.9510,42.180
2,1,1789817840.247638,24.1044,41.724
2,1,1789817840.248614,24.2195,41.724
2,1,1789817840.249632,24.3345,42.180
2,1,1789817840.250620,24.4688,42.408
2,1,1789817840.251640,24.6030,42.864
2,1,1789817840.252623,24.6605,41.952
2,1,1789817840.253640,24.7947,42.180
2,1,1789817840.254615,24.9098,42.636
2,1,1789817840.255640,25.0249,42.408
2,1,1789817840.256619,25.1783,42.180
2,1,1789817840.257642,25.2741,41.724
2,1,1789817840.258616,25.4084,42.180
2,1,1789817840.259630,25.5043,42.408
2,1,1789817840.260613,25.6385,42.408
2,1,1789817840.261634,25.7536,41.268
2,1,1789817840.262621,25.8686,41.268
2,1,1789817840.263636,25.9837,41.724
2,1,1789817840.264618,26.0987,41.724
2,1,1789817840.265635,26.2521,41.268
2,1,1789817840.266620,26.3480,41.040
2,1,1789817840.267635,26.4822,41.040
2,1,1789817840.268617,26.5973,41.496
2,1,1789817840.269629,26.7124,41.268
2,1,1789817840.270612,26.8274,40.584
2,1,1789817840.271630,26.9233,40.356
2,1,1789817840.272618,27.0384,40.812
2,1,1789817840.273613,27.1726,41.040
2,1,1789817840.274619,27.2876,40.584
2,1,1789817840.275616,27.3835,40.356
2,1,1789817840.276619,27.4986,40.584
2,1,1789817840.277615,27.5945,40.584
2,1,1789817840.278614,27.7095,40.584
2,1,1789817840.279606,27.8054,39.444
2,1,1789817840.280616,27.9013,38.988
2,1,1789817840.281612,27.9972,39.444
2,1,1789817840.282614,28.0739,38.760
2,1,1789817840.283615,28.1889,38.076
2,1,1789817840.284614,28.2656,37.620
2,1,1789817840.285614,28.3232,37.164
2,1,1789817840.286618,28.4190,37.164
2,1,1789817840.287616,28.4766,36.252
2,1,1789817840.288618,28.5533,35.340
2,1,1789817840.289609,28.6300,34.656
2,1,1789817840.290613,28.7067,34.884
2,1,1789817840.291609,28.7834,34.428
2,1,1789817840.292619,28.8217,33.516
2,1,1789817840.293610,28.8601,31.920
2,1,1789817840.294612,28.8984,31.464
2,1,1789817840.295615,28.9751,31.236
2,1,1789817840.296620,29.0135,30.552
2,1,1789817840.297615,29.0710,29.412
2,1,1789817840.298618,29.1286,28.728
2,1,1789817840.299614,29.1669,28.272
2,1,1789817840.300618,29.2053,27.588
2,1,1789817840.301609,29.2628,26.448
2,1,1789817840.302611,29.2820,25.080
2,1,1789817840.303615,29.3395,24.624
2,1,1789817840.304612,29.3587,24.168
2,1,1789817840.305615,29.3778,23.028
2,1,1789817840.306618,29.4354,21.888
2,1,1789817840.307614,29.4354,20.520
2,1,1789817840.308620,29.4737,20.064
2,1,1789817840.309608,29.4929,19.380
2,1,1789817840.310612,29.4929,18.468
2,1,1789817840.311614,29.5121,17.100
2,1,1789817840.312613,29.5312,16.188
2,1,1789817840.313609,29.5504,15.732
2,1,1789817840.314614,29.5504,15.048
2,1,1789817840.315616,29.5888,13.908
2,1,1789817840.316617,29.5888,13.224
2,1,1789817840.317608,29.6080,12.540
2,1,1789817840.318610,29.6080,12.084
2,1,1789817840.319605,29.6080,11.172
2,1,1789817840.320615,29.6080,9.804
2,1,1789817840.321611,29.6080,9.348
2,1,1789817840.322611,29.6271,9.120
2,1,1789817840.323606,29.6463,8.892
2,1,1789817840.324610,29.6463,7.752
2,1,1789817840.325611,29.6463,7.068
2,1,1789817840.326610,29.6847,7.296
2,1,1789817840.327606,29.6847,6.612
2,1,1789817840.328616,29.6655,5.928
2,1,1789817840.329611,29.6847,5.472
2,1,1789817840.330615,29.6847,5.016
2,1,1789817840.331606,29.6847,4.788
2,1,1789817840.332612,29.7230,4.560
2,1,1789817840.333608,29.7230,4.104
2,1,1789817840.334617,29.7230,3.876
2,1,1789817840.335615,29.7230,3.420
2,1,1789817840.336617,29.7422,3.648
2,1,1789817840.337614,29.7614,3.420
2,1,1789817840.338611,29.7614,3.192
2,1,1789817840.339612,29.7614,2.964
2,1,1789817840.340617,29.7614,2.964
2,1,1789817840.341607,29.7805,2.964
2,1,1789817840.342612,29.7805,2.736
2,1,1789817840.343607,29.7805,2.736
2,1,1789817840.344611,29.7997,2.736
2,1,1789817840.345609,29.8189,2.736
2,1,1789817840.346619,29.8189,2.736
2,1,1789817840.347613,29.8189,2.508
2,1,1789817840.348612,29.8189,2.508
2,1,1789817840.349616,29.8572,2.964
2,1,1789817840.350618,29.8572,2.964
2,1,1789817840.351607,29.8572,2.964
2,1,1789817840.352620,29.8572,2.508
2,1,1789817840.353607,29.8572,2.508
2,1,1789817840.354612,29.8572,2.508
2,1,1789817840.355613,29.8764,2.508
2,1,1789817840.356618,29.8764,2.280
2,1,1789817840.357630,29.8764,2.508
2,1,1789817840.358626,29.8764,2.280
2,1,1789817840.359608,29.8764,2.280
2,1,1789817840.360619,29.8764,2.280
2,1,1789817840.361614,29.8764,1.824
2,1,1789817840.362619,29.8764,1.824
2,1,1789817840.363614,29.8764,1.824
2,1,1789817840.364620,29.8764,1.824
2,1,1789817840.365614,29.8764,1.596
2,1,1789817840.366619,29.8764,1.368
2,1,1789817840.367614,29.8764,1.368
2,1,1789817840.368641,29.8764,1.368
2,1,1789817840.369622,29.8572,1.140
2,1,1789817840.370638,29.8764,1.140
2,1,1789817840.371616,29.8764,1.140
2,1,1789817840.372619,29.8572,0.912
2,1,1789817840.373621,29.8572,0.456
2,1,1789817840.374609,29.8572,0.000
2,1,1789817840.375612,29.8572,0.000
2,1,1789817840.376616,29.8572,0.000
2,1,1789817840.377605,29.8572,0.000
2,1,1789817840.378616,29.8764,0.000
2,1,1789817840.379604,29.8572,0.000
2,1,1789817840.380609,29.8572,0.000
2,1,1789817840.381605,29.8572,0.000
2,1,1789817840.382615,29.8572,0.000
2,1,1789817840.383611,29.8764,0.000
2,1,1789817840.384614,29.8572,0.000
2,1,1789817840.385612,29.8572,0.000
2,1,1789817840.386615,29.8572,0.000
2,1,1789817840.387614,29.8572,0.000
2,1,1789817840.388617,29.8572,0.000
2,1,1789817840.389605,29.8572,0.000
2,1,1789817840.390617,29.8572,0.000
2,1,1789817840.391613,29.8572,0.000
2,1,1789817840.392611,29.8572,0.000
2,1,1789817840.393614,29.8572,0.000
2,1,1789817840.394617,29.8572,0.000
2,1,1789817840.395620,29.8572,0.000
2,1,1789817840.396618,29.8572,0.000
2,1,1789817840.397615,29.8572,0.000
2,1,1789817840.398593,29.8764,0.000
2,1,1789817840.399613,29.8572,0.000
2,1,1789817840.400616,29.8764,0.000
2,1,1789817840.401613,29.8572,0.000
2,1,1789817840.402616,29.8764,0.000
2,1,1789817840.403606,29.8956,0.000
2,1,1789817840.404616,29.8764,0.000
2,1,1789817840.405612,29.8764,0.000
2,1,1789817840.406616,29.8956,0.000
2,1,1789817840.407612,29.8764,0.000
2,1,1789817840.408616,29.8572,0.000
2,1,1789817840.409605,29.8956,0.000
2,1,1789817840.410609,29.8956,0.000
2,1,1789817840.411612,29.8764,0.000
2,1,1789817840.412615,29.8764,0.000
2,1,1789817840.413604,29.8764,0.000
2,1,1789817840.414610,29.8764,0.000
2,1,1789817840.415613,29.8764,0.000
2,1,1789817840.416616,29.8764,0.000
2,1,1789817840.417613,29.8764,0.000
2,1,1789817840.418615,29.8956,0.000
2,1,1789817840.419611,29.8764,0.000
2,1,1789817840.420609,29.8764,0.000
2,1,1789817840.421611,29.8572,0.000
2,1,1789817840.422615,29.8764,0.000
2,1,1789817840.423624,29.8764,0.000
2,1,1789817840.424608,29.8572,0.000
2,1,1789817840.425605,29.8572,0.000
2,1,1789817840.426624,29.8572,0.000
2,1,1789817840.427612,29.8764,0.000
2,1,1789817840.428616,29.8764,0.000
2,1,1789817840.429611,29.8764,0.000
2,1,1789817840.430608,29.8572,0.000
2,1,1789817840.431611,29.8764,0.000
2,1,1789817840.432615,29.8764,0.000
2,1,1789817840.433603,29.8572,0.000
2,1,1789817840.434616,29.8572,0.000
2,1,1789817840.435611,29.8764,0.000
2,1,1789817840.436700,29.8956,0.000
2,1,1789817840.437633,29.8764,0.000
2,1,1789817840.438627,29.8764,0.000
2,1,1789817840.439612,29.8764,0.000
2,1,1789817840.440622,29.8956,0.000
2,1,1789817840.441618,29.8572,0.000
2,1,1789817840.442622,29.8572,0.000
2,1,1789817840.443618,29.8764,0.000
2,1,1789817840.444614,29.8764,0.000
2,1,1789817840.445610,29.8764,0.000
2,1,1789817840.446614,29.8764,0.000
2,1,1789817840.447605,29.8764,0.000
2,1,1789817840.448615,29.8572,0.000
2,1,1789817840.449603,29.8764,0.000
2,1,1789817840.450611,29.8764,0.000
2,1,1789817840.451607,29.8764,0.000
2,1,1789817840.452606,29.8956,0.000
2,1,1789817840.453609,29.8764,0.000
2,1,1789817840.454614,29.8956,0.000
2,1,1789817840.455607,29.8764,0.000
2,1,1789817840.456611,29.8764,0.000
2,1,1789817840.457599,29.8764,0.000
2,1,1789817840.458604,29.8764,0.000
2,1,1789817840.459607,29.8764,0.000
2,1,1789817840.460612,29.8764,0.000
2,1,1789817840.461607,29.8764,0.000
2,1,1789817840.462607,29.8764,0.000
2,1,1789817840.463609,29.8956,0.000
2,1,1789817840.464608,29.8572,0.000
2,1,1789817840.465609,29.8572,0.000
2,1,1789817840.466606,29.8764,0.000
2,1,1789817840.467609,29.8572,0.000
2,1,1789817840.468614,29.8764,0.000
2,1,1789817840.469603,29.8764,0.000
2,1,1789817840.470614,29.8572,0.000
2,1,1789817840.471603,29.8572,0.000
2,1,1789817840.472612,29.8956,0.000
2,1,1789817840.473602,29.8764,0.000
2,1,1789817840.474613,29.8764,0.000
2,1,1789817840.475610,29.8572,0.000
2,1,1789817840.476612,29.8764,0.000
2,1,1789817840.477610,29.8956,0.000
2,1,1789817840.478614,29.8764,0.000
2,1,1789817840.479609,29.8764,0.000
2,1,1789817840.480606,29.8764,0.000
2,1,1789817840.481610,29.8956,0.000
2,1,1789817840.482614,29.8764,0.000
2,1,1789817840.483602,29.8956,0.000
2,1,1789817840.484613,29.8764,0.000
2,1,1789817840.485608,29.8764,0.000
2,1,1789817840.486613,29.8956,0.000
2,1,1789817840.487602,29.8572,0.000
2,1,1789817840.488612,29.8764,0.000
2,1,1789817840.489608,29.8764,0.000
2,1,1789817840.490613,29.8764,0.000
2,1,1789817840.491602,29.8572,0.000
2,1,1789817840.492613,29.8764,0.000
2,1,1789817840.493601,29.8764,0.000
2,1,1789817840.494610,29.8764,0.000
2,1,1789817840.495603,29.8572,0.000
2,1,1789817840.496604,29.8572,0.000
2,1,1789817840.497600,29.8764,0.000
2,1,1789817840.498605,29.8764,0.000
2,1,1789817840.499600,29.8764,0.000
2,1,1789817840.500626,29.8764,0.000
2,1,1789817840.501608,29.8764,0.000
2,1,1789817840.502605,29.8764,0.000
2,1,1789817840.503601,29.8956,0.000
2,1,1789817840.504604,29.8572,0.000
2,1,1789817840.505605,29.8764,0.000
2,1,1789817840.506610,29.8572,0.000
2,1,1789817840.507605,29.8764,0.000
2,1,1789817840.508588,29.8764,0.000
2,1,1789817840.509605,29.8572,0.000
2,1,1789817840.510589,29.8572,0.000
2,1,1789817840.511608,29.8956,0.000
2,1,1789817840.512590,29.8764,0.000
2,1,1789817840.513599,29.8764,0.000
2,1,1789817840.514588,29.8764,0.000
2,1,1789817840.515605,29.8956,0.000
2,1,1789817840.516582,29.8764,0.000
2,1,1789817840.517606,29.8956,0.000
2,1,1789817840.518588,29.8764,0.000
2,1,1789817840.519611,29.8956,0.000
2,1,1789817840.520606,29.8764,0.000
2,1,1789817840.521590,29.8764,0.000
2,1,1789817840.522608,29.8956,0.000
2,1,1789817840.523594,29.8956,0.000
2,1,1789817840.524600,29.8572,0.000
2,1,1789817840.525590,29.8956,0.000
2,1,1789817840.526602,29.8764,0.000
2,1,1789817840.527584,29.8956,0.000
2,1,1789817840.528611,29.8572,0.000
2,1,1789817840.529582,29.8572,0.000
2,1,1789817840.530606,29.8572,0.000
2,1,1789817840.531590,29.8572,0.000
2,1,1789817840.532607,29.8764,0.000
2,1,1789817840.533590,29.8764,0.000
2,1,1789817840.534606,29.8764,0.000
2,1,1789817840.535590,29.8764,0.000
2,1,1789817840.536606,29.8956,0.000
2,1,1789817840.537584,29.8956,0.000
2,1,1789817840.538598,29.8764,0.000
2,1,1789817840.539589,29.8764,0.000
2,1,1789817840.540606,29.8572,0.000
2,1,1789817840.541590,29.8956,0.000
2,1,1789817840.542606,29.8956,0.000
2,1,1789817840.543589,29.8956,0.000
2,1,1789817840.544605,29.8764,0.000
2,1,1789817840.545590,29.8764,0.000
2,1,1789817840.546600,29.8764,0.000
2,1,1789817840.547589,29.8764,0.000
2,1,1789817840.548606,29.8956,0.000
2,1,1789817840.549590,29.8956,0.000
2,1,1789817840.550605,29.8572,0.000
2,1,1789817840.551590,29.8764,0.000
2,1,1789817840.552605,29.8764,0.000
2,1,1789817840.553589,29.8956,0.000
2,1,1789817840.554605,29.8764,0.000
2,1,1789817840.555588,29.8956,0.000
2,1,1789817840.556604,29.8764,0.000
2,1,1789817840.557590,29.8764,0.000
2,1,1789817840.558620,29.8956,0.000
2,1,1789817840.559591,29.8956,0.000
2,1,1789817840.560605,29.8764,0.000
2,1,1789817840.561589,29.8764,0.000
2,1,1789817840.562585,29.8956,0.000
2,1,1789817840.563589,29.8956,0.000
2,1,1789817840.564579,29.8764,0.000
2,1,1789817840.565589,29.8764,0.000
2,1,1789817840.566584,29.8956,0.000
2,1,1789817840.567589,29.8764,0.000
2,1,1789817840.568578,29.8764,0.000
2,1,1789817840.569582,29.8764,0.000
2,1,1789817840.570586,29.8764,0.000
2,1,1789817840.571604,29.8956,0.000
2,1,1789817840.572587,29.8764,0.000
2,1,1789817840.573567,29.8764,0.000
2,1,1789817840.574593,29.8764,0.000
2,1,1789817840.575581,29.8764,0.000
2,1,1789817840.576584,29.8764,0.000
2,1,1789817840.577588,29.8956,0.000
2,1,1789817840.578584,29.8572,0.000
2,1,1789817840.579582,29.8956,0.000
2,1,1789817840.580584,29.8572,0.000
2,1,1789817840.581583,29.8956,0.000
2,1,1789817840.582576,29.8764,0.000
2,1,1789817840.583579,29.8956,0.000
2,1,1789817840.584583,29.8956,0.000
2,1,1789817840.585588,29.8764,0.000
2,1,1789817840.586583,29.8764,0.000
2,1,1789817840.587587,29.8572,0.000
2,1,1789817840.588584,29.8764,0.000
2,1,1789817840.589588,29.8764,0.000
2,1,1789817840.590580,29.8764,0.000
2,1,1789817840.591587,29.8764,0.000
2,1,1789817840.592576,29.8764,0.000
2,1,1789817840.593587,29.8956,0.000
2,1,1789817840.594583,29.8764,0.000
2,1,1789817840.595587,29.8572,0.000
2,1,1789817840.596583,29.8572,0.000
2,1,1789817840.597587,29.8956,0.000
2,1,1789817840.598583,29.8572,0.000
2,1,1789817840.599586,29.8764,0.000
2,1,1789817840.600583,29.8764,0.000
2,1,1789817840.601588,29.8956,0.000
2,1,1789817840.602575,29.8764,0.000
2,1,1789817840.603579,29.8764,0.000
2,1,1789817840.604583,29.8956,0.000
2,1,1789817840.605587,29.8956,0.000
2,1,1789817840.606583,29.8764,0.000
2,1,1789817840.607580,29.8764,0.000
2,1,1789817840.608582,29.8956,0.000
2,1,1789817840.609586,29.8764,0.000
2,1,1789817840.610576,29.8764,0.000
2,1,1789817840.611587,29.8764,0.000
2,1,1789817840.612578,29.8956,0.000
2,1,1789817840.613587,29.8764,0.000
2,1,1789817840.614583,29.8956,0.000
2,1,1789817840.615585,29.8764,0.000
2,1,1789817840.616582,29.8572,0.000
2,1,1789817840.617587,29.8956,0.000
2,1,1789817840.618582,29.8956,0.000
2,1,1789817840.619579,29.8764,0.000
2,1,1789817840.620582,29.8764,0.000
2,1,1789817840.621586,29.8764,0.000
2,1,1789817840.622577,29.8572,0.000
2,1,1789817840.623580,29.8764,0.000
2,1,1789817840.624583,29.8764,0.000
2,1,1789817840.625585,29.8956,0.000
2,1,1789817840.626583,29.8572,0.000
2,1,1789817840.627586,29.8764,0.000
2,1,1789817840.628574,29.8956,0.000
2,1,1789817840.629586,29.8956,0.000
2,1,1789817840.630581,29.8572,0.000
2,1,1789817840.631585,29.8956,0.000
2,1,1789817840.632582,29.8764,0.000
2,1,1789817840.633580,29.8764,0.000
2,1,1789817840.634574,29.8572,0.000
2,1,1789817840.635584,29.8764,0.000
2,1,1789817840.636577,29.8956,0.000
2,1,1789817840.637585,29.8764,0.000
2,1,1789817840.638582,29.8764,0.000
2,1,1789817840.639584,29.8956,0.000
2,1,1789817840.640579,29.8956,0.000
2,1,1789817840.641594,29.8956,0.000
2,1,1789817840.642572,29.8572,0.000
2,1,1789817840.643583,29.8572,0.000
2,1,1789817840.644574,29.8764,0.000
2,1,1789817840.645575,29.8764,0.000
2,1,1789817840.646578,29.8764,0.000
2,1,1789817840.647583,29.8572,0.000
2,1,1789817840.648579,29.8764,0.000
2,1,1789817840.649583,29.8572,0.000
2,1,1789817840.650579,29.8764,0.000
2,1,1789817840.651583,29.8572,0.000
2,1,1789817840.652571,29.8956,0.000
2,1,1789817840.653585,29.8764,0.000
2,1,1789817840.654576,29.8956,0.000
2,1,1789817840.655586,29.8956,0.000
2,1,1789817840.656574,29.8764,0.000
2,1,1789817840.657585,29.8764,0.000
2,1,1789817840.658581,29.8572,0.000
2,1,1789817840.659586,29.8764,0.000
2,1,1789817840.660580,29.8764,0.000
2,1,1789817840.661584,29.8956,0.000
2,1,1789817840.662572,29.8764,0.000
2,1,1789817840.663585,29.8764,0.000
2,1,1789817840.664580,29.8956,0.000
2,1,1789817840.665585,29.8572,0.000
2,1,1789817840.666580,29.8764,0.000
2,1,1789817840.667578,29.8956,0.000
2,1,1789817840.668580,29.8956,0.000
2,1,1789817840.669585,29.8764,0.000
2,1,1789817840.670581,29.8764,0.000
2,1,1789817840.671584,29.8956,0.000
2,1,1789817840.672580,29.8764,0.000
2,1,1789817840.673584,29.8572,0.000
2,1,1789817840.674581,29.8764,0.000
2,1,1789817840.675584,29.8956,0.000
2,1,1789817840.676579,29.8956,0.000
2,1,1789817840.677583,29.8572,0.000
2,1,1789817840.678573,29.8956,0.000
2,1,1789817840.679585,29.8764,0.000
2,1,1789817840.680580,29.8956,0.000
2,1,1789817840.681587,29.8764,0.000
2,1,1789817840.682579,29.8764,0.000
2,1,1789817840.683584,29.8764,0.000
2,1,1789817840.684580,29.8764,0.000
2,1,1789817840.685583,29.8764,0.000
2,1,1789817840.686574,29.8764,0.000
2,1,1789817840.687581,29.8572,0.000
2,1,1789817840.688579,29.8764,0.000
2,1,1789817840.689577,29.8764,0.000
2,1,1789817840.690579,29.8956,0.000
2,1,1789817840.691584,29.8764,0.000
2,1,1789817840.692589,29.8956,0.000
2,1,1789817840.693583,29.8956,0.000
2,1,1789817840.694578,29.8956,0.000
2,1,1789817840.695582,29.8956,0.000
2,1,1789817840.696580,29.8572,0.000
2,1,1789817840.697575,29.8572,0.000
2,1,1789817840.698578,29.8764,0.000
2,1,1789817840.699582,29.8764,0.000
2,1,1789817840.700572,29.8956,0.000
2,1,1789817840.701583,29.8956,0.000
2,1,1789817840.702580,29.8764,0.000
2,1,1789817840.703584,29.8956,0.000
2,1,1789817840.704579,29.8572,0.000
2,1,1789817840.705583,29.8764,0.000
2,1,1789817840.706578,29.8764,0.000
2,1,1789817840.707584,29.8764,0.000
2,1,1789817840.708723,29.8764,0.000
2,1,1789817840.709646,29.8956,0.000
2,1,1789817840.710636,29.8572,0.000
2,1,1789817840.711572,29.8956,0.000
2,1,1789817840.712579,29.8956,0.000
2,1,1789817840.713577,29.8956,0.000
2,1,1789817840.714581,29.8764,0.000
2,1,1789817840.715570,29.8956,0.000
2,1,1789817840.716578,29.8956,0.000
2,1,1789817840.717575,29.8956,0.000
2,1,1789817840.718572,29.8764,0.000
2,1,1789817840.719583,29.8956,0.000
2,1,1789817840.720573,29.8956,0.000
2,1,1789817840.721576,29.8572,0.000
2,1,1789817840.722575,29.8764,0.000
2,1,1789817840.723576,29.8956,0.000
2,1,1789817840.724579,29.8956,0.000
2,1,1789817840.725575,29.8764,0.000
2,1,1789817840.726574,29.8572,0.000
2,1,1789817840.727569,29.8956,0.000
2,1,1789817840.728573,29.8764,0.000
2,1,1789817840.729571,29.8764,0.000
2,1,1789817840.730579,29.8764,0.000
2,1,1789817840.731575,29.8956,0.000
2,1,1789817840.732580,29.8572,0.000
2,1,1789817840.733572,29.8956,0.000
2,1,1789817840.734577,29.8956,0.000
2,1,1789817840.735569,29.8956,0.000
2,1,1789817840.736571,29.8572,0.000
2,1,1789817840.737573,29.8764,0.000
2,1,1789817840.738570,29.8572,0.000
2,1,1789817840.739569,29.8764,0.000
2,1,1789817840.740572,29.8764,0.000
2,1,1789817840.741574,29.8572,0.000
2,1,1789817840.742571,29.8956,0.000
2,1,1789817840.743574,29.8572,0.000
2,1,1789817840.744572,29.8764,0.000
2,1,1789817840.745577,29.8764,0.000
2,1,1789817840.746578,29.8764,0.000
2,1,1789817840.747576,29.8956,0.000
2,1,1789817840.748582,29.8572,0.000
2,1,1789817840.749577,29.8764,0.000
2,1,1789817840.750582,29.8956,0.000
2,1,1789817840.751570,29.8956,0.000
2,1,1789817840.752575,29.8956,0.000
2,1,1789817840.753577,29.8764,0.000
2,1,1789817840.754573,29.8572,0.000
2,1,1789817840.755570,29.8956,0.000
2,1,1789817840.756574,29.8956,0.000
2,1,1789817840.757569,29.8572,0.000
2,1,1789817840.758581,29.8764,0.000
2,1,1789817840.759567,29.8764,0.000
2,1,1789817840.760573,29.8764,0.000
2,1,1789817840.761568,29.8956,0.000
2,1,1789817840.762572,29.8572,0.000
2,1,1789817840.763576,29.8764,0.000
2,1,1789817840.764581,29.8764,0.000
2,1,1789817840.765568,29.8764,0.000
2,1,1789817840.766574,29.8956,0.000
2,1,1789817840.767576,29.8572,0.000
2,1,1789817840.768573,29.8572,0.000
2,1,1789817840.769576,29.8956,0.000
2,1,1789817840.770571,29.8572,0.000
2,1,1789817840.771568,29.8764,0.000
2,1,1789817840.772580,29.8956,0.000
2,1,1789817840.773569,29.8764,0.000
2,1,1789817840.774579,29.8572,0.000
2,1,1789817840.775567,29.8572,0.000
2,1,1789817840.776571,29.8572,0.000
2,1,1789817840.777576,29.8956,0.000
2,1,1789817840.778573,29.8572,0.000
2,1,1789817840.779568,29.8764,0.000
2,1,1789817840.780572,29.8764,0.000
2,1,1789817840.781567,29.8764,0.000
2,1,1789817840.782571,29.8764,0.000
2,1,1789817840.783567,29.8764,0.000
2,1,1789817840.784571,29.8764,0.000
2,1,1789817840.785574,29.8956,0.000
2,1,1789817840.786572,29.8572,0.000
2,1,1789817840.787567,29.8572,0.000
2,1,1789817840.788572,29.8956,0.000
2,1,1789817840.789568,29.8764,0.000
2,1,1789817840.790572,29.8956,0.000
2,1,1789817840.791568,29.8956,0.000
2,1,1789817840.792571,29.8956,0.000
2,1,1789817840.793571,29.8764,0.000
2,1,1789817840.794571,29.8764,0.000
2,1,1789817840.795566,29.8572,0.000
2,1,1789817840.796552,29.8956,0.000
2,1,1789817840.797567,29.8764,0.000
2,1,1789817840.798552,29.8764,0.000
2,1,1789817840.799571,29.8764,0.000
2,1,1789817840.800556,29.8764,0.000
2,1,1789817840.801567,29.8764,0.000
2,1,1789817840.802551,29.8572,0.000
2,1,1789817840.803568,29.8956,0.000
2,1,1789817840.804551,29.8764,0.000
2,1,1789817840.805573,29.8956,0.000
2,1,1789817840.806551,29.8764,0.000
2,1,1789817840.807566,29.8956,0.000
2,1,1789817840.808557,29.8764,0.000
2,1,1789817840.809567,29.8956,0.000
2,1,1789817840.810554,29.8956,0.000
2,1,1789817840.811567,29.8572,0.000
2,1,1789817840.812557,29.8764,0.000
2,1,1789817840.813572,29.8764,0.000
2,1,1789817840.814557,29.8764,0.000
2,1,1789817840.815571,29.8956,0.000
2,1,1789817840.816556,29.8764,0.000
2,1,1789817840.817567,29.8764,0.000
2,1,1789817840.818556,29.8956,0.000
2,1,1789817840.819566,29.8956,0.000
2,1,1789817840.820599,29.8956,0.000
2,1,1789817840.821630,29.8956,0.000
2,1,1789817840.822630,29.8764,0.000
2,1,1789817840.823617,29.8764,0.000
2,1,1789817840.824636,29.8956,0.000
2,1,1789817840.825558,29.8764,0.000
2,1,1789817840.826575,29.8764,0.000
2,1,1789817840.827573,29.8764,0.000
2,1,1789817840.828555,29.8956,0.000
2,1,1789817840.829574,29.8764,0.000
2,1,1789817840.830557,29.8956,0.000
2,1,1789817840.831574,29.8956,0.000
2,1,1789817840.832556,29.8764,0.000
2,1,1789817840.833573,29.8956,0.000
2,1,1789817840.834558,29.8764,0.000
2,1,1789817840.835572,29.8764,0.000
2,1,1789817840.836552,29.8956,0.000
2,1,1789817840.837571,29.8956,0.000
2,1,1789817840.838554,29.8572,0.000
2,1,1789817840.839571,29.8956,0.000
2,1,1789817840.840552,29.8764,0.000
2,1,1789817840.841569,29.8572,0.000
2,1,1789817840.842553,29.8764,0.000
2,1,1789817840.843564,29.8956,0.000
2,1,1789817840.844550,29.8956,0.000
2,1,1789817840.845571,29.8956,0.000
2,1,1789817840.846552,29.8764,0.000
2,1,1789817840.847564,29.8764,0.000
2,1,1789817840.848550,29.8764,0.000
2,1,1789817840.849570,29.8956,0.000
2,1,1789817840.850553,29.8764,0.000
2,1,1789817840.851552,29.8764,0.000
2,1,1789817840.852556,29.8764,0.000
2,1,1789817840.853551,29.8764,0.000
2,1,1789817840.854551,29.8764,0.000
2,1,1789817840.855550,29.8572,0.000
2,1,1789817840.856556,29.8956,0.000
2,1,1789817840.857552,29.8764,0.000
2,1,1789817840.858555,29.8956,0.000
2,1,1789817840.859551,29.8764,0.000
2,1,1789817840.860554,29.8764,0.000
2,1,1789817840.861550,29.8572,0.000
2,1,1789817840.862554,29.8764,0.000
2,1,1789817840.863552,29.8764,0.000
2,1,1789817840.864538,29.8956,0.000
2,1,1789817840.865550,29.8956,0.000
2,1,1789817840.866570,29.8572,0.000
2,1,1789817840.867551,29.8956,0.000
2,1,1789817840.868549,29.8764,0.000
2,1,1789817840.869549,29.8764,0.000
2,1,1789817840.870554,29.8956,0.000
2,1,1789817840.871550,29.8956,0.000
2,1,1789817840.872555,29.8956,0.000
2,1,1789817840.873551,29.8572,0.000
2,1,1789817840.874555,29.8764,0.000
2,1,1789817840.875550,29.8956,0.000
2,1,1789817840.876557,29.8956,0.000
2,1,1789817840.877549,29.8764,0.000
2,1,1789817840.878554,29.8764,0.000
2,1,1789817840.879550,29.8956,0.000
2,1,1789817840.880554,29.8764,0.000
2,1,1789817840.881549,29.8956,0.000
2,1,1789817840.882556,29.8764,0.000
2,1,1789817840.883552,29.8764,0.000
2,1,1789817840.884550,29.8764,0.000
2,1,1789817840.885553,29.8956,0.000
2,1,1789817840.886550,29.8572,0.000
2,1,1789817840.887555,29.8764,0.000
2,1,1789817840.888547,29.8764,0.000
2,1,1789817840.889554,29.8764,0.000
2,1,1789817840.890549,29.8764,0.000
2,1,1789817840.891554,29.8764,0.000
2,1,1789817840.892547,29.8956,0.000
2,1,1789817840.893554,29.8572,0.000
2,1,1789817840.894548,29.8572,0.000
2,1,1789817840.895554,29.8956,0.000
2,1,1789817840.896548,29.8764,0.000
2,1,1789817840.897553,29.8764,0.000
2,1,1789817840.898548,29.8764,0.000
2,1,1789817840.899549,29.8572,0.000
2,1,1789817840.900544,29.8572,0.000
2,1,1789817840.901553,29.8764,0.000
2,1,1789817840.902548,29.8764,0.000
2,1,1789817840.903553,29.8764,0.000
2,1,1789817840.904548,29.8956,0.000
2,1,1789817840.905553,29.8764,0.000
2,1,1789817840.906549,29.8572,0.000
2,1,1789817840.907552,29.8572,0.000
2,1,1789817840.908548,29.8572,0.000
2,1,1789817840.909551,29.8956,0.000
2,1,1789817840.910549,29.8764,0.000
2,1,1789817840.911550,29.8956,0.000
2,1,1789817840.912548,29.8572,0.000
2,1,1789817840.913553,29.8956,0.000
2,1,1789817840.914548,29.8764,0.000
2,1,1789817840.915552,29.8764,0.000
2,1,1789817840.916549,29.8956,0.000
2,1,1789817840.917552,29.8572,0.000
2,1,1789817840.918549,29.8764,0.000
2,1,1789817840.919554,29.8764,0.000
2,1,1789817840.920548,29.8764,0.000
2,1,1789817840.921553,29.8764,0.000
2,1,1789817840.922544,29.8956,0.000
2,1,1789817840.923555,29.8764,0.000
2,1,1789817840.924548,29.8764,0.000
2,1,1789817840.925552,29.8764,0.000
2,1,1789817840.926547,29.8956,0.000
2,1,1789817840.927552,29.8764,0.000
2,1,1789817840.928548,29.8572,0.000
2,1,1789817840.929551,29.8764,0.000
2,1,1789817840.930548,29.8572,0.000
2,1,1789817840.931553,29.8956,0.000
2,1,1789817840.932542,29.8764,0.000
2,1,1789817840.933552,29.8956,0.000
2,1,1789817840.934547,29.8572,0.000
2,1,1789817840.935549,29.8572,0.000
2,1,1789817840.936548,29.8956,0.000
2,1,1789817840.937551,29.8956,0.000
2,1,1789817840.938547,29.8764,0.000
2,1,1789817840.939552,29.8956,0.000
2,1,1789817840.940547,29.8956,0.000
2,1,1789817840.941554,29.8956,0.000
2,1,1789817840.942547,29.8764,0.000
2,-1,1789817840.946553,29.8764,0.000
2,-1,1789817840.947542,29.8764,0.000
2,-1,1789817840.948542,29.8956,0.000
2,-1,1789817840.949542,29.8572,0.000
2,-1,1789817840.950619,29.8572,0.000
2,-1,1789817840.951685,29.8956,0.000
2,-1,1789817840.952598,29.8764,0.000
2,-1,1789817840.953542,29.8764,0.000
2,-1,1789817840.954544,29.8956,0.000
2,-1,1789817840.955545,29.8764,0.000
2,-1,1789817840.956546,29.8764,0.000
2,-1,1789817840.957549,29.8956,0.000
2,-1,1789817840.958548,29.8572,0.000
2,-1,1789817840.959550,29.8956,0.000
2,-1,1789817840.960546,29.8764,0.000
2,-1,1789817840.961550,29.8956,0.000
2,-1,1789817840.962547,29.8956,0.000
2,-1,1789817840.963551,29.8764,0.000
2,-1,1789817840.964539,29.8764,0.000
2,-1,1789817840.965550,29.8956,0.000
2,-1,1789817840.966544,29.8764,0.000
2,-1,1789817840.967548,29.8764,0.000
2,-1,1789817840.968538,29.8956,0.000
2,-1,1789817840.969547,29.8572,0.000
2,-1,1789817840.970600,29.8764,0.000
2,-1,1789817840.971590,29.8572,0.000
2,-1,1789817840.972617,29.8572,0.000
2,-1,1789817840.973639,29.8572,0.000
2,-1,1789817840.974543,29.8572,0.000
2,-1,1789817840.975548,29.8572,0.000
2,-1,1789817840.976543,29.8572,0.000
2,-1,1789817840.977547,29.8572,0.000
2,-1,1789817840.978542,29.8381,0.456
2,-1,1789817840.979745,29.8381,0.000
2,-1,1789817840.980545,29.8572,0.456
2,-1,1789817840.981548,29.8381,0.456
2,-1,1789817840.982543,29.8381,0.684
2,-1,1789817840.983545,29.8189,0.684
2,-1,1789817840.984542,29.7997,0.684
2,-1,1789817840.985545,29.7997,0.912
2,-1,1789817840.986546,29.7997,0.912
2,-1,1789817840.987548,29.7805,0.912
2,-1,1789817840.988544,29.7614,1.368
2,-1,1789817840.989548,29.7422,1.368
2,-1,1789817840.990543,29.7038,2.280
2,-1,1789817840.991549,29.7038,2.280
2,-1,1789817840.992543,29.6847,2.280
2,-1,1789817840.993546,29.6463,2.736
2,-1,1789817840.994543,29.6271,2.964
2,-1,1789817840.995541,29.5888,3.420
2,-1,1789817840.996545,29.5696,3.648
2,-1,1789817840.997548,29.5312,4.332
2,-1,1789817840.998544,29.4737,4.788
2,-1,1789817840.999549,29.4354,5.244
2,-1,1789817841.000543,29.4162,5.244
2,-1,1789817841.001548,29.3778,5.700
2,-1,1789817841.002544,29.3203,6.612
2,-1,1789817841.003546,29.3011,6.840
2,-1,1789817841.004543,29.2628,7.296
2,-1,1789817841.005547,29.2053,7.980
2,-1,1789817841.006543,29.1669,8.664
2,-1,1789817841.007546,29.1094,8.664
2,-1,1789817841.008539,29.0710,9.348
2,-1,1789817841.009534,29.0135,10.032
2,-1,1789817841.010542,28.9560,10.488
2,-1,1789817841.011546,28.8601,11.628
2,-1,1789817841.012566,28.8409,11.628
2,-1,1789817841.013611,28.7834,12.084
2,-1,1789817841.014622,28.7067,12.996
2,-1,1789817841.015539,28.6491,13.908
2,-1,1789817841.016618,28.5724,14.364
2,-1,1789817841.017536,28.5149,14.820
2,-1,1789817841.018542,28.4574,15.504
2,-1,1789817841.019537,28.3807,15.960
2,-1,1789817841.020549,28.3040,16.644
2,-1,1789817841.021540,28.2273,17.328
2,-1,1789817841.022543,28.1506,17.784
2,-1,1789817841.023540,28.0930,18.468
2,-1,1789817841.024543,27.9972,19.152
2,-1,1789817841.025539,27.8821,20.064
2,-1,1789817841.026544,27.8246,20.292
2,-1,1789817841.027539,27.7479,20.748
2,-1,1789817841.028545,27.6712,21.204
2,-1,1789817841.029542,27.5561,22.116
2,-1,1789817841.030544,27.4986,22.344
2,-1,1789817841.031543,27.3835,23.028
2,-1,1789817841.032544,27.2876,23.940
2,-1,1789817841.033541,27.2109,24.396
2,-1,1789817841.034544,27.0767,25.080
2,-1,1789817841.035529,27.0000,25.308
2,-1,1789817841.036547,26.9041,26.220
2,-1,1789817841.037540,26.8082,26.904
2,-1,1789817841.038545,26.7124,27.360
2,-1,1789817841.039542,26.5781,28.044
2,-1,1789817841.040545,26.5014,28.044
2,-1,1789817841.041542,26.3672,29.184
2,-1,1789817841.042545,26.2521,29.868
2,-1,1789817841.043541,26.1179,30.096
2,-1,1789817841.044545,26.0412,30.552
2,-1,1789817841.045541,25.9070,31.464
2,-1,1789817841.046546,25.8303,31.692
2,-1,1789817841.047540,25.7152,32.376
2,-1,1789817841.048543,25.6001,32.376
2,-1,1789817841.049540,25.5043,32.604
2,-1,1789817841.050544,25.3892,33.516
2,-1,1789817841.051540,25.2741,33.972
2,-1,1789817841.052546,25.1591,34.656
2,-1,1789817841.053540,25.1207,33.972
2,-1,1789817841.054544,24.9865,34.656
2,-1,1789817841.055668,24.8906,35.112
2,-1,1789817841.056548,24.7180,35.796
2,-1,1789817841.057729,24.6222,36.024
2,-1,1789817841.058547,24.5071,35.568
2,-1,1789817841.059542,24.4496,36.252
2,-1,1789817841.060664,24.3153,36.936
2,-1,1789817841.061516,24.1236,37.164
2,-1,1789817841.062550,24.0852,36.936
2,-1,1789817841.063552,23.9702,36.936
2,-1,1789817841.064554,23.8359,37.620
2,-1,1789817841.065551,23.7401,37.848
2,-1,1789817841.066543,23.5866,37.848
2,-1,1789817841.067538,23.4908,37.848
2,-1,1789817841.068542,23.3757,38.076
2,-1,1789817841.069537,23.2607,38.532
2,-1,1789817841.070541,23.1456,38.760
2,-1,1789817841.071544,23.0114,38.304
2,-1,1789817841.072546,22.8963,38.304
2,-1,1789817841.073541,22.7812,39.216
2,-1,1789817841.074546,22.6662,38.988
2,-1,1789817841.075540,22.5320,38.988
2,-1,1789817841.076547,22.4553,38.532
2,-1,1789817841.077539,22.3210,38.988
2,-1,1789817841.078544,22.2251,39.444
2,-1,1789817841.079540,22.0909,39.672
2,-1,1789817841.080543,21.9759,38.988
2,-1,1789817841.081541,21.8416,39.216
2,-1,1789817841.082544,21.7649,39.672
2,-1,1789817841.083539,21.6115,39.900
2,-1,1789817841.084525,21.4964,39.444
2,-1,1789817841.085541,21.4006,39.216
2,-1,1789817841.086523,21.2855,39.444
2,-1,1789817841.087539,21.1705,39.900
2,-1,1789817841.088521,21.0554,40.128
2,-1,1789817841.089540,20.9212,39.216
2,-1,1789817841.090527,20.8253,38.760
2,-1,1789817841.091539,20.6911,39.900
2,-1,1789817841.092524,20.5760,39.900
2,-1,1789817841.093539,20.4609,39.900
2,-1,1789817841.094521,20.4034,39.444
2,-1,1789817841.095540,20.2884,39.444
2,-1,1789817841.096526,20.1733,39.900
2,-1,1789817841.097539,20.0582,39.900
2,-1,1789817841.098525,19.9432,39.216
2,-1,1789817841.099539,19.8281,39.216
2,-1,1789817841.100521,19.7131,39.444
2,-1,1789817841.101539,19.6172,39.444
2,-1,1789817841.102522,19.4446,39.444
2,-1,1789817841.103542,19.3679,38.988
2,-1,1789817841.104539,19.2528,38.988
2,-1,1789817841.105521,19.1378,39.900
2,-1,1789817841.106539,19.0036,39.900
2,-1,1789817841.107525,18.8501,39.672
2,-1,1789817841.108539,18.7734,38.988
2,-1,1789817841.109525,18.6584,39.216
2,-1,1789817841.110538,18.5433,39.672
2,-1,1789817841.111521,18.4283,39.672
2,-1,1789817841.112538,18.2940,38.988
2,-1,1789817841.113523,18.1790,39.444
2,-1,1789817841.114538,18.0639,39.900
2,-1,1789817841.115521,17.9489,39.900
2,-1,1789817841.116538,17.8146,39.444
2,-1,1789817841.117525,17.7379,38.988
2,-1,1789817841.118542,17.6229,39.444
2,-1,1789817841.119537,17.4886,39.900
2,-1,1789817841.120521,17.3736,40.128
2,-1,1789817841.121537,17.2585,39.216
2,-1,1789817841.122521,17.1435,39.216
2,-1,1789817841.123537,17.0284,39.900
2,-1,1789817841.124521,16.9134,39.900
2,-1,1789817841.125538,16.7599,39.672
2,-1,1789817841.126523,16.6641,39.444
2,-1,1789817841.127538,16.5490,39.900
2,-1,1789817841.128520,16.4148,40.128
2,-1,1789817841.129538,16.3189,39.900
2,-1,1789817841.130522,16.2038,39.444
2,-1,1789817841.131537,16.0888,39.444
2,-1,1789817841.132521,15.9545,40.128
2,-1,1789817841.133537,15.8395,40.128
2,-1,1789817841.134520,15.7053,39.672
2,-1,1789817841.135537,15.6669,39.216
2,-1,1789817841.136523,15.5135,39.444
2,-1,1789817841.137537,15.4560,40.128
2,-1,1789817841.138520,15.2834,39.900
2,-1,1789817841.139516,15.1875,39.444
2,-1,1789817841.140525,15.0916,39.444
2,-1,1789817841.141521,14.9766,39.900
2,-1,1789817841.142535,14.8615,39.900
2,-1,1789817841.143518,14.6889,39.900
2,-1,1789817841.144522,14.6122,39.444
2,-1,1789817841.145514,14.4972,39.444
2,-1,1789817841.146524,14.3821,40.356
2,-1,1789817841.147517,14.2670,40.356
2,-1,1789817841.148518,14.1136,39.900
2,-1,1789817841.149516,14.0178,39.672
2,-1,1789817841.150520,13.9219,39.672
2,-1,1789817841.151519,13.7876,40.356
2,-1,1789817841.152535,13.6918,40.128
2,-1,1789817841.153519,13.5575,39.444
2,-1,1789817841.154519,13.4233,39.444
2,-1,1789817841.155518,13.3082,40.356
2,-1,1789817841.156517,13.2124,39.900
2,-1,1789817841.157522,13.0589,39.672
2,-1,1789817841.158516,12.9631,39.672
2,-1,1789817841.159519,12.8480,39.900
2,-1,1789817841.160515,12.7521,40.128
2,-1,1789817841.161520,12.5987,40.584
2,-1,1789817841.162520,12.5028,39.444
2,-1,1789817841.163520,12.3686,39.900
2,-1,1789817841.164517,12.2727,40.128
2,-1,1789817841.165519,12.1385,40.356
2,-1,1789817841.166517,12.0043,39.900
2,-1,1789817841.167523,11.9084,39.900
2,-1,1789817841.168516,11.7933,40.128
2,-1,1789817841.169520,11.6783,40.356
2,-1,1789817841.170516,11.5632,40.356
2,-1,1789817841.171518,11.4482,39.672
2,-1,1789817841.172516,11.3139,39.900
2,-1,1789817841.173523,11.2372,39.900
2,-1,1789817841.174520,11.0646,40.356
2,-1,1789817841.175518,10.9304,39.900
2,-1,1789817841.176522,10.8345,39.444
2,-1,1789817841.177515,10.7195,39.900
2,-1,1789817841.178519,10.6044,40.128
2,-1,1789817841.179518,10.4893,40.356
2,-1,1789817841.180518,10.3551,39.900
2,-1,1789817841.181515,10.2401,39.900
2,-1,1789817841.182518,10.1250,40.584
2,-1,1789817841.183516,10.0099,40.356
2,-1,1789817841.184523,9.8949,40.356
2,-1,1789817841.185517,9.8182,40.128
2,-1,1789817841.186518,9.7031,39.900
2,-1,1789817841.187539,9.5881,40.584
2,-1,1789817841.188509,9.4730,40.584
2,-1,1789817841.189517,9.3388,40.356
2,-1,1789817841.190518,9.2429,39.672
2,-1,1789817841.191519,9.1087,40.356
2,-1,1789817841.192516,8.9936,40.584
2,-1,1789817841.193517,8.8977,40.356
2,-1,1789817841.194518,8.7827,39.444
2,-1,1789817841.195524,8.6484,39.900
2,-1,1789817841.196516,8.5142,40.584
2,-1,1789817841.197519,8.4375,40.128
2,-1,1789817841.198532,8.2649,40.128
2,-1,1789817841.199518,8.1882,39.672
2,-1,1789817841.200519,8.0732,39.900
2,-1,1789817841.201516,7.9581,40.356
2,-1,1789817841.202517,7.8430,40.356
2,-1,1789817841.203518,7.7088,39.672
2,-1,1789817841.204516,7.5938,39.900
2,-1,1789817841.205517,7.4787,40.356
2,-1,1789817841.206520,7.3636,40.356
2,-1,1789817841.207534,7.2294,39.900
2,-1,1789817841.208523,7.1143,39.900
2,-1,1789817841.209516,7.0185,39.900
2,-1,1789817841.210565,6.8842,40.356
2,-1,1789817841.211518,6.7692,40.356
2,-1,1789817841.212523,6.6541,39.672
2,-1,1789817841.213516,6.5199,39.900
2,-1,1789817841.214520,6.4048,40.356
2,-1,1789817841.215515,6.2898,40.356
2,-1,1789817841.216520,6.1364,40.128
2,-1,1789817841.217515,6.0597,39.444
2,-1,1789817841.218525,5.9254,40.356
2,-1,1789817841.219522,5.8104,40.584
2,-1,1789817841.220520,5.7145,40.356
2,-1,1789817841.221518,5.5803,39.900
2,-1,1789817841.222518,5.4652,40.128
2,-1,1789817841.223516,5.3693,40.584
2,-1,1789817841.224518,5.2543,40.356
2,-1,1789817841.225516,5.1392,40.128
2,-1,1789817841.226518,5.0625,40.128
2,-1,1789817841.227515,4.9283,40.128
2,-1,1789817841.228522,4.8324,40.584
2,-1,1789817841.229523,4.6982,40.584
2,-1,1789817841.230519,4.5639,40.128
2,-1,1789817841.231515,4.4680,40.128
2,-1,1789817841.232520,4.3530,40.356
2,-1,1789817841.233516,4.2763,40.356
2,-1,1789817841.234519,4.0845,40.584
2,-1,1789817841.235516,4.0078,40.128
2,-1,1789817841.236523,3.8928,40.128
2,-1,1789817841.237515,3.7585,40.812
2,-1,1789817841.238523,3.6435,40.812
2,-1,1789817841.239514,3.5092,40.128
2,-1,1789817841.240528,3.3942,40.128
2,-1,1789817841.241522,3.2983,40.128
2,-1,1789817841.242518,3.1641,40.812
2,-1,1789817841.243516,3.0298,40.812
2,-1,1789817841.244520,2.9148,40.128
2,-1,1789817841.245518,2.7997,39.900
2,-1,1789817841.246514,2.6847,41.040
2,-1,1789817841.247516,2.5696,40.584
2,-1,1789817841.248519,2.3970,40.584
2,-1,1789817841.249518,2.3203,40.356
2,-1,1789817841.250514,2.2053,40.584
2,-1,1789817841.251530,2.0710,40.812
2,-1,1789817841.252512,1.9560,41.268
2,-1,1789817841.253518,1.8409,40.584
2,-1,1789817841.254514,1.7067,40.812
2,-1,1789817841.255515,1.6108,41.040
2,-1,1789817841.256511,1.4574,41.268
2,-1,1789817841.257519,1.3423,40.584
2,-1,1789817841.258525,1.2273,40.812
2,-1,1789817841.259516,1.1314,40.812
2,-1,1789817841.260519,1.0163,41.040
2,-1,1789817841.261515,0.8821,41.268
2,-1,1789817841.262493,0.7862,40.356
2,-1,1789817841.263517,0.6520,40.584
2,-1,1789817841.264520,0.5561,40.812
2,-1,1789817841.265515,0.4027,41.268
2,-1,1789817841.266516,0.2685,40.812
2,-1,1789817841.267513,0.1918,40.356
2,-1,1789817841.268525,0.0767,40.812
2,-1,1789817841.269519,-0.0384,40.812
2,-1,1789817841.270521,-0.1726,41.268
2,-1,1789817841.271530,-0.2876,40.356
2,-1,1789817841.272519,-0.4027,40.356
2,-1,1789817841.273510,-0.5369,41.040
2,-1,1789817841.274517,-0.6328,40.812
2,-1,1789817841.275517,-0.7479,41.040
2,-1,1789817841.276520,-0.8054,40.356
2,-1,1789817841.277516,-0.9205,39.900
2,-1,1789817841.278516,-1.0547,41.040
2,-1,1789817841.279515,-1.1506,40.812
2,-1,1789817841.280519,-1.3232,40.584
2,-1,1789817841.281516,-1.4190,40.356
2,-1,1789817841.282515,-1.5341,40.584
2,-1,1789817841.283517,-1.6491,40.812
2,-1,1789817841.284520,-1.7642,41.040
2,-1,1789817841.285510,-1.8984,40.128
2,-1,1789817841.286516,-2.0135,40.356
2,-1,1789817841.287525,-2.1286,41.040
2,-1,1789817841.288517,-2.2436,40.812
2,-1,1789817841.289510,-2.3778,40.584
2,-1,1789817841.290518,-2.4929,40.356
2,-1,1789817841.291510,-2.6080,40.812
2,-1,1789817841.292519,-2.7230,41.268
2,-1,1789817841.293511,-2.8189,40.812
2,-1,1789817841.294518,-2.9723,40.356
2,-1,1789817841.295513,-3.0874,40.356
2,-1,1789817841.296518,-3.1832,41.040
2,-1,1789817841.297508,-3.3366,41.496
2,-1,1789817841.298516,-3.4709,41.040
2,-1,1789817841.299507,-3.5668,40.584
2,-1,1789817841.300522,-3.6626,40.812
2,-1,1789817841.301508,-3.7969,41.268
2,-1,1789817841.302517,-3.9311,41.268
2,-1,1789817841.303510,-4.0270,40.584
2,-1,1789817841.304516,-4.1420,40.356
2,-1,1789817841.305520,-4.2763,41.268
2,-1,1789817841.306520,-4.3913,41.268
2,-1,1789817841.307514,-4.5256,40.812
2,-1,1789817841.308516,-4.6214,40.356
2,-1,1789817841.309520,-4.7173,40.356
2,-1,1789817841.310515,-4.8707,41.040
2,-1,1789817841.311521,-4.9666,40.812
2,-1,1789817841.312518,-5.0817,40.128
2,-1,1789817841.313515,-5.2351,40.584
2,-1,1789817841.314517,-5.3501,41.040
2,-1,1789817841.315514,-5.4652,41.040
2,-1,1789817841.316510,-5.5803,41.040
2,-1,1789817841.317514,-5.6570,40.584
2,-1,1789817841.318514,-5.7720,40.584
2,-1,1789817841.319516,-5.8871,41.268
2,-1,1789817841.320518,-6.0021,41.040
2,-1,1789817841.321518,-6.1555,40.812
2,-1,1789817841.322514,-6.2514,40.812
2,-1,1789817841.323515,-6.3665,40.812
2,-1,1789817841.324516,-6.4815,41.040
2,-1,1789817841.325516,-6.6541,41.268
2,-1,1789817841.326515,-6.7308,40.356
2,-1,1789817841.327516,-6.8267,40.128
2,-1,1789817841.328516,-6.9418,41.040
2,-1,1789817841.329515,-7.0568,40.812
2,-1,1789817841.330514,-7.2102,40.584
2,-1,1789817841.331515,-7.2869,39.900
2,-1,1789817841.332526,-7.4212,40.812
2,-1,1789817841.333523,-7.5554,41.268
2,-1,1789817841.334523,-7.6513,40.812
2,-1,1789817841.335635,-7.7663,40.128
2,-1,1789817841.336533,-7.8814,40.356
2,-1,1789817841.337509,-7.9773,41.040
2,-1,1789817841.338511,-8.1115,41.040
2,-1,1789817841.339520,-8.2457,40.356
2,-1,1789817841.340509,-8.3608,40.584
2,-1,1789817841.341518,-8.4567,40.584
2,-1,1789817841.342626,-8.5717,40.812
2,-1,1789817841.343521,-8.6868,40.584
2,-1,1789817841.344512,-8.8018,39.900
2,-1,1789817841.345512,-8.9361,40.128
2,-1,1789817841.346512,-9.0511,40.584
2,-1,1789817841.347511,-9.1854,40.812
2,-1,1789817841.348507,-9.3196,40.356
2,-1,1789817841.349510,-9.4155,40.128
2,-1,1789817841.350559,-9.5305,40.356
2,-1,1789817841.351514,-9.6456,40.584
2,-1,1789817841.352584,-9.7798,40.812
2,-1,1789817841.353589,-9.8757,39.900
2,-1,1789817841.354587,-10.0099,40.128
2,-1,1789817841.355600,-10.1442,40.812
2,-1,1789817841.356584,-10.2592,41.040
2,-1,1789817841.357512,-10.3743,40.584
2,-1,1789817841.358510,-10.4318,40.356
2,-1,1789817841.359514,-10.6044,40.812
2,-1,1789817841.360510,-10.7003,41.040
2,-1,1789817841.361510,-10.7578,40.812
2,-1,1789817841.362508,-10.9112,40.356
2,-1,1789817841.363510,-11.0071,40.356
2,-1,1789817841.364505,-11.1222,41.040
2,-1,1789817841.365508,-11.2372,41.040
2,-1,1789817841.366506,-11.4290,41.268
2,-1,1789817841.367511,-11.4865,40.356
2,-1,1789817841.368507,-11.5824,40.128
2,-1,1789817841.369508,-11.7166,41.040
2,-1,1789817841.370508,-11.8317,41.040
2,-1,1789817841.371512,-11.9851,40.812
2,-1,1789817841.372526,-12.0618,40.356
2,-1,1789817841.373485,-12.1960,40.812
2,-1,1789817841.374506,-12.2727,40.584
2,-1,1789817841.375504,-12.4261,41.040
2,-1,1789817841.376507,-12.5604,40.356
2,-1,1789817841.377504,-12.6371,39.900
2,-1,1789817841.378486,-12.7905,41.268
2,-1,1789817841.379504,-12.8864,40.812
2,-1,1789817841.380500,-13.0589,40.812
2,-1,1789817841.381484,-13.1548,40.356
2,-1,1789817841.382504,-13.2699,41.040
2,-1,1789817841.383502,-13.3658,40.812
2,-1,1789817841.384506,-13.5000,41.040
2,-1,1789817841.385503,-13.6151,40.128
2,-1,1789817841.386483,-13.7493,40.584
2,-1,1789817841.387503,-13.8452,40.584
2,-1,1789817841.388501,-13.9794,40.812
2,-1,1789817841.389482,-14.1328,40.812
2,-1,1789817841.390504,-14.2095,40.356
2,-1,1789817841.391500,-14.3246,40.584
2,-1,1789817841.392491,-14.4396,40.812
2,-1,1789817841.393506,-14.5739,41.040
2,-1,1789817841.394485,-14.6889,40.356
2,-1,1789817841.395483,-14.8040,40.128
2,-1,1789817841.396507,-14.9190,40.812
2,-1,1789817841.397502,-15.0533,41.268
2,-1,1789817841.398484,-15.2067,40.812
2,-1,1789817841.399504,-15.2642,40.356
2,-1,1789817841.400524,-15.3984,40.812
2,-1,1789817841.401466,-15.4943,41.040
2,-1,1789817841.402484,-15.5518,41.040
2,-1,1789817841.403482,-15.7628,40.812
2,-1,1789817841.404506,-15.8203,40.584
2,-1,1789817841.405503,-15.9929,41.040
2,-1,1789817841.406484,-16.1080,41.496
2,-1,1789817841.407504,-16.2422,41.268
2,-1,1789817841.408505,-16.2997,40.812
2,-1,1789817841.409483,-16.4148,40.584
2,-1,1789817841.410504,-16.5298,41.040
2,-1,1789817841.411501,-16.6449,41.040
2,-1,1789817841.412480,-16.7983,41.040
2,-1,1789817841.413481,-16.8942,40.584
2,-1,1789817841.414502,-17.0092,40.812
2,-1,1789817841.415483,-17.1435,41.496
2,-1,1789817841.416481,-17.2585,41.268
2,-1,1789817841.417501,-17.3736,40.584
2,-1,1789817841.418483,-17.5078,40.812
2,-1,1789817841.419481,-17.6229,41.496
2,-1,1789817841.420501,-17.7379,41.496
2,-1,1789817841.421483,-17.8722,41.040
2,-1,1789817841.422479,-17.9872,40.812
2,-1,1789817841.423501,-18.1023,41.040
2,-1,1789817841.424483,-18.2173,41.496
2,-1,1789817841.425480,-18.3324,41.496
2,-1,1789817841.426500,-18.4474,40.584
2,-1,1789817841.427482,-18.5817,40.812
2,-1,1789817841.428480,-18.6967,41.496
2,-1,1789817841.429502,-18.8118,41.496
2,-1,1789817841.430481,-18.9652,41.268
2,-1,1789817841.431480,-19.0611,40.812
2,-1,1789817841.432503,-19.1570,40.584
2,-1,1789817841.433463,-19.2912,41.268
2,-1,1789817841.434480,-19.4062,41.268
2,-1,1789817841.435501,-19.5213,40.584
2,-1,1789817841.436482,-19.6364,40.356
2,-1,1789817841.437480,-19.7514,41.040
2,-1,1789817841.438500,-19.8665,41.040
2,-1,1789817841.439481,-20.0391,41.040
2,-1,1789817841.440482,-20.0966,40.584
2,-1,1789817841.441506,-20.2116,40.812
2,-1,1789817841.442483,-20.3267,41.040
2,-1,1789817841.443479,-20.4418,41.040
2,-1,1789817841.444495,-20.5568,40.128
2,-1,1789817841.445481,-20.6911,40.356
2,-1,1789817841.446479,-20.8445,41.268
2,-1,1789817841.447500,-20.9403,41.040
2,-1,1789817841.448482,-21.0554,41.040
2,-1,1789817841.449479,-21.0938,40.128
2,-1,1789817841.450500,-21.2088,40.128
2,-1,1789817841.451481,-21.3430,41.040
2,-1,1789817841.452479,-21.4773,41.040
2,-1,1789817841.453495,-21.6307,40.812
2,-1,1789817841.454478,-21.7074,40.356
2,-1,1789817841.455479,-21.8416,41.040
2,-1,1789817841.456500,-21.9567,41.040
2,-1,1789817841.457481,-22.1293,41.040
2,-1,1789817841.458495,-22.2060,40.584
2,-1,1789817841.459500,-22.3210,40.584
2,-1,1789817841.460481,-22.4361,41.040
2,-1,1789817841.461479,-22.5511,41.268
2,-1,1789817841.462503,-22.6854,40.812
2,-1,1789817841.463480,-22.7812,40.584
2,-1,1789817841.464478,-22.8963,40.812
2,-1,1789817841.465496,-23.0305,41.496
2,-1,1789817841.466480,-23.1456,41.496
2,-1,1789817841.467478,-23.2798,41.040
2,-1,1789817841.468497,-23.3949,40.584
2,-1,1789817841.469479,-23.5099,41.496
2,-1,1789817841.470477,-23.6250,41.496
2,-1,1789817841.471496,-23.7784,41.268
2,-1,1789817841.472479,-23.8551,40.812
2,-1,1789817841.473479,-23.9893,41.268
2,-1,1789817841.474497,-24.1044,41.724
2,-1,1789817841.475480,-24.2195,41.268
2,-1,1789817841.476479,-24.3345,40.584
2,-1,1789817841.477500,-24.4496,40.584
2,-1,1789817841.478482,-24.5646,41.496
2,-1,1789817841.479478,-24.6797,41.496
2,-1,1789817841.480500,-24.8523,41.268
2,-1,1789817841.481482,-24.9482,40.812
2,-1,1789817841.482479,-25.0440,41.040
2,-1,1789817841.483503,-25.1783,41.724
2,-1,1789817841.484499,-25.2741,41.268
2,-1,1789817841.485479,-25.4084,40.812
2,-1,1789817841.486479,-25.5234,40.812
2,-1,1789817841.487501,-25.6385,41.268
2,-1,1789817841.488482,-25.7536,41.268
2,-1,1789817841.489480,-25.8686,40.812
2,-1,1789817841.490502,-25.9261,40.584
2,-1,1789817841.491481,-26.0987,40.812
2,-1,1789817841.492478,-26.1562,41.040
2,-1,1789817841.493504,-26.2713,41.040
2,-1,1789817841.494480,-26.4631,40.356
2,-1,1789817841.495478,-26.5014,40.128
2,-1,1789817841.496496,-26.6357,40.584
2,-1,1789817841.497462,-26.7124,40.356
2,-1,1789817841.498480,-26.8849,40.356
2,-1,1789817841.499480,-26.9425,39.672
2,-1,1789817841.500496,-27.0384,39.444
2,-1,1789817841.501481,-27.1534,40.128
2,-1,1789817841.502479,-27.2301,39.444
2,-1,1789817841.503500,-27.3835,39.216
2,-1,1789817841.504483,-27.4411,38.532
2,-1,1789817841.505481,-27.5369,38.532
2,-1,1789817841.506500,-27.6520,38.988
2,-1,1789817841.507478,-27.7287,38.532
2,-1,1789817841.508476,-27.8246,37.620
2,-1,1789817841.509492,-27.9396,37.392
2,-1,1789817841.510477,-28.0355,37.620
2,-1,1789817841.511473,-28.1122,37.164
2,-1,1789817841.512494,-28.2273,36.252
2,-1,1789817841.513474,-28.2848,35.796
2,-1,1789817841.514476,-28.3615,35.568
2,-1,1789817841.515494,-28.4382,35.340
2,-1,1789817841.516477,-28.5149,34.884
2,-1,1789817841.517473,-28.5916,33.744
2,-1,1789817841.518491,-28.6683,33.288
2,-1,1789817841.519477,-28.7259,33.288
2,-1,1789817841.520478,-28.8026,32.832
2,-1,1789817841.521496,-28.8793,31.692
2,-1,1789817841.522480,-28.9176,30.780
2,-1,1789817841.523478,-28.9943,30.552
2,-1,1789817841.524513,-29.0518,30.324
2,-1,1789817841.525479,-29.0902,29.184
2,-1,1789817841.526478,-29.1477,28.272
2,-1,1789817841.527495,-29.1861,27.360
2,-1,1789817841.528479,-29.2244,27.132
2,-1,1789817841.529458,-29.2820,26.676
2,-1,1789817841.530496,-29.3395,25.536
2,-1,1789817841.531479,-29.3395,24.396
2,-1,1789817841.532477,-29.3778,23.712
2,-1,1789817841.533477,-29.3970,23.256
2,-1,1789817841.534495,-29.4354,22.572
2,-1,1789817841.535479,-29.4545,20.748
2,-1,1789817841.536478,-29.4929,20.520
2,-1,1789817841.537496,-29.5121,20.064
2,-1,1789817841.538479,-29.5121,18.696
2,-1,1789817841.539480,-29.5504,18.012
2,-1,1789817841.540476,-29.5504,17.100
2,-1,1789817841.541497,-29.5888,16.416
2,-1,1789817841.542480,-29.5888,15.960
2,-1,1789817841.543479,-29.6271,15.504
2,-1,1789817841.544477,-29.6463,14.364
2,-1,1789817841.545495,-29.6463,13.452
2,-1,1789817841.546482,-29.6463,12.768
2,-1,1789817841.547478,-29.6463,12.084
2,-1,1789817841.548495,-29.6655,11.172
2,-1,1789817841.549479,-29.6655,10.260
2,-1,1789817841.550479,-29.7038,9.804
2,-1,1789817841.551476,-29.6847,9.576
2,-1,1789817841.552495,-29.7038,8.892
2,-1,1789817841.553480,-29.6847,7.524
2,-1,1789817841.554478,-29.6847,7.068
2,-1,1789817841.555477,-29.6847,6.612
2,-1,1789817841.556495,-29.6847,6.156
2,-1,1789817841.557479,-29.7038,5.928
2,-1,1789817841.558474,-29.7038,5.016
2,-1,1789817841.559493,-29.7230,4.788
2,-1,1789817841.560478,-29.7230,4.560
2,-1,1789817841.561474,-29.7038,4.104
2,-1,1789817841.562494,-29.7230,3.876
2,-1,1789817841.563477,-29.7230,3.420
2,-1,1789817841.564475,-29.7230,3.192
2,-1,1789817841.565494,-29.7230,2.964
2,-1,1789817841.566477,-29.7230,2.736
2,-1,1789817841.567475,-29.7230,2.508
2,-1,1789817841.568494,-29.7230,2.052
2,-1,1789817841.569477,-29.7422,2.280
2,-1,1789817841.570474,-29.7614,2.052
2,-1,1789817841.571494,-29.7422,1.596
2,-1,1789817841.572473,-29.7422,1.368
2,-1,1789817841.573473,-29.7614,1.368
2,-1,1789817841.574495,-29.7422,1.140
2,-1,1789817841.575476,-29.7614,1.368
2,-1,1789817841.576474,-29.7422,0.912
2,-1,1789817841.577493,-29.7805,1.368
2,-1,1789817841.578477,-29.7805,1.368
2,-1,1789817841.579473,-29.7805,0.912
2,-1,1789817841.580492,-29.7805,1.140
2,-1,1789817841.581483,-29.7805,1.368
2,-1,1789817841.582478,-29.7997,1.368
2,-1,1789817841.583495,-29.7997,1.368
2,-1,1789817841.584480,-29.8189,1.596
2,-1,1789817841.585475,-29.8189,1.596
2,-1,1789817841.586493,-29.8381,1.596
2,-1,1789817841.587475,-29.8381,1.140
2,-1,1789817841.588475,-29.8189,0.912
2,-1,1789817841.589494,-29.8381,1.368
2,-1,1789817841.590477,-29.8381,1.596
2,-1,1789817841.591474,-29.8381,1.596
2,-1,1789817841.592493,-29.8381,1.368
2,-1,1789817841.593468,-29.8381,1.368
2,-1,1789817841.594478,-29.8381,1.368
2,-1,1789817841.595494,-29.8381,1.368
2,-1,1789817841.596476,-29.8381,1.368
2,-1,1789817841.597481,-29.8381,1.368
2,-1,1789817841.598512,-29.8381,1.368
2,-1,1789817841.599480,-29.8381,0.684
2,-1,1789817841.600475,-29.8381,1.368
2,-1,1789817841.601491,-29.8381,1.140
2,-1,1789817841.602476,-29.8381,0.684
2,-1,1789817841.603474,-29.8381,1.140
2,-1,1789817841.604489,-29.8381,0.684
2,-1,1789817841.605475,-29.8381,1.140
2,-1,1789817841.606474,-29.8381,0.912
2,-1,1789817841.607493,-29.8381,0.456
2,-1,1789817841.608475,-29.8381,0.456
2,-1,1789817841.609474,-29.8189,0.456
2,-1,1789817841.610491,-29.8381,0.456
2,-1,1789817841.611474,-29.8381,0.000
2,-1,1789817841.612472,-29.8381,0.000
2,-1,1789817841.613492,-29.8381,0.000
2,-1,1789817841.614474,-29.8381,0.000
2,-1,1789817841.615474,-29.8189,0.000
2,-1,1789817841.616492,-29.8381,0.000
2,-1,1789817841.617474,-29.8189,0.000
2,-1,1789817841.618473,-29.8381,0.000
2,-1,1789817841.619492,-29.8381,0.000
2,-1,1789817841.620474,-29.8189,0.000
2,-1,1789817841.621473,-29.8381,0.000
2,-1,1789817841.622490,-29.8189,0.000
2,-1,1789817841.623474,-29.8381,0.000
2,-1,1789817841.624473,-29.8381,0.000
2,-1,1789817841.625490,-29.8381,0.000
2,-1,1789817841.626474,-29.8381,0.000
2,-1,1789817841.627475,-29.8189,0.000
2,-1,1789817841.628492,-29.8381,0.000
2,-1,1789817841.629474,-29.8381,0.000
2,-1,1789817841.630472,-29.8381,0.000
2,-1,1789817841.631492,-29.8381,0.000
2,-1,1789817841.632475,-29.8189,0.000
2,-1,1789817841.633472,-29.8381,0.000
2,-1,1789817841.634492,-29.8381,0.000
2,-1,1789817841.635475,-29.8381,0.000
2,-1,1789817841.636470,-29.8189,0.000
2,-1,1789817841.637488,-29.8381,0.000
2,-1,1789817841.638474,-29.8381,0.000
2,-1,1789817841.639473,-29.8189,0.000
2,-1,1789817841.640472,-29.8381,0.000
2,-1,1789817841.641491,-29.8381,0.000
2,-1,1789817841.642481,-29.8381,0.000
2,-1,1789817841.643475,-29.8189,0.000
2,-1,1789817841.644491,-29.8381,0.000
2,-1,1789817841.645474,-29.8189,0.000
2,-1,1789817841.646472,-29.8381,0.000
2,-1,1789817841.647454,-29.8381,0.000
2,-1,1789817841.648473,-29.8189,0.000
2,-1,1789817841.649473,-29.8381,0.000
2,-1,1789817841.650455,-29.8381,0.000
2,-1,1789817841.651473,-29.8381,0.000
2,-1,1789817841.652471,-29.8381,0.000
2,-1,1789817841.653455,-29.8381,0.000
2,-1,1789817841.654473,-29.8381,0.000
2,-1,1789817841.655471,-29.8381,0.000
2,-1,1789817841.656455,-29.8381,0.000
2,-1,1789817841.657455,-29.8381,0.000
2,-1,1789817841.658473,-29.8381,0.000
2,-1,1789817841.659471,-29.8189,0.000
2,-1,1789817841.660456,-29.8381,0.000
2,-1,1789817841.661473,-29.8381,0.000
2,-1,1789817841.662454,-29.8381,0.000
2,-1,1789817841.663473,-29.8381,0.000
2,-1,1789817841.664470,-29.8381,0.000
2,-1,1789817841.665453,-29.8381,0.000
2,-1,1789817841.666472,-29.8381,0.000
2,-1,1789817841.667470,-29.8189,0.000
2,-1,1789817841.668450,-29.8381,0.000
2,-1,1789817841.669471,-29.8381,0.000
2,-1,1789817841.670454,-29.8381,0.000
2,-1,1789817841.671473,-29.8381,0.000
2,-1,1789817841.672470,-29.8381,0.000
2,-1,1789817841.673453,-29.8189,0.000
2,-1,1789817841.674469,-29.8381,0.000
2,-1,1789817841.675453,-29.8381,0.000
2,-1,1789817841.676471,-29.8381,0.000
2,-1,1789817841.677472,-29.7997,0.000
2,-1,1789817841.678454,-29.8189,0.000
2,-1,1789817841.679451,-29.8381,0.000
2,-1,1789817841.680470,-29.8381,0.000
2,-1,1789817841.681452,-29.8189,0.000
2,-1,1789817841.682472,-29.8381,0.000
2,-1,1789817841.683454,-29.8381,0.000
2,-1,1789817841.684453,-29.8381,0.000
2,-1,1789817841.685471,-29.8189,0.000
2,-1,1789817841.686451,-29.8189,0.000
2,-1,1789817841.687469,-29.8381,0.000
2,-1,1789817841.688452,-29.8381,0.000
2,-1,1789817841.689467,-29.8381,0.000
2,-1,1789817841.690452,-29.8381,0.000
2,-1,1789817841.691470,-29.8381,0.000
2,-1,1789817841.692461,-29.8381,0.000
2,-1,1789817841.693475,-29.8381,0.000
2,-1,1789817841.694453,-29.8381,0.000
2,-1,1789817841.695449,-29.8381,0.000
2,-1,1789817841.696468,-29.8381,0.000
2,-1,1789817841.697451,-29.8189,0.000
2,-1,1789817841.698469,-29.8381,0.000
2,-1,1789817841.699453,-29.8381,0.000
2,-1,1789817841.700447,-29.8381,0.000
2,-1,1789817841.701448,-29.8189,0.000
2,-1,1789817841.702453,-29.8381,0.000
2,-1,1789817841.703451,-29.8381,0.000
2,-1,1789817841.704450,-29.8381,0.000
2,-1,1789817841.705453,-29.8381,0.000
2,-1,1789817841.706450,-29.8381,0.000
2,-1,1789817841.707447,-29.8381,0.000
2,-1,1789817841.708452,-29.8381,0.000
2,-1,1789817841.709448,-29.8189,0.000
2,-1,1789817841.710452,-29.8381,0.000
2,-1,1789817841.711450,-29.8381,0.000
2,-1,1789817841.712447,-29.8381,0.000
2,-1,1789817841.713452,-29.8381,0.000
2,-1,1789817841.714450,-29.8189,0.000
2,-1,1789817841.715448,-29.8381,0.000
2,-1,1789817841.716450,-29.8381,0.000
2,-1,1789817841.717448,-29.8381,0.000
2,-1,1789817841.718451,-29.8381,0.000
2,-1,1789817841.719448,-29.8381,0.000
2,-1,1789817841.720446,-29.8381,0.000
2,-1,1789817841.721451,-29.8381,0.000
2,-1,1789817841.722447,-29.8189,0.000
2,-1,1789817841.723452,-29.8381,0.000
2,-1,1789817841.724450,-29.8189,0.000
2,-1,1789817841.725451,-29.8381,0.000
2,-1,1789817841.726451,-29.8189,0.000
2,-1,1789817841.727456,-29.8381,0.000
2,-1,1789817841.728452,-29.8381,0.000
2,-1,1789817841.729450,-29.8381,0.000
2,-1,1789817841.730446,-29.8381,0.000
2,-1,1789817841.731451,-29.8381,0.000
2,-1,1789817841.732445,-29.8381,0.000
2,-1,1789817841.733446,-29.8381,0.000
2,-1,1789817841.734451,-29.8381,0.000
2,-1,1789817841.735446,-29.8381,0.000
2,-1,1789817841.736450,-29.8381,0.000
2,-1,1789817841.737449,-29.8189,0.000
2,-1,1789817841.738451,-29.8381,0.000
2,-1,1789817841.739448,-29.8189,0.000
2,-1,1789817841.740446,-29.8381,0.000
2,-1,1789817841.741451,-29.8381,0.000
2,-1,1789817841.742447,-29.8381,0.000
2,-1,1789817841.743447,-29.8381,0.000
2,-1,1789817841.744450,-29.8189,0.000
2,-1,1789817841.745450,-29.8381,0.000
2,-1,1789817841.746448,-29.8189,0.000
2,-1,1789817841.747446,-29.8381,0.000
2,-1,1789817841.748451,-29.8381,0.000
2,-1,1789817841.749449,-29.8189,0.000
2,-1,1789817841.750450,-29.8381,0.000
2,-1,1789817841.751447,-29.8381,0.000
2,-1,1789817841.752445,-29.8381,0.000
2,-1,1789817841.753433,-29.8189,0.000
2,-1,1789817841.754447,-29.8189,0.000
2,-1,1789817841.755451,-29.8381,0.000
2,-1,1789817841.756448,-29.8381,0.000
2,-1,1789817841.757445,-29.8381,0.000
2,-1,1789817841.758462,-29.8381,0.000
2,-1,1789817841.759447,-29.8381,0.000
2,-1,1789817841.760447,-29.8381,0.000
2,-1,1789817841.761444,-29.8381,0.000
2,-1,1789817841.762449,-29.8189,0.000
2,-1,1789817841.763445,-29.8381,0.000
2,-1,1789817841.764444,-29.8381,0.000
2,-1,1789817841.765444,-29.8381,0.000
2,-1,1789817841.766448,-29.8381,0.000
2,-1,1789817841.767443,-29.8189,0.000
2,-1,1789817841.768448,-29.8189,0.000
2,-1,1789817841.769444,-29.8381,0.000
2,-1,1789817841.770448,-29.8381,0.000
2,-1,1789817841.771444,-29.8381,0.000
2,-1,1789817841.772450,-29.8189,0.000
2,-1,1789817841.773447,-29.8189,0.000
2,-1,1789817841.774445,-29.8381,0.000
2,-1,1789817841.775449,-29.8381,0.000
2,-1,1789817841.776446,-29.8381,0.000
2,-1,1789817841.777445,-29.8381,0.000
2,-1,1789817841.778449,-29.8381,0.000
2,-1,1789817841.779447,-29.8381,0.000
2,-1,1789817841.780444,-29.8189,0.000
2,-1,1789817841.781453,-29.8381,0.000
2,-1,1789817841.782446,-29.8381,0.000
2,-1,1789817841.783449,-29.8381,0.000
2,-1,1789817841.784447,-29.8189,0.000
2,-1,1789817841.785425,-29.8381,0.000
2,-1,1789817841.786448,-29.8189,0.000
2,-1,1789817841.787446,-29.8381,0.000
2,-1,1789817841.788444,-29.8381,0.000
2,-1,1789817841.789448,-29.8381,0.000
2,-1,1789817841.790447,-29.8381,0.000
2,-1,1789817841.791443,-29.8189,0.000
2,-1,1789817841.792448,-29.8381,0.000
2,-1,1789817841.793446,-29.8381,0.000
2,-1,1789817841.794445,-29.8381,0.000
2,-1,1789817841.795448,-29.8189,0.000
2,-1,1789817841.796441,-29.8381,0.000
2,-1,1789817841.797448,-29.8189,0.000
2,-1,1789817841.798445,-29.8381,0.000
2,-1,1789817841.799443,-29.8189,0.000
2,-1,1789817841.800447,-29.8381,0.000
2,-1,1789817841.801444,-29.8381,0.000
2,-1,1789817841.802448,-29.8381,0.000
2,-1,1789817841.803447,-29.8381,0.000
2,-1,1789817841.804444,-29.8381,0.000
2,-1,1789817841.805449,-29.8189,0.000
2,-1,1789817841.806442,-29.8381,0.000
2,-1,1789817841.807446,-29.8381,0.000
2,-1,1789817841.808436,-29.8381,0.000
2,-1,1789817841.809451,-29.8381,0.000
2,-1,1789817841.810442,-29.8381,0.000
2,-1,1789817841.811445,-29.8381,0.000
2,-1,1789817841.812442,-29.8381,0.000
2,-1,1789817841.813446,-29.8189,0.000
2,-1,1789817841.814443,-29.8381,0.000
2,-1,1789817841.815441,-29.8381,0.000
2,-1,1789817841.816444,-29.8189,0.000
2,-1,1789817841.817434,-29.8381,0.000
2,-1,1789817841.818446,-29.8381,0.000
2,-1,1789817841.819445,-29.8381,0.000
2,-1,1789817841.820447,-29.8381,0.000
2,-1,1789817841.821445,-29.8381,0.000
2,-1,1789817841.822448,-29.8381,0.000
2,-1,1789817841.823447,-29.8381,0.000
2,-1,1789817841.824446,-29.8381,0.000
2,-1,1789817841.825442,-29.8381,0.000
2,-1,1789817841.826446,-29.8381,0.000
2,-1,1789817841.827444,-29.8381,0.000
2,-1,1789817841.828443,-29.8381,0.000
2,-1,1789817841.829443,-29.8189,0.000
2,-1,1789817841.830447,-29.8381,0.000
2,-1,1789817841.831443,-29.8381,0.000
2,-1,1789817841.832447,-29.8381,0.000
2,-1,1789817841.833444,-29.8381,0.000
2,-1,1789817841.834443,-29.8381,0.000
2,-1,1789817841.835446,-29.8381,0.000
2,-1,1789817841.836445,-29.8381,0.000
2,-1,1789817841.837453,-29.8381,0.000
2,-1,1789817841.838445,-29.8381,0.000
2,-1,1789817841.839449,-29.8189,0.000
2,-1,1789817841.840446,-29.8189,0.000
2,-1,1789817841.841447,-29.8381,0.000
2,-1,1789817841.842444,-29.8381,0.000
2,-1,1789817841.843451,-29.8381,0.000
2,-1,1789817841.844444,-29.8381,0.000
2,-1,1789817841.845445,-29.8189,0.000
2,-1,1789817841.846444,-29.8381,0.000
2,-1,1789817841.847441,-29.8189,0.000
2,-1,1789817841.848448,-29.8381,0.000
2,-1,1789817841.849440,-29.8381,0.000
2,-1,1789817841.850444,-29.8381,0.000
2,-1,1789817841.851447,-29.8381,0.000
2,-1,1789817841.852444,-29.8381,0.000
2,-1,1789817841.853442,-29.8381,0.000
2,-1,1789817841.854447,-29.8381,0.000
2,-1,1789817841.855447,-29.8381,0.000
2,-1,1789817841.856445,-29.8189,0.000
2,-1,1789817841.857445,-29.8381,0.000
2,-1,1789817841.858442,-29.8381,0.000
2,-1,1789817841.859444,-29.8381,0.000
2,-1,1789817841.860440,-29.8381,0.000
2,-1,1789817841.861442,-29.8189,0.000
2,-1,1789817841.862446,-29.8381,0.000
2,-1,1789817841.863442,-29.8381,0.000
2,-1,1789817841.864446,-29.8381,0.000
2,-1,1789817841.865441,-29.8381,0.000
2,-1,1789817841.866437,-29.8381,0.000
2,-1,1789817841.867442,-29.8381,0.000
2,-1,1789817841.868438,-29.8189,0.000
2,-1,1789817841.869445,-29.8381,0.000
2,-1,1789817841.870440,-29.8381,0.000
2,-1,1789817841.871444,-29.8381,0.000
2,-1,1789817841.872440,-29.8381,0.000
2,-1,1789817841.873444,-29.8381,0.000
2,-1,1789817841.874438,-29.8189,0.000
2,-1,1789817841.875443,-29.8381,0.000
2,-1,1789817841.876445,-29.8381,0.000
2,-1,1789817841.877445,-29.8189,0.000
2,-1,1789817841.878441,-29.8381,0.000
2,-1,1789817841.879441,-29.8381,0.000
2,-1,1789817841.880445,-29.8189,0.000
2,-1,1789817841.881423,-29.8381,0.000
2,-1,1789817841.882442,-29.8381,0.000
2,-1,1789817841.883445,-29.8381,0.000
2,-1,1789817841.884441,-29.8381,0.000
2,-1,1789817841.885440,-29.8381,0.000
2,-1,1789817841.886444,-29.8381,0.000
2,-1,1789817841.887441,-29.8381,0.000
2,-1,1789817841.888478,-29.8381,0.000
2,-1,1789817841.889441,-29.8381,0.000
2,-1,1789817841.890445,-29.8381,0.000
2,-1,1789817841.891443,-29.8189,0.000
2,-1,1789817841.892437,-29.8381,0.000
2,-1,1789817841.893439,-29.8381,0.000
2,-1,1789817841.894443,-29.8381,0.000
2,-1,1789817841.895444,-29.8381,0.000
2,-1,1789817841.896444,-29.8189,0.000
2,-1,1789817841.897442,-29.8381,0.000
2,-1,1789817841.898439,-29.8381,0.000
2,-1,1789817841.899442,-29.8381,0.000
2,-1,1789817841.900439,-29.8381,0.000
2,-1,1789817841.901445,-29.8189,0.000
2,-1,1789817841.902444,-29.8381,0.000
2,-1,1789817841.903442,-29.8381,0.000
2,-1,1789817841.904439,-29.8381,0.000
2,-1,1789817841.905444,-29.8189,0.000
2,-1,1789817841.906441,-29.8381,0.000
2,-1,1789817841.907440,-29.8381,0.000
2,-1,1789817841.908445,-29.8381,0.000
2,-1,1789817841.909442,-29.8381,0.000
2,-1,1789817841.910439,-29.8381,0.000
2,-1,1789817841.911445,-29.8381,0.000
2,-1,1789817841.912442,-29.8381,0.000
2,-1,1789817841.913436,-29.8381,0.000
2,-1,1789817841.914443,-29.8381,0.000
2,-1,1789817841.915439,-29.8381,0.000
2,-1,1789817841.916443,-29.8381,0.000
2,-1,1789817841.917439,-29.8381,0.000
2,-1,1789817841.918444,-29.8189,0.000
2,-1,1789817841.919443,-29.8381,0.000
2,-1,1789817841.920439,-29.8381,0.000
2,-1,1789817841.921439,-29.8189,0.000
2,-1,1789817841.922441,-29.8189,0.000
2,-1,1789817841.923438,-29.8381,0.000
2,-1,1789817841.924440,-29.8381,0.000
2,-1,1789817841.925438,-29.8381,0.000
2,-1,1789817841.926442,-29.8381,0.000
2,-1,1789817841.927438,-29.8381,0.000
2,-1,1789817841.928443,-29.8381,0.000
2,-1,1789817841.929439,-29.8381,0.000
2,-1,1789817841.930437,-29.8189,0.000
2,-1,1789817841.931442,-29.8189,0.000
2,-1,1789817841.932438,-29.8381,0.000
2,-1,1789817841.933443,-29.8381,0.000
2,-1,1789817841.934445,-29.8189,0.000
2,-1,1789817841.935443,-29.8381,0.000
2,-1,1789817841.936438,-29.8381,0.000
2,-1,1789817841.937434,-29.8189,0.000
2,-1,1789817841.938421,-29.8189,0.000
2,-1,1789817841.939433,-29.8189,0.000
2,-1,1789817841.940417,-29.8189,0.000
2,-1,1789817841.941436,-29.8381,0.000
2,-1,1789817841.942419,-29.8381,0.000
2,-1,1789817841.943435,-29.8381,0.000
2,-1,1789817841.944419,-29.8381,0.000
2,-1,1789817841.945419,-29.8381,0.000
2,-1,1789817841.946422,-29.8381,0.000
2,-1,1789817841.947437,-29.8381,0.000
2,-1,1789817841.948420,-29.8381,0.000
2,-1,1789817841.949438,-29.8381,0.000
2,-1,1789817841.950420,-29.8381,0.000
2,-1,1789817841.951437,-29.8189,0.000
2,-1,1789817841.952422,-29.8189,0.000
2,-1,1789817841.953435,-29.8381,0.000
2,-1,1789817841.954418,-29.8381,0.000
2,-1,1789817841.955434,-29.8381,0.000
2,-1,1789817841.956419,-29.8381,0.000
2,-1,1789817841.957442,-29.8189,0.000
2,-1,1789817841.958423,-29.8381,0.000
2,-1,1789817841.959438,-29.8381,0.000
2,-1,1789817841.960419,-29.8381,0.000
2,-1,1789817841.961437,-29.8381,0.000
2,-1,1789817841.962420,-29.8381,0.000
2,-1,1789817841.963438,-29.8381,0.000
2,-1,1789817841.964415,-29.8381,0.000
2,-1,1789817841.965437,-29.8381,0.000
2,-1,1789817841.966421,-29.8381,0.000
2,-1,1789817841.967439,-29.8381,0.000
2,-1,1789817841.968421,-29.8381,0.000
2,-1,1789817841.969437,-29.8381,0.000
2,-1,1789817841.970421,-29.8381,0.000
2,-1,1789817841.971437,-29.8381,0.000
2,-1,1789817841.972421,-29.8381,0.000
2,-1,1789817841.973436,-29.8381,0.000
2,-1,1789817841.974420,-29.8381,0.000
2,-1,1789817841.975436,-29.8189,0.000
2,-1,1789817841.976420,-29.8381,0.000
2,-1,1789817841.977432,-29.8381,0.000
2,-1,1789817841.978421,-29.8381,0.000
2,-1,1789817841.979438,-29.8189,0.000
2,-1,1789817841.980419,-29.8381,0.000
2,-1,1789817841.981436,-29.8381,0.000
2,-1,1789817841.982419,-29.8189,0.000
2,-1,1789817841.983436,-29.8189,0.000
2,-1,1789817841.984420,-29.8381,0.000
2,-1,1789817841.985438,-29.8381,0.000
2,-1,1789817841.986425,-29.8381,0.000
2,-1,1789817841.987440,-29.8381,0.000
2,-1,1789817841.988417,-29.8381,0.000
2,-1,1789817841.989414,-29.8381,0.000
2,-1,1789817841.990420,-29.8381,0.000
2,-1,1789817841.991415,-29.8381,0.000
2,-1,1789817841.992419,-29.8381,0.000
2,-1,1789817841.993414,-29.8381,0.000
2,-1,1789817841.994419,-29.8381,0.000
2,-1,1789817841.995415,-29.8381,0.000
2,-1,1789817841.996420,-29.8381,0.000
2,-1,1789817841.997414,-29.8189,0.000
2,-1,1789817841.998419,-29.8381,0.000
2,-1,1789817841.999412,-29.8381,0.000
2,-1,1789817842.000419,-29.8381,0.000
2,-1,1789817842.001416,-29.8381,0.000
2,-1,1789817842.002419,-29.8381,0.000
2,-1,1789817842.003415,-29.8381,0.000
2,-1,1789817842.004419,-29.8381,0.000
2,-1,1789817842.005415,-29.8381,0.000
2,-1,1789817842.006418,-29.8381,0.000
2,-1,1789817842.007415,-29.8381,0.000
2,-1,1789817842.008420,-29.8381,0.000
2,-1,1789817842.009400,-29.8381,0.000
2,-1,1789817842.010419,-29.8381,0.000
2,-1,1789817842.011415,-29.8189,0.000
2,-1,1789817842.012420,-29.8189,0.000
2,-1,1789817842.013414,-29.8381,0.000
2,-1,1789817842.014418,-29.8189,0.000
2,-1,1789817842.015416,-29.8381,0.000
2,-1,1789817842.016420,-29.8381,0.000
2,-1,1789817842.017413,-29.8381,0.000
2,-1,1789817842.018417,-29.8381,0.000
2,-1,1789817842.019406,-29.8381,0.000
2,-1,1789817842.020423,-29.8381,0.000
2,-1,1789817842.021415,-29.8381,0.000
2,-1,1789817842.022417,-29.8381,0.000
2,-1,1789817842.023417,-29.8381,0.000
2,-1,1789817842.024419,-29.8381,0.000
2,-1,1789817842.025413,-29.8381,0.000
2,-1,1789817842.026416,-29.8189,0.000
2,-1,1789817842.027411,-29.8381,0.000
2,-1,1789817842.028417,-29.8381,0.000
2,-1,1789817842.029413,-29.8189,0.000
2,-1,1789817842.030417,-29.8381,0.000
2,-1,1789817842.031414,-29.8381,0.000
2,-1,1789817842.032416,-29.8381,0.000
2,-1,1789817842.033411,-29.8381,0.000
2,-1,1789817842.034416,-29.8381,0.000
2,-1,1789817842.035414,-29.8381,0.000
2,-1,1789817842.036418,-29.8189,0.000
2,-1,1789817842.037414,-29.8381,0.000
2,-1,1789817842.038418,-29.8381,0.000
2,-1,1789817842.039413,-29.8381,0.000
2,-1,1789817842.040416,-29.8381,0.000
2,-1,1789817842.041394,-29.8381,0.000
2,-1,1789817842.042418,-29.8381,0.000
2,-1,1789817842.043413,-29.8381,0.000
2,-1,1789817842.044418,-29.8381,0.000
2,-1,1789817842.045414,-29.8189,0.000
2,-1,1789817842.046418,-29.8381,0.000
2,-1,1789817842.047414,-29.8381,0.000
2,-1,1789817842.048417,-29.8189,0.000
2,-1,1789817842.049411,-29.8381,0.000
2,-1,1789817842.050417,-29.8381,0.000
2,-1,1789817842.051413,-29.8381,0.000
2,-1,1789817842.052416,-29.8381,0.000
2,-1,1789817842.053410,-29.8381,0.000
2,-1,1789817842.054417,-29.8381,0.000
2,-1,1789817842.055413,-29.8381,0.000
2,-1,1789817842.056418,-29.8381,0.000
2,-1,1789817842.057410,-29.8381,0.000
2,-1,1789817842.058416,-29.8189,0.000
2,-1,1789817842.059409,-29.8381,0.000
2,-1,1789817842.060416,-29.8381,0.000
2,-1,1789817842.061413,-29.8381,0.000
2,-1,1789817842.062417,-29.8381,0.000
2,-1,1789817842.063414,-29.8381,0.000
2,-1,1789817842.064416,-29.8381,0.000
2,-1,1789817842.065413,-29.8381,0.000
2,-1,1789817842.066416,-29.8189,0.000
2,-1,1789817842.067412,-29.8381,0.000
2,-1,1789817842.068417,-29.8189,0.000
2,-1,1789817842.069411,-29.8381,0.000
2,-1,1789817842.070415,-29.8189,0.000
2,-1,1789817842.071412,-29.8381,0.000
2,-1,1789817842.072417,-29.8381,0.000
2,-1,1789817842.073412,-29.8189,0.000
2,-1,1789817842.074417,-29.7997,0.000
2,-1,1789817842.075412,-29.8189,0.000
2,-1,1789817842.076416,-29.8381,0.000
2,-1,1789817842.077413,-29.8381,0.000
2,-1,1789817842.078418,-29.8381,0.000
2,-1,1789817842.079412,-29.8381,0.000
2,-1,1789817842.080415,-29.8189,0.000
2,-1,1789817842.081411,-29.8381,0.000
2,-1,1789817842.082417,-29.8381,0.000
2,-1,1789817842.083411,-29.8381,0.000
2,-1,1789817842.084414,-29.8381,0.000
2,-1,1789817842.085412,-29.8381,0.000
2,-1,1789817842.086417,-29.8189,0.000
2,-1,1789817842.087446,-29.8189,0.000
2,-1,1789817842.088423,-29.8381,0.000
2,-1,1789817842.089421,-29.8381,0.000
2,-1,1789817842.090423,-29.8381,0.000
2,-1,1789817842.091417,-29.8189,0.000
2,-1,1789817842.092417,-29.8189,0.000
2,-1,1789817842.093418,-29.8381,0.000
2,-1,1789817842.094422,-29.8189,0.000
2,-1,1789817842.095412,-29.8189,0.000
2,-1,1789817842.096415,-29.8381,0.000
2,-1,1789817842.097416,-29.8381,0.000
2,-1,1789817842.098415,-29.8381,0.000
2,-1,1789817842.099411,-29.8381,0.000
2,-1,1789817842.100417,-29.8381,0.000
2,-1,1789817842.101412,-29.8381,0.000
2,-1,1789817842.102415,-29.8381,0.000
2,-1,1789817842.103395,-29.8189,0.000
2,-1,1789817842.104413,-29.8381,0.000
2,-1,1789817842.105392,-29.8381,0.000
2,-1,1789817842.106415,-29.8381,0.000
2,-1,1789817842.107410,-29.8381,0.000
2,-1,1789817842.108422,-29.8381,0.000
2,-1,1789817842.109410,-29.8381,0.000
2,-1,1789817842.110415,-29.8381,0.000
2,-1,1789817842.111412,-29.8381,0.000
2,-1,1789817842.112414,-29.8381,0.000
2,-1,1789817842.113411,-29.8381,0.000
2,-1,1789817842.114413,-29.8381,0.000
2,-1,1789817842.115409,-29.8381,0.000
2,-1,1789817842.116412,-29.8381,0.000
2,-1,1789817842.117410,-29.8381,0.000
2,-1,1789817842.118413,-29.8189,0.000
2,-1,1789817842.119410,-29.8381,0.000
2,-1,1789817842.120413,-29.8189,0.000
2,-1,1789817842.121410,-29.8381,0.000
2,-1,1789817842.122414,-29.8381,0.000
2,-1,1789817842.123409,-29.8189,0.000
2,-1,1789817842.124413,-29.8381,0.000
2,-1,1789817842.125410,-29.8189,0.000
2,-1,1789817842.126413,-29.8381,0.000
2,-1,1789817842.127411,-29.8381,0.000
2,-1,1789817842.128414,-29.8381,0.000
2,-1,1789817842.129409,-29.8381,0.000
2,-1,1789817842.130412,-29.8381,0.000
2,-1,1789817842.131409,-29.8381,0.000
2,-1,1789817842.132420,-29.8381,0.000
2,-1,1789817842.133410,-29.8381,0.000
2,-1,1789817842.134413,-29.8189,0.000
2,-1,1789817842.135409,-29.8381,0.000
2,-1,1789817842.136413,-29.8381,0.000
2,-1,1789817842.137390,-29.8381,0.000
2,-1,1789817842.138414,-29.8381,0.000
2,-1,1789817842.139408,-29.8381,0.000
2,-1,1789817842.140414,-29.8381,0.000
2,-1,1789817842.141409,-29.8381,0.000
2,-1,1789817842.142415,-29.8381,0.000
2,-1,1789817842.143410,-29.8381,0.000
2,-1,1789817842.144401,-29.8381,0.000
2,-1,1789817842.145408,-29.8381,0.000
