slope,rep,t_s,q_deg
8,1,0.00098,4.353
8,1,0.00196,4.353
8,1,0.00295,4.353
8,1,0.0039,4.3146
8,1,0.00487,4.3146
8,1,0.00587,4.3338
8,1,0.00688,4.3338
8,1,0.00787,4.3338
8,1,0.00888,4.3338
8,1,0.00987,4.3146
8,1,0.01086,4.3338
8,1,0.01188,4.3146
8,1,0.01287,4.3338
8,1,0.01388,4.3338
8,1,0.01486,4.3338
8,1,0.01581,4.3338
8,1,0.0168,4.3338
8,1,0.01781,4.353
8,1,0.0188,4.3338
8,1,0.01981,4.3146
8,1,0.0208,4.3338
8,1,0.02181,4.3338
8,1,0.0228,4.3338
8,1,0.02381,4.3338
8,1,0.0248,4.3338
8,1,0.0258,4.3338
8,1,0.0268,4.3338
8,1,0.0278,4.353
8,1,0.0288,4.3338
8,1,0.0298,4.3338
8,1,0.0308,4.3338
8,1,0.0318,4.3338
8,1,0.0328,4.3338
8,1,0.0338,4.353
8,1,0.0348,4.353
8,1,0.0358,4.3338
8,1,0.0368,4.353
8,1,0.0378,4.353
8,1,0.0388,4.3338
8,1,0.03981,4.353
8,1,0.0408,4.353
8,1,0.04181,4.353
8,1,0.0428,4.353
8,1,0.04381,4.353
8,1,0.0448,4.353
8,1,0.0458,4.353
8,1,0.0468,4.353
8,1,0.0478,4.353
8,1,0.0488,4.3338
8,1,0.0498,4.353
8,1,0.0508,4.353
8,1,0.0518,4.353
8,1,0.0528,4.353
8,1,0.0538,4.353
8,1,0.0548,4.353
8,1,0.0558,4.353
8,1,0.0568,4.353
8,1,0.0578,4.353
8,1,0.0588,4.353
8,1,0.0598,4.353
8,1,0.0608,4.353
8,1,0.0618,4.353
8,1,0.0628,4.353
8,1,0.0638,4.353
8,1,0.0648,4.353
8,1,0.0658,4.353
8,1,0.0668,4.353
8,1,0.0678,4.353
8,1,0.0688,4.353
8,1,0.0698,4.353
8,1,0.0708,4.353
8,1,0.0718,4.3722
8,1,0.0728,4.353
8,1,0.0738,4.353
8,1,0.0748,4.353
8,1,0.0758,4.353
8,1,0.0768,4.353
8,1,0.0778,4.353
8,1,0.0788,4.3722
8,1,0.0798,4.3722
8,1,0.0808,4.3722
8,1,0.0818,4.353
8,1,0.0828,4.3722
8,1,0.0838,4.353
8,1,0.0848,4.3722
8,1,0.0858,4.353
8,1,0.0868,4.3722
8,1,0.0878,4.353
8,1,0.0888,4.3722
8,1,0.0898,4.353
8,1,0.0908,4.3722
8,1,0.0918,4.353
8,1,0.0928,4.3722
8,1,0.0938,4.353
8,1,0.0948,4.3722
8,1,0.0958,4.3722
8,1,0.0968,4.3722
8,1,0.0978,4.3722
8,1,0.0988,4.3722
8,1,0.0998,4.353
8,1,0.1008,4.353
8,1,0.1018,4.353
8,1,0.1028,4.353
8,1,0.1038,4.353
8,1,0.1048,4.353
8,1,0.1058,4.353
8,1,0.1068,4.353
8,1,0.1078,4.353
8,1,0.1088,4.353
8,1,0.1098,4.353
8,1,0.1108,4.353
8,1,0.1118,4.3722
8,1,0.1128,4.353
8,1,0.1138,4.353
8,1,0.1148,4.353
8,1,0.1158,4.3722
8,1,0.1168,4.3722
8,1,0.1178,4.353
8,1,0.1188,4.3722
8,1,0.1198,4.3722
8,1,0.1208,4.353
8,1,0.1218,4.353
8,1,0.1228,4.353
8,1,0.1238,4.3722
8,1,0.1248,4.353
8,1,0.1258,4.353
8,1,0.1268,4.353
8,1,0.1278,4.353
8,1,0.1288,4.353
8,1,0.1298,4.3338
8,1,0.1308,4.3338
8,1,0.1318,4.353
8,1,0.1328,4.3338
8,1,0.1338,4.3338
8,1,0.13478,4.3338
8,1,0.1358,4.3338
8,1,0.1368,4.3146
8,1,0.1378,4.3338
8,1,0.1388,4.3146
8,1,0.1398,4.3146
8,1,0.1408,4.3146
8,1,0.14179,4.3146
8,1,0.1428,4.3146
8,1,0.1438,4.2955
8,1,0.1448,4.3146
8,1,0.14579,4.2955
8,1,0.1468,4.2955
8,1,0.1478,4.2955
8,1,0.1488,4.2955
8,1,0.14979,4.2955
8,1,0.1508,4.2955
8,1,0.1518,4.2955
8,1,0.1528,4.2763
8,1,0.1538,4.2955
8,1,0.15479,4.2955
8,1,0.1558,4.2763
8,1,0.1568,4.2763
8,1,0.15778,4.2763
8,1,0.1588,4.2763
8,1,0.15978,4.2763
8,1,0.1608,4.2571
8,1,0.16178,4.2763
8,1,0.16279,4.2571
8,1,0.16378,4.2571
8,1,0.1648,4.2571
8,1,0.16578,4.2379
8,1,0.16679,4.2379
8,1,0.16778,4.2379
8,1,0.16879,4.2379
8,1,0.16978,4.2379
8,1,0.17079,4.2188
8,1,0.17178,4.2379
8,1,0.17279,4.2188
8,1,0.17378,4.2379
8,1,0.17479,4.1996
8,1,0.17578,4.2188
8,1,0.17679,4.2188
8,1,0.17777,4.2188
8,1,0.17879,4.2188
8,1,0.17978,4.1996
8,1,0.1808,4.2188
8,1,0.18178,4.1804
8,1,0.18279,4.1804
8,1,0.18377,4.1996
8,1,0.18479,4.1804
8,1,0.18577,4.1804
8,1,0.18679,4.1804
8,1,0.18777,4.1804
8,1,0.18879,4.1612
8,1,0.18977,4.1804
8,1,0.19079,4.1612
8,1,0.19177,4.1612
8,1,0.19279,4.1612
8,1,0.19378,4.142
8,1,0.19479,4.142
8,1,0.19577,4.142
8,1,0.19679,4.1229
8,1,0.19778,4.1229
8,1,0.19879,4.1229
8,1,0.19978,4.1229
8,1,0.20079,4.1037
8,1,0.20178,4.1229
8,1,0.20279,4.1037
8,1,0.20378,4.0845
8,1,0.20479,4.0845
8,1,0.20578,4.0845
8,1,0.20679,4.0845
8,1,0.20778,4.0653
8,1,0.20879,4.0653
8,1,0.20977,4.0462
8,1,0.21077,4.0653
8,1,0.21177,4.0462
8,1,0.21277,4.0462
8,1,0.21378,4.0462
8,1,0.21477,4.0462
8,1,0.21578,4.0462
8,1,0.21677,4.027
8,1,0.21778,4.0078
8,1,0.21877,4.0078
8,1,0.21978,4.0078
8,1,0.22077,4.0078
8,1,0.22178,4.0078
8,1,0.22277,4.0078
8,1,0.22378,3.9886
8,1,0.22477,3.9695
8,1,0.22577,3.9695
8,1,0.22677,3.9695
8,1,0.22778,3.9695
8,1,0.22877,3.9503
8,1,0.22978,3.9503
8,1,0.23077,3.9311
8,1,0.23178,3.9311
8,1,0.23277,3.9503
8,1,0.23377,3.9311
8,1,0.23477,3.9311
8,1,0.23577,3.9311
8,1,0.23677,3.9119
8,1,0.23777,3.8928
8,1,0.23877,3.8928
8,1,0.23977,3.8928
8,1,0.24077,3.8928
8,1,0.24177,3.8928
8,1,0.24277,3.8928
8,1,0.24377,3.8544
8,1,0.24477,3.8544
8,1,0.24577,3.8352
8,1,0.24677,3.8352
8,1,0.24777,3.8352
8,1,0.24877,3.8352
8,1,0.24977,3.8161
8,1,0.25077,3.8161
8,1,0.2518,3.7969
8,1,0.25277,3.7777
8,1,0.25377,3.7777
8,1,0.25477,3.7777
8,1,0.25577,3.7777
8,1,0.25677,3.7777
8,1,0.25777,3.7585
8,1,0.25877,3.7393
8,1,0.25977,3.7393
8,1,0.26077,3.7393
8,1,0.26177,3.701
8,1,0.26277,3.7202
8,1,0.26377,3.7202
8,1,0.26477,3.701
8,1,0.26577,3.701
8,1,0.26677,3.6626
8,1,0.26777,3.6626
8,1,0.26877,3.6243
8,1,0.26977,3.6626
8,1,0.27077,3.6051
8,1,0.27177,3.6051
8,1,0.27277,3.6051
8,1,0.27377,3.5859
8,1,0.27477,3.5668
8,1,0.27577,3.5476
8,1,0.27677,3.5668
8,1,0.27777,3.5284
8,1,0.27877,3.5284
8,1,0.27977,3.5092
8,1,0.28077,3.4901
8,1,0.28177,3.4901
8,1,0.28277,3.4709
8,1,0.28377,3.4517
8,1,0.28477,3.4517
8,1,0.28577,3.4325
8,1,0.28677,3.4134
8,1,0.28777,3.4134
8,1,0.28877,3.4134
8,1,0.28977,3.375
8,1,0.29077,3.375
8,1,0.29177,3.375
8,1,0.29277,3.375
8,1,0.29377,3.3366
8,1,0.29477,3.3366
8,1,0.29577,3.3175
8,1,0.29677,3.2983
8,1,0.29777,3.2791
8,1,0.29877,3.2599
8,1,0.29977,3.2599
8,1,0.30077,3.2216
8,1,0.30177,3.2216
8,1,0.30277,3.2216
8,1,0.30377,3.2024
8,1,0.30477,3.2024
8,1,0.30577,3.1832
8,1,0.30677,3.1641
8,1,0.30777,3.1449
8,1,0.30877,3.1257
8,1,0.30977,3.1257
8,1,0.31077,3.1065
8,1,0.31177,3.0874
8,1,0.31277,3.0682
8,1,0.31377,3.0682
8,1,0.31477,3.049
8,1,0.31577,3.049
8,1,0.31677,3.0298
8,1,0.31777,2.9915
8,1,0.31877,2.9723
8,1,0.31977,2.9531
8,1,0.32077,2.9531
8,1,0.32177,2.9148
8,1,0.32277,2.9148
8,1,0.32377,2.9148
8,1,0.32477,2.8956
8,1,0.32577,2.8764
8,1,0.32677,2.8572
8,1,0.32777,2.8381
8,1,0.32876,2.8381
8,1,0.32977,2.7997
8,1,0.33077,2.7997
8,1,0.33177,2.7805
8,1,0.33277,2.7614
8,1,0.33377,2.7422
8,1,0.33477,2.723
8,1,0.33577,2.723
8,1,0.33676,2.6847
8,1,0.33777,2.6655
8,1,0.33876,2.6655
8,1,0.33977,2.6463
8,1,0.34077,2.6271
8,1,0.34177,2.608
8,1,0.34276,2.608
8,1,0.34377,2.5696
8,1,0.34476,2.5504
8,1,0.34577,2.5696
8,1,0.34677,2.5312
8,1,0.34777,2.5312
8,1,0.34876,2.4929
8,1,0.34977,2.4737
8,1,0.35076,2.4545
8,1,0.35177,2.4162
8,1,0.35276,2.4162
8,1,0.35377,2.4162
8,1,0.35476,2.3778
8,1,0.35577,2.3778
8,1,0.35676,2.3395
8,1,0.35777,2.3395
8,1,0.35876,2.3011
8,1,0.35977,2.3011
8,1,0.36076,2.282
8,1,0.36177,2.2628
8,1,0.36277,2.2436
8,1,0.36377,2.2436
8,1,0.36476,2.2244
8,1,0.36577,2.1861
8,1,0.36676,2.1669
8,1,0.36777,2.1477
8,1,0.36876,2.1286
8,1,0.36977,2.1094
8,1,0.37076,2.1094
8,1,0.37177,2.1094
8,1,0.37276,2.071
8,1,0.37377,2.0518
8,1,0.37476,2.0327
8,1,0.37577,2.0135
8,1,0.37676,2.0135
8,1,0.37777,1.9751
8,1,0.37876,1.9751
8,1,0.37991,1.9368
8,1,0.38077,1.9368
8,1,0.38177,1.9176
8,1,0.38277,1.8984
8,1,0.38376,1.8601
8,1,0.38478,1.8601
8,1,0.38577,1.8409
8,1,0.38677,1.8409
8,1,0.38776,1.8217
8,1,0.38876,1.8026
8,1,0.38976,1.7834
8,1,0.39076,1.745
8,1,0.39176,1.745
8,1,0.39276,1.7067
8,1,0.39376,1.6875
8,1,0.39476,1.6683
8,1,0.39576,1.6683
8,1,0.39676,1.6491
8,1,0.39776,1.63
8,1,0.39876,1.6108
8,1,0.39976,1.5916
8,1,0.40077,1.5724
8,1,0.40176,1.5533
8,1,0.40277,1.5149
8,1,0.40376,1.5149
8,1,0.40476,1.4957
8,1,0.40576,1.4957
8,1,0.40677,1.4574
8,1,0.40776,1.4382
8,1,0.40877,1.419
8,1,0.40976,1.3807
8,1,0.41076,1.3807
8,1,0.41176,1.3423
8,1,0.41276,1.3615
8,1,0.41376,1.3232
8,1,0.41476,1.3232
8,1,0.41576,1.304
8,1,0.41676,1.2656
8,1,0.41776,1.2656
8,1,0.41876,1.2464
8,1,0.41976,1.2273
8,1,0.42076,1.1889
8,1,0.42176,1.1697
8,1,0.42276,1.1889
8,1,0.42376,1.1506
8,1,0.42476,1.1314
8,1,0.42576,1.1122
8,1,0.42676,1.093
8,1,0.42776,1.093
8,1,0.42877,1.0547
8,1,0.42976,1.0547
8,1,0.43076,1.0355
8,1,0.43176,1.0163
8,1,0.43277,0.978
8,1,0.43376,0.978
8,1,0.43476,0.9396
8,1,0.43576,0.9396
8,1,0.43676,0.9205
8,1,0.43776,0.9013
8,1,0.43876,0.8821
8,1,0.43976,0.8629
8,1,0.44076,0.8438
8,1,0.44176,0.8246
8,1,0.44276,0.7862
8,1,0.44377,0.7862
8,1,0.44476,0.7862
8,1,0.44576,0.7862
8,1,0.44676,0.7479
8,1,0.44776,0.7287
8,1,0.44876,0.7095
8,1,0.44974,0.6712
8,1,0.45076,0.6712
8,1,0.45174,0.652
8,1,0.45276,0.6328
8,1,0.45374,0.6136
8,1,0.45476,0.6136
8,1,0.45574,0.5945
8,1,0.45676,0.5753
8,1,0.45776,0.5753
8,1,0.45874,0.5369
8,1,0.45976,0.5178
8,1,0.46074,0.4986
8,1,0.46176,0.4794
8,1,0.46274,0.4602
8,1,0.46376,0.4411
8,1,0.46474,0.4411
8,1,0.46576,0.4219
8,1,0.46674,0.4027
8,1,0.46776,0.4027
8,1,0.46874,0.3643
8,1,0.46976,0.3643
8,1,0.47074,0.326
8,1,0.47176,0.326
8,1,0.47274,0.3068
8,1,0.47376,0.2876
8,1,0.47474,0.2685
8,1,0.47576,0.2493
8,1,0.47674,0.2493
8,1,0.47776,0.2301
8,1,0.47874,0.2301
8,1,0.47976,0.2109
8,1,0.48074,0.1726
8,1,0.48176,0.1918
8,1,0.48274,0.1534
8,1,0.48376,0.1342
8,1,0.48474,0.1342
8,1,0.48576,0.1342
8,1,0.48674,0.0959
8,1,0.48776,0.0959
8,1,0.48874,0.0767
8,1,0.48976,0.0575
8,1,0.49074,0.0384
8,1,0.49176,0.0192
8,1,0.49274,0.0192
8,1,0.49376,0.0
8,1,0.49474,-0.0192
8,1,0.49576,-0.0192
8,1,0.49674,-0.0384
8,1,0.49776,-0.0575
8,1,0.49874,-0.0575
8,1,0.49974,-0.0767
8,1,0.50074,-0.0959
8,1,0.50174,-0.0959
8,1,0.50274,-0.1151
8,1,0.50374,-0.1342
8,1,0.50474,-0.1342
8,1,0.50574,-0.1342
8,1,0.50674,-0.1726
8,1,0.50774,-0.1918
8,1,0.50874,-0.2109
8,1,0.50974,-0.2109
8,1,0.51074,-0.2301
8,1,0.51174,-0.2109
8,1,0.51274,-0.2493
8,1,0.51374,-0.2493
8,1,0.51474,-0.2493
8,1,0.51573,-0.2876
8,1,0.51674,-0.2876
8,1,0.51774,-0.2876
8,1,0.51874,-0.3068
8,1,0.51974,-0.3068
8,1,0.52073,-0.326
8,1,0.52175,-0.326
8,1,0.52274,-0.3452
8,1,0.52374,-0.3643
8,1,0.52474,-0.3643
8,1,0.52573,-0.3835
8,1,0.52674,-0.3835
8,1,0.52774,-0.4027
8,1,0.52873,-0.4027
8,1,0.52974,-0.4027
8,1,0.53074,-0.4219
8,1,0.53174,-0.4219
8,1,0.53273,-0.4219
8,1,0.53374,-0.4602
8,1,0.53473,-0.4602
8,1,0.53574,-0.4602
8,1,0.53673,-0.4602
8,1,0.53774,-0.4794
8,1,0.53874,-0.4986
8,1,0.53974,-0.4986
8,1,0.54073,-0.5178
8,1,0.54174,-0.5369
8,1,0.54273,-0.5369
8,1,0.54374,-0.5369
8,1,0.54473,-0.5369
8,1,0.54574,-0.5369
8,1,0.54673,-0.5561
8,1,0.54774,-0.5753
8,1,0.54873,-0.5753
8,1,0.54974,-0.5945
8,1,0.55073,-0.5753
8,1,0.55174,-0.5753
8,1,0.55273,-0.6136
8,1,0.55374,-0.6136
8,1,0.55473,-0.6136
8,1,0.55574,-0.6136
8,1,0.55673,-0.6136
8,1,0.55774,-0.6328
8,1,0.55873,-0.652
8,1,0.55974,-0.6328
8,1,0.56073,-0.652
8,1,0.56174,-0.6328
8,1,0.56273,-0.652
8,1,0.56374,-0.652
8,1,0.56473,-0.652
8,1,0.56574,-0.6712
8,1,0.56673,-0.652
8,1,0.56774,-0.6712
8,1,0.56873,-0.6712
8,1,0.56974,-0.6712
8,1,0.57073,-0.6712
8,1,0.57174,-0.6712
8,1,0.57273,-0.6903
8,1,0.57374,-0.6903
8,1,0.57473,-0.6712
8,1,0.57574,-0.6903
8,1,0.57673,-0.6903
8,1,0.57774,-0.6903
8,1,0.57873,-0.6903
8,1,0.57974,-0.6903
8,1,0.58073,-0.7095
8,1,0.58174,-0.7095
8,1,0.58273,-0.6903
8,1,0.58373,-0.6903
8,1,0.58473,-0.6903
8,1,0.58573,-0.6903
8,1,0.58674,-0.7095
8,1,0.58773,-0.7095
8,1,0.58873,-0.7095
8,1,0.58973,-0.7095
8,1,0.59073,-0.7095
8,1,0.59173,-0.7095
8,1,0.59273,-0.7095
8,1,0.59373,-0.6903
8,1,0.59473,-0.7095
8,1,0.59573,-0.7095
8,1,0.59673,-0.7095
8,1,0.59773,-0.7095
8,1,0.59873,-0.7095
8,1,0.59973,-0.7095
8,1,0.60073,-0.7095
8,1,0.60173,-0.7095
8,1,0.60274,-0.7095
8,1,0.60373,-0.7095
8,1,0.60474,-0.7095
8,1,0.60573,-0.7095
8,1,0.60673,-0.6903
8,1,0.60773,-0.7095
8,1,0.60873,-0.7095
8,1,0.60973,-0.7095
8,1,0.61073,-0.7095
8,1,0.61173,-0.7095
8,1,0.61274,-0.6903
8,1,0.61373,-0.7095
8,1,0.61473,-0.7095
8,1,0.61573,-0.7095
8,1,0.61673,-0.6903
8,1,0.61773,-0.7095
8,1,0.61873,-0.6903
8,1,0.61973,-0.6903
8,1,0.62073,-0.6712
8,1,0.62173,-0.6712
8,1,0.62273,-0.7095
8,1,0.62373,-0.6712
8,1,0.62473,-0.6712
8,1,0.62573,-0.6712
8,1,0.62673,-0.6903
8,1,0.62773,-0.6903
8,1,0.62873,-0.6712
8,1,0.62973,-0.6903
8,1,0.63073,-0.6712
8,1,0.63173,-0.6903
8,1,0.63273,-0.6712
8,1,0.63373,-0.6712
8,1,0.63473,-0.6712
8,1,0.63573,-0.6712
8,1,0.63673,-0.6712
8,1,0.63773,-0.6712
8,1,0.63873,-0.6712
8,1,0.63973,-0.6712
8,1,0.64073,-0.6712
8,1,0.64173,-0.6712
8,1,0.64273,-0.6712
8,1,0.64373,-0.6712
8,1,0.64473,-0.6712
8,1,0.64573,-0.6712
8,1,0.64674,-0.6712
8,1,0.64773,-0.6712
8,1,0.64873,-0.6712
8,1,0.64973,-0.6712
8,1,0.65073,-0.6712
8,1,0.65173,-0.6712
8,1,0.65273,-0.6712
8,1,0.65373,-0.6712
8,1,0.65473,-0.6712
8,1,0.65573,-0.652
8,1,0.65673,-0.6712
8,1,0.65773,-0.6712
8,1,0.65873,-0.6712
8,1,0.65973,-0.6712
8,1,0.66073,-0.6712
8,1,0.66173,-0.6712
8,1,0.66273,-0.6712
8,1,0.66373,-0.6712
8,1,0.66473,-0.652
8,1,0.66573,-0.6712
8,1,0.66673,-0.6712
8,1,0.66773,-0.6712
8,1,0.66873,-0.6712
8,1,0.66973,-0.6712
8,1,0.67073,-0.6712
8,1,0.67173,-0.652
8,1,0.67273,-0.6712
8,1,0.67373,-0.652
8,1,0.67473,-0.6712
8,1,0.67571,-0.6712
8,1,0.67673,-0.652
8,1,0.67773,-0.652
8,1,0.67873,-0.6712
8,1,0.67973,-0.652
8,1,0.68074,-0.6712
8,1,0.68173,-0.652
8,1,0.68273,-0.652
8,1,0.68373,-0.6712
8,1,0.68473,-0.652
8,1,0.68573,-0.652
8,1,0.68673,-0.652
8,1,0.68773,-0.6712
8,1,0.68873,-0.652
8,1,0.68973,-0.652
8,1,0.69073,-0.652
8,1,0.69173,-0.652
8,1,0.69273,-0.6712
8,1,0.69373,-0.6712
8,1,0.69473,-0.652
8,1,0.69573,-0.652
8,1,0.69673,-0.6712
8,1,0.69773,-0.652
8,1,0.69873,-0.652
8,1,0.69973,-0.652
8,1,0.70073,-0.652
8,1,0.70173,-0.6712
8,1,0.70273,-0.6712
8,1,0.70373,-0.652
8,1,0.70473,-0.652
8,1,0.70573,-0.6712
8,1,0.70673,-0.652
8,1,0.70773,-0.652
8,1,0.70873,-0.652
8,1,0.70973,-0.652
8,1,0.71073,-0.6712
8,1,0.71173,-0.6712
8,1,0.71273,-0.6712
8,1,0.71373,-0.652
8,1,0.71473,-0.6712
8,1,0.71573,-0.6712
8,1,0.71673,-0.652
8,1,0.71773,-0.652
8,1,0.71873,-0.6712
8,1,0.71973,-0.6712
8,1,0.72073,-0.652
8,1,0.72172,-0.6712
8,1,0.72273,-0.6712
8,1,0.72373,-0.652
8,1,0.72473,-0.652
8,1,0.72573,-0.6712
8,1,0.72673,-0.6712
8,1,0.72772,-0.652
8,1,0.72873,-0.6712
8,1,0.72973,-0.6712
8,1,0.73073,-0.652
8,1,0.73172,-0.652
8,1,0.73273,-0.652
8,1,0.73372,-0.6712
8,1,0.73471,-0.652
8,1,0.73572,-0.6712
8,1,0.73671,-0.652
8,1,0.73772,-0.6712
8,1,0.73871,-0.6712
8,1,0.73972,-0.6712
8,1,0.74071,-0.652
8,1,0.74172,-0.652
8,1,0.7427,-0.6712
8,1,0.74372,-0.6712
8,1,0.7447,-0.6712
8,1,0.74572,-0.6712
8,1,0.7467,-0.6712
8,1,0.74772,-0.6712
8,1,0.74871,-0.6712
8,1,0.74972,-0.6712
8,1,0.7507,-0.652
8,1,0.75173,-0.6712
8,1,0.7527,-0.6712
8,1,0.75374,-0.6712
8,1,0.75471,-0.6712
8,1,0.75573,-0.6712
8,1,0.75671,-0.6712
8,1,0.75772,-0.6712
8,1,0.75871,-0.6712
8,1,0.75972,-0.6712
8,1,0.76071,-0.6712
8,1,0.76172,-0.6712
8,1,0.7627,-0.6712
8,1,0.76372,-0.6712
8,1,0.7647,-0.6712
8,1,0.76572,-0.6712
8,1,0.7667,-0.652
8,1,0.76772,-0.6712
8,1,0.7687,-0.6712
8,1,0.76972,-0.6712
8,1,0.7707,-0.652
8,1,0.77172,-0.6712
8,1,0.77271,-0.6712
8,1,0.77372,-0.6712
8,1,0.77472,-0.652
8,1,0.7757,-0.6712
8,1,0.77672,-0.6712
8,1,0.77771,-0.652
8,1,0.77872,-0.6712
8,1,0.77971,-0.652
8,1,0.78072,-0.6712
8,1,0.78171,-0.652
8,1,0.78272,-0.6712
8,1,0.7837,-0.652
8,1,0.78472,-0.6712
8,1,0.78571,-0.6712
8,1,0.78672,-0.6712
8,1,0.7877,-0.6712
8,1,0.7887,-0.6712
8,1,0.7897,-0.6712
8,1,0.7907,-0.652
8,1,0.79171,-0.6712
8,1,0.7927,-0.6712
8,1,0.7937,-0.6712
8,1,0.7947,-0.6712
8,1,0.7957,-0.6712
8,1,0.7967,-0.652
8,1,0.7977,-0.6712
8,1,0.7987,-0.6712
8,1,0.79971,-0.6712
8,1,0.8007,-0.6712
8,1,0.80171,-0.652
8,1,0.8027,-0.652
8,1,0.8037,-0.652
8,1,0.8047,-0.652
8,1,0.8057,-0.652
8,1,0.8067,-0.652
8,1,0.8077,-0.652
8,1,0.8087,-0.652
8,1,0.8097,-0.652
8,1,0.8107,-0.652
8,1,0.8117,-0.652
8,1,0.8127,-0.652
8,1,0.8137,-0.6712
8,1,0.8147,-0.652
8,1,0.8157,-0.652
8,1,0.8167,-0.652
8,1,0.8177,-0.652
8,1,0.8187,-0.652
8,1,0.8197,-0.652
8,1,0.8207,-0.652
8,1,0.8217,-0.652
8,1,0.8227,-0.652
8,1,0.8237,-0.652
8,1,0.8247,-0.652
8,1,0.8257,-0.652
8,1,0.8267,-0.652
8,1,0.8277,-0.652
8,1,0.8287,-0.652
8,1,0.8297,-0.6328
8,1,0.8307,-0.652
8,1,0.8317,-0.652
8,1,0.8327,-0.652
8,1,0.8337,-0.652
8,1,0.8347,-0.652
8,1,0.8357,-0.652
8,1,0.8367,-0.652
8,1,0.8377,-0.6328
8,1,0.83871,-0.652
8,1,0.8397,-0.652
8,1,0.8407,-0.6328
8,1,0.8417,-0.652
8,1,0.8427,-0.652
8,1,0.8437,-0.652
8,1,0.8447,-0.652
8,1,0.8457,-0.652
8,1,0.8467,-0.6328
8,1,0.8477,-0.652
8,1,0.8487,-0.652
8,1,0.8497,-0.652
8,1,0.8507,-0.652
8,1,0.8517,-0.652
8,1,0.8527,-0.652
8,1,0.8537,-0.652
8,1,0.8547,-0.652
8,1,0.8557,-0.652
8,1,0.8567,-0.652
8,1,0.8577,-0.652
8,1,0.8587,-0.652
8,1,0.8597,-0.652
8,1,0.8607,-0.652
8,1,0.8617,-0.652
8,1,0.8627,-0.652
8,1,0.8637,-0.652
8,1,0.8647,-0.652
8,1,0.8657,-0.652
8,1,0.8667,-0.652
8,1,0.8677,-0.652
8,1,0.8687,-0.652
8,1,0.8697,-0.652
8,1,0.8707,-0.652
8,1,0.8717,-0.652
8,1,0.8727,-0.652
8,1,0.8737,-0.652
8,1,0.8747,-0.652
8,1,0.8757,-0.652
8,1,0.8767,-0.652
8,1,0.8777,-0.652
8,1,0.8787,-0.6328
8,1,0.8797,-0.652
8,1,0.8807,-0.652
8,1,0.8817,-0.652
8,1,0.8827,-0.652
8,1,0.8837,-0.652
8,1,0.8847,-0.652
8,1,0.8857,-0.652
8,1,0.8867,-0.652
8,1,0.8877,-0.652
8,1,0.8887,-0.652
8,1,0.8897,-0.652
8,1,0.8907,-0.652
8,1,0.8917,-0.652
8,1,0.8927,-0.652
8,1,0.8937,-0.652
8,1,0.8947,-0.652
8,1,0.89571,-0.652
8,1,0.8967,-0.652
8,1,0.8977,-0.652
8,1,0.8987,-0.652
8,1,0.8997,-0.652
8,1,0.9007,-0.652
8,1,0.9017,-0.652
8,1,0.90269,-0.652
8,1,0.9037,-0.652
8,1,0.9047,-0.652
8,1,0.9057,-0.652
8,1,0.90669,-0.652
8,1,0.9077,-0.652
8,1,0.90869,-0.652
8,1,0.9097,-0.652
8,1,0.9107,-0.652
8,1,0.9117,-0.652
8,1,0.9127,-0.652
8,1,0.9137,-0.652
8,1,0.91469,-0.652
8,1,0.9157,-0.652
8,1,0.91669,-0.652
8,1,0.9177,-0.652
8,1,0.91869,-0.652
8,1,0.9197,-0.652
8,1,0.92069,-0.6328
8,1,0.9217,-0.652
8,1,0.92269,-0.652
8,1,0.9237,-0.652
8,1,0.92469,-0.652
8,1,0.9257,-0.652
8,1,0.92669,-0.652
8,1,0.9277,-0.652
8,1,0.92869,-0.652
8,1,0.9297,-0.652
8,1,0.93069,-0.6328
8,1,0.9317,-0.652
8,1,0.93269,-0.652
8,1,0.9337,-0.652
8,1,0.93469,-0.652
8,1,0.9357,-0.652
8,1,0.93669,-0.652
8,1,0.9377,-0.652
8,1,0.93869,-0.652
8,1,0.9397,-0.652
8,1,0.94069,-0.652
8,1,0.9417,-0.652
8,1,0.94269,-0.652
8,1,0.9437,-0.6328
8,1,0.94469,-0.652
8,1,0.9457,-0.652
8,1,0.9467,-0.652
8,1,0.94769,-0.652
8,1,0.9487,-0.652
8,1,0.94969,-0.652
8,1,0.9507,-0.652
8,1,0.95169,-0.652
8,1,0.9527,-0.652
8,1,0.95369,-0.652
8,1,0.9547,-0.652
8,1,0.9557,-0.652
8,1,0.9567,-0.652
8,1,0.95769,-0.652
8,1,0.9587,-0.652
8,1,0.95969,-0.652
8,1,0.9607,-0.652
8,1,0.96169,-0.652
8,1,0.96268,-0.652
8,1,0.96369,-0.652
8,1,0.9647,-0.652
8,1,0.96569,-0.652
8,1,0.96669,-0.652
8,1,0.9677,-0.652
8,1,0.96869,-0.6328
8,1,0.9697,-0.652
8,1,0.97069,-0.652
8,1,0.9717,-0.652
8,1,0.97269,-0.652
8,1,0.9737,-0.652
8,1,0.97469,-0.652
8,1,0.9757,-0.652
8,1,0.97669,-0.652
8,1,0.97769,-0.652
8,1,0.97869,-0.652
8,1,0.9797,-0.652
8,1,0.98069,-0.652
8,1,0.98169,-0.652
8,1,0.98269,-0.6328
8,1,0.98369,-0.6328
8,1,0.98469,-0.652
8,1,0.9857,-0.652
8,1,0.9867,-0.652
8,1,0.98771,-0.652
8,1,0.98869,-0.6328
8,1,0.98969,-0.652
8,1,0.99069,-0.652
8,1,0.99169,-0.652
8,1,0.99269,-0.652
8,1,0.99369,-0.652
8,1,0.99469,-0.652
8,1,0.99569,-0.652
8,1,0.99669,-0.652
8,1,0.99769,-0.652
8,1,0.99869,-0.652
8,1,0.99969,-0.652
8,1,1.00069,-0.6328
8,2,0.00097,5.7337
8,2,0.00194,5.7337
8,2,0.00287,5.7337
8,2,0.00385,5.7337
8,2,0.00486,5.7337
8,2,0.00586,5.7337
8,2,0.00686,5.7337
8,2,0.00783,5.7337
8,2,0.00886,5.7337
8,2,0.00989,5.7337
8,2,0.01085,5.7337
8,2,0.01188,5.7337
8,2,0.01278,5.7337
8,2,0.01379,5.7337
8,2,0.01479,5.7337
8,2,0.01581,5.7337
8,2,0.0168,5.7145
8,2,0.01779,5.7337
8,2,0.01879,5.7337
8,2,0.01979,5.7337
8,2,0.02078,5.7337
8,2,0.02177,5.7337
8,2,0.02279,5.7337
8,2,0.02379,5.7337
8,2,0.02479,5.7337
8,2,0.02579,5.7337
8,2,0.02677,5.7337
8,2,0.02778,5.7337
8,2,0.02878,5.7337
8,2,0.02978,5.7337
8,2,0.03079,5.7337
8,2,0.03177,5.7337
8,2,0.03279,5.7337
8,2,0.03379,5.7337
8,2,0.03477,5.7337
8,2,0.03578,5.7337
8,2,0.03679,5.7337
8,2,0.03777,5.7337
8,2,0.03878,5.7337
8,2,0.03979,5.7337
8,2,0.04076,5.7337
8,2,0.04179,5.7337
8,2,0.04279,5.7337
8,2,0.04377,5.7337
8,2,0.04476,5.7337
8,2,0.04579,5.7337
8,2,0.04679,5.7337
8,2,0.04776,5.7337
8,2,0.04879,5.7337
8,2,0.04979,5.7337
8,2,0.05076,5.7337
8,2,0.05178,5.7337
8,2,0.05278,5.7337
8,2,0.05377,5.7337
8,2,0.05479,5.7337
8,2,0.05579,5.7337
8,2,0.05677,5.7337
8,2,0.05778,5.7337
8,2,0.05878,5.7337
8,2,0.05977,5.7337
8,2,0.06078,5.7337
8,2,0.06178,5.7337
8,2,0.06276,5.7337
8,2,0.06377,5.7337
8,2,0.06479,5.7337
8,2,0.06577,5.7337
8,2,0.06676,5.7337
8,2,0.06776,5.7337
8,2,0.06878,5.7337
8,2,0.06977,5.7337
8,2,0.07077,5.7337
8,2,0.07179,5.7337
8,2,0.07277,5.7337
8,2,0.07376,5.7337
8,2,0.07478,5.7337
8,2,0.07577,5.7337
8,2,0.07676,5.7337
8,2,0.07778,5.7337
8,2,0.07877,5.7337
8,2,0.07977,5.7337
8,2,0.08077,5.7337
8,2,0.08177,5.7337
8,2,0.08278,5.7337
8,2,0.08377,5.7337
8,2,0.08477,5.7337
8,2,0.08577,5.7337
8,2,0.08679,5.7337
8,2,0.08776,5.7337
8,2,0.08877,5.7337
8,2,0.08979,5.7337
8,2,0.09076,5.7337
8,2,0.09177,5.7337
8,2,0.09278,5.7337
8,2,0.09377,5.7337
8,2,0.09477,5.7337
8,2,0.09579,5.7337
8,2,0.09676,5.7337
8,2,0.09777,5.7337
8,2,0.09878,5.7337
8,2,0.09977,5.7337
8,2,0.10076,5.7337
8,2,0.10177,5.7337
8,2,0.10277,5.7337
8,2,0.10377,5.7337
8,2,0.10479,5.7337
8,2,0.10576,5.7337
8,2,0.10676,5.7337
8,2,0.10779,5.7337
8,2,0.10877,5.7337
8,2,0.10977,5.7337
8,2,0.11077,5.7337
8,2,0.11177,5.7337
8,2,0.11277,5.7337
8,2,0.11376,5.7337
8,2,0.11478,5.7337
8,2,0.11576,5.7337
8,2,0.11676,5.7337
8,2,0.11778,5.7337
8,2,0.11877,5.7337
8,2,0.11976,5.7337
8,2,0.12078,5.7337
8,2,0.12177,5.7337
8,2,0.12276,5.7337
8,2,0.12378,5.7337
8,2,0.12476,5.7337
8,2,0.12576,5.7337
8,2,0.12678,5.7337
8,2,0.12777,5.7337
8,2,0.12877,5.7337
8,2,0.12976,5.7337
8,2,0.13076,5.7337
8,2,0.13176,5.7337
8,2,0.13278,5.7337
8,2,0.13377,5.7337
8,2,0.13477,5.7337
8,2,0.13576,5.7337
8,2,0.13678,5.7337
8,2,0.13777,5.7337
8,2,0.13876,5.7337
8,2,0.13978,5.7337
8,2,0.14085,5.7337
8,2,0.14186,5.7337
8,2,0.14287,5.7337
8,2,0.14385,5.7337
8,2,0.14485,5.7337
8,2,0.14587,5.7337
8,2,0.14684,5.7337
8,2,0.14784,5.7337
8,2,0.14885,5.7337
8,2,0.14977,5.7337
8,2,0.15076,5.7337
8,2,0.15178,5.7337
8,2,0.15276,5.7337
8,2,0.15376,5.7337
8,2,0.15478,5.7337
8,2,0.15576,5.7337
8,2,0.15676,5.7337
8,2,0.15778,5.7337
8,2,0.15876,5.7337
8,2,0.15976,5.7337
8,2,0.16078,5.7337
8,2,0.16176,5.7337
8,2,0.16276,5.7337
8,2,0.16378,5.7337
8,2,0.16476,5.7337
8,2,0.16576,5.7337
8,2,0.16678,5.7337
8,2,0.16776,5.7337
8,2,0.16876,5.7337
8,2,0.16978,5.7337
8,2,0.17076,5.7337
8,2,0.17176,5.7337
8,2,0.17278,5.7337
8,2,0.17376,5.7337
8,2,0.17476,5.7337
8,2,0.17578,5.7337
8,2,0.17676,5.7337
8,2,0.17776,5.7337
8,2,0.17877,5.7337
8,2,0.17976,5.7337
8,2,0.18076,5.7337
8,2,0.18178,5.7337
8,2,0.18276,5.7337
8,2,0.18376,5.7337
8,2,0.18477,5.7337
8,2,0.18576,5.7337
8,2,0.18677,5.7337
8,2,0.18778,5.7337
8,2,0.18876,5.7337
8,2,0.18976,5.7337
8,2,0.19078,5.7337
8,2,0.19176,5.7337
8,2,0.19276,5.7337
8,2,0.19378,5.7337
8,2,0.19476,5.7337
8,2,0.19576,5.7337
8,2,0.19678,5.7337
8,2,0.19776,5.7337
8,2,0.19876,5.7337
8,2,0.19978,5.7337
8,2,0.20076,5.7337
8,2,0.20176,5.7337
8,2,0.20278,5.7337
8,2,0.20376,5.7337
8,2,0.20476,5.7145
8,2,0.20578,5.7337
8,2,0.20676,5.7337
8,2,0.20776,5.7337
8,2,0.20878,5.7337
8,2,0.20976,5.7337
8,2,0.21076,5.7337
8,2,0.21178,5.7337
8,2,0.21276,5.7145
8,2,0.21375,5.7337
8,2,0.21478,5.7337
8,2,0.21576,5.7145
8,2,0.21675,5.7337
8,2,0.21778,5.7337
8,2,0.21876,5.7337
8,2,0.21976,5.7337
8,2,0.22078,5.7337
8,2,0.22176,5.7337
8,2,0.22276,5.7337
8,2,0.22377,5.7337
8,2,0.22476,5.7337
8,2,0.22576,5.7337
8,2,0.22677,5.7145
8,2,0.22776,5.7337
8,2,0.22876,5.7145
8,2,0.22978,5.7337
8,2,0.23076,5.7337
8,2,0.23176,5.7337
8,2,0.23278,5.7337
8,2,0.23376,5.7145
8,2,0.23476,5.7145
8,2,0.23578,5.7337
8,2,0.23676,5.7145
8,2,0.23776,5.7337
8,2,0.23877,5.7337
8,2,0.23976,5.7145
8,2,0.24076,5.6953
8,2,0.24177,5.7145
8,2,0.24276,5.7337
8,2,0.24376,5.7337
8,2,0.24477,5.7337
8,2,0.24576,5.7337
8,2,0.24676,5.7337
8,2,0.24778,5.7145
8,2,0.24876,5.7145
8,2,0.24975,5.7145
8,2,0.25077,5.7145
8,2,0.25176,5.7145
8,2,0.25279,5.7337
8,2,0.25378,5.7337
8,2,0.25476,5.7337
8,2,0.25576,5.7337
8,2,0.25677,5.7337
8,2,0.25776,5.7337
8,2,0.25877,5.7145
8,2,0.25976,5.7145
8,2,0.26077,5.7337
8,2,0.26176,5.7337
8,2,0.26276,5.7337
8,2,0.26377,5.7337
8,2,0.26476,5.7145
8,2,0.26575,5.7145
8,2,0.26677,5.7337
8,2,0.26776,5.7337
8,2,0.26879,5.7145
8,2,0.26975,5.7337
8,2,0.27076,5.7145
8,2,0.27175,5.7337
8,2,0.27275,5.7145
8,2,0.27376,5.7145
8,2,0.27475,5.7145
8,2,0.27577,5.7145
8,2,0.27676,5.7337
8,2,0.27775,5.7337
8,2,0.27877,5.7337
8,2,0.27976,5.7337
8,2,0.28075,5.7337
8,2,0.28177,5.7145
8,2,0.28275,5.7337
8,2,0.28375,5.7337
8,2,0.28477,5.7145
8,2,0.28576,5.7337
8,2,0.28675,5.7337
8,2,0.28777,5.7337
8,2,0.28876,5.7337
8,2,0.28975,5.7145
8,2,0.29077,5.7145
8,2,0.29175,5.7337
8,2,0.29275,5.7145
8,2,0.29377,5.7337
8,2,0.29476,5.7337
8,2,0.29575,5.7145
8,2,0.29674,5.7145
8,2,0.29775,5.7145
8,2,0.29874,5.7337
8,2,0.29975,5.7145
8,2,0.30074,5.7145
8,2,0.30175,5.7145
8,2,0.30274,5.7145
8,2,0.30375,5.7145
8,2,0.30473,5.7145
8,2,0.30575,5.7337
8,2,0.30674,5.7337
8,2,0.30775,5.7337
8,2,0.30873,5.7337
8,2,0.30975,5.7145
8,2,0.31073,5.7145
8,2,0.31175,5.7145
8,2,0.31274,5.7145
8,2,0.31375,5.7145
8,2,0.31474,5.7145
8,2,0.31575,5.7145
8,2,0.31673,5.7145
8,2,0.31775,5.6953
8,2,0.31874,5.7337
8,2,0.31975,5.7145
8,2,0.32075,5.7145
8,2,0.32173,5.7337
8,2,0.32275,5.6953
8,2,0.32375,5.7337
8,2,0.32473,5.7145
8,2,0.32575,5.7337
8,2,0.32673,5.7337
8,2,0.32775,5.7337
8,2,0.32873,5.7145
8,2,0.32975,5.7145
8,2,0.33075,5.7145
8,2,0.33173,5.7145
8,2,0.33273,5.7145
8,2,0.33375,5.7337
8,2,0.33474,5.7337
8,2,0.33575,5.7337
8,2,0.33674,5.7337
8,2,0.33775,5.7337
8,2,0.33873,5.7337
8,2,0.33973,5.7337
8,2,0.34075,5.7337
8,2,0.34174,5.7337
8,2,0.34275,5.7145
8,2,0.34373,5.7337
8,2,0.34473,5.7337
8,2,0.34575,5.7337
8,2,0.34674,5.7145
8,2,0.34775,5.7145
8,2,0.34873,5.7337
8,2,0.34975,5.7145
8,2,0.35073,5.7145
8,2,0.35173,5.7145
8,2,0.35273,5.7145
8,2,0.35373,5.7337
8,2,0.35473,5.7145
8,2,0.35573,5.7337
8,2,0.35673,5.7337
8,2,0.35773,5.7145
8,2,0.35875,5.7337
8,2,0.35973,5.7145
8,2,0.36073,5.7145
8,2,0.36173,5.7145
8,2,0.36273,5.7145
8,2,0.36373,5.7145
8,2,0.36473,5.7145
8,2,0.36573,5.7145
8,2,0.36673,5.7337
8,2,0.36773,5.7337
8,2,0.36873,5.7337
8,2,0.36973,5.7145
8,2,0.37073,5.6953
8,2,0.37173,5.7145
8,2,0.37273,5.7337
8,2,0.37373,5.7145
8,2,0.37473,5.7145
8,2,0.37573,5.7337
8,2,0.37673,5.7145
8,2,0.37773,5.7145
8,2,0.37872,5.7337
8,2,0.37973,5.7337
8,2,0.38073,5.7337
8,2,0.38173,5.7145
8,2,0.38273,5.7145
8,2,0.38373,5.7337
8,2,0.38473,5.7337
8,2,0.38595,5.6953
8,2,0.38673,5.7145
8,2,0.38773,5.7337
8,2,0.38872,5.7145
8,2,0.38973,5.7145
8,2,0.39072,5.7145
8,2,0.39173,5.7145
8,2,0.39272,5.7337
8,2,0.39373,5.7145
8,2,0.39472,5.6953
8,2,0.39573,5.7145
8,2,0.39673,5.7145
8,2,0.39773,5.7337
8,2,0.39873,5.7337
8,2,0.39973,5.7145
8,2,0.40073,5.7337
8,2,0.40173,5.7337
8,2,0.40273,5.7145
8,2,0.40373,5.7145
8,2,0.40473,5.7145
8,2,0.40572,5.7337
8,2,0.40673,5.7337
8,2,0.40772,5.7337
8,2,0.40873,5.7337
8,2,0.40973,5.7145
8,2,0.41072,5.7337
8,2,0.41173,5.7145
8,2,0.41272,5.7145
8,2,0.41373,5.7337
8,2,0.41472,5.6953
8,2,0.41573,5.7337
8,2,0.41673,5.7145
8,2,0.41773,5.7337
8,2,0.41872,5.7337
8,2,0.41973,5.7337
8,2,0.42072,5.7337
8,2,0.42173,5.7337
8,2,0.42272,5.7145
8,2,0.42373,5.7337
8,2,0.42473,5.7145
8,2,0.42573,5.7337
8,2,0.42673,5.7145
8,2,0.42773,5.7145
8,2,0.42873,5.7337
8,2,0.42972,5.7337
8,2,0.43073,5.7337
8,2,0.43173,5.7337
8,2,0.43273,5.7337
8,2,0.43373,5.7145
8,2,0.43473,5.7145
8,2,0.43573,5.7337
8,2,0.43673,5.7145
8,2,0.43773,5.7145
8,2,0.43873,5.7337
8,2,0.43973,5.7337
8,2,0.44073,5.7337
8,2,0.44172,5.7337
8,2,0.44272,5.7337
8,2,0.44373,5.7145
8,2,0.44472,5.7145
8,2,0.44573,5.7337
8,2,0.44673,5.7337
8,2,0.44772,5.7145
8,2,0.44873,5.7337
8,2,0.44973,5.7337
8,2,0.45072,5.7337
8,2,0.45173,5.7337
8,2,0.45272,5.7145
8,2,0.45373,5.7145
8,2,0.45473,5.7145
8,2,0.45573,5.7145
8,2,0.45673,5.7337
8,2,0.45773,5.7337
8,2,0.45872,5.7337
8,2,0.45973,5.6953
8,2,0.46073,5.7145
8,2,0.46172,5.6953
8,2,0.46272,5.7145
8,2,0.46373,5.7337
8,2,0.46473,5.7337
8,2,0.46573,5.7145
8,2,0.46672,5.7145
8,2,0.46773,5.7337
8,2,0.46873,5.7337
8,2,0.46972,5.7337
8,2,0.47072,5.7337
8,2,0.47172,5.7145
8,2,0.47272,5.7337
8,2,0.47373,5.7145
8,2,0.47472,5.7337
8,2,0.47572,5.7337
8,2,0.47673,5.7337
8,2,0.47773,5.7145
8,2,0.47873,5.7145
8,2,0.47972,5.7337
8,2,0.48072,5.7145
8,2,0.48173,5.7145
8,2,0.48272,5.7337
8,2,0.48373,5.7145
8,2,0.48473,5.7337
8,2,0.48572,5.7337
8,2,0.48672,5.7337
8,2,0.48773,5.7145
8,2,0.48872,5.7337
8,2,0.48973,5.7145
8,2,0.49072,5.7145
8,2,0.49173,5.7145
8,2,0.49272,5.7337
8,2,0.49373,5.7145
8,2,0.49473,5.7145
8,2,0.49572,5.7145
8,2,0.49673,5.7337
8,2,0.49772,5.7337
8,2,0.49872,5.7337
8,2,0.49972,5.7337
8,2,0.50072,5.7337
8,2,0.50173,5.7145
8,2,0.50272,5.7145
8,2,0.50372,5.7145
8,2,0.50472,5.7337
8,2,0.50572,5.7337
8,2,0.50673,5.7145
8,2,0.50772,5.7337
8,2,0.50872,5.7145
8,2,0.50972,5.7337
8,2,0.51073,5.7145
8,2,0.51172,5.7145
8,2,0.51272,5.7145
8,2,0.51372,5.7145
8,2,0.51472,5.7145
8,2,0.51573,5.7145
8,2,0.51672,5.7145
8,2,0.51772,5.7145
8,2,0.51872,5.7337
8,2,0.51972,5.7337
8,2,0.52072,5.7145
8,2,0.52172,5.7337
8,2,0.52272,5.7145
8,2,0.52373,5.7145
8,2,0.52472,5.6953
8,2,0.52572,5.7145
8,2,0.52672,5.7337
8,2,0.52772,5.7145
8,2,0.52872,5.7337
8,2,0.52972,5.7145
8,2,0.53072,5.7337
8,2,0.53172,5.7337
8,2,0.53272,5.7337
8,2,0.53372,5.7145
8,2,0.53472,5.7145
8,2,0.53572,5.7145
8,2,0.53672,5.7145
8,2,0.53772,5.7145
8,2,0.53872,5.7337
8,2,0.53972,5.7145
8,2,0.54072,5.7145
8,2,0.54172,5.7145
8,2,0.54272,5.7145
8,2,0.54372,5.7145
8,2,0.54472,5.7145
8,2,0.54572,5.7337
8,2,0.54672,5.7337
8,2,0.54772,5.7145
8,2,0.54872,5.7337
8,2,0.54972,5.7145
8,2,0.55072,5.7145
8,2,0.55172,5.7337
8,2,0.55272,5.7145
8,2,0.55372,5.7337
8,2,0.55472,5.7145
8,2,0.55572,5.7337
8,2,0.55672,5.7337
8,2,0.55772,5.7145
8,2,0.55872,5.7337
8,2,0.55972,5.6953
8,2,0.56072,5.7145
8,2,0.56172,5.7145
8,2,0.56272,5.7145
8,2,0.56372,5.7145
8,2,0.56472,5.7337
8,2,0.56572,5.7337
8,2,0.56672,5.7337
8,2,0.56772,5.7337
8,2,0.56872,5.7145
8,2,0.56972,5.7145
8,2,0.57072,5.7337
8,2,0.57172,5.7337
8,2,0.57283,5.7337
8,2,0.57373,5.7337
8,2,0.57473,5.7337
8,2,0.57572,5.7145
8,2,0.57672,5.7145
8,2,0.57772,5.7337
8,2,0.57871,5.7145
8,2,0.57972,5.7337
8,2,0.58072,5.7337
8,2,0.58172,5.7145
8,2,0.58272,5.7145
8,2,0.58372,5.7145
8,2,0.58472,5.7145
8,2,0.5857,5.7337
8,2,0.58672,5.7337
8,2,0.5877,5.7145
8,2,0.58871,5.7145
8,2,0.5897,5.7145
8,2,0.59071,5.7145
8,2,0.5917,5.7145
8,2,0.59272,5.7145
8,2,0.5937,5.7145
8,2,0.59472,5.7145
8,2,0.5957,5.7145
8,2,0.59672,5.7337
8,2,0.5977,5.7145
8,2,0.59872,5.7145
8,2,0.5997,5.7337
8,2,0.60072,5.7337
8,2,0.6017,5.7145
8,2,0.60272,5.7337
8,2,0.6037,5.7145
8,2,0.60472,5.7145
8,2,0.6057,5.7145
8,2,0.60672,5.7145
8,2,0.60775,5.7337
8,2,0.60878,5.7337
8,2,0.60979,5.7337
8,2,0.61076,5.7145
8,2,0.61188,5.7337
8,2,0.61286,5.7337
8,2,0.61379,5.7145
8,2,0.61476,5.7337
8,2,0.61578,5.6953
8,2,0.61678,5.7337
8,2,0.61779,5.7145
8,2,0.61879,5.7145
8,2,0.61979,5.7145
8,2,0.62078,5.7145
8,2,0.62171,5.7145
8,2,0.62272,5.7337
8,2,0.6237,5.7145
8,2,0.62473,5.7145
8,2,0.62571,5.7145
8,2,0.62673,5.7337
8,2,0.6277,5.7145
8,2,0.62871,5.7145
8,2,0.6297,5.7145
8,2,0.63071,5.7337
8,2,0.6317,5.7145
8,2,0.63272,5.7145
8,2,0.6337,5.7145
8,2,0.63471,5.7145
8,2,0.6357,5.7337
8,2,0.63671,5.7145
8,2,0.63769,5.7337
8,2,0.63872,5.7145
8,2,0.63968,5.7145
8,2,0.64069,5.7145
8,2,0.6417,5.7337
8,2,0.6427,5.7145
8,2,0.64372,5.7145
8,2,0.64469,5.7337
8,2,0.6457,5.7337
8,2,0.6467,5.7145
8,2,0.6477,5.7145
8,2,0.6487,5.7145
8,2,0.6497,5.7145
8,2,0.6507,5.7337
8,2,0.6517,5.7337
8,2,0.65269,5.7145
8,2,0.65369,5.7337
8,2,0.6547,5.7145
8,2,0.6557,5.7145
8,2,0.65669,5.7337
8,2,0.6577,5.7145
8,2,0.65869,5.7337
8,2,0.6597,5.7337
8,2,0.66069,5.7145
8,2,0.6617,5.6953
8,2,0.6627,5.7145
8,2,0.6637,5.7145
8,2,0.6647,5.7337
8,2,0.6657,5.7337
8,2,0.6667,5.7337
8,2,0.66769,5.6953
8,2,0.66869,5.7145
8,2,0.66969,5.7145
8,2,0.6707,5.7337
8,2,0.67169,5.7337
8,2,0.6727,5.7337
8,2,0.6737,5.7337
8,2,0.6747,5.7145
8,2,0.67569,5.7337
8,2,0.67669,5.7145
8,2,0.67769,5.7145
8,2,0.67869,5.7337
8,2,0.67969,5.7145
8,2,0.6807,5.7337
8,2,0.6817,5.7145
8,2,0.6827,5.7145
8,2,0.6837,5.7145
8,2,0.68469,5.7337
8,2,0.68569,5.7145
8,2,0.6867,5.7337
8,2,0.68769,5.7337
8,2,0.6887,5.7337
8,2,0.68969,5.7337
8,2,0.6907,5.7337
8,2,0.69169,5.6953
8,2,0.69269,5.7337
8,2,0.69369,5.7145
8,2,0.6947,5.7145
8,2,0.69569,5.7145
8,2,0.6967,5.7145
8,2,0.69769,5.7337
8,2,0.6987,5.7337
8,2,0.69969,5.7145
8,2,0.70069,5.7145
8,2,0.70169,5.7337
8,2,0.7027,5.7337
8,2,0.70369,5.7145
8,2,0.7047,5.7337
8,2,0.70569,5.7145
8,2,0.7067,5.7337
8,2,0.70769,5.7337
8,2,0.70869,5.7337
8,2,0.70969,5.7145
8,2,0.7107,5.7337
8,2,0.71169,5.7145
8,2,0.7127,5.7145
8,2,0.71369,5.7145
8,2,0.7147,5.7145
8,2,0.71569,5.7337
8,2,0.71669,5.7145
8,2,0.71769,5.7337
8,2,0.7187,5.7337
8,2,0.71969,5.7337
8,2,0.7207,5.7337
8,2,0.72169,5.7145
8,2,0.72269,5.7337
8,2,0.72369,5.7337
8,2,0.7247,5.7337
8,2,0.72569,5.7145
8,2,0.72669,5.7145
8,2,0.72769,5.7145
8,2,0.7287,5.7145
8,2,0.72969,5.7337
8,2,0.7307,5.7145
8,2,0.73169,5.7337
8,2,0.73269,5.7145
8,2,0.73369,5.7337
8,2,0.7347,5.7145
8,2,0.73569,5.7145
8,2,0.73669,5.7337
8,2,0.73769,5.7337
8,2,0.7387,5.7145
8,2,0.73969,5.7337
8,2,0.74069,5.7337
8,2,0.74168,5.7145
8,2,0.74269,5.7337
8,2,0.74369,5.7337
8,2,0.7447,5.7337
8,2,0.74569,5.7337
8,2,0.74669,5.7337
8,2,0.74769,5.7145
8,2,0.74869,5.7337
8,2,0.74968,5.7145
8,2,0.75069,5.7337
8,2,0.75169,5.7145
8,2,0.75269,5.7145
8,2,0.75369,5.7337
8,2,0.75469,5.7337
8,2,0.75569,5.7145
8,2,0.75669,5.7337
8,2,0.75768,5.7145
8,2,0.75869,5.7145
8,2,0.75969,5.7145
8,2,0.76069,5.7337
8,2,0.76169,5.7337
8,2,0.76269,5.7337
8,2,0.76369,5.7145
8,2,0.76469,5.7337
8,2,0.76568,5.7337
8,2,0.76669,5.7145
8,2,0.76769,5.7145
8,2,0.76869,5.7337
8,2,0.76969,5.7337
8,2,0.7707,5.7145
8,2,0.77169,5.7145
8,2,0.77271,5.7145
8,2,0.77368,5.7145
8,2,0.77469,5.7145
8,2,0.77569,5.7145
8,2,0.77669,5.7337
8,2,0.77769,5.6953
8,2,0.77869,5.7145
8,2,0.77969,5.7337
8,2,0.78069,5.7337
8,2,0.78168,5.7145
8,2,0.78269,5.7337
8,2,0.78369,5.7337
8,2,0.78469,5.7145
8,2,0.78569,5.7145
8,2,0.78669,5.7145
8,2,0.78769,5.7145
8,2,0.78869,5.7337
8,2,0.78968,5.7145
8,2,0.79069,5.7145
8,2,0.79169,5.7337
8,2,0.79269,5.7145
8,2,0.79369,5.7145
8,2,0.79469,5.7145
8,2,0.79569,5.7145
8,2,0.79669,5.7145
8,2,0.79768,5.7337
8,2,0.79869,5.7145
8,2,0.79968,5.7337
8,2,0.80069,5.7145
8,2,0.80169,5.7145
8,2,0.80269,5.7145
8,2,0.80369,5.7145
8,2,0.80469,5.7337
8,2,0.80569,5.7145
8,2,0.80669,5.7337
8,2,0.80769,5.7337
8,2,0.80869,5.7337
8,2,0.80969,5.6953
8,2,0.81069,5.7337
8,2,0.81169,5.7337
8,2,0.81269,5.7337
8,2,0.81369,5.6953
8,2,0.81469,5.7337
8,2,0.81569,5.7145
8,2,0.81669,5.7337
8,2,0.81769,5.7145
8,2,0.81869,5.7145
8,2,0.81969,5.6953
8,2,0.82069,5.7337
8,2,0.82168,5.7145
8,2,0.82269,5.7145
8,2,0.82369,5.7337
8,2,0.82468,5.7337
8,2,0.82568,5.6953
8,2,0.82669,5.7337
8,2,0.82768,5.7145
8,2,0.82868,5.7337
8,2,0.82968,5.7337
8,2,0.83069,5.7145
8,2,0.83169,5.7145
8,2,0.83268,5.7145
8,2,0.83369,5.7337
8,2,0.83469,5.7145
8,2,0.83569,5.7145
8,2,0.83669,5.7145
8,2,0.83769,5.7337
8,2,0.83869,5.7145
8,2,0.83969,5.7145
8,2,0.84069,5.7145
8,2,0.84169,5.7145
8,2,0.84269,5.7337
8,2,0.84368,5.7337
8,2,0.84469,5.7337
8,2,0.84568,5.7145
8,2,0.84669,5.7337
8,2,0.84769,5.7145
8,2,0.84869,5.7145
8,2,0.84969,5.7145
8,2,0.85069,5.7337
8,2,0.85168,5.7145
8,2,0.85269,5.7145
8,2,0.85368,5.7145
8,2,0.85468,5.7337
8,2,0.85569,5.7337
8,2,0.85669,5.7337
8,2,0.85769,5.7337
8,2,0.85869,5.7337
8,2,0.85968,5.7145
8,2,0.86069,5.7337
8,2,0.86168,5.7337
8,2,0.86269,5.7337
8,2,0.86368,5.7145
8,2,0.86469,5.7337
8,2,0.86568,5.7145
8,2,0.86669,5.7145
8,2,0.86768,5.7145
8,2,0.86869,5.7337
8,2,0.86968,5.7337
8,2,0.87069,5.7337
8,2,0.87168,5.7145
8,2,0.87269,5.7145
8,2,0.87368,5.7145
8,2,0.87467,5.7145
8,2,0.87568,5.7145
8,2,0.87666,5.7337
8,2,0.87768,5.7145
8,2,0.87867,5.7337
8,2,0.87968,5.7145
8,2,0.88067,5.7145
8,2,0.88168,5.7145
8,2,0.88267,5.7145
8,2,0.88368,5.7145
8,2,0.88467,5.7337
8,2,0.88568,5.7337
8,2,0.88667,5.7145
8,2,0.88768,5.7337
8,2,0.88867,5.7145
8,2,0.88968,5.7337
8,2,0.89067,5.7145
8,2,0.89168,5.7145
8,2,0.89267,5.7337
8,2,0.89368,5.7337
8,2,0.89467,5.7337
8,2,0.89568,5.7145
8,2,0.89667,5.7145
8,2,0.89768,5.7337
8,2,0.89866,5.7145
8,2,0.89968,5.7145
8,2,0.90067,5.7337
8,2,0.90168,5.7145
8,2,0.90265,5.7337
8,2,0.90368,5.7337
8,2,0.90467,5.6953
8,2,0.90568,5.7145
8,2,0.90667,5.7337
8,2,0.90768,5.7337
8,2,0.90867,5.7337
8,2,0.90968,5.7145
8,2,0.91067,5.7145
8,2,0.91168,5.7145
8,2,0.91266,5.7337
8,2,0.91368,5.7337
8,2,0.91467,5.6953
8,2,0.91568,5.7337
8,2,0.91667,5.7145
8,2,0.91768,5.7337
8,2,0.91867,5.7145
8,2,0.91968,5.7337
8,2,0.92066,5.7337
8,2,0.92168,5.7145
8,2,0.92267,5.7337
8,2,0.92368,5.7337
8,2,0.92467,5.7145
8,2,0.92568,5.7337
8,2,0.92667,5.7337
8,2,0.92768,5.7337
8,2,0.92867,5.7145
8,2,0.92966,5.7145
8,2,0.93066,5.7337
8,2,0.93166,5.7337
8,2,0.93267,5.7145
8,2,0.93366,5.7145
8,2,0.93467,5.7145
8,2,0.93566,5.7145
8,2,0.93667,5.7337
8,2,0.93766,5.7337
8,2,0.93866,5.7145
8,2,0.93965,5.7145
8,2,0.94066,5.7145
8,2,0.94166,5.7145
8,2,0.94266,5.7337
8,2,0.94366,5.7145
8,2,0.94466,5.7337
8,2,0.94566,5.7337
8,2,0.94667,5.7145
8,2,0.94766,5.7145
8,2,0.94866,5.7337
8,2,0.94965,5.7145
8,2,0.95066,5.7145
8,2,0.95166,5.7145
8,2,0.95266,5.7337
8,2,0.95366,5.6953
8,2,0.95466,5.7145
8,2,0.95565,5.7145
8,2,0.95666,5.7337
8,2,0.95765,5.7145
8,2,0.95866,5.7145
8,2,0.95965,5.7145
8,2,0.96066,5.7337
8,2,0.96165,5.7337
8,2,0.96266,5.7337
8,2,0.96365,5.7337
8,2,0.96466,5.7145
8,2,0.96565,5.7337
8,2,0.96666,5.7145
8,2,0.96766,5.7145
8,2,0.96866,5.7145
8,2,0.96966,5.7337
8,2,0.97066,5.7145
8,2,0.97165,5.7337
8,2,0.97266,5.7337
8,2,0.97366,5.7145
8,2,0.97466,5.7337
8,2,0.97565,5.7337
8,2,0.97666,5.7337
8,2,0.97766,5.7145
8,2,0.97866,5.7337
8,2,0.97965,5.7337
8,2,0.98066,5.7145
8,2,0.98166,5.7337
8,2,0.98265,5.7337
8,2,0.98366,5.7145
8,2,0.98466,5.7145
8,2,0.98567,5.7145
8,2,0.98666,5.7145
8,2,0.98766,5.7145
8,2,0.98865,5.7145
8,2,0.98966,5.7145
8,2,0.99066,5.7145
8,2,0.99166,5.7145
8,2,0.99265,5.7145
8,2,0.99365,5.7145
8,2,0.99465,5.7337
8,2,0.99565,5.7145
8,2,0.99665,5.7145
8,2,0.99766,5.7145
8,2,0.99865,5.7337
8,2,0.99966,5.7145
8,2,1.00066,5.7337
16,1,0.00098,5.1009
16,1,0.00196,5.12
16,1,0.00299,5.12
16,1,0.00386,5.1009
16,1,0.00487,5.12
16,1,0.00585,5.1392
16,1,0.00687,5.12
16,1,0.00787,5.1009
16,1,0.00886,5.12
16,1,0.00988,5.12
16,1,0.01086,5.12
16,1,0.01186,5.12
16,1,0.01281,5.12
16,1,0.0138,5.12
16,1,0.0148,5.12
16,1,0.01581,5.12
16,1,0.01682,5.12
16,1,0.0178,5.12
16,1,0.0188,5.12
16,1,0.0198,5.1392
16,1,0.0208,5.12
16,1,0.0218,5.12
16,1,0.0228,5.12
16,1,0.0238,5.12
16,1,0.0248,5.12
16,1,0.0258,5.12
16,1,0.0268,5.12
16,1,0.0278,5.12
16,1,0.0288,5.12
16,1,0.0298,5.12
16,1,0.0308,5.12
16,1,0.0318,5.12
16,1,0.0328,5.12
16,1,0.0338,5.12
16,1,0.0348,5.12
16,1,0.0358,5.12
16,1,0.0368,5.12
16,1,0.0378,5.12
16,1,0.0388,5.12
16,1,0.0398,5.12
16,1,0.0408,5.12
16,1,0.0418,5.1009
16,1,0.0428,5.12
16,1,0.0438,5.12
16,1,0.0448,5.12
16,1,0.0458,5.12
16,1,0.0468,5.12
16,1,0.0478,5.12
16,1,0.0488,5.12
16,1,0.0498,5.12
16,1,0.0508,5.12
16,1,0.0518,5.12
16,1,0.0528,5.1392
16,1,0.0538,5.12
16,1,0.0548,5.12
16,1,0.0558,5.12
16,1,0.0568,5.12
16,1,0.0578,5.12
16,1,0.0588,5.12
16,1,0.0598,5.12
16,1,0.0608,5.1009
16,1,0.0618,5.1392
16,1,0.0628,5.12
16,1,0.0638,5.12
16,1,0.0648,5.12
16,1,0.0658,5.12
16,1,0.0668,5.1392
16,1,0.0678,5.12
16,1,0.0688,5.12
16,1,0.0698,5.12
16,1,0.0708,5.12
16,1,0.0718,5.12
16,1,0.0728,5.12
16,1,0.0738,5.12
16,1,0.0748,5.1392
16,1,0.0758,5.12
16,1,0.0768,5.12
16,1,0.0778,5.12
16,1,0.0788,5.12
16,1,0.0798,5.1009
16,1,0.0808,5.12
16,1,0.0818,5.12
16,1,0.0828,5.12
16,1,0.0838,5.1009
16,1,0.0848,5.12
16,1,0.0858,5.12
16,1,0.0868,5.12
16,1,0.0878,5.1009
16,1,0.0888,5.12
16,1,0.0898,5.1009
16,1,0.0908,5.12
16,1,0.0918,5.12
16,1,0.0928,5.12
16,1,0.0938,5.12
16,1,0.0948,5.1009
16,1,0.0958,5.12
16,1,0.0968,5.12
16,1,0.0978,5.12
16,1,0.0988,5.12
16,1,0.0998,5.12
16,1,0.1008,5.12
16,1,0.1018,5.12
16,1,0.1028,5.12
16,1,0.1038,5.12
16,1,0.1048,5.12
16,1,0.1058,5.12
16,1,0.1068,5.12
16,1,0.1078,5.12
16,1,0.1088,5.12
16,1,0.1098,5.12
16,1,0.1108,5.12
16,1,0.1118,5.12
16,1,0.1128,5.12
16,1,0.1138,5.1009
16,1,0.1148,5.1009
16,1,0.1158,5.12
16,1,0.1168,5.12
16,1,0.1178,5.12
16,1,0.1188,5.12
16,1,0.1198,5.12
16,1,0.1208,5.0817
16,1,0.1218,5.12
16,1,0.1228,5.12
16,1,0.1238,5.0817
16,1,0.1248,5.12
16,1,0.12579,5.1009
16,1,0.1268,5.0817
16,1,0.1278,5.1009
16,1,0.1288,5.0817
16,1,0.1298,5.0817
16,1,0.1308,5.0817
16,1,0.1318,5.0817
16,1,0.1328,5.1009
16,1,0.1338,5.0817
16,1,0.1348,5.1009
16,1,0.13579,5.0817
16,1,0.1368,5.0817
16,1,0.1378,5.0817
16,1,0.1388,5.0625
16,1,0.13979,5.0817
16,1,0.1408,5.0625
16,1,0.14179,5.0625
16,1,0.1428,5.0625
16,1,0.14379,5.0625
16,1,0.1448,5.0625
16,1,0.1458,5.0433
16,1,0.1468,5.0433
16,1,0.14779,5.0433
16,1,0.1488,5.0433
16,1,0.14979,5.0433
16,1,0.1508,5.0241
16,1,0.15179,5.005
16,1,0.15278,5.005
16,1,0.1538,5.005
16,1,0.15478,5.005
16,1,0.15579,5.005
16,1,0.15678,4.9858
16,1,0.1578,5.005
16,1,0.15878,4.9666
16,1,0.15979,4.9666
16,1,0.16078,4.9666
16,1,0.16179,4.9666
16,1,0.16278,4.9666
16,1,0.16379,4.9474
16,1,0.16478,4.9283
16,1,0.16579,4.9283
16,1,0.16678,4.9283
16,1,0.16779,4.9091
16,1,0.16878,4.9283
16,1,0.16979,4.9091
16,1,0.17078,4.8899
16,1,0.17179,4.8899
16,1,0.17278,4.8899
16,1,0.1738,4.8707
16,1,0.17478,4.8707
16,1,0.1758,4.8516
16,1,0.17678,4.8516
16,1,0.17779,4.8516
16,1,0.17878,4.8324
16,1,0.1798,4.8324
16,1,0.18078,4.8132
16,1,0.1818,4.794
16,1,0.18278,4.794
16,1,0.18379,4.794
16,1,0.18478,4.794
16,1,0.1858,4.7749
16,1,0.18678,4.7557
16,1,0.18779,4.7365
16,1,0.18878,4.7365
16,1,0.18979,4.7365
16,1,0.19078,4.7173
16,1,0.19179,4.6982
16,1,0.19278,4.6982
16,1,0.19379,4.6982
16,1,0.19478,4.6982
16,1,0.19579,4.679
16,1,0.19678,4.679
16,1,0.1978,4.6598
16,1,0.19879,4.6406
16,1,0.19978,4.6214
16,1,0.20079,4.6214
16,1,0.20178,4.6214
16,1,0.20279,4.6023
16,1,0.20378,4.5831
16,1,0.20479,4.5831
16,1,0.20578,4.5639
16,1,0.20679,4.5639
16,1,0.20778,4.5639
16,1,0.20877,4.5256
16,1,0.20978,4.5256
16,1,0.21077,4.5256
16,1,0.21178,4.5064
16,1,0.21277,4.4872
16,1,0.21378,4.468
16,1,0.21477,4.4489
16,1,0.21577,4.4489
16,1,0.21677,4.4105
16,1,0.21778,4.4105
16,1,0.21877,4.4105
16,1,0.21978,4.3722
16,1,0.22077,4.3722
16,1,0.22178,4.3722
16,1,0.22277,4.3338
16,1,0.22378,4.3338
16,1,0.22477,4.3338
16,1,0.22578,4.2955
16,1,0.22677,4.2763
16,1,0.22777,4.2571
16,1,0.22877,4.2188
16,1,0.22977,4.2188
16,1,0.23077,4.1804
16,1,0.23178,4.1804
16,1,0.23277,4.1612
16,1,0.23378,4.142
16,1,0.23477,4.1229
16,1,0.23577,4.1229
16,1,0.23677,4.0845
16,1,0.23778,4.0653
16,1,0.23877,4.0462
16,1,0.23977,4.027
16,1,0.24077,4.0078
16,1,0.24178,4.0078
16,1,0.24277,3.9695
16,1,0.24377,3.9695
16,1,0.24477,3.9503
16,1,0.24577,3.9311
16,1,0.24677,3.8928
16,1,0.24777,3.8736
16,1,0.24877,3.8544
16,1,0.24977,3.8352
16,1,0.25077,3.8352
16,1,0.25177,3.7969
16,1,0.25277,3.7777
16,1,0.25377,3.7585
16,1,0.25477,3.7202
16,1,0.25577,3.6818
16,1,0.25678,3.6818
16,1,0.25777,3.6435
16,1,0.25877,3.6243
16,1,0.25979,3.6051
16,1,0.26078,3.5859
16,1,0.26177,3.5476
16,1,0.26277,3.5284
16,1,0.26377,3.5092
16,1,0.26477,3.4709
16,1,0.26577,3.4517
16,1,0.26677,3.4325
16,1,0.26777,3.4134
16,1,0.26877,3.375
16,1,0.26977,3.3558
16,1,0.27077,3.3366
16,1,0.27177,3.3175
16,1,0.27277,3.2983
16,1,0.27377,3.2791
16,1,0.27478,3.2408
16,1,0.27577,3.2408
16,1,0.27678,3.2024
16,1,0.27777,3.1832
16,1,0.27877,3.1449
16,1,0.27977,3.1257
16,1,0.28077,3.0874
16,1,0.28177,3.049
16,1,0.28277,3.049
16,1,0.28377,3.0298
16,1,0.28477,3.0107
16,1,0.28578,2.9723
16,1,0.28677,2.9531
16,1,0.28777,2.9339
16,1,0.28877,2.8956
16,1,0.28977,2.8572
16,1,0.29077,2.8381
16,1,0.29177,2.8381
16,1,0.29277,2.8189
16,1,0.29377,2.7997
16,1,0.29478,2.7614
16,1,0.29577,2.7422
16,1,0.29677,2.7038
16,1,0.29777,2.6847
16,1,0.29877,2.6463
16,1,0.29977,2.6271
16,1,0.30077,2.608
16,1,0.30177,2.5888
16,1,0.30277,2.5696
16,1,0.30377,2.5504
16,1,0.30477,2.5312
16,1,0.30577,2.4929
16,1,0.30677,2.4737
16,1,0.30777,2.4545
16,1,0.30877,2.4354
16,1,0.30977,2.4162
16,1,0.31077,2.397
16,1,0.31177,2.3587
16,1,0.31277,2.3395
16,1,0.31377,2.3203
16,1,0.31477,2.3011
16,1,0.31577,2.282
16,1,0.31677,2.2628
16,1,0.31777,2.2436
16,1,0.31877,2.2053
16,1,0.31977,2.1669
16,1,0.32077,2.1669
16,1,0.32177,2.1286
16,1,0.32277,2.1094
16,1,0.32377,2.0902
16,1,0.32477,2.071
16,1,0.32577,2.0518
16,1,0.32677,2.0135
16,1,0.32777,2.0135
16,1,0.32877,1.956
16,1,0.32977,1.9368
16,1,0.33077,1.9176
16,1,0.33177,1.8793
16,1,0.33277,1.8793
16,1,0.33377,1.8601
16,1,0.33477,1.8217
16,1,0.33577,1.8217
16,1,0.33677,1.7642
16,1,0.33777,1.745
16,1,0.33877,1.7259
16,1,0.33977,1.6875
16,1,0.34077,1.6683
16,1,0.34177,1.6491
16,1,0.34277,1.63
16,1,0.34377,1.6108
16,1,0.34477,1.5916
16,1,0.34577,1.5724
16,1,0.34677,1.5149
16,1,0.34777,1.4957
16,1,0.34877,1.4574
16,1,0.34977,1.4574
16,1,0.35077,1.419
16,1,0.35177,1.419
16,1,0.35277,1.3807
16,1,0.35376,1.3807
16,1,0.35477,1.3423
16,1,0.35576,1.3232
16,1,0.35677,1.2848
16,1,0.35776,1.2464
16,1,0.35877,1.2464
16,1,0.35976,1.2273
16,1,0.36077,1.1889
16,1,0.36176,1.1697
16,1,0.36277,1.1506
16,1,0.36376,1.1122
16,1,0.36477,1.093
16,1,0.36576,1.0739
16,1,0.36677,1.0547
16,1,0.36776,1.0355
16,1,0.36877,0.9972
16,1,0.36976,0.9588
16,1,0.37077,0.9396
16,1,0.37176,0.9013
16,1,0.37277,0.9013
16,1,0.37377,0.8821
16,1,0.37484,0.8629
16,1,0.37582,0.8438
16,1,0.37684,0.8246
16,1,0.37783,0.8054
16,1,0.37885,0.767
16,1,0.37983,0.7287
16,1,0.38084,0.7095
16,1,0.38184,0.6712
16,1,0.38283,0.652
16,1,0.38384,0.652
16,1,0.38483,0.6328
16,1,0.38583,0.6136
16,1,0.38683,0.5753
16,1,0.38776,0.5561
16,1,0.38876,0.5369
16,1,0.38976,0.5178
16,1,0.39077,0.4794
16,1,0.39176,0.4794
16,1,0.39276,0.4411
16,1,0.39376,0.4027
16,1,0.39476,0.4027
16,1,0.39576,0.4027
16,1,0.39676,0.3643
16,1,0.39776,0.326
16,1,0.39876,0.326
16,1,0.39976,0.3068
16,1,0.40076,0.3068
16,1,0.40176,0.2685
16,1,0.40276,0.2493
16,1,0.40376,0.2301
16,1,0.40476,0.1918
16,1,0.40576,0.1918
16,1,0.40677,0.1726
16,1,0.40776,0.1342
16,1,0.40876,0.1151
16,1,0.40976,0.1151
16,1,0.41077,0.0767
16,1,0.41176,0.0575
16,1,0.41276,0.0384
16,1,0.41376,0.0192
16,1,0.41476,0.0
16,1,0.41576,-0.0192
16,1,0.41676,-0.0384
16,1,0.41776,-0.0384
16,1,0.41876,-0.0959
16,1,0.41976,-0.1151
16,1,0.42076,-0.1151
16,1,0.42176,-0.1342
16,1,0.42276,-0.1726
16,1,0.42376,-0.1918
16,1,0.42476,-0.2301
16,1,0.42576,-0.2301
16,1,0.42676,-0.2301
16,1,0.42776,-0.2685
16,1,0.42876,-0.2876
16,1,0.42976,-0.3068
16,1,0.43076,-0.326
16,1,0.43175,-0.3452
16,1,0.43276,-0.3643
16,1,0.43376,-0.3643
16,1,0.43476,-0.4027
16,1,0.43576,-0.4219
16,1,0.4369,-0.4411
16,1,0.43778,-0.4602
16,1,0.43877,-0.4794
16,1,0.43977,-0.5178
16,1,0.44075,-0.5178
16,1,0.44177,-0.5369
16,1,0.44277,-0.5369
16,1,0.44377,-0.5753
16,1,0.44476,-0.5945
16,1,0.44574,-0.6136
16,1,0.44676,-0.6136
16,1,0.44776,-0.6328
16,1,0.44876,-0.6712
16,1,0.44976,-0.6903
16,1,0.45074,-0.7095
16,1,0.45176,-0.7287
16,1,0.45276,-0.7479
16,1,0.45376,-0.7479
16,1,0.45476,-0.7862
16,1,0.45574,-0.8054
16,1,0.45676,-0.8054
16,1,0.45776,-0.8246
16,1,0.45874,-0.8438
16,1,0.45976,-0.8629
16,1,0.46076,-0.8821
16,1,0.46174,-0.9205
16,1,0.46276,-0.9396
16,1,0.46376,-0.9396
16,1,0.46474,-0.9588
16,1,0.46576,-0.9588
16,1,0.46676,-0.9588
16,1,0.46774,-0.9972
16,1,0.46874,-1.0163
16,1,0.46974,-1.0355
16,1,0.47076,-1.0547
16,1,0.47174,-1.0739
16,1,0.47276,-1.0739
16,1,0.47376,-1.1122
16,1,0.47474,-1.1122
16,1,0.47574,-1.1122
16,1,0.47676,-1.1506
16,1,0.47776,-1.1506
16,1,0.47874,-1.1697
16,1,0.47976,-1.1697
16,1,0.48076,-1.1889
16,1,0.48174,-1.2081
16,1,0.48274,-1.2273
16,1,0.48374,-1.2464
16,1,0.48476,-1.2464
16,1,0.48574,-1.2464
16,1,0.48674,-1.2848
16,1,0.48776,-1.2848
16,1,0.48874,-1.2848
16,1,0.48974,-1.304
16,1,0.49076,-1.3232
16,1,0.49174,-1.3232
16,1,0.49274,-1.3423
16,1,0.49376,-1.3423
16,1,0.49474,-1.3615
16,1,0.49574,-1.3615
16,1,0.49676,-1.3807
16,1,0.49774,-1.3807
16,1,0.49874,-1.3999
16,1,0.49975,-1.3999
16,1,0.50074,-1.419
16,1,0.50173,-1.4382
16,1,0.50275,-1.4382
16,1,0.50374,-1.4382
16,1,0.50473,-1.4574
16,1,0.50575,-1.4574
16,1,0.50673,-1.4766
16,1,0.50773,-1.4766
16,1,0.50875,-1.4957
16,1,0.50973,-1.4957
16,1,0.51073,-1.5149
16,1,0.51175,-1.5341
16,1,0.51273,-1.5341
16,1,0.51373,-1.5341
16,1,0.51475,-1.5341
16,1,0.51573,-1.5341
16,1,0.51673,-1.5341
16,1,0.51775,-1.5533
16,1,0.51874,-1.5533
16,1,0.51973,-1.5533
16,1,0.52073,-1.5533
16,1,0.52175,-1.5533
16,1,0.52273,-1.5724
16,1,0.52373,-1.5916
16,1,0.52475,-1.5916
16,1,0.52573,-1.5724
16,1,0.52673,-1.5724
16,1,0.52773,-1.5916
16,1,0.52873,-1.5916
16,1,0.52973,-1.5916
16,1,0.53073,-1.5916
16,1,0.53174,-1.6108
16,1,0.53273,-1.5916
16,1,0.53373,-1.6108
16,1,0.53473,-1.6108
16,1,0.53573,-1.63
16,1,0.53675,-1.6108
16,1,0.53773,-1.63
16,1,0.53873,-1.63
16,1,0.53975,-1.63
16,1,0.54073,-1.63
16,1,0.54173,-1.63
16,1,0.54275,-1.63
16,1,0.54373,-1.63
16,1,0.54473,-1.63
16,1,0.54573,-1.63
16,1,0.54673,-1.63
16,1,0.54773,-1.6491
16,1,0.54873,-1.63
16,1,0.54974,-1.6491
16,1,0.55073,-1.6491
16,1,0.55175,-1.63
16,1,0.55273,-1.63
16,1,0.55373,-1.6491
16,1,0.55473,-1.6108
16,1,0.55573,-1.6491
16,1,0.55673,-1.6491
16,1,0.55775,-1.6491
16,1,0.55873,-1.6491
16,1,0.55973,-1.63
16,1,0.56075,-1.63
16,1,0.56173,-1.6491
16,1,0.56273,-1.6491
16,1,0.56373,-1.6491
16,1,0.56473,-1.63
16,1,0.56573,-1.6491
16,1,0.56673,-1.6491
16,1,0.56775,-1.63
16,1,0.56873,-1.63
16,1,0.56973,-1.63
16,1,0.57075,-1.63
16,1,0.57173,-1.6491
16,1,0.57273,-1.63
16,1,0.57373,-1.6491
16,1,0.57475,-1.63
16,1,0.57573,-1.63
16,1,0.57673,-1.63
16,1,0.57775,-1.6491
16,1,0.57873,-1.6491
16,1,0.57973,-1.6491
16,1,0.58075,-1.6491
16,1,0.58173,-1.63
16,1,0.58273,-1.63
16,1,0.58375,-1.63
16,1,0.58473,-1.6491
16,1,0.58573,-1.6491
16,1,0.58675,-1.6108
16,1,0.58773,-1.63
16,1,0.58873,-1.63
16,1,0.58975,-1.63
16,1,0.59073,-1.63
16,1,0.59173,-1.6108
16,1,0.59275,-1.63
16,1,0.59373,-1.63
16,1,0.59473,-1.63
16,1,0.59573,-1.63
16,1,0.59674,-1.63
16,1,0.59773,-1.63
16,1,0.59875,-1.63
16,1,0.59973,-1.63
16,1,0.60073,-1.6108
16,1,0.60175,-1.63
16,1,0.60273,-1.63
16,1,0.60373,-1.63
16,1,0.60475,-1.6108
16,1,0.60573,-1.63
16,1,0.60673,-1.6108
16,1,0.60775,-1.63
16,1,0.60873,-1.6491
16,1,0.60973,-1.6108
16,1,0.61073,-1.6108
16,1,0.61173,-1.63
16,1,0.61273,-1.63
16,1,0.61373,-1.6108
16,1,0.61475,-1.63
16,1,0.61573,-1.6108
16,1,0.61673,-1.63
16,1,0.61773,-1.6108
16,1,0.61875,-1.63
16,1,0.61973,-1.6108
16,1,0.62073,-1.6108
16,1,0.62173,-1.63
16,1,0.62273,-1.6108
16,1,0.62375,-1.6108
16,1,0.62473,-1.6108
16,1,0.62573,-1.6108
16,1,0.62673,-1.63
16,1,0.62773,-1.6108
16,1,0.62873,-1.63
16,1,0.62973,-1.63
16,1,0.63073,-1.6108
16,1,0.63173,-1.63
16,1,0.63273,-1.6108
16,1,0.63373,-1.6108
16,1,0.63473,-1.6108
16,1,0.63574,-1.63
16,1,0.63673,-1.6108
16,1,0.63773,-1.63
16,1,0.63875,-1.6108
16,1,0.63973,-1.6108
16,1,0.64073,-1.63
16,1,0.64175,-1.63
16,1,0.64273,-1.63
16,1,0.64373,-1.6108
16,1,0.64487,-1.63
16,1,0.64573,-1.63
16,1,0.64673,-1.6108
16,1,0.64775,-1.63
16,1,0.64873,-1.6108
16,1,0.64973,-1.63
16,1,0.65075,-1.6491
16,1,0.65173,-1.63
16,1,0.65273,-1.63
16,1,0.65372,-1.6108
16,1,0.65473,-1.6491
16,1,0.65573,-1.6108
16,1,0.65672,-1.6108
16,1,0.65773,-1.63
16,1,0.65873,-1.6108
16,1,0.65972,-1.63
16,1,0.66073,-1.63
16,1,0.66173,-1.6108
16,1,0.66272,-1.6491
16,1,0.66373,-1.6491
16,1,0.66472,-1.6108
16,1,0.66574,-1.63
16,1,0.66673,-1.63
16,1,0.66772,-1.6108
16,1,0.66874,-1.6108
16,1,0.66973,-1.63
16,1,0.67072,-1.6491
16,1,0.67174,-1.63
16,1,0.67272,-1.63
16,1,0.67372,-1.63
16,1,0.67474,-1.63
16,1,0.67573,-1.6491
16,1,0.67672,-1.6491
16,1,0.67774,-1.6491
16,1,0.67872,-1.6108
16,1,0.67972,-1.63
16,1,0.68074,-1.63
16,1,0.68173,-1.6491
16,1,0.68272,-1.6491
16,1,0.68372,-1.6491
16,1,0.68472,-1.6491
16,1,0.68572,-1.63
16,1,0.68674,-1.6491
16,1,0.68772,-1.63
16,1,0.68872,-1.63
16,1,0.68974,-1.63
16,1,0.69072,-1.63
16,1,0.69172,-1.63
16,1,0.69274,-1.6491
16,1,0.69372,-1.6491
16,1,0.69472,-1.6491
16,1,0.69574,-1.6491
16,1,0.69672,-1.63
16,1,0.69772,-1.6491
16,1,0.69874,-1.6491
16,1,0.69972,-1.63
16,1,0.70072,-1.63
16,1,0.70172,-1.63
16,1,0.70272,-1.6491
16,1,0.70372,-1.6491
16,1,0.70474,-1.6491
16,1,0.70572,-1.63
16,1,0.70672,-1.63
16,1,0.70774,-1.6491
16,1,0.70872,-1.63
16,1,0.70972,-1.6491
16,1,0.71074,-1.63
16,1,0.71172,-1.6491
16,1,0.71272,-1.63
16,1,0.71374,-1.63
16,1,0.71472,-1.6108
16,1,0.71572,-1.6491
16,1,0.71672,-1.6491
16,1,0.7177,-1.6491
16,1,0.71872,-1.63
16,1,0.71972,-1.63
16,1,0.72073,-1.6491
16,1,0.72172,-1.6491
16,1,0.72271,-1.63
16,1,0.72372,-1.63
16,1,0.7247,-1.63
16,1,0.72574,-1.63
16,1,0.7267,-1.6108
16,1,0.72772,-1.6491
16,1,0.72871,-1.6491
16,1,0.72972,-1.6491
16,1,0.7307,-1.63
16,1,0.73172,-1.63
16,1,0.73272,-1.6491
16,1,0.7337,-1.6491
16,1,0.73472,-1.6491
16,1,0.7357,-1.6108
16,1,0.73672,-1.6491
16,1,0.7377,-1.6491
16,1,0.73872,-1.63
16,1,0.7397,-1.63
16,1,0.74072,-1.63
16,1,0.7417,-1.63
16,1,0.74272,-1.6108
16,1,0.7437,-1.63
16,1,0.74472,-1.63
16,1,0.7457,-1.63
16,1,0.74672,-1.6491
16,1,0.7477,-1.6108
16,1,0.7487,-1.6491
16,1,0.74972,-1.6108
16,1,0.7507,-1.63
16,1,0.7517,-1.63
16,1,0.7527,-1.63
16,1,0.75372,-1.63
16,1,0.7547,-1.6108
16,1,0.7557,-1.63
16,1,0.75672,-1.63
16,1,0.7577,-1.63
16,1,0.75872,-1.63
16,1,0.7597,-1.6491
16,1,0.7607,-1.6108
16,1,0.76172,-1.63
16,1,0.7627,-1.63
16,1,0.7637,-1.63
16,1,0.76472,-1.63
16,1,0.7657,-1.6108
16,1,0.76672,-1.6491
16,1,0.7677,-1.6108
16,1,0.7687,-1.6108
16,1,0.76972,-1.63
16,1,0.7707,-1.63
16,1,0.7717,-1.63
16,1,0.7727,-1.63
16,1,0.7737,-1.63
16,1,0.7747,-1.63
16,1,0.7757,-1.6108
16,1,0.7767,-1.63
16,1,0.7777,-1.6491
16,1,0.7787,-1.63
16,1,0.7797,-1.63
16,1,0.78071,-1.6491
16,1,0.7817,-1.63
16,1,0.7827,-1.63
16,1,0.7837,-1.63
16,1,0.7847,-1.6108
16,1,0.7857,-1.6108
16,1,0.7867,-1.6108
16,1,0.7877,-1.6108
16,1,0.7887,-1.63
16,1,0.7897,-1.63
16,1,0.7907,-1.63
16,1,0.7917,-1.63
16,1,0.7927,-1.63
16,1,0.7937,-1.6491
16,1,0.7947,-1.63
16,1,0.7957,-1.6491
16,1,0.7967,-1.6108
16,1,0.7977,-1.63
16,1,0.79869,-1.6108
16,1,0.7997,-1.6108
16,1,0.8007,-1.6108
16,1,0.8017,-1.6108
16,1,0.8027,-1.6491
16,1,0.8037,-1.6108
16,1,0.80469,-1.63
16,1,0.8057,-1.63
16,1,0.8067,-1.6491
16,1,0.80769,-1.63
16,1,0.8087,-1.63
16,1,0.8097,-1.63
16,1,0.8107,-1.6491
16,1,0.8117,-1.6491
16,1,0.8127,-1.63
16,1,0.8137,-1.6108
16,1,0.8147,-1.63
16,1,0.81569,-1.63
16,1,0.8167,-1.63
16,1,0.81769,-1.63
16,1,0.8187,-1.6491
16,1,0.8197,-1.6491
16,1,0.82069,-1.6491
16,1,0.8217,-1.6491
16,1,0.82269,-1.6491
16,1,0.8237,-1.63
16,1,0.8247,-1.63
16,1,0.82569,-1.63
16,1,0.8267,-1.6491
16,1,0.8277,-1.6491
16,1,0.82869,-1.63
16,1,0.8297,-1.63
16,1,0.8307,-1.63
16,1,0.8317,-1.6491
16,1,0.8327,-1.6491
16,1,0.83369,-1.6108
16,1,0.8347,-1.6491
16,1,0.8357,-1.6108
16,1,0.83669,-1.63
16,1,0.8377,-1.6491
16,1,0.8387,-1.63
16,1,0.8397,-1.63
16,1,0.84069,-1.6491
16,1,0.8417,-1.6491
16,1,0.8427,-1.6491
16,1,0.8437,-1.63
16,1,0.8447,-1.63
16,1,0.84569,-1.6491
16,1,0.8467,-1.6491
16,1,0.8477,-1.6491
16,1,0.8487,-1.63
16,1,0.84969,-1.6491
16,1,0.85069,-1.63
16,1,0.8517,-1.6491
16,1,0.85269,-1.63
16,1,0.8537,-1.6491
16,1,0.85469,-1.63
16,1,0.85568,-1.6491
16,1,0.8567,-1.63
16,1,0.8577,-1.6108
16,1,0.8587,-1.6491
16,1,0.85969,-1.63
16,1,0.8607,-1.63
16,1,0.8617,-1.63
16,1,0.86269,-1.63
16,1,0.8637,-1.6491
16,1,0.8647,-1.63
16,1,0.86569,-1.63
16,1,0.86669,-1.6491
16,1,0.8677,-1.6491
16,1,0.86869,-1.63
16,1,0.8697,-1.63
16,1,0.87069,-1.63
16,1,0.87169,-1.63
16,1,0.8727,-1.6491
16,1,0.87369,-1.63
16,1,0.8747,-1.6491
16,1,0.87569,-1.6108
16,1,0.87669,-1.63
16,1,0.87769,-1.63
16,1,0.87869,-1.6491
16,1,0.8797,-1.6491
16,1,0.88069,-1.6491
16,1,0.8817,-1.6108
16,1,0.88269,-1.6491
16,1,0.88369,-1.63
16,1,0.88469,-1.6491
16,1,0.88569,-1.6491
16,1,0.8867,-1.63
16,1,0.88769,-1.63
16,1,0.88869,-1.63
16,1,0.8897,-1.63
16,1,0.8907,-1.6491
16,1,0.89169,-1.6491
16,1,0.89269,-1.6491
16,1,0.8937,-1.63
16,1,0.89469,-1.6491
16,1,0.89569,-1.63
16,1,0.89669,-1.63
16,1,0.89769,-1.63
16,1,0.89869,-1.63
16,1,0.89969,-1.63
16,1,0.90069,-1.6108
16,1,0.9017,-1.63
16,1,0.90269,-1.6491
16,1,0.90369,-1.6108
16,1,0.9047,-1.63
16,1,0.90569,-1.63
16,1,0.90669,-1.6108
16,1,0.9077,-1.63
16,1,0.90869,-1.6108
16,1,0.90969,-1.63
16,1,0.91069,-1.63
16,1,0.91169,-1.63
16,1,0.91269,-1.63
16,1,0.91369,-1.63
16,1,0.91469,-1.6491
16,1,0.91569,-1.6491
16,1,0.91669,-1.6491
16,1,0.91769,-1.63
16,1,0.91869,-1.6491
16,1,0.91969,-1.6491
16,1,0.92069,-1.63
16,1,0.92169,-1.63
16,1,0.92269,-1.63
16,1,0.92369,-1.63
16,1,0.92469,-1.63
16,1,0.92569,-1.63
16,1,0.92669,-1.63
16,1,0.92769,-1.63
16,1,0.92869,-1.63
16,1,0.92969,-1.63
16,1,0.93069,-1.63
16,1,0.93169,-1.63
16,1,0.93269,-1.63
16,1,0.93369,-1.6491
16,1,0.93469,-1.63
16,1,0.93569,-1.63
16,1,0.93669,-1.63
16,1,0.93769,-1.63
16,1,0.93869,-1.6108
16,1,0.93969,-1.63
16,1,0.94069,-1.63
16,1,0.94169,-1.6491
16,1,0.94269,-1.63
16,1,0.94369,-1.63
16,1,0.94469,-1.6108
16,1,0.94569,-1.6108
16,1,0.94669,-1.63
16,1,0.94769,-1.63
16,1,0.94869,-1.6491
16,1,0.94969,-1.63
16,1,0.95069,-1.6491
16,1,0.95169,-1.63
16,1,0.95269,-1.63
16,1,0.95369,-1.63
16,1,0.95469,-1.63
16,1,0.95569,-1.6108
16,1,0.9567,-1.63
16,1,0.95769,-1.6491
16,1,0.95869,-1.63
16,1,0.95969,-1.63
16,1,0.96069,-1.63
16,1,0.96169,-1.63
16,1,0.9627,-1.6491
16,1,0.96369,-1.63
16,1,0.96469,-1.63
16,1,0.96569,-1.6491
16,1,0.96669,-1.63
16,1,0.96769,-1.6491
16,1,0.96869,-1.63
16,1,0.96969,-1.6491
16,1,0.97069,-1.6491
16,1,0.97169,-1.6108
16,1,0.97269,-1.6491
16,1,0.9737,-1.6491
16,1,0.9747,-1.6491
16,1,0.9757,-1.63
16,1,0.97669,-1.6491
16,1,0.97769,-1.63
16,1,0.97869,-1.63
16,1,0.97969,-1.63
16,1,0.98069,-1.63
16,1,0.98169,-1.63
16,1,0.98269,-1.6491
16,1,0.98369,-1.63
16,1,0.98469,-1.63
16,1,0.98569,-1.6491
16,1,0.98668,-1.6491
16,1,0.98769,-1.6491
16,1,0.98868,-1.6491
16,1,0.98969,-1.63
16,1,0.99069,-1.6491
16,1,0.99169,-1.63
16,1,0.99269,-1.63
16,1,0.99368,-1.6491
16,1,0.99469,-1.63
16,1,0.99569,-1.6491
16,1,0.99669,-1.6491
16,1,0.99769,-1.63
16,1,0.99869,-1.6491
16,1,0.99969,-1.63
16,1,1.00069,-1.6491
16,2,0.00192,5.12
16,2,0.00292,5.12
16,2,0.00395,5.1009
16,2,0.00483,5.12
16,2,0.00586,5.12
16,2,0.00682,5.12
16,2,0.00784,5.12
16,2,0.00885,5.12
16,2,0.00985,5.12
16,2,0.01085,5.12
16,2,0.01187,5.12
16,2,0.01285,5.12
16,2,0.01386,5.12
16,2,0.01484,5.12
16,2,0.0158,5.12
16,2,0.0168,5.12
16,2,0.01778,5.12
16,2,0.01882,5.1392
16,2,0.0198,5.12
16,2,0.02082,5.12
16,2,0.02179,5.12
16,2,0.02281,5.12
16,2,0.0238,5.12
16,2,0.02482,5.12
16,2,0.0258,5.12
16,2,0.02682,5.12
16,2,0.02781,5.12
16,2,0.02883,5.12
16,2,0.02982,5.12
16,2,0.03083,5.12
16,2,0.03182,5.12
16,2,0.03284,5.12
16,2,0.03382,5.12
16,2,0.03484,5.12
16,2,0.03583,5.12
16,2,0.03685,5.12
16,2,0.03783,5.12
16,2,0.03885,5.12
16,2,0.03984,5.12
16,2,0.04086,5.12
16,2,0.04184,5.12
16,2,0.04286,5.12
16,2,0.04385,5.12
16,2,0.04487,5.12
16,2,0.04585,5.12
16,2,0.04687,5.12
16,2,0.04786,5.1009
16,2,0.04888,5.12
16,2,0.04986,5.12
16,2,0.05088,5.12
16,2,0.05187,5.1392
16,2,0.05289,5.12
16,2,0.05387,5.12
16,2,0.05489,5.12
16,2,0.05588,5.12
16,2,0.0569,5.12
16,2,0.05788,5.12
16,2,0.05888,5.1392
16,2,0.05989,5.12
16,2,0.06088,5.12
16,2,0.06189,5.12
16,2,0.06289,5.12
16,2,0.0639,5.12
16,2,0.0649,5.1009
16,2,0.0659,5.12
16,2,0.0669,5.12
16,2,0.06791,5.12
16,2,0.06891,5.12
16,2,0.06991,5.1392
16,2,0.07091,5.12
16,2,0.07192,5.1392
16,2,0.07291,5.12
16,2,0.07392,5.12
16,2,0.07492,5.12
16,2,0.07593,5.1392
16,2,0.07692,5.12
16,2,0.07793,5.12
16,2,0.07893,5.12
16,2,0.07993,5.12
16,2,0.08093,5.12
16,2,0.08194,5.12
16,2,0.08294,5.12
16,2,0.08394,5.12
16,2,0.08494,5.1392
16,2,0.08595,5.12
16,2,0.08695,5.12
16,2,0.08796,5.12
16,2,0.08895,5.12
16,2,0.08996,5.12
16,2,0.09096,5.12
16,2,0.09196,5.1392
16,2,0.09296,5.1392
16,2,0.09397,5.12
16,2,0.09497,5.1009
16,2,0.09597,5.12
16,2,0.09697,5.12
16,2,0.09798,5.12
16,2,0.09898,5.12
16,2,0.09998,5.12
16,2,0.10098,5.12
16,2,0.10199,5.12
16,2,0.10299,5.12
16,2,0.10399,5.12
16,2,0.10499,5.12
16,2,0.106,5.12
16,2,0.107,5.12
16,2,0.108,5.12
16,2,0.109,5.12
16,2,0.11001,5.12
16,2,0.11101,5.12
16,2,0.11201,5.12
16,2,0.11301,5.12
16,2,0.11402,5.12
16,2,0.11502,5.12
16,2,0.11602,5.12
16,2,0.11702,5.12
16,2,0.11816,5.12
16,2,0.11905,5.12
16,2,0.12003,5.12
16,2,0.12104,5.12
16,2,0.12204,5.1009
16,2,0.12305,5.12
16,2,0.12405,5.12
16,2,0.12504,5.1009
16,2,0.12605,5.12
16,2,0.12705,5.12
16,2,0.12805,5.0817
16,2,0.12905,5.0817
16,2,0.13006,5.1009
16,2,0.13105,5.1009
16,2,0.13206,5.0817
16,2,0.13306,5.0817
16,2,0.13407,5.0817
16,2,0.13507,5.0817
16,2,0.13607,5.0817
16,2,0.13707,5.0817
16,2,0.13808,5.0625
16,2,0.13907,5.0817
16,2,0.14008,5.0625
16,2,0.14108,5.0625
16,2,0.14208,5.0625
16,2,0.14308,5.0625
16,2,0.14409,5.0625
16,2,0.14509,5.0625
16,2,0.14609,5.0625
16,2,0.1471,5.0625
16,2,0.1481,5.0433
16,2,0.1491,5.0625
16,2,0.1501,5.0433
16,2,0.15111,5.005
16,2,0.15211,5.0241
16,2,0.15311,5.005
16,2,0.15411,5.005
16,2,0.15511,5.005
16,2,0.15612,5.005
16,2,0.15711,5.005
16,2,0.15812,5.005
16,2,0.15912,4.9858
16,2,0.16013,4.9858
16,2,0.16113,4.9858
16,2,0.16213,4.9666
16,2,0.16313,4.9666
16,2,0.16414,4.9666
16,2,0.16513,4.9474
16,2,0.16614,4.9283
16,2,0.16714,4.9474
16,2,0.16815,4.9283
16,2,0.16915,4.9283
16,2,0.17015,4.9091
16,2,0.17115,4.9091
16,2,0.17216,4.8899
16,2,0.17316,4.8899
16,2,0.17416,4.8899
16,2,0.17516,4.8899
16,2,0.17617,4.8516
16,2,0.17717,4.8516
16,2,0.17817,4.8516
16,2,0.17917,4.8324
16,2,0.18018,4.8324
16,2,0.18117,4.8132
16,2,0.18218,4.8132
16,2,0.18318,4.8132
16,2,0.18419,4.8132
16,2,0.18518,4.7749
16,2,0.18619,4.7749
16,2,0.18719,4.7749
16,2,0.1882,4.7749
16,2,0.18919,4.7365
16,2,0.1902,4.7365
16,2,0.1912,4.7365
16,2,0.19222,4.7365
16,2,0.19321,4.7173
16,2,0.19421,4.6982
16,2,0.19522,4.6982
16,2,0.19621,4.679
16,2,0.19722,4.6982
16,2,0.19822,4.679
16,2,0.19922,4.6598
16,2,0.20022,4.6406
16,2,0.20123,4.6406
16,2,0.20223,4.6214
16,2,0.20324,4.6214
16,2,0.20423,4.5831
16,2,0.20524,4.5831
16,2,0.20624,4.5831
16,2,0.20724,4.5639
16,2,0.20824,4.5831
16,2,0.20925,4.5639
16,2,0.21024,4.5639
16,2,0.21125,4.5256
16,2,0.21225,4.5064
16,2,0.21325,4.4872
16,2,0.21425,4.4872
16,2,0.21526,4.468
16,2,0.21626,4.468
16,2,0.21726,4.4489
16,2,0.21826,4.4489
16,2,0.21927,4.4297
16,2,0.22027,4.4105
16,2,0.22127,4.3722
16,2,0.22227,4.3722
16,2,0.22328,4.3722
16,2,0.22428,4.3338
16,2,0.22528,4.3338
16,2,0.22628,4.3338
16,2,0.22729,4.2955
16,2,0.22829,4.2955
16,2,0.22929,4.2571
16,2,0.23029,4.2379
16,2,0.2313,4.1996
16,2,0.23229,4.1996
16,2,0.2333,4.1804
16,2,0.2343,4.1612
16,2,0.23531,4.1612
16,2,0.23631,4.1229
16,2,0.23731,4.1229
16,2,0.23831,4.1037
16,2,0.23932,4.0845
16,2,0.24032,4.0653
16,2,0.24132,4.0462
16,2,0.24232,4.0462
16,2,0.24333,4.0078
16,2,0.24433,3.9886
16,2,0.24545,3.9695
16,2,0.24633,3.9503
16,2,0.24733,3.9311
16,2,0.24835,3.9119
16,2,0.24933,3.8928
16,2,0.25035,3.8544
16,2,0.25135,3.8544
16,2,0.25236,3.8161
16,2,0.25336,3.8161
16,2,0.25436,3.7969
16,2,0.25535,3.7585
16,2,0.25636,3.7393
16,2,0.25735,3.7202
16,2,0.25836,3.701
16,2,0.25936,3.6818
16,2,0.26037,3.6435
16,2,0.26136,3.6243
16,2,0.26238,3.6051
16,2,0.26337,3.5476
16,2,0.26438,3.5284
16,2,0.26537,3.5092
16,2,0.26638,3.5092
16,2,0.26738,3.4901
16,2,0.26839,3.4325
16,2,0.26939,3.4134
16,2,0.2704,3.3942
16,2,0.2714,3.3558
16,2,0.2724,3.3558
16,2,0.27339,3.3175
16,2,0.2744,3.2983
16,2,0.2754,3.2791
16,2,0.2764,3.2599
16,2,0.27741,3.2408
16,2,0.27841,3.2024
16,2,0.27941,3.1832
16,2,0.28041,3.1449
16,2,0.28141,3.1449
16,2,0.28242,3.1257
16,2,0.28342,3.1065
16,2,0.28443,3.0874
16,2,0.28543,3.049
16,2,0.28643,3.0107
16,2,0.28743,2.9723
16,2,0.28844,2.9723
16,2,0.28944,2.9531
16,2,0.29044,2.9339
16,2,0.29144,2.8956
16,2,0.29245,2.8956
16,2,0.29346,2.8572
16,2,0.29443,2.8189
16,2,0.29545,2.8189
16,2,0.29644,2.7805
16,2,0.29745,2.7422
16,2,0.29844,2.7422
16,2,0.29946,2.7038
16,2,0.30044,2.6847
16,2,0.30146,2.6655
16,2,0.30245,2.6271
16,2,0.30347,2.608
16,2,0.30446,2.5696
16,2,0.30547,2.5504
16,2,0.30646,2.5312
16,2,0.30748,2.5121
16,2,0.30846,2.4737
16,2,0.30948,2.4737
16,2,0.31046,2.4354
16,2,0.31149,2.4162
16,2,0.31247,2.397
16,2,0.31349,2.3587
16,2,0.31447,2.3395
16,2,0.31549,2.3203
16,2,0.31648,2.3011
16,2,0.3175,2.282
16,2,0.31849,2.2628
16,2,0.31951,2.2436
16,2,0.32049,2.2053
16,2,0.32151,2.1861
16,2,0.3225,2.1669
16,2,0.32352,2.1477
16,2,0.3245,2.1094
16,2,0.32552,2.0902
16,2,0.3265,2.0518
16,2,0.32753,2.0518
16,2,0.32851,2.0135
16,2,0.32953,2.0135
16,2,0.33052,1.9943
16,2,0.33154,1.956
16,2,0.33252,1.9368
16,2,0.33354,1.8984
16,2,0.33453,1.8984
16,2,0.33555,1.8601
16,2,0.33653,1.8409
16,2,0.33755,1.8026
16,2,0.33854,1.7834
16,2,0.33956,1.745
16,2,0.34054,1.745
16,2,0.34156,1.7259
16,2,0.34255,1.6875
16,2,0.34357,1.6491
16,2,0.34455,1.6491
16,2,0.34557,1.6108
16,2,0.34656,1.5916
16,2,0.34758,1.5724
16,2,0.34856,1.5533
16,2,0.34956,1.5149
16,2,0.35057,1.4957
16,2,0.35156,1.4574
16,2,0.35257,1.4382
16,2,0.35357,1.419
16,2,0.35458,1.3807
16,2,0.35557,1.3615
16,2,0.35658,1.3232
16,2,0.35758,1.3232
16,2,0.35859,1.304
16,2,0.35958,1.2848
16,2,0.36059,1.2464
16,2,0.36159,1.2273
16,2,0.3626,1.2081
16,2,0.36359,1.1697
16,2,0.3646,1.1697
16,2,0.3656,1.1314
16,2,0.3666,1.093
16,2,0.3676,1.0739
16,2,0.36861,1.0547
16,2,0.36961,1.0355
16,2,0.37061,0.9972
16,2,0.37161,0.978
16,2,0.37262,0.9588
16,2,0.37362,0.9396
16,2,0.37462,0.9205
16,2,0.37562,0.8821
16,2,0.37663,0.8629
16,2,0.37763,0.8246
16,2,0.37863,0.8246
16,2,0.37963,0.7862
16,2,0.38064,0.7862
16,2,0.38164,0.767
16,2,0.38265,0.7287
16,2,0.38364,0.6903
16,2,0.38465,0.6712
16,2,0.38565,0.652
16,2,0.38665,0.6136
16,2,0.38765,0.6136
16,2,0.38866,0.5753
16,2,0.38966,0.5561
16,2,0.39066,0.5561
16,2,0.39166,0.5369
16,2,0.39267,0.4794
16,2,0.39367,0.4602
16,2,0.39467,0.4411
16,2,0.39567,0.4411
16,2,0.39668,0.4027
16,2,0.39768,0.3835
16,2,0.39868,0.3643
16,2,0.39968,0.3452
16,2,0.40069,0.326
16,2,0.40169,0.3068
16,2,0.40269,0.2876
16,2,0.40369,0.2493
16,2,0.4047,0.2493
16,2,0.40569,0.2109
16,2,0.4067,0.1918
16,2,0.4077,0.1726
16,2,0.40871,0.1726
16,2,0.4097,0.1342
16,2,0.41071,0.1151
16,2,0.41171,0.1151
16,2,0.41272,0.0959
16,2,0.41372,0.0767
16,2,0.41472,0.0384
16,2,0.41572,0.0192
16,2,0.41673,0.0
16,2,0.41772,-0.0384
16,2,0.41873,-0.0384
16,2,0.41973,-0.0575
16,2,0.42074,-0.0767
16,2,0.42173,-0.0767
16,2,0.42274,-0.1151
16,2,0.42374,-0.1342
16,2,0.42475,-0.1342
16,2,0.42574,-0.1726
16,2,0.42675,-0.1918
16,2,0.42775,-0.2109
16,2,0.42876,-0.2301
16,2,0.42975,-0.2685
16,2,0.43076,-0.2685
16,2,0.43176,-0.2876
16,2,0.43277,-0.3068
16,2,0.43376,-0.326
16,2,0.43477,-0.3643
16,2,0.43577,-0.3835
16,2,0.43677,-0.3835
16,2,0.43777,-0.4027
16,2,0.43878,-0.4219
16,2,0.43978,-0.4411
16,2,0.44078,-0.4602
16,2,0.44178,-0.4794
16,2,0.44279,-0.4794
16,2,0.44379,-0.5178
16,2,0.4448,-0.5369
16,2,0.44579,-0.5753
16,2,0.4468,-0.5945
16,2,0.4478,-0.6136
16,2,0.4488,-0.6328
16,2,0.4498,-0.6136
16,2,0.45081,-0.652
16,2,0.45181,-0.6712
16,2,0.45281,-0.6903
16,2,0.45381,-0.7095
16,2,0.45482,-0.7287
16,2,0.45582,-0.7479
16,2,0.45682,-0.767
16,2,0.45782,-0.7862
16,2,0.45883,-0.8054
16,2,0.45983,-0.8246
16,2,0.46083,-0.8438
16,2,0.46183,-0.8438
16,2,0.46284,-0.8629
16,2,0.46384,-0.8821
16,2,0.46484,-0.8821
16,2,0.46584,-0.9205
16,2,0.46685,-0.9396
16,2,0.46784,-0.9588
16,2,0.46885,-0.9588
16,2,0.46985,-0.978
16,2,0.47086,-0.9972
16,2,0.47186,-0.9972
16,2,0.47286,-1.0163
16,2,0.47386,-1.0163
16,2,0.47487,-1.0355
16,2,0.47586,-1.0547
16,2,0.47687,-1.0739
16,2,0.47787,-1.1122
16,2,0.47888,-1.1122
16,2,0.47988,-1.1314
16,2,0.48088,-1.1506
16,2,0.48188,-1.1506
16,2,0.48289,-1.1697
16,2,0.48388,-1.1697
16,2,0.48489,-1.1889
16,2,0.48589,-1.1889
16,2,0.4869,-1.2273
16,2,0.48789,-1.2464
16,2,0.4889,-1.2464
16,2,0.4899,-1.2464
16,2,0.49091,-1.2656
16,2,0.49191,-1.2848
16,2,0.49291,-1.2848
16,2,0.49391,-1.304
16,2,0.49491,-1.3232
16,2,0.49591,-1.3232
16,2,0.49692,-1.3423
16,2,0.49792,-1.3615
16,2,0.49892,-1.3423
16,2,0.49992,-1.3615
16,2,0.50093,-1.3615
16,2,0.50193,-1.3999
16,2,0.50293,-1.3999
16,2,0.50393,-1.3999
16,2,0.50494,-1.3999
16,2,0.50594,-1.3999
16,2,0.50695,-1.419
16,2,0.50794,-1.4382
16,2,0.50895,-1.4382
16,2,0.50995,-1.4574
16,2,0.51095,-1.4574
16,2,0.51195,-1.4766
16,2,0.51296,-1.4766
16,2,0.51396,-1.4957
16,2,0.51497,-1.4957
16,2,0.51596,-1.4957
16,2,0.51697,-1.5149
16,2,0.51797,-1.5149
16,2,0.51897,-1.5341
16,2,0.51997,-1.5341
16,2,0.52098,-1.5341
16,2,0.52198,-1.5341
16,2,0.52298,-1.5341
16,2,0.52398,-1.5341
16,2,0.52499,-1.5533
16,2,0.52599,-1.5533
16,2,0.52699,-1.5533
16,2,0.52799,-1.5724
16,2,0.529,-1.5724
16,2,0.52999,-1.5916
16,2,0.531,-1.5724
16,2,0.532,-1.5916
16,2,0.53301,-1.5724
16,2,0.534,-1.5916
16,2,0.53501,-1.5916
16,2,0.53601,-1.5916
16,2,0.53702,-1.5916
16,2,0.53802,-1.5916
16,2,0.53902,-1.5916
16,2,0.54002,-1.5916
16,2,0.54103,-1.5916
16,2,0.54202,-1.5916
16,2,0.54303,-1.5916
16,2,0.54403,-1.6108
16,2,0.54504,-1.5916
16,2,0.54603,-1.5916
16,2,0.54704,-1.6108
16,2,0.54804,-1.6108
16,2,0.54905,-1.6108
16,2,0.55004,-1.6108
16,2,0.55105,-1.5916
16,2,0.55205,-1.6108
16,2,0.55305,-1.5916
16,2,0.55405,-1.6108
16,2,0.55506,-1.6108
16,2,0.55606,-1.6108
16,2,0.55706,-1.6108
16,2,0.55806,-1.6108
16,2,0.55907,-1.63
16,2,0.56007,-1.6108
16,2,0.56107,-1.63
16,2,0.56207,-1.6108
16,2,0.56308,-1.5916
16,2,0.56408,-1.6108
16,2,0.56508,-1.6108
16,2,0.56608,-1.6108
16,2,0.56709,-1.6108
16,2,0.56808,-1.6108
16,2,0.56909,-1.6108
16,2,0.57009,-1.6108
16,2,0.5711,-1.6108
16,2,0.5721,-1.6108
16,2,0.5731,-1.6108
16,2,0.5741,-1.5916
16,2,0.57511,-1.5916
16,2,0.57611,-1.6108
16,2,0.57711,-1.5916
16,2,0.57811,-1.6108
16,2,0.57912,-1.6108
16,2,0.58012,-1.6108
16,2,0.58112,-1.6108
16,2,0.58212,-1.6108
16,2,0.58311,-1.6108
16,2,0.58412,-1.6108
16,2,0.58511,-1.6108
16,2,0.58613,-1.6108
16,2,0.58712,-1.6108
16,2,0.58814,-1.6108
16,2,0.58912,-1.6108
16,2,0.59014,-1.6108
16,2,0.59112,-1.6108
16,2,0.59214,-1.6108
16,2,0.59313,-1.6108
16,2,0.59415,-1.6108
16,2,0.59513,-1.6108
16,2,0.59615,-1.6108
16,2,0.59714,-1.6108
16,2,0.59816,-1.6108
16,2,0.59914,-1.6108
16,2,0.60016,-1.6108
16,2,0.60115,-1.5916
16,2,0.60217,-1.6108
16,2,0.60315,-1.6108
16,2,0.60417,-1.6108
16,2,0.60516,-1.5916
16,2,0.60618,-1.6108
16,2,0.60716,-1.6108
16,2,0.60818,-1.6108
16,2,0.60917,-1.5916
16,2,0.61019,-1.5916
16,2,0.61119,-1.5916
16,2,0.61218,-1.6108
16,2,0.6132,-1.6108
16,2,0.61418,-1.6108
16,2,0.6152,-1.5724
16,2,0.61618,-1.6108
16,2,0.61721,-1.5916
16,2,0.61819,-1.5916
16,2,0.61921,-1.6108
16,2,0.62019,-1.6108
16,2,0.62121,-1.5916
16,2,0.6222,-1.6108
16,2,0.62322,-1.5916
16,2,0.62421,-1.6108
16,2,0.62522,-1.6108
16,2,0.62621,-1.6108
16,2,0.62723,-1.6108
16,2,0.62821,-1.6108
16,2,0.62923,-1.6108
16,2,0.63022,-1.6108
16,2,0.63124,-1.5916
16,2,0.63223,-1.6108
16,2,0.63324,-1.6108
16,2,0.63423,-1.5916
16,2,0.63525,-1.6108
16,2,0.63623,-1.6108
16,2,0.63723,-1.5916
16,2,0.63824,-1.6108
16,2,0.63924,-1.6108
16,2,0.64024,-1.6108
16,2,0.64124,-1.6108
16,2,0.64225,-1.6108
16,2,0.64325,-1.5916
16,2,0.64425,-1.5916
16,2,0.64525,-1.5916
16,2,0.64625,-1.6108
16,2,0.64726,-1.6108
16,2,0.64826,-1.5916
16,2,0.64926,-1.5916
16,2,0.65027,-1.5916
16,2,0.65127,-1.6108
16,2,0.65227,-1.6108
16,2,0.65327,-1.6108
16,2,0.65427,-1.6108
16,2,0.65527,-1.6108
16,2,0.65628,-1.6108
16,2,0.65728,-1.5916
16,2,0.65829,-1.6108
16,2,0.65929,-1.6108
16,2,0.66029,-1.6108
16,2,0.66128,-1.6108
16,2,0.66229,-1.5916
16,2,0.6633,-1.6108
16,2,0.6643,-1.5916
16,2,0.66529,-1.6108
16,2,0.66631,-1.6108
16,2,0.66731,-1.6108
16,2,0.66831,-1.6108
16,2,0.6693,-1.6108
16,2,0.67031,-1.6108
16,2,0.67131,-1.5916
16,2,0.67232,-1.6108
16,2,0.67332,-1.6108
16,2,0.67432,-1.5916
16,2,0.67532,-1.6108
16,2,0.67633,-1.6108
16,2,0.67732,-1.6108
16,2,0.67833,-1.6108
16,2,0.67933,-1.6108
16,2,0.68034,-1.6108
16,2,0.68134,-1.6108
16,2,0.68235,-1.6108
16,2,0.68334,-1.6108
16,2,0.68434,-1.6108
16,2,0.68535,-1.6108
16,2,0.68635,-1.6108
16,2,0.68735,-1.6108
16,2,0.68836,-1.6108
16,2,0.68936,-1.6108
16,2,0.69036,-1.6108
16,2,0.69136,-1.6108
16,2,0.69237,-1.6108
16,2,0.69336,-1.6108
16,2,0.69437,-1.6108
16,2,0.69537,-1.6108
16,2,0.69638,-1.6108
16,2,0.69737,-1.6108
16,2,0.69838,-1.6108
16,2,0.69938,-1.6108
16,2,0.70039,-1.6108
16,2,0.70138,-1.6108
16,2,0.70238,-1.6108
16,2,0.70339,-1.6108
16,2,0.70439,-1.6108
16,2,0.70539,-1.6108
16,2,0.7064,-1.6108
16,2,0.7074,-1.6108
16,2,0.7084,-1.6108
16,2,0.7094,-1.6108
16,2,0.71041,-1.6108
16,2,0.71141,-1.6108
16,2,0.71242,-1.6108
16,2,0.71342,-1.6108
16,2,0.71442,-1.6108
16,2,0.71542,-1.6108
16,2,0.71642,-1.6108
16,2,0.71742,-1.6108
16,2,0.71843,-1.6108
16,2,0.71943,-1.6108
16,2,0.72043,-1.6108
16,2,0.72143,-1.6108
16,2,0.72244,-1.6108
16,2,0.72344,-1.6108
16,2,0.72444,-1.6108
16,2,0.72544,-1.6108
16,2,0.72644,-1.6108
16,2,0.72745,-1.6108
16,2,0.72845,-1.6108
16,2,0.72946,-1.6108
16,2,0.73046,-1.6108
16,2,0.73146,-1.6108
16,2,0.73247,-1.6108
16,2,0.73346,-1.5916
16,2,0.73447,-1.6108
16,2,0.73547,-1.6108
16,2,0.73648,-1.6108
16,2,0.73747,-1.6108
16,2,0.73848,-1.6108
16,2,0.73948,-1.6108
16,2,0.74048,-1.6108
16,2,0.74148,-1.6108
16,2,0.74248,-1.6108
16,2,0.74349,-1.6108
16,2,0.74449,-1.6108
16,2,0.74549,-1.6108
16,2,0.7465,-1.5916
16,2,0.7475,-1.6108
16,2,0.7485,-1.5916
16,2,0.7495,-1.6108
16,2,0.7505,-1.6108
16,2,0.75151,-1.6108
16,2,0.75251,-1.6108
16,2,0.75351,-1.5916
16,2,0.75452,-1.6108
16,2,0.75552,-1.6108
16,2,0.75652,-1.6108
16,2,0.75752,-1.6108
16,2,0.75853,-1.6108
16,2,0.75953,-1.6108
16,2,0.76053,-1.6108
16,2,0.76153,-1.6108
16,2,0.76254,-1.6108
16,2,0.76354,-1.6108
16,2,0.76454,-1.6108
16,2,0.76554,-1.6108
16,2,0.76655,-1.6108
16,2,0.76755,-1.6108
16,2,0.76855,-1.5916
16,2,0.76955,-1.5916
16,2,0.77056,-1.6108
16,2,0.77156,-1.6108
16,2,0.77256,-1.6108
16,2,0.77356,-1.6108
16,2,0.77457,-1.6108
16,2,0.77557,-1.6108
16,2,0.77657,-1.6108
16,2,0.77757,-1.6108
16,2,0.77858,-1.6108
16,2,0.77958,-1.5916
16,2,0.78058,-1.6108
16,2,0.78158,-1.6108
16,2,0.78259,-1.6108
16,2,0.78359,-1.6108
16,2,0.78459,-1.5916
16,2,0.78559,-1.6108
16,2,0.7866,-1.6108
16,2,0.7876,-1.6108
16,2,0.7886,-1.5916
16,2,0.7896,-1.6108
16,2,0.79061,-1.6108
16,2,0.7916,-1.6108
16,2,0.79261,-1.6108
16,2,0.79361,-1.6108
16,2,0.79461,-1.6108
16,2,0.79561,-1.5916
16,2,0.79662,-1.6108
16,2,0.79763,-1.6108
16,2,0.79863,-1.6108
16,2,0.79962,-1.6108
16,2,0.80063,-1.6108
16,2,0.80163,-1.6108
16,2,0.80263,-1.6108
16,2,0.80363,-1.6108
16,2,0.80464,-1.6108
16,2,0.80564,-1.5916
16,2,0.80664,-1.5916
16,2,0.80764,-1.6108
16,2,0.80865,-1.6108
16,2,0.80965,-1.6108
16,2,0.81065,-1.6108
16,2,0.81165,-1.6108
16,2,0.81266,-1.6108
16,2,0.81366,-1.6108
16,2,0.81466,-1.6108
16,2,0.81566,-1.6108
16,2,0.81667,-1.5916
16,2,0.81767,-1.6108
16,2,0.81867,-1.5916
16,2,0.81967,-1.6108
16,2,0.82068,-1.6108
16,2,0.82167,-1.6108
16,2,0.82268,-1.6108
16,2,0.82368,-1.6108
16,2,0.82469,-1.6108
16,2,0.82569,-1.6108
16,2,0.82669,-1.6108
16,2,0.82769,-1.6108
16,2,0.8287,-1.6108
16,2,0.82969,-1.6108
16,2,0.8307,-1.6108
16,2,0.8317,-1.6108
16,2,0.83271,-1.6108
16,2,0.83371,-1.6108
16,2,0.83471,-1.6108
16,2,0.83571,-1.6108
16,2,0.83672,-1.6108
16,2,0.83771,-1.6108
16,2,0.83872,-1.6108
16,2,0.83972,-1.6108
16,2,0.84073,-1.6108
16,2,0.84173,-1.6108
16,2,0.84273,-1.6108
16,2,0.84373,-1.6108
16,2,0.84474,-1.6108
16,2,0.84573,-1.6108
16,2,0.84674,-1.6108
16,2,0.84774,-1.6108
16,2,0.84875,-1.6108
16,2,0.84974,-1.6108
16,2,0.85075,-1.6108
16,2,0.85175,-1.6108
16,2,0.85275,-1.6108
16,2,0.85375,-1.6108
16,2,0.85476,-1.6108
16,2,0.85576,-1.6108
16,2,0.85677,-1.6108
16,2,0.85776,-1.6108
16,2,0.85877,-1.6108
16,2,0.85977,-1.6108
16,2,0.86077,-1.6108
16,2,0.86177,-1.6108
16,2,0.86278,-1.6108
16,2,0.86378,-1.6108
16,2,0.86479,-1.6108
16,2,0.86578,-1.6108
16,2,0.86679,-1.6108
16,2,0.86779,-1.6108
16,2,0.86879,-1.6108
16,2,0.86979,-1.6108
16,2,0.8708,-1.6108
16,2,0.8718,-1.6108
16,2,0.87278,-1.6108
16,2,0.8738,-1.6108
16,2,0.8748,-1.6108
16,2,0.87579,-1.6108
16,2,0.87681,-1.6108
16,2,0.87781,-1.6108
16,2,0.87882,-1.6108
16,2,0.87982,-1.6108
16,2,0.8808,-1.6108
16,2,0.88182,-1.6108
16,2,0.88282,-1.6108
16,2,0.88383,-1.6108
16,2,0.88483,-1.6108
16,2,0.88581,-1.6108
16,2,0.88683,-1.6108
16,2,0.88784,-1.6108
16,2,0.88882,-1.6108
16,2,0.88984,-1.6108
16,2,0.89084,-1.6108
16,2,0.89183,-1.6108
16,2,0.89285,-1.6108
16,2,0.89385,-1.6108
16,2,0.89484,-1.6108
16,2,0.89586,-1.6108
16,2,0.89686,-1.6108
16,2,0.89784,-1.6108
16,2,0.89886,-1.6108
16,2,0.89986,-1.6108
16,2,0.90085,-1.6108
16,2,0.90187,-1.5916
16,2,0.90287,-1.6108
16,2,0.90386,-1.5916
16,2,0.90488,-1.6108
16,2,0.90588,-1.6108
16,2,0.90687,-1.6108
16,2,0.90789,-1.6108
16,2,0.90889,-1.6108
16,2,0.90987,-1.5916
16,2,0.91089,-1.6108
16,2,0.9119,-1.6108
16,2,0.91288,-1.5916
16,2,0.91388,-1.6108
16,2,0.9149,-1.6108
16,2,0.91589,-1.6108
16,2,0.91689,-1.6108
16,2,0.91791,-1.6108
16,2,0.91891,-1.5916
16,2,0.9199,-1.6108
16,2,0.9209,-1.6108
16,2,0.92192,-1.6108
16,2,0.9229,-1.6108
16,2,0.92391,-1.5916
16,2,0.9249,-1.6108
16,2,0.92593,-1.6108
16,2,0.92691,-1.6108
16,2,0.92791,-1.5916
16,2,0.92891,-1.6108
16,2,0.92992,-1.6108
16,2,0.93092,-1.6108
16,2,0.93194,-1.6108
16,2,0.93293,-1.6108
16,2,0.93392,-1.6108
16,2,0.93493,-1.5916
16,2,0.93595,-1.6108
16,2,0.93694,-1.6108
16,2,0.93794,-1.6108
16,2,0.93894,-1.6108
16,2,0.93994,-1.6108
16,2,0.94095,-1.6108
16,2,0.94197,-1.6108
16,2,0.94295,-1.6108
16,2,0.94395,-1.6108
16,2,0.94497,-1.6108
16,2,0.94596,-1.6108
16,2,0.94696,-1.6108
16,2,0.94796,-1.6108
16,2,0.94896,-1.6108
16,2,0.94997,-1.6108
16,2,0.95097,-1.6108
16,2,0.95199,-1.6108
16,2,0.95296,-1.6108
16,2,0.95397,-1.6108
16,2,0.955,-1.6108
16,2,0.95598,-1.6108
16,2,0.95698,-1.6108
16,2,0.958,-1.6108
16,2,0.95899,-1.6108
16,2,0.95999,-1.6108
16,2,0.96101,-1.6108
16,2,0.962,-1.6108
16,2,0.963,-1.6108
16,2,0.964,-1.6108
16,2,0.96501,-1.6108
16,2,0.966,-1.5916
16,2,0.96703,-1.6108
16,2,0.96801,-1.6108
16,2,0.96901,-1.6108
16,2,0.97001,-1.6108
16,2,0.97102,-1.6108
16,2,0.97202,-1.6108
16,2,0.97304,-1.6108
16,2,0.97403,-1.6108
16,2,0.97503,-1.5916
16,2,0.97603,-1.6108
16,2,0.97705,-1.6108
16,2,0.97804,-1.6108
16,2,0.97904,-1.6108
16,2,0.98006,-1.6108
16,2,0.98104,-1.6108
16,2,0.98204,-1.6108
16,2,0.98307,-1.6108
16,2,0.98405,-1.6108
16,2,0.98505,-1.6108
16,2,0.98607,-1.6108
16,2,0.98706,-1.6108
16,2,0.98806,-1.6108
16,2,0.98906,-1.6108
16,2,0.99008,-1.6108
16,2,0.99107,-1.6108
16,2,0.99207,-1.6108
16,2,0.99307,-1.6108
16,2,0.99408,-1.6108
16,2,0.99507,-1.6108
16,2,0.9961,-1.6108
16,2,0.99708,-1.6108
16,2,0.99808,-1.6108
16,2,0.99908,-1.6108
16,2,1.00011,-1.6108
32,1,0.00096,4.6982
32,1,0.00196,4.7173
32,1,0.00297,4.7173
32,1,0.00397,4.7173
32,1,0.00496,4.7173
32,1,0.00597,4.7365
32,1,0.00699,4.7173
32,1,0.00798,4.6982
32,1,0.00898,4.6982
32,1,0.00998,4.6982
32,1,0.01099,4.7173
32,1,0.01198,4.7365
32,1,0.01298,4.7173
32,1,0.01403,4.7173
32,1,0.01491,4.6982
32,1,0.01592,4.7173
32,1,0.01691,4.7173
32,1,0.01792,4.7365
32,1,0.01892,4.6982
32,1,0.01992,4.7173
32,1,0.02092,4.7173
32,1,0.02192,4.7173
32,1,0.02293,4.6982
32,1,0.02393,4.6982
32,1,0.02493,4.7173
32,1,0.02594,4.6982
32,1,0.02694,4.6982
32,1,0.02794,4.7173
32,1,0.02894,4.7173
32,1,0.02994,4.7173
32,1,0.03094,4.7173
32,1,0.03195,4.7365
32,1,0.03295,4.7173
32,1,0.03396,4.6982
32,1,0.03496,4.7173
32,1,0.03595,4.7365
32,1,0.03696,4.6982
32,1,0.03796,4.7173
32,1,0.03896,4.7173
32,1,0.03997,4.7365
32,1,0.04097,4.7173
32,1,0.04197,4.6982
32,1,0.04297,4.7173
32,1,0.04398,4.7173
32,1,0.04498,4.6982
32,1,0.04612,4.6982
32,1,0.04701,4.7173
32,1,0.04798,4.6982
32,1,0.049,4.7173
32,1,0.04999,4.7365
32,1,0.051,4.7173
32,1,0.05199,4.7173
32,1,0.053,4.6982
32,1,0.054,4.7173
32,1,0.055,4.7173
32,1,0.056,4.7173
32,1,0.05701,4.7173
32,1,0.05801,4.7365
32,1,0.05901,4.7173
32,1,0.06001,4.7173
32,1,0.06102,4.7365
32,1,0.06202,4.7365
32,1,0.06302,4.6982
32,1,0.06402,4.6982
32,1,0.06502,4.7173
32,1,0.06603,4.6982
32,1,0.06703,4.6982
32,1,0.06803,4.7173
32,1,0.06903,4.7173
32,1,0.07004,4.6982
32,1,0.07105,4.7365
32,1,0.07204,4.7173
32,1,0.07304,4.6982
32,1,0.07404,4.7173
32,1,0.07505,4.6982
32,1,0.07605,4.6982
32,1,0.07705,4.6982
32,1,0.07806,4.6982
32,1,0.07905,4.6982
32,1,0.08006,4.6982
32,1,0.08106,4.6982
32,1,0.08206,4.6982
32,1,0.08307,4.6982
32,1,0.08407,4.6982
32,1,0.08507,4.6982
32,1,0.08607,4.6982
32,1,0.08707,4.679
32,1,0.08808,4.679
32,1,0.08908,4.679
32,1,0.09009,4.6982
32,1,0.09108,4.679
32,1,0.09209,4.679
32,1,0.09309,4.679
32,1,0.09409,4.679
32,1,0.09509,4.679
32,1,0.0961,4.6598
32,1,0.0971,4.6598
32,1,0.0981,4.6598
32,1,0.0991,4.6598
32,1,0.1001,4.6406
32,1,0.10111,4.6406
32,1,0.10211,4.6214
32,1,0.10311,4.6214
32,1,0.10411,4.6214
32,1,0.10512,4.6023
32,1,0.10612,4.6023
32,1,0.10712,4.5831
32,1,0.10812,4.5831
32,1,0.10912,4.5831
32,1,0.11013,4.5639
32,1,0.11113,4.5639
32,1,0.11213,4.5639
32,1,0.11314,4.5447
32,1,0.11414,4.5256
32,1,0.11514,4.5256
32,1,0.11615,4.5256
32,1,0.11715,4.5256
32,1,0.11815,4.5064
32,1,0.11915,4.5064
32,1,0.12015,4.4872
32,1,0.12115,4.4872
32,1,0.12216,4.4872
32,1,0.12316,4.468
32,1,0.12416,4.4489
32,1,0.12516,4.4297
32,1,0.12617,4.4105
32,1,0.12717,4.4105
32,1,0.12817,4.3913
32,1,0.12918,4.3722
32,1,0.13018,4.3722
32,1,0.13118,4.3722
32,1,0.13218,4.353
32,1,0.13318,4.3338
32,1,0.13419,4.3338
32,1,0.13518,4.2955
32,1,0.1362,4.2763
32,1,0.13719,4.2571
32,1,0.13819,4.2571
32,1,0.13919,4.2571
32,1,0.1402,4.2379
32,1,0.1412,4.2188
32,1,0.14218,4.1996
32,1,0.1432,4.1996
32,1,0.14419,4.1804
32,1,0.14521,4.1612
32,1,0.14619,4.142
32,1,0.14721,4.1229
32,1,0.1482,4.1229
32,1,0.14921,4.0845
32,1,0.1502,4.0845
32,1,0.15122,4.0845
32,1,0.15221,4.0653
32,1,0.15322,4.027
32,1,0.15421,4.027
32,1,0.15524,3.9886
32,1,0.15622,3.9886
32,1,0.15724,3.9695
32,1,0.15822,3.9503
32,1,0.15924,3.9503
32,1,0.16023,3.9311
32,1,0.16125,3.8928
32,1,0.16223,3.8736
32,1,0.16325,3.8544
32,1,0.16423,3.8352
32,1,0.16526,3.8161
32,1,0.16624,3.7969
32,1,0.16726,3.7585
32,1,0.16824,3.7585
32,1,0.16926,3.7202
32,1,0.17025,3.701
32,1,0.17127,3.6818
32,1,0.17226,3.6626
32,1,0.17327,3.6435
32,1,0.17426,3.5859
32,1,0.17528,3.5476
32,1,0.17626,3.5092
32,1,0.17728,3.5092
32,1,0.17827,3.4709
32,1,0.17929,3.4709
32,1,0.18027,3.4325
32,1,0.18129,3.4325
32,1,0.18228,3.3942
32,1,0.1833,3.3558
32,1,0.18428,3.3175
32,1,0.1853,3.3175
32,1,0.18629,3.2791
32,1,0.18731,3.2599
32,1,0.18829,3.2408
32,1,0.18932,3.2024
32,1,0.1903,3.1832
32,1,0.19132,3.1641
32,1,0.1923,3.1257
32,1,0.19332,3.0874
32,1,0.1943,3.0874
32,1,0.19533,3.049
32,1,0.19631,3.0107
32,1,0.19731,3.0107
32,1,0.19831,2.9723
32,1,0.19931,2.9339
32,1,0.20032,2.9339
32,1,0.20131,2.8764
32,1,0.20232,2.8764
32,1,0.20332,2.8572
32,1,0.20433,2.8189
32,1,0.20532,2.7997
32,1,0.20633,2.7805
32,1,0.20733,2.723
32,1,0.20834,2.7038
32,1,0.20933,2.6847
32,1,0.21034,2.6463
32,1,0.21134,2.6271
32,1,0.21235,2.6271
32,1,0.21334,2.5888
32,1,0.21435,2.5504
32,1,0.21535,2.5121
32,1,0.21636,2.4929
32,1,0.21735,2.4545
32,1,0.21836,2.4354
32,1,0.21936,2.397
32,1,0.22036,2.397
32,1,0.22136,2.3778
32,1,0.22237,2.3587
32,1,0.22337,2.3203
32,1,0.22437,2.3011
32,1,0.22537,2.2436
32,1,0.22638,2.2244
32,1,0.22738,2.2053
32,1,0.22839,2.1669
32,1,0.22938,2.1669
32,1,0.23039,2.1477
32,1,0.23139,2.1286
32,1,0.2324,2.0902
32,1,0.23339,2.0518
32,1,0.2344,2.0135
32,1,0.2354,1.9943
32,1,0.2364,1.9751
32,1,0.23741,1.9368
32,1,0.2384,1.9176
32,1,0.23941,1.8984
32,1,0.24041,1.8601
32,1,0.24142,1.8409
32,1,0.24241,1.8217
32,1,0.24342,1.8026
32,1,0.24442,1.7642
32,1,0.24542,1.7259
32,1,0.24642,1.7259
32,1,0.24743,1.7067
32,1,0.24844,1.6683
32,1,0.24943,1.63
32,1,0.25043,1.5916
32,1,0.25144,1.5533
32,1,0.25243,1.5341
32,1,0.25344,1.5533
32,1,0.25444,1.5149
32,1,0.25544,1.4766
32,1,0.25644,1.4574
32,1,0.25745,1.419
32,1,0.25845,1.3807
32,1,0.25945,1.3423
32,1,0.26045,1.3423
32,1,0.26146,1.3232
32,1,0.26245,1.2848
32,1,0.26346,1.2656
32,1,0.26446,1.2273
32,1,0.26546,1.2081
32,1,0.26647,1.1697
32,1,0.26747,1.1506
32,1,0.26847,1.1314
32,1,0.26947,1.093
32,1,0.27047,1.0739
32,1,0.27148,1.0547
32,1,0.27248,1.0355
32,1,0.27349,1.0163
32,1,0.27449,0.978
32,1,0.27549,0.9396
32,1,0.27649,0.9396
32,1,0.2775,0.8821
32,1,0.2785,0.8821
32,1,0.2795,0.8629
32,1,0.2805,0.8246
32,1,0.28151,0.8246
32,1,0.28251,0.7862
32,1,0.28351,0.7862
32,1,0.2845,0.767
32,1,0.28552,0.7287
32,1,0.28651,0.7095
32,1,0.28752,0.6903
32,1,0.28852,0.652
32,1,0.28953,0.652
32,1,0.29052,0.6328
32,1,0.29153,0.5945
32,1,0.29253,0.5945
32,1,0.29353,0.5561
32,1,0.29453,0.5369
32,1,0.29554,0.5178
32,1,0.29654,0.4986
32,1,0.29754,0.4794
32,1,0.29854,0.4411
32,1,0.29955,0.4219
32,1,0.30054,0.4027
32,1,0.30157,0.4027
32,1,0.30255,0.3835
32,1,0.30356,0.3643
32,1,0.30456,0.3452
32,1,0.30556,0.326
32,1,0.30656,0.3068
32,1,0.30757,0.2876
32,1,0.30856,0.2493
32,1,0.30957,0.2493
32,1,0.31057,0.2109
32,1,0.31157,0.2109
32,1,0.31257,0.2109
32,1,0.31358,0.1726
32,1,0.31458,0.1534
32,1,0.31558,0.1534
32,1,0.31658,0.1151
32,1,0.31759,0.1151
32,1,0.31859,0.0767
32,1,0.31959,0.0767
32,1,0.32059,0.0384
32,1,0.3216,0.0384
32,1,0.3226,0.0
32,1,0.3236,0.0192
32,1,0.3246,-0.0192
32,1,0.32561,-0.0384
32,1,0.32661,-0.0767
32,1,0.32761,-0.0767
32,1,0.32861,-0.0767
32,1,0.32962,-0.1151
32,1,0.33061,-0.1342
32,1,0.33162,-0.1534
32,1,0.33262,-0.1534
32,1,0.33363,-0.1726
32,1,0.33462,-0.1918
32,1,0.33563,-0.2109
32,1,0.33662,-0.2301
32,1,0.33764,-0.2493
32,1,0.33863,-0.2685
32,1,0.33964,-0.2876
32,1,0.34064,-0.3068
32,1,0.34164,-0.326
32,1,0.34264,-0.3452
32,1,0.34365,-0.3452
32,1,0.34465,-0.3643
32,1,0.34565,-0.3835
32,1,0.34665,-0.4027
32,1,0.34766,-0.4027
32,1,0.34865,-0.4411
32,1,0.34966,-0.4602
32,1,0.35066,-0.4794
32,1,0.35167,-0.4986
32,1,0.35266,-0.5178
32,1,0.35367,-0.5178
32,1,0.35467,-0.5369
32,1,0.35568,-0.5561
32,1,0.35667,-0.5945
32,1,0.35768,-0.5945
32,1,0.35868,-0.6328
32,1,0.35969,-0.6328
32,1,0.36068,-0.6712
32,1,0.36169,-0.6712
32,1,0.36269,-0.6903
32,1,0.3637,-0.6903
32,1,0.36469,-0.7479
32,1,0.3657,-0.767
32,1,0.3667,-0.7862
32,1,0.3677,-0.8054
32,1,0.3687,-0.8246
32,1,0.36971,-0.8438
32,1,0.37071,-0.8629
32,1,0.37171,-0.8629
32,1,0.37271,-0.8821
32,1,0.37372,-0.9013
32,1,0.37472,-0.9396
32,1,0.37572,-0.9588
32,1,0.37672,-0.978
32,1,0.37773,-0.9972
32,1,0.37873,-1.0163
32,1,0.37973,-1.0355
32,1,0.38073,-1.0547
32,1,0.38174,-1.0739
32,1,0.38273,-1.093
32,1,0.38374,-1.1314
32,1,0.38474,-1.1314
32,1,0.38575,-1.1314
32,1,0.38674,-1.1697
32,1,0.38775,-1.1889
32,1,0.38875,-1.2273
32,1,0.38976,-1.2464
32,1,0.39075,-1.2656
32,1,0.39176,-1.2656
32,1,0.39277,-1.2848
32,1,0.39378,-1.304
32,1,0.39486,-1.3232
32,1,0.39584,-1.3423
32,1,0.39685,-1.3615
32,1,0.39788,-1.3807
32,1,0.39885,-1.419
32,1,0.39986,-1.4382
32,1,0.40085,-1.4574
32,1,0.40185,-1.4957
32,1,0.40285,-1.4957
32,1,0.40386,-1.4957
32,1,0.40486,-1.5341
32,1,0.40587,-1.5533
32,1,0.40687,-1.5533
32,1,0.40787,-1.5916
32,1,0.40886,-1.6108
32,1,0.40982,-1.6491
32,1,0.41081,-1.6683
32,1,0.41181,-1.6683
32,1,0.4128,-1.6875
32,1,0.41382,-1.7259
32,1,0.41482,-1.7259
32,1,0.41582,-1.745
32,1,0.41682,-1.7642
32,1,0.41783,-1.8026
32,1,0.41882,-1.8217
32,1,0.41983,-1.8409
32,1,0.42083,-1.8601
32,1,0.42183,-1.8601
32,1,0.42283,-1.8793
32,1,0.42383,-1.9176
32,1,0.42483,-1.9368
32,1,0.42584,-1.956
32,1,0.42684,-1.956
32,1,0.42784,-1.9943
32,1,0.42884,-2.0135
32,1,0.42993,-2.0518
32,1,0.43092,-2.0518
32,1,0.43192,-2.0902
32,1,0.43295,-2.0902
32,1,0.43392,-2.1286
32,1,0.43495,-2.1477
32,1,0.43592,-2.1477
32,1,0.43693,-2.1669
32,1,0.43793,-2.1861
32,1,0.43896,-2.2053
32,1,0.43995,-2.2436
32,1,0.44096,-2.2628
32,1,0.44195,-2.282
32,1,0.44296,-2.3011
32,1,0.44396,-2.3203
32,1,0.44487,-2.3203
32,1,0.44588,-2.3587
32,1,0.44687,-2.3587
32,1,0.44789,-2.397
32,1,0.44887,-2.4162
32,1,0.44989,-2.4354
32,1,0.45088,-2.4354
32,1,0.4519,-2.4737
32,1,0.45288,-2.4929
32,1,0.4539,-2.5121
32,1,0.45488,-2.5312
32,1,0.45591,-2.5312
32,1,0.45689,-2.5696
32,1,0.45791,-2.608
32,1,0.45889,-2.608
32,1,0.45991,-2.6271
32,1,0.4609,-2.6463
32,1,0.46192,-2.6463
32,1,0.4629,-2.6847
32,1,0.46392,-2.6847
32,1,0.46491,-2.7038
32,1,0.46593,-2.723
32,1,0.46691,-2.723
32,1,0.46793,-2.7614
32,1,0.46892,-2.7805
32,1,0.46994,-2.7805
32,1,0.47092,-2.7997
32,1,0.47194,-2.8189
32,1,0.47293,-2.8381
32,1,0.47395,-2.8381
32,1,0.47493,-2.8764
32,1,0.47595,-2.8764
32,1,0.47694,-2.8764
32,1,0.47796,-2.8764
32,1,0.47894,-2.9148
32,1,0.47996,-2.9148
32,1,0.48095,-2.9531
32,1,0.48197,-2.9531
32,1,0.48295,-2.9531
32,1,0.48397,-2.9531
32,1,0.48495,-2.9723
32,1,0.48595,-2.9723
32,1,0.48696,-2.9915
32,1,0.48796,-3.0107
32,1,0.48896,-3.0298
32,1,0.48996,-3.0298
32,1,0.49097,-3.0298
32,1,0.49197,-3.049
32,1,0.49297,-3.0682
32,1,0.49397,-3.049
32,1,0.49498,-3.049
32,1,0.49597,-3.0682
32,1,0.49698,-3.0682
32,1,0.49799,-3.0682
32,1,0.49899,-3.0874
32,1,0.49999,-3.1065
32,1,0.50099,-3.1065
32,1,0.50199,-3.1257
32,1,0.503,-3.1065
32,1,0.50399,-3.1257
32,1,0.505,-3.1257
32,1,0.506,-3.1257
32,1,0.507,-3.1449
32,1,0.508,-3.1449
32,1,0.50901,-3.1449
32,1,0.51001,-3.1449
32,1,0.51101,-3.1449
32,1,0.51201,-3.1641
32,1,0.51302,-3.1449
32,1,0.51402,-3.1832
32,1,0.51502,-3.1832
32,1,0.51602,-3.1832
32,1,0.51703,-3.1832
32,1,0.51803,-3.1832
32,1,0.51903,-3.1832
32,1,0.52003,-3.1832
32,1,0.52104,-3.1832
32,1,0.52204,-3.2024
32,1,0.52304,-3.2024
32,1,0.52404,-3.2024
32,1,0.52505,-3.2024
32,1,0.52604,-3.2024
32,1,0.52705,-3.2024
32,1,0.52803,-3.2024
32,1,0.52906,-3.2024
32,1,0.53005,-3.2024
32,1,0.53106,-3.2024
32,1,0.53206,-3.2024
32,1,0.53307,-3.2024
32,1,0.53406,-3.2024
32,1,0.53507,-3.2024
32,1,0.53607,-3.2024
32,1,0.53708,-3.2024
32,1,0.53807,-3.2024
32,1,0.53908,-3.2024
32,1,0.54008,-3.2024
32,1,0.54108,-3.2024
32,1,0.54208,-3.2024
32,1,0.54309,-3.2024
32,1,0.54409,-3.2024
32,1,0.54509,-3.2024
32,1,0.54609,-3.2024
32,1,0.5471,-3.2024
32,1,0.5481,-3.2024
32,1,0.5491,-3.2024
32,1,0.5501,-3.2024
32,1,0.55111,-3.2024
32,1,0.55211,-3.1832
32,1,0.55311,-3.2024
32,1,0.55411,-3.2024
32,1,0.55512,-3.2024
32,1,0.55611,-3.2024
32,1,0.55712,-3.2024
32,1,0.55812,-3.2024
32,1,0.55913,-3.2024
32,1,0.56012,-3.1832
32,1,0.56113,-3.2024
32,1,0.56213,-3.2024
32,1,0.56313,-3.2024
32,1,0.56413,-3.1832
32,1,0.56514,-3.2024
32,1,0.56614,-3.1832
32,1,0.56714,-3.1832
32,1,0.56814,-3.2024
32,1,0.56915,-3.1832
32,1,0.57015,-3.2024
32,1,0.57115,-3.1832
32,1,0.57215,-3.1832
32,1,0.57316,-3.1832
32,1,0.57416,-3.1832
32,1,0.57516,-3.1832
32,1,0.57616,-3.2024
32,1,0.57717,-3.2024
32,1,0.57817,-3.1832
32,1,0.57917,-3.1832
32,1,0.58017,-3.1832
32,1,0.58118,-3.1641
32,1,0.58217,-3.1832
32,1,0.58318,-3.1832
32,1,0.58418,-3.1832
32,1,0.58519,-3.1832
32,1,0.58618,-3.1832
32,1,0.58719,-3.1832
32,1,0.58819,-3.1832
32,1,0.58919,-3.1832
32,1,0.59019,-3.1832
32,1,0.5912,-3.1832
32,1,0.5922,-3.1641
32,1,0.59321,-3.1641
32,1,0.5942,-3.1832
32,1,0.59521,-3.1832
32,1,0.59621,-3.1832
32,1,0.59721,-3.1832
32,1,0.59821,-3.1641
32,1,0.59922,-3.1641
32,1,0.60022,-3.1832
32,1,0.60122,-3.1832
32,1,0.60223,-3.1832
32,1,0.60323,-3.1832
32,1,0.60423,-3.1832
32,1,0.60523,-3.1832
32,1,0.60623,-3.1641
32,1,0.60724,-3.1832
32,1,0.60823,-3.1832
32,1,0.60924,-3.1832
32,1,0.61024,-3.1832
32,1,0.61125,-3.1832
32,1,0.61225,-3.1832
32,1,0.61325,-3.1641
32,1,0.61425,-3.1832
32,1,0.61525,-3.1641
32,1,0.61625,-3.1832
32,1,0.61726,-3.1832
32,1,0.61826,-3.1832
32,1,0.61926,-3.1832
32,1,0.62026,-3.1832
32,1,0.62127,-3.1832
32,1,0.62227,-3.1832
32,1,0.62327,-3.1641
32,1,0.62427,-3.1641
32,1,0.62528,-3.1832
32,1,0.62628,-3.1832
32,1,0.62728,-3.1832
32,1,0.62828,-3.1832
32,1,0.62929,-3.1832
32,1,0.63029,-3.1641
32,1,0.63129,-3.1832
32,1,0.63229,-3.1832
32,1,0.6333,-3.1832
32,1,0.6343,-3.1832
32,1,0.6353,-3.1832
32,1,0.6363,-3.1641
32,1,0.63731,-3.1832
32,1,0.6383,-3.1832
32,1,0.63931,-3.1641
32,1,0.64032,-3.1832
32,1,0.64132,-3.1832
32,1,0.64232,-3.1832
32,1,0.64333,-3.2024
32,1,0.64432,-3.1832
32,1,0.64533,-3.1832
32,1,0.64633,-3.1832
32,1,0.64733,-3.1832
32,1,0.64833,-3.1832
32,1,0.64934,-3.1832
32,1,0.65033,-3.1832
32,1,0.65134,-3.1832
32,1,0.65234,-3.1832
32,1,0.65335,-3.1832
32,1,0.65435,-3.1832
32,1,0.65535,-3.2024
32,1,0.65635,-3.1832
32,1,0.65736,-3.2024
32,1,0.65835,-3.1832
32,1,0.65936,-3.2024
32,1,0.66036,-3.2024
32,1,0.66137,-3.1832
32,1,0.66237,-3.1832
32,1,0.66337,-3.2024
32,1,0.66437,-3.2024
32,1,0.66538,-3.2024
32,1,0.66637,-3.1832
32,1,0.66738,-3.1832
32,1,0.66839,-3.1832
32,1,0.66938,-3.1832
32,1,0.67038,-3.1832
32,1,0.67139,-3.1832
32,1,0.6724,-3.2024
32,1,0.67339,-3.1832
32,1,0.6744,-3.1832
32,1,0.6754,-3.1832
32,1,0.6764,-3.1832
32,1,0.6774,-3.2024
32,1,0.67841,-3.2024
32,1,0.6794,-3.2024
32,1,0.68041,-3.1832
32,1,0.68141,-3.2024
32,1,0.68242,-3.1832
32,1,0.68341,-3.2024
32,1,0.68442,-3.1832
32,1,0.68547,-3.2024
32,1,0.6865,-3.2024
32,1,0.6875,-3.1832
32,1,0.68849,-3.2024
32,1,0.6895,-3.2024
32,1,0.69049,-3.2024
32,1,0.69153,-3.2024
32,1,0.69249,-3.2024
32,1,0.69353,-3.1832
32,1,0.6945,-3.2024
32,1,0.6955,-3.2024
32,1,0.69652,-3.2024
32,1,0.69751,-3.1832
32,1,0.69845,-3.1832
32,1,0.69945,-3.2024
32,1,0.70046,-3.2024
32,1,0.70145,-3.1832
32,1,0.70246,-3.2024
32,1,0.70346,-3.2024
32,1,0.70446,-3.2024
32,1,0.70546,-3.2024
32,1,0.70646,-3.2024
32,1,0.70747,-3.2024
32,1,0.70847,-3.1832
32,1,0.70947,-3.2024
32,1,0.71048,-3.1832
32,1,0.71147,-3.2024
32,1,0.71248,-3.2024
32,1,0.71347,-3.2024
32,1,0.71448,-3.2024
32,1,0.71548,-3.1832
32,1,0.71648,-3.1832
32,1,0.71748,-3.1832
32,1,0.71849,-3.1832
32,1,0.71949,-3.1832
32,1,0.72048,-3.1832
32,1,0.72149,-3.1641
32,1,0.72248,-3.1832
32,1,0.7235,-3.1832
32,1,0.72449,-3.1832
32,1,0.7255,-3.1832
32,1,0.7265,-3.2024
32,1,0.72751,-3.2024
32,1,0.7285,-3.1832
32,1,0.72951,-3.1832
32,1,0.7305,-3.1832
32,1,0.73152,-3.1832
32,1,0.73251,-3.2024
32,1,0.73353,-3.1832
32,1,0.73451,-3.1832
32,1,0.73553,-3.1832
32,1,0.73651,-3.1832
32,1,0.73753,-3.1832
32,1,0.73852,-3.1832
32,1,0.73954,-3.1832
32,1,0.74053,-3.1832
32,1,0.74155,-3.1832
32,1,0.74253,-3.1832
32,1,0.74355,-3.1641
32,1,0.74454,-3.1832
32,1,0.74555,-3.1832
32,1,0.74653,-3.1832
32,1,0.74755,-3.1832
32,1,0.74854,-3.1832
32,1,0.74956,-3.1832
32,1,0.75055,-3.1832
32,1,0.75157,-3.1832
32,1,0.75255,-3.2024
32,1,0.75357,-3.1832
32,1,0.75455,-3.1832
32,1,0.75558,-3.1832
32,1,0.75656,-3.1832
32,1,0.75758,-3.1832
32,1,0.75856,-3.1832
32,1,0.75959,-3.1832
32,1,0.76057,-3.1832
32,1,0.76159,-3.1832
32,1,0.76257,-3.1832
32,1,0.7636,-3.1832
32,1,0.76458,-3.1832
32,1,0.76559,-3.1832
32,1,0.76659,-3.1832
32,1,0.76761,-3.1832
32,1,0.76859,-3.1832
32,1,0.76961,-3.1832
32,1,0.77059,-3.1832
32,1,0.77161,-3.1832
32,1,0.7726,-3.1832
32,1,0.77362,-3.1832
32,1,0.77461,-3.1832
32,1,0.7756,-3.1832
32,1,0.7766,-3.1832
32,1,0.7776,-3.1832
32,1,0.77861,-3.1832
32,1,0.77961,-3.1832
32,1,0.78061,-3.1832
32,1,0.78161,-3.1832
32,1,0.78262,-3.1832
32,1,0.78362,-3.1832
32,1,0.78463,-3.1641
32,1,0.78562,-3.1832
32,1,0.78663,-3.1832
32,1,0.78763,-3.1832
32,1,0.78863,-3.1832
32,1,0.78963,-3.2024
32,1,0.79063,-3.1832
32,1,0.79164,-3.1832
32,1,0.79265,-3.1832
32,1,0.79364,-3.1832
32,1,0.79465,-3.1832
32,1,0.79565,-3.1832
32,1,0.79665,-3.1832
32,1,0.79765,-3.1641
32,1,0.79866,-3.1832
32,1,0.79965,-3.1641
32,1,0.80066,-3.1832
32,1,0.80166,-3.1832
32,1,0.80267,-3.2024
32,1,0.80366,-3.1832
32,1,0.80467,-3.1832
32,1,0.80568,-3.1832
32,1,0.80667,-3.1832
32,1,0.80767,-3.1832
32,1,0.80868,-3.1832
32,1,0.80969,-3.1832
32,1,0.81068,-3.1832
32,1,0.8117,-3.1832
32,1,0.81269,-3.1832
32,1,0.8137,-3.1832
32,1,0.81469,-3.1832
32,1,0.8157,-3.1832
32,1,0.8167,-3.1832
32,1,0.8177,-3.1832
32,1,0.8187,-3.1832
32,1,0.81971,-3.1832
32,1,0.82071,-3.1832
32,1,0.82171,-3.1832
32,1,0.82271,-3.1832
32,1,0.82372,-3.1832
32,1,0.82472,-3.2024
32,1,0.82573,-3.1832
32,1,0.82672,-3.1832
32,1,0.82773,-3.1832
32,1,0.82873,-3.1832
32,1,0.82973,-3.1832
32,1,0.83073,-3.1832
32,1,0.83174,-3.1832
32,1,0.83274,-3.2024
32,1,0.83374,-3.1832
32,1,0.83474,-3.1832
32,1,0.83575,-3.1832
32,1,0.83675,-3.1832
32,1,0.83775,-3.1832
32,1,0.83875,-3.1832
32,1,0.83976,-3.2024
32,1,0.84075,-3.1832
32,1,0.84176,-3.2024
32,1,0.84276,-3.1641
32,1,0.84377,-3.1832
32,1,0.84476,-3.2024
32,1,0.84577,-3.1832
32,1,0.84677,-3.2024
32,1,0.84778,-3.2024
32,1,0.84877,-3.2024
32,1,0.84978,-3.1641
32,1,0.85078,-3.1832
32,1,0.85178,-3.1832
32,1,0.85278,-3.1832
32,1,0.85379,-3.1832
32,1,0.85479,-3.2024
32,1,0.85579,-3.2024
32,1,0.85679,-3.1832
32,1,0.8578,-3.2024
32,1,0.8588,-3.1832
32,1,0.8598,-3.2024
32,1,0.8608,-3.1832
32,1,0.86181,-3.1832
32,1,0.8628,-3.1832
32,1,0.86381,-3.1832
32,1,0.86481,-3.1832
32,1,0.86582,-3.1832
32,1,0.86682,-3.1832
32,1,0.86782,-3.1832
32,1,0.86882,-3.1832
32,1,0.86983,-3.1832
32,1,0.87082,-3.1832
32,1,0.87183,-3.1832
32,1,0.87283,-3.1832
32,1,0.87383,-3.1641
32,1,0.87483,-3.1832
32,1,0.87584,-3.2024
32,1,0.87684,-3.2024
32,1,0.87785,-3.1832
32,1,0.87884,-3.1832
32,1,0.87985,-3.1832
32,1,0.88085,-3.1832
32,1,0.88185,-3.1832
32,1,0.88285,-3.2024
32,1,0.88386,-3.1832
32,1,0.88486,-3.1832
32,1,0.88586,-3.2024
32,1,0.88686,-3.1832
32,1,0.88787,-3.1832
32,1,0.88886,-3.1832
32,1,0.88987,-3.1832
32,1,0.89087,-3.1832
32,1,0.89188,-3.1832
32,1,0.89287,-3.1832
32,1,0.89388,-3.1832
32,1,0.89488,-3.2024
32,1,0.89589,-3.1832
32,1,0.89688,-3.1832
32,1,0.89789,-3.1832
32,1,0.89889,-3.1832
32,1,0.89989,-3.1832
32,1,0.90089,-3.1832
32,1,0.9019,-3.1832
32,1,0.9029,-3.1832
32,1,0.9039,-3.1832
32,1,0.9049,-3.1832
32,1,0.90591,-3.1832
32,1,0.90691,-3.1832
32,1,0.90791,-3.1832
32,1,0.90891,-3.1832
32,1,0.90992,-3.1832
32,1,0.91092,-3.2024
32,1,0.91192,-3.2024
32,1,0.91292,-3.1832
32,1,0.91393,-3.1832
32,1,0.91493,-3.1832
32,1,0.91593,-3.1832
32,1,0.91693,-3.1832
32,1,0.91794,-3.1832
32,1,0.91894,-3.1832
32,1,0.91994,-3.1832
32,1,0.92094,-3.1832
32,1,0.92195,-3.1832
32,1,0.92294,-3.1832
32,1,0.92395,-3.1832
32,1,0.92495,-3.1832
32,1,0.92595,-3.1832
32,1,0.92695,-3.1832
32,1,0.92796,-3.2024
32,1,0.92896,-3.1832
32,1,0.92996,-3.1832
32,1,0.93096,-3.1832
32,1,0.93197,-3.2024
32,1,0.93297,-3.1832
32,1,0.93397,-3.1832
32,1,0.93497,-3.1832
32,1,0.93598,-3.1832
32,1,0.93698,-3.1832
32,1,0.93798,-3.1832
32,1,0.93898,-3.1832
32,1,0.93999,-3.1832
32,1,0.94099,-3.1832
32,1,0.94199,-3.1832
32,1,0.94299,-3.1832
32,1,0.944,-3.1832
32,1,0.945,-3.1832
32,1,0.946,-3.1832
32,1,0.947,-3.1832
32,1,0.94801,-3.1832
32,1,0.949,-3.1832
32,1,0.95001,-3.1832
32,1,0.95101,-3.1832
32,1,0.95202,-3.1832
32,1,0.95301,-3.1832
32,1,0.95402,-3.1832
32,1,0.95502,-3.1832
32,1,0.95602,-3.1832
32,1,0.95702,-3.1832
32,1,0.95803,-3.2024
32,1,0.95903,-3.2024
32,1,0.96003,-3.1832
32,1,0.96103,-3.1832
32,1,0.96204,-3.1832
32,1,0.96304,-3.1832
32,1,0.96404,-3.1832
32,1,0.96504,-3.1832
32,1,0.96605,-3.1832
32,1,0.96705,-3.1832
32,1,0.96805,-3.1641
32,1,0.96905,-3.1832
32,1,0.97006,-3.1832
32,1,0.97105,-3.1832
32,1,0.97206,-3.1832
32,1,0.97306,-3.1832
32,1,0.97407,-3.1832
32,1,0.97506,-3.1832
32,1,0.97607,-3.1832
32,1,0.97707,-3.1832
32,1,0.97807,-3.1832
32,1,0.97907,-3.1832
32,1,0.98008,-3.1832
32,1,0.98108,-3.1832
32,1,0.98208,-3.1832
32,1,0.98308,-3.1832
32,1,0.98409,-3.1832
32,1,0.98509,-3.1832
32,1,0.98609,-3.1832
32,1,0.98709,-3.1832
32,1,0.9881,-3.2024
32,1,0.9891,-3.1832
32,1,0.9901,-3.1832
32,1,0.9911,-3.1832
32,1,0.99211,-3.1832
32,1,0.99311,-3.1832
32,1,0.99411,-3.1832
32,1,0.99511,-3.2024
32,1,0.99612,-3.1832
32,1,0.99712,-3.1832
32,1,0.99812,-3.1832
32,1,0.99912,-3.1832
32,1,1.00012,-3.1832
32,2,0.00083,4.7365
32,2,0.00185,4.7365
32,2,0.00285,4.7365
32,2,0.00385,4.7365
32,2,0.00484,4.7365
32,2,0.00585,4.7173
32,2,0.00684,4.7365
32,2,0.00785,4.7365
32,2,0.00885,4.7365
32,2,0.00985,4.7365
32,2,0.01085,4.7173
32,2,0.01183,4.7173
32,2,0.01286,4.7173
32,2,0.01386,4.7365
32,2,0.01487,4.7365
32,2,0.01587,4.7173
32,2,0.01685,4.7365
32,2,0.01787,4.7365
32,2,0.01887,4.7365
32,2,0.01988,4.7365
32,2,0.02088,4.7365
32,2,0.02186,4.7365
32,2,0.02288,4.7365
32,2,0.02388,4.7365
32,2,0.02487,4.7365
32,2,0.02589,4.7365
32,2,0.02689,4.7365
32,2,0.02787,4.7365
32,2,0.0289,4.7365
32,2,0.0299,4.7365
32,2,0.03088,4.7173
32,2,0.0319,4.7365
32,2,0.0329,4.7365
32,2,0.03388,4.7365
32,2,0.03491,4.7365
32,2,0.03591,4.7365
32,2,0.03689,4.7365
32,2,0.03792,4.6982
32,2,0.03892,4.7365
32,2,0.0399,4.7365
32,2,0.04092,4.7365
32,2,0.04193,4.7365
32,2,0.04291,4.7365
32,2,0.04393,4.7365
32,2,0.04493,4.7365
32,2,0.04591,4.7365
32,2,0.04693,4.7173
32,2,0.04794,4.7365
32,2,0.04892,4.7365
32,2,0.04994,4.7365
32,2,0.05095,4.7365
32,2,0.05193,4.7173
32,2,0.05293,4.7365
32,2,0.05395,4.7365
32,2,0.05493,4.7365
32,2,0.05593,4.7365
32,2,0.05696,4.7365
32,2,0.05794,4.7365
32,2,0.05894,4.7173
32,2,0.05996,4.7173
32,2,0.06095,4.7365
32,2,0.06195,4.7365
32,2,0.06297,4.7365
32,2,0.06395,4.7365
32,2,0.06495,4.7365
32,2,0.06596,4.7365
32,2,0.06697,4.7365
32,2,0.06796,4.7365
32,2,0.06897,4.7365
32,2,0.06999,4.7365
32,2,0.07097,4.7365
32,2,0.07197,4.7173
32,2,0.07299,4.7365
32,2,0.07397,4.7173
32,2,0.07498,4.7365
32,2,0.076,4.7365
32,2,0.07698,4.7365
32,2,0.07798,4.6982
32,2,0.07901,4.6982
32,2,0.07999,4.7173
32,2,0.08099,4.7173
32,2,0.08201,4.7173
32,2,0.083,4.7173
32,2,0.084,4.7173
32,2,0.08502,4.7173
32,2,0.08601,4.7173
32,2,0.08701,4.7173
32,2,0.08803,4.6982
32,2,0.08901,4.7173
32,2,0.09001,4.7173
32,2,0.09101,4.679
32,2,0.09202,4.679
32,2,0.09302,4.7173
32,2,0.09404,4.679
32,2,0.09503,4.679
32,2,0.09602,4.679
32,2,0.09705,4.679
32,2,0.09803,4.6598
32,2,0.09903,4.679
32,2,0.10005,4.6598
32,2,0.10104,4.6406
32,2,0.10204,4.6406
32,2,0.10304,4.6406
32,2,0.10405,4.6406
32,2,0.10504,4.6214
32,2,0.10607,4.6214
32,2,0.10705,4.6214
32,2,0.10805,4.6023
32,2,0.10908,4.5831
32,2,0.11006,4.5831
32,2,0.11121,4.5639
32,2,0.1121,4.5831
32,2,0.11307,4.5639
32,2,0.11407,4.5447
32,2,0.11509,4.5447
32,2,0.11608,4.5256
32,2,0.11708,4.5256
32,2,0.1181,4.5256
32,2,0.11908,4.5064
32,2,0.12008,4.5064
32,2,0.1211,4.5064
32,2,0.12209,4.4872
32,2,0.12308,4.468
32,2,0.12411,4.4489
32,2,0.12509,4.4489
32,2,0.12609,4.4489
32,2,0.12711,4.4105
32,2,0.1281,4.4105
32,2,0.1291,4.4105
32,2,0.13012,4.3722
32,2,0.13111,4.3722
32,2,0.1321,4.3722
32,2,0.13313,4.3338
32,2,0.13411,4.3338
32,2,0.13511,4.3338
32,2,0.13613,4.3338
32,2,0.13712,4.2955
32,2,0.13812,4.2955
32,2,0.13914,4.2571
32,2,0.14012,4.2571
32,2,0.14112,4.2188
32,2,0.14215,4.2188
32,2,0.14313,4.1996
32,2,0.14413,4.1996
32,2,0.14515,4.1804
32,2,0.14614,4.1612
32,2,0.14714,4.142
32,2,0.14814,4.1229
32,2,0.14916,4.1037
32,2,0.15015,4.1037
32,2,0.15115,4.0845
32,2,0.15217,4.0653
32,2,0.15315,4.0653
32,2,0.15415,4.027
32,2,0.15518,4.0078
32,2,0.15616,3.9886
32,2,0.15716,3.9695
32,2,0.15818,3.9695
32,2,0.15917,3.9311
32,2,0.16017,3.9311
32,2,0.16119,3.9311
32,2,0.16217,3.8928
32,2,0.16317,3.8736
32,2,0.1642,3.8544
32,2,0.16518,3.8161
32,2,0.16618,3.7969
32,2,0.16718,3.7585
32,2,0.16819,3.7585
32,2,0.16919,3.7393
32,2,0.17021,3.7202
32,2,0.17119,3.701
32,2,0.17219,3.6818
32,2,0.17322,3.6435
32,2,0.1742,3.6051
32,2,0.17528,3.5859
32,2,0.17629,3.5284
32,2,0.17728,3.5092
32,2,0.17829,3.4901
32,2,0.17932,3.4709
32,2,0.18029,3.4517
32,2,0.18132,3.4325
32,2,0.18231,3.3942
32,2,0.18329,3.375
32,2,0.18431,3.3558
32,2,0.18532,3.3366
32,2,0.18631,3.2983
32,2,0.18732,3.2791
32,2,0.18833,3.2599
32,2,0.18931,3.2408
32,2,0.19031,3.2024
32,2,0.19126,3.1641
32,2,0.19224,3.1449
32,2,0.19324,3.1257
32,2,0.19424,3.1065
32,2,0.19526,3.0874
32,2,0.19624,3.049
32,2,0.19724,3.0107
32,2,0.19827,2.9723
32,2,0.19925,2.9531
32,2,0.20025,2.9339
32,2,0.20125,2.9148
32,2,0.20226,2.8956
32,2,0.20326,2.8764
32,2,0.20428,2.8381
32,2,0.20526,2.7997
32,2,0.20627,2.7614
32,2,0.20727,2.7422
32,2,0.20827,2.723
32,2,0.20927,2.6847
32,2,0.21028,2.6847
32,2,0.21127,2.6463
32,2,0.21228,2.608
32,2,0.21328,2.5888
32,2,0.21428,2.5504
32,2,0.21529,2.5312
32,2,0.21629,2.5121
32,2,0.21729,2.4929
32,2,0.21829,2.4545
32,2,0.21929,2.4162
32,2,0.22029,2.397
32,2,0.22132,2.3778
32,2,0.2223,2.3587
32,2,0.2233,2.3203
32,2,0.2243,2.3203
32,2,0.22531,2.282
32,2,0.22631,2.2628
32,2,0.22731,2.2436
32,2,0.22832,2.2053
32,2,0.22932,2.1669
32,2,0.23034,2.1286
32,2,0.23132,2.1286
32,2,0.23232,2.0902
32,2,0.23332,2.0518
32,2,0.23433,2.0518
32,2,0.23533,2.0135
32,2,0.23633,2.0135
32,2,0.23733,1.9751
32,2,0.23835,1.9176
32,2,0.23934,1.8984
32,2,0.24034,1.8793
32,2,0.24136,1.8409
32,2,0.24234,1.8217
32,2,0.24335,1.8026
32,2,0.24437,1.7834
32,2,0.24535,1.745
32,2,0.24635,1.745
32,2,0.24737,1.6875
32,2,0.24836,1.6683
32,2,0.24936,1.63
32,2,0.25038,1.5916
32,2,0.25137,1.5724
32,2,0.25236,1.5724
32,2,0.25339,1.5341
32,2,0.25437,1.5149
32,2,0.25537,1.4957
32,2,0.25639,1.4382
32,2,0.25738,1.419
32,2,0.25838,1.3999
32,2,0.2594,1.3615
32,2,0.26039,1.3423
32,2,0.26138,1.3232
32,2,0.26241,1.2848
32,2,0.26339,1.2848
32,2,0.26439,1.2464
32,2,0.26541,1.2273
32,2,0.2664,1.1889
32,2,0.2674,1.1697
32,2,0.2684,1.1506
32,2,0.26941,1.1314
32,2,0.27041,1.093
32,2,0.27143,1.0547
32,2,0.27241,1.0547
32,2,0.27341,1.0163
32,2,0.27443,0.9972
32,2,0.27542,0.978
32,2,0.27642,0.9588
32,2,0.27744,0.9396
32,2,0.27842,0.9013
32,2,0.27943,0.8821
32,2,0.28045,0.8629
32,2,0.28143,0.8246
32,2,0.28243,0.7862
32,2,0.28345,0.7862
32,2,0.28444,0.7862
32,2,0.28544,0.7479
32,2,0.28646,0.7287
32,2,0.28745,0.6903
32,2,0.28845,0.6712
32,2,0.28943,0.652
32,2,0.29045,0.6328
32,2,0.29145,0.6136
32,2,0.29245,0.5945
32,2,0.29346,0.5753
32,2,0.29446,0.5561
32,2,0.29544,0.5178
32,2,0.29646,0.5178
32,2,0.29747,0.4794
32,2,0.29847,0.4602
32,2,0.29947,0.4411
32,2,0.30047,0.4219
32,2,0.30146,0.4027
32,2,0.30248,0.4027
32,2,0.30348,0.3835
32,2,0.30446,0.3643
32,2,0.30548,0.326
32,2,0.30647,0.326
32,2,0.30749,0.2876
32,2,0.30849,0.2685
32,2,0.30948,0.2493
32,2,0.31048,0.2493
32,2,0.3115,0.2109
32,2,0.3125,0.2109
32,2,0.31348,0.1918
32,2,0.3145,0.1726
32,2,0.31549,0.1726
32,2,0.31649,0.1534
32,2,0.31751,0.1342
32,2,0.31851,0.1151
32,2,0.31951,0.0959
32,2,0.32052,0.0767
32,2,0.3215,0.0384
32,2,0.32252,0.0384
32,2,0.32352,0.0
32,2,0.32451,0.0
32,2,0.32553,0.0
32,2,0.32651,-0.0384
32,2,0.32753,-0.0575
32,2,0.32852,-0.0767
32,2,0.32952,-0.1151
32,2,0.33054,-0.1151
32,2,0.33152,-0.1534
32,2,0.33254,-0.1534
32,2,0.33353,-0.1534
32,2,0.33455,-0.1726
32,2,0.33554,-0.1918
32,2,0.33655,-0.1918
32,2,0.33754,-0.2301
32,2,0.33856,-0.2685
32,2,0.33954,-0.2685
32,2,0.34056,-0.2876
32,2,0.34155,-0.326
32,2,0.34255,-0.326
32,2,0.34355,-0.326
32,2,0.34455,-0.3643
32,2,0.34555,-0.3643
32,2,0.34658,-0.4027
32,2,0.34756,-0.4027
32,2,0.34856,-0.4219
32,2,0.34956,-0.4411
32,2,0.35059,-0.4602
32,2,0.35157,-0.4794
32,2,0.35257,-0.4986
32,2,0.35357,-0.5178
32,2,0.35457,-0.5369
32,2,0.35558,-0.5561
32,2,0.35658,-0.5561
32,2,0.35758,-0.5753
32,2,0.35858,-0.5945
32,2,0.35958,-0.6328
32,2,0.36058,-0.6328
32,2,0.36159,-0.6712
32,2,0.36259,-0.6712
32,2,0.36359,-0.7095
32,2,0.36459,-0.7095
32,2,0.3656,-0.7479
32,2,0.3666,-0.7479
32,2,0.36761,-0.767
32,2,0.3686,-0.7862
32,2,0.36961,-0.8246
32,2,0.37061,-0.8629
32,2,0.37161,-0.8629
32,2,0.37261,-0.8821
32,2,0.37361,-0.9013
32,2,0.37462,-0.9205
32,2,0.37562,-0.9013
32,2,0.37662,-0.9396
32,2,0.37762,-0.978
32,2,0.37863,-0.978
32,2,0.37963,-1.0163
32,2,0.38063,-1.0547
32,2,0.38163,-1.0547
32,2,0.38263,-1.093
32,2,0.38364,-1.093
32,2,0.38464,-1.1122
32,2,0.38564,-1.1314
32,2,0.38665,-1.1697
32,2,0.38764,-1.1889
32,2,0.38865,-1.2081
32,2,0.38965,-1.2273
32,2,0.39065,-1.2464
32,2,0.39165,-1.2656
32,2,0.39266,-1.2656
32,2,0.39366,-1.2848
32,2,0.39466,-1.3232
32,2,0.39567,-1.3423
32,2,0.39666,-1.3423
32,2,0.39767,-1.3615
32,2,0.39867,-1.3807
32,2,0.39967,-1.3999
32,2,0.40067,-1.4382
32,2,0.40167,-1.4574
32,2,0.40268,-1.4574
32,2,0.40368,-1.4957
32,2,0.40468,-1.5149
32,2,0.40568,-1.5341
32,2,0.40668,-1.5533
32,2,0.40769,-1.5533
32,2,0.40869,-1.5916
32,2,0.40969,-1.5916
32,2,0.4107,-1.63
32,2,0.4117,-1.6491
32,2,0.41271,-1.6683
32,2,0.4137,-1.6875
32,2,0.41471,-1.7259
32,2,0.41571,-1.7259
32,2,0.41671,-1.745
32,2,0.41771,-1.7642
32,2,0.41872,-1.7834
32,2,0.41972,-1.8217
32,2,0.42072,-1.8409
32,2,0.42172,-1.8601
32,2,0.42272,-1.8793
32,2,0.42372,-1.8984
32,2,0.42473,-1.9176
32,2,0.42573,-1.9176
32,2,0.42673,-1.956
32,2,0.42774,-1.9751
32,2,0.42874,-1.9943
32,2,0.42974,-2.0327
32,2,0.43074,-2.0327
32,2,0.43174,-2.0518
32,2,0.43274,-2.0902
32,2,0.43375,-2.0902
32,2,0.43475,-2.1286
32,2,0.43575,-2.1286
32,2,0.43676,-2.1477
32,2,0.43775,-2.1669
32,2,0.43875,-2.1861
32,2,0.43976,-2.2244
32,2,0.44076,-2.2244
32,2,0.44177,-2.2628
32,2,0.44277,-2.282
32,2,0.44377,-2.3011
32,2,0.44477,-2.3203
32,2,0.44578,-2.3395
32,2,0.44677,-2.3395
32,2,0.44778,-2.3587
32,2,0.44878,-2.3778
32,2,0.44978,-2.397
32,2,0.45078,-2.4162
32,2,0.45179,-2.4354
32,2,0.45279,-2.4737
32,2,0.45379,-2.4929
32,2,0.45479,-2.5312
32,2,0.4558,-2.5312
32,2,0.4568,-2.5312
32,2,0.4578,-2.5504
32,2,0.4588,-2.5696
32,2,0.4598,-2.608
32,2,0.46081,-2.6271
32,2,0.46181,-2.6463
32,2,0.46281,-2.6463
32,2,0.46381,-2.6847
32,2,0.46482,-2.6847
32,2,0.46582,-2.7038
32,2,0.46682,-2.7038
32,2,0.46782,-2.723
32,2,0.46882,-2.7422
32,2,0.46983,-2.7614
32,2,0.47083,-2.7614
32,2,0.47183,-2.7997
32,2,0.47283,-2.8189
32,2,0.47383,-2.8381
32,2,0.47484,-2.8381
32,2,0.47584,-2.8381
32,2,0.47684,-2.8764
32,2,0.47785,-2.8764
32,2,0.47884,-2.8764
32,2,0.47986,-2.9148
32,2,0.48085,-2.9148
32,2,0.48185,-2.9148
32,2,0.48285,-2.9531
32,2,0.48386,-2.9531
32,2,0.48485,-2.9531
32,2,0.48586,-2.9723
32,2,0.48686,-2.9531
32,2,0.48787,-2.9915
32,2,0.48887,-2.9915
32,2,0.48987,-3.0107
32,2,0.49087,-3.0107
32,2,0.49188,-3.0298
32,2,0.49288,-3.0298
32,2,0.49388,-3.0298
32,2,0.49489,-3.049
32,2,0.49588,-3.049
32,2,0.49688,-3.0682
32,2,0.49789,-3.0682
32,2,0.49889,-3.0682
32,2,0.49989,-3.0874
32,2,0.50089,-3.0874
32,2,0.5019,-3.0874
32,2,0.5029,-3.1065
32,2,0.5039,-3.1065
32,2,0.5049,-3.1065
32,2,0.5059,-3.1257
32,2,0.50691,-3.1257
32,2,0.50791,-3.1257
32,2,0.50892,-3.1257
32,2,0.50991,-3.1257
32,2,0.51092,-3.1449
32,2,0.51192,-3.1449
32,2,0.51292,-3.1449
32,2,0.51392,-3.1449
32,2,0.51493,-3.1449
32,2,0.51593,-3.1449
32,2,0.51693,-3.1449
32,2,0.51793,-3.1641
32,2,0.51893,-3.1641
32,2,0.51994,-3.1641
32,2,0.52094,-3.1832
32,2,0.52194,-3.1832
32,2,0.52295,-3.1832
32,2,0.52395,-3.1832
32,2,0.52495,-3.1832
32,2,0.52595,-3.2024
32,2,0.52695,-3.2024
32,2,0.52796,-3.2024
32,2,0.52896,-3.2024
32,2,0.52996,-3.2024
32,2,0.53096,-3.2024
32,2,0.53196,-3.2024
32,2,0.53297,-3.2024
32,2,0.53397,-3.2024
32,2,0.53497,-3.2024
32,2,0.53598,-3.1832
32,2,0.53697,-3.1832
32,2,0.53798,-3.2024
32,2,0.53898,-3.2024
32,2,0.53998,-3.1832
32,2,0.54098,-3.2024
32,2,0.54199,-3.1832
32,2,0.54299,-3.1832
32,2,0.54399,-3.2024
32,2,0.545,-3.1832
32,2,0.54599,-3.2024
32,2,0.547,-3.2024
32,2,0.548,-3.1832
32,2,0.549,-3.1832
32,2,0.55,-3.2024
32,2,0.551,-3.2024
32,2,0.55201,-3.2024
32,2,0.55301,-3.2024
32,2,0.55401,-3.1832
32,2,0.55501,-3.1832
32,2,0.55602,-3.1832
32,2,0.55702,-3.1832
32,2,0.55802,-3.1832
32,2,0.55902,-3.1832
32,2,0.56002,-3.1832
32,2,0.56103,-3.1832
32,2,0.56203,-3.1832
32,2,0.56304,-3.1832
32,2,0.56403,-3.1832
32,2,0.56504,-3.1832
32,2,0.56604,-3.1832
32,2,0.56704,-3.1832
32,2,0.56804,-3.1832
32,2,0.56905,-3.1832
32,2,0.57005,-3.1832
32,2,0.57105,-3.1832
32,2,0.57205,-3.1641
32,2,0.57306,-3.1832
32,2,0.57406,-3.1832
32,2,0.57506,-3.1832
32,2,0.57604,-3.1832
32,2,0.57706,-3.1832
32,2,0.57805,-3.1832
32,2,0.57907,-3.1641
32,2,0.58007,-3.1641
32,2,0.58107,-3.1641
32,2,0.58207,-3.1832
32,2,0.58306,-3.1641
32,2,0.58408,-3.1832
32,2,0.58506,-3.1449
32,2,0.58608,-3.1832
32,2,0.58707,-3.1832
32,2,0.58809,-3.1832
32,2,0.58907,-3.1832
32,2,0.59009,-3.1832
32,2,0.59108,-3.1449
32,2,0.5921,-3.1641
32,2,0.59309,-3.1641
32,2,0.5941,-3.1449
32,2,0.59509,-3.1832
32,2,0.59611,-3.1641
32,2,0.59709,-3.1449
32,2,0.59811,-3.1832
32,2,0.59909,-3.1641
32,2,0.60013,-3.1641
32,2,0.60111,-3.1641
32,2,0.60212,-3.1641
32,2,0.6031,-3.1449
32,2,0.60412,-3.1641
32,2,0.60511,-3.1641
32,2,0.60613,-3.1641
32,2,0.60711,-3.1641
32,2,0.60813,-3.1641
32,2,0.60912,-3.1641
32,2,0.61014,-3.1832
32,2,0.61112,-3.1449
32,2,0.61214,-3.1641
32,2,0.61313,-3.1832
32,2,0.61414,-3.1641
32,2,0.61513,-3.1641
32,2,0.61615,-3.1449
32,2,0.61714,-3.1832
32,2,0.61815,-3.1832
32,2,0.61914,-3.1641
32,2,0.62016,-3.1641
32,2,0.62114,-3.1641
32,2,0.62216,-3.1641
32,2,0.62315,-3.1832
32,2,0.62417,-3.1641
32,2,0.62515,-3.1641
32,2,0.62617,-3.1832
32,2,0.62716,-3.1641
32,2,0.62818,-3.1832
32,2,0.62916,-3.1832
32,2,0.63018,-3.1641
32,2,0.63117,-3.1832
32,2,0.63216,-3.1832
32,2,0.63317,-3.1641
32,2,0.63417,-3.1832
32,2,0.63518,-3.1641
32,2,0.63617,-3.1641
32,2,0.63718,-3.1832
32,2,0.63818,-3.1641
32,2,0.63918,-3.1641
32,2,0.64018,-3.1832
32,2,0.64119,-3.1832
32,2,0.64219,-3.1641
32,2,0.64319,-3.1832
32,2,0.64419,-3.1832
32,2,0.6452,-3.1641
32,2,0.6462,-3.1641
32,2,0.6472,-3.1641
32,2,0.6482,-3.1832
32,2,0.64921,-3.1832
32,2,0.6502,-3.1641
32,2,0.65121,-3.1832
32,2,0.65221,-3.1832
32,2,0.65321,-3.1832
32,2,0.65421,-3.1641
32,2,0.65522,-3.1641
32,2,0.65622,-3.1832
32,2,0.65722,-3.1832
32,2,0.65822,-3.1641
32,2,0.65923,-3.1641
32,2,0.66023,-3.1832
32,2,0.66123,-3.1641
32,2,0.66223,-3.2024
32,2,0.66324,-3.1832
32,2,0.66423,-3.1832
32,2,0.66524,-3.1832
32,2,0.66624,-3.1832
32,2,0.66725,-3.1641
32,2,0.66824,-3.1832
32,2,0.66925,-3.1832
32,2,0.67025,-3.1832
32,2,0.67125,-3.1832
32,2,0.67225,-3.1641
32,2,0.67326,-3.1641
32,2,0.67426,-3.1832
32,2,0.67526,-3.1832
32,2,0.67626,-3.2024
32,2,0.67727,-3.1832
32,2,0.67827,-3.1832
32,2,0.67927,-3.1641
32,2,0.68027,-3.1641
32,2,0.68128,-3.1832
32,2,0.68227,-3.1832
32,2,0.68328,-3.2024
32,2,0.68428,-3.2024
32,2,0.68529,-3.1832
32,2,0.68628,-3.1832
32,2,0.68737,-3.1641
32,2,0.68836,-3.1832
32,2,0.68945,-3.2024
32,2,0.69044,-3.1832
32,2,0.69138,-3.1832
32,2,0.69238,-3.1832
32,2,0.69338,-3.1832
32,2,0.69437,-3.1832
32,2,0.69537,-3.1641
32,2,0.69639,-3.1832
32,2,0.69738,-3.2024
32,2,0.69837,-3.1832
32,2,0.69939,-3.1641
32,2,0.70038,-3.1641
32,2,0.7014,-3.1832
32,2,0.70239,-3.2024
32,2,0.70333,-3.2024
32,2,0.70433,-3.1832
32,2,0.70533,-3.1641
32,2,0.70635,-3.2024
32,2,0.70735,-3.2024
32,2,0.70835,-3.1832
32,2,0.70934,-3.1832
32,2,0.71034,-3.1832
32,2,0.71134,-3.2024
32,2,0.71235,-3.2024
32,2,0.71335,-3.1832
32,2,0.71435,-3.1641
32,2,0.71535,-3.1832
32,2,0.71636,-3.1641
32,2,0.71736,-3.2024
32,2,0.71836,-3.1832
32,2,0.71936,-3.1832
32,2,0.72037,-3.1641
32,2,0.72137,-3.1832
32,2,0.72237,-3.1641
32,2,0.72337,-3.1832
32,2,0.72437,-3.1832
32,2,0.72537,-3.1832
32,2,0.72638,-3.1832
32,2,0.72738,-3.1832
32,2,0.72838,-3.1832
32,2,0.72938,-3.1832
32,2,0.73039,-3.1832
32,2,0.73139,-3.1832
32,2,0.73239,-3.1641
32,2,0.73339,-3.1832
32,2,0.7344,-3.1832
32,2,0.7354,-3.1832
32,2,0.7364,-3.1832
32,2,0.7374,-3.1832
32,2,0.73841,-3.1832
32,2,0.7394,-3.1832
32,2,0.74041,-3.1641
32,2,0.74141,-3.1832
32,2,0.74241,-3.1641
32,2,0.74341,-3.1832
32,2,0.74442,-3.1832
32,2,0.74542,-3.1832
32,2,0.74642,-3.1832
32,2,0.74742,-3.1832
32,2,0.74843,-3.1832
32,2,0.74943,-3.1641
32,2,0.75043,-3.1641
32,2,0.75143,-3.1641
32,2,0.75244,-3.1832
32,2,0.75344,-3.1641
32,2,0.75444,-3.1832
32,2,0.75544,-3.1832
32,2,0.75645,-3.1832
32,2,0.75744,-3.1832
32,2,0.75845,-3.1641
32,2,0.75945,-3.1832
32,2,0.76045,-3.1641
32,2,0.76145,-3.1832
32,2,0.76246,-3.1832
32,2,0.76346,-3.1832
32,2,0.76446,-3.1832
32,2,0.76546,-3.1832
32,2,0.76647,-3.1832
32,2,0.76747,-3.1832
32,2,0.76847,-3.1641
32,2,0.76947,-3.1832
32,2,0.77048,-3.1641
32,2,0.77148,-3.1832
32,2,0.77248,-3.1832
32,2,0.77348,-3.1832
32,2,0.77449,-3.1641
32,2,0.77548,-3.1832
32,2,0.77649,-3.1832
32,2,0.77749,-3.1832
32,2,0.7785,-3.1832
32,2,0.77949,-3.1832
32,2,0.7805,-3.1641
32,2,0.7815,-3.1832
32,2,0.7825,-3.1832
32,2,0.7835,-3.1832
32,2,0.78451,-3.1641
32,2,0.78551,-3.1832
32,2,0.78651,-3.1832
32,2,0.78751,-3.1641
32,2,0.78852,-3.1832
32,2,0.78952,-3.1641
32,2,0.79052,-3.1832
32,2,0.79152,-3.1832
32,2,0.79253,-3.1832
32,2,0.79352,-3.1832
32,2,0.79453,-3.1832
32,2,0.79553,-3.1832
32,2,0.79654,-3.1832
32,2,0.79753,-3.1832
32,2,0.79854,-3.1641
32,2,0.79954,-3.1832
32,2,0.80054,-3.1641
32,2,0.80154,-3.1641
32,2,0.80255,-3.1832
32,2,0.80355,-3.1832
32,2,0.80455,-3.1832
32,2,0.80555,-3.1832
32,2,0.80656,-3.1832
32,2,0.80756,-3.1832
32,2,0.80856,-3.1832
32,2,0.80956,-3.1832
32,2,0.81057,-3.1832
32,2,0.81157,-3.1641
32,2,0.81257,-3.1832
32,2,0.81357,-3.1641
32,2,0.81458,-3.1832
32,2,0.81557,-3.1832
32,2,0.81658,-3.1832
32,2,0.81758,-3.1832
32,2,0.81858,-3.1641
32,2,0.81958,-3.1832
32,2,0.82059,-3.1832
32,2,0.82159,-3.1832
32,2,0.82259,-3.1641
32,2,0.82361,-3.1832
32,2,0.8246,-3.1832
32,2,0.82559,-3.1832
32,2,0.8266,-3.1832
32,2,0.8276,-3.1832
32,2,0.82861,-3.1832
32,2,0.8296,-3.1832
32,2,0.83061,-3.1832
32,2,0.83161,-3.1832
32,2,0.83262,-3.1832
32,2,0.83361,-3.1832
32,2,0.83462,-3.1832
32,2,0.83562,-3.1832
32,2,0.83662,-3.1832
32,2,0.83762,-3.1641
32,2,0.83863,-3.1832
32,2,0.83963,-3.1641
32,2,0.84063,-3.1641
32,2,0.84163,-3.1641
32,2,0.84264,-3.1832
32,2,0.84364,-3.1832
32,2,0.84464,-3.1832
32,2,0.84564,-3.1832
32,2,0.84665,-3.1832
32,2,0.84764,-3.1832
32,2,0.84865,-3.1641
32,2,0.84965,-3.1832
32,2,0.85066,-3.1832
32,2,0.85165,-3.1832
32,2,0.85266,-3.1641
32,2,0.85366,-3.1832
32,2,0.85466,-3.1832
32,2,0.85566,-3.1832
32,2,0.85667,-3.1832
32,2,0.85767,-3.1832
32,2,0.85867,-3.1641
32,2,0.85967,-3.1832
32,2,0.86068,-3.1641
32,2,0.86168,-3.1641
32,2,0.86268,-3.1832
32,2,0.86368,-3.1832
32,2,0.86469,-3.1832
32,2,0.86568,-3.1641
32,2,0.86667,-3.1832
32,2,0.86769,-3.1832
32,2,0.86869,-3.1641
32,2,0.8697,-3.1641
32,2,0.87069,-3.1832
32,2,0.87168,-3.1641
32,2,0.8727,-3.1641
32,2,0.87368,-3.1832
32,2,0.87471,-3.1832
32,2,0.87569,-3.1832
32,2,0.87672,-3.1832
32,2,0.87769,-3.1641
32,2,0.87871,-3.1641
32,2,0.8797,-3.1832
32,2,0.88072,-3.1832
32,2,0.8817,-3.1832
32,2,0.88272,-3.1832
32,2,0.88371,-3.1832
32,2,0.88473,-3.1832
32,2,0.88572,-3.1832
32,2,0.88673,-3.1832
32,2,0.88772,-3.1641
32,2,0.88874,-3.1641
32,2,0.88972,-3.1832
32,2,0.89074,-3.1832
32,2,0.89173,-3.1641
32,2,0.89274,-3.1832
32,2,0.89373,-3.1832
32,2,0.89475,-3.1832
32,2,0.89573,-3.1832
32,2,0.89675,-3.1832
32,2,0.89774,-3.1641
32,2,0.89876,-3.1832
32,2,0.89974,-3.1832
32,2,0.90075,-3.1832
32,2,0.90175,-3.1832
32,2,0.90277,-3.1832
32,2,0.90375,-3.1832
32,2,0.90477,-3.1641
32,2,0.90576,-3.1641
32,2,0.90678,-3.1832
32,2,0.90776,-3.1832
32,2,0.90877,-3.1832
32,2,0.90976,-3.1832
32,2,0.91078,-3.1641
32,2,0.91177,-3.1832
32,2,0.91279,-3.1641
32,2,0.91377,-3.1832
32,2,0.9148,-3.1641
32,2,0.91579,-3.1832
32,2,0.91678,-3.1832
32,2,0.9178,-3.1641
32,2,0.91878,-3.1832
32,2,0.91978,-3.1641
32,2,0.92079,-3.1832
32,2,0.92178,-3.1641
32,2,0.92279,-3.1832
32,2,0.92379,-3.1832
32,2,0.92479,-3.1832
32,2,0.9258,-3.1832
32,2,0.9268,-3.1641
32,2,0.9278,-3.1641
32,2,0.92881,-3.1832
32,2,0.9298,-3.1832
32,2,0.93081,-3.1832
32,2,0.93181,-3.1832
32,2,0.93281,-3.1832
32,2,0.93381,-3.1832
32,2,0.93482,-3.1832
32,2,0.93582,-3.1832
32,2,0.93682,-3.1832
32,2,0.93782,-3.1832
32,2,0.93883,-3.1832
32,2,0.93982,-3.1832
32,2,0.94083,-3.1832
32,2,0.94183,-3.1832
32,2,0.94284,-3.1832
32,2,0.94383,-3.1832
32,2,0.94484,-3.1832
32,2,0.94583,-3.1641
32,2,0.94685,-3.1641
32,2,0.94784,-3.1641
32,2,0.94885,-3.1832
32,2,0.94984,-3.1641
32,2,0.95086,-3.1641
32,2,0.95185,-3.1832
32,2,0.95286,-3.1641
32,2,0.95385,-3.1641
32,2,0.95486,-3.1832
32,2,0.95586,-3.1832
32,2,0.95686,-3.1641
32,2,0.95787,-3.1641
32,2,0.95887,-3.1832
32,2,0.95987,-3.1641
32,2,0.96088,-3.1832
32,2,0.96188,-3.1832
32,2,0.96288,-3.1832
32,2,0.96388,-3.1832
32,2,0.96488,-3.1832
32,2,0.96588,-3.1832
32,2,0.96689,-3.1832
32,2,0.96789,-3.1832
32,2,0.96889,-3.1832
32,2,0.96989,-3.1832
32,2,0.9709,-3.1832
32,2,0.9719,-3.1832
32,2,0.9729,-3.1641
32,2,0.9739,-3.1832
32,2,0.97491,-3.1832
32,2,0.97591,-3.1832
32,2,0.97691,-3.1832
32,2,0.97791,-3.1832
32,2,0.97892,-3.1832
32,2,0.97992,-3.1641
32,2,0.98092,-3.1832
32,2,0.98192,-3.1832
32,2,0.98292,-3.1832
32,2,0.98392,-3.1832
32,2,0.98493,-3.1832
32,2,0.98592,-3.1832
32,2,0.98693,-3.1832
32,2,0.98793,-3.1832
32,2,0.98893,-3.1641
32,2,0.98994,-3.1832
32,2,0.99094,-3.1832
32,2,0.99194,-3.1832
32,2,0.99295,-3.1832
32,2,0.99394,-3.1832
32,2,0.99495,-3.1832
32,2,0.99595,-3.1832
32,2,0.99695,-3.1641
32,2,0.99795,-3.1832
32,2,0.99896,-3.1832
32,2,0.99996,-3.1832
32,2,1.00096,-3.1832
64,1,0.00186,4.5064
64,1,0.00284,4.5064
64,1,0.00387,4.4872
64,1,0.00485,4.5064
64,1,0.00586,4.4872
64,1,0.00686,4.5064
64,1,0.00786,4.5064
64,1,0.00887,4.5064
64,1,0.0099,4.5064
64,1,0.01087,4.5064
64,1,0.01188,4.5064
64,1,0.01287,4.5064
64,1,0.01382,4.5064
64,1,0.01481,4.5064
64,1,0.01581,4.5064
64,1,0.01682,4.5064
64,1,0.01783,4.5064
64,1,0.01882,4.4872
64,1,0.01982,4.5064
64,1,0.02082,4.5064
64,1,0.02182,4.5064
64,1,0.02282,4.5064
64,1,0.02383,4.4872
64,1,0.02482,4.5064
64,1,0.02583,4.5064
64,1,0.02683,4.5064
64,1,0.02784,4.5064
64,1,0.02883,4.5256
64,1,0.02984,4.5064
64,1,0.03084,4.5064
64,1,0.03184,4.5064
64,1,0.03285,4.5064
64,1,0.03385,4.5064
64,1,0.03485,4.5064
64,1,0.03586,4.5064
64,1,0.03685,4.5064
64,1,0.03786,4.5064
64,1,0.03886,4.5064
64,1,0.03986,4.5064
64,1,0.04086,4.5064
64,1,0.04187,4.5064
64,1,0.04287,4.5064
64,1,0.04387,4.5064
64,1,0.04487,4.5064
64,1,0.04588,4.5064
64,1,0.04687,4.5064
64,1,0.04788,4.5064
64,1,0.04888,4.5064
64,1,0.04989,4.5064
64,1,0.05088,4.5064
64,1,0.05189,4.5064
64,1,0.05289,4.5064
64,1,0.05389,4.5064
64,1,0.05489,4.4872
64,1,0.0559,4.4872
64,1,0.0569,4.5064
64,1,0.0579,4.4872
64,1,0.0589,4.4872
64,1,0.05991,4.4872
64,1,0.0609,4.4872
64,1,0.06191,4.4872
64,1,0.06291,4.468
64,1,0.06391,4.4872
64,1,0.06491,4.5064
64,1,0.06592,4.4872
64,1,0.06692,4.468
64,1,0.06792,4.468
64,1,0.06892,4.468
64,1,0.06993,4.468
64,1,0.07093,4.468
64,1,0.07193,4.468
64,1,0.07293,4.4489
64,1,0.07394,4.4489
64,1,0.07493,4.4297
64,1,0.07594,4.4297
64,1,0.07694,4.4105
64,1,0.07794,4.3913
64,1,0.07894,4.4105
64,1,0.07995,4.3722
64,1,0.08095,4.3722
64,1,0.08195,4.3722
64,1,0.08295,4.3338
64,1,0.08396,4.3338
64,1,0.08495,4.2955
64,1,0.08596,4.2955
64,1,0.08696,4.2763
64,1,0.08797,4.2571
64,1,0.08897,4.2571
64,1,0.08997,4.2571
64,1,0.09097,4.2188
64,1,0.09197,4.2188
64,1,0.09297,4.1996
64,1,0.09398,4.1804
64,1,0.09498,4.1804
64,1,0.09598,4.1612
64,1,0.09698,4.142
64,1,0.09799,4.1229
64,1,0.09898,4.1037
64,1,0.09999,4.0845
64,1,0.10099,4.0462
64,1,0.102,4.0462
64,1,0.10299,4.0462
64,1,0.104,4.027
64,1,0.105,4.0078
64,1,0.106,3.9886
64,1,0.107,3.9695
64,1,0.10801,3.9503
64,1,0.10901,3.9119
64,1,0.11001,3.9119
64,1,0.11101,3.8736
64,1,0.11213,3.8544
64,1,0.11312,3.8736
64,1,0.11414,3.8161
64,1,0.11512,3.7969
64,1,0.11614,3.7585
64,1,0.11713,3.7585
64,1,0.11813,3.7393
64,1,0.11913,3.7202
64,1,0.12012,3.6818
64,1,0.12113,3.6435
64,1,0.12213,3.6818
64,1,0.12312,3.6243
64,1,0.12414,3.5859
64,1,0.12513,3.5476
64,1,0.12605,3.5284
64,1,0.12704,3.5092
64,1,0.12805,3.4709
64,1,0.12905,3.4517
64,1,0.13005,3.4325
64,1,0.13105,3.4325
64,1,0.13206,3.3942
64,1,0.13305,3.3942
64,1,0.13406,3.3558
64,1,0.13506,3.3175
64,1,0.13607,3.2791
64,1,0.13707,3.2408
64,1,0.13807,3.2408
64,1,0.13907,3.2024
64,1,0.14008,3.2024
64,1,0.14107,3.1641
64,1,0.14208,3.1641
64,1,0.14308,3.1257
64,1,0.14408,3.1065
64,1,0.14508,3.0874
64,1,0.14607,3.049
64,1,0.14709,3.049
64,1,0.14807,2.9915
64,1,0.14909,2.9723
64,1,0.15008,2.9339
64,1,0.1511,2.8956
64,1,0.15208,2.8956
64,1,0.1531,2.8764
64,1,0.15409,2.8764
64,1,0.1551,2.8381
64,1,0.15609,2.7997
64,1,0.15711,2.7614
64,1,0.15809,2.7422
64,1,0.15911,2.7038
64,1,0.1601,2.6847
64,1,0.16112,2.6655
64,1,0.1621,2.6271
64,1,0.16312,2.6271
64,1,0.16411,2.5888
64,1,0.16513,2.5696
64,1,0.16614,2.5312
64,1,0.16713,2.5121
64,1,0.16811,2.4737
64,1,0.16914,2.4354
64,1,0.17012,2.397
64,1,0.17114,2.397
64,1,0.17212,2.3587
64,1,0.17314,2.3587
64,1,0.17413,2.3203
64,1,0.17515,2.282
64,1,0.17613,2.2436
64,1,0.17715,2.2436
64,1,0.17814,2.2053
64,1,0.17916,2.1669
64,1,0.18014,2.1477
64,1,0.18116,2.1286
64,1,0.18214,2.1094
64,1,0.18317,2.071
64,1,0.18415,2.071
64,1,0.18517,2.0327
64,1,0.18615,1.9943
64,1,0.18717,1.9943
64,1,0.18816,1.956
64,1,0.18918,1.9368
64,1,0.19016,1.8793
64,1,0.19118,1.8409
64,1,0.19217,1.8409
64,1,0.19319,1.8026
64,1,0.19417,1.8026
64,1,0.19519,1.7834
64,1,0.19618,1.745
64,1,0.19719,1.7259
64,1,0.19818,1.6875
64,1,0.1992,1.6491
64,1,0.20018,1.63
64,1,0.20118,1.6108
64,1,0.20219,1.5724
64,1,0.20319,1.5533
64,1,0.20419,1.5533
64,1,0.20519,1.5149
64,1,0.20619,1.4957
64,1,0.2072,1.4382
64,1,0.2082,1.4382
64,1,0.2092,1.3999
64,1,0.2102,1.3807
64,1,0.2112,1.3615
64,1,0.21221,1.3232
64,1,0.21321,1.2848
64,1,0.21421,1.2848
64,1,0.21521,1.2656
64,1,0.21622,1.2464
64,1,0.21721,1.2081
64,1,0.21822,1.1889
64,1,0.21922,1.1697
64,1,0.22023,1.1314
64,1,0.22122,1.1122
64,1,0.22223,1.093
64,1,0.22323,1.0547
64,1,0.22423,1.0355
64,1,0.22523,1.0355
64,1,0.22624,0.9972
64,1,0.22724,0.9972
64,1,0.22824,0.9588
64,1,0.22924,0.9588
64,1,0.23031,0.9396
64,1,0.23133,0.9013
64,1,0.23232,0.8629
64,1,0.23333,0.8629
64,1,0.23433,0.8438
64,1,0.23533,0.8054
64,1,0.2363,0.8054
64,1,0.23732,0.7862
64,1,0.23835,0.7862
64,1,0.23933,0.7479
64,1,0.24035,0.7287
64,1,0.24134,0.7095
64,1,0.24234,0.6903
64,1,0.24327,0.6712
64,1,0.24428,0.6328
64,1,0.24527,0.6328
64,1,0.24628,0.6328
64,1,0.24728,0.5945
64,1,0.24829,0.5561
64,1,0.24928,0.5369
64,1,0.25029,0.5369
64,1,0.25129,0.5178
64,1,0.25229,0.4794
64,1,0.2533,0.4794
64,1,0.25429,0.4794
64,1,0.2553,0.4602
64,1,0.2563,0.4411
64,1,0.25731,0.4219
64,1,0.2583,0.4027
64,1,0.25931,0.3643
64,1,0.26031,0.3643
64,1,0.26131,0.3643
64,1,0.26231,0.326
64,1,0.26331,0.3068
64,1,0.26432,0.3068
64,1,0.26532,0.2876
64,1,0.26632,0.2685
64,1,0.26732,0.2493
64,1,0.26833,0.2301
64,1,0.26933,0.2301
64,1,0.27033,0.2109
64,1,0.27133,0.1918
64,1,0.27234,0.1918
64,1,0.27334,0.1726
64,1,0.27434,0.1534
64,1,0.27534,0.1534
64,1,0.27635,0.1151
64,1,0.27734,0.0959
64,1,0.27834,0.0959
64,1,0.27935,0.0767
64,1,0.28035,0.0575
64,1,0.28135,0.0384
64,1,0.28236,0.0192
64,1,0.28335,0.0
64,1,0.28436,0.0
64,1,0.28536,-0.0384
64,1,0.28637,-0.0384
64,1,0.28736,-0.0767
64,1,0.28837,-0.0767
64,1,0.28937,-0.1151
64,1,0.29037,-0.1342
64,1,0.29137,-0.1534
64,1,0.29238,-0.1534
64,1,0.29336,-0.1726
64,1,0.29438,-0.1918
64,1,0.29538,-0.2109
64,1,0.29638,-0.2301
64,1,0.29741,-0.2493
64,1,0.2984,-0.2685
64,1,0.29939,-0.3068
64,1,0.3004,-0.326
64,1,0.30139,-0.326
64,1,0.3024,-0.3452
64,1,0.3034,-0.3643
64,1,0.3044,-0.3835
64,1,0.3054,-0.3835
64,1,0.3064,-0.4219
64,1,0.3074,-0.4411
64,1,0.30841,-0.4411
64,1,0.3094,-0.4794
64,1,0.31042,-0.4794
64,1,0.31141,-0.5178
64,1,0.31242,-0.5178
64,1,0.31342,-0.5561
64,1,0.31443,-0.5561
64,1,0.31542,-0.5753
64,1,0.31643,-0.5945
64,1,0.31742,-0.6136
64,1,0.31843,-0.6328
64,1,0.31943,-0.6328
64,1,0.32044,-0.6712
64,1,0.32144,-0.6903
64,1,0.32244,-0.7095
64,1,0.32344,-0.7479
64,1,0.32445,-0.7862
64,1,0.32544,-0.7862
64,1,0.32645,-0.8246
64,1,0.32745,-0.8246
64,1,0.32845,-0.8629
64,1,0.32945,-0.8629
64,1,0.33046,-0.9013
64,1,0.33146,-0.9205
64,1,0.33246,-0.9396
64,1,0.33346,-0.978
64,1,0.33447,-1.0163
64,1,0.33547,-1.0163
64,1,0.33647,-1.0355
64,1,0.33747,-1.0547
64,1,0.33847,-1.0739
64,1,0.33947,-1.1122
64,1,0.34048,-1.1314
64,1,0.34147,-1.1697
64,1,0.34248,-1.1697
64,1,0.34348,-1.2081
64,1,0.34449,-1.2273
64,1,0.34549,-1.2273
64,1,0.34649,-1.2656
64,1,0.34749,-1.2848
64,1,0.3485,-1.304
64,1,0.34949,-1.3423
64,1,0.3505,-1.3615
64,1,0.35149,-1.3807
64,1,0.35251,-1.3999
64,1,0.3535,-1.419
64,1,0.3545,-1.4382
64,1,0.35551,-1.4574
64,1,0.35651,-1.4957
64,1,0.35751,-1.5149
64,1,0.35852,-1.5341
64,1,0.35952,-1.5724
64,1,0.36052,-1.5916
64,1,0.36152,-1.6108
64,1,0.36252,-1.63
64,1,0.36353,-1.6683
64,1,0.36453,-1.6875
64,1,0.36553,-1.7067
64,1,0.36654,-1.7259
64,1,0.36753,-1.745
64,1,0.36854,-1.7642
64,1,0.36954,-1.7834
64,1,0.37054,-1.8026
64,1,0.37154,-1.8217
64,1,0.37254,-1.8793
64,1,0.37354,-1.8984
64,1,0.37455,-1.9176
64,1,0.37555,-1.9368
64,1,0.37656,-1.956
64,1,0.37755,-1.956
64,1,0.37856,-1.9943
64,1,0.37956,-2.0135
64,1,0.38057,-2.0518
64,1,0.38156,-2.0902
64,1,0.38257,-2.1094
64,1,0.38356,-2.1477
64,1,0.38457,-2.1477
64,1,0.38556,-2.1861
64,1,0.38657,-2.1861
64,1,0.38757,-2.2244
64,1,0.38857,-2.2628
64,1,0.38957,-2.282
64,1,0.39058,-2.3011
64,1,0.39158,-2.3395
64,1,0.39259,-2.3395
64,1,0.39358,-2.397
64,1,0.39459,-2.4162
64,1,0.39559,-2.4162
64,1,0.3966,-2.4545
64,1,0.39759,-2.4737
64,1,0.3986,-2.4929
64,1,0.3996,-2.5504
64,1,0.40061,-2.5696
64,1,0.40161,-2.5888
64,1,0.40261,-2.608
64,1,0.4036,-2.6463
64,1,0.40462,-2.6463
64,1,0.40561,-2.6847
64,1,0.40662,-2.723
64,1,0.40762,-2.723
64,1,0.40862,-2.7422
64,1,0.40962,-2.7614
64,1,0.41063,-2.7997
64,1,0.41163,-2.8381
64,1,0.41263,-2.8381
64,1,0.41363,-2.8764
64,1,0.41464,-2.8956
64,1,0.41563,-2.9148
64,1,0.41664,-2.9531
64,1,0.41764,-2.9531
64,1,0.41864,-2.9915
64,1,0.41964,-3.0107
64,1,0.42065,-3.0298
64,1,0.42165,-3.049
64,1,0.42265,-3.0874
64,1,0.42365,-3.1065
64,1,0.42466,-3.1065
64,1,0.42566,-3.1449
64,1,0.42666,-3.1641
64,1,0.42766,-3.1832
64,1,0.42867,-3.2024
64,1,0.42967,-3.2216
64,1,0.43067,-3.2599
64,1,0.43167,-3.2791
64,1,0.43268,-3.2983
64,1,0.43366,-3.3175
64,1,0.43468,-3.3366
64,1,0.43566,-3.3366
64,1,0.43668,-3.3558
64,1,0.43768,-3.375
64,1,0.43869,-3.3942
64,1,0.43969,-3.4134
64,1,0.44067,-3.4325
64,1,0.44169,-3.4517
64,1,0.44269,-3.4709
64,1,0.4437,-3.4709
64,1,0.4447,-3.4709
64,1,0.44568,-3.5092
64,1,0.4467,-3.5092
64,1,0.4477,-3.5092
64,1,0.44869,-3.5476
64,1,0.44971,-3.5476
64,1,0.45071,-3.5668
64,1,0.45169,-3.5859
64,1,0.45272,-3.5859
64,1,0.45372,-3.5859
64,1,0.4547,-3.6243
64,1,0.45572,-3.6243
64,1,0.45672,-3.6243
64,1,0.45771,-3.6243
64,1,0.45873,-3.6243
64,1,0.45973,-3.6435
64,1,0.46072,-3.6626
64,1,0.46173,-3.6435
64,1,0.46274,-3.6626
64,1,0.46372,-3.6626
64,1,0.46472,-3.6818
64,1,0.46572,-3.6818
64,1,0.46673,-3.6818
64,1,0.46773,-3.6818
64,1,0.46875,-3.701
64,1,0.46975,-3.7202
64,1,0.47074,-3.701
64,1,0.47176,-3.7202
64,1,0.47276,-3.7202
64,1,0.47374,-3.7202
64,1,0.47476,-3.7202
64,1,0.47576,-3.7202
64,1,0.47675,-3.7202
64,1,0.47775,-3.7202
64,1,0.47877,-3.7393
64,1,0.47975,-3.7202
64,1,0.48076,-3.7202
64,1,0.48175,-3.7393
64,1,0.48278,-3.7202
64,1,0.48376,-3.7202
64,1,0.48476,-3.7202
64,1,0.48576,-3.7393
64,1,0.48679,-3.7393
64,1,0.48777,-3.7585
64,1,0.48877,-3.7393
64,1,0.48979,-3.7393
64,1,0.49078,-3.7393
64,1,0.49178,-3.7393
64,1,0.49278,-3.7393
64,1,0.4938,-3.7393
64,1,0.49479,-3.7393
64,1,0.49579,-3.7393
64,1,0.49681,-3.7393
64,1,0.49779,-3.7393
64,1,0.4988,-3.7393
64,1,0.49979,-3.7393
64,1,0.50082,-3.7585
64,1,0.5018,-3.7393
64,1,0.5028,-3.7202
64,1,0.50382,-3.7393
64,1,0.50481,-3.7393
64,1,0.50581,-3.7393
64,1,0.50683,-3.7393
64,1,0.50781,-3.7585
64,1,0.50881,-3.7202
64,1,0.50984,-3.7202
64,1,0.51082,-3.7202
64,1,0.51182,-3.7202
64,1,0.51284,-3.7393
64,1,0.51383,-3.7202
64,1,0.51483,-3.7393
64,1,0.51583,-3.7202
64,1,0.51685,-3.7202
64,1,0.51783,-3.7202
64,1,0.51884,-3.7202
64,1,0.51984,-3.7202
64,1,0.52086,-3.7393
64,1,0.52184,-3.7202
64,1,0.52285,-3.7202
64,1,0.52385,-3.7202
64,1,0.52487,-3.7202
64,1,0.52585,-3.7202
64,1,0.52685,-3.7202
64,1,0.52787,-3.7202
64,1,0.52886,-3.7202
64,1,0.52986,-3.7202
64,1,0.53088,-3.7202
64,1,0.53186,-3.7202
64,1,0.53287,-3.7202
64,1,0.53387,-3.701
64,1,0.53489,-3.7202
64,1,0.53587,-3.7202
64,1,0.53687,-3.701
64,1,0.5379,-3.701
64,1,0.53888,-3.701
64,1,0.53988,-3.701
64,1,0.54088,-3.701
64,1,0.54189,-3.701
64,1,0.54288,-3.701
64,1,0.54391,-3.6818
64,1,0.54489,-3.701
64,1,0.54589,-3.6818
64,1,0.54691,-3.701
64,1,0.5479,-3.701
64,1,0.5489,-3.6818
64,1,0.54992,-3.701
64,1,0.55091,-3.701
64,1,0.55191,-3.701
64,1,0.55293,-3.701
64,1,0.55391,-3.6818
64,1,0.55491,-3.6818
64,1,0.55591,-3.6818
64,1,0.55694,-3.701
64,1,0.55792,-3.701
64,1,0.55892,-3.701
64,1,0.55994,-3.6818
64,1,0.56093,-3.6818
64,1,0.56193,-3.6818
64,1,0.56295,-3.6818
64,1,0.56393,-3.6818
64,1,0.56493,-3.701
64,1,0.56595,-3.6818
64,1,0.56694,-3.6818
64,1,0.56794,-3.6818
64,1,0.56896,-3.6818
64,1,0.56995,-3.6818
64,1,0.57095,-3.701
64,1,0.57197,-3.6818
64,1,0.57295,-3.6818
64,1,0.57395,-3.6818
64,1,0.57495,-3.6818
64,1,0.57598,-3.701
64,1,0.57696,-3.6818
64,1,0.57796,-3.6818
64,1,0.57896,-3.6818
64,1,0.57998,-3.6818
64,1,0.58097,-3.6818
64,1,0.58197,-3.6818
64,1,0.58297,-3.6818
64,1,0.58398,-3.6818
64,1,0.58498,-3.6818
64,1,0.586,-3.6818
64,1,0.58698,-3.6818
64,1,0.58798,-3.6818
64,1,0.58899,-3.701
64,1,0.58999,-3.701
64,1,0.59101,-3.6818
64,1,0.59199,-3.6818
64,1,0.59299,-3.6818
64,1,0.59399,-3.6818
64,1,0.59502,-3.6818
64,1,0.596,-3.6818
64,1,0.597,-3.701
64,1,0.59802,-3.6818
64,1,0.59901,-3.701
64,1,0.60001,-3.701
64,1,0.60101,-3.701
64,1,0.60203,-3.6818
64,1,0.60302,-3.701
64,1,0.60402,-3.701
64,1,0.60504,-3.701
64,1,0.60602,-3.701
64,1,0.60702,-3.701
64,1,0.60804,-3.701
64,1,0.60903,-3.701
64,1,0.61003,-3.701
64,1,0.61105,-3.701
64,1,0.61203,-3.701
64,1,0.61303,-3.701
64,1,0.61406,-3.7202
64,1,0.61504,-3.701
64,1,0.61604,-3.701
64,1,0.61704,-3.701
64,1,0.61805,-3.7202
64,1,0.61905,-3.701
64,1,0.62007,-3.701
64,1,0.62105,-3.7202
64,1,0.62206,-3.7202
64,1,0.62306,-3.7202
64,1,0.62406,-3.7202
64,1,0.62508,-3.7202
64,1,0.62606,-3.7202
64,1,0.62707,-3.701
64,1,0.62807,-3.7202
64,1,0.62909,-3.7202
64,1,0.63007,-3.7202
64,1,0.63107,-3.7202
64,1,0.63209,-3.7202
64,1,0.63308,-3.7202
64,1,0.63408,-3.7202
64,1,0.6351,-3.7202
64,1,0.63609,-3.7202
64,1,0.63709,-3.7202
64,1,0.63811,-3.7202
64,1,0.63909,-3.7202
64,1,0.64009,-3.7202
64,1,0.64109,-3.7202
64,1,0.64212,-3.7202
64,1,0.6431,-3.7202
64,1,0.6441,-3.7202
64,1,0.64512,-3.7202
64,1,0.64611,-3.7202
64,1,0.64711,-3.7202
64,1,0.64811,-3.7202
64,1,0.64913,-3.7202
64,1,0.65011,-3.7202
64,1,0.65112,-3.7202
64,1,0.65214,-3.7202
64,1,0.65312,-3.7202
64,1,0.65412,-3.7202
64,1,0.65514,-3.7202
64,1,0.65613,-3.7202
64,1,0.65713,-3.7202
64,1,0.65815,-3.7202
64,1,0.65914,-3.7202
64,1,0.66013,-3.7202
64,1,0.66116,-3.7202
64,1,0.66214,-3.7202
64,1,0.66314,-3.7202
64,1,0.66414,-3.7202
64,1,0.66515,-3.7202
64,1,0.66615,-3.7202
64,1,0.66717,-3.7202
64,1,0.66815,-3.7202
64,1,0.66915,-3.7202
64,1,0.67018,-3.7202
64,1,0.67116,-3.7202
64,1,0.67216,-3.7202
64,1,0.67316,-3.7202
64,1,0.67418,-3.7202
64,1,0.67517,-3.7202
64,1,0.67617,-3.701
64,1,0.67719,-3.701
64,1,0.67817,-3.7202
64,1,0.67917,-3.7202
64,1,0.6802,-3.7202
64,1,0.68119,-3.701
64,1,0.68218,-3.7202
64,1,0.6832,-3.7202
64,1,0.68419,-3.7202
64,1,0.68519,-3.701
64,1,0.68621,-3.7202
64,1,0.68719,-3.701
64,1,0.68819,-3.701
64,1,0.68921,-3.701
64,1,0.6902,-3.701
64,1,0.6912,-3.701
64,1,0.69222,-3.701
64,1,0.6932,-3.7202
64,1,0.69421,-3.701
64,1,0.69523,-3.7202
64,1,0.69621,-3.701
64,1,0.69721,-3.701
64,1,0.69821,-3.701
64,1,0.69922,-3.701
64,1,0.70022,-3.701
64,1,0.70122,-3.701
64,1,0.70224,-3.6818
64,1,0.70323,-3.701
64,1,0.70423,-3.701
64,1,0.70525,-3.701
64,1,0.70623,-3.6818
64,1,0.70723,-3.701
64,1,0.70826,-3.6818
64,1,0.70924,-3.6818
64,1,0.71024,-3.6818
64,1,0.71124,-3.701
64,1,0.71223,-3.6818
64,1,0.71325,-3.6818
64,1,0.71423,-3.701
64,1,0.71525,-3.701
64,1,0.71624,-3.701
64,1,0.71726,-3.701
64,1,0.71824,-3.6818
64,1,0.71926,-3.6818
64,1,0.72025,-3.701
64,1,0.72126,-3.701
64,1,0.72225,-3.701
64,1,0.72327,-3.701
64,1,0.72425,-3.701
64,1,0.72527,-3.701
64,1,0.72626,-3.701
64,1,0.72728,-3.701
64,1,0.72826,-3.701
64,1,0.72928,-3.701
64,1,0.73027,-3.701
64,1,0.73128,-3.701
64,1,0.73227,-3.701
64,1,0.73329,-3.701
64,1,0.73428,-3.6818
64,1,0.7353,-3.6818
64,1,0.73628,-3.701
64,1,0.7373,-3.701
64,1,0.73828,-3.6818
64,1,0.73931,-3.701
64,1,0.74029,-3.6818
64,1,0.74131,-3.701
64,1,0.7424,-3.701
64,1,0.74342,-3.701
64,1,0.7444,-3.6818
64,1,0.74544,-3.701
64,1,0.74642,-3.701
64,1,0.74746,-3.701
64,1,0.74835,-3.701
64,1,0.7494,-3.701
64,1,0.75043,-3.701
64,1,0.7514,-3.701
64,1,0.7524,-3.6818
64,1,0.7534,-3.701
64,1,0.7544,-3.701
64,1,0.75534,-3.701
64,1,0.75634,-3.701
64,1,0.75732,-3.701
64,1,0.75834,-3.701
64,1,0.75933,-3.701
64,1,0.76035,-3.701
64,1,0.76133,-3.701
64,1,0.76235,-3.701
64,1,0.76333,-3.701
64,1,0.76433,-3.701
64,1,0.76535,-3.7202
64,1,0.76634,-3.701
64,1,0.76734,-3.7202
64,1,0.76836,-3.701
64,1,0.76935,-3.6818
64,1,0.77035,-3.7202
64,1,0.77135,-3.701
64,1,0.77235,-3.701
64,1,0.77335,-3.701
64,1,0.77437,-3.701
64,1,0.77536,-3.701
64,1,0.77636,-3.701
64,1,0.77737,-3.7202
64,1,0.77836,-3.701
64,1,0.77937,-3.7202
64,1,0.78037,-3.701
64,1,0.78136,-3.701
64,1,0.78238,-3.701
64,1,0.78337,-3.7202
64,1,0.78438,-3.701
64,1,0.78539,-3.701
64,1,0.78638,-3.701
64,1,0.78739,-3.7202
64,1,0.78838,-3.7202
64,1,0.78939,-3.701
64,1,0.79039,-3.7202
64,1,0.7914,-3.701
64,1,0.79239,-3.7202
64,1,0.7934,-3.7202
64,1,0.7944,-3.7202
64,1,0.79541,-3.7202
64,1,0.7964,-3.7202
64,1,0.79741,-3.701
64,1,0.79841,-3.7202
64,1,0.79941,-3.7202
64,1,0.80042,-3.701
64,1,0.80141,-3.701
64,1,0.80242,-3.7202
64,1,0.80342,-3.7202
64,1,0.80443,-3.7202
64,1,0.80541,-3.7202
64,1,0.80643,-3.7202
64,1,0.80743,-3.7202
64,1,0.80843,-3.7202
64,1,0.80943,-3.7202
64,1,0.81043,-3.7202
64,1,0.81143,-3.7202
64,1,0.81244,-3.7202
64,1,0.81344,-3.701
64,1,0.81444,-3.7202
64,1,0.81545,-3.701
64,1,0.81645,-3.701
64,1,0.81746,-3.7202
64,1,0.81845,-3.7202
64,1,0.81945,-3.701
64,1,0.82046,-3.7202
64,1,0.82146,-3.7202
64,1,0.82246,-3.7202
64,1,0.82346,-3.7202
64,1,0.82447,-3.7202
64,1,0.82547,-3.7202
64,1,0.82647,-3.701
64,1,0.82747,-3.7202
64,1,0.82847,-3.701
64,1,0.82948,-3.7202
64,1,0.83048,-3.7202
64,1,0.83148,-3.7202
64,1,0.83248,-3.7202
64,1,0.83348,-3.701
64,1,0.83449,-3.7202
64,1,0.83549,-3.7202
64,1,0.83649,-3.7202
64,1,0.83749,-3.701
64,1,0.8385,-3.701
64,1,0.8395,-3.701
64,1,0.8405,-3.701
64,1,0.8415,-3.7202
64,1,0.84251,-3.701
64,1,0.8435,-3.7202
64,1,0.84451,-3.701
64,1,0.84551,-3.701
64,1,0.84651,-3.701
64,1,0.84752,-3.7202
64,1,0.84852,-3.7202
64,1,0.84952,-3.701
64,1,0.85052,-3.701
64,1,0.85153,-3.701
64,1,0.85252,-3.701
64,1,0.85353,-3.701
64,1,0.85452,-3.7202
64,1,0.85553,-3.701
64,1,0.85653,-3.701
64,1,0.85753,-3.701
64,1,0.85854,-3.701
64,1,0.85954,-3.701
64,1,0.86054,-3.701
64,1,0.86154,-3.701
64,1,0.86255,-3.701
64,1,0.86354,-3.6818
64,1,0.86455,-3.701
64,1,0.86554,-3.7202
64,1,0.86656,-3.701
64,1,0.86756,-3.701
64,1,0.86856,-3.7202
64,1,0.86955,-3.701
64,1,0.87057,-3.701
64,1,0.87156,-3.701
64,1,0.87257,-3.701
64,1,0.87357,-3.701
64,1,0.87457,-3.701
64,1,0.87557,-3.7202
64,1,0.87657,-3.701
64,1,0.87758,-3.7202
64,1,0.87858,-3.701
64,1,0.87958,-3.701
64,1,0.88059,-3.701
64,1,0.88159,-3.701
64,1,0.88259,-3.701
64,1,0.88358,-3.701
64,1,0.8846,-3.701
64,1,0.88559,-3.701
64,1,0.8866,-3.701
64,1,0.88759,-3.701
64,1,0.8886,-3.701
64,1,0.8896,-3.701
64,1,0.89061,-3.701
64,1,0.89161,-3.6818
64,1,0.8926,-3.7202
64,1,0.89361,-3.701
64,1,0.89462,-3.701
64,1,0.89561,-3.701
64,1,0.89662,-3.701
64,1,0.89762,-3.701
64,1,0.89863,-3.7202
64,1,0.89962,-3.7202
64,1,0.90063,-3.7202
64,1,0.90163,-3.701
64,1,0.90263,-3.701
64,1,0.90363,-3.701
64,1,0.90464,-3.701
64,1,0.90563,-3.7202
64,1,0.90664,-3.701
64,1,0.90764,-3.701
64,1,0.90865,-3.701
64,1,0.90965,-3.701
64,1,0.91065,-3.7202
64,1,0.91165,-3.701
64,1,0.91265,-3.701
64,1,0.91366,-3.701
64,1,0.91466,-3.701
64,1,0.91566,-3.701
64,1,0.91666,-3.701
64,1,0.91767,-3.7202
64,1,0.91866,-3.701
64,1,0.91967,-3.701
64,1,0.92067,-3.7202
64,1,0.92167,-3.7202
64,1,0.92268,-3.701
64,1,0.92367,-3.701
64,1,0.92468,-3.6818
64,1,0.92568,-3.701
64,1,0.92669,-3.7202
64,1,0.92768,-3.7202
64,1,0.92869,-3.7202
64,1,0.92969,-3.7202
64,1,0.93069,-3.7202
64,1,0.93169,-3.701
64,1,0.9327,-3.701
64,1,0.9337,-3.701
64,1,0.9347,-3.701
64,1,0.9357,-3.7202
64,1,0.93671,-3.701
64,1,0.93771,-3.701
64,1,0.93871,-3.701
64,1,0.93971,-3.701
64,1,0.94071,-3.7202
64,1,0.94172,-3.7202
64,1,0.94272,-3.701
64,1,0.94372,-3.7202
64,1,0.94472,-3.701
64,1,0.94573,-3.7202
64,1,0.94672,-3.7202
64,1,0.94773,-3.7202
64,1,0.94873,-3.701
64,1,0.94973,-3.7202
64,1,0.95073,-3.7202
64,1,0.95174,-3.7202
64,1,0.95274,-3.701
64,1,0.95374,-3.701
64,1,0.95474,-3.7202
64,1,0.95575,-3.7202
64,1,0.95674,-3.701
64,1,0.95775,-3.7202
64,1,0.95875,-3.701
64,1,0.95976,-3.7202
64,1,0.96075,-3.7202
64,1,0.96176,-3.701
64,1,0.96276,-3.7202
64,1,0.96376,-3.7202
64,1,0.96476,-3.7202
64,1,0.96576,-3.701
64,1,0.96677,-3.7202
64,1,0.96777,-3.701
64,1,0.96877,-3.7202
64,1,0.96977,-3.7202
64,1,0.97078,-3.701
64,1,0.97178,-3.701
64,1,0.97278,-3.701
64,1,0.97378,-3.7202
64,1,0.97479,-3.7202
64,1,0.97579,-3.701
64,1,0.97679,-3.701
64,1,0.97779,-3.701
64,1,0.97879,-3.701
64,1,0.9798,-3.701
64,1,0.98079,-3.701
64,1,0.9818,-3.7202
64,1,0.9828,-3.701
64,1,0.9838,-3.7202
64,1,0.98481,-3.7202
64,1,0.98581,-3.7202
64,1,0.98681,-3.7202
64,1,0.98781,-3.701
64,1,0.98882,-3.7202
64,1,0.98981,-3.7202
64,1,0.99082,-3.701
64,1,0.99181,-3.7202
64,1,0.99282,-3.6818
64,1,0.99382,-3.7202
64,1,0.99483,-3.701
64,1,0.99582,-3.701
64,1,0.99683,-3.701
64,1,0.99783,-3.701
64,1,0.99881,-3.701
64,1,0.99983,-3.701
64,1,1.00082,-3.701
64,2,0.00096,4.5064
64,2,0.00198,4.5064
64,2,0.00297,4.5256
64,2,0.00388,4.4872
64,2,0.00488,4.5064
64,2,0.0059,4.5256
64,2,0.00689,4.5256
64,2,0.00791,4.5064
64,2,0.00889,4.5064
64,2,0.00989,4.5256
64,2,0.0109,4.4872
64,2,0.01188,4.5064
64,2,0.01291,4.5256
64,2,0.0139,4.5256
64,2,0.01492,4.5064
64,2,0.01583,4.5256
64,2,0.01685,4.5064
64,2,0.01784,4.5064
64,2,0.01885,4.5064
64,2,0.01985,4.5064
64,2,0.02087,4.5064
64,2,0.02184,4.5256
64,2,0.02286,4.5256
64,2,0.02385,4.5256
64,2,0.02487,4.5256
64,2,0.02585,4.5064
64,2,0.02687,4.5256
64,2,0.02785,4.5064
64,2,0.02887,4.5256
64,2,0.02986,4.5256
64,2,0.03088,4.4872
64,2,0.03186,4.5256
64,2,0.03288,4.5064
64,2,0.03387,4.5256
64,2,0.03489,4.5256
64,2,0.03587,4.5064
64,2,0.03689,4.5064
64,2,0.03787,4.5064
64,2,0.0389,4.5256
64,2,0.03988,4.5064
64,2,0.0409,4.5064
64,2,0.04188,4.5256
64,2,0.0429,4.5064
64,2,0.04389,4.5256
64,2,0.04491,4.5256
64,2,0.04589,4.5064
64,2,0.04691,4.5256
64,2,0.0479,4.5256
64,2,0.04892,4.5064
64,2,0.0499,4.5064
64,2,0.05092,4.5064
64,2,0.0519,4.5256
64,2,0.0529,4.5064
64,2,0.05391,4.5064
64,2,0.0549,4.5064
64,2,0.05591,4.5256
64,2,0.05691,4.5064
64,2,0.05791,4.5064
64,2,0.05892,4.5064
64,2,0.05992,4.5064
64,2,0.06092,4.5064
64,2,0.06192,4.4872
64,2,0.06292,4.4872
64,2,0.06393,4.5064
64,2,0.06492,4.5064
64,2,0.06593,4.4872
64,2,0.06693,4.4872
64,2,0.06793,4.468
64,2,0.06893,4.468
64,2,0.06994,4.468
64,2,0.07094,4.468
64,2,0.07194,4.468
64,2,0.07294,4.468
64,2,0.07395,4.468
64,2,0.07495,4.4489
64,2,0.07595,4.4297
64,2,0.07695,4.4297
64,2,0.07796,4.4105
64,2,0.07896,4.3913
64,2,0.07996,4.3913
64,2,0.08096,4.3722
64,2,0.08196,4.353
64,2,0.08296,4.353
64,2,0.08397,4.3338
64,2,0.08497,4.3338
64,2,0.08597,4.3146
64,2,0.08697,4.2955
64,2,0.08798,4.2763
64,2,0.08897,4.2571
64,2,0.08998,4.2571
64,2,0.09098,4.2188
64,2,0.09198,4.2188
64,2,0.09298,4.2188
64,2,0.09399,4.1996
64,2,0.09499,4.1804
64,2,0.09599,4.1612
64,2,0.09699,4.1229
64,2,0.098,4.1229
64,2,0.09899,4.0845
64,2,0.1,4.0845
64,2,0.101,4.0653
64,2,0.10201,4.0462
64,2,0.10301,4.027
64,2,0.10401,4.027
64,2,0.10501,3.9886
64,2,0.10602,3.9695
64,2,0.10701,3.9503
64,2,0.10802,3.9503
64,2,0.10901,3.9119
64,2,0.11002,3.8928
64,2,0.11102,3.8736
64,2,0.11203,3.8544
64,2,0.11302,3.8352
64,2,0.11403,3.8161
64,2,0.11503,3.7969
64,2,0.11603,3.7777
64,2,0.11703,3.7585
64,2,0.11804,3.7393
64,2,0.11904,3.7202
64,2,0.12004,3.6818
64,2,0.12104,3.6818
64,2,0.12204,3.6243
64,2,0.12304,3.5859
64,2,0.12405,3.5859
64,2,0.12505,3.5668
64,2,0.12605,3.5476
64,2,0.12705,3.5092
64,2,0.12806,3.5092
64,2,0.12906,3.4709
64,2,0.13006,3.4325
64,2,0.13106,3.4134
64,2,0.13207,3.3942
64,2,0.13307,3.375
64,2,0.13407,3.3558
64,2,0.13507,3.3175
64,2,0.13608,3.3175
64,2,0.13707,3.2791
64,2,0.13808,3.2408
64,2,0.13908,3.2024
64,2,0.14008,3.1832
64,2,0.14108,3.1641
64,2,0.14209,3.1449
64,2,0.14309,3.1257
64,2,0.14409,3.0874
64,2,0.14509,3.0682
64,2,0.1461,3.049
64,2,0.14709,3.0107
64,2,0.1481,2.9723
64,2,0.1491,2.9339
64,2,0.1501,2.9339
64,2,0.1511,2.8764
64,2,0.15211,2.8764
64,2,0.15311,2.8572
64,2,0.15411,2.8381
64,2,0.15511,2.7997
64,2,0.15611,2.7997
64,2,0.15711,2.7614
64,2,0.15811,2.723
64,2,0.15912,2.6847
64,2,0.16012,2.6655
64,2,0.16112,2.6655
64,2,0.16212,2.6271
64,2,0.16313,2.5888
64,2,0.16413,2.5888
64,2,0.16513,2.5504
64,2,0.16613,2.5504
64,2,0.16714,2.5121
64,2,0.16813,2.4737
64,2,0.16914,2.4545
64,2,0.17014,2.4162
64,2,0.17115,2.397
64,2,0.17215,2.3587
64,2,0.17315,2.3395
64,2,0.17415,2.3203
64,2,0.17516,2.282
64,2,0.17615,2.2628
64,2,0.17716,2.2436
64,2,0.17816,2.2053
64,2,0.17916,2.1669
64,2,0.18016,2.1477
64,2,0.18117,2.1094
64,2,0.18216,2.0902
64,2,0.18317,2.071
64,2,0.18417,2.071
64,2,0.18517,2.0327
64,2,0.18617,1.9943
64,2,0.18718,1.9751
64,2,0.18818,1.9368
64,2,0.18918,1.8984
64,2,0.19018,1.8793
64,2,0.19119,1.8409
64,2,0.19219,1.8409
64,2,0.19319,1.8217
64,2,0.19419,1.8026
64,2,0.1952,1.7642
64,2,0.19619,1.745
64,2,0.1972,1.6875
64,2,0.1982,1.6683
64,2,0.1992,1.63
64,2,0.2002,1.6108
64,2,0.20121,1.5916
64,2,0.20221,1.5724
64,2,0.20321,1.5533
64,2,0.20421,1.5341
64,2,0.20522,1.5149
64,2,0.20621,1.4766
64,2,0.20722,1.4766
64,2,0.20822,1.4382
64,2,0.20922,1.419
64,2,0.21022,1.3615
64,2,0.21123,1.3615
64,2,0.21223,1.3232
64,2,0.21323,1.2848
64,2,0.21423,1.2656
64,2,0.21524,1.2656
64,2,0.21623,1.2464
64,2,0.21724,1.2273
64,2,0.21824,1.1889
64,2,0.21924,1.1697
64,2,0.22024,1.1314
64,2,0.22125,1.1122
64,2,0.22225,1.093
64,2,0.22325,1.0739
64,2,0.22425,1.0355
64,2,0.22526,1.0355
64,2,0.22626,0.9972
64,2,0.22726,0.9972
64,2,0.22826,0.978
64,2,0.22927,0.9396
64,2,0.23027,0.9205
64,2,0.23127,0.9205
64,2,0.23227,0.8821
64,2,0.23327,0.8821
64,2,0.23427,0.8629
64,2,0.23528,0.8246
64,2,0.23628,0.8054
64,2,0.23728,0.7862
64,2,0.23829,0.767
64,2,0.23929,0.7479
64,2,0.24028,0.7287
64,2,0.24129,0.7095
64,2,0.24229,0.7095
64,2,0.24329,0.6712
64,2,0.24429,0.652
64,2,0.24529,0.6328
64,2,0.2463,0.6136
64,2,0.2473,0.5945
64,2,0.2483,0.5753
64,2,0.2493,0.5561
64,2,0.25031,0.5369
64,2,0.25131,0.5178
64,2,0.25231,0.4794
64,2,0.25331,0.4794
64,2,0.25431,0.4794
64,2,0.25531,0.4602
64,2,0.25632,0.4411
64,2,0.25732,0.4411
64,2,0.25832,0.4411
64,2,0.25933,0.4027
64,2,0.26033,0.3835
64,2,0.26132,0.3643
64,2,0.26233,0.3643
64,2,0.26333,0.3452
64,2,0.26433,0.3068
64,2,0.26534,0.2876
64,2,0.26634,0.2685
64,2,0.26734,0.2685
64,2,0.26834,0.2493
64,2,0.26935,0.2301
64,2,0.27034,0.2109
64,2,0.27135,0.2109
64,2,0.27234,0.1726
64,2,0.27335,0.1726
64,2,0.27435,0.1726
64,2,0.27536,0.1534
64,2,0.27636,0.1151
64,2,0.27736,0.1151
64,2,0.27835,0.0959
64,2,0.27937,0.0575
64,2,0.28037,0.0575
64,2,0.28137,0.0384
64,2,0.28237,0.0192
64,2,0.28337,0.0
64,2,0.28438,0.0
64,2,0.28538,-0.0384
64,2,0.28637,-0.0384
64,2,0.28736,-0.0767
64,2,0.28838,-0.0959
64,2,0.28936,-0.0959
64,2,0.29039,-0.1151
64,2,0.29137,-0.1342
64,2,0.29239,-0.1534
64,2,0.29337,-0.1918
64,2,0.2945,-0.1918
64,2,0.29538,-0.2109
64,2,0.29641,-0.2301
64,2,0.29738,-0.2493
64,2,0.29855,-0.2493
64,2,0.29939,-0.2876
64,2,0.30042,-0.2876
64,2,0.3014,-0.326
64,2,0.30241,-0.3452
64,2,0.30339,-0.3452
64,2,0.30441,-0.3835
64,2,0.30539,-0.4027
64,2,0.30642,-0.4027
64,2,0.30741,-0.4219
64,2,0.30842,-0.4411
64,2,0.30941,-0.4411
64,2,0.31042,-0.4794
64,2,0.31141,-0.5178
64,2,0.31243,-0.5178
64,2,0.31341,-0.5561
64,2,0.31444,-0.5561
64,2,0.31542,-0.5945
64,2,0.31643,-0.5945
64,2,0.31742,-0.6136
64,2,0.31844,-0.6328
64,2,0.31943,-0.652
64,2,0.32045,-0.7095
64,2,0.32142,-0.7095
64,2,0.32245,-0.7287
64,2,0.32343,-0.7479
64,2,0.32445,-0.7479
64,2,0.32544,-0.7862
64,2,0.32645,-0.8246
64,2,0.32744,-0.8246
64,2,0.32846,-0.8629
64,2,0.32944,-0.9013
64,2,0.33047,-0.9013
64,2,0.33145,-0.9396
64,2,0.33247,-0.9396
64,2,0.33345,-0.9588
64,2,0.33447,-0.978
64,2,0.33546,-1.0163
64,2,0.33648,-1.0355
64,2,0.33746,-1.0547
64,2,0.33848,-1.0739
64,2,0.33947,-1.093
64,2,0.34049,-1.1314
64,2,0.34147,-1.1314
64,2,0.34246,-1.1697
64,2,0.34348,-1.2081
64,2,0.34447,-1.2273
64,2,0.34547,-1.2464
64,2,0.34647,-1.2656
64,2,0.34747,-1.2848
64,2,0.34848,-1.304
64,2,0.34949,-1.3423
64,2,0.35048,-1.3423
64,2,0.35149,-1.3807
64,2,0.35249,-1.3999
64,2,0.3535,-1.4382
64,2,0.35449,-1.4574
64,2,0.3555,-1.4957
64,2,0.35649,-1.4957
64,2,0.3575,-1.4957
64,2,0.3585,-1.5341
64,2,0.35951,-1.5724
64,2,0.3605,-1.6108
64,2,0.36151,-1.6108
64,2,0.36251,-1.6491
64,2,0.36352,-1.6683
64,2,0.36451,-1.6875
64,2,0.36552,-1.7067
64,2,0.36651,-1.7259
64,2,0.36752,-1.7642
64,2,0.36852,-1.7642
64,2,0.36952,-1.8026
64,2,0.37053,-1.8409
64,2,0.37153,-1.8601
64,2,0.37253,-1.8984
64,2,0.37354,-1.9176
64,2,0.37453,-1.9368
64,2,0.37554,-1.956
64,2,0.37654,-1.956
64,2,0.37754,-1.9943
64,2,0.37855,-2.0135
64,2,0.37955,-2.0327
64,2,0.38055,-2.0518
64,2,0.38155,-2.0902
64,2,0.38255,-2.1094
64,2,0.38356,-2.1286
64,2,0.38455,-2.1477
64,2,0.38556,-2.1861
64,2,0.38655,-2.2053
64,2,0.38756,-2.2244
64,2,0.38856,-2.2628
64,2,0.38957,-2.2628
64,2,0.39057,-2.3011
64,2,0.39157,-2.3203
64,2,0.39257,-2.3587
64,2,0.39358,-2.3778
64,2,0.39458,-2.397
64,2,0.39558,-2.4354
64,2,0.39658,-2.4545
64,2,0.39759,-2.4737
64,2,0.39858,-2.5121
64,2,0.39959,-2.5312
64,2,0.40059,-2.5504
64,2,0.40159,-2.5696
64,2,0.40259,-2.608
64,2,0.4036,-2.608
64,2,0.4046,-2.6655
64,2,0.4056,-2.6847
64,2,0.4066,-2.7038
64,2,0.40761,-2.723
64,2,0.4086,-2.7422
64,2,0.40961,-2.7614
64,2,0.41061,-2.7997
64,2,0.41161,-2.8381
64,2,0.41259,-2.8572
64,2,0.41362,-2.8764
64,2,0.41461,-2.9148
64,2,0.41562,-2.9339
64,2,0.41662,-2.9531
64,2,0.41762,-2.9531
64,2,0.41862,-2.9915
64,2,0.41963,-3.0107
64,2,0.42063,-3.0298
64,2,0.42163,-3.0682
64,2,0.42263,-3.0682
64,2,0.42364,-3.0874
64,2,0.42463,-3.1257
64,2,0.42564,-3.1449
64,2,0.42664,-3.1832
64,2,0.42765,-3.1832
64,2,0.42864,-3.2216
64,2,0.42965,-3.2408
64,2,0.43065,-3.2599
64,2,0.43165,-3.2599
64,2,0.43265,-3.2791
64,2,0.43366,-3.3175
64,2,0.43466,-3.3175
64,2,0.43566,-3.3558
64,2,0.43666,-3.3558
64,2,0.43767,-3.375
64,2,0.43867,-3.3942
64,2,0.43967,-3.3942
64,2,0.44067,-3.4134
64,2,0.44168,-3.4325
64,2,0.44267,-3.4325
64,2,0.44368,-3.4709
64,2,0.44468,-3.4901
64,2,0.44568,-3.5092
64,2,0.44668,-3.5092
64,2,0.44769,-3.5092
64,2,0.44869,-3.5284
64,2,0.44969,-3.5476
64,2,0.45069,-3.5476
64,2,0.4517,-3.5859
64,2,0.45269,-3.5859
64,2,0.4537,-3.5859
64,2,0.45469,-3.6243
64,2,0.4557,-3.6243
64,2,0.4567,-3.6243
64,2,0.45771,-3.6243
64,2,0.4587,-3.6243
64,2,0.45971,-3.6243
64,2,0.46071,-3.6435
64,2,0.46171,-3.6435
64,2,0.46271,-3.6626
64,2,0.46372,-3.6818
64,2,0.46472,-3.6818
64,2,0.46572,-3.6818
64,2,0.46672,-3.6818
64,2,0.46773,-3.6818
64,2,0.46873,-3.701
64,2,0.46973,-3.7202
64,2,0.47073,-3.7202
64,2,0.47174,-3.701
64,2,0.47273,-3.7202
64,2,0.47374,-3.7202
64,2,0.47474,-3.7202
64,2,0.47574,-3.7202
64,2,0.47674,-3.7202
64,2,0.47775,-3.7202
64,2,0.47875,-3.7202
64,2,0.47975,-3.7202
64,2,0.48075,-3.7393
64,2,0.48176,-3.7585
64,2,0.48275,-3.7202
64,2,0.48376,-3.7202
64,2,0.48476,-3.7202
64,2,0.48577,-3.7393
64,2,0.4869,-3.7202
64,2,0.48777,-3.7202
64,2,0.48878,-3.7585
64,2,0.48978,-3.7202
64,2,0.49078,-3.7393
64,2,0.49178,-3.7202
64,2,0.49279,-3.7393
64,2,0.49378,-3.7202
64,2,0.49478,-3.7393
64,2,0.49578,-3.7202
64,2,0.49679,-3.7202
64,2,0.49779,-3.7202
64,2,0.49879,-3.7393
64,2,0.49979,-3.7585
64,2,0.50079,-3.7202
64,2,0.50179,-3.7393
64,2,0.5028,-3.7393
64,2,0.5038,-3.7202
64,2,0.5048,-3.7202
64,2,0.5058,-3.7393
64,2,0.50681,-3.7393
64,2,0.50781,-3.7393
64,2,0.50881,-3.7393
64,2,0.50981,-3.7585
64,2,0.51082,-3.7202
64,2,0.51181,-3.7202
64,2,0.51282,-3.7393
64,2,0.51382,-3.7202
64,2,0.51482,-3.7393
64,2,0.51582,-3.7393
64,2,0.51683,-3.7202
64,2,0.51783,-3.7393
64,2,0.51883,-3.7202
64,2,0.51983,-3.7202
64,2,0.52084,-3.7202
64,2,0.52183,-3.7202
64,2,0.52284,-3.7202
64,2,0.52384,-3.7202
64,2,0.52484,-3.7202
64,2,0.52584,-3.7202
64,2,0.52685,-3.7202
64,2,0.52785,-3.7202
64,2,0.52885,-3.7202
64,2,0.52985,-3.7202
64,2,0.53086,-3.7202
64,2,0.53186,-3.7202
64,2,0.53286,-3.7202
64,2,0.53386,-3.7202
64,2,0.53487,-3.7202
64,2,0.53586,-3.701
64,2,0.53687,-3.7202
64,2,0.53787,-3.701
64,2,0.53887,-3.701
64,2,0.53987,-3.701
64,2,0.54088,-3.701
64,2,0.54188,-3.701
64,2,0.54288,-3.701
64,2,0.54388,-3.7202
64,2,0.54489,-3.6818
64,2,0.54588,-3.701
64,2,0.54689,-3.6818
64,2,0.54789,-3.6818
64,2,0.5489,-3.6818
64,2,0.54989,-3.701
64,2,0.5509,-3.701
64,2,0.5519,-3.701
64,2,0.5529,-3.701
64,2,0.55391,-3.6818
64,2,0.55491,-3.701
64,2,0.5559,-3.701
64,2,0.55691,-3.701
64,2,0.55791,-3.6818
64,2,0.55891,-3.6818
64,2,0.55991,-3.6818
64,2,0.56092,-3.6818
64,2,0.56192,-3.701
64,2,0.56292,-3.6818
64,2,0.56392,-3.6818
64,2,0.56493,-3.6818
64,2,0.56592,-3.701
64,2,0.56693,-3.6818
64,2,0.56793,-3.6818
64,2,0.56894,-3.6818
64,2,0.56993,-3.6818
64,2,0.57094,-3.6818
64,2,0.57194,-3.6818
64,2,0.57294,-3.6818
64,2,0.57394,-3.6818
64,2,0.57495,-3.6818
64,2,0.57594,-3.6818
64,2,0.57693,-3.6818
64,2,0.57795,-3.6818
64,2,0.57893,-3.701
64,2,0.57995,-3.6818
64,2,0.58094,-3.6818
64,2,0.58196,-3.6818
64,2,0.58294,-3.6818
64,2,0.58396,-3.6818
64,2,0.58495,-3.6818
64,2,0.58596,-3.6818
64,2,0.58695,-3.6818
64,2,0.58797,-3.6818
64,2,0.58895,-3.6818
64,2,0.58997,-3.6818
64,2,0.59096,-3.6818
64,2,0.59198,-3.6818
64,2,0.59296,-3.6818
64,2,0.59398,-3.6818
64,2,0.59497,-3.6818
64,2,0.59599,-3.6818
64,2,0.59697,-3.701
64,2,0.59799,-3.6818
64,2,0.59898,-3.6818
64,2,0.59999,-3.701
64,2,0.60098,-3.6818
64,2,0.602,-3.701
64,2,0.60298,-3.701
64,2,0.604,-3.6818
64,2,0.60499,-3.6818
64,2,0.60601,-3.6818
64,2,0.60699,-3.701
64,2,0.60801,-3.701
64,2,0.609,-3.701
64,2,0.61001,-3.7202
64,2,0.611,-3.701
64,2,0.61202,-3.701
64,2,0.613,-3.6818
64,2,0.61402,-3.701
64,2,0.61501,-3.701
64,2,0.61603,-3.701
64,2,0.61701,-3.701
64,2,0.61803,-3.7202
64,2,0.61902,-3.701
64,2,0.62003,-3.7202
64,2,0.62102,-3.7202
64,2,0.62204,-3.701
64,2,0.62302,-3.701
64,2,0.62404,-3.7202
64,2,0.62503,-3.701
64,2,0.62605,-3.7202
64,2,0.62703,-3.701
64,2,0.62805,-3.701
64,2,0.62904,-3.7202
64,2,0.63005,-3.7202
64,2,0.63104,-3.7202
64,2,0.63204,-3.7202
64,2,0.63304,-3.7202
64,2,0.63404,-3.7202
64,2,0.63505,-3.7202
64,2,0.63605,-3.7202
64,2,0.63705,-3.7202
64,2,0.63805,-3.7202
64,2,0.63906,-3.7202
64,2,0.64005,-3.7202
64,2,0.64106,-3.7202
64,2,0.64206,-3.7202
64,2,0.64307,-3.7202
64,2,0.64406,-3.701
64,2,0.64507,-3.7202
64,2,0.64607,-3.7202
64,2,0.64707,-3.7202
64,2,0.64807,-3.7202
64,2,0.64908,-3.7202
64,2,0.65007,-3.7202
64,2,0.65108,-3.7202
64,2,0.65208,-3.7202
64,2,0.65309,-3.7202
64,2,0.65408,-3.7202
64,2,0.65509,-3.7202
64,2,0.65609,-3.7202
64,2,0.65709,-3.7202
64,2,0.65809,-3.7202
64,2,0.6591,-3.7202
64,2,0.6601,-3.7202
64,2,0.6611,-3.7202
64,2,0.6621,-3.7202
64,2,0.66311,-3.7202
64,2,0.6641,-3.7202
64,2,0.66511,-3.7202
64,2,0.66611,-3.7202
64,2,0.66711,-3.7202
64,2,0.66811,-3.7202
64,2,0.66912,-3.7202
64,2,0.67011,-3.7202
64,2,0.67112,-3.7202
64,2,0.67212,-3.7202
64,2,0.67313,-3.7202
64,2,0.67412,-3.7202
64,2,0.67513,-3.7202
64,2,0.67613,-3.7202
64,2,0.67713,-3.7202
64,2,0.67813,-3.7202
64,2,0.67914,-3.7202
64,2,0.68014,-3.7202
64,2,0.68114,-3.7202
64,2,0.68214,-3.7202
64,2,0.68315,-3.701
64,2,0.68414,-3.7202
64,2,0.68515,-3.7202
64,2,0.68615,-3.7202
64,2,0.68715,-3.701
64,2,0.68815,-3.7202
64,2,0.68916,-3.701
64,2,0.69016,-3.701
64,2,0.69116,-3.7202
64,2,0.69216,-3.701
64,2,0.69317,-3.701
64,2,0.69416,-3.701
64,2,0.69517,-3.701
64,2,0.69617,-3.701
64,2,0.69718,-3.701
64,2,0.69817,-3.701
64,2,0.69918,-3.7202
64,2,0.70018,-3.701
64,2,0.70118,-3.701
64,2,0.70218,-3.701
64,2,0.70319,-3.701
64,2,0.70418,-3.701
64,2,0.70519,-3.701
64,2,0.70619,-3.701
64,2,0.70719,-3.6818
64,2,0.70819,-3.701
64,2,0.7092,-3.701
64,2,0.7102,-3.701
64,2,0.7112,-3.6818
64,2,0.7122,-3.701
64,2,0.71321,-3.701
64,2,0.71421,-3.701
64,2,0.71521,-3.701
64,2,0.71621,-3.701
64,2,0.71722,-3.7202
64,2,0.71821,-3.701
64,2,0.71922,-3.6818
64,2,0.72022,-3.6818
64,2,0.72122,-3.701
64,2,0.72222,-3.6818
64,2,0.72323,-3.701
64,2,0.72423,-3.6818
64,2,0.72523,-3.6818
64,2,0.72623,-3.701
64,2,0.72724,-3.701
64,2,0.72823,-3.701
64,2,0.72924,-3.6818
64,2,0.73024,-3.701
64,2,0.73124,-3.6818
64,2,0.73224,-3.6818
64,2,0.73325,-3.6818
64,2,0.73425,-3.701
64,2,0.73525,-3.701
64,2,0.73625,-3.701
64,2,0.73726,-3.6818
64,2,0.73826,-3.701
64,2,0.73926,-3.6818
64,2,0.74026,-3.701
64,2,0.74127,-3.6818
64,2,0.7424,-3.701
64,2,0.74327,-3.701
64,2,0.74427,-3.701
64,2,0.74527,-3.6818
64,2,0.74627,-3.6818
64,2,0.74728,-3.701
64,2,0.74828,-3.6818
64,2,0.74928,-3.701
64,2,0.75028,-3.701
64,2,0.75128,-3.701
64,2,0.75228,-3.701
64,2,0.75329,-3.701
64,2,0.75428,-3.701
64,2,0.75529,-3.701
64,2,0.75629,-3.701
64,2,0.75729,-3.6818
64,2,0.75829,-3.701
64,2,0.7593,-3.701
64,2,0.7603,-3.701
64,2,0.7613,-3.701
64,2,0.7623,-3.701
64,2,0.7633,-3.701
64,2,0.7643,-3.701
64,2,0.76531,-3.701
64,2,0.7663,-3.701
64,2,0.76731,-3.701
64,2,0.76831,-3.701
64,2,0.76932,-3.701
64,2,0.77031,-3.6818
64,2,0.77132,-3.701
64,2,0.77232,-3.701
64,2,0.77332,-3.701
64,2,0.77432,-3.701
64,2,0.77533,-3.701
64,2,0.77633,-3.7202
64,2,0.77734,-3.701
64,2,0.77833,-3.701
64,2,0.77934,-3.7202
64,2,0.78033,-3.7202
64,2,0.78134,-3.701
64,2,0.78234,-3.701
64,2,0.78335,-3.701
64,2,0.78434,-3.701
64,2,0.78535,-3.701
64,2,0.78635,-3.7202
64,2,0.78735,-3.701
64,2,0.78835,-3.701
64,2,0.78936,-3.7202
64,2,0.79036,-3.7202
64,2,0.79136,-3.701
64,2,0.79236,-3.7202
64,2,0.79337,-3.7202
64,2,0.79436,-3.701
64,2,0.79537,-3.701
64,2,0.79637,-3.7202
64,2,0.79737,-3.701
64,2,0.79837,-3.7202
64,2,0.79938,-3.701
64,2,0.80037,-3.701
64,2,0.80138,-3.7202
64,2,0.80238,-3.7202
64,2,0.80339,-3.701
64,2,0.80438,-3.7202
64,2,0.80539,-3.7202
64,2,0.80639,-3.7202
64,2,0.80739,-3.701
64,2,0.80839,-3.7202
64,2,0.80941,-3.7202
64,2,0.8104,-3.7202
64,2,0.8114,-3.7202
64,2,0.81241,-3.7202
64,2,0.81341,-3.7202
64,2,0.8144,-3.7202
64,2,0.81542,-3.7202
64,2,0.81641,-3.7202
64,2,0.81742,-3.701
64,2,0.81842,-3.7202
64,2,0.81943,-3.701
64,2,0.82042,-3.701
64,2,0.82143,-3.7202
64,2,0.82242,-3.7202
64,2,0.82343,-3.7202
64,2,0.82442,-3.701
64,2,0.82544,-3.7202
64,2,0.82644,-3.701
64,2,0.82744,-3.701
64,2,0.82844,-3.701
64,2,0.82945,-3.701
64,2,0.83044,-3.7202
64,2,0.83145,-3.701
64,2,0.83245,-3.701
64,2,0.83345,-3.7202
64,2,0.83445,-3.701
64,2,0.83546,-3.701
64,2,0.83646,-3.701
64,2,0.83746,-3.701
64,2,0.83846,-3.701
64,2,0.83947,-3.7202
64,2,0.84046,-3.701
64,2,0.84147,-3.701
64,2,0.84247,-3.7202
64,2,0.84347,-3.701
64,2,0.84446,-3.701
64,2,0.84548,-3.701
64,2,0.84647,-3.701
64,2,0.84748,-3.701
64,2,0.84848,-3.701
64,2,0.84949,-3.701
64,2,0.85048,-3.701
64,2,0.85149,-3.701
64,2,0.85249,-3.701
64,2,0.85349,-3.701
64,2,0.85449,-3.701
64,2,0.85549,-3.701
64,2,0.8565,-3.701
64,2,0.8575,-3.701
64,2,0.85851,-3.6818
64,2,0.8595,-3.7202
64,2,0.86051,-3.7202
64,2,0.86151,-3.7202
64,2,0.86251,-3.7202
64,2,0.86351,-3.701
64,2,0.8645,-3.6818
64,2,0.86551,-3.701
64,2,0.86651,-3.701
64,2,0.86752,-3.701
64,2,0.86852,-3.701
64,2,0.86951,-3.701
64,2,0.87052,-3.701
64,2,0.87153,-3.6818
64,2,0.87253,-3.7202
64,2,0.87352,-3.701
64,2,0.87453,-3.701
64,2,0.87554,-3.701
64,2,0.87654,-3.701
64,2,0.87752,-3.701
64,2,0.87854,-3.701
64,2,0.87954,-3.701
64,2,0.88053,-3.701
64,2,0.88155,-3.7202
64,2,0.88255,-3.701
64,2,0.88353,-3.701
64,2,0.88455,-3.701
64,2,0.88555,-3.7202
64,2,0.88653,-3.701
64,2,0.88756,-3.701
64,2,0.88856,-3.701
64,2,0.88955,-3.701
64,2,0.89057,-3.701
64,2,0.89157,-3.701
64,2,0.89255,-3.701
64,2,0.89357,-3.701
64,2,0.89457,-3.7202
64,2,0.89556,-3.701
64,2,0.89658,-3.701
64,2,0.89758,-3.701
64,2,0.89856,-3.701
64,2,0.89959,-3.701
64,2,0.90058,-3.7202
64,2,0.90157,-3.6818
64,2,0.90259,-3.701
64,2,0.90359,-3.701
64,2,0.90458,-3.701
64,2,0.9056,-3.6818
64,2,0.9066,-3.701
64,2,0.90758,-3.7202
64,2,0.90858,-3.701
64,2,0.9096,-3.7202
64,2,0.91059,-3.701
64,2,0.91159,-3.701
64,2,0.91261,-3.701
64,2,0.9136,-3.701
64,2,0.9146,-3.701
64,2,0.91562,-3.701
64,2,0.9166,-3.7202
64,2,0.9176,-3.701
64,2,0.91862,-3.701
64,2,0.91961,-3.701
64,2,0.92061,-3.7202
64,2,0.92163,-3.7202
64,2,0.92262,-3.701
64,2,0.92361,-3.701
64,2,0.92464,-3.701
64,2,0.92562,-3.701
64,2,0.92662,-3.701
64,2,0.92764,-3.701
64,2,0.92864,-3.7202
64,2,0.92963,-3.7202
64,2,0.93063,-3.701
64,2,0.93165,-3.7202
64,2,0.93264,-3.701
64,2,0.93363,-3.701
64,2,0.93466,-3.7202
64,2,0.93564,-3.7202
64,2,0.93664,-3.701
64,2,0.93766,-3.7202
64,2,0.93865,-3.701
64,2,0.93965,-3.7202
64,2,0.94067,-3.6818
64,2,0.94165,-3.701
64,2,0.94265,-3.701
64,2,0.94367,-3.701
64,2,0.94466,-3.701
64,2,0.94566,-3.701
64,2,0.94668,-3.701
64,2,0.94766,-3.701
64,2,0.94866,-3.7202
64,2,0.94969,-3.701
64,2,0.95067,-3.701
64,2,0.95167,-3.701
64,2,0.95269,-3.701
64,2,0.95368,-3.701
64,2,0.95468,-3.7202
64,2,0.9557,-3.7202
64,2,0.95668,-3.701
64,2,0.95768,-3.701
64,2,0.9587,-3.701
64,2,0.95969,-3.701
64,2,0.96069,-3.7202
64,2,0.96171,-3.701
64,2,0.9627,-3.701
64,2,0.96369,-3.7202
64,2,0.96472,-3.701
64,2,0.9657,-3.701
64,2,0.9667,-3.701
64,2,0.96772,-3.7202
64,2,0.96871,-3.7202
64,2,0.96971,-3.701
64,2,0.97073,-3.701
64,2,0.97171,-3.701
64,2,0.97271,-3.701
64,2,0.97374,-3.701
64,2,0.97473,-3.701
64,2,0.97572,-3.701
64,2,0.97674,-3.701
64,2,0.97772,-3.701
64,2,0.97872,-3.701
64,2,0.97975,-3.701
64,2,0.98073,-3.701
64,2,0.98173,-3.7202
64,2,0.98275,-3.701
64,2,0.98374,-3.701
64,2,0.98474,-3.701
64,2,0.98576,-3.701
64,2,0.98674,-3.701
64,2,0.98774,-3.7202
64,2,0.98874,-3.7202
64,2,0.98975,-3.701
64,2,0.99075,-3.701
64,2,0.99177,-3.701
64,2,0.99276,-3.701
64,2,0.99376,-3.6818
64,2,0.99478,-3.7202
64,2,0.99576,-3.701
64,2,0.99676,-3.701
64,2,0.99778,-3.701
64,2,0.99877,-3.701
64,2,0.99977,-3.701
64,2,1.00079,-3.701
128,1,0.001,4.4105
128,1,0.00196,4.4105
128,1,0.00288,4.4105
128,1,0.00389,4.4105
128,1,0.00487,4.4105
128,1,0.00589,4.4105
128,1,0.00688,4.4105
128,1,0.00788,4.4297
128,1,0.00898,4.4105
128,1,0.00986,4.4105
128,1,0.01088,4.4105
128,1,0.01181,4.4105
128,1,0.01281,4.4297
128,1,0.01381,4.4105
128,1,0.01481,4.4297
128,1,0.01582,4.4105
128,1,0.01682,4.4297
128,1,0.01782,4.4105
128,1,0.01882,4.4105
128,1,0.01982,4.4105
128,1,0.02083,4.4105
128,1,0.02183,4.4105
128,1,0.02283,4.4297
128,1,0.02383,4.4105
128,1,0.02483,4.4105
128,1,0.02583,4.4105
128,1,0.02684,4.4105
128,1,0.02784,4.4105
128,1,0.02884,4.4105
128,1,0.02985,4.4105
128,1,0.03084,4.4105
128,1,0.03184,4.4105
128,1,0.03285,4.4297
128,1,0.03385,4.4105
128,1,0.03485,4.4105
128,1,0.03586,4.4105
128,1,0.03685,4.4105
128,1,0.03786,4.4105
128,1,0.03886,4.4105
128,1,0.03986,4.4105
128,1,0.04086,4.4105
128,1,0.04187,4.4105
128,1,0.04287,4.4105
128,1,0.04388,4.4105
128,1,0.04487,4.4105
128,1,0.04588,4.4105
128,1,0.04687,4.4105
128,1,0.04788,4.4105
128,1,0.04888,4.3913
128,1,0.04988,4.3913
128,1,0.05088,4.3722
128,1,0.05188,4.3913
128,1,0.05289,4.3913
128,1,0.05389,4.3722
128,1,0.05489,4.353
128,1,0.0559,4.353
128,1,0.0569,4.3338
128,1,0.0579,4.3146
128,1,0.0589,4.3146
128,1,0.05991,4.2955
128,1,0.0609,4.2763
128,1,0.06191,4.2763
128,1,0.06291,4.2571
128,1,0.06391,4.2379
128,1,0.06491,4.2379
128,1,0.06592,4.2188
128,1,0.06692,4.1804
128,1,0.06792,4.1804
128,1,0.06892,4.1804
128,1,0.06992,4.1612
128,1,0.07093,4.142
128,1,0.07192,4.1037
128,1,0.07293,4.1037
128,1,0.07393,4.0845
128,1,0.07493,4.0462
128,1,0.07593,4.0462
128,1,0.07693,4.0078
128,1,0.07794,3.9886
128,1,0.07894,3.9886
128,1,0.07994,3.9311
128,1,0.08094,3.9311
128,1,0.08195,3.8928
128,1,0.08295,3.8928
128,1,0.08395,3.8544
128,1,0.08495,3.8544
128,1,0.08595,3.8161
128,1,0.08696,3.7969
128,1,0.08795,3.7777
128,1,0.08897,3.7393
128,1,0.08996,3.7393
128,1,0.09097,3.6818
128,1,0.09196,3.6818
128,1,0.09297,3.6626
128,1,0.09397,3.6435
128,1,0.09497,3.6051
128,1,0.09597,3.6051
128,1,0.09698,3.5668
128,1,0.09797,3.5284
128,1,0.09898,3.5092
128,1,0.09998,3.4901
128,1,0.10098,3.4901
128,1,0.10198,3.4517
128,1,0.10298,3.4325
128,1,0.10399,3.3942
128,1,0.10499,3.3942
128,1,0.10599,3.3558
128,1,0.10699,3.3558
128,1,0.108,3.3175
128,1,0.109,3.2791
128,1,0.11,3.2791
128,1,0.111,3.2408
128,1,0.11201,3.2216
128,1,0.11301,3.2024
128,1,0.11401,3.1832
128,1,0.11503,3.1641
128,1,0.11601,3.1065
128,1,0.11702,3.1065
128,1,0.11802,3.0682
128,1,0.11902,3.0298
128,1,0.12002,3.0107
128,1,0.12102,2.9915
128,1,0.12202,2.9531
128,1,0.12302,2.9531
128,1,0.12403,2.9148
128,1,0.12503,2.9148
128,1,0.12603,2.8764
128,1,0.12703,2.8764
128,1,0.12803,2.8381
128,1,0.12902,2.8189
128,1,0.13004,2.7997
128,1,0.13102,2.7614
128,1,0.13204,2.723
128,1,0.13303,2.7038
128,1,0.13405,2.6847
128,1,0.13503,2.6847
128,1,0.13605,2.6655
128,1,0.13703,2.608
128,1,0.13805,2.5888
128,1,0.13904,2.5696
128,1,0.14006,2.5504
128,1,0.14104,2.5121
128,1,0.14206,2.4737
128,1,0.14305,2.4545
128,1,0.14406,2.4545
128,1,0.14505,2.4354
128,1,0.14607,2.4162
128,1,0.14705,2.3587
128,1,0.14807,2.3395
128,1,0.14906,2.3011
128,1,0.15008,2.3011
128,1,0.15106,2.2628
128,1,0.15208,2.2244
128,1,0.15306,2.2244
128,1,0.15409,2.1861
128,1,0.15507,2.1669
128,1,0.15609,2.1286
128,1,0.15707,2.1286
128,1,0.15809,2.0902
128,1,0.15908,2.071
128,1,0.1601,2.0327
128,1,0.16108,2.0135
128,1,0.1621,1.9943
128,1,0.16308,1.9751
128,1,0.1641,1.956
128,1,0.16509,1.9368
128,1,0.16611,1.8984
128,1,0.16709,1.8793
128,1,0.16811,1.8793
128,1,0.1691,1.8217
128,1,0.17012,1.8026
128,1,0.1711,1.7642
128,1,0.17212,1.745
128,1,0.1731,1.7259
128,1,0.17412,1.7067
128,1,0.17511,1.6875
128,1,0.17613,1.6683
128,1,0.17711,1.6491
128,1,0.17813,1.63
128,1,0.17912,1.5916
128,1,0.18014,1.5724
128,1,0.18112,1.5341
128,1,0.18214,1.5149
128,1,0.18312,1.4957
128,1,0.18412,1.4957
128,1,0.18513,1.4766
128,1,0.18612,1.4574
128,1,0.18713,1.419
128,1,0.18813,1.3807
128,1,0.18913,1.3807
128,1,0.19013,1.3423
128,1,0.19114,1.3232
128,1,0.19214,1.304
128,1,0.19314,1.2848
128,1,0.19414,1.2656
128,1,0.19515,1.2464
128,1,0.19614,1.2273
128,1,0.19715,1.2081
128,1,0.19815,1.1697
128,1,0.19915,1.1506
128,1,0.20015,1.1314
128,1,0.20116,1.1122
128,1,0.20216,1.093
128,1,0.20316,1.0739
128,1,0.20416,1.0739
128,1,0.20517,1.0355
128,1,0.20616,1.0163
128,1,0.20717,1.0163
128,1,0.20817,0.978
128,1,0.20917,0.9588
128,1,0.21017,0.9588
128,1,0.21118,0.9396
128,1,0.21218,0.9205
128,1,0.21318,0.9013
128,1,0.21418,0.8821
128,1,0.21519,0.8629
128,1,0.21618,0.8629
128,1,0.21719,0.8246
128,1,0.21819,0.8246
128,1,0.21919,0.8054
128,1,0.22019,0.767
128,1,0.2212,0.7479
128,1,0.2222,0.7287
128,1,0.2232,0.7095
128,1,0.2242,0.7095
128,1,0.22521,0.6712
128,1,0.2262,0.6712
128,1,0.22721,0.6328
128,1,0.22821,0.6136
128,1,0.22921,0.5945
128,1,0.23021,0.5753
128,1,0.23122,0.5561
128,1,0.23222,0.5178
128,1,0.23322,0.5178
128,1,0.23422,0.4986
128,1,0.23523,0.4794
128,1,0.23622,0.4794
128,1,0.23723,0.4794
128,1,0.23823,0.4411
128,1,0.23923,0.4219
128,1,0.24023,0.4027
128,1,0.24124,0.3835
128,1,0.24224,0.3643
128,1,0.24324,0.3452
128,1,0.24424,0.326
128,1,0.24524,0.326
128,1,0.24624,0.3068
128,1,0.24725,0.2685
128,1,0.24825,0.2685
128,1,0.24925,0.2301
128,1,0.25025,0.2109
128,1,0.25126,0.1918
128,1,0.25226,0.1918
128,1,0.25326,0.1918
128,1,0.25426,0.1534
128,1,0.25526,0.1342
128,1,0.25626,0.1151
128,1,0.25727,0.0959
128,1,0.25827,0.0767
128,1,0.25927,0.0384
128,1,0.26027,0.0384
128,1,0.26128,0.0
128,1,0.26227,-0.0192
128,1,0.26328,-0.0384
128,1,0.26428,-0.0575
128,1,0.2653,-0.0575
128,1,0.26628,-0.0959
128,1,0.26729,-0.0959
128,1,0.26828,-0.1151
128,1,0.26929,-0.1342
128,1,0.27029,-0.1726
128,1,0.2713,-0.1918
128,1,0.27229,-0.2109
128,1,0.2733,-0.2301
128,1,0.2743,-0.2493
128,1,0.27531,-0.2876
128,1,0.2763,-0.2876
128,1,0.27731,-0.2876
128,1,0.27831,-0.326
128,1,0.27931,-0.3452
128,1,0.28031,-0.3835
128,1,0.28132,-0.4027
128,1,0.28231,-0.4219
128,1,0.28332,-0.4411
128,1,0.28432,-0.4602
128,1,0.28532,-0.4794
128,1,0.28632,-0.4794
128,1,0.28733,-0.5178
128,1,0.28832,-0.5369
128,1,0.28933,-0.5753
128,1,0.29033,-0.5945
128,1,0.29133,-0.6136
128,1,0.29233,-0.6328
128,1,0.29334,-0.652
128,1,0.29434,-0.652
128,1,0.29534,-0.7095
128,1,0.29634,-0.7095
128,1,0.29734,-0.7479
128,1,0.29834,-0.767
128,1,0.29935,-0.8054
128,1,0.30035,-0.8246
128,1,0.30135,-0.8438
128,1,0.30235,-0.8629
128,1,0.30336,-0.9013
128,1,0.30436,-0.9205
128,1,0.30536,-0.9396
128,1,0.30636,-0.9588
128,1,0.30737,-0.978
128,1,0.30836,-0.9972
128,1,0.30937,-1.0163
128,1,0.31037,-1.0355
128,1,0.31137,-1.0739
128,1,0.31237,-1.1122
128,1,0.31338,-1.1314
128,1,0.31437,-1.1314
128,1,0.31538,-1.1697
128,1,0.31638,-1.1889
128,1,0.31739,-1.2081
128,1,0.31838,-1.2081
128,1,0.31939,-1.2464
128,1,0.32039,-1.2848
128,1,0.32139,-1.304
128,1,0.32239,-1.3232
128,1,0.3234,-1.3615
128,1,0.32439,-1.3999
128,1,0.3254,-1.3999
128,1,0.3264,-1.419
128,1,0.32741,-1.419
128,1,0.3284,-1.4766
128,1,0.32941,-1.4957
128,1,0.33041,-1.5149
128,1,0.33142,-1.5533
128,1,0.33241,-1.5724
128,1,0.33342,-1.5916
128,1,0.33442,-1.6108
128,1,0.33542,-1.63
128,1,0.33642,-1.6491
128,1,0.33743,-1.6875
128,1,0.33842,-1.7067
128,1,0.33943,-1.745
128,1,0.34043,-1.745
128,1,0.34143,-1.7834
128,1,0.34243,-1.7834
128,1,0.34344,-1.8026
128,1,0.34443,-1.8409
128,1,0.34544,-1.8601
128,1,0.34644,-1.8984
128,1,0.34744,-1.9176
128,1,0.34844,-1.9368
128,1,0.34945,-1.9368
128,1,0.35044,-1.9751
128,1,0.35145,-1.9751
128,1,0.35245,-2.0135
128,1,0.35345,-2.0518
128,1,0.35445,-2.071
128,1,0.35546,-2.0902
128,1,0.35646,-2.1094
128,1,0.35746,-2.1286
128,1,0.35846,-2.1669
128,1,0.35947,-2.1861
128,1,0.36046,-2.2053
128,1,0.36147,-2.2436
128,1,0.36247,-2.2436
128,1,0.36348,-2.282
128,1,0.36447,-2.282
128,1,0.36548,-2.3395
128,1,0.36648,-2.3395
128,1,0.36748,-2.3587
128,1,0.36848,-2.397
128,1,0.36949,-2.397
128,1,0.37049,-2.4354
128,1,0.37149,-2.4737
128,1,0.37249,-2.4737
128,1,0.3735,-2.5121
128,1,0.37449,-2.5312
128,1,0.37549,-2.5504
128,1,0.3765,-2.5696
128,1,0.3775,-2.5888
128,1,0.3785,-2.5888
128,1,0.3795,-2.6271
128,1,0.3805,-2.6655
128,1,0.38151,-2.6847
128,1,0.38251,-2.7038
128,1,0.38351,-2.7422
128,1,0.38451,-2.7422
128,1,0.38552,-2.7805
128,1,0.38652,-2.7805
128,1,0.38752,-2.7805
128,1,0.38852,-2.8189
128,1,0.38953,-2.8189
128,1,0.39052,-2.8572
128,1,0.39153,-2.8764
128,1,0.39252,-2.8956
128,1,0.39353,-2.9148
128,1,0.39453,-2.9531
128,1,0.39553,-2.9723
128,1,0.39653,-2.9915
128,1,0.39754,-3.0107
128,1,0.39854,-3.049
128,1,0.39955,-3.049
128,1,0.40054,-3.049
128,1,0.40154,-3.0682
128,1,0.40254,-3.1065
128,1,0.40355,-3.1449
128,1,0.40455,-3.1449
128,1,0.40556,-3.1832
128,1,0.40655,-3.2024
128,1,0.40756,-3.2216
128,1,0.40856,-3.2216
128,1,0.40957,-3.2599
128,1,0.41057,-3.2791
128,1,0.41157,-3.2983
128,1,0.41256,-3.3175
128,1,0.41358,-3.3366
128,1,0.41457,-3.3558
128,1,0.41557,-3.3558
128,1,0.41657,-3.375
128,1,0.41756,-3.3942
128,1,0.41858,-3.4325
128,1,0.41956,-3.4517
128,1,0.42058,-3.4517
128,1,0.42156,-3.4709
128,1,0.42258,-3.5092
128,1,0.42357,-3.5092
128,1,0.42459,-3.5476
128,1,0.42558,-3.5476
128,1,0.42659,-3.5476
128,1,0.42757,-3.5668
128,1,0.4286,-3.5859
128,1,0.42958,-3.6051
128,1,0.4306,-3.6051
128,1,0.43159,-3.6243
128,1,0.4326,-3.6243
128,1,0.43359,-3.6435
128,1,0.43461,-3.6435
128,1,0.43559,-3.6626
128,1,0.43661,-3.6818
128,1,0.4376,-3.701
128,1,0.43862,-3.701
128,1,0.4396,-3.7202
128,1,0.44062,-3.7393
128,1,0.44161,-3.7393
128,1,0.44262,-3.7393
128,1,0.44361,-3.7585
128,1,0.44463,-3.7969
128,1,0.44562,-3.7969
128,1,0.44663,-3.7969
128,1,0.44762,-3.8161
128,1,0.44864,-3.8352
128,1,0.44962,-3.8352
128,1,0.45064,-3.8544
128,1,0.45163,-3.8736
128,1,0.45264,-3.8928
128,1,0.45363,-3.8928
128,1,0.45465,-3.8928
128,1,0.45563,-3.8928
128,1,0.45665,-3.9311
128,1,0.45764,-3.9311
128,1,0.45866,-3.9503
128,1,0.45964,-3.9503
128,1,0.46066,-3.9503
128,1,0.46165,-3.9503
128,1,0.46266,-3.9695
128,1,0.46365,-3.9886
128,1,0.46467,-3.9886
128,1,0.46565,-3.9886
128,1,0.46667,-3.9886
128,1,0.46766,-4.0078
128,1,0.46868,-3.9886
128,1,0.46966,-3.9886
128,1,0.47068,-4.0078
128,1,0.47167,-4.0078
128,1,0.47266,-4.027
128,1,0.47367,-4.027
128,1,0.47467,-4.0078
128,1,0.47567,-4.0078
128,1,0.47667,-4.027
128,1,0.47768,-4.027
128,1,0.47868,-4.027
128,1,0.47968,-4.027
128,1,0.48068,-4.027
128,1,0.48168,-4.027
128,1,0.48268,-4.027
128,1,0.48369,-4.0462
128,1,0.48469,-4.0462
128,1,0.48569,-4.027
128,1,0.4867,-4.027
128,1,0.4877,-4.027
128,1,0.48869,-4.027
128,1,0.4897,-4.027
128,1,0.4907,-4.027
128,1,0.4917,-4.027
128,1,0.4927,-4.027
128,1,0.49371,-4.027
128,1,0.49471,-4.027
128,1,0.49571,-4.027
128,1,0.49671,-4.027
128,1,0.49771,-4.0462
128,1,0.49872,-4.0653
128,1,0.49972,-4.027
128,1,0.50072,-4.027
128,1,0.50172,-4.027
128,1,0.50272,-4.0462
128,1,0.50373,-4.027
128,1,0.50473,-4.0462
128,1,0.50573,-4.027
128,1,0.50673,-4.0462
128,1,0.50774,-4.027
128,1,0.50873,-4.0462
128,1,0.50974,-4.027
128,1,0.51074,-4.0653
128,1,0.51174,-4.027
128,1,0.51274,-4.027
128,1,0.51375,-4.027
128,1,0.51475,-4.027
128,1,0.51575,-4.0462
128,1,0.51675,-4.027
128,1,0.51775,-4.0462
128,1,0.51875,-4.0462
128,1,0.51976,-4.027
128,1,0.52076,-4.027
128,1,0.52176,-4.0462
128,1,0.52276,-4.027
128,1,0.52377,-4.027
128,1,0.52477,-4.027
128,1,0.52577,-4.027
128,1,0.52677,-4.027
128,1,0.52777,-4.0462
128,1,0.52877,-4.027
128,1,0.52978,-4.027
128,1,0.53078,-4.027
128,1,0.53178,-4.027
128,1,0.53278,-4.027
128,1,0.53379,-4.027
128,1,0.53478,-4.027
128,1,0.53579,-4.027
128,1,0.53679,-4.027
128,1,0.53779,-4.027
128,1,0.53879,-4.027
128,1,0.5398,-4.027
128,1,0.5408,-4.0078
128,1,0.5418,-4.027
128,1,0.5428,-4.0078
128,1,0.54381,-4.027
128,1,0.5448,-4.027
128,1,0.54581,-4.027
128,1,0.54681,-4.0078
128,1,0.54782,-4.0078
128,1,0.54881,-4.027
128,1,0.54982,-4.0078
128,1,0.55082,-4.0078
128,1,0.55182,-3.9886
128,1,0.55282,-4.0078
128,1,0.55383,-4.0078
128,1,0.55482,-4.0078
128,1,0.55583,-4.0078
128,1,0.55683,-4.0078
128,1,0.55783,-4.0078
128,1,0.55883,-4.0078
128,1,0.55984,-4.0078
128,1,0.56083,-4.0078
128,1,0.56184,-4.0078
128,1,0.56284,-4.0078
128,1,0.56385,-4.0078
128,1,0.56484,-3.9886
128,1,0.56585,-3.9886
128,1,0.56685,-3.9886
128,1,0.56785,-4.0078
128,1,0.56885,-4.0078
128,1,0.56986,-3.9886
128,1,0.57086,-3.9886
128,1,0.57186,-4.0078
128,1,0.57286,-4.0078
128,1,0.57386,-4.0078
128,1,0.57486,-4.0078
128,1,0.57587,-3.9886
128,1,0.57687,-3.9886
128,1,0.57787,-4.0078
128,1,0.57887,-3.9886
128,1,0.57988,-3.9886
128,1,0.58088,-4.0078
128,1,0.58188,-3.9886
128,1,0.58288,-3.9886
128,1,0.58388,-3.9886
128,1,0.58488,-3.9886
128,1,0.58589,-3.9695
128,1,0.58689,-4.0078
128,1,0.58789,-3.9886
128,1,0.58889,-3.9886
128,1,0.5899,-3.9886
128,1,0.59089,-3.9886
128,1,0.5919,-3.9886
128,1,0.5929,-4.0078
128,1,0.5939,-3.9886
128,1,0.5949,-3.9886
128,1,0.59591,-3.9886
128,1,0.59691,-3.9886
128,1,0.59791,-3.9695
128,1,0.59891,-3.9886
128,1,0.59991,-4.0078
128,1,0.60091,-3.9886
128,1,0.60192,-4.0078
128,1,0.60292,-4.0078
128,1,0.60392,-4.0078
128,1,0.60492,-3.9695
128,1,0.60593,-4.0078
128,1,0.60693,-3.9886
128,1,0.60793,-3.9886
128,1,0.60893,-4.0078
128,1,0.60994,-3.9886
128,1,0.61093,-3.9886
128,1,0.61194,-4.0078
128,1,0.61294,-4.0078
128,1,0.61394,-3.9886
128,1,0.61494,-3.9886
128,1,0.61595,-3.9886
128,1,0.61694,-4.0078
128,1,0.61795,-4.0078
128,1,0.61895,-4.0078
128,1,0.61995,-4.0078
128,1,0.62095,-3.9886
128,1,0.62196,-4.0078
128,1,0.62296,-4.0078
128,1,0.62396,-4.0078
128,1,0.62496,-4.0078
128,1,0.62597,-4.0078
128,1,0.62697,-3.9886
128,1,0.62797,-3.9886
128,1,0.62897,-4.0078
128,1,0.62998,-4.0078
128,1,0.63097,-3.9886
128,1,0.63198,-4.0078
128,1,0.63298,-4.0078
128,1,0.63398,-4.0078
128,1,0.63498,-4.0078
128,1,0.63599,-4.0078
128,1,0.63699,-4.0078
128,1,0.638,-4.0078
128,1,0.63899,-4.027
128,1,0.63999,-4.0078
128,1,0.64099,-4.0078
128,1,0.642,-4.0078
128,1,0.643,-4.0078
128,1,0.644,-4.027
128,1,0.645,-4.0078
128,1,0.64601,-4.027
128,1,0.647,-4.027
128,1,0.64801,-4.0078
128,1,0.64901,-4.027
128,1,0.65001,-4.0078
128,1,0.65101,-4.027
128,1,0.65202,-4.027
128,1,0.65301,-4.0078
128,1,0.65402,-4.027
128,1,0.65502,-4.027
128,1,0.65603,-4.027
128,1,0.65702,-4.0078
128,1,0.65805,-4.0078
128,1,0.65903,-4.027
128,1,0.66003,-4.027
128,1,0.66103,-4.027
128,1,0.66204,-4.0078
128,1,0.66303,-4.0078
128,1,0.66404,-4.027
128,1,0.66504,-4.027
128,1,0.66604,-4.027
128,1,0.66704,-4.0078
128,1,0.66805,-4.027
128,1,0.66919,-4.0078
128,1,0.67005,-4.0078
128,1,0.67105,-4.027
128,1,0.67205,-4.027
128,1,0.67306,-4.027
128,1,0.67406,-4.027
128,1,0.67506,-4.027
128,1,0.67607,-4.0078
128,1,0.67706,-4.0078
128,1,0.67807,-4.027
128,1,0.67907,-4.027
128,1,0.68007,-4.027
128,1,0.68107,-4.027
128,1,0.68208,-4.027
128,1,0.68307,-4.0078
128,1,0.68408,-4.027
128,1,0.68508,-4.0078
128,1,0.68608,-4.0078
128,1,0.68708,-4.027
128,1,0.68809,-4.027
128,1,0.68909,-4.0078
128,1,0.69009,-4.027
128,1,0.69109,-4.0462
128,1,0.6921,-4.027
128,1,0.69309,-4.0078
128,1,0.6941,-4.0078
128,1,0.6951,-4.0078
128,1,0.6961,-4.0078
128,1,0.6971,-4.0078
128,1,0.69811,-4.027
128,1,0.6991,-4.027
128,1,0.70011,-4.027
128,1,0.70111,-4.027
128,1,0.70211,-4.0078
128,1,0.70311,-4.0078
128,1,0.70412,-4.027
128,1,0.70512,-4.027
128,1,0.7061,-4.0078
128,1,0.70712,-4.027
128,1,0.7081,-4.0078
128,1,0.70912,-4.0078
128,1,0.71011,-4.0078
128,1,0.71113,-4.027
128,1,0.71211,-4.0078
128,1,0.71313,-4.0078
128,1,0.71412,-4.0078
128,1,0.71514,-4.0078
128,1,0.71612,-4.0078
128,1,0.71714,-4.0078
128,1,0.71813,-4.027
128,1,0.71914,-4.0078
128,1,0.72013,-4.0078
128,1,0.72115,-4.0078
128,1,0.72213,-4.0078
128,1,0.72315,-4.0078
128,1,0.72414,-4.0078
128,1,0.72516,-4.0078
128,1,0.72614,-4.0078
128,1,0.72716,-4.0078
128,1,0.72814,-4.0078
128,1,0.72917,-4.0078
128,1,0.73015,-4.0078
128,1,0.73117,-4.0078
128,1,0.73215,-4.0078
128,1,0.7333,-4.0078
128,1,0.73417,-4.0078
128,1,0.73518,-4.0078
128,1,0.73617,-4.0078
128,1,0.73718,-4.0078
128,1,0.73816,-4.0078
128,1,0.73918,-4.0078
128,1,0.74017,-4.0078
128,1,0.74119,-4.0078
128,1,0.74217,-4.0078
128,1,0.74319,-4.0078
128,1,0.74419,-4.0078
128,1,0.74519,-4.0078
128,1,0.74618,-4.0078
128,1,0.7472,-4.0078
128,1,0.74818,-4.0078
128,1,0.7492,-4.0078
128,1,0.75019,-4.0078
128,1,0.75121,-4.0078
128,1,0.75219,-4.0078
128,1,0.75321,-4.0078
128,1,0.75419,-4.0078
128,1,0.75521,-4.0078
128,1,0.7562,-4.0078
128,1,0.75722,-4.0078
128,1,0.7582,-4.0078
128,1,0.75922,-4.0078
128,1,0.76021,-4.0078
128,1,0.7612,-4.0078
128,1,0.76221,-4.0078
128,1,0.76321,-4.0078
128,1,0.76421,-4.0078
128,1,0.76521,-4.0078
128,1,0.76622,-4.0078
128,1,0.76722,-3.9886
128,1,0.76822,-4.0078
128,1,0.76922,-4.0078
128,1,0.77023,-4.0078
128,1,0.77122,-4.0078
128,1,0.77223,-4.0078
128,1,0.77323,-4.0078
128,1,0.77423,-4.0078
128,1,0.77523,-4.0078
128,1,0.77624,-4.0078
128,1,0.77724,-4.0078
128,1,0.77824,-4.0078
128,1,0.77924,-4.0078
128,1,0.78025,-4.0078
128,1,0.78124,-4.0078
128,1,0.78225,-4.0078
128,1,0.78325,-4.0078
128,1,0.78425,-4.0078
128,1,0.78525,-4.0078
128,1,0.78626,-4.0078
128,1,0.78726,-4.0078
128,1,0.78826,-4.0078
128,1,0.78926,-4.0078
128,1,0.79027,-4.0078
128,1,0.79126,-4.0078
128,1,0.79227,-4.0078
128,1,0.79327,-4.0078
128,1,0.79427,-4.0078
128,1,0.79527,-4.0078
128,1,0.79628,-4.027
128,1,0.79728,-4.0078
128,1,0.79828,-4.0078
128,1,0.79928,-4.0078
128,1,0.80028,-4.0078
128,1,0.80128,-4.0078
128,1,0.80229,-4.0078
128,1,0.80329,-4.0078
128,1,0.80429,-4.0078
128,1,0.80529,-4.0078
128,1,0.8063,-4.0078
128,1,0.8073,-4.0078
128,1,0.8083,-4.0078
128,1,0.8093,-4.0078
128,1,0.81031,-4.0078
128,1,0.8113,-4.0078
128,1,0.81231,-4.0078
128,1,0.81331,-4.0078
128,1,0.81431,-4.0078
128,1,0.81531,-4.0078
128,1,0.81632,-4.0078
128,1,0.81732,-4.0078
128,1,0.81832,-4.0078
128,1,0.81932,-4.0078
128,1,0.82032,-4.0078
128,1,0.82132,-4.0078
128,1,0.82233,-4.0078
128,1,0.82333,-4.0078
128,1,0.82433,-4.027
128,1,0.82533,-4.0078
128,1,0.82634,-4.027
128,1,0.82733,-4.0078
128,1,0.82834,-4.0078
128,1,0.82934,-4.0078
128,1,0.83034,-3.9886
128,1,0.83134,-4.0078
128,1,0.83235,-4.0078
128,1,0.83335,-4.0078
128,1,0.83435,-4.0078
128,1,0.83535,-4.0078
128,1,0.83636,-4.0078
128,1,0.83735,-4.0078
128,1,0.83836,-4.0078
128,1,0.83936,-3.9886
128,1,0.84036,-4.027
128,1,0.84136,-4.0078
128,1,0.84237,-4.0078
128,1,0.84337,-4.0078
128,1,0.84437,-4.0078
128,1,0.84537,-4.027
128,1,0.84638,-4.0078
128,1,0.84738,-4.0078
128,1,0.84838,-4.0078
128,1,0.84938,-4.0078
128,1,0.85038,-4.0078
128,1,0.85139,-4.0078
128,1,0.85239,-4.027
128,1,0.85339,-4.0078
128,1,0.85439,-4.027
128,1,0.85539,-4.027
128,1,0.85639,-4.0078
128,1,0.85739,-4.0078
128,1,0.8584,-4.0078
128,1,0.8594,-4.0078
128,1,0.8604,-4.0078
128,1,0.8614,-4.0078
128,1,0.86241,-4.027
128,1,0.86341,-4.0078
128,1,0.86441,-4.027
128,1,0.86541,-4.0078
128,1,0.86642,-4.0078
128,1,0.86741,-4.0078
128,1,0.86842,-4.0078
128,1,0.86942,-4.027
128,1,0.87042,-4.027
128,1,0.87142,-4.0078
128,1,0.87243,-4.0078
128,1,0.87343,-4.0078
128,1,0.87443,-4.0078
128,1,0.87543,-4.0078
128,1,0.87643,-4.027
128,1,0.87743,-4.0078
128,1,0.87844,-4.0078
128,1,0.87944,-4.0078
128,1,0.88044,-4.0078
128,1,0.88144,-4.0078
128,1,0.88245,-4.0078
128,1,0.88344,-4.0078
128,1,0.88445,-4.0078
128,1,0.88545,-4.0078
128,1,0.88645,-4.027
128,1,0.88745,-4.0078
128,1,0.88846,-4.0078
128,1,0.88946,-4.0078
128,1,0.89046,-4.0078
128,1,0.89146,-4.0078
128,1,0.89247,-4.0078
128,1,0.89346,-4.0078
128,1,0.89447,-4.0078
128,1,0.89547,-4.0078
128,1,0.89647,-4.0078
128,1,0.89747,-4.0078
128,1,0.89848,-4.0078
128,1,0.89947,-4.0078
128,1,0.90048,-4.0078
128,1,0.90148,-4.0078
128,1,0.90248,-4.0078
128,1,0.90348,-4.0078
128,1,0.90449,-4.0078
128,1,0.90549,-4.0078
128,1,0.90649,-4.027
128,1,0.90749,-4.0078
128,1,0.90849,-4.0078
128,1,0.90949,-4.0078
128,1,0.9105,-4.0078
128,1,0.9115,-4.0078
128,1,0.9125,-4.0078
128,1,0.9135,-4.0078
128,1,0.91451,-4.0078
128,1,0.91551,-4.0078
128,1,0.91651,-4.0078
128,1,0.91751,-4.0078
128,1,0.91852,-4.0078
128,1,0.91951,-4.0078
128,1,0.92052,-4.0078
128,1,0.92152,-4.0078
128,1,0.92252,-4.0078
128,1,0.92352,-4.0078
128,1,0.92451,-4.0078
128,1,0.92552,-4.0078
128,1,0.92653,-4.0078
128,1,0.92753,-4.0078
128,1,0.92854,-4.0078
128,1,0.92953,-4.0078
128,1,0.93054,-4.0078
128,1,0.93154,-3.9886
128,1,0.93254,-4.0078
128,1,0.93354,-4.0078
128,1,0.93455,-4.0078
128,1,0.93554,-4.0078
128,1,0.93655,-4.0078
128,1,0.93755,-4.0078
128,1,0.93856,-4.0078
128,1,0.93955,-4.0078
128,1,0.94056,-4.0078
128,1,0.94156,-4.0078
128,1,0.94256,-4.0078
128,1,0.94356,-4.0078
128,1,0.94456,-4.0078
128,1,0.94557,-4.0078
128,1,0.94655,-4.0078
128,1,0.94757,-4.0078
128,1,0.94857,-4.027
128,1,0.94957,-4.0078
128,1,0.95058,-4.0078
128,1,0.95158,-4.027
128,1,0.95258,-4.0078
128,1,0.95358,-4.0078
128,1,0.95458,-4.0078
128,1,0.95558,-4.027
128,1,0.95659,-4.0078
128,1,0.95759,-4.0078
128,1,0.95859,-4.0078
128,1,0.95959,-4.0078
128,1,0.9606,-4.0078
128,1,0.9616,-4.0078
128,1,0.9626,-4.0078
128,1,0.9636,-4.027
128,1,0.9646,-4.0078
128,1,0.9656,-4.0078
128,1,0.96661,-4.0078
128,1,0.96761,-4.0078
128,1,0.96861,-4.0078
128,1,0.96961,-4.0078
128,1,0.97062,-4.0078
128,1,0.97161,-4.0078
128,1,0.97262,-4.0078
128,1,0.97362,-3.9886
128,1,0.97462,-4.027
128,1,0.97562,-4.0078
128,1,0.97663,-4.027
128,1,0.97763,-4.0078
128,1,0.97863,-4.0078
128,1,0.97963,-4.0078
128,1,0.98064,-4.0078
128,1,0.98164,-4.0078
128,1,0.98265,-4.0078
128,1,0.98364,-4.0078
128,1,0.98464,-4.0078
128,1,0.98564,-4.0078
128,1,0.98665,-4.0078
128,1,0.98765,-4.0078
128,1,0.98865,-4.0078
128,1,0.98965,-3.9886
128,1,0.99066,-4.0078
128,1,0.99165,-4.0078
128,1,0.99266,-4.0078
128,1,0.99366,-4.0078
128,1,0.99464,-4.0078
128,1,0.99566,-4.0078
128,1,0.99664,-4.0078
128,1,0.99766,-4.0078
128,1,0.99865,-4.0078
128,1,0.99966,-4.0078
128,1,1.00065,-4.0078
128,2,0.00196,4.4105
128,2,0.00287,4.4105
128,2,0.00397,4.4105
128,2,0.00481,4.4105
128,2,0.00591,4.4105
128,2,0.0068,4.4105
128,2,0.0078,4.4105
128,2,0.00878,4.4105
128,2,0.0098,4.4105
128,2,0.0108,4.4105
128,2,0.01179,4.4105
128,2,0.01281,4.4297
128,2,0.0138,4.4105
128,2,0.01479,4.4105
128,2,0.01581,4.4105
128,2,0.01681,4.4105
128,2,0.0178,4.4105
128,2,0.01882,4.4105
128,2,0.01982,4.4105
128,2,0.0208,4.4105
128,2,0.02183,4.4105
128,2,0.02282,4.4105
128,2,0.02381,4.4105
128,2,0.02483,4.4105
128,2,0.02583,4.4297
128,2,0.02681,4.4105
128,2,0.02784,4.4105
128,2,0.02884,4.4105
128,2,0.02982,4.4105
128,2,0.03084,4.4105
128,2,0.03184,4.4105
128,2,0.03282,4.4105
128,2,0.03383,4.4105
128,2,0.03486,4.4105
128,2,0.03583,4.4105
128,2,0.03683,4.4105
128,2,0.03785,4.4105
128,2,0.03884,4.4105
128,2,0.03984,4.4105
128,2,0.04087,4.4105
128,2,0.04185,4.4105
128,2,0.04284,4.4105
128,2,0.04386,4.4105
128,2,0.04485,4.4105
128,2,0.04585,4.4105
128,2,0.04687,4.4105
128,2,0.04785,4.4105
128,2,0.04885,4.4105
128,2,0.04987,4.3913
128,2,0.05086,4.3722
128,2,0.05186,4.3722
128,2,0.05288,4.3913
128,2,0.05386,4.3722
128,2,0.05487,4.353
128,2,0.05589,4.353
128,2,0.05687,4.353
128,2,0.05787,4.3338
128,2,0.05889,4.3146
128,2,0.05988,4.2955
128,2,0.06088,4.2763
128,2,0.0619,4.2571
128,2,0.06289,4.2571
128,2,0.06388,4.2379
128,2,0.0649,4.2188
128,2,0.06589,4.2188
128,2,0.06689,4.1996
128,2,0.06791,4.1804
128,2,0.06889,4.1612
128,2,0.06989,4.1612
128,2,0.07091,4.1037
128,2,0.0719,4.1037
128,2,0.0729,4.0845
128,2,0.07392,4.0653
128,2,0.0749,4.0462
128,2,0.0759,4.027
128,2,0.07693,3.9886
128,2,0.07791,3.9695
128,2,0.07891,3.9503
128,2,0.07991,3.9311
128,2,0.08091,3.9119
128,2,0.08193,3.8928
128,2,0.08292,3.8736
128,2,0.08397,3.8352
128,2,0.08492,3.8161
128,2,0.08592,3.7969
128,2,0.08694,3.7777
128,2,0.08793,3.7585
128,2,0.08892,3.7202
128,2,0.08995,3.7202
128,2,0.09093,3.6818
128,2,0.09193,3.6818
128,2,0.09295,3.6435
128,2,0.09394,3.6243
128,2,0.09494,3.6051
128,2,0.09596,3.5668
128,2,0.09694,3.5668
128,2,0.09794,3.5284
128,2,0.09896,3.5284
128,2,0.09995,3.4709
128,2,0.10095,3.4709
128,2,0.10197,3.4325
128,2,0.10296,3.4134
128,2,0.10396,3.3942
128,2,0.10498,3.375
128,2,0.10596,3.3558
128,2,0.10696,3.3366
128,2,0.10798,3.3175
128,2,0.10897,3.2791
128,2,0.10997,3.2599
128,2,0.11099,3.2024
128,2,0.11197,3.2024
128,2,0.11297,3.1832
128,2,0.11399,3.1641
128,2,0.11498,3.1257
128,2,0.11598,3.1257
128,2,0.117,3.1065
128,2,0.11798,3.049
128,2,0.11898,3.0298
128,2,0.12001,3.0298
128,2,0.12099,2.9915
128,2,0.12199,2.9531
128,2,0.12301,2.9531
128,2,0.124,2.9148
128,2,0.125,2.8956
128,2,0.12602,2.8572
128,2,0.127,2.8572
128,2,0.128,2.7997
128,2,0.12902,2.7997
128,2,0.13001,2.7614
128,2,0.131,2.7422
128,2,0.13203,2.723
128,2,0.13301,2.6847
128,2,0.13401,2.6655
128,2,0.13503,2.6655
128,2,0.13602,2.6271
128,2,0.13702,2.608
128,2,0.13804,2.5696
128,2,0.13902,2.5504
128,2,0.14002,2.5312
128,2,0.14104,2.5121
128,2,0.14203,2.4737
128,2,0.14303,2.4545
128,2,0.14405,2.4354
128,2,0.14504,2.397
128,2,0.14604,2.3778
128,2,0.14706,2.3587
128,2,0.14804,2.3395
128,2,0.14904,2.3203
128,2,0.15006,2.282
128,2,0.15105,2.2628
128,2,0.15205,2.2244
128,2,0.15307,2.1861
128,2,0.15405,2.1861
128,2,0.15505,2.1477
128,2,0.15607,2.1477
128,2,0.15706,2.1094
128,2,0.15819,2.1094
128,2,0.15908,2.0518
128,2,0.16006,2.0327
128,2,0.16107,2.0135
128,2,0.16206,1.956
128,2,0.16307,1.956
128,2,0.16407,1.9176
128,2,0.16507,1.9176
128,2,0.1661,1.8793
128,2,0.16708,1.8793
128,2,0.16808,1.8409
128,2,0.1691,1.8026
128,2,0.17008,1.7642
128,2,0.17108,1.7642
128,2,0.1721,1.745
128,2,0.17308,1.7259
128,2,0.17409,1.6875
128,2,0.17511,1.6683
128,2,0.17609,1.6491
128,2,0.1771,1.6108
128,2,0.17811,1.5724
128,2,0.17909,1.5724
128,2,0.1801,1.5341
128,2,0.18112,1.5341
128,2,0.1821,1.4957
128,2,0.1831,1.4957
128,2,0.18412,1.4766
128,2,0.18511,1.4574
128,2,0.18611,1.419
128,2,0.18713,1.419
128,2,0.18812,1.3807
128,2,0.18911,1.3615
128,2,0.19014,1.3615
128,2,0.19112,1.304
128,2,0.19212,1.304
128,2,0.19314,1.2848
128,2,0.19413,1.2464
128,2,0.19512,1.2464
128,2,0.19615,1.2081
128,2,0.19713,1.2081
128,2,0.19813,1.1889
128,2,0.19915,1.1889
128,2,0.20014,1.1314
128,2,0.20114,1.1122
128,2,0.20214,1.093
128,2,0.20314,1.0739
128,2,0.20414,1.0547
128,2,0.20516,1.0355
128,2,0.20615,1.0163
128,2,0.20715,0.9972
128,2,0.20817,0.978
128,2,0.20916,0.978
128,2,0.21016,0.9396
128,2,0.21116,0.9396
128,2,0.21216,0.9013
128,2,0.21316,0.8821
128,2,0.21418,0.8629
128,2,0.21517,0.8629
128,2,0.21617,0.8438
128,2,0.21719,0.8246
128,2,0.21817,0.8054
128,2,0.21917,0.767
128,2,0.22019,0.7479
128,2,0.22118,0.7287
128,2,0.22218,0.7287
128,2,0.2232,0.7095
128,2,0.22418,0.6903
128,2,0.22518,0.6712
128,2,0.22621,0.652
128,2,0.22719,0.6328
128,2,0.22819,0.5945
128,2,0.22922,0.5753
128,2,0.2302,0.5753
128,2,0.2312,0.5561
128,2,0.23222,0.5369
128,2,0.2332,0.5178
128,2,0.2342,0.4986
128,2,0.2352,0.4794
128,2,0.23621,0.4602
128,2,0.23721,0.4411
128,2,0.23821,0.4411
128,2,0.23921,0.4219
128,2,0.24021,0.4027
128,2,0.24122,0.3835
128,2,0.24224,0.3643
128,2,0.24322,0.3452
128,2,0.24422,0.3452
128,2,0.24524,0.3068
128,2,0.24622,0.3068
128,2,0.24722,0.2685
128,2,0.24824,0.2685
128,2,0.24923,0.2301
128,2,0.25023,0.2109
128,2,0.25125,0.1918
128,2,0.25224,0.1726
128,2,0.25324,0.1534
128,2,0.25426,0.1534
128,2,0.25524,0.1534
128,2,0.25624,0.1151
128,2,0.25726,0.1151
128,2,0.25825,0.0767
128,2,0.25925,0.0575
128,2,0.26027,0.0192
128,2,0.26126,0.0
128,2,0.26226,-0.0192
128,2,0.26327,-0.0575
128,2,0.26426,-0.0767
128,2,0.26526,-0.0767
128,2,0.26628,-0.0767
128,2,0.26726,-0.1151
128,2,0.26826,-0.1534
128,2,0.26925,-0.1726
128,2,0.27027,-0.1726
128,2,0.27125,-0.1918
128,2,0.27227,-0.2301
128,2,0.27326,-0.2493
128,2,0.27428,-0.2493
128,2,0.27526,-0.2876
128,2,0.27628,-0.3068
128,2,0.27726,-0.326
128,2,0.27828,-0.326
128,2,0.27927,-0.3452
128,2,0.28029,-0.3835
128,2,0.28127,-0.4027
128,2,0.28229,-0.4219
128,2,0.28328,-0.4602
128,2,0.28429,-0.4794
128,2,0.28528,-0.4794
128,2,0.2863,-0.5178
128,2,0.28728,-0.5369
128,2,0.2883,-0.5178
128,2,0.28928,-0.5561
128,2,0.2903,-0.5945
128,2,0.29129,-0.6136
128,2,0.29231,-0.6328
128,2,0.29329,-0.6712
128,2,0.29431,-0.6712
128,2,0.2953,-0.7095
128,2,0.29631,-0.7479
128,2,0.2973,-0.7479
128,2,0.29832,-0.7862
128,2,0.2993,-0.8054
128,2,0.30032,-0.8246
128,2,0.30131,-0.8629
128,2,0.30233,-0.8821
128,2,0.30331,-0.9013
128,2,0.30433,-0.9205
128,2,0.30532,-0.9396
128,2,0.30632,-0.9588
128,2,0.30734,-0.9972
128,2,0.30831,-0.9972
128,2,0.30936,-1.0355
128,2,0.31033,-1.0739
128,2,0.31133,-1.093
128,2,0.31235,-1.1314
128,2,0.31333,-1.1314
128,2,0.31435,-1.1697
128,2,0.31533,-1.1697
128,2,0.31636,-1.2081
128,2,0.31734,-1.2081
128,2,0.31836,-1.2464
128,2,0.31934,-1.2656
128,2,0.32036,-1.2848
128,2,0.32135,-1.3232
128,2,0.32237,-1.3423
128,2,0.32335,-1.3615
128,2,0.32435,-1.3999
128,2,0.32537,-1.419
128,2,0.32635,-1.4382
128,2,0.32735,-1.4574
128,2,0.32836,-1.4957
128,2,0.32936,-1.4957
128,2,0.33036,-1.5341
128,2,0.33136,-1.5724
128,2,0.33236,-1.5724
128,2,0.33337,-1.6108
128,2,0.33437,-1.6491
128,2,0.33539,-1.6491
128,2,0.33637,-1.6875
128,2,0.33737,-1.6875
128,2,0.33838,-1.7067
128,2,0.33938,-1.745
128,2,0.34038,-1.7642
128,2,0.34139,-1.8026
128,2,0.34238,-1.8217
128,2,0.34338,-1.8409
128,2,0.34439,-1.8601
128,2,0.34539,-1.8793
128,2,0.34639,-1.8984
128,2,0.34739,-1.9176
128,2,0.34839,-1.9368
128,2,0.3494,-1.956
128,2,0.3504,-1.9751
128,2,0.3514,-2.0327
128,2,0.3524,-2.0518
128,2,0.35341,-2.0518
128,2,0.3544,-2.0902
128,2,0.35541,-2.1094
128,2,0.35641,-2.1286
128,2,0.35741,-2.1669
128,2,0.35842,-2.1861
128,2,0.35941,-2.2053
128,2,0.36042,-2.2244
128,2,0.36142,-2.2436
128,2,0.36242,-2.2628
128,2,0.36342,-2.282
128,2,0.36443,-2.3011
128,2,0.36543,-2.3203
128,2,0.36643,-2.3587
128,2,0.36743,-2.3778
128,2,0.36843,-2.397
128,2,0.36943,-2.4354
128,2,0.37044,-2.4354
128,2,0.37144,-2.4545
128,2,0.37244,-2.4929
128,2,0.37344,-2.5121
128,2,0.37444,-2.5504
128,2,0.37545,-2.5504
128,2,0.37645,-2.5696
128,2,0.37745,-2.608
128,2,0.37845,-2.6271
128,2,0.37946,-2.6271
128,2,0.38045,-2.6655
128,2,0.38146,-2.6655
128,2,0.38246,-2.723
128,2,0.38346,-2.7422
128,2,0.38446,-2.7805
128,2,0.38546,-2.7805
128,2,0.38647,-2.7805
128,2,0.38747,-2.8189
128,2,0.38847,-2.8189
128,2,0.38947,-2.8381
128,2,0.39047,-2.8764
128,2,0.39148,-2.8956
128,2,0.39248,-2.9148
128,2,0.39349,-2.9148
128,2,0.39448,-2.9531
128,2,0.39548,-2.9915
128,2,0.39649,-3.0107
128,2,0.39749,-3.0107
128,2,0.39849,-3.0298
128,2,0.39949,-3.0682
128,2,0.40049,-3.0682
128,2,0.40149,-3.0874
128,2,0.4025,-3.1065
128,2,0.40349,-3.1257
128,2,0.4045,-3.1641
128,2,0.4055,-3.1832
128,2,0.4065,-3.1832
128,2,0.4075,-3.2216
128,2,0.40851,-3.2408
128,2,0.40951,-3.2599
128,2,0.41051,-3.2791
128,2,0.41152,-3.2983
128,2,0.41251,-3.3175
128,2,0.41352,-3.3175
128,2,0.41465,-3.3558
128,2,0.41553,-3.375
128,2,0.41652,-3.3942
128,2,0.41753,-3.3942
128,2,0.41853,-3.4517
128,2,0.41953,-3.4325
128,2,0.42053,-3.4517
128,2,0.42153,-3.4709
128,2,0.42254,-3.5092
128,2,0.42353,-3.5284
128,2,0.42453,-3.5284
128,2,0.42554,-3.5668
128,2,0.42654,-3.5668
128,2,0.42755,-3.5668
128,2,0.42855,-3.5859
128,2,0.42955,-3.6051
128,2,0.43055,-3.6051
128,2,0.43155,-3.6051
128,2,0.43255,-3.6435
128,2,0.43355,-3.6435
128,2,0.43455,-3.6626
128,2,0.43556,-3.6818
128,2,0.43656,-3.701
128,2,0.43756,-3.7202
128,2,0.43856,-3.7202
128,2,0.43957,-3.7202
128,2,0.44056,-3.7393
128,2,0.44157,-3.7585
128,2,0.44257,-3.7585
128,2,0.44357,-3.7777
128,2,0.44457,-3.7777
128,2,0.44558,-3.7969
128,2,0.44658,-3.8161
128,2,0.44758,-3.8352
128,2,0.44858,-3.8352
128,2,0.44958,-3.8544
128,2,0.45058,-3.8736
128,2,0.45159,-3.8736
128,2,0.45259,-3.8736
128,2,0.45359,-3.8928
128,2,0.45459,-3.8928
128,2,0.4556,-3.9119
128,2,0.45659,-3.9311
128,2,0.4576,-3.9311
128,2,0.4586,-3.9503
128,2,0.4596,-3.9311
128,2,0.4606,-3.9503
128,2,0.46161,-3.9695
128,2,0.46261,-3.9503
128,2,0.46361,-3.9886
128,2,0.46461,-3.9695
128,2,0.46562,-3.9886
128,2,0.46661,-3.9886
128,2,0.46762,-3.9886
128,2,0.46862,-4.0078
128,2,0.46962,-3.9886
128,2,0.47062,-4.0078
128,2,0.47163,-4.0078
128,2,0.47263,-4.0078
128,2,0.47363,-4.0078
128,2,0.47463,-4.0078
128,2,0.47563,-4.027
128,2,0.47664,-4.027
128,2,0.47764,-4.027
128,2,0.47864,-4.027
128,2,0.47964,-4.027
128,2,0.48064,-4.027
128,2,0.48165,-4.027
128,2,0.48264,-4.027
128,2,0.48365,-4.027
128,2,0.48465,-4.027
128,2,0.48565,-4.027
128,2,0.48665,-4.027
128,2,0.48766,-4.027
128,2,0.48866,-4.027
128,2,0.48966,-4.027
128,2,0.49066,-4.027
128,2,0.49166,-4.027
128,2,0.49267,-4.027
128,2,0.49367,-4.0653
128,2,0.49467,-4.027
128,2,0.49567,-4.027
128,2,0.49667,-4.027
128,2,0.49768,-4.027
128,2,0.49867,-4.027
128,2,0.49968,-4.027
128,2,0.50068,-4.027
128,2,0.50168,-4.027
128,2,0.50268,-4.0462
128,2,0.50369,-4.0653
128,2,0.50468,-4.0462
128,2,0.50569,-4.027
128,2,0.50669,-4.0462
128,2,0.5077,-4.027
128,2,0.50869,-4.0462
128,2,0.5097,-4.0462
128,2,0.5107,-4.0462
128,2,0.5117,-4.027
128,2,0.5127,-4.027
128,2,0.5137,-4.027
128,2,0.51471,-4.027
128,2,0.51571,-4.027
128,2,0.51671,-4.027
128,2,0.51771,-4.027
128,2,0.51872,-4.0462
128,2,0.51971,-4.027
128,2,0.52072,-4.027
128,2,0.52172,-4.027
128,2,0.52273,-4.027
128,2,0.52372,-4.027
128,2,0.52473,-4.027
128,2,0.52573,-4.027
128,2,0.52673,-4.027
128,2,0.52773,-4.027
128,2,0.52873,-4.027
128,2,0.52973,-4.027
128,2,0.53073,-4.027
128,2,0.53174,-4.027
128,2,0.53274,-4.0078
128,2,0.53374,-4.027
128,2,0.53474,-4.027
128,2,0.53575,-4.027
128,2,0.53675,-4.0078
128,2,0.53775,-4.027
128,2,0.53875,-4.027
128,2,0.53975,-4.0078
128,2,0.54076,-4.027
128,2,0.54175,-4.027
128,2,0.54276,-4.027
128,2,0.54376,-4.027
128,2,0.54476,-4.0078
128,2,0.54576,-4.0078
128,2,0.54677,-4.0078
128,2,0.54777,-4.0078
128,2,0.54877,-4.0078
128,2,0.54977,-4.0078
128,2,0.55077,-4.0078
128,2,0.55178,-4.0078
128,2,0.55278,-4.0078
128,2,0.55378,-4.0078
128,2,0.55478,-4.0078
128,2,0.55578,-4.0078
128,2,0.55678,-4.0078
128,2,0.55777,-4.0078
128,2,0.55879,-4.0078
128,2,0.55977,-4.0078
128,2,0.56079,-4.0078
128,2,0.56178,-4.0078
128,2,0.56279,-4.0078
128,2,0.56378,-4.0078
128,2,0.5648,-4.0078
128,2,0.56578,-3.9886
128,2,0.5668,-3.9886
128,2,0.56779,-4.0078
128,2,0.56881,-3.9886
128,2,0.56979,-3.9886
128,2,0.57081,-3.9695
128,2,0.57179,-3.9886
128,2,0.57281,-3.9695
128,2,0.5738,-3.9886
128,2,0.57482,-3.9886
128,2,0.5758,-3.9886
128,2,0.57682,-3.9886
128,2,0.5778,-3.9695
128,2,0.57882,-4.0078
128,2,0.57981,-4.0078
128,2,0.58083,-3.9886
128,2,0.58181,-3.9886
128,2,0.58283,-3.9886
128,2,0.58382,-3.9886
128,2,0.58484,-3.9886
128,2,0.58582,-3.9886
128,2,0.58684,-4.0078
128,2,0.58782,-4.0078
128,2,0.58886,-3.9886
128,2,0.58983,-3.9695
128,2,0.59085,-3.9886
128,2,0.59183,-3.9886
128,2,0.59285,-3.9695
128,2,0.59384,-3.9886
128,2,0.59485,-3.9886
128,2,0.59584,-4.0078
128,2,0.59686,-3.9886
128,2,0.59785,-3.9886
128,2,0.59886,-4.0078
128,2,0.59985,-3.9695
128,2,0.60087,-4.0078
128,2,0.60185,-4.0078
128,2,0.60287,-3.9886
128,2,0.60386,-3.9886
128,2,0.60487,-3.9886
128,2,0.6059,-4.0078
128,2,0.60688,-3.9886
128,2,0.60786,-4.0078
128,2,0.60888,-3.9886
128,2,0.60988,-3.9886
128,2,0.61087,-4.0078
128,2,0.61187,-3.9886
128,2,0.61287,-4.0078
128,2,0.61388,-3.9886
128,2,0.61487,-4.0078
128,2,0.61588,-4.0078
128,2,0.61687,-3.9886
128,2,0.61788,-4.0078
128,2,0.61888,-4.0078
128,2,0.61988,-4.0078
128,2,0.62088,-4.0078
128,2,0.62189,-4.0078
128,2,0.62289,-4.0078
128,2,0.62389,-4.0078
128,2,0.62489,-4.0078
128,2,0.6259,-3.9886
128,2,0.62689,-3.9886
128,2,0.6279,-4.0078
128,2,0.6289,-4.0078
128,2,0.6299,-4.0078
128,2,0.6309,-4.0078
128,2,0.63191,-4.0078
128,2,0.6329,-4.0078
128,2,0.63391,-4.0078
128,2,0.63491,-4.0078
128,2,0.63591,-4.0078
128,2,0.63691,-4.0078
128,2,0.63792,-4.0078
128,2,0.63892,-4.027
128,2,0.63993,-4.0078
128,2,0.64092,-4.0078
128,2,0.64193,-4.0078
128,2,0.64292,-4.0078
128,2,0.64393,-4.0078
128,2,0.64493,-4.0078
128,2,0.64593,-4.0078
128,2,0.64693,-4.0078
128,2,0.64794,-4.0078
128,2,0.64893,-4.027
128,2,0.64994,-4.0078
128,2,0.65094,-4.027
128,2,0.65194,-4.0078
128,2,0.65294,-4.027
128,2,0.65394,-4.0078
128,2,0.65494,-4.0078
128,2,0.65595,-4.0078
128,2,0.65695,-4.0078
128,2,0.65795,-4.0078
128,2,0.65895,-4.027
128,2,0.65996,-4.027
128,2,0.66096,-4.0078
128,2,0.66196,-4.027
128,2,0.66296,-4.027
128,2,0.66396,-4.0078
128,2,0.66496,-4.0078
128,2,0.66597,-4.0078
128,2,0.66697,-4.027
128,2,0.66797,-4.0078
128,2,0.66897,-4.027
128,2,0.66997,-4.027
128,2,0.67098,-4.0078
128,2,0.67198,-4.027
128,2,0.67298,-4.0078
128,2,0.67398,-4.027
128,2,0.67498,-4.0078
128,2,0.67599,-4.0078
128,2,0.67699,-4.027
128,2,0.67799,-4.0078
128,2,0.67899,-4.027
128,2,0.67999,-4.0078
128,2,0.68099,-4.0078
128,2,0.682,-4.0078
128,2,0.683,-4.0078
128,2,0.684,-4.0078
128,2,0.685,-4.0078
128,2,0.68601,-4.0078
128,2,0.687,-4.0078
128,2,0.68801,-4.027
128,2,0.68901,-4.0078
128,2,0.69002,-4.027
128,2,0.69101,-4.027
128,2,0.69202,-4.0078
128,2,0.69301,-4.027
128,2,0.69402,-4.0078
128,2,0.69502,-4.0078
128,2,0.69603,-4.027
128,2,0.69703,-4.0078
128,2,0.69803,-4.027
128,2,0.69903,-4.0078
128,2,0.70003,-4.0078
128,2,0.70103,-4.0078
128,2,0.70204,-4.0078
128,2,0.70304,-4.0078
128,2,0.70404,-4.0078
128,2,0.70504,-4.0078
128,2,0.70604,-4.0078
128,2,0.70704,-4.0078
128,2,0.70805,-4.0078
128,2,0.70905,-4.0078
128,2,0.71005,-4.0078
128,2,0.71105,-4.0078
128,2,0.71205,-4.0078
128,2,0.71305,-4.0078
128,2,0.71406,-4.0078
128,2,0.71506,-4.0078
128,2,0.71606,-4.0078
128,2,0.71706,-4.0078
128,2,0.71807,-4.0078
128,2,0.71906,-4.0078
128,2,0.72007,-4.0078
128,2,0.72107,-4.0078
128,2,0.72207,-4.0078
128,2,0.72307,-4.0078
128,2,0.72408,-4.0078
128,2,0.72508,-4.0078
128,2,0.72608,-4.0078
128,2,0.72708,-4.0078
128,2,0.72809,-4.0078
128,2,0.72908,-4.0078
128,2,0.73009,-4.0078
128,2,0.73109,-4.0078
128,2,0.73209,-4.0078
128,2,0.73309,-4.0078
128,2,0.7341,-4.0078
128,2,0.73509,-4.0078
128,2,0.7361,-4.0078
128,2,0.7371,-4.0078
128,2,0.7381,-4.0078
128,2,0.7391,-3.9886
128,2,0.74011,-4.0078
128,2,0.74111,-4.0078
128,2,0.74211,-4.0078
128,2,0.74311,-4.0078
128,2,0.74412,-4.0078
128,2,0.74511,-4.0078
128,2,0.74612,-4.0078
128,2,0.74711,-4.0078
128,2,0.74812,-4.0078
128,2,0.74912,-3.9886
128,2,0.75012,-4.0078
128,2,0.75112,-4.0078
128,2,0.75213,-4.0078
128,2,0.75313,-4.0078
128,2,0.75413,-4.0078
128,2,0.75514,-4.0078
128,2,0.75614,-4.0078
128,2,0.75713,-4.0078
128,2,0.75814,-4.0078
128,2,0.75914,-4.0078
128,2,0.76015,-4.0078
128,2,0.76115,-4.0078
128,2,0.76215,-4.0078
128,2,0.76315,-4.0078
128,2,0.76415,-4.0078
128,2,0.76515,-4.0078
128,2,0.76616,-4.0078
128,2,0.76716,-4.0078
128,2,0.76816,-4.0078
128,2,0.76916,-4.0078
128,2,0.77017,-4.0078
128,2,0.77117,-4.0078
128,2,0.77217,-4.0078
128,2,0.77317,-4.0078
128,2,0.77417,-4.0078
128,2,0.77517,-4.0078
128,2,0.77618,-4.0078
128,2,0.77717,-4.0078
128,2,0.77818,-3.9886
128,2,0.77918,-4.0078
128,2,0.78018,-4.0078
128,2,0.78118,-4.0078
128,2,0.78219,-4.0078
128,2,0.78319,-4.0078
128,2,0.78419,-4.0078
128,2,0.78519,-4.0078
128,2,0.78619,-4.0078
128,2,0.78719,-4.0078
128,2,0.7882,-4.0078
128,2,0.7892,-4.0078
128,2,0.7902,-4.0078
128,2,0.7912,-4.0078
128,2,0.79221,-4.0078
128,2,0.7932,-4.0078
128,2,0.79421,-4.0078
128,2,0.79521,-4.0078
128,2,0.79621,-4.0078
128,2,0.79721,-4.0078
128,2,0.79822,-4.0078
128,2,0.79921,-3.9886
128,2,0.80022,-4.0078
128,2,0.80122,-4.0078
128,2,0.80222,-4.0078
128,2,0.80322,-4.0078
128,2,0.80423,-4.0078
128,2,0.80523,-4.0078
128,2,0.80623,-4.0078
128,2,0.80723,-4.0078
128,2,0.80824,-4.0078
128,2,0.80923,-4.0078
128,2,0.81024,-4.0078
128,2,0.81124,-4.0078
128,2,0.81225,-4.0078
128,2,0.81324,-4.0078
128,2,0.81425,-4.0078
128,2,0.81524,-4.0078
128,2,0.81625,-4.0078
128,2,0.81725,-4.0078
128,2,0.81826,-4.0078
128,2,0.81925,-4.0078
128,2,0.82026,-4.0078
128,2,0.82126,-4.0078
128,2,0.82226,-4.0078
128,2,0.82326,-4.0078
128,2,0.82427,-4.027
128,2,0.82526,-4.027
128,2,0.82627,-4.0078
128,2,0.82727,-4.0078
128,2,0.82827,-4.0078
128,2,0.82927,-4.0078
128,2,0.83028,-4.0078
128,2,0.83127,-4.0078
128,2,0.83229,-4.0078
128,2,0.83328,-4.0078
128,2,0.83429,-4.0078
128,2,0.83528,-4.0078
128,2,0.83629,-4.027
128,2,0.83729,-4.0078
128,2,0.83829,-4.0078
128,2,0.83929,-4.0078
128,2,0.8403,-4.0078
128,2,0.8413,-4.0078
128,2,0.8423,-4.0078
128,2,0.8433,-4.0078
128,2,0.8443,-4.0078
128,2,0.8453,-4.0078
128,2,0.84629,-4.0078
128,2,0.8473,-4.0078
128,2,0.84829,-4.0078
128,2,0.84931,-4.0078
128,2,0.85029,-4.0078
128,2,0.85131,-4.0078
128,2,0.8523,-4.0078
128,2,0.85332,-4.0078
128,2,0.8543,-4.0078
128,2,0.85532,-4.0078
128,2,0.85631,-4.0078
128,2,0.85732,-4.0078
128,2,0.85831,-4.0078
128,2,0.85933,-4.0078
128,2,0.86031,-4.0078
128,2,0.86133,-4.0078
128,2,0.86232,-4.0078
128,2,0.86333,-4.0078
128,2,0.86432,-4.0078
128,2,0.86534,-4.0078
128,2,0.86632,-4.0078
128,2,0.86735,-4.027
128,2,0.86833,-4.0078
128,2,0.86935,-4.0078
128,2,0.87033,-4.0078
128,2,0.87135,-4.0078
128,2,0.87233,-4.0078
128,2,0.87335,-4.0078
128,2,0.87434,-4.0078
128,2,0.87536,-4.0078
128,2,0.87634,-4.0078
128,2,0.87736,-4.0078
128,2,0.87835,-4.0078
128,2,0.87936,-4.0078
128,2,0.88035,-4.0078
128,2,0.88137,-4.0078
128,2,0.88236,-4.0078
128,2,0.88337,-4.0078
128,2,0.88436,-4.0078
128,2,0.88538,-4.0078
128,2,0.88636,-4.0078
128,2,0.88738,-4.0078
128,2,0.88837,-4.0078
128,2,0.88938,-4.0078
128,2,0.89037,-4.0078
128,2,0.89139,-4.0078
128,2,0.89238,-4.0078
128,2,0.89339,-4.0078
128,2,0.89438,-4.0078
128,2,0.8954,-4.0078
128,2,0.89638,-4.0078
128,2,0.8974,-4.027
128,2,0.89838,-4.0078
128,2,0.89938,-4.0078
128,2,0.90039,-4.0078
128,2,0.90139,-4.0078
128,2,0.90239,-4.0078
128,2,0.90339,-4.0078
128,2,0.9044,-4.0078
128,2,0.90539,-4.0078
128,2,0.9064,-4.0078
128,2,0.9074,-4.0078
128,2,0.9084,-4.0078
128,2,0.9094,-4.0078
128,2,0.91041,-4.0078
128,2,0.91141,-4.0078
128,2,0.91241,-4.0078
128,2,0.91341,-4.0078
128,2,0.91441,-4.0078
128,2,0.91541,-4.0078
128,2,0.91642,-4.0078
128,2,0.91742,-4.0078
128,2,0.91842,-4.0078
128,2,0.91942,-4.0078
128,2,0.92042,-4.0078
128,2,0.92143,-4.0078
128,2,0.92243,-4.0078
128,2,0.92343,-4.0078
128,2,0.92443,-4.0078
128,2,0.92543,-4.0078
128,2,0.92644,-3.9886
128,2,0.92743,-4.0078
128,2,0.92845,-4.0078
128,2,0.92944,-4.0078
128,2,0.93044,-4.0078
128,2,0.93144,-4.0078
128,2,0.93246,-4.0078
128,2,0.93345,-4.0078
128,2,0.93446,-4.0078
128,2,0.93545,-4.0078
128,2,0.93645,-4.0078
128,2,0.93745,-4.0078
128,2,0.93846,-4.0078
128,2,0.93946,-4.0078
128,2,0.94046,-4.0078
128,2,0.94146,-4.0078
128,2,0.94247,-4.0078
128,2,0.94346,-4.0078
128,2,0.94447,-4.0078
128,2,0.94547,-4.0078
128,2,0.94647,-4.0078
128,2,0.94747,-4.0078
128,2,0.94848,-4.0078
128,2,0.94947,-4.0078
128,2,0.95048,-4.0078
128,2,0.95148,-4.0078
128,2,0.95249,-4.0078
128,2,0.95348,-4.0078
128,2,0.95449,-4.0078
128,2,0.95549,-4.0078
128,2,0.95649,-4.0078
128,2,0.95749,-4.0078
128,2,0.95849,-4.0078
128,2,0.95949,-4.0078
128,2,0.9605,-4.0078
128,2,0.9615,-4.0078
128,2,0.9625,-4.0078
128,2,0.9635,-4.0078
128,2,0.96451,-4.0078
128,2,0.9655,-4.0078
128,2,0.96651,-4.0078
128,2,0.96751,-4.0078
128,2,0.96851,-4.0078
128,2,0.96951,-4.0078
128,2,0.97052,-4.0078
128,2,0.97152,-4.0078
128,2,0.97252,-4.0078
128,2,0.97352,-4.0078
128,2,0.97452,-4.0078
128,2,0.97552,-4.0078
128,2,0.97653,-4.0078
128,2,0.97753,-4.0078
128,2,0.97853,-4.0078
128,2,0.97954,-4.0078
128,2,0.98054,-4.0078
128,2,0.98154,-4.0078
128,2,0.98254,-4.0078
128,2,0.98354,-4.0078
128,2,0.98454,-4.0078
128,2,0.98554,-4.0078
128,2,0.98655,-4.0078
128,2,0.98754,-4.0078
128,2,0.98855,-4.0078
128,2,0.98955,-4.0078
128,2,0.99056,-4.0078
128,2,0.99156,-4.0078
128,2,0.99256,-4.0078
128,2,0.99356,-4.0078
128,2,0.99458,-4.0078
128,2,0.99556,-4.0078
128,2,0.99657,-4.0078
128,2,0.99756,-4.0078
128,2,0.99857,-4.0078
128,2,0.99957,-4.0078
128,2,1.00057,-4.0078
